name,sku,base_price,sale_price,description,specifications,images,colors
Tai nghe Bluetooth True Wireless Baseus Bowie E17,tai-nghe-bluetooth-baseus-bowie-e17,490.000đ,290.000đ,"Đặc điểm nổi bật
Tai nghe bluetooth Baseus Bowie E17 được trang bị driver 12mm để mang tới chất lượng âm thanh trong, rõ ràng cho người dùng. Đi kèm chất lượng âm thanh vượt trội là thiết kế thân thiện người dùng với phần hộp đựng nhỏ gọn cùng tai nghe earbuds mang tới cảm giác đeo thoải mái. Với tổng thời gian hoạt động lên tới 25 tiếng, người dùng sẽ luôn có thể sử dụng mẫu tai nghe của Bowie bất cứ khi nào cần tới.
Nội dung chính
1. Tai nghe Baseus Bowie E17 - Thiết kế thân thiện, âm thanh trong, rõ
1.1. Âm thanh trong và rõ ràng với driver kích thước lớn hơn
1.2. Thiết kế hộp đựng nhỏ gọn cùng phần tai nghe earbuds
1.3. Hoạt động bền bỉ lên tới 25 giờ
1.4. Kết nối nhanh chóng, ổn định với công nghệ Bluetooth 5.3
2. Mua tai nghe bluetooth Baseus Bowie E17 giá tốt tại CellphoneS
Tai nghe Baseus Bowie E17 - Thiết kế thân thiện, âm thanh trong, rõ
Tai nghe Bluetooth Baseus Bowie E17 là mẫu tai nghe bỏ túi sở hữu chất âm trong trẻo, rõ ràng với bộ driver 12mm lớn hơn phần lớn các sản phẩm hiện có. Không chỉ sở hữu chất lượng âm thanh tốt hơn, Baseus Bowie E17 còn được thiết kế để mang tới sự thoải mái khi đeo, tiện lợi mang theo bên mình và thời lượng hoạt động ấn tượng.
Âm thanh trong và rõ ràng với driver kích thước lớn hơn
Tai nghe Bluetooth Baseus Bowie E17 dù thuộc phân khúc sản phẩm phổ thông nhưng vẫn được ưu ái trang bị driver có kích thước 12mm. Với driver lớn hơn, dải âm bass trên Baseus Bowie E17 sẽ được cải thiện rõ rệt để phù hợp với những dòng nhạc phổ biến như Pop, Acoustic, EDM, Ballad, Rock,... Đồng thời, âm lượng tai nghe cũng sẽ lớn hơn để thể hiện các bản nhạc, lời bài hát một cách rõ ràng.
Với driver 12mm này, tai nghe Baseus Bowie E17 sẽ còn có khả năng tạo ra trải nghiệm âm thanh rõ ràng hơn. Nhờ vậy mà trải nghiệm giải trí, nghe gọi trên mẫu tai nghe mới của Baseus sẽ được nâng cao. Đồng thời, tai nghe Bowie E17 còn được thừa hưởng độ trễ cực thấp để phù hợp sử dụng trong các hoạt động chơi game online, xem phim, gọi video,...
Thiết kế hộp đựng nhỏ gọn cùng phần tai nghe earbuds
Tai nghe Baseus Bowie E17 được tối ưu về mặt thiết kế để mang tới sự thân thiện trong quá trình sử dụng. Phần hộp đựng và tai nghe được hoàn thiện bằng chất liệu nhựa ABS cứng cáp. Với thiết kế dạng hộp vuông dẹt bo cong hai mặt, hộp đựng của Bowie E17 không chỉ phù hợp để cất trong túi xách, balo,...mà còn có thể cất vừa vặn trong túi quần, túi áo mà không gây cảm giác khó chịu.
Tai nghe được thiết kế dạng earbud với phần housing nhỏ nhắn để mang tới cảm giác đeo trên tai thoải mái. Phần chuôi tai nghe được làm dài, tích hợp cảm ứng để người dùng điều khiển một cách dễ dàng, chính xác. Với trọng lượng mỗi bên tai chỉ 3,2 gram, người dùng sẽ có thể sử dụng sản phẩm trong thời gian dài mà không xảy ra tình trạng đau, nhức khuôn tai.
Hoạt động bền bỉ lên tới 25 giờ
Tuy sở hữu kích thước cùng trọng lượng khiêm tốn nhưng mỗi bên tai nghe Bluetooth Baseus Bowie E17 vẫn có thể hoạt động từ 4 - 6 tiếng. Khi kết hợp với hộp đựng, người dùng có thể sử dụng tai nghe Bowie E17 với tổng thời gian khoảng 25 giờ. Điều này sẽ giúp người dùng không cần phải sạc pin cho thiết bị liên tục cũng như có thể sử dụng bất cứ khi nào cần thiết.
Kết nối nhanh chóng, ổn định với công nghệ Bluetooth 5.3
Tai nghe Bluetooth Baseus Bowie E17 được trang bị công nghệ kết nối Bluetooth 5.3 để có được tốc độ kết nối nhanh chóng cùng sự ổn định trong quá trình sử dụng. Công nghệ kết nối này còn đồng thời giúp tai nghe có thể tối ưu năng lượng tiêu thụ để có được thời gian sử dụng dài hơn.
Mua tai nghe bluetooth Baseus Bowie E17 giá tốt tại CellphoneS
Tai nghe Bluetooth Baseus Bowie E17 sẽ sớm được mở bán tại mọi cửa hàng CellphoneS trên cả nước để bạn có thể tới lựa chọn và đặt mua. Sản phẩm sẽ còn được hưởng rất nhiều các chương trình giảm giá, ưu đãi thanh toán, chiết khấu hội viên,...để bạn có cơ hội sở hữu mẫu tai nghe Baseus này với mức giá cực tốt.","{""Công nghệ âm thanh"": [{""name"": ""Công nghệ âm thanh"", ""value"": ""True Wireless Stereo (TWS)""}, {""name"": ""Micro"", ""value"": ""Có""}, {""name"": ""Loa"", ""value"": ""Drivers 12mm\nDải tần đáp ứng: 20 Hz-20 kHz""}, {""name"": ""Tính năng"", ""value"": ""Chống ồn, Có mic đàm thoại""}], ""Khả năng kết nối"": [{""name"": ""Bluetooth"", ""value"": ""5.3""}], ""Thời lượng pin - sạc"": [{""name"": ""Dung lượng pin"", ""value"": ""Tai nghe: 35mAh\nHộp sạc: 430mAh""}, {""name"": ""Thời lượng sử dụng Pin"", ""value"": ""Tai nghe: 6 giờ\nHộp sạc: 25 giờ""}, {""name"": ""Thời gian sạc"", ""value"": ""1,5 giờ""}], ""Điều khiển"": [{""name"": ""Phương thức điều khiển"", ""value"": ""Cảm ứng chạm""}, {""name"": ""Thao tác điều khiển"", ""value"": ""Chạm 2 lần: Tạm dừng / Phát nhạc\nChạm giữ Trái / Phải 1.5 giây: Lùi lại / phát tiếp bài nhạc\nChạm 3 lần: Kích hoạt trợ lý ảo\nChạm 2 lần: Nhận cuộc gọi / Tắt cuộc gọi\nChạm giữ 1.5 giây: Từ chối cuộc gọi""}], ""Thông tin hãng"": [{""name"": ""Hãng sản xuất"", ""value"": ""Baseus""}], ""Màn hình"": [{""name"": ""Loại màn hình"", ""value"": ""Màn hình""}]}","[""https://cdn2.cellphones.com.vn/x/media/catalog/product/t/a/tai-nghe-bluetooth-baseus-bowie-e17_2_.png"", ""https://cdn2.cellphones.com.vn/x/media/catalog/product/t/a/tai-nghe-bluetooth-baseus-bowie-e17_3_.png"", ""https://cdn2.cellphones.com.vn/x/media/catalog/product/t/a/tai-nghe-bluetooth-baseus-bowie-e17_7_.png"", ""https://cdn2.cellphones.com.vn/x/media/catalog/product/t/a/tai-nghe-bluetooth-baseus-bowie-e17_5_.png"", ""https://cdn2.cellphones.com.vn/x/media/catalog/product/t/a/tai-nghe-bluetooth-baseus-bowie-e17_9_.png"", ""https://cdn2.cellphones.com.vn/x/media/catalog/product/t/a/tai-nghe-bluetooth-baseus-bowie-e17_4_.png"", ""https://cdn2.cellphones.com.vn/x/media/catalog/product/t/a/tai-nghe-bluetooth-baseus-bowie-e17_6_.png"", ""https://cdn2.cellphones.com.vn/x/media/catalog/product/t/a/tai-nghe-bluetooth-baseus-bowie-e17_8_.png"", ""https://cdn2.cellphones.com.vn/x/media/catalog/product/t/a/tai-nghe-bluetooth-baseus-bowie-e17_10_.png"", ""https://cdn2.cellphones.com.vn/x/media/catalog/product/t/a/tai-nghe-bluetooth-baseus-bowie-e17_1_.png"", ""https://cdn2.cellphones.com.vn/x/media/catalog/product/t/a/tai-nghe-bluetooth-baseus-bowie-e17_11_.png"", ""https://cdn2.cellphones.com.vn/x/media/catalog/product/t/a/tai-nghe-bluetooth-baseus-bowie-e17_13_.png"", ""https://cdn2.cellphones.com.vn/x/media/catalog/product/t/a/tai-nghe-bluetooth-baseus-bowie-e17_14_.png"", ""https://cdn2.cellphones.com.vn/x/media/catalog/product/t/a/tai-nghe-bluetooth-baseus-bowie-e17_15_.png"", ""https://cdn2.cellphones.com.vn/x/media/catalog/product/t/a/tai-nghe-bluetooth-baseus-bowie-e17_12_.png""]","{""product_color_1"": {""color"": ""Trắng"", ""image_url"": ""https://cdn2.cellphones.com.vn/insecure/rs:fill:50:50/q:90/plain/https://cellphones.com.vn/media/catalog/product/t/a/tai-nghe-bluetooth-baseus-bowie-e17_4__1.png"", ""image_url_display"": ""https://cellphones.com.vn/media/catalog/product/t/a/tai-nghe-bluetooth-baseus-bowie-e17_4__1.png"", ""product_url"": ""https://cellphones.com.vn/tai-nghe-bluetooth-baseus-bowie-e17.html?product_id=98952"", ""price"": ""290.000₫""}, ""product_color_2"": {""color"": ""Đen"", ""image_url"": ""https://cdn2.cellphones.com.vn/insecure/rs:fill:50:50/q:90/plain/https://cellphones.com.vn/media/catalog/product/t/a/tai-nghe-bluetooth-baseus-bowie-e17_3__1.png"", ""image_url_display"": ""https://cellphones.com.vn/media/catalog/product/t/a/tai-nghe-bluetooth-baseus-bowie-e17_3__1.png"", ""product_url"": ""https://cellphones.com.vn/tai-nghe-bluetooth-baseus-bowie-e17.html?product_id=98951"", ""price"": ""290.000₫""}}"
Tai nghe có dây Baseus Encok C18,tai-nghe-co-day-baseus-encok-c18,250.000đ,149.000đ,"Đặc điểm nổi bật
Tai nghe có dây Baseus Encok C18 có chiều dài dây 1.2m, trọng lượng 12.1g vô cùng gọn nhẹ cùng chuẩn giao tiếp Type-C kết nối đa thiết bị thuận tiện. Tai nghe có driver PET 10mm kích thước lớn tái hiện âm thanh ấn tượng với âm bass, mid, treble kết hợp hài hòa. Cảm giác đeo vô cùng êm ái nhờ kiểu dáng Ergonomic cùng đệm tai silicone vừa vặn không làm đau tai. Dây tai nghe với chất liệu TPE vừa bền bỉ, vừa linh hoạt, chống rối tốt cùng khả năng chịu lực tốt.
Nội dung chính
1. Tai nghe có dây Baseus Encok C18 – Tận hưởng âm thanh sắc nét cho đa thể loại
1.1. Driver PET 10mm lớn cho âm thanh được tái hiện ấn tượng
1.2. Êm ái cả ngày với kiểu dáng Ergonomic cùng chất liệu dây TPE bền, chống rối
1.3. Đàm thoại tiện lợi nhờ micro tích hợp làm việc giải trí thuận tiện
1.4. Chuẩn kết nối Type-C đa dụng nhiều thiết bị cùng nút điều khiển đa năng
2. Mua tai nghe có dây Baseus Encok C18 giá rẻ tại CellphoneS
Tai nghe có dây Baseus Encok C18 – Tận hưởng âm thanh sắc nét cho đa thể loại
Tai nghe có dây Baseus Encok C18 là mẫu tai nghe có dây được trang bị driver với kích thước lớn giúp tái hiện âm thanh mạnh mẽ, chơi tốt mọi thể loại. Bên cạnh đó, thế hệ tai nghe Baseus này còn có độ bền bỉ với dây tai nghe có thể chịu lực tốt, chống rối để bạn luôn thoải mái trong mọi hoạt động.
Driver PET 10mm lớn cho âm thanh được tái hiện ấn tượng
Tai nghe có dây Baseus Encok C18 với driver PET kích thước 10mm giúp tai nghe có thể tái tạo âm thanh mạnh mẽ cùng độ chi tiết ấn tượng. Âm bass trầm ấm, có độ sâu và chắc, âm treble sắc nét thể hiện tốt chi tiết âm thanh kết hợp âm mid hài hòa đem đến âm nhạc tuyệt hảo.
Bạn sẽ được chìm đắm trong âm thanh đa sắc màu, phong phú với độ chi tiết cao dù ở thể loại nào. Mang theo âm nhạc sống động theo cùng bạn ở bất cứ đâu với tai nghe Baseus Encok C18.
Êm ái cả ngày với kiểu dáng Ergonomic cùng chất liệu dây TPE bền, chống rối
Tai nghe có dây Baseus Encok C18 có kiểu dáng Ergonomic với thiết kế in-ear đi kèm nút tai cao su êm ái giúp đôi tai của bạn luôn thoải mái khi đeo tai nghe cả ngày. Bên cạnh đó, tai nghe còn vừa vặn với tai để có thể giúp cách âm tốt để bạn tập trung lắng nghe.
Chất liệu dây TPE cũng có độ bền chắc khi có thể chịu được hơn 5000 lượt rung lắc, chịu tải trọng đến 200g mà không bị đứt gãy, cong vênh. Ngoài ra dây còn có khả năng chống rối tốt để không làm vướng víu khi sử dụng.
Đàm thoại tiện lợi nhờ micro tích hợp làm việc giải trí thuận tiện
Tai nghe có dây Baseus Encok C18 tích hợp sẵn micro để người dùng có thể đàm thoại mà không cần tháo tai nghe. Chất lượng micro cao cấp vì vậy có thể khử tạp âm hiệu quả từ đó cho giọng nói của bạn luôn rõ ràng, sắc nét.
Ngoài lắng nghe, bạn còn có thể sử dụng tai nghe để ghi âm cho công việc cũng vô cùng hiệu quả. Việc trang bị micro sẽ giúp người dùng luôn linh hoạt trong trải nghiệm cũng như không làm gián đoạn bất cứ cuộc gọi nào khi bạn đang đeo tai nghe.
Chuẩn kết nối Type-C đa dụng nhiều thiết bị cùng nút điều khiển đa năng
Bạn có thể sử dụng tai nghe có dây Baseus Encok C18 cho nhiều loại thiết bị nhờ giao tiếp Type-C linh động. Laptop, tablet hay điện thoại, máy chơi game, nghe nhạc,…có hỗ trợ cổng Type-C đều có thể sử dụng tai nghe Encok C18.
Tai nghe còn được trang bị nút điều khiển nhỏ gồm nút tăng âm lượng, giảm âm lượng cùng một nút chức năng. Bạn sẽ có thể tăng/giảm âm lượng, chơi/dừng bài hát, chuyển bài hát, thực hiện cuộc gọi, ngắt cuộc gọi, sử dụng trợ lý ảo mà không cần thao tác trực tiếp trên điện thoại.
Mua tai nghe có dây Baseus Encok C18 giá rẻ tại CellphoneS
Tai nghe có dây Baseus Encok C18 sẽ là một chiếc tai nghe tiện dụng cho công việc cũng như giải trí hàng ngày. Bạn có thể sở hữu chiếc tai nghe Baseus chính hãng tại CellphoneS với nhiều ưu đãi siêu hời ngay hôm nay.
Khi đến CellphoneS, bạn sẽ có cơ hội mua tai nghe với các chiết khấu, voucher,…hấp dẫn để sở hữu sản phẩm với giá sập sàn. Bên cạnh đó, khi đặt mua tai nghe có dây Baseus Encok C18 tại cellphones.com.vn, CellphoneS sẽ hỗ trợ giao hàng miễn phí, nhiều voucher cho phương thức thanh toán cùng chiết khấu Smember siêu ưu đãi.","{""Kích thước & Trọng lượng"": [{""name"": ""Kích thước"", ""value"": ""Chiều dài dây: 1.1m""}, {""name"": ""Trọng lượng"", ""value"": ""12.1g""}], ""Công nghệ âm thanh"": [{""name"": ""Micro"", ""value"": ""Có""}, {""name"": ""Loa"", ""value"": ""Màng loa: 10mm""}, {""name"": ""Tính năng"", ""value"": ""Có mic đàm thoại""}], ""Khả năng kết nối"": [{""name"": ""Số thiết bị kết nối cùng lúc"", ""value"": ""1""}, {""name"": ""Kết nối"", ""value"": ""Có dây""}, {""name"": ""Bluetooth"", ""value"": ""\bKhông""}, {""name"": ""Cổng kết nối"", ""value"": ""3.5mm""}], ""Thời lượng pin - sạc"": [{""name"": ""Cổng sạc"", ""value"": ""Type C""}], ""Điều khiển"": [{""name"": ""Phương thức điều khiển"", ""value"": ""Nút bấm vật lý""}, {""name"": ""Thao tác điều khiển"", ""value"": ""Dừng/Phát nhạc\nTăng/Giảm âm lượng\nNhận/Từ chối cuộc gọi\nKích hoạt trợ lý ảo""}], ""Thông tin hãng"": [{""name"": ""Hãng sản xuất"", ""value"": ""Baseus""}]}","[""https://cdn2.cellphones.com.vn/x/media/catalog/product/t/a/tai-nghe-co-day-baseus-encok-c18-3.jpg"", ""https://cdn2.cellphones.com.vn/x/media/catalog/product/t/a/tai-nghe-co-day-baseus-encok-c18-1.jpg"", ""https://cdn2.cellphones.com.vn/x/media/catalog/product/t/a/tai-nghe-co-day-baseus-encok-c18-2.jpg"", ""https://cdn2.cellphones.com.vn/x/media/catalog/product/t/a/tai-nghe-co-day-baseus-encok-c18-4.jpg"", ""https://cdn2.cellphones.com.vn/x/media/catalog/product/t/a/tai-nghe-co-day-baseus-encok-c18-6.jpg"", ""https://cdn2.cellphones.com.vn/x/media/catalog/product/t/a/tai-nghe-co-day-baseus-encok-c18-5.jpg"", ""https://cdn2.cellphones.com.vn/x/media/catalog/product/t/a/tai-nghe-co-day-baseus-encok-c18-8.jpg"", ""https://cdn2.cellphones.com.vn/x/media/catalog/product/t/a/tai-nghe-co-day-baseus-encok-c18-7.jpg"", ""https://cdn2.cellphones.com.vn/x/media/catalog/product/t/a/tai-nghe-co-day-baseus-encok-c18-9.jpg""]","{""product_color_1"": {""color"": ""Trắng"", ""image_url"": ""https://cdn2.cellphones.com.vn/insecure/rs:fill:50:50/q:90/plain/https://cellphones.com.vn/media/catalog/product/t/a/tai-nghe-co-day-baseus-encok-c18-6_1.jpg"", ""image_url_display"": ""https://cellphones.com.vn/media/catalog/product/t/a/tai-nghe-co-day-baseus-encok-c18-6_1.jpg"", ""product_url"": ""https://cellphones.com.vn/tai-nghe-co-day-baseus-encok-c18.html?product_id=96783"", ""price"": ""149.000₫""}}"
Tai nghe Bluetooth chụp tai Baseus Bass 35 Max,tai-nghe-chup-tai-baseus-bass-35-max,900.000đ,490.000đ,"Đặc điểm nổi bật
Tai nghe Baseus Bass 35 Max sở hữu drive kích thước 40mm cùng công nghệ âm thanh Bass Boost, 3D Surround chất lượng. Tai nghe với thiết kế chụp tai thoải mái cùng sự kiện dụng với khả năng gấp gọn. Mẫu tai nghe Baseus này còn bền bỉ sử dụng với viên pin cho thời gian sử dụng lên đến 50 giờ ấn tượng.
Nội dung chính
1. Tai nghe chụp tai Baseus Bass 35 Max – Drive âm thanh 40mm cùng pin 50 giờ
1.1. Màng loa 40mm cùng công nghệ 3D Surround, Bass Boost
1.2. Thiết kế chụp tai tối ưu, khả năng gấp gọn tiện lợi
1.3. Pin khủng sử dụng lên đến 50 giờ, kết nối bluetooth chuẩn 5.3
2. Mua tai nghe Baseus Bass 35 Max giá rẻ, chất lượng tại CellphoneS
Tai nghe chụp tai Baseus Bass 35 Max – Drive âm thanh 40mm cùng pin 50 giờ
Baseus Bass 35 Max là mẫu tai nghe chụp tai được trang bị thiết kế tối ưu âm thanh cùng nhiều công nghệ hỗ trợ. Tai nghe đáp ứng được nhiều nhu cầu dùng cùng một thiết kế với khả năng gập gọn tối ưu.
Màng loa 40mm cùng công nghệ 3D Surround, Bass Boost
Tai nghe Bass 35 Max được trang bị một thiết kế với màng loa kích thước lên đến 40mm. Cùng với đó, tai nghe còn được trang bị nhiều công nghệ tối ưu cho các trải nghiệm âm thanh như 3D Surround hay Bass Boost. Trong đó, công nghệ Bass Boost hỗ trợ mang lại âm thanh đầy sống động cùng âm trầm sâu. Công nghệ 3D Surround giúp các trải nghiệm nghe nhạc trên Baseus Bass 35 Max trở nên ấn tượng hơn với âm thanh không gian đầy sống động.
Thiết kế chụp tai tối ưu, khả năng gấp gọn tiện lợi
Baseus Bass 35 Max được trang bị một thiết kế dạng chụp tai. Thiết kế này giúp tai nghe loại bỏ được sự ảnh hưởng bởi những âm thanh từ môi trường bên ngoài. Nhờ đó người dùng có thể tập trung một cách tối đa để trải nghiệm các giai điệu. Tuy vậy, tai nghe Baseus Bass 35 Max vẫn đảm bảo được sự thoải mái nhờ chất liệu cao cấp, kể cả khi sử dụng với kính.
Cùng với đó, thiết kế tai nghe còn khá tối ưu với khả năng gấp gọn. Thiết kế tiện dụng này giúp người dùng có thể dễ dàng mang theo thiết bị cũng như bảo quản khi không sử dụng. Cùng với đó là headband có thể tùy chỉnh giúp tai nghe Baseus Bass 35 Max sử dụng được với nhiều kích thước đầu khác nhau.
Pin khủng sử dụng lên đến 50 giờ, kết nối bluetooth chuẩn 5.3
Baseus Bass 35 Max là mẫu tai nghe không dây với viên pin dung lượng lớn. Cụ thể, pin trên Baseus Bass 35 Max mang lại thời gian sử dụng lên đến 50 tiếng. Với mức thời gian này, sản phẩm giúp người dùng có thể mang theo và sử dụng mà không lo lắng về pin.
Về khả năng kết nối, tai nghe không dây sử dụng kết nối bluetooth chuẩn 5.3. Với chuẩn kết nối không dây này, người dùng có thể có những trải nghiệm kết nối ổn định, độ trễ thấp chỉ 25ms giúp người dùng thoải mái sử dụng, kể cả khi chơi game.
Mua tai nghe Baseus Bass 35 Max giá rẻ, chất lượng tại CellphoneS
Baseus Bass 35 Max với công nghệ tối ưu cùng thiết kế tiện dụng. Nếu bạn đọc đang tìm kiếm sản phẩm tai nghe chụp tai cho âm thanh chất lượng cùng nhiều nhu cầu sử dụng. Vậy hãy đến với hệ thống CellphoneS để mua ngay tai nghe Baseus Bass 35 Max chính hãng với giá ưu đãi. Tại đây, khách hàng sẽ sở hữu headphone chất lượng cùng giá bán hấp dẫn.","{""Kích thước & Trọng lượng"": [{""name"": ""Kích thước"", ""value"": ""Dài 20 cm - Rộng 16.9 cm - Cao 8 cm""}, {""name"": ""Trọng lượng"", ""value"": ""238.8 g""}], ""Công nghệ âm thanh"": [{""name"": ""Công nghệ âm thanh"", ""value"": ""Surround Sound\nPassive Noise Cancellation\nCông nghệ ENC\nDynamic Bass Boost""}, {""name"": ""Micro"", ""value"": ""Có""}, {""name"": ""Tính năng"", ""value"": ""Chống ồn, Điều khiển giọng nói, Có mic đàm thoại""}], ""Khả năng kết nối"": [{""name"": ""Số thiết bị kết nối cùng lúc"", ""value"": ""1""}, {""name"": ""Kết nối"", ""value"": ""Có dây""}, {""name"": ""Bluetooth"", ""value"": ""5.3""}, {""name"": ""Cổng kết nối"", ""value"": ""3.5mm""}, {""name"": ""Phạm vi kết nối cho phép"", ""value"": ""10m""}], ""Thời lượng pin - sạc"": [{""name"": ""Thời lượng sử dụng Pin"", ""value"": ""50 giờ""}, {""name"": ""Cổng sạc"", ""value"": ""Type-C""}, {""name"": ""Thời gian sạc"", ""value"": ""2 giờ""}], ""Điều khiển"": [{""name"": ""Phương thức điều khiển"", ""value"": ""Phím nhấn""}], ""Thông tin hãng"": [{""name"": ""Hãng sản xuất"", ""value"": ""Baseus""}], ""Màn hình"": [{""name"": ""Loại màn hình"", ""value"": ""Màn hình""}]}","[""https://cdn2.cellphones.com.vn/x/media/catalog/product/t/a/tai-nghe-chup-tai-baseus-bass-35-max.png"", ""https://cdn2.cellphones.com.vn/x/media/catalog/product/t/a/tai-nghe-chup-tai-baseus-bass-35-max_4_.png"", ""https://cdn2.cellphones.com.vn/x/media/catalog/product/t/a/tai-nghe-chup-tai-baseus-bass-35-max_3_.png"", ""https://cdn2.cellphones.com.vn/x/media/catalog/product/t/a/tai-nghe-chup-tai-baseus-bass-35-max_5_.png""]","{""product_color_1"": {""color"": ""Trắng be"", ""image_url"": ""https://cdn2.cellphones.com.vn/insecure/rs:fill:50:50/q:90/plain/https://cellphones.com.vn/media/catalog/product/t/a/tai-nghe-chup-tai-baseus-bass-35-max_3__1.png"", ""image_url_display"": ""https://cellphones.com.vn/media/catalog/product/t/a/tai-nghe-chup-tai-baseus-bass-35-max_3__1.png"", ""product_url"": ""https://cellphones.com.vn/tai-nghe-chup-tai-baseus-bass-35-max.html?product_id=81752"", ""price"": ""490.000₫""}, ""product_color_2"": {""color"": ""Xám đen"", ""image_url"": ""https://cdn2.cellphones.com.vn/insecure/rs:fill:50:50/q:90/plain/https://cellphones.com.vn/media/catalog/product/t/a/tai-nghe-chup-tai-baseus-bass-35-max_4__1.png"", ""image_url_display"": ""https://cellphones.com.vn/media/catalog/product/t/a/tai-nghe-chup-tai-baseus-bass-35-max_4__1.png"", ""product_url"": ""https://cellphones.com.vn/tai-nghe-chup-tai-baseus-bass-35-max.html?product_id=81753"", ""price"": ""490.000₫""}}"
Tai Nghe Gaming Có Dây Baseus Goplay 1 Max,tai-nghe-co-day-baseus-goplay-1-max,790.000đ,650.000đ,"Đặc điểm nổi bật
Tai nghe có dây Baseus Goplay 1 Max nhận về nhiều phản hồi tích cực khi được trang bị driver 40mm mạnh mẽ, mang lại âm trầm sâu và âm thanh sống động. Với trọng lượng nhẹ chỉ 258g, sản phẩm tai nghe Baseus này có thể được sử dụng trong thời gian dài mà vẫn thấy thoải mái. Cùng với đó là thiết kế Future-Tech Color-Block hiện đại, kết hợp micro tháo rời cực kỳ linh hoạt.
Nội dung chính
1. Tai nghe có dây Baseus Goplay 1 Max - Chất âm sống động, kiểu dáng cá tính
1.1. Driver 40mm mạnh mẽ, công nghệ âm thanh chi tiết
1.2. Thiết kế Future-Tech Color-Block hiện đại cùng đệm tai êm ái
1.3. Khả năng thu âm rõ ràng, nhờ SNR cao
1.4. Tương thích với hầu hết các thiết bị thông qua jack 3.5mm
2. Mua tai nghe có dây Baseus Goplay 1 Max chính hãng, giá tốt tại CellphoneS
Tai nghe có dây Baseus Goplay 1 Max - Chất âm sống động, kiểu dáng cá tính
Baseus GoPlay 1 Max không chỉ là một chiếc tai nghe có dây thông thường, mà còn là lựa chọn đáng cân nhắc cho những ai yêu thích âm thanh sống động và thiết kế hiện đại. Cùng khám phá các điểm nhấn ấn tượng của mẫu tai nghe này qua các khía cạnh dưới đây nhé!
Driver 40mm mạnh mẽ, công nghệ âm thanh chi tiết
Tai nghe có dây Baseus Goplay 1 Max được trang bị driver 40mm, mang đến chất âm ấn tượng với âm trầm mạnh mẽ và âm cao trong trẻo. Driver kích thước lớn này cho phép thiết bị tái tạo âm tần một cách chi tiết và chính xác, đặc biệt là trong các tựa game cần xác định vị trí âm thanh. 
Dải tần số rộng từ 20Hz đến 20kHz của tai nghe cho phép giúp người dùng trải nghiệm đầy đủ các dải âm, từ tiếng bước chân nhẹ nhàng đến những hiệu ứng cháy nổ sống động. Bên cạnh đó, với độ nhạy 102dB, tai nghe cũng dễ dàng truyền tải những âm thanh dù là rất nhỏ, giúp người dùng không bỏ lỡ bất kỳ chi tiết nào khi chơi game hoặc nghe nhạc. 
Đặc biệt, khả năng tách bạch các dải âm rõ ràng cũng là yếu tố tạo nên ưu thế cho dòng sản phẩm này. Từ những âm trầm mạnh mẽ cho đến các âm cao trong trẻo, tất cả đều được tái tạo trung thực, giúp người dùng hòa mình vào không gian âm thanh sống động và chân thực.
Thiết kế Future-Tech Color-Block hiện đại cùng đệm tai êm ái
Tai nghe Baseus Goplay 1 Max không chỉ gây ấn tượng với khả năng tái tạo âm thanh, mà còn thu hút người dùng nhờ thiết kế Future-Tech Color-Block hiện đại và tinh tế. Sự kết hợp giữa hai gam màu đen - trắng không chỉ tạo nên phong cách tối giản mà còn toát lên vẻ đẹp thời thượng, phù hợp với cả gamer lẫn người yêu thích công nghệ độc đáo. 
Trọng lượng chỉ 258g giúp tai nghe trở thành lựa chọn lý tưởng cho những ai cần đeo trong thời gian dài mà không lo bị mỏi cổ hoặc đau tai. Đặc biệt, phần đệm của tai nghe có dây Baseus Goplay 1 Max còn hoàn thiện từ vải lưới thoáng khí, giúp hạn chế tích tụ mồ hôi và mang lại cảm giác dễ chịu ngay cả khi sử dụng liên tục. 
Khả năng thu âm rõ ràng, nhờ SNR cao
Baseus GoPlay 1 Max được trang bị micro tháo rời, cho phép người dùng dễ dàng lắp đặt hoặc tháo ra khi không cần thiết. Điểm đặc biệt là tỷ lệ tín hiệu trên nhiễu (SNR) cao, giúp âm thanh thu vào luôn rõ ràng, hạn chế tạp âm từ môi trường xung quanh. Nhờ đó mà micro này luôn đặc biệt hữu ích khi giao tiếp trong game hoặc tham gia các cuộc họp trực tuyến. 
Đồng thời, hệ thống điều khiển tích hợp trên dây giúp người dùng điều chỉnh âm lượng nhanh chóng mà không gián đoạn trải nghiệm. Đây được xem là một trong những điểm cộng lớn của mẫu tai nghe này khi so sánh với nhiều sản phẩm khác trong cùng phân khúc.
Tương thích với hầu hết các thiết bị thông qua jack 3.5mm
Với cổng kết nối jack 3.5mm TRRS, tai nghe Baseus GoPlay 1 Max có khả năng tương thích với nhiều thiết bị khác nhau như PC, laptop, điện thoại và máy chơi game. Với những người dùng sử dụng cùng lúc nhiều thiết bị thì mẫu tai nghe Baseus này chính là lựa chọn phù hợp không nên bỏ qua. 
Dây cáp dài 2m cũng là một ưu điểm nổi bật, giúp người dùng thoải mái di chuyển mà không bị giới hạn bởi khoảng cách. Ngoài ra, việc tích hợp điều khiển âm lượng ngay trên dây giúp tối ưu hóa trải nghiệm, đặc biệt trong các trận game cần thao tác nhanh chóng.
Mua tai nghe có dây Baseus Goplay 1 Max chính hãng, giá tốt tại CellphoneS
CellphoneS là hệ thống bán lẻ công nghệ uy tín, chuyên cung cấp sản phẩm chính hãng với giá cạnh tranh. Khi mua tai nghe có dây Baseus GoPlay 1 Max tại đây, người dùng được đảm bảo về chất lượng, cùng chính sách bảo hành rõ ràng. 
Ngoài ra, CellphoneS còn có nhiều chương trình khuyến mãi hấp dẫn, đội ngũ nhân viên tư vấn chuyên nghiệp và dịch vụ giao hàng nhanh chóng trên toàn quốc. Hãy đến CellphoneS để sở hữu thiết bị âm thanh chất lượng này ngay hôm nay nhé!","{""Kích thước & Trọng lượng"": [{""name"": ""Trọng lượng"", ""value"": ""258g""}], ""Công nghệ âm thanh"": [{""name"": ""Micro"", ""value"": ""Có""}, {""name"": ""Loa"", ""value"": ""Drivers: 40 mm\nDải tần số đáp ứng: 20Hz - 20kHz""}, {""name"": ""Tính năng"", ""value"": ""Có mic đàm thoại""}], ""Khả năng kết nối"": [{""name"": ""Kết nối"", ""value"": ""Có dây""}, {""name"": ""Cổng kết nối"", ""value"": ""3.5mm""}], ""Tính năng - Tiện ích khác"": [{""name"": ""Tính năng khác"", ""value"": ""Micro có thể tháo rời""}], ""Thông tin hãng"": [{""name"": ""Hãng sản xuất"", ""value"": ""Baseus""}]}","[""https://cdn2.cellphones.com.vn/x/media/catalog/product/t/a/tai-nghe-co-day-baseus-goplay-1-max-ksp.png"", ""https://cdn2.cellphones.com.vn/x/media/catalog/product/1/_/1_718_6.png"", ""https://cdn2.cellphones.com.vn/x/media/catalog/product/2/_/2_690_3.png"", ""https://cdn2.cellphones.com.vn/x/media/catalog/product/3/_/3_629_4.png"", ""https://cdn2.cellphones.com.vn/x/media/catalog/product/4/_/4_557_3.png"", ""https://cdn2.cellphones.com.vn/x/media/catalog/product/6/_/6_399_4.png"", ""https://cdn2.cellphones.com.vn/x/media/catalog/product/g/o/goplay_1_max.png"", ""https://cdn2.cellphones.com.vn/x/media/catalog/product/1/_/1_7_1_.png"", ""https://cdn2.cellphones.com.vn/x/media/catalog/product/1/_/1_6_1_.png""]","{""product_color_1"": {""color"": ""Trắng đen"", ""image_url"": ""https://cdn2.cellphones.com.vn/insecure/rs:fill:50:50/q:90/plain/https://cellphones.com.vn/media/catalog/product/1/_/1_718_7.png"", ""image_url_display"": ""https://cellphones.com.vn/media/catalog/product/1/_/1_718_7.png"", ""product_url"": ""https://cellphones.com.vn/tai-nghe-co-day-baseus-goplay-1-max.html?product_id=100378"", ""price"": ""650.000₫""}}"
Tai nghe Bluetooth True Wireless Baseus Bass BS2 Lite,tai-nghe-bluetooth-true-wireless-baseus-bass-bs-2-lite,390.000đ,290.000đ,"Đặc điểm nổi bật
Tai nghe Bluetooth True Wireless Baseus Bass BS 2 Lite được trang bị công nghệ chống ồn ENC, mic đàm thoại hai chiều và driver có kích thước 10mm. Điểm nổi bật là khả năng kháng nước chuẩn IPX5, giúp tai nghe vận hành ổn định khi vô tình ướt mưa hay làm đổ nước. Mẫu tai nghe Baseus này còn được thiết kế gọn nhẹ và tinh tế, mang đến sự tiện lợi cho người sử dụng.
Nội dung chính
1. Tai nghe Bluetooth True Wireless Baseus Bass BS 2 Lite - Thiết kế nhỏ gọn
1.1. Sở hữu công nghệ chống ồn ENC
1.2. Thiết kế nhỏ gọn và màu sắc đa dạng
1.3. Trang bị mic đàm thoại và hỗ trợ kháng nước chuẩn IPX5
2. Mua tai nghe Bluetooth True Wireless Baseus Bass BS 2 Lite chất lượng tại CellphoneS
Tai nghe Bluetooth True Wireless Baseus Bass BS 2 Lite - Thiết kế nhỏ gọn
Tai nghe Bluetooth True Wireless Baseus Bass BS 2 Lite nhanh chóng thu hút sự chú ý nhờ loạt tính năng ấn tượng. Sản phẩm mang lại chất âm ổn định, dải bass mạnh mẽ và công nghệ chống ồn ENC vượt trội. 
Sở hữu công nghệ chống ồn ENC
Tai nghe Bluetooth True Wireless Baseus Bass BS 2 Lite được trang bị driver có kích thước 10mm. Nhờ điều này, tai nghe có khả năng mang đến dải bass mạnh mẽ, chất âm rõ ràng và âm thanh chân thực. 
Mẫu tai nghe True Wireless này của Baseus còn sở hữu công nghệ chống ồn ENC, giúp loại bỏ hiệu quả các tạp âm xung quanh. Nhờ vậy, người dùng có thể thoải mái trò chuyện thông qua tai nghe ngay cả khi ở những nơi đông đúc như công viên, văn phòng, trung tâm thương mại,...
Thiết kế nhỏ gọn và màu sắc đa dạng
Tai nghe Bluetooth True Wireless Baseus Bass BS 2 Lite được hoàn thiện từ chất liệu ABS + PC, mang lại độ bền cao và trọng lượng nhẹ. Thiết kế tinh tế với đường nét bo cong mềm mại, ôm tai vừa vặn, mang lại cảm giác êm ái và dễ chịu khi sử dụng. 
Sản phẩm có nhiều tùy chọn màu sắc trẻ trung như đen, trắng, xanh và hồng, phù hợp từ phong cách cá tính đến thanh lịch. Với thiết kế nhỏ gọn, Baseus Bass BS 2 Lite dễ dàng bỏ túi hoặc hộp sạc đi kèm, tiện lợi mang theo mọi lúc. Sản phẩm không chỉ là thiết bị nghe nhạc tiện ích mà còn là phụ kiện thời trang hiện đại, phù hợp với mọi cá tính người dùng.
Trang bị mic đàm thoại và hỗ trợ kháng nước chuẩn IPX5
Tai nghe Bluetooth True Wireless Baseus Bass BS 2 Lite sở hữu hệ thống micro kép 1 + 1 giúp thu âm hiệu quả, đảm bảo giọng nói được truyền tải rõ ràng và chính xác. Không cần chạm tay, người dùng vẫn có thể điều khiển tai nghe nhờ tính năng nhận diện giọng nói thông minh. Baseus Bass BS 2 Lite sẽ là lựa chọn tối ưu cho ai có nhu cầu nghe, gọi hay làm việc online.
Ngoài ra, tai nghe còn được trang bị chuẩn kháng nước IPX5, rất phù hợp khi luyện tập thể thao hoặc đi ngoài trời mưa nhỏ. Tuy nhiên, người dùng cần hạn chế sử dụng tai nghe trong môi trường ngập nước như khi bơi, tắm hoặc dưới vòi sen. Điều này sẽ giúp thiết bị hoạt động bền bỉ và ổn định hơn theo thời gian.
Mua tai nghe Bluetooth True Wireless Baseus Bass BS 2 Lite chất lượng tại CellphoneS
Mua tai nghe Bluetooth True Wireless Baseus Bass BS 2 Lite tại CellphoneS, khách hàng sẽ được đảm bảo về chất lượng sản phẩm chính hãng với mức giá cạnh tranh. Với hệ thống cửa hàng trải khắp các tỉnh thành, khách hàng dễ dàng sở hữu cho bản thân mẫu tai nghe này của Baseus. Bên cạnh đó, CellphoneS còn mang đến chính sách bảo hành minh bạch cùng dịch vụ hậu mãi tận tâm. Hãy đến cửa hàng ngay hôm nay để sở hữu một chiếc tai nghe hiện đại nhé.","{""Công nghệ âm thanh"": [{""name"": ""Công nghệ âm thanh"", ""value"": ""Chống ồn môi trường ENC""}, {""name"": ""Micro"", ""value"": ""Có (1 + 1 micro)""}, {""name"": ""Loa"", ""value"": ""Driver 10mm""}, {""name"": ""Tính năng"", ""value"": ""Điều khiển giọng nói, Có mic đàm thoại""}], ""Khả năng kết nối"": [{""name"": ""Kết nối"", ""value"": ""Không dây""}, {""name"": ""Bluetooth"", ""value"": ""6.0""}, {""name"": ""Ứng dụng kết nối"", ""value"": ""BASEUS""}, {""name"": ""Phạm vi kết nối cho phép"", ""value"": ""10m""}], ""Thời lượng pin - sạc"": [{""name"": ""Dung lượng pin"", ""value"": ""Tai nghe: 35 mAh\nHộp sạc: 600 mAh""}, {""name"": ""Thời lượng sử dụng Pin"", ""value"": ""Tai nghe: 6 giờ\nHộp sạc: 40 giờ""}, {""name"": ""Cổng sạc"", ""value"": ""Type-C""}, {""name"": ""Thời gian sạc"", ""value"": ""2 giờ""}], ""Điều khiển"": [{""name"": ""Phương thức điều khiển"", ""value"": ""Cảm ứng chạm\nĐiều khiển qua ứng dụng""}], ""Tính năng - Tiện ích khác"": [{""name"": ""Tính năng khác"", ""value"": ""Chống nước: IPX5""}], ""Thông tin hãng"": [{""name"": ""Hãng sản xuất"", ""value"": ""Baseus""}]}","[""https://cdn2.cellphones.com.vn/x/media/catalog/product/t/a/tai-nghe-bluetooth-true-wireless-baseus-bass-bs-2-lite-_2_.png"", ""https://cdn2.cellphones.com.vn/x/media/catalog/product/t/a/tai-nghe-bluetooth-true-wireless-baseus-bass-bs-2-lite-_15_.jpg"", ""https://cdn2.cellphones.com.vn/x/media/catalog/product/t/a/tai-nghe-bluetooth-true-wireless-baseus-bass-bs-2-lite-_14_.jpg"", ""https://cdn2.cellphones.com.vn/x/media/catalog/product/t/a/tai-nghe-bluetooth-true-wireless-baseus-bass-bs-2-lite-_16_.jpg"", ""https://cdn2.cellphones.com.vn/x/media/catalog/product/t/a/tai-nghe-bluetooth-true-wireless-baseus-bass-bs-2-lite-_17_.jpg"", ""https://cdn2.cellphones.com.vn/x/media/catalog/product/t/a/tai-nghe-bluetooth-true-wireless-baseus-bass-bs-2-lite-_18_.jpg"", ""https://cdn2.cellphones.com.vn/x/media/catalog/product/t/a/tai-nghe-bluetooth-true-wireless-baseus-bass-bs-2-lite-_19_.jpg"", ""https://cdn2.cellphones.com.vn/x/media/catalog/product/t/a/tai-nghe-bluetooth-true-wireless-baseus-bass-bs-2-lite-_1_.jpg"", ""https://cdn2.cellphones.com.vn/x/media/catalog/product/t/a/tai-nghe-bluetooth-true-wireless-baseus-bass-bs-2-lite-_3_.jpg"", ""https://cdn2.cellphones.com.vn/x/media/catalog/product/t/a/tai-nghe-bluetooth-true-wireless-baseus-bass-bs-2-lite-_2_.jpg"", ""https://cdn2.cellphones.com.vn/x/media/catalog/product/t/a/tai-nghe-bluetooth-true-wireless-baseus-bass-bs-2-lite-_4_.jpg"", ""https://cdn2.cellphones.com.vn/x/media/catalog/product/t/a/tai-nghe-bluetooth-true-wireless-baseus-bass-bs-2-lite-_5_.jpg"", ""https://cdn2.cellphones.com.vn/x/media/catalog/product/t/a/tai-nghe-bluetooth-true-wireless-baseus-bass-bs-2-lite-_6_.jpg"", ""https://cdn2.cellphones.com.vn/x/media/catalog/product/t/a/tai-nghe-bluetooth-true-wireless-baseus-bass-bs-2-lite-_8_.jpg"", ""https://cdn2.cellphones.com.vn/x/media/catalog/product/t/a/tai-nghe-bluetooth-true-wireless-baseus-bass-bs-2-lite-_9_.jpg"", ""https://cdn2.cellphones.com.vn/x/media/catalog/product/t/a/tai-nghe-bluetooth-true-wireless-baseus-bass-bs-2-lite-_10_.jpg"", ""https://cdn2.cellphones.com.vn/x/media/catalog/product/t/a/tai-nghe-bluetooth-true-wireless-baseus-bass-bs-2-lite-_11_.jpg"", ""https://cdn2.cellphones.com.vn/x/media/catalog/product/t/a/tai-nghe-bluetooth-true-wireless-baseus-bass-bs-2-lite-_12_.jpg"", ""https://cdn2.cellphones.com.vn/x/media/catalog/product/t/a/tai-nghe-bluetooth-true-wireless-baseus-bass-bs-2-lite-_13_.jpg"", ""https://cdn2.cellphones.com.vn/x/media/catalog/product/b/a/baseus_bass_bs2_lite.png"", ""https://cdn2.cellphones.com.vn/x/media/catalog/product/b/a/baseus_bass_bs2_lite_1_.png"", ""https://cdn2.cellphones.com.vn/x/media/catalog/product/b/a/baseus_bass_bs2_lite_2_.png"", ""https://cdn2.cellphones.com.vn/x/media/catalog/product/b/a/baseus_bass_bs2_lite_3_.png"", ""https://cdn2.cellphones.com.vn/x/media/catalog/product/b/a/baseus_bass_bs2_lite_4_.png"", ""https://cdn2.cellphones.com.vn/x/media/catalog/product/b/a/baseus_bass_bs2_lite_5_.png""]","{""product_color_1"": {""color"": ""Xanh dương"", ""image_url"": ""https://cdn2.cellphones.com.vn/insecure/rs:fill:50:50/q:90/plain/https://cellphones.com.vn/media/catalog/product/b/s/bs-2-lite-blue.png"", ""image_url_display"": ""https://cellphones.com.vn/media/catalog/product/b/s/bs-2-lite-blue.png"", ""product_url"": ""https://cellphones.com.vn/tai-nghe-bluetooth-true-wireless-baseus-bass-bs-2-lite.html?product_id=110096"", ""price"": ""290.000₫""}, ""product_color_2"": {""color"": ""Đen"", ""image_url"": ""https://cdn2.cellphones.com.vn/insecure/rs:fill:50:50/q:90/plain/https://cellphones.com.vn/media/catalog/product/b/s/bs-2-lite-black.png"", ""image_url_display"": ""https://cellphones.com.vn/media/catalog/product/b/s/bs-2-lite-black.png"", ""product_url"": ""https://cellphones.com.vn/tai-nghe-bluetooth-true-wireless-baseus-bass-bs-2-lite.html?product_id=110097"", ""price"": ""290.000₫""}, ""product_color_3"": {""color"": ""Trắng"", ""image_url"": ""https://cdn2.cellphones.com.vn/insecure/rs:fill:50:50/q:90/plain/https://cellphones.com.vn/media/catalog/product/b/s/bs-2-lite-white.png"", ""image_url_display"": ""https://cellphones.com.vn/media/catalog/product/b/s/bs-2-lite-white.png"", ""product_url"": ""https://cellphones.com.vn/tai-nghe-bluetooth-true-wireless-baseus-bass-bs-2-lite.html?product_id=110095"", ""price"": ""290.000₫""}, ""product_color_4"": {""color"": ""Hồng be"", ""image_url"": ""https://cdn2.cellphones.com.vn/insecure/rs:fill:50:50/q:90/plain/https://cellphones.com.vn/media/catalog/product/b/a/baseus_bass_bs2_lite_1__1.png"", ""image_url_display"": ""https://cellphones.com.vn/media/catalog/product/b/a/baseus_bass_bs2_lite_1__1.png"", ""product_url"": ""https://cellphones.com.vn/tai-nghe-bluetooth-true-wireless-baseus-bass-bs-2-lite.html?product_id=119213"", ""price"": ""290.000₫""}}"
Tai nghe Bluetooth True Wireless Baseus Inspire XP1,tai-nghe-bluetooth-true-wireless-baseus-inspire-xp1,2.790.000đ,2.290.000đ,"Đặc điểm nổi bật
Tai nghe Bluetooth True Wireless Baseus Inspire XP1 được trang bị công nghệ âm thanh Sound by BOSE, 6 mic hỗ trợ AI ENC cùng các thuật toán SuperBass 3.0 và SuperBalance 3.0. Tai nghe dùng chất liệu ABS+PC, hỗ trợ Bluetooth 6.0 với phạm vi 10m. Thời lượng pin của tai nghe đạt tới 8 giờ, kéo dài đến 40 giờ với hộp sạc 600mAh và hỗ trợ sạc đầy qua cổng USB-C trong 1 giờ.
Nội dung chính
1. Tai nghe Bluetooth True Wireless Baseus Inspire XP1 – Khử ồn thông minh, pin 40 giờ
1.1. Âm thanh chân thực với công nghệ Bose cao cấp
1.2. Thiết kế đơn giản, hoàn thiện cao cấp
1.3. Tính năng tân tiến giúp trải nghiệm âm thanh toàn diện
1.4. Pin dài lâu, sạc nhanh tiện lợi
1.5. Kháng nước cơ bản, an tâm sử dụng hằng ngày
2. Mua ngay tai nghe Bluetooth True Wireless Baseus Inspire XP1 giá tốt tại CellphoneS
Tai nghe Bluetooth True Wireless Baseus Inspire XP1 – Khử ồn thông minh, pin 40 giờ
Tai nghe True Wireless Baseus Inspire XP1 là lựa chọn lý tưởng cho người dùng yêu thích sự tiện lợi và chất âm sắc nét. Thiết kế hiện đại kết hợp công nghệ tiên tiến của mẫu tai nghe Baseus này hứa hẹn sẽ mang đến trải nghiệm nghe trọn vẹn trong mọi tình huống.
Âm thanh chân thực với công nghệ Bose cao cấp
Tai nghe Bluetooth True Wireless Baseus Inspire XP1 sử dụng công nghệ ân thanh Sound by BOSE từ Bose, mang lại chất âm chi tiết và sống động. Âm bass sâu, dải trung rõ và Treble sáng, tạo nên trải nghiệm nghe cân bằng ở nhiều thể loại nhạc.
Công nghệ khử ồn chủ động (ANC) tự điều chỉnh theo môi trường và cấu trúc ống tai, giúp giảm tiếng ồn hiệu quả trong không gian ồn ào. Bên cạnh đó, thiết bị còn sở hữu hệ thống 6 micro tích hợp AI ENC hỗ trợ lọc nhiễu gió và tạp âm, giữ chất lượng đàm thoại luôn rõ nét.
Thiết kế đơn giản, hoàn thiện cao cấp
Tai nghe Bluetooth True Wireless Baseus Inspire XP1 sở hữu kiểu dáng In-Ear nhỏ gọn, vừa vặn với tai người dùng giúp đeo chắc chắn trong nhiều giờ liền. Thiết kế công thái học kết hợp với trọng lượng nhẹ mang lại cảm giác thoải mái, không gây cấn hay mỏi tai khi sử dụng lâu dài.
Phần vỏ tai nghe và hộp sạc được hoàn thiện từ chất liệu nhựa PU + PEEK cao cấp, chống bám vân tay và hạn chế trầy xước. Sản phẩm có hai tùy chọn màu sắc trắng và đen, dễ dàng phối hợp với nhiều phong cách từ năng động đến tối giản.
Tính năng tân tiến giúp trải nghiệm âm thanh toàn diện
Tai nghe Bluetooth True Wireless Baseus Inspire XP1 tích hợp tính năng âm thanh không gian, giúp tái tạo âm thanh chân thực và sống động hơn. Nhờ vậy, người dùng có thể tận hưởng cảm giác âm thanh lan tỏa, phù hợp cho cả giải trí và làm việc.
Tai nghe còn được trang bị núm tai kháng khuẩn, thân thiện với da và đảm bảo vệ sinh khi dùng trong thời gian dài. Bên cạnh đó, hệ thống âm bass được tối ưu, cho dải trầm sâu và mạnh hơn, giúp nâng cao trải nghiệm nghe những bản nhạc sôi động hay tiết tấu mạnh.
Pin dài lâu, sạc nhanh tiện lợi
Tai nghe Bluetooth True Wireless Baseus Inspire XP1 cung cấp thời gian sử dụng lên đến 8 giờ chỉ với một lần sạc, đáp ứng tốt nhu cầu sử dụng liên tục trong ngày. Khi kết hợp với hộp sạc 600mAh, tổng thời gian sử dụng mà tai nghe đem tới có thể đạt khoảng 40 giờ.
Cổng sạc USB-C hiện đại giúp rút ngắn thời gian nạp pin, chỉ mất khoảng 1 giờ để sạc đầy tai nghe. Thiết bị này giúp người dùng luôn sẵn sàng kết nối, không lo gián đoạn giữa chừng.
Kháng nước cơ bản, an tâm sử dụng hằng ngày
Tai nghe Bluetooth True Wireless Baseus Inspire XP1 đạt chuẩn kháng nước IPX4, cho khả năng chống tia nước và mồ hôi nhẹ từ mọi hướng. Đây là ưu điểm phù hợp khi sử dụng trong các hoạt động thường ngày như tập luyện, đi bộ hoặc di chuyển ngoài trời.
Tuy nhiên, tai nghe không hỗ trợ chịu nước trong các môi trường không phù hợp. Đồng thời, nhà sản xuất Baseus cũng không khuyến khích người dùng sử dụng thiết bị trong môi trường có độ ẩm cao đặc biệt như tắm hơi, mưa lớn hoặc môi trường hóa chất.
Mua ngay tai nghe Bluetooth True Wireless Baseus Inspire XP1 giá tốt tại CellphoneS
Tai nghe Bluetooth True Wireless Baseus Inspire XP1 là lựa chọn lý tưởng cho người dùng cần một thiết bị âm thanh hiện đại, nhiều tính năng thông minh. Sản phẩm có mặt tại mạng lưới cửa hàng CellphoneS trên toàn quốc. Người dùng tham khảo và đặt trước để nhận ưu đãi hấp dẫn ngay khi mở bán. CellphoneS cung cấp hàng uy tín, minh bạch cùng chế độ bảo hành đáng tin cậy.","{""Công nghệ âm thanh"": [{""name"": ""Công nghệ âm thanh"", ""value"": ""Chống ồn chủ động ANC""}, {""name"": ""Micro"", ""value"": ""Có""}, {""name"": ""Loa"", ""value"": ""Màng loa: 10mm""}, {""name"": ""Tính năng"", ""value"": ""Chống ồn, Điều khiển giọng nói, Có mic đàm thoại""}], ""Khả năng kết nối"": [{""name"": ""Kết nối"", ""value"": ""Không dây""}, {""name"": ""Bluetooth"", ""value"": ""6.1""}, {""name"": ""Phạm vi kết nối cho phép"", ""value"": ""10m""}], ""Thời lượng pin - sạc"": [{""name"": ""Dung lượng pin"", ""value"": ""Tai nghe: 50 mAh\nHộp sạc: 600 mAh""}, {""name"": ""Thời lượng sử dụng Pin"", ""value"": ""Tai nghe: 8 giờ\nHộp sạc: 40 giờ""}, {""name"": ""Thời gian sạc"", ""value"": ""1 giờ""}], ""Tính năng - Tiện ích khác"": [{""name"": ""Tính năng khác"", ""value"": ""Chống ồn môi trường ENC""}], ""Thông tin hãng"": [{""name"": ""Hãng sản xuất"", ""value"": ""Baseus""}]}","[""https://cdn2.cellphones.com.vn/x/media/catalog/product/t/a/tai-nghe-bluetooth-true-wireless-baseus-inspire-xp1_3_.png"", ""https://cdn2.cellphones.com.vn/x/media/catalog/product/t/a/tai-nghe-bluetooth-true-wireless-baseus-inspire-xp1_8_.png"", ""https://cdn2.cellphones.com.vn/x/media/catalog/product/t/a/tai-nghe-bluetooth-true-wireless-baseus-inspire-xp1_9_.png"", ""https://cdn2.cellphones.com.vn/x/media/catalog/product/t/a/tai-nghe-bluetooth-true-wireless-baseus-inspire-xp1_1_.png"", ""https://cdn2.cellphones.com.vn/x/media/catalog/product/t/a/tai-nghe-bluetooth-true-wireless-baseus-inspire-xp1_2_.png"", ""https://cdn2.cellphones.com.vn/x/media/catalog/product/t/a/tai-nghe-bluetooth-true-wireless-baseus-inspire-xp1_6_.png"", ""https://cdn2.cellphones.com.vn/x/media/catalog/product/t/a/tai-nghe-bluetooth-true-wireless-baseus-inspire-xp1_5_.png"", ""https://cdn2.cellphones.com.vn/x/media/catalog/product/t/a/tai-nghe-bluetooth-true-wireless-baseus-inspire-xp1_4_.png""]","{""product_color_1"": {""color"": ""Trắng"", ""image_url"": ""https://cdn2.cellphones.com.vn/insecure/rs:fill:50:50/q:90/plain/https://cellphones.com.vn/media/catalog/product/t/a/tai-nghe-bluetooth-true-wireless-baseus-inspire-xp1_8__1.png"", ""image_url_display"": ""https://cellphones.com.vn/media/catalog/product/t/a/tai-nghe-bluetooth-true-wireless-baseus-inspire-xp1_8__1.png"", ""product_url"": ""https://cellphones.com.vn/tai-nghe-bluetooth-true-wireless-baseus-inspire-xp1.html?product_id=109170"", ""price"": ""2.290.000₫""}, ""product_color_2"": {""color"": ""Đen"", ""image_url"": ""https://cdn2.cellphones.com.vn/insecure/rs:fill:50:50/q:90/plain/https://cellphones.com.vn/media/catalog/product/t/a/tai-nghe-bluetooth-true-wireless-baseus-inspire-xp1_9__1.png"", ""image_url_display"": ""https://cellphones.com.vn/media/catalog/product/t/a/tai-nghe-bluetooth-true-wireless-baseus-inspire-xp1_9__1.png"", ""product_url"": ""https://cellphones.com.vn/tai-nghe-bluetooth-true-wireless-baseus-inspire-xp1.html?product_id=109169"", ""price"": ""2.290.000₫""}}"
Tai nghe Bluetooth chụp tai Baseus Bowie H1S,tai-nghe-chup-tai-baseus-bowie-h1s,1.150.000đ,590.000đ,"Đặc điểm nổi bật
Tai nghe chụp tai Baseus Bowie H1s nổi bật với công nghệ Bluetooth 5.4 tiên tiến, khả năng chống ồn chủ động (ANC) và có thể sử dụng lên đến 120 giờ. Sản phẩm được trang bị driver lớn cho âm bass sâu, âm treble trong trẻo, sống động. Mẫu tai nghe mới này có phần đệm tai êm ái, cách âm tốt và tận hưởng được trọn vẹn nhiều tính năng hơn thông qua ứng dụng Baseus.
Nội dung chính
1. Tai nghe chụp tai Baseus Bowie H1s - Âm thanh sống động, thời lượng pin khủng
1.1. Driver chất lượng cao, tái tạo âm trọn vẹn
1.2. Kiểu dáng chụp tai trẻ trung, nhiều tùy chọn màu sắc
1.3. Micro đàm thoại chất lượng cao
1.4. Sử dụng lâu dài lên đến 120 giờ
1.5. Hỗ trợ kết nối Bluetooth 5.4, tích hợp ứng dụng Baseus
2. Mua tai nghe chụp tai Baseus Bowie H1s giá tốt ở CellphoneS
Tai nghe chụp tai Baseus Bowie H1s - Âm thanh sống động, thời lượng pin khủng
Tai nghe chụp tai Baseus Bowie H1s sẽ là một trong những gợi ý lý tưởng dành đến ai đang có nhu cầu tìm kiếm một chiếc tai nghe không dây vừa thời trang, vừa có chất lượng âm thanh đỉnh cao. Với công nghệ chống ồn chủ động tiên tiến, thời lượng pin ấn tượng và thiết kế chụp tai đeo thoải mái, Baseus Bowie H1s hứa hẹn sẽ mang đến cho mọi người những trải nghiệm âm nhạc tuyệt vời. Cùng CellphoneS tìm hiểu ngay ở bài viết giới thiệu sau nhé!
Driver chất lượng cao, tái tạo âm trọn vẹn
Tai nghe chụp tai Baseus Bowie H1s được trang bị công nghệ âm thanh hiện đại, mang đến trải nghiệm nghe nhạc sống động và chân thực. Driver chất lượng cao với kích thước lớn giúp tai nghe tái tạo âm bass sâu lắng, âm treble trong trẻo và âm mid ấm áp. Đi cùng đó tính năng chống ồn chủ động (ANC) tiên tiến. Nhờ vậy, người dùng không chỉ thưởng thức mọi thể loại nhạc một cách trọn vẹn mà giảm thiểu được tiếng ồn xung quanh hiệu quả hơn.
Kiểu dáng chụp tai trẻ trung, nhiều tùy chọn màu sắc
Tai nghe chụp tai Baseus Bowie H1s sở hữu thiết kế hiện đại, tinh tế. Là dòng chụp tai nê phần ear cup của sản phẩm được hãng làm bằng chất liệu cao cấp, ôm sát tai, tạo cảm giác êm ái khi đeo trong thời gian dài và cách âm tốt. Dải headband được thiết kế vừa vặn, người dùng vẫn có thể điều chỉnh linh hoạt để phù hợp với nhiều kích cỡ đầu. Đặc biệt, Baseus Bowie H1s còn có nhiều tùy chọn màu sắc đa dạng để mọi người có thêm lựa chọn phù hợp với cá tính riêng. 
Micro đàm thoại chất lượng cao
Baseus Bowie H1s được trang bị micro đàm thoại chất lượng cao giúp người dùng có thể thực hiện cuộc gọi rõ ràng ngay cả trong môi trường ồn ào. Bởi mic cũng có tích hợp công nghệ khử tiếng ồn tiên tiến ENC, giúp lọc và hạn chế được tối ưu tiếng ồn xung quanh. Nhờ vậy, giọng nói của mọi người sẽ được truyền tải chính xác đến người nghe. Vì thế, ngoài gọi điện, người dùng còn có thể tham gia cuộc họp trực tuyến ở bất cứ đâu.
Sử dụng lâu dài lên đến 120 giờ
Tai nghe chụp tai Baseus Bowie H1s được trang bị viên pin dung lượng lớn, mang đến thời gian sử dụng liên tục ấn tượng tới 120 giờ ở chế độ bình thường và 60 giờ khi bật chế độ ANC. Do đó, người dùng vẫn có thể thoải mái tận hưởng âm nhạc trong nhiều giờ liền và không cần lo về thời gian sạc bởi tai nghe có đi kèm cùng tính năng sạc nhanh.
Hỗ trợ kết nối Bluetooth 5.4, tích hợp ứng dụng Baseus
Tai nghe chụp tai Baseus Bowie H1s được hãng trang bị kết nối Bluetooth 5.4 ổn định. Đây là chuẩn kết nối không dây tiên tiến, hỗ trợ tai nghe mở rộng khả năng kết nối và nhanh chóng ghép nối với các thiết bị di động như điện thoại, máy tính bảng. 
Đặc biệt, tai nghe Baseus Bowie H1s còn được tích hợp ứng dụng Baseus chuyên dụng. Thông qua đó, mọi người sẽ được phép tùy chỉnh các cài đặt một cách dễ dàng như điều chỉnh cân bằng âm thanh, chọn chế độ nghe nhạc phù hợp, bật/tắt chống ồn chủ động,.... Hơn hết, ứng dụng còn có thể định vị GPS nếu người dùng vô tình làm lạc mất tai nghe. Giao diện trực quan, thân thiện cũng sẽ giúp mọi người dàng thao tác và khai thác toàn bộ các tính năng của tai nghe. 
Mua tai nghe chụp tai Baseus Bowie H1s giá tốt ở CellphoneS
Có thể thấy, tai nghe chụp tai Baseus Bowie H1s có thiết kế thời trang, âm thanh chất lượng cao, tính năng chống ồn hiệu quả và thời lượng pin ấn tượng. Vì thế, sản phẩm này hứa hẹn sẽ là một trong những lựa chọn hàng đầu cho những tín đồ âm nhạc. Đặc biệt, khi mua hàng tại CellphoneS, mọi người sẽ được hưởng mức giá ưu đãi cùng nhiều chính sách bảo hành hấp dẫn hơn đó nhé!","{""Kích thước & Trọng lượng"": [{""name"": ""Kích thước"", ""value"": ""173mm (Rộng) x 185mm (Dài)""}, {""name"": ""Trọng lượng"", ""value"": ""279g""}], ""Công nghệ âm thanh"": [{""name"": ""Công nghệ âm thanh"", ""value"": ""Hi-Res Audio\nHi-Res Wireless\nChống ồn chủ động ANC\nChống ồn môi trường ENC""}, {""name"": ""Micro"", ""value"": ""Có""}, {""name"": ""Tính năng"", ""value"": ""Chống ồn, Điều khiển giọng nói, Có mic đàm thoại""}], ""Khả năng kết nối"": [{""name"": ""Kết nối"", ""value"": ""Không dây""}, {""name"": ""Bluetooth"", ""value"": ""5.4""}, {""name"": ""Ứng dụng kết nối"", ""value"": ""Baseus""}, {""name"": ""Phạm vi kết nối cho phép"", ""value"": ""10m""}], ""Thời lượng pin - sạc"": [{""name"": ""Dung lượng pin"", ""value"": ""800mAh/2.96Wh""}, {""name"": ""Thời lượng sử dụng Pin"", ""value"": ""Thời lượng pin 5 ngày\nSau một ngày hoạt động, tai nghe này vẫn còn đủ pin vào giờ đi ngủ\nThời gian chơi 60 giờ khi bật ANC\nThời gian phát nhạc 120 giờ khi tắt ANC""}, {""name"": ""Cổng sạc"", ""value"": ""USB-C""}, {""name"": ""Thời gian sạc"", ""value"": ""1.5 giờ""}], ""Thông tin hãng"": [{""name"": ""Hãng sản xuất"", ""value"": ""Baseus""}]}","[""https://cdn2.cellphones.com.vn/x/media/catalog/product/t/a/tai_nghe_bluetooth_ch_p_tai_baseus_bowie_h1s.png"", ""https://cdn2.cellphones.com.vn/x/media/catalog/product/t/a/tai-nghe-chup-tai-baseus-bowie-h1s_8_.png"", ""https://cdn2.cellphones.com.vn/x/media/catalog/product/t/a/tai-nghe-chup-tai-baseus-bowie-h1s_5_.png"", ""https://cdn2.cellphones.com.vn/x/media/catalog/product/t/a/tai-nghe-chup-tai-baseus-bowie-h1s_7_.png"", ""https://cdn2.cellphones.com.vn/x/media/catalog/product/t/a/tai-nghe-chup-tai-baseus-bowie-h1s_6_.png"", ""https://cdn2.cellphones.com.vn/x/media/catalog/product/t/a/tai-nghe-chup-tai-baseus-bowie-h1s_4_.png"", ""https://cdn2.cellphones.com.vn/x/media/catalog/product/t/a/tai-nghe-chup-tai-baseus-bowie-h1s_3_.png"", ""https://cdn2.cellphones.com.vn/x/media/catalog/product/t/a/tai-nghe-chup-tai-baseus-bowie-h1s-trang_3_.png"", ""https://cdn2.cellphones.com.vn/x/media/catalog/product/t/a/tai-nghe-chup-tai-baseus-bowie-h1s-trang_2_.png"", ""https://cdn2.cellphones.com.vn/x/media/catalog/product/t/a/tai-nghe-chup-tai-baseus-bowie-h1s-trang_5_.png"", ""https://cdn2.cellphones.com.vn/x/media/catalog/product/t/a/tai-nghe-chup-tai-baseus-bowie-h1s-trang_4_.png"", ""https://cdn2.cellphones.com.vn/x/media/catalog/product/t/a/tai-nghe-chup-tai-baseus-bowie-h1s_11_.png"", ""https://cdn2.cellphones.com.vn/x/media/catalog/product/t/a/tai-nghe-chup-tai-baseus-bowie-h1s_10_.png"", ""https://cdn2.cellphones.com.vn/x/media/catalog/product/t/a/tai-nghe-chup-tai-baseus-bowie-h1s.png"", ""https://cdn2.cellphones.com.vn/x/media/catalog/product/t/a/tai-nghe-chup-tai-baseus-bowie-h1s_9_.png"", ""https://cdn2.cellphones.com.vn/x/media/catalog/product/t/a/tai-nghe-chup-tai-baseus-bowie-h1s-trang_1_.png"", ""https://cdn2.cellphones.com.vn/x/media/catalog/product/t/a/tai-nghe-chup-tai-baseus-bowie-h1s_1_.png"", ""https://cdn2.cellphones.com.vn/x/media/catalog/product/t/a/tai-nghe-chup-tai-baseus-bowie-h1s_2_.png""]","{""product_color_1"": {""color"": ""Đen"", ""image_url"": ""https://cdn2.cellphones.com.vn/insecure/rs:fill:50:50/q:90/plain/https://cellphones.com.vn/media/catalog/product/t/a/tai-nghe-chup-tai-baseus-bowie-h1s_8__1.png"", ""image_url_display"": ""https://cellphones.com.vn/media/catalog/product/t/a/tai-nghe-chup-tai-baseus-bowie-h1s_8__1.png"", ""product_url"": ""https://cellphones.com.vn/tai-nghe-chup-tai-baseus-bowie-h1s.html?product_id=90012"", ""price"": ""590.000₫""}, ""product_color_2"": {""color"": ""Trắng be"", ""image_url"": ""https://cdn2.cellphones.com.vn/insecure/rs:fill:50:50/q:90/plain/https://cellphones.com.vn/media/catalog/product/t/a/tai-nghe-chup-tai-baseus-bowie-h1s-trang_2__1.png"", ""image_url_display"": ""https://cellphones.com.vn/media/catalog/product/t/a/tai-nghe-chup-tai-baseus-bowie-h1s-trang_2__1.png"", ""product_url"": ""https://cellphones.com.vn/tai-nghe-chup-tai-baseus-bowie-h1s.html?product_id=92094"", ""price"": ""590.000₫""}}"
Tai nghe có dây Baseus Encok CZ11,tai-nghe-co-day-baseus-encok-cz11,110.000đ,90.000đ,"Đặc điểm nổi bật
Tai nghe có dây Baseus Encok CZ11 sở hữu cổng kết nối Type-C hiện đại đem lại chất âm lôi cuốn và tương thích tốt với nhiều thế hệ smartphone khác nhau. Bên cạnh đó, nhờ được thiết kế dạng Ergonomic, tai nghe Baseus Encok CZ11 có thể vừa vặn với tai người dùng, mang tới các trải nghiệm nghe nhạc, giải trí vô cùng thoải mái, êm ái. Đồng thời, với phím điều khiển tích hợp trên dây tai nghe Baseus này, bạn có thể dễ dàng điều chỉnh âm lượng, dừng chuyển bài mà không cần thao tác với điện thoại.
Nội dung chính
1. Tai nghe có dây Baseus Encok CZ11 - Giải trí lôi cuốn hơn với chất âm nhẹ nhàng, tinh tế
1.1. Cổng kết nối Type-C hiện đại, đảm bảo chất âm sôi động, cuốn hút
1.2. Thiết kế dạng Ergonomic, đem tới trải nghiệm đeo êm ái, dễ chịu
2. Mua tai nghe có dây Baseus Encok CZ11 chính hãng tại CellphoneS
Tai nghe có dây Baseus Encok CZ11 - Giải trí lôi cuốn hơn với chất âm nhẹ nhàng, tinh tế
Tai nghe có dây Baseus Encok CZ11 đang là cái tên thu hút được nhiều sự chú ý của người tiêu dùng khi đem tới chất lượng âm thanh sôi động lôi cuốn cùng thiết kế đệm tai êm ái và không gây khó chịu cho người đeo. Dưới này là một số ưu điểm nổi trội của dòng tai nghe dây này mà bạn có thể tham khảo thêm nhé!
Cổng kết nối Type-C hiện đại, đảm bảo chất âm sôi động, cuốn hút
Sở hữu cổng kết nối Type-C, tai nghe có dây Baseus Encok CZ11 không chỉ tương thích tốt với nhiều dòng máy mà còn mang lại chất âm sôi động và cuốn hút. Cụ thể, khả năng tương thích cao thông qua cổng Type C giúp tai nghe này hoạt động ổn định trên nhiều thiết bị di động hiện đại. 
Cùng với đó là khả năng tái hiện đầy đủ các giai điệu từ nhẹ nhàng cho tới bùng nổ của các trải nghiệm giải trí, xem phim. Nó đảm bảo mang tới cho bạn những phút giây chơi game hay nghe nhạc thư giãn tuyệt vời.
Thiết kế dạng Ergonomic, đem tới trải nghiệm đeo êm ái, dễ chịu
Được thiết kế theo phong cách Ergonomic, tai nghe này không chỉ vừa vặn hoàn hảo với tai mà còn mang lại sự thoải mái tối đa trong suốt thời gian dài nghe nhạc. Cảm giác dễ chịu này cho phép bạn tập trung vào âm nhạc mà không cảm thấy khó chịu hay đau đầu.
>>> Xem nhanh các mẫu tai nghe giá rẻ dưới 200K đang bán chạy tại CellphoneS.
Mua tai nghe có dây Baseus Encok CZ11 chính hãng tại CellphoneS
Hiện nay, tai nghe có dây Baseus Encok CZ11 đang nằm trong phân khúc giá siêu ưu đãi tại cửa hàng CellphoneS. Kết nối tới hotline 1800 2097 để được tư vấn thêm thông tin và hỗ trợ đặt mua và sở hữu dòng tai nghe dây này ngay bạn nhé!","{""Kích thước & Trọng lượng"": [{""name"": ""Kích thước"", ""value"": ""Dài 22.4 mm x Rộng 20.5 mm""}, {""name"": ""Trọng lượng"", ""value"": ""14.5 g""}], ""Công nghệ âm thanh"": [{""name"": ""Micro"", ""value"": ""Có""}, {""name"": ""Tính năng"", ""value"": ""Có mic đàm thoại""}], ""Khả năng kết nối"": [{""name"": ""Kết nối"", ""value"": ""Có dây""}, {""name"": ""Cổng kết nối"", ""value"": ""Type C""}], ""Thông tin hãng"": [{""name"": ""Hãng sản xuất"", ""value"": ""Baseus""}]}","[""https://cdn2.cellphones.com.vn/x/media/catalog/product/t/a/tai-nghe-co-day-baseus-encok-cz11_2_.png"", ""https://cdn2.cellphones.com.vn/x/media/catalog/product/t/a/tai-nghe-co-day-baseus-encok-cz11_1_.png""]","{""product_color_1"": {""color"": ""Trắng"", ""image_url"": ""https://cdn2.cellphones.com.vn/insecure/rs:fill:50:50/q:90/plain/https://cellphones.com.vn/media/catalog/product/t/a/tai-nghe-co-day-baseus-encok-cz11_2__1.png"", ""image_url_display"": ""https://cellphones.com.vn/media/catalog/product/t/a/tai-nghe-co-day-baseus-encok-cz11_2__1.png"", ""product_url"": ""https://cellphones.com.vn/tai-nghe-co-day-baseus-encok-cz11.html?product_id=73116"", ""price"": ""90.000₫""}}"
Tai nghe Bluetooth thể thao Baseus Eli 2i Fit,tai-nghe-khong-day-the-thao-baseus-eli-2i-fit,690.000đ,590.000đ,"Đặc điểm nổi bật
Tai nghe không dây thể thao Baseus Eli 2i Fit trang bị trình điều khiển động 14.2mm kèm theo micro AI ENC, kết nối Bluetooth V5.4 trong phạm vi khoảng 10m. Bên cạnh đó, mẫu tai nghe Baseus này còn có tổng thời lượng pin lên đến nhiều giờ khi sử dụng kèm hộp sạc. Ngoài ra, thiết kế Open-ear kết hợp kiểu móc tai, phù hợp đeo khi hoạt động.
Nội dung chính
1. Tai nghe không dây thể thao Baseus Eli 2i Fit - Âm thanh đắm chìm
1.1. Dynamic driver 14.2mm, âm trầm tăng cường
1.2. Thiết kế móc tai, kiểu dáng tinh tế
1.3. Micro AI ENC, đạt chuẩn IPX5
1.4. Pin dùng lâu, sạc nhanh ấn tượng
1.5. Kết nối Bluetooth V5.4, dễ dàng điều khiển
2. Mua tai nghe không dây thể thao Baseus Eli 2i Fit giá tốt tại CellphoneS
Tai nghe không dây thể thao Baseus Eli 2i Fit - Âm thanh đắm chìm
Tai nghe không dây thể thao Baseus Eli 2i Fit là lựa chọn lý tưởng để thưởng thức âm nhạc mỗi khi vận động. Qua các đặc điểm vượt trội, mẫu tai nghe này có thể đáp ứng đa dạng nhu cầu khác nhau.
Dynamic driver 14.2mm, âm trầm tăng cường
Tai nghe không dây thể thao Baseus Eli 2i Fit được tích hợp Dynamic driver kích thước lớn 14.2mm, thể hiện rõ chất lượng trong trải nghiệm thực tế. Nhờ driver kích thước lớn, tai nghe có thể tái hiện dải âm rộng một cách sống động.
Đặc biệt, âm trầm được tăng cường đầy đặn và lắng đọng, tạo cảm giác chân thực. Phiên bản này còn được thiết kế tối ưu cho các thể loại nhạc có tiết tấu mạnh. Dải bass mạnh mẽ kết hợp với dải treble sắc nét giúp từng chi tiết âm thanh trở nên rõ ràng.
Thiết kế móc tai, kiểu dáng tinh tế
Tai nghe không dây thể thao Baseus Eli 2i Fit nổi bật với phong cách móc tai thể thao, hạn chế bị rơi ra khi di chuyển. Thiết kế này giúp tai nghe ôm gọn, bám chắc vào tai khi chơi thể thao hoặc vận động hàng ngày.
Thêm vào đó, chất liệu ABS kết hợp PC nhẹ và thân thiện với làn da, giúp giảm cảm giác cấn, đau tai khi sử dụng lâu dài. Kiểu dáng bo cong hiện đại cùng màu sắc thời trang khiến sản phẩm phù hợp với nhiều đối tượng người dùng.
Micro AI ENC, đạt chuẩn IPX5
Tai nghe không dây thể thao Baseus Eli 2i Fit sử dụng công nghệ AI ENC trong micro để tăng cường khả năng lọc tiếng ồn xung quanh một cách thông minh. Nhờ vậy, thiết bị giúp giọng nói của người dùng được truyền tải rõ ràng đến đầu dây bên kia. Tính năng này hữu ích khi gọi điện trong lúc vận động, hoặc sử dụng tai nghe để học, tham gia cuộc gọi nhóm.
Ngoài ra, tai nghe còn đạt chuẩn IPX5, giúp hạn chế ảnh hưởng đến chất lượng âm thanh khi tiếp xúc nước nhẹ, mồ hôi trong quá trình luyện tập. Theo khuyến nghị, người dùng không nên sử dụng thiết bị trong môi trường có hóa chất để tránh nguy cơ hư hỏng
Pin dùng lâu, sạc nhanh ấn tượng
Tai nghe không dây thể thao Baseus Eli 2i Fit có viên pin bên trong tai nghe với dung lượng 80mAh/0.269Wh và hộp sạc đi kèm lên tới 600mAh/2.22Wh. Nhờ đó, sản phẩm có thể mang đến trải nghiệm liền mạch trong nhiều giờ. Hộp sạc được thiết kế nhỏ gọn, tích hợp dung lượng cao để cung cấp thêm thời gian hoạt động cho tai nghe trong quá trình sử dụng. 
Tuy nhiên, thời lượng sử dụng có thể thay đổi tùy theo mức âm lượng và tần suất sử dụng thực tế. Bên cạnh đó, phiên bản này còn tích hợp sạc nhanh trong khoảng 15 phút tương đương với 2 tiếng rưỡi chơi nhạc. Mặt khác, cổng sạc USB-C thông dụng cũng cho phép nạp năng lượng cho tai nghe một cách tiện lợi.
Kết nối Bluetooth V5.4, dễ dàng điều khiển
Tai nghe không dây thể thao Baseus Eli 2i Fit có chuẩn kết nối Bluetooth V5.4, giúp duy trì kết nối ổn định trong phạm vi rộng khoảng 10m. Công nghệ này còn có khả năng tối ưu hóa tiêu thụ năng lượng, góp phần kéo dài tuổi thọ pin đáng kể. 
Ngoài ra, hệ thống điều khiển cảm ứng chạm được tích hợp trực tiếp trên bề mặt tai nghe. Từ đó, thiết bị cho phép dễ dàng thực hiện các thao tác theo nhu cầu.
Mua tai nghe không dây thể thao Baseus Eli 2i Fit giá tốt tại CellphoneS
Tai nghe không dây thể thao Baseus Eli 2i Fit là thiết bị âm thanh đáng sở hữu để nâng cao trải nghiệm trong các buổi luyện tập. Đừng chần chờ đến CellphoneS để rinh về chiếc tai nghe chất lượng, giá bình dân. Khách hàng sẽ được hỗ trợ bảo hành với dịch vụ giao hàng nhanh chóng khi mua sắm online. Nhân viên cửa hàng còn tư vấn chi tiết về sản phẩm để người dùng đưa ra lựa chọn ưng ý.","{""Kích thước & Trọng lượng"": [{""name"": ""Trọng lượng"", ""value"": ""Tai nghe: 8.8g""}], ""Công nghệ âm thanh"": [{""name"": ""Công nghệ âm thanh"", ""value"": ""Spatial Audio""}, {""name"": ""Micro"", ""value"": ""Có""}, {""name"": ""Loa"", ""value"": ""Màng loa: 14.2 mm""}, {""name"": ""Tính năng"", ""value"": ""Điều khiển giọng nói, Có mic đàm thoại""}], ""Khả năng kết nối"": [{""name"": ""Kết nối"", ""value"": ""Không dây""}, {""name"": ""Bluetooth"", ""value"": ""5.4""}], ""Thời lượng pin - sạc"": [{""name"": ""Dung lượng pin"", ""value"": ""Tai nghe: 80 mAh\nHộp sạc: 600 mAh""}, {""name"": ""Thời lượng sử dụng Pin"", ""value"": ""Tai nghe: 11 giờ\nHộp sạc: 36 giờ""}, {""name"": ""Cổng sạc"", ""value"": ""USB-C""}, {""name"": ""Thời gian sạc"", ""value"": ""1.5 giờ""}, {""name"": ""Tính năng sạc"", ""value"": ""Sạc nhanh: 15 phút = 2.5 giờ""}], ""Tính năng - Tiện ích khác"": [{""name"": ""Tính năng khác"", ""value"": ""Chống ồn môi trường ENC""}], ""Thông tin hãng"": [{""name"": ""Hãng sản xuất"", ""value"": ""Baseus""}]}","[""https://cdn2.cellphones.com.vn/x/media/catalog/product/t/a/tai-nghe-khong-day-the-thao-baseus-eli-2i-fit-_1_.png"", ""https://cdn2.cellphones.com.vn/x/media/catalog/product/t/a/tai-nghe-khong-day-the-thao-baseus-eli-2i-fit_1_.png"", ""https://cdn2.cellphones.com.vn/x/media/catalog/product/t/a/tai-nghe-khong-day-the-thao-baseus-eli-2i-fit_2_.png"", ""https://cdn2.cellphones.com.vn/x/media/catalog/product/t/a/tai-nghe-khong-day-the-thao-baseus-eli-2i-fit_3_.png"", ""https://cdn2.cellphones.com.vn/x/media/catalog/product/t/a/tai-nghe-khong-day-the-thao-baseus-eli-2i-fit_4_.jpg"", ""https://cdn2.cellphones.com.vn/x/media/catalog/product/t/a/tai-nghe-khong-day-the-thao-baseus-eli-2i-fit_3_.jpg"", ""https://cdn2.cellphones.com.vn/x/media/catalog/product/t/a/tai-nghe-khong-day-the-thao-baseus-eli-2i-fit_2_.jpg"", ""https://cdn2.cellphones.com.vn/x/media/catalog/product/t/a/tai-nghe-khong-day-the-thao-baseus-eli-2i-fit_1_.jpg"", ""https://cdn2.cellphones.com.vn/x/media/catalog/product/t/a/tai-nghe-khong-day-the-thao-baseus-eli-2i-fit_5_.jpg""]","{""product_color_1"": {""color"": ""Trắng"", ""image_url"": ""https://cdn2.cellphones.com.vn/insecure/rs:fill:50:50/q:90/plain/https://cellphones.com.vn/media/catalog/product/i/m/image_1042_2.png"", ""image_url_display"": ""https://cellphones.com.vn/media/catalog/product/i/m/image_1042_2.png"", ""product_url"": ""https://cellphones.com.vn/tai-nghe-khong-day-the-thao-baseus-eli-2i-fit.html?product_id=109176"", ""price"": ""590.000₫""}, ""product_color_2"": {""color"": ""Đen"", ""image_url"": ""https://cdn2.cellphones.com.vn/insecure/rs:fill:50:50/q:90/plain/https://cellphones.com.vn/media/catalog/product/t/a/tai-nghe-khong-day-the-thao-baseus-eli-2i-fit_2__1.png"", ""image_url_display"": ""https://cellphones.com.vn/media/catalog/product/t/a/tai-nghe-khong-day-the-thao-baseus-eli-2i-fit_2__1.png"", ""product_url"": ""https://cellphones.com.vn/tai-nghe-khong-day-the-thao-baseus-eli-2i-fit.html?product_id=109175"", ""price"": ""590.000₫""}}"
Tai nghe Bluetooth thể thao Baseus ELI FIT Open-Ear,tai-nghe-khong-day-baseus-eli-fit,980.000đ,650.000đ,"Đặc điểm nổi bật
Tai nghe không dây Baseus Eli Fit với driver 16.2mm, hỗ trợ công nghệ âm thanh hiện đại, hứa hẹn mang lại trải nghiệm âm nhạc mạnh mẽ, sống động hàng đầu. Nhờ hoàn thiện từ chất liệu silicon dẻo dai bên ngoài và gọng tai nghe làm từ Titanium, Eli Fit đảm bảo đem tới sự thoải mái và độ bền bỉ cao. Bên cạnh đó, thiết kế dạng vòng đeo của tai nghe Baseus này còn cho phép nghe nhạc mà không cản trở âm thanh xung quanh, phù hợp cho các hoạt động thể thao.
Nội dung chính
1. Tai nghe Baseus Eli Fit - Thiết kế hiện đại, chất âm lôi cuốn
1.1. Chất âm chân thực, sống động với driver 16.2mm và lọc tiếng AI hiện đại
1.2. Thiết kế năng động, độ bền cao, phù hợp để sử dụng ở nhiều môn thể thao
1.3. Kháng nước ấn tượng, không lo bị hư hỏng do đổ mồ hôi khi tập luyện
1.4. Thời lượng pin ấn tượng, thỏa sức giải trí âm thanh cả ngày dài
2. Mua tai nghe Baseus Eli Fit giá rẻ, chất lượng tại CellphoneS
Tai nghe Baseus Eli Fit - Thiết kế hiện đại, chất âm lôi cuốn
Baseus Eli Fit là dòng tai nghe xịn sò vừa mới được ra mắt trong phân khúc tai nghe hiện đại của Baseus. Được thiết kế với ý tưởng kết hợp giữa tính năng và thời trang, Eli Fit không chỉ là một phụ kiện âm thanh mà còn là một phần của phong cách sống hiện đại. Với cấu hình và công nghệ tiên tiến, tai nghe hứa hẹn mang lại trải nghiệm âm thanh đỉnh cao cho người dùng.
Chất âm chân thực, sống động với driver 16.2mm và lọc tiếng AI hiện đại
Tai nghe Baseus Eli Fit cung cấp chất lượng âm thanh xuất sắc, được hỗ trợ bởi driver 16.2 mm cho khả năng tái tạo âm bass mạnh mẽ và sâu sắc. Khi được tích hợp kèm với công nghệ âm thanh tiên tiến, tai nghe giúp cải thiện trải nghiệm nghe rõ ràng và sống động hơn, thích hợp cho mọi thể loại nhạc. 
Bên cạnh đó, thế hệ tai nghe Baseus Eli Fit mới này còn sở hữu công nghệ AI giúp lọc tiếng ồn thông minh. Thông qua công nghệ xử lý âm thanh hiện đại này, tai nghe giúp tăng cường khả năng nghe nhạc mà không bị ảnh hưởng bởi tiếng ồn xung quanh. Nhờ đó mà mọi trải nghiệm nghe nhạc của bạn trên Eli Fit sẽ luôn được thể hiện liên tục và chân thực hàng đầu.
Thiết kế năng động, độ bền cao, phù hợp để sử dụng ở nhiều môn thể thao
Thiết kế của tai nghe không dây Baseus Eli Fit thể hiện sự hiện đại và tinh tế với gọng tai nghe làm từ Titanium và chất liệu Silicon dẻo dai. Kiểu dáng đeo vòng quanh tai không chỉ đảm bảo sự thoải mái khi sử dụng trong thời gian dài mà còn giữ cho Eli Fit không bị rơi rớt khi hoạt động thể thao. Đồng thời, với thiết kế nhỏ gọn và trọng lượng chỉ 9.9 gram mỗi bên cung cấp sự linh hoạt, ổn định, đồng hành với bạn trong hầu hết các môn thể thao.
Kháng nước ấn tượng, không lo bị hư hỏng do đổ mồ hôi khi tập luyện
Tai nghe Baseus Eli Fit được trang bị khả năng kháng nước ấn tượng với chuẩn IPX4. Thông qua đó, cho phép người dùng có thể thoải mái sử dụng trong nhiều điều kiện thời tiết khác nhau mà không lo hư hại. Dù là mồ hôi khi tập luyện hay những hạt mưa nhỏ, Eli Fit vẫn có thể chịu đựng tốt và cùng với người dùng tham gia các hoạt động ngoài trời.
Thời lượng pin ấn tượng, thỏa sức giải trí âm thanh cả ngày dài
Tai nghe Baseus Eli Fit có thời lượng pin ấn tượng, với khả năng hoạt động liên tục tới 7.5 giờ sau một lần sạc đầy. Khi kết hợp với hộp sạc đi kèm, Tai nghe có thể cung cấp tổng thời gian sử dụng lên tới 35 giờ. Điều này làm cho Eli Fit trở thành lựa chọn phù hợp cho người dùng yêu âm nhạc, cho phép thưởng thức nhạc không gián đoạn trong các hoạt động ngày dài.
Mua tai nghe Baseus Eli Fit giá rẻ, chất lượng tại CellphoneS
Nếu bạn đang tìm kiếm một địa chỉ uy tín để mua tai nghe không dây Baseus Eli Fit uy tín, CellphoneS sẽ là lựa chọn mà bạn rất nên ghé qua. Tại đây, bạn không chỉ tìm thấy đa dạng các dòng tai nghe từ nhiều thương hiệu nổi tiếng mà còn được đảm bảo chất lượng và tính năng. Với dịch vụ chăm sóc khách hàng xuất sắc, chính sách bảo hành linh hoạt, mua sắm tại CellphoneS hứa hẹn mang lại cho bạn trải nghiệm trên cả tuyệt vời. Hãy đến CellphoneS để sở hữu ngay Baseus Eli Fit chính hãng và tận hưởng những ưu đãi đặc biệt cùng chất lượng dịch vụ hàng đầu.","{""Kích thước & Trọng lượng"": [{""name"": ""Trọng lượng"", ""value"": ""9.9 gram""}], ""Công nghệ âm thanh"": [{""name"": ""Micro"", ""value"": ""Có\nMàng loa 16.2mm""}, {""name"": ""Tính năng"", ""value"": ""Có mic đàm thoại""}], ""Khả năng kết nối"": [{""name"": ""Số thiết bị kết nối cùng lúc"", ""value"": ""2""}, {""name"": ""Kết nối"", ""value"": ""Không dây""}, {""name"": ""Bluetooth"", ""value"": ""V5.3""}, {""name"": ""Cổng kết nối"", ""value"": ""USB""}, {""name"": ""Ứng dụng kết nối"", ""value"": ""Baseus""}, {""name"": ""Phạm vi kết nối cho phép"", ""value"": ""10m""}], ""Thời lượng pin - sạc"": [{""name"": ""Dung lượng pin"", ""value"": ""65mAh/0,247Wh(tai nghe)\n720mAh/2.66Wh(hộp sạc)""}, {""name"": ""Thời lượng sử dụng Pin"", ""value"": ""Tai nghe: 7.5 giờ\nHộp sạc: 35 giờ""}, {""name"": ""Cổng sạc"", ""value"": ""Type-C""}, {""name"": ""Thời gian sạc"", ""value"": ""1 giờ""}], ""Điều khiển"": [{""name"": ""Phương thức điều khiển"", ""value"": ""Cảm ứng chạm""}], ""Tính năng - Tiện ích khác"": [{""name"": ""Tính năng khác"", ""value"": ""Sạc nhanh\nHộp tai nghe hiển thị thông số pin\nChống nước IPX4""}], ""Thông tin hãng"": [{""name"": ""Hãng sản xuất"", ""value"": ""Baseus""}]}","[""https://cdn2.cellphones.com.vn/x/media/catalog/product/t/a/tai-nghe-khong-day-baseus-eli-fit_15_.png"", ""https://cdn2.cellphones.com.vn/x/media/catalog/product/t/a/tai-nghe-khong-day-baseus-eli-fit_8_.png"", ""https://cdn2.cellphones.com.vn/x/media/catalog/product/t/a/tai-nghe-khong-day-baseus-eli-fit_6_.png"", ""https://cdn2.cellphones.com.vn/x/media/catalog/product/t/a/tai-nghe-khong-day-baseus-eli-fit_4_.png"", ""https://cdn2.cellphones.com.vn/x/media/catalog/product/t/a/tai-nghe-khong-day-baseus-eli-fit_5_.png"", ""https://cdn2.cellphones.com.vn/x/media/catalog/product/t/a/tai-nghe-khong-day-baseus-eli-fit_7_.png"", ""https://cdn2.cellphones.com.vn/x/media/catalog/product/t/a/tai-nghe-khong-day-baseus-eli-fit_9_.png"", ""https://cdn2.cellphones.com.vn/x/media/catalog/product/t/a/tai-nghe-khong-day-baseus-eli-fit_10_.png"", ""https://cdn2.cellphones.com.vn/x/media/catalog/product/t/a/tai-nghe-khong-day-baseus-eli-fit_11_.png"", ""https://cdn2.cellphones.com.vn/x/media/catalog/product/t/a/tai-nghe-khong-day-baseus-eli-fit_12_.png"", ""https://cdn2.cellphones.com.vn/x/media/catalog/product/t/a/tai-nghe-khong-day-baseus-eli-fit_13_.png"", ""https://cdn2.cellphones.com.vn/x/media/catalog/product/t/a/tai-nghe-khong-day-baseus-eli-fit-trang_3_.png"", ""https://cdn2.cellphones.com.vn/x/media/catalog/product/t/a/tai-nghe-khong-day-baseus-eli-fit-trang.png"", ""https://cdn2.cellphones.com.vn/x/media/catalog/product/t/a/tai-nghe-khong-day-baseus-eli-fit-trang_2_.png"", ""https://cdn2.cellphones.com.vn/x/media/catalog/product/t/a/tai-nghe-khong-day-baseus-eli-fit-trang_1_.png"", ""https://cdn2.cellphones.com.vn/x/media/catalog/product/t/a/tai-nghe-khong-day-baseus-eli-fit-trang_6_.png"", ""https://cdn2.cellphones.com.vn/x/media/catalog/product/t/a/tai-nghe-khong-day-baseus-eli-fit-trang_5_.png"", ""https://cdn2.cellphones.com.vn/x/media/catalog/product/t/a/tai-nghe-khong-day-baseus-eli-fit-trang_7_.png"", ""https://cdn2.cellphones.com.vn/x/media/catalog/product/t/a/tai-nghe-khong-day-baseus-eli-fit-trang_4_.png"", ""https://cdn2.cellphones.com.vn/x/media/catalog/product/t/a/tai-nghe-khong-day-baseus-eli-fit-trang_9_.png"", ""https://cdn2.cellphones.com.vn/x/media/catalog/product/t/a/tai-nghe-khong-day-baseus-eli-fit-trang_8_.png"", ""https://cdn2.cellphones.com.vn/x/media/catalog/product/t/a/tai-nghe-khong-day-baseus-eli-fit-trang_12_.png"", ""https://cdn2.cellphones.com.vn/x/media/catalog/product/t/a/tai-nghe-khong-day-baseus-eli-fit-trang_11_.png"", ""https://cdn2.cellphones.com.vn/x/media/catalog/product/t/a/tai-nghe-khong-day-baseus-eli-fit-trang_10_.png"", ""https://cdn2.cellphones.com.vn/x/media/catalog/product/t/a/tai-nghe-khong-day-baseus-eli-fit_3_.png"", ""https://cdn2.cellphones.com.vn/x/media/catalog/product/t/a/tai-nghe-khong-day-baseus-eli-fit_2_.png"", ""https://cdn2.cellphones.com.vn/x/media/catalog/product/t/a/tai-nghe-khong-day-baseus-eli-fit_1_.png""]","{""product_color_1"": {""color"": ""Xanh Đen"", ""image_url"": ""https://cdn2.cellphones.com.vn/insecure/rs:fill:50:50/q:90/plain/https://cellphones.com.vn/media/catalog/product/t/a/tai-nghe-khong-day-baseus-eli-fit-xanh.png"", ""image_url_display"": ""https://cellphones.com.vn/media/catalog/product/t/a/tai-nghe-khong-day-baseus-eli-fit-xanh.png"", ""product_url"": ""https://cellphones.com.vn/tai-nghe-khong-day-baseus-eli-fit.html?product_id=85120"", ""price"": ""650.000₫""}, ""product_color_2"": {""color"": ""Trắng/bạc"", ""image_url"": ""https://cdn2.cellphones.com.vn/insecure/rs:fill:50:50/q:90/plain/https://cellphones.com.vn/media/catalog/product/t/a/tai-nghe-khong-day-baseus-eli-fit-trang_3__1.png"", ""image_url_display"": ""https://cellphones.com.vn/media/catalog/product/t/a/tai-nghe-khong-day-baseus-eli-fit-trang_3__1.png"", ""product_url"": ""https://cellphones.com.vn/tai-nghe-khong-day-baseus-eli-fit.html?product_id=85121"", ""price"": ""650.000₫""}}"
Tai nghe Bluetooth chụp tai Baseus Inspire XH1,tai-nghe-chup-tai-baseus-inspire-xh1,3.590.000đ,2.790.000đ,"Đặc điểm nổi bật
Tai nghe chụp tai Baseus Inspire XH1 với trọng lượng chỉ 275g và cấu tạo từ chất liệu ABS, PC cùng kim loại, tai nghe tạo cảm giác nhẹ nhàng khi đeo. Driver 35mm kết hợp codec LDAC và công nghệ Dolby Audio tái tạo âm thanh chi tiết. Viên pin dung lượng 800mAh cho thời gian sử dụng lên đến 100 giờ, đáp ứng nhu cầu giải trí khác nhau.
Nội dung chính
1. Tai nghe chụp tai Baseus Inspire XH1 - Thiết kế tinh tế, màu sắc hiện đại
1.1. Âm thanh sống động, rõ nét
1.2. Thiết kế gọn nhẹ và hiện đại
1.3. Công nghệ chống ồn ấn tượng
1.4. Dung lượng pin lớn đến nhiều giờ
2. Mua tai nghe chụp tai Baseus Inspire XH1 chính hãng tại CellphoneS
Tai nghe chụp tai Baseus Inspire XH1 - Thiết kế tinh tế, màu sắc hiện đại
Tai nghe chụp tai Baseus Inspire XH1 với công nghệ âm thanh sống động và thiết kế tinh tế. Sản phẩm tai nghe Baseus mang đến trải nghiệm nghe nhạc sống động, phù hợp cho nhu cầu giải trí lẫn công việc hằng ngày.
Âm thanh sống động, rõ nét
Tai nghe hỗ trợ chuẩn âm thanh Hi-Res với codec LDAC và công nghệ Dolby Audio, đem lại trải nghiệm nghe nhạc sống động. Bên cạnh đó, trang bị Driver 35mm cho phép tái tạo âm trầm sâu và mạnh mẽ, phù hợp với nhiều thể loại nhạc của người nghe.
Tính năng lọc nhiễu thông minh của tai nghe chụp tai Baseus Inspire XH1 sử dụng AI giúp loại bỏ tạp âm hiệu quả trong môi trường ồn ào. Thiết bị còn tích hợp công nghệ cân bằng âm lượng ở hai bên tai và cùng với kết nối Bluetooth phiên bản 6.1 ổn định.
Thiết kế gọn nhẹ và hiện đại
Tai nghe sử dụng chất liệu ABS, PC và kim loại, vừa đảm bảo độ bền vừa mang đến thiết kế cao cấp. Baseus Inspire XH1 với thiết kế hoàn thiện tỉ mỉ góp phần nâng cao vẻ đẹp tổng thể cho sản phẩm.
Trọng lượng chỉ 275g giúp tai nghe trở nên nhẹ nhàng khi sử dụng trong thời gian dài. Phiên bản màu trắng của tai nghe chụp tai Baseus Inspire XH1 tạo điểm nhấn tinh tế, phù hợp với nhiều phong cách cá nhân.
Công nghệ chống ồn ấn tượng
Tai nghe được trang bị công nghệ chống ồn chủ động thích ứng với mức khử ồn lên đến -48dB, tự động điều chỉnh theo môi trường xung quanh theo thời gian thực. Ngoài ra, hệ thống lọc tiếng ồn toàn dải hỗ trợ loại bỏ hiệu quả các tạp âm từ nhiều dải tần khác nhau.
Năm micro tích hợp trên tai nghe chụp tai Baseus Inspire XH1 cùng công nghệ ENC thông minh cho khả năng thu âm rõ ràng, ngay cả trong điều kiện ồn ào. Tính năng này hỗ trợ đàm thoại liền mạch, nâng cao chất lượng liên lạc khi di chuyển hoặc làm việc ngoài trời.
Dung lượng pin lớn đến nhiều giờ
Thiết bị sử dụng viên pin dung lượng 800mAh, tương đương 2.39Wh, cho khả năng hoạt động bền bỉ. Cổng sạc USB-C hiện đại cho phép sản phẩm nạp năng lượng nhanh và tiện lợi hơn trong thời gian ngắn.
Chỉ với khoảng 1.5 giờ sạc, tai nghe chụp tai Baseus Inspire XH1 đã có thể sẵn sàng cho các nhu cầu sử dụng kéo dài. Tính năng sạc nhanh Baseus cho phép sử dụng tới 12 giờ chỉ sau 10 phút cắm sạc.
Thời gian sử dụng kéo dài đến 100 giờ mang lại sự tiện lợi tối ưu trong những ngày dài bận rộn. Người dùng có thể an tâm làm việc, giải trí hoặc di chuyển mà không lo gián đoạn do hết pin giữa chừng.
Mua tai nghe chụp tai Baseus Inspire XH1 chính hãng tại CellphoneS
Mua tai nghe chụp tai Baseus Inspire XH1 tại CellphoneS đồng nghĩa với việc người dùng sở hữu sản phẩm chính hãng được kiểm định kỹ lưỡng. Khách hàng có thể dễ dàng tiếp cận mức giá cạnh tranh cùng các chương trình khuyến mãi. 
Đội ngũ nhân viên hỗ trợ nhanh, rõ ràng từ khâu tư vấn đến hậu mãi, tạo ra sự yên tâm trong từng giao dịch. Sự tín nhiệm từ người mua là minh chứng cho uy tín mà hệ thống CellphoneS mang lại.","{""Kích thước & Trọng lượng"": [{""name"": ""Trọng lượng"", ""value"": ""256g""}], ""Công nghệ âm thanh"": [{""name"": ""Công nghệ âm thanh"", ""value"": ""Chống ồn chủ động ANC\nHi-Res Audio\nDolby Audio""}, {""name"": ""Micro"", ""value"": ""Có""}, {""name"": ""Loa"", ""value"": ""Màng loa: 36mm""}, {""name"": ""Tính năng"", ""value"": ""Chống ồn, Điều khiển giọng nói, Có mic đàm thoại""}], ""Khả năng kết nối"": [{""name"": ""Kết nối"", ""value"": ""Không dây""}, {""name"": ""Bluetooth"", ""value"": ""6.1""}, {""name"": ""Ứng dụng kết nối"", ""value"": ""Baseus""}], ""Thời lượng pin - sạc"": [{""name"": ""Dung lượng pin"", ""value"": ""800 mAh""}, {""name"": ""Thời lượng sử dụng Pin"", ""value"": ""Tắt ANC: 100 giờ\nBật ANC: 65 giờ""}, {""name"": ""Cổng sạc"", ""value"": ""USB-C""}, {""name"": ""Thời gian sạc"", ""value"": ""1.5 giờ""}, {""name"": ""Tính năng sạc"", ""value"": ""Sạc nhanh: 10 phút = 12 giờ""}], ""Tính năng - Tiện ích khác"": [{""name"": ""Tính năng khác"", ""value"": ""Chống ồn môi trường ENC""}], ""Thông tin hãng"": [{""name"": ""Hãng sản xuất"", ""value"": ""Baseus""}]}","[""https://cdn2.cellphones.com.vn/x/media/catalog/product/t/a/tai-nghe-chup-tai-baseus-inspire-xh1_7_.png"", ""https://cdn2.cellphones.com.vn/x/media/catalog/product/t/a/tai-nghe-chup-tai-baseus-inspire-xh1-trang_1.png"", ""https://cdn2.cellphones.com.vn/x/media/catalog/product/t/a/tai-nghe-chup-tai-baseus-inspire-xh1_3_.png"", ""https://cdn2.cellphones.com.vn/x/media/catalog/product/t/a/tai-nghe-chup-tai-baseus-inspire-xh1_2_.png"", ""https://cdn2.cellphones.com.vn/x/media/catalog/product/t/a/tai-nghe-chup-tai-baseus-inspire-xh1_1_.png"", ""https://cdn2.cellphones.com.vn/x/media/catalog/product/i/m/image_1044_1.png"", ""https://cdn2.cellphones.com.vn/x/media/catalog/product/i/m/image_1045_2.png"", ""https://cdn2.cellphones.com.vn/x/media/catalog/product/i/m/image_1046_2.png"", ""https://cdn2.cellphones.com.vn/x/media/catalog/product/i/m/image_1043_1.png"", ""https://cdn2.cellphones.com.vn/x/media/catalog/product/i/m/image_1047_1.png"", ""https://cdn2.cellphones.com.vn/x/media/catalog/product/i/m/image_1048_2.png"", ""https://cdn2.cellphones.com.vn/x/media/catalog/product/t/a/tai-nghe-chup-tai-baseus-inspire-xh1_5_.png"", ""https://cdn2.cellphones.com.vn/x/media/catalog/product/t/a/tai-nghe-chup-tai-baseus-inspire-xh1_4_.png"", ""https://cdn2.cellphones.com.vn/x/media/catalog/product/t/a/tai-nghe-chup-tai-baseus-inspire-xh1_8_.png""]","{""product_color_1"": {""color"": ""Xanh dương"", ""image_url"": ""https://cdn2.cellphones.com.vn/insecure/rs:fill:50:50/q:90/plain/https://cellphones.com.vn/media/catalog/product/i/m/image_1045_1.png"", ""image_url_display"": ""https://cellphones.com.vn/media/catalog/product/i/m/image_1045_1.png"", ""product_url"": ""https://cellphones.com.vn/tai-nghe-chup-tai-baseus-inspire-xh1.html?product_id=117087"", ""price"": ""2.790.000₫""}, ""product_color_2"": {""color"": ""Trắng"", ""image_url"": ""https://cdn2.cellphones.com.vn/insecure/rs:fill:50:50/q:90/plain/https://cellphones.com.vn/media/catalog/product/t/a/tai-nghe-chup-tai-baseus-inspire-xh1-trang.png"", ""image_url_display"": ""https://cellphones.com.vn/media/catalog/product/t/a/tai-nghe-chup-tai-baseus-inspire-xh1-trang.png"", ""product_url"": ""https://cellphones.com.vn/tai-nghe-chup-tai-baseus-inspire-xh1.html?product_id=109172"", ""price"": ""2.790.000₫""}, ""product_color_3"": {""color"": ""Đen"", ""image_url"": ""https://cdn2.cellphones.com.vn/insecure/rs:fill:50:50/q:90/plain/https://cellphones.com.vn/media/catalog/product/t/a/tai-nghe-chup-tai-baseus-inspire-xh1_3__1.png"", ""image_url_display"": ""https://cellphones.com.vn/media/catalog/product/t/a/tai-nghe-chup-tai-baseus-inspire-xh1_3__1.png"", ""product_url"": ""https://cellphones.com.vn/tai-nghe-chup-tai-baseus-inspire-xh1.html?product_id=109173"", ""price"": ""2.790.000₫""}, ""product_color_4"": {""color"": ""Cam"", ""image_url"": ""https://cdn2.cellphones.com.vn/insecure/rs:fill:50:50/q:90/plain/https://cellphones.com.vn/media/catalog/product/i/m/image_1047.png"", ""image_url_display"": ""https://cellphones.com.vn/media/catalog/product/i/m/image_1047.png"", ""product_url"": ""https://cellphones.com.vn/tai-nghe-chup-tai-baseus-inspire-xh1.html?product_id=117088"", ""price"": ""2.790.000₫""}}"
Tai nghe Bluetooth True Wireless Baseus Bass BS1 NC,tai-nghe-bluetooth-true-wireless-baseus-bass-bs1-nc,890.000đ,650.000đ,"Đặc điểm nổi bật
Tai nghe Bluetooth True Wireless Baseus Bass BS1 NC thỏa mãn trải nghiệm âm thanh với công nghệ LDAC Hi-res, chống ồn chủ động -35dB, pin dùng 40 giờ. Thiết kế tối giản và kháng nước IP55 phù hợp cho nhiều tình huống sử dụng. Mẫu tai nghe Baseus này còn hỗ trợ kết nối Bluetooth 6.0 ổn định, cùng đàm thoại rõ ràng với 6 mic AI ENC.
Nội dung chính
1. Tai nghe Bluetooth True Wireless Baseus Bass BS1 NC - Âm thanh Hi-res, chống ồn chủ động
1.1. Âm thanh Hi-res LDAC, màng loa 13mm sống động
1.2. Thiết kế nhỏ gọn, thể thao
1.3. Đàm thoại rõ nét với 6 mic AI ENC
1.4. Sạc nhanh 10 phút dùng 2 giờ
1.5. Độ trễ thấp cho trải nghiệm mượt mà
2. Mua tai nghe Bluetooth True Wireless Baseus Bass BS1 NC giá tốt tại CellphoneS
Tai nghe Bluetooth True Wireless Baseus Bass BS1 NC - Âm thanh Hi-res, chống ồn chủ động
Tai nghe Bluetooth True Wireless Baseus Bass BS1 NC là lựa chọn đáng giá cho người dùng yêu cầu chất âm chi tiết và thiết kế thể thao năng động. Dưới đây là thông số Baseus Bass BS1 NC mà khách hàng có thể tham khảo:
Âm thanh Hi-res LDAC, màng loa 13mm sống động
Tai nghe Bluetooth True Wireless Baseus Bass BS1 NC được trang bị công nghệ âm thanh LDAC chuẩn Hi-res. Kết hợp với màng loa LCP đường kính 13mm, tai nghe tái tạo âm trầm sâu, âm trung rõ ràng và âm cao sáng, phù hợp cho cả nhu cầu nghe nhạc hay chơi game.
Công nghệ chống ồn chủ động -35dB tích hợp giúp vô hiệu hóa hiệu quả tiếng ồn môi trường xung quanh như tiếng xe cộ hay quán xá đông người. Từ đó, tai nghe Baseus Bass BS1 NC mang đến không gian âm thanh yên tĩnh, giúp người dùng tập trung hơn vào nội dung đang thưởng thức. 
Thiết kế nhỏ gọn, thể thao
Tai nghe Bluetooth True Wireless Baseus Bass BS1 NC sở hữu thiết kế công thái học hiện đại với phần housing bo tròn mềm mại, cho cảm giác đeo thoải mái trong thời gian dài. Tai nghe được làm từ chất liệu ABS+PC, vừa nhẹ vừa bền, phù hợp với cho người dùng năng động.
Hộp sạc và tai nghe đều được hoàn thiện với vẻ ngoài tối giản, mang phong cách thể thao hiện đại. Sản phẩm có hai lựa chọn màu sắc là đen và trắng, phù hợp với nhiều phong cách cá nhân khác nhau. 
Đàm thoại rõ nét với 6 mic AI ENC
Tai nghe Bluetooth True Wireless Baseus Bass BS1 NC được trang bị tới 6 micro (3+3 mic) cùng công nghệ AI ENC giúp nhận diện và lọc bỏ tạp âm khi đàm thoại. Nhờ đó, giọng nói của người dùng được truyền tải rõ ràng, ổn định kể cả khi đang gọi trong môi trường đông người hoặc nhiều tiếng ồn nền.
Ngoài ra, chuẩn kháng nước IP55 mang đến sự an tâm khi sử dụng tai nghe trong các hoạt động ngoài trời. Tai nghe có thể chịu được mồ hôi, mưa nhẹ hay bụi bẩn, phù hợp với lối sống năng động. Tuy nhiên, người dùng cần tránh sử dụng trong các môn thể thao dưới nước để đảm bảo khả năng vận hành ổn định của tai nghe.
Sạc nhanh 10 phút dùng 2 giờ
Về thời lượng sử dụng, tai nghe Bluetooth True Wireless Baseus Bass BS1 NC cho thời gian nghe nhạc lên đến khoảng 7 giờ liên tục và 40 giờ khi sử dụng cùng hộp sạc. Đây là thông số ấn tượng khi đặt lên bàn cân với nhiều mẫu tai nghe khác trong cùng phân khúc.
Đặc biệt, công nghệ sạc nhanh của Baseus giúp tai nghe có thể sử dụng đến 2 giờ chỉ với 10 phút sạc, rất tiện lợi trong những lúc cần gấp. Cổng sạc Type-C tích hợp giúp Baseus Bass BS1 NC sạc tiện lợi hơn với các thiết bị hiện đại.
Độ trễ thấp cho trải nghiệm mượt mà
Tai nghe Bluetooth True Wireless Baseus Bass BS1 NC sử dụng Bluetooth 6.0 giúp duy trì kết nối ổn định, không bị ngắt quãng khi nghe nhạc hay gọi điện. Công nghệ Baseus Smart Connect giúp việc kết nối và chuyển đổi giữa các thiết bị trở nên nhanh chóng, tiện lợi hơn.
Với độ trễ thấp nhờ kết nối kênh đôi (dual-channel), tai nghe mang đến trải nghiệm gần như thời gian thực, đặc biệt lý tưởng khi chơi game, xem video hay gọi video call. Đây là yếu tố khiến Baseus Bass BS1 NC trở thành lựa chọn đáng cân nhắc cho người dùng trẻ năng động.
Mua tai nghe Bluetooth True Wireless Baseus Bass BS1 NC giá tốt tại CellphoneS
Đến CellphoneS để trải nghiệm tai nghe Bluetooth True Wireless Baseus Bass BS1 NC với âm thanh chuẩn Hi-res. Sản phẩm đang được áp dụng ưu đãi sinh viên và nhiều chương trình khuyến mãi hấp dẫn theo mùa như xả kho, tựu trường, Black Friday... CellphoneS hỗ trợ trả góp lãi suất thấp với chi phí hợp lý. Ngoài ra, chính sách bảo hành rõ ràng và dịch vụ giao hàng nhanh cũng sẽ khiến khách hàng hài lòng.","{""Công nghệ âm thanh"": [{""name"": ""Công nghệ âm thanh"", ""value"": ""Chống ồn chủ động ANC\nHi-Res""}, {""name"": ""Micro"", ""value"": ""Có (3 + 3 micro)""}, {""name"": ""Loa"", ""value"": ""Driver 13mm""}, {""name"": ""Tính năng"", ""value"": ""Chống ồn, Điều khiển giọng nói, Có mic đàm thoại""}], ""Khả năng kết nối"": [{""name"": ""Kết nối"", ""value"": ""Không dây""}, {""name"": ""Bluetooth"", ""value"": ""6.0""}, {""name"": ""Ứng dụng kết nối"", ""value"": ""BASEUS""}, {""name"": ""Phạm vi kết nối cho phép"", ""value"": ""10m""}], ""Thời lượng pin - sạc"": [{""name"": ""Dung lượng pin"", ""value"": ""Tai nghe: 40 mAh\nHộp sạc: 500 mAh""}, {""name"": ""Thời lượng sử dụng Pin"", ""value"": ""Tai nghe: 7 giờ\nHộp sạc: 40 giờ""}, {""name"": ""Cổng sạc"", ""value"": ""Type-C""}, {""name"": ""Thời gian sạc"", ""value"": ""1.5 giờ""}, {""name"": ""Tính năng sạc"", ""value"": ""Sạc nhanh: 10 phút = 2 giờ""}], ""Điều khiển"": [{""name"": ""Phương thức điều khiển"", ""value"": ""Cảm ứng chạm\nĐiều khiển qua ứng dụng""}], ""Tính năng - Tiện ích khác"": [{""name"": ""Tính năng khác"", ""value"": ""Chống nước & bụi: IP55\nĐộ trễ thấp: 0.06s""}], ""Thông tin hãng"": [{""name"": ""Hãng sản xuất"", ""value"": ""Baseus""}]}","[""https://cdn2.cellphones.com.vn/x/media/catalog/product/t/a/tai-nghe-bluetooth-true-wireless-baseus-bass-bs1-nc-_2_.png"", ""https://cdn2.cellphones.com.vn/x/media/catalog/product/t/a/tai-nghe-bluetooth-true-wireless-baseus-bass-bs1-nc-black_5_.jpg"", ""https://cdn2.cellphones.com.vn/x/media/catalog/product/t/a/tai-nghe-bluetooth-true-wireless-baseus-bass-bs1-nc-black_3_.jpg"", ""https://cdn2.cellphones.com.vn/x/media/catalog/product/t/a/tai-nghe-bluetooth-true-wireless-baseus-bass-bs1-nc-black_4_.jpg"", ""https://cdn2.cellphones.com.vn/x/media/catalog/product/t/a/tai-nghe-bluetooth-true-wireless-baseus-bass-bs1-nc-black_1_.jpg"", ""https://cdn2.cellphones.com.vn/x/media/catalog/product/t/a/tai-nghe-bluetooth-true-wireless-baseus-bass-bs1-nc-black_2_.jpg"", ""https://cdn2.cellphones.com.vn/x/media/catalog/product/t/a/tai-nghe-bluetooth-true-wireless-baseus-bass-bs1-nc-black_8_.jpg"", ""https://cdn2.cellphones.com.vn/x/media/catalog/product/t/a/tai-nghe-bluetooth-true-wireless-baseus-bass-bs1-nc-white_3_.jpg"", ""https://cdn2.cellphones.com.vn/x/media/catalog/product/t/a/tai-nghe-bluetooth-true-wireless-baseus-bass-bs1-nc-white_4_.jpg"", ""https://cdn2.cellphones.com.vn/x/media/catalog/product/t/a/tai-nghe-bluetooth-true-wireless-baseus-bass-bs1-nc-white_5_.jpg"", ""https://cdn2.cellphones.com.vn/x/media/catalog/product/t/a/tai-nghe-bluetooth-true-wireless-baseus-bass-bs1-nc-white_6_.jpg"", ""https://cdn2.cellphones.com.vn/x/media/catalog/product/t/a/tai-nghe-bluetooth-true-wireless-baseus-bass-bs1-nc-white_2_.jpg"", ""https://cdn2.cellphones.com.vn/x/media/catalog/product/t/a/tai-nghe-bluetooth-true-wireless-baseus-bass-bs1-nc-white_1_.jpg""]","{""product_color_1"": {""color"": ""Đen"", ""image_url"": ""https://cdn2.cellphones.com.vn/insecure/rs:fill:50:50/q:90/plain/https://cellphones.com.vn/media/catalog/product/t/a/tai-nghe-bluetooth-true-wireless-baseus-bass-bs1-nc-black_5__1.jpg"", ""image_url_display"": ""https://cellphones.com.vn/media/catalog/product/t/a/tai-nghe-bluetooth-true-wireless-baseus-bass-bs1-nc-black_5__1.jpg"", ""product_url"": ""https://cellphones.com.vn/tai-nghe-bluetooth-true-wireless-baseus-bass-bs1-nc.html?product_id=110090"", ""price"": ""650.000₫""}, ""product_color_2"": {""color"": ""Trắng"", ""image_url"": ""https://cdn2.cellphones.com.vn/insecure/rs:fill:50:50/q:90/plain/https://cellphones.com.vn/media/catalog/product/t/a/tai-nghe-bluetooth-true-wireless-baseus-bass-bs1-nc-white_3__1.jpg"", ""image_url_display"": ""https://cellphones.com.vn/media/catalog/product/t/a/tai-nghe-bluetooth-true-wireless-baseus-bass-bs1-nc-white_3__1.jpg"", ""product_url"": ""https://cellphones.com.vn/tai-nghe-bluetooth-true-wireless-baseus-bass-bs1-nc.html?product_id=110091"", ""price"": ""650.000₫""}}"
Tai nghe Bluetooth thể thao Baseus Eli Sport 2 Open-Ear,tai-nghe-khong-day-the-thao-baseus-eli-sport-2-open-ear,1.190.000đ,990.000đ,"Đặc điểm nổi bật
Tai nghe không dây thể thao Baseus Eli Sport 2 Open-Ear có trọng lượng siêu nhẹ chỉ 5g mỗi bên tai, màng loa phủ Titanium 17mm cùng thời lượng pin lên đến 45 giờ sử dụng. Tai nghe hỗ trợ chuẩn âm thanh LDAC đi kèm công nghệ AI ENC với 4 micro tích hợp. Sản phẩm sở hữu chuẩn Bluetooth 6.0 và hỗ trợ kết nối cùng lúc 2 thiết bị và tích hợp ứng dụng Baseus App.
Nội dung chính
1. So sánh tai nghe Baseus Eli Sport 2 Open-Ear với Baseus Eli Sport 1 Open-Ear
2. Tai nghe không dây thể thao Baseus Eli Sport 2 Open-Ear – Âm thanh chất lượng, thiết kế gọn nhẹ
2.1. Trải nghiệm nghe mở với chất lượng không dây
2.2. Cấu trúc mở hiện đại, đeo thoáng và nhẹ
2.3. Giao tiếp rõ nét và bền bỉ trong khi vận động
2.4. Dùng cả ngày, sạc nhanh trong vài phút
2.5. Linh hoạt đa thiết bị, điều khiển qua app riêng
3. Mua ngay tai nghe không dây thể thao Baseus Eli Sport 2 Open-Ear chính hãng tại CellphoneS
So sánh tai nghe Baseus Eli Sport 2 Open-Ear với Baseus Eli Sport 1 Open-Ear
Baseus Eli Sport 2 Open-Ear là thế hệ kế nhiệm của Baseus Eli Sport 1 Open-Ear. Vậy hai thế hệ tai nghe này có gì khác biệt không, hãy cùng so sánh chi tiết:
Thông số
Tai nghe Bluetooth thể thao Baseus Eli Sport 2 Open-Ear
Tai nghe Bluetooth thể thao Baseus Eli Sport 1 Open-Ear
Công nghệ âm thanh
Hi-Res Audio
Dynamic Driver 16.2 mm
Micro
Có (4 micro)
Có
2 mic AI
Thời lượng sử dụng Pin
Tai nghe: 7 giờ
Hộp sạc: 45 giờ
Pin tai nghe: Dùng 7.5 giờ
Pin hộp sạc: Dùng 30 giờ
Tính năng khác
Chống ồn môi trường ENC
Độ trễ thấp: 0.06s
Kháng nước, bụi: IP57
Chống nước IPX4
Hãng sản xuất
Baseus
Baseus
Tai nghe không dây thể thao Baseus Eli Sport 2 Open-Ear – Âm thanh chất lượng, thiết kế gọn nhẹ
Tai nghe không dây thể thao Baseus Eli Sport 2 Open-Ear là sự lựa chọn lý tưởng cho những ai yêu thích vận động, mang đến trải nghiệm âm thanh sống động. Thiết kế mở độc đáo của tai nghe Baseus này mang lại cảm giác thoải mái vượt trội trong mọi hoạt động.
Trải nghiệm nghe mở với chất lượng không dây
Baseus Eli Sport 2 được trang bị màng loa động có đường kính 17mm, phủ lớp Titanium nhằm tăng cường độ cứng và cải thiện khả năng tái tạo âm thanh. Thiết kế Open-Ear, không nhét tai, không chỉ giữ nguyên chất lượng âm thanh mà còn mang lại cảm giác thoải mái, tự nhiên.
Tai nghe không dây thể thao Baseus Eli Sport 2 Open-Ear hỗ trợ chuẩn truyền tải âm thanh chất lượng cao LDAC, cho phép truyền dữ liệu ở băng thông cao. Điều này giúp giữ lại nhiều chi tiết âm thanh hơn khi phát nhạc từ nguồn có chất lượng cao.
Cấu trúc mở hiện đại, đeo thoáng và nhẹ
Tai nghe sử dụng thiết kế dạng Open-Ear treo vành tai, giúp âm thanh được truyền đến tai mà không bịt kín ống tai. Từ đó mang lại cảm giác thoáng khí và giảm áp lực lên tai khi đeo lâu. Thiết kế này phù hợp cho người luyện tập thể thao hoặc cần nghe âm thanh môi trường xung quanh.
Toàn bộ thân tai nghe được chế tạo từ chất liệu nhựa ABS + PC, tạo nên kết cấu cứng cáp mà vẫn giữ được trọng lượng nhẹ. Mỗi bên tai chỉ nặng khoảng 5 gram, mang đến trải nghiệm đeo gần như không trọng lượng, đặc biệt phù hợp khi sử dụng trong thời gian dài.
Giao tiếp rõ nét và bền bỉ trong khi vận động
Tai nghe không dây thể thao Baseus Eli Sport 2 Open-Ear được trang bị tổng cộng 4 microphone, chia đều trên hai bên tai. Khi kết hợp với thuật toán AI ENC, giúp cải thiện chất lượng cuộc gọi trong môi trường nhiều tiếng ồn. Tính năng lọc gió thông minh giúp người dùng giao tiếp rõ ràng hơn khi đang di chuyển ngoài trời.
Tai nghe được chứng nhận chuẩn kháng nước IP57, đảm bảo hoạt động ổn định trong điều kiện có mồ hôi, mưa nhẹ hoặc bụi bẩn. Điều này giúp nâng cao độ bền của thiết bị khi sử dụng trong các buổi tập thể dục hoặc các hoạt động ngoài trời. Tuy nhiên, nhà sản xuất khuyến cáo không nên dùng tai nghe quá lâu ở dưới nước.
Dùng cả ngày, sạc nhanh trong vài phút
Tai nghe sở hữu thời lượng pin khoảng 7 giờ liên tục với mức âm lượng 50%, đáp ứng đủ nhu cầu sử dụng trong một buổi tập hoặc ngày làm việc. Khi kết hợp với hộp sạc đi kèm, thời gian sử dụng có thể kéo dài tổng cộng lên đến 45 giờ.
Tai nghe không dây thể thao Baseus Eli Sport 2 Open-Ear còn trang bị công nghệ Baseus Rapid Charge cho phép sạc nhanh 10 phút để dùng được khoảng 2 giờ. Tai nghe sạc đầy trong khoảng 1,5 giờ qua cổng USB-C tiện lợi.
Linh hoạt đa thiết bị, điều khiển qua app riêng
Tai nghe sử dụng chuẩn Bluetooth 6.0, đảm bảo kết nối ổn định trong phạm vi khoảng 10 mét mà không bị gián đoạn. Ngoài ra, tính năng Smart Connect cho phép tai nghe kết nối cùng lúc với 2 thiết bị khác nhau.
Bên cạnh đó, người dùng cũng có thể quản lý và tùy chỉnh tai nghe thông qua ứng dụng Baseus App. Ứng dụng cho phép điều chỉnh EQ và theo dõi dung lượng pin từng bên tai. Người dùng cũng có thể cập nhật firmware để tối ưu hóa hiệu năng.
Mua ngay tai nghe không dây thể thao Baseus Eli Sport 2 Open-Ear chính hãng tại CellphoneS
Mua ngay tai nghe không dây thể thao Baseus Eli Sport 2 Open-Ear chính hãng tại CellphoneS để nhận nhiều ưu đãi hấp dẫn! Sản phẩm được bảo hành chính hãng, giúp yên tâm sử dụng lâu dài. Bên cạnh đó, giá bán đã bao gồm VAT, không phát sinh thêm chi phí. Đừng bỏ lỡ cơ hội sở hữu chiếc tai nghe thể thao hiện đại, thiết kế mở tai thoáng khí, đeo thoải mái cả ngày dài này tại CellphoneS!","{""Công nghệ âm thanh"": [{""name"": ""Công nghệ âm thanh"", ""value"": ""Hi-Res Audio""}, {""name"": ""Micro"", ""value"": ""Có (4 micro)""}, {""name"": ""Loa"", ""value"": ""Màng loa: 17 mm""}, {""name"": ""Tính năng"", ""value"": ""Điều khiển giọng nói, Có mic đàm thoại""}], ""Khả năng kết nối"": [{""name"": ""Số thiết bị kết nối cùng lúc"", ""value"": ""2""}, {""name"": ""Kết nối"", ""value"": ""Không dây""}, {""name"": ""Bluetooth"", ""value"": ""6.0""}, {""name"": ""Ứng dụng kết nối"", ""value"": ""Baseus""}, {""name"": ""Phạm vi kết nối cho phép"", ""value"": ""10 m""}], ""Thời lượng pin - sạc"": [{""name"": ""Thời lượng sử dụng Pin"", ""value"": ""Tai nghe: 7 giờ\nHộp sạc: 45 giờ""}, {""name"": ""Cổng sạc"", ""value"": ""USB-C""}, {""name"": ""Thời gian sạc"", ""value"": ""1.5 giờ""}, {""name"": ""Tính năng sạc"", ""value"": ""Sạc nhanh: 10 phút = 2.5 giờ""}], ""Tính năng - Tiện ích khác"": [{""name"": ""Tính năng khác"", ""value"": ""Chống ồn môi trường ENC\nĐộ trễ thấp: 0.06s\nKháng nước, bụi: IP57""}], ""Thông tin hãng"": [{""name"": ""Hãng sản xuất"", ""value"": ""Baseus""}]}","[""https://cdn2.cellphones.com.vn/x/media/catalog/product/t/a/tai-nghe-khong-day-the-thao-baseus-eli-sport-2-open-ear-_2_.png"", ""https://cdn2.cellphones.com.vn/x/media/catalog/product/t/a/tai-nghe-khong-day-the-thao-baseus-eli-sport-2-open-ear_8_.jpg"", ""https://cdn2.cellphones.com.vn/x/media/catalog/product/t/a/tai-nghe-khong-day-the-thao-baseus-eli-sport-2-open-ear_9_.jpg"", ""https://cdn2.cellphones.com.vn/x/media/catalog/product/t/a/tai-nghe-khong-day-the-thao-baseus-eli-sport-2-open-ear_1_.png"", ""https://cdn2.cellphones.com.vn/x/media/catalog/product/t/a/tai-nghe-khong-day-the-thao-baseus-eli-sport-2-open-ear_10_.jpg"", ""https://cdn2.cellphones.com.vn/x/media/catalog/product/t/a/tai-nghe-khong-day-the-thao-baseus-eli-sport-2-open-ear_1_.jpg"", ""https://cdn2.cellphones.com.vn/x/media/catalog/product/t/a/tai-nghe-khong-day-the-thao-baseus-eli-sport-2-open-ear_11_.jpg"", ""https://cdn2.cellphones.com.vn/x/media/catalog/product/t/a/tai-nghe-khong-day-the-thao-baseus-eli-sport-2-open-ear_2_.jpg"", ""https://cdn2.cellphones.com.vn/x/media/catalog/product/t/a/tai-nghe-khong-day-the-thao-baseus-eli-sport-2-open-ear_6_.jpg"", ""https://cdn2.cellphones.com.vn/x/media/catalog/product/t/a/tai-nghe-khong-day-the-thao-baseus-eli-sport-2-open-ear_3_.jpg"", ""https://cdn2.cellphones.com.vn/x/media/catalog/product/t/a/tai-nghe-khong-day-the-thao-baseus-eli-sport-2-open-ear_3_.png"", ""https://cdn2.cellphones.com.vn/x/media/catalog/product/t/a/tai-nghe-khong-day-the-thao-baseus-eli-sport-2-open-ear_2_.png"", ""https://cdn2.cellphones.com.vn/x/media/catalog/product/t/a/tai-nghe-khong-day-the-thao-baseus-eli-sport-2-open-ear_5_.png"", ""https://cdn2.cellphones.com.vn/x/media/catalog/product/t/a/tai-nghe-khong-day-the-thao-baseus-eli-sport-2-open-ear_4_.png"", ""https://cdn2.cellphones.com.vn/x/media/catalog/product/t/a/tai-nghe-khong-day-the-thao-baseus-eli-sport-2-open-ear_6_.png""]","{""product_color_1"": {""color"": ""Xanh lá"", ""image_url"": ""https://cdn2.cellphones.com.vn/insecure/rs:fill:50:50/q:90/plain/https://cellphones.com.vn/media/catalog/product/t/a/tai-nghe-khong-day-the-thao-base.jpg"", ""image_url_display"": ""https://cellphones.com.vn/media/catalog/product/t/a/tai-nghe-khong-day-the-thao-base.jpg"", ""product_url"": ""https://cellphones.com.vn/tai-nghe-khong-day-the-thao-baseus-eli-sport-2-open-ear.html?product_id=109180"", ""price"": ""990.000₫""}, ""product_color_2"": {""color"": ""Trắng"", ""image_url"": ""https://cdn2.cellphones.com.vn/insecure/rs:fill:50:50/q:90/plain/https://cellphones.com.vn/media/catalog/product/t/a/tai-nghe-khong-day-the-thao-baseus-eli-sport-2-open-ear_1__1.png"", ""image_url_display"": ""https://cellphones.com.vn/media/catalog/product/t/a/tai-nghe-khong-day-the-thao-baseus-eli-sport-2-open-ear_1__1.png"", ""product_url"": ""https://cellphones.com.vn/tai-nghe-khong-day-the-thao-baseus-eli-sport-2-open-ear.html?product_id=109179"", ""price"": ""990.000₫""}, ""product_color_3"": {""color"": ""Đen"", ""image_url"": ""https://cdn2.cellphones.com.vn/insecure/rs:fill:50:50/q:90/plain/https://cellphones.com.vn/media/catalog/product/t/a/tai-nghe-khong-day-the-thao-baseus-eli-sport-2-open-ear_8__1.jpg"", ""image_url_display"": ""https://cellphones.com.vn/media/catalog/product/t/a/tai-nghe-khong-day-the-thao-baseus-eli-sport-2-open-ear_8__1.jpg"", ""product_url"": ""https://cellphones.com.vn/tai-nghe-khong-day-the-thao-baseus-eli-sport-2-open-ear.html?product_id=109178"", ""price"": ""990.000₫""}}"
Tai nghe Bluetooth chụp tai Baseus Bass BH1 NC,tai-nghe-chup-tai-khong-day-baseus-bass-bh1-nc,1.090.000đ,785.000đ,"Đặc điểm nổi bật
Tai nghe chụp tai không dây Baseus Bass BH1 NC sử dụng công nghệ ANC tiên tiến, kết hợp cả hai loại khử ồn chủ động, giảm tiếng ồn xuống đến -45dB. Driver 40mm cùng màng Bio-Cellulose tạo ra âm thanh đạt chuẩn Hi-Res Audio chất lượng cao. Trọng lượng 235g và thiết kế CloudComfort cho cảm giác đeo êm ái.
Nội dung chính
1. Tai nghe chụp tai không dây Baseus Bass BH1 NC - Chìm đắm vào thế giới âm nhạc cá nhân
1.1. Âm thanh sống động, tái tạo chi tiết nhờ công nghệ cao
1.2. Kiểu dáng cong mềm mại, tiện lợi cùng màu thời thượng
1.3. Kết nối cuộc gọi rõ ràng với cảm biến âm thanh 5 mic AI
1.4. Pin bền bỉ, sạc nhanh giúp tận hưởng âm nhạc cả ngày
1.5. Kết nối đa thiết bị với BSC và điều khiển nhanh qua app
2. Mua ngay tai nghe chụp tai không dây Baseus Bass BH1 NC chính hãng tại CellphoneS
Tai nghe chụp tai không dây Baseus Bass BH1 NC - Chìm đắm vào thế giới âm nhạc cá nhân
Tai nghe chụp tai không dây Baseus Bass BH1 NC ra đời với nhiều tính năng công nghệ âm thanh hiện đại nhằm phục vụ nhu cầu nghe nhạc chất lượng cao. Tai nghe Baseus ghi dấu ấn với hiệu suất vượt trội cùng trải nghiệm linh hoạt.
Âm thanh sống động, tái tạo chi tiết nhờ công nghệ cao
Bass BH1 NC sử dụng hệ thống khử ồn 4 lớp và công nghệ kháng ồn chủ động Hybrid ANC để xử lý âm không mong muốn, đạt khả năng loại bỏ tiếng ồn lên đến -45dB. Với driver 40mm sử dụng vật liệu màng Bio-Cellulose, tai nghe tái tạo âm thanh với độ trong và chi tiết rõ nét. 
Baseus Bass BH1 NC cho âm thanh sống động
Tai nghe chụp tai không dây Baseus Bass BH1 NC đạt chuẩn Hi-Res Audio cả hai phiên bản có dây và không dây, cho âm thanh rõ gấp 3 lần nhờ truyền tải LDAC. Bên cạnh đó, SuperBass 2.0 Dynamic hoạt động thông minh bằng cách tự động hiệu chỉnh vùng tần thấp giúp duy trì độ sâu và lực mạnh của âm bass.
Kiểu dáng cong mềm mại, tiện lợi cùng màu thời thượng
Baseus Bass BH1 NC được hoàn thiện với các lựa chọn màu sắc hiện đại như trắng và đen. Sản phẩm có thiết kế CloudComfort với phần đệm tai mềm và băng đeo có lớp đệm ôm sát phần đầu, độ khít vừa phải. Với khối lượng 235g, tai nghe mang lại trải nghiệm đeo thoải mái kể cả khi người dùng sử dụng trong thời gian kéo dài.
Baseus Bass BH1 NC thiết kế bo tròn êm ái
Phần đệm tai có kích cỡ ngoài 8.1 × 10 cm, phần trong 3.8 × 5.8 cm phù hợp với đa số hình dạng tai. Độ dày 2.55 cm của đệm kết hợp lớp lót lưới thoáng giúp giảm tình trạng nóng bức khi đeo lâu. Đồng thời, đệm tai của tai nghe chụp tai không dây Baseus Bass BH1 NC xoay được 120 độ để người dùng điều chỉnh tìm góc đeo.
Kết nối cuộc gọi rõ ràng với cảm biến âm thanh 5 mic AI
Baseus Bass BH1 NC trang bị hệ thống micro đàm thoại kết hợp trí tuệ nhân tạo xử lý âm thanh cho cuộc gọi truyền tải rõ nét. Hệ thống bao gồm 5 bộ cảm biến thu âm, thuật toán AI làm rõ giọng nói và kỹ thuật ENC lọc tiếng ồn môi trường. 
Baseus Bass BH1 NC kết nối cuộc gọi rõ ràng
Đặc biệt là hệ thống 5 micro thu âm từ nhiều hướng, giúp tai nghe chụp tai không dây Baseus Bass BH1 NC bắt giọng nói chính xác hơn, truyền đi thông tin rõ hơn. Nhờ hệ thống trên, người nhận cuộc gọi có thể nghe được giọng nói sáng rõ ngay cả khi người gọi ở khu vực ồn ào như phố đông người hay quán café. 
Pin bền bỉ, sạc nhanh giúp tận hưởng âm nhạc cả ngày
Theo công bố của Baseus, hãng đã tích hợp viên pin dung lượng lớn cho tai nghe để duy trì thời gian hoạt động 80 giờ ở chế độ thường. Ở chế độ giảm ồn chủ động ANC, tai nghe vẫn vận hành ổn định đến 55 giờ liên tiếp. Với mức này, người dùng có thể nghe nhạc 8 giờ hàng ngày trong suốt tuần mà không cần nạp điện lại.
Baseus Bass BH1 NC có thời lượng sử dụng dài
Tính năng sạc nhanh cho phép tai nghe chụp tai không dây Baseus Bass BH1 NC chỉ cần 10 phút sạc để sử dụng được thêm 10 giờ, tiện lợi khi cần dùng gấp. Người dùng cần lưu ý rằng thông số này từ hãng chỉ mang tính tham khảo, thực tế có thể có chút khác biệt do ảnh hưởng từ những điều kiện cụ thể.
Kết nối đa thiết bị với BSC và điều khiển nhanh qua app
Công nghệ Baseus Smart-Connect (BSC) hỗ trợ tai nghe ghép nối với hai thiết bị cùng lúc, tăng tính tiện lợi khi sử dụng. Công nghệ BSC cho phép người dùng chuyển đổi giữa các thiết bị kết nối như điện thoại và laptop mà không gặp tình trạng trễ tín hiệu.
Baseus Bass BH1 NC kết nối đa thiết bị
Ứng dụng điều khiển riêng cho phép người dùng tùy biến trải nghiệm âm thanh theo sở thích cho tai nghe chụp tai không dây Baseus Bass BH1 NC. Người dùng có thể điều chỉnh các chế độ xử lý tiếng ồn, âm thanh không gian và thiết lập bộ cân bằng theo ý muốn để thưởng thức âm nhạc theo phong cách cá nhân.
Mua ngay tai nghe chụp tai không dây Baseus Bass BH1 NC chính hãng tại CellphoneS
Khách hàng quan tâm có thể đến cửa hàng CellphoneS để sở hữu tai nghe chụp tai không dây Baseus Bass BH1 NC với giá cạnh tranh. Hệ thống mang đến lựa chọn trả góp 0% linh hoạt, hỗ trợ chia nhỏ chi phí không lãi suất. CellphoneS chú trọng trải nghiệm mua sắm với dịch vụ tư vấn thân thiện, hỗ trợ chu đáo. Hệ thống phân phối hàng chính hãng và bảo hành đáng tin cậy giúp khách hàng yên tâm lựa chọn.","{""Kích thước & Trọng lượng"": [{""name"": ""Trọng lượng"", ""value"": ""235 g""}], ""Công nghệ âm thanh"": [{""name"": ""Công nghệ âm thanh"", ""value"": ""Chống ồn môi trường ENC\nChống ồn chủ động ANC\nHi-Res Audio\nHi-Res Audio Wireless\nSuperBass 2.0""}, {""name"": ""Micro"", ""value"": ""Có""}, {""name"": ""Loa"", ""value"": ""Driver: 40 mm""}, {""name"": ""Tính năng"", ""value"": ""Chống ồn, Điều khiển giọng nói, Có mic đàm thoại""}], ""Khả năng kết nối"": [{""name"": ""Số thiết bị kết nối cùng lúc"", ""value"": ""2""}, {""name"": ""Kết nối"", ""value"": ""Không dây""}, {""name"": ""Bluetooth"", ""value"": ""6.0""}, {""name"": ""Ứng dụng kết nối"", ""value"": ""BASEUS Smart-Connect""}, {""name"": ""Phạm vi kết nối cho phép"", ""value"": ""10m""}], ""Thời lượng pin - sạc"": [{""name"": ""Thời lượng sử dụng Pin"", ""value"": ""Tắt ANC: 80 giờ\nBật ANC: 55 giờ""}, {""name"": ""Cổng sạc"", ""value"": ""Type-C""}, {""name"": ""Tính năng sạc"", ""value"": ""Sạc nhanh 10 phút = 10 giờ dùng""}], ""Điều khiển"": [{""name"": ""Phương thức điều khiển"", ""value"": ""Nút bấm vật lý\nĐiều khiển qua ứng dụng""}], ""Thông tin hãng"": [{""name"": ""Hãng sản xuất"", ""value"": ""Baseus""}]}","[""https://cdn2.cellphones.com.vn/x/media/catalog/product/t/a/tai-nghe-chup-tai-khong-day-baseus-bass-bh1-nc_4_.png"", ""https://cdn2.cellphones.com.vn/x/media/catalog/product/t/a/tai-nghe-chup-tai-khong-day-baseus-bass-bh1-nc_1_.png"", ""https://cdn2.cellphones.com.vn/x/media/catalog/product/t/a/tai-nghe-chup-tai-khong-day-baseus-bass-bh1-nc_9_.png"", ""https://cdn2.cellphones.com.vn/x/media/catalog/product/t/a/tai-nghe-chup-tai-khong-day-baseus-bass-bh1-nc_11_.png"", ""https://cdn2.cellphones.com.vn/x/media/catalog/product/t/a/tai-nghe-chup-tai-khong-day-baseus-bass-bh1-nc_10_.png"", ""https://cdn2.cellphones.com.vn/x/media/catalog/product/t/a/tai-nghe-chup-tai-khong-day-baseus-bass-bh1-nc_7_.png"", ""https://cdn2.cellphones.com.vn/x/media/catalog/product/t/a/tai-nghe-chup-tai-khong-day-baseus-bass-bh1-nc_8_.png"", ""https://cdn2.cellphones.com.vn/x/media/catalog/product/t/a/tai-nghe-chup-tai-khong-day-baseus-bass-bh1-nc_6_.png"", ""https://cdn2.cellphones.com.vn/x/media/catalog/product/t/a/tai-nghe-chup-tai-khong-day-baseus-bass-bh1-nc_5_.png"", ""https://cdn2.cellphones.com.vn/x/media/catalog/product/t/a/tai-nghe-chup-tai-khong-day-baseus-bass-bh1-nc_2_.png"", ""https://cdn2.cellphones.com.vn/x/media/catalog/product/t/a/tai-nghe-chup-tai-khong-day-baseus-bass-bh1-nc_3_.png""]","{""product_color_1"": {""color"": ""Hồng"", ""image_url"": ""https://cdn2.cellphones.com.vn/insecure/rs:fill:50:50/q:90/plain/https://cellphones.com.vn/media/catalog/product/p/_/p_3.jpg"", ""image_url_display"": ""https://cellphones.com.vn/media/catalog/product/p/_/p_3.jpg"", ""product_url"": ""https://cellphones.com.vn/tai-nghe-chup-tai-khong-day-baseus-bass-bh1-nc.html?product_id=116710"", ""price"": ""785.000₫""}, ""product_color_2"": {""color"": ""Đen"", ""image_url"": ""https://cdn2.cellphones.com.vn/insecure/rs:fill:50:50/q:90/plain/https://cellphones.com.vn/media/catalog/product/t/a/tai-nghe-chup-tai-khong-day-base_1_.jpg"", ""image_url_display"": ""https://cellphones.com.vn/media/catalog/product/t/a/tai-nghe-chup-tai-khong-day-base_1_.jpg"", ""product_url"": ""https://cellphones.com.vn/tai-nghe-chup-tai-khong-day-baseus-bass-bh1-nc.html?product_id=116709"", ""price"": ""785.000₫""}, ""product_color_3"": {""color"": ""Trắng"", ""image_url"": ""https://cdn2.cellphones.com.vn/insecure/rs:fill:50:50/q:90/plain/https://cellphones.com.vn/media/catalog/product/t/a/tai-nghe-chup-tai-khong-day-baseus-bass-bh1-nc_9__1.png"", ""image_url_display"": ""https://cellphones.com.vn/media/catalog/product/t/a/tai-nghe-chup-tai-khong-day-baseus-bass-bh1-nc_9__1.png"", ""product_url"": ""https://cellphones.com.vn/tai-nghe-chup-tai-khong-day-baseus-bass-bh1-nc.html?product_id=115824"", ""price"": ""785.000₫""}}"
Tai nghe không dây chống ồn Baseus Bowie M2S Ultra,tai-nghe-khong-day-baseus-bowie-m2s-ultra,2.390.000đ,1.390.000đ,"Đặc điểm nổi bật
Tai nghe không dây Baseus Bowie M2S Ultra sở hữu công nghệ Hi-Res Audio Wireless với chuẩn LHDC 96kHz/24bit, mang đến chất âm chi tiết và trung thực. Hệ thống chống ồn chủ động (ANC) của tai nghe đạt 52dB với phạm vi rộng 5000Hz, giúp loại bỏ đáng kể tạp âm môi trường. Cùng với đó là Bluetooth 5.4 mang tới cho tai nghe khả năng kết nối ổn định.
Lưu ý: Thông tin bài viết dựa trên các tin đồn, chưa phải thông tin chính thức của tai nghe không dây Baseus Bowie M2S Ultra. Thông tin chính thức về tai nghe không dây Baseus Bowie M2S Ultra sẽ được cập nhật khi sản phẩm chính thức ra mắt.
Nội dung chính
1. Tai nghe không dây Baseus Bowie M2S Ultra - Chất âm sống động, thời lượng pin lớn
1.1. Âm thanh chất lượng cao, loại bỏ tạp âm mạnh mẽ
1.2. Thiết kế hiện đại, sang trọng, hộp sạc hiển thị trực quan
1.3. Micro AI kép giúp thu âm giọng nói rõ ràng, lọc tiếng ồn tốt
1.4. Thời lượng pin ấn tượng suốt nhiều giờ chỉ sau 1 lần sạc
2. Mua ngay tai nghe không dây Baseus Bowie M2S Ultra chính hãng tại CellphoneS
Tai nghe không dây Baseus Bowie M2S Ultra - Chất âm sống động, thời lượng pin lớn
Baseus Bowie M2S Ultra là tai nghe không dây cao cấp được thiết kế để mang đến chất âm chân thực. Không chỉ có khả năng phát nhạc chất lượng cao, mẫu tai nghe Baseus này còn sở hữu công nghệ hiện đại giúp nâng cao trải nghiệm nghe của người dùng.
Âm thanh chất lượng cao, loại bỏ tạp âm mạnh mẽ
Chất lượng âm thanh luôn là yếu tố quan trọng khi lựa chọn tai nghe, và Baseus Bowie M2S Ultra đã không làm người dùng thất vọng với hàng loạt các nâng cấp mạnh mẽ. Nhờ được chứng nhận Hi-Res Audio Wireless, tai nghe không dây Baseus Bowie M2S Ultra hỗ trợ chuẩn LHDC 96kHz/24bit.
Nhờ vậy mà Baseus Bowie M2S Ultra đảm bảo giúp tái tạo âm thanh sắc nét với độ sâu và chi tiết cao. Người dùng có thể cảm nhận được sự rõ ràng trong từng nốt nhạc, từ âm bass trầm ấm đến âm cao trong trẻo.
Ngoài ra, công nghệ chống ồn chủ động (ANC) 52dB còn giúp giảm thiểu đáng kể tiếng ồn từ môi trường. Với phạm vi khử ồn rộng 5000Hz, thiết bị có thể loại bỏ nhiều loại tạp âm, từ giọng nói, tiếng xe cộ cho đến tiếng ồn công trường. Nhờ vậy, người dùng có thể tận hưởng âm nhạc hoặc tập trung làm việc mà không bị gián đoạn bởi âm thanh bên ngoài.
Thiết kế hiện đại, sang trọng, hộp sạc hiển thị trực quan
Không chỉ tập trung vào chất lượng âm thanh, Baseus còn mang đến một thiết kế đột phá với màn hình LCD cảm ứng tích hợp trên hộp sạc. Màn hình này không chỉ hiển thị thông tin pin mà còn hỗ trợ điều chỉnh âm lượng, chế độ chống ồn và tùy chỉnh cử chỉ điều khiển. Đây là cải tiến tiện lợi, cho phép kiểm soát dễ dàng tai nghe mà không cần sử dụng điện thoại.
Về tổng thể, Baseus Bowie M2S Ultra có kiểu dáng hiện đại, phần Housing được thiết kế tối ưu để vừa vặn với tai, đảm bảo cảm giác thoải mái khi đeo trong thời gian dài. Đồng thời, vật liệu cao cấp cùng lớp hoàn thiện tỉ mỉ cũng giúp tăng độ bền cho tai nghe không dây Baseus Bowie M2S Ultra, mang đến vẻ ngoài sang trọng.
Micro AI kép giúp thu âm giọng nói rõ ràng, lọc tiếng ồn tốt
Baseus Bowie M2S Ultra được trang bị hệ thống micro AI kép với công nghệ lọc tiếng ồn tiên tiến. Nhờ thuật toán AI mạnh mẽ, tai nghe không dây Baseus Bowie M2S Ultra có khả năng giảm nhiễu từ gió, giúp chất lượng cuộc gọi ổn định ngay cả khi người dùng di chuyển ngoài trời.
Bên cạnh đó, micro độ phân giải cao còn giúp tai nghe thu âm giọng nói một cách rõ ràng, đảm bảo chất lượng đàm thoại tốt ngay cả trong điều kiện nhiều tiếng ồn nền. Đây là một tính năng hữu ích đối với người dùng thường xuyên thực hiện cuộc gọi hoặc tham gia các cuộc họp trực tuyến.
Thời lượng pin ấn tượng suốt nhiều giờ chỉ sau 1 lần sạc
Về thời lượng pin, Baseus Bowie M2S Ultra cũng không hề tỏ ra kém cạnh với các đối thủ cùng phân khúc khác nhờ sở hữu khả năng hoạt động liên tục 7 giờ khi tắt chống ồn. Nếu kết hợp với hộp sạc, tai nghe có thể được sử dụng liền mạch suốt cả ngày dài, cho phép thoải mái nghe nhạc, làm việc mà không lo phải nạp pin giữa chừng.
Đặc biệt, công nghệ sạc BRC (Baseus Rapid Charge) còn cho phép tai nghe nạp pin nhanh chỉ trong 10 phút nhưng vẫn có thể thoải mái sử dụng trong 2 giờ tiếp theo đó. Điều này mang lại sự tiện lợi cho những ai thường xuyên di chuyển hoặc có nhu cầu sử dụng liên tục mà không muốn chờ đợi lâu.
Mua ngay tai nghe không dây Baseus Bowie M2S Ultra chính hãng tại CellphoneS
Mua tai nghe không dây Baseus Bowie M2S Ultra chính hãng tại CellphoneS ngay hôm nay để đảm bảo chất lượng và bảo hành đầy đủ. Tại đây, hệ thống cung cấp nhiều ưu đãi hấp dẫn, bao gồm trả góp 0%, giao hàng nhanh, cùng chính sách đổi trả linh hoạt trong 30 ngày. 
Đồng thời, người tiêu dùng còn có thể đặt hàng online hoặc mua sắm trực tiếp tại cửa hàng với mức giá cạnh tranh. Trải nghiệm công nghệ âm thanh tiên tiến từ Baseus ngay hôm nay tại CellphoneS nhé!","{""Kích thước & Trọng lượng"": [{""name"": ""Kích thước"", ""value"": ""Tai nghe: 52 x 62 mm\nHộp sạc: 29 x 21 mm""}], ""Công nghệ âm thanh"": [{""name"": ""Công nghệ âm thanh"", ""value"": ""Beasus Tech-Pack\nCodec LHDC 5.0\nGame Mode\nChống ồn chủ động""}, {""name"": ""Micro"", ""value"": ""4 Micro ENC""}, {""name"": ""Tính năng"", ""value"": ""Chống ồn, Có mic đàm thoại""}], ""Khả năng kết nối"": [{""name"": ""Số thiết bị kết nối cùng lúc"", ""value"": ""1 thiết bị""}, {""name"": ""Kết nối"", ""value"": ""Không dây""}, {""name"": ""Bluetooth"", ""value"": ""5.4""}, {""name"": ""Ứng dụng kết nối"", ""value"": ""BASEUS""}, {""name"": ""Phạm vi kết nối cho phép"", ""value"": ""~10m""}], ""Thời lượng pin - sạc"": [{""name"": ""Dung lượng pin"", ""value"": ""Tai nghe: 35 mAh\nHộp sạc: 600 mAh""}, {""name"": ""Thời lượng sử dụng Pin"", ""value"": ""Tai nghe: 7 giờ\nHộp sạc: 25 giờ""}, {""name"": ""Cổng sạc"", ""value"": ""USB-C""}, {""name"": ""Thời gian sạc"", ""value"": ""1.5 giờ""}, {""name"": ""Tính năng sạc"", ""value"": ""Sạc nhanh 10 phút""}], ""Điều khiển"": [{""name"": ""Phương thức điều khiển"", ""value"": ""Cảm ứng chạm""}], ""Tính năng - Tiện ích khác"": [{""name"": ""Tính năng khác"", ""value"": ""Chống ồn lên đến 52 dB""}], ""Thông tin hãng"": [{""name"": ""Hãng sản xuất"", ""value"": ""Baseus""}]}","[""https://cdn2.cellphones.com.vn/x/media/catalog/product/t/a/tai-nghe-khong-day-baseus-bowie-m2s-ultra_2_.png"", ""https://cdn2.cellphones.com.vn/x/media/catalog/product/t/a/tai-nghe-khong-day-baseus-bowie-m2s-ultra_9_.png"", ""https://cdn2.cellphones.com.vn/x/media/catalog/product/t/a/tai-nghe-khong-day-baseus-bowie-m2s-ultra_3_.png"", ""https://cdn2.cellphones.com.vn/x/media/catalog/product/t/a/tai-nghe-khong-day-baseus-bowie-m2s-ultra_5_.png"", ""https://cdn2.cellphones.com.vn/x/media/catalog/product/t/a/tai-nghe-khong-day-baseus-bowie-m2s-ultra_6_.png"", ""https://cdn2.cellphones.com.vn/x/media/catalog/product/t/a/tai-nghe-khong-day-baseus-bowie-m2s-ultra_7_.png"", ""https://cdn2.cellphones.com.vn/x/media/catalog/product/t/a/tai-nghe-khong-day-baseus-bowie-m2s-ultra_8_.png"", ""https://cdn2.cellphones.com.vn/x/media/catalog/product/t/a/tai-nghe-khong-day-baseus-bowie-m2s-ultra_4_.png""]","{""product_color_1"": {""color"": ""Đen"", ""image_url"": ""https://cdn2.cellphones.com.vn/insecure/rs:fill:50:50/q:90/plain/https://cellphones.com.vn/media/catalog/product/t/a/tai-nghe-khong-day-baseus-bowie-m2s-ultra_2__1.png"", ""image_url_display"": ""https://cellphones.com.vn/media/catalog/product/t/a/tai-nghe-khong-day-baseus-bowie-m2s-ultra_2__1.png"", ""product_url"": ""https://cellphones.com.vn/tai-nghe-khong-day-baseus-bowie-m2s-ultra.html?product_id=101201"", ""price"": ""1.390.000₫""}, ""product_color_2"": {""color"": ""Trắng"", ""image_url"": ""https://cdn2.cellphones.com.vn/insecure/rs:fill:50:50/q:90/plain/https://cellphones.com.vn/media/catalog/product/t/a/tai-nghe-khong-day-baseus-bowie-m2s-ultra_9__1.png"", ""image_url_display"": ""https://cellphones.com.vn/media/catalog/product/t/a/tai-nghe-khong-day-baseus-bowie-m2s-ultra_9__1.png"", ""product_url"": ""https://cellphones.com.vn/tai-nghe-khong-day-baseus-bowie-m2s-ultra.html?product_id=101202"", ""price"": ""1.390.000₫""}}"
Tai nghe Bluetooth chụp tai Baseus Bass BH1,tai-nghe-chup-tai-bluetooth-baseus-bass-bh1,890.000đ,590.000đ,"Đặc điểm nổi bật
Tai nghe chụp tai Bluetooth Baseus Bass BH1 nổi bật với chất âm mạnh mẽ, sử dụng màng loa Dynamic Super Bass 40mm cho âm trầm sâu, dày và chi tiết. Sản phẩm mang đến thời lượng pin lên tới 80 giờ, đáp ứng nhu cầu nghe nhạc cả ngày dài. Tai nghe được tích hợp Bluetooth 6.0, giúp truyền âm thanh ổn định.
Nội dung chính
1. Tai nghe chụp tai Bluetooth Baseus Bass BH1 – Âm trầm mạnh mẽ
1.1. Âm trầm mạnh mẽ với Dynamic Super Bass 40mm
1.2. Thiết kế tinh tế, thoải mái
1.3. AI ENC – Giọng nói rõ ràng, truyền tải tự nhiên
1.4. Pin khủng 80 giờ
1.5. Kết nối linh hoạt với Baseus Smart-Connect
2. Mua tai nghe chụp tai Bluetooth Baseus Bass BH1 với giá tốt tại CellphoneS
Tai nghe chụp tai Bluetooth Baseus Bass BH1 – Âm trầm mạnh mẽ
Tai nghe Baseus Bass BH1 là lựa chọn lý tưởng cho ai muốn tận hưởng chất lượng âm thanh sống động, chân thực. Sản phẩm mang phong cách hiện đại, thiết kế tinh tế và trải nghiệm sử dụng tiện lợi, phù hợp cho mọi nhu cầu giải trí hằng ngày.
Âm trầm mạnh mẽ với Dynamic Super Bass 40mm
Tai nghe chụp tai Bluetooth Baseus Bass BH1 được trang bị màng loa Dynamic Super Bass 40mm, mang đến âm trầm sâu và mạnh mẽ. Hệ thống xử lý âm thanh thông minh tự động phát hiện tần số thấp và tăng cường đầu ra âm trầm, mang đến không gian âm nhạc chân thực.
Tận hưởng âm thanh chân thực cùng Baseus Bass BH1
Chế độ DCLL với độ trễ cực thấp chỉ 38ms giúp đồng bộ giữa âm thanh và hình ảnh, lý tưởng cho chơi game hay xem phim. Khi kích hoạt chế độ này, mọi giai điệu và hiệu ứng đều được truyền tải gần như tức thời, đem đến trải nghiệm giải trí liền mạch và tự nhiên.
Thiết kế tinh tế, thoải mái
Tai nghe chụp tai Bluetooth Baseus Bass BH1 được thiết kế tinh tế với chất liệu cao cấp, mang lại sự êm ái và thoải mái khi sử dụng. Kiểu dáng vừa vặn giúp giảm áp lực lên tai, tạo sự thoải mái khi đeo trong thời gian dài.
Kiểu dáng tinh gọn, dễ mang theo
Các nút bấm vật lý được bố trí khoa học, thao tác dễ dàng và tránh chạm nhầm khi sử dụng. Kiểu dáng trẻ trung cùng gam màu hiện đại giúp Baseus Bass BH1 trở thành phụ kiện thời trang nổi bật, vừa tinh giản vừa sang trọng trong mọi phong cách.
AI ENC – Giọng nói rõ ràng, truyền tải tự nhiên
Tai nghe chụp tai Bluetooth Baseus Bass BH1 được tích hợp thuật toán AI ENC hiện đại, giúp nhận diện và loại bỏ tiếng ồn xung quanh một cách linh hoạt. Nhờ cơ chế xử lý thông minh, giọng nói được khuếch đại rõ ràng và tự nhiên, đảm bảo âm thanh truyền tải chính xác ngay cả trong môi trường ồn ào.
Giao tiếp dễ dàng nhờ AI ENC
Công nghệ này không chỉ tăng cường độ rõ của âm thanh mà còn duy trì sự ổn định trong suốt quá trình giao tiếp. Dù đang họp trực tuyến hay di chuyển ngoài trời Baseus Bass BH1 vẫn mang đến chất lượng đàm thoại rõ ràng giúp giao tiếp trở nên dễ dàng.
Pin khủng 80 giờ
Tai nghe chụp tai Bluetooth Baseus Bass BH1 được trang bị viên pin dung lượng lớn, mang đến thời gian phát nhạc liên tục lên đến 80 giờ chỉ với một lần sạc đầy. Công nghệ tiết kiệm năng lượng tiên tiến giúp kéo dài thời gian sử dụng mà vẫn duy trì hiệu suất âm thanh ổn định và mạnh mẽ.
Trải nghiệm nghe nhạc 80 giờ
Thời lượng pin vượt trội này mang lại sự tiện lợi tối đa cho công việc, học tập và giải trí kéo dài. Dù sử dụng hàng giờ liền trong ngày, thiết bị vẫn duy trì hiệu năng bền bỉ, giúp trải nghiệm âm thanh luôn liền mạch và trọn vẹn.
Kết nối linh hoạt với Baseus Smart-Connect
Tai nghe chụp tai Bluetooth Baseus Bass BH1 được trang bị công nghệ Bluetooth 6.0, mang đến tốc độ kết nối nhanh và độ ổn định cao với độ trễ cực thấp. Ngoài ra, thiết bị còn hỗ trợ chế độ có dây qua cổng USB-C, giúp thưởng thức âm nhạc và video với khả năng đồng bộ mượt mà và liền mạch.
Bluetooth 6.0 truyền tải ổn định
Công nghệ Baseus Smart-Connect (BSC) cho phép chuyển đổi linh hoạt giữa hai thiết bị chỉ trong tích tắc mà không gián đoạn âm thanh. Kết hợp cùng ứng dụng điều khiển chuyên dụng, người dùng có thể tùy chỉnh trải nghiệm nghe theo sở thích, đảm bảo sự thuận tiện trong từng thao tác sử dụng.
Mua tai nghe chụp tai Bluetooth Baseus Bass BH1 với giá tốt tại CellphoneS
Mua tai nghe chụp tai Bluetooth Baseus Bass BH1 tại CellphoneS để tận hưởng âm thanh sống động và kết nối ổn định. CellphoneS mang đến quy trình mua sắm tiện lợi với việc hỗ trợ đặt hàng nhanh chóng cả trực tuyến lẫn tại cửa hàng. Với uy tín lâu năm, CellphoneS là địa chỉ tin cậy cho những ai đang tìm kiếm một chiếc tai nghe chất lượng. Sắm ngay tai nghe Baseus Bass BH1 ngay hôm nay.","{""Kích thước & Trọng lượng"": [{""name"": ""Trọng lượng"", ""value"": ""235 g""}], ""Công nghệ âm thanh"": [{""name"": ""Micro"", ""value"": ""Có""}, {""name"": ""Loa"", ""value"": ""Driver: 40 mm""}, {""name"": ""Tính năng"", ""value"": ""Chống ồn, Điều khiển giọng nói, Có mic đàm thoại""}], ""Khả năng kết nối"": [{""name"": ""Kết nối"", ""value"": ""Không dây""}, {""name"": ""Bluetooth"", ""value"": ""6.0""}, {""name"": ""Cổng kết nối"", ""value"": ""3.5mm""}], ""Thời lượng pin - sạc"": [{""name"": ""Dung lượng pin"", ""value"": ""600 mAh""}, {""name"": ""Thời lượng sử dụng Pin"", ""value"": ""80 giờ""}, {""name"": ""Cổng sạc"", ""value"": ""Type-C""}, {""name"": ""Thời gian sạc"", ""value"": ""1.5 giờ""}, {""name"": ""Tính năng sạc"", ""value"": ""Sạc nhanh: 10 phút = nghe 10 giờ""}], ""Điều khiển"": [{""name"": ""Phương thức điều khiển"", ""value"": ""Nút bấm vật lý""}], ""Tính năng - Tiện ích khác"": [{""name"": ""Tính năng khác"", ""value"": ""Chống ồn môi trường ENC\nĐộ trễ: 38 ms""}], ""Thông tin hãng"": [{""name"": ""Hãng sản xuất"", ""value"": ""Baseus""}]}","[""https://cdn2.cellphones.com.vn/x/media/catalog/product/t/a/tai-nghe-chup-tai-bluetooth-baseus-bass-bh1_1_.png"", ""https://cdn2.cellphones.com.vn/x/media/catalog/product/t/a/tai-nghe-chup-tai-bluetooth-baseus-bass-bh1_9_.jpg"", ""https://cdn2.cellphones.com.vn/x/media/catalog/product/t/a/tai-nghe-chup-tai-bluetooth-baseus-bass-bh1_8_.jpg"", ""https://cdn2.cellphones.com.vn/x/media/catalog/product/t/a/tai-nghe-chup-tai-bluetooth-baseus-bass-bh1_1_.jpg"", ""https://cdn2.cellphones.com.vn/x/media/catalog/product/t/a/tai-nghe-chup-tai-bluetooth-baseus-bass-bh1_10_.jpg"", ""https://cdn2.cellphones.com.vn/x/media/catalog/product/t/a/tai-nghe-chup-tai-bluetooth-baseus-bass-bh1_11_.jpg"", ""https://cdn2.cellphones.com.vn/x/media/catalog/product/t/a/tai-nghe-chup-tai-bluetooth-baseus-bass-bh1_5_.jpg"", ""https://cdn2.cellphones.com.vn/x/media/catalog/product/t/a/tai-nghe-chup-tai-bluetooth-baseus-bass-bh1_4_.jpg"", ""https://cdn2.cellphones.com.vn/x/media/catalog/product/t/a/tai-nghe-chup-tai-bluetooth-baseus-bass-bh1_2_.jpg"", ""https://cdn2.cellphones.com.vn/x/media/catalog/product/t/a/tai-nghe-chup-tai-bluetooth-baseus-bass-bh1_7_.jpg"", ""https://cdn2.cellphones.com.vn/x/media/catalog/product/t/a/tai-nghe-chup-tai-bluetooth-baseus-bass-bh1_6_.jpg"", ""https://cdn2.cellphones.com.vn/x/media/catalog/product/t/a/tai-nghe-chup-tai-bluetooth-baseus-bass-bh1_3_.jpg""]","{""product_color_1"": {""color"": ""Đen"", ""image_url"": ""https://cdn2.cellphones.com.vn/insecure/rs:fill:50:50/q:90/plain/https://cellphones.com.vn/media/catalog/product/t/a/tai-nghe-chup-tai-bluetooth-baseus-bass-bh1_9__1.jpg"", ""image_url_display"": ""https://cellphones.com.vn/media/catalog/product/t/a/tai-nghe-chup-tai-bluetooth-baseus-bass-bh1_9__1.jpg"", ""product_url"": ""https://cellphones.com.vn/tai-nghe-chup-tai-bluetooth-baseus-bass-bh1.html?product_id=115861"", ""price"": ""590.000₫""}, ""product_color_2"": {""color"": ""Trắng"", ""image_url"": ""https://cdn2.cellphones.com.vn/insecure/rs:fill:50:50/q:90/plain/https://cellphones.com.vn/media/catalog/product/t/a/tai-nghe-chup-tai-bluetooth-baseus-bass-bh1_5__1.jpg"", ""image_url_display"": ""https://cellphones.com.vn/media/catalog/product/t/a/tai-nghe-chup-tai-bluetooth-baseus-bass-bh1_5__1.jpg"", ""product_url"": ""https://cellphones.com.vn/tai-nghe-chup-tai-bluetooth-baseus-bass-bh1.html?product_id=115862"", ""price"": ""590.000₫""}}"
Tai nghe có dây Baseus Encok H19,tai-nghe-co-day-baseus-encok-h19,190.000đ,140.000đ,"Đặc điểm nổi bật
Nội dung chính
1. Tai nghe Baseus Encok H19 – Âm thanh sống động, chân thực, siêu trải nghiệm
1.1. Thiết kế thời thượng, đẹp mắt với khả năng chống ồn đỉnh cao
1.2. Chất lượng âm thanh siêu chất, sống động từng chi tiết
2. Mua tai nghe Baseus Encok H19 giá rẻ, chất lượng tại CellphoneS
Tai nghe Baseus Encok H19 – Âm thanh sống động, chân thực, siêu trải nghiệm
Tai nghe Baseus Encok H19 với chất âm siêu mượt, công nghệ hiện đại và độ bền cao chính là siêu phẩm được lựa chọn bởi nhiều người dùng hiện nay. Nếu bạn cũng đang quan tâm và tìm kiếm về chiếc tai nghe có dây thời thượng này thì có thể tham khảo thêm một vài thông tin về nó ngay sau đây.
Thiết kế thời thượng, đẹp mắt với khả năng chống ồn đỉnh cao
Baseus Encok H19 sở hữu phong cách thiết kế hiện đại và sang trọng với phần chất liệu nhôm vô cùng nhẹ, ôm sát vành tai giúp tạo cho người dùng cảm giác tốt nhất khi đeo. Thêm vào đó, thiết kế này còn giúp khả năng kháng ồn của tai nghe đạt mức tối ưu hơn nhờ vào việc thu hẹp khoảng hở giữa tai nghe với khuôn tai để tránh âm thanh truyền vào đầy hiệu quả.
Chất lượng âm thanh siêu chất, sống động từng chi tiết
Với hệ thống tạo hiệu ứng âm thanh vòm 6D vô cùng hiện đại nhờ vào thiết kế đặc biệt của đường âm thanh và buồng loa cộng hưởng giúp cho chất âm của chiếc tai nghe Baseus chính hãng này trở nên vô cùng sống động, chân thực và tuyệt vời như trải nghiệm ở rạp chiếu phim. Bên cạnh đó, phần âm bass sâu và chắc hơn kết hợp với dãy âm trung cao chi tiết cũng giúp cho mọi âm thanh được phát ra trở nên hoàn hảo và tối ưu nhất.
>>> Xem thêm tai nghe Baseus Bowie P1 giá tốt đang bán chạy tại CellphoneS.
Mua tai nghe Baseus Encok H19 giá rẻ, chất lượng tại CellphoneS
Nếu bạn đang tìm kiếm cho mình một chiếc tai nghe chất lượng, thiết kế đẹp mắt và âm thanh ổn định thì Baseus Encok H19 chính hãng chính là lựa chọn tốt nhất. Hãy đến với CellphoneS để sở hữu em tai nghe chính hãng này với mức giá tốt nhất, dịch vụ đảm bảo nhất và nhiều ưu đãi tốt nhất.","{""Kích thước & Trọng lượng"": [{""name"": ""Kích thước"", ""value"": ""25mm (Cao) x15mm (Rộng) x 18mm (Dài)""}, {""name"": ""Trọng lượng"", ""value"": ""14g""}], ""Công nghệ âm thanh"": [{""name"": ""Micro"", ""value"": ""Có""}, {""name"": ""Tính năng"", ""value"": ""Có mic đàm thoại""}], ""Khả năng kết nối"": [{""name"": ""Kết nối"", ""value"": ""Có dây""}, {""name"": ""Cổng kết nối"", ""value"": ""3.5mm""}], ""Điều khiển"": [{""name"": ""Phương thức điều khiển"", ""value"": ""Nút bấm trên dây""}], ""Tính năng - Tiện ích khác"": [{""name"": ""Tính năng khác"", ""value"": ""6D hifi Surround""}], ""Thông tin hãng"": [{""name"": ""Hãng sản xuất"", ""value"": ""Baseus""}]}","[""https://cdn2.cellphones.com.vn/x/media/catalog/product/d/o/download_27__2_2.png"", ""https://cdn2.cellphones.com.vn/x/media/catalog/product/d/o/download_28__1.jpg"", ""https://cdn2.cellphones.com.vn/x/media/catalog/product/u/n/untitled-3_copy_13_1.jpg"", ""https://cdn2.cellphones.com.vn/x/media/catalog/product/2/_/2_402_4.png""]","{""product_color_1"": {""color"": ""Xanh dương"", ""image_url"": ""https://cdn2.cellphones.com.vn/insecure/rs:fill:50:50/q:90/plain/https://cellphones.com.vn/media/catalog/product/d/o/download_28_.jpg"", ""image_url_display"": ""https://cellphones.com.vn/media/catalog/product/d/o/download_28_.jpg"", ""product_url"": ""https://cellphones.com.vn/tai-nghe-co-day-baseus-encok-h19.html?product_id=54012"", ""price"": ""140.000₫""}, ""product_color_2"": {""color"": ""Đen"", ""image_url"": ""https://cdn2.cellphones.com.vn/insecure/rs:fill:50:50/q:90/plain/https://cellphones.com.vn/media/catalog/product/d/o/download_27__2_1.png"", ""image_url_display"": ""https://cellphones.com.vn/media/catalog/product/d/o/download_27__2_1.png"", ""product_url"": ""https://cellphones.com.vn/tai-nghe-co-day-baseus-encok-h19.html?product_id=54010"", ""price"": ""140.000₫""}, ""product_color_3"": {""color"": ""Đỏ"", ""image_url"": ""https://cdn2.cellphones.com.vn/insecure/rs:fill:50:50/q:90/plain/https://cellphones.com.vn/media/catalog/product/d/o/download_29_1.jpg"", ""image_url_display"": ""https://cellphones.com.vn/media/catalog/product/d/o/download_29_1.jpg"", ""product_url"": ""https://cellphones.com.vn/tai-nghe-co-day-baseus-encok-h19.html?product_id=54011"", ""price"": ""140.000₫""}}"
Tai nghe có dây Baseus Encok HZ20 (Jack 3.5),tai-nghe-co-day-baseus-encok-hz20-jack-3-5,160.000đ,159.000đ,"Đặc điểm nổi bật
Tai nghe có dây Baseus Encok HZ20 Jack 3.5 gọn nhẹ, chiều dài dây 1.1m tiện lợi, hoàn thiện với chất liệu TPE, ABS và dây bện mật độ cao tăng cường độ bền. Sản phẩm tai nghe Baseus này sử dụng cổng kết nối 3.5mm truyền thống, tương thích với nhiều dòng điện thoại, máy tính bảng và thiết bị điện tử khác. Thiết bị có dải tần số từ 20Hz đến 40kHz, âm thanh Hi-Res tái hiện chất âm sống động, linh hoạt.
Nội dung chính
1. Tai nghe có dây Baseus Encok HZ20 Jack 3.5 - Âm thanh Hi-Res sống động
1.1. Chất âm chân thực với dải tần số đáp ứng rộng
1.2. Kiểu dáng tối giản với chất liệu kết hợp tăng cường độ bền
1.3. Micro tích hợp tiện lợi, không lo giới hạn pin với jack 3.5mm
2. Mua tai nghe có dây Baseus Encok HZ20 Jack 3.5 giá rẻ tại CellphoneS
Tai nghe có dây Baseus Encok HZ20 Jack 3.5 - Âm thanh Hi-Res sống động
Tai nghe có dây Baseus Encok HZ20 Jack 3.5 thuộc phân khúc phổ thông, có độ tương thích cao nhờ sử dụng cổng 3.5mm truyền thống. Thiết kế đơn giản, phù hợp với nhiều đối tượng người dùng. Tai nghe mang lại chất âm sống động và không cần sử dụng pin, giúp bạn thoải mái nghe nhạc hay đàm thoại trong thời gian dài.
Chất âm chân thực với dải tần số đáp ứng rộng
Tai nghe có dây Baseus Encok HZ20 Jack 3.5 có chất âm chi tiết, sống động và rõ ràng, được cân bằng tốt giữa bass, mid và treble. Âm thanh đạt chuẩn Hi-Res mang đến trải nghiệm ổn định và tái hiện tốt nhiều thể loại nhạc với độ chi tiết cao.
Thiết kế in-ear giúp người dùng tập trung nghe nhạc tốt hơn, hạn chế ảnh hưởng từ tiếng ồn xung quanh. Dải tần số rộng từ 20Hz đến 40kHz giúp tái tạo âm trầm mạnh mẽ, trong khi dải cao vẫn giữ được độ trong trẻo và rõ nét
Kiểu dáng tối giản với chất liệu kết hợp tăng cường độ bền
Tai nghe sở hữu kiểu dáng tối giản với đầu nhét tai bằng silicone mềm mại. Trọng lượng siêu nhẹ giúp mang lại cảm giác đeo êm ái và thoải mái suốt thời gian dài. Sản phẩm được hoàn thiện từ chất liệu TPE và ABS, giúp tăng độ bền và đảm bảo tính linh hoạt trong nhiều hoàn cảnh sử dụng.
Chiều dài dây tai nghe đến 1.1m với chất liệu dây bện mật độ cao vừa mềm mại, vừa linh hoạt giúp hạn chế rối và đứt gãy hiệu quả. Dây tai nghe có màu đen trung tính, dễ dàng phối hợp với nhiều thiết bị và trang phục, đồng thời tăng tính thẩm mỹ cho người dùng.
Micro tích hợp tiện lợi, không lo giới hạn pin với jack 3.5mm
Tai nghe được tích hợp micro giúp người dùng dễ dàng đàm thoại khi có cuộc gọi đến mà không cần tháo tai nghe. Ngoài ra, tai nghe còn tương thích với nhiều thiết bị sử dụng cổng 3.5mm như laptop, máy chơi game, giúp bạn dễ dàng tận hưởng âm nhạc từ nhiều nguồn phát khác nhau.
Tai nghe Baseus vô cùng tiện lợi khi chỉ cần cắm và sử dụng mà không cần tinh chỉnh qua bất cứ phần mềm nào. Thêm vào đó, sản phẩm không sử dụng pin, hoạt động hoàn toàn bằng nguồn điện từ thiết bị phát. Vì vậy người dùng sẽ không cần lo gián đoạn và không phải sạc lại sau mỗi lần dùng.
Mua tai nghe có dây Baseus Encok HZ20 Jack 3.5 giá rẻ tại CellphoneS
Tai nghe có dây Baseus Encok HZ20 Jack 3.5 là một phụ kiện âm thanh đơn giản, có độ bền cao cùng chất âm tốt, ổn định. Nếu khách hàng đang tìm mua sản phẩm, hãy đến với CellphoneS để sở hữu ngay với giá ưu đãi. Quý khách cũng có thể dễ dàng đặt mua tại cellphones.com.vn với đa dạng các phương thức thanh toán. Liên hệ ngay với CellphoneS để được giao hàng tận nơi nhanh chóng, miễn phí vận chuyển toàn quốc.","{""Kích thước & Trọng lượng"": [{""name"": ""Kích thước"", ""value"": ""Chiều dài dây: 1.1m""}], ""Công nghệ âm thanh"": [{""name"": ""Công nghệ âm thanh"", ""value"": ""Hi-Res Audio""}, {""name"": ""Micro"", ""value"": ""Có""}, {""name"": ""Loa"", ""value"": ""Màng loa: 10 mm""}, {""name"": ""Tính năng"", ""value"": ""Có mic đàm thoại""}], ""Khả năng kết nối"": [{""name"": ""Số thiết bị kết nối cùng lúc"", ""value"": ""1""}, {""name"": ""Kết nối"", ""value"": ""Có dây""}, {""name"": ""Bluetooth"", ""value"": ""Không""}, {""name"": ""Cổng kết nối"", ""value"": ""3.5mm""}], ""Điều khiển"": [{""name"": ""Phương thức điều khiển"", ""value"": ""Nút bấm vật lý""}, {""name"": ""Thao tác điều khiển"", ""value"": ""Dừng/Phát nhạc\nTăng/Giảm âm lượng\nNhận/Từ chối cuộc gọi""}], ""Thông tin hãng"": [{""name"": ""Hãng sản xuất"", ""value"": ""Baseus""}]}","[""https://cdn2.cellphones.com.vn/x/media/catalog/product/t/a/tai-nghe-co-day-baseus-encok-hz20-jack-3-5_3_.png"", ""https://cdn2.cellphones.com.vn/x/media/catalog/product/t/a/tai-nghe-co-day-baseus-encok-hz20-jack-3-5_1_.png"", ""https://cdn2.cellphones.com.vn/x/media/catalog/product/t/a/tai-nghe-co-day-baseus-encok-hz20-jack-3-5_2_.png"", ""https://cdn2.cellphones.com.vn/x/media/catalog/product/t/a/tai-nghe-co-day-baseus-encok-hz20-jack-3-5_5_.png"", ""https://cdn2.cellphones.com.vn/x/media/catalog/product/t/a/tai-nghe-co-day-baseus-encok-hz20-jack-3-5_4_.png""]","{""product_color_1"": {""color"": ""Trắng"", ""image_url"": ""https://cdn2.cellphones.com.vn/insecure/rs:fill:50:50/q:90/plain/https://cellphones.com.vn/media/catalog/product/t/a/tai-nghe-co-day-baseus-encok-hz20-jack-3-5-_2_.png"", ""image_url_display"": ""https://cellphones.com.vn/media/catalog/product/t/a/tai-nghe-co-day-baseus-encok-hz20-jack-3-5-_2_.png"", ""product_url"": ""https://cellphones.com.vn/tai-nghe-co-day-baseus-encok-hz20-jack-3-5.html?product_id=110113"", ""price"": ""159.000₫""}, ""product_color_2"": {""color"": ""Đen"", ""image_url"": ""https://cdn2.cellphones.com.vn/insecure/rs:fill:50:50/q:90/plain/https://cellphones.com.vn/media/catalog/product/t/a/tai-nghe-co-day-baseus-encok-hz20-jack-3-5-_1_.png"", ""image_url_display"": ""https://cellphones.com.vn/media/catalog/product/t/a/tai-nghe-co-day-baseus-encok-hz20-jack-3-5-_1_.png"", ""product_url"": ""https://cellphones.com.vn/tai-nghe-co-day-baseus-encok-hz20-jack-3-5.html?product_id=110112"", ""price"": ""159.000₫""}}"
Tai nghe có dây Baseus Encok CZ20 (Cổng Type-C),tai-nghe-co-day-baseus-encok-cz20-type-c,290.000đ,210.000đ,"Đặc điểm nổi bật
Tai nghe có dây Baseus Encok CZ20 Type-C được trang bị âm thanh đạt chuẩn Hi-Res Audio với dải tần rộng 20Hz–40kHz, màng loa mạ titan độ động cao và loa cuộn dây 10mm. Tai nghe kết nối Type-C cùng dây dài 1.1m, mang lại sự tiện lợi. Bên cạnh đó, sản phẩm có trọng lượng nhẹ, thiết kế công thái học cùng micro tích hợp mang lại sự tiện lợi khi nghe nhạc và thực hiện cuộc gọi.
Nội dung chính
1. Tai nghe có dây Baseus Encok CZ20 Type-C – Âm thanh trong trẻo, đàm thoại rõ ràng
1.1. Âm trường chi tiết, dải tần mở rộng
1.2. Thiết kế nhẹ nhàng và kiểu dáng công thái học
1.3. Giao tiếp rõ ràng, dây bện bền bỉ
1.4. Kết nối chuẩn Type-C tiện dụng
1.5. Điều khiển trực quan, thao tác nhanh chóng
2. Mua ngay tai nghe có dây Baseus Encok CZ20 Type-C chính hãng tại CellphoneS
Tai nghe có dây Baseus Encok CZ20 Type-C – Âm thanh trong trẻo, đàm thoại rõ ràng
Tai nghe có dây Baseus Encok CZ20 Type-C mang đến trải nghiệm âm thanh rõ ràng và đáng tin cậy. Với thiết kế nhỏ gọn và đầu nối Type-C tiện lợi, chiếc tai nghe này tương thích tốt với nhiều thiết bị hiện đại.
Âm trường chi tiết, dải tần mở rộng
Baseus Encok CZ20 đạt chứng nhận Hi-Res Audio, cho phép truyền tải âm thanh chất lượng cao với độ chi tiết 24bit/96kHz. Hệ thống loa cuộn dây chuyển động 10mm kết hợp màng loa mạ titan cho khả năng tái tạo dải tần từ 20Hz-40kHz. Qua đó mang lại âm trầm dày hơn và âm cao sáng rõ, giúp người nghe cảm nhận đầy đủ từng chi tiết trong bản nhạc.
Tai nghe có dây Baseus Encok CZ20 Type-C có cấu trúc buồng âm lớn, giúp cải thiện khả năng cộng hưởng. Người dùng có thể thưởng thức nhiều thể loại nhạc với độ cân bằng và chiều sâu rõ rệt. Cấu trúc buồng âm lớn giúp cải thiện cộng hưởng và hạn chế méo tiếng.
Thiết kế nhẹ nhàng và kiểu dáng công thái học
Tai nghe được thiết kế theo phong cách nhỏ gọn và siêu nhẹ, tạo cảm giác thoải mái khi đeo trong thời gian dài. Phần housing được bo cong hợp lý, ôm trọn vành tai, giảm áp lực và hạn chế tình trạng mỏi tai thường gặp ở các dòng tai nghe phổ thông.
Thiết kế công thái học không chỉ tăng sự vừa vặn mà còn tạo sự liền mạch trong trải nghiệm, giúp người dùng dễ dàng mang theo mọi lúc. Hai màu sắc cơ bản là trắng và đen mang lại lựa chọn hiện đại, phù hợp với nhiều phong cách sử dụng khác nhau.
Giao tiếp rõ ràng, dây bện bền bỉ
Tai nghe có dây Baseus Encok CZ20 Type-C tích hợp microphone HD định hướng, giúp giọng nói được thu rõ ràng và hạn chế tạp âm xung quanh. Giải pháp này hỗ trợ hiệu quả cho nhu cầu gọi thoại, họp trực tuyến hoặc trò chuyện trong môi trường ồn ào.
Đi kèm là lớp vỏ cáp bện mật độ cao giúp hạn chế tình trạng rối và tăng độ bền trước các tác động thường gặp như kéo, gập hoặc cất giữ trong túi. Vật liệu ABS+TPE cao cấp tăng khả năng hạn chế mài mòn, đảm bảo tai nghe hoạt động ổn định trong thời gian dài.
Kết nối chuẩn Type-C tiện dụng
Baseus Encok CZ20 Type-C được thiết kế để đáp ứng nhu cầu kết nối của các thiết bị di động hiện đại, đặc biệt là những dòng smartphone đã loại bỏ cổng tai nghe 3.5mm. Chuẩn Type-C giúp tín hiệu âm thanh được truyền tải ổn định, giảm thiểu độ trễ và hạn chế nhiễu.
Dây dài khoảng 1.1m cho phép sử dụng thoải mái trong nhiều tình huống, từ ngồi làm việc đến di chuyển ngoài trời. Việc sử dụng chuẩn Type-C còn giúp tai nghe kết hợp tốt với nhiều thiết bị hiện đại khác như laptop, máy tính bảng và máy chơi game cầm tay.
Điều khiển trực quan, thao tác nhanh chóng
Tai nghe có dây Baseus Encok CZ20 Type-C được trang bị bộ điều khiển 3 nút trên dây, hỗ trợ các thao tác cơ bản. Chỉ cần một nút, người dùng có thể thực hiện hầu hết nhu cầu mà không cần chạm vào thiết bị.
Ngoài các tính năng trên, bộ điều khiển còn cho phép kích hoạt trợ lý giọng nói chỉ bằng thao tác nhấn giữ. Tính năng này giúp thao tác điều khiển dễ dàng và nhanh chóng hơn, mang lại sự chủ động trong nhiều tình huống như lái xe, làm việc hay luyện tập thể thao.
Mua ngay tai nghe có dây Baseus Encok CZ20 Type-C chính hãng tại CellphoneS
Sở hữu ngay tai nghe có dây Baseus Encok CZ20 Type-C tại CellphoneS để trải nghiệm âm thanh ổn định và tiện lợi cho nhu cầu hằng ngày! Sản phẩm đi kèm bảo hành chính hãng và giá cả đã bao gồm VAT, mang đến sự an tâm trong quá trình sử dụng. Đây chính là lựa chọn phù hợp cho học tập, làm việc hay giải trí. Đến CellphoneS để mua sắm với nhiều ưu đãi hấp dẫn ngay hôm nay!","{""Công nghệ âm thanh"": [{""name"": ""Công nghệ âm thanh"", ""value"": ""Hi-Res Audio""}, {""name"": ""Micro"", ""value"": ""Có""}, {""name"": ""Loa"", ""value"": ""Màng loa: 10mm""}, {""name"": ""Tính năng"", ""value"": ""Có mic đàm thoại""}], ""Khả năng kết nối"": [{""name"": ""Số thiết bị kết nối cùng lúc"", ""value"": ""1""}, {""name"": ""Kết nối"", ""value"": ""Có dây""}, {""name"": ""Cổng kết nối"", ""value"": ""Type C""}], ""Tính năng - Tiện ích khác"": [{""name"": ""Tính năng khác"", ""value"": ""Dây dài: 1.1m""}], ""Thông tin hãng"": [{""name"": ""Hãng sản xuất"", ""value"": ""Baseus""}]}","[""https://cdn2.cellphones.com.vn/x/media/catalog/product/t/a/tai-nghe-co-day-baseus-encok-cz20-type-c_1_.png"", ""https://cdn2.cellphones.com.vn/x/media/catalog/product/t/a/tai-nghe-co-day-baseus-encok-cz20-type-c_8_.png"", ""https://cdn2.cellphones.com.vn/x/media/catalog/product/t/a/tai-nghe-co-day-baseus-encok-cz20-type-c_7_.png"", ""https://cdn2.cellphones.com.vn/x/media/catalog/product/t/a/tai-nghe-co-day-baseus-encok-cz20-type-c_9_.png"", ""https://cdn2.cellphones.com.vn/x/media/catalog/product/t/a/tai-nghe-co-day-baseus-encok-cz20-type-c_10_.png"", ""https://cdn2.cellphones.com.vn/x/media/catalog/product/t/a/tai-nghe-co-day-baseus-encok-cz20-type-c_2_.png"", ""https://cdn2.cellphones.com.vn/x/media/catalog/product/t/a/tai-nghe-co-day-baseus-encok-cz20-type-c_3_.png"", ""https://cdn2.cellphones.com.vn/x/media/catalog/product/t/a/tai-nghe-co-day-baseus-encok-cz20-type-c_4_.png"", ""https://cdn2.cellphones.com.vn/x/media/catalog/product/t/a/tai-nghe-co-day-baseus-encok-cz20-type-c_5_.png""]","{""product_color_1"": {""color"": ""Trắng"", ""image_url"": ""https://cdn2.cellphones.com.vn/insecure/rs:fill:50:50/q:90/plain/https://cellphones.com.vn/media/catalog/product/t/a/tai-nghe-co-day-baseus-encok-cz20-type-c_9__1.png"", ""image_url_display"": ""https://cellphones.com.vn/media/catalog/product/t/a/tai-nghe-co-day-baseus-encok-cz20-type-c_9__1.png"", ""product_url"": ""https://cellphones.com.vn/tai-nghe-co-day-baseus-encok-cz20-type-c.html?product_id=111270"", ""price"": ""210.000₫""}, ""product_color_2"": {""color"": ""Đen"", ""image_url"": ""https://cdn2.cellphones.com.vn/insecure/rs:fill:50:50/q:90/plain/https://cellphones.com.vn/media/catalog/product/t/a/tai-nghe-co-day-baseus-encok-cz20-type-c_4__1.png"", ""image_url_display"": ""https://cellphones.com.vn/media/catalog/product/t/a/tai-nghe-co-day-baseus-encok-cz20-type-c_4__1.png"", ""product_url"": ""https://cellphones.com.vn/tai-nghe-co-day-baseus-encok-cz20-type-c.html?product_id=111271"", ""price"": ""210.000₫""}}"
Tai nghe thể thao Baseus Bowie MC1,tai-nghe-bluetooth-baseus-bowie-mc1,1.590.000đ,990.000đ,"Đặc điểm nổi bật
Tai nghe Bluetooth Baseus Bowie MC1 sở hữu thiết kế kẹp tai mở độc đáo, thời thượng, cùng khả năng kháng nước IP57 và chuẩn kết nối Bluetooth 5.4. Tai nghe có pin 48mAh và hộp sạc 600mAh, hỗ trợ sạc qua cổng Type-C, kết nối ổn định trong phạm vi 10m. Sản phẩm tích hợp Adaptive Voice Capture, Anti-Leakage, dải tần đáp ứng từ 20Hz đến 20KHz.
Nội dung chính
1. Tai nghe Bluetooth Baseus Bowie MC1 - Trải nghiệm không gian âm thanh mở tiện lợi
1.1. Công suất truyền tải mạnh mẽ
1.2. Thiết kế thoải mái, an toàn
1.3. Đàm thoại tốt, kháng nước IP57 
1.4. Thời lượng pin ấn tượng
2. Mua ngay tai nghe Bluetooth Baseus Bowie MC1 chất lượng cao, giá tốt tại CellphoneS
Tai nghe Bluetooth Baseus Bowie MC1 - Trải nghiệm không gian âm thanh mở tiện lợi
Tai nghe Baseus Bowie MC1 là dòng sản phẩm tai nghe True Wireless thiết kế dạng kẹp tai (Open-ear) hiện đại. Sở hữu công nghệ tiên tiến, âm thanh rõ nét và kết nối ổn định, Bowie MC1 chính là lựa chọn lý tưởng cho cuộc sống di chuyển không giới hạn.
Công suất truyền tải mạnh mẽ
Tai nghe Bluetooth Baseus Bowie MC1 được trang bị dải tần đáp ứng rộng từ 20Hz đến 20KHz, giúp tái tạo đầy đủ các dải âm từ trầm sâu đến cao vút, cho trải nghiệm cân bằng. Nhờ công nghệ âm thanh chống rò rỉ (Anti-Leakage), khách hàng có thể tận hưởng âm nhạc một cách riêng tư mà không ảnh hưởng đến người xung quanh, dù đang ở nơi công cộng.
Với công suất truyền tải hiệu quả qua băng tần 2400MHz - 2483.5MHz, mẫu tai nghe Baseus này đảm bảo kết nối không gián đoạn cho cả nghe nhạc lẫn đàm thoại. Công nghệ Adaptive Voice Capture giúp thu âm chính xác và hạn chế tạp âm hiệu quả, phục vụ tối ưu cho nhu cầu gọi điện hay hội họp online.
Thiết kế thoải mái, an toàn
Tai nghe Bluetooth Baseus Bowie MC1 khác biệt với các mẫu tai nghe nhét tai thông thường khi ứng dụng thiết kế kẹp vành tai dạng mở (Open Ear Clip-on). Tai nghe ôm gọn vành tai, tạo điểm tì chắc hơn mà vẫn giữ được sự thoải mái trong nhiều giờ liên tục, mang lại cảm giác thông thoáng, không gây đau tai khi sử dụng lâu.
Baseus Bowie MC1 được hoàn thiện từ chất liệu cao cấp, hạn chế bám mồ hôi kết hợp với lớp phủ mềm mại chống trượt, giúp người dùng yên tâm vận động như chạy bộ, đạp xe. Tai nghe sử dụng màu đen sang trọng, hiện đại với nét thiết kế tinh gọn tạo nên một phụ kiện thời trang đậm chất thể thao, phù hợp với mọi phong cách.
Đàm thoại tốt, kháng nước IP57 
Tai nghe Bluetooth Baseus Bowie MC1 có micro tích hợp cùng công nghệ Adaptive Voice Capture hỗ trợ truyền tải giọng nói rõ ràng, tự nhiên và hạn chế nhiễu âm trong cuộc gọi. Dù đang di chuyển ngoài đường hay trong không gian ồn ào, khách hàng vẫn có thể đàm thoại hiệu quả qua tai nghe với chất lượng âm thanh tốt.
Baseus Bowie MC1 đạt chuẩn kháng nước và bụi IP57, giúp bảo vệ thiết bị khỏi nước mưa, mồ hôi hay bụi bẩn khi tập luyện. Tuy nhiên, hãng khuyến cáo người dùng không nên ngâm tai nghe trong nước, không sử dụng khi tắm hoặc đi bơi quá lâu, để đảm bảo độ bền và duy trì hiệu suất trong thời gian dài.
Thời lượng pin ấn tượng
Mỗi bên tai nghe Bluetooth Baseus Bowie MC1 được trang bị viên pin 48mAh, kết hợp cùng hộp sạc dung lượng lớn 600mAh, mang lại tổng thời lượng sử dụng lâu dài. Việc sử dụng công nghệ tiết kiệm điện và chuẩn kết nối Bluetooth 5.4 giúp tăng hiệu quả sử dụng pin đáng kể, dễ dàng đáp ứng tốt cho cả ngày làm việc hoặc giải trí.
Hộp sạc của Baseus Bowie MC1 tích hợp cổng sạc nhanh Type-C với đầu vào 5V/1A và đầu ra tối đa 240mA (mỗi tai 120mA), giúp tái nạp năng lượng nhanh chóng và thuận tiện. Việc kết nối với các thiết bị cũng cực kỳ đơn giản, chỉ cần bật Bluetooth và ghép nối với thiết bị phát là tai nghe đã sẵn sàng cho người dùng sử dụng.
Mua ngay tai nghe Bluetooth Baseus Bowie MC1 chất lượng cao, giá tốt tại CellphoneS
Tai nghe Bluetooth Baseus Bowie MC1 là sự đầu tư đáng giá cho những ai tìm kiếm một mẫu tai nghe vừa gọn nhẹ vừa mạnh mẽ. Tại hệ thống bán lẻ CellphoneS, sản phẩm được cung cấp chính hãng với đầy đủ chế độ bảo hành và hậu mãi. Đội ngũ tư vấn viên tận tâm sẽ giúp cho người mua lựa chọn tai nghe phù hợp với nhu cầu. Đừng bỏ lỡ những chương trình ưu đãi hấp dẫn và cơ hội trải nghiệm trực tiếp chiếc tai nghe này ngay tại CellphoneS!","{""Kích thước & Trọng lượng"": [{""name"": ""Trọng lượng"", ""value"": ""Tai nghe: 5.2 g""}], ""Công nghệ âm thanh"": [{""name"": ""Công nghệ âm thanh"", ""value"": ""Công nghệ ENC""}, {""name"": ""Micro"", ""value"": ""Có\n4 micro""}, {""name"": ""Loa"", ""value"": ""Driver 8.6 mm""}, {""name"": ""Tính năng"", ""value"": ""Chống ồn, Điều khiển giọng nói, Có mic đàm thoại""}], ""Khả năng kết nối"": [{""name"": ""Số thiết bị kết nối cùng lúc"", ""value"": ""2 thiết bị""}, {""name"": ""Kết nối"", ""value"": ""Không dây""}, {""name"": ""Bluetooth"", ""value"": ""5.4""}, {""name"": ""Ứng dụng kết nối"", ""value"": ""BASEUS""}, {""name"": ""Phạm vi kết nối cho phép"", ""value"": ""10m""}], ""Thời lượng pin - sạc"": [{""name"": ""Thời lượng sử dụng Pin"", ""value"": ""Tai nghe: 9 giờ\nHộp sạc: 40 giờ""}, {""name"": ""Cổng sạc"", ""value"": ""Type-C""}, {""name"": ""Thời gian sạc"", ""value"": ""Tai nghe: 1.5 giờ\nHộp sạc: 1.5 giờ""}], ""Điều khiển"": [{""name"": ""Phương thức điều khiển"", ""value"": ""Cảm ứng chạm""}, {""name"": ""Thao tác điều khiển"", ""value"": ""Từ chối cuộc gọi\nTăng/giảm âm lượng\nPhát/dừng chơi nhạc\nChuyển bài hát\nBật trợ lí ảo\nNhận/Ngắt cuộc gọi""}], ""Tính năng - Tiện ích khác"": [{""name"": ""Tính năng khác"", ""value"": ""Chống nước & bụi IP57\nCó mic thoại\nSạc nhanh\nChống ồn\nTương thích trợ lý ảo\nKhử ồn cuộc gọi""}], ""Thông tin hãng"": [{""name"": ""Hãng sản xuất"", ""value"": ""Baseus""}], ""Thông số khác"": [{""name"": ""Tương thích"", ""value"": ""macOS, Android, iOS, Windows""}], ""Màn hình"": [{""name"": ""Loại màn hình"", ""value"": ""Màn hình""}]}","[""https://cdn2.cellphones.com.vn/x/media/catalog/product/t/a/tai-nghe-bluetooth-baseus-bowie-mc1_2_.png"", ""https://cdn2.cellphones.com.vn/x/media/catalog/product/t/a/tai-nghe-bluetooth-baseus-bowie-mc1_9_.png"", ""https://cdn2.cellphones.com.vn/x/media/catalog/product/t/a/tai-nghe-bluetooth-baseus-bowie-mc1_3_.png"", ""https://cdn2.cellphones.com.vn/x/media/catalog/product/t/a/tai-nghe-bluetooth-baseus-bowie-mc1_4_.png"", ""https://cdn2.cellphones.com.vn/x/media/catalog/product/t/a/tai-nghe-bluetooth-baseus-bowie-mc1_5_.png"", ""https://cdn2.cellphones.com.vn/x/media/catalog/product/t/a/tai-nghe-bluetooth-baseus-bowie-mc1_6_.png"", ""https://cdn2.cellphones.com.vn/x/media/catalog/product/t/a/tai-nghe-bluetooth-baseus-bowie-mc1_7_.png"", ""https://cdn2.cellphones.com.vn/x/media/catalog/product/t/a/tai-nghe-bluetooth-baseus-bowie-mc1_10_.png"", ""https://cdn2.cellphones.com.vn/x/media/catalog/product/t/a/tai-nghe-bluetooth-baseus-bowie-mc1_8_.png""]","{""product_color_1"": {""color"": ""Đen"", ""image_url"": ""https://cdn2.cellphones.com.vn/insecure/rs:fill:50:50/q:90/plain/https://cellphones.com.vn/media/catalog/product/t/a/tai-nghe-bluetooth-baseus-bowie-mc1_2__1.png"", ""image_url_display"": ""https://cellphones.com.vn/media/catalog/product/t/a/tai-nghe-bluetooth-baseus-bowie-mc1_2__1.png"", ""product_url"": ""https://cellphones.com.vn/tai-nghe-bluetooth-baseus-bowie-mc1.html?product_id=106441"", ""price"": ""990.000₫""}, ""product_color_2"": {""color"": ""Trắng"", ""image_url"": ""https://cdn2.cellphones.com.vn/insecure/rs:fill:50:50/q:90/plain/https://cellphones.com.vn/media/catalog/product/t/a/tai-nghe-bluetooth-baseus-bowie-mc1_9__1.png"", ""image_url_display"": ""https://cellphones.com.vn/media/catalog/product/t/a/tai-nghe-bluetooth-baseus-bowie-mc1_9__1.png"", ""product_url"": ""https://cellphones.com.vn/tai-nghe-bluetooth-baseus-bowie-mc1.html?product_id=106442"", ""price"": ""990.000₫""}}"
Tai nghe Bluetooth True Wireless Baseus Airgo 1 Ring,tai-nghe-bluetooth-baseus-airgo-1-ring,800.000đ,440.000đ,"Đặc điểm nổi bật
Tai nghe bluetooth Baseus Airgo 1 ring được hoàn thiện với chất liệu ABS và PC bền bỉ cùng với đó là viên pin 40mAh trên tai và 400 mAh case sạc. Tai nghe với chuẩn kết nối không dây Bluetooth 5.3 cho phép kết nối trong phạm vi 10m. Baseus Airgo 1 ring cũng sẽ được trang bị micro kết hợp với công nghệ ENC hỗ trợ đàm thoại rõ ràng.
Nội dung chính
1. Tai nghe bluetooth Baseus Airgo 1 ring – Thiết kế độc đáo, âm thanh chất lượng
1.1. Âm thanh tối ưu, dải âm 20-20kHz
1.2. Thiết kế Ergonomic độc đáo, sử dụng thoải mái
1.3. 2 micro cùng công nghệ ENC tối ưu đàm thoại
1.4. Pin sử dụng lâu, sạc đầy trong 1,5 giờ
1.5. Kết nối bluetooth 5.3 cùng điều khiển cảm ứng tiện lợi
2. Mua tai nghe bluetooth Baseus Airgo 1 ring chính hãng tại CellphoneS
Tai nghe bluetooth Baseus Airgo 1 ring – Thiết kế độc đáo, âm thanh chất lượng
Tai nghe bluetooth Baseus Airgo 1 ring là mẫu tai nghe không dây sở hữu một thiết kế độc đáo. Cùng với đó, sản phẩm tai nghe Baseus này còn được trang bị hệ thống âm thanh chất lượng đáng để mua và trải nghiệm.
Âm thanh tối ưu, dải âm 20-20kHz
Baseus Airgo 1 ring với khả năng truyền âm qua không khí nhờ đó mang lại trường âm rộng giúp mang lại cho người dùng những trải nghiệm âm thanh sống động. Cùng với đó, tai nghe còn được trang bị công nghệ tăng cường tần số thấp nhờ đó tai nghe mang lại trải nghiệm âm trầm sâu.
Thiết kế Ergonomic độc đáo, sử dụng thoải mái
Baseus Airgo 1 ring sở hữu môt thiết kế độc đáo, khác với nhiều mẫu tai nghe thông thường. Với dạng nhẫn, tai nghe mang lại cho người dùng trải nghiệm dùng thoải mái. Thiết kế này giúp người dùng có thể sử dụng tai nghe lâu mà không gặp quá nhiều khó chịu.
2 micro cùng công nghệ ENC tối ưu đàm thoại
Tai nghe bluetooth Baseus Airgo 1 ring với hệ thống 2 micro được tích hợp cùng với đó là công nghệ ENC – loại bỏ tiếng ồn. Nhờ đó các cuộc gọi với Baseus Airgo 1 ring trở nên rõ nét hơn, kể cả khi người dùng sử dụng trong môi trường có nhiều tiếng ồn.
Không chỉ đàm thoại, tai nghe với công nghệ khử tiếng ồn tối ưu có thể giúp người dùng tập trung trong các trải nghiệm âm nhạc mà không bị phiền nhiễu bởi tiếng ồn xung quanh.
Pin sử dụng lâu, sạc đầy trong 1,5 giờ
Về thời lượng sử dụng, tai nghe Baseus Airgo 1 ring được trang bị dung lượng pin 40 mAh trong mỗi tai nghe và 400 mAh trong case sạc. Nhờ đó tai nghe có thể mang lại thời gian sử dụng lên đến 25 giờ (cả case sạc). Cùng với đó, tai nghe còn được trang bị sạc nhanh thông qua cổng USB-C với thời gian sạc đầy tai nghe chỉ trong 1,5 giờ.
Kết nối bluetooth 5.3 cùng điều khiển cảm ứng tiện lợi
Baseus Airgo 1 ring được trang bị kết nối không dây bluetooth 5.3. Nhờ đó tai nghe có thể kết nối với các thiết bị được trang bị chuẩn kết nối bluetooth trong phạm vi 10m. Cùng với kết nối không dây ổn định và tiện lợi, tai nghe còn được trang bị điều khiển thông qua những lần chạm dễ dàng. 
Mua tai nghe bluetooth Baseus Airgo 1 ring chính hãng tại CellphoneS
Tai nghe bluetooth Baseus Airgo 1 ring sở hữu một thiết kế độc đáo cùng chất lượng tối ưu. Hiện mẫu tai nghe không dây chất lượng này được bán chính hãng tại CellphoneS với giá bán ưu đãi. Đặc biệt khi khách hàng thành viên hệ thống sẽ được mua hàng với những ưu đãi dành riêng hấp dẫn. Cùng với đó, khách hàng có thể mua tai nghe Baseus Airgo 1 ring trả góp với lãi suất từ 0%.","{""Kích thước & Trọng lượng"": [{""name"": ""Trọng lượng"", ""value"": ""Tai nghe: 4.5g""}], ""Công nghệ âm thanh"": [{""name"": ""Micro"", ""value"": ""Có""}, {""name"": ""Tính năng"", ""value"": ""Có mic đàm thoại""}], ""Khả năng kết nối"": [{""name"": ""Kết nối"", ""value"": ""Không dây""}, {""name"": ""Bluetooth"", ""value"": ""5.3""}, {""name"": ""Ứng dụng kết nối"", ""value"": ""Baseus Smart Connect""}, {""name"": ""Phạm vi kết nối cho phép"", ""value"": ""10m""}], ""Thời lượng pin - sạc"": [{""name"": ""Thời lượng sử dụng Pin"", ""value"": ""Tai nghe: 6 giờ\nHộp sạc: 25 giờ""}, {""name"": ""Cổng sạc"", ""value"": ""Type-c""}, {""name"": ""Thời gian sạc"", ""value"": ""1,5 giờ""}], ""Điều khiển"": [{""name"": ""Phương thức điều khiển"", ""value"": ""Cảm ứng chạm""}], ""Tính năng - Tiện ích khác"": [{""name"": ""Tính năng khác"", ""value"": ""Sạc nhanh""}], ""Thông tin hãng"": [{""name"": ""Hãng sản xuất"", ""value"": ""Baseus""}]}","[""https://cdn2.cellphones.com.vn/x/media/catalog/product/t/a/tai-nghe-bluetooth-baseus-airgo-1-ring_14_.png"", ""https://cdn2.cellphones.com.vn/x/media/catalog/product/t/a/tai-nghe-bluetooth-baseus-airgo-1-ring_2_.png"", ""https://cdn2.cellphones.com.vn/x/media/catalog/product/t/a/tai-nghe-bluetooth-baseus-airgo-1-ring_1.png"", ""https://cdn2.cellphones.com.vn/x/media/catalog/product/t/a/tai-nghe-bluetooth-baseus-airgo-1-ring_1_.png"", ""https://cdn2.cellphones.com.vn/x/media/catalog/product/t/a/tai-nghe-bluetooth-baseus-airgo-1-ring_3_.png"", ""https://cdn2.cellphones.com.vn/x/media/catalog/product/t/a/tai-nghe-bluetooth-baseus-airgo-1-ring_5_.png"", ""https://cdn2.cellphones.com.vn/x/media/catalog/product/t/a/tai-nghe-bluetooth-baseus-airgo-1-ring_4_.png"", ""https://cdn2.cellphones.com.vn/x/media/catalog/product/t/a/tai-nghe-bluetooth-baseus-airgo-1-ring_9_.png"", ""https://cdn2.cellphones.com.vn/x/media/catalog/product/t/a/tai-nghe-bluetooth-baseus-airgo-1-ring_6_.png"", ""https://cdn2.cellphones.com.vn/x/media/catalog/product/t/a/tai-nghe-bluetooth-baseus-airgo-1-ring_11_.png"", ""https://cdn2.cellphones.com.vn/x/media/catalog/product/t/a/tai-nghe-bluetooth-baseus-airgo-1-ring_8_.png"", ""https://cdn2.cellphones.com.vn/x/media/catalog/product/t/a/tai-nghe-bluetooth-baseus-airgo-1-ring_10_.png"", ""https://cdn2.cellphones.com.vn/x/media/catalog/product/t/a/tai-nghe-bluetooth-baseus-airgo-1-ring_12_.png"", ""https://cdn2.cellphones.com.vn/x/media/catalog/product/t/a/tai-nghe-bluetooth-baseus-airgo-1-ring_13_.png""]","{""product_color_1"": {""color"": ""Trắng"", ""image_url"": ""https://cdn2.cellphones.com.vn/insecure/rs:fill:50:50/q:90/plain/https://cellphones.com.vn/media/catalog/product/t/a/tai-nghe-bluetooth-baseus-airgo-1-ring.jpg"", ""image_url_display"": ""https://cellphones.com.vn/media/catalog/product/t/a/tai-nghe-bluetooth-baseus-airgo-1-ring.jpg"", ""product_url"": ""https://cellphones.com.vn/tai-nghe-bluetooth-baseus-airgo-1-ring.html?product_id=81468"", ""price"": ""440.000₫""}, ""product_color_2"": {""color"": ""Đen"", ""image_url"": ""https://cdn2.cellphones.com.vn/insecure/rs:fill:50:50/q:90/plain/https://cellphones.com.vn/media/catalog/product/t/a/tai-nghe-bluetooth-baseus-airgo.png"", ""image_url_display"": ""https://cellphones.com.vn/media/catalog/product/t/a/tai-nghe-bluetooth-baseus-airgo.png"", ""product_url"": ""https://cellphones.com.vn/tai-nghe-bluetooth-baseus-airgo-1-ring.html?product_id=81380"", ""price"": ""440.000₫""}}"
Tai nghe Bluetooth chụp tai Baseus Bowie MH1 (ANC),tai-nghe-chup-tai-khong-day-baseus-bowie-mh1-anc,1.590.000đ,1.090.000đ,"Đặc điểm nổi bật
Tai nghe chụp tai không dây Baseus Bowie MH1 (ANC) tái hiện âm thanh Hi-Res rõ ràng kết hợp công nghệ SuperBass 2.0 cùng hiệu ứng âm thanh vòm BISA. Sản phẩm sở hữu đệm đầu và đệm tai mềm mại, ôm sát đầu sử dụng thoải mái. Tai nghe hỗ trợ kết nối qua Bluetooth 6.0, có thể điều khiển trực tiếp hoặc qua ứng dụng Baseus.
Nội dung chính
1. Tai nghe chụp tai không dây Baseus Bowie MH1 (ANC) - Đa dạng công nghệ, thiết kế thoải mái 
1.1. Công nghệ âm thanh đỉnh cao
1.2. Chất liệu mềm mại, màu sắc trung tính 
1.3. Microphone AI, pin bền bỉ
1.4. Hỗ trợ Bluetooth 6.0 tiên tiến
2. Mua ngay tai nghe chụp tai không dây Baseus Bowie MH1 (ANC) chất lượng, chính hãng tại CellphoneS
Tai nghe chụp tai không dây Baseus Bowie MH1 (ANC) - Đa dạng công nghệ, thiết kế thoải mái 
Tai nghe Baseus này mang đến trải nghiệm âm thanh rõ ràng, phù hợp cho nghe nhạc, xem phim hay giải trí. Tai nghe chụp tai không dây Bowie MH1 (ANC) hỗ trợ bluetooth 6.0 với tính năng định vị qua ứng dụng Baseus, mang lại trải nghiệm âm thanh hiện đại cho người dùng.
Công nghệ âm thanh đỉnh cao
Tai nghe chụp tai không dây Baseus Bowie MH1 (ANC) sở hữu loa phát động 36mm với màng LCP toàn dải, giúp cân bằng từ âm trầm, âm trung đến âm cao. Thiết bị hỗ trợ Hi-Res Lossless với chuẩn LDAC, tái tạo âm thanh chi tiết giảm thiểu độ méo tiếng. 
Tai nghe được trang bị nhiều công nghệ âm thanh
Công nghệ SuperBass 2.0 tự động điều chỉnh tần số thấp theo thời gian thực, mang lại âm trầm mạnh mẽ, sống động. Nhờ Baseus Immersive Spatial Acoustics (BISA), tai nghe tạo hiệu ứng âm thanh vòm, đem đến không gian âm thanh sống động.
Tai nghe còn được trang bị Adaptive ANC, giúp giảm tiếng ồn xung quanh mang lại trải nghiệm âm thanh trong trẻo. Tính năng SoundFit cá nhân hóa hồ sơ âm thanh dựa trên bài kiểm tra thính lực, để âm thanh được tinh chỉnh phù hợp.
Chất liệu mềm mại, màu sắc trung tính 
Tai nghe chụp tai không dây Baseus Bowie MH1 (ANC) sở hữu đai đầu đệm tích hợp được làm từ da mềm mại. Tai nghe có thiết kế hiện đại, dễ phối hợp với phụ kiện nhờ 2 tông màu trung tính trắng và đen. 
Tai nghe dùng chất liệu mềm mại mang lại thoải mái
Đệm tai CloudComfort với vành tai đàn hồi và đệm mút hoạt tính, hỗ trợ cách âm hiệu quả, giúp tập trung hơn. Sản phẩm có thiết kế gọn nhẹ có thể gấp gọn thông minh, hỗ trợ cho việc mang theo trong các chuyến đi. 
Microphone AI, pin bền bỉ
Tai nghe chụp tai không dây Baseus Bowie MH1 (ANC) được trang bị hệ thống 5 Micro hỗ trợ AI, giúp thu giọng nói rõ ràng giảm tiếng ồn xung quanh. Điều này giúp duy trì giọng nói ổn định khi nói chuyện trong cuộc hội thoại hoặc họp trực tuyến.
Sản phẩm được trang bị hệ thống 5 Micro hỗ trợ AI
Về năng lượng, tai nghe sở hữu pin dung lượng lớn, cho thời gian sử dụng lên đến 80 giờ (khi tắt ANC), đủ dùng trong nhiều ngày mà không cần sạc. Tai nghe cung cấp thời lượng 55 giờ khi bật ANC, đáp ứng nhu cầu sử dụng cả ngày dài. Tuy nhiên, thời gian sử dụng khi nghe thực tế sẽ có sự khác biệt vì còn tùy vào âm lượng hoặc tần suất. 
Thiết bị cũng tích hợp công nghệ sạc nhanh, cho phép nạp đầy pin trong thời gian ngắn, đồng thời kéo dài thời gian sử dụng liên tục. Nhờ đó, tai nghe mang lại sự linh hoạt cho người dùng trong đa dạng tình huống từ làm việc, giải trí đến học tập. 
Hỗ trợ Bluetooth 6.0 tiên tiến
Tai nghe chụp tai không dây Baseus Bowie MH1 (ANC) sử dụng Bluetooth 6.0 hỗ trợ kết nối đa điểm tức thì, cho phép người dùng chuyển đổi mượt mà. Đồng thời, công nghệ có độ trễ cực thấp giúp trải nghiệm nghe nhạc, xem phim hay giải trí liền mạch. 
Sản phẩm kết nối qua công nghệ Bluetooth 6.0
Sản phẩm được trang bị hệ thống nút điều khiển trực quan:
Nút ANC: Chuyển đổi giữa Chế độ ANC Tắt/Bật/Trong suốt.
Nút đa chức năng: Phát/Tạm dừng, Trả lời/Kết thúc cuộc gọi, Từ chối cuộc gọi, Chuyển đổi âm thanh không gian, Kích hoạt Chế độ Độ trễ thấp.
Nút âm lượng: Tăng/Giảm âm lượng, Chuyển đến bài hát trước/tiếp theo.
Ngoài ra, tai nghe còn hỗ trợ Baseus App, cho phép người dùng điều chỉnh các chế độ, âm thanh không gian, tăng giảm, EQ và định vị tai nghe khi bị thất lạc. Nhờ đó, sản phẩm đem lại sử dụng trở nên tiện lợi, cá nhân hóa phù hợp với mọi nhu cầu hàng ngày.
Mua ngay tai nghe chụp tai không dây Baseus Bowie MH1 (ANC) chất lượng, chính hãng tại CellphoneS
Tai nghe chụp tai không dây Baseus Bowie MH1 (ANC) chính hãng đang có tại CellphoneS với chế độ bảo hành minh bạch. Các sản phẩm tại hệ thống đang được áp dụng nhiều chương trình ưu đãi và giảm giá hấp dẫn. 
Đội ngũ nhân viên CellphoneS sẵn sàng tư vấn chi tiết, hỗ trợ khách hàng trong suốt quá trình lựa chọn hay trải nghiệm sản phẩm. Đồng thời, các khách hàng có thể đặt mua trên trang để đến trực tiếp lấy hoặc dịch vụ giao hàng nhanh chóng.","{""Công nghệ âm thanh"": [{""name"": ""Công nghệ âm thanh"", ""value"": ""Hi-Res Audio\nHi-Res Audio Wireless\nChống ồn chủ động ANC\nCông nghệ ENC\nSoundFit\nSuperBass 2.0""}, {""name"": ""Micro"", ""value"": ""Có""}, {""name"": ""Loa"", ""value"": ""Màng loa: 36 mm""}, {""name"": ""Tính năng"", ""value"": ""Chống ồn, Điều khiển giọng nói, Có mic đàm thoại""}], ""Khả năng kết nối"": [{""name"": ""Kết nối"", ""value"": ""Không dây""}, {""name"": ""Bluetooth"", ""value"": ""6.0""}, {""name"": ""Ứng dụng kết nối"", ""value"": ""Baseus""}], ""Thời lượng pin - sạc"": [{""name"": ""Thời lượng sử dụng Pin"", ""value"": ""Bật ANC: 55 giờ\nTắt ANC: 80 giờ""}, {""name"": ""Cổng sạc"", ""value"": ""Type-C""}, {""name"": ""Thời gian sạc"", ""value"": ""2 giờ""}, {""name"": ""Tính năng sạc"", ""value"": ""Sạc nhanh 10 phút = nghe 10 giờ""}], ""Điều khiển"": [{""name"": ""Phương thức điều khiển"", ""value"": ""Nút bấm vật lý""}], ""Thông tin hãng"": [{""name"": ""Hãng sản xuất"", ""value"": ""Baseus""}], ""Màn hình"": [{""name"": ""Loại màn hình"", ""value"": ""Màn hình""}]}","[""https://cdn2.cellphones.com.vn/x/media/catalog/product/t/a/tai-nghe-chup-tai-khong-day-baseus-bowie-mh1-anc_12_.png"", ""https://cdn2.cellphones.com.vn/x/media/catalog/product/t/a/tai-nghe-chup-tai-khong-day-baseus-bowie-mh1-anc_4_.png"", ""https://cdn2.cellphones.com.vn/x/media/catalog/product/t/a/tai-nghe-chup-tai-khong-day-baseus-bowie-mh1-anc_5_.png"", ""https://cdn2.cellphones.com.vn/x/media/catalog/product/t/a/tai-nghe-chup-tai-khong-day-baseus-bowie-mh1-anc_6_.png"", ""https://cdn2.cellphones.com.vn/x/media/catalog/product/t/a/tai-nghe-chup-tai-khong-day-baseus-bowie-mh1-anc_7_.png"", ""https://cdn2.cellphones.com.vn/x/media/catalog/product/t/a/tai-nghe-chup-tai-khong-day-baseus-bowie-mh1-anc_8_.png"", ""https://cdn2.cellphones.com.vn/x/media/catalog/product/t/a/tai-nghe-chup-tai-khong-day-baseus-bowie-mh1-anc_9_.png"", ""https://cdn2.cellphones.com.vn/x/media/catalog/product/t/a/tai-nghe-chup-tai-khong-day-baseus-bowie-mh1-anc_10_.png"", ""https://cdn2.cellphones.com.vn/x/media/catalog/product/t/a/tai-nghe-chup-tai-khong-day-baseus-bowie-mh1-anc_11_.png"", ""https://cdn2.cellphones.com.vn/x/media/catalog/product/t/a/tai-nghe-chup-tai-khong-day-baseus-bowie-mh1-anc_1_.png"", ""https://cdn2.cellphones.com.vn/x/media/catalog/product/t/a/tai-nghe-chup-tai-khong-day-baseus-bowie-mh1-anc_2_.png""]","{""product_color_1"": {""color"": ""Xám"", ""image_url"": ""https://cdn2.cellphones.com.vn/insecure/rs:fill:50:50/q:90/plain/https://cellphones.com.vn/media/catalog/product/t/a/tai-nghe-chup-tai-khong-day-baseus-bowie-mh1-anc_4__1.png"", ""image_url_display"": ""https://cellphones.com.vn/media/catalog/product/t/a/tai-nghe-chup-tai-khong-day-baseus-bowie-mh1-anc_4__1.png"", ""product_url"": ""https://cellphones.com.vn/tai-nghe-chup-tai-khong-day-baseus-bowie-mh1-anc.html?product_id=118296"", ""price"": ""1.090.000₫""}, ""product_color_2"": {""color"": ""Đen"", ""image_url"": ""https://cdn2.cellphones.com.vn/insecure/rs:fill:50:50/q:90/plain/https://cellphones.com.vn/media/catalog/product/t/a/tai-nghe-chup-tai-khong-day-baseus-bowie-mh1-anc_8__1.png"", ""image_url_display"": ""https://cellphones.com.vn/media/catalog/product/t/a/tai-nghe-chup-tai-khong-day-baseus-bowie-mh1-anc_8__1.png"", ""product_url"": ""https://cellphones.com.vn/tai-nghe-chup-tai-khong-day-baseus-bowie-mh1-anc.html?product_id=118297"", ""price"": ""1.090.000₫""}}"
Tai nghe Bluetooth True Wireless Baseus Bowie MP1,tai-nghe-tws-baseus-bowie-mp1,1.390.000đ,1.090.000đ,,"{""Công nghệ âm thanh"": [{""name"": ""Công nghệ âm thanh"", ""value"": ""Hi-Res Audio\nSuperBass 2.0\nKhử tiếng ồn chủ động (ANC)""}, {""name"": ""Micro"", ""value"": ""Có (6 micro AI)""}, {""name"": ""Loa"", ""value"": ""Màng loa: 11 mm""}, {""name"": ""Tính năng"", ""value"": ""Chống ồn, Điều khiển giọng nói, Có mic đàm thoại, Chống ồn chủ động ANC""}, {""name"": ""Định dạng âm thanh"", ""value"": ""AAC, SBC, LDAC""}], ""Khả năng kết nối"": [{""name"": ""Kết nối"", ""value"": ""Không dây""}, {""name"": ""Bluetooth"", ""value"": ""6.0""}, {""name"": ""Ứng dụng kết nối"", ""value"": ""Baseus""}, {""name"": ""Phạm vi kết nối cho phép"", ""value"": ""10 m""}], ""Thời lượng pin - sạc"": [{""name"": ""Dung lượng pin"", ""value"": ""Tai nghe: 46 mAh""}, {""name"": ""Thời lượng sử dụng Pin"", ""value"": ""Tai nghe: 10 giờ\nHộp sạc: 45 giờ (Tắt ANC)""}, {""name"": ""Cổng sạc"", ""value"": ""Type-C""}, {""name"": ""Thời gian sạc"", ""value"": ""1.5 giờ""}, {""name"": ""Tính năng sạc"", ""value"": ""Sạc nhanh 10 phút sạc = 3 giờ chơi""}], ""Điều khiển"": [{""name"": ""Phương thức điều khiển"", ""value"": ""Nút bấm vật lý""}], ""Thông tin hãng"": [{""name"": ""Hãng sản xuất"", ""value"": ""Baseus""}], ""Màn hình"": [{""name"": ""Loại màn hình"", ""value"": ""Màn hình""}]}","[""https://cdn2.cellphones.com.vn/x/media/catalog/product/t/a/tai-nghe-tws-baseus-bowie-mp1_5__1.png"", ""https://cdn2.cellphones.com.vn/x/media/catalog/product/t/a/tai-nghe-tws-baseus-bowie-mp1_3__1.png"", ""https://cdn2.cellphones.com.vn/x/media/catalog/product/t/a/tai-nghe-tws-baseus-bowie-mp1_2__1.png"", ""https://cdn2.cellphones.com.vn/x/media/catalog/product/t/a/tai-nghe-tws-baseus-bowie-mp1_1__1.png""]","{""product_color_1"": {""color"": ""Đen"", ""image_url"": ""https://cdn2.cellphones.com.vn/insecure/rs:fill:50:50/q:90/plain/https://cellphones.com.vn/media/catalog/product/t/a/tai-nghe-tws-baseus-bowie-mp1_1__1_1.png"", ""image_url_display"": ""https://cellphones.com.vn/media/catalog/product/t/a/tai-nghe-tws-baseus-bowie-mp1_1__1_1.png"", ""product_url"": ""https://cellphones.com.vn/tai-nghe-tws-baseus-bowie-mp1.html?product_id=129470"", ""price"": ""1.090.000₫""}, ""product_color_2"": {""color"": ""Trắng"", ""image_url"": ""https://cdn2.cellphones.com.vn/insecure/rs:fill:50:50/q:90/plain/https://cellphones.com.vn/media/catalog/product/t/a/tai-nghe-tws-baseus-bowie-mp1_3__2.png"", ""image_url_display"": ""https://cellphones.com.vn/media/catalog/product/t/a/tai-nghe-tws-baseus-bowie-mp1_3__2.png"", ""product_url"": ""https://cellphones.com.vn/tai-nghe-tws-baseus-bowie-mp1.html?product_id=129471"", ""price"": ""1.090.000₫""}}"
Tai Nghe Gaming Có Dây Baseus Goplay 1 Plus Max,tai-nghe-co-day-baseus-goplay-1-plus-max,990.000đ,790.000đ,"Đặc điểm nổi bật
Tai nghe có dây Baseus GoPlay 1 Max là một lựa chọn đáng cân nhắc cho người dùng với driver 40mm mạnh mẽ, mang đến chất âm tốt và trong trẻo. Ngoài ra, sản phẩm tai nghe Baseus ghi điểm với thiết kế siêu nhẹ, giúp không bị đau đầu và tai khi đeo thời gian dài. Jack cắm 3.5mm TRRS giúp kết nối với nhiều thiết bị khác nhau, đáp ứng nhu cầu đa dạng.
Nội dung chính
1. Tai nghe có dây Baseus Goplay 1 Plus Max – Âm thanh chân thực, chiến game thả ga
1.1. Âm thanh sống động, nâng tầm trải nghiệm
1.2. Thiết kế tinh tế, dễ dàng thích nghi với nhiều phong cách
1.3. Microphone linh hoạt, đáp ứng nhiều nhu cầu sử dụng
1.4. Kết nối đa dạng, sử dụng dễ dàng trên nhiều thiết bị
2. Mua tai nghe có dây Baseus Goplay 1 Plus Max chính hãng tại CellphoneS ngay hôm nay!
Tai nghe có dây Baseus Goplay 1 Plus Max – Âm thanh chân thực, chiến game thả ga
Tai nghe có dây Baseus Goplay 1 Plus Max là một lựa chọn đáng cân nhắc cho những ai đam mê âm nhạc sống động và cần chiến game chất lượng cao. Sản phẩm sở hữu nhiều tính năng nổi bật, đáp ứng nhu cầu giải trí đa dạng của người dùng.
Âm thanh sống động, nâng tầm trải nghiệm
GoPlay 1 Max được trang bị driver 40mm, giúp tái hiện âm thanh với độ chi tiết cao. Dải bass được thể hiện rõ nét, tạo chiều sâu cho các hiệu ứng âm thanh, trong khi dải treble giữ được độ trong trẻo, hạn chế tình trạng méo tiếng. Điều này giúp người dùng cảm nhận được chất âm rõ nét hơn.
Dải tần số từ 20Hz đến 20kHz mang lại khả năng tái tạo nhiều sắc thái âm thanh khác nhau. Nhờ đó, từng tiếng bước chân, tiếng súng hay hiệu ứng trong game đều được thể hiện chân thực hơn. Điều này không chỉ tạo ra cảm giác nhập vai mà còn hỗ trợ người dùng trong các tình huống yêu cầu phản xạ nhanh.
Thiết kế tinh tế, dễ dàng thích nghi với nhiều phong cách
Với trọng lượng khoảng 258g, tai nghe có dây Baseus Goplay 1 Plus Max mang lại cảm giác nhẹ nhàng khi đeo trong thời gian dài. Phần đệm tai mềm mại giúp hạn chế áp lực lên tai. Bên cạnh đó, khung tai nghe được làm từ ABS kết hợp với kim loại, giúp duy trì được độ bền trong quá trình sử dụng.
Tông màu Moon White mang đến vẻ ngoài trang nhã, phù hợp với nhiều phong cách khác nhau. Thiết kế tổng thể của tai nghe không chỉ chú trọng đến sự thoải mái mà còn có đường nét tinh tế, giúp sản phẩm trở thành một phụ kiện đáng chú ý trong không gian làm việc của người dùng.
Microphone linh hoạt, đáp ứng nhiều nhu cầu sử dụng
GoPlay 1 Max đi kèm micro có thể tháo rời, giúp người dùng dễ dàng điều chỉnh theo nhu cầu. Khi cần trò chuyện trong game hay họp trực tuyến, micro có thể gắn vào để hỗ trợ thu âm tốt hơn. Khi không sử dụng, việc tháo micro giúp tai nghe gọn gàng hơn, thuận tiện cho các hoạt động giải trí khác.
Điểm đặc biệt là chiếc mic này có độ nhạy cao, hỗ trợ thu âm rõ ràng và giúp giọng nói không bị lẫn quá nhiều tạp âm từ môi trường xung quanh. Khi giao tiếp trong trò chơi hoặc khi thực hiện các cuộc gọi quan trọng thì đây chính là yếu tố đáng tiền của sản phẩm này.
Kết nối đa dạng, sử dụng dễ dàng trên nhiều thiết bị
Tai nghe có dây Baseus Goplay 1 Plus Max sử dụng jack cắm 3.5mm TRRS, giúp tai nghe dễ dàng kết nối với nhiều thiết bị như PC, laptop, điện thoại và máy chơi game. Nhờ cổng kết nối phổ biến này, người dùng có thể linh hoạt chuyển đổi giữa các thiết bị mà không cần bộ chuyển đổi bổ sung.
Dây tai nghe được thiết kế chắc chắn, giúp hạn chế tình trạng rối dây khi sử dụng. Việc sử dụng jack cắm 3.5mm cũng giúp đảm bảo độ ổn định của tín hiệu, mang lại trải nghiệm nghe mượt mà hơn. Sự tương thích rộng rãi này giúp tai nghe phù hợp với nhiều nhu cầu khác nhau từ giải trí đến công việc.
Mua tai nghe có dây Baseus Goplay 1 Plus Max chính hãng tại CellphoneS ngay hôm nay!
Tai nghe Baseus Goplay 1 Plus Max chính là lựa chọn đáng cân nhắc dành cho những ai yêu thích giải trí! Khi mua Goplay 1 Plus Max tại CellphoneS, khách hàng có thể yên tâm về chất lượng với bảo hành chính hãng 12 tháng. Đặc biệt, nếu có lỗi phần cứng từ nhà sản xuất, khách hàng được đổi mới trong vòng 15 ngày. Đừng bỏ lỡ cơ hội sở hữu tai nghe chính hãng với mức giá tốt chỉ tại CellphoneS!","{""Kích thước & Trọng lượng"": [{""name"": ""Trọng lượng"", ""value"": ""258g""}], ""Công nghệ âm thanh"": [{""name"": ""Công nghệ âm thanh"", ""value"": ""7.1 Surround""}, {""name"": ""Micro"", ""value"": ""Có""}, {""name"": ""Loa"", ""value"": ""Drivers: 10mm + 40mm\nDải tần số đáp ứng: 20Hz - 20kHz""}, {""name"": ""Tính năng"", ""value"": ""Có mic đàm thoại""}], ""Khả năng kết nối"": [{""name"": ""Kết nối"", ""value"": ""Có dây""}, {""name"": ""Cổng kết nối"", ""value"": ""3.5mm""}], ""Tính năng - Tiện ích khác"": [{""name"": ""Tính năng khác"", ""value"": ""Micro có thể tháo rời""}], ""Thông tin hãng"": [{""name"": ""Hãng sản xuất"", ""value"": ""Baseus""}]}","[""https://cdn2.cellphones.com.vn/x/media/catalog/product/t/a/tai-nghe-co-day-baseus-goplay-1-plus-max-ksp.png"", ""https://cdn2.cellphones.com.vn/x/media/catalog/product/3/_/3_629_5.png"", ""https://cdn2.cellphones.com.vn/x/media/catalog/product/4/_/4_557_4.png"", ""https://cdn2.cellphones.com.vn/x/media/catalog/product/6/_/6_399_3.png"", ""https://cdn2.cellphones.com.vn/x/media/catalog/product/7/_/7_276_4.png"", ""https://cdn2.cellphones.com.vn/x/media/catalog/product/1/0/10_91_4.png"", ""https://cdn2.cellphones.com.vn/x/media/catalog/product/9/_/9_115_4.png"", ""https://cdn2.cellphones.com.vn/x/media/catalog/product/8/_/8_174_3.png"", ""https://cdn2.cellphones.com.vn/x/media/catalog/product/2/_/2_690_4.png""]","{""product_color_1"": {""color"": ""Trắng đen"", ""image_url"": ""https://cdn2.cellphones.com.vn/insecure/rs:fill:50:50/q:90/plain/https://cellphones.com.vn/media/catalog/product/4/_/4_557_5.png"", ""image_url_display"": ""https://cellphones.com.vn/media/catalog/product/4/_/4_557_5.png"", ""product_url"": ""https://cellphones.com.vn/tai-nghe-co-day-baseus-goplay-1-plus-max.html?product_id=100383"", ""price"": ""790.000₫""}}"
Tai nghe Bluetooth True Wireless Baseus Bass EP10 NC,tai-nghe-bluetooth-true-wireless-baseus-bass-ep10-nc,490.000đ,310.000đ,"Đặc điểm nổi bật
Tai nghe Bluetooth True Wireless Baseus Bass EP10 NC được trang bị màng loa kích thước 12mm, kết hợp cùng công nghệ ENC giúp lọc tiếng ồn xung quanh. Không những vậy, chiếc tai nghe Baseus này còn tích hợp 4 micro cho phép đàm thoại rõ ràng. Ngoài ra, thiết bị cũng hỗ trợ công nghệ Bluetooth 6.0 giúp kết nối liền mạch.
Nội dung chính
1. Tai nghe Bluetooth True Wireless Baseus Bass EP10 NC – Nghe nhạc sống động
1.1. Màng loa 12mm, công nghệ ENC
1.2. Thiết kế đẹp, kiểu dáng gọn nhẹ
1.3. 4 micro tích hợp, đạt chuẩn IP55
1.4. Thời lượng pin cao, sạc thời gian tối ưu
1.5. Kết nối Bluetooth 6.0, điều khiển cảm ứng
2. Mua tai nghe Bluetooth True Wireless Baseus Bass EP10 NC giá tốt tại CellphoneS
Tai nghe Bluetooth True Wireless Baseus Bass EP10 NC – Nghe nhạc sống động
Tai nghe Baseus Bass EP10 NC đáp ứng tốt nhu cầu nghe gọi, giải trí của người dùng. Qua các đặc điểm hiện đại, mẫu tai nghe Baseus này là lựa chọn đáng để cân nhắc.
Màng loa 12mm, công nghệ ENC
Tai nghe Bluetooth True Wireless Baseus Bass EP10 NC nổi bật với màng loa 12mm. Đường kính lớn cho phép sản phẩm tái tạo âm thanh với độ chi tiết cao, mang đến dải âm trầm sâu và dày, trong khi âm trung và âm cao vẫn giữ được sự rõ ràng.
Tai nghe có màng loa đường kính 12mm
Bên cạnh đó, phiên bản còn có công nghệ ENC khử tiếng ồn môi trường thông minh. Theo đó, ENC sử dụng thuật toán xử lý tín hiệu kỹ thuật số để loại bỏ tạp âm xung quanh, cho phép người nghe tập trung vào âm nhạc. Đồng thời, công nghệ này cũng giúp giữ chất lượng thoại rõ ràng trong môi trường ồn ào.
Thiết kế đẹp, kiểu dáng gọn nhẹ
Tai nghe Bluetooth True Wireless Baseus Bass EP10 NC được thiết kế theo phong cách tối giản. Phần housing của tai nghe được bo cong mềm mại, kết hợp cùng lớp hoàn thiện cao cấp, mang lại cảm giác sang trọng. Với trọng lượng nhẹ, người dùng có thể thoải mái đeo trong thời gian dài mà không gây khó chịu.
Thiết kế của tai nghe hiện đại, sang trọng
Phần ống dẫn âm và góc nghiêng của củ tai cũng được tối ưu, giúp tai nghe bám chắc khi vận động mạnh, cũng như giảm thiểu tình trạng lọt tiếng. Về tổng thể, hộp sạc của phiên bản này có kích thước nhỏ gọn, dễ dàng bỏ túi. 
4 micro tích hợp, đạt chuẩn IP55
Tai nghe Bluetooth True Wireless Baseus Bass EP10 NC gây ấn tượng với hệ thống 4 micro tích hợp. Cấu trúc này giúp tai nghe có khả năng thu và khuếch đại giọng nói người dùng chính xác. Nhờ sự hỗ trợ của thuật toán ENC chuyên dụng, giọng nói trong các cuộc gọi có thể truyền tải rõ ràng khi người dùng đang ở không gian công cộng.
Tai nghe được trang bị chuẩn kháng nước IP55
Không chỉ dừng lại ở đó, phiên bản còn đạt chuẩn kháng nước IP55 giúp hoạt động ổn định trong điều kiện ẩm ướt hoặc khi luyện tập thể thao. Tuy nhiên, người dùng cũng không nên để tai nghe dính hóa chất hay chất lỏng thường xuyên để duy trì chất lượng lâu dài.
Thời lượng pin cao, sạc thời gian tối ưu
Tai nghe Bluetooth True Wireless Baseus Bass EP10 NC sở hữu dung lượng pin đủ cho 7 giờ sử dụng liên tục. Khi kết hợp với hộp sạc, tổng thời gian có thể đạt lên đến 41 giờ trong trường hợp tắt chế độ ANC. Nhờ đó, người dùng có thể thoải mái sử dụng tai nghe. Song, thời lượng pin có thể thay đổi tùy theo mức âm lượng và cường độ sử dụng.
Thời gian phát nhạc lên đến 7 giờ
Baseus còn trang bị cổng sạc USB-C hiện đại, hỗ trợ nạp năng lượng cho tai nghe một cách thuận tiện. Mạch sạc thông minh được tích hợp bên trong giúp bảo vệ pin khỏi tình trạng quá nhiệt hoặc sạc quá mức, kéo dài tuổi thọ tổng thể cho sản phẩm.
Kết nối Bluetooth 6.0, điều khiển cảm ứng
Tai nghe Bluetooth True Wireless Baseus Bass EP10 NC có chuẩn kết nối Bluetooth 6.0, giúp tăng tốc độ truyền dữ liệu âm thanh. Hơn thế nữa, công nghệ này cho phép kết nối ở khoảng cách xa mà vẫn đảm bảo tín hiệu ổn định
Công nghệ Bluetooth 6.0 cho kết nối ổn định
Về phần điều khiển, hãng trang bị bảng cảm ứng chạm đa điểm trên bề mặt tai nghe, cho phép người dùng thao tác dễ dàng. Độ nhạy của cảm ứng được tối ưu cao, nhận diện chính xác. Ngoài ra, người dùng có thể tùy chỉnh thao tác chạm thông qua ứng dụng Baseus nhằm mang lại sự cá nhân hóa trong trải nghiệm.
Mua tai nghe Bluetooth True Wireless Baseus Bass EP10 NC giá tốt tại CellphoneS
Tai nghe Bluetooth True Wireless Baseus Bass EP10 NC là thiết bị âm thanh chất lượng với khả năng phát nhạc tối ưu, thiết kế tiện lợi. Khách mua hàng có thể đến ngay chi nhánh CellphoneS gần đây để sở hữu chiếc tai nghe không dây chính hãng, giá phải chăng. Tại đây còn kèm theo chính sách bảo hành uy tín và dài hạn. Bên cạnh đó, đội ngũ tư vấn của cửa hàng sẽ giới thiệu chi tiết về sản phẩm để đưa ra lựa chọn phù hợp.","{""Công nghệ âm thanh"": [{""name"": ""Công nghệ âm thanh"", ""value"": ""Chống ồn môi trường ENC\nChống ồn chủ động ANC\n24 chế độ EQ""}, {""name"": ""Micro"", ""value"": ""Có""}, {""name"": ""Loa"", ""value"": ""Driver: 12mm""}, {""name"": ""Tính năng"", ""value"": ""Chống ồn, Điều khiển giọng nói, Có mic đàm thoại, Chống nước""}], ""Khả năng kết nối"": [{""name"": ""Kết nối"", ""value"": ""Không dây""}, {""name"": ""Bluetooth"", ""value"": ""6.0""}, {""name"": ""Ứng dụng kết nối"", ""value"": ""BASEUS""}, {""name"": ""Phạm vi kết nối cho phép"", ""value"": ""10m""}], ""Thời lượng pin - sạc"": [{""name"": ""Thời lượng sử dụng Pin"", ""value"": ""Tai nghe: 7 giờ\nHộp sạc: 41 giờ (Tắt ANC)""}, {""name"": ""Cổng sạc"", ""value"": ""Type-C""}, {""name"": ""Tính năng sạc"", ""value"": ""Sạc nhanh 10 phút = 2 giờ dùng""}], ""Điều khiển"": [{""name"": ""Phương thức điều khiển"", ""value"": ""Cảm ứng chạm\nĐiều khiển qua ứng dụng""}], ""Tính năng - Tiện ích khác"": [{""name"": ""Tính năng khác"", ""value"": ""Chống nước: IPX5""}], ""Thông tin hãng"": [{""name"": ""Hãng sản xuất"", ""value"": ""Baseus""}]}","[""https://cdn2.cellphones.com.vn/x/media/catalog/product/t/a/tai-nghe-bluetooth-true-wireless-baseus-bass-ep10-nc_5_.png"", ""https://cdn2.cellphones.com.vn/x/media/catalog/product/t/a/tai-nghe-bluetooth-true-wireless-baseus-bass-ep10-nc_3_.png"", ""https://cdn2.cellphones.com.vn/x/media/catalog/product/t/a/tai-nghe-bluetooth-true-wireless-baseus-bass-ep10-nc_4_.png"", ""https://cdn2.cellphones.com.vn/x/media/catalog/product/t/a/tai-nghe-bluetooth-true-wireless-baseus-bass-ep10-nc_2_.png"", ""https://cdn2.cellphones.com.vn/x/media/catalog/product/w/h/white_8_4.png"", ""https://cdn2.cellphones.com.vn/x/media/catalog/product/w/h/white_2_.png"", ""https://cdn2.cellphones.com.vn/x/media/catalog/product/w/h/white_1_.png"", ""https://cdn2.cellphones.com.vn/x/media/catalog/product/t/a/tai-nghe-bluetooth-true-wireless-baseus-bass-ep10-nc_3_.jpg"", ""https://cdn2.cellphones.com.vn/x/media/catalog/product/t/a/tai-nghe-bluetooth-true-wireless-baseus-bass-ep10-nc_2_.jpg"", ""https://cdn2.cellphones.com.vn/x/media/catalog/product/t/a/tai-nghe-bluetooth-true-wireless-baseus-bass-ep10-nc_1_.jpg"", ""https://cdn2.cellphones.com.vn/x/media/catalog/product/t/a/tai-nghe-bluetooth-true-wireless-baseus-bass-ep10-nc_1_.png"", ""https://cdn2.cellphones.com.vn/x/media/catalog/product/t/a/tai-nghe-bluetooth-true-wireless-baseus-bass-ep10-nc_6_.png""]","{""product_color_1"": {""color"": ""Trắng"", ""image_url"": ""https://cdn2.cellphones.com.vn/insecure/rs:fill:50:50/q:90/plain/https://cellphones.com.vn/media/catalog/product/w/h/white_8_3.png"", ""image_url_display"": ""https://cellphones.com.vn/media/catalog/product/w/h/white_8_3.png"", ""product_url"": ""https://cellphones.com.vn/tai-nghe-bluetooth-true-wireless-baseus-bass-ep10-nc.html?product_id=117187"", ""price"": ""310.000₫""}, ""product_color_2"": {""color"": ""Đen"", ""image_url"": ""https://cdn2.cellphones.com.vn/insecure/rs:fill:50:50/q:90/plain/https://cellphones.com.vn/media/catalog/product/t/a/tai-nghe-bluetooth-true-wireless-baseus-bass-ep10-nc_3__1.png"", ""image_url_display"": ""https://cellphones.com.vn/media/catalog/product/t/a/tai-nghe-bluetooth-true-wireless-baseus-bass-ep10-nc_3__1.png"", ""product_url"": ""https://cellphones.com.vn/tai-nghe-bluetooth-true-wireless-baseus-bass-ep10-nc.html?product_id=115822"", ""price"": ""310.000₫""}}"
Tai nghe Bluetooth Wireless Baseus Bowie WM02,tai-nghe-bluetooth-baseus-bowie-wm02,590.000đ,350.000đ,"Đặc điểm nổi bật
Nội dung chính
1. Tai nghe Baseus Bowie WM02 - Thiết kế trẻ trung, không gây đau tai
1.1. Thiết kế nâng niu tai, đèn led báo lệnh
1.2. Bluetooth chất lượng, thời gian dùng lâu
2. Mua tai nghe Baseus Bowie WM02 giá rẻ, chất lượng tại cửa hàng CellphoneS
Tai nghe Baseus Bowie WM02 - Thiết kế trẻ trung, không gây đau tai
Tai nghe bluetooth Baseus Bowie WM02 là chiếc tai nghe baseus mang màu sắc trẻ trung, truyền tải âm thanh chất lượng liền mạch. Bất cứ ai sử dụng sản phẩm này đều hài lòng và rung động khi thưởng thức các giai điệu âm thanh. Đoạn mô tả dưới đây sẽ cho bạn biết rõ có nên chọn Baseus Bowie WM02 đồng hành trong thời gian sắp tới hay không.
Thiết kế nâng niu tai, đèn led báo lệnh
Baseus Bowie WM02 có dạng viên con nhộng, xinh đẹp và gọn gàng trong từng chi tiết. Cân nặng tai nghe chỉ 3.8g, không làm đau tai và không có chi tiết thừa gây khó chịu.
Bowie WM02 được tích hợp thêm vùng đèn led cảm ứng đặc biệt để hạn chế lỗi chạm không đúng lệnh. Nhờ vậy bạn có thể điều khiển tai nghe dễ dàng, chuẩn xác hơn trong mọi trường hợp.
>>> Xem thêm tai nghe Baseus Bowie M2+ giá tốt mới nhất tại CellphoneS.
Bluetooth chất lượng, thời gian dùng lâu
Baseus Bowie WM02 được tích hợp con chip xử lý Bluetooth V5.3 có độ ổn định cao và mức tiêu thụ điện năng thấp. Tai nghe giúp người dùng trải nghiệm hàng loạt giai điệu mượt mà, ổn định và tiện lợi dễ dàng.
Tai nghe Baseus Bowie WM02 còn được tích hợp công nghệ Bluetooth low energy giúp tiết kiệm điện. Thời gian phát nhạc lên đến 5h liên tục, khi kèm hộp sạc đầy pin còn dùng được thêm tận 25h nữa.
Mua tai nghe Baseus Bowie WM02 giá rẻ, chất lượng tại cửa hàng CellphoneS
Tai nghe Baseus Bowie WM02 chính hãng giá đẹp đã có tại cửa hàng CellphoneS, chỉ chờ bạn đến mang về. Liên hệ ngay với nhân viên CellphoneS, chúng tôi luôn sẵn sàng dành thời gian cùng bạn.","{""Kích thước & Trọng lượng"": [{""name"": ""Kích thước"", ""value"": ""Hộp sạc: 44 x 44 x 30.5mm\nTai nghe: 24.3 x 24.3 mm""}, {""name"": ""Trọng lượng"", ""value"": ""Tai nghe: 3.8g\nHộp sạc: 33g""}], ""Công nghệ âm thanh"": [{""name"": ""Micro"", ""value"": ""Có""}, {""name"": ""Tính năng"", ""value"": ""Điều khiển giọng nói, Có mic đàm thoại""}], ""Khả năng kết nối"": [{""name"": ""Kết nối"", ""value"": ""Không dây""}, {""name"": ""Bluetooth"", ""value"": ""5.3""}, {""name"": ""Cổng kết nối"", ""value"": ""Type C""}, {""name"": ""Ứng dụng kết nối"", ""value"": ""Baseus""}, {""name"": ""Phạm vi kết nối cho phép"", ""value"": ""10 m""}], ""Thời lượng pin - sạc"": [{""name"": ""Thời lượng sử dụng Pin"", ""value"": ""Tai nghe: Dùng 5 giờ\nHộp sạc: Dùng 25 giờ""}, {""name"": ""Cổng sạc"", ""value"": ""Type-C""}, {""name"": ""Thời gian sạc"", ""value"": ""1.5 giờ""}], ""Điều khiển"": [{""name"": ""Phương thức điều khiển"", ""value"": ""Nút bấm vật lý""}], ""Thông tin hãng"": [{""name"": ""Hãng sản xuất"", ""value"": ""Baseus""}]}","[""https://cdn2.cellphones.com.vn/x/media/catalog/product/t/a/tai-nghe-bluetooth-baseus-bowie-wm02-01.png"", ""https://cdn2.cellphones.com.vn/x/media/catalog/product/t/a/tai-nghe-bluetooth-baseus-bowie-wm02_3__1.png"", ""https://cdn2.cellphones.com.vn/x/media/catalog/product/t/a/tai-nghe-bluetooth-baseus-bowie-wm02_2__1.png"", ""https://cdn2.cellphones.com.vn/x/media/catalog/product/t/a/tai-nghe-bluetooth-baseus-bowie-wm02_1__1.png"", ""https://cdn2.cellphones.com.vn/x/media/catalog/product/t/a/tai-nghe-bluetooth-baseus-bowie-wm02_4__1.png""]","{""product_color_1"": {""color"": ""Tím"", ""image_url"": ""https://cdn2.cellphones.com.vn/insecure/rs:fill:50:50/q:90/plain/https://cellphones.com.vn/media/catalog/product/t/a/tai-nghe-bluetooth-baseus-bowie-wm02_4_.png"", ""image_url_display"": ""https://cellphones.com.vn/media/catalog/product/t/a/tai-nghe-bluetooth-baseus-bowie-wm02_4_.png"", ""product_url"": ""https://cellphones.com.vn/tai-nghe-bluetooth-baseus-bowie-wm02.html?product_id=67209"", ""price"": ""350.000₫""}, ""product_color_2"": {""color"": ""Đen"", ""image_url"": ""https://cdn2.cellphones.com.vn/insecure/rs:fill:50:50/q:90/plain/https://cellphones.com.vn/media/catalog/product/t/a/tai-nghe-bluetooth-baseus-bowie-wm02_1_.png"", ""image_url_display"": ""https://cellphones.com.vn/media/catalog/product/t/a/tai-nghe-bluetooth-baseus-bowie-wm02_1_.png"", ""product_url"": ""https://cellphones.com.vn/tai-nghe-bluetooth-baseus-bowie-wm02.html?product_id=67210"", ""price"": ""350.000₫""}, ""product_color_3"": {""color"": ""Xanh"", ""image_url"": ""https://cdn2.cellphones.com.vn/insecure/rs:fill:50:50/q:90/plain/https://cellphones.com.vn/media/catalog/product/t/a/tai-nghe-bluetooth-baseus-bowie-wm02_3_.png"", ""image_url_display"": ""https://cellphones.com.vn/media/catalog/product/t/a/tai-nghe-bluetooth-baseus-bowie-wm02_3_.png"", ""product_url"": ""https://cellphones.com.vn/tai-nghe-bluetooth-baseus-bowie-wm02.html?product_id=55974"", ""price"": ""350.000₫""}, ""product_color_4"": {""color"": ""Trắng"", ""image_url"": ""https://cdn2.cellphones.com.vn/insecure/rs:fill:50:50/q:90/plain/https://cellphones.com.vn/media/catalog/product/t/a/tai-nghe-bluetooth-baseus-bowie-wm02_2_.png"", ""image_url_display"": ""https://cellphones.com.vn/media/catalog/product/t/a/tai-nghe-bluetooth-baseus-bowie-wm02_2_.png"", ""product_url"": ""https://cellphones.com.vn/tai-nghe-bluetooth-baseus-bowie-wm02.html?product_id=54008"", ""price"": ""350.000₫""}}"
Tai nghe Bluetooth Wireless Baseus AeQur G10,tai-nghe-khong-day-baseus-aequr-g10,1.400.000đ,890.000đ,"Đặc điểm nổi bật
Tai nghe không dây Baseus Aequr G10 sở hữu dải tần 20 Hz-20 kHz cùng độ trễ thấp 25ms cho trải nghiệm âm thanh chất lượng cao. Tai nghe gaming này còn sở hữu công nghệ 3D Bisa cùng với âm thanh 360 độ BPT cho âm thanh đầy sống động. Sản phẩm tai nghe Baseus này còn được trang bị pin 50mah mỗi bên cũng như 400 mAh giúp cho thời lượng sử dụng lâu cũng như cổng sạc USB-C tiện lợi.
Nội dung chính
1. Tai nghe không dây Baseus Aequr G10 – Chất liệu bền bỉ, âm thanh 360 độ sống động
1.1. Âm thanh độ trễ thấp, công nghệ âm thanh 3D
1.2. Thiết kế độc đáo, case sạc trong suốt
1.3. Đàm thoại rõ nét với 4 micro cùng chip ENC
1.4. Pin dung lượng lớn, sạc đầy trong 1 tiếng tiện lợi
2. Mua tai nghe không dây Baseus Aequr G10 chính hãng tại CellphoneS
Tai nghe không dây Baseus Aequr G10 – Chất liệu bền bỉ, âm thanh 360 độ sống động
Baseus Aequr G10 là sản phẩm tai nghe chơi game chất lượng với nhiều công nghệ âm thanh được trang bị. Tai nghe có thể đáp ứng tốt được nhiều nhu cầu sử dụng từ trải trí hàng ngày đến các trải nghiệm chơi game vô cùng hiệu quả.
Âm thanh độ trễ thấp, công nghệ âm thanh 3D
Tai nghe không dây Baseus Aequr G10 sở hữu đa dạng công nghệ hỗ trợ tối ưu trải nghiệm âm thanh như BPT hay Bisa 3D. Công nghệ hỗ trợ định vị được chính xác âm thanh nhờ đó có thể các định nguồn âm thanh dễ dàng giúp có những trải nghiệm âm thanh 360 độ giúp người dùng có những âm thanh đầy chân thực.
Đặc biệt, tai nghe còn sở hữu độ trễ âm thanh cực thấp, chỉ 25ms nhờ đó tối ưu cho các trải nghiệm chơi game, kể cả những tựa game FPS. Baseus Aequr G10 với âm thanh Low Complexity Communications Codec (LC3) cùng với giao thức LE Audio nhờ đó giúp mang lại âm thanh có độ trung thực cao cùng với độ trễ thấp.
Thiết kế độc đáo, case sạc trong suốt
Tai nghe Baseus Aequr G10 là mẫu tai nghe không dây sở hữu một thiết kế ấn tượng. Tai nghe được hoàn thiện từ chất liệu PC và ABS bền bỉ cùng với đó là case sạc được thiết kế mờ đọc đóa, người dùng có thể nhìn thấy tai nghe kể cả khi đang ở trong case sạc. Về màu sắc, tai nghe có 2 lựa chọn màu sắc là trắng và đen trang nhã và dễ sử dụng.
Đàm thoại rõ nét với 4 micro cùng chip ENC
Baseus Aequr G10 hỗ trợ khả năng đàm thoại chất lượng với thiết kế 4 micro. Cùng với đó sản phẩm còn được trang bị chip ENC, con chip hỗ trợ chống ồn từ môi trường một cách hiệu quả giúp mang lại cho người dùng khả năng đàm thoại ổn định với chất lượng giọng nói rõ nét.
Pin dung lượng lớn, sạc đầy trong 1 tiếng tiện lợi
Tai nghe gaming Baseus Aequr G10 được trang bị viên pin với dung lượng 50mah ở mỗi tai nghe nhờ đó mang lại thời gian sử dụng dài. Cùng với đó case sạc 400 mAh giúp kéo dài thời gian sử dụng với tai nghe lên đến 25 giờ. Khi hết bị người dùng có thể sạc pin nhanh chóng với cổng USB-C cùng thời gian sạc đầy chỉ khoảng 1 tiếng.
Mua tai nghe không dây Baseus Aequr G10 chính hãng tại CellphoneS
Tai nghe gaming Baseus Aequr G10 với nhiều công nghệ âm thanh tối ưu cùng thiết kế mang lại cho người dùng những trải nghiệm giải trí đầy sống động. Nếu bạn đọc đang tìm kiếm nẫu tai nghe chất lượng cho giải trí, chơi game thì tham khảo đến sản phẩm Baseus Aequr G10 tại CellphoneS. Tại đây khách hàng có thể mua tai nghe Baseus chính hãng với giá ưu đãi cùng chương trình mua hàng trả góp cũng như khuyến mãi thành viên.","{""Kích thước & Trọng lượng"": [{""name"": ""Kích thước"", ""value"": ""Tai nghe: 35mm (Dài) x 21mm (Rộng)\nHộp sạc: 53mm (Cao) x 30mm (Rộng) x 66mm (Dài)""}, {""name"": ""Trọng lượng"", ""value"": ""55.1g""}], ""Công nghệ âm thanh"": [{""name"": ""Micro"", ""value"": ""Có\n4 micro""}, {""name"": ""Tính năng"", ""value"": ""Chống ồn""}], ""Khả năng kết nối"": [{""name"": ""Số thiết bị kết nối cùng lúc"", ""value"": ""2""}, {""name"": ""Kết nối"", ""value"": ""Không dây""}, {""name"": ""Bluetooth"", ""value"": ""5.3""}, {""name"": ""Ứng dụng kết nối"", ""value"": ""Baseus""}, {""name"": ""Phạm vi kết nối cho phép"", ""value"": ""10 m""}], ""Thời lượng pin - sạc"": [{""name"": ""Dung lượng pin"", ""value"": ""50mAh / 0,185Wh (tai nghe)\n400mAh / 1,48Wh (hộp sạc)""}, {""name"": ""Thời lượng sử dụng Pin"", ""value"": ""Tai nghe: Dùng 7 giờ\nHộp sạc: Dùng 25 giờ""}, {""name"": ""Cổng sạc"", ""value"": ""Type-C""}, {""name"": ""Thời gian sạc"", ""value"": ""1 giờ""}], ""Điều khiển"": [{""name"": ""Phương thức điều khiển"", ""value"": ""Cảm ứng chạm""}], ""Tính năng - Tiện ích khác"": [{""name"": ""Tính năng khác"", ""value"": ""Chống ồn môi trường ENC\nĐèn RGB""}], ""Thông tin hãng"": [{""name"": ""Hãng sản xuất"", ""value"": ""Baseus""}]}","[""https://cdn2.cellphones.com.vn/x/media/catalog/product/t/a/tai-nghe-khong-day-baseus-aequr-g10_8_.png"", ""https://cdn2.cellphones.com.vn/x/media/catalog/product/t/a/tai-nghe-khong-day-baseus-aequr-g10.png"", ""https://cdn2.cellphones.com.vn/x/media/catalog/product/t/a/tai-nghe-khong-day-baseus-aequr-g10_1_.png"", ""https://cdn2.cellphones.com.vn/x/media/catalog/product/t/a/tai-nghe-khong-day-baseus-aequr-g10_5_.png"", ""https://cdn2.cellphones.com.vn/x/media/catalog/product/t/a/tai-nghe-khong-day-baseus-aequr-g10_3_.png"", ""https://cdn2.cellphones.com.vn/x/media/catalog/product/t/a/tai-nghe-khong-day-baseus-aequr-g10_4_.png"", ""https://cdn2.cellphones.com.vn/x/media/catalog/product/t/a/tai-nghe-khong-day-baseus-aequr-g10_6_.png"", ""https://cdn2.cellphones.com.vn/x/media/catalog/product/t/a/tai-nghe-khong-day-baseus-aequr-g10_9_.png"", ""https://cdn2.cellphones.com.vn/x/media/catalog/product/t/a/tai-nghe-khong-day-baseus-aequr-g10_7_.png""]","{""product_color_1"": {""color"": ""Đen"", ""image_url"": ""https://cdn2.cellphones.com.vn/insecure/rs:fill:50:50/q:90/plain/https://cellphones.com.vn/media/catalog/product/t/a/tai-nghe-khong-day-baseus-aequr-g10_1.png"", ""image_url_display"": ""https://cellphones.com.vn/media/catalog/product/t/a/tai-nghe-khong-day-baseus-aequr-g10_1.png"", ""product_url"": ""https://cellphones.com.vn/tai-nghe-khong-day-baseus-aequr-g10.html?product_id=83840"", ""price"": ""890.000₫""}, ""product_color_2"": {""color"": ""Trắng"", ""image_url"": ""https://cdn2.cellphones.com.vn/insecure/rs:fill:50:50/q:90/plain/https://cellphones.com.vn/media/catalog/product/t/a/tai-nghe-khong-day-baseus-aequr-g10_3__1.png"", ""image_url_display"": ""https://cellphones.com.vn/media/catalog/product/t/a/tai-nghe-khong-day-baseus-aequr-g10_3__1.png"", ""product_url"": ""https://cellphones.com.vn/tai-nghe-khong-day-baseus-aequr-g10.html?product_id=83841"", ""price"": ""890.000₫""}}"
Tai nghe Bluetooth True Wireless Baseus Bowie E16,tai-nghe-bluetooth-baseus-bowie-e16,N/A,N/A,"Đặc điểm nổi bật
Tai nghe Baseus Bowie E16 là mẫu tai nghe không dây với thiết kế tiện dụng gọn nhẹ cùng khả năng kháng nước IPX4. Tai nghe với kết nối chuẩn bluetooth 5.3 cùng màng loa 13mm mang lại âm thanh trong trẻo và to rõ. Cùng với 2 micro lọc ồn hỗ trợ mang lại các cuộc thoại rõ nét.
Nội dung chính
1. Tai nghe bluetooth Baseus Bowie E16 – Thiết kế nhỏ gọn, âm thanh chất lượng
1.1. Mang loa lớn 13mm mang lại âm thanh to rõ
1.2. Thiết kế gọn nhẹ cùng kích thước nhỏ gọn
1.3. Đàm thoại rõ nét với 2 mic lọc tiếng ồn
1.4. Pin dung lượng sử dụng tới 2 giờ
1.5. Điều khiển cảm ứng dễ sử dụng
2. Mua tai nghe Baseus Bowie E16 giá rẻ, chất lượng tại CellphoneS
Tai nghe bluetooth Baseus Bowie E16 – Thiết kế nhỏ gọn, âm thanh chất lượng
Baseus Bowie E16 với thiết kế nhỏ gọn tiện dụng, âm thanh vượt trội. Tai nghe đáp ứng được nhiều nhu cầu sử dụng khác nhau của người dùng. Vậy chính xác mẫu tai nghe Baseus này có gì nổi trội, có đáng để mua sử dụng không?
Mang loa lớn 13mm mang lại âm thanh to rõ
Baseus Bowie E16 sở hữu một màng loa kích thước lên tới 13 mm nhờ đó hỗ trợ mang lại âm thanh trong trẻo, tạp âm ít và to rõ. Chất lượng âm thanh trên thiết bị giúp người dùng có thể sử dụng trong nhiều nhu cầu từ giải trí đến làm việc.
Thiết kế gọn nhẹ cùng kích thước nhỏ gọn
Baseus Bowie E16 sở hữu một thiết kế tối ưu được lấy cảm hứng từ hòn sỏi nhờ đó sản phẩm sở hữu những góc cạnh bo tròn. Tai nghe với tổng trọng lượng chỉ hơn 3g nhờ đó người dùng có thể dễ dàng cất và mang theo sử dụng. Tai nghe với thiết kế Earpod quen thuộc nhờ đó giúp mang lại cho người dùng trải nghiệm dùng thoải mái, không đau tai khi sử dụng lâu.
Đàm thoại rõ nét với 2 mic lọc tiếng ồn
Tai nghe Bowie E16 được trang bị hai micro với khả năng lọc tiếng ồn xung quanh. Nhờ đó trong các cuộc gọi tiếng ồn từ môi trường sẽ được giảm tối đa giúp mang lại những cuộc thoại to rõ.
Tai nghe được trang bị chuẩn kháng nước và bụi bẩn chuẩn IPX4 nhờ đó người dùng có thể mang theo tập luyện thể thao. Tuy nhiên, người dùng hạn chế mang theo sử dụng ở môn thể thao dưới nước (bơi, lội) hay sử dụng trong môi trường hóa chất.
Pin dung lượng sử dụng tới 2 giờ
Tai nghe Bowie E16 được trang bị viên pin mang lại thời gian sử dụng ấn tượng tới 6 giờ đồng hồ. Khi sử dụng kết hợp với case sạc, tai nghe có thể mang lại thời gian dùng tới 27 giờ. Bên cạnh đó, tai nghe Baseus này còn sở hữu sạc nhanh nhờ đó với 10 phút sạc có thêm 2 giờ sử dụng.
Điều khiển cảm ứng dễ sử dụng
Baseus Bowie E16 được trang bị khả năng điều khiển cảm ứng nhờ đó người dùng có thể điều khiển tiện lợi:
- Nhấn tap: Phát – dừng nhạc
- Nhấn và giữ trong 1.5 giây: Chuyển bài kế tiếp hoặc bài trước đó
- Nhấn 3 lần: Gọi trợ lý ảo Assistant
Mua tai nghe Baseus Bowie E16 giá rẻ, chất lượng tại CellphoneS
Tai nghe Baseus Bowie E16 với thiết kế tiện lợi, âm thanh vượt trội mang lại những trải nghiệm âm thanh sống động. Nếu quan tâm đến mẫu tai nghe không dây chất lượng này, đến với CellphoneS để trải nghiệm và mua ngay với giá bán ưu đãi. Tại CellphoneS, sản phẩm tai nghe Baseus Bowie E16 chính hãng đảm bảo chính hãng với thời gian bảo hành lâu dài. Cùng với đó, hệ thống còn nhiều ưu đãi dành riêng cho khách hàng mua tai nghe Baseus này.","{""Kích thước & Trọng lượng"": [{""name"": ""Kích thước"", ""value"": ""Tai nghe: 35.40mm\nHộp sạc: 53.34mm x 53.39mm""}, {""name"": ""Trọng lượng"", ""value"": ""Tai nghe: 3.2g\nHộp sạc: 30g""}], ""Công nghệ âm thanh"": [{""name"": ""Công nghệ âm thanh"", ""value"": ""Khử ồn ENC""}, {""name"": ""Micro"", ""value"": ""Có""}, {""name"": ""Loa"", ""value"": ""Driver 13mm""}, {""name"": ""Tính năng"", ""value"": ""Chống ồn""}], ""Khả năng kết nối"": [{""name"": ""Số thiết bị kết nối cùng lúc"", ""value"": ""1""}, {""name"": ""Kết nối"", ""value"": ""Không dây""}, {""name"": ""Bluetooth"", ""value"": ""5.3""}, {""name"": ""Cổng kết nối"", ""value"": ""Type C""}, {""name"": ""Phạm vi kết nối cho phép"", ""value"": ""10m""}], ""Thời lượng pin - sạc"": [{""name"": ""Thời lượng sử dụng Pin"", ""value"": ""Tai nghe: 6 giờ\nHộp sạc: 30 giờ""}, {""name"": ""Cổng sạc"", ""value"": ""Type C""}, {""name"": ""Thời gian sạc"", ""value"": ""1.5 giờ""}], ""Điều khiển"": [{""name"": ""Phương thức điều khiển"", ""value"": ""Cảm ứng chạm""}], ""Tính năng - Tiện ích khác"": [{""name"": ""Tính năng khác"", ""value"": ""Sạc nhanh\nKháng nước chuẩn IPX4""}], ""Thông tin hãng"": [{""name"": ""Hãng sản xuất"", ""value"": ""Baseus""}]}","[""https://cdn2.cellphones.com.vn/x/media/catalog/product/t/a/tai-nghe-bluetooth-baseus-bowie-e16-ksp.png"", ""https://cdn2.cellphones.com.vn/x/media/catalog/product/t/a/tai-nghe-bluetooth-baseus-bowie-e16_4_.png"", ""https://cdn2.cellphones.com.vn/x/media/catalog/product/t/a/tai-nghe-bluetooth-baseus-bowie-e16_2_.png"", ""https://cdn2.cellphones.com.vn/x/media/catalog/product/t/a/tai-nghe-bluetooth-baseus-bowie-e16_5_.png"", ""https://cdn2.cellphones.com.vn/x/media/catalog/product/t/a/tai-nghe-bluetooth-baseus-bowie-e16_3_.png""]","{""product_color_1"": {""color"": ""Đen"", ""image_url"": ""https://cdn2.cellphones.com.vn/insecure/rs:fill:50:50/q:90/plain/https://cellphones.com.vn/media/catalog/product/t/a/tai-nghe-bluetooth-baseus-bowie-e16_3__1.png"", ""image_url_display"": ""https://cellphones.com.vn/media/catalog/product/t/a/tai-nghe-bluetooth-baseus-bowie-e16_3__1.png"", ""product_url"": ""https://cellphones.com.vn/tai-nghe-bluetooth-baseus-bowie-e16.html?product_id=76098"", ""price"": ""310.000₫""}, ""product_color_2"": {""color"": ""Trắng"", ""image_url"": ""https://cdn2.cellphones.com.vn/insecure/rs:fill:50:50/q:90/plain/https://cellphones.com.vn/media/catalog/product/t/a/tai-nghe-bluetooth-baseus-bowie-e16_2__1.png"", ""image_url_display"": ""https://cellphones.com.vn/media/catalog/product/t/a/tai-nghe-bluetooth-baseus-bowie-e16_2__1.png"", ""product_url"": ""https://cellphones.com.vn/tai-nghe-bluetooth-baseus-bowie-e16.html?product_id=76100"", ""price"": ""310.000₫""}}"
Tai nghe Bluetooth chụp tai Baseus Encok D02 Pro,tai-nghe-chup-tai-baseus-encok-d02-pro,510.000đ,390.000đ,"Đặc điểm nổi bật
Nội dung chính
1. Tai nghe chụp tai Baseus Encok D02 Pro - Kiểu dáng năng động, chất âm tự nhiên
1.1. Trải nghiệm âm nhạc siêu sống động và có độ chính xác cao
1.2. Kiểu dáng gọn nhẹ, năng động nhưng cũng cực kỳ bền bỉ
2. Mua tai nghe chụp tai Baseus Encok D02 Pro giá tốt tại CellphoneS
Tai nghe chụp tai Baseus Encok D02 Pro - Kiểu dáng năng động, chất âm tự nhiên
Tai nghe chụp tai Baseus Encok D02 Pro được đánh giá là sự hòa quyện hoàn hảo giữa khả năng thể hiện âm thanh tinh thế cùng trải nghiệm đeo nghe vô cùng thoải mái, êm ái. Nổi bật với tạo hình hiện đại cùng với chất lượng âm thanh sống động, thế hệ tai nghe Baseus này sẽ là người bạn đồng hành hoàn hảo trong mọi khoảnh khắc giải trí mà bạn không nên bỏ qua nhé!
Trải nghiệm âm nhạc siêu sống động và có độ chính xác cao
Trải nghiệm âm thanh trên tai nghe chụp tai Baseus Encok D02 Pro luôn được đánh giá là chân thực và có độ chính xác cực cao khi sở hữu bộ xử lý âm thanh 40mm tiên tiến. 
Thông qua đó, tai nghe thể hiện được chất lượng âm thanh sâu lắng, và được tái hiện rõ ràng, mang đến trải nghiệm xem phim, chơi game hay nghe nhạc giải trí vô cùng tuyệt vời.
Kiểu dáng gọn nhẹ, năng động nhưng cũng cực kỳ bền bỉ
Với khả năng gập mở linh hoạt, tai nghe chụp tai Baseus Encok D02 Pro cho phép bạn có thể dễ dàng điều chỉnh tai nghe sao cho thật sự phù hợp nhất với kích thước tai của mình. Viền Crom sang trọng bao quanh tai nghe cũng là điểm nhấn ấn tượng, thể hiện được sự tinh tế và sáng tạo của người dùng.
Cùng với cách âm chất lượng, lớp mút xốp mềm mại giúp bạn có thể thoải mái tận hưởng âm nhạc trọn vẹn mà không lo bị đau mỏi tai nữa rồi nhé!
Mua tai nghe chụp tai Baseus Encok D02 Pro giá tốt tại CellphoneS
Điểm đến mua sắm tai nghe chụp tai Baseus Encok D02 Pro hay bất kỳ dòng sản phẩm công nghệ nào khác hiện nay đang được nhiều người dùng Việt hướng tới là cửa hàng CellphoneS. Đây là thương hiệu bán lẻ đồ công nghệ chất lượng cao trên thị trường với hơn 100 chi nhánh trên toàn quốc. Bạn có thể liên hệ tới CellphoneS qua hotline 1800 2097 để nhận thêm thông tin và được báo giá tốt nhất cho dòng tai nghe này bạn nhé!","{""Công nghệ âm thanh"": [{""name"": ""Công nghệ âm thanh"", ""value"": ""Chống ồn chủ động ANC""}, {""name"": ""Micro"", ""value"": ""Có""}, {""name"": ""Tính năng"", ""value"": ""Chống ồn, Điều khiển giọng nói, Có mic đàm thoại""}], ""Khả năng kết nối"": [{""name"": ""Kết nối"", ""value"": ""Không dây""}, {""name"": ""Bluetooth"", ""value"": ""5.0""}, {""name"": ""Cổng kết nối"", ""value"": ""3.5mm""}, {""name"": ""Phạm vi kết nối cho phép"", ""value"": ""10 m""}], ""Thời lượng pin - sạc"": [{""name"": ""Dung lượng pin"", ""value"": ""450 mAh / 3.7V""}, {""name"": ""Thời lượng sử dụng Pin"", ""value"": ""Sạc một lần và nghe trong một tuần\nThời gian phát nhạc liên tục 40 giờ sau khi sạc đầy, nghe nhạc cả tuần và 5 giờ mỗi ngày.""}, {""name"": ""Cổng sạc"", ""value"": ""Type C""}, {""name"": ""Thời gian sạc"", ""value"": ""1.5 giờ""}], ""Điều khiển"": [{""name"": ""Phương thức điều khiển"", ""value"": ""Nút bấm""}], ""Thông tin hãng"": [{""name"": ""Hãng sản xuất"", ""value"": ""Baseus""}]}","[""https://cdn2.cellphones.com.vn/x/media/catalog/product/t/a/tai-nghe-chup-tai-baseus-encok-d02-pro-ksp.png"", ""https://cdn2.cellphones.com.vn/x/media/catalog/product/t/a/tai-nghe-chup-tai-baseus-encok-d02-pro_15_.png"", ""https://cdn2.cellphones.com.vn/x/media/catalog/product/t/a/tai-nghe-chup-tai-baseus-encok-d02-pro_16_.png"", ""https://cdn2.cellphones.com.vn/x/media/catalog/product/t/a/tai-nghe-chup-tai-baseus-encok-d02-pro_14_.png"", ""https://cdn2.cellphones.com.vn/x/media/catalog/product/t/a/tai-nghe-chup-tai-baseus-encok-d02-pro_13_.png"", ""https://cdn2.cellphones.com.vn/x/media/catalog/product/t/a/tai-nghe-chup-tai-baseus-encok-d02-pro_22_.png"", ""https://cdn2.cellphones.com.vn/x/media/catalog/product/t/a/tai-nghe-chup-tai-baseus-encok-d02-pro_21_.png"", ""https://cdn2.cellphones.com.vn/x/media/catalog/product/t/a/tai-nghe-chup-tai-baseus-encok-d02-pro_18_.png"", ""https://cdn2.cellphones.com.vn/x/media/catalog/product/t/a/tai-nghe-chup-tai-baseus-encok-d02-pro_20_.png"", ""https://cdn2.cellphones.com.vn/x/media/catalog/product/t/a/tai-nghe-chup-tai-baseus-encok-d02-pro_19_.png"", ""https://cdn2.cellphones.com.vn/x/media/catalog/product/t/a/tai-nghe-chup-tai-baseus-encok-d02-pro_17_.png""]","{""product_color_1"": {""color"": ""Đen"", ""image_url"": ""https://cdn2.cellphones.com.vn/insecure/rs:fill:50:50/q:90/plain/https://cellphones.com.vn/media/catalog/product/t/a/tai-nghe-chup-tai-baseus-encok-d02-pro_15__1.png"", ""image_url_display"": ""https://cellphones.com.vn/media/catalog/product/t/a/tai-nghe-chup-tai-baseus-encok-d02-pro_15__1.png"", ""product_url"": ""https://cellphones.com.vn/tai-nghe-chup-tai-baseus-encok-d02-pro.html?product_id=67250"", ""price"": ""390.000₫""}, ""product_color_2"": {""color"": ""Trắng"", ""image_url"": ""https://cdn2.cellphones.com.vn/insecure/rs:fill:50:50/q:90/plain/https://cellphones.com.vn/media/catalog/product/t/a/tai-nghe-chup-tai-baseus-encok-d02-pro_23_.png"", ""image_url_display"": ""https://cellphones.com.vn/media/catalog/product/t/a/tai-nghe-chup-tai-baseus-encok-d02-pro_23_.png"", ""product_url"": ""https://cellphones.com.vn/tai-nghe-chup-tai-baseus-encok-d02-pro.html?product_id=67251"", ""price"": ""390.000₫""}}"
Tai nghe Bluetooth True Wireless Baseus Bowie E18,tai-nghe-bluetooth-baseus-bowie-e18,490.000đ,290.000đ,"Đặc điểm nổi bật
Tai nghe bluetooth Baseus Bowie E18 là tai nghe không dây sở hữu dải âm trầm mạnh mẽ với trình điều khiển có kích thước 13mm. Với công nghệ bluetooth 5.3 cùng micro tích hợp công nghệ khử ồn ENC, tai nghe Baseus E18 sẽ luôn đáp ứng tốt cho nhu cầu đàm thoại của người dùng. Đi kèm là một kích thước nhỏ gọn cùng trọng lượng mỗi bên tai nghe chỉ khoảng 3g để mang tới cảm giác đeo thoải mái khi sử dụng trong nhiều giờ liên tục.
Nội dung chính
1. Tai nghe Baseus Bowie E18 - Kích thước nhỏ gọn, hoạt động ổn định
1.1. Âm trầm mạnh mẽ với trình điều khiển 13mm
1.2. Thiết kế nhỏ gọn mang tới cảm giác đeo thoải mái
1.3. Micro hỗ trợ khử ồn ENC cùng khả năng kháng nước IPX4
1.4. Hoạt động bền bỉ tích hợp công nghệ sạc nhanh
1.5. Kết nối ổn định, điều khiển cảm ứng tiện lợi
2. Mua tai nghe Baseus Bowie E18 giá tốt, bảo hành 1 năm tại CellphoneS
Tai nghe Baseus Bowie E18 - Kích thước nhỏ gọn, hoạt động ổn định
Tai nghe Bluetooth Bowie E18 được thiết kế vô cùng nhỏ gọn để người dùng có thể tiện lợi mang theo mọi nơi và đeo trên tai trong nhiều giờ liền. Đi kèm là khả năng hoạt động bền bỉ cùng dải âm trầm mạnh mẽ để người dùng có thể giải trí, làm việc với tai nghe trong nhiều giờ liền. Công nghệ bluetooth 5.3 sẽ luôn đảm bảo việc truyền tín hiệu tới tai nghe luôn có sự ổn định.
Âm trầm mạnh mẽ với trình điều khiển 13mm
Baseus Bowie E18 được trang bị trình điều khiển có kích thước khá lớn, ở mức 13mm. Trình điều khiển lớn hơn sẽ cho giúp cho tai nghe Bowie E18 có thể tái tạo dải âm bass mạnh mẽ hơn. Nhờ vậy mà âm thanh được thể hiện trên tai nghe Bowie E18 luôn có được sự mạnh mẽ để phù hợp với nhiều dòng nhạc phổ biến.
Không chỉ có dải âm bass mà âm thanh tổng thể được tạo ra trên tai nghe Baseus Bowie E18 cũng sẽ được nâng cấp để có chất lượng tốt hơn. Và để mang tới trải nghiệm nghe trọn vẹn nhất, Baseus còn cung cấp thêm nhiều tính năng mở rộng trên ứng dụng đi kèm để người dùng có thể chủ động cài đặt dựa theo nhu cầu, sở thích cá nhân.
Thiết kế nhỏ gọn mang tới cảm giác đeo thoải mái
Tai nghe Bluetooth Baseus Bowie E18 được thiết kế với phần hộp sạc nhỏ gọn, mỏng nhẹ. Nhờ có kích thước này mà người dùng sẽ dễ dàng cất gọn không chỉ trong túi xách, balo mà còn cả trong túi quần, túi áo. Phần vỏ ngoài cả hộp sạc được hoàn thiện bằng nhựa nhám thay cho nhựa bóng để hạn chế tình trạng bám vết bẩn trong quá trình sử dụng.
Phần tai nghe Baseus Bowie E18 được thiết kế dạng earbuds để mang tới sự thoải mái, tránh bị bí tai trong quá trình đeo. Mỗi bên tai nghe chỉ có trọng lượng khoảng 3,2g cùng chiều dài 1,87cm. Nhờ vậy mà người dùng hoàn toàn có thể sử dụng tai nghe trong thời gian dài mà không hề có cảm giác đau, mỏi tai.
Micro hỗ trợ khử ồn ENC cùng khả năng kháng nước IPX4
Tai nghe cũng có được khả năng hỗ trợ đàm thoại tốt. Bởi Baseus đang trang bị thêm công nghệ khử ồn chủ động ENC lên trên micro của tai nghe Bowie E18. Nhờ vậy mà các tạp âm như tiếng xe cộ, tiếng gió,...sẽ được loại bỏ để giúp cho giọng nói thông qua tai nghe được rõ ràng và trong hơn.
Tính năng này cũng có thể được kích hoạt dễ dàng thông qua ứng dụng Baseus đi kèm tai nghe. Tai nghe Baseus Bowie E18 còn được hoàn thiện theo chuẩn kháng nước IPX4. Nhờ vậy mà người dùng có thể thoải mái sử dụng trong các môi trường có độ ẩm cao như luyện tập thể thao, đi dã ngoại, đi trời mưa,...
Hoạt động bền bỉ tích hợp công nghệ sạc nhanh
Dù sở hữu kích thước mỏng nhẹ nhưng tai nghe Bluetooth Baseus Bowie E18 lại có thời lượng hoạt động vô cùng ấn tượng. Khi kết hợp với hộp sạc, tai nghe sẽ có được tổng thời gian hoạt động lên tới 30 giờ. Ngay cả khi không sạc lại, tai nghe Bowie E18 vẫn có thể hoạt động trong vòng 6 giờ liên tục.
Baseus Bowie E18 cũng chỉ cần khoảng thời gian khoảng 1,5 giờ để có thể sạc đầy pin và tiếp tục hoạt động. Mẫu tai nghe không dây của Baseus còn được tích hợp công nghệ sạc nhanh thông qua cổng Type-C để có thể sử dụng tới 2 giờ chỉ với 10 phút sạc pin.
Kết nối ổn định, điều khiển cảm ứng tiện lợi
Tai nghe Bowie E18 được trang bị công nghệ bluetooth 5.3. Nhờ vậy mà thiết bị sẽ luôn đảm bảo được khả năng kết nối ổn định nhưng không tiêu hao quá nhiều năng lượng. Đồng thời, công nghệ kết nối bluetooth 5.3 còn giúp tai nghe có thể kết nối cùng lúc hai thiết bị để tăng tính tiện lợi, giảm bớt sự rườm rà khi phải kết nối lại liên tục.
Tai nghe Baseus Bowie E18 còn được trang bị bộ điều khiển cảm ứng có độ nhạy cao. Điều này sẽ giúp người dùng có thể dễ dàng tăng/giảm âm lượng, chuyển bài phát, tạm dừng nhạc, trả lời cuộc gọi,...một cách tiện lợi trong quá trình luyện tập.
Mua tai nghe Baseus Bowie E18 giá tốt, bảo hành 1 năm tại CellphoneS
Tai nghe bluetooth Baseus Bowie E18 chính hãng  hiện đang được trưng bày tại tất cả các cửa hàng CellphoneS ở mọi tỉnh, thành phố trên cả nước để bạn tham khảo và lựa chọn. Mẫu tai nghe không dây nhỏ gọn của Baseus hiện còn được áp dụng các chương trình giảm giá, chiết khấu hội viên, ưu đãi trong thanh toán,...để bạn luôn có cơ hội sở hữu với mức giá cực kỳ hấp dẫn.","{""Kích thước & Trọng lượng"": [{""name"": ""Kích thước"", ""value"": ""29.9mm(Cao ) x 36.23mm( Rộng ) x 62.75mm (Dài )""}], ""Công nghệ âm thanh"": [{""name"": ""Công nghệ âm thanh"", ""value"": ""Khử ồn ENC""}, {""name"": ""Micro"", ""value"": ""Có""}, {""name"": ""Tính năng"", ""value"": ""Điều khiển giọng nói, Có mic đàm thoại""}], ""Khả năng kết nối"": [{""name"": ""Kết nối"", ""value"": ""Không dây""}, {""name"": ""Bluetooth"", ""value"": ""5.3""}, {""name"": ""Ứng dụng kết nối"", ""value"": ""Baseus""}, {""name"": ""Phạm vi kết nối cho phép"", ""value"": ""10m""}], ""Thời lượng pin - sạc"": [{""name"": ""Dung lượng pin"", ""value"": ""Pin tai nghe: 40mAh/0,148Wh\nPin hộp sạc: 300mAh/1,11Wh""}, {""name"": ""Thời lượng sử dụng Pin"", ""value"": ""Tai nghe: 7.5 giờ\nHộp sạc: 25 giờ""}, {""name"": ""Cổng sạc"", ""value"": ""USB-C""}, {""name"": ""Thời gian sạc"", ""value"": ""1.5 giờ""}], ""Điều khiển"": [{""name"": ""Phương thức điều khiển"", ""value"": ""Cảm ứng chạm""}], ""Tính năng - Tiện ích khác"": [{""name"": ""Tính năng khác"", ""value"": ""Chống ồn đàm thoại ENC\nSạc nhanh\nKháng nước IPX4""}], ""Thông tin hãng"": [{""name"": ""Hãng sản xuất"", ""value"": ""Baseus""}]}","[""https://cdn2.cellphones.com.vn/x/media/catalog/product/t/a/tai-nghe-bluetooth-baseus-bowie-e18_5_.png"", ""https://cdn2.cellphones.com.vn/x/media/catalog/product/t/a/tai-nghe-bluetooth-baseus-bowie-e18_2__1.png"", ""https://cdn2.cellphones.com.vn/x/media/catalog/product/t/a/tai-nghe-bluetooth-baseus-bowie-e18_3__1.png"", ""https://cdn2.cellphones.com.vn/x/media/catalog/product/t/a/tai-nghe-bluetooth-baseus-bowie-e18_1__1.png"", ""https://cdn2.cellphones.com.vn/x/media/catalog/product/t/a/tai-nghe-bluetooth-baseus-bowie-e18_1_1.png""]","{""product_color_1"": {""color"": ""Đen"", ""image_url"": ""https://cdn2.cellphones.com.vn/insecure/rs:fill:50:50/q:90/plain/https://cellphones.com.vn/media/catalog/product/t/a/tai-nghe-bluetooth-baseus-bowie-e18_1__2.png"", ""image_url_display"": ""https://cellphones.com.vn/media/catalog/product/t/a/tai-nghe-bluetooth-baseus-bowie-e18_1__2.png"", ""product_url"": ""https://cellphones.com.vn/tai-nghe-bluetooth-baseus-bowie-e18.html?product_id=78999"", ""price"": ""290.000₫""}, ""product_color_2"": {""color"": ""Trắng"", ""image_url"": ""https://cdn2.cellphones.com.vn/insecure/rs:fill:50:50/q:90/plain/https://cellphones.com.vn/media/catalog/product/t/a/tai-nghe-bluetooth-baseus-bowie-e18_3__2.png"", ""image_url_display"": ""https://cellphones.com.vn/media/catalog/product/t/a/tai-nghe-bluetooth-baseus-bowie-e18_3__2.png"", ""product_url"": ""https://cellphones.com.vn/tai-nghe-bluetooth-baseus-bowie-e18.html?product_id=79002"", ""price"": ""290.000₫""}, ""product_color_3"": {""color"": ""Tím"", ""image_url"": ""https://cdn2.cellphones.com.vn/insecure/rs:fill:50:50/q:90/plain/https://cellphones.com.vn/media/catalog/product/t/a/tai-nghe-bluetooth-baseus-bowie-e18_2__2.png"", ""image_url_display"": ""https://cellphones.com.vn/media/catalog/product/t/a/tai-nghe-bluetooth-baseus-bowie-e18_2__2.png"", ""product_url"": ""https://cellphones.com.vn/tai-nghe-bluetooth-baseus-bowie-e18.html?product_id=79001"", ""price"": ""290.000₫""}}"
Tai nghe Bluetooth True Wireless Baseus Bowie E20s,tai-nghe-bluetooth-baseus-bowie-e20s,450.000đ,350.000đ,"Đặc điểm nổi bật
Tai nghe Bluetooth Baseus Bowie E20S được đánh giá là mẫu tai nghe không dây cao cấp nổi bật với thiết kế cá tính, nhỏ gọn cùng nhiều màu sắc bắt mắt. Ngoài chất lượng âm thanh sống động, thời lượng pin sử dụng lâu dài, thiết bị này còn trang bị khả năng kháng nước chuẩn IPX5 vô cùng mạnh mẽ. 
Nội dung chính
1. Tai nghe Baseus Bowie E20S - Thiết kế thời thượng, âm thanh chất lượng
1.1. Trang bị chip giải mã âm thanh Bowie
1.2. Thiết kế trẻ trung, độc đáo
1.3. Điều khiển thuận tiện với công nghệ cảm ứng điện dung
1.4. Kết nối không dây Bluetooth V5.3, pin sử dụng lâu dài
1.5. Kháng nước chuẩn IPX5
2. Mua tai nghe Baseus Bowie E20S giá rẻ, chất lượng tại CellphoneS
Tai nghe Baseus Bowie E20S - Thiết kế thời thượng, âm thanh chất lượng
Là mẫu tai nghe cao cấp đến từ dòng Bowie của Baseus, Baseus Bowie E20S thu hút người dùng với kiểu dáng thời thượng, sang trọng cùng khả năng kết nối không dây qua Bluetooth V5.3 thuận tiện cho quá trình sử dụng. Đặc biệt, tai nghe còn trang bị công nghệ âm thanh hiện đại, cho chất âm ấn tượng với độ trễ/nhiễu tối thiểu xứng đáng là lựa chọn tối ưu cho người dùng trẻ hiện nay. 
Trang bị chip giải mã âm thanh Bowie
Với con chip giải mã âm thanh tiên tiến nhất đến từ dòng tai nghe cao cấp Bowie của hãng, tai nghe Baseus Bowie E20S mang đến cho người dùng những âm thanh chất lượng, rõ nét ngay cả trong đàm thoại lẫn nghe nhạc.  Cùng với màng loa kép kích thước 12 mm hỗ trợ mang lại trải nghiệm âm trầm mạnh mẽ.
Cùng với đó, tai nghe còn được trang bị micro ENC nhờ đó hỗ trợ loại bỏ những âm thanh tạp âm từ môi trường bên ngoài, mang lại cho người dùng trải nghiệm nghe rõ nét, đặc biệt là trong các cuộc đàm thoại.
Thiết kế trẻ trung, độc đáo
Baseus Bowie E20S được thiết kế theo dạng nhét tai Earbuds với kiểu dáng hình case sạc có kích thước thon gọn, mang phong cách trẻ trung, hiện đại với nhiều tùy chọn màu sắc độc đáo, dễ dàng thu hút người dùng ngay từ ánh nhìn ban đầu.
Tai nghe với vỏ ngoài được hoàn thiện từ nhựa PC và ASB bền bỉ với trọng lượng 49g. Nhờ đó tai nghe Bowie E20S không mang lại cho người dùng cảm giác nặng nề khi sử dụng. Sản phẩm sẽ có hai phiên bản máu sắc sang trọng cho người dùng lựa chọn là đen và trắng.
Điều khiển thuận tiện với công nghệ cảm ứng điện dung
Baseus Bowie E20S trang bị công nghệ cảm ứng cho phép người dùng điều khiển thuận tiện và nhanh chóng. Chỉ bằng một cái chạm tay nhẹ nhàng lên thiết bị liền có thể điều khiển tai nghe nhận/từ chối cuộc gọi hay bắt đầu/tạm dừng chơi nhạc. 
Kết nối không dây Bluetooth V5.3, pin sử dụng lâu dài
Bởi vì là dòng tai nghe không dây nên người dùng tai nghe Baseus Bowie E20S có thể kết nối sản phẩm đến các thiết bị khác một cách nhanh chóng thông qua chuẩn kết nối Bluetooth V5.3. Cùng với đó, tai nghe còn sở hữu viên pin 35mah trên mỗi tai nghe và 500 mah trên case sạc nhờ đó có thể mang lại thời gian sử dụng lên đến 6 giờ nghe nhạc (Với mức âm lượng 70%). Và khi sử dụng với case sạc có thể mang lại tổng thời lượng sử dụng lên đến 32 giờ ấn tượng. Sau khi hết pin, người dùng có thê sạc lại năng lượng cho thiết bị qua cổng USB-C và mất khoảng 1.5 giờ để sạc đầy.
Kháng nước chuẩn IPX5
Tai nghe Baseus Bowie E20S không kén thiết bị nên người dùng hoàn toàn có kết nối và sử dụng với hầu hết dòng smartphone, tablet và laptop hiện nay. Ngoài ra, sản phẩm còn hỗ trợ kháng nước IPX5 cho phép người dùng kết nối ngay cả trong điều kiện sử dụng dưới trời mưa hay rèn luyện thể thao. 
Mua tai nghe Baseus Bowie E20S giá rẻ, chất lượng tại CellphoneS
Hệ thống bán lẻ CellphoneS hiện đang phân phối tai nghe Bluetooth Baseus Bowie E20S chính hãng với mức giá phải chăng. Bên cạnh đó, CellphoneS còn mang đến cho khách hàng của mình nhiều voucher giảm giá cùng những phần quà hấp dẫn khi mua hàng tại các cửa hàng chi nhánh trên toàn quốc. Liên hệ để được hỗ trợ tư vấn chi tiết qua 1800.2097 nhé!","{""Kích thước & Trọng lượng"": [{""name"": ""Kích thước"", ""value"": ""Dài 3 cm - Rộng 2.2 cm - Cao 2.295 cm""}, {""name"": ""Trọng lượng"", ""value"": ""4.1 g""}], ""Công nghệ âm thanh"": [{""name"": ""Công nghệ âm thanh"", ""value"": ""Công nghệ ENC\nKhử tiếng ồn DNN""}, {""name"": ""Micro"", ""value"": ""Có (4 mic)""}, {""name"": ""Tính năng"", ""value"": ""Chống ồn, Có mic đàm thoại""}], ""Khả năng kết nối"": [{""name"": ""Số thiết bị kết nối cùng lúc"", ""value"": ""1""}, {""name"": ""Kết nối"", ""value"": ""Không dây""}, {""name"": ""Bluetooth"", ""value"": ""5.3""}, {""name"": ""Phạm vi kết nối cho phép"", ""value"": ""10m""}], ""Thời lượng pin - sạc"": [{""name"": ""Dung lượng pin"", ""value"": ""Tai nghe + Hộp sạc: 32 giờ""}, {""name"": ""Cổng sạc"", ""value"": ""Type-C""}], ""Điều khiển"": [{""name"": ""Phương thức điều khiển"", ""value"": ""Cảm ứng chạm""}], ""Tính năng - Tiện ích khác"": [{""name"": ""Tính năng khác"", ""value"": ""Chống nước IPX5\nSạc nhanh\nKhử ồn cuộc gọi""}], ""Thông tin hãng"": [{""name"": ""Hãng sản xuất"", ""value"": ""Baseus""}], ""Màn hình"": [{""name"": ""Loại màn hình"", ""value"": ""Màn hình""}]}","[""https://cdn2.cellphones.com.vn/x/media/catalog/product/t/a/tai-nghe-bluetooth-baseus-bowie-e20s_20_.png"", ""https://cdn2.cellphones.com.vn/x/media/catalog/product/t/a/tai-nghe-bluetooth-baseus-bowie-e20s-1.png"", ""https://cdn2.cellphones.com.vn/x/media/catalog/product/t/a/tai-nghe-bluetooth-baseus-bowie-e20s_3_.png"", ""https://cdn2.cellphones.com.vn/x/media/catalog/product/t/a/tai-nghe-bluetooth-baseus-bowie-e20s_2_.png"", ""https://cdn2.cellphones.com.vn/x/media/catalog/product/t/a/tai-nghe-bluetooth-baseus-bowie-e20s_6_.png"", ""https://cdn2.cellphones.com.vn/x/media/catalog/product/t/a/tai-nghe-bluetooth-baseus-bowie-e20s_4_.png"", ""https://cdn2.cellphones.com.vn/x/media/catalog/product/t/a/tai-nghe-bluetooth-baseus-bowie-e20s_5_.png"", ""https://cdn2.cellphones.com.vn/x/media/catalog/product/t/a/tai-nghe-bluetooth-baseus-bowie-e20s_7_.png"", ""https://cdn2.cellphones.com.vn/x/media/catalog/product/t/a/tai-nghe-bluetooth-baseus-bowie-e20s_8_.png"", ""https://cdn2.cellphones.com.vn/x/media/catalog/product/t/a/tai-nghe-bluetooth-baseus-bowie-e20s_9_.png"", ""https://cdn2.cellphones.com.vn/x/media/catalog/product/t/a/tai-nghe-bluetooth-baseus-bowie-e20s_10_.png"", ""https://cdn2.cellphones.com.vn/x/media/catalog/product/t/a/tai-nghe-bluetooth-baseus-bowie-e20s_12_.png"", ""https://cdn2.cellphones.com.vn/x/media/catalog/product/t/a/tai-nghe-bluetooth-baseus-bowie-e20s_11_.png"", ""https://cdn2.cellphones.com.vn/x/media/catalog/product/t/a/tai-nghe-bluetooth-baseus-bowie-e20s_15_.png"", ""https://cdn2.cellphones.com.vn/x/media/catalog/product/t/a/tai-nghe-bluetooth-baseus-bowie-e20s_13_.png"", ""https://cdn2.cellphones.com.vn/x/media/catalog/product/t/a/tai-nghe-bluetooth-baseus-bowie-e20s_14_.png"", ""https://cdn2.cellphones.com.vn/x/media/catalog/product/t/a/tai-nghe-bluetooth-baseus-bowie-e20s_16_.png"", ""https://cdn2.cellphones.com.vn/x/media/catalog/product/t/a/tai-nghe-bluetooth-baseus-bowie-e20s_17_.png"", ""https://cdn2.cellphones.com.vn/x/media/catalog/product/t/a/tai-nghe-bluetooth-baseus-bowie-e20s_18_.png"", ""https://cdn2.cellphones.com.vn/x/media/catalog/product/t/a/tai-nghe-bluetooth-baseus-bowie-e20s_19_.png""]","{""product_color_1"": {""color"": ""Trắng"", ""image_url"": ""https://cdn2.cellphones.com.vn/insecure/rs:fill:50:50/q:90/plain/https://cellphones.com.vn/media/catalog/product/t/a/tai-nghe-bluetooth-baseus-bowie-e20s_10__1.png"", ""image_url_display"": ""https://cellphones.com.vn/media/catalog/product/t/a/tai-nghe-bluetooth-baseus-bowie-e20s_10__1.png"", ""product_url"": ""https://cellphones.com.vn/tai-nghe-bluetooth-baseus-bowie-e20s.html?product_id=81535"", ""price"": ""350.000₫""}, ""product_color_2"": {""color"": ""Đen"", ""image_url"": ""https://cdn2.cellphones.com.vn/insecure/rs:fill:50:50/q:90/plain/https://cellphones.com.vn/media/catalog/product/t/a/tai-nghe-bluetooth-baseus-bowie-e20s-1_1.png"", ""image_url_display"": ""https://cellphones.com.vn/media/catalog/product/t/a/tai-nghe-bluetooth-baseus-bowie-e20s-1_1.png"", ""product_url"": ""https://cellphones.com.vn/tai-nghe-bluetooth-baseus-bowie-e20s.html?product_id=81536"", ""price"": ""350.000₫""}}"
Tai nghe có dây Baseus Encok H17,tai-nghe-co-day-baseus-encok-h17,249.000đ,190.000đ,"Đặc điểm nổi bật
Tai nghe có dây Baseus Encok H17 được thiết kế tinh xảo, sử dụng chất liệu chất lượng cao như ABS và TPE không dễ rối và có khả năng chống chịu tốt. Tai nghe này được trang bị bộ chip DAC decoder chip Type-C mạnh mẽ, tạo ra âm thanh chân thực và rõ ràng đến từng chi tiết. Với cổng kết nối Type-C, sản phẩm tai nghe Baseus trở thành một lựa chọn đa năng cho người dùng.
Nội dung chính
1. Tai nghe có dây Baseus Encok H17 - Thiết kế thời thượng, kết cấu bền bỉ
1.1. Tái tạo âm thanh chân thực
1.2. Thiết kế bền bỉ, chống rối 
2. Mua ngay tai nghe có dây Baseus Encok H17 tại CellphoneS
Tai nghe có dây Baseus Encok H17 - Thiết kế thời thượng, kết cấu bền bỉ
Tai nghe có dây Baseus Encok H17 là một sự lựa chọn tuyệt vời cho những người yêu thích nghe nhạc. Sản phẩm mang đến trải nghiệm âm thanh đích thực được xây dựng trên nền tảng chất lượng từ nhãn hiệu Baseus.
Tái tạo âm thanh chân thực
Tai nghe có dây Baseus Encok H17 mang đến công suất âm thanh đủ lớn để thỏa mãn người dùng. Bộ DAC Decoder Chip Type-C tích hợp giúp phân tán và giảm tốc độ sóng âm phản xạ, đảm bảo rằng âm thanh được tái tạo chân thực và rõ ràng đến từng chi tiết. 
Sản phẩm cũng trang bị cụm phím điều khiển chuyên dụng. Từ đó giúp bạn dễ dàng trả lời cuộc gọi, bật/dừng nhạc và điều chỉnh âm lượng mà không cần phải lấy điện thoại ra khỏi túi.
Thiết kế bền bỉ, chống rối 
Tai nghe có dây Baseus Encok H17 này lấy cảm hứng từ chiếc tai nghe của Apple, một mẫu thiết kế rất được ưa chuộng. Các nút tai nghe được tối ưu hóa tại từng vị trí để đảm bảo sự thoải mái tối đa cho người dùng.
Đặc biệt, dây đeo của Baseus H17 được làm từ lớp nhựa TPE bên ngoài và lõi bên trong là sợi Kevlar, chất liệu cực kỳ bền chắc. Hơn nữa, dây đeo này cũng chống rối, giúp người dùng tiện lợi và nhanh chóng sử dụng tai nghe mà không phải mất quá nhiều thời gian.
>>> Xem thêm các mẫu tai nghe dưới 200K đang bán chạy hiện nay.
Mua ngay tai nghe có dây Baseus Encok H17 tại CellphoneS
Hãy nhanh tay mua ngay chiếc tai nghe có dây Baseus Encok H17 tại CellphoneS để trải nghiệm những điểm mạnh vượt trội của sản phẩm này. Với thiết kế tinh tế, chất lượng âm thanh xuất sắc và sự tin tưởng từ một địa chỉ uy tín như CellphoneS, bạn sẽ không phải thất vọng","{""Kích thước & Trọng lượng"": [{""name"": ""Kích thước"", ""value"": ""30mm (Cao) x 15mm (Rộng) x 18mm (Dài)""}, {""name"": ""Trọng lượng"", ""value"": ""12g""}], ""Công nghệ âm thanh"": [{""name"": ""Micro"", ""value"": ""Có""}, {""name"": ""Tính năng"", ""value"": ""Có mic đàm thoại""}], ""Khả năng kết nối"": [{""name"": ""Kết nối"", ""value"": ""Có dây""}, {""name"": ""Cổng kết nối"", ""value"": ""3.5mm""}], ""Thời lượng pin - sạc"": [{""name"": ""Cổng sạc"", ""value"": ""Type-C""}], ""Thông tin hãng"": [{""name"": ""Hãng sản xuất"", ""value"": ""Baseus""}]}","[""https://cdn2.cellphones.com.vn/x/media/catalog/product/t/a/tai-nghe-co-day-baseus-encok-h17_5_.png"", ""https://cdn2.cellphones.com.vn/x/media/catalog/product/t/a/tai-nghe-co-day-baseus-encok-h17_1_.png"", ""https://cdn2.cellphones.com.vn/x/media/catalog/product/t/a/tai-nghe-co-day-baseus-encok-h17_3_.png"", ""https://cdn2.cellphones.com.vn/x/media/catalog/product/t/a/tai-nghe-co-day-baseus-encok-h17_2_.png""]","{""product_color_1"": {""color"": ""Trắng"", ""image_url"": ""https://cdn2.cellphones.com.vn/insecure/rs:fill:50:50/q:90/plain/https://cellphones.com.vn/media/catalog/product/t/a/tai-nghe-co-day-baseus-encok-h17_5__1.png"", ""image_url_display"": ""https://cellphones.com.vn/media/catalog/product/t/a/tai-nghe-co-day-baseus-encok-h17_5__1.png"", ""product_url"": ""https://cellphones.com.vn/tai-nghe-co-day-baseus-encok-h17.html?product_id=70666"", ""price"": ""190.000₫""}}"
Tai nghe chụp tai bluetooth Baseus Bowie 30 Max,tai-nghe-chup-tai-baseus-bowie-30-max,1.990.000đ,1.790.000đ,"Đặc điểm nổi bật
Tai nghe chụp tai Baseus Bowie 30 Max được trang bị driver 50mm mạnh mẽ, tích hợp công nghệ Bass Enhancement và Active Noise Cancelling (ANC) đến -45dB. Tai nghe hỗ trợ codec LDAC và Spatial Audio, kích thước 8.8 x 7.625 x 4.58 cm và khối lượng 320g. Tai nghe hoàn thiện từ ABS + PC + kim loại, pin 65 giờ khi tắt ANC và sạc bằng cổng Type-C.
Nội dung chính
1. Tai nghe chụp tai Baseus Bowie 30 Max - Sự đầu tư đáng giá cho âm thanh chất lượng cao
1.1. Hàng loạt công nghệ tân tiến
1.2. Kiểu dáng tinh tế, mềm mại
1.3. Mic khử ồn hiệu quả, sử dụng đến 65 giờ
2. Mua ngay tai nghe chụp tai Baseus Bowie 30 Max chất lượng tốt, giá ưu đãi tại CellphoneS
Tai nghe chụp tai Baseus Bowie 30 Max - Sự đầu tư đáng giá cho âm thanh chất lượng cao
Tai nghe chụp tai Baseus Bowie 30 Max là dòng sản phẩm vượt trội, đáng tiền đầu tư trong phân khúc tai nghe không dây hiện đại, nhiều tính năng. Với thiết kế đẹp, chất liệu cao cấp và trải nghiệm âm thanh sống động, sản phẩm tai nghe Baseus này hứa hẹn mang đến những phút giây thưởng thức âm nhạc trọn vẹn. 
Hàng loạt công nghệ tân tiến
Tai nghe chụp tai Baseus Bowie 30 Max sở hữu chất âm tuyệt vời với sự chi tiết cao và dải tần âm rộng, nhờ được trang bị driver 50mm mạnh mẽ. Thiết bị tích hợp công nghệ Bass Enhancement, có chức năng tăng cường âm bass sâu lắng, lý tưởng cho những bản nhạc EDM, Pop hoặc Rock. Hơn nữa, chất âm của sản phẩm còn đạt chứng nhận Hi-Res Audio, đảm bảo mang đến trải nghiệm tuyệt vời, phù hợp với mọi thể loại âm nhạc.
Ngoài ra, Baseus Bowie 30 Max còn sở hữu công nghệ Spatial Audio với tính năng theo dõi chuyển động đầu giúp tạo ra không gian âm thanh 3D. Baseus Bowie 30 Max còn hỗ trợ codec LDAC, giúp truyền tải âm thanh với độ phân giải cao thông qua kết nối Bluetooth. Cùng với đó là công nghệ Active Noise Cancelling (ANC) lên đến -45dB giúp loại bỏ tiếng ồn hiệu quả, tạo không gian yên tĩnh ngay cả trong môi trường đông đúc. 
Kiểu dáng tinh tế, mềm mại
Tai nghe chụp tai Baseus Bowie 30 Max còn được lòng khách hàng nhờ ngoại hình hiện đại, với màu Cluster Black sang trọng và tinh tế. Tai nghe có kích thước nhỏ gọn kết hợp khối lượng 320g, tạo cảm giác chắc chắn nhưng không gây nặng nề khi sử dụng trong thời gian dài. Chưa hết, kiểu dáng tai nghe còn có các đường nét bo cong mềm mại cùng phong cách tối giản, rất dễ phù hợp với số đông khách hàng.
Baseus Bowie 30 Max được làm từ chất liệu ABS + PC + kim loại cao cấp, đảm bảo độ bền và khả năng chịu lực tốt. Phần đệm tai mềm mại và thoáng khí giúp người dùng đeo thoải mái trong nhiều giờ liền mà không gây bí bách hay đau tai. Với những ưu điểm trên, sản phẩm sẽ là sự đầu tư đáng tiền cho những ai phải làm việc hoặc học tập liên tục trong môi trường nhiều tiếng ồn.
Mic khử ồn hiệu quả, sử dụng đến 65 giờ
Ngoài mang đến trải nghiệm nghe nhạc tốt, tai nghe chụp tai Baseus Bowie 30 Max còn hỗ trợ tính năng nghe gọi rõ ràng. Điều này là nhờ tai nghe được trang bị 2 micro khử ồn, hỗ trợ đàm thoại mượt mà với chất lượng âm thanh tốt kể cả trong không gian ồn ào. Đồng thời, tai nghe còn tích hợp công nghệ ENC (Environmental Noise Cancelling) giúp giảm nhiễu cho micro, từ đó nâng cao hiệu quả giao tiếp.
Điểm nổi bật không thể bỏ qua của Bowie 30 Max chính là thời lượng pin ấn tượng, đạt đến 65 tiếng khi tắt ANC và 50 tiếng khi bật ANC. Đồng thời, tai nghe có thời gian sạc chỉ khoảng 1.5 giờ nhờ công nghệ sạc nhanh qua cổng Type-C, sẵn sàng đáp ứng cho nhu cầu dài hạn của người dùng. Chưa dừng lại ở đó, tai nghe còn hỗ trợ chuẩn kết nối Bluetooth 5.4, cho phép truyền tín hiệu ổn định trong phạm vi rộng lên đến 10m. 
Mua ngay tai nghe chụp tai Baseus Bowie 30 Max chất lượng tốt, giá ưu đãi tại CellphoneS
Tai nghe chụp tai Baseus Bowie 30 Max là sự đầu tư đáng giá để được tận hưởng chất âm sống động với trải nghiệm sử dụng tiện lợi, thoải mái. Và để được sở hữu chiếc tai nghe Baseus Bowie 30 Max với giá ưu đãi và chế độ bảo hành uy tín, hãy đến hoặc đặt mua ngay tại CellphoneS. Đây là địa chỉ đáng tin cậy với chính sách giao hàng nhanh chóng, hỗ trợ tận tâm, tư vấn nhiệt tình, đi kèm hàng loạt ưu đãi tuyệt vời khi mua sắm.","{""Kích thước & Trọng lượng"": [{""name"": ""Kích thước"", ""value"": ""Dài 8.8 cm - Rộng 7.625 cm - Cao 4.58 cm""}, {""name"": ""Trọng lượng"", ""value"": ""320 g""}], ""Công nghệ âm thanh"": [{""name"": ""Công nghệ âm thanh"", ""value"": ""Bass Enhancement\nSpatial Audio\nHi-Res Audio\nDriver 50 mm\nActive Noise\nCancelling\nCông nghệ ENC\ncodec LDAC""}, {""name"": ""Micro"", ""value"": ""2 Micro chống ồn""}, {""name"": ""Tính năng"", ""value"": ""Chống ồn""}], ""Khả năng kết nối"": [{""name"": ""Số thiết bị kết nối cùng lúc"", ""value"": ""1 thiết bị""}, {""name"": ""Bluetooth"", ""value"": ""5.4""}, {""name"": ""Cổng kết nối"", ""value"": ""3.5mm""}, {""name"": ""Ứng dụng kết nối"", ""value"": ""BASEUS""}], ""Thời lượng pin - sạc"": [{""name"": ""Thời lượng sử dụng Pin"", ""value"": ""65 giờ""}, {""name"": ""Thời gian sạc"", ""value"": ""1.5 giờ""}, {""name"": ""Tính năng sạc"", ""value"": ""Sạc nhanh""}], ""Điều khiển"": [{""name"": ""Phương thức điều khiển"", ""value"": ""Phím nhấn""}], ""Thông tin hãng"": [{""name"": ""Hãng sản xuất"", ""value"": ""Baseus""}], ""Màn hình"": [{""name"": ""Loại màn hình"", ""value"": ""Màn hình""}]}","[""https://cdn2.cellphones.com.vn/x/media/catalog/product/t/a/tai-nghe-chup-tai-baseus-bowie-30-max.png"", ""https://cdn2.cellphones.com.vn/x/media/catalog/product/t/a/tai-nghe-chup-tai-baseus-bowie-30-max_1_.png"", ""https://cdn2.cellphones.com.vn/x/media/catalog/product/t/a/tai-nghe-chup-tai-baseus-bowie-30-max_3_.png"", ""https://cdn2.cellphones.com.vn/x/media/catalog/product/1/_/1_2__1.jpg"", ""https://cdn2.cellphones.com.vn/x/media/catalog/product/1/_/1_9__1.jpg"", ""https://cdn2.cellphones.com.vn/x/media/catalog/product/1/_/1_7__1.jpg"", ""https://cdn2.cellphones.com.vn/x/media/catalog/product/0/_/0_1_.jpg"", ""https://cdn2.cellphones.com.vn/x/media/catalog/product/i/m/image_1262702466_1.png"", ""https://cdn2.cellphones.com.vn/x/media/catalog/product/2/_/2_3_.jpg"", ""https://cdn2.cellphones.com.vn/x/media/catalog/product/2/_/2_2__1.jpg""]","{""product_color_1"": {""color"": ""Đen"", ""image_url"": ""https://cdn2.cellphones.com.vn/insecure/rs:fill:50:50/q:90/plain/https://cellphones.com.vn/media/catalog/product/t/a/tai-nghe-chup-tai-baseus-bowie-30-max_1.png"", ""image_url_display"": ""https://cellphones.com.vn/media/catalog/product/t/a/tai-nghe-chup-tai-baseus-bowie-30-max_1.png"", ""product_url"": ""https://cellphones.com.vn/tai-nghe-chup-tai-baseus-bowie-30-max.html?product_id=98898"", ""price"": ""1.790.000₫""}}"
Tai nghe Bluetooth chụp tai Baseus Bass BH1 NC Lite,tai-nghe-chup-tai-baseus-bass-bh1-nc-lite,N/A,N/A,"Đặc điểm nổi bật
Tai nghe chụp tai Baseus Bass BH1 NC Lite sở hữu driver 40mm cùng SuperBass 2.0 và công nghệ giảm tiếng ồn ANC, đem lại trải nghiệm âm thanh tối ưu. Bluetooth 6.0 đa điểm với viên pin bền bỉ giúp tận hưởng âm nhạc trong nhiều giờ. Ngoài ra, hệ thống 3-Mic AI góp phần nâng cao khả năng đàm thoại của thiết bị.
Nội dung chính
1. Tai nghe chụp tai Baseus Bass BH1 NC Lite - Chất lượng âm thanh lôi cuốn
1.1. Âm trầm bùng nổ với SuperBass 2.0 và Driver 40mm
1.2. Thiết kế Over-ear hiện đại cùng kích thước chuẩn gọn
1.3. Đàm thoại rõ nét với hệ thống 3-Mic AI thông minh
1.4. Pin dung lượng lớn, hỗ trợ sạc nhanh tiện lợi
1.5. Bluetooth 6.0 hiện đại, ứng dụng điều khiển tiện dụng
2. Mua ngay tai nghe chụp tai Baseus Bass BH1 NC Lite chính hãng tại CellphoneS
Tai nghe chụp tai Baseus Bass BH1 NC Lite - Chất lượng âm thanh lôi cuốn
Tai nghe Bluetooth Baseus BH1 NC Lite mang vẻ ngoài tinh giản nhưng vẫn nổi bật trong từng chi tiết. Nhờ đó, trải nghiệm âm thanh của người dùng trên mẫu tai nghe Baseus này trở nên liền mạch, dễ dàng đắm chìm trong những giai điệu yêu thích.
Âm trầm bùng nổ với SuperBass 2.0 và Driver 40mm
Tai nghe chụp tai Baseus Bass BH1 NC Lite sở hữu driver động 40mm, tái tạo âm thanh sống động và chi tiết. Khi kết hợp công nghệ SuperBass 2.0 cùng thuật toán dynamic, thiết bị mang đến dải bass sâu, rõ lực, nâng tầm trải nghiệm nghe nhạc.
Tai nghe Baseus BH1 NC Lite mang đến dải bass sâu
Không chỉ vậy, sản phẩm còn tích hợp công nghệ giảm tiếng ồn chủ động ANC, có khả năng xử lý đến 95% tạp âm môi trường. Người dùng có thể cá nhân hóa trải nghiệm với 3 chế độ âm thanh không gian gồm Normal, Music và Cinematic. Những tính năng này giúp không gian âm nhạc trở nên riêng tư và chân thực hơn.
Thiết kế Over-ear hiện đại cùng kích thước chuẩn gọn
Tai nghe chụp tai Baseus Bass BH1 NC Lite mang phong cách Over-ear hiện đại với các đường nét tinh tế. Sản phẩm có kích thước 14.3cm về chiều rộng và 18.7cm chiều cao, tạo nên vẻ ngoài cân đối, đồng thời đem lại cảm giác đeo thoải mái trong thời gian dài.
Tai nghe mang đến cảm giác đeo êm ái
Phần chụp tai được hoàn thiện tỉ mỉ với kích thước 10cm x 8.1cm, ôm trọn vành tai, giúp tăng độ êm ái khi sử dụng. Bên cạnh đó, cụm nút vật lý được sắp xếp trực quan, đem lại khả năng điều khiển chuẩn xác và hạn chế nhấn nhầm. Sản phẩm còn có hai phiên bản màu đen và trắng be để người dùng dễ dàng chọn theo sở thích.
Đàm thoại rõ nét với hệ thống 3-Mic AI thông minh
Tai nghe chụp tai Baseus Bass BH1 NC Lite mang đến chất lượng đàm thoại ấn tượng nhờ hệ thống 3-Mic Sound Sensors. Nhờ sự kết hợp giữa hệ thống 3 micro và công nghệ AI, tai nghe có khả năng nhận diện và tăng cường giọng nói hiệu quả. Điều này giúp người dùng tự tin đàm thoại rõ ràng ngay cả khi ở trong môi trường ồn ào.
Sản phẩm hỗ trợ tăng cường giọng nói hiệu quả
Bên cạnh đó, công nghệ AI-Powered Voice Boost còn hỗ trợ giảm nhiễu hiệu quả bằng thuật toán thông minh. Những cuộc hội thoại nhờ vậy diễn ra mượt mà và liền mạch hơn trong quá trình sử dụng.
Pin dung lượng lớn, hỗ trợ sạc nhanh tiện lợi
Tai nghe chụp tai Baseus Bass BH1 NC Lite gây ấn tượng với thời lượng phát nhạc lên đến 80 giờ khi tắt ANC. Khi kích hoạt chế độ giảm tiếng ồn, thiết bị vẫn hoạt động bền bỉ trong 55 giờ. Từ đó, trải nghiệm âm thanh kéo dài nhiều ngày mà không cần bận tâm pin.
Thiết bị giúp người dùng quên nỗi lo hết pin
Không chỉ bền bỉ, sản phẩm còn hỗ trợ sạc nhanh tiện lợi, cho phép sử dụng đến 10 giờ chỉ sau 10 phút cắm sạc. Lưu ý, thời lượng pin và tốc độ nạp có thể thay đổi tùy theo điều kiện thực tế.
Bluetooth 6.0 hiện đại, ứng dụng điều khiển tiện dụng
Tai nghe chụp tai Baseus Bass BH1 NC Lite trang bị Bluetooth 6.0, mang lại kết nối ổn định và giảm thiểu độ trễ. Công nghệ BSC (Baseus Smart-Connect) tối ưu trải nghiệm khi chuyển đổi giữa hai thiết bị. Các thao tác như điều chỉnh âm lượng, chuyển bài hay kích hoạt trợ lý ảo đều phản hồi nhanh chóng.
Sản phẩm hỗ trợ kết nối đa điểm tiện lợi
Ngoài ra, ứng dụng Baseus cho phép tùy chỉnh EQ, kích hoạt chế độ Low Latency và hỗ trợ tìm tai nghe khi thất lạc (yêu cầu cấp quyền vị trí để hoạt động). App còn tích hợp Guest Mode, giúp truy cập nhanh một số tính năng mà không cần đăng ký hay thiết lập phức tạp.
Mua ngay tai nghe chụp tai Baseus Bass BH1 NC Lite chính hãng tại CellphoneS
Khách hàng đang tìm mua tai nghe chụp tai Baseus Bass BH1 NC Lite chính hãng, giá tốt có thể đến ngay CellphoneS. Sản phẩm tại đây có xuất xứ rõ ràng và sẵn hàng để quý khách trải nghiệm thực tế trước khi quyết định.
Bên cạnh đó, khách hàng có thể tận dụng nhiều ưu đãi theo từng thời điểm cùng chính sách thanh toán linh hoạt. Hệ thống cửa hàng phủ rộng trên nhiều khu vực giúp việc ghé mua nhanh chóng, tiết kiệm thời gian.","{""Kích thước & Trọng lượng"": [{""name"": ""Trọng lượng"", ""value"": ""235 g""}], ""Công nghệ âm thanh"": [{""name"": ""Công nghệ âm thanh"", ""value"": ""Chống ồn môi trường ENC\nChống ồn chủ động ANC\nSuperBass 2.0""}, {""name"": ""Micro"", ""value"": ""Có""}, {""name"": ""Loa"", ""value"": ""Driver: 40 mm""}, {""name"": ""Tính năng"", ""value"": ""Chống ồn, Điều khiển giọng nói, Có mic đàm thoại, Chống ồn chủ động ANC""}], ""Khả năng kết nối"": [{""name"": ""Kết nối"", ""value"": ""Không dây""}, {""name"": ""Bluetooth"", ""value"": ""6.0""}, {""name"": ""Ứng dụng kết nối"", ""value"": ""BASEUS Smart-Connect""}, {""name"": ""Phạm vi kết nối cho phép"", ""value"": ""10m""}], ""Thời lượng pin - sạc"": [{""name"": ""Thời lượng sử dụng Pin"", ""value"": ""Tắt ANC: 80 giờ\nBật ANC: 55 giờ""}, {""name"": ""Cổng sạc"", ""value"": ""Type-C""}, {""name"": ""Tính năng sạc"", ""value"": ""Sạc nhanh 10 phút = 10 giờ dùng""}], ""Điều khiển"": [{""name"": ""Phương thức điều khiển"", ""value"": ""Nút bấm vật lý\nĐiều khiển qua ứng dụng""}], ""Thông tin hãng"": [{""name"": ""Hãng sản xuất"", ""value"": ""Baseus""}]}","[""https://cdn2.cellphones.com.vn/x/media/catalog/product/t/a/tai-nghe-chup-tai-baseus-bass-bh1-nc-lite_1_.png"", ""https://cdn2.cellphones.com.vn/x/media/catalog/product/t/a/tai-nghe-chup-tai-baseus-bass-bh1-nc-lite_15_.png"", ""https://cdn2.cellphones.com.vn/x/media/catalog/product/t/a/tai-nghe-chup-tai-baseus-bass-bh1-nc-lite_14_.png"", ""https://cdn2.cellphones.com.vn/x/media/catalog/product/t/a/tai-nghe-chup-tai-baseus-bass-bh1-nc-lite_12_.png"", ""https://cdn2.cellphones.com.vn/x/media/catalog/product/t/a/tai-nghe-chup-tai-baseus-bass-bh1-nc-lite_13_.png"", ""https://cdn2.cellphones.com.vn/x/media/catalog/product/t/a/tai-nghe-chup-tai-baseus-bass-bh1-nc-lite_5_.png"", ""https://cdn2.cellphones.com.vn/x/media/catalog/product/t/a/tai-nghe-chup-tai-baseus-bass-bh1-nc-lite_7_.png"", ""https://cdn2.cellphones.com.vn/x/media/catalog/product/t/a/tai-nghe-chup-tai-baseus-bass-bh1-nc-lite_4_.png"", ""https://cdn2.cellphones.com.vn/x/media/catalog/product/t/a/tai-nghe-chup-tai-baseus-bass-bh1-nc-lite_3_.png"", ""https://cdn2.cellphones.com.vn/x/media/catalog/product/t/a/tai-nghe-chup-tai-baseus-bass-bh1-nc-lite.png""]","{""product_color_1"": {""color"": ""Xám đen"", ""image_url"": ""https://cdn2.cellphones.com.vn/insecure/rs:fill:50:50/q:90/plain/https://cellphones.com.vn/media/catalog/product/t/a/tai-nghe-chup-tai-baseus-bass-bh1-nc-lite_14__1.png"", ""image_url_display"": ""https://cellphones.com.vn/media/catalog/product/t/a/tai-nghe-chup-tai-baseus-bass-bh1-nc-lite_14__1.png"", ""product_url"": ""https://cellphones.com.vn/tai-nghe-chup-tai-baseus-bass-bh1-nc-lite.html?product_id=131048"", ""price"": ""890.000₫""}, ""product_color_2"": {""color"": ""Trắng be"", ""image_url"": ""https://cdn2.cellphones.com.vn/insecure/rs:fill:50:50/q:90/plain/https://cellphones.com.vn/media/catalog/product/t/a/tai-nghe-chup-tai-baseus-bass-bh1-nc-lite_7__1.png"", ""image_url_display"": ""https://cellphones.com.vn/media/catalog/product/t/a/tai-nghe-chup-tai-baseus-bass-bh1-nc-lite_7__1.png"", ""product_url"": ""https://cellphones.com.vn/tai-nghe-chup-tai-baseus-bass-bh1-nc-lite.html?product_id=131049"", ""price"": ""890.000₫""}}"
