name,sku,base_price,sale_price,description,specifications,images,colors
Infinix Note 50 Pro 12GB 256GB,dien-thoai-infinix-note-50-pro,6.860.000đ,6.560.000đ,"Đặc điểm nổi bật của Infinix Note 50 Pro 12GB 256GB
Điện thoại Infinix Note 50 Pro sở hữu màn hình AMOLED 6.78 inch hiện đại, tần số quét lên đến 144Hz, cho trải nghiệm hiển thị mượt mà và sống động. Bộ vi xử lý MediaTek Helio G100 Ultimate tiến trình 6nm kết hợp RAM 12GB (có thể mở rộng lên 24GB thông qua bộ nhớ ảo), mang đến khả năng đa nhiệm mượt mà. Ngoài ra, camera chính 50MP của điện thoại Infinix này còn hỗ trợ OIS và AI RAW, cho khả năng chụp đêm rõ nét.
Nội dung chính
1. Vì sao nên mua điện thoại Infinix Note 50 Pro?
2. So sánh Infinix Note 50 Pro với Infinix Note 40 Pro chi tiết
3. Điện thoại Infinix Note 50 Pro - Hiệu năng vượt trội, camera quay chụp sắc nét
3.1. Cấu hình mạnh mẽ với chip Helio G100 6nm
3.2. Camera 50MP OIS kết hợp thuật toán AI RAW
3.3. Hỗ trợ sạc tiện lợi trong mọi tình huống
3.4. Tận hưởng chất lượng hiển thị rực rỡ, mượt mà
4. Điện thoại Infinix Note 50 Pro khi nào ra mắt?
5. Điện thoại Infinix Note 50 Pro giá bán bao nhiêu?
6. Mua điện thoại Infinix Note 50 Pro giá rẻ, nhiều ưu đãi CellphoneS
Vì sao nên mua điện thoại Infinix Note 50 Pro?
Infinix Note 50 Pro là thế hệ điện thoại Infinix Note mới được ra mắt năm 2025, sản phẩm sở hữu nhiều tính năng vượt trội đáng để người dùng mua và sử dụng như:
Khung kim loại ArmorAlloy: Vẻ ngoài tinh xảo cùng độ bền cao
Công nghệ AI: Tối ưu quay chụp, sạc pin và thông báo
Nút điều khiển AI: Gọi và thao tác với AI nhanh chóng
Công nghệ màn hình ướt: Thao tác với màn hình dễ dàng ngay cả khi tay ướt hoặc dính dầu
So sánh Infinix Note 50 Pro với Infinix Note 40 Pro chi tiết
Infinix Note 50 Pro là phiên bản kế nhiệm của Note 40 Pro, vậy Infinix Note 50 Pro có gì được nâng cấp so với thế hệ trước đó, hãy cùng so sánh ngay:
Thông số
Infinix Note 50 Pro 12GB 256GB
Infinix Note 40 Pro 8GB 256GB
Kích thước màn hình
6.78 inches
6.78 inches
Công nghệ màn hình
AMOLED
AMOLED
Camera sau
50MP
108MP, f/1.75, 1/1.67""OIS
2MP, f/2.4
2MP, f/2.4
Camera trước
32MP
32MP, f/2.2, FF
Chipset
MediaTek Helio G100 Ultimate
MediaTek Helio G99 Ultimate
Dung lượng RAM
12 GB
8 GB
Bộ nhớ trong
256 GB
256 GB
Tính năng màn hình
Tần số quét 144Hz, 1300 nits
93.80%, 550nit
Tần số quét 120Hz
Kính cường lực 3D Corning Gorilla
Như vậy, điểm nổi bật nhất trên điện thoại Infinix Note 50 Pro đó chính là công nghệ AI. Cùng với đó là sự nâng cấp của cấu hình phần cứng, dung lượng pin. Do đó nếu đang phân vân giữa hai thế hệ điện thoại này thì Note 50 Pro sẽ là lựa chọn đáng để trải nghiệm.
Điện thoại Infinix Note 50 Pro - Hiệu năng vượt trội, camera quay chụp sắc nét
Infinix Note 50 Pro không chỉ gây ấn tượng nhờ thiết kế khung kim loại ArmorAlloy tinh xảo, mà còn sở hữu cấu hình mạnh mẽ và khả năng quay chụp nổi bật. Đây là lựa chọn smartphone phù hợp trong phân khúc tầm trung với hiệu năng tối ưu và các công nghệ mới.
Cấu hình mạnh mẽ với chip Helio G100 6nm
Hiệu suất của điện thoại infinix Note 50 Pro được nâng cấp toàn diện với vi xử lý MediaTek Helio G100 Ultimate, tiến trình 6nm giúp tiết kiệm điện năng và nâng cao tốc độ xử lý. Máy hỗ trợ 12GB RAM, có thể mở rộng thêm tối đa 12GB qua bộ nhớ ảo, nâng tổng dung lượng RAM lên tới 24GB. 
Cấu hình này của Infinix Note 50 Pro đảm bảo khả năng xử lý đa nhiệm ổn định, mượt mà trên nhiều ứng dụng cùng lúc. Kèm theo đó là bộ nhớ trong 256GB chuẩn UFS 2.2 giúp truy xuất dữ liệu nhanh, tối ưu cho nhu cầu lưu trữ lớn. Đồng thời, GPU Mali-G57 của máy cũng hỗ trợ tốt các tựa game phổ biến, đảm bảo trải nghiệm giải trí không bị gián đoạn.
Camera 50MP OIS kết hợp thuật toán AI RAW
Infinix trang bị cho điện thoại Infinix Note 50 Pro cụm camera chính 50MP hỗ trợ chống rung quang học OIS, giúp hạn chế hiện tượng mờ nhòe khi chụp thiếu sáng. Thuật toán Infinix AI RAW cũng được tích hợp kèm trên máy để cải thiện chi tiết, tăng độ sáng và giảm nhiễu hiệu quả lên đến 30% so với thế hệ trước. 
Camera trước 32MP của máy cũng được đánh giá cao khi đạt khẩu độ f/2.2, góc rộng 89 độ đáp ứng tốt cho nhu cầu selfie hay video call với hình ảnh rõ nét. Ngoài ra, máy còn hỗ trợ nhiều chế độ chụp thông minh như Vlog, Street Snap, Super Night,… giúp người dùng linh hoạt sáng tạo nội dung. 
Hỗ trợ sạc tiện lợi trong mọi tình huống
Với viên pin dung lượng lớn 5200mAh, điện thoại Infinix Note 50 Pro đáp ứng nhu cầu dùng liên tục trong ngày. Đồng thời, model smartphone mới này của Infinix còn hỗ trợ sạc nhanh 90W (20V/4.5A), rút ngắn đáng kể thời gian sạc đầy pin. 
Bên cạnh đó, công nghệ sạc không dây MagCharge 30W của máy cũng giúp người dùng thuận tiện hơn trong quá trình sử dụng hàng ngày. Ngoài ra, Infinix Note 50 Pro còn sở hữu tính năng sạc ngược 10W được tích hợp, hỗ trợ sạc cho các thiết bị phụ kiện như tai nghe hay đồng hồ thông minh. 
Tận hưởng chất lượng hiển thị rực rỡ, mượt mà
Trải nghiệm hình ảnh trên điện thoại Infinix Note 50 Pro được nâng tầm nhờ màn hình AMOLED 6.78 inch độ phân giải FHD+ sắc nét. Với tần số quét linh hoạt 60/120/144Hz, máy đem tới khả năng hiển thị sống động, chuyển động mượt mà, đặc biệt khi chơi game hoặc lướt nội dung. 
Ấn tượng hơn, độ sáng tối đa trên Infinix Note 50 Pro còn đạt tới 1300 nits. Nhờ đó mà khả năng hiển thị của smartphone Infinix này được đánh giá tốt dưới ánh sáng mạnh.
Khi kết hợp cùng công nghệ PWM Dimming 2160Hz, máy giúp hạn chế hiện tượng nhấp nháy gây mỏi mắt. Ngoài ra, tỷ lệ màn hình/thân máy của Infinix Note 50 Pro đạt tới 93.4%, mang lại không gian trải nghiệm rộng rãi và chân thực.
Điện thoại Infinix Note 50 Pro khi nào ra mắt?
Điện thoại Infinix Note 50 Pro đã được giới thiệu trong sự kiện ra mắt dòng Note 50 series tại Indonesia vào ngày 3/3. Ngay từ thời điểm được ra mắt, sản phẩm đã nhận được nhiều sự quan tâm nhờ thiết kế bền bỉ và cấu hình nâng cấp toàn diện. Sau đó vài tháng, cụ thể ngày 3/7/2025, Infinix cũng đã chính thức giới thiệu Infinix Note 50 Pro tại thị trường Việt Nam.
Nhiều người dùng đánh giá đây là lựa chọn đáng cân nhắc trong phân khúc tầm trung nhờ sự kết hợp hài hòa giữa trải nghiệm và giá trị sử dụng. Với sự đầu tư bài bản từ hãng, Note 50 Pro được kỳ vọng sẽ tạo nên sức hút lớn trên thị trường.
Điện thoại Infinix Note 50 Pro giá bán bao nhiêu?
Tại thị trường Indonesia, điện thoại Infinix Note 50 Pro (8GB/256GB) được niêm yết với mức giá 195 USD, tương đương khoảng 5 triệu đồng. Các tùy chọn màu sắc của model này bao gồm Dreamy Purple, Sleek Black và Titanium Grey, mang đến sự đa dạng cho người dùng. 
Khi về chính hãng Việt Nam, máy sẽ được lên kệ với hai phiên bản màu là Xám và Racing Edition với giá bán niêm yết 6.990.000 đồng. Tuy nhiên, giá bán thực tế tại hệ thống bán lẻ chính hãng như CellphoneS có thể sẽ rẻ hơn nhờ các ưu đãi khuyến mãi thanh toán.
Chi tiết giá bán Infinix Note 50 Pro tại CellphoneS vào tháng 04/2026 như sau:
Tên sản phẩm
Giá bán
Giá thu cũ lên đời
Infinix Note 50 Pro 12GB 256GB
6.560.000đ
6.060.000đ
Mua điện thoại Infinix Note 50 Pro giá rẻ, nhiều ưu đãi CellphoneS
Điện thoại Infinix Note 50 Pro chính hãng hiện đã có mặt tại hệ thống CellphoneS với cam kết hàng chính hãng và đầy đủ chính sách bảo hành. Khách hàng có thể dễ dàng trải nghiệm thực tế tại các cửa hàng CellphoneS trên toàn quốc, hoặc đặt mua online dễ dàng. Tại đây, người dùng được hỗ trợ đổi trả linh hoạt và trả góp 0%. Đây là địa chỉ mua sắm uy tín, chất lượng dành cho những ai đang tìm kiếm một chiếc điện thoại hiệu năng cao trong tầm giá hợp lý.","{""Màn hình"": [{""name"": ""Kích thước màn hình"", ""value"": ""6.78 inches""}, {""name"": ""Công nghệ màn hình"", ""value"": ""AMOLED""}, {""name"": ""Tính năng màn hình"", ""value"": ""Tần số quét 144Hz, 1300 nits""}, {""name"": ""Tần số quét"", ""value"": ""Từ 144Hz trở lên""}, {""name"": ""Kiểu màn hình"", ""value"": ""Đục lỗ (Nốt ruồi)""}], ""Camera sau"": [{""name"": ""Camera sau"", ""value"": ""50MP""}, {""name"": ""Tính năng camera"", ""value"": ""IOS chống rung, Chụp ảnh đêm, Zoom 0.6x siêu rộng""}], ""Camera trước"": [{""name"": ""Camera trước"", ""value"": ""32MP""}], ""Vi xử lý & đồ họa"": [{""name"": ""Chipset"", ""value"": ""MediaTek Helio G100 Ultimate""}], ""RAM & lưu trữ"": [{""name"": ""Dung lượng RAM"", ""value"": ""12 GB""}, {""name"": ""Bộ nhớ trong"", ""value"": ""256 GB""}], ""Thiết kế & Trọng lượng"": [{""name"": ""Chất liệu khung viền"", ""value"": ""Kim loại""}], ""Pin & công nghệ sạc"": [{""name"": ""Công nghệ sạc"", ""value"": ""90W sạc nhanh\n30W sạc không dây""}], ""Tiện ích khác"": [{""name"": ""Cảm biến vân tay"", ""value"": ""Cảm biến vân tay trong màn hình""}, {""name"": ""Tính năng đặc biệt"", ""value"": ""Bảo mật vân tay""}], ""Thông số khác"": [{""name"": ""Công nghệ - Tiện ích"", ""value"": ""Một chạm Infinix AI, Trợ lý sức khỏe nâng cao""}]}","[""https://cdn2.cellphones.com.vn/x/media/catalog/product/s/l/slider-infinix-note-50-pro_1.jpg"", ""https://cdn2.cellphones.com.vn/x/media/catalog/product/s/l/slider-infinix-note-50-pro-1_1.jpg"", ""https://cdn2.cellphones.com.vn/x/media/catalog/product/s/l/slider-infinix-note-50-pro-2_1.jpg""]","{""product_color_1"": {""color"": ""Xám"", ""image_url"": ""https://cellphones.com.vn/dien-thoai-infinix-note-50-pro.html?product_id=108355"", ""price"": ""6.560.000₫""}, ""product_color_2"": {""color"": ""Titan"", ""image_url"": ""https://cellphones.com.vn/dien-thoai-infinix-note-50-pro.html?product_id=108356"", ""price"": ""6.560.000₫""}}"
Infinix Note 50 8GB 256GB,dien-thoai-infinix-note-50,5.890.000đ,5.590.000đ,"Đặc điểm nổi bật của Infinix Note 50 8GB 256GB
Điện thoại Infinix Note 50 là mẫu smartphone nổi bật với màn hình AMOLED 6.78 inch tần số quét 144Hz, hiệu năng đến từ chip Helio G100 và RAM lên đến 16GB. Thiết bị sở hữu bộ nhớ trong 256GB, pin 5200mAh sạc nhanh 45W và hỗ trợ sạc không dây MagCharge. Camera chính 50MP hỗ trợ với OIS mang lại khả năng hình ảnh ổn định, sắc nét.
Nội dung chính
1. Vì sao nên mua Infinix Note 50 sử dụng?
2. So sánh Infinix Note 50 với Infinix Note 40, có gì nâng cấp
3. Điện thoại Infinix Note 50 – Sự lựa chọn nổi bật trong phân khúc phổ thông
3.1. Hiệu năng mượt mà, đáp ứng tốt nhu cầu hằng ngày
3.2. Khả năng chụp ảnh linh hoạt, nhiều chế độ hỗ trợ
3.3. Trải nghiệm liền mạch nhờ pin bền bỉ và tốc độ sạc ấn tượng
3.4. Tận hưởng hiển thị chất lượng trên màn hình AMOLED
3.5. Thiết kế sang trọng, nhiều màu sắc cá tính
4. Điện thoại Infinix Note 50 khi nào ra mắt?
5. Điện thoại Infinix Note 50 giá bao nhiêu tiền?
6. Mua điện thoại Infinix Note 50 giá rẻ, trả góp 0% CellphoneS
Vì sao nên mua Infinix Note 50 sử dụng?
Infinix Note 50 tuy chỉ là một sản phẩm tầm trung nhưng thiết bị sở hữu nhiều công nghệ không thua kém bất kỳ sản phẩm cao cấp nào như:
Nút AI thông minh: Trải nghiệm Infinix AI∞ nhanh chóng chỉ bằng cách chạm nhẹ
Công nghệ AI hỗ trợ: Chụp ảnh với Infinix AI RAW, Active Halo Al Lighting ghi âm và hẹn giờ máy ảnh
Sạc nhanh FastCharge3.0: Công suất 45W, sạc không dây 30W cùng sạc ngược tiện lợi cùng hệ thống Cheetah Ultra cho tuổi thọ pin đến 6 năm
Màn hình wet - Greasy touch: Chạm vuốt thoải mái kể cả khi tay ướt
Hệ điều hành XOS 15: Tích hợp nhiều tiện ích đảm bảo cập nhật trong 2 năm và bản vá bảo mật trong 36 tháng
So sánh Infinix Note 50 với Infinix Note 40, có gì nâng cấp
Infinix Note 50 và Infinix Note 40 là hai mẫu điện thoại, trong đó Infinix Note 50 là phiên bản kế nhiệm được kế thừa nhiều ưu điểm nổi bật của thế hệ trước. Vậy chính xác 2 mẫu điện thoại này có gì giống và khác, Infinix Note 50 có được nâng cấp nhiều không thì hãy cùng so sánh chi tiết:
Tiêu chí
Infinix Note 50
Infinix Note 40
Màn hình
6.78 inch FHD+ AMOLED, 144Hz
6.78 inch AMOLED, 120Hz
Chipset
MediaTek Helio G100
Mali-G57
MediaTek Helio G99 Ultimate
Mali-G57 MC2
RAM
8GB RAM + 8GB Mở rộng
8GB
Bộ nhớ trong
256GB
256GB
Camera sau
50 MP (Chính) + 2 MP (Macro)
108MP (Chính) + 2 MP (Macro)
Camera trước
16 MP
32MP
Pin
5200mAh, sạc nhanh 45W
5000 mAh, sạc nhanh 45W
Màu sắc
Titanium Grey/Ruby Red/Mountain Shade/Shadow Black
Titan Gold/ Obsidian Black
Kết nối
4G LTE, Bluetooth 5.4, USB Type-C
4G LTE, Bluetooth 5.0, USB Type-C
Cảm biến
Vân tay dưới màn hình
Vân tay dưới màn hình
Như vậy, Infinix Note 50 có sự nâng cấp nhẹ về màn hình với tần số quét lớn hơn cùng với đó là cấu hình với con chip mới. Không chỉ vậy, bộ sưu tập màu trên thế hệ Infinix mới này cũng đa dạng hơn so với thế hệ trước đó, giúp đa dạng sự lựa chọn cho người dùng.
Điện thoại Infinix Note 50 – Sự lựa chọn nổi bật trong phân khúc phổ thông
Infinix Note 50 chinh phục người dùng ngay từ cái nhìn đầu tiên nhờ ngôn ngữ thiết kế hiện đại và nhiều chi tiết được chăm chút kỹ lưỡng. Sản phẩm điện thoại Infinix này mang đến cảm giác cao cấp hiếm thấy trong tầm giá, phù hợp với nhiều nhu cầu sử dụng khác nhau.
Hiệu năng mượt mà, đáp ứng tốt nhu cầu hằng ngày
Điện thoại Infinix Note 50 sử dụng chip Helio G100 tiến trình 6nm, mang lại trải nghiệm ổn định trong các tác vụ thường ngày. Kết hợp RAM 8GB (hỗ trợ mở rộng thêm 8GB) và bộ nhớ chuẩn UFS 2.2, máy xử lý mượt mà các thao tác như lướt web, xem video hay sử dụng mạng xã hội.
Trong tầm giá, điện thoại Infinix này đáp ứng tốt nhu cầu giải trí cơ bản và chơi game nhẹ nhàng. Các tựa game phổ biến như Liên Quân hay PUBG Mobile đều vận hành ổn định, phù hợp với người dùng phổ thông đang tìm kiếm một mẫu điện thoại Note 50 cân bằng giữa hiệu năng và tiện ích.
Khả năng chụp ảnh linh hoạt, nhiều chế độ hỗ trợ
Camera chính của điện thoại Infinix Note 50 có độ phân giải 50MP, hỗ trợ chống rung OIS giúp hình ảnh sắc nét và ổn định hơn khi chụp thiếu sáng. Trong điều kiện đủ sáng, ảnh có màu sắc hài hòa, độ chi tiết cao và lấy nét nhanh. Máy còn tích hợp nhiều chế độ như AI, chân dung, macro hay Super Night giúp người dùng linh hoạt khi sáng tạo nội dung.
Camera trước 13MP của điện thoại Infinix phục vụ tốt nhu cầu selfie hoặc gọi video. Tính năng làm đẹp AI hoạt động tự nhiên, không quá ảo và giữ được đường nét gương mặt. Đây là lựa chọn thích hợp cho những ai ưa thích chụp ảnh bằng điện thoại Note 50 mà không cần chỉnh sửa quá nhiều.
Trải nghiệm liền mạch nhờ pin bền bỉ và tốc độ sạc ấn tượng
Điện thoại Infinix Note 50 được trang bị viên pin dung lượng 5200mAh, đủ đáp ứng một ngày dài sử dụng với các nhu cầu cơ bản như xem video, lướt web, chụp ảnh hay chơi game nhẹ. Ngay cả khi sử dụng hỗn hợp liên tục, máy vẫn duy trì mức pin ổn định đến cuối ngày mà không cần sạc nhiều lần.
Bên cạnh dung lượng pin lớn, Infinix Note 50 còn được tích hợp công nghệ sạc nhanh 45W, giúp rút ngắn đáng kể thời gian nạp đầy pin. Đặc biệt, máy còn hỗ trợ sạc không dây MagCharge 30W và sạc ngược 10W, nâng cao tính linh hoạt trong quá trình sử dụng. Đây là ưu điểm lớn cho người dùng yêu thích sự tiện lợi khi sử dụng điện thoại mỗi ngày.
Tận hưởng hiển thị chất lượng trên màn hình AMOLED
Điện thoại Infinix được trang bị màn hình AMOLED 6.78 inch có tần số quét 144Hz, mang đến trải nghiệm hiển thị mượt mà trong từng thao tác. Màu sắc trên màn hình sống động, độ tương phản ấn tượng và độ đen sâu, giúp nội dung hiển thị nổi bật và sống động hơn.
Với độ sáng tối đa lên đến 1300 nits, người dùng có thể sử dụng điện thoại Note 50 ngoài trời mà vẫn nhìn rõ nội dung. Ngoài ra, công nghệ điều chỉnh tần số quét thông minh giúp tối ưu trải nghiệm mà vẫn tiết kiệm pin.
Thiết kế sang trọng, nhiều màu sắc cá tính
Điện thoại Infinix Note 50 sở hữu thiết kế khung kim loại Armor Alloy cứng cáp, mang lại cảm giác chắc tay khi cầm nắm. Các chi tiết được hoàn thiện tinh tế, kết hợp hiệu ứng ánh sáng đẹp mắt ở phần mặt lưng tạo nên nét hiện đại và nổi bật cho sản phẩm.
Người dùng có thể lựa chọn giữa nhiều màu sắc trẻ trung như Ruby Red, Titanium Grey hay Mountain Shade. Điểm nhấn đặc biệt là vòng đèn Bio-Active Halo phát sáng quanh cụm camera của điện thoại Infinix, không chỉ tạo điểm nhấn thẩm mỹ mà còn hỗ trợ hiển thị thông báo thông minh. 
Điện thoại Infinix Note 50 khi nào ra mắt?
Infinix Note 50 được chính thức giới thiệu tại Indonesia vào ngày 3 tháng 3 năm 2025 trong khuôn khổ một sự kiện trực tuyến. Đây là phiên bản kế nhiệm của dòng Note 40, nhằm mang đến trải nghiệm mới cho người dùng khu vực Đông Nam Á. Tại Việt Nam, Infinix cũng đã chính thức giới thiệu đến người tiêu dùng Việt mẫu Infinix Note 50 vào ngày 3/7/2025 tại Hồ Chí Minh.
Điện thoại Infinix Note 50 được sản xuất tại Trung Quốc — nơi hãng đặt hệ thống nhà máy và áp dụng quy trình kiểm định chất lượng nghiêm ngặt. Sau Indonesia, sản phẩm đã nhanh chóng được phân phối đến thị trường các nước lân cận, trong đó có Việt Nam, đánh dấu bước tiến mở rộng đáng chú ý
Điện thoại Infinix Note 50 giá bao nhiêu tiền?
Infinix đã định giá sản phẩm Note 50 ở mức khoảng 4,5 triệu đồng tại thị trường Việt Nam. Mức giá này phù hợp túi tiền dành cho người dùng phổ thông, đặc biệt là học sinh, sinh viên. Với thiết kế hiện đại và trải nghiệm ổn định, điện thoại Infinix là lựa chọn đáng cân nhắc trong phân khúc dưới 5 triệu đồng.
So với nhiều mẫu smartphone khác cùng tầm giá, Infinix Note 50 vẫn giữ được lợi thế nhờ vào khả năng tối ưu tốt giữa hiệu năng và tính năng. Thiết bị mang lại độ hoàn thiện ấn tượng dù mức giá không quá cao, đáp ứng tốt các tác vụ cơ bản hàng ngày.
Mua điện thoại Infinix Note 50 giá rẻ, trả góp 0% CellphoneS
Người dùng có thể chọn mua Infinix Note 50 tại hệ thống bán lẻ CellphoneS trên toàn quốc. Hệ thống cam kết mang lại sản phẩm nguyên seal, đầy đủ hóa đơn và chính sách bảo hành rõ ràng. Ngoài ra, CellphoneS còn hỗ trợ mua điện thoại nfinix Note 50 chính hãng online giao nhanh, tiện lợi cho người không có thời gian đến cửa hàng. Khách hàng cũng được hưởng nhiều ưu đãi như trả góp 0%, thanh toán linh hoạt qua thẻ ngân hàng hoặc ví điện tử.","{""Màn hình"": [{""name"": ""Kích thước màn hình"", ""value"": ""6.78 inches""}, {""name"": ""Công nghệ màn hình"", ""value"": ""AMOLED""}, {""name"": ""Tính năng màn hình"", ""value"": ""Tần số quét 144Hz, 1300 nits""}, {""name"": ""Tần số quét"", ""value"": ""Từ 144Hz trở lên""}, {""name"": ""Kiểu màn hình"", ""value"": ""Đục lỗ (Nốt ruồi)""}], ""Camera sau"": [{""name"": ""Camera sau"", ""value"": ""50MP""}, {""name"": ""Tính năng camera"", ""value"": ""IOS camera chống rung, Chụp ảnh ban đêm""}], ""Camera trước"": [{""name"": ""Camera trước"", ""value"": ""13MP""}], ""Vi xử lý & đồ họa"": [{""name"": ""Chipset"", ""value"": ""MediaTek Helio G100 Ultimate""}], ""RAM & lưu trữ"": [{""name"": ""Dung lượng RAM"", ""value"": ""8 GB""}, {""name"": ""Bộ nhớ trong"", ""value"": ""256 GB""}], ""Pin & công nghệ sạc"": [{""name"": ""Pin"", ""value"": ""5200mAh""}, {""name"": ""Công nghệ sạc"", ""value"": ""45W sạc nhanh\n30W sạc không dây""}], ""Tiện ích khác"": [{""name"": ""Cảm biến vân tay"", ""value"": ""Cảm biến vân tay trong màn hình""}, {""name"": ""Tính năng đặc biệt"", ""value"": ""Bảo mật vân tay""}], ""Thông số khác"": [{""name"": ""Công nghệ - Tiện ích"", ""value"": ""Một chạm Infinix AI""}, {""name"": ""Tiện ích khác"", ""value"": ""Loa kép, Tinh chỉnh bởi JBL""}]}","[""https://cdn2.cellphones.com.vn/x/media/catalog/product/s/l/slider-infinix-note-50_1.jpg"", ""https://cdn2.cellphones.com.vn/x/media/catalog/product/s/l/slider-infinix-note-50-1_1.jpg"", ""https://cdn2.cellphones.com.vn/x/media/catalog/product/s/l/slider-infinix-note-50-2_1.jpg""]","{""product_color_1"": {""color"": ""Xám"", ""image_url"": ""https://cellphones.com.vn/dien-thoai-infinix-note-50.html?product_id=108358"", ""price"": ""5.590.000₫""}, ""product_color_2"": {""color"": ""Đen"", ""image_url"": ""https://cellphones.com.vn/dien-thoai-infinix-note-50.html?product_id=108357"", ""price"": ""5.590.000₫""}}"
Infinix Note 30 4G 8GB 256GB,infinix-note-30,4.690.000đ,3.590.000đ,"Đặc điểm nổi bật của Infinix Note 30 4G 8GB 256GB
Infinix Note 30 được cung cấp sức mạnh bởi con chip MediaTek Helio G99 kết hợp với dung lượng RAM 8GB có thể mở rộng đến 16GB cùng bộ nhớ trong 256GB. Smartphone cũng sở hữu màn hình IPS 6.78 inch có độ phân giải Full HD+ với tần số quét 120Hz. Ngoài ra, sản phẩm được trang bị hệ thống gồm 3 ống kính với độ phân giải 64MP, 2MP và 1 camera AI QVGA.
Nội dung chính
1. Vì sao nên chọn Infinix Note 30 trong phân khúc smartphone giá rẻ
2. Infinix Note 30 - Điện thoại bình dân với thông số cấu hình ấn tượng
2.1. Hiệu suất mạnh mẽ với công nghệ mở rộng RAM ảo tiên tiến
2.2. Khả năng chụp ảnh bắt mắt với hệ thống ống kính chất lượng cao
2.3. Thời gian hoạt động vượt trội với dung lượng pin ấn tượng
2.4. Hiển thị hình ảnh sắc nét với các chuyển động mượt mà
2.5. Thiết kế hiện đại cùng nhiều gam màu sang trọng
3. Infinix Note 30 được bán với giá bao nhiêu?
4. Khi nào Infinix Note 30 chính thức ra mắt?
5. Mua ngay Infinix Note 30 chính hãng tại CellphoneS
Vì sao nên chọn Infinix Note 30 trong phân khúc smartphone giá rẻ
Infinix Note 30 là sản phẩm sở hữu cấu hình nổi bật so với các sản phẩm cùng phân khúc. Trong đó ấn tượng phải kể đến như:
Chuẩn kháng nước IP53 cùng thanh toán NFC
Bộ nhớ RAM 8GB, mở rộng RAM ảo lên đến 16GB
Công nghệ sạc nhanh siêu tốc 45W cùng sạc ngược, sạc AI
Infinix Note 30 - Điện thoại bình dân với thông số cấu hình ấn tượng
Infinix Note 30 được nhiều bạn yêu thích khi sở hữu hiệu năng mạnh mẽ giúp bạn có thể giải trí, cũng như xử lý những tác vụ công việc vô cùng mượt mà. Hơn nữa, chiếc smartphone cũng được tích hợp hệ thống ống kính cao cấp với khả năng lưu lại mọi khoảnh khắc sắc nét. 
Hiệu suất mạnh mẽ với công nghệ mở rộng RAM ảo tiên tiến
Nhờ trang bị con chip MediaTek Helio G99 được xây dựng trên tiến trình 6nm, Infinix Note 30 sở hữu hiệu suất vô cùng mạnh mẽ. Theo đó, chip có cấu trúc 8 nhân gồm 2 lõi Cortex-A76 với xung nhịp lên đến 2.2GHz. Hơn nữa, con chip cũng được tích hợp thêm 6 lõi Cortex-A55 hỗ trợ tiết kiệm điện năng hiệu quả.
Trong các bài test với phần mềm test hiệu năng, điện thoại đạt 431,579 điểm trên phần mềm Antutu Benchmark. Và trên Geekbench máy cho 712 điểm đơn nhân và 2016 điểm đa nhân. Với cấu hình mạnh trong tầm giá, điện thoại có thể chơi tốt được các tựa game phổ biến như PUBG Mobile, Tốc chiến hay Liên quân.
Kết hợp với con chip cao cấp là dung lượng RAM ấn tượng đạt đến 8GB. Hơn nữa, thiết bị cũng có thể mở rộng dung lượng thêm 8GB với công nghệ RAM ảo. Nhờ vào đó, bạn có thể đa nhiệm mượt mà nhiều tác vụ cùng lúc. Smartphone cũng đi kèm với bộ nhớ trong đến 128GB cho phép bạn lưu trữ nhiều dữ liệu và ứng dụng yêu thích. 
Khả năng chụp ảnh bắt mắt với hệ thống ống kính chất lượng cao
Infinix Note 30 sở hữu hệ thống gồm 3 ống kính với camera chính có độ phân giải 64MP, camera phụ 2MP cùng 1 ống kính AI. Nhờ vào đó, những bức ảnh chụp trên chiếc smartphone Infinix này được đánh giá là sắc nét, sinh động với độ tương phản cao. Camera trên máy cũng đi kèm với các tính năng hỗ trợ chụp ảnh tiên tiến khác.
Mặt trước của điện thoại là camera selfie với độ phân giải 16MP tích hợp với đèn LED hỗ trợ chụp ảnh vào ban đêm. Nhờ vào đó, ống kính có thể giúp bạn lưu lại những khoảnh khắc trong điều kiện thiếu sáng vô cùng rõ nét với đầy đủ độ sáng.
Thời gian hoạt động vượt trội với dung lượng pin ấn tượng
Với dung lượng pin khổng lồ lên đến 5000mAh kết hợp cùng khả năng tiết kiệm năng lượng đến từ con chip Helio G99, Infinix Note 30 có thời gian hoạt động lên đến 1 ngày dài. Hơn nữa, điện thoại cũng khiến người dùng ấn tượng với công suất sạc lên đến 45W giúp bạn nạp đầy dung lượng pin cho thiết bị trong vòng chưa đến 1 giờ. 
Hiển thị hình ảnh sắc nét với các chuyển động mượt mà
Điểm mạnh ở Infinix Note 30 là được trang bị tấm nền IPS LCD mang đến góc nhìn rộng với những hình ảnh hiển thị trên màn hình. Hơn nữa, thiết bị cũng có khả năng hiển thị nội dung sắc nét với độ phân giải Full HD+ và tần số quét đến 120Hz giúp mọi chuyển động trên khung hình trở nên mượt mà hơn. 
Thiết kế hiện đại cùng nhiều gam màu sang trọng
Infinix Note 30 sở hữu thiết kế vừa mang nét cổ điển vừa có tính hiện đại. Các cạnh bên của điện thoại được vát phẳng kèm với phần khung hình chữ nhật được trang trí ở mặt sau giúp ngoại hình smartphone trở nên độc đáo so với các đối thủ khác. Ngoài ra, người dùng có 3 lựa chọn về màu sắc khi chọn mua thiết bị bao gồm đen, cam và xanh. 
Infinix Note 30 được bán với giá bao nhiêu?
Infinix Note 30 dự kiến sẽ được mở bán với mức giá khởi điểm là 9999 PHP (tương đương 4.2 triệu đồng) dành cho phiên bản 8GB RAM và 128GB bộ nhớ trong. Như vậy, dòng smartphone mới của nhà Infinix sẽ được xếp vào phân khúc giá tầm trung.
Ở mức giá hơn 4 triệu đồng, Infinix Note 30 sẽ có các đối thủ cạnh tranh: Xiaomi Redmi Note 12, Xiaomi Poco X5, realme C55, Tecno Camon 20, Samsung Galaxy A13, OPPO A57,...
Khi nào Infinix Note 30 chính thức ra mắt?
Theo nhiều nguồn tin, chiếc điện thoại Infinix Note 30 sẽ được giới thiệu đầu tiên trên thị trường công nghệ vào tháng 6 năm 2023. Chiếc điện thoại đi kèm với 2 phiên bản bộ nhớ trong gồm 8GB/ 128GB và 8GB/ 256GB. Ngoài ra, thiết bị cũng được tích hợp thêm 2 khe sim vật lý.
Bên cạnh đó, sản phẩm sẽ chạy trên hệ điều hành Android 13 cùng giao diện XOS V13.0.0 của nhà Infinix. Dòng Note 30 cũng đi kèm với cảm biến vân tay cùng công nghệ Bluetooth 5.0.
Mua ngay Infinix Note 30 chính hãng tại CellphoneS
Infinix Note 30 là lựa chọn phù hợp với những bạn đang tìm kiếm một chiếc smartphone sở hữu hiệu năng mạnh mẽ với khả năng chụp ảnh đẹp mắt. Nhanh chóng đặt ngay Infinix Note 30 chính hãng tại Hệ thống CellphoneS để được sở hữu sản phẩm với mức giá ưu đãi bạn nhé.","{""Màn hình"": [{""name"": ""Kích thước màn hình"", ""value"": ""6.78 inches""}, {""name"": ""Công nghệ màn hình"", ""value"": ""IPS LCD""}, {""name"": ""Độ phân giải màn hình"", ""value"": ""1080x2460 pixels""}, {""name"": ""Tính năng màn hình"", ""value"": ""Tần số quét 120Hz, 580 nits""}, {""name"": ""Tần số quét"", ""value"": ""120Hz""}, {""name"": ""Loại màn hình"", ""value"": ""Màn hình""}], ""Camera sau"": [{""name"": ""Camera sau"", ""value"": ""Camera chính: 64MP, F/1.69\nCamera AI: F/2.0\nCamera phụ: 2MP, F/2.4""}, {""name"": ""Tính năng camera"", ""value"": ""Video ngắn, làm đẹp, siêu chụp đêm, chân dung, chuyển động chậm, Time-lapse, AR Shot""}], ""Camera trước"": [{""name"": ""Camera trước"", ""value"": ""16MP, F2.0""}, {""name"": ""Quay video trước"", ""value"": ""2K 30FPS/1080P 60FPS/1080P\n30FPS/720P 30FPS""}], ""Vi xử lý & đồ họa"": [{""name"": ""Chipset"", ""value"": ""MediaTek Helio G99""}, {""name"": ""GPU"", ""value"": ""Mali-G57 MC2""}], ""Giao tiếp & kết nối"": [{""name"": ""Công nghệ NFC"", ""value"": ""Có""}, {""name"": ""Thẻ SIM"", ""value"": ""2 SIM (Nano-SIM)""}, {""name"": ""Hồng ngoại"", ""value"": ""Không""}, {""name"": ""Jack tai nghe 3.5"", ""value"": ""Có""}, {""name"": ""Hỗ trợ mạng"", ""value"": ""4G""}, {""name"": ""GPS"", ""value"": ""Có""}], ""RAM & lưu trữ"": [{""name"": ""Dung lượng RAM"", ""value"": ""8GB + Mở rộng 8GB""}, {""name"": ""Bộ nhớ trong"", ""value"": ""256 GB""}, {""name"": ""Khe cắm thẻ nhớ"", ""value"": ""micro SD""}], ""Pin & công nghệ sạc"": [{""name"": ""Pin"", ""value"": ""5.000 mAh""}, {""name"": ""Công nghệ sạc"", ""value"": ""Sạc nhanh 45W""}, {""name"": ""Cổng sạc"", ""value"": ""USB Type-C""}], ""Tính năng khác"": [{""name"": ""Hệ điều hành"", ""value"": ""Android 13""}], ""Bộ xử lý & Đồ họa"": [{""name"": ""Loại CPU"", ""value"": ""Octa-core (2x2.2 GHz Cortex-A76 & 6x2.0 GHz Cortex-A55)""}], ""Kích thước & Trọng lượng"": [{""name"": ""Kích thước"", ""value"": ""168.62x76.6x8.58mm (Bản lưng kính)\n168.62x76.6x8.60mm (Bản lưng da)""}, {""name"": ""Trọng lượng"", ""value"": ""219g""}], ""Thiết kế & Trọng lượng"": [{""name"": ""Chất liệu khung viền"", ""value"": ""Nhựa""}], ""Thông số khác"": [{""name"": ""Chỉ số kháng nước, bụi"", ""value"": ""IP53""}, {""name"": ""Công nghệ âm thanh"", ""value"": ""Loa kép bởi JBL""}], ""Tiện ích khác"": [{""name"": ""Cảm biến vân tay"", ""value"": ""Cảm biến vân tay cạnh bên""}, {""name"": ""Các loại cảm biến"", ""value"": ""Cảm biến tiệm cận, Cảm biến ánh sáng, Con quay hồi chuyển, Cảm biến trọng lực""}], ""Cổng kết nối"": [{""name"": ""Wi-Fi"", ""value"": ""IEEE 802.11 ac/a/b/g/n(2.4G/5G)""}, {""name"": ""Bluetooth"", ""value"": ""v5.0""}], ""Thông tin chung"": [{""name"": ""Thời điểm ra mắt"", ""value"": ""8/2023""}]}","[""https://cdn2.cellphones.com.vn/x/media/catalog/product/i/n/infinix_note_30_-_1.png"", ""https://cdn2.cellphones.com.vn/x/media/catalog/product/i/n/infinix_note_30_-_2.png"", ""https://cdn2.cellphones.com.vn/x/media/catalog/product/i/n/infinix_note_30_-_3.png""]","{""product_color_1"": {""color"": ""Xanh dương"", ""image_url"": ""https://cellphones.com.vn/infinix-note-30.html?product_id=66828"", ""price"": ""3.590.000₫""}, ""product_color_2"": {""color"": ""Đen"", ""image_url"": ""https://cellphones.com.vn/infinix-note-30.html?product_id=66827"", ""price"": ""3.590.000₫""}, ""product_color_3"": {""color"": ""Cam"", ""image_url"": ""https://cellphones.com.vn/infinix-note-30.html?product_id=66826"", ""price"": ""3.590.000₫""}}"
Infinix Hot 40i 4GB 128GB,dien-thoai-infinix-hot-40i,2.390.000đ,2.290.000đ,"Đặc điểm nổi bật của Infinix Hot 40i 4GB 128GB
Infinix Hot 40i sở hữu chipset Unisoc T606 cung cấp trải nghiệm xử lý ổn định, màn hình LCD 6.56 inch HD+ hiển thị sắc nét. Bên cạnh đó, máy còn được trang bị RAM 4GB và bộ nhớ trong 128GB, đáp ứng các nhu cầu lưu trữ và xử lý linh hoạt của người dùng. Ngoài ra, thế hệ Infinix smartphone này còn mang tới thời lượng sử dụng suốt cả ngày với viên pin 5000 mAh và sạc nhanh 18W. 
Nội dung chính
1. So sánh điện thoại Infinix Hot 40i với Infinix Hot 30i - Có gì thay đổi
2. Điện thoại Infinix Hot 40i - Sắc nét và ấn tượng
2.1. Hiệu suất xử lý ấn tượng, đa nhiệm mượt mà với thông số bộ nhớ ổn định
2.2. Quay chụp ổn định với hệ thống cam độ phân giải cao
2.3. Thời lượng sử dụng suốt cả ngày chỉ với 1 lần nạp pin
2.4. Màn hình LCD hiện đại, tần số quét và lấy mẫu cảm ứng cao
3. Điện Thoại Infinix Hot 40i khi nào ra mắt?
4. Điện Thoại Infinix Hot 40i giá bao nhiêu?
5. Mua điện thoại Infinix Hot 40i giá tốt, chính hãng tại CellphoneS
So sánh điện thoại Infinix Hot 40i với Infinix Hot 30i - Có gì thay đổi
Infinix Hot 40i là phiên bản nâng cấp của thế hệ 30i, vậy chính xác hai thế hệ điện thoại này có gì giống và khác?
Infinix Hot 40i
Infinix Hot 30i
Màu sắc
Đen | Vàng | Xanh dương | Xanh lá
Đen | Xanh sông băng | Trắng kim cương
Trọng lượng
190g
191g
Màn hình
LCD 6.56-INCH
LCD 6.6-INCH
CPU
UNISOC T606
Octa-core (2*A75 1.6GHz & 6*A55 1.6GHz)
MediaTek Helio G37
4x 2.3 GHz – Cortex-A53 + 4x 1.8 GHz – Cortex-A53
GPU
Mali-G57 MC2, 650MHz IMG PowerVR GE8320
RAM
4GB - 8GB 8GB
ROM
128G  - 256GB 128GB
Camera trước
32MP 5MP
Camera sau
50MP + AI CAM 50MP+AI Camera
Dung lượng pin
5000mAh (TYP), 18W 5000mAh, 18W
Điện thoại Infinix Hot 40i có nhiều khác biệt so với thế hệ tiền nhiệm về cấu hình phần cứng, camera. Do đó tùy thuộc vào nhu cầu sử dụng, khách hàng có thể chọn mua sản phẩm phù hợp.
Điện thoại Infinix Hot 40i - Sắc nét và ấn tượng
Điện thoại Infinix Hot 40i thể hiện sự cân bằng giữa giá cả và hiệu suất, mang đến trải nghiệm mượt mà với màn hình tốc độ làm mới cao và chipset hiệu quả. Điểm nổi bật của dòng máy này bao gồm một camera chính 50MP và camera selfie 32MP, cùng với giao diện người dùng XOS 13.0 trên nền tảng Android 13, mang lại trải nghiệm người dùng mạnh mẽ.
Hiệu suất xử lý ấn tượng, đa nhiệm mượt mà với thông số bộ nhớ ổn định
Infinix Hot 40i với chipset Unisoc T606, đem lại hiệu suất xử lý đáng nể trong phân khúc giá cả phải chăng của nó. Sự kết hợp giữa CPU hiệu quả và GPU mạnh mẽ tích hợp kèm trong chipset này cho phép máy dễ dàng thực hiện các tác vụ hàng ngày và chơi game giải trí cơ bản một cách mượt mà. 
Với RAM 4GB người dùng có thể trải nghiệm đa nhiệm trơn tru, mà không gặp phải sự chậm trễ hay giật lag. Bộ nhớ trong của thiết bị cung cấp dung lượng 128GB, cho phép lưu trữ dữ liệu rộng rãi mà không cần lo lắng về không gian. So với những đối thủ cùng phân khúc, Unisoc T606 có thể không phải là lựa chọn mạnh nhất, nhưng vẫn đủ để đáp ứng nhu cầu cơ bản của người dùng.
Quay chụp ổn định với hệ thống cam độ phân giải cao
Khả năng chụp ảnh của Infinix Hot 40i là điểm nhấn ấn tượng với camera chính 50MP và camera AI. Điều này không chỉ cung cấp khả năng chụp ảnh chất lượng cao trong các điều kiện ánh sáng khác nhau, mà còn giúp cải thiện trải nghiệm chụp ảnh thông qua việc tối ưu hóa hình ảnh AI. Còn ở phía mặt trước, máy được trang bị camera selfie 32MP, được trang bị Magic Ring, mang lại hình ảnh rõ nét và tự nhiên, đặc biệt là trong việc chụp ảnh, selfie tự sướng và video call. 
Mặc dù không mang tính năng nổi bật như các flagship, nhưng Hot 40i vẫn đủ sức hấp dẫn người dùng với khả năng quay chụp ổn định, đáp ứng tốt nhu cầu ghi lại cuộc sống hàng ngày. Tuy nhiên, đối với những người yêu thích nhiếp ảnh chuyên nghiệp, Hot 40i có thể chưa đáp ứng hết các yêu cầu cao về chất lượng hình ảnh và tính năng chụp ảnh.
Thời lượng sử dụng suốt cả ngày chỉ với 1 lần nạp pin
Với viên pin 5000 mAh, Infinix Hot 40i hứa hẹn cung cấp thời gian sử dụng dài lâu, đáp ứng nhu cầu liên tục của người dùng. Dù chỉ hỗ trợ sạc nhanh 18W, nhưng điều này vẫn đủ để máy nhanh chóng nạp đầy năng lượng, giảm thiểu thời gian chờ đợi. Sự cân đối giữa dung lượng pin và khả năng sạc nhanh này làm cho Hot 40i trở thành một lựa chọn khá hấp dẫn trong tầm giá của mình.
Màn hình LCD hiện đại, tần số quét và lấy mẫu cảm ứng cao
Màn hình LCD 6.56 inch của Infinix Hot 40i với độ phân giải HD+ và tốc độ làm mới 90Hz cung cấp trải nghiệm xem mượt mà và sống động. Tốc độ lấy mẫu cảm ứng 180Hz tăng cường đáp ứng nhanh chóng và chính xác, làm cho việc chạm và vuốt trên màn hình trở nên linh hoạt hơn. Màn hình này là một điểm cộng lớn, đặc biệt ở phân khúc giá cả phải chăng, mang lại trải nghiệm hình ảnh tốt cho người dùng trong các tác vụ hàng ngày từ lướt web, xem video đến chơi game.
Điện Thoại Infinix Hot 40i khi nào ra mắt?
Điện thoại Infinix Hot 40i đã được cho ra mắt thị trường vào ngày 7 tháng 12 năm 2023. Đây là thời điểm được đánh giá là cực kỳ sôi động của thị trường smartphone, nơi mà sự cạnh tranh về giá và tính năng đang ở mức cao. 
Sự ra mắt này cho thấy Infinix đang tích cực cập nhật sản phẩm của mình để phù hợp với xu hướng và nhu cầu người dùng hiện đại, đặc biệt là trong phân khúc giá rẻ, nơi mà người tiêu dùng tìm kiếm giá trị tối đa từ một chiếc điện thoại thông minh.
Điện Thoại Infinix Hot 40i giá bao nhiêu?
Trong lần ra mắt vừa rồi, Infinix Hot 40i nằm trong tầm giá khoảng 4,799 Peso (khoảng 2.490 triệu VNĐ) cho phiên bản 8GB RAM + 128GB ROM và 5,299 Peso (khoảng 2.590 triệu VNĐ) cho phiên bản 8GB RAM + 256GB ROM. Với mức giá cực kỳ hấp dẫn này, Infinix Hot 40i đã đặt mình vào vị trí khá cạnh tranh trong phân khúc smartphone giá rẻ. 
Mức giá này phản ánh một cách hợp lý các tính năng và hiệu suất mà Hot 40i cung cấp, làm cho nó trở thành một lựa chọn hấp dẫn cho người dùng có ngân sách hạn chế nhưng vẫn mong muốn có được trải nghiệm smartphone đa năng.
Mua điện thoại Infinix Hot 40i giá tốt, chính hãng tại CellphoneS
Để sở hữu điện thoại Infinix Hot 40i chính hãng với mức giá thành phải chăng thì CellphoneS chính là lựa chọn lý tưởng không nên bỏ qua. Với các chương trình thu cũ đổi mới hấp dẫn, ưu đãi trả góp 3 không, cùng các khuyến mãi dành riêng cho học sinh và sinh viên, CellphoneS hứa hẹn đem tới cho quý khách hàng nhiều trải nghiệm mua sắm điện thoại thực sự hài lòng. 
Bên cạnh đó, với hơn 100 chi nhánh trên toàn quốc, CellphoneS không chỉ cung cấp sản phẩm chính hãng mà còn đảm bảo dịch vụ sau mua hàng chất lượng cao, mang đến cho khách hàng chất lượng mua hàng tuyệt vời. Kết nối thêm tới cửa hàng qua hotline 1800 2097 để nhận thêm các thông tin hấp dẫn khác của dòng máy này bạn nhé!","{""Màn hình"": [{""name"": ""Kích thước màn hình"", ""value"": ""6.56 inches""}, {""name"": ""Công nghệ màn hình"", ""value"": ""IPS LCD""}, {""name"": ""Độ phân giải màn hình"", ""value"": ""720 x 1612 (HD+)""}, {""name"": ""Tính năng màn hình"", ""value"": ""Tần số quét 60/90Hz, 480 nits, Gamut phổ màu DCI-P3""}, {""name"": ""Tần số quét"", ""value"": ""90Hz""}, {""name"": ""Kiểu màn hình"", ""value"": ""Đục lỗ (Nốt ruồi)""}], ""Camera sau"": [{""name"": ""Camera sau"", ""value"": ""Camera chính: 50MP, f/1.6 + AI CAM, f/2.0""}, {""name"": ""Quay video"", ""value"": ""1080p@30fps\n720p@30fps""}, {""name"": ""Tính năng camera"", ""value"": ""Video ngắn, video, AI cam, Làm đẹp, Siêu chụp đêm, Chân dung, Chuyển động chậm, Time-lapse""}], ""Camera trước"": [{""name"": ""Camera trước"", ""value"": ""Camera góc rộng: 32 MP, f/2.2""}, {""name"": ""Quay video trước"", ""value"": ""1080p@30fps""}], ""Vi xử lý & đồ họa"": [{""name"": ""Chipset"", ""value"": ""Unisoc T606 (12 nm)""}, {""name"": ""GPU"", ""value"": ""Mali-G57 MC2, 650MHz""}], ""Giao tiếp & kết nối"": [{""name"": ""Công nghệ NFC"", ""value"": ""Không""}, {""name"": ""Thẻ SIM"", ""value"": ""2 SIM (Nano-SIM)""}, {""name"": ""Jack tai nghe 3.5"", ""value"": ""Có""}, {""name"": ""Hỗ trợ mạng"", ""value"": ""4G""}, {""name"": ""GPS"", ""value"": ""GPS, A-GPS""}], ""RAM & lưu trữ"": [{""name"": ""Dung lượng RAM"", ""value"": ""4 GB""}, {""name"": ""Bộ nhớ trong"", ""value"": ""128 GB""}, {""name"": ""Khe cắm thẻ nhớ"", ""value"": ""microSDXC""}], ""Pin & công nghệ sạc"": [{""name"": ""Pin"", ""value"": ""5000 mAh""}, {""name"": ""Công nghệ sạc"", ""value"": ""Sạc nhanh 18W, 7.5V/2.4A""}, {""name"": ""Cổng sạc"", ""value"": ""USB Type-C""}], ""Tính năng khác"": [{""name"": ""Hệ điều hành"", ""value"": ""Android 13""}], ""Bộ xử lý & Đồ họa"": [{""name"": ""Loại CPU"", ""value"": ""Octa-core (2*A75 1.6GHz & 6*A55 1.6GHz)""}], ""Kích thước & Trọng lượng"": [{""name"": ""Kích thước"", ""value"": ""163,59 x 75,59 x 8,30 mm""}, {""name"": ""Trọng lượng"", ""value"": ""190 g""}], ""Thiết kế & Trọng lượng"": [{""name"": ""Chất liệu mặt lưng"", ""value"": ""Kính""}], ""Tiện ích khác"": [{""name"": ""Cảm biến vân tay"", ""value"": ""Cảm biến vân tay cạnh bên""}, {""name"": ""Các loại cảm biến"", ""value"": ""Cảm biến tiệm cận, Cảm biến ánh sáng, La bàn, Con quay hồi chuyển, Cảm biến áp kế, Cảm biến trọng lực""}, {""name"": ""Tính năng đặc biệt"", ""value"": ""Bảo mật vân tay""}], ""Cổng kết nối"": [{""name"": ""Wi-Fi"", ""value"": ""Wi-Fi 802.11 (a/b/g/n/ac)""}, {""name"": ""Bluetooth"", ""value"": ""Có""}], ""Thông số khác"": [{""name"": ""Công nghệ âm thanh"", ""value"": ""Loa âm thanh nổi""}]}","[""https://cdn2.cellphones.com.vn/x/media/catalog/product/d/i/dien-thoai-infinix-hot-40i-1.png"", ""https://cdn2.cellphones.com.vn/x/media/catalog/product/d/i/dien-thoai-infinix-hot-40i-3.png"", ""https://cdn2.cellphones.com.vn/x/media/catalog/product/d/i/dien-thoai-infinix-hot-40i-5.png""]","{""product_color_1"": {""color"": ""Xanh lá"", ""image_url"": ""https://cellphones.com.vn/dien-thoai-infinix-hot-40i.html?product_id=77504"", ""price"": ""2.290.000₫""}, ""product_color_2"": {""color"": ""Đen"", ""image_url"": ""https://cellphones.com.vn/dien-thoai-infinix-hot-40i.html?product_id=77501"", ""price"": ""2.290.000₫""}, ""product_color_3"": {""color"": ""Vàng"", ""image_url"": ""https://cellphones.com.vn/dien-thoai-infinix-hot-40i.html?product_id=77502"", ""price"": ""2.290.000₫""}, ""product_color_4"": {""color"": ""Xanh dương"", ""image_url"": ""https://cellphones.com.vn/dien-thoai-infinix-hot-40i.html?product_id=77503"", ""price"": ""2.290.000₫""}}"
Infinix Hot 50 Pro Plus 8GB 256GB,dien-thoai-infinix-hot-50-pro-plus,4.990.000đ,4.790.000đ,"Đặc điểm nổi bật của Infinix Hot 50 Pro Plus 8GB 256GB
Điện thoại Infinix Hot 50 Pro Plus tích hợp chipset xử lý Media Tek Helio G100 kèm GPU đồ họa Mail-G57 kết hợp RAM 8GB và bộ nhớ trong lên đến 256GB. Hơn thế nữa, chiếc smartphone này còn nổi bật qua thiết kế cong 3D độc đáo với màn hình AMOLED 120Hz. Ngoài ra, dung lượng pin của điện thoại 5000mAh cộng thêm sạc nhanh 33W cho cả ngày dài sử dụng.
Nội dung chính
1. Vì sao nên mua điện thoại Infinix Hot 50 Pro Plus
2. So sánh điện thoại Infinix Hot 50 Pro Plus với Infinix Hot 50
3. Điện thoại Infinix Hot 50 Pro Plus – Hiệu suất ưu trội, trải nghiệm uy tín
3.1. Cấu hình cao, chipset MediaTek Helio G100
3.2. Camera 50MP - chụp hình nét
3.3. Pin 5000mAh, sạc tốc độ nhanh 33W
3.4. Màn hình cong AMOLED, hiển thị rõ ràng
3.5. Thiết kế bền bỉ, màu đẹp tinh tế
4. Điện thoại Infinix Hot 50 Pro Plus ra mắt khi nào?
5. Điện thoại Infinix Hot 50 Pro Plus giá bán bao nhiêu tiền?
6. Mua điện thoại Infinix Hot 50 Pro Plus giá rẻ tại CellphoneS
Vì sao nên mua điện thoại Infinix Hot 50 Pro Plus
Điện thoại Infinix Hot 50 Pro Plus sở hữu nhiều ưu điểm nổi trội so với sản phẩm trong tầm giá cũng như thiết kế ấn tượng cho người sử dụng như:
Thiết kế siêu mỏng 6.8mm cùng màn hình cong 3D: Vẻ ngoài sang trọng, dễ cầm nắm
Chip G100 Mediatek mạnh mẽ trong phân khúc: Hoạt động ổn định các tác vụ thường ngày
Infinix AI, NFC: Chỉnh sửa ảnh nhanh chóng, tối hưu viết bài thuận tiện
Loa kép JBL: Trải nghiệm âm thanh chất lượng với âm trầm sâu cùng âm trung cân bằng
Camera 50MP AI: Ghi hình chất lượng, chi tiết rõ nét
So sánh điện thoại Infinix Hot 50 Pro Plus với Infinix Hot 50
Infinix Hot 50 Pro Plus là phiên bản nâng cấp của Infinix Hot 50, vậy 2 thế hệ điện thoại Infinix này có gì khác biệt, hãy cùng so sánh chi tiết sau đây:
Tiêu chí
Infinix Hot 50 Pro Plus
Infinix Hot 50 Pro
Màu sắc
Xám titan, Tím thiên hà, Đen vũ trụ, Xanh hào quang
Đen Vũ Trụ/Xanh Hào Quang/Xám Titan/ Tím Thiên Hà
Màn hình
Cong 3D AMOLED 120Hz
6.78 inch FHD+ 120Hz
Độ mỏng
6.8mm
7.7mm
CPU
MediaTek Helio G100, tiến trình 6nm
MediaTek Helio G100, tiến trình 6nm
GPU
Mail-G57
Mail-G57 MC2
Camera
Camera chính 50MP
50MP + 2MP (Macro)+AI CAM
Pin
5000 mAh, Sạc nhanh 33W
5000mAh, sạc nhanh 18W
Âm thanh
Âm thanh được tinh chỉnh bởi JBL
-
AI thông minh
Chỉnh sửa ảnh, công cụ viết
Chỉnh sửa ảnh, viết bài
Điện thoại Infinix Hot 50 Pro Plus – Hiệu suất ưu trội, trải nghiệm uy tín
Điện thoại Infinix Hot 50 Pro Plus là phiên bản mới có nhiều cải tiến đáng kể về thông số. Qua các đặc điểm vượt trội, mẫu điện thoại Infinix này rất đáng cân nhắc trong phân khúc giá rẻ-tầm trung trên thị trường smartphone.
Cấu hình cao, chipset MediaTek Helio G100
Điện thoại Infinix Hot 50 Pro Plus mang đến hiệu suất tối ưu trong đa dạng tác vụ nhờ sự có mặt của chip MediaTek Helio G100. Trên tiến trình 6nm, bộ vi xử lý này cho tốc độ xung nhịp lên đến 2.2GHz hỗ trợ xử lý mượt mà kể cả những tác vụ phức tạp. 
Cùng với đó, điện thoại còn có khả năng đa nhiệm xuất sắc với dung lượng RAM 8GB kèm bộ ROM lưu trữ tối đa 256GB. Đồng thời nâng cấp dung lượng theo nhu cầu qua khe thẻ nhớ microSD. Song, card đồ họa Mail-G57 trong máy cũng giúp thể hiện tốt những chuyển động nhanh, hạn chế chậm lag
>>> Xem thêm mẫu điện thoại Infinix Note 50 Pro mới giá tốt cùng nhiều ưu đãi hấp dẫn, giảm thêm Smember, Student,...
Camera 50MP - chụp hình nét
Hệ thống camera của điện thoại Infinix Hot 50 Pro Plus được đầu tư với ống kính chính cho độ phân giải 50MP cùng camera macro 2MP. Bên cạnh đó, cảm biến thông minh AI giúp tối ưu hóa theo thời gian thực để từng bức ảnh đều sống động, chân thực. 
Ngoài ra, camera trước 13MP hỗ trợ làm đẹp tự động góp phần tạo nên những tấm selfie đẹp. Thông qua các chế độ tiện ích đi kèm, máy cho phép người dùng ghi lại mọi khoảnh khắc theo nhu cầu một cách chuyên nghiệp.
Pin 5000mAh, sạc tốc độ nhanh 33W
Điện thoại Infinix Hot 50 Pro Plus có pin dung lượng 5000mAh, đủ để sử dụng máy thoải mái trong nhiều giờ liên tục. Điểm cộng lớn nữa là công nghệ sạc nhanh 33W, giúp thời gian nạp đầy pin được rút lại trong thời gian ngắn. Không những vậy, công nghệ quản lý pin thông minh tích hợp còn kéo dài tuổi thọ và giảm thiểu tiêu hao năng lượng không cần thiết. Tuy nhiên, điện thoại có thể duy trì hiệu suất mượt, ổn định lâu dài.
Màn hình cong AMOLED, hiển thị rõ ràng
Điện thoại Infinix Hot 50 Pro Plus tạo điểm nhấn với công nghệ AMOLED màn hình cong 3D thời thượng. Qua khung hình 6.78 inch, độ phân giải FHD+, thiết bị có khả năng hiển thị màu sắc rực rõ, chân thực tuyệt vời. 
Thêm vào đó, độ sáng lên tới 1300 nits cho phép người dùng quan sát rõ ràng dưới ánh sáng trực tiếp. Màn hình cong hai cạnh mang đến trải nghiệm thị giác đầy mê hoặc đi cùng tốc độ quét 120Hz, giảm thiểu độ trễ và cảm ứng mượt mà.
Thiết kế bền bỉ, màu đẹp tinh tế
Điện thoại Infinix Hot 50 Pro Plus ghi điểm với kiểu dáng hiện đại và độ hoàn thiện cao. Thiết kế SlimEdge mỏng giúp thân hình điện thoại đạt độ mỏng ấn tượng. Không chỉ dừng lại ở đó, khung viền kim loại chắc chắn kết hợp mặt lưng kính cường lực giúp máy vừa bền bỉ, vừa sang trọng. Các đường vát cạnh mềm mại đem lại cảm giác chắc chắn, dễ chịu. Mặt khác, lớp phủ chống nước nhẹ IP54 còn giúp máy luôn giữ được thẩm mỹ và độ bền trong thời gian sử dụng.
Điện thoại Infinix Hot 50 Pro Plus ra mắt khi nào?
Điện thoại Infinix Hot 50 Pro Plus đánh dấu một bước tiến quan trọng của thương hiệu trong phân khúc smartphone tầm trung. Với thiết kế hiện đại, cấu hình mạnh mẽ, mẫu điện thoại thông minh này nhanh chóng thu hút sự chú ý của đông đảo đối tượng.
Theo đó, phiên bản smartphone này đã chính thức trình diện vào ngày 20 tháng 10 năm 2024. Những cải tiến được trang bị trên điện thoại hướng tới nhiều nhu cầu sử dụng cơ bản. Đồng thời có thể đáp ứng tốt các tác vụ công việc hàng ngày đến nâng cao.
Điện thoại Infinix Hot 50 Pro Plus giá bán bao nhiêu tiền?
Với thiết kế mỏng nhẹ, màn hình lớn cùng hiệu năng ổn định nhờ vi xử lý tân tiến, mẫu điện thoại Infinix Hot 50 Pro Plus này nhanh chóng thu hút sự chú ý kể từ khi ra mắt. Tùy thuộc vào khu vực và nhà phân phối, phiên bản thường có giá dao động từ 3.5 triệu đến 4.5 triệu đồng tại thị trường Việt Nam. Mức giá này mang lại sự cạnh tranh đáng kể trong phân khúc tầm trung và giá rẻ, khiến điện thoại trở thành lựa chọn lý tưởng cho người dùng cần một thiết bị thông minh để hỗ trợ công việc, giải trí.
Chi tiết giá bán Infinix Hot 50 Pro Plus tại CellphoneS vào tháng 04/2026 như sau:
Tên sản phẩm
Giá bán
Giá thu cũ lên đời
Infinix Hot 50 Pro Plus 8GB 256GB
4.790.000đ
4.290.000đ
Mua điện thoại Infinix Hot 50 Pro Plus giá rẻ tại CellphoneS
Điện thoại Infinix Hot 50 Pro Plus là lựa chọn quốc dân cho nhiều đối tượng tiêu dùng trong tầm giá phổ thông, nhưng vẫn đem lại trải nghiệm tốt khi dùng. Ngay từ bây giờ, đừng ngần ngại đến chi nhánh chuỗi hệ thống bán lẻ CellphoneS để rinh về chiếc điện thoại Infinix chính hãng. Ngoài mức giá siêu hời, khách hàng sẽ có cơ hội trải nghiệm ưu đãi, hậu mãi qua nhiều dịch vụ. Kèm theo đó là những quà tặng và thời hạn bảo hành dài hạn, uy tín từ cửa hàng.","{""Màn hình"": [{""name"": ""Kích thước màn hình"", ""value"": ""6.78 inches""}, {""name"": ""Công nghệ màn hình"", ""value"": ""AMOLED""}, {""name"": ""Độ phân giải màn hình"", ""value"": ""1080 x 2436 pixels""}, {""name"": ""Tính năng màn hình"", ""value"": ""1080p 3D-Curved\n120Hz""}], ""Camera sau"": [{""name"": ""Camera sau"", ""value"": ""50MP + 2MP""}], ""Camera trước"": [{""name"": ""Camera trước"", ""value"": ""13MP""}], ""Vi xử lý & đồ họa"": [{""name"": ""Chipset"", ""value"": ""MediaTek Helio G100""}], ""Giao tiếp & kết nối"": [{""name"": ""Công nghệ NFC"", ""value"": ""Có""}, {""name"": ""Thẻ SIM"", ""value"": ""2 SIM (Nano-SIM)""}, {""name"": ""Hỗ trợ mạng"", ""value"": ""4G""}, {""name"": ""GPS"", ""value"": ""G-Sensor / E-Compass / Gyro / Light Sensor / Proximity""}], ""RAM & lưu trữ"": [{""name"": ""Dung lượng RAM"", ""value"": ""8 GB""}, {""name"": ""Bộ nhớ trong"", ""value"": ""256 GB""}], ""Pin & công nghệ sạc"": [{""name"": ""Pin"", ""value"": ""5,000 mAh""}, {""name"": ""Công nghệ sạc"", ""value"": ""Sạc 33W""}], ""Tính năng khác"": [{""name"": ""Hệ điều hành"", ""value"": ""Android 14""}], ""Thông số khác"": [{""name"": ""Chỉ số kháng nước, bụi"", ""value"": ""IP54""}], ""Tiện ích khác"": [{""name"": ""Cảm biến vân tay"", ""value"": ""Cảm biến vân tay trong màn hình""}]}","[""https://cdn2.cellphones.com.vn/x/media/catalog/product/d/i/dien-thoai-infinix-hot-50-pro-plus_3_.png"", ""https://cdn2.cellphones.com.vn/x/media/catalog/product/d/i/dien-thoai-infinix-hot-50-pro-plus_2_.png"", ""https://cdn2.cellphones.com.vn/x/media/catalog/product/d/i/dien-thoai-infinix-hot-50-pro-plus_4_.png""]","{""product_color_1"": {""color"": ""Xanh lá"", ""image_url"": ""https://cellphones.com.vn/dien-thoai-infinix-hot-50-pro-plus.html?product_id=103235"", ""price"": ""4.790.000₫""}, ""product_color_2"": {""color"": ""Đen"", ""image_url"": ""https://cellphones.com.vn/dien-thoai-infinix-hot-50-pro-plus.html?product_id=97419"", ""price"": ""4.790.000₫""}, ""product_color_3"": {""color"": ""Tím"", ""image_url"": ""https://cellphones.com.vn/dien-thoai-infinix-hot-50-pro-plus.html?product_id=97421"", ""price"": ""4.790.000₫""}, ""product_color_4"": {""color"": ""Xám"", ""image_url"": ""https://cellphones.com.vn/dien-thoai-infinix-hot-50-pro-plus.html?product_id=97422"", ""price"": ""4.790.000₫""}}"
Infinix Hot 40i 8GB 256GB,dien-thoai-infinix-hot-40i-8gb-256gb,3.190.000đ,2.390.000đ,"Đặc điểm nổi bật của Infinix Hot 40i 8GB 256GB
Điện thoại INFINIX HOT 40I sở hữu con chip Octa-Core Chipset cùng với bộ nhớ RAM 8GB, dung lượng lưu trữ 256GB ổn định. Điện thoại với màn hình 90Hz mượt mà cùng với dung lượng pin 5000mAh, hỗ trợ sạc nhanh công suất 18W. INFINIX HOT 40I còn được trang bị cụm camera chất lượng hỗ trợ AI với ống kính chính 50MP.
Nội dung chính
1. Infinix HOT 40I 8GB 256GB – Hiệu năng ổn định, thiết kế sang trọng
1.1. Cấu hình ổn định với con chip Unisoc T606, bộ nhớ RAM 8GB
1.2. Camera chính 50MP, hỗ trợ AI thông minh
1.3. Pin 5000 mAh cho thời gian sử dụng tối ưu cùng công suất sạc 18W
2. Mua ngay điện thoại Infinix HOT 40I 8GB 256GB chính hãng tại CellphoneS
Infinix HOT 40I 8GB 256GB – Hiệu năng ổn định, thiết kế sang trọng
Infinix HOT 40I 8GB 256GB là mẫu điện thoại thông minh giá rẻ cùng một cấu hình vượt trội, đáp ứng tốt nhiều nhu cầu sử dụng. Vậy chính xác mẫu điện thoại thông minh này có gì đáng để mua, cùng tìm hiểu ngay sau đây.
Cấu hình ổn định với con chip Unisoc T606, bộ nhớ RAM 8GB
Infinix HOT 40I được trang bị cấu hình phần cứng với con chip Unisoc T606, con chip được sản xuất trên tiến trình 8nm. Cùng với bộ nhớ RAM 8GB giúp thiết bị có thể hoạt động tốt trên nhiều tác vụ cơ bản hàng ngày. Cùng với bộ nhớ RAM 256 GB giúp người dùng có thể thoải mái cài đặt ứng dụng, lưu trữ hình ảnh.
Camera chính 50MP, hỗ trợ AI thông minh
Về khả năng nhiếp ảnh, điện thoại Infinix HOT 40I 8GB 256GB được trang bị bộ ba camera AI. Trong đó, ống kính chính với độ phân giải 50MP cùng khẩu độ f/1.6. Cụm camera với chế độ chụp siêu đêm, hỗ trợ bảo AI mang lại hình ảnh với độ sáng cao hơn. Phía trước là ống kính selfie 32MP, ống kính độ phân giải cao hỗ trợ mang lại những bức hình selfie sắc nét.
Pin 5000 mAh cho thời gian sử dụng tối ưu cùng công suất sạc 18W
Về thời lượng sử dụng, Infinix HOT 40I được trang bị viên pin dung lượng 5000 mAh. Mưc dung lượng này mang lại thời gian sử dụng ấn tượng đến 34 giờ nếu sử dụng ở chế độ chờ. Ở các tác vụ khác, điện thoại cho 30 giờ xem video, 45 giờ gọi điện hoặc 9 giờ chơi game. 
Cùng với đó, sản phẩm còn được trang bị sạc nhanh qua cổng USB-C với công suất sạc lên đến 18W. Đặc biệt, máy còn sở hữu chế độ siêu tiết kiệm pin với 5% pin mang lại 24 giờ sử dụng chế độ chờ hoặc 2 giờ gọi điện ấn tượng.
Mua ngay điện thoại Infinix HOT 40I 8GB 256GB chính hãng tại CellphoneS
Điện thoại Infinix HOT 40I 8GB 256GB với một cấu hình ổn định cùng giá bán phải chăng. HIện mẫu điện thoại thông minh này được bán chính hãng tại hệ thống CellphoneS với giá bán ưu đãi. Đặc biệt, khi mua hàng tại đây, khách hàng có thể mua trả góp với lãi suất 0% ấn tượng, không cần trả trước cũng như nhiều ưu đãi hấp dẫn khách hàng cho khách hàng thành viên hay học sinh – sinh viên.","{""Màn hình"": [{""name"": ""Kích thước màn hình"", ""value"": ""6.56 inches""}, {""name"": ""Công nghệ màn hình"", ""value"": ""IPS LCD""}, {""name"": ""Độ phân giải màn hình"", ""value"": ""720 x 1612 (HD+)""}, {""name"": ""Tính năng màn hình"", ""value"": ""Tần số quét 60/90Hz, 480 nits, Gamut phổ màu DCI-P3""}, {""name"": ""Tần số quét"", ""value"": ""90Hz""}, {""name"": ""Kiểu màn hình"", ""value"": ""Đục lỗ (Nốt ruồi)""}], ""Camera sau"": [{""name"": ""Camera sau"", ""value"": ""Camera chính: 50MP, f/1.6 + AI CAM, f/2.0""}, {""name"": ""Quay video"", ""value"": ""1080p@30fps\n720p@30fps""}, {""name"": ""Tính năng camera"", ""value"": ""Video ngắn, video, AI cam, Làm đẹp, Siêu chụp đêm, Chân dung, Chuyển động chậm, Time-lapse""}], ""Camera trước"": [{""name"": ""Camera trước"", ""value"": ""Camera góc rộng: 32 MP, f/2.2""}, {""name"": ""Quay video trước"", ""value"": ""1080p@30fps""}], ""Vi xử lý & đồ họa"": [{""name"": ""Chipset"", ""value"": ""Unisoc T606 (12 nm)""}, {""name"": ""GPU"", ""value"": ""Mali-G57 MC2, 650MHz""}], ""Giao tiếp & kết nối"": [{""name"": ""Công nghệ NFC"", ""value"": ""Không""}, {""name"": ""Thẻ SIM"", ""value"": ""2 SIM (Nano-SIM)""}, {""name"": ""Jack tai nghe 3.5"", ""value"": ""Có""}, {""name"": ""Hỗ trợ mạng"", ""value"": ""4G""}, {""name"": ""GPS"", ""value"": ""GPS, A-GPS""}], ""RAM & lưu trữ"": [{""name"": ""Dung lượng RAM"", ""value"": ""8 GB""}, {""name"": ""Bộ nhớ trong"", ""value"": ""256 GB""}, {""name"": ""Khe cắm thẻ nhớ"", ""value"": ""micro SD""}], ""Pin & công nghệ sạc"": [{""name"": ""Pin"", ""value"": ""5000 mAh""}, {""name"": ""Công nghệ sạc"", ""value"": ""Sạc nhanh 18W, 7.5V/2.4A""}, {""name"": ""Cổng sạc"", ""value"": ""USB Type-C""}], ""Tính năng khác"": [{""name"": ""Hệ điều hành"", ""value"": ""Android 13""}], ""Bộ xử lý & Đồ họa"": [{""name"": ""Loại CPU"", ""value"": ""Octa-core (2*A75 1.6GHz & 6*A55 1.6GHz)""}], ""Kích thước & Trọng lượng"": [{""name"": ""Kích thước"", ""value"": ""163,59 x 75,59 x 8,30 mm""}, {""name"": ""Trọng lượng"", ""value"": ""190g""}], ""Thiết kế & Trọng lượng"": [{""name"": ""Chất liệu mặt lưng"", ""value"": ""Kính""}], ""Tiện ích khác"": [{""name"": ""Cảm biến vân tay"", ""value"": ""Cảm biến vân tay cạnh bên""}, {""name"": ""Các loại cảm biến"", ""value"": ""Cảm biến tiệm cận, Cảm biến ánh sáng, La bàn, Con quay hồi chuyển, Cảm biến áp kế, Cảm biến trọng lực""}, {""name"": ""Tính năng đặc biệt"", ""value"": ""Bảo mật vân tay""}], ""Cổng kết nối"": [{""name"": ""Wi-Fi"", ""value"": ""Wi-Fi 802.11 (a/b/g/n/ac)""}, {""name"": ""Bluetooth"", ""value"": ""Có""}], ""Thông số khác"": [{""name"": ""Công nghệ âm thanh"", ""value"": ""Loa âm thanh nổi""}]}","[""https://cdn2.cellphones.com.vn/x/media/catalog/product/d/i/dien-thoai-infinix-hot-40i-8gb-256gb-1.png"", ""https://cdn2.cellphones.com.vn/x/media/catalog/product/d/i/dien-thoai-infinix-hot-40i-8gb-256gb-3.png"", ""https://cdn2.cellphones.com.vn/x/media/catalog/product/d/i/dien-thoai-infinix-hot-40i-8gb-256gb-6.png""]","{""product_color_1"": {""color"": ""Đen"", ""image_url"": ""https://cellphones.com.vn/dien-thoai-infinix-hot-40i-8gb-256gb.html?product_id=77497"", ""price"": ""2.390.000₫""}, ""product_color_2"": {""color"": ""Vàng"", ""image_url"": ""https://cellphones.com.vn/dien-thoai-infinix-hot-40i-8gb-256gb.html?product_id=77498"", ""price"": ""2.390.000₫""}, ""product_color_3"": {""color"": ""Xanh lá"", ""image_url"": ""https://cellphones.com.vn/dien-thoai-infinix-hot-40i-8gb-256gb.html?product_id=77500"", ""price"": ""2.390.000₫""}, ""product_color_4"": {""color"": ""Xanh dương"", ""image_url"": ""https://cellphones.com.vn/dien-thoai-infinix-hot-40i-8gb-256gb.html?product_id=77499"", ""price"": ""2.390.000₫""}}"
Infinix Hot 30 8GB 256GB,infinix-hot-30,N/A,N/A,"Đặc điểm nổi bật của Infinix Hot 30 8GB 256GB
Infinix Hot 30 có màn hình lớn 6.78 inch, tần số quét lên đến 90 Hz, trang bị hệ điều hành Android 13, kết hợp chipset mạnh mẽ MediaTek Helio G88 8 nhân. Điện thoại trang bị cụm camera sau là 50 MP & 0.3 MP, mang đến màu sắc nguyên bản chi tiết hơn. Dung lượng bộ nhớ 8 GB+ 8GB RAM mở rộng , kết hợp với viên pin khủng 5000 mAh giúp tăng trải nghiệm khi sử dụng.
Nội dung chính
1. Ưu điểm nổi bật trên Infinix Hot 30
2. So sánh điện thoại Infinix Hot 30 với Infinix Hot 30i
3. Infinix Hot 30 - Thiết kế hiện đại, cấu hình mạnh mẽ
3.1. Cấu hình và điểm hiệu năng ấn tượng
3.2. Camera 50MP hỗ trợ chụp ảnh ấn tượng
3.3. Pin và khả năng sạc
3.4. Màn hình 6.78 inch với tấm nền IPS hiển thị tốt
3.5. Thiết kế độc đáo với nhiều lựa chọn màu sắc
4. Điện thoại Infinix Hot 30 khi nào ra mắt?
5. Infinix Hot 30 giá bao nhiêu?
6. Mua Infinix Hot 30 giá tốt, chính hãng tại CellphoneS
Ưu điểm nổi bật trên Infinix Hot 30
Điện thoại Infinix Hot 30 sở hữu những đặc điểm nổi bật vượt trội so với các sản phẩm cùng phân khúc, nổi bật phải kể đến như: 
Mặt lưng tựa kính: Trọng lượng nhẹ nhưng vẫn mang lại vẻ đẹp sang trọng như những mặt lưng kính
Bộ nhớ RAM 16GB (8GB + 8GB mở rộng): Thoải mái đa nhiệm nhiều tác vụ
Camera chụp siêu đêm: Hỗ trợ lưu trữ những bức hình chất lượng kể cả trong điều kiện thiếu sáng
So sánh điện thoại Infinix Hot 30 với Infinix Hot 30i
Infinix Hot 30 với 30i là hai mẫu điện thoại mới được Infinix trình làng. Vậy cụ thể 2 mẫu điện thoại này có điểm gì giống và khác, cùng tìm hiểu qua bảng so sánh sau:
Infinix Hot 30
Infinix Hot 30i
Màu sắc
Đen - Xanh - Trắng
Xanh - Đen - Trắng Tinh - Vàng
Trọng lượng
196g
191g
Màn hình
6,78 inch 90Hz
6.56-INCH 90Hz
CPU
Helio G88
Unisoc T606
GPU
ARM Mail-G52 MC2
ARM Mali-G57 MP1
RAM
8GB + 8GB mở rộng
4GB + 4GB mở rộng
ROM
256GB
128GB
Camera trước
8MP
8MP
Camera sau
Camera chụp đêm 50MP + AI
Camera 13 MP + AI
Dung lượng pin
5000mAh - Sạc nhanh 33W
5000mAh - Sạc nhanh 18W
Nhìn chung, điện thoại Infinix Hot 30 sở hữu một cấu hình vượt trội so với Infinix Hot 30i. Do đó nếu người dùng đang phân vân hai phiên bản điện thoại này có thể chọn ngay cho mình mẫu Infinix Hot 30. Tuy nhiên Infinix Hot 30i cũng lợi thế giá bán rẻ hơn cùng nhiều màu sắc lựa chọn hơn.
Infinix Hot 30 - Thiết kế hiện đại, cấu hình mạnh mẽ
Infinix Hot 30 là sản phẩm thông minh đáng chú ý với sự kết hợp hoàn hảo giữa tính năng và ngoại hình. Điện thoại mang đến trải nghiệm ấn tượng, nhanh tay đặt hàng để trở thành một trong số khách hàng đầu tiên sở hữu sản phẩm khi được tung ra trên thị trường.
Cấu hình và điểm hiệu năng ấn tượng
Với RAM 8GB và dung lượng lưu trữ 256GB, Infinix Hot 30 mang đến không gian lưu trữ vô tận và khả năng xử lý mạnh mẽ. Bạn có thể tận hưởng việc lưu trữ nhiều nội dung yêu thích và trải nghiệm mọi ứng dụng một cách mượt mà và không bị gián đoạn. Ngoài ra, máy còn trang bị hệ điều hành Android 13, kết hợp chipset mạnh mẽ MediaTek Helio G88 8 nhân mạnh mẽ.
Mediatek Helio G88 tuy không phải là một con chip mới tuy nhiên vẫn hỗ trợ mang lại một hiệu năng ổn định trên thiết bị. Theo đó, trong các bài test hiệu năng, Infinix Hot 30 cho tới 255683 điêm trên phần mềm Benchmark, trong đó có 1249 điểm đơn nhân và 424 điểm đa nhân. Nhờ đó, nếu sử dụng trong các tác vụ cơ bản như duyệt web, Facebook, Chrome, Tiktok, người dùng hoàn toàn có thể an tâm và trải nghiệm. 
Nếu sử dụng máy để chơi game, thiết bị sẽ hoạt động tốt ở các tựa game cấu hình trung bình như Liên quân Mobile. Nếu sử dụng máy chơi PUBG, người dùng cần cài đặt lại đồ họa ở mức thấp để có trải nghiệm chơi ổn định.
Infinix Hot 30 cung cấp nhiều tính năng hữu ích như hỗ trợ hai SIM với khe cắm nano SIM, kết nối Wifi Dual-band và Bluetooth để người dùng có thể kết nối với các thiết bị khác một cách dễ dàng. Bên cạnh đó, điện thoại cũng đi kèm với cổng kết nối/sạc USB Type-C 2.0 và jack tai nghe 3.5mm.
Camera 50MP hỗ trợ chụp ảnh ấn tượng
Về camera, Infinix Hot 30 được trang bị camera sau với độ phân giải chính lên đến 50 MP và camera phụ 0.3 MP. Điều này cho phép người dùng chụp ảnh sắc nét và chân thực, với khả năng tạo ra những bức ảnh chi tiết ngay cả trong điều kiện ánh sáng yếu.
Camera trước có độ phân giải 8 MP, phù hợp với chị em phụ nữ ưa thích chụp chân dung cùng bạn bè để khoe ngay lên mạng xã hội mà không cần chỉnh sửa quá nhiều. Điện thoại cũng hỗ trợ quay video Full HD, mang lại trải nghiệm xem video chất lượng cao.
Pin và khả năng sạc
Infinix Hot 30 có dung lượng pin lớn lên đến 5000 mAh, với viên pin khủng, giúp mang đến khả năng sử dụng lâu dài và không cần lo lắng về việc hết pin trong quá trình sử dụng hàng ngày. Người dùng có thể thoải mái thực hiện các hoạt động như gọi điện, lướt web, xem video và chơi game mà không cần phải sạc pin thường xuyên.
Hot 30 còn được hãng điện thoại Infinix trang bị công nghệ sạc nhanh, hỗ trợ sạc tối đa 33W. Điều này có nghĩa là người dùng có thể nạp lại năng lượng cho điện thoại nhanh chóng và tiết kiệm thời gian. Không còn lo lắng về việc điện thoại sẽ mất nhiều thời gian để sạc pin, người dùng có thể trải nghiệm một trải nghiệm sử dụng liền mạch và không bị gián đoạn. 
Loại pin được sử dụng trong Infinix Hot 30 là pin Li-Po, loại pin này được biết đến với hiệu suất cao, khả năng sạc nhanh và tuổi thọ lâu dài. Với công nghệ mới Li-Po, HOT 30 cung cấp một nguồn năng lượng ổn định và liên tục, đảm bảo người dùng có thể sử dụng điện thoại một cách mượt mà và không sợ vấn đề cháy nổ ảnh hưởng đến quá trình sử dụng.
Màn hình 6.78 inch với tấm nền IPS hiển thị tốt
Màn hình của Infinix Hot 30 là một điểm nhấn với công nghệ IPS LCD và kích thước rộng 6.78 inch. Độ phân giải Full HD+ (1080 x 2460 Pixels) cho phép hiển thị hình ảnh sắc nét đến từng chi tiết nhỏ trên màn hình.
Độ sáng tối đa lên đến 600 nits, cho phép người dùng dễ dàng đọc và sử dụng điện thoại ngay cả trong điều kiện ánh sáng mạnh. Màn hình rộng cũng là một lợi thế khi xem phim, chơi game và lướt web cả ngày dài,
Thiết kế độc đáo với nhiều lựa chọn màu sắc
Infinix Hot 30 có thiết kế thời thượng và hiện đại, với kích thước lý tưởng để dễ dàng mang theo bên mình. Sản phẩm có nhiều màu sắc khác nhau, bạn có thể dễ dàng chọn ra sản phẩm phù hợp với tính cách để sử dụng trong thời gian dài.  
Khối lượng của Infinix Hot 30 là khoảng 196g, mang đến cảm giác cầm nắm ổn định và chắc chắn. Điện thoại không quá nặng, giúp người dùng sử dụng trong thời gian dài mà không gặp mỏi tay. Khối lượng này cũng đảm bảo độ bền và chất lượng chắc chắn của sản phẩm.
Điện thoại Infinix Hot 30 khi nào ra mắt?
Infinix Hot 30 là sản phẩm nằm trong series Infinix Hot được Infinix trình làng vào tháng 4 năm 2023 vừa qua. Infinix Hot 30 được giới thiệu với ba phiên bản màu là xanh, trắng và đen.
Infinix Hot 30 giá bao nhiêu?
Hiện tại, Infinix Hot 30 phiên bản 8GB 256GB đang được kinh doanh tại CellphoneS với giá siêu rẻ chỉ từ 2.950.000đ. Có thể nói đây là chiếc điện thoại có cấu hình quá hời trong phân khúc điện thoại dưới 4 triệu trên thị trường hiện nay.
Sau khi chính thức được giới thiệu tại thị trường quốc tế, Infinix Hot 30 sẽ sớm được lên kệ chính hãng tại thị trường Việt Nam. Về giá bán, là sản phẩm nằm trong phân khúc giá rẻ, điện thoại Infinix Hot 30 sẽ được bán với giá dưới 4 triệu đồng. Đặc biệt, khi khách hàng mua trong thời gian mở bán đầu tiên sẽ được nhận thêm nhiều ưu đãi giá trị.
Mua Infinix Hot 30 giá tốt, chính hãng tại CellphoneS
Infinix Hot 30 có bán tại các cửa hàng của CellphoneS, giá tốt, chất lượng cao, với nhiều ưu đãi khác nhau từ phía của hàng. Nhanh tay đặt sản phẩm để trở thành một trong những người sở hữu sản phẩm ấn tượng từ Infinix. Bạn cũng có thể tham khảo thêm về cấu hình và giá bán của Infinix Hot 30i - phiên bản khác của dòng Infinix Hot.","{""Màn hình"": [{""name"": ""Kích thước màn hình"", ""value"": ""6.78 inches""}, {""name"": ""Công nghệ màn hình"", ""value"": ""IPS LCD""}, {""name"": ""Độ phân giải màn hình"", ""value"": ""1080x2460 pixels""}, {""name"": ""Tính năng màn hình"", ""value"": ""Tần số quét 90 Hz, độ sáng tối đa 600 nits, Tốc độ lấy mẫu cảm ứng 270Hz, Chế độ bảo vệ mắt, chống ánh sáng xanh""}, {""name"": ""Tần số quét"", ""value"": ""90Hz""}, {""name"": ""Kiểu màn hình"", ""value"": ""Đục lỗ (Nốt ruồi)""}, {""name"": ""Loại màn hình"", ""value"": ""Màn hình""}], ""Camera sau"": [{""name"": ""Camera sau"", ""value"": ""Camera góc rộng: 50 MP, f/1.6, AF\nCamera đo độ sâu: 0.03 MP""}, {""name"": ""Quay video"", ""value"": ""1440p@30fps, 1080p@30fps""}, {""name"": ""Tính năng camera"", ""value"": ""Đèn flash Quad-LED, HDR, toàn cảnh""}], ""Camera trước"": [{""name"": ""Camera trước"", ""value"": ""Camera góc rộng: 8 MP, f/2.5""}, {""name"": ""Quay video trước"", ""value"": ""1080p@30fps""}], ""Vi xử lý & đồ họa"": [{""name"": ""Chipset"", ""value"": ""Mediatek Helio G88 (12nm)""}, {""name"": ""GPU"", ""value"": ""Mali-G52 MC2""}], ""Giao tiếp & kết nối"": [{""name"": ""Công nghệ NFC"", ""value"": ""Không""}, {""name"": ""Thẻ SIM"", ""value"": ""2 SIM (Nano-SIM)""}, {""name"": ""Hồng ngoại"", ""value"": ""Không""}, {""name"": ""Jack tai nghe 3.5"", ""value"": ""Có""}, {""name"": ""Hỗ trợ mạng"", ""value"": ""4G""}], ""RAM & lưu trữ"": [{""name"": ""Dung lượng RAM"", ""value"": ""8GB + Mở rộng 8GB""}, {""name"": ""Bộ nhớ trong"", ""value"": ""256 GB""}, {""name"": ""Khe cắm thẻ nhớ"", ""value"": ""microSDXC""}], ""Pin & công nghệ sạc"": [{""name"": ""Pin"", ""value"": ""5.000 mAh""}, {""name"": ""Công nghệ sạc"", ""value"": ""Sạc nhanh 33W""}, {""name"": ""Cổng sạc"", ""value"": ""USB Type-C""}], ""Tính năng khác"": [{""name"": ""Hệ điều hành"", ""value"": ""Android 13""}], ""Bộ xử lý & Đồ họa"": [{""name"": ""Loại CPU"", ""value"": ""2x2.0 GHz Cortex-A75 & 6x1.8 GHz Cortex-A55""}], ""Kích thước & Trọng lượng"": [{""name"": ""Kích thước"", ""value"": ""168.7 x 76.6 x 8.4 mm""}, {""name"": ""Trọng lượng"", ""value"": ""196 g""}], ""Thiết kế & Trọng lượng"": [{""name"": ""Chất liệu mặt lưng"", ""value"": ""Nhựa""}, {""name"": ""Chất liệu khung viền"", ""value"": ""Nhựa""}], ""Tiện ích khác"": [{""name"": ""Cảm biến vân tay"", ""value"": ""Cảm biến vân tay cạnh bên""}, {""name"": ""Các loại cảm biến"", ""value"": ""Cảm biến gia tốc, Cảm biến tiệm cận, La bàn, Cảm biến áp kế""}, {""name"": ""Tính năng đặc biệt"", ""value"": ""Bảo mật vân tay, Nhận diện khuôn mặt""}], ""Cổng kết nối"": [{""name"": ""Wi-Fi"", ""value"": ""802.11 a/b/g/n/ac""}], ""Thông số khác"": [{""name"": ""Công nghệ âm thanh"", ""value"": ""Loa âm thanh nổi DTS""}], ""Thông tin chung"": [{""name"": ""Thời điểm ra mắt"", ""value"": ""03/2023""}]}","[""https://cdn2.cellphones.com.vn/x/media/catalog/product/i/n/infinix-hot-30_2_.jpg"", ""https://cdn2.cellphones.com.vn/x/media/catalog/product/i/n/infinix-hot-30.jpg"", ""https://cdn2.cellphones.com.vn/x/media/catalog/product/i/n/infinix-hot-30_1_.jpg""]","{""product_color_1"": {""color"": ""Xanh lá"", ""image_url"": ""https://cellphones.com.vn/infinix-hot-30.html?product_id=66831"", ""price"": ""3.990.000₫""}, ""product_color_2"": {""color"": ""Đen"", ""image_url"": ""https://cellphones.com.vn/infinix-hot-30.html?product_id=66829"", ""price"": ""3.990.000₫""}, ""product_color_3"": {""color"": ""Trắng"", ""image_url"": ""https://cellphones.com.vn/infinix-hot-30.html?product_id=66830"", ""price"": ""3.990.000₫""}}"
Infinix Hot 30i 4GB 128GB,infinix-hot-30i,2.790.000đ,1.890.000đ,"Đặc điểm nổi bật của Infinix Hot 30i 4GB 128GB
Infinix Hot 30i có màn hình lớn 6,6 inch, độ phân giải HD+ cùng tần số quét 90Hz mang lại ánh sáng chân thực và khả năng hiển thị rõ nét với độ sáng 480 nits. Bên cạnh đó, cụm camera vô cùng sắc nét, chân thật: camera sau 13 MP, camera trước 8 MP. Điện thoại trang bị con chip Unisoc T606 mạnh mẽ, và kết hợp với viên pin lên đến 5.000 mAh, đáp ứng nhu cầu của người dùng.
Nội dung chính
1. Infinix Hot 30i - thiết kế sang trọng, cấu hình ổn định
1.1. Thiết kế thanh lịch, hiện đại
1.2. Màn hình 6.6 inch sắc nét
1.3. Camera sống động, chân thực
1.4. Cấu hình mạnh mẽ, ổn định với bộ xử lí game Octa - core
1.5. Dung lượng pin khủng 5000 mAh, hỗ trợ sạc nhanh 18W
2. Giá Infinix Hot 30i bao nhiêu?
3. Infinix Hot 30i khi nào ra mắt?
4. Mua điện thoại Infinix Hot 30i ở đâu uy tín?
Infinix Hot 30i - thiết kế sang trọng, cấu hình ổn định
Infinix Hot 30i là sản phẩm smartphone đời mới của nhà Infinix, mẫu điện thoại Infinix này mang đến nhiều điểm cải tiến, nên được đánh giá cao từ phía khách hàng. Sản phẩm đem đến thiết kế hiện đại và hiệu suất ấn tượng, chắc chắn sẽ khiến người dùng hài lòng khi sử dụng.
Thiết kế thanh lịch, hiện đại
Điện thoại mang đến thiết kế sang trọng, pha một chút thanh lịch, các góc cạnh hoàn thiện chi tiết, tỉ mỉ trước khi ra mắt trên thị trường. Infinix Hot 30i gồm nhiều phiên bản màu sắc khác nhau, bạn có thể lựa chọn ra sản phẩm phù hợp với cá tính riêng của bản thân. Sản phẩm có bố trí nút âm lượng, nút nguồn logic, giúp bạn dễ dàng sử dụng thông qua các thao tác đơn giản trên màn hình. 
Màn hình 6.6 inch sắc nét
Infinix Hot 30i sở hữu màn hình IPS LCD, hiển thị rõ ràng, sắc nét, kích thước lên đến 6.6 inch, độ phân giải là 720 x 1612 pixel, kết hợp với tốc độ làm mới 90Hz. Infinix Hot 30i có trọng lượng khá nhẹ, người dùng có thể mang thiết bị thông minh từ nhà đến trường hay đến công sở, để nhằm phục vụ nhu cầu riêng. 
Camera sống động, chân thực
Infinix Hot 30i trang bị cụm camera chân thực, cụ thể là: camera sau mang độ phân giải lên đến 13MP, cho phép người dùng ghi lại những khoảnh khắc cùng với bạn bè, người thân. Ngoài ra, video quay lại qua thiết bị cũng mượt mà, không lo bị nhòe khi ghi hình.
Camera trước 8MP, sẽ thích hợp với khách hàng có niềm đam mê với nghệ thuật chụp ảnh chân dung, nhờ nhiều bộ lọc màu, mà bạn không cần phải chỉnh sửa qua nhiều app như trước đây. Nếu muốn tăng sáng có thể điều chỉnh kéo sáng để tạo ra bức ảnh ưng ý.
Cấu hình mạnh mẽ, ổn định với bộ xử lí game Octa - core
Infinix Hot 30i có con chipset Unisoc T606 mạnh mẽ, người có thể yên tâm sử dụng các tác vụ trên máy, mở nhiều tab mà không sợ xảy ra tình trạng giật lag hay khó chịu xảy ra. Ngoài ra, dung lượng RAM của điện thoại khá lớn, cho phép người dùng tải game nặng ký, hoặc nhiều ứng về để trải nghiệm mà vẫn còn chỗ trống.
Tính năng kết nối với các thiết bị khác thông qua Bluetooth như tai nghe, loa,… còn giúp nâng cao trải nghiệm cá nhân lên nhiều lần. Đồ họa của Infinix Hot 30i vô cùng ấn tượng, với hàng triệu màu sắc trên một khung hình, kết hợp âm thành giúp bạn thư giãn sau ngày dài làm việc mệt mỏi.
Dung lượng pin khủng 5000 mAh, hỗ trợ sạc nhanh 18W
Viên pin của Infinix Hot 30i lên đến 5.000 mAh, được nâng cấp hơn so với bản tiền nhiệm trước đó, người dùng có thể chiến game, lướt web cả ngày dài. Khi đã sử dụng gần cạn pin,bạn chỉ cần nhanh chóng nạp đầy thông qua củ sạc đi kèm khi mua máy.
Giá Infinix Hot 30i bao nhiêu?
Infinix Hot 30i có giá khởi điểm cho phiên bản 128GB bộ nhớ trong 2.790.000 VNĐ, tại thị trường mỗi nước sẽ có mức giá chênh lệch khác nhau. Sản phẩm này thuộc phân khúc giá rẻ, chất lượng tốt, chỉ cần bỏ ra số tiền nhỏ là bạn có thể sở hữu sản phẩm từ nhà Infinix.
Điện thoại từ trước khi ra mắt đã có số lượng đặt hàng cho thất được sự quan tâm từ phía người tiêu dùng đối với dòng sản phẩm đời mới này, nhanh chóng mua sản phẩm tại nơi uy tín để thay cho thiết bị thông minh đang sử dụng.
Infinix Hot 30i khi nào ra mắt?
Vào thời điểm 27/3 vừa qua, Infinix Hot 30i đã trình làng trên thị trường công nghệ, với những thông số ấn tượng từ chức năng đến giao diện, xứng đáng với khoản tiền mà khách hàng bỏ ra. Sau khi ra mắt, điện thoại đã khiến nhiều khách hàng hài lòng và đánh giá cao bởi sự cải tiến và hoàn thiện từ phía nhà sản xuất.
Mua điện thoại Infinix Hot 30i ở đâu uy tín?
Infinix Hot 30i có bán tại CellphoneS, giá rẻ, chất lượng cao, nhân viên có thái độ phục vụ chuyên nghiệp, tận tình. Bạn có thể đặt hàng bằng hai hình thức: mua trực tiếp tại CellphoneS hay đặt trực tuyến tại kênh chính thức của cửa hàng.
Bên cạnh phiên bản RAM 4+4GB, còn có phiên bản Hot 30I 8GB 128GB (RAM mở rộng thêm 8GB). Mời bạn tham khảo ngay nhé!","{""Màn hình"": [{""name"": ""Kích thước màn hình"", ""value"": ""6.56 inches""}, {""name"": ""Công nghệ màn hình"", ""value"": ""IPS LCD""}, {""name"": ""Độ phân giải màn hình"", ""value"": ""720 x 1612 (HD+)""}, {""name"": ""Tính năng màn hình"", ""value"": ""Tần số quét 90 Hz, Độ sáng tối đa 500 nits""}, {""name"": ""Tần số quét"", ""value"": ""90Hz""}, {""name"": ""Kiểu màn hình"", ""value"": ""Giọt nước""}], ""Camera sau"": [{""name"": ""Camera sau"", ""value"": ""13 MP, f/1.85 và Ống kính Bokeh AI""}, {""name"": ""Quay video"", ""value"": ""1080p@30fps""}], ""Camera trước"": [{""name"": ""Camera trước"", ""value"": ""8 MP, f/2.0""}, {""name"": ""Quay video trước"", ""value"": ""1080p@30fps""}], ""Vi xử lý & đồ họa"": [{""name"": ""Chipset"", ""value"": ""Unisoc T606""}, {""name"": ""GPU"", ""value"": ""ARM Mali-G57 MP1""}], ""Giao tiếp & kết nối"": [{""name"": ""Công nghệ NFC"", ""value"": ""Không""}, {""name"": ""Thẻ SIM"", ""value"": ""2 SIM (Nano-SIM)""}, {""name"": ""Jack tai nghe 3.5"", ""value"": ""Có""}, {""name"": ""Hỗ trợ mạng"", ""value"": ""4G""}], ""RAM & lưu trữ"": [{""name"": ""Dung lượng RAM"", ""value"": ""4GB + Mở rộng 4GB""}, {""name"": ""Bộ nhớ trong"", ""value"": ""128 GB""}, {""name"": ""Khe cắm thẻ nhớ"", ""value"": ""Micro SD""}], ""Pin & công nghệ sạc"": [{""name"": ""Pin"", ""value"": ""5.000 mAh""}, {""name"": ""Công nghệ sạc"", ""value"": ""Sạc nhanh 18 W\nCông nghệ tiết kiệm pin: POWER MARATHON""}, {""name"": ""Cổng sạc"", ""value"": ""USB Type-C""}], ""Tính năng khác"": [{""name"": ""Hệ điều hành"", ""value"": ""Android 12""}], ""Bộ xử lý & Đồ họa"": [{""name"": ""Loại CPU"", ""value"": ""Octa-core CPU, UP TO 1.6GHz""}], ""Kích thước & Trọng lượng"": [{""name"": ""Kích thước"", ""value"": ""164*75.75*8.4mm""}, {""name"": ""Trọng lượng"", ""value"": ""191g""}], ""Tiện ích khác"": [{""name"": ""Cảm biến vân tay"", ""value"": ""Cảm biến vân tay cạnh bên""}, {""name"": ""Các loại cảm biến"", ""value"": ""Cảm biến tiệm cận, Cảm biến ánh sáng, La bàn, Con quay hồi chuyển, Cảm biến trọng lực""}, {""name"": ""Tính năng đặc biệt"", ""value"": ""Bảo mật vân tay, Nhận diện khuôn mặt""}], ""Cổng kết nối"": [{""name"": ""Wi-Fi"", ""value"": ""IEEE 802.11 ac/a/b/g/n(2.4G/5G)""}, {""name"": ""Bluetooth"", ""value"": ""Có""}], ""Thông tin chung"": [{""name"": ""Thời điểm ra mắt"", ""value"": ""06/2023""}]}","[""https://cdn2.cellphones.com.vn/x/media/catalog/product/i/n/infinix-1111.png"", ""https://cdn2.cellphones.com.vn/x/media/catalog/product/i/n/infinix-6.png"", ""https://cdn2.cellphones.com.vn/x/media/catalog/product/i/n/infinix-5_1_2.png""]","{""product_color_1"": {""color"": ""Vàng (mặt lưng da)"", ""image_url"": ""https://cellphones.com.vn/infinix-hot-30i.html?product_id=65787"", ""price"": ""1.890.000₫""}, ""product_color_2"": {""color"": ""Trắng"", ""image_url"": ""https://cellphones.com.vn/infinix-hot-30i.html?product_id=64585"", ""price"": ""1.890.000₫""}, ""product_color_3"": {""color"": ""Đen"", ""image_url"": ""https://cellphones.com.vn/infinix-hot-30i.html?product_id=64583"", ""price"": ""1.890.000₫""}, ""product_color_4"": {""color"": ""Xanh dương"", ""image_url"": ""https://cellphones.com.vn/infinix-hot-30i.html?product_id=64586"", ""price"": ""1.890.000₫""}}"
Infinix Note 30 5G 8GB 256GB,infinix-note-30-5g,N/A,N/A,"Đặc điểm nổi bật của Infinix Note 30 5G 8GB 256GB
Infinix NOTE 30 5G được trang bị mặt lưng kính nhám sang trọng cùng với đó là màn hình IPS LTPS kích thước 6.7 inch mang lại khả năng hiển thị vượt trội. Về cấu hình, điện thoại được trang bị con chip Mediatek Dimensity 6080 được sản xuất trên tiến trình 6nm với bộ nhớ RAM 8GB mang lại khả năng hoạt động ổn định, có thể mở rộng thêm 8GB RAM ảo. Điện thoại còn sở hữu cụm camera với ống kính chính 108MP cùng với camera phụ 2MP hỗ trợ AI.
Nội dung chính
1. Mua điện thoại Infinix Note 30 5G từ 20.10 - 29.10 nhận nhiều ưu đãi hấp dẫn
2. Vì sao nên chọn mua Infinix Note 30 5G?
3. Infinix Note 30 5G – Thiết kế bắt mắt, hiệu năng ổn định
3.1. Cấu hình ổn định với con chip 6nm - Mediatek Dimensity 6080
3.2. Camera ổn định với ống kính 108 MP
3.3. Pin 5000 mAh cùng sạc nhanh 45W tiện lợi
3.4. Màn hình IPS LTPS kích thước 6.7 inch
3.5. Thiết kế vuông vức sang trọng, màu sắc độc đáo
4. Điện thoại Infinix Note 30 5G khi nào ra mắt?
5. Infinix Note 30 5G giá bán bao nhiêu tiền?
6. Mua Infinix Note 30 5G uy tín chính hãng – giá bán ưu đãi tại CellphoneS
Mua điện thoại Infinix Note 30 5G từ 20.10 - 29.10 nhận nhiều ưu đãi hấp dẫn
Khi khách hàng mua điện thoại Infinix Note 30 5G tại CellphoneS trong thời gian từ 20-10 đến 29-10 năm 2023 sẽ nhận được nhiều ưu đãi giảm giá mua hàng hấp dẫn:
- Giảm thêm vào giá mua hàng 300.000 đồng
- Mua trả góp lãi suất 0%
- Thu cũ lên đời, trợ giá lên tới 1 triệu đồng
- Ưu đãi thanh toán Kredivo, giảm thêm tối đa 200.000 đồng
Vì sao nên chọn mua Infinix Note 30 5G?
Điện thoại Infinix Note 30 5G ở hữu cấu hình nổi bật so với các sản phẩm trong phân khúc, nổi bật như:
- Pin dung lượng 5000 mAh, hỗ trợ sạc nhanh 45W và sạc ngược thông minh: Mang lại thời gian sử dụng lâu và bổ sung năng lượng nhanh chóng
- Chip Mediatek Dimensity 6080 5G - RAM 16GB: Thoải mái chơi game, đa nhiệm ổn định
- Thiết kế mỏng nhẹ, màu sắc độc đáo: Cầm nắm chắc chắn
- Camera 108MP, video kép: Hỗ trợ chụp ảnh chất lượng cao, quay phim độc đáo
Infinix Note 30 5G – Thiết kế bắt mắt, hiệu năng ổn định
Điện thoại Infinix Note 30 5G là mẫu điện thoại thông minh sở hữu thiết kế ấn tượng cùng với đó là hiệu năng vượt trội. Sản phẩm điện thoại Infinix với hiệu năng có thể đáp ứng tốt được mọi nhu cầu sử dụng của người dùng.
Cấu hình ổn định với con chip 6nm - Mediatek Dimensity 6080
Điện thoại được trang bị một cấu hình ổn định trong tầm giá với con chip Mediatek Dimensity 6080, con chip được sản xuất trên tiến trình 6nm. Cùng với đó máy được trang bị bộ nhớ RAM 8GB cùng với đó là khả năng mở rộng RAM ảo tới 8GB RAM. Với cấu hình này, thiết bị mang lại khả năng hoạt động ổn định và đa nhiệm mượt mà.
Cụ thể, trong các bài test hiệu năng, điện thoại mang lại 2,084 điểm đa nhân và 752 điểm đơn nhân trên phần mềm GeekBench 6. Máy có thể chơi tốt được các tựa game phổ biến hiện nay như PUBG Mobile, Liên quân ở mức cấu hình phù hợp.
Camera ổn định với ống kính 108 MP
Infinix Note 30 5G được trang bị cụm camera chất lượng với ống kính 108MP ấn tượng. Cùng với đó, điện thoại còn được sự hỗ trợ của camera AI và cảm biến 2MP hỗ trợ đo độ sâu. Cụm camera chất lượng này mang lại khả năng chụp đa dạng với nhiều chế độ chụp hình khác nhau.
Pin 5000 mAh cùng sạc nhanh 45W tiện lợi
Về dung lượng pin, điện thoại được trang bị viên pin dung lượng lớn tới 5000 mAh. Mức dung lượng trên thiết bị mang lại thời gian sử dụng vượt trội. Cùng với đó, điện thoại còn được trang bị công suất sạc lên tới 45W nhờ đó có thể rút ngắn được đáng kể thời gian sạc.
Màn hình IPS LTPS kích thước 6.7 inch
Điện thoại Infinix Note 30 5G được trang bị màn hình kích thước 6.7 inch với công nghệ màn hình IPS LTPS. Màn hình với độ phân giải FHD cùng dải màu rộng DCI-P3 mang lại khả năng hiển thị vượt trội. Đặc biệt, màn hình với kích thước lớn nhờ đó người dùng có thể sử dụng tác vụ chia đôi màn hình để sử dụng cùng lúc 2 ứng dụng vô cùng tiện lợi.
Màn hình trên Infinix Note 30 5G được trang bị dộ sáng cao tới 580 nít nhờ đó mang lại khả năng hiển thị rõ nét. Nhờ đó kể cả dưới trời nắng, thiết bị vẫn mang lại khả năng hiển thị rõ nét.
Thiết kế vuông vức sang trọng, màu sắc độc đáo
Infinix Note 30 5G nổi bật với thiết kế nam tính vuông vức cùng khung viền cạnh phẳng sang trọng. Mặt lưng thiết bị được hoàn thiện từ kính mờ hỗ trợ chống bám mồ hôi và vân tay hiệu quả. Bốn góc trên thiết bị được bo cong nhẹ nhờ đó mang lại trải nghiệm cầm nắm chắc chắn. Các chi tiết trên thiết bị như cạnh viền, nút bấm được hoàn thiện đồng màu với mặt lưng mang lại một tổng thể hài hòa.
Về màu sắc, máy sẽ có ba lựa chọn màu sắc khác nhau cho người dùng lựa chọn là đen, xanh và cam. Với nhiều màu sắc, người dùng có thể lựa chọn được màu sắc phù hợp với sở thích.
Điện thoại Infinix Note 30 5G khi nào ra mắt?
Điện thoại Infinix Note 30 5G đã chính thức được hãng giới thiệu đến với người tiêu dùng vào cuối tháng 8 năm 2023 vừa qua. Khi ra mắt với cấu hình nổi bật cùng giá bán ưu đãi, sản phẩm đáp ứng được nhiều nhu cầu sử dụng khác nhau của người dùng.
Infinix Note 30 5G giá bán bao nhiêu tiền?
Là một sản phẩm nằm trong phân khúc giá rẻ - tầm trung, điện thoại Infinix Note 30 5G được lên kệ tại thị trường Ấn Độ với giá 17,990 Rupee Ấn Độ. Khi máy lên kệ chính hãng tại hệ thống bán lẻ Việt Nam có thể rơi vào khoảng gần 5 triệu đồng.
Mua Infinix Note 30 5G uy tín chính hãng – giá bán ưu đãi tại CellphoneS
Điện thoại Infinix Note 30 5G với cấu hình vượt trội cùng thiết kế bắt mắt. Nếu quan tâm đến sản phẩm điện thoại thông minh này nhưng chưa tìm được địa điểm mua hàng uy tín thì hãy đến với CellphoneS để trải nghiệm và mua ngay với giá bán ưu đãi.","{""Màn hình"": [{""name"": ""Kích thước màn hình"", ""value"": ""6.78 inches""}, {""name"": ""Công nghệ màn hình"", ""value"": ""IPS LCD""}, {""name"": ""Độ phân giải màn hình"", ""value"": ""1080x2460 pixels""}, {""name"": ""Tính năng màn hình"", ""value"": ""Tần số quét 120Hz, 580 nits""}], ""Camera sau"": [{""name"": ""Camera sau"", ""value"": ""108MP+ 2MP+AI CAM""}, {""name"": ""Tính năng camera"", ""value"": ""Video ngắn, làm đẹp, siêu chụp đêm, chân dung, chuyển động chậm, Time-lapse, AR Shot""}], ""Camera trước"": [{""name"": ""Camera trước"", ""value"": ""16MP, F2.0""}, {""name"": ""Quay video trước"", ""value"": ""2K 30FPS/1080P 60FPS/1080P\n30FPS/720P 30FPS""}], ""Vi xử lý & đồ họa"": [{""name"": ""Chipset"", ""value"": ""MediaTek Dimensity 6080""}, {""name"": ""GPU"", ""value"": ""Mali-G57 MC2""}], ""Giao tiếp & kết nối"": [{""name"": ""Công nghệ NFC"", ""value"": ""Có""}, {""name"": ""Thẻ SIM"", ""value"": ""2 SIM (Nano-SIM)""}, {""name"": ""Hồng ngoại"", ""value"": ""Không""}, {""name"": ""Jack tai nghe 3.5"", ""value"": ""Có""}, {""name"": ""Hỗ trợ mạng"", ""value"": ""5G""}, {""name"": ""GPS"", ""value"": ""Có""}], ""RAM & lưu trữ"": [{""name"": ""Dung lượng RAM"", ""value"": ""8GB + Mở rộng 8GB""}, {""name"": ""Bộ nhớ trong"", ""value"": ""256 GB""}, {""name"": ""Khe cắm thẻ nhớ"", ""value"": ""micro SD""}], ""Pin & công nghệ sạc"": [{""name"": ""Pin"", ""value"": ""5.000 mAh""}, {""name"": ""Công nghệ sạc"", ""value"": ""Sạc nhanh 45W""}, {""name"": ""Cổng sạc"", ""value"": ""USB Type-C""}], ""Tính năng khác"": [{""name"": ""Hệ điều hành"", ""value"": ""Android 13""}], ""Bộ xử lý & Đồ họa"": [{""name"": ""Loại CPU"", ""value"": ""Octa-core (2x2.2 GHz Cortex-A76 & 6x2.0 GHz Cortex-A55)""}], ""Kích thước & Trọng lượng"": [{""name"": ""Kích thước"", ""value"": ""168.62x76.6x8.58mm (Bản lưng kính)\n168.62x76.6x8.60mm (Bản lưng da)""}, {""name"": ""Trọng lượng"", ""value"": ""219g""}], ""Thiết kế & Trọng lượng"": [{""name"": ""Chất liệu khung viền"", ""value"": ""Nhựa""}], ""Thông số khác"": [{""name"": ""Chỉ số kháng nước, bụi"", ""value"": ""IP53""}, {""name"": ""Công nghệ âm thanh"", ""value"": ""Loa kép bởi JBL""}], ""Tiện ích khác"": [{""name"": ""Cảm biến vân tay"", ""value"": ""Cảm biến vân tay cạnh bên""}, {""name"": ""Các loại cảm biến"", ""value"": ""Cảm biến tiệm cận, Cảm biến ánh sáng, Con quay hồi chuyển, Cảm biến trọng lực""}], ""Cổng kết nối"": [{""name"": ""Wi-Fi"", ""value"": ""IEEE 802.11 ac/a/b/g/n(2.4G/5G)""}, {""name"": ""Bluetooth"", ""value"": ""v5.0""}], ""Thông tin chung"": [{""name"": ""Thời điểm ra mắt"", ""value"": ""8/2023""}]}","[""https://cdn2.cellphones.com.vn/x/media/catalog/product/i/n/infinix_note_30_-_1_2.png"", ""https://cdn2.cellphones.com.vn/x/media/catalog/product/i/n/infinix_note_30_-_2_2.png"", ""https://cdn2.cellphones.com.vn/x/media/catalog/product/i/n/infinix_note_30_-_3_2.png""]","{""product_color_1"": {""color"": ""Xanh dương"", ""image_url"": ""https://cellphones.com.vn/infinix-note-30-5g.html?product_id=70738"", ""price"": ""5.290.000₫""}, ""product_color_2"": {""color"": ""Đen"", ""image_url"": ""https://cellphones.com.vn/infinix-note-30-5g.html?product_id=70737"", ""price"": ""5.290.000₫""}, ""product_color_3"": {""color"": ""Cam"", ""image_url"": ""https://cellphones.com.vn/infinix-note-30-5g.html?product_id=70736"", ""price"": ""5.290.000₫""}}"
Infinix Hot 30i 8GB 128GB,infinix-hot-30i-8gb-128gb,3.290.000đ,2.090.000đ,"Đặc điểm nổi bật của Infinix Hot 30i 8GB 128GB
Infinix Hot 30i 8GB 128GB được trang bị cấu hình với con chip Unisoc T606 được sản xuất trên tiến trình 12nm cùng với bộ nhớ RAM 8GB cùng dung lượng bộ nhớ trong 128GB . Bên cạnh đó, điện thoại còn được trang bị card đồ họa Mali-G57 MP1. Điện thoại Infinix Hot 30i sẽ sở hữu màn hình HD+ cùng tần số quét 90Hz.
Nội dung chính
1. Đặc điểm nổi bật trên Infinix Hot 30i 8GB 128GB so với các sản phẩm cùng phân khúc
2. Infinix Hot 30i 8GB 128GB - Thiết kế tinh tế, khả năng đa nhiệm mượt mà
2.1. Hoạt động đa nhiệm mượt mà với 8GB RAM
2.2. Camera lưu lại trọn vẹn mọi khoảnh khắc
2.3. Viên pin lớn 5000 mAh - tích hợp công nghệ sạc nhanh
2.4. Tăng cường trải nghiệm hiển thị với màn hình 90Hz
2.5. Thiết kế tối giản, hiện đại - Phù hợp nhiều người dùng
3. Infinix Hot 30i 8GB 128GB khi nào ra mắt?
4. Giá Infinix Hot 30i 8GB 128GB bao nhiêu?
5. Mua Infinix Hot 30i 8GB 128GB giá tốt, chính hãng tại CellphoneS
Đặc điểm nổi bật trên Infinix Hot 30i 8GB 128GB so với các sản phẩm cùng phân khúc
Với khoảng giá 3 triệu đồng, điện thoại Infinix Hot 30i 8GB 128GB có gì nổi bật so với các sản phẩm khác trong cùng phân khúc:
Pin dung lượng 5000 mAH - Sạc nhanh công suất18W: Thoải mái sử dụng cả ngày dài
Màn hình 6.6 inch HD+: Trải nghiệm màn hình với ánh sáng chân thực
RAM 8GB + 8GB RAM ảo: Đa nhiệm ổn định, thoải mái sử dụng nhiều tác vụ
Vân tay cạnh bên: Mở khóa nhanh chóng và chính xác
Infinix Hot 30i 8GB 128GB - Thiết kế tinh tế, khả năng đa nhiệm mượt mà
Infinix Hot 30i 8GB 128GB là mẫu điện thoại Infinix giá rẻ ấn tượng khi không chỉ sở hữu một vẻ ngoài tinh tế mà còn đồng thời có được một khả năng hoạt động đa nhiệm mượt mà để đáp ứng tốt nhu cầu giải trí của đa phần người dùng phổ thông. Cùng tìm hiểu thêm về chiếc điện thoại Infinix Hot 30i trong bài viết này với CellphoneS nhé!
Hoạt động đa nhiệm mượt mà với 8GB RAM
Infinix Hot 30i 8GB 128GB có thể coi là một tiêu chuẩn mới trong phân khúc điện thoại giá rẻ. Bởi mẫu điện thoại này sở hữu con chip Unisoc T606 với khả năng mang tới một hiệu năng ổn định với các tác vụ văn phòng, giải trí cơ bản cho tới chơi game nâng cao.
Infinix Hot 30i còn được trang bị dung lượng RAM khủng lên tới 8GB để mở cùng lúc nhiều ứng dụng, lướt web với nhiều tab hay chơi game nặng đều có được trải nghiệm mượt mà nhất. Với 8GB RAM, điện thoại Infinix Hot 30i sẽ là mẫu điện thoại sở hữu khả năng hoạt động mượt mà không có đối thủ trong phân khúc giá rẻ.
Khi chấm điểm hiệu năng Infinix Hot 30i trên các phần mềm chuyên dụng, điện thoại cho ra con số khá ấn tượng. Cụ thể, Infinix Hot 30i đạt 250,945 điểm trên Antutu Benchmark, 1,247 điểm đa nhân và 369 điểm đơn nhân trên Geekbench 5. Khi test trên PCmark máy cho kết quả 6,887 điểm.
Dung lượng bộ nhớ trong 128GB sẽ mang tới một không gian lưu trữ đủ lớn để người dùng thoải mái cài đặt ứng dụng, lưu trữ thông tin. Tính năng kết nối bluetooth 5.0 sẽ giúp điện thoại có thể kết hợp sử dụng cùng các thiết bị không dây khác như loa, tai nghe,...với độ ổn định cao, từ đó nâng cao trải nghiệm cá nhân lên gấp nhiều lần.
Camera lưu lại trọn vẹn mọi khoảnh khắc
Mặc dù là một thiết bị thuộc phân khúc giá rẻ nhưng Infinix Hot 30i 8GB 128GB vẫn được trang bị hệ thống camera có chất lượng tương đối tốt. Cụ thể thì ở mặt lưng, điện thoại Infinix Hot 30i sẽ sở hữu bộ đôi camera góc rộng 13MP và camera xoá phông AI 0.08MP để bạn có thể lưu lại trọn vẹn mọi khoảnh khắc đáng nhớ trong đời sống hàng ngày.
Ở mặt trước, Infinix đã trang bị cho điện thoại một camera 8MP giúp đáp ứng tốt nhu cầu chụp ảnh selfie và gọi video của người dùng. Đi kèm với điện thoại sẽ là các bộ lọc màu để bạn có thể sử dụng trực tiếp mà không cần tới sự trợ giúp của các ứng dụng chỉnh sửa.
Viên pin lớn 5000 mAh - tích hợp công nghệ sạc nhanh
So với phiên bản tiền nhiệm, Infinix Hot 30i 8GB 128GB có sự nâng cấp đáng kể về thời lượng sử dụng. Cụ thể, điện thoại Infinix Hot 30i sở hữu viên pin lớn hơn ở mức 5000mAh. Nhờ vậy mà người dùng sẽ không còn cần quá lo lắng về vấn đề điện thoại tụt pin nhanh, gây ảnh hưởng tới trải nghiệm sử dụng.
Thậm chí ngay cả thời gian cho việc chờ đợi sạc đầy pin của Infinix Hot 30i cũng đã được rút ngắn đi. Bởi Infinix đã tích hợp kèm điện thoại bộ sạc có công suất 18W để việc sạc viên pin dung lượng lớn diễn ra nhanh chóng hơn.
Tăng cường trải nghiệm hiển thị với màn hình 90Hz
Một trong những cải tiến lớn nhất nhằm tăng trải nghiệm giải trí của người dùng đó là màn hình. Giống như đa số các mẫu điện thoại khác thuộc phân khúc này, Infinix Hot 30i 8GB 128GB được trang bị màn hình IPS LCD có kích thước 6,56 inch và độ phân giải HD+ với khả năng hiển thị chi tiết, rõ nét.
Tuy nhiên khác với các mẫu điện thoại giá rẻ khác, Infinix Hot 30i lại được trang bị tần số quét cao hơn, ở mức 90Hz, ngang với các thiết bị thuộc phân khúc tầm trung để mang tới trải nghiệm hiển thị mượt mà hơn. 
Thiết kế tối giản, hiện đại - Phù hợp nhiều người dùng
Infinix Hot 30i 8GB 128GB sở hữu một diện mạo toát lên sự cao cấp với các đường nét được hoàn thiện vô cùng chỉn chu từ các góc cạnh, nút bấm vật lý, khe loa,...Trên mẫu điện thoại này, Infinix tập trung vào sự tối giản để toát lên được sự tinh tế và phù hợp với thị hiếu chung của người dùng.
Cụm camera sau cũng đi theo xu hướng tối giản khi các ống kính, đèn flash được thu gọn vào các module tròn, nhỏ thay vì các module lớn, chiếm trọn một góc điện thoại như trước đây. Ở mặt trước, Infinix vẫn tiếp tục sử dụng màn hình notch giọt nước cho điện thoại, Tuy nhiên hai cạnh bên đã được làm mỏng đi để tăng tính thẩm mỹ cho thiết bị.
Infinix Hot 30i 8GB 128GB khi nào ra mắt?
Điện thoại Infinix Hot 30i 8GB 128GB đã được chính thức ra mắt thị trường vào cuối tháng 3 năm nay. Trong sự kiện ra mắt, tất cả các thông số cấu hình, công nghệ, giao diện, thiết kế và giá bán của Infinix Hot 30i đều đã được công bố tới người dùng.
Infinix Hot 30i được giới thiệu với tổng cộng 4 tuỳ chọn màu sắc là Vàng, Đen, Trắng và Xanh Dương để cho người dùng lựa chọn. Hiện tại, sản phẩm đã được bán chính thức tại CelllphoneS với đầy đủ các phiên bản để bạn tới trải nghiệm.
Giá Infinix Hot 30i 8GB 128GB bao nhiêu?
Infinix Hot 30i 8GB 128GB tại CellphoneS hiện đang có giá bán ở mức 3,290,000 đồng. Sản phẩm hiện còn đang có đầy đủ các phiên bản màu sắc để người dùng có lựa chọn được sản phẩm ứng ý nhất với sở thích của bản thân.
Với thiết kế hiện đại, cao cấp cùng hiệu năng ổn định, khả năng hoạt động đa nhiệm mạnh mẽ, mượt mà, Infinix Hot 30i sẽ là mẫu điện thoại rất đáng để lựa chọn trong phân khúc giá rẻ giữa các sản phẩm như Tecno Spark 10, Nokia G22, Xiaomi POCO M5, Vivo Y02t, Xiaomi Redmi 10C,...
Mua Infinix Hot 30i 8GB 128GB giá tốt, chính hãng tại CellphoneS
Điện thoại Infinix Hot 30i 8GB 128GB hiện đã có mặt tại mọi chi nhánh CellphoneS với đầy đủ các phiên bản màu sắc để bạn có thể lựa chọn được sản phẩm ưng ý nhất. Tại CellphoneS còn có rất nhiều chương trình giảm giá, ưu đãi tới từ đối tác, chiết khấu cho thành viên,...để bạn có thể mua được chiếc điện thoại Infinix Hot 30i với giá tốt nhất.","{""Màn hình"": [{""name"": ""Kích thước màn hình"", ""value"": ""6.6 inches""}, {""name"": ""Công nghệ màn hình"", ""value"": ""IPS LCD""}, {""name"": ""Độ phân giải màn hình"", ""value"": ""720 x 1612 (HD+)""}, {""name"": ""Tính năng màn hình"", ""value"": ""Tần số quét 90 Hz, Độ sáng tối đa 500 nits""}, {""name"": ""Tần số quét"", ""value"": ""90Hz""}, {""name"": ""Kiểu màn hình"", ""value"": ""Giọt nước""}], ""Camera sau"": [{""name"": ""Camera sau"", ""value"": ""13 MP, f/1.85 và Ống kính Bokeh AI""}], ""Camera trước"": [{""name"": ""Camera trước"", ""value"": ""8 MP, f/2.0""}], ""Vi xử lý & đồ họa"": [{""name"": ""Chipset"", ""value"": ""Unisoc T606""}, {""name"": ""GPU"", ""value"": ""ARM Mali-G57 MP1""}], ""Giao tiếp & kết nối"": [{""name"": ""Công nghệ NFC"", ""value"": ""Không""}, {""name"": ""Thẻ SIM"", ""value"": ""2 SIM (Nano-SIM)""}, {""name"": ""Jack tai nghe 3.5"", ""value"": ""Có""}, {""name"": ""Hỗ trợ mạng"", ""value"": ""4G""}], ""RAM & lưu trữ"": [{""name"": ""Dung lượng RAM"", ""value"": ""8GB + Mở rộng 8GB""}, {""name"": ""Bộ nhớ trong"", ""value"": ""128 GB""}, {""name"": ""Khe cắm thẻ nhớ"", ""value"": ""Micro SD""}], ""Pin & công nghệ sạc"": [{""name"": ""Pin"", ""value"": ""5.000 mAh""}, {""name"": ""Công nghệ sạc"", ""value"": ""Sạc nhanh 18 W\nCông nghệ tiết kiệm pin: POWER MARATHON""}, {""name"": ""Cổng sạc"", ""value"": ""USB Type-C""}], ""Tính năng khác"": [{""name"": ""Hệ điều hành"", ""value"": ""Android 12""}], ""Bộ xử lý & Đồ họa"": [{""name"": ""Loại CPU"", ""value"": ""Octa-core CPU, UP TO 1.6GHz""}], ""Kích thước & Trọng lượng"": [{""name"": ""Kích thước"", ""value"": ""164*75.75*8.4mm""}, {""name"": ""Trọng lượng"", ""value"": ""191g""}], ""Tiện ích khác"": [{""name"": ""Cảm biến vân tay"", ""value"": ""Cảm biến vân tay cạnh bên""}, {""name"": ""Các loại cảm biến"", ""value"": ""Cảm biến tiệm cận, Cảm biến ánh sáng, La bàn, Con quay hồi chuyển, Cảm biến trọng lực""}, {""name"": ""Tính năng đặc biệt"", ""value"": ""Bảo mật vân tay""}], ""Cổng kết nối"": [{""name"": ""Wi-Fi"", ""value"": ""IEEE 802.11 ac/a/b/g/n(2.4G/5G)""}, {""name"": ""Bluetooth"", ""value"": ""Có""}], ""Thông tin chung"": [{""name"": ""Thời điểm ra mắt"", ""value"": ""08/2023""}]}","[""https://cdn2.cellphones.com.vn/x/media/catalog/product/i/n/infinix-11211.png"", ""https://cdn2.cellphones.com.vn/x/media/catalog/product/i/n/infinix-5_1_3.png"", ""https://cdn2.cellphones.com.vn/x/media/catalog/product/i/n/infinix-6_2.png""]","{""product_color_1"": {""color"": ""Vàng"", ""image_url"": ""https://cellphones.com.vn/infinix-hot-30i-8gb-128gb.html?product_id=66835"", ""price"": ""2.090.000₫""}, ""product_color_2"": {""color"": ""Đen"", ""image_url"": ""https://cellphones.com.vn/infinix-hot-30i-8gb-128gb.html?product_id=66833"", ""price"": ""2.090.000₫""}, ""product_color_3"": {""color"": ""Xanh dương"", ""image_url"": ""https://cellphones.com.vn/infinix-hot-30i-8gb-128gb.html?product_id=66836"", ""price"": ""2.090.000₫""}, ""product_color_4"": {""color"": ""Trắng"", ""image_url"": ""https://cellphones.com.vn/infinix-hot-30i-8gb-128gb.html?product_id=66834"", ""price"": ""2.090.000₫""}}"
Infinix Smart 9 3GB 64GB,dien-thoai-infinix-smart-9,N/A,N/A,"Đặc điểm nổi bật của Infinix Smart 9 3GB 64GB
Điện thoại Infinix Smart 9 là sự kết hợp hài hòa giữa màn hình lớn 120Hz mượt mà cùng viên pin dung lượng 5000mAh cho thời gian sử dụng ấn tượng. Máy được trang bị chip Helio G81 ổn định, camera 13MP cùng hệ điều hành Android 14. Đây là lựa chọn đáng cân nhắc trong phân khúc phổ thông, đáp ứng tốt các nhu cầu cơ bản hàng ngày.
Nội dung chính
1. Điện thoại Infinix Smart 9 - Trải nghiệm mượt mà, pin dùng cả ngày
1.1. Helio G81 mạnh mẽ cùng RAM 3GB mượt mà
1.2. Camera chụp ảnh, quay phim sắc nét
1.3. Pin 5000mAh bền bỉ sạc Type C 10W
1.4. Màn hình 6.7 inch 120Hz hiển thị sống động
1.5. Thiết kế tiện dụng với vân tay cạnh hông
2. Điện thoại Infinix Smart 9 khi nào ra mắt?
3. Điện thoại Infinix Smart 9 giá bán bao nhiêu tiền?
4. Mua điện thoại Infinix Smart 9 giá tốt tại CellphoneS
Điện thoại Infinix Smart 9 - Trải nghiệm mượt mà, pin dùng cả ngày
Điện thoại Infinix Smart 9 mang đến những trải nghiệm tốt trong tầm giá nhờ sự cân bằng giữa hiệu năng, màn hình hiển thị và thời lượng pin. Vậy hãy cùng đi sâu vào các cấu hình và tính năng nổi bật của chiếc điện thoại Infinix này ngay sau đây.
Helio G81 mạnh mẽ cùng RAM 3GB mượt mà
Cung cấp sức mạnh cho chiếc điện thoại này là bộ xử lý Mediatek Helio G81 tám nhân, bao gồm 2 nhân Cortex-A75 tốc độ 2.0 GHz và 6 nhân Cortex-A55 tốc độ 1.7 GHz. Con chip này kết hợp cùng GPU Mali-G52 MC2 đảm bảo khả năng xử lý ổn định và mượt mà cho các tác vụ hàng ngày. Các ứng dụng cơ bản, lướt web hay xem video đều được thực hiện trơn tru.
Điện thoại được trang bị dung lượng RAM 3GB và bộ nhớ trong 64GB, đủ dùng cho việc lưu trữ các ứng dụng, hình ảnh và dữ liệu cá nhân cần thiết. Infinix Smart 9 sử dụng hệ điều hành Android 14 cùng giao diện XOS 14. Bộ ba cảm biến gia tốc, tiệm cận và la bàn cũng được tích hợp đầy đủ trên thiết bị thông minh này.
Camera chụp ảnh, quay phim sắc nét
Hệ thống camera của điện thoại Infinix Smart 9 đáp ứng tốt nhu cầu nhiếp ảnh cơ bản với camera chính phía sau có độ phân giải 13MP. Camera này có khẩu độ f/1.85 và hỗ trợ lấy nét tự động (AF), đi kèm đèn flash LED trợ sáng.
Ở mặt trước, camera selfie có độ phân giải 8MP với khẩu độ f/2.0, phục vụ tốt cho việc chụp ảnh chân dung hay gọi video call. Người dùng có thể quay video độ phân giải 1080p (Full HD) với tốc độ 30fps bằng điện thoại này. Điều này giúp người dùng lưu giữ những kỷ niệm đẹp qua các thước phim có chất lượng hình ảnh tốt.
Pin 5000mAh bền bỉ sạc Type C 10W
Một trong những điểm nhấn của điện thoại Infinix Smart 9 là viên pin dung lượng lớn lên đến 5000mAh. Mức dung lượng này mang lại thời gian sử dụng bền bỉ suốt cả ngày dài cho các tác vụ thông thường. Người dùng có thể thoải mái lướt web, xem phim, liên lạc hay sử dụng các ứng dụng phổ biến mà không cần quá lo lắng về việc hết pin giữa chừng.
Việc nạp lại năng lượng cho viên pin lớn này được thực hiện thông qua cổng kết nối USB Type-C tiện lợi và phổ biến hiện nay. Điện thoại được hỗ trợ công nghệ sạc với công suất 10W. Mặc dù không phải là công nghệ sạc siêu nhanh nhưng mức công suất này vẫn đủ để nạp lại pin cho Infinix Smart 9 một cách ổn định và an toàn.
Màn hình 6.7 inch 120Hz hiển thị sống động
Điện thoại Infinix Smart 9 sở hữu màn hình kích thước lớn 6.7 inch, mang lại không gian hiển thị rộng rãi cho mọi nội dung giải trí và làm việc. Điện thoại trang bị tấm nền IPS LCD, mang lại chất lượng hiển thị HD+ với độ phân giải 720 x 1600 pixels. Đặc biệt, tần số quét cao 120Hz mang lại sự mượt mà vượt trội cho mọi thao tác hay chuyển động trên màn hình.
Độ sáng tối đa của màn hình đạt 500 nits, phù hợp để sử dụng trong nhiều điều kiện ánh sáng khác nhau, kết hợp cùng mật độ điểm ảnh 262 ppi cho chi tiết hiển thị khá tốt. Thiết kế màn hình dạng đục lỗ ""nốt ruồi"" hiện đại giúp tối ưu được không gian hiển thị. Tỷ lệ khung hình 20:9 cũng rất phù hợp cho việc xem phim hay chơi game trên chiếc điện thoại này.
Thiết kế tiện dụng với vân tay cạnh hông
Điện thoại Infinix Smart 9 có kích thước tổng thể 165.7 x 77.1 x 8.35 mm và trọng lượng 188g, mang lại cảm giác cầm nắm khá đầm tay. Toàn bộ phần mặt lưng và khung viền của máy đều được hoàn thiện từ chất liệu nhựa chắc chắn. Thiết kế này tuy đơn giản nhưng vẫn đảm bảo tính thực dụng và độ bền cơ bản cho sản phẩm phổ thông.
Điện thoại tích hợp cảm biến vân tay tiện lợi ở cạnh bên, giúp mở khóa nhanh chóng và an toàn. Máy còn được trang bị loa stereo cho trải nghiệm âm thanh tốt hơn và giữ lại cổng tai nghe 3.5mm quen thuộc. Chuẩn kháng nước và bụi IP54 cũng là một điểm cộng trên Infinix Smart 9, giúp bảo vệ thiết bị tốt hơn trước các tác động nhẹ từ môi trường.
Điện thoại Infinix Smart 9 khi nào ra mắt?
Điện thoại Infinix Smart 9 đã chính thức được hãng công bố và giới thiệu đến người dùng vào ngày 19 tháng 9 năm 2024 tại Malaysia. Sự kiện này đã mang đến thông tin chi tiết về thiết kế, cấu hình cùng các tính năng nổi bật mà Infinix trang bị. Sản phẩm hứa hẹn tạo sự chú ý trong phân khúc phổ thông với những cải tiến đáng giá so với thế hệ trước.
Sau thời điểm công bố, Infinix Smart 9 nhanh chóng được phân phối và chính thức lên kệ tại các thị trường, bao gồm cả Việt Nam, từ ngày 1 tháng 10 năm 2024. Thời điểm này, người dùng có thể tiếp cận và mua chiếc smartphone này một cách dễ dàng. Khách hàng có thể đến các hệ thống bán lẻ uy tín như CellphoneS để trải nghiệm các tính năng của sản phẩm.
Điện thoại Infinix Smart 9 giá bán bao nhiêu tiền?
Điện thoại Infinix Smart 9 được nhà sản xuất định vị là một sản phẩm giá rẻ, với mức giá tham khảo tại thị trường Việt Nam dưới 2 triệu đồng. Đây là một khung giá có tính cạnh tranh cao, hướng đến nhiều phân khúc người dùng đa dạng. Sản phẩm hướng đến học sinh, sinh viên hoặc những ai cần một smartphone phụ đáp ứng tốt nhu cầu cơ bản.
Với mức giá này, Infinix Smart 9 trở thành đối thủ đáng gờm của một số mẫu điện thoại khác trong cùng phân khúc. Việc sở hữu một chiếc smartphone có màn hình lớn, pin dung lượng cao và hiệu năng đủ dùng với chi phí thấp là điểm cộng lớn. Để có quyết định mua hàng hợp lý, người dùng cần dựa trên các yêu cầu sử dụng thực tế của mình.
Mua điện thoại Infinix Smart 9 giá tốt tại CellphoneS
Khách hàng chọn mua điện thoại Infinix Smart 9 chính hãng tại CellphoneS sẽ nhận được mức giá tốt cùng nhiều ưu đãi. Sản phẩm tại CellphoneS là hàng mới chính hãng, có đầy đủ phụ kiện theo nhà sản xuất. Sản phẩm được bảo hành 12 tháng, kèm theo đó là chính sách đổi mới trong 30 ngày đầu cho lỗi phần cứng từ nhà sản xuất. Để được hỗ trợ tư vấn kỹ hơn và nhận thông tin khuyến mãi, hãy liên hệ ngay với đội ngũ CellphoneS.","{""Màn hình"": [{""name"": ""Kích thước màn hình"", ""value"": ""6.7 inches""}, {""name"": ""Công nghệ màn hình"", ""value"": ""IPS LCD""}, {""name"": ""Độ phân giải màn hình"", ""value"": ""720 x 1600 pixel""}, {""name"": ""Tính năng màn hình"", ""value"": ""120Hz, 500 nits, Tỷ lệ 20:9, 262 ppi""}, {""name"": ""Tần số quét"", ""value"": ""120Hz""}, {""name"": ""Kiểu màn hình"", ""value"": ""Đục lỗ (Nốt ruồi)""}], ""Camera sau"": [{""name"": ""Camera sau"", ""value"": ""13 MP, f/1.9, 27mm (rộng), AF""}, {""name"": ""Quay video"", ""value"": ""1080p@30fps""}, {""name"": ""Tính năng camera"", ""value"": ""Đèn flash LED, HDR, toàn cảnh""}], ""Camera trước"": [{""name"": ""Camera trước"", ""value"": ""8 MP, f/2.0, (rộng)""}], ""Vi xử lý & đồ họa"": [{""name"": ""Chipset"", ""value"": ""Mediatek Helio G81""}, {""name"": ""GPU"", ""value"": ""Mali-G52 MC2""}], ""Giao tiếp & kết nối"": [{""name"": ""Công nghệ NFC"", ""value"": ""Không""}, {""name"": ""Thẻ SIM"", ""value"": ""2 Nano-SIM""}, {""name"": ""Jack tai nghe 3.5"", ""value"": ""Có""}, {""name"": ""GPS"", ""value"": ""GPS""}], ""RAM & lưu trữ"": [{""name"": ""Dung lượng RAM"", ""value"": ""3 GB""}, {""name"": ""Bộ nhớ trong"", ""value"": ""64 GB""}], ""Pin & công nghệ sạc"": [{""name"": ""Pin"", ""value"": ""5000mAh""}, {""name"": ""Công nghệ sạc"", ""value"": ""Sạc 10W""}, {""name"": ""Cổng sạc"", ""value"": ""USB Type-C""}], ""Tính năng khác"": [{""name"": ""Hệ điều hành"", ""value"": ""Android 14, XOS 14""}], ""Bộ xử lý & Đồ họa"": [{""name"": ""Loại CPU"", ""value"": ""Octa-core (2x2.0 GHz Cortex-A75 & 6x1.7 GHz Cortex-A55)""}], ""Kích thước & Trọng lượng"": [{""name"": ""Kích thước"", ""value"": ""165,7 x 77,1 x 8,4 mm""}, {""name"": ""Trọng lượng"", ""value"": ""188g""}], ""Thiết kế & Trọng lượng"": [{""name"": ""Chất liệu mặt lưng"", ""value"": ""Nhựa""}, {""name"": ""Chất liệu khung viền"", ""value"": ""Nhựa""}], ""Thông số khác"": [{""name"": ""Chỉ số kháng nước, bụi"", ""value"": ""IP54""}, {""name"": ""Công nghệ âm thanh"", ""value"": ""Stereo speakers""}], ""Tiện ích khác"": [{""name"": ""Cảm biến vân tay"", ""value"": ""Cảm biến vân tay cạnh bên""}, {""name"": ""Các loại cảm biến"", ""value"": ""Cảm biến gia tốc, Cảm biến tiệm cận, La bàn""}, {""name"": ""Tính năng đặc biệt"", ""value"": ""Bảo mật vân tay, Kháng nước, kháng bụi""}], ""Cổng kết nối"": [{""name"": ""Wi-Fi"", ""value"": ""Wi-Fi 802.11 a/b/g/n/ac, dual-band""}]}","[""https://cdn2.cellphones.com.vn/x/media/catalog/product/d/i/dien-thoai-infinix-smart-9.png""]",{}
Infinix Hot 50 Pro 8GB 256GB,dien-thoai-infinix-hot-50-pro-94168,N/A,N/A,"Đặc điểm nổi bật của Infinix Hot 50 Pro 8GB 256GB
Infinix Hot 50 Pro được trang bị con chip Helio G100 cùng 8GB RAM để luôn đảm bảo được khả năng xử lý đơn nhiệm, đa nhiệm hiệu quả. Nhờ việc được trang bị màn hình AMOLED có độ phân giải FHD+, mẫu điện thoại thông minh của Infinix còn luôn có chất lượng hiển thị sắc nét cùng màu sắc tái tạo sinh động. Viên pin 5000mAh hỗ trợ công suất sạc 33W còn đáp ứng tốt nhu cầu sử dụng trong ngày của người dùng.
Nội dung chính
1. Vì sao nên mua điện thoại Infinix Hot 50 Pro sử dụng?
2. So sánh điện thoại Infinix Hot 50 Pro với Infinix Hot 40 Pro
3. Điện thoại Infinix Hot 50 Pro - Thiết kế độc đáo, tốc độ xử lý ổn định
3.1. Cấu hình ổn định với chip Helio G100 và 8GB RAM
3.2. Bộ ba camera sau chất lượng cao
3.3. Thời lượng hoạt động bền bỉ, phục vụ tốt nhu cầu hỗn hợp
3.4. Màn hình AMOLED kích thước lớn, hỗ trợ tần số quét cao
3.5. Thiết kế độc đáo và mỏng nhẹ
4. Infinix Hot 50 Pro khi nào ra mắt?
5. Giá bán của điện thoại Infinix Hot 50 Pro bao nhiêu?
6. Mua điện thoại Infinix Hot 50 Pro giá tốt, chính hãng tại CellphoneS
Vì sao nên mua điện thoại Infinix Hot 50 Pro sử dụng?
Điện thoại Infinix Hot 50 bản Pro sở hữu nhiều cấu hình và đặc điểm nổi trội trong tầm giá đáng để người dùng chọn mua và sử dụng như:
- Màn hình AMOLED 6.78 inch: Hiển thị hình ảnh rõ nét với chi tiết sống động
- Camera chính 50MP với cảm biến Hi-5022Q: Tối ưu chụp hình với hình ảnh chất lượng cao
- Pin 5000 mAh cùng sạc nhanh 33W: Sử dụng bền bỉ cùng sạc nhanh tiện lợi
- Hỗ trợ NFC cùng chuẩn kháng nước IP54: Sử dụng thoải mái với các tính năng thông minh
So sánh điện thoại Infinix Hot 50 Pro với Infinix Hot 40 Pro
Infinix Hot 50 Pro là thế hệ kế nhiệm của Hot 40 Pro, vậy chính xác thế hệ mới này có gì được nâng cấp thì hãy cùng so sánh sau đây:
Thông số
Infinix Hot 50 Pro
Infinix Hot 40 Pro
Màu sắc
Đen bóng, Xanh băng giá, Xám titan
Xanh Hải Vương/Vàng Kim Tinh/ Đen Ngân Hà/Xanh Mộc Tinh
Màn hình
AMOLED 6.78 inch Full-HD+
Độ sáng 1,800 nits
IPS LCD 6.78 inches
Tần số quét 120Hz
CPU
Helio G100
Helio G99
RAM
8GB
8GB
ROM
128GB - 256GB
256GB/128GB
Camera trước
8MP
Camera Selfie 32MP
Camera sau
Cảm biến chính Hi-5022Q 50MP
Camera góc rộng: 108 MP, f/1.8, 0.64µm, AF
Camera macro: 2 MP, f/2.4
Camera phụ: 0.08 MP
Pin
Pin 5,000 mAh, sạc nhanh 33W
Pin 5000 mAh, sạc nhanh 33W
Kháng nước
IP54
Âm thanh
DTS Sound và Hi-Res Audio
Loa âm thanh nổi
Tính năng
NFC
NFC đa chức năng
Điện thoại Infinix Hot 50 Pro - Thiết kế độc đáo, tốc độ xử lý ổn định
Infinix Hot 50 Pro là phiên bản điện thoại mới ra mắt thuộc dòng Hot 50 Series của Infinix. Nhờ việc sở hữu con chip tương tự phiên bản tiền nhiệm và dung lượng RAM lớn, mẫu điện thoại Infinix mới ra mắt này sẽ luôn đảm bảo được hiệu năng đơn nhiệm, đa nhiệm ổn định cho các nhu cầu giải trí của người dùng.
Cấu hình ổn định với chip Helio G100 và 8GB RAM
Điện thoại Infinix Hot 50 Pro được trang bị con chip Helio G100 tương tự phiên bản Hot 50 Pro Plus mới được giới thiệu cách đây không lâu. Con chip 8 nhân này sở hữu tốc độ ép xung tối đa ở mức 2.2GHz để luôn đảm bảo khả năng xử lý dữ liệu ổn định. Kèm theo đó là GPU Mali-G57 giúp hỗ trợ các tác vụ đồ hoạ cơ bản và tầm trung của người dùng.
Với dung lượng RAM 8GB, chiếc điện thoại mới được Infinix cho ra mắt này còn có khả năng hoạt động đa nhiệm vô cùng mạnh mẽ. Kèm theo đó là bộ nhớ trong có dung lượng 256GB giúp người dùng thoải mái cài đặt ứng dụng và lưu trữ các tập tin đa phương tiện. Điện thoại cũng hỗ trợ khe cắm MicroSD để người dùng có thể mở rộng bộ nhớ phục vụ các nhu cầu lưu trữ nội dung nâng cao.
Bộ ba camera sau chất lượng cao
Điện thoại Infinix Hot 50 Pro sở hữu hệ thống camera sau vô cùng ấn tượng. Trong đó, ống kính chính của cụm camera sau sử dụng cảm biến Hi-5022Q 50MP sẽ đảm bảo quay, chụp được những bức hình có chất lượng cao. Ở mặt trước, Infinix Hot 50 Pro được trang bị một camera selfie 8MP, giúp đáp ứng tốt các nhu cầu chụp hình, gọi điện video của người dùng.
Thời lượng hoạt động bền bỉ, phục vụ tốt nhu cầu hỗn hợp
Infinix Hot 50 Pro được trang bị viên pin cơ bản, có mức năng lượng 5000mAh. Mức năng lượng này sẽ giúp người dùng có thể thoải mái hơn trong việc sử dụng điện thoại cho các tác vụ hỗn hợp cả ngày. Kèm theo đó là khả năng sạc nhanh với công suất 33W thông qua cổng Type-C để Infinix Hot 50 Pro được sạc đầy 50% pin chỉ trong 27 phút.
Màn hình AMOLED kích thước lớn, hỗ trợ tần số quét cao
Ở mặt trước, điện thoại Hot 50 Pro được Infinix trang bị màn hình AMOLED có kích thước 6.78 inch. Màn hình này hỗ trợ độ phân giải tối đa ở mức FHD+ để luôn đảm bảo có thể hiển thị các chi tiết, nội dung một cách sắc nét. Ngoài ra, việc sử dụng tấm nền AMOLED sẽ còn giúp cho đội sáng tối đa tăng lên tới 1800nits để người dùng thoải mái sử dụng điện thoại ở cả ngoài trời nắng gắt.
Màn hình Infinix Hot 50 Pro còn được tích hợp thêm tần số quét nâng cao ở mức 120Hz. Nhờ vậy mà mọi chuyển động trong nội dung giải trí và các thao tác cuộn lướt sẽ đều có được sự uyển chuyển, mượt mà. Kèm theo đó là tính năng Always on Display để người dùng tiện lợi theo dõi các thông báo mà không gây mất tập trung.
Thiết kế độc đáo và mỏng nhẹ
Điện thoại Infinix Hot 50 Pro sở hữu một thiết kế độc đáo với cụm camera sau được thiết kế khác biệt. Các ống kính được đặt trong một module dọc và được định hình với mặt kính vuông thay vì mặt kính trong truyền thống. Nhờ điều này mà dù sở hữu mặt lưng tối giản nhưng Infinix Hot 50 Pro vẫn tạo được điểm nhấn riêng biệt.
Còn về mặt trước, phần viền màn hình được làm siêu mỏng để vừa tối ưu tỷ lệ hiển thị, vừa tạo nên nét cao cấp cho sản phẩm. Ngoài ra, điện thoại hot 50 Pro của Infinix còn được tích hợp nhiều tiện ích như jack audio 3.5mm, NFC,...để tối ưu trải nghiệm sử dụng.
Infinix Hot 50 Pro khi nào ra mắt?
Điện thoại Infinix Hot 50 Pro hiện đã được hãng điện thoại tới từ Hồng Kông chính thức giới thiệu ra thị trường trong tháng 10 năm 2024. Hiện tại, Infinix Hot 50 Pro đã được giới thiệu với ba tuỳ chọn màu sắc là Đen bóng, Xanh băng giá và Xám Titan để người dùng có thể lựa chọn theo sở thích của mình. Tuy thông số cấu hình và thiết kế của sản phẩm đã được tiết lộ nhưng thời điểm mở bán chính thức chiếc điện thoại này vẫn là một điều mà chúng ta vẫn cần chờ đợi Infinix hé lộ trong thời gian tới.
Giá bán của điện thoại Infinix Hot 50 Pro bao nhiêu?
Khác với thông số cấu hình và thiết kế, giá bán của điện thoại Infinix 50 Pro vẫn còn là một ấn số được hãng điện thoại tới từ Hồng Kông giữ kín cho tới thời điểm mở bán. Tuy nhiên, chúng ta đã biết được Infinix Hot 50 Pro sẽ bao gồm 2 phiên bản cấu hình là 8GB + 128GB và 8GB + 256G. Điện thoại Hot 50 Pro được dự đoán sẽ được mở bán từ 3,9 triệu đồng cho phiên bản cấu hình thấp nhất.
Nếu như Infinix Hot 50 Pro thực sự có giá bán như dự đoán thì đây sẽ là một lựa chọn rất đáng cân nhắc trong phân khúc giá rẻ. Bởi với hiệu năng ổn định tới từ chip Helio G100 và 8GB RAM, khả năng hiển thị sống động với màn hình AMOLED FHD+, điện thoại Hot 50 Pro sẽ là một lựa chọn hấp dẫn khi so sánh với các đối thủ như vivo Y18S, realme C61, Xiaomi POCO M6,...
Mua điện thoại Infinix Hot 50 Pro giá tốt, chính hãng tại CellphoneS
Điện thoại Infinix Hot 50 Pro sẽ sớm đến tay người dùng Việt Nam thông qua hệ thống hơn 100 cửa hàng tại nhiều tỉnh, thành phố trên khắp cả nước của CellphoneS. Mẫu điện thoại mới ra mắt của Infinix còn được hưởng thêm nhiều chương trình giảm giá, chiết khấu hồi viên Smember, chính sách trả góp không lãi suất,... để có giá bán ưu đãi và phù hợp với nhiều đối tượng người dùng.","{""Màn hình"": [{""name"": ""Kích thước màn hình"", ""value"": ""6.78 inches""}, {""name"": ""Công nghệ màn hình"", ""value"": ""AMOLED""}, {""name"": ""Tính năng màn hình"", ""value"": ""1,800 nits""}], ""Camera sau"": [{""name"": ""Camera sau"", ""value"": ""Máy ảnh chính 50MP""}], ""Camera trước"": [{""name"": ""Camera trước"", ""value"": ""8MP""}], ""Vi xử lý & đồ họa"": [{""name"": ""Chipset"", ""value"": ""MediaTek Helio G100""}], ""RAM & lưu trữ"": [{""name"": ""Dung lượng RAM"", ""value"": ""8 GB""}, {""name"": ""Bộ nhớ trong"", ""value"": ""256 GB""}, {""name"": ""Khe cắm thẻ nhớ"", ""value"": ""microSD lên đến 2TB""}], ""Pin & công nghệ sạc"": [{""name"": ""Pin"", ""value"": ""5,000 mAh""}, {""name"": ""Công nghệ sạc"", ""value"": ""Sạc nhanh 33W""}, {""name"": ""Cổng sạc"", ""value"": ""USB Type-C""}], ""Tính năng khác"": [{""name"": ""Hệ điều hành"", ""value"": ""Android 14""}], ""Kích thước & Trọng lượng"": [{""name"": ""Trọng lượng"", ""value"": ""190g""}], ""Thông số khác"": [{""name"": ""Chỉ số kháng nước, bụi"", ""value"": ""IP54""}, {""name"": ""Công nghệ âm thanh"", ""value"": ""Loa kép, hỗ trợ DTS Sound và Hi-Res Audio.""}], ""Giao tiếp & kết nối"": [{""name"": ""Jack tai nghe 3.5"", ""value"": ""Có""}]}","[""https://cdn2.cellphones.com.vn/x/media/catalog/product/d/i/dien-thoai-infinix-hot-50-pro.png"", ""https://cdn2.cellphones.com.vn/x/media/catalog/product/d/i/dien-thoai-infinix-hot-50-pro_2_.png"", ""https://cdn2.cellphones.com.vn/x/media/catalog/product/d/i/dien-thoai-infinix-hot-50-pro_1_.png""]",{}
Infinix Hot 50 8GB 256GB,dien-thoai-infinix-hot-50,3.990.000đ,3.790.000đ,"Đặc điểm nổi bật của Infinix Hot 50 8GB 256GB
Infinix Hot 50 sở hữu màn hình LCD 6.78 inch, mang đến trải nghiệm xem sống động, chân thực với độ sáng tối đa ấn tượng 800 nits. Máy sở hữu hai camera, camera sau 50MP cho khả năng chụp ảnh sắc nét và trước 8MP đáp ứng nhu cầu chụp ảnh chân dung, selfie. Hiệu năng của Hot 50 4G được đảm bảo bởi chip MediaTek Helio G100, RAM 8GB và bộ nhớ trong 256GB, có thể mở rộng thông qua thẻ nhớ microSD.
Nội dung chính
1. Điện thoại Infinix hot 50 - Cấu hình mạnh mẽ, thiết kế tối ưu hiệu năng
1.1. Hiệu năng ổn định với chip Helio G100
1.2. Chụp ảnh chất lượng cao với công nghệ AI
1.3. Dung lượng pin lớn, sạc nhanh tiện lợi
1.4. Màn hình IPS LCD sắc nét
1.5. Thiết kế hiện đại, âm thanh sống động
2. Điện thoại Infinix hot 50 khi nào ra mắt?
3. Điện thoại Infinix hot 50 giá bao nhiêu tiền?
4. Mua điện thoại Infinix Hot 50 chính hãng tại CellphoneS
Điện thoại Infinix hot 50 - Cấu hình mạnh mẽ, thiết kế tối ưu hiệu năng
Điện thoại Infinix hot 50 là dòng smartphone giá rẻ hướng đến người dùng yêu thích công nghệ, với mức giá hợp lý nhưng vẫn đảm bảo trải nghiệm tối ưu. Cùng đánh giá Infinix Hot 50 4G qua các nội dung chính sau:
Hiệu năng ổn định với chip Helio G100
Chụp ảnh chất lượng cao với công nghệ AI
Dung lượng pin lớn, sạc nhanh tiện lợi
Màn hình IPS LCD sắc nét
Thiết kế hiện đại, âm thanh sống động
Chi tiết như sau:
Hiệu năng ổn định với chip Helio G100
Điện thoại Infinix Hot 50 sử dụng bộ vi xử lý MediaTek Helio G100. Đây là con chip mạnh mẽ đảm bảo hiệu năng mượt mà cho mọi tác vụ, từ những hoạt động lướt web, giải trí hằng ngày đến các trò chơi phổ biến hiện nay. Với RAM 8GB, Infinix Hot 50 mang đến khả năng đa nhiệm vượt trội, cho phép người dùng chuyển đổi giữa các ứng dụng một cách nhanh chóng và mượt mà. 
Máy trang bị 256GB dung lượng lưu trữ rộng rãi cho hàng ngàn tập tin. Đặc biệt, Infinix Hot 50 còn hỗ trợ mở rộng bộ nhớ qua thẻ microSD, đáp ứng được nhu cầu lưu trữ nhiều dữ liệu hơn của người dùng. Cấu hình của máy chạy trên nền tảng hệ điều hành Android 14 mới nhất, Infinix Hot 50 được tối ưu hóa về hiệu năng, mang đến trải nghiệm người dùng mượt mà, ổn định.
Chụp ảnh chất lượng cao với công nghệ AI
Camera chính 50MP của điện thoại Infinix HOT 50 được hỗ trợ công nghệ AI, giúp nâng cao chất lượng hình ảnh, tái tạo chi tiết và màu sắc chân thực. Camera trước 8MP hoàn toàn phù hợp cho nhu cầu selfie và các cuộc gọi video. Khả năng xử lý hình ảnh mạnh mẽ giúp chiếc điện thoại Infinix mới chụp ảnh sắc nét trong điều kiện ánh sáng yếu, tạo ra những bức hình đẹp ngay cả khi không cần chỉnh sửa nhiều.
Dung lượng pin lớn, sạc nhanh tiện lợi
Với viên pin 5,000 mAh, điện thoại Infinix HOT 50 đáp ứng tốt nhu cầu xem phim, giải trí cả ngày dài. Infinix HOT 50 trang bị công nghệ sạc nhanh 18W, giảm thiểu thời gian sạc đáng kể. Chỉ cần khoảng 30 phút, người dùng có thể sạc đủ để sử dụng trong nhiều giờ, điều này rất tiện lợi cho những ai có lịch trình bận rộn. Đặc biệt, cổng USB Type-C hiện đại giúp tối ưu hóa tốc độ sạc và đảm bảo độ bền lâu dài hơn so với các chuẩn cũ.
Màn hình IPS LCD sắc nét
Màn hình IPS 6.78 inch của điện thoại Infinix HOT 50 mang lại trải nghiệm hình ảnh rực rỡ với độ sáng lên đến 800 nits. Điều này giúp hiển thị tốt cả trong điều kiện ánh sáng mạnh, tối ưu cho việc xem phim, chơi game hay lướt web. Công nghệ màn hình tiên tiến cung cấp độ tương phản cao, tái tạo màu sắc chính xác, mang đến chất lượng hình ảnh sống động, chân thực.
Thiết kế hiện đại, âm thanh sống động
Điện thoại Infinix HOT 50 có thiết kế gọn nhẹ với trọng lượng 187g, mang lại cảm giác thoải mái khi cầm nắm. Máy tích hợp công nghệ DTS Sound và Hi-Res Audio, mang đến trải nghiệm âm thanh sống động, chi tiết, lý tưởng để nghe nhạc, xem phim hoặc chơi game, tạo nên sự cân bằng hoàn hảo giữa thiết kế hiện đại và hiệu năng âm thanh ấn tượng.
Điện thoại Infinix hot 50 khi nào ra mắt?
Điện thoại Infinix HOT 50 chính thức ra mắt vào ngày 6 tháng 9 năm 2024 tại thị trường Ấn Độ. Đây là mẫu smartphone giá rẻ mới nhất của Infinix, tập trung vào phân khúc người dùng phổ thông. Với cấu hình gồm vi xử lý Helio G100, lựa chọn RAM 8GB, và thiết kế mỏng nhẹ chỉ 7,7mm, Infinix HOT 50 nổi bật trong tầm giá.
Điện thoại Infinix hot 50 giá bao nhiêu tiền?
Giá của điện thoại Infinix Hot 50 tại Việt Nam hiện nay dao động trong khoảng 3,490,000 đồng cho phiên bản RAM 8GB và bộ nhớ trong 256GB. Giá có sự chênh lệch tùy thuộc vào từng nhà bán lẻ và các chương trình khuyến mãi kèm theo. Để có thông tin chính xác về mức giá, người dùng có thể tham khảo tại các cửa hàng cung cấp đồ công nghệ uy tín, phân phối hàng chính hãng.
Mua điện thoại Infinix Hot 50 chính hãng tại CellphoneS
CellphoneS cam kết chỉ bán hàng chính hãng Infinix, đảm bảo chất lượng và xuất xứ sản phẩm. Khách hàng hoàn toàn yên tâm về nguồn gốc điện thoại, tránh mua phải hàng giả, hàng nhái kém chất lượng. CellphoneS luôn có các ưu đãi hấp dẫn, giảm giá đặc biệt để quý khách mua hàng với mức giá phải chăng. Còn chần chờ gì nữa, hãy ghé ngay CellphoneS để sở hữu Infinix Hot 50 với mức giá tốt nhất cùng nhiều ưu đãi hấp dẫn!","{""Màn hình"": [{""name"": ""Kích thước màn hình"", ""value"": ""6.78 inches""}, {""name"": ""Độ phân giải màn hình"", ""value"": ""1080x2460 pixels""}, {""name"": ""Tính năng màn hình"", ""value"": ""1080p IPS\n120Hz\n800nit""}, {""name"": ""Tần số quét"", ""value"": ""120Hz""}, {""name"": ""Kiểu màn hình"", ""value"": ""Đục lỗ (Nốt ruồi)""}], ""Camera sau"": [{""name"": ""Camera sau"", ""value"": ""50MP + 2MP""}], ""Camera trước"": [{""name"": ""Camera trước"", ""value"": ""8MP""}], ""Vi xử lý & đồ họa"": [{""name"": ""Chipset"", ""value"": ""MediaTek Helio G100""}], ""Giao tiếp & kết nối"": [{""name"": ""Công nghệ NFC"", ""value"": ""Có""}, {""name"": ""Thẻ SIM"", ""value"": ""2 SIM (Nano-SIM)""}, {""name"": ""Hỗ trợ mạng"", ""value"": ""4G""}, {""name"": ""GPS"", ""value"": ""G-Sensor / E-Compass / Gyro / Light Sensor / Proximity""}], ""RAM & lưu trữ"": [{""name"": ""Dung lượng RAM"", ""value"": ""8 GB""}, {""name"": ""Bộ nhớ trong"", ""value"": ""256 GB""}], ""Pin & công nghệ sạc"": [{""name"": ""Pin"", ""value"": ""5,000 mAh""}, {""name"": ""Công nghệ sạc"", ""value"": ""Sạc nhanh 18W""}], ""Tính năng khác"": [{""name"": ""Hệ điều hành"", ""value"": ""Android 14""}], ""Kích thước & Trọng lượng"": [{""name"": ""Trọng lượng"", ""value"": ""187 gr""}], ""Thông số khác"": [{""name"": ""Chỉ số kháng nước, bụi"", ""value"": ""IP54""}], ""Tiện ích khác"": [{""name"": ""Cảm biến vân tay"", ""value"": ""Cảm biến vân tay cạnh bên""}, {""name"": ""Tính năng đặc biệt"", ""value"": ""Bảo mật vân tay, Kháng nước, kháng bụi""}]}","[""https://cdn2.cellphones.com.vn/x/media/catalog/product/p/h/photo_2024-12-27_09-58-15.jpg"", ""https://cdn2.cellphones.com.vn/x/media/catalog/product/p/h/photo_2024-12-27_09-49-51.jpg"", ""https://cdn2.cellphones.com.vn/x/media/catalog/product/p/h/photo_2024-12-27_09-49-51_2_.jpg""]","{""product_color_1"": {""color"": ""Đen"", ""image_url"": ""https://cellphones.com.vn/dien-thoai-infinix-hot-50.html?product_id=97355"", ""price"": ""3.790.000₫""}, ""product_color_2"": {""color"": ""Xám"", ""image_url"": ""https://cellphones.com.vn/dien-thoai-infinix-hot-50.html?product_id=97357"", ""price"": ""3.790.000₫""}, ""product_color_3"": {""color"": ""Tím"", ""image_url"": ""https://cellphones.com.vn/dien-thoai-infinix-hot-50.html?product_id=97356"", ""price"": ""3.790.000₫""}, ""product_color_4"": {""color"": ""Xanh"", ""image_url"": ""https://cellphones.com.vn/dien-thoai-infinix-hot-50.html?product_id=97358"", ""price"": ""3.790.000₫""}}"
Infinix HOT 50i 4GB 128GB,dien-thoai-infinix-hot-50i,N/A,N/A,"Đặc điểm nổi bật của Infinix HOT 50i 4GB 128GB
Điện thoại Infinix HOT 50i mang đến hiệu năng xử lý tốt nhờ tích hợp chipset Helio G81 đi kèm RAM 4GB và bộ nhớ trong dung lượng 128GB trên Android 14. Thêm vào đó, chiếc điện thoại Infinix này còn sở hữu màn hình rộng 6.7 inch với tấm nền LCD HD+. Ngoài ra, pin 5000mAh cùng công suất suất sạc nhanh 18W trong thiết bị cũng góp phần đem đến sự tiện lợi cho đa dạng đối tượng tiêu dùng. 
Nội dung chính
1. Điện thoại Infinix HOT 50i – Tạo hình thẩm mỹ, xử lý mãn nhãn
1.1. Cấu hình ổn định, hiệu năng tốt
1.2. Camera kép, chụp ảnh đẹp
1.3. Pin 5000mAh, sạc nhanh 18W
1.4. Màn hình LCD HD+, hiển thị mượt
1.5. Thiết kế ấn tượng, màu trẻ trung
2. Điện thoại Infinix HOT 50i khi nào ra mắt?
3. Điện thoại Infinix HOT 50i giá bán bao nhiêu tiền?
4. Mua điện thoại Infinix HOT 50i chính hãng tại CellphoneS
Điện thoại Infinix HOT 50i – Tạo hình thẩm mỹ, xử lý mãn nhãn
Điện thoại Infinix HOT 50i là chiếc smartphone giá rẻ mang trong mình nhiều ưu điểm tuyệt vời. Qua đó, phiên bản điện thoại Infinix này hứa hẹn đem đến cho người dùng trải nghiệm hài lòng trong mọi hoạt động tác vụ hàng ngày.
Cấu hình ổn định, hiệu năng tốt
Điện thoại Infinix HOT 50i nổi bật với khả năng cung cấp hiệu năng mượt mà, cấu hình đủ mạnh cho các tác vụ. Thông qua chip MediaTek Helio G81, phiên bản có thể xử lý ở tốc độ cao giúp người dùng mở ứng dụng hay duyệt web hiệu quả, nhanh chóng. 
Đặc biệt, RAM LPDDR4X tối thiểu 4GB kết hợp dung lượng bộ nhớ trong 128GB cho phép thiết bị duy trì hiệu suất khi chạy nhiều chương trình đồng thời. Đồng thời hạn chế giật lag khi sử dụng điện thoại để chơi game, xem video phân giải cao,… mà không gián đoạn. 
Camera kép, chụp ảnh đẹp
Điện thoại Infinix HOT 50i cải thiện khả năng nhiếp ảnh với cảm biến chính 48MP ở hệ thống camera kép. Theo đó, ống kính mặt sau có thể chụp ảnh sắc nét, màu sắc tươi sáng nhờ vào công nghệ xử lý hình ảnh tiên tiến.
Bên cạnh đó, chế độ chân dung của điện thoại hỗ trợ đem lại những bức ảnh với hiệu ứng mờ nền chuyên nghiệp. Ngoài ra, camera trước 8MP đi kèm các bộ lọc và chế độ làm đẹp tự động tích hợp cũng đáp ứng nhu cầu chụp ảnh một cách tối ưu .
Pin 5000mAh, sạc nhanh 18W
Điện thoại Infinix HOT 50i mang lại thời gian sử dụng lâu dài với pin lên đến 5000mAh. Dung lượng này cho phép thoải mái thực hiện tác vụ, trải nghiệm giải trí liền mạch trong nhiều giờ, thậm chí cả ngày dài tùy theo nhu cầu. Không những vậy, ở phiên bản Infinix HOT 50i còn trang bị sạc nhanh công suất 18W, giúp năng lượng nạp lại dễ dàng, tiết kiệm thời gian mà không chờ đợi lâu.
Màn hình LCD HD+, hiển thị mượt
Điện thoại Infinix HOT 50i cho chất lượng hiển thị sắc nét qua màn hình IPS LCD rộng 6.7 inch. Kích thước lớn cùng độ phân giải HD+ mang đến trải nghiệm sống động, màu sắc trung thực nhằm phù hợp cho mọi nhu cầu. Cộng thêm tấm nền hiện đại, màn hình điện thoại thể hiện hình ảnh với độ tương phản cao. 
Từ đó giúp người dùng dễ dàng nhìn rõ trong điều kiện ánh sáng mạnh. Hơn thế nữa, tốc độ làm mới 120Hz của màn hình cũng giúp thao tác cảm ứng hay chơi game diễn ra mượt mà. Cộng thêm viền màn hình mỏng làm tăng diện tích hiển thị, để hình ảnh trở nên cuốn hút.
Thiết kế ấn tượng, màu trẻ trung
Điện thoại Infinix HOT 50i có kiểu dáng mỏng nhẹ, các góc bo tròn nhẹ. Mặt lưng của máy được hoàn thiện với các đường vân sáng tạo, chống bám vân tay làm tăng thêm tính thẩm mỹ. Đồng thời, điện thoại có tính năng chống nước chuẩn IP54, chịu đựng tốt với độ bền cao trong môi trường sử dụng. Mặt khác, chiếc smartphone này cũng có nhiều tùy chọn màu sắc mới mẻ, phù hợp với phong cách và cá tính của từng người dùng.
Điện thoại Infinix HOT 50i khi nào ra mắt?
Điện thoại Infinix HOT 50i thế hệ mới ra mắt vào ngày 23 tháng 9 năm 2024 với các đặc điểm tính năng được cải tiến ấn tượng. Phiên bản nhanh chóng thu hút sự chú ý qua các tùy chọn màu như Đen, Màu xanh lá, Xám.
So với các thế hệ trước, chiếc điện thoại này được trang bị nhiều tính năng hiện đại, cùng hiệu năng mạnh mẽ và thiết kế bắt mắt. Sự trình diện của phiên bản đã mở ra một lựa chọn mới cho người dùng muốn sở hữu một chiếc smartphone hoàn hảo cho nhu cầu hàng ngày.
Điện thoại Infinix HOT 50i giá bán bao nhiêu tiền?
Điện thoại Infinix HOT 50i gây ấn tượng với thiết kế trẻ trung, màn hình lớn sắc nét cùng tần số quét cao. Bên cạnh đó, hiệu năng ổn định và viên pin dung lượng lớn của điện thoại cũng giúp người dùng thoải mái sử dụng cả ngày dài. 
Sau khi trình làng, điện thoại có giá khởi điểm dao động từ 110 USD (gần 2.73 triệu đồng) trên thị trường. Mức giá này khá hấp dẫn so với những đặc điểm ưu việt mà phiên bản ẩn chứa. Tuy nhiên, giá thành của máy có thể thay đổi chênh lệch dựa theo địa điểm cung cấp và dung lượng bộ nhớ.
Mua điện thoại Infinix HOT 50i chính hãng tại CellphoneS
Điện thoại Infinix HOT 50i là mẫu điện thoại 4G lý tưởng với đa dạng ưu điểm vượt trội trong phân khúc smartphone giá rẻ. Đừng ngần ngại đến chi nhánh CellphoneS để tự tay sắm ngay chiếc smartphone của thương hiệu Infinix chất lượng, giá bình dân. Tại đây, khách hàng sẽ được hưởng một số hỗ trợ, chính sách đặc biệt. Ngoài ra, các chương trình khuyến mãi sẽ được áp dụng với những quà tặng ưu đãi khi trở thành thành viên Smember.","{""Màn hình"": [{""name"": ""Kích thước màn hình"", ""value"": ""6.7 inches""}, {""name"": ""Công nghệ màn hình"", ""value"": ""LCD""}, {""name"": ""Độ phân giải màn hình"", ""value"": ""1600 x 720 pixels (HD+)""}, {""name"": ""Tính năng màn hình"", ""value"": ""Tỷ lệ khung hình 20:9 Tốc độ làm mới 120Hz""}], ""Camera sau"": [{""name"": ""Camera sau"", ""value"": ""Cảm biến chính: 48 MP, f/1.79""}, {""name"": ""Tính năng camera"", ""value"": ""Đèn flash selfie""}], ""Camera trước"": [{""name"": ""Camera trước"", ""value"": ""8MP, f/2.0""}], ""Vi xử lý & đồ họa"": [{""name"": ""Chipset"", ""value"": ""MediaTek Helio G81""}], ""RAM & lưu trữ"": [{""name"": ""Dung lượng RAM"", ""value"": ""4 GB""}, {""name"": ""Bộ nhớ trong"", ""value"": ""128 GB""}, {""name"": ""Khe cắm thẻ nhớ"", ""value"": ""microSD lên đến 2TB""}], ""Pin & công nghệ sạc"": [{""name"": ""Pin"", ""value"": ""5,000mAh""}, {""name"": ""Công nghệ sạc"", ""value"": ""Sạc nhanh 18W""}, {""name"": ""Cổng sạc"", ""value"": ""USB Type-C""}], ""Giao tiếp & kết nối"": [{""name"": ""Thẻ SIM"", ""value"": ""2 Nano-SIM""}, {""name"": ""Jack tai nghe 3.5"", ""value"": ""Có""}, {""name"": ""Hỗ trợ mạng"", ""value"": ""4G""}], ""Tính năng khác"": [{""name"": ""Hệ điều hành"", ""value"": ""Android 14 Go""}], ""Kích thước & Trọng lượng"": [{""name"": ""Kích thước"", ""value"": ""165.7 x 77.1 x 8.1mm""}, {""name"": ""Trọng lượng"", ""value"": ""184g""}], ""Thông số khác"": [{""name"": ""Chỉ số kháng nước, bụi"", ""value"": ""IP54""}], ""Tiện ích khác"": [{""name"": ""Cảm biến vân tay"", ""value"": ""Cảm biến vân tay cạnh bên""}], ""Cổng kết nối"": [{""name"": ""Bluetooth"", ""value"": ""v5.3""}]}","[""https://cdn2.cellphones.com.vn/x/media/catalog/product/d/i/dien-thoai-infinix-hot-50i_2_.png"", ""https://cdn2.cellphones.com.vn/x/media/catalog/product/d/i/dien-thoai-infinix-hot-50i_1_.png"", ""https://cdn2.cellphones.com.vn/x/media/catalog/product/d/i/dien-thoai-infinix-hot-50i_3_.png""]",{}
Infinix Note 30 Pro,infinix-note-30-pro,N/A,N/A,"Infinix Note 30 Pro sở hữu bộ vi xử lý MT8781 Helio G99 có sức mạnh xử lý ngoài mong đợi với những ứng dụng đa nhiệm để bạn thỏa sức giải trí hay làm việc mọi lúc mọi nơi. Cộng thêm dung lượng 8GB của bộ nhớ trong, người dùng có thể tận dụng không gian lưu trữ này để chứa những thông tin dữ liệu. Đặc biệt, điện thoại còn trang bị bộ camera độc đáo với độ phân giải cao, nhằm cho bạn tự tay tạo nên những bức hình chân thực nhất. Qua khung hình kích thước 6.95 inch kết hợp cùng công nghệ đỉnh cao, phiên bản chắc chắn sẽ mang đến những giây phút trải nghiệm màn hình vô hạn mà không lo nhiễu ảnh. Bên cạnh đó, Infinix Note 30 Pro còn sở hữu viên pin 5.000 mAh cho bạn thưởng thức những chương trình giải trí với hiệu suất ổn định suốt cả ngày dài. 
Nội dung chính
1. Infinix Note 30 Pro – Trải nghiệm “bất tận”, hiệu năng vượt đỉnh
1.1. Chip MT8781 Helio G99 mạnh mẽ, hoạt động bền bỉ
1.2. Camera độc đáo, chụp ảnh sáng tạo
1.3. Pin 5.000 mAh bền bỉ, công suất sạc nhanh 33W
1.4. Màn hình LCD hiện đại, hiển thị ưu trội
2. Giá bán Infinix Note 30 Pro bao nhiêu?
3. Ngày ra mắt Infinix Note 30 Pro
4. Mua ngay Infinix Note 30 Pro giá ưu đãi tại CellphoneS
Infinix Note 30 Pro – Trải nghiệm “bất tận”, hiệu năng vượt đỉnh
Infinix Note 30 Pro là một chiếc smartphone tầm trung mới nhất của hãng trong thời gian gần đây với cấu hình ấn tượng hàng đầu trên thị trường để nâng tầm trải nghiệm của người tiêu dùng, do đó phiên bản hứa hẹn sẽ là một trong những chiếc smartphone lý tưởng dành cho bạn trong phân khúc này. Không chỉ có diện mạo bắt mắt, phiên bản còn hội tụ nhiều đặc điểm tiện ích nhằm phục vụ đầy đủ nhu cầu sử dụng của bạn.
Chip MT8781 Helio G99 mạnh mẽ, hoạt động bền bỉ
Infinix Note 30 Pro được trang bị vi xử lý MediaTek Helio G9 được sản xuất trên tiến trình 12nm, kết hợp RAM 8GB và bộ nhớ trong 128GB, giúp điện thoại có hiệu năng vượt trội trong những tác vụ đa nhiệm. Từ đó, người dùng có thể thoải mái thực hiện các tác vụ hàng ngày một cách ổn định và mượt mà. 
Với xung nhịp tối đa 2.05Hz, điện thoại cho phép người dùng trải nghiệm những thao tác nhanh chóng và trơn tru hơn, đặc biệt khi bạn sử dụng nhiều tài nguyên hoặc chơi game nặng. Ngoài ra,Infinix Note 30 Pro còn chứa chip đồ họa Mali-G67 MC4 để mang lại hiệu suất tốt hơn cho người dùng.
Camera độc đáo, chụp ảnh sáng tạo
Infinix Note 30 Pro có kiểu dáng mỏng nhẹ theo phong cách tối giản, nên rất phù hợp với mọi đối tượng tiêu dùng. Mặt trước của máy được phủ bởi màn hình lớn kèm theo camera selfie 16MP được đặt trong một lỗ khoét giọt nước ở góc trên cùng. 
Camera chính có độ phân giải lên tới 64MP và hỗ trợ chế độ quay video 4K, cho phép người dùng chụp ảnh và quay video với chất lượng cao. Bên cạnh đó, Infinix Note 30 Pro còn được tích hợp các tính năng chụp ảnh AI và cảm biến độ sâu để tạo ra hiệu ứng bokeh tuyệt đẹp.
Pin 5.000 mAh bền bỉ, công suất sạc nhanh 33W
Viên pin của Infinix Note 30 Pro cũng khá ấn tượng với dung lượng 5.000mAh cùng công nghệ sạc nhanh 33W ổn định, đảm bảo không gặp gián đoạn khi chạy các tác vụ nặng. Thông số này cho thấy điện thoại có khả năng sử dụng trong thời gian dài, cũng như tiết kiệm thời gian sạc cho người dùng. 
Từ đó, mà bạn có thể yên tâm đem theo sản phẩm trong những chặng đường dài. Tuy nhiên, thời lượng pin của phiên bản còn tùy thuộc vào nhiều yếu tố khác nhau trong quá trình hoạt động. 
Màn hình LCD hiện đại, hiển thị ưu trội
Infinix Note 30 Pro được trang bị màn hình IPS LCD với kích thước 6.95 inch, nhằm cho người dùng mãn nhãn tầm nhìn dưới mọi góc độ, Với độ phân giải Full HD+ cùng tần số quét 90Hz, bạn có thể dễ dàng xem những bộ phim, chơi game,... một cách sắc nét và sống động đến từng chi tiết. 
Bên cạnh đó, Infinix Note 30 Pro cũng được đánh giá cao về khả năng hiển thị trong những phân cảnh đồ họa cao. Ngoài ra, màn hình điện thoại còn được bảo vệ bởi lớp kính Corning Gorilla Glass giúp tăng cường tuổi thọ cho phụ kiện. 
Giá bán Infinix Note 30 Pro bao nhiêu?
Ngay sau khi ra mắt với những đặc điểm vượt trội, Infinix Note 30 Pro được bán với giá 5.3 triệu đồng trên thị trường Việt Nam. Qua những tính năng ưu việt mà hãng trang bị, có thể thấy con số này tương đối rẻ và phù hợp với nhiều đối tượng sử dụng theo xu hướng hiện nay.
Tùy theo mỗi địa điểm bán, mà giá thành của điện thoại sẽ chênh lệch khác nhau. Do đó, bạn nên ưu tiên lựa chọn những nhà cung cấp uy tín để mua sản phẩm chất lượng với giá tốt.
Ngày ra mắt Infinix Note 30 Pro
Infinix Note 30 Pro nổi bật với những đặc tính vượt trội, trong đó phải kể đến hiệu năng xử lý đỉnh cao của điện thoại trong từng tác vụ. Dựa trên những thông tin rò rỉ gần đây, phiên bản dự kiến sẽ chính thức trình diện trên thị trường vào khoảng tháng 8 năm nay. 
Với hiệu quả mà bộ vi xử lý mang đến, phiên bản được đánh giá phù hợp cho mọi đối tượng dù có nhu cầu sử dụng cơ bản hay nâng cao. Bên cạnh đó, bạn có thể thoải mái thực hiện các tác vụ trong suốt hàng giờ liên tục với dung lượng pin mạnh mẽ.
Mua ngay Infinix Note 30 Pro giá ưu đãi tại CellphoneS
Infinix Note 30 Pro được đánh giá cao về khả năng xử lý, cũng như sở hữu vẻ ngoài thời thượng. Nhanh chân đến CellphoneS để sắm sản phẩm chính hãng với nhiều phần quà hấp dẫn khi mua sắm tại các chi nhánh cửa hàng nhé.","{""Màn hình"": [{""name"": ""Kích thước màn hình"", ""value"": ""6.78 inches""}, {""name"": ""Công nghệ màn hình"", ""value"": ""AMOLED""}, {""name"": ""Độ phân giải màn hình"", ""value"": ""1080x2460 pixels""}, {""name"": ""Tính năng màn hình"", ""value"": ""Tần số quét 120Hz, 900 nits, 1 tỷ màu""}, {""name"": ""Loại màn hình"", ""value"": ""Màn hình""}], ""Camera sau"": [{""name"": ""Camera sau"", ""value"": ""Camera góc rộng: 108 MP, PDAF\nCamera đo độ sâu: 2 MP, f/2.4""}, {""name"": ""Quay video"", ""value"": ""1440p@30fps, 1080p@30fps""}, {""name"": ""Tính năng camera"", ""value"": ""Đèn flash Quad-LED, HDR, toàn cảnh""}], ""Camera trước"": [{""name"": ""Camera trước"", ""value"": ""Camera góc rộng: 16 MP, f/2.0""}, {""name"": ""Quay video trước"", ""value"": ""1080p@30fps""}], ""Vi xử lý & đồ họa"": [{""name"": ""Chipset"", ""value"": ""Mediatek Helio G99 (6nm)""}, {""name"": ""GPU"", ""value"": ""Mali-G57 MC2""}], ""Giao tiếp & kết nối"": [{""name"": ""Công nghệ NFC"", ""value"": ""Có""}, {""name"": ""Thẻ SIM"", ""value"": ""2 SIM (Nano-SIM)""}, {""name"": ""Hồng ngoại"", ""value"": ""Không""}, {""name"": ""Jack tai nghe 3.5"", ""value"": ""Có""}, {""name"": ""Hỗ trợ mạng"", ""value"": ""4G""}], ""RAM & lưu trữ"": [{""name"": ""Dung lượng RAM"", ""value"": ""8GB + Mở rộng 8GB""}, {""name"": ""Bộ nhớ trong"", ""value"": ""256 GB""}, {""name"": ""Khe cắm thẻ nhớ"", ""value"": ""microSDXC""}], ""Pin & công nghệ sạc"": [{""name"": ""Pin"", ""value"": ""5.000 mAh""}, {""name"": ""Công nghệ sạc"", ""value"": ""Sạc nhanh 68W""}, {""name"": ""Cổng sạc"", ""value"": ""USB Type-C""}], ""Tính năng khác"": [{""name"": ""Hệ điều hành"", ""value"": ""Android 13""}], ""Bộ xử lý & Đồ họa"": [{""name"": ""Loại CPU"", ""value"": ""2x2.2 GHz Cortex-A76 & 6x2.0 GHz Cortex-A55""}], ""Kích thước & Trọng lượng"": [{""name"": ""Kích thước"", ""value"": ""168.5 x 76.5 x 8.5 mm""}, {""name"": ""Trọng lượng"", ""value"": ""205 g""}], ""Thiết kế & Trọng lượng"": [{""name"": ""Chất liệu mặt lưng"", ""value"": ""Kính""}, {""name"": ""Chất liệu khung viền"", ""value"": ""Nhựa""}], ""Thông số khác"": [{""name"": ""Chỉ số kháng nước, bụi"", ""value"": ""IP53""}, {""name"": ""Công nghệ âm thanh"", ""value"": ""Loa kép bởi JBL""}], ""Tiện ích khác"": [{""name"": ""Cảm biến vân tay"", ""value"": ""Cảm biến vân tay cạnh bên""}, {""name"": ""Các loại cảm biến"", ""value"": ""Cảm biến gia tốc, Cảm biến tiệm cận, La bàn, Cảm biến áp kế""}], ""Cổng kết nối"": [{""name"": ""Wi-Fi"", ""value"": ""802.11 a/b/g/n/ac""}, {""name"": ""Bluetooth"", ""value"": ""v5.0""}], ""Thông tin chung"": [{""name"": ""Thời điểm ra mắt"", ""value"": ""5/2023""}]}","[""https://cdn2.cellphones.com.vn/x/media/catalog/product/i/n/infinix-note-30-pro_1_.jpg"", ""https://cdn2.cellphones.com.vn/x/media/catalog/product/i/n/infinix-note-30-pro.jpg""]",{}
