name,sku,base_price,sale_price,description,specifications,images,colors
Điện thoại trẻ em Masstel Alfa 5,dien-thoai-masstel-alfa-5,1.390.000đ,1.050.000đ,"Đặc điểm nổi bật của Điện thoại trẻ em Masstel Alfa 5
Điện thoại trẻ em Masstel Alfa 5 được thiết kế với màn hình cảm ứng 3.5 inch kết hợp vỏ máy nhựa chắc chắn mang đến sự bền bỉ cho trẻ em sử dụng hàng ngày . Chiếc smartphone này trang bị pin 1750mAh cùng dung lượng bộ nhớ trong 128MB phục vụ nhu cầu hằng ngày. Bên cạnh đó điện thoại Masstel này còn hỗ trợ chất lượng cuộc gọi rõ nét, ổn định nhờ kết nối mạng 4G.
Nội dung chính
1. Vì sao nên mua điện thoại định vị trẻ em Masstel Alfa 5?
2. Điện thoại Masstel Alfa 5 - Dễ dàng sử dụng, an toàn cho trẻ
2.1. Thẻ nhớ 128MB, kết nối 4G LTE sử dụng cho nhu cầu cơ bản
2.2. Kết nối cuộc gọi HD cùng con cái với camera sắc nét
2.3. Yên tâm sử dụng và theo dõi cả ngày dài với pin lớn
2.4. Màn hình hiển thị rõ nét giữ hình ảnh liên lạc chính xác
2.5. Kiểu dáng tối giản, an toàn với tông màu phù hợp trẻ em
3. Điện thoại Masstel Alfa 5 khi nào ra mắt?
4. Điện thoại Masstel Alfa 5 giá bán bao nhiêu tiền?
5. Mua điện thoại trẻ em Masstel Alfa 5 chính hãng tại CellphoneS
Vì sao nên mua điện thoại định vị trẻ em Masstel Alfa 5?
Masstel Alfa 5 là dòng điện thoại hướng đến đối tượng dùng là học sinh 10–15 tuổi, sở hữu nhiều ưu điểm nổi bật như:
Định vị theo thời gian thực: Giúp cha mẹ có thể theo dõi hành trình của trẻ một cách chính xác
Kết nối 4G nghe và gọi video mượt: Hỗ trợ kết nối hai chiều với chất lượng âm thanh và hình ảnh rõ nét
Không truy cập ứng dụng giải trí: Giúp trẻ không bị xao nhãng học hành cũng như tiếp xúc với nội dung độc hại.
Điện thoại Masstel Alfa 5 - Dễ dàng sử dụng, an toàn cho trẻ
Điện thoại trẻ em Masstel Alfa 5 ra đời nhằm hỗ trợ các bậc cha mẹ trong việc chăm sóc và giám sát con em hiệu quả. Các tính năng kiểm soát và bảo vệ được tích hợp sâu vào hệ thống giúp phụ huynh hoàn toàn tin tưởng khi trao cho con chiếc smartphone đầu tiên.
Thẻ nhớ 128MB, kết nối 4G LTE sử dụng cho nhu cầu cơ bản
Điện thoại định vị trẻ em Masstel Alfa 5 sở hữu bộ nhớ trong 128MB đủ để chứa những dữ liệu quan trọng như ảnh chụp, tin nhắn trao đổi và thông tin vị trí của trẻ. Dung lượng phù hợp với nhu cầu học sinh, tránh lưu trữ quá nhiều nội dung giải trí gây xao nhãng.
Thiết bị này kết nối mạng 4G ổn định, đảm bảo đường truyền thông tin giữa phụ huynh và con cái luôn mượt mà. Điểm nổi bật của Masstel Alfa 5 là việc ngăn chặn hoàn toàn khả năng truy cập mạng tự do. Cách thiết kế này mang lại sự yên tâm cho gia đình khi trẻ không thể tự động tải về những phần mềm nội dung không phù hợp.
Kết nối cuộc gọi HD cùng con cái với camera sắc nét
Công nghệ cuộc gọi chất lượng tối ưu được ứng dụng trên điện thoại định vị trẻ em Masstel Alfa 5 đem lại âm thanh trong veo, rõ ràng cho mọi cuộc hội thoại. Phụ huynh có thể dễ dàng liên lạc với con thông qua các cuộc gọi thoại hoặc gọi video với hình ảnh sắc nét, âm thanh chân thật.
Camera cho hình ảnh rõ nét, hỗ trợ gọi video hiệu quả. Chức năng này hỗ trợ cha mẹ không chỉ lắng nghe giọng nói mà còn theo dõi được thái độ, cảm xúc của con trong lúc trò chuyện. Điều này vô cùng hữu ích khi phụ huynh muốn đánh giá tình hình và môi trường xung quanh con em một cách chính xác nhất.
Yên tâm sử dụng và theo dõi cả ngày dài với pin lớn
Pin dung lượng 1750 mAh trên điện thoại trẻ em Masstel Alfa 5 đủ sức đồng hành cùng các em trong suốt thời gian học tập và vui chơi hàng ngày. Thời gian hoạt động liên tục có thể kéo dài 7-8 ngày ở chế độ chờ, giúp phụ huynh không phải băn khoăn về việc máy hết pin đột ngột.
Dung lượng pin lớn đảm bảo những chức năng thiết yếu như theo dõi vị trí, liên lạc khẩn cấp của chiếc điện thoại luôn vận hành ổn định. Phụ huynh có thể giám sát vị trí con em liên tục mà không cần lo lắng về tình trạng thiết bị tắt nguồn bất thường. Thời gian sạc pin được cải thiện, tiết kiệm đáng kể và giữ cho thiết bị luôn sẵn sàng hoạt động ổn định.
Màn hình hiển thị rõ nét giữ hình ảnh liên lạc chính xác
Màn hình cảm ứng 3.5 inch ứng dụng công nghệ hiển thị tiên tiến với độ phân giải 240x320 pixels mang đến trải nghiệm hình ảnh sắc nét. Đồng thời, khả năng tái tạo 262K sắc màu đảm bảo hình ảnh trên màn hình điện thoại định vị Masstel Alfa 5 luôn chân thực và rõ ràng.
Kích thước màn hình được tính toán phù hợp với bàn tay nhỏ của trẻ em, giúp các em dễ dàng điều khiển và vận hành. Chất lượng hiển thị tốt đảm bảo thông điệp liên lạc, nội dung tin nhắn từ phụ huynh được truyền tải một cách chính xác và minh bạch nhất.
Kiểu dáng tối giản, an toàn với tông màu phù hợp trẻ em
Điện thoại trẻ em Masstel Alfa 5 có thiết kế mỏng nhẹ, vừa vặn trong tay trẻ với giao diện được tối giản hóa. Smartphone này giúp trẻ em dễ dàng làm quen và sử dụng ngay từ lần đầu tiếp xúc mà không gặp khó khăn về thao tác.
Bên cạnh đó, nút SOS khẩn cấp được tích hợp đặc biệt cho phép trẻ gửi tín hiệu cầu cứu và vị trí hiện tại chỉ với một lần chạm. Tính năng này mang lại sự an toàn cho trẻ em trong những tình huống bất ngờ. Sản phẩm điện thoại có hai màu xanh dương và hồng, phù hợp với sở thích cả bé trai lẫn bé gái, mang lại sự thích thú khi sử dụng.
Điện thoại Masstel Alfa 5 khi nào ra mắt?
Điện thoại trẻ em Masstel Alfa 5 chính thức được giới thiệu ra thị trường vào năm 2025 như một giải pháp thiết bị an toàn cho trẻ em Việt. Mục tiêu chính của sản phẩm này nhằm hỗ trợ các bậc cha mẹ trong việc quản lý và bảo vệ con em một cách hiệu quả. Điện thoại được thiết kế để trẻ có được phương tiện liên lạc tiện lợi với gia đình mà vẫn đảm bảo tính an toàn.
Điện thoại Masstel Alfa 5 giá bán bao nhiêu tiền?
Điện thoại trẻ em Masstel Alfa 5 có mức giá hơn 1 triệu đồng tại hệ thống cửa hàng CellphoneS, đây là mức giá cạnh tranh trong phân khúc smartphone theo dõi dành cho trẻ em. 
Chi tiết giá bán Masstel Alfa 5 tại CellphoneS tháng 04/2026 như sau:
Sản phẩm nằm ở phân khúc giá rẻ, phù hợp với ngân sách của hầu hết cha mẹ Việt Nam hiện nay. Với mức giá này, cha mẹ có thể dễ dàng đầu tư cho con một thiết bị liên lạc an toàn và hữu ích.
Mua điện thoại trẻ em Masstel Alfa 5 chính hãng tại CellphoneS
Điện thoại Masstel Alfa 5 nổi bật với thiết kế thân thiện trẻ em cùng những tính năng bảo vệ an toàn dành riêng cho học sinh. Khách hàng mua tại CellphoneS sẽ sở hữu sản phẩm chính hãng cùng các khuyến mại. Người mua được đảm bảo về chất lượng sản phẩm, chế độ bảo hành và dịch vụ hỗ trợ chuyên nghiệp bất cứ lúc nào. Đặc biệt, đối tượng học sinh, sinh viên có thể tận hưởng chương trình giảm giá riêng khi đến CellphoneS để mua sắm.","{""Màn hình"": [{""name"": ""Kích thước màn hình"", ""value"": ""3.5 inches""}, {""name"": ""Công nghệ màn hình"", ""value"": ""IPS LCD""}, {""name"": ""Độ phân giải màn hình"", ""value"": ""240 x 320 pixels""}, {""name"": ""Tính năng màn hình"", ""value"": ""262K màu""}], ""Vi xử lý & đồ họa"": [{""name"": ""Chipset"", ""value"": ""ASR""}], ""RAM & lưu trữ"": [{""name"": ""Bộ nhớ trong"", ""value"": ""128 MB""}, {""name"": ""Khe cắm thẻ nhớ"", ""value"": ""Có (kèm thẻ nhớ 128 MB)""}], ""Pin & công nghệ sạc"": [{""name"": ""Pin"", ""value"": ""1750 mAh""}, {""name"": ""Cổng sạc"", ""value"": ""Micro-USB""}], ""Giao tiếp & kết nối"": [{""name"": ""Thẻ SIM"", ""value"": ""Nano-SIM""}, {""name"": ""Hỗ trợ mạng"", ""value"": ""4G""}, {""name"": ""GPS"", ""value"": ""Có\nĐịnh vị kép, theo dõi hành trình""}], ""Camera sau"": [{""name"": ""Quay video"", ""value"": ""Hỗ trợ""}, {""name"": ""Tính năng camera"", ""value"": ""Gọi video, chụp ảnh cơ bản""}], ""Camera trước"": [{""name"": ""Quay video trước"", ""value"": ""Hỗ trợ gọi video""}], ""Thông số khác"": [{""name"": ""Công nghệ - Tiện ích"", ""value"": ""Nút SOS khẩn cấp\nChế độ lớp học\nTin nhắn thoại & trò chuyện nhóm\nQuản lý từ xa qua ứng dụng Hi Masstel""}, {""name"": ""Tiện ích khác"", ""value"": ""Báo thức\nMáy tính""}, {""name"": ""Công nghệ âm thanh"", ""value"": ""Loa Box 1.5W, thoại HD""}]}","[""https://cdn2.cellphones.com.vn/x/media/catalog/product/s/l/slider-masstel-alfa-5.jpg"", ""https://cdn2.cellphones.com.vn/x/media/catalog/product/s/l/slider-masstel-alfa-5-1.jpg"", ""https://cdn2.cellphones.com.vn/x/media/catalog/product/s/l/slider-masstel-alfa-5-2.jpg""]","{""product_color_1"": {""color"": ""Xanh"", ""image_url"": ""https://cellphones.com.vn/dien-thoai-masstel-alfa-5.html?product_id=110988"", ""price"": ""1.050.000₫""}, ""product_color_2"": {""color"": ""Vàng"", ""image_url"": ""https://cellphones.com.vn/dien-thoai-masstel-alfa-5.html?product_id=110987"", ""price"": ""1.050.000₫""}}"
Masstel Izi 15 4G,masstel-izi-15,450.000đ,420.000đ,"Đặc điểm nổi bật của Masstel Izi 15 4G
Masstel IZI 15 sở hữu 2 SIM 2 sóng cùng với đó là khả năng lưu danh bạ lên tới 2.000 số và tốc độ kết nối 4G cực nhanh, đặc biệt chế độ HD Call vô cùng ấn tượng. Tất cả những trang bị này giúp mọi trải nghiệm sử dụng của bạn được trở nên mượt mà, sắc nét cũng như đảm bảo được tính ổn định tối ưu. Chắc chắn điện thoại Masstel này sẽ là lựa chọn hoàn hảo cho những ai đang tìm kiếm một chiếc điện thoại phụ cho riêng mình.
Nội dung chính
1. Masstel IZI 15 4G nghe gọi ổn định, pin siêu trâu
1.1. Dung lượng pin cực trâu, thời gian sạc nhanh chóng
1.2. Camera và khả năng chụp trên Masstel IZI 15 4G
1.3. Bộ nhớ siêu khủng với dung lượng lưu trữ tới 2000 danh bạ
1.4. Màn hình đẹp mắt, chất lượng rõ ràng
1.5. Thiết kế nhỏ gọn và nhiều màu sắc ấn tượng
2. Điện thoại Masstel Izi 15 4G giá bao nhiêu?
3. Masstel Izi 15 4G khi nào ra mắt?
4. Mua ngay điện thoại Masstel Izi 15 4G uy tín, chất lượng với giá thành ưu đãi tại CellphoneS
Masstel IZI 15 4G nghe gọi ổn định, pin siêu trâu
Masstel IZI 15 4G là mẫu điện thoại thuộc phân khúc phổ thông mà hãng mang tới cho người dùng. Với giá thành siêu rẻ nhưng vẫn đảm bảo đầy đủ về chất lượng cũng như những tiện ích đây sẽ là sản phẩm đáp ứng được tối đa nhu cầu sử dụng của người dùng. Hãy cùng tìm hiểu những đặc điểm trên mẫu điện thoại này nhé.
Dung lượng pin cực trâu, thời gian sạc nhanh chóng
Masstel IZI 15 sở hữu viên pin 1.000 mAh như những mẫu điện thoại phổ thông khác trên thị trường. Từ đó mang tới thời lượng sử dụng bền bỉ trong vòng nhiều ngày chỉ với một lần sạc, đủ để đáp ứng tốt các nhu cầu nghe gọi, nhắn tin hay nghe nhạc, FM,… của người dùng. 
Hơn thế nữa, thời gian sạc pin nhanh chóng giúp bạn tiết kiệm được tối đa thời gian chờ. Điều này giúp bạn không phải thường xuyên nạp năng lượng để đảm bảo được thiết bị luôn luôn trong tình trạng sẵn sàng khi cần đến.
Camera và khả năng chụp trên Masstel IZI 15 4G
Trên Masstel IZI 15 4G không được trang bị khả năng chụp ảnh, tuy nhiên chúng lại được tích hợp rất nhiều tính năng ấn tượng và vô cùng chất lượng. Trong đó phải kể tới tính năng radio với nội dung FM đa dạng và phong phú.
Với tính năng radio này, bạn có thể thỏa sức để tận hưởng các nội dung FM vô cùng đa dạng, phong phú theo ý thích của mình ở mọi lúc, mọi nơi. Hơn thế các tin tức giao thông sẽ được cập nhật liên tục, tin tức thời tiết cập nhật hàng ngày. Đặc biệt bạn còn có thể nghe nhạc nhanh chóng mà không cần nhìn chăm chú trên màn hình.
Bộ nhớ siêu khủng với dung lượng lưu trữ tới 2000 danh bạ
So với các dòng điện thoại phổ thông khác thì Masstel thể hiện được sự vượt trội trong bộ nhớ và dung lượng lưu trữ. Bạn có thể lưu tới 2000 danh bạ giúp cho việc liên lạc với bạn bè, người thân được dễ dàng hơn.
Hơn thế khả năng kết nối 4G thế hệ mới mang tới những giây phút trải nghiệm, đàm thoại ổn định và liền mạch. Hơn thế, chất lượng âm thanh vô cùng trung thực giúp bạn cảm nhận được chính xác giọng nói từ đầu dây bên kia.
Màn hình đẹp mắt, chất lượng rõ ràng
Masstel Izi 15 4G có khá được ưu ái khi sở hữu màn hình 1.77 inch đi cùng đó là độ phân giải 128 x 160 pixel. Điện thoại có khả năng hiển thị tới 262.000 gam màu. Chính vì vậy bạn sẽ có thêm trải nghiệm thị giác với chất lượng hình ảnh rõ ràng và đẹp mắt.
Hơn thế nữa, trên điện thoại còn sở hữu giao diện người dùng được thiết kế với phông chữ lớn giúp người dùng nhìn rất rõ ràng. Cho dù đó là khách hàng lớn tuổi cũng hoàn toàn có thể đọc hiểu cũng như thao tác được một cách nhanh chóng.
Thiết kế nhỏ gọn và nhiều màu sắc ấn tượng
Masstel Izi 15 mang trên mình thiết kế nhỏ gọn và vô cùng quen thuộc. Kiểu dáng của máy cũng rất vừa tay người dùng. Do đó, bạn có thể mang theo đến bất kỳ nơi nào mà cũng vô cùng thuận tiện. Bàn phím dễ nhìn, chế độ đèn pin tiện ích,... Tất cả các tính năng đều giúp bạn có được trải nghiệm thuận tiện và hữu ích.
Chưa dừng lại ở đó, Masstel Izi 15 4G còn mang đến rất nhiều lựa chọn màu sắc khác nhau như: Đỏ, Xanh Đen giúp phù hợp với nhiều lứa tuổi và đảm bảo được tính thẩm mĩ.
Điện thoại Masstel Izi 15 4G giá bao nhiêu?
Masstel Izi 15 4G là mẫu điện thoại phổ thông với giá thành cực mềm. Bạn chỉ cần bỏ ra khoảng 500.000 đ là đã có thể sở hữu chiếc điện thoại chất lượng với dung lượng pin vô cùng ấn tượng.
Hơn thế nữa nhiều tính năng tiện ích cùng với đó là màn hình chất lượng, kiểu dáng tiện ích linh hoạt. Tất cả sẽ giúp bạn có được trải nghiệm hoàn hảo, là lựa chọn phụ ấn tượng bên cạnh chiếc smartphone của mình. Hoặc đây sẽ là mẫu điện thoại mà những người lớn tuổi không nên bỏ lỡ.
Bên cạnh IZI 15, Masstel cũng vừa cho ra mắt thế hệ IZI 30 4G cũng thuộc phân khúc phổ thông giá rẻ cực dễ sử dụng. Xem ngay giá Masstel IZI 30 tại CellphoneS!
Masstel Izi 15 4G khi nào ra mắt?
Hiện tại điện thoại Masstel Izi 15 4G đã được phân phối trên thị trường. Bạn có thể đến các cửa hàng chuyên phân phối điện thoại chính hãng, uy tín trên toàn quốc để xem, sở hữu với mức giá tốt cùng nhiều ưu đãi chất lượng nhất.
Ngoài ra, với màu sắc đa dạng nhã nhặn phù hợp với mọi đối tượng sử dụng. Cho dù là người trẻ tuổi hay bất kỳ ai cũng đều có thể lựa chọn được màu sắc ưng ý để tự tin mang theo và có thể thoải mái sử dụng mỗi ngày.
Mua ngay điện thoại Masstel Izi 15 4G uy tín, chất lượng với giá thành ưu đãi tại CellphoneS
Điện thoại Masstel Izi 15 4G phổ thông với những tính năng tiện ích, ấn tượng. Đặc biệt giá thành siêu rẻ cùng nhiều ưu đãi hấp dẫn chỉ có tại CellphoneS. Bạn hãy đến ngay cửa hàng gần nhất để xem, dùng thử và sở hữu ngay về tay nhé.","{""Màn hình"": [{""name"": ""Kích thước màn hình"", ""value"": ""1.77 inches""}, {""name"": ""Tính năng màn hình"", ""value"": ""QQVGA""}], ""Vi xử lý & đồ họa"": [{""name"": ""Chipset"", ""value"": ""Unisoc UMS9117""}, {""name"": ""GPU"", ""value"": ""RAM 48 MB, ROM 128 MB""}], ""Pin & công nghệ sạc"": [{""name"": ""Pin"", ""value"": ""1000 mAh""}], ""Giao tiếp & kết nối"": [{""name"": ""Thẻ SIM"", ""value"": ""2 SIM (Nano-SIM)""}, {""name"": ""Jack tai nghe 3.5"", ""value"": ""Có""}, {""name"": ""Hỗ trợ mạng"", ""value"": ""4G""}], ""Kích thước & Trọng lượng"": [{""name"": ""Kích thước"", ""value"": ""120 x 50 x 14 mm""}, {""name"": ""Trọng lượng"", ""value"": ""76 g""}], ""Thiết kế & Trọng lượng"": [{""name"": ""Chất liệu mặt lưng"", ""value"": ""Nhựa""}, {""name"": ""Chất liệu khung viền"", ""value"": ""Nhựa""}], ""RAM & lưu trữ"": [{""name"": ""Khe cắm thẻ nhớ"", ""value"": ""MicroSD, hỗ trợ tối đa 128 GB""}], ""Cổng kết nối"": [{""name"": ""Bluetooth"", ""value"": ""v5.1""}], ""Thông số khác"": [{""name"": ""Tiện ích khác"", ""value"": ""Danh bạ: 2000 số, Mạng di động: Hỗ trợ 4G VoLTE,FM""}], ""Thông tin chung"": [{""name"": ""Thời điểm ra mắt"", ""value"": ""2023""}]}","[""https://cdn2.cellphones.com.vn/x/media/catalog/product/m/a/masstel_izi_15_4g_-_3.png"", ""https://cdn2.cellphones.com.vn/x/media/catalog/product/m/a/masstel_izi_15_4g_-_2.png"", ""https://cdn2.cellphones.com.vn/x/media/catalog/product/m/a/masstel_izi_15_4g_-_1.png""]","{""product_color_1"": {""color"": ""Đen"", ""image_url"": ""https://cellphones.com.vn/masstel-izi-15.html?product_id=78066"", ""price"": ""420.000₫""}, ""product_color_2"": {""color"": ""Xanh"", ""image_url"": ""https://cellphones.com.vn/masstel-izi-15.html?product_id=78067"", ""price"": ""420.000₫""}}"
Masstel Fami 8 4G,dien-thoai-masstel-fami-8,N/A,N/A,"Đặc điểm nổi bật của Masstel Fami 8 4G
Masstel Fami 8 có kích thước 115 x 53 x 14.9 mm và trọng lượng chỉ 92g (bao gồm pin). Máy được trang bị màn hình màu 1.77 inch hiển thị rõ ràng, hỗ trợ 2 SIM tiện lợi. Sản phẩm điện thoại Masstel sở hữu viên pin dung lượng 1400mAh, tích hợp loa ngoài công suất lớn (2030 BOX), hỗ trợ đèn pin LED kép, tính năng đọc số bằng giọng nói và phím SOS khẩn cấp. Máy còn hỗ trợ FM không cần tai nghe, ghi âm cuộc gọi, kết nối Bluetooth và thẻ nhớ ngoài tới 128GB.
Nội dung chính
1. Điện thoại Masstel Fami 8 - Chiếc điện thoại “nhỏ nhưng có võ” cho người lớn tuổi
1.1. Viên pin dung lượng lớn 1400mAh
1.2. Màn hình màu dễ quan sát
2. Điện thoại Masstel Fami 8 ra mắt khi nào?
3. Điện thoại Masstel Fami 8 giá bao nhiêu?
4. Mua ngay điện thoại Masstel Fami 8 giá rẻ tại CellphoneS
Điện thoại Masstel Fami 8 - Chiếc điện thoại “nhỏ nhưng có võ” cho người lớn tuổi
Masstel Fami 8 là mẫu điện thoại phổ thông do thương hiệu Masstel phát hành, nổi bật với thiết kế nhỏ gọn, loa ngoài lớn và nhiều tính năng hữu ích. Với thiết kế đơn giản, hiệu năng ổn định và mức giá phải chăng, đây là lựa chọn hợp lý dành cho người lớn tuổi và người dùng phổ thông.
Viên pin dung lượng lớn 1400mAh
Masstel Fami 8 được trang bị viên pin dung lượng 1400mAh – con số khá ấn tượng với một chiếc điện thoại phổ thông, cho phép sử dụng liên tục trong 3 đến 5 ngày. Nếu chỉ dùng nghe gọi cơ bản, thời gian chờ của máy có thể lên đến 7 ngày, giúp người lớn tuổi yên tâm sử dụng mà không lo hết pin giữa chừng.
Bên cạnh các chức năng cơ bản như gọi điện và nhắn tin, Masstel Fami 8 còn tích hợp nhiều tiện ích hữu dụng như: đèn pin kép, radio FM không cần tai nghe, tính năng đọc số bằng giọng nói và phím SOS khẩn cấp. Masstel Fami 8 cũng hỗ trợ thẻ nhớ ngoài lên đến 128GB và có khả năng ghi âm cuộc gọi, mang đến trải nghiệm vượt ngoài mong đợi trong phân khúc điện thoại phổ thông.
Màn hình màu dễ quan sát
Điện thoại Masstel Fami 8 còn sở hữu màn hình màu 1.77 inch, đủ độ sáng để dễ nhìn trong nhiều điều kiện ánh sáng khác nhau, hỗ trợ người già quan sát nội dung dễ dàng hơn. Phía dưới là phần bàn phím có thiết kế các nút ấn lớn và rõ ràng, bấm nhạy, đem lại sự thuận tiện trong việc thao tác cho các khách hàng lớn tuổi.
Masstel Fami 8 có thiết kế nhỏ gọn, vừa tay với trọng lượng chỉ khoảng 92g, rất phù hợp với người lớn tuổi thường có thói quen mang theo điện thoại trong túi áo hoặc ví nhỏ. Bên cạnh đó, máy còn có kiểu dáng bo tròn ở các góc, giúp cầm nắm thoải mái và giảm nguy cơ rơi vỡ trong quá trình sử dụng hàng ngày.
Điện thoại Masstel Fami 8 ra mắt khi nào?
Vào cuối năm 2023, Masstel chính thức trình làng dòng điện thoại Masstel Fami 8 nhằm phục vụ phân khúc người cao tuổi và người dùng cơ bản. Đây là thời điểm thị trường thiếu vắng các sản phẩm tối ưu cho nhóm người dùng này, nên sự xuất hiện của Fami 8 nhanh chóng thu hút sự chú ý.
Ra mắt đúng lúc và đúng đối tượng, Masstel Fami 8 đã cho thấy sự thấu hiểu tâm lý người lớn tuổi: từ giao diện dễ dùng, bàn phím chữ to đến loa ngoài rõ ràng và có phím SOS. Với một mức giá phải chăng, chiếc điện thoại này rất nhanh đã thu hút được sự yêu thích của số đông khách hàng.
Điện thoại Masstel Fami 8 giá bao nhiêu?
Điện thoại Masstel Fami 8 hiện được bán ra với mức giá cực kỳ hợp lý chỉ khoảng 550.000 đồng ở thời điểm ở bán. Với tầm giá dưới 600.000 đồng, đây là lựa chọn lý tưởng cho người cao tuổi, học sinh cần điện thoại phụ, hoặc bất kỳ ai đang tìm một chiếc máy nghe gọi cơ bản.
Thuộc dòng điện thoại phổ thông, Masstel Fami 8 vẫn trang bị nhiều tính năng vượt mong đợi như màn hình màu, loa ngoài lớn, bàn phím nhạy và hỗ trợ đọc số bằng giọng nói. Với mức giá rất hợp lý, sản phẩm vẫn đảm bảo chất lượng ổn định, vượt qua kỳ vọng của người dùng trong phân khúc điện thoại phổ thông.
Mua ngay điện thoại Masstel Fami 8 giá rẻ tại CellphoneS
Điện thoại Masstel Fami 8 sẽ là cái tên không thể bỏ lỡ nếu khách hàng đang tìm kiếm một chiếc điện thoại bền bỉ cho người lớn tuổi. Tại hệ thống CellphoneS, khách hàng có thể yên tâm mua được sản phẩm nàyvới đầy đủ chính sách bảo hành, hậu mãi uy tín. Dịch vụ giao hàng nhanh cùng loạt ưu đãi sẽ giúp người dùng sở hữu Masstel Fami 8 với giá tốt. Vì vậy, nếu ưng ý chiếc điện thoại này, hãy ghé mua hàng tại CellphoneS để có trải nghiệm tốt nhé!","{""Màn hình"": [{""name"": ""Kích thước màn hình"", ""value"": ""1.77 inches""}, {""name"": ""Độ phân giải màn hình"", ""value"": ""128 x 160 pixels""}, {""name"": ""Tính năng màn hình"", ""value"": ""Công nghệ màn hình: QQVGA\n262K màu""}], ""Vi xử lý & đồ họa"": [{""name"": ""Chipset"", ""value"": ""UNISOC T107""}], ""RAM & lưu trữ"": [{""name"": ""Bộ nhớ trong"", ""value"": ""128 MB""}, {""name"": ""Khe cắm thẻ nhớ"", ""value"": ""Hỗ trợ tối đa 128GB""}], ""Pin & công nghệ sạc"": [{""name"": ""Pin"", ""value"": ""1400 mAh""}, {""name"": ""Cổng sạc"", ""value"": ""Micro-USB""}], ""Giao tiếp & kết nối"": [{""name"": ""Thẻ SIM"", ""value"": ""2 Nano-SIM""}, {""name"": ""Jack tai nghe 3.5"", ""value"": ""Có""}, {""name"": ""Hỗ trợ mạng"", ""value"": ""4G""}], ""Kích thước & Trọng lượng"": [{""name"": ""Kích thước"", ""value"": ""115 x 53 x 14.9 mm""}, {""name"": ""Trọng lượng"", ""value"": ""92g""}], ""Thiết kế & Trọng lượng"": [{""name"": ""Chất liệu mặt lưng"", ""value"": ""Nhựa""}, {""name"": ""Chất liệu khung viền"", ""value"": ""Nhựa""}], ""Cổng kết nối"": [{""name"": ""Bluetooth"", ""value"": ""V5.1""}], ""Thông số khác"": [{""name"": ""Công nghệ - Tiện ích"", ""value"": ""Chữ to, bàn phím dễ sử dụng\nĐèn pin LED sáng\nNghe FM không cần tai nghe\nHD Call\nXem lịch âm tiện lợi""}, {""name"": ""Tiện ích khác"", ""value"": ""Danh bạ 2000 số\nHỗ trợ 4G""}]}","[""https://cdn2.cellphones.com.vn/x/media/catalog/product/s/l/slider-masstel-fami-8.jpg"", ""https://cdn2.cellphones.com.vn/x/media/catalog/product/s/l/slider-masstel-fami-8-1.jpg"", ""https://cdn2.cellphones.com.vn/x/media/catalog/product/s/l/slider-masstel-fami-8-2.jpg""]","{""product_color_1"": {""color"": ""Xanh"", ""image_url"": ""https://cellphones.com.vn/dien-thoai-masstel-fami-8.html?product_id=109851"", ""price"": ""570.000₫""}, ""product_color_2"": {""color"": ""Đen"", ""image_url"": ""https://cellphones.com.vn/dien-thoai-masstel-fami-8.html?product_id=109850"", ""price"": ""570.000₫""}}"
Masstel izi T5 plus 4G,dien-thoai-masstel-izi-t5-plus,N/A,N/A,"Đặc điểm nổi bật của Masstel izi T5 plus 4G
Điện thoại Masstel izi T5 Plus có màn hình 2.4 inches QVGA, thiết kế truyền thống đơn giản với các nút vật lý to dễ thao tác, hỗ trợ HD Call chất lượng. Sản phẩm điện thoại Masstel sở hữu pin 2300mAh, thời gian chờ đến 18 ngày. Thiết bị còn được trang bị loa ngoài 2030 Box có công suất lớn, tối ưu âm thanh đàm thoại.
Nội dung chính
1. Điện thoại Masstel izi T5 Plus - Cơ bản, dễ dùng
1.1. Pin trâu, thời gian chờ đến 18 ngày
1.2. Lưu trữ đủ dùng, có hỗ trợ thẻ gắn ngoài
1.3. Màn hình TFT kích thước 2.4 inches hiển thị tốt
1.4. Điện thoại cơ bản, thiết kế gọn gàng, thuận tiện cầm nắm
2. Điện thoại Masstel izi T5 Plus khi nào ra mắt?
3. Điện thoại Masstel izi T5 Plus giá bán bao nhiêu tiền?
4. Mua điện thoại Masstel izi T5 Plus giá rẻ, chính sách tốt tại CellphoneS
Điện thoại Masstel izi T5 Plus - Cơ bản, dễ dùng
Điện thoại Masstel izi T5 Plus hướng đến người dùng chỉ cần các nhu cầu liên lạc cơ bản, dễ dùng, phù hợp với người lớn tuổi, học sinh. Sản phẩm không tập trung vào các tính năng giải trí mà chú trọng sự đơn giản, thích hợp làm thiết bị liên lạc phụ bên cạnh smartphone.
Pin trâu, thời gian chờ đến 18 ngày
Điện thoại Masstel izi T5 Plus sở hữu viên pin 2300mAh mạnh mẽ và có thể tháo rời được vì vậy người dùng có thể thay thế linh kiện linh hoạt. Thời gian đàm thoại khoảng 6-8 giờ (tùy thuộc tần suất) nên không cần lo lắng bị gián đoạn.
Thời gian chờ lên đến 18 ngày (tùy điều kiện sử dụng) là ưu thế nổi bật của Masstel izi T5 Plus so với smartphone, giúp người dùng không cần sạc thường xuyên. Máy cũng được trang bị cổng sạc Type-C hiện đại, hỗ trợ nạp pin nhanh hơn.
Lưu trữ đủ dùng, có hỗ trợ thẻ gắn ngoài
Máy hỗ trợ lưu trữ danh bạ, tin nhắn và các tệp cơ bản. Người dùng có thể lưu tối đa 2.000 số, đảm bảo không bỏ lỡ các liên hệ quan trọng.
Masstel izi T5 Plus hỗ trợ thẻ nhớ microSD tối đa 32GB, cho phép lưu trữ thêm nhạc chuông, ảnh và các dữ liệu cá nhân cơ bản.
Màn hình TFT kích thước 2.4 inches hiển thị tốt
Điện thoại Masstel izi T5 Plus có màn hình TFT với kích thước là 2.4 inches, độ phân giải 240 x 320 pixels rõ nét. Phông chữ lớn giúp người dùng dễ dàng quan sát thông tin, đặc biệt hữu ích với người lớn tuổi hoặc người có thị lực hạn chế.
Các ký tự và biểu tượng trong menu được bố trí rõ ràng, giúp người lớn tuổi, học sinh hay người ít sử dụng thiết bị công nghệ dễ dàng làm quen. Màn hình cũng hiển thị tốt ngoài trời nhờ độ sáng tối ưu. Hiển thị tốt khi ở ngoài trời nhờ độ sáng tối ưu.
Điện thoại cơ bản, thiết kế gọn gàng, thuận tiện cầm nắm
Điện thoại Masstel izi T5 Plus sở hữu kiểu dáng truyền thống với kích thước gọn gàng, dễ cầm nắm và sử dụng bằng một tay. Các nút bấm vật lý được thiết kế to, rõ, sắp xếp hợp lý để giúp người dùng thao tác chính xác.
Tổng thể máy có thiết kế đơn giản nhưng chắc chắn và bền bỉ, giúp kéo dài tuổi thọ. Điện thoại cũng có 2 màu cơ bản Xanh, Đen cho vẻ ngoài tinh tế.
Điện thoại Masstel izi T5 Plus khi nào ra mắt?
Điện thoại Masstel izi T5 Plus đã ra mắt và đang được bán chính hàng tại nhiều cửa hàng phân phối trên thị trường Việt Nam. Sản phẩm nhận được sự yêu thích từ đông đảo khách hàng.
Đây là sự lựa chọn lý tưởng dành cho những ai chỉ cần một thiết bị liên lạc cơ bản, người lớn tuổi, học sinh. Khách hàng có thể tìm mua máy chính hãng đang có nhiều ưu đãi tại CellphoneS.
Điện thoại Masstel izi T5 Plus giá bán bao nhiêu tiền?
Điện thoại Masstel izi T5 Plus có giá bán khoảng 500.000 VNĐ, thuộc phân khúc giá rẻ dễ tiếp cận. Sản phẩm đáp ứng nhu cầu nghe gọi tốt, dễ dàng sở hữu mà không cần lo lắng chi phí.
Trong cùng tầm giá này, người dùng có thể xem thêm nhiều dòng điện thoại phổ thông khác từ Masstel. Tại CellphoneS đang có nhiều model được yêu thích Masstel izi 16, Masstel Fami 8, Masstel izi T2,....
Mua điện thoại Masstel izi T5 Plus giá rẻ, chính sách tốt tại CellphoneS
Điện thoại Masstel izi T5 Plus là lựa chọn lý tưởng dành cho những ai cần một thiết bị cơ bản, giá rẻ, đủ chức năng nghe gọi, nhắn tin. Khách hàng hãy đến ngay CellphoneS để sở hữu sản phẩm với nhiều chương trình ưu đãi, minh bạch xuất xứ, chất lượng. Ngoài ra, CellphoneS cũng có website dành cho khách mua trực tuyến là cellphones.com.vn. Chọn CellphoneS, quý khách sẽ có trải nghiệm mua sắm yên tâm, tiện lợi, giá cạnh tranh.","{""Màn hình"": [{""name"": ""Kích thước màn hình"", ""value"": ""2.4 inches""}, {""name"": ""Độ phân giải màn hình"", ""value"": ""240 x 320 pixels""}], ""Vi xử lý & đồ họa"": [{""name"": ""Chipset"", ""value"": ""UNISOC T107""}], ""Pin & công nghệ sạc"": [{""name"": ""Pin"", ""value"": ""2300 mAh""}, {""name"": ""Công nghệ sạc"", ""value"": ""Sạc thường (qua cổng microUSB)""}], ""Giao tiếp & kết nối"": [{""name"": ""Thẻ SIM"", ""value"": ""2 SIM (Nano-SIM)""}, {""name"": ""Jack tai nghe 3.5"", ""value"": ""Có""}, {""name"": ""Hỗ trợ mạng"", ""value"": ""4G""}], ""Thiết kế & Trọng lượng"": [{""name"": ""Chất liệu mặt lưng"", ""value"": ""Nhựa""}, {""name"": ""Chất liệu khung viền"", ""value"": ""Nhựa""}], ""RAM & lưu trữ"": [{""name"": ""Khe cắm thẻ nhớ"", ""value"": ""MicroSD, hỗ trợ tối đa 32 GB""}], ""Cổng kết nối"": [{""name"": ""Bluetooth"", ""value"": ""Có""}], ""Thông số khác"": [{""name"": ""Công nghệ - Tiện ích"", ""value"": ""FM không dây\nMàn hình hiển thị rõ, chữ lớn\nĐèn pin chiếu sáng\nXem lịch âm""}]}","[""https://cdn2.cellphones.com.vn/x/media/catalog/product/s/l/slider-masstel-izi-t5-plus-4g.jpg"", ""https://cdn2.cellphones.com.vn/x/media/catalog/product/s/l/slider-masstel-izi-t5-plus-4g-1.jpg"", ""https://cdn2.cellphones.com.vn/x/media/catalog/product/s/l/slider-masstel-izi-t5-plus-4g-2.jpg""]","{""product_color_1"": {""color"": ""Đen/Đỏ"", ""image_url"": ""https://cellphones.com.vn/dien-thoai-masstel-izi-t5-plus.html?product_id=111366"", ""price"": ""530.000₫""}, ""product_color_2"": {""color"": ""Xanh"", ""image_url"": ""https://cellphones.com.vn/dien-thoai-masstel-izi-t5-plus.html?product_id=111367"", ""price"": ""530.000₫""}, ""product_color_3"": {""color"": ""Đen"", ""image_url"": ""https://cellphones.com.vn/dien-thoai-masstel-izi-t5-plus.html?product_id=111365"", ""price"": ""530.000₫""}}"
Masstel izi 22,dien-thoai-masstel-izi-22,N/A,N/A,"Đặc điểm nổi bật của Masstel izi 22
Điện thoại Masstel izi 22 được tích hợp công nghệ VoLTE hiện đại, cuộc gọi HD call chất lượng cao mang đến trải nghiệm nghe gọi ổn định. Thiết kế gọn nhẹ của máy giúp thao tác dễ dàng, phù hợp với mọi đối tượng người dùng. Pin 1000 mAh đem lại thời gian sử dụng lâu dài, hỗ trợ liên lạc bền bỉ trong nhiều ngày.
Nội dung chính
1. Điện thoại Masstel izi 22 – Điện thoại 4G phổ thông nhỏ gọn, dễ dùng
1.1. Pin bền bỉ, thời gian sử dụng lâu
1.2. Dung lượng bộ nhớ lưu trữ thoải mái
1.3. Màn hình rõ nét, hiển thị dễ quan sát
1.4. Thiết kế nhỏ gọn, phù hợp mọi đối tượng
2. Điện thoại Masstel izi 22 khi nào ra mắt?
3. Điện thoại Masstel izi 22 giá bán bao nhiêu?
4. So sánh điện thoại Masstel izi 22 và Masstel izi 20
5. Mua điện thoại Masstel izi 22 giá rẻ, giao nhanh 2 giờ tại CellphoneS
Điện thoại Masstel izi 22 – Điện thoại 4G phổ thông nhỏ gọn, dễ dùng
Masstel izi 22 hướng đến người dùng cần một thiết bị đơn giản, dễ sử dụng. Mẫu điện thoại Masstel với nhiều công nghệ trang bị giúp quá trình sử dụng thuận lợi, tối ưu liên lạc hàng ngày.
Pin bền bỉ, thời gian sử dụng lâu
Điện thoại Masstel izi 22 sở hữu viên pin dung lượng 1000 mAh, giúp duy trì hoạt động ổn định trong thời gian dài. Người dùng có thể thoải mái nghe gọi, nhắn tin hoặc bật FM mà không lo hết pin nhanh chóng. 
Hai phiên bản màu xanh nổi bật của Masstel IZI 22
Bên cạnh đó, máy còn có khả năng chờ lên đến nhiều ngày, đáp ứng tốt nhu cầu liên lạc cơ bản. Với mức pin này, người sử dụng lớn tuổi hoặc người thường xuyên di chuyển sẽ yên tâm hơn trong quá trình sử dụng hàng ngày. 
Pin được tối ưu để tiêu thụ năng lượng thấp, nhờ vậy thời gian sử dụng thực tế vẫn duy trì ổn định dù tần suất nghe gọi cao. Ngoài ra, người dùng có thể sạc ổn định qua cổng tiêu chuẩn, giúp việc nạp năng lượng tiện lợi hơn trong mọi tình huống.
Dung lượng bộ nhớ lưu trữ thoải mái
Điện thoại Masstel izi 22 hỗ trợ lưu danh bạ lên đến 300 số và mở rộng thẻ nhớ ngoài tối đa 32GB. Ưu điểm này của Masstel izi 22 cho phép người dùng dễ dàng lưu giữ thông tin liên hệ, hình ảnh hoặc tệp âm thanh yêu thích. 
So với nhiều mẫu điện thoại phổ thông khác, đây là dung lượng đáng kể giúp thao tác quản lý dữ liệu thuận tiện hơn. Nhờ vậy, Masstel izi 22 đáp ứng tốt nhu cầu sử dụng lâu dài mà không cần xóa bớt dữ liệu thường xuyên. 
Thiết kế bo tròn, bề mặt nhám chống trượt tay
Bộ nhớ mở rộng này còn đặc biệt hữu ích với người muốn lưu trữ nhạc, tệp ghi âm hay các nội dung giải trí nhẹ. Bên cạnh đó, máy vẫn duy trì tốc độ truy xuất ổn định, giúp quá trình sao chép và đọc dữ liệu diễn ra nhanh chóng, mượt mà hơn.
Màn hình rõ nét, hiển thị dễ quan sát
Màn hình 1.77 inch với độ phân giải QVGA (128×160 pixels) của điện thoại Masstel izi 22 giúp hiển thị nội dung rõ ràng trong nhiều điều kiện ánh sáng. Bảng màu 262.000 sắc độ mang lại khả năng tái hiện ký tự và biểu tượng sắc nét, giúp người lớn tuổi dễ đọc hơn. 
Cỡ chữ và biểu tượng trên giao diện Masstel IZI 22 được tối ưu, hạn chế lỗi thao tác khi nhấn phím. Nhờ đó, người dùng có thể xem tin nhắn, danh bạ hoặc giờ giấc mà không cần nheo mắt hay điều chỉnh quá nhiều. 
Mặt trước và sau thể hiện rõ phím lớn dễ bấm
Bên cạnh đó, độ sáng màn hình được tinh chỉnh hợp lý giúp tiết kiệm pin mà vẫn đảm bảo độ tương phản tốt. Việc hiển thị rõ ràng còn giúp người sử dụng thao tác nhanh hơn, đặc biệt trong những tình huống cần nghe gọi hoặc tìm danh bạ gấp.
Thiết kế nhỏ gọn, phù hợp mọi đối tượng
Điện thoại Masstel izi 22 được thiết kế với kiểu dáng thanh mảnh, dễ cầm nắm và thao tác bằng một tay. Các phím bấm tách biệt, độ nảy tốt giúp thao tác chính xác và thoải mái. 
Đèn pin LED siêu sáng hỗ trợ trong điều kiện thiếu sáng
Bên cạnh đó, máy còn được trang bị đèn pin LED siêu sáng, hỗ trợ sử dụng trong môi trường thiếu sáng. Với ba lựa chọn màu sắc gồm Đen, Xanh da trời và Xanh tím than, sản phẩm phù hợp cho cả người dùng trẻ lẫn người lớn tuổi cần thiết bị đơn giản mà vẫn tinh tế.
Điện thoại Masstel izi 22 khi nào ra mắt?
Điện thoại Masstel izi 22 đã được giới thiệu ra thị trường Việt Nam trong quý 4 năm 2025, nằm trong nhóm điện thoại 4G phổ thông của Masstel. Sản phẩm hiện đã được phân phối tại các hệ thống bán lẻ lớn như CellphoneS, mang đến lựa chọn tin cậy cho người cần thiết bị nghe gọi ổn định, giá tốt.
Màu xanh trẻ trung, phù hợp cho nhiều đối tượng người dùng
Điện thoại Masstel izi 22 giá bán bao nhiêu?
Hiện tại, điện thoại Masstel izi 22 sở hữu mức giá chỉ từ 470 nghìn đồng, phù hợp với người dùng cơ bản hoặc cần máy phụ để liên lạc. Giá có thể thay đổi tùy thời điểm khuyến mãi, chính sách ưu đãi tại các đại lý. Nhìn chung, máy mang đến giá trị sử dụng cao so với chi phí bỏ ra, đặc biệt khi so với các mẫu cùng phân khúc 4G.
Tên sản phẩm
Giá bán
Masstel izi 22
470.000đ
Phiên bản màu đen thanh lịch của Masstel IZI 22
So sánh điện thoại Masstel izi 22 và Masstel izi 20
Điện thoại Masstel izi 22 và Masstel izi 20 đều là feature phone 4G hỗ trợ VoLTE, nhưng định hướng tiện ích có khác biệt. IZI 22 nhấn mạnh trải nghiệm thoại HD và FM không dây, còn IZI 20 nổi bật với pin 1700 mAh và lưu trữ nhiều danh bạ, phù hợp người cần pin lớn và lưu nhiều liên hệ.
Thông số
Masstel izi 22
masstel izi 20 4g
Kích thước màn hình
1.77 inches
1.77 inches
Chipset
ASR Platform
Unisoc UMS9117
Công nghệ NFC
Không
Không
Pin
1000 (thời gian chờ 7-10 ngày)
1700 mAh
Độ phân giải màn hình
128 x 160 pixels
Tính năng màn hình
262K
Hiển thị rõ ràng, phông chữ lớn, dễ đọc
Giao diện hiển thị lịch âm rõ ràng, dễ quan sát
Nhìn chung, izi 20 phù hợp khi ưu tiên pin và dung lượng danh bạ, còn izi 22 hợp lý nếu đề cao chất lượng thoại HD và tiện ích FM không dây trong sử dụng hằng ngày. Cả hai đều dùng màn hình 1.77 inch QVGA, đáp ứng tốt nhu cầu hiển thị cơ bản của người dùng phổ thông.
Mua điện thoại Masstel izi 22 giá rẻ, giao nhanh 2 giờ tại CellphoneS
Điện thoại Masstel izi 22 chính hãng đang được phân phối tại hệ thống cửa hàng CellphoneS. Sản phẩm có nguồn gốc rõ ràng, phiếu bảo hành đầy đủ giúp người mua yên tâm hơn trong quá trình sử dụng. Ngoài ra, CellphoneS còn hỗ trợ chính sách đổi trả linh hoạt và nhiều chương trình trả góp 0% tiện lợi. Sở hữu model điện thoại phổ thông Masstel hiện đại, bền bỉ với giá hời ngay hôm nay tại CellphoneS!","{""Màn hình"": [{""name"": ""Kích thước màn hình"", ""value"": ""1.77 inches""}, {""name"": ""Độ phân giải màn hình"", ""value"": ""128 x 160 pixels""}, {""name"": ""Tính năng màn hình"", ""value"": ""262K\nHiển thị rõ ràng, phông chữ lớn, dễ đọc""}], ""Vi xử lý & đồ họa"": [{""name"": ""Chipset"", ""value"": ""ASR Platform""}], ""Giao tiếp & kết nối"": [{""name"": ""Công nghệ NFC"", ""value"": ""Không""}, {""name"": ""Hỗ trợ mạng"", ""value"": ""4G""}], ""Pin & công nghệ sạc"": [{""name"": ""Pin"", ""value"": ""1000 (thời gian chờ 7-10 ngày)""}], ""RAM & lưu trữ"": [{""name"": ""Khe cắm thẻ nhớ"", ""value"": ""Hỗ trợ thẻ nhớ đến 32GB""}], ""Thông số khác"": [{""name"": ""Tiện ích khác"", ""value"": ""FM không dây, đèn pin chiếu sáng, xem lịch âm""}, {""name"": ""Công nghệ âm thanh"", ""value"": ""Loa 2030 Box""}]}","[""https://cdn2.cellphones.com.vn/x/media/catalog/product/m/a/masstel-izi-22-8.jpg"", ""https://cdn2.cellphones.com.vn/x/media/catalog/product/m/a/masstel-izi-22-9.jpg"", ""https://cdn2.cellphones.com.vn/x/media/catalog/product/m/a/masstel-izi-22-10.jpg""]","{""product_color_1"": {""color"": ""Đen"", ""image_url"": ""https://cellphones.com.vn/dien-thoai-masstel-izi-22.html?product_id=116116"", ""price"": ""470.000₫""}, ""product_color_2"": {""color"": ""Xanh"", ""image_url"": ""https://cellphones.com.vn/dien-thoai-masstel-izi-22.html?product_id=116117"", ""price"": ""470.000₫""}}"
Masstel Izi S8,dien-thoai-masstel-izi-s8,N/A,N/A,"Đặc điểm nổi bật của Masstel Izi S8
Điện thoại Masstel Izi S8 sở hữu kết nối 4G hiện đại đi kèm màn hình 1.77 inch sắc nét giúp người dùng dễ dàng thao tác liên lạc hàng ngày hiệu quả. Thiết bị tích hợp viên pin dung lượng 1400mAh giúp duy trì thời gian chờ lên đến 7 ngày liên tục. Với danh bạ lưu trữ đến 2000 số, sản phẩm hỗ trợ quản lý liên lạc vô cùng thuận tiện.
Nội dung chính
1. Điện thoại Masstel Izi S8 - Đơn giản, bền bỉ và tiện lợi
1.1. Dung lượng pin tốt, thời gian chờ ấn tượng
1.2. Không gian lưu trữ danh bạ và dữ liệu rộng
1.3. Màn hình dễ nhìn và bàn phím dễ thao tác
1.4. Thiết kế gọn nhẹ, độ hoàn thiện tốt
1.5. Kết nối 4G hiện đại và hỗ trợ giải trí
2. Điện thoại Masstel Izi S8 khi nào sẽ ra mắt?
3. Điện thoại Masstel Izi S8 giá bao nhiêu tiền?
4. Mua ngay điện thoại Masstel Izi S8 chính hãng tại CellphoneS
Điện thoại Masstel Izi S8 - Đơn giản, bền bỉ và tiện lợi
Mẫu điện thoại Masstel tập trung tối ưu trải nghiệm nghe gọi nhờ hệ thống bàn phím lớn cùng giao diện thân thiện. Kiểu dáng máy mang đến sự chắc chắn và tính ổn định cao, đáp ứng tốt nhu cầu sử dụng của người dùng trong thời gian dài.
Dung lượng pin tốt, thời gian chờ ấn tượng
Điện thoại Masstel Izi S8 được trang bị pin Li-ion 1400mAh có thể tháo rời, cho phép sử dụng trong nhiều ngày mà không cần sạc thường xuyên. Nhờ khả năng thay thế và bảo trì pin dễ dàng, máy luôn duy trì hoạt động ổn định. Tính năng này thích hợp với những người hay đi công tác xa.
Pin dùng bền trong thời gian dài
Thiết bị này có thể đạt thời gian chờ lên tới 7 ngày và hỗ trợ đàm thoại liên tục từ 3 đến 4 giờ. Tuy nhiên, thời gian dùng pin còn phụ thuộc vào tần suất dùng của mỗi người. Người dùng cần khoảng 4 giờ 30 phút để nạp lại năng lượng cho máy thông qua cổng sạc Type-C tiện lợi.
Không gian lưu trữ danh bạ và dữ liệu rộng
Thiết bị sở hữu bộ nhớ ROM 128MB cùng RAM 48MB, hỗ trợ lưu trữ lên đến 2000 số điện thoại trong danh bạ. Việc tích hợp khả năng lưu trữ danh bạ rộng rãi trên điện thoại Masstel Izi S8 mang lại sự tiện lợi cho công việc và duy trì kết nối với người thân, bạn bè.
Sản phẩm có danh bạ lưu trữ đến 2000 số
Bên cạnh đó, máy tương thích thẻ nhớ ngoài dung lượng tối đa 32GB, thuận tiện cho việc lưu trữ tệp quan trọng. Với hệ thống bộ nhớ ổn định, sản phẩm đáp ứng tốt nhu cầu sử dụng cơ bản và lưu trữ dữ liệu cá nhân một cách bền bỉ trong thời gian dài.
Màn hình dễ nhìn và bàn phím dễ thao tác
Điện thoại trang bị màn hình TFT nhỏ gọn 1.77 inch cùng độ phân giải QQVGA. Giao diện được thiết kế với các biểu tượng lớn và phông chữ rõ ràng, giúp người dùng thuận tiện quan sát. Điện thoại Masstel Izi S8 là lựa chọn phù hợp giúp người lớn tuổi dễ dàng theo dõi thông báo và tin nhắn.
Giao diện dễ sử dụng cho người lớn tuổi
Bàn phím T9 có kích thước phím bấm lớn giúp các thao tác soạn tin nhắn trở nên chính xác. Sản phẩm được thiết kế đáp ứng tốt nhu cầu liên lạc hằng ngày.
Thiết kế gọn nhẹ, độ hoàn thiện tốt
Thiết bị được thiết kế gọn nhẹ với khung vỏ bằng nhựa bền bỉ. Kích thước máy đạt 126.5 x 53 x 145 mm, tạo cảm giác chắc chắn và thoải mái khi sử dụng. Điện thoại Masstel Izi S8 có 3 lựa chọn màu sắc thời thượng gồm: đen, xanh đậm và xanh nhạt.
Kiểu dáng nhỏ gọn, chắc chắn
Trọng lượng máy chỉ khoảng 104g nên cực kỳ nhẹ nhàng khi mang theo bên mình cả ngày. Ngoài ra, sản phẩm có độ hoàn thiện tốt, mang lại sự yên tâm trong suốt quá trình sử dụng.
Kết nối 4G hiện đại và hỗ trợ giải trí
Điện thoại Masstel Izi S8 hỗ trợ kết nối 4G-LTE mang lại tốc độ truyền tải dữ liệu ổn định và nhanh chóng. Tính năng HD Call giúp chất lượng đàm thoại trở nên rõ ràng, chân thực hơn. 
Tính năng HD Call vượt trội
Sản phẩm còn mang đến hệ thống ứng dụng tiện lợi như báo thức, lịch và máy tính. Người dùng có thể giải trí với tính năng nghe nhạc hoặc xem phim trực tiếp từ thẻ nhớ ngoài. Đặc biệt, thiết bị hỗ trợ nghe đài FM không cần tai nghe với chất lượng âm thanh ổn định và rõ nét.
Điện thoại Masstel Izi S8 khi nào sẽ ra mắt?
Masstel Izi S8 được ra mắt thị trường vào cuối tháng 1 năm 2026. Đây là thời điểm hãng cập nhật dòng điện thoại phổ thông để đáp ứng nhu cầu chuyển đổi lên mạng 4G. Sự xuất hiện của sản phẩm này hứa hẹn mang đến lựa chọn mới mẻ cho phân khúc điện thoại phím bấm. 
Sản phẩm ra mắt vào cuối tháng 1/2026
Điện thoại Masstel Izi S8 giá bao nhiêu tiền?
Hiện tại, điện thoại Masstel Izi S8 có mức giá dao động trong khoảng từ 500.000đ - 700.000đ. Mức giá này khá tương đồng so với các thế hệ tiền nhiệm nhưng được nâng cấp mạnh về cấu hình phần cứng. Với giá bán hợp lý, sản phẩm đáp ứng tốt khả năng chi trả nhiều đối tượng người dùng. 
Mức giá ổn định so với các đời trước
Mua ngay điện thoại Masstel Izi S8 chính hãng tại CellphoneS
Mua ngay điện thoại Masstel Izi S8 chính hãng tại CellphoneS để nhận mức giá tốt cùng nhiều ưu đãi hấp dẫn. Sản phẩm được áp dụng chính sách bảo hành dài hạn và hỗ trợ đổi mới theo quy định của hệ thống. Bên cạnh đó, khách hàng là thành viên của Smember sẽ nhận thêm các ưu đãi khi mua sắm sản phẩm. Nhanh tay đăng ký để không bỏ lỡ mẫu điện thoại này.","{""Màn hình"": [{""name"": ""Kích thước màn hình"", ""value"": ""1.77 inches""}, {""name"": ""Công nghệ màn hình"", ""value"": ""TFT LCD""}, {""name"": ""Tính năng màn hình"", ""value"": ""Độ phân giải: QQVGA (128 × 160)\nPhông chữ to, dễ sử dụng""}], ""Vi xử lý & đồ họa"": [{""name"": ""Chipset"", ""value"": ""T107 (UMS9117)""}], ""Pin & công nghệ sạc"": [{""name"": ""Pin"", ""value"": ""1400mAh""}, {""name"": ""Cổng sạc"", ""value"": ""USB Type-C""}], ""Giao tiếp & kết nối"": [{""name"": ""Thẻ SIM"", ""value"": ""2 Nano-SIM""}, {""name"": ""Jack tai nghe 3.5"", ""value"": ""Có""}, {""name"": ""Hỗ trợ mạng"", ""value"": ""4G""}], ""Kích thước & Trọng lượng"": [{""name"": ""Kích thước"", ""value"": ""126.5 × 53 × 14.5 mm""}, {""name"": ""Trọng lượng"", ""value"": ""104.2 g (kèm pin)""}], ""Thiết kế & Trọng lượng"": [{""name"": ""Chất liệu mặt lưng"", ""value"": ""Nhựa""}, {""name"": ""Chất liệu khung viền"", ""value"": ""Nhựa""}], ""RAM & lưu trữ"": [{""name"": ""Khe cắm thẻ nhớ"", ""value"": ""Hỗ trợ tối đa 32GB""}], ""Cổng kết nối"": [{""name"": ""Bluetooth"", ""value"": ""Có""}], ""Thông số khác"": [{""name"": ""Công nghệ - Tiện ích"", ""value"": ""HD Call, nghe FM không cần tai nghe, Đèn pin LED, máy tính, lịch, Bluetooth, báo thức, trò chơi, ghi âm""}, {""name"": ""Công nghệ âm thanh"", ""value"": ""Loa ngoài âm thanh to, rõ""}]}","[""https://cdn2.cellphones.com.vn/x/media/catalog/product/d/i/dien-thoai-masstel-izi-s8-1.jpg"", ""https://cdn2.cellphones.com.vn/x/media/catalog/product/d/i/dien-thoai-masstel-izi-s8-1-2.jpg"", ""https://cdn2.cellphones.com.vn/x/media/catalog/product/d/i/dien-thoai-masstel-izi-s8-1-1.jpg""]","{""product_color_1"": {""color"": ""Xanh dương đậm"", ""image_url"": ""https://cellphones.com.vn/dien-thoai-masstel-izi-s8.html?product_id=123575"", ""price"": ""485.000₫""}, ""product_color_2"": {""color"": ""Đen"", ""image_url"": ""https://cellphones.com.vn/dien-thoai-masstel-izi-s8.html?product_id=123574"", ""price"": ""485.000₫""}, ""product_color_3"": {""color"": ""Xanh dương nhạt"", ""image_url"": ""https://cellphones.com.vn/dien-thoai-masstel-izi-s8.html?product_id=123576"", ""price"": ""485.000₫""}}"
Masstel Fami 25,dien-thoai-masstel-fami-25,N/A,N/A,"Đặc điểm nổi bật của Masstel Fami 25
Điện thoại Masstel FAMI 25 mang đến khả năng kết nối mạng 4G LTE linh hoạt giúp việc đàm thoại trở nên rõ ràng và ổn định trong nhiều điều kiện môi trường. Nguồn năng lượng 1400mAh hỗ trợ máy duy trì trạng thái chờ trong 7 ngày. Màn hình kích thước 1.77 inch cùng độ phân giải 160x128 Pixels giúp theo dõi nội dung thuận tiện.
Nội dung chính
1. Điện thoại Masstel FAMI 25 - Kết nối 4G VoLTE ổn định và tiện lợi
1.1. Dung lượng pin 1400mAh bền bỉ kèm sạc Type-C
1.2. Bộ nhớ lưu trữ 2000 số và hỗ trợ thẻ nhớ 64GB
1.3. Màn hình 1.77 inch hiển thị chữ to và rõ ràng
1.4. Thiết kế nhựa bền bỉ với 3 màu sắc thời trang
2. Điện thoại Masstel FAMI 25 khi nào ra mắt trên thị trường?
3. Điện thoại Masstel FAMI 25 giá bán hiện tại bao nhiêu tiền?
4. So sánh Masstel FAMI 25 với FAMI 8 4G có gì khác?
5. Mua điện thoại Masstel FAMI 25 chính hãng tại CellphoneS
Điện thoại Masstel FAMI 25 - Kết nối 4G VoLTE ổn định và tiện lợi
Dòng điện thoại Masstel nổi bật với kiểu dáng nhỏ gọn và giao diện sử dụng được thiết kế tối giản. Hệ thống phím bấm có kích thước lớn kết hợp cùng loa ngoài công suất cao mang lại trải nghiệm đàm thoại thuận tiện.
Dung lượng pin 1400mAh bền bỉ kèm sạc Type-C
Được trang bị viên pin Li-ion với dung lượng 1400mAh, điện thoại Masstel FAMI 25 giúp thời gian đàm thoại kéo dài từ 3 đến 4 giờ liên tục. Nguồn năng lượng này giúp thiết bị vận hành bền bỉ trong nhiều ngày liền. Chế độ chờ của máy có thể duy trì hoạt động lên đến 7 ngày giúp việc kết nối với người thân không bị gián đoạn.
Trang bị viên pin Li-ion với dung lượng 1400mAh
Việc sạc pin trở nên thuận tiện hơn nhờ cổng kết nối Type-C hiện đại, giúp thao tác cắm dây diễn ra dễ dàng. Thời gian sạc đầy pin chỉ mất khoảng 2.5 đến 3 giờ hỗ trợ người dùng nhanh chóng tiếp tục sử dụng thiết bị sau mỗi lần nạp điện. Công nghệ sạc này mang lại sự ổn định cho viên pin và hạn chế các rủi ro hỏng hóc chân sạc.
Bộ nhớ lưu trữ 2000 số và hỗ trợ thẻ nhớ 64GB
Điện thoại Masstel FAMI 25 có khả năng lưu trữ danh bạ rộng lớn lên đến 2000 số khác nhau phục vụ nhu cầu liên lạc đa dạng. Bộ nhớ RAM 128MB kết hợp cùng ROM 48MB tạo ra môi trường vận hành mượt mà cho các tính năng cơ bản có sẵn trên máy. Dung lượng lưu trữ có sự nâng cấp đáng kể so với các dòng máy cơ bản.
Khả năng lưu trữ danh bạ rộng lớn lên đến 2000 số
Thiết bị cho phép tăng thêm sức chứa dữ liệu bằng thẻ nhớ gắn ngoài với mức dung lượng hỗ trợ 64GB. Dung lượng này đủ để chứa hàng nghìn bài hát định dạng MP3 phục vụ nhu cầu nghe nhạc giải trí hằng ngày mà không gặp khó khăn. Các tệp tin ghi âm hay dữ liệu cá nhân cũng được sắp xếp khoa học.
Màn hình 1.77 inch hiển thị chữ to và rõ ràng
Sử dụng tấm nền công nghệ QQVGA, điện thoại Masstel FAMI 25 giúp hiển thị hình ảnh với dải màu sắc phong phú lên đến 262.000 màu. Kích thước màn hình 1.77 inch được tinh chỉnh để các dòng văn bản hiển thị to rõ giúp việc đọc tin nhắn trở nên thuận lợi hơn. Khả năng tương phản được cân chỉnh ở mức độ vừa phải.
Kích thước màn hình 1.77 inch hiển thị to rõ
Giao diện menu được trình bày theo dạng các ô biểu tượng lớn dễ nhìn thấy và thao tác ngay cả trong điều kiện thiếu sáng. Độ phân giải 160 x 128 Pixels giúp các nét chữ không bị nhòe mang lại trải nghiệm quan sát dễ chịu cho đôi mắt người cao tuổi. Hệ thống phông chữ tiếng Việt được hiển thị đầy đủ và không bị lỗi định dạng.
Thiết kế nhựa bền bỉ với 3 màu sắc thời trang
Điện thoại Masstel FAMI 25 sở hữu lớp vỏ ngoài làm từ chất liệu nhựa cứng cáp giúp giảm thiểu trọng lượng xuống mức chỉ 111.5g. Kích thước tổng thể 117.6 x 55.04 x 13.2 mm tạo cảm giác cầm nắm chắc tay và vừa vặn khi bỏ vào túi áo hay túi quần. Phần vỏ nhựa tạo độ ma sát giúp việc cầm giữ máy thêm vững vàng.
Các đường nét trên máy được gia công tỉ mỉ 
Sản phẩm ra mắt thị trường với ba phiên bản màu sắc gồm Đen truyền thống, Xanh đậm lịch lãm và Xanh nhạt trẻ trung cho người dùng lựa chọn. Các đường nét trên máy được gia công tỉ mỉ kết hợp cùng bàn phím nhựa dạng rời giúp thao tác bấm số diễn ra chính xác. Cụm loa ngoài với kích cỡ to được thiết kế nằm ở mặt lưng máy.
Điện thoại Masstel FAMI 25 khi nào ra mắt trên thị trường?
Vào khoảng cuối tháng 1 năm 2026, điện thoại Masstel FAMI 25 sẽ được giới thiệu chính thức tại thị trường Việt Nam. Thiết bị được định vị là sản phẩm chuyển đổi số quan trọng cho đối tượng người dùng phổ thông tại Việt Nam. Sự xuất hiện của máy đáp ứng kịp thời nhu cầu sở hữu điện thoại có khả năng đàm thoại qua mạng 4G.
Điện thoại sẽ được giới thiệu vào cuối tháng 01/2026
Điện thoại Masstel FAMI 25 giá bán hiện tại bao nhiêu tiền?
Điện thoại Masstel FAMI 25 được niêm yết với mức giá dao động trong khoảng từ 650.000 đồng đến 850.000 đồng tùy theo từng thời điểm. Dự kiến mức giá này sẽ có những điều chỉnh hấp dẫn vào giai đoạn cuối tháng 1 để hỗ trợ người dùng nâng cấp sang thiết bị 4G hiện đại. 
dien-thoai-masstel-fami-25-6
Mức giá sản phẩm siêu rẻ, tầm khoảng 850.000 VNĐ 
So sánh Masstel FAMI 25 với FAMI 8 4G có gì khác?
Hai mẫu máy này đều nằm trong hệ sinh thái điện thoại phổ thông hỗ trợ kết nối 4G VoLTE của thương hiệu Masstel. Việc lựa chọn giữa hai thiết bị phụ thuộc vào nhu cầu sử dụng các tính năng hỗ trợ đi kèm và kích thước hiển thị của màn hình.
Đặc điểm
Masstel Fami 25
Masstel FAMI 8 4G
Màn hình
1.77 inch (QQVGA)
1.77 inch (QVGA)
Pin
1400mAh
1400mAh 
Phụ kiện
Sạc liền
Sạc liền + Đế sạc (Dock)
Tính năng SOS
Không 
Có phím SOS nhanh
Trọng lượng
111.5g
92g
Hai mẫu máy này đều nằm trong phân khúc phổ thông
Mua điện thoại Masstel FAMI 25 chính hãng tại CellphoneS
Mua điện thoại Masstel FAMI 25 tại CellphoneS để hưởng các chính sách ưu đãi. Máy áp dụng chế độ bảo hành theo quy định và hỗ trợ đổi mới khi phát sinh sai sót kỹ thuật từ nhà sản xuất. Mức giá niêm yết đã bao gồm thuế, đồng thời có hỗ trợ thủ tục hoàn thuế cho khách du lịch. Trải nghiệm thực tế sản phẩm tại các chi nhánh giúp người mua thuận tiện tìm kiếm mẫu máy phù hợp.","{""Màn hình"": [{""name"": ""Kích thước màn hình"", ""value"": ""1.77 inches""}, {""name"": ""Công nghệ màn hình"", ""value"": ""TFT LCD""}, {""name"": ""Tính năng màn hình"", ""value"": ""QQVGA (160 × 128)""}], ""Vi xử lý & đồ họa"": [{""name"": ""Chipset"", ""value"": ""T107 (UMS9117)""}], ""RAM & lưu trữ"": [{""name"": ""Dung lượng RAM"", ""value"": ""48MB""}, {""name"": ""Bộ nhớ trong"", ""value"": ""128 MB""}, {""name"": ""Khe cắm thẻ nhớ"", ""value"": ""MicroSD, hỗ trợ tối đa 64GB""}], ""Pin & công nghệ sạc"": [{""name"": ""Pin"", ""value"": ""1400 mAh""}, {""name"": ""Công nghệ sạc"", ""value"": ""Sạc thường 5V""}, {""name"": ""Cổng sạc"", ""value"": ""USB Type-C""}], ""Giao tiếp & kết nối"": [{""name"": ""Thẻ SIM"", ""value"": ""2 Nano-SIM""}, {""name"": ""Jack tai nghe 3.5"", ""value"": ""Có""}, {""name"": ""Hỗ trợ mạng"", ""value"": ""4G""}], ""Kích thước & Trọng lượng"": [{""name"": ""Kích thước"", ""value"": ""117.6 × 55.04 × 13.2 mm""}], ""Thiết kế & Trọng lượng"": [{""name"": ""Chất liệu mặt lưng"", ""value"": ""Nhựa""}, {""name"": ""Chất liệu khung viền"", ""value"": ""Nhựa""}], ""Cổng kết nối"": [{""name"": ""Bluetooth"", ""value"": ""Bluetooth 5.1""}], ""Thông số khác"": [{""name"": ""Công nghệ - Tiện ích"", ""value"": ""HD Call, nghe FM không cần tai nghe, Bluetooth, lịch âm, Đèn pin LED, loa to, máy tính, báo thức, trò chơi""}, {""name"": ""Công nghệ âm thanh"", ""value"": ""Loa ngoài công suất lớn, âm thanh to rõ""}]}","[""https://cdn2.cellphones.com.vn/x/media/catalog/product/d/i/dien-thoai-masstel-fami-25-den.jpg"", ""https://cdn2.cellphones.com.vn/x/media/catalog/product/d/i/dien-thoai-masstel-fami-25-den-2.jpg"", ""https://cdn2.cellphones.com.vn/x/media/catalog/product/d/i/dien-thoai-masstel-fami-25-den-1.jpg""]","{""product_color_1"": {""color"": ""Xanh dương đậm"", ""image_url"": ""https://cellphones.com.vn/dien-thoai-masstel-fami-25.html?product_id=123563"", ""price"": ""650.000₫""}, ""product_color_2"": {""color"": ""Đen"", ""image_url"": ""https://cellphones.com.vn/dien-thoai-masstel-fami-25.html?product_id=123562"", ""price"": ""650.000₫""}, ""product_color_3"": {""color"": ""Xanh dương nhạt"", ""image_url"": ""https://cellphones.com.vn/dien-thoai-masstel-fami-25.html?product_id=123566"", ""price"": ""650.000₫""}}"
Masstel izi 16 4G,dien-thoai-masstel-izi-16-4g,N/A,N/A,"Đặc điểm nổi bật của Masstel izi 16 4G
Masstel IZI 16 4G sở hữu màn hình 1.77 inch cùng phần khung và mặt lưng được chế tác từ chất liệu nhựa bền bỉ với phím bấm chắc chắn. Sản phẩm điện thoại Masstel mới này còn có viên pin 1000mAh và bộ nhớ trong có khả năng lưu trữ đến hai nghìn số. Đi kèm theo đó là các tính năng như nghe đài FM, đèn pin, ghi âm,...
Nội dung chính
1. Đánh giá Masstel IZI 16 4G - Bền bỉ, nhiều chức năng
1.1. Viên pin 1000mAh đến thời gian sử dụng nhiều ngày liên tục
1.2. Khả năng lưu trữ lớn và mở rộng bộ nhớ vượt trội
1.3. Kích thước màn hình lớn với hình ảnh sắc nét, phong phú
1.4. Kiểu dáng nhỏ gọn với phím bấm chắc chắn
2. Điện thoại Masstel IZI 16 4G ra mắt khi nào?
3. Giá bán Điện thoại Masstel IZI 16 4G bao nhiêu?
4. Mua ngay Điện thoại Masstel IZI 16 4G chính hãng tại CellphoneS
Đánh giá Masstel IZI 16 4G - Bền bỉ, nhiều chức năng
Điện thoại Masstel IZI 16 4G nổi bật với kiểu dáng nhỏ gọn, bắt mắt cùng màn hình rõ nét và phím bấm chắc chắn. Kết hợp với đó là dung lượng bộ nhớ vượt trội có khả năng lưu trữ nhiều số điện thoại di động. Cùng đánh giá IZI 16 thông qua các thông số sau:
Viên pin 1000mAh đến thời gian sử dụng nhiều ngày liên tục
Khả năng lưu trữ lớn và mở rộng bộ nhớ vượt trội
Kích thước màn hình lớn với hình ảnh sắc nét, phong phú
Kiểu dáng nhỏ gọn với phím bấm chắc chắn
Chi tiết từng phần đánh giá như sau:
Viên pin 1000mAh đến thời gian sử dụng nhiều ngày liên tục
Điện thoại Masstel IZI 16 4G được người dùng ưa chuộng ở dung lượng pin 1000mAh mang đến thời lượng sử dụng liên tục nhiều ngày. Theo đó, bạn có thể thoải mái nhắn tin, nghe gọi, nghe đài FM,... mà không bị gián đoạn vì cạn kiệt dung lượng pin.
Đi kèm theo chiếc điện thoại nhà Masstel là củ sạc đi kèm máy mang đến thời gian sạc đầy pin tối ưu. Nhờ vào đó, điện thoại Masstel còn đảm bảo tiết kiệm đáng kể thời gian sạc pin hàng ngày. 
Khả năng lưu trữ lớn và mở rộng bộ nhớ vượt trội
Chiếc điện thoại Masstel mới này được trang bị bộ nhớ trong lớn nên có thể lưu trữ danh bạ đến 2000 số điện thoại cùng lúc. Ngoài ra, bạn còn có thể tận dụng Internet 4G để lưu lại các tin nhắn và thông tin cuộc gọi vô cùng tiện lợi.
Bên cạnh bộ nhớ vượt trội, điện thoại nhà Masstel còn hỗ trợ mở rộng dung lượng với thẻ nhớ MicroSD. Như vậy, người dùng có thể thoải mái lưu trữ những dữ liệu cần thiết trên chiếc điện thoại Masstel. 
Kích thước màn hình lớn với hình ảnh sắc nét, phong phú
Màn hình của Masstel IZI 16 4G có kích thước tương đối lớn 1.77 inch với công nghệ LCD tiên tiến. Theo đó, hình ảnh trên điện thoại có khả năng hiển thị 262K màu.
Ngoài ra, màn hình điện thoại Masstel còn ghi điểm với độ phân giải sắc nét 128 x 160 pixels. Chất lượng hình ảnh sắc nét giúp bạn có thể quan sát rõ mọi chi tiết có trên hình ảnh. Giao diện người dùng tích hợp theo điện thoại được thiết kế với phông chữ lớn nhằm đảm bảo người dùng lớn tuổi đọc hiểu rõ ràng và thao tác nhanh chóng. 
Kiểu dáng nhỏ gọn với phím bấm chắc chắn
Thiết kế của chiếc điện thoại Masstel IZI 16 4G khá nhỏ gọn khi có trọng lượng chỉ khoảng 68g giúp bạn cầm nắm dễ dàng. Bàn phím của điện thoại sở hữu kích thước lớn với các ký tự rõ nét nên bạn có thể thao tác dễ dàng và phù hợp với nhiều đối tượng người dùng.
Dòng Masstel IZI 16 4G mang đến 3 lựa chọn về màu sắc bao gồm xanh dương, xanh lá và đen. Ngoại hình của điện thoại được hoàn thiện theo phong cách tối giản nhưng cũng không kém phần sang trọng và bắt mắt. 
Điện thoại Masstel IZI 16 4G ra mắt khi nào?
Điện thoại phổ thông Masstel IZI 16 4G được hãng Masstel giới thiệu lần đầu vào tháng 12 năm 2022. Đi kèm với chiếc điện thoại nhà Masstel là công nghệ kết nối mạng 4G tiên tiến đảm bảo đường truyền kết nối liền mạch, ổn định. Ngoài ra, điện thoại còn mang đến cơ chế 2 SIM 2 sóng để bạn có thể liên lạc với mọi người tiện lợi hơn.
Đối với dòng Masstel IZI 16 4G, bạn có thể sử dụng tính năng phát đài FM không cần tai nghe để tận hưởng những bản tin thời tiết hay nghe nhạc yêu thích. Bên cạnh đó, điện thoại Masstel cũng tích hợp thêm đèn pin để bạn có thể tận dụng trong những môi trường thiếu ánh sáng. 
Giá bán Điện thoại Masstel IZI 16 4G bao nhiêu?
Masstel IZI 16 có giá rẻ chỉ từ 450.000 đồng tại siêu thị CellphoneS. Đây là mức giá nằm ở phân khúc bình dân nên bạn có thể dễ dàng chọn mua được một chiếc điện thoại Masstel làm quà tặng cho người thân của mình.
Ở phân khúc dưới 500 nghìn đồng, điện thoại Masstel IZI 16 4G sẽ cạnh tranh với các đối thủ như Mobell M239 4G, Mobell M539, Itel it9210, Itel it9010, Nokia HMD 105 4G, Nokia 105 2 SIM, Itel Value 100, Mobell C310, Itel it5026, Mobell M389i, Nokia 105 Single SIM,...
Mua ngay Điện thoại Masstel IZI 16 4G chính hãng tại CellphoneS
Điện thoại Masstel IZI 16 4G sở hữu màn hình sắc nét cùng phím bấm chắc chắn giúp người dùng có thể thao tác nhanh chóng và tiện lợi. Khi mua điện thoại Masstel chính hãng tại CellphoneS, bạn sẽ được giảm thêm hấp dẫn dành cho thành viên Smember. Nhanh chóng đặt mua ngay điện thoại Masstel IZI 16 4G tại CellphoneS bạn nhé.","{""Màn hình"": [{""name"": ""Kích thước màn hình"", ""value"": ""1.77 inches""}, {""name"": ""Tính năng màn hình"", ""value"": ""QQVGA""}], ""Vi xử lý & đồ họa"": [{""name"": ""Chipset"", ""value"": ""Unisoc UMS9117""}], ""RAM & lưu trữ"": [{""name"": ""Bộ nhớ trong"", ""value"": ""128 MB""}, {""name"": ""Khe cắm thẻ nhớ"", ""value"": ""MicroSD, hỗ trợ tối đa 128 GB""}], ""Pin & công nghệ sạc"": [{""name"": ""Pin"", ""value"": ""1000 mAh""}], ""Giao tiếp & kết nối"": [{""name"": ""Thẻ SIM"", ""value"": ""2 SIM (Nano-SIM)""}, {""name"": ""Jack tai nghe 3.5"", ""value"": ""Có""}, {""name"": ""Hỗ trợ mạng"", ""value"": ""4G""}], ""Kích thước & Trọng lượng"": [{""name"": ""Kích thước"", ""value"": ""112 x 47 x 14mm""}, {""name"": ""Trọng lượng"", ""value"": ""68.8 g""}], ""Thiết kế & Trọng lượng"": [{""name"": ""Chất liệu mặt lưng"", ""value"": ""Nhựa""}, {""name"": ""Chất liệu khung viền"", ""value"": ""Nhựa""}], ""Cổng kết nối"": [{""name"": ""Bluetooth"", ""value"": ""v5.1""}], ""Thông số khác"": [{""name"": ""Tiện ích khác"", ""value"": ""Danh bạ: 2000 số, Mạng di động: Hỗ trợ 4G VoLTE,FM""}], ""Thông tin chung"": [{""name"": ""Thời điểm ra mắt"", ""value"": ""2023""}]}","[""https://cdn2.cellphones.com.vn/x/media/catalog/product/p/h/photo_5_2024-09-10_16-58-46.jpg"", ""https://cdn2.cellphones.com.vn/x/media/catalog/product/m/a/masstel-16-1-19.jpg"", ""https://cdn2.cellphones.com.vn/x/media/catalog/product/m/a/masstel-16-1_6__1.jpg""]","{""product_color_1"": {""color"": ""Xanh"", ""image_url"": ""https://cellphones.com.vn/dien-thoai-masstel-izi-16-4g.html?product_id=90320"", ""price"": ""450.000₫""}, ""product_color_2"": {""color"": ""Đen"", ""image_url"": ""https://cellphones.com.vn/dien-thoai-masstel-izi-16-4g.html?product_id=90318"", ""price"": ""450.000₫""}}"
Masstel IZI 30,masstel-izi-30,N/A,N/A,"Đặc điểm nổi bật của Masstel IZI 30
Masstel IZI 30 là chiếc điện thoại phím bấm của nhà Masstel, thiết bị sở hữu kích thước vô cùng nhỏ gọn và tiện lợi cho mọi di chuyển. Điện thoại có màn hình 2.4 inch cùng độ phân giải 240 x 320 pixels và tấm nền hiển thị QQVGA cho mọi hiển thị được rõ ràng. Ngoài ra, thiết bị điện thoại Masstel còn được hỗ trợ mạng 4G, đài FM, báo thức, Bluetooth cùng chế độ đèn pin chiếu sáng vô cùng tiện lợi.
Nội dung chính
1. Masstel Izi 30 4G - Giải pháp liên lạc bền bỉ
1.1. Thời lượng pin “vô tận” và dễ dàng tháo rời, lắp đặt
1.2. Âm thanh loa sống động kết hợp cùng những tính năng hữu ích
1.3. Bộ nhớ lưu trữ lớn cùng cơ chế 2 sim thuận tiện sử dụng
1.4. Màn hình và hiển thị vô cùng rõ nét
1.5. Nhỏ gọn và dễ dàng sử dụng phím bấm
2. Masstel Izi 30 4G ra mắt khi nào?
3. Điện thoại Masstel Izi 30 4G có giá bao nhiêu?
4. Mua ngay điện thoại Masstel Izi 30 4G chính hãng giá tốt tại Cellphones
Masstel Izi 30 4G - Giải pháp liên lạc bền bỉ
Điện thoại Masstel IZI 30 sở hữu một màn hình màu sắc và phông chữ lớn kết hợp cùng công nghệ 4G cao cấp mang đến cho người dùng một sự liên lạc ổn định. Đồng thời, với khả năng lưu trữ danh bạ lên đến hàng trăm số điện thoại, bạn có thể dễ dàng tìm kiếm và thực hiện cuộc gọi bất cứ lúc nào. Đây cũng là chiếc điện thoại nút bấm có hỗ trợ nghe đài FM và trang bị đèn pin LED siêu sáng vô cùng hiện đại.
Thời lượng pin “vô tận” và dễ dàng tháo rời, lắp đặt
Điểm nổi bật nhất trên hầu hết các mẫu điện thoại bàn phím và kể cả trên Masstel Izi 30 phải nói đến chính là viên pin dung lượng lớn. Việc sở hữu viên pin với mức dung lượng 1.800 mAh cho phép người dùng có thể hoạt động điện thoại lên đến 15 ngày liên tiếp. Đặc biệt, nếu dùng để đàm thoại thì Izi 30 sẽ duy trì được tối đa 8 tiếng.
Người dùng có thể thoải mái nghe gọi, kể cả trong những trường hợp khi di chuyển mà quên mang nguồn sạc thì cũng sẽ không quá lo lắng vì thời lượng pin kéo dài. Hơn thế, viên pin này còn được thiết kế tháo rời, trong những trường hợp linh kiện bị hư trong quá trình sử dụng, người dùng có thể mua pin khác và tự thay thế dễ dàng.
Âm thanh loa sống động kết hợp cùng những tính năng hữu ích
Chiếc điện thoại Masstel này hiện chưa được tích hợp thêm camera và phục vụ cho công cuộc chụp ảnh. Nhưng thay vào đó, sản phẩm lại sở hữu nhiều ưu điểm và tiện ích hơn là một chiếc điện thoại phím bấm bình thường. 
Để mang đến sự trải nghiệm tập trung nghe gọi, Masstel IZI 30 4G mang đến một chiếc loa 2535 BOX cho âm thanh sống động. Kết hợp là kết nối 4G chất lượng cao, cho những kết nối được duy trì và đảm bảo ổn định. Đồng thời, công nghệ HD Call cũng sẽ giúp cho những liên lạc của người dùng được tối ưu và tốt hơn.
Ngoài ra, IZI 30 4G còn đáp ứng nhu cầu thiết yếu cho người dùng với những tính năng gần gũi và quen thuộc. Đèn LED tiện lợi và phím vật lý bật/tắt đèn pin nhanh chóng giúp bạn sử dụng trong tình huống thiếu ánh sáng hoặc khi di chuyển trong đêm. Hoặc chức năng hỗ trợ nghe sóng FM và cơ chế Bluetooth giúp đồng bộ thông tin và tra cứu lịch biểu thuận tiện.
Bộ nhớ lưu trữ lớn cùng cơ chế 2 sim thuận tiện sử dụng
Điện thoại phổ thông Masstel IZI 30 được hỗ trợ thẻ nhớ tối đa lên đến 32GB, cho phép người dùng có thể lưu trữ hàng trăm số điện thoại khác nhau và quản lý thông tin dễ dàng hơn. Không chỉ vậy, IZI 30 4G còn hỗ trợ sử dụng 2 SIM từ các nhà mạng khác nhau, người dùng hoàn toàn linh hoạt trong việc sử dụng và tận dụng các ưu đãi từ nhà mạng. Với cơ chế 2 SIM 2 sóng, chiếc điện thoại trở thành công cụ nghe gọi chuyên nghiệp, đáng tin cậy và tiện ích cho nhu cầu liên lạc hàng ngày của bạn.
Màn hình và hiển thị vô cùng rõ nét
Sở hữu màn hình 2.4 inch cùng tấm nền hiển thị QVGA và độ phân giải 240 x 320 pixels, Masstel IZI 30 cho những hiển thị trở nên được rõ ràng hơn. Màu sắc hình ảnh cũng được nâng cấp hơn.
Ngoài ra, bộ giao diện người dùng cũng được nâng cấp với thiết kế cỡ chữ to và phông chữ rõ ràng. Nhờ vậy mà bất người dùng nào, kể cả người lớn tuổi khi sử dụng điện thoại IZI 30 4G điều có thể quan sát mọi thứ trên màn hình và sử dụng các tính năng một các dễ dàng.
Nhỏ gọn và dễ dàng sử dụng phím bấm
Masstel IZI 30 là chiếc điện thoại thoại phổ thông có kích thước máy nhỏ nhắn. Máy có thiết kế hơi hướng hiện đại cùng hệ thống phím số cỡ lớn kết hợp cùng những phím nổi cho phép người dùng soạn thảo và nhắn tin dễ dàng hơn.
Masstel Izi 30 4G ra mắt khi nào?
Masstel IZI 30 được sản xuất và cho ra mắt thị trường vào tháng 6 năm 2023. Cho đến hiện tại, chiếc điện thoại này vẫn được nhiều người ưu tiên chọn lựa bởi tính năng đơn giản, giá thành rẻ và dễ sử dụng.
Masstel Izi 30 là chiếc điện thoại nổi bật của nhà Masstel. Những ai biết đến Masstel cũng sẽ rất quen thuộc với những dòng điện thoại phím bấm từ đơn giản, phổ thông đến những sản phẩm chuyên nghiệp hơn như Izi 30 4G. Bên cạnh đó, bạn có thể tham khảo thêm Masstel Fami 60 - chiếc điện thoại phổ thông khác thuộc cùng thương hiệu.
Điện thoại Masstel Izi 30 4G có giá bao nhiêu?
Masstel IZI 30 hiện có giá siêu rẻ chỉ 600.000 VNĐ tại CellphoneS. Quý khách có thể lựa chọn trả góp sản phẩm, trả trước 60K nhận máy ngay.
Chiếc điện thoại Masstel này rất đáng để sở hữu vì đáp ứng được các nhu cầu nghe gọi của người dùng thì còn có khá nhiều tính năng hiện đại. Hơn thế, sản phẩm còn có một mức giá vô cùng hợp lý.
Với giá chỉ hơn 500 nghìn đồng, bạn đã có thể có được một chiếc điện thoại với đầy đủ các chức năng rõ nét. Và cùng với mức giá này, Masstel Izi 30 4G được đánh giá là một trong số chiếc điện thoại giá rẻ đáng để sở hữu nhất hiện nay.
Mua ngay điện thoại Masstel Izi 30 4G chính hãng giá tốt tại Cellphones
Masstel Izi 30 4G là chiếc điện thoại có thiết kế nhỏ gọn, giao diện người dùng dễ sử dụng và tính năng 4G tiên tiến đáp ứng tốt nhu cầu liên lạc của bạn. Hãy đến ngay CellphoneS để sở hữu chiếc điện thoại chính hãng cùng những ưu đãi và chất lượng dịch vụ tốt nhất thị trường hiện nay. Hoặc mời bạn tham khảo thêm các dòng điện thoại phổ thông Masstel đang có mặt tại CellphoneS để lựa chọn cho mình sản phẩm ưng ý nhất.","{""Màn hình"": [{""name"": ""Kích thước màn hình"", ""value"": ""2.4 inches""}, {""name"": ""Độ phân giải màn hình"", ""value"": ""240 x 320 pixels""}, {""name"": ""Tính năng màn hình"", ""value"": ""QQVGA""}], ""Vi xử lý & đồ họa"": [{""name"": ""Chipset"", ""value"": ""Unisoc UMS9117""}, {""name"": ""GPU"", ""value"": ""RAM 48MB, ROM 128MB""}], ""Pin & công nghệ sạc"": [{""name"": ""Pin"", ""value"": ""1800 mAh""}], ""Giao tiếp & kết nối"": [{""name"": ""Thẻ SIM"", ""value"": ""2 SIM (Nano-SIM)""}, {""name"": ""Hỗ trợ mạng"", ""value"": ""4G""}], ""Kích thước & Trọng lượng"": [{""name"": ""Kích thước"", ""value"": ""128 x 54 x 15 mm""}, {""name"": ""Trọng lượng"", ""value"": ""102.9 g""}], ""Thiết kế & Trọng lượng"": [{""name"": ""Chất liệu mặt lưng"", ""value"": ""Nhựa (khung viền kim loại)""}, {""name"": ""Chất liệu khung viền"", ""value"": ""Nhựa (khung viền kim loại)""}], ""RAM & lưu trữ"": [{""name"": ""Khe cắm thẻ nhớ"", ""value"": ""MicroSD, hỗ trợ tối đa 32 GB""}], ""Cổng kết nối"": [{""name"": ""Bluetooth"", ""value"": ""v4.2""}], ""Thông số khác"": [{""name"": ""Tiện ích khác"", ""value"": ""Xem lịch âm, Đèn pin LED, FM không dây""}], ""Thông tin chung"": [{""name"": ""Thời điểm ra mắt"", ""value"": ""06/2023""}]}","[""https://cdn2.cellphones.com.vn/x/media/catalog/product/m/a/masstel-izi-30.png"", ""https://cdn2.cellphones.com.vn/x/media/catalog/product/m/a/masstel-izi-30_5_.png"", ""https://cdn2.cellphones.com.vn/x/media/catalog/product/m/a/masstel-izi-30_1_.png""]","{""product_color_1"": {""color"": ""Xanh"", ""image_url"": ""https://cellphones.com.vn/masstel-izi-30.html?product_id=83555"", ""price"": ""600.000₫""}, ""product_color_2"": {""color"": ""Đen"", ""image_url"": ""https://cellphones.com.vn/masstel-izi-30.html?product_id=83554"", ""price"": ""600.000₫""}}"
Masstel Fami 60S 4G,dien-thoai-masstel-fami-60s,N/A,N/A,"Đặc điểm nổi bật của Masstel Fami 60S 4G
Masstel Fami 60S dung lượng pin 2300 mAh, pin loại Lithium giúp thời gian đàm thoại liên tục có thể lên đến 7 tiếng. Dung lượng có thể lưu trữ đến 2000 số điện thoại, độ phân giải QQVGA đảm bảo rằng hình ảnh hiển thị rõ nét. Màn hình sản phẩm rộng 2 inch, đủ lớn để dễ dàng quan sát và sử dụng.
Nội dung chính
1. Điện thoại Masstel Fami 60S 4G - Dung lượng pin lên đến 2300 mAh
1.1. Viên pin khủng lên đến 2300 mAh
1.2. Màn hình 2 inch và độ phân giải QQVGA sắc nét 
1.3. Thiết kế vỏ nhựa PC cùng chất liệu ABS bền bỉ, hiện đại
2. Khi nào Masstel Fami 60S 4G được ra mắt?
3. Giá của điện thoại Masstel Fami 60S 4G là bao nhiêu?
4. Mua điện thoại Masstel Fami 60S 4G giá tốt tại CellphoneS
Điện thoại Masstel Fami 60S 4G - Dung lượng pin lên đến 2300 mAh
Điện thoại Masstel Fami 60S 4G có dung lượng pin lớn kết hợp thiết kế nhỏ gọn, phù hợp dành cho người lớn tuổi nhờ sự dễ sử dụng, quen thuộc với người dùng. Sản phẩm sẽ giúp đáp ứng các nhu cầu khác nhau khi dùng.
Viên pin khủng lên đến 2300 mAh
Về pin và sạc, điện thoại có dung lượng pin 2300mAh, cung cấp thời gian sử dụng lâu dài và không gây ra lo ngại về việc sạc pin thường xuyên. Bên cạnh đó, đi kèm với sạc có công suất ổn định, giúp việc sạc pin nhanh chóng và tiện lợi.
Cùng với thời gian chờ lên đến 15 ngày và khả năng sạc nhanh chóng, đây là một sự lựa chọn tuyệt vời cho người dùng, đặc biệt là người cao tuổi. Pin Lithium-ion của điện thoại Masstel Fami 60S 4G giúp tiết kiệm năng lượng, giúp sử dụng trong thời gian dài.
Màn hình 2 inch và độ phân giải QQVGA sắc nét 
Chiếc điện thoại Masstel giá rẻ này có khả năng hiển thị hình ảnh sắc nét và chất lượng, độ phân giải QQVGA mang đến hình ảnh hiển thị trên màn hình rõ ràng và chi tiết. Màn hình có kích thước rộng 2 inch, đủ lớn để dễ dàng quan sát và sử dụng.
Khung kim loại và mặt lưng nhựa mang lại sự cứng cáp và bền bỉ, kết hợp kích thước nhỏ gọn. Điện thoại Masstel Fami 60S 4G nhỏ gọn và dễ dàng mang theo và sử dụng trong hàng ngày. 
Thiết kế vỏ nhựa PC cùng chất liệu ABS bền bỉ, hiện đại
Sản phẩm Masstel Fami 60s với vỏ được làm từ chất liệu PC - nhựa kỹ thuật dẻo dai kết hợp với hạt nhựa ABS. Điều này giúp làm tăng khả năng chống chịu lực và giúp thiết bị an toàn hơn trong môi trường thay đổi nhiệt độ.
Việc tích hợp công nghệ đàm thoại VoLTE giúp Fami 60 mang đến trải nghiệm gọi điện thoại ổn định, với âm thanh lớn, rõ ràng. Điện thoại Masstel Fami 60S 4G trang bị đèn pin LED sáng, công nghệ FM không dây cũng là những điểm cộng lớn cho sản phẩm này
Khi nào Masstel Fami 60S 4G được ra mắt?
Sản phẩm của nhà Mastel đã ra mắt và thu hút sự quan tâm của người tiêu dùng nhờ vào thiết kế và cấu hình ấn tượng. 
Nếu bạn muốn sở hữu sản phẩm này, hãy đặt hàng từ một nguồn uy tín để tránh mua phải sản phẩm kém chất lượng. Với những ưu điểm nổi bật của nó, điện thoại Masstel Fami 60S 4G hứa hẹn sẽ mang lại sự hài lòng trong việc sử dụng lâu dài để đáp ứng nhu cầu cá nhân của bạn.
Giá của điện thoại Masstel Fami 60S 4G là bao nhiêu?
Masstel Fami 60S 4G có giá khoảng 700.000 VNĐ ở thời điểm ra mắt (giá có thể thay đổi tuỳ vào thời điểm và chương trình khuyến mãi khác nhau), mức giá này phản ánh sự hợp lý và phù hợp với nhiều đối tượng người dùng, cũng như có sẵn trong nhiều tùy chọn màu sắc khác nhau. Với giá thấp hơn so với một số sản phẩm khác trong phân khúc tương tự, nhưng sản phẩm vẫn mang lại trải nghiệm ấn tượng cho người tiêu dùng. 
Bạn có thể xem xét các sản phẩm cạnh tranh như Nokia 110 4G Pro, Masstel izi T2 4G, Nokia 110 4G, Nokia 215 4G... để chọn lựa thiết bị có mức giá và thiết kế thích hợp với nhu cầu cá nhân của mình.
Mua điện thoại Masstel Fami 60S 4G giá tốt tại CellphoneS
Bạn có thể tìm thấy điện thoại Masstel Fami 60S 4G uy tín và nhập chính hãng tại cửa hàng của CellphoneS. Nơi đây sẽ cung cấp sản phẩm chất lượng cao và có các chính sách bảo hành tốt và ưu đãi đặc biệt dành cho khách hàng và sinh viên. 
Với mạng lưới cửa hàng rộng khắp tại các thành phố lớn và một số tỉnh thành khác, CellphoneS cam kết đem đến trải nghiệm mua sắm thuận tiện cho khách hàng. Đội ngũ nhân viên chuyên nghiệp tại đây luôn sẵn lòng để hỗ trợ và tư vấn cho bạn trong quá trình lựa chọn sản phẩm.","{""Màn hình"": [{""name"": ""Kích thước màn hình"", ""value"": ""2.0 inches""}, {""name"": ""Công nghệ màn hình"", ""value"": ""IPS LCD""}, {""name"": ""Độ phân giải màn hình"", ""value"": ""240 x 320 pixels""}, {""name"": ""Tính năng màn hình"", ""value"": ""Màu màn hình 260.000\nChuẩn màn hình QVGA\nMặt kính cong 2.5D""}], ""RAM & lưu trữ"": [{""name"": ""Bộ nhớ trong"", ""value"": ""128 MB""}, {""name"": ""Khe cắm thẻ nhớ"", ""value"": ""MicroSD hỗ trợ thẻ nhớ tối đa 32 GB""}], ""Pin & công nghệ sạc"": [{""name"": ""Pin"", ""value"": ""2300 mAh""}, {""name"": ""Cổng sạc"", ""value"": ""USB Type-C""}], ""Giao tiếp & kết nối"": [{""name"": ""Thẻ SIM"", ""value"": ""2 SIM (Nano-SIM)""}, {""name"": ""Hỗ trợ mạng"", ""value"": ""4G""}], ""Kích thước & Trọng lượng"": [{""name"": ""Kích thước"", ""value"": ""126 x 57 x 15.2 mm""}, {""name"": ""Trọng lượng"", ""value"": ""141 g""}], ""Thiết kế & Trọng lượng"": [{""name"": ""Chất liệu mặt lưng"", ""value"": ""Nhựa""}, {""name"": ""Chất liệu khung viền"", ""value"": ""Nhựa""}], ""Cổng kết nối"": [{""name"": ""Bluetooth"", ""value"": ""Có""}], ""Thông số khác"": [{""name"": ""Công nghệ - Tiện ích"", ""value"": ""Chữ to, bàn phím dễ sử dụng\nĐèn pin LED sáng\nNghe FM không cần tai nghe\nXem lịch âm tiện lợi""}], ""Thông tin chung"": [{""name"": ""Thời điểm ra mắt"", ""value"": ""02/2024""}]}","[""https://cdn2.cellphones.com.vn/x/media/catalog/product/m/a/masstel_fami_60s_4g_-_1.png"", ""https://cdn2.cellphones.com.vn/x/media/catalog/product/m/a/masstel_fami_60s_4g_-_2.png"", ""https://cdn2.cellphones.com.vn/x/media/catalog/product/m/a/masstel_fami_60s_4g_-_3.png""]","{""product_color_1"": {""color"": ""Đen"", ""image_url"": ""https://cellphones.com.vn/dien-thoai-masstel-fami-60s.html?product_id=78049"", ""price"": ""700.000₫""}, ""product_color_2"": {""color"": ""Xanh"", ""image_url"": ""https://cellphones.com.vn/dien-thoai-masstel-fami-60s.html?product_id=78050"", ""price"": ""700.000₫""}}"
Masstel Lux 20,masstel-lux-20,N/A,N/A,"Đặc điểm nổi bật của Masstel Lux 20
Masstel Lux 20 sở hữu viên 1.800mAh (cỡ lớn đối với điện thoại phổ thông), cùng công suất sạc 2.5W qua cổng Type-C giúp kéo dài thời gian sử dụng. Tấm nền hiển thị QVGA 2.4 inch rõ nét cùng 2 khe lắp SIM riêng biệt, hỗ trợ sử dụng cùng lúc 2 số điện thoại khác nhau, phục vụ nhu cầu liên lạc tốt hơn. Dung lượng bộ nhớ trên chiếc điện thoại Masstel này là 128MB và có thể được mở rộng lên tới 32GB thông qua thẻ SD. Hỗ trợ lưu trữ tới hơn 2000 danh bạ khác nhau.
Nội dung chính
1. Điện thoại Masstel Lux 20 - Thiết kế nhỏ gọn, thời lượng sử dụng lâu dài
1.1. Thời lượng sử dụng dài ngày với viên pin 1800 mAh
1.2. Bộ nhớ ổn định cho phép người dùng lưu trữ hơn 2000 số liên lạc
1.3. Màn hình trực quan, hiển thị rõ nét
1.4. Thiết kế khung nhựa bền bỉ, kiểu dáng nhỏ gọn
2. Điện thoại Masstel Lux 20 khi nào ra mắt?
3. Điện thoại Masstel Lux 20 giá bao nhiêu?
4. Mua điện thoại Masstel Lux 20 giá tốt, chính hãng ở đâu?
Điện thoại Masstel Lux 20 - Thiết kế nhỏ gọn, thời lượng sử dụng lâu dài
Phân khúc điện thoại phổ thông đang được yêu thích nhất hiện nay là Masstel Lux 20. Dòng máy phím bấm này nổi bật với thiết kế khá gọn gàng. Dung lượng bộ nhớ có khả năng lưu trữ lên tới hơn 2000 liên lạc khác nhau, đáp ứng mọi nhu cầu về gọi điện, nhắn tin của người sử dụng. Nếu bạn đang tìm mua một mẫu điện thoại phổ thông bền đẹp, nhỏ gọn thì Masstel Lux 20 là gợi ý không tồi chút nào.
Thời lượng sử dụng dài ngày với viên pin 1800 mAh
Thông số năng lượng trên Masstel Lux 20 tới từ viên pin 1800mAh. Nhờ đó, bạn có thể thoải mái trải nghiệm Lux 20 mà không cần thường xuyên nạp lại pin. Với những nhu cầu sử dụng cơ bản, Masstel Lux 20 có thể sở hữu thời lượng lên tới 2 ngày. 
Bên cạnh đó thì pin của máy điện thoại này cũng thuộc phân khúc pin Li-Ion có thể tháo rời. Do đó, người sử dụng có thể dễ dàng thay thế pin điện thoại ngay tại nhà trong trường hợp pin gặp vấn đề.
Bộ nhớ ổn định cho phép người dùng lưu trữ hơn 2000 số liên lạc
Một ưu điểm nổi bật khác của điện thoại Masstel Lux 20 là bộ nhớ lưu trữ ổn định. Với dung lượng lưu trữ 128MB, người sử dụng có thể thoải mái lưu trữ tới hơn 2000 liên hệ khác nhau. Đáp ứng các nhu cầu gọi điện nhắn tin cơ bản của người dùng.
Ngoài ra, Masstel Lux 20 cũng cho phép người dùng mở rộng khả năng lưu trữ của mình thông qua thẻ MicroSD với dung lượng tối đa 32GB. Nhờ đó, bạn có thể thỏa sức lưu trữ nhiều tệp video, hình ảnh trên máy mà không lo bị đầy bộ nhớ rồi nhé!
Màn hình trực quan, hiển thị rõ nét
Về chất lượng hiển thị, Masstel Lux 20 được trang bị màn hình QVGA 2.4 inch. Các nội dung như số, chữ được hiển thị trên màn hình điện thoại này luôn rõ ràng và không bị mờ nhoè.
Với khả năng hiển thị rõ ràng này, Masstel Lux 20 đang khá phổ biến và là dòng sản phẩm điện thoại phù hợp với người già. Nếu nhu cầu sử dụng của bạn không quá phức tạp và chỉ xoay quanh việc nghe, gọi liên lạc thì mua Masstel Lus 20 sẽ là quyết định khá hợp lý.
Thiết kế khung nhựa bền bỉ, kiểu dáng nhỏ gọn
Thiết kế gọn gàng cũng là ưu điểm được người dùng đánh giá cao của Masstel Lux 20. Với thông số kích thước lần lượt là 126.5 x 53.8 x 13.4 mm cùng trọng lượng chỉ 137.6 gram, Masstel Lux 20 có thể dễ dàng được cất gọn và mang theo tới bất kỳ đâu. 
Dù được hoàn thiện với phần khung viền và mặt lưng bằng nhựa nhưng độ hoàn thiện của phân khúc điện thoại phổ thông này lại cực kỳ bền bỉ. Thiết kế của máy có phần hơi vuông vức nhưng khá thoải mái trong việc cầm nắm. Đem tới cho người dùng trải nghiệm chắc chắn, bền bỉ trong thời gian dài sử dụng.
Điện thoại Masstel Lux 20 khi nào ra mắt?
Vào tháng 7 năm 2022 vừa rồi, thương hiệu điện thoại Masstel giá rẻ đã giới thiệu tới thị trường phân khúc điện thoại phổ thông Masstel Lux 20. So với những dòng máy cùng tầm giá khác thì Lux 20 sở hữu sự vượt trội hơn hẳn về thông số kỹ thuật. Mang tới những trải nghiệm sử dụng, liên lạc vô cùng tối ưu cho người sử dụng.
Trong lần ra mắt vừa rồi, Masstel Lux 20 sở hữu 3 phiên bản màu sắc khác nhau là: Xanh dương, vàng, bạc. Tùy vào nhu cầu sử dụng hoặc sở thích cá nhân mà bạn có thể lựa chọn cho mình một tùy chọn màu sắc đặc biệt nhất nhé!
Điện thoại Masstel Lux 20 giá bao nhiêu?
Không chỉ nổi bật với những điểm mạnh trong thông số kỹ thuật mà Lux 20 còn sở hữu giá thành cực kỳ dễ tiếp cận. Cụ thể, Masstel Lux 20 có giá chỉ khoảng 600.000 VNĐ cho cả 3 phiên bản màu sắc. Với mức giá siêu rẻ này, người dùng đã có thể sở hữu cho mình một chiếc điện thoại phổ thông cực kỳ gọn nhẹ mang tên Masstel Lux 20 này rồi nhé!
Trong cùng tầm giá này, Masstel Lux 20 có thể là dòng sản phẩm cạnh tranh trực tiếp với những mẫu điện thoại phổ thông khác như: Nokia 215 4G, Nokia 110 4G.
Mua điện thoại Masstel Lux 20 giá tốt, chính hãng ở đâu?
Nếu bạn vẫn đang phân vân và chưa biết nên mua Masstel Lux 20 ở đâu thì bạn hoàn toàn có thể tham khảo thêm tại CellphoneS. Với hơn 100 chi nhánh lớn nhỏ trên toàn quốc hiện nay, CellphoneS hiện đang là thương hiệu phân phối đồ công nghệ uy tín nhất trên thị trường.
Chất lượng sản phẩm, dịch vụ tại CellphoneS luôn được đảm bảo chính hãng và rất được người tiêu dùng Việt ưa chuộng. Liên hệ ngay tới CellphoneS qua số hotline 1800 2097 để được tư vấn và hỗ trợ đặt mua Masstel Lux 20 ngay bạn nhé!","{""Màn hình"": [{""name"": ""Kích thước màn hình"", ""value"": ""2.4 inches""}, {""name"": ""Công nghệ màn hình"", ""value"": ""TFT LCD""}, {""name"": ""Độ phân giải màn hình"", ""value"": ""240 x 320 pixels""}, {""name"": ""Tính năng màn hình"", ""value"": ""QVGA""}], ""Vi xử lý & đồ họa"": [{""name"": ""Chipset"", ""value"": ""Unisoc T107""}], ""Giao tiếp & kết nối"": [{""name"": ""Công nghệ NFC"", ""value"": ""Không""}, {""name"": ""Thẻ SIM"", ""value"": ""2 SIM (Nano-SIM)""}, {""name"": ""Hỗ trợ mạng"", ""value"": ""4G""}], ""RAM & lưu trữ"": [{""name"": ""Bộ nhớ trong"", ""value"": ""128 MB""}, {""name"": ""Khe cắm thẻ nhớ"", ""value"": ""MicroSD, hỗ trợ tối đa 32 GB""}], ""Pin & công nghệ sạc"": [{""name"": ""Pin"", ""value"": ""1800 mAh""}, {""name"": ""Công nghệ sạc"", ""value"": ""Sạc 2.5 W""}, {""name"": ""Cổng sạc"", ""value"": ""USB Type-C""}], ""Kích thước & Trọng lượng"": [{""name"": ""Kích thước"", ""value"": ""126.5 x 53.8 x 13.4 mm""}, {""name"": ""Trọng lượng"", ""value"": ""137.6 g""}], ""Thiết kế & Trọng lượng"": [{""name"": ""Chất liệu mặt lưng"", ""value"": ""Nhựa""}, {""name"": ""Chất liệu khung viền"", ""value"": ""Nhựa""}], ""Cổng kết nối"": [{""name"": ""Bluetooth"", ""value"": ""v5.0""}], ""Thông tin chung"": [{""name"": ""Thời điểm ra mắt"", ""value"": ""07/2022""}]}","[""https://cdn2.cellphones.com.vn/x/media/catalog/product/m/a/masstel_lux_20.png"", ""https://cdn2.cellphones.com.vn/x/media/catalog/product/2/2/2209080459-masstel-lux-20.jpeg"", ""https://cdn2.cellphones.com.vn/x/media/catalog/product/m/a/masstel-lux-20-xanh-thumb-600x600.jpg""]","{""product_color_1"": {""color"": ""Xanh"", ""image_url"": ""https://cellphones.com.vn/masstel-lux-20.html?product_id=79955"", ""price"": ""500.000₫""}, ""product_color_2"": {""color"": ""Vàng"", ""image_url"": ""https://cellphones.com.vn/masstel-lux-20.html?product_id=79954"", ""price"": ""500.000₫""}, ""product_color_3"": {""color"": ""Bạc"", ""image_url"": ""https://cellphones.com.vn/masstel-lux-20.html?product_id=79953"", ""price"": ""500.000₫""}}"
Điện thoại Masstel S7 4GB 128GB,dien-thoai-masstel-s7,2.490.000đ,1.990.000đ,"Đặc điểm nổi bật của Điện thoại Masstel S7 4GB 128GB
Điện thoại Masstel S7 sở hữu màn hình 6.745 inch độ phân giải HD+, trang bị chipset SC9863A tám nhân 1.6GHz, 4GB vật lý - 8GB mở rộng và bộ nhớ 128GB. Cụm camera ấn tượng. Máy có pin dung lượng 5000mAh và sử dụng cổng sạc USB Type-C tiện lợi.
Nội dung chính
1. Điện thoại Masstel S7 – Màn hình sắc nét, pin dung lượng lớn
1.1. Đa nhiệm mượt mà, xử lý ổn định
1.2. Ghi lại trọn vẹn khoảnh khắc với chi tiết sống động
1.3. Trẻ trung, hiện đại, dễ cầm nắm
1.4. Năng lượng bền bỉ cho cả ngày dài
1.5. Không gian hiển thị màu sắc sống động
2. So sánh Masstel S7 vs Nubia A36, cùng phân khúc giá
3. Điện thoại Masstel S7 có giá bao nhiêu?
4. Điện thoại Masstel S7 ra mắt khi nào?
5. Mua ngay điện thoại Masstel S7 giá rẻ, nhiều ưu đãi tại CellphoneS
Điện thoại Masstel S7 – Màn hình sắc nét, pin dung lượng lớn
Điện thoại Masstel S7 là một lựa chọn đơn giản, tập trung vào các chức năng cơ bản của một thiết bị di động. Với thiết kế nhỏ gọn và dễ sử dụng, chiếc điện thoại Masstel này đáp ứng tốt nhu cầu nghe gọi thông thường.
Đa nhiệm mượt mà, xử lý ổn định
Masstel S7 được trang bị vi xử lý SC9863A tám nhân tốc độ 1.6GHz, mang đến khả năng xử lý ổn định trong các tác vụ hằng ngày. Hệ thống hoạt động ổn định giúp duy trì hiệu năng khi chuyển đổi giữa các ứng dụng hoặc chạy nhiều tiến trình nền.
Hiệu năng mạnh mẽ với chip SC9863A
Masstel S7 trang bị RAM 12GB (4GB mặc định + 8GB RAM mở rộng) cùng bộ nhớ 128GB mang đến không gian lưu trữ rộng rãi và đa nhiệm tốt. Người dùng có thể mở đồng thời nhiều ứng dụng, chuyển đổi nhanh mà không lo giật lag. 
Ghi lại trọn vẹn khoảnh khắc với chi tiết sống động
Masstel S7 là lựa chọn phù hợp cho người dùng cần một thiết bị di động đơn giản, tập trung vào chức năng cơ bản. Tính năng HDR hỗ trợ cân bằng sáng tối, giúp khung hình giữ được độ sâu và chi tiết tốt.
Cụm camera 13MP chất lượng cao
Camera trước 5MP tích hợp công nghệ AI Beauty, tự động điều chỉnh ánh sáng và màu da để hình ảnh trở nên hài hòa hơn. Dù là chụp ảnh selfie hay gọi video, khuôn mặt luôn hiển thị sáng, rõ và tự nhiên.
Trẻ trung, hiện đại, dễ cầm nắm
Smartphone Masstel S7 sở hữu thiết kế mỏng nhẹ, các cạnh bo tròn mềm mại tạo cảm giác thoải mái khi cầm trên tay. Kích thước tổng thể vừa vặn, dễ bỏ túi, phù hợp cho việc sử dụng liên tục trong ngày.
Bề mặt hoàn thiện tinh tế giúp máy toát lên phong cách trẻ trung, dễ phối hợp với nhiều phụ kiện. Thiết kế điện thoại masstel được định hướng cho nhóm người dùng yêu thích sự đơn giản nhưng vẫn chú trọng yếu tố thẩm mỹ.
Năng lượng bền bỉ cho cả ngày dài
Viên pin dung lượng 5000mAh giúp người dùng có thể xem phim trong khoảng 6 giờ và chơi game trong khoảng 5 giờ. Tuy nhiên, thời lượng trên Masstel S7 này có thể thay đổi tùy theo mức âm lượng, sử dụng Wi-Fi hay dữ liệu di động. Người dùng có thể an tâm vì cấu hình phần cứng và phần mềm được tối ưu giúp tiết kiệm pin hơn.
Masstel S7 tích hợp cổng sạc USB Type-C, hỗ trợ sạc nhanh và truyền dữ liệu ổn định. Chuẩn kết nối này giúp thao tác cắm sạc dễ dàng, giảm hư hại cổng sạc theo thời gian.
Không gian hiển thị màu sắc sống động
Điện thoại Masstel S7 trang bị màn hình 6.745 inch HD+ mang đến trải nghiệm xem nội dung ấn tượng trong tầm giá. Tấm nền COG hiển thị màu sắc chân thực, độ sáng cao, đảm bảo khả năng quan sát tốt cả trong môi trường ánh sáng mạnh.
Tỷ lệ hiển thị tối ưu với viền mỏng giúp nội dung hiển thị rộng rãi hơn, phù hợp cho việc xem video, đọc báo hay chơi game. Màn hình mang lại góc nhìn bao quát, hỗ trợ trải nghiệm giải trí liền mạch và sinh động trên thiết bị di động.
So sánh Masstel S7 vs Nubia A36, cùng phân khúc giá
Thông số
Điện thoại Masstel S7 4GB 128GB
Điện thoại Nubia A36 4GB 64GB
Kích thước màn hình
6.745 inches
6.75 inches
Công nghệ màn hình
IPS LCD
IPS LCD
Camera sau
13.0 MP, ƒ/2.0
13M+0.08M, AF + FF
Camera trước
5.0 MP, ƒ/2.0
5M, FF
Chipset
Unisoc SC9863A
Dung lượng RAM
4 GB
4 GB
Bộ nhớ trong
128 GB
64 GB
Pin
5000 mAh
5000 mAh
Thẻ SIM
2 Nano-SIM
2 Nano-SIM
Hệ điều hành
Android 14 Go
Android 15
Độ phân giải màn hình
720 x 1600 pixel
720 x 1600 pixel
Tính năng màn hình
Tần số 60 Hz, 16.7 triệu màu, 260 ppi
Tần số quét 90 Hz
Loại CPU
Octa-Core, 8 nhân, 1.6 GHz
T7200
Điện thoại Masstel S7 có giá bao nhiêu?
Dưới đây là chi tiết giá bán của điện thoại Masstel S7 tại CellphoneS:
Tên sản phẩm
Giá bán
Điện thoại Masstel S7 4GB 128GB
1.990.000đ
Masstel S7 tạo sức hút nhờ cân bằng giữa thiết kế và hiệu năng. Đây là lựa chọn hợp lý cho ai tìm kiếm thiết bị đáp ứng tốt nhu cầu hằng ngày.
Điện thoại Masstel S7 ra mắt khi nào?
Masstel S7 được ra mắt trong năm 2025. Thời điểm này đánh dấu sự nâng cấp rõ rệt của thương hiệu trong nhiều khía cạnh.
Masstel S7 nhận được sự chú ý nhờ mức giá hợp lý. Ngoài ra, cấu hình cân bằng phù hợp cho đa số người dùng.
Mua ngay điện thoại Masstel S7 giá rẻ, nhiều ưu đãi tại CellphoneS
Sở hữu điện thoại Masstel S7 chính hãng tại CellphoneS để tận hưởng trải nghiệm mua sắm uy tín và thuận tiện. Khách hàng có thể tham gia chương trình thu cũ đổi mới tiết kiệm chi phí hoặc chọn trả góp 0% lãi suất dễ dàng. Cửa hàng còn mang đến nhiều ưu đãi cùng khu vực demo giúp khách hàng trải nghiệm sản phẩm. Nhanh tay đặt mua Masstel S7 ngay hôm nay!","{""Màn hình"": [{""name"": ""Kích thước màn hình"", ""value"": ""6.745 inches""}, {""name"": ""Công nghệ màn hình"", ""value"": ""IPS LCD""}, {""name"": ""Độ phân giải màn hình"", ""value"": ""720 x 1600 pixel""}, {""name"": ""Tính năng màn hình"", ""value"": ""Tần số 60 Hz, 16.7 triệu màu, 260 ppi""}, {""name"": ""Tần số quét"", ""value"": ""60Hz""}, {""name"": ""Kiểu màn hình"", ""value"": ""Đục lỗ (Nốt ruồi)""}], ""Camera sau"": [{""name"": ""Camera sau"", ""value"": ""13.0 MP, ƒ/2.0""}, {""name"": ""Quay video"", ""value"": ""1080p@30fps""}, {""name"": ""Tính năng camera"", ""value"": ""Flash LED\nHDR\nToàn cảnh (Panorama)\nQuay chậm (Slow Motion)\nChụp hình & quay phim với Portrait AI\nPro Time-lapse""}], ""Camera trước"": [{""name"": ""Camera trước"", ""value"": ""5.0 MP, ƒ/2.0""}, {""name"": ""Quay video trước"", ""value"": ""1080p@30fps""}], ""Vi xử lý & đồ họa"": [{""name"": ""Chipset"", ""value"": ""Unisoc SC9863A""}, {""name"": ""GPU"", ""value"": ""GE8322""}], ""RAM & lưu trữ"": [{""name"": ""Dung lượng RAM"", ""value"": ""4 GB""}, {""name"": ""Bộ nhớ trong"", ""value"": ""128 GB""}, {""name"": ""Khe cắm thẻ nhớ"", ""value"": ""MicroSD, 256 GB""}], ""Pin & công nghệ sạc"": [{""name"": ""Pin"", ""value"": ""5000 mAh""}, {""name"": ""Công nghệ sạc"", ""value"": ""Sạc 10 W""}, {""name"": ""Cổng sạc"", ""value"": ""USB Type-C""}], ""Giao tiếp & kết nối"": [{""name"": ""Thẻ SIM"", ""value"": ""2 Nano-SIM""}, {""name"": ""Jack tai nghe 3.5"", ""value"": ""Có""}, {""name"": ""Hỗ trợ mạng"", ""value"": ""4G""}, {""name"": ""GPS"", ""value"": ""BDS, GLONASS, GALILEO, GPS, A-GPS""}], ""Tính năng khác"": [{""name"": ""Hệ điều hành"", ""value"": ""Android 14 Go""}], ""Bộ xử lý & Đồ họa"": [{""name"": ""Loại CPU"", ""value"": ""Octa-Core, 8 nhân, 1.6 GHz""}], ""Kích thước & Trọng lượng"": [{""name"": ""Kích thước"", ""value"": ""165 x 76.1 x 8.8 mm""}, {""name"": ""Trọng lượng"", ""value"": ""195g""}], ""Thiết kế & Trọng lượng"": [{""name"": ""Chất liệu mặt lưng"", ""value"": ""Nhựa""}, {""name"": ""Chất liệu khung viền"", ""value"": ""Nhựa""}], ""Tiện ích khác"": [{""name"": ""Cảm biến vân tay"", ""value"": ""Cảm biến vân tay cạnh bên""}, {""name"": ""Các loại cảm biến"", ""value"": ""Cảm biến trọng lực""}, {""name"": ""Tính năng đặc biệt"", ""value"": ""Bảo mật vân tay, Nhận diện khuôn mặt""}], ""Cổng kết nối"": [{""name"": ""Wi-Fi"", ""value"": ""802.11 b/g/n""}, {""name"": ""Bluetooth"", ""value"": ""v4.2""}], ""Thông số khác"": [{""name"": ""Tiện ích khác"", ""value"": ""Mở khóa khuôn mặt""}], ""Thông tin chung"": [{""name"": ""Thời điểm ra mắt"", ""value"": ""05/2025""}]}","[""https://cdn2.cellphones.com.vn/x/media/catalog/product/s/l/slider-masstel-s7.jpg"", ""https://cdn2.cellphones.com.vn/x/media/catalog/product/s/l/slider-masstel-s7-1.jpg"", ""https://cdn2.cellphones.com.vn/x/media/catalog/product/s/l/slider-masstel-s7-3.jpg""]","{""product_color_1"": {""color"": ""Xanh"", ""image_url"": ""https://cellphones.com.vn/dien-thoai-masstel-s7.html?product_id=116120"", ""price"": ""1.990.000₫""}, ""product_color_2"": {""color"": ""Vàng"", ""image_url"": ""https://cellphones.com.vn/dien-thoai-masstel-s7.html?product_id=116119"", ""price"": ""1.990.000₫""}}"
Masstel izi T8,dien-thoai-masstel-izi-t8,N/A,N/A,"Đặc điểm nổi bật của Masstel izi T8
Điện thoại Masstel Izi T8 mang đến giải pháp liên lạc hiện đại nhờ pin 2300mAh bền bỉ, cho phép thời gian chờ từ 12 đến 15 ngày liên tục rất ấn tượng. Máy tích hợp sóng 4G VoLTE giúp chất lượng âm thanh to rõ và sắc nét trong nhiều môi trường. Sản phẩm có màn hình 2.4 inch rộng vừa phải với độ phân giải QVGA khá rõ nét.
Nội dung chính
1. Điện thoại Masstel Izi T8 - Năng lượng bền lâu cùng sóng 4G ổn định
1.1. Kết nối sóng 4G VoLTE, đàm thoại chất lượng cao
1.2. Pin 2300mAh bền bỉ, duy trì liên lạc nhiều ngày
1.3. Lưu trữ khá nhiều dữ liệu qua thẻ nhớ 32GB
1.4. Màn hình 2.4 inch hiển thị to rõ, giao diện thân thiện
1.5. Thiết kế nhỏ gọn với hai tông màu hiện đại cuốn hút
2. Điện thoại Masstel Izi T8 ra mắt khi nào?
3. Điện thoại Masstel Izi T8 giá bán bao nhiêu?
4. Mua điện thoại Masstel Izi T8 chính hãng, giá tốt tại CellphoneS
Điện thoại Masstel Izi T8 - Năng lượng bền lâu cùng sóng 4G ổn định
Điện thoại Masstel Izi T8 khẳng định sự vượt trội nhờ sự kết hợp hài hòa giữa nguồn năng lượng dồi dào và công nghệ kết nối hiện đại. Thiết bị điện thoại Masstel này giúp cho cuộc đàm thoại của người sử dụng diễn ra suôn sẻ và ổn định hơn trong nhiều môi trường khác nhau.
Kết nối sóng 4G VoLTE, đàm thoại chất lượng cao
Khả năng truyền tải trên điện thoại Masstel Izi T8 được chú trọng nâng cấp nhờ tích hợp công nghệ 4G VoLTE hiện đại. Chuẩn mạng này giúp tín hiệu đường truyền thường ổn định và hạn chế tối đa tình trạng gián đoạn trong nhiều khu vực hạ tầng khác nhau.
Thiết bị hỗ trợ kết nối ổn định
Đáng nói hơn, tính năng HD Call đi kèm giúp chất lượng âm thanh đàm thoại rõ nét và trung thực hơn. Việc hỗ trợ đa dạng băng tần mạng còn giúp thiết bị đáp ứng khá tốt nhu cầu liên lạc hàng ngày của người dùng trong kỷ nguyên số.
Pin 2300mAh bền bỉ, duy trì liên lạc nhiều ngày
Nguồn năng lượng dồi dào trên điện thoại Masstel Izi T8 đến từ viên pin Li-ion có dung lượng 2300mAh. Mức dung lượng này cho phép máy đạt thời gian chờ dự kiến từ 12 đến 15 ngày trong các điều kiện sử dụng thông thường. Song thời lượng pin thực tế phụ thuộc vào điều kiện sóng mạng và thói quen sử dụng của mỗi người.
Dung lượng pin trên thiết bị lớn, kéo dài thời gian sử dụng
Với thời lượng đàm thoại kéo dài khoảng 6 đến 10 giờ, thiết bị hỗ trợ duy trì liên lạc khá bền bỉ suốt ngày dài. Cổng sạc Type-C hiện đại còn giúp người sử dụng nạp lại năng lượng thuận tiện và linh hoạt hơn.
Lưu trữ khá nhiều dữ liệu qua thẻ nhớ 32GB
Bộ nhớ trong 24MB trên điện thoại Masstel Izi T8 hỗ trợ tốt các nhu cầu lưu trữ dữ liệu cơ bản. Hệ thống này giúp người sử dụng lưu giữ các thông tin liên lạc quan trọng một cách có hệ thống và dễ dàng tìm kiếm khi cần.
Máy có thể lưu trữ nhiều dữ liệu nhờ thẻ nhớ vừa phải 
Ngoài ra, việc hỗ trợ khe cắm thẻ nhớ MicroSD mở rộng lên đến 32GB mang lại sự linh hoạt đáng kể cho nhu cầu lưu trữ tệp tin đa phương tiện. Nhờ vậy, người dùng có thể thoải mái lưu giữ kho nhạc hay video yêu thích, giúp nâng cao trải nghiệm giải trí cá nhân trên một thiết bị phổ thông.
Màn hình 2.4 inch hiển thị to rõ, giao diện thân thiện
Trải nghiệm hình ảnh trên điện thoại Masstel Izi T8 được tối ưu qua màn hình 2.4 inch với độ phân giải QVGA tiêu chuẩn. Hơn nữa, công nghệ TN kết hợp cùng khả năng hiển thị 262K màu góp phần hỗ trợ các nội dung văn bản thường trở nên rõ ràng và dễ nhìn hơn.
Màn hình vừa phải, giúp người dùng dễ theo dõi nội dung 
Song song đó, giao diện của máy hướng đến sự đơn giản với hệ thống phông chữ to giúp người dùng thuận tiện trong các thao tác cơ bản. Đồng thời, các biểu tượng chức năng cũng được sắp xếp trực quan, hỗ trợ tương đối tốt cho việc tra cứu danh bạ hay thực hiện cuộc gọi hàng ngày.
Thiết kế nhỏ gọn với hai tông màu hiện đại cuốn hút
Sự tinh tế trong phong cách thiết kế của điện thoại Masstel Izi T8 được thể hiện rõ nét qua kiểu dáng nhỏ gọn nhưng chắc chắn. Với thông số kích thước 131.4 x 54 x 14 mm, thiết bị thường mang lại cảm giác cầm nắm linh hoạt cũng như dễ dàng mang theo bên người.
Diện mạo gọn nhẹ với gam màu tối giản
Hơn nữa, dòng máy này còn cung cấp hai tùy chọn màu sắc gồm Đen và Xanh, phù hợp với những người dùng yêu thích sự thanh lịch. Đồng thời, chất liệu bền bỉ cùng thiết kế pin rời giúp tạo nên một tổng thể hài hòa và giàu tính tiện dụng.
Điện thoại Masstel Izi T8 ra mắt khi nào?
Chiếc điện thoại Masstel Izi T8 dự kiến sẽ cho ra mắt trong cuối tháng 1/2026 nhằm đón đầu làn sóng chuyển đổi hạ tầng mạng di động tại Việt Nam. Với các nâng cấp đáng chú ý về dung lượng pin và cổng sạc Type-C hiện đại, máy có thể đáp ứng tốt nhu cầu liên lạc bền bỉ cho người dùng phân khúc phổ thông.
Mẫu điện thoại phổ thông này sẽ được trình làng sớm
Điện thoại Masstel Izi T8 giá bán bao nhiêu?
Masstel Izi T8 có giá dao động trong khoảng từ 500.000 đến 600.000 VNĐ, tùy thuộc vào hệ thống phân phối và chương trình khuyến mãi. Với mức chi phí phổ thông này, người dùng dễ dàng sở hữu một thiết bị hỗ trợ 4G hiện đại, viên pin 2300mAh bền bỉ cùng cổng sạc Type-C tiện lợi.
Sản phẩm thuộc phân khúc phổ thông với giá cả rất hợp lý
Mua điện thoại Masstel Izi T8 chính hãng, giá tốt tại CellphoneS
CellphoneS là địa chỉ cung cấp điện thoại Masstel Izi T8 với mức giá cạnh tranh trên thị trường hiện nay. Hệ thống cam kết thiết bị chính hãng với đầy đủ giấy tờ, kèm theo chính sách bảo hành và hỗ trợ kỹ thuật chuyên nghiệp. Các chương trình ưu đãi hấp dẫn tại đây giúp khách hàng sở hữu máy một cách dễ dàng và tiết kiệm. Đến ngay với CellphoneS để mua chiếc điện thoại phổ thông với giá hấp dẫn.","{""Màn hình"": [{""name"": ""Kích thước màn hình"", ""value"": ""2.4 inches""}, {""name"": ""Tính năng màn hình"", ""value"": ""Màu màn hình: 262K\nĐộ phân giải: QVGA 240*320""}], ""Pin & công nghệ sạc"": [{""name"": ""Pin"", ""value"": ""2300mAh""}, {""name"": ""Cổng sạc"", ""value"": ""USB Type-C""}], ""Giao tiếp & kết nối"": [{""name"": ""Thẻ SIM"", ""value"": ""2 Nano-SIM""}, {""name"": ""Hỗ trợ mạng"", ""value"": ""4G""}], ""Bộ xử lý & Đồ họa"": [{""name"": ""Loại CPU"", ""value"": ""ASR3603S""}], ""Kích thước & Trọng lượng"": [{""name"": ""Kích thước"", ""value"": ""131.4 x 54 x 14mm""}], ""Thiết kế & Trọng lượng"": [{""name"": ""Chất liệu mặt lưng"", ""value"": ""Nhựa""}, {""name"": ""Chất liệu khung viền"", ""value"": ""Nhôm""}], ""Thông số khác"": [{""name"": ""Công nghệ - Tiện ích"", ""value"": ""Máy tính, Lịch (hỗ trợ lịch âm), Báo thức\nPhông chữ to tiện lợi dễ sử dụng\nNghe đài FM không cần tai nghe\nĐèn pin LED sáng\nHD Call nâng cao chất lượng cuộc gọi""}, {""name"": ""Công nghệ âm thanh"", ""value"": ""Loa 2030 box chất lượng âm thanh sống động""}]}","[""https://cdn2.cellphones.com.vn/x/media/catalog/product/d/i/dien-thoai-masstel-izi-t8_1.jpg"", ""https://cdn2.cellphones.com.vn/x/media/catalog/product/d/i/dien-thoai-masstel-izi-t8-1.jpg"", ""https://cdn2.cellphones.com.vn/x/media/catalog/product/d/i/dien-thoai-masstel-izi-t8-2_1_1.jpg""]","{""product_color_1"": {""color"": ""Xanh dương"", ""image_url"": ""https://cellphones.com.vn/dien-thoai-masstel-izi-t8.html?product_id=123549"", ""price"": ""530.000₫""}, ""product_color_2"": {""color"": ""Đen"", ""image_url"": ""https://cellphones.com.vn/dien-thoai-masstel-izi-t8.html?product_id=123548"", ""price"": ""530.000₫""}}"
Masstel izi S3 4G,dien-thoai-masstel-izi-s3,N/A,N/A,"Đặc điểm nổi bật của Masstel izi S3 4G
Điện thoại Masstel izi S3 4G sở hữu pin dung lượng 1000mAh, cho thời gian chờ lên đến 5 ngày và đàm thoại nhiều giờ, sạc đầy trong thời gian ngắn. Sản phẩm điện thoại Masstel còn nổi bật với màn hình 1.77 inch độ phân giải rõ nét. Đồng thời thiết bị còn hỗ trợ kết nối 4G LTE cho cuộc gọi chất lượng cao và khả năng lưu trữ danh bạ lên đến 2000 số.
Nội dung chính
1. Điện thoại Masstel izi S3 - Pin khỏe, hỗ trợ 4G LTE
1.1. Dung lượng pin 1000mAh, cho khả năng sử dụng dài lâu
1.2. Dung lượng bộ nhớ lớn giúp lưu trữ đến hàng nghìn số danh bạ 
1.3. Màn hình 1.77 inch cho khả năng hiển thị rõ nét
1.4. Thiết kế đậm chất Masstel, bền bỉ, nhỏ gọn
2. Điện thoại Masstel izi S3 ra mắt khi nào, ở đâu?
3. Điện thoại Masstel izi S3 có giá bao nhiêu?
4. Mua điện thoại Masstel izi S3 chính hãng, giá tốt tại CellphoneS
Điện thoại Masstel izi S3 - Pin khỏe, hỗ trợ 4G LTE
Masstel izi S3 4G là chiếc điện thoại nổi bật với dung lượng pin lớn, cho thời gian sử dụng dài và khả năng sạc nhanh. Màn hình cùng kết nối 4G LTE đảm bảo trải nghiệm mượt mà và chất lượng cuộc gọi cao. Thiết kế tiện lợi với đèn pin LED, loa âm thanh sống động, phù hợp cho nhiều nhu cầu sử dụng.
Dung lượng pin 1000mAh, cho khả năng sử dụng dài lâu
Thiết bị đến từ nhà Masstel sở hữu dung lượng pin 1000mAh, cho thời gian chờ lên đến 5 ngày và thời gian đàm thoại kéo dài nhiều tiếng. Với dung lượng pin này, người dùng có thể thoải mái sử dụng mà không phải lo lắng về việc sạc pin liên tục. Điện thoại cũng hỗ trợ sạc đầy trong khoảng ít giờ, giúp tiết kiệm thời gian và tiện lợi cho những ai thường xuyên di chuyển. Đây là lựa chọn lý tưởng cho những người cần một chiếc điện thoại bền bỉ và đáng tin cậy.
Dung lượng bộ nhớ lớn giúp lưu trữ đến hàng nghìn số danh bạ 
Điện thoại Masstel izi S3 4G được trang bị bộ nhớ lớn giúp lưu trữ danh bạ lên đến 2000 số. Điện thoại hỗ trợ cuộc gọi thoại HD chất lượng cao với công nghệ 4G LTE, mang đến trải nghiệm liên lạc rõ ràng và ổn định. Đây là lựa chọn tối ưu cho người dùng cần hiệu năng và tính năng mạnh mẽ.
Màn hình 1.77 inch cho khả năng hiển thị rõ nét
Masstel izi S3 4G sở hữu màn hình lớn 1.77 inch với độ phân giải rõ nét, mang đến trải nghiệm hiển thị rõ ràng và sắc nét. Màn hình kích thước vừa đủ giúp người dùng dễ dàng thao tác và quan sát nội dung. Điện thoại còn tích hợp tính năng tiện lợi, phù hợp cho những người thường xuyên cần tra cứu. Đây là sự lựa chọn lý tưởng cho những ai cần một chiếc điện thoại dễ sử dụng và tiện ích.
Thiết kế đậm chất Masstel, bền bỉ, nhỏ gọn
Thiết kế điện thoại Masstel izi S3 4G này bao gồm pin rời và vỏ nhựa bền bỉ, với kích thước nhỏ gọn và trọng lượng nhẹ. Sản phẩm có màu sắc tối giản phù hợp với nhiều phong cách cá nhân. Ngoài ra, người dùng có thể nghe đài FM mà không cần tai nghe, một tính năng tiện lợi cho những ai yêu thích các chương trình phát thanh.
Thiết bị còn được trang bị đèn pin LED sáng với phím bật/tắt nhanh chóng, giúp sử dụng dễ dàng trong điều kiện thiếu sáng. Loa mang lại chất lượng âm thanh sống động.
Điện thoại Masstel izi S3 ra mắt khi nào, ở đâu?
Điện thoại Masstel izi S3 ra mắt âm thầm vào tháng 6 năm 2024. Người dùng và các tín đồ công nghệ đang rất mong đợi những tính năng mới trên chiếc điện thoại phổ thông này. Masstel izi S3 hứa hẹn sẽ là một lựa chọn hấp dẫn với những tính năng nổi bật và thiết kế tiện lợi. Hãy cùng chờ đợi và theo dõi để cập nhật những thông tin mới nhất về sản phẩm này.
Điện thoại Masstel izi S3 có giá bao nhiêu?
Giá bán của điện thoại Masstel izi S3 khoảng 470.000đ tại thời điểm ra mắt. Với các tính năng nổi bật và thiết kế tiện lợi, Masstel izi S3 được kỳ vọng sẽ có mức giá hợp lý, phù hợp với nhiều đối tượng khách hàng. Hãy theo dõi để cập nhật những thông tin mới nhất về giá bán của chiếc điện thoại này.
Mua điện thoại Masstel izi S3 chính hãng, giá tốt tại CellphoneS
Đây là cơ hội lớn để sở hữu chiếc điện thoại đẳng cấp với mức giá hấp dẫn nhất. CellphoneS cam kết cung cấp sản phẩm chính hãng, đảm bảo chất lượng và tính ổn định. Khách hàng không chỉ được trải nghiệm dịch vụ mua sắm chuyên nghiệp mà còn có cơ hội nhận các ưu đãi, khuyến mãi đặc biệt. Đừng bỏ lỡ cơ hội sở hữu Masstel izi S3 với giá tốt nhất tại CellphoneS ngay hôm nay!","{""Màn hình"": [{""name"": ""Kích thước màn hình"", ""value"": ""1.77 inches""}, {""name"": ""Độ phân giải màn hình"", ""value"": ""128 x 160 pixels""}, {""name"": ""Tính năng màn hình"", ""value"": ""QQVGA, 262K màu""}], ""RAM & lưu trữ"": [{""name"": ""Bộ nhớ trong"", ""value"": ""16 GB""}], ""Pin & công nghệ sạc"": [{""name"": ""Pin"", ""value"": ""1000 mAh""}], ""Kích thước & Trọng lượng"": [{""name"": ""Kích thước"", ""value"": ""121.5 x 53 x 15 mm""}], ""Giao tiếp & kết nối"": [{""name"": ""Jack tai nghe 3.5"", ""value"": ""Có""}, {""name"": ""Hỗ trợ mạng"", ""value"": ""4G""}], ""Thông số khác"": [{""name"": ""Tiện ích khác"", ""value"": ""Nghe FM không dây""}]}","[""https://cdn2.cellphones.com.vn/x/media/catalog/product/d/i/dien-thoai-masstel-izi-s3-den_1.png"", ""https://cdn2.cellphones.com.vn/x/media/catalog/product/d/i/dien-thoai-masstel-izi-s3-xanh_1.png"", ""https://cdn2.cellphones.com.vn/x/media/catalog/product/d/i/dien-thoai-masstel-izi-s3-do.png""]","{""product_color_1"": {""color"": ""Xanh Đen"", ""image_url"": ""https://cellphones.com.vn/dien-thoai-masstel-izi-s3.html?product_id=85195"", ""price"": ""470.000₫""}, ""product_color_2"": {""color"": ""Đen"", ""image_url"": ""https://cellphones.com.vn/dien-thoai-masstel-izi-s3.html?product_id=85194"", ""price"": ""470.000₫""}, ""product_color_3"": {""color"": ""Đỏ"", ""image_url"": ""https://cellphones.com.vn/dien-thoai-masstel-izi-s3.html?product_id=85198"", ""price"": ""470.000₫""}}"
Masstel Izi 10 4G,masstel-izi-10-4g,N/A,N/A,"Masstel IZI 10 trang bị dung lượng pin lên đến 1000 mAh, đi cùng với đó là chip Unisoc UMS9117 và RAM 48 MB cho tốc độ phản hồi tốt. Đồng thời, chiếc điện thoại Masstel còn tích hợp thêm nhiều tính năng như khe cắm thẻ nhớ, đèn pin chiếu sáng, Radio FM,... tiện ích.
Nội dung chính
1. Masstel Izi 10 4G - Nghe, gọi với viên pin cực đỉnh
1.1. Viên pin lớn, hỗ trợ đàm thoại liên tục, trang bị công nghệ 4G
1.2. Tích hợp đèn pin chiếu sáng và đài FM tiện lợi
2. Bộ nhớ lưu trữ với danh bạ 2000 số, tốc độ phản hồi nhanh
2.1. Màn hình độ phân giải cao, giao diện dễ nhìn
2.2. Thiết kế cấu trúc chắc chắn, nhiều màu sắc
3. Masstel IZI 10 4G có ra mắt khi nào?
4. Sản phẩm Masstel IZI 10 4G có giá bao nhiêu?
5. Mua ngay điện thoại Masstel IZI 10 4G chính hãng tại CellphoneS
Masstel Izi 10 4G - Nghe, gọi với viên pin cực đỉnh
Masstel IZI 10 4G là một trong những phiên bản điện thoại ""cục gạch"" của nhà Masstel có tích hợp 4G. Đây sẽ là một lựa chọn hoàn hảo cho những ai đang cần một thiết bị liên lạc với dung lượng pin khủng. Cạnh đó, IZI 10 còn được nhận định trong phân khúc giá phải chăng cùng nhiều tính năng hiện đại, đảm bảo đáp ứng tốt nhu cầu nghe gọi của người dùng.
Viên pin lớn, hỗ trợ đàm thoại liên tục, trang bị công nghệ 4G
Masstel đã mang đến cho chiếc điện thoại của mình viên pin dung lượng đạt 1000 mAh. Mức năng lượng này đảm bảo được cho điện thoại có thể đàm thoại liên tục trong nhiều giờ liền. Thậm chí là có thể thoải mái sử dụng trong vài ngày mà không cần lo lắng quá nhiều về việc sạc pin điện thoại.
Ngoài viên pin lớn thì Masstel IZI 10 4G cũng là một trong số ít những chiếc điện thoại nút bấm được hỗ trợ công nghệ mạng di động 4G. Nhờ đó mà việc nghe, gọi hay nhắn tin trên điện thoại cũng sẽ được đảm bảo tốt nhất. Khả năng kết nối nhanh với VoLTE sẽ giúp duy trì được chất lượng cuộc gọi, cuộc đàm thoại với âm thanh trung thực nhất.
Tích hợp đèn pin chiếu sáng và đài FM tiện lợi
Dù không được trang bị về camera nhưng Masstel IZI 10 được thay thế bằng tính năng đèn pin trên điện thoại. Hãng đã mang đến một chiếc đèn chiếu sáng chuyên dụng, có khả năng chiếu sáng tốt, tầm nhìn xa trong không gian tối. Việc điều khiển kích hoạt đèn cũng trở nên dễ dàng hơn với phím điều hướng nhanh.
Đồng thời, máy còn được tích hợp thêm tính năng Radio FM. Điều đặc biệt là chức năng Radio này có thể hoạt động mà không cần phải kết nối thêm tai nghe có dây hay anten chuyên dụng. IZI 10 4G cho phép người dùng được nghe âm đài FM ở bất kỳ đâu với âm thanh loa to rõ. Tính năng tiện dụng này phù hợp với đa số khách hàng lớn tuổi hay với những ai yêu thích việc nghe đài, nghe nhạc qua kênh VOV.
Bộ nhớ lưu trữ với danh bạ 2000 số, tốc độ phản hồi nhanh
Với sự hỗ trợ của chip Unisoc UMS9117 cùng bộ nhớ RAM 48 MB, điện thoại Masstel IZI 10 có thể đảm bảo thực hiện tốt các chức năng. Đồng thời cũng cho phép tốc độ phản hồi nhanh hơn ở mọi thao tác nghe gọi, giải trí, cài đặt.
Cạnh đó, điện thoại này còn được Masstel thiết kế bộ nhớ trong 128 MB và khe đọc thẻ MicroSD 32 GB đáp ứng nhu cầu lưu trữ của người dùng. Đảm bảo mang đến một không gian đủ rộng để lưu những nội dung cá nhân hay album nhạc yêu thích. Cùng với sự trang bị này mà Masstel IZI 10 4G có thể hỗ trợ người dùng lưu được danh bạ lên đến 2000 số điện thoại khác nhau.
Màn hình độ phân giải cao, giao diện dễ nhìn
Là chiếc điện thoại nút bấm có sở hữu màn hình 1.77 inch có độ phân giải 128 x 160 Pixels cùng 262.000 màu sắc nên Masstel IZI 10 4G được đánh giá khá cao. Sự trang bị này và thiết kế giao diện thân thiện giúp cho điện thoại có được khả năng hiển thị hình ảnh rõ ràng, đẹp mắt và dễ nhìn hơn.
Thiết kế cấu trúc chắc chắn, nhiều màu sắc
Chiếc điện thoại được chế tác với cấu trúc chắc chắn trên nền mặt lưng và khung viền nhựa. Kết hợp cùng đó là các góc cạnh bo cong tạo cảm giác mềm mại và cảm giác tay cầm chắc chắn hơn.
Masstel IZI 10 4G còn mang đến nhiều lựa chọn màu sắc với 2 màu xanh dương, đen. Hệ bàn phím cũng được thiết kế to rõ tạo cảm giác nhấn nhạy và êm giúp người dùng làm quen nhanh chóng khi sử dụng.
Masstel IZI 10 4G có ra mắt khi nào?
Với tiêu chí mang đến dòng điện thoại tối ưu cho người dùng, người lớn tuổi nên IZI 10 4G sở hữu nhiều tính năng nổi bật trong phân khúc giá rẻ. Mẫu điện thoại này được hãng chính thức trình làng trong một sự kiện dòng điện thoại bàn phím giá rẻ có trang bị 4G.
Theo đó, IZI 10 là sản phẩm thuộc dòng điện thoại Masstel IZI, được ra mắt thị trường trong thời điểm cuối năm 2021. Và dù được ra mắt cũng khá lâu nhưng vẫn giữ được vị thế riêng của mình.
Sản phẩm Masstel IZI 10 4G có giá bao nhiêu?
Giữa thị trường cạnh tranh mạnh mẽ với những dòng smartphone cao cấp thì Masstel IZI 10 4G vẫn khẳng định được vị trí của mình trong một phân khúc hợp lý. Sản phẩm điện thoại nút bấm có trang bị 4G này được hãng công bố chỉ với mức giá khoảng 500.000 đồng.
So với những dòng điện thoại bàn phím khác thì đây là một mức giá có nhiều ưu đãi cùng tính năng được trang bị. Sẽ rất hợp lý nếu bạn chọn lựa sản phẩm này để phục vụ cho quá trình nghe gọi hoặc mua để làm quà tặng cho người lớn tuổi.
Mua ngay điện thoại Masstel IZI 10 4G chính hãng tại CellphoneS
Masstel IZI 10 là chiếc điện thoại nhỏ gọn, thân thiện và cũng dễ sử dụng, phù hợp với đa dạng người dùng. Quan trọng hơn là sản phẩm có mức giá phải chăng và dễ dàng cho bạn lựa chọn. Để sở hữu chiếc điện thoại này chính hãng cùng nhiều ưu đãi hơn về giá, bạn hãy nhanh chân đến với CellphoneS ngay để được hỗ trợ nhé. Mời bạn tham khảo qua Masstel IZI 15 - phiên bản nâng cấp hơn so với IZI 10 nhé!","{""Màn hình"": [{""name"": ""Kích thước màn hình"", ""value"": ""1.77 inches""}, {""name"": ""Công nghệ màn hình"", ""value"": ""TFT LCD""}, {""name"": ""Độ phân giải màn hình"", ""value"": ""128 x 160 pixels""}, {""name"": ""Tính năng màn hình"", ""value"": ""QQVGA""}], ""Vi xử lý & đồ họa"": [{""name"": ""Chipset"", ""value"": ""Unisoc UMS9117""}], ""Giao tiếp & kết nối"": [{""name"": ""Công nghệ NFC"", ""value"": ""Không""}, {""name"": ""Thẻ SIM"", ""value"": ""2 SIM (Nano-SIM)""}, {""name"": ""Jack tai nghe 3.5"", ""value"": ""Có""}, {""name"": ""Hỗ trợ mạng"", ""value"": ""4G""}], ""RAM & lưu trữ"": [{""name"": ""Bộ nhớ trong"", ""value"": ""128 MB""}, {""name"": ""Khe cắm thẻ nhớ"", ""value"": ""MicroSD, hỗ trợ tối đa 32 GB""}], ""Pin & công nghệ sạc"": [{""name"": ""Pin"", ""value"": ""1000 mAh""}, {""name"": ""Công nghệ sạc"", ""value"": ""Sạc 2.5 W""}, {""name"": ""Cổng sạc"", ""value"": ""Micro-USB""}], ""Kích thước & Trọng lượng"": [{""name"": ""Kích thước"", ""value"": ""121 x 50 x 12.8mm""}, {""name"": ""Trọng lượng"", ""value"": ""75g""}], ""Thiết kế & Trọng lượng"": [{""name"": ""Chất liệu mặt lưng"", ""value"": ""Nhựa""}, {""name"": ""Chất liệu khung viền"", ""value"": ""Nhựa""}], ""Cổng kết nối"": [{""name"": ""Bluetooth"", ""value"": ""v4.2""}], ""Thông tin chung"": [{""name"": ""Thời điểm ra mắt"", ""value"": ""12/2021""}]}","[""https://cdn2.cellphones.com.vn/x/media/catalog/product/6/5/6566_3__2.jpg"", ""https://cdn2.cellphones.com.vn/x/media/catalog/product/m/a/masstel-izi-10-4g-xanh-thumb-600x600_2.jpg""]",{}
