name,sku,base_price,sale_price,description,specifications,images,colors
Nubia V80 Max 8GB 256GB,dien-thoai-nubia-v80-max,4.990.000đ,3.890.000đ,"Đặc điểm nổi bật của Nubia V80 Max 8GB 256GB
Điện thoại nubia V80 Max sở hữu màn hình 6.9 inch ấn tượng cùng tần số quét 120 Hz giúp người dùng tận hưởng hình ảnh mượt mà và sắc nét khi giải trí. Thiết bị vận hành ổn định nhờ chip Unisoc T7250. Kèm theo đó là dung lượng RAM 8 GB và 256 GB ROM, cải thiện khả năng đa nhiệm và lưu trữ dữ liệu trên máy.
Nội dung chính
1. Bảng so sánh thông số Nubia V80 Max và Nubia V70 Max có đáng nâng cấp?
2. Đánh giá Nubia V80 Max siêu bền bỉ, siêu thông minh
2.1. Pin khủng 6000mAh, tuổi thọ pin lên đến 4 năm
2.2. Màn hình siêu lớn 6.9 inch, tần số quét 120Hz
2.3. Độ sáng 780 nits hiển thị rõ nét dưới nắng
2.4. Mặt kính bền bỉ chống trầy xước và va đập
2.5. Bảo vệ toàn diện 360° va đập, rơi rớt
2.6. Thiết kế bo cong gia cố, màu sắc nổi bật
2.7. Khả năng chống rơi lên đến 1.8m
2.8. Kháng bụi và kháng nước đạt chuẩn IP64
2.9. Trải nghiệm mượt mà 50 tháng
2.10. Định vị chính xác, dẫn đường thời gian thực
2.11. Đảm bảo kết nối và định vị ổn định trong môi trường phức tạp
2.12. Thao tác vuốt lên truy cập AI Memory
2.13. Cảnh báo lừa đảo AI, trợ lý đăng bài xã hội AI, tạo hình nền trực tiếp AI
2.14. Camera trước 16MP, Camera sau AI 50MP
2.15. Chụp ảnh bằng cử chỉ, chụp ảnh chuyển động và AI Filter
2.16. Bộ xử lý Octa-Core 8 nhân 1.8GHz mạnh mẽ
2.17. Hiệu ứng âm thanh sống động
2.18. Nubia Linkfree gọi và nhắn tin miễn phí
2.19. Mở khóa nhanh bằng vân tay cạnh bên
3. Các thuật toán sạc thông minh Nubia V80 Max
3.1. Sạc đêm thông minh AI
3.2. Sạc nhanh
3.3. Sạc ngược 10W
4. Điện thoại Nubia V80 Max khi nào ra mắt?
5. Điện thoại Nubia V80 Max giá bao nhiêu?
6. Nubia V80 Max có mấy màu?
7. Nubia V80 Max có mấy phiên bản RAM, ROM?
8. Điện thoại Nubia V80 Max phù hợp cho người dùng nào?
9. Bộ sản phẩm Nubia V80 Max trong hộp
10. Địa chỉ mua điện thoại Nubia V80 Max chính hãng, giá rẻ, hỗ trợ trả góp 0% và tặng sim data miễn phí
Bảng so sánh thông số Nubia V80 Max và Nubia V70 Max có đáng nâng cấp?
Những cải tiến về công nghệ giúp điện thoại Nubia V80 Max trở thành phiên bản đáng để nâng cấp từ dòng Nubia V70 Max. Những thay đổi về tính năng đi kèm cũng hỗ trợ người dùng nâng cao trải nghiệm sử dụng:
Nubia V80 Max có nhiều điểm nâng cấp đáng giá
Đặc điểm
Nubia V80 Max
Nubia V70 Max
Màn hình
6.9 inch
120Hz
Độ sáng 780 nits
6.9 inch
120Hz
Live Island 2.0
Dung lượng pin
6000mAh 
6000mAh
Công suất sạc
Sạc nhanh 22.5W
Sạc ngược 10W
Sạc nhanh 22.5W
Chịu lực rơi
1.8m
1.5m
Kháng bụi và nước
Đạt chuẩn IP64
Đạt chuẩn IP54
Độ mượt mà
Lên đến 50 tháng 
Lên đến 48 tháng
Camera sau
50MP AI Triple Camera
50MP AI Triple Camera
Hệ thống âm thanh
Tăng cường 200%
Hiệu ứng âm thanh Nubia
Âm thanh tăng cường với DTS
Tiện ích AI
AI Memory
Cảnh báo lừa đảo AI
AI Filter
AI Magic Eraser
AI Magic Editor
Kết nối đặc biệt
Nubia Linkfree (Gọi/nhắn tin không sóng)
Z-SmartCast
Đánh giá Nubia V80 Max siêu bền bỉ, siêu thông minh
Điện thoại sở hữu các công nghệ thông minh giúp nổi bật về tính thực dụng trong quá trình sử dụng. Sản phẩm ưu tiên vận hành bền bỉ, đáp ứng nhu cầu sử dụng liên tục tránh gây cảm giác bất tiện.
Pin khủng 6000mAh, tuổi thọ pin lên đến 4 năm
Nubia V80 Max sở hữu viên pin khủng 6000mAh hỗ trợ người dùng sử dụng trong nhiều giờ liền. Dung lượng lớn đi kèm với tuổi thọ pin kéo dài 4 năm giúp duy trì hiệu suất năng lượng qua thời gian. Hệ thống sạc AI thông minh được tích hợp nhằm tối ưu hóa quy trình nạp năng lượng để bảo vệ linh kiện bên trong.
Duy trì hiệu suất pin bền bỉ lên đến 4 năm sử dụng
Nhờ đó, người sử dụng có thể yên tâm trải nghiệm các tính năng giải trí mà ít khi phải lo lắng về việc cạn pin. Lưu ý rằng thời lượng sử dụng thực tế cũng như tuổi thọ có thể thay đổi tùy thuộc vào cài đặt cùng thói quen sử dụng.
Màn hình siêu lớn 6.9 inch, tần số quét 120Hz
Nubia V80 Max sở hữu màn hình kích thước 6.9 inch, mang lại không gian hiển thị rộng rãi. Nhờ tần số quét 120Hz, màn hình mang lại cảm giác phản hồi nhanh cũng như hình ảnh chuyển động ổn định.
Kích thước màn hình 6.9 inch tối ưu hóa khả năng xem
Người dùng có thể xem phim, lướt nội dung hoặc chuyển đổi giữa các tác vụ một cách thuận tiện. Màn hình ấn tượng này là điểm cộng lớn, phù hợp cho các tác vụ giải trí hay làm việc trong quá trình sử dụng hàng ngày.
Độ sáng 780 nits hiển thị rõ nét dưới nắng
Độ sáng 780 nits của Nubia V80 Max giúp màn hình hiển thị nội dung rõ nét ngay cả khi sử dụng ở ngoài trời. Nhờ đó, điện thoại hỗ trợ người dùng dễ dàng theo dõi tin nhắn hay bản đồ dưới điều kiện ánh sáng mạnh mà tránh bị lóa.
Độ sáng ấn tượng hỗ trợ quan sát rõ chi tiết
Độ chi tiết và màu sắc hình ảnh được duy trì ổn định giúp trải nghiệm thị giác luôn ở mức ổn định trong nhiều môi trường. Giải pháp này đáp ứng tốt nhu cầu sử dụng trong các môi trường làm việc mở để sử dụng khi di chuyển liên tục.
Mặt kính bền bỉ chống trầy xước và va đập
Mặt kính bền bỉ trên Nubia V80 Max được thiết kế để hạn chế các tác động gây trầy xước hay va đập từ bên ngoài. Chất liệu cao cấp này hỗ trợ bảo vệ phần màn hình giúp duy trì vẻ ngoài thẩm mỹ lâu dài cho toàn bộ thiết bị.
Duy trì vẻ đẹp thẩm mỹ nhờ mặt kính bền bỉ
Người sử dụng có thể cảm thấy tự tin hơn khi mang theo máy trong túi xách hoặc sử dụng trong các hoạt động thường nhật. Lớp kính vững chắc đóng vai trò như một lá chắn hỗ trợ an toàn cho hiển thị của sản phẩm.
Bảo vệ toàn diện 360° va đập, rơi rớt
Nubia V80 Max cung cấp khả năng bảo vệ toàn diện 360 độ va đập, rơi rớt giúp hạn chế các rủi ro hỏng hóc vật lý. Máy có phần khung lõi bên trong tại bốn góc được gia cường nhằm phân tán lực tác động khi máy gặp sự cố không mong muốn.
Cấu trúc khung lõi gia cường giúp phân tán lực
Thiết kế này hỗ trợ bảo vệ các bộ phận điện tử quan trọng giữ cho máy hoạt động bền bỉ hơn theo thời gian. Người dùng có thể yên tâm hơn về độ cứng cáp của thiết bị trong nhiều tình huống sử dụng thực tế khác nhau.
Thiết kế bo cong gia cố, màu sắc nổi bật
Thiết kế bo cong gia cố giúp Nubia V80 Max sở hữu vẻ ngoài hiện đại cùng cảm giác cầm nắm chắc tay. Sản phẩm mang đến sự đa dạng với các màu sắc nổi bật như Tím Mộng Ảo, Xanh Thiên Thanh, Vàng Kim Quang, Đen Không Gian và Bạc Ánh Sao.
Thiết kế các cạnh bo cong giúp thao tác thoải mái
Mỗi gam màu đều được hoàn thiện tỉ mỉ nhằm tôn lên cá tính riêng biệt cho người sở hữu trong mọi cuộc gặp gỡ. Sự kết hợp giữa kiểu dáng tinh tế cùng màu sắc phong phú giúp thiết bị dễ dàng phù hợp với nhiều phong cách.
Khả năng chống rơi lên đến 1.8m
Nubia V80 Max có khả năng chịu được va đập từ độ rơi lên đến 1.8m, là một minh chứng cho độ bền bỉ đáng tin cậy của phần cứng. Thiết bị được chế tạo để có thể chịu đựng tốt các va chạm từ độ cao đáng kể mà vẫn giữ được sự ổn định.
Hạn chế hỏng hóc khi vô tình đánh rơi thiết bị
Thông số này hỗ trợ người sử dụng cảm thấy an tâm hơn khi dùng máy trong các môi trường làm việc có rủi ro rơi rớt. Đây là tính năng quan trọng giúp thiết bị vượt qua những thử thách khắc nghiệt trong suốt quá trình vận hành lâu dài.
Kháng bụi và kháng nước đạt chuẩn IP64
Với tiêu chuẩn IP64, từ đó giúp Nubia V80 Max phù hợp với các điều kiện sử dụng khác nhau. Cấu trúc bảo vệ giúp máy hạn chế sự tác động của bụi hay nước bắn từ môi trường xung quanh.
IP64 giảm sự ảnh hưởng của bụi hay hơi ẩm
Tuy nhiên, hãng không khuyến khích việc sử dụng máy trong môi trường hồ bơi, nước mặn hoặc tiếp xúc trực tiếp với vòi phun áp lực cao. Việc giữ các cổng kết nối khô ráo sau khi tiếp xúc với hơi ẩm sẽ hỗ trợ máy vận hành trong trạng thái ổn định.
Trải nghiệm mượt mà 50 tháng
Nubia V80 Max hứa hẹn sẽ mang lại trải nghiệm mượt mà đến 50 tháng nhờ vào sự tối ưu hóa phần mềm và phần cứng đồng bộ. Chứng nhận từ tổ chức uy tín hỗ trợ khẳng định khả năng vận hành ổn định của máy sau thời gian dài sử dụng.
Vận hành trơn tru, hạn chế chậm trễ trong thời gian dài
Hệ thống giúp giảm thiểu tình trạng chậm trễ hay giật lag khi người dùng xử lý nhiều tác vụ cùng lúc trên thiết bị. Sự bền bỉ về hiệu năng này là yếu tố quan trọng giúp người sử dụng hạn chế việc phải nâng cấp điện thoại quá sớm.
Định vị chính xác, dẫn đường thời gian thực
Hệ thống định vị chính xác, dẫn đường thời gian thực trên Nubia V80 Max hỗ trợ người dùng tìm kiếm lộ trình nhanh chóng. Với tốc độ nhanh hơn 37% và độ chính xác vượt trội, việc xác định vị trí hiện tại trở nên vô cùng dễ dàng.
Xác định tọa độ nhanh chóng qua bản đồ số mới
Người sử dụng có thể yên tâm di chuyển trong những khu vực lạ nhờ vào sự hỗ trợ đắc lực từ bản đồ số. Tính năng dẫn đường thông minh này mang lại sự thuận tiện tối đa cho các hành trình di chuyển hàng ngày.
Đảm bảo kết nối và định vị ổn định trong môi trường phức tạp
Nubia V80 Max mang đến khả năng kết nối và định vị ổn định trong môi trường phức tạp nhờ vào các thuật toán tăng cường tín hiệu. Máy có thể thu phát sóng được cải thiện hỗ trợ máy giữ liên lạc tốt ngay cả khi ở trong đường hầm hay tầng hầm.
Duy trì liên lạc ngay cả trong môi trường sóng yếu
Tình trạng mất kết nối định vị được hạn chế đáng kể giúp người dùng không bị gián đoạn các công việc quan trọng. Thiết bị luôn duy trì sự thông suốt trong việc truyền tải dữ liệu giúp nâng cao trải nghiệm sử dụng ở mọi địa hình.
Thao tác vuốt lên truy cập AI Memory
Người dùng có thể dùng thao tác vuốt lên truy cập AI Memory trên Nubia V80 Max để nhanh chóng tìm kiếm và quản lý thông tin cá nhân. Trợ lý thông minh này hỗ trợ ghi nhớ các dữ liệu quan trọng và sắp xếp chúng một cách khoa học trên màn hình.
Thao tác vuốt để truy cập trợ lý quản lý thông tin
Các thông báo hay tin nhắn cần thiết sẽ được gợi ý kịp thời giúp người dùng ít khi bỏ lỡ những sự kiện quan trọng. Công cụ được thiết kế nhằm hỗ trợ người dùng quản lý công việc và tương tác thuận tiện hơn.
Cảnh báo lừa đảo AI, trợ lý đăng bài xã hội AI, tạo hình nền trực tiếp AI
Nubia V80 Max tích hợp cảnh báo lừa đảo AI, trợ lý đăng bài xã hội AI và tạo hình nền trực tiếp AI để hỗ trợ người dùng. Hệ thống bảo mật thông minh giúp nhận diện các dấu hiệu khả nghi để đưa ra những khuyến cáo kịp thời cho người sử dụng.
Hệ thống bảo mật hỗ trợ cảnh báo dấu hiệu lừa đảo
Trợ lý AI còn giúp người dùng tạo nội dung đăng tải lên mạng xã hội và hình nền từ mô tả văn bản một cách sáng tạo. Sự hiện diện của trí tuệ nhân tạo mang lại lớp bảo vệ cần thiết và gia tăng tiện ích số cho người sở hữu.
Camera trước 16MP, Camera sau AI 50MP
Hệ thống camera trước 16MP và camera sau AI 50MP của Nubia V80 Max hỗ trợ người dùng ghi lại hình ảnh sắc nét. Với độ phân giải cao, camera chính giúp tái hiện chi tiết tốt hơn khi chụp ở các môi trường ánh sáng khác nhau.
Ghi lại hình ảnh sắc nét với độ chi tiết sống động
Những bức ảnh selfie từ ống kính trước mang lại vẻ đẹp tự nhiên và rõ ràng cho người sử dụng trong mọi khung hình. Các thuật toán AI tích hợp sẽ tự động tối ưu hóa màu sắc để tạo ra những tác phẩm nhiếp ảnh chân thực.
Chụp ảnh bằng cử chỉ, chụp ảnh chuyển động và AI Filter
Nubia V80 Max hỗ trợ thực hiện chụp ảnh bằng cử chỉ, chụp ảnh chuyển động và AI Filter dễ dàng. Chỉ với thao tác tay đơn giản, máy sẽ tự động kích hoạt chụp hình giúp người sử dụng có được bức ảnh từ xa ưng ý.
Kích hoạt chụp ảnh từ xa bằng các thao tác tay
Tính năng chụp ảnh chuyển động hỗ trợ ghi lại vật thể đang di chuyển mà vẫn giữ được độ rõ nét của chi tiết. Các bộ lọc AI Filter phong phú cho phép người dùng thỏa sức sáng tạo để thay đổi phong cách cho mỗi tấm hình chụp.
Bộ xử lý Octa-Core 8 nhân 1.8GHz mạnh mẽ
Bộ xử lý Octa-Core 8 nhân 1.8GHz mạnh mẽ hỗ trợ Nubia V80 Max vận hành mượt mà các ứng dụng và tác vụ đa nhiệm. Cấu trúc vi xử lý hiện đại giúp tối ưu hóa điện năng tiêu thụ mà vẫn duy trì được hiệu suất hoạt động ổn định.
Cấu trúc chip hiện đại giúp kiểm soát điện năng
Người dùng có thể thoải mái chuyển đổi giữa các tác vụ công việc và giải trí mà ít khi gặp tình trạng giật lag. Đây là nền tảng phần cứng vững chắc hỗ trợ cho mọi tính năng thông minh trên máy hoạt động một cách hiệu quả.
Hiệu ứng âm thanh sống động
Hiệu ứng âm thanh sống động trên Nubia V80 Max mang đến trải nghiệm thính giác chân thực thông qua các công nghệ tinh chỉnh hiện đại. Thiết kế loa tập trung vào khả năng tái tạo âm thanh phù hợp cho giải trí đa phương tiện:
Công nghệ tinh chỉnh âm thanh mang lại sự ấn tượng
Tinh chỉnh âm thanh chuyên nghiệp: Công nghệ âm thanh từ Nubia hỗ trợ tối ưu hóa các dải tần số để mang lại độ chi tiết trong từng bản nhạc.
Trường âm thanh vòm 3D: Hỗ trợ tạo ra không gian âm thanh đa chiều, mang lại cảm giác như đang trải nghiệm tại rạp phim hay các buổi hòa nhạc.
Tăng cường âm trầm động: Các dải âm thấp được xử lý khéo léo giúp âm trầm trở nên mạnh mẽ và uy lực hơn.
Tối ưu cho nhiều tình huống sử dụng: Tự động điều chỉnh cấu hình âm thanh phù hợp với từng tác vụ như chơi game, xem phim hay nghe podcast.
Tăng cường âm lượng 200%: Khuếch đại âm thanh giúp nghe rõ nội dung thông tin khi đang ở trong môi trường có nhiều tiếng ồn xung quanh.
Nubia Linkfree gọi và nhắn tin miễn phí
Tính năng Nubia Linkfree gọi và nhắn tin miễn phí hỗ trợ duy trì liên lạc trong những khu vực sóng yếu hoặc không có sóng. Công nghệ này trên Nubia V80 Max sử dụng kết nối Bluetooth để truyền tải dữ liệu trong một phạm vi được cho phép giữa các thiết bị tương thích.
Giải pháp gọi điện và nhắn tin qua kết nối Bluetooth
Đây là giải pháp dự phòng thiết thực giúp người sử dụng không bị mất kết nối khi di chuyển tại các vùng địa hình sóng yếu. Sự tiện lợi này mang lại cảm giác tin cậy trong nhiều tình huống sử dụng thực tế thường ngày.
Mở khóa nhanh bằng vân tay cạnh bên
Người dùng có thể mở khóa nhanh bằng vân tay cạnh bên trên Nubia V80 Max giúp việc truy cập vào thiết bị trở nên thuận tiện hơn. Vị trí cảm biến được đặt ngay trên nút nguồn hỗ trợ thao tác mở máy diễn ra tự nhiên ngay khi cầm điện thoại lên.
Truy cập thiết bị nhanh chóng thông qua vân tay
Công nghệ nhận diện hiện đại giúp bảo mật thông tin cá nhân một cách an toàn và hạn chế sự truy cập trái phép từ bên ngoài. Tính năng này mang lại sự linh hoạt và tiết kiệm thời gian đáng kể cho người sử dụng trong các hoạt động hàng ngày.
Các thuật toán sạc thông minh Nubia V80 Max
Thiết bị tích hợp nhiều giải pháp phần mềm hiện đại nhằm kiểm soát quy trình nạp năng lượng một cách khoa học và an toàn. Các thuật toán này hỗ trợ duy trì độ bền cho viên pin cũng như nâng cao hiệu quả vận hành tổng thể của điện thoại.
Sạc đêm thông minh AI
Sạc đêm thông minh AI trên Nubia V80 Max hỗ trợ bảo vệ viên pin bằng cách học hỏi thói quen nghỉ ngơi của người sử dụng. Hệ thống tự động điều chỉnh tốc độ nạp năng lượng để thiết bị đạt mức pin đầy ngay trước thời điểm người dùng bắt đầu ngày mới.
Hạn chế tình trạng sạc nhồi liên tục trong cả đêm
Quy trình này góp phần hạn chế tình trạng pin bị duy trì ở trạng thái sạc nhồi liên tục trong suốt cả đêm dài. Việc áp dụng trí tuệ nhân tạo hỗ trợ kéo dài tuổi thọ linh kiện và duy trì hiệu suất năng lượng ổn định qua nhiều năm vận hành.
Sạc nhanh
Sạc nhanh giúp Nubia V80 Max vận hành bằng điện trực tiếp thay vì thông qua quá trình sạc pin. Giải pháp kỹ thuật này hỗ trợ giảm thiểu nhiệt lượng tỏa ra khi người sử dụng thực hiện các tác vụ nặng như chơi game hay xem phim lâu.
Giảm áp lực lên pin khi chơi game hay xem phim
Việc giảm áp lực nạp xả liên tục giúp bảo vệ sức khỏe viên pin và duy trì sự ổn định cho hệ thống phần cứng bên trong. Người dùng có thể an tâm sử dụng máy trong thời gian dài mà ít khi gặp phải hiện tượng quá nhiệt hay chai pin sớm.
Sạc ngược 10W
Sạc ngược 10W là một tiện ích linh hoạt trên Nubia V80 Max giúp thiết bị đóng vai trò như một nguồn cấp năng lượng dự phòng. Người sử dụng có thể dùng cáp kết nối để sạc pin cho các phụ kiện như tai nghe Bluetooth, đồng hồ thông minh hay vòng đeo tay sức khỏe.
Chia sẻ năng lượng cho các phụ kiện thông minh
Khả năng chia sẻ điện năng này mang lại sự thuận tiện trong những tình huống khẩn cấp khi người dùng đang di chuyển bên ngoài. Lưu ý rằng tính năng này yêu cầu sử dụng cáp sạc hỗ trợ tương ứng và hiệu suất nạp có thể thay đổi tùy thuộc vào thiết bị được kết nối.
Điện thoại Nubia V80 Max khi nào ra mắt?
Điện thoại Nubia V80 Max bắt đầu lên kệ tại thị trường Việt Nam ngày 10/01/2026 vừa qua. Đây là thời điểm quan trọng để người dùng có thể tiếp cận và trải nghiệm trực tiếp dòng sản phẩm mới với nhiều nâng cấp đáng chú ý.
Dòng smartphone pin khủng lên kệ đầu năm 2026
Hệ thống CellphoneS là một trong những đơn vị sớm đưa sản phẩm này đến tay người sử dụng cùng nhiều chương trình hỗ trợ hấp dẫn. Việc ra mắt vào đầu năm giúp người dùng có thêm lựa chọn để phục vụ nhu cầu liên lạc và làm việc trong năm mới.
Điện thoại Nubia V80 Max giá bao nhiêu?
Điện thoại Nubia V80 Max phiên bản RAM 8GB và bộ nhớ trong 256GB hiện có mức giá bán tham khảo tại hệ thống CellphoneS là 3.590.000đ. Với mức giá cạnh tranh này, người dùng có thể sở hữu một thiết bị có khả năng lưu trữ rộng rãi và vận hành đa nhiệm ổn định.
Chi tiết giá bán Nubia V80 Max tại CellphoneS vào 15/05/2026 như sau:
Tên sản phẩm
Giá bán
Giá thu cũ lên đời
Nubia V80 Max 8GB 256GB
3.890.000đ
3.390.000đ
Sở hữu thiết bị bộ nhớ lớn với mức đầu tư hợp lý
Hệ thống còn hỗ trợ chương trình thu cũ lên đời giúp người sử dụng tiết kiệm thêm một khoản chi phí khi quyết định nâng cấp máy mới. Lưu ý rằng giá bán thực tế cùng các ưu đãi đi kèm có thể thay đổi tùy thuộc vào thời điểm mua hàng cũng như chính sách tại cửa hàng.
Nubia V80 Max có mấy màu?
Điện thoại Nubia V80 Max mang đến sự đa dạng trong lựa chọn phong cách với 5 phiên bản màu sắc trẻ trung và thời thượng. Máy cung cấp đa dạng các phiên bản gồm Tím Mộng Ảo, Xanh Thiên Thanh, Vàng Kim Quang, Đen Không Gian và Bạc Ánh Sao.
Vẻ đẹp hiện đại được thể hiện qua từng tông màu
Mỗi tông màu đều được hoàn thiện tinh tế giúp làm nổi bật đường nét thiết kế và gia tăng tính thẩm mỹ cho người sở hữu. Sự phong phú về màu sắc hỗ trợ người dùng dễ dàng tìm thấy phiên bản phù hợp với cá tính và sở thích cá nhân.
Nubia V80 Max có mấy phiên bản RAM, ROM?
Nubia V80 Max tại thị trường Việt Nam hiện có 2 phiên bản bộ nhớ bao gồm RAM 8GB kết hợp với ROM 128GB hoặc 256GB. Lựa chọn tiêu chuẩn với 128GB hỗ trợ người dùng lưu trữ các dữ liệu cần thiết cùng mức giá bán vô cùng hợp lý.
Đa nhiệm ổn định nhờ mức RAM hỗ trợ rộng rãi
Trong khi đó, phiên bản 256GB mang lại không gian thoải mái hơn giúp người dùng cài đặt thêm nhiều ứng dụng và video. Với hai tùy chọn dung lượng này giúp sản phẩm hỗ trợ tốt các nhu cầu đa nhiệm cũng như lưu trữ đa dạng.
Điện thoại Nubia V80 Max phù hợp cho người dùng nào?
Điện thoại Nubia V80 Max là lựa chọn phù hợp dành cho những ai đề cao thời lượng pin và độ bền bỉ của phần cứng. Sản phẩm hỗ trợ đắc lực cho các bác tài công nghệ, shipper hay những người thường xuyên phải làm việc di động ngoài trời lâu dài.
Thiết bị hỗ trợ học tập và giải trí hiệu quả
Ngoài ra, các bạn học sinh sinh viên cũng có thể sử dụng máy như một công cụ học tập và giải trí hiệu quả nhờ màn hình lớn cùng mức giá hợp lý. Đây là thiết bị di động thực dụng hướng đến sự ổn định và hỗ trợ kết nối thông suốt trong mọi tình huống.
Bộ sản phẩm Nubia V80 Max trong hộp
Bộ sản phẩm đi kèm được thiết kế nhằm cung cấp khả năng hỗ trợ từ việc nạp năng lượng đến bảo vệ phần cứng cho linh kiện. Các phụ kiện giúp duy trì sự tương thích và hỗ trợ máy vận hành ổn định. Danh mục phụ kiện có trong hộp sản phẩm gồm:
Phụ kiện được cung cấp kèm theo khi mua máy
Máy Nubia V80 Max
Bộ sách hướng dẫn sử dụng (HDSD)
Que chọc SIM
Ốp lưng bảo vệ chính hãng
Cáp sạc chuẩn type-C
Củ sạc nhanh công suất 22.5W
Địa chỉ mua điện thoại Nubia V80 Max chính hãng, giá rẻ, hỗ trợ trả góp 0% và tặng sim data miễn phí
Người mua có thể tìm mua điện thoại Nubia V80 Max chính hãng với mức giá cạnh tranh tại CellphoneS. Mua sắm tại CellphoneS sẽ giúp khách hàng tiếp cận sản phẩm chất lượng cùng các ưu đãi:
Thu cũ lên đời trợ giá đến 500.000đ, hỗ trợ nâng cấp máy mới tiết kiệm chi phí.
Tặng SIM/eSIM VNSKY, sử dụng ngay 5GB data 5G mỗi ngày, miễn phí 30 ngày đầu tiên.
Khi chi thêm 150.000đ để nhận Bảo hành VIP 12 tháng - 1 đổi 1 tại CellphoneS
Hỗ trợ trả góp 0% lãi suất, giúp dễ dàng sở hữu mà không áp lực tài chính
Các ưu đãi có thời gian áp dụng nhất định, vì vậy hãy nhanh chóng đến chi nhánh CellphoneS gần nhất để sở hữu sản phẩm.","{""Màn hình"": [{""name"": ""Kích thước màn hình"", ""value"": ""6.9 inches""}, {""name"": ""Công nghệ màn hình"", ""value"": ""IPS LCD""}, {""name"": ""Tính năng màn hình"", ""value"": ""Tần số quét 120Hz""}, {""name"": ""Tần số quét"", ""value"": ""120Hz""}], ""Camera sau"": [{""name"": ""Camera sau"", ""value"": ""50 MP + 2 MP + 0.08 MP""}], ""Camera trước"": [{""name"": ""Camera trước"", ""value"": ""16 MP""}], ""Vi xử lý & đồ họa"": [{""name"": ""Chipset"", ""value"": ""Unisoc T7250""}], ""Giao tiếp & kết nối"": [{""name"": ""Công nghệ NFC"", ""value"": ""Có""}, {""name"": ""Thẻ SIM"", ""value"": ""2 Nano-SIM""}], ""RAM & lưu trữ"": [{""name"": ""Dung lượng RAM"", ""value"": ""8 GB""}, {""name"": ""Bộ nhớ trong"", ""value"": ""256 GB""}], ""Pin & công nghệ sạc"": [{""name"": ""Pin"", ""value"": ""6000 mAh""}, {""name"": ""Công nghệ sạc"", ""value"": ""Sạc nhanh 22.5W""}]}","[""https://cdn2.cellphones.com.vn/x/media/catalog/product/s/l/slider-nubia-v80-max-8gb-256gb.jpg"", ""https://cdn2.cellphones.com.vn/x/media/catalog/product/s/l/slider-nubia-v80-max-8gb-256gb-1.jpg"", ""https://cdn2.cellphones.com.vn/x/media/catalog/product/s/l/slider-nubia-v80-max-8gb-256gb-2.jpg""]","{""product_color_1"": {""color"": ""Vàng"", ""image_url"": ""https://cellphones.com.vn/dien-thoai-nubia-v80-max.html?product_id=126377"", ""price"": ""3.890.000₫""}, ""product_color_2"": {""color"": ""Tím"", ""image_url"": ""https://cellphones.com.vn/dien-thoai-nubia-v80-max.html?product_id=126376"", ""price"": ""3.890.000₫""}, ""product_color_3"": {""color"": ""Xanh"", ""image_url"": ""https://cellphones.com.vn/dien-thoai-nubia-v80-max.html?product_id=126378"", ""price"": ""3.890.000₫""}, ""product_color_4"": {""color"": ""Bạc"", ""image_url"": ""https://cellphones.com.vn/dien-thoai-nubia-v80-max.html?product_id=121767"", ""price"": ""3.890.000₫""}, ""product_color_5"": {""color"": ""Đen"", ""image_url"": ""https://cellphones.com.vn/dien-thoai-nubia-v80-max.html?product_id=121763"", ""price"": ""3.890.000₫""}}"
Nubia Neo 5 5G 8GB 128GB,dien-thoai-nubia-neo-5-5g,7.490.000đ,6.990.000đ,"Đặc điểm nổi bật của Nubia Neo 5 5G 8GB 128GB
nubia Neo 5 là dòng smartphone chuyên game (gaming phone) thuộc phân khúc tầm trung của ZTE dành cho thế hệ trẻ, vừa được ra mắt vào ngày 04/03/2026 tại sự kiện MWC 2026. Máy sử dụng chip UNISOC T9300 cùng tính năng AI Copilot Demi 2.0 tích hợp cảm ứng 550Hz cùng độ trễ dưới 5,5ms, cho khả năng phản hồi nhanh chóng, mượt mà. Sản phẩm tích hợp camera kép sau 50MP AI, mang lại hình ảnh rõ nét và tối ưu chi tiết. Điện thoại trang bị pin 6050mAh và cáp 90° cho trải nghiệm chơi game ổn định.
Nội dung chính
1. Điện thoại nubia Neo 5 giá bao nhiêu?
2. nubia Neo 5 5G ra mắt khi nào?
3. Đặc điểm nổi bật của nubia Neo 5
4. Bảng so sánh thông số nubia Neo 5, nubia Neo 5 GT, nubia Neo 5 Pro
5. So sánh thông số kỹ thuật nubia Neo 5 5G và nubia Neo 3 5G
6. Điện thoại nubia Neo 5 5G - Smartphone chuyên game, Pin siêu khủng
6.1. Nút cảm ứng Neo Triggers 5.0 và độ trễ cực thấp
6.2. Hệ thống tản nhiệt diện tích 20.000mm²
6.3. Viên pin Dual-cell 6050mAh
6.4. Màn hình 6.75 inch với 120Hz
7. Các tính năng AI nổi bật được trang bị trên Neo 5
7.1. Trợ lý ảo AI Copilot Demi 2.0
7.2. Trí tuệ nhân tạo đa nhiệm thông minh
7.3. Hệ thống tính năng camera AI chuyên sâu
8. Mua điện thoại nubia Neo 5 5G ở đâu giá tốt và bảo hành chính hãng?
Điện thoại nubia Neo 5 giá bao nhiêu?
Tại thị trường châu Âu, nubia Neo 5 5G (bản tiêu chuẩn) có giá công bố là 299 Euro tương đương khoảng hơn 8.100.000 VNĐ. Tuy nhiên, khi về thị trường Đông Nam Á hoặc Việt Nam, mức giá này thường sẽ thấp hơn, dự kiến rơi vào khoảng 5.000.000đ - 7.000.000đ
Lưu ý: Đây là mức giá nubia Neo 5 dự kiến, chưa phải giá niêm yết chính thức. Theo dõi CellphoneS để cập nhật thông tin và không bỏ lỡ ưu đãi!
nubia Neo 5 5G ra mắt khi nào?
Điện thoại nubia Neo 5 thuộc dòng nubia Neo 5 series (bao gồm các phiên bản Neo 5, Neo 5 Pro và Neo 5 GT) đã chính thức được cho ra mắt toàn cầu vào ngày 04/03/2026 tại sự kiện MWC 2026. Tại Việt Nam, nubia Neo 5 sẽ chính thức ra mắt vào ngày 23/04/2026, sản phẩm hướng đến đối tượng sử dụng là các game thủ trẻ muốn sở hữu điện thoại chơi game với giá thành phải chăng.
Đặc điểm nổi bật của nubia Neo 5
nubia Neo 5 mang đến khả năng xử lý dữ liệu mạnh mẽ nhờ sở hữu cấu hình phần cứng tối ưu cho các tác vụ giải trí cường độ cao. Bên cạnh đó, các công nghệ gaming được tích hợp sẽ giúp người dùng luôn duy trì lợi thế cạnh tranh trong mọi trận game.
Màn hình 6.8 inches với tần số quét lên đến 120Hz mượt mà.
Vi xử lý Unisoc T9300 mang lại hiệu năng bứt phá và kết nối mạng 5G với tốc độ cao.
Viên pin dung lượng lớn 6050mAh đi kèm sạc nhanh công suất 45W.
Hệ thống làm mát vượt trội tích hợp quạt RGB và phím Neo Triggers 5.0.
Âm thanh DTS: X Ultra và chuẩn kháng bụi, kháng nước IP64.
Gaming phone đến từ nubia với hiệu năng mạnh mẽ.
Sự kết hợp giữa viên pin khủng và hệ thống loa kép sống động giúp người dùng có thể thoải mái tận hưởng không gian giải trí suốt ngày dài. Ngoài ra, thiết kế hiện đại của điện thoại nubia Neo 5 sẽ giúp cho mọi trải nghiệm thị giác luôn đạt mức độ chân thực và ấn tượng.
Bảng so sánh thông số nubia Neo 5, nubia Neo 5 GT, nubia Neo 5 Pro
Thông số
nubia Neo 5
nubia Neo 5 Pro
nubia Neo 5 GT
Thiết kế
Thiết kế đặc trưng của gaming phone, mạnh mẽ, mỏng nhẹ
Thiết kế hiện đại, LED RGB ở mặt lưng
Thiết kế hầm hố, có khe thoát gió
RAM/ROM
8GB+(128/256)GB
(8/12)GB+(128/256)GB
(8/12)GB+256GB
Chip xử lý
Unisoc T9300
Dimensity 7400 4nm
Dimensity 7400 4nm
GPU
ARM Mali G57 MP2
ARM Mali G57 MP4
ARM Mali-G615 MC2
CPU
Octa-core 2.4GHz
Octa-core (Cortex‑A78+Cortex‑A55)
Octa-core 2.6GHz
Kích thước màn hình
6.8 inch (6.8 x 25.4 mm)
6.8 inch (6.8 x 25.4 mm)
6.8 inch (6.8 x 25.4 mm)
Độ sáng màn hình
1000 nits
2000 nits
4500 nits
Tính năng màn hình
900 x 1940 pixels, 120Hz
Full HD Plus, 144Hz
1.5K, 144Hz
Camera sau
50MP + 2MP
50MP + 2MP
50MP + 2MP
Camera trước
16MP
16MP
16MP
Pin
6050mAh
6210mAh
6210mAh (dual-cell)
Sạc có dây/ không dây
Sạc nhanh 45W
Sạc nhanh 80W
Sạc nhanh 80W
Bluetooth 
Bluetooth 5.4
Bluetooth 6.0
Bluetooth 6.0
Wifi
WiFi 2.4G/5G
WiFi 2.4G/5G/6G
WiFi 2.4G/5G/6G
Hệ điều hành
MyOS, Android 16
MyOS, Android 16
MyOS, Android 16
SIM
2 Nano-SIM
Nano-SIM + eSIM
Nano-SIM + eSIM
Kháng nước
Chuẩn IP64
Chuẩn IP64
Chuẩn IP64
Tính năng AI
AI Copilot Demi 2.0, AI đa nhiệm, AI chuyên sâu
AI Copilot Demi 2.0, AI đa nhiệm, AI chuyên sâu
AI Copilot Demi 2.0, AI đa nhiệm, AI chuyên sâu
So sánh thông số kỹ thuật nubia Neo 5 5G và nubia Neo 3 5G
Mặc dù cùng thuộc phân khúc smartphone chuyên game, nubia Neo 5 lại thể hiện sự vượt trội nhờ vị thế là một phiên bản nâng cấp. Thiết bị này được nhà sản xuất ưu ái trang bị hàng loạt công nghệ tối tân nhằm bỏ xa thế hệ tiền nhiệm, chi tiết như sau:
Thông số
nubia Neo 5 5G
nubia Neo 3 5G
Thiết kế
Thiết kế đặc trưng của gaming phone, mạnh mẽ, mỏng nhẹ
Thiết kế gaming
RAM/ROM
8GB+(128/256)GB
8GB+(128/256)GB
Chip xử lý
Unisoc T9300
Unisoc T8300 6nm
GPU
ARM Mali G57 MP2
ARM Mali G57 MP2
CPU
Octa-core 2.4GHz
Octa-Core (2*Cortex-A78 @ 2.2GHz + 6*Cortex-A55 @2.0GHz)
Kích thước màn hình
6.8 inch (6.8 x 25.4 mm)
6.8 inch (6.8 x 25.4 mm)
Độ sáng màn hình
1000 nits
1000 nits
Tính năng màn hình
1940*900px, 120Hz
2030*900px,120Hz
Camera sau
50MP + 2MP
50MP + 2MP
Camera trước
16MP
16MP
Pin
6050mAh
6.000 mAh
Sạc có dây/ không dây
Sạc nhanh 45W
Sạc nhanh 33W
Bluetooth 
Bluetooth 5.4
Bluetooth 5.4
Wifi
WiFi 2.4G/5G
Wi‑Fi 5
Hệ điều hành
Android 16
Android 15
SIM
2 Nano-SIM + eSIM
2 Nano‑SIM
Kháng nước
Chuẩn IP64
Không
Tính năng AI
AI Copilot Demi 2.0, AI đa nhiệm, AI chuyên sâu
Neovision AI Photography System
Nhìn chung, khi đặt lên bàn cân với dòng máy đi trước, nubia Neo 5 5G mang đến bộ vi xử lý với sức mạnh bứt phá hơn hẳn. Không chỉ vậy, cỗ máy này còn ghi điểm nhờ viên pin cung cấp thời lượng bền bỉ cùng công suất sạc nhanh vô cùng ấn tượng.
Điện thoại nubia Neo 5 5G - Smartphone chuyên game, Pin siêu khủng
Điện thoại nubia này mang đến khả năng xử lý mượt mà và phản hồi thao tác chuẩn xác trong mọi tựa game. Hệ thống làm mát tiên tiến kết hợp cùng nguồn năng lượng bền bỉ giúp thiết bị duy trì hiệu suất hoạt động liên tục mà không lo gián đoạn. 
Nút cảm ứng Neo Triggers 5.0 và độ trễ cực thấp
nubia Neo 5 được trang bị hệ thống nút cảm ứng Neo Triggers 5.0 tiên tiến với tần số lấy mẫu cảm ứng đạt mức 550Hz. Công nghệ này cho phép cảm biến quét thao tác chạm liên tục, giúp thiết bị nhận diện cử chỉ của ngón tay một cách nhạy bén và chuẩn xác.
nubia Neo 5 mang lại tốc độ phản hồi cực nhanh
Bên cạnh đó, độ trễ phần cứng của máy được tối ưu ở mức dưới 5.5ms, đảm bảo các lệnh thao tác được hệ thống thực thi gần như ngay lập tức. Tính năng này mang lại lợi thế cạnh tranh vượt trội cho game thủ, đặc biệt là khi trải nghiệm các tựa game bắn súng hay hành động đòi hỏi tốc độ phản xạ nhanh.
Hệ thống tản nhiệt diện tích 20.000mm²
nubia Neo 5 được trang bị hệ thống làm mát tiên tiến với tổng diện tích lên đến 20.000mm², bao gồm buồng tản nhiệt hơi và các lớp than chì. Thiết kế bề mặt tản nhiệt siêu lớn giúp thiết bị phân tán nhiệt từ vi xử lý một cách nhanh chóng và hiệu quả.
Hệ thống làm mát vượt trội.
Nhờ khả năng kiểm soát nhiệt độ tối ưu, điện thoại luôn duy trì được hiệu năng đỉnh cao trong suốt quá trình vận hành liên tục. Khả năng này giúp cho trải nghiệm chơi game luôn mượt mà, loại bỏ tình trạng giật lag hay giảm tốc độ khung hình do máy quá nóng.
Viên pin Dual-cell 6050mAh
Điện thoại nubia Neo 5 được trang bị hệ thống pin lõi kép tiên tiến với mức dung lượng cực cao lên đến 6050mAh. Thiết bị có khả năng duy trì 15 giờ chơi game, 25.3 giờ xem video liên tục, 149.3 giờ phát nhạc và sở hữu thời gian chờ lên đến 857.5 giờ chỉ sau một lần sạc đầy.
Dung lượng pin vượt trội.
Với thông số dung lượng vượt mức tiêu chuẩn thông thường, máy cung cấp thời lượng sử dụng thực tế vô cùng ấn tượng. Tuy nhiên, thời gian sử dụng thực tế của sản phẩm sẽ thay đổi tùy thuộc vào từng chế độ, tác vụ mà người dùng sử dụng.
Màn hình 6.75 inch với 120Hz
nubia Neo 5 được tích hợp một màn hình kích thước lớn 6.75 inch, mang lại trải nghiệm hiển thị rộng rãi. Thiết kế này giúp người dùng dễ dàng bao quát toàn bộ chiến trường ảo, đồng thời tạo sự thoải mái tối đa cho các thao tác tay khi chơi game.
Màn hình 6.75 inch cùng tốc độ khung hình đạt 120Hz.
Ngoài ra, tần số quét đạt đến 120Hz giúp cho các chuyển cảnh về đồ họa diễn ra mượt mà. Việc loại bỏ hiện tượng bóng mờ giúp game thủ bắt trọn mọi khoảnh khắc, không bỏ lỡ bất kỳ khung hình nào khi chơi.
Các tính năng AI nổi bật được trang bị trên Neo 5
nubia Neo 5 được trang bị công nghệ AI chuyên sâu, hỗ trợ chi tiết giúp quá trình chơi game hay chụp ảnh được diễn ra thuận tiện.
Trợ lý ảo AI Copilot Demi 2.0
nubia Neo 5 mang đến trải nghiệm chiến game đẳng cấp nhờ được trang bị hệ thống trợ lý ảo thông minh AI Copilot Demi 2.0. Nền tảng trí tuệ nhân tạo tiên tiến này được thiết kế chuyên biệt để thấu hiểu và tối ưu hóa thao tác, cung cấp hàng loạt công cụ hỗ trợ vượt trội:
Gaming Coach: Hỗ trợ huấn luyện chuyên nghiệp theo thời gian thực và báo cáo trạng thái chiến đấu chủ động, tương thích với các tựa game như Freefire, PUBG và nhiều trò chơi khác sắp ra mắt.
Gaming Chatbot: Cung cấp khả năng giải đáp tức thì mọi câu hỏi về trò chơi liên tục 24/7, được vận hành mạnh mẽ bởi mô hình ngôn ngữ lớn AI.
Demi Auto-Chat: Tự động đọc tin nhắn, phân tích ngữ cảnh chi tiết và thay mặt người dùng phản hồi lại với trí tuệ cảm xúc (EQ) cao.
Trợ lý thông minh đồng hành đắc lực cùng game thủ.
Nhờ sự hỗ trợ kịp thời từ AI Copilot Demi 2.0, người chơi sẽ tiết kiệm được đáng kể thời gian xử lý thông tin. Từ đó, game thủ có thể tập trung vào việc phô diễn kỹ năng cá nhân nhằm tối ưu hóa hiệu suất và đạt kết quả tốt nhất trong mỗi trận đấu.
Trí tuệ nhân tạo đa nhiệm thông minh
Chiếc điện thoại nubia Neo 5 mang đến khả năng xử lý dữ liệu hiệu quả nhờ được tích hợp hệ thống tính năng AI đa nhiệm thông minh. Nền tảng công nghệ hiện đại này được thiết kế nhằm hỗ trợ người dùng giải quyết nhanh các tác vụ thông qua những công cụ vượt trội:
AI Memory: Chụm ba ngón tay trên màn hình để nhận diện, phân tích thông minh tức thì và tích hợp thành một trung tâm thông tin đa năng.
AI Scam Alert: Tăng cường bảo mật bằng cách nhận diện thông minh nội dung lừa đảo qua cuộc gọi và tin nhắn, cung cấp cảnh báo theo thời gian thực giúp chủ động phòng tránh rủi ro mạng.
AI Image Generation: Cung cấp đa dạng các phương thức tạo hình ảnh, cho phép người dùng thỏa sức phát huy trí tưởng tượng và sự sáng tạo không giới hạn.
AI Text Generation: Khả năng tạo văn bản theo thời gian thực được thúc đẩy bởi sức mạnh AI giúp nâng cao tối đa hiệu suất làm việc.
AI Translate: Hỗ trợ tính năng dịch thuật hội nghị ngoại tuyến cho nhiều người và dịch thuật trực tiếp theo thời gian thực ngay trong các cuộc gọi.
Bộ công cụ trí tuệ nhân tạo đa năng tối ưu hóa trải nghiệm.
Khả năng tự động hóa từ trí tuệ nhân tạo này giúp người dùng nắm bắt thông tin một cách dễ dàng hơn. Ngoài ra, các tính năng này của smartphone nubia Neo 5 còn hỗ trợ cho việc bảo mật và sáng tạo nội dung nhanh chóng, tiết kiệm đáng kể thời gian xử lý.
Hệ thống tính năng camera AI chuyên sâu
Sản phẩm gaming phone nubia Neo 5 mang đến khả năng nhiếp ảnh chuyên nghiệp nhờ được trang bị hệ thống Camera AI chuyên sâu. Nền tảng công nghệ này tự động nhận diện bối cảnh và tinh chỉnh ánh sáng, cung cấp đa dạng các chế độ quay chụp:
Bộ lọc AI và Chụp đêm: Tối ưu hóa chất lượng của hình ảnh ở những điều kiện ánh sáng khác nhau.
VLOG Mode và Quay video 4K: Hỗ trợ quá trình sáng tạo nội dung video với độ phân giải cao.
Chụp tài liệu, Hình ảnh động và Chụp kép: Cung cấp sự linh hoạt để đáp ứng tốt nhiều mục đích sử dụng.
Chụp bằng cử chỉ: Tăng tính tiện lợi khi thao tác điều khiển camera từ xa.
Đa dạng chế độ quay chụp, dễ dàng lưu giữ khoảnh khắc.
Thuật toán AI trên smartphone nubia Neo 5 5G hỗ trợ tự động xử lý hình ảnh, giảm thiểu thao tác tinh chỉnh. Qua đó, người dùng có thể dễ dàng để lưu giữ lại mọi khoảnh khắc với độ sắc nét và chân thực cao. 
Mua điện thoại nubia Neo 5 5G ở đâu giá tốt và bảo hành chính hãng?
Mua điện thoại nubia Neo 5 5G chính hãng tại CellphoneS với mức giá tốt cùng nhiều khuyến mãi hấp dẫn theo từng thời điểm. Tại đây, các mặt hàng được cam kết về xuất xứ rõ ràng và chế độ bảo hành uy tín. 
Khi mua hàng tại hệ thống, khách hàng còn được hưởng chế độ hậu mãi chuyên nghiệp và tận tâm. Đồng thời, các phụ kiện cần thiết cũng được cung cấp đầy đủ, giúp quá trình sử dụng diễn ra thuận tiện ngay từ khi mở hộp.","{""Màn hình"": [{""name"": ""Kích thước màn hình"", ""value"": ""6.8 inches""}, {""name"": ""Tính năng màn hình"", ""value"": ""Độ phân giải màn hình: 1940 × 900pixels\nĐộ sáng 1000 nits""}, {""name"": ""Tần số quét"", ""value"": ""120Hz""}, {""name"": ""Kiểu màn hình"", ""value"": ""Đục lỗ (Nốt ruồi)""}], ""Camera sau"": [{""name"": ""Camera sau"", ""value"": ""50MP AF + 2MP""}], ""Camera trước"": [{""name"": ""Camera trước"", ""value"": ""16MP FF""}], ""Vi xử lý & đồ họa"": [{""name"": ""Chipset"", ""value"": ""Unisoc T9300""}], ""Giao tiếp & kết nối"": [{""name"": ""Công nghệ NFC"", ""value"": ""Có""}, {""name"": ""Thẻ SIM"", ""value"": ""2 Nano-SIM + eSIM""}, {""name"": ""Hỗ trợ mạng"", ""value"": ""5G""}], ""RAM & lưu trữ"": [{""name"": ""Dung lượng RAM"", ""value"": ""8 GB""}, {""name"": ""Bộ nhớ trong"", ""value"": ""128 GB""}], ""Pin & công nghệ sạc"": [{""name"": ""Pin"", ""value"": ""6050mAh""}, {""name"": ""Công nghệ sạc"", ""value"": ""Sạc nhanh 45W""}, {""name"": ""Cổng sạc"", ""value"": ""USB Type-C""}], ""Tính năng khác"": [{""name"": ""Hệ điều hành"", ""value"": ""MyOS 16 (Dựa trên Android 16)""}], ""Bộ xử lý & Đồ họa"": [{""name"": ""Loại CPU"", ""value"": ""Octa-core 2.4GHz""}], ""Thông số khác"": [{""name"": ""Chỉ số kháng nước, bụi"", ""value"": ""IP64""}, {""name"": ""Công nghệ - Tiện ích"", ""value"": ""Neo Triggers 5.0, Magic Touch 3.0, NeoTurbo Engine, AI Copilot Demi 2.0, Live Island""}, {""name"": ""Công nghệ âm thanh"", ""value"": ""Loa kép stereo, DTS:X Ultra""}], ""Tiện ích khác"": [{""name"": ""Cảm biến vân tay"", ""value"": ""Cảm biến vân tay cạnh bên""}, {""name"": ""Các loại cảm biến"", ""value"": ""Cảm biến gia tốc, Con quay hồi chuyển""}, {""name"": ""Tính năng đặc biệt"", ""value"": ""Hỗ trợ 5G""}], ""Cổng kết nối"": [{""name"": ""Wi-Fi"", ""value"": ""WiFi 2.4G/5G, 802.11 a/b/g/n/ac""}, {""name"": ""Bluetooth"", ""value"": ""5.4""}]}","[""https://cdn2.cellphones.com.vn/x/media/catalog/product/d/i/dien-thoai-nubia-neo-5-5g-den.jpg"", ""https://cdn2.cellphones.com.vn/x/media/catalog/product/d/i/dien-thoai-nubia-neo-5-5g-bac.jpg"", ""https://cdn2.cellphones.com.vn/x/media/catalog/product/d/i/dien-thoai-nubia-neo-5-5g-vang.jpg""]","{""product_color_1"": {""color"": ""Vàng"", ""image_url"": ""https://cellphones.com.vn/dien-thoai-nubia-neo-5-5g.html?product_id=130168"", ""price"": ""6.990.000₫""}, ""product_color_2"": {""color"": ""Bạc"", ""image_url"": ""https://cellphones.com.vn/dien-thoai-nubia-neo-5-5g.html?product_id=130161"", ""price"": ""6.990.000₫""}, ""product_color_3"": {""color"": ""Đen"", ""image_url"": ""https://cellphones.com.vn/dien-thoai-nubia-neo-5-5g.html?product_id=130165"", ""price"": ""6.990.000₫""}}"
Nubia Neo 5 GT 8GB 256GB,dien-thoai-nubia-neo-5-gt,10.490.000đ,8.990.000đ,"Đặc điểm nổi bật của Nubia Neo 5 GT 8GB 256GB
nubia Neo 5 GT (ra mắt vào tháng 03/2026) là smartphone gaming tầm trung cao cấp. Sản phẩm nổi bật với hệ thống quạt tản nhiệt chủ động với diện tích 29508mm² tích hợp trực tiếp vào thân máy để duy trì hiệu năng ổn định. Máy được trang bị chip MediaTek Dimensity 7400 tiến trình 4nm mạnh mẽ, giúp xử lý mượt mà mọi tác vụ giải trí cũng như các tựa game đồ họa cao. Viên pin 6210mAh kết hợp sạc nhanh 80W và thiết kế mặt lưng phẳng, hướng tới game thủ GenZ.
Nội dung chính
1. Điện thoại nubia Neo 5 GT giá bao nhiêu?
2. Điện thoại nubia Neo 5 GT khi nào ra mắt?
3. Đặc điểm nổi bật của nubia Neo 5 GT 
4. So sánh thông số nubia Neo 5 GT, nubia Neo 5 Pro, nubia Neo 5 nên chọn phiên bản nào?
5. So sánh thông số kỹ thuật nubia Neo 5 GT với nubia Neo 3 GT có đáng nâng cấp?
6. Điện thoại nubia Neo 5 GT - Điện thoại gaming mạnh mẽ
6.1. Chip MediaTek D7400 4nm, RAM LPDDR 6400Mbps
6.2. Camera 50MP + 2MP,  nhiều chế độ AI chụp ảnh
6.3. Pin 6210mAh dual-cell, sạc nhanh 80W
6.4. Màn hình AMOLED 1.5K, tần số quét tối đa 144Hz
6.5. Thiết kế gaming RGB, tích hợp tản nhiệt cao cấp
7. Các tính năng AI nổi bật được trang bị trên Neo 5 GT 
7.1. Trợ lý ảo AI Demi 2.0 thông minh
7.2. Tính năng AI đa nhiệm
7.3. Camera hỗ trợ AI chuyên sâu
8. Tại sao nên mua điện thoại nubia Neo 5 GT tại CellphoneS?
Điện thoại nubia Neo 5 GT giá bao nhiêu?
Tại thị trường quốc tế, nubia Neo 5GT có giá khoảng 399 Euro (tương đương khoảng 12.076.932 VNĐ). Tại thị trường Việt Nam, nubia Neo 5 GT có mức giá dự kiến dao động khoảng 11.990.000 VNĐ cho phiên bản tiêu chuẩn 12GB/256GB. Dưới đây là chi tiết giá bán tham khảo:
8GB/256GB: Khoảng 10.990.000đ.
12GB/256GB: Khoảng 11.990.000đ.
Lưu ý: Giá nubia Neo 5 GT được cập nhật ngày 15/05/2026, mức giá thực tế có thể thay đổi tùy thuộc vào chương trình ưu đãi và chính sách giá của từng sản phẩm tại mỗi thời điểm.
Chi phí để người dùng sở hữu nubia Neo 5 GT
Người dùng có thể sở hữu điện thoại nubia Neo 5 GT với mức chi phí hợp lý để tận hưởng trọn vẹn những tính năng giải trí mới mẻ. Theo dõi CellphoneS để cập nhật thông tin và không bỏ lỡ ưu đãi!
Điện thoại nubia Neo 5 GT khi nào ra mắt?
Điện thoại nubia Neo 5 GT đã chính thức ra mắt toàn cầu vào đầu tháng 3 năm 2026 tại sự kiện Triển lãm Di động Toàn cầu (MWC 2026). Tại thị trường Việt Nam, thời điểm ra mắt cụ thể như sau:
Ra mắt quốc tế: Sản phẩm trình làng vào ngày 03/03 - 04/03/2026 tại triển lãm MWC 2026 ở Barcelona.
Ra mắt tại Việt Nam: Máy chính thức ra mắt và lên kệ vào ngày 23/04/2026.
Thời gian nubia Neo 5 GT ra mắt người dùng
Nubia Neo 5 GT được đánh giá là gaming phone ""độc nhất"" trong phân khúc tầm trung nhờ tích hợp quạt tản nhiệt vật lý giúp duy trì hiệu năng cao. Sản phẩm hướng đến đối tượng sử dụng là các game thủ trẻ muốn sở hữu điện thoại chơi game với giá thành phù hợp.
Đặc điểm nổi bật của nubia Neo 5 GT 
nubia Neo 5 GT nổi bật như một chiếc gaming phone chuyên biệt khi hội tụ hiệu năng mạnh, tản nhiệt chủ động và điều khiển tối ưu cho game thủ. Thiết bị tập trung mang lại trải nghiệm gaming mượt mà, ổn định và phản hồi nhanh trong đa dạng tình huống giải trí.
Hiệu năng Gaming: Sử dụng chip Dimensity 7400, tích hợp quạt tản nhiệt chủ động và hệ thống ống dẫn khí, hỗ trợ tản nhiệt tốt hơn.
Màn hình: Màn hình 6.8 inch AMOLED 1.5K, tần số quét 144Hz, độ sáng tối đa lên tới 4.500 nits.
Pin & Sạc: Pin kép 6.210mAh, sạc siêu nhanh 80W (khu vực EU có thể là 45W) và tính năng Bypass Charging (chơi game không qua pin).
Tính năng Game: Tích hợp phím phản hồi lực Neo Triggers 5.0 (tần số 550Hz), thuật toán Magic Touch 3.0.
Phần mềm: Chạy trên hệ điều hành Android 16 mới nhất và tích hợp nhiều tính năng AI (AI Memory, AI Translate) hỗ trợ game thủ.
Camera: Camera sau 50 MP, camera trước 16 MP.
Máy có điểm nhấn bởi hệ thống Neo Triggers 5.0
So sánh thông số nubia Neo 5 GT, nubia Neo 5 Pro, nubia Neo 5 nên chọn phiên bản nào?
nubia Neo 5 GT 5G, Neo 5 Pro và nubia Neo 5 đều thuộc cùng dòng gaming nhưng được phân cấp rõ ràng về hiệu năng, hiển thị và công nghệ tản nhiệt. Bảng so sánh dưới đây sẽ giúp bạn nhìn nhanh sự khác biệt để chọn đúng phiên bản phù hợp nhu cầu:
Tiêu chí
nubia Neo 5 GT
nubia Neo 5 Pro
nubia Neo 5
Thiết kế
Mecha cao cấp, mặt lưng phẳng, quạt RGB
Mecha hiện đại, dải LED RGB
Mecha truyền thống, thiết kế đơn giản
RAM / ROM
8GB/ 256GB
12GB/ 256GB
8GB/ 128GB
Chip xử lý
MediaTek Dimensity 7400 tiến trình 4nm
MediaTek Dimensity 7400
Unisoc T9300
CPU
8 nhân
8 nhân
8 nhân
GPU
Mali-G615 MC2
Mali-G615 MC2
GPU Mali-G57
Kích thước màn hình
6.8 inch 
(172.7 mm)
6.8 inch 
(172.7 mm)
6.8 inch 
(172.7 mm)
Độ sáng
Tối đa 4500 nits
1300 nits
600 nits
Màn hình
AMOLED 1.5K, 144Hz
OLED 1.5K, 144Hz, Magic Touch 3.0 
IPS LCD, 120Hz
Camera sau
50MP + 2MP
50MP + 2MP
50MP + 2MP
Camera trước
16MP
16MP
16MP
Pin
6210mAh (dual-cell)
6000mAh
6050mAh
Sạc có dây
80W
80W
45W
Sạc không dây
Không
Không
Không
Bluetooth
Bluetooth 6.0
Bluetooth 5.4
Bluetooth 5.4
Wi-Fi
WiFi 2.4G/5G/6G, 802.11 a/b/g/n/ac/ax
Wi-Fi 6
WiFi 2.4G/5G, 802.11 a/b/g/n/ac
Hệ điều hành
Android 16 (MyOS 16)
Android 16 (MyOS 16)
Android 15 (MyOS)
Thẻ SIM
Nano-SIM + eSIM
Nano-SIM + Nano-SIM
Nano-SIM + eSIM
Nano-SIM + Nano-SIM
2 Nano SIM
Kháng nước
IP64
IP64
IP64
Tính năng AI
AI Copilot Demi 2.0
AI Memory
AI Scam Alert
AI Image Generation
AI Text Generation
AI Translate
AI Copilot Demi
AI Copilot Demi 2.0
AI Memory
AI Scam Alert
AI Image Generation
AI Text Generation
AI Translate
Ba phiên bản trong cùng dòng Neo đều có ưu điểm riêng
Điện thoại nubia Neo 5 GT là phiên bản mạnh mẽ với tản nhiệt và màn 144Hz cao cấp, phù hợp game thủ hardcore. Trong khi smartphone Neo 5 Pro cân bằng tốt hiệu năng và giá, còn Neo 5 là lựa chọn cơ bản cho nhu cầu gaming nhẹ và tiết kiệm hơn.
So sánh thông số kỹ thuật nubia Neo 5 GT với nubia Neo 3 GT có đáng nâng cấp?
nubia Neo 5 GT và nubia Neo 3 GT đều là hai thế hệ gaming phone nổi bật của dòng Neo, nhưng khác biệt rõ về công nghệ hiển thị, hiệu năng và tản nhiệt. Bảng dưới đây sẽ giúp người dùng so sánh chi tiết để thấy được nâng cấp giữa hai đời:
Tiêu chí
nubia Neo 5 GT
nubia Neo 3 GT
Thiết kế
Mecha cao cấp, mặt lưng phẳng, quạt RGB
Mecha gaming, LED RGB, có trigger vai
RAM / ROM
8GB/ 256GB
12GB/ 256GB
(12+12)GB + 256GB
(8+12)GB + 256GB
Chip xử lý
MediaTek Dimensity 7400 tiến trình 4nm
Unisoc T9100 (6nm)
GPU
Mali-G615 MC2
Mali-G57 MP4
CPU
8 nhân
8 nhân 
(Cortex-A76 + A55)
Màn hình
6.8 inch (~172.7 mm)
6.8 inch (~163.3 x 77.2 mm)
Độ sáng
4500 nits
1300 nits
Tính năng màn hình
AMOLED 1.5K, 144Hz
OLED 1080 x 2392 pixels, 120Hz 
Camera sau
50MP + 2MP
50MP + 2MP
Camera trước
16MP
16MP
Pin
6210mAh (dual-cell)
6000mAh
Sạc có dây
80W
80W
Sạc không dây
Không
Không
Bluetooth
Bluetooth 6
Bluetooth 5.2
Wi-Fi
Wi-Fi 6
Wi-Fi 2.4Ghz + 5Ghz
Hệ điều hành
Android 16 (MyOS 16)
Android 15 (MyOS)
Thẻ SIM
2 SIM
2 SIM
Kháng nước
IP64
IP54
Tính năng AI
AI Copilot Demi 2.0, AI đa nhiệm nâng cao
AI Game Space 3.0, M-Yell & M Radio, AI Trigger, AI Behavioral Learning, AI Real-time Translate, AI Conversation Translate
Điện thoại nubia Neo 5 GT 5G cho thấy bước nhảy vọt rõ rệt với tốc độ quét 144Hz, độ sáng cao và đặc biệt là quạt tản nhiệt chủ động giúp vận hành ổn định hơn. Trong đó, nubia Neo 3 GT vẫn là lựa chọn tốt trong tầm giá nhưng tập trung vào cấu hình cơ bản.
Cả hai phiên bản đều mang đến những cải tiến riêng biệt
Điện thoại nubia Neo 5 GT - Điện thoại gaming mạnh mẽ
Các thay đổi mang tính đột phá ở thiết bị điện thoại nubia này giúp cho người dùng cảm nhận được sự vận hành độc đáo và hấp dẫn. Các đặc điểm về tính năng và ngoại hình đều được chăm chút kỹ lưỡng nhằm đáp ứng tốt các nhu cầu giải trí đa dạng.
Chip MediaTek D7400 4nm, RAM LPDDR 6400Mbps
Sản phẩm này đạt hiệu suất tối ưu và tiết kiệm năng lượng tối ưu nhờ sử dụng dòng chipset MediaTek D7400 tiến trình 4nm tiên tiến. Nhờ kiến trúc hiện đại, smartphone có thể xử lý tốt các tác vụ nặng như đồ họa cao hay đa nhiệm nhiều ứng dụng cùng lúc.
Sức mạnh vượt trội đến từ chip MediaTek 4nm
Bộ nhớ LPDDR tốc độ lên đến 6400Mbps, giúp tăng tốc độ truyền dữ liệu, giảm độ trễ và cải thiện khả năng phản hồi khi thao tác. Công nghệ NeoTurbo Engine còn đóng vai trò tối ưu hiệu suất, duy trì mức FPS ổn định, hạn chế tình trạng giật lag đáng kể. nubia Neo 5 GT được trang bị các tính năng gaming như trigger vật lý và hệ thống tản nhiệt chủ động.
Camera 50MP + 2MP,  nhiều chế độ AI chụp ảnh
Hệ thống camera bao gồm cảm biến chính 50MP và ống kính phụ 2MP, đáp ứng trọn vẹn mọi nhu cầu nhiếp ảnh từ cơ bản đến chuyên nghiệp. Camera chính còn cho phép ghi lại các hình ảnh sắc nét, tái tạo màu sắc rõ ràng trong môi trường đủ sáng.
Hệ thống camera 50MP + 2MP chụp và quay tốt
nubia Neo 5 GT tích hợp nhiều tính năng khác như AI Filter, Night Mode, Document và Gesture Snap, tối ưu trải nghiệm chụp trong nhiều tình huống khác nhau. Đáng chú ý, tính năng quay video định dạng 4K cho chất lượng hình ảnh chân thực. Các chế độ quay như Dual Capture và VLOG hỗ trợ sản xuất nội dung số thuận tiện hơn.
Pin 6210mAh dual-cell, sạc nhanh 80W
Sản phẩm được trang bị viên pin dung lượng lớn 6210mAh (dual-cell). Máy có thể đáp ứng tốt nhu cầu chiến game liên tục, xem video hay sử dụng đa tác vụ mà không lo nhanh hết pin. Công nghệ sạc nhanh với tốc độ lên đến 80W giúp tối ưu hóa thời gian nạp năng lượng, hỗ trợ người dùng duy trì trải nghiệm giải trí xuyên suốt.
Dung lượng 6210mAh cho thời gian dùng bền bỉ
Điểm nổi bật của nubia Neo 5 GT là tính năng Bypass Charging, cấp nguồn trực tiếp cho thiết bị khi dùng cường độ cao, giảm nhiệt và hạn chế chai pin về lâu dài. Ngoài ra, Extreme Mode sẽ đảm bảo máy hoạt động ổn định ngay khi pin ở mức thấp. Chế độ hỗ trợ người dùng duy trì trải nghiệm liên tục trong những tình huống cần thiết.
Màn hình AMOLED 1.5K, tần số quét tối đa 144Hz
Thiết bị sở hữu tấm nền AMOLED độ phân giải 1.5K mang lại chất lượng hiển thị sắc nét, sống động. Tần số quét 144Hz tối ưu hóa độ mượt mà của chuyển động, đặc biệt khi xử lý các khung hình tốc độ cao hoặc thao tác cuộn trang. Độ sáng đến 4500 nits đảm bảo khả năng hiển thị rõ ngay cả dưới môi trường ánh sáng cường độ cao.
Màn hình AMOLED sắc nét với độ mượt cao
Màn hình này còn có tỷ lệ tương phản cao, giúp tái hiện chi tiết tốt hơn trong các cảnh tối và sáng. Bên cạnh đó, smartphone nubia Neo 5 GT 5G trang bị công nghệ bảo vệ mắt với giảm ánh sáng xanh giúp hạn chế mỏi mắt khi sử dụng trong thời gian dài.
Thiết kế gaming RGB, tích hợp tản nhiệt cao cấp
Chiếc máy này mang phong cách thiết kế gaming hiện đại với các chi tiết RGB nổi bật, tạo cảm giác mạnh mẽ và cá tính. Mặt lưng được thiết kế phẳng, giúp cầm nắm chắc chắn và thoải mái khi sử dụng thời gian dài. Điểm đặc biệt là quạt tản nhiệt, giúp làm mát chủ động và giữ hiệu năng ổn định ngay khi hoạt động cường độ cao.
Thiết kế mang phong cách gaming RGB cao cấp
Hệ thống đèn Eagle Eye & Fan RGB trên nubia Neo 5 GT còn có thể phản ứng theo diễn biến trận đấu, tăng thêm tính nhập vai (immersive). Hơn nữa, các cạnh được bo cong một cách hợp lý, tối ưu công thái học, giúp giảm mỏi tay nếu cầm máy lâu.
Các tính năng AI nổi bật được trang bị trên Neo 5 GT 
nubia Neo 5 GT 5G được trang bị hệ thống AI toàn diện, không chỉ hỗ trợ gaming ấn tượng mà còn nâng cao trải nghiệm sử dụng hằng ngày. Những công nghệ này cũng giúp tối ưu hiệu năng, tương tác thông minh và sáng tạo nội dung dễ dàng hơn.
Trợ lý ảo AI Demi 2.0 thông minh
AI Demi 2.0 đóng vai trò như trợ lý cá nhân, đồng hành trực tiếp trong quá trình tác chiến và giao tiếp. Hệ thống vận hành theo thời gian thực, tối ưu thao tác nhanh.
Gaming Coach: Phân tích tình huống trong trận đấu, đưa ra gợi ý chiến thuật theo thời gian thực và hiển thị trạng thái combat để điều chỉnh lối chơi.
Gaming Chatbot: Cho phép hỏi nhanh các mẹo chơi, hướng dẫn kỹ năng hoặc thông tin game ngay trong lúc chơi mà không cần thoát ứng dụng.
Demi Auto-Chat: Tự động đọc nội dung tin nhắn, hiểu ngữ cảnh và phản hồi thay người dùng với giọng điệu tự nhiên, phù hợp từng tình huống.
AI Demi 2.0 góp phần nâng cao trải nghiệm tổng thể
Tính năng AI đa nhiệm
Các tiện ích thông minh trên nubia Neo 5 GT góp phần nâng cao hiệu quả trong công việc và giao tiếp. Hệ thống hoạt động ổn định lâu dài, hỗ trợ xử lý đa tác vụ mượt mà.
Bộ nhớ AI: Ghi nhớ thói quen sử dụng ứng dụng và hành vi người dùng, từ đó tối ưu hiệu năng và đề xuất nội dung phù hợp hơn.
AI cảnh báo lừa đảo: Phát hiện các cuộc gọi hoặc tin nhắn có dấu hiệu lừa đảo, đưa ra cảnh báo sớm để bảo vệ người dùng an toàn hơn.
AI sáng tạo hình ảnh: Tạo hình ảnh từ mô tả văn bản, giúp người dùng sáng tạo nội dung nhanh chóng và phù hợp với nhiều nhu cầu khác nhau.
AI hỗ trợ viết: Gợi ý câu chữ, chỉnh sửa nội dung và tạo văn bản hoàn chỉnh, giúp tiết kiệm thời gian khi làm việc hoặc học tập.
AI hỗ trợ dịch thuật: Có khả năng dịch ngôn ngữ theo thời gian thực trong cuộc gọi hoặc tin nhắn, giúp giao tiếp đa ngôn ngữ trở nên dễ dàng hơn.
AI đa nhiệm mang lại hiệu quả cao cho công việc
Camera hỗ trợ AI chuyên sâu
Camera trên nubia Neo 5 GT tích hợp nhiều công nghệ xử lý hình ảnh. Trong nhiều điều kiện môi trường khác nhau, máy vẫn đảm bảo sự linh hoạt tối đa cho các tác vụ.
AI Camera: Tự động nhận diện bối cảnh và điều chỉnh thông số phù hợp, giúp hình ảnh rõ nét và cân bằng ánh sáng tốt hơn.
AI Filter: Áp dụng bộ lọc thông minh theo từng khung hình, giúp màu sắc hài hòa, tăng tính thẩm mỹ và phù hợp với nhiều phong cách chụp khác nhau.
VLOG Mode: Cung cấp công cụ quay video với bố cục, hiệu ứng và kịch bản có sẵn, giúp người dùng dễ sản xuất nội dung để chia sẻ lên mạng xã hội.
Chụp Kép (Dual Capture): Ghi hình đồng thời từ camera trước và sau, phù hợp để quay vlog, reaction hoặc ghi lại cả người quay và khung cảnh.
Quay Video 4K: Ghi lại video độ phân giải cao với hình ảnh sắc nét, chi tiết rõ ràng, đáp ứng tốt nhu cầu quay video chất lượng cao.
Chụp Bằng Cử Chỉ (Gesture Snap): Nhận diện động tác tay để kích hoạt chụp từ xa, thuận tiện khi chụp nhóm hoặc selfie không cần chạm màn hình.
Hình Ảnh Động: Tạo ảnh chuyển động ngắn giúp lưu giữ khoảnh khắc sinh động, mang lại cảm giác chân thực hơn so với ảnh tĩnh thông thường.
Chụp Đêm: Tăng cường khả năng thu sáng, giảm nhiễu và cải thiện chi tiết trong điều kiện ánh sáng yếu, giúp ảnh chụp ban đêm rõ ràng hơn.
Lưu Trữ/Document: Tối ưu chụp tài liệu với độ nét cao, cân bằng sáng tốt, giúp nội dung văn bản rõ ràng và dễ dàng lưu trữ hoặc chia sẻ.
Camera tích hợp AI giúp chụp ảnh và quay video ấn tượng
Tại sao nên mua điện thoại nubia Neo 5 GT tại CellphoneS?
Mua điện thoại nubia Neo 5 GT tại CellphoneS mang lại nhiều lợi ích thiết thực, đặc biệt là các đặc quyền dành riêng cho game thủ và chính sách hậu mãi uy tín.  Dưới đây là những lý do chính:
Giá bán cạnh tranh: Luôn có các chương trình Hotsale và ưu đãi đặt trước, giúp bạn mua được máy với giá rẻ hơn mức niêm yết (thường về mức hơn 8 triệu đồng).
Đặc quyền Smember: Khách hàng thân thiết được giảm thêm đến 5% giá trị đơn hàng tùy cấp độ thành viên.
Trợ giá Thu cũ đổi mới: Hỗ trợ lên đời với mức trợ giá tốt, giúp tối ưu chi phí từ máy cũ.
Ưu đãi thanh toán: Giảm thêm tiền khi thanh toán qua các đối tác liên kết hoặc các thẻ tín dụng ngân hàng.
Bảo hành chính hãng: Yên tâm với chính sách bảo hành 12-18 tháng và chế độ 1 đổi 1 trong 30 ngày nếu có lỗi từ nhà sản xuất.
Hệ thống cửa hàng rộng khắp: Dễ dàng đến tận nơi để trải nghiệm thực tế quạt tản nhiệt và phím vai Neo Triggers trước khi quyết định mua.
Giao hàng nhanh 2h: Hỗ trợ giao hàng hỏa tốc trong vòng 2 giờ hoàn toàn miễn phí","{""Màn hình"": [{""name"": ""Kích thước màn hình"", ""value"": ""6.8 inches""}, {""name"": ""Công nghệ màn hình"", ""value"": ""AMOLED""}, {""name"": ""Tính năng màn hình"", ""value"": ""Độ phân giải màn hình 1.5K\nĐộ sáng 4500 nits""}, {""name"": ""Tần số quét"", ""value"": ""Từ 144Hz trở lên""}, {""name"": ""Kiểu màn hình"", ""value"": ""Đục lỗ (Nốt ruồi)""}], ""Camera sau"": [{""name"": ""Camera sau"", ""value"": ""50MP AF + 2MP""}], ""Camera trước"": [{""name"": ""Camera trước"", ""value"": ""16MP FF""}], ""Vi xử lý & đồ họa"": [{""name"": ""Chipset"", ""value"": ""MediaTek D7400""}], ""Giao tiếp & kết nối"": [{""name"": ""Công nghệ NFC"", ""value"": ""Có""}, {""name"": ""Thẻ SIM"", ""value"": ""2 Nano-SIM + eSIM""}, {""name"": ""Hỗ trợ mạng"", ""value"": ""5G""}], ""RAM & lưu trữ"": [{""name"": ""Dung lượng RAM"", ""value"": ""8 GB""}, {""name"": ""Bộ nhớ trong"", ""value"": ""256 GB""}], ""Pin & công nghệ sạc"": [{""name"": ""Pin"", ""value"": ""6210mAh""}, {""name"": ""Công nghệ sạc"", ""value"": ""Sạc nhanh 80W""}, {""name"": ""Cổng sạc"", ""value"": ""USB Type-C""}], ""Tính năng khác"": [{""name"": ""Hệ điều hành"", ""value"": ""MyOS 16 (dựa trên Android 16)""}], ""Bộ xử lý & Đồ họa"": [{""name"": ""Loại CPU"", ""value"": ""Octa-core 2.6GHz""}], ""Tiện ích khác"": [{""name"": ""Cảm biến vân tay"", ""value"": ""Cảm biến vân tay dưới màn hình""}, {""name"": ""Các loại cảm biến"", ""value"": ""Cảm biến gia tốc, Con quay hồi chuyển""}, {""name"": ""Tính năng đặc biệt"", ""value"": ""Hỗ trợ 5G""}], ""Cổng kết nối"": [{""name"": ""Wi-Fi"", ""value"": ""Wi-Fi 2.4G/5G/6G, 802.11 a/b/g/n/ac/ax""}, {""name"": ""Bluetooth"", ""value"": ""v6.0""}], ""Thông số khác"": [{""name"": ""Công nghệ - Tiện ích"", ""value"": ""Shoulder Triggers, Live Island""}, {""name"": ""Công nghệ âm thanh"", ""value"": ""Loa kép stereo, DTS:X Ultra""}], ""Thông tin chung"": [{""name"": ""Thời điểm ra mắt"", ""value"": ""04/2026""}]}","[""https://cdn2.cellphones.com.vn/x/media/catalog/product/d/i/dien-thoai-nubia-neo-5-gt-den.jpg"", ""https://cdn2.cellphones.com.vn/x/media/catalog/product/d/i/dien-thoai-nubia-neo-5-gt-bac.jpg"", ""https://cdn2.cellphones.com.vn/x/media/catalog/product/d/i/dien-thoai-nubia-neo-5-gt-vang.jpg""]","{""product_color_1"": {""color"": ""Bạc"", ""image_url"": ""https://cellphones.com.vn/dien-thoai-nubia-neo-5-gt.html?product_id=130163"", ""price"": ""8.990.000₫""}, ""product_color_2"": {""color"": ""Đen"", ""image_url"": ""https://cellphones.com.vn/dien-thoai-nubia-neo-5-gt.html?product_id=130162"", ""price"": ""8.990.000₫""}}"
ZTE Nubia Z60S Pro 16GB 512GB,dien-thoai-zte-nubia-z60s-pro-16gb-512gb,12.000.000đ,10.990.000đ,"Đặc điểm nổi bật của ZTE Nubia Z60S Pro 16GB 512GB
Điện thoại Nubia Z60S Pro 16GB 512GB có dung lượng lớn, phù hợp cho những ai cần lưu trữ nhiều dữ liệu, ứng dụng, hay nội dung số mà không lo đầy bộ nhớ. Với 512GB, máy dễ dàng lưu game nặng, video dài, hay hàng ngàn ảnh chất lượng cao. Việc lựa chọn Nubia Z60S Pro 16GB 512GB còn là giải pháp tốt cho ai cần một thiết bị lưu trữ ổn định và lâu dài.
Cấu hình của điện thoại Nubia Z60S Pro này mạnh mẽ với chip Snapdragon 8 Gen 2 và GPU Adreno 740. Máy còn hỗ trợ quay phim 8K và chụp ảnh rõ nét nhờ cảm biến 50MP. Ngoài ra, người mua còn có được mức giá tốt và ưu đãi hấp dẫn khi mua Nubia Z60S Pro 16GB 512GB tại CellphoneS.","{""Màn hình"": [{""name"": ""Kích thước màn hình"", ""value"": ""6.78 inches""}, {""name"": ""Công nghệ màn hình"", ""value"": ""AMOLED""}, {""name"": ""Độ phân giải màn hình"", ""value"": ""2160 x 1440 pixels""}, {""name"": ""Tính năng màn hình"", ""value"": ""Tần số quét 120 Hz, 1200 nits, 452PPI, 100% DCI-P3, 1,07 tỷ màu sắc""}, {""name"": ""Tần số quét"", ""value"": ""120Hz""}, {""name"": ""Kiểu màn hình"", ""value"": ""Đục lỗ (Nốt ruồi)""}], ""Camera sau"": [{""name"": ""Camera sau"", ""value"": ""Camera chính: 50MP, f/1.56\nCamera Tele: 8MP, f/2.4\nCamera góc siêu rộng: 50MP""}], ""Camera trước"": [{""name"": ""Camera trước"", ""value"": ""16MP, f/2.45""}], ""Vi xử lý & đồ họa"": [{""name"": ""Chipset"", ""value"": ""Snapdragon 8 Gen 2 (4 nm)""}], ""Giao tiếp & kết nối"": [{""name"": ""Công nghệ NFC"", ""value"": ""Có""}, {""name"": ""Thẻ SIM"", ""value"": ""2 Nano-SIM""}, {""name"": ""Hỗ trợ mạng"", ""value"": ""5G""}, {""name"": ""GPS"", ""value"": ""GPS, Beidou, Galileo, GLONASS, QZSS""}], ""RAM & lưu trữ"": [{""name"": ""Dung lượng RAM"", ""value"": ""16 GB""}, {""name"": ""Bộ nhớ trong"", ""value"": ""512 GB""}], ""Pin & công nghệ sạc"": [{""name"": ""Pin"", ""value"": ""5100 mAh""}, {""name"": ""Công nghệ sạc"", ""value"": ""Sạc nhanh 80 W""}], ""Tính năng khác"": [{""name"": ""Hệ điều hành"", ""value"": ""Android 14""}], ""Kích thước & Trọng lượng"": [{""name"": ""Kích thước"", ""value"": ""163,63 x 75,98 x 8,7 mm""}, {""name"": ""Trọng lượng"", ""value"": ""220g""}], ""Thông số khác"": [{""name"": ""Chỉ số kháng nước, bụi"", ""value"": ""IP68""}, {""name"": ""Công nghệ - Tiện ích"", ""value"": ""Neovision AI Photography 2.0""}, {""name"": ""Tiện ích khác"", ""value"": ""Face Unlock""}], ""Tiện ích khác"": [{""name"": ""Cảm biến vân tay"", ""value"": ""Cảm biến vân tay dưới màn hình""}, {""name"": ""Các loại cảm biến"", ""value"": ""Cảm biến tiệm cận, Cảm biến ánh sáng, La bàn, Con quay hồi chuyển""}, {""name"": ""Tính năng đặc biệt"", ""value"": ""Hỗ trợ 5G, Bảo mật vân tay, Nhận diện khuôn mặt, Kháng nước, kháng bụi""}], ""Cổng kết nối"": [{""name"": ""Wi-Fi"", ""value"": ""Wi-Fi 6, 802.11a/b/g/n/ac/ax(2*2MIMO)""}, {""name"": ""Bluetooth"", ""value"": ""v5.3""}]}","[""https://cdn2.cellphones.com.vn/x/media/catalog/product/s/l/slider-zte-nubia-z60s-pro-16gb-512tb.jpg"", ""https://cdn2.cellphones.com.vn/x/media/catalog/product/s/l/slider-zte-nubia-z60s-pro-16gb-512tb-1.jpg"", ""https://cdn2.cellphones.com.vn/x/media/catalog/product/s/l/slider-zte-nubia-z60s-pro-16gb-512tb-2.jpg""]","{""product_color_1"": {""color"": ""Xanh"", ""image_url"": ""https://cellphones.com.vn/dien-thoai-zte-nubia-z60s-pro-16gb-512gb.html?product_id=107475"", ""price"": ""10.990.000₫""}, ""product_color_2"": {""color"": ""Trắng"", ""image_url"": ""https://cellphones.com.vn/dien-thoai-zte-nubia-z60s-pro-16gb-512gb.html?product_id=107474"", ""price"": ""10.990.000₫""}, ""product_color_3"": {""color"": ""Đen"", ""image_url"": ""https://cellphones.com.vn/dien-thoai-zte-nubia-z60s-pro-16gb-512gb.html?product_id=109712"", ""price"": ""10.990.000₫""}}"
Nubia Neo 3 GT 12GB 256GB,dien-thoai-nubia-neo-3-gt-12gb-256gb,N/A,N/A,"Đặc điểm nổi bật của Nubia Neo 3 GT 12GB 256GB
Điện thoại nubia Neo 3 GT 5G sử dụng chip Unisoc T9100 6nm 5G, xung nhịp lên đến 2.7GHz, pin khủng 6000mAh kèm theo RAM dung lượng 12GB và bộ nhớ trong 256GB. Mẫu điện thoại nubia này còn trang bị màn hình OLED 120Hz với độ sáng 1300 nits. Ngoài ra, thiết kế kiểu Cyber-Mecha cùng kiểu dáng đậm chất gaming cũng thích hợp cho nhiều đối tượng.
Nội dung chính
1. Điện thoại nubia Neo 3 GT 5G – Hoạt động siêu mạnh mẽ
1.1. Chip Unisoc T9100, hiệu năng đẳng cấp
1.2. Camera chụp nét, hệ thống Neovision AI
1.3. Pin 6000mAh, sạc nhanh 80W
1.4. Màn hình OLED, hiển thị mượt
1.5. Thiết kế độc lạ, màu cá tính
2. Điện thoại nubia Neo 3 GT 5G ra mắt khi nào?
3. Điện thoại nubia Neo 3 GT 5G giá bán bao nhiêu tiền?
4. Mua điện thoại nubia Neo 3 GT 5G giá tốt tại CellphoneS
Điện thoại nubia Neo 3 GT 5G – Hoạt động siêu mạnh mẽ
nubia Neo 3 GT 5G là một chiếc điện thoại nhanh chóng tạo sức hút trong phân khúc người dùng trẻ. Qua các đặc điểm vượt trội, mẫu điện thoại nubia này có thể đáp ứng tối ưu nhu cầu giải trí di động cho người dùng.
Chip Unisoc T9100, hiệu năng đẳng cấp
nubia Neo 3 GT 5G nổi bật với chip xử lý Unisoc T9100 5G sản xuất trên tiến trình 6nm, cho hiệu suất cực cao. Trong đó, lõi hiệu năng có thể đạt tốc độ xung nhịp lên đến 2.7 GHz, giúp phiên bản đem lại trải nghiệm xử lý đa nhiệm và tác vụ nặng ấn tượng.
Thêm vào đó, máy được trang bị RAM 12GB chuyển đổi mượt mà giữa nhiều ứng dụng, thực hiện các tựa game cấu hình cao một cách trơn tru. Người dùng cũng có thể cài đặt nhiều tựa game lớn hoặc trữ nhiều dữ liệu với bộ nhớ trong 256GB. Ngoài ra, hệ thống tản nhiệt VC 4083 mm² còn hỗ trợ quản lý hiệu suất làm mát để máy chạy bền bỉ.
Camera chụp nét, hệ thống Neovision AI
Điện thoại nubia Neo 3 GT 5G có hệ thống camera phía sau với khả năng nhiếp ảnh chất lượng tuyệt vời. Hơn thế nữa, chế độ AI siêu đêm trên điện thoại có thể chụp ảnh thiếu sáng với độ nét cao, giảm nhiễu và giữ được màu sắc tự nhiên. 
Đặc biệt, công nghệ Neovision AI đi kèm giúp tối ưu hóa từng khung hình trong các điều kiện ánh sáng khác nhau. Từ cảnh chụp chân dung, phong cảnh đến chế độ HDR, mọi chi tiết đều được xử lý mượt mà, cho chất lượng hình ảnh sống động, rõ nét.
Pin 6000mAh, sạc nhanh 80W
nubia Neo 3 GT 5G sở hữu viên pin dung lượng vượt trội 6000mAh, cho phép người dùng sử chơi game liên tục, xem video trong nhiều giờ. Tuỳ theo cường độ máy sử dụng, thời lượng pin cung cấp sẽ thay đổi khác nhau. 
Bên cạnh đó, công nghệ sạc nhanh 80W kèm theo giúp tối ưu hóa thời gian sử dụng và không làm gián đoạn trải nghiệm. Tính năng này cải thiện quá trình nạp năng lượng cho thiết bị, mang đến sự tiện lợi khi sử dụng. 
Màn hình OLED, hiển thị mượt
Điện thoại nubia Neo 3 GT 5G được tích hợp màn hình OLED với không gian hiển thị lớn 6.8 inch, phù hợp cho cả giải trí lẫn chơi game. Với tần số quét 120Hz, thiết bị đem đến độ mượt tối ưu khi vuốt chạm, chuyển cảnh hoặc chơi các tựa game tốc độ cao. 
Không những vậy, màn hình còn đạt độ sáng tối đa 1300 nits nhằm tái hiện tốt nội dung ngay cả dưới ánh nắng. Thiết bị còn tái tạo màu sắc sinh động, chuẩn xác nhờ gam màu DCI-P3 100%. Nhờ vậy điện thoại có thể tạo nên chất lượng hình ảnh vượt trội, cho trải nghiệm thị giác đỉnh cao.
Thiết kế độc lạ, màu cá tính
nubia Neo 3 GT 5G được hoàn thiện theo phong cách thiết kế Cyber-Mecha đậm chất công nghệ gaming. Các đường cắt táo bạo đi cùng đèn Mini LED ánh sáng và cụm camera bố trí độc đáo giúp thiết bị trở nên nổi bật trong phân khúc.
Phần khung viền vát phẳng được bổ sung thêm nút trigger kép cho khả năng điều khiển tối ưu khi thao tác chơi game. Với màu sắc mạnh mẽ, tổng thể thiết kế của điện thoại tạo cảm giác hiện đại, thời trang theo xu hướng của đối tượng trẻ.
Điện thoại nubia Neo 3 GT 5G ra mắt khi nào?
nubia Neo 3 GT 5G đã được công bố ra mắt vào ngày 4 tháng 3 năm 2025. Tại sự kiện MWC Barcelona, thương hiệu ZTE đã công bố phiên bản gaming phone mới nhằm đánh dấu sự trở lại mạnh mẽ trên thị trường toàn cầu.
Khoảng một thời gian sau đó, sản phẩm này mới trở về Việt Nam với thiết kế đậm chất game thủ, thích hợp xu hướng năng động. Phiên bản này tập trung cải thiện trải nghiệm chơi game chuyên nghiệp cho hầu hết các đối tượng yêu thích sự giải trí công nghệ. 
Điện thoại nubia Neo 3 GT 5G giá bán bao nhiêu tiền?
nubia Neo 3 GT 5G có giá khởi điểm với mức giá là 299 EUR (tương đương gần khoảng 8.5 triệu đồng) tại các thị trường châu Âu. Theo đó, mức giá bán này khá cạnh tranh trong cùng phân phúc. 
Với những công nghệ được trang bị, mẫu điện thoại này hoàn toàn xứng đáng với mức giá bỏ ra. Phiên bản phù hợp với người dùng phổ thông và các game thủ yêu cầu cao về chất lượng giải trí hoặc đa nhiệm. Tuy nhiên, mẫu smartphone này có thể dao động giá bán tùy theo thị trường phân phối.
Chi tiết giá bán nubia Neo 3 GT 5G tại CellphoneS vào tháng 05/2026 như sau:
Tên sản phẩm
Giá bán
Nubia Neo 3 GT 12GB 256GB
7.490.000đ
Mua điện thoại nubia Neo 3 GT 5G giá tốt tại CellphoneS
nubia Neo 3 GT 5G là mẫu smartphone chất lượng, xứng đáng để phục vụ nhu cầu công việc, giải trí hiện đại. Ghé tại các chi nhánh của CellphoneS và săn về chiếc điện thoại nubia chính hãng, giá phải chăng. Khách hàng đến đây sẽ được nhận bảo hành dài lâu kèm theo nhiều voucher ưu đãi. Ngoài ra, cửa hàng còn dành tặng các chính sách mua sắm đặc biệt khác.","{""Màn hình"": [{""name"": ""Kích thước màn hình"", ""value"": ""6.8 inches""}, {""name"": ""Công nghệ màn hình"", ""value"": ""OLED""}, {""name"": ""Độ phân giải màn hình"", ""value"": ""1080 x 2392 pixels""}, {""name"": ""Tính năng màn hình"", ""value"": ""FullHD+\nTần số 120Hz\nĐộ sáng cực đại 1300 nit\nGam màu DCI-P3 100%\nTỷ lệ tương phản 1000000:1\nTần số lấy mẫu cảm ứng tức thời 1200Hz""}, {""name"": ""Tần số quét"", ""value"": ""120Hz""}, {""name"": ""Kiểu màn hình"", ""value"": ""Đục lỗ (Nốt ruồi)""}], ""Camera sau"": [{""name"": ""Camera sau"", ""value"": ""50MP + 2MP""}, {""name"": ""Tính năng camera"", ""value"": ""AI Super Night, AI Sport Snapshot, AI HDR, AI Magic Editor""}], ""Camera trước"": [{""name"": ""Camera trước"", ""value"": ""16MP""}], ""Vi xử lý & đồ họa"": [{""name"": ""Chipset"", ""value"": ""Unisoc T9100""}], ""Giao tiếp & kết nối"": [{""name"": ""Công nghệ NFC"", ""value"": ""Có""}, {""name"": ""Thẻ SIM"", ""value"": ""2 Nano-SIM""}, {""name"": ""Hỗ trợ mạng"", ""value"": ""5G""}], ""RAM & lưu trữ"": [{""name"": ""Dung lượng RAM"", ""value"": ""12 GB""}, {""name"": ""Bộ nhớ trong"", ""value"": ""256 GB""}], ""Pin & công nghệ sạc"": [{""name"": ""Pin"", ""value"": ""6000mAh""}, {""name"": ""Công nghệ sạc"", ""value"": ""Sạc nhanh 80W""}], ""Tính năng khác"": [{""name"": ""Hệ điều hành"", ""value"": ""Android 15""}], ""Thông số khác"": [{""name"": ""Hệ thống làm mát"", ""value"": ""Hệ thống làm mát VC 4083mm²""}, {""name"": ""Tiện ích khác"", ""value"": ""AI Game Space 3.0, M-Yell & M Radio, AI Trigger, AI Behavioral Learning, AI Real-time Translate, AI Conversation Translate""}, {""name"": ""Công nghệ âm thanh"", ""value"": ""Loa stereo kép với DTS:X Ultra""}], ""Tiện ích khác"": [{""name"": ""Cảm biến vân tay"", ""value"": ""Cảm biến vân tay trong màn hình""}, {""name"": ""Tính năng đặc biệt"", ""value"": ""Hỗ trợ 5G, Bảo mật vân tay""}], ""Cổng kết nối"": [{""name"": ""Wi-Fi"", ""value"": ""Wi-Fi 2.4Ghz + 5Ghz""}]}","[""https://cdn2.cellphones.com.vn/x/media/catalog/product/s/l/slider-nubia-3-gt.jpg"", ""https://cdn2.cellphones.com.vn/x/media/catalog/product/s/l/slider-nubia-3-gt-1.jpg"", ""https://cdn2.cellphones.com.vn/x/media/catalog/product/s/l/slider-nubia-3-gt-2.jpg""]","{""product_color_1"": {""color"": ""Vàng"", ""image_url"": ""https://cellphones.com.vn/dien-thoai-nubia-neo-3-gt-12gb-256gb.html?product_id=104533"", ""price"": ""7.490.000₫""}, ""product_color_2"": {""color"": ""Xám"", ""image_url"": ""https://cellphones.com.vn/dien-thoai-nubia-neo-3-gt-12gb-256gb.html?product_id=104441"", ""price"": ""7.490.000₫""}, ""product_color_3"": {""color"": ""Trắng (kèm tay cầm chơi game)"", ""image_url"": ""https://cellphones.com.vn/dien-thoai-nubia-neo-3-gt-12gb-256gb.html?product_id=115578"", ""price"": ""7.490.000₫""}}"
Điện thoại Nubia Z70 Ultra 5G 12GB 256GB,dien-thoai-zte-z70-ultra-12gb-256gb,19.990.000đ,16.990.000đ,"Đặc điểm nổi bật của Điện thoại Nubia Z70 Ultra 5G 12GB 256GB
Điện thoại Nubia Z70 Ultra 5G 12GB 256GB mang đến không gian lưu trữ và hiệu suất vượt trội, đáp ứng tốt các nhu cầu đa dạng từ công việc đến giải trí. Sản phẩm sở hữu dung lượng RAM vô cùng ấn tượng đến 12GB chuẩn, cung cấp khả năng khả năng đa nhiệm cực mướt, không lo tình trạng giật lag khi khởi chạy hay chuyển đổi giữa nhiều ứng dụng.
Kết hợp với bộ nhớ trong 256GB, Nubia Z70 Ultra này sẽ mang đến cho người dùng một không gian lưu trữ rộng rãi để chứa mọi tài liệu, hình ảnh, video,.... Tốc độ đọc - ghi dữ liệu trên điện thoại cũng được xử lý nhanh chóng, vượt trội, giúp tải ứng dụng, truy cập ảnh, cài đặt game,...mượt mà, không phải chờ lâu.
Với thông số dung lượng cực kỳ ấn tượng, điện thoại Nubia Z70 Ultra 5G 12GB 256GB sẽ đáp ứng mọi trải nghiệm cho người dùng hiện đại. Đây là lựa chọn lý tưởng khi quý khách cần một chiếc flagship hiệu năng mạnh, dung lượng ổn định, phục vụ tốt trong thời gian dài.","{""Màn hình"": [{""name"": ""Kích thước màn hình"", ""value"": ""6.85 inches""}, {""name"": ""Công nghệ màn hình"", ""value"": ""AMOLED""}, {""name"": ""Tính năng màn hình"", ""value"": ""Độ phân giải màn hình: 2688 x 1216 pixels\nTần số 144Hz""}, {""name"": ""Tần số quét"", ""value"": ""Từ 144Hz trở lên""}], ""Camera sau"": [{""name"": ""Camera sau"", ""value"": ""50MP+64MP+50MP""}], ""Camera trước"": [{""name"": ""Camera trước"", ""value"": ""16MP""}], ""Vi xử lý & đồ họa"": [{""name"": ""Chipset"", ""value"": ""Snapdragon 8 Elite (3 nm)""}], ""Giao tiếp & kết nối"": [{""name"": ""Công nghệ NFC"", ""value"": ""Có""}, {""name"": ""Thẻ SIM"", ""value"": ""2 Nano-SIM""}, {""name"": ""Hỗ trợ mạng"", ""value"": ""5G""}], ""RAM & lưu trữ"": [{""name"": ""Dung lượng RAM"", ""value"": ""12 GB""}, {""name"": ""Bộ nhớ trong"", ""value"": ""256 GB""}], ""Pin & công nghệ sạc"": [{""name"": ""Pin"", ""value"": ""6150 mAh""}, {""name"": ""Công nghệ sạc"", ""value"": ""Hỗ trợ sạc nhanh 80W""}], ""Tính năng khác"": [{""name"": ""Hệ điều hành"", ""value"": ""Android 15""}], ""Thông số khác"": [{""name"": ""Chỉ số kháng nước, bụi"", ""value"": ""IP68""}, {""name"": ""Tiện ích khác"", ""value"": ""Face Unlock""}], ""Tiện ích khác"": [{""name"": ""Cảm biến vân tay"", ""value"": ""Cảm biến vân tay dưới màn hình""}, {""name"": ""Các loại cảm biến"", ""value"": ""Cảm biến gia tốc, Cảm biến ánh sáng, La bàn""}, {""name"": ""Tính năng đặc biệt"", ""value"": ""Hỗ trợ 5G, Bảo mật vân tay, Nhận diện khuôn mặt, Kháng nước, kháng bụi""}], ""Cổng kết nối"": [{""name"": ""Wi-Fi"", ""value"": ""WiFi 6, WiFi 802.11 a/b/g/n/ac/ax (2x2 MIMO)""}, {""name"": ""Bluetooth"", ""value"": ""v5.4""}]}","[""https://cdn2.cellphones.com.vn/x/media/catalog/product/s/l/slider-nubia-z70-ultra-5g-12gb-256gb.jpg"", ""https://cdn2.cellphones.com.vn/x/media/catalog/product/s/l/slider-nubia-z70-ultra-5g-12gb-256gb-1.jpg"", ""https://cdn2.cellphones.com.vn/x/media/catalog/product/s/l/slider-nubia-z70-ultra-5g-12gb-256gb-2.jpg""]","{""product_color_1"": {""color"": ""Đen"", ""image_url"": ""https://cellphones.com.vn/dien-thoai-zte-z70-ultra-12gb-256gb.html?product_id=105598"", ""price"": ""16.990.000₫""}, ""product_color_2"": {""color"": ""Vàng"", ""image_url"": ""https://cellphones.com.vn/dien-thoai-zte-z70-ultra-12gb-256gb.html?product_id=115956"", ""price"": ""16.990.000₫""}}"
Nubia Neo 5 5G 8GB 256GB,dien-thoai-nubia-neo-5-5g-8gb-256gb,8.490.000đ,7.990.000đ,"Đặc điểm nổi bật của Nubia Neo 5 5G 8GB 256GB
Điện thoại nubia Neo 5 5G sở hữu tính năng AI Copilot Demi 2.0 tích hợp cảm ứng 550Hz cùng độ trễ dưới 5,5ms, cho khả năng phản hồi nhanh chóng, mượt mà. Sản phẩm tích hợp camera kép sau 50MP AI, mang lại hình ảnh rõ nét và tối ưu chi tiết. Điện thoại trang bị pin 6050mAh và cáp 90° cho trải nghiệm chơi game ổn định.
Nội dung chính
1. Điện thoại nubia Neo 5 5G - Bứt tốc hiệu năng, nâng tầm trải nghiệm
1.1. Trợ lý thông minh nhờ AI Copilot Demi 2.0
1.2. Neo Triggers 5.0 cho cảm ứng 550Hz
1.3. Nâng tầm nhiếp ảnh với camera sau 50MP AI
1.4. Dung lượng pin 6050mAh tích hợp cáp sạc 90 độ
1.5. Tối ưu trải nghiệm giải trí với màn hình 6.8 inch 120Hz
1.6. Thiết kế bo góc kết hợp loa kép hiện đại
2. nubia Neo 5 5G ra mắt khi nào?
3. Điện thoại nubia Neo 5 5G giá bao nhiêu tiền?
4. So sánh nubia Neo 5 5G với nubia Neo 3 5G
5. Mua điện thoại nubia Neo 5 5G giá tốt tại CellphoneS
Điện thoại nubia Neo 5 5G - Bứt tốc hiệu năng, nâng tầm trải nghiệm
Nubia Neo 5 5G là mẫu smartphone định hướng cho nhu cầu gaming và giải trí hiệu năng cao trong tầm giá dễ tiếp cận. Với cấu hình ổn định cùng tính năng AI thông minh, thiết bị điện thoại nubia này mang đến cảm giác sử dụng mượt mà và linh hoạt trong nhiều tác vụ.
Trợ lý thông minh nhờ AI Copilot Demi 2.0
Điện thoại nubia Neo 5 5G sở hữu AI Copilot Demi 2.0, mang đến tính năng thông minh, hỗ trợ toàn diện cho cả chơi game lẫn nhu cầu sử dụng hàng ngày. Nhờ đó, người dùng có thể vừa huấn luyện AI chơi game theo thời gian thực, vừa tận dụng chatbot hỗ trợ 24/7 cùng khả năng phản hồi tin nhắn theo ngữ cảnh.
Hỗ trợ toàn diện với AI Copilot Demi 2.0
Bên cạnh đó, hệ thống AI còn bổ sung nhiều tiện ích nâng cao như nhận diện nội dung bằng thao tác chụm ba ngón, cảnh báo lừa đảo theo thời gian thực. Ngoài ra, khả năng dịch thuật đa ngôn ngữ ngoại tuyến cũng giúp thiết bị trở thành trợ lý thông minh, phục vụ hiệu quả cho cả công việc lẫn giải trí hàng ngày.
Neo Triggers 5.0 cho cảm ứng 550Hz
Điện thoại nubia Neo 5 5G được trang bị Neo Triggers 5.0 với tốc độ lấy mẫu cảm ứng lên đến 550Hz, mang lại khả năng phản hồi cực nhanh trong từng thao tác. Nhờ đó, mọi cú chạm, vuốt hay kích hoạt kỹ năng đều diễn ra gần như tức thì, giúp người dùng chiếm ưu thế trong các tình huống game tốc độ cao.
Neo Triggers 5.0 cho khả năng phản hồi cực nhanh
Bên cạnh đó, sản phẩm còn sở hữu độ trễ phần cứng dưới 5,5ms, góp phần tối ưu độ chính xác và mang lại phản hồi nhanh hơn khi thao tác. Sự kết hợp này tạo nên trải nghiệm điều khiển nhạy bén, hỗ trợ người chơi phản ứng nhanh và duy trì phong độ ổn định trong suốt trận đấu.
Nâng tầm nhiếp ảnh với camera sau 50MP AI
Điện thoại nubia Neo 5 5G sở hữu camera trước 16MP cùng hệ thống camera kép với ống kính chính 50MP AI, cho khả năng ghi lại hình ảnh rõ nét trong nhiều điều kiện khác nhau.Thiết bị đáp ứng trọn vẹn nhu cầu sáng tạo từ chụp chân dung, ghi lại ảnh động cho đến quay video 4K sắc nét. 
Tối ưu độ nét cho ảnh nhờ cụm camera chính 50MP AI
Ngoài ra, nubia Neo 5 5G còn tích hợp loạt tính năng như chụp đêm, bộ lọc AI, chụp kép và nhận diện tài liệu giúp nâng cao chất lượng hình ảnh một cách thông minh. Người dùng cũng có thể dễ dàng bắt trọn khoảnh khắc với thao tác chụp bằng cử chỉ và chế độ VLOG tiện lợi.
Dung lượng pin 6050mAh tích hợp cáp sạc 90 độ
Điện thoại nubia Neo 5 5G được trang bị pin kép với dung lượng 6050mAh, cho thời gian sử dụng ấn tượng cho cả ngày dài mà không cần lo lắng về việc sạc lại liên tục. Nhờ vậy, thiết bị không chỉ tăng độ an toàn mà còn tối ưu hiệu suất, giúp đáp ứng tốt nhu cầu như nghe nhạc xem video hay chơi game liên tục trong nhiều giờ.
Thỏa sức giải trí suốt nhiều giờ liền với pin 6050mAh
Sản phẩm còn tích hợp Bypass Charging kết hợp với thiết kế cáp sạc góc 90°, cho phép cấp nguồn trực tiếp cho thiết bị mà không làm nóng pin khi đang chơi game. Điều này giúp duy trì hiệu năng ổn định và mang lại cảm giác cầm nắm thoải mái, phù hợp với những ai thường xuyên vừa sạc vừa sử dụng máy trong thời gian dài.
Tối ưu trải nghiệm giải trí với màn hình 6.8 inch 120Hz
Điện thoại nubia Neo 5 5G sở hữu màn hình lớn 6.8 inch với thiết kế gần như tràn viền, mang lại không gian hiển thị rộng rãi và sống động. Nhờ đó, người dùng có thể tận hưởng trải nghiệm chơi game và giải trí với góc nhìn mở rộng, tối ưu khả năng quan sát trong mọi tình huống.
Nâng tầm trải nghiệm hiển thị với màn hình 6.8 inch
Ngoài ra, nubia Neo 5 5G còn trang bị tần số quét 120Hz, mang đến hình ảnh mượt mà, hạn chế giật và nhòe, hạn chế hiện tượng giật hay nhòe hình. Kết hợp với các nút bấm vai hỗ trợ thao tác nhanh, thiết bị mang lại cảm giác điều khiển linh hoạt và chính xác hơn trong các tựa game tốc độ cao.
Thiết kế bo góc kết hợp loa kép hiện đại
Điện thoại nubia Neo 5 5G sở hữu thiết kế bo tròn kết hợp đường cong công thái học, mang lại cảm giác cầm nắm dễ chịu ngay cả khi sử dụng trong thời gian dài. Bên cạnh đó, hệ thống loa kép tích hợp công nghệ DTS:X Ultra giúp tái tạo âm thanh 360°, cho trải nghiệm nghe sống động và rõ nét trong từng chi tiết.
Thiết kế bo tròn tinh tế cùng hệ thống loa kép hiện đại
Không dừng lại ở đó, sản phẩm được trang bị hiệu ứng RGB, giúp tạo điểm nhấn đậm chất gaming với khả năng thay đổi ánh sáng theo diễn biến trong game. Đồng thời, chuẩn IP64 còn giúp thiết bị tăng độ bền, bảo vệ tốt trước bụi và các tia nước bắn trong quá trình sử dụng hàng ngày.
nubia Neo 5 5G ra mắt khi nào?
Điện thoại nubia Neo 5 5G nằm trong Nubia Neo 5 series đã chính thức được cho ra mắt vào ngày 04/03/2026 tại sự kiện MWC 2026. Sản phẩm hướng đến đối tượng sử dụng là các game thủ trẻ muốn sở hữu điện thoại chơi game với giá thành phải chăng.
Điện thoại nubia Neo 5 5G giá bao nhiêu tiền?
nubia Neo 5 5G là sản phẩm điện thoại gaming, máy được lên kệ với giá bán khởi điểm 299€, tương đương khoảng hơn 12 triệu đồng.
So sánh nubia Neo 5 5G với nubia Neo 3 5G
Cùng là sản phẩm điện thoại gaming, tuy nhiên nubia Neo 5 5G là phiên bản nâng cấp, do đó máy được trang bị nhiều công nghệ tối tân hơn so với thế hệ tiền nhiệm, chi tiết như sau:
Thông số
Nubia Neo 5 5G 8GB 128GB
Nubia Neo 3 5G 8GB 256GB
Kích thước màn hình
6.8 inches
6.8 inches
Camera sau
50MP AF + 2MP
50M+2M, ƒ/1.8
Camera trước
16MP FF
16MP, ƒ/2.0
Chipset
Unisoc T9300
Unisoc T8300
Công nghệ NFC
Có
Có
Dung lượng RAM
8 GB
8 GB
Bộ nhớ trong
128 GB
256 GB
Pin
6050mAh
6000mAh
Thẻ SIM
2 Nano-SIM + eSIM
Nano-SIM
Hệ điều hành
MyOS 16 (Dựa trên Android 16)
Android 15
Tính năng màn hình
Độ phân giải màn hình: 1940 × 900pixels
Độ sáng 1000 nits
Độ phân giải: 900 x 2030 pixel (FHD)
Tần số: 120Hz
Độ sáng: 1000 nits
Loại CPU
Octa-core 2.4GHz
Octa-Core (2*Cortex-A78 @ 2.2GHz + 6*Cortex-A55 @2.0GHz)
Như vậy, so với thế hệ trước, nubia Neo 5 sở hữu con chip mạnh hơn, viên pin bền bỉ hơn cũng như công suất sạc nhanh hơn.
Mua điện thoại nubia Neo 5 5G giá tốt tại CellphoneS
Mua điện thoại nubia Neo 5 5G chính hãng tại CellphoneS với mức giá tốt cùng nhiều khuyến mãi hấp dẫn theo từng thời điểm. Tại đây, các mặt hàng được cam kết về xuất xứ rõ ràng và chế độ bảo hành uy tín. 
Khi mua hàng tại hệ thống, khách hàng còn được hưởng chế độ hậu mãi chuyên nghiệp và tận tâm. Đồng thời, các phụ kiện cần thiết cũng được cung cấp đầy đủ, giúp quá trình sử dụng diễn ra thuận tiện ngay từ khi mở hộp.","{""Màn hình"": [{""name"": ""Kích thước màn hình"", ""value"": ""6.8 inches""}, {""name"": ""Tính năng màn hình"", ""value"": ""Độ phân giải màn hình: 1940 × 900pixels\nĐộ sáng 1000 nits""}, {""name"": ""Tần số quét"", ""value"": ""120Hz""}, {""name"": ""Kiểu màn hình"", ""value"": ""Đục lỗ (Nốt ruồi)""}], ""Camera sau"": [{""name"": ""Camera sau"", ""value"": ""50MP AF + 2MP""}], ""Camera trước"": [{""name"": ""Camera trước"", ""value"": ""16MP FF""}], ""Vi xử lý & đồ họa"": [{""name"": ""Chipset"", ""value"": ""Unisoc T9300""}], ""Giao tiếp & kết nối"": [{""name"": ""Công nghệ NFC"", ""value"": ""Có""}, {""name"": ""Thẻ SIM"", ""value"": ""2 Nano-SIM + eSIM""}, {""name"": ""Hỗ trợ mạng"", ""value"": ""5G""}], ""RAM & lưu trữ"": [{""name"": ""Dung lượng RAM"", ""value"": ""8 GB""}, {""name"": ""Bộ nhớ trong"", ""value"": ""256 GB""}], ""Pin & công nghệ sạc"": [{""name"": ""Pin"", ""value"": ""6050mAh""}, {""name"": ""Công nghệ sạc"", ""value"": ""Sạc nhanh 45W""}, {""name"": ""Cổng sạc"", ""value"": ""USB Type-C""}], ""Tính năng khác"": [{""name"": ""Hệ điều hành"", ""value"": ""MyOS 16 (Dựa trên Android 16)""}], ""Bộ xử lý & Đồ họa"": [{""name"": ""Loại CPU"", ""value"": ""Octa-core 2.4GHz""}], ""Thông số khác"": [{""name"": ""Chỉ số kháng nước, bụi"", ""value"": ""IP64""}, {""name"": ""Công nghệ - Tiện ích"", ""value"": ""Neo Triggers 5.0, Magic Touch 3.0, NeoTurbo Engine, AI Copilot Demi 2.0, Live Island""}, {""name"": ""Công nghệ âm thanh"", ""value"": ""Loa kép stereo, DTS:X Ultra""}], ""Tiện ích khác"": [{""name"": ""Cảm biến vân tay"", ""value"": ""Cảm biến vân tay cạnh bên""}, {""name"": ""Các loại cảm biến"", ""value"": ""Cảm biến gia tốc, Con quay hồi chuyển""}, {""name"": ""Tính năng đặc biệt"", ""value"": ""Hỗ trợ 5G""}], ""Cổng kết nối"": [{""name"": ""Wi-Fi"", ""value"": ""WiFi 2.4G/5G, 802.11 a/b/g/n/ac""}, {""name"": ""Bluetooth"", ""value"": ""5.4""}]}","[""https://cdn2.cellphones.com.vn/x/media/catalog/product/d/i/dien-thoai-nubia-neo-5-5g-den_1.jpg"", ""https://cdn2.cellphones.com.vn/x/media/catalog/product/d/i/dien-thoai-nubia-neo-5-5g-bac_1.jpg"", ""https://cdn2.cellphones.com.vn/x/media/catalog/product/d/i/dien-thoai-nubia-neo-5-5g-vang_1.jpg""]","{""product_color_1"": {""color"": ""Bạc"", ""image_url"": ""https://cellphones.com.vn/dien-thoai-nubia-neo-5-5g-8gb-256gb.html?product_id=130167"", ""price"": ""7.990.000₫""}, ""product_color_2"": {""color"": ""Đen"", ""image_url"": ""https://cellphones.com.vn/dien-thoai-nubia-neo-5-5g-8gb-256gb.html?product_id=130166"", ""price"": ""7.990.000₫""}}"
Điện thoại Nubia Z70S Ultra 5G 12GB 256GB,dien-thoai-nubia-z70s-ultra-5g,20.990.000đ,19.990.000đ,"Đặc điểm nổi bật của Điện thoại Nubia Z70S Ultra 5G 12GB 256GB
Điện thoại Nubia Z70S Ultra 5G được trang bị vi xử lý Snapdragon 8 Elite, RAM LPDDR5X lên đến 12GB và bộ nhớ trong 256GB, pin 6600 mAh hỗ trợ sạc nhanh 80W. Máy sở hữu màn hình AMOLED 6.85 inch 144Hz, camera sau gồm 3 ống kính với camera chính 50MP. Máy có thiết kế theo phong cách máy ảnh cổ điển, tích hợp camera ẩn dưới màn hình.
Nội dung chính
1. Vì sao nên mua Nubia Z70S Ultra 5G?
2. So sánh Nubia Z70S Ultra 5G với Nubia Z60S Ultra 5G
3. Điện thoại Nubia Z70S Ultra 5G - Đỉnh cao nhiếp ảnh di động, hiệu năng mạnh mẽ
3.1. Hiệu năng vượt trội với chip Snapdragon 8 Elite
3.2. Camera ba ống kính, hỗ trợ chụp ảnh chuyên nghiệp
3.3. Lượng pin lớn 6600 mAh cùng sạc nhanh 80W
3.4. Thiết kế cổ điển sang trọng, màn hình 144Hz 
4. Điện thoại Nubia Z70S Ultra 5G ra mắt khi nào?
5. Điện thoại Nubia Z70S Ultra 5G giá bao nhiêu?
6. Mua ngay điện thoại Nubia Z70S Ultra 5G chính hãng tại CellphoneS
Vì sao nên mua Nubia Z70S Ultra 5G?
Nubia Z70S Ultra 5G là dòng điện thoại chất lượng cao sở hữu nhiều ưu điểm nổi bật như:
Camera Native 35mm gen 5 cùng ba ống kính: Chụp ảnh như một máy ảnh chuyên nghiệp
Pin 6600mAh cùng sạc Power Boost: Sử dụng bền bỉ, không còn lỗi lo về pin
Thiết kế da dập nổi: Mang lại vẻ ngoài cổ điển sang trọng
AI hỗ trợ: Tối ưu chụp ảnh với nhiều chế độ
So sánh Nubia Z70S Ultra 5G với Nubia Z60S Ultra 5G
Nubia Z70S Ultra 5G sở hữu nhiều nâng cấp so với thế hệ tiền nhiệm Nubia Z60S Ultra. Vậy chính xác dòng điện thoại Nubia mới này có gì nâng cấp, hãy cùng so sánh chi tiết:
Thông số
Điện thoại Nubia Z70S Ultra 5G 12GB 256GB
ZTE Nubia Z60 Ultra
Công nghệ màn hình
AMOLED
AMOLED
Camera sau
Camera chính: 50 MP f/1.7
Camera tele: 64 MP f/2.48
Camera góc siêu rộng: 50 MP f/2.0
Camera chính: 50MP,
Tele kính viễn vọng: 64 MP, f/3.3, PDAF, OIS, 3.3x optical zoom (vs. 26mm cam)
Camera góc siêu rộng: 50MP,, f/1.8, AF
Camera trước
16 MP
Camera góc rộng: 12 MP
Chipset
Snapdragon 8 Elite (3nm)
Qualcomm SM8650-AB Snapdragon 8 Gen 3 (4 nm)
Công nghệ NFC
Có
Có
Dung lượng RAM
12 GB
8 GB
Bộ nhớ trong
256 GB
256 GB
Pin
6.600 mAh
6000 mAh
Thẻ SIM
2 Nano-SIM
2 SIM (Nano-SIM)
Hệ điều hành
Nebula AIOS - Android 15
Android 14, MyOS 14
Tính năng màn hình
Kích thước màn hình: 6.85 inch
Độ phân giải màn hình: 2688 x 1216 pixels
Tần số quét: 144 Hz
Độ sáng: 2000nits, 430PPI
100% DCI-P3
Longxi Durable Glass 2.0
1 tỷ màu, Tần số quét 120Hz, HDR10+, 1500 nits
Điện thoại Nubia Z70S Ultra 5G - Đỉnh cao nhiếp ảnh di động, hiệu năng mạnh mẽ
Điện thoại Nubia Z70S Ultra 5G là mẫu flagship mới từ ZTE, có thiết kế hướng tới những khách hàng đam mê nhiếp ảnh. Với ngoại hình lấy cảm hứng từ máy ảnh cổ điển và cấu hình mạnh mẽ, mẫu điện thoại Nubia này mang đến trải nghiệm chụp ảnh chuyên nghiệp ngay trên điện thoại.
Hiệu năng vượt trội với chip Snapdragon 8 Elite
Trái tim của điện thoại Nubia Z70S Ultra 5G là con chip Snapdragon 8 Elite mạnh mẽ, đi cùng với RAM LPDDR5X dung lượng 12GB và bộ nhớ trong UFS 4.0 256GB. Việc kết hợp với hệ thống tản nhiệt tiên tiến giúp máy luôn mát mẻ trong quá trình sử dụng, máy đảm bảo hiệu suất vượt trội cho mọi tác vụ từ chụp ảnh đến chơi game nặng.
Camera ba ống kính, hỗ trợ chụp ảnh chuyên nghiệp
Điểm nhấn của thiết bị là camera chính 50MP với tiêu cự 35mm, sử dụng cảm biến OmniVision Light and Shadow Master 990 kích thước 1/1.3 inch, khẩu độ f/1.7. Ngoài ra, máy còn có camera tele 64MP và camera góc siêu rộng 50MP, đáp ứng đa dạng nhu cầu chụp ảnh từ chân dung đến phong cảnh.
Lượng pin lớn 6600 mAh cùng sạc nhanh 80W
Điện thoại Nubia Z70S Ultra 5G được trang bị viên pin dung lượng lên tới 6600 mAh, mang lại thời gian sử dụng lâu dài cho cả ngày dài làm việc, giải trí hay chụp ảnh chuyên nghiệp. Bên cạnh đó, công nghệ sạc nhanh 80W giúp thiết bị nhanh chóng được nạp đầy năng lượng, rút ngắn tối đa thời gian chờ đợi – đặc biệt hữu ích cho những người dùng bận rộn.
Thiết kế cổ điển sang trọng, màn hình 144Hz 
Thiết bị sở hữu màn hình AMOLED 6.85 inch 2688 x 1216 pixels, tần số quét cao 144Hz và độ sáng tối đa đạt đến 2000 nits, đem lại trải nghiệm hình ảnh cực kỳ mượt mà. Về thiết kế, mặt lưng của Z70S Ultra mang đến cảm giác hoài cổ nhờ chất liệu da kết hợp kính phay xước sang trọng, gợi nhớ đến thiết kế đặc trưng của chiếc máy ảnh truyền thống.
Điện thoại Nubia Z70S Ultra 5G ra mắt khi nào?
Điện thoại Nubia Z70S Ultra 5G chính thức công bố tại thị trường Trung Quốc vào ngày 28 tháng 4 năm 2025 – một sự kiện thu hút sự chú ý lớn từ cộng đồng yêu công nghệ. Đây không chỉ là màn ra mắt đơn thuần của dòng điện thoại mới, mà còn là bước tiến chiến lược của ZTE trong việc tích hợp giữa công nghệ di động và nhiếp ảnh chuyên nghiệp.
Sự xuất hiện của phiên bản Photographer Edition cho thấy ZTE đang nhắm đến một phân khúc người dùng đặc biệt – những ai yêu thích sáng tạo hình ảnh trên nền tảng di động. Đồng thời, đây cũng là lời khẳng định vị thế cạnh tranh với các ông lớn trong mảng điện thoại chụp ảnh cao cấp như Huawei, Xiaomi hay Samsung.
Điện thoại Nubia Z70S Ultra 5G giá bao nhiêu?
Tại Trung Quốc, điện thoại Nubia Z70S Ultra 5G được niêm yết với mức giá khởi điểm từ 4.599 Nhân dân tệ – tương đương khoảng 16.3 triệu đồng cho phiên bản 12GB/256GB. Trong khi đó, phiên bản cao cấp với RAM 24GB cùng bộ nhớ trong 1TB được bán với giá 6.299 Nhân dân tệ, tức khoảng 22.4 triệu đồng, xứng đáng với cấu hình flagship hàng đầu.
Tại thị trường Việt Nam, Nubia Z70S Ultra 5G sẽ được mở bán chính hãng với giá khởi điểm từ 19,990,000 đồng.
Với mức giá này, Nubia Z70S Ultra 5G được định vị ở phân khúc cao cấp, dành cho những người dùng chuyên nghiệp hoặc các nhà sáng tạo nội dung đòi hỏi hiệu năng mạnh mẽ. Sản phẩm không chỉ là một chiếc smartphone thông thường mà còn là công cụ hỗ trợ sáng tạo, truyền cảm hứng cho những ai yêu nghệ thuật nhiếp ảnh.
Mua ngay điện thoại Nubia Z70S Ultra 5G chính hãng tại CellphoneS
Hiện tại, điện thoại Nubia Z70S Ultra 5G đã có mặt tại hệ thống cửa hàng CellphoneS trên toàn quốc. Khách hàng có thể trải nghiệm trực tiếp sản phẩm và nhận được sự tư vấn tận tình từ đội ngũ nhân viên chuyên nghiệp. CellphoneS cam kết cung cấp điện thoại chính hãng với giá cạnh tranh, cùng nhiều ưu đãi đang đón chờ. Khách hàng còn được hỗ trợ trả góp với lãi suất thấp, giúp việc sở hữu chiếc smartphone mơ ước trở nên dễ dàng hơn.","{""Màn hình"": [{""name"": ""Công nghệ màn hình"", ""value"": ""AMOLED""}, {""name"": ""Tính năng màn hình"", ""value"": ""Kích thước màn hình: 6.85 inch\nĐộ phân giải màn hình: 2688 x 1216 pixels\nTần số quét: 144 Hz\nĐộ sáng: 2000nits, 430PPI\n100% DCI-P3\nLongxi Durable Glass 2.0""}, {""name"": ""Tần số quét"", ""value"": ""Từ 144Hz trở lên""}, {""name"": ""Kiểu màn hình"", ""value"": ""Tràn viền (Không khiếm khuyết)""}], ""Camera sau"": [{""name"": ""Camera sau"", ""value"": ""Camera chính: 50 MP f/1.7\nCamera tele: 64 MP f/2.48\nCamera góc siêu rộng: 50 MP f/2.0""}, {""name"": ""Quay video"", ""value"": ""8K@30FPS""}, {""name"": ""Tính năng camera"", ""value"": ""Cảm biến chống nháy\nCảm biến laser hỗ trợ lấy nét\nChống rung quang học OIS\nChân dung\nTự động lấy nét\nQuay video đêm""}], ""Camera trước"": [{""name"": ""Camera trước"", ""value"": ""16 MP""}], ""Vi xử lý & đồ họa"": [{""name"": ""Chipset"", ""value"": ""Snapdragon 8 Elite (3nm)""}], ""Giao tiếp & kết nối"": [{""name"": ""Công nghệ NFC"", ""value"": ""Có""}, {""name"": ""Thẻ SIM"", ""value"": ""2 Nano-SIM""}, {""name"": ""Hỗ trợ mạng"", ""value"": ""5G""}, {""name"": ""GPS"", ""value"": ""GPS/A-GPS/Beidou/Galileo/GLONASS (L1+L2+L5)""}], ""RAM & lưu trữ"": [{""name"": ""Dung lượng RAM"", ""value"": ""12 GB""}, {""name"": ""Bộ nhớ trong"", ""value"": ""256 GB""}], ""Pin & công nghệ sạc"": [{""name"": ""Pin"", ""value"": ""6.600 mAh""}, {""name"": ""Công nghệ sạc"", ""value"": ""Hỗ trợ sạc nhanh 80 W""}, {""name"": ""Cổng sạc"", ""value"": ""USB Type-C""}], ""Tính năng khác"": [{""name"": ""Hệ điều hành"", ""value"": ""Nebula AIOS - Android 15""}], ""Kích thước & Trọng lượng"": [{""name"": ""Kích thước"", ""value"": ""164.3 x 77.1 x 8.6 mm""}, {""name"": ""Trọng lượng"", ""value"": ""228 g""}], ""Thiết kế & Trọng lượng"": [{""name"": ""Chất liệu mặt lưng"", ""value"": ""Kính""}, {""name"": ""Chất liệu khung viền"", ""value"": ""Nhôm""}], ""Thông số khác"": [{""name"": ""Chỉ số kháng nước, bụi"", ""value"": ""IP68 & IP69""}, {""name"": ""Công nghệ - Tiện ích"", ""value"": ""Nút hỗ trợ tác vụ nhanh\nNút hỗ trợ chụp ảnh chuyên nghiệp\nNhận diện giọng nói""}, {""name"": ""Tiện ích khác"", ""value"": ""Nhận diện khuôn mặt""}, {""name"": ""Công nghệ âm thanh"", ""value"": ""Loa kép tích hợp công nghệ DTS:X Ultra""}], ""Tiện ích khác"": [{""name"": ""Cảm biến vân tay"", ""value"": ""Cảm biến vân tay trong màn hình""}, {""name"": ""Các loại cảm biến"", ""value"": ""Cảm biến tiệm cận, La bàn, Con quay hồi chuyển, Cảm biến trọng lực""}, {""name"": ""Tính năng đặc biệt"", ""value"": ""Hỗ trợ 5G, Bảo mật vân tay, Nhận diện khuôn mặt, Kháng nước, kháng bụi""}], ""Cổng kết nối"": [{""name"": ""Wi-Fi"", ""value"": ""WiFi 7""}, {""name"": ""Bluetooth"", ""value"": ""v5.4""}]}","[""https://cdn2.cellphones.com.vn/x/media/catalog/product/s/l/slider-nubia-z70s-ultra.jpg"", ""https://cdn2.cellphones.com.vn/x/media/catalog/product/s/l/slider-nubia-z70s-ultra-1.jpg"", ""https://cdn2.cellphones.com.vn/x/media/catalog/product/s/l/slider-nubia-z70s-ultra-2.jpg""]","{""product_color_1"": {""color"": ""Đen"", ""image_url"": ""https://cellphones.com.vn/dien-thoai-nubia-z70s-ultra-5g.html?product_id=107442"", ""price"": ""19.990.000₫""}}"
Nubia Neo 3 4G 8GB 128GB,dien-thoai-nubia-neo-3-4g,4.990.000đ,4.790.000đ,"Đặc điểm nổi bật của Nubia Neo 3 4G 8GB 128GB
Điện thoại Nubia Neo 3 4G đánh dấu ấn mạnh mẽ trong dòng smartphone gaming với RAM 8GB, bộ nhớ trong 128GB cùng vi xử lý Unisoc T8100 tối ưu tốt. Màn hình 6.8 inch, tần số quét 120Hz cùng pin 6000mAh cho trải nghiệm giải trí lâu dài. Camera sau 50MP và các tính năng chơi game tối ưu giúp đáp ứng cả nhu cầu giải trí lẫn công việc.
Nội dung chính
1. So sánh điện thoại Nubia Neo 3 4G với Nubia Neo 2 5G chi tiết
2. Điện thoại Nubia Neo 3 4G - Mạnh mẽ, chiến game đỉnh
2.1. Dung lượng lớn, chạy đa nhiệm mượt mà 
2.2. Thiết kế sáng tạo dành riêng cho game thủ
2.3. Vượt mọi rào cản với vi xử lý Unisoc T8100
2.4. Dung lượng pin lớn 6000mAh
2.5. Camera cho trải nghiệm chụp ảnh vượt trội
2.6. Màn hình và âm thanh chinh phục mọi nhu cầu giải trí 
3. Điện thoại Nubia Neo 3 4G khi nào ra mắt? 
4. Điện thoại Nubia Neo 3 4G giá bao nhiêu? 
5. Mua điện thoại Nubia Neo 3 4G tại CellphoneS
So sánh điện thoại Nubia Neo 3 4G với Nubia Neo 2 5G chi tiết
Nubia Neo 3 4G là thế hệ điện thoại được ra mắt sau so với Nubia Neo 2 5G, vậy ngoài khác biệt về 4G và 5G thì hai mẫu điện thoại này còn gì khác biệt, hãy cùng so sánh chi tiết:
Thông số
Nubia Neo 3 4G 8GB 128GB
Nubia Neo 2 5G
Kích thước màn hình
6.8 inches
6.72 inches
Camera sau
50MP + 2MP
Camera góc rộng: 50 MP, f/1.8, PDAF
Camera đo độ sâu: 2 MP, f/2.4
Camera trước
16MP
16MP
Chipset
Unisoc T8100
Unisoc T820 (6 nm)
Công nghệ NFC
Có
Có
Dung lượng RAM
8 GB
8 GB
Bộ nhớ trong
128 GB
256 GB
Pin
6000mAh
6000mAh
Thẻ SIM
2 Nano-SIM
2 SIM (Nano-SIM)
Tính năng màn hình
Độ phân giải màn hình: 900 x 2030 pixel (FHD)
Tần số: 120Hz
Độ sáng: 530 nits
16.7 tỷ màu
IPS
Corning Gorilla Glass, 400 ppi
Tần số quét 120Hz
Loại CPU
Octa-Core (4*Cortex-A76 @ 2.2GHz + 4*Cortex-A55 @2.0GHz)
1x2.7 GHz Cortex-A76 & 3x2.3 GHz Cortex-A76 & 4x2.1 GHz Cortex-A55
Điện thoại Nubia Neo 3 4G - Mạnh mẽ, chiến game đỉnh
Điện thoại Nubia Neo 3 4G là mẫu smartphone tầm trung hướng đến game thủ. Với RAM mở rộng và bộ nhớ lớn, cùng các tính năng chơi game tiên tiến, thế hệ smartphone chuẩn NFC này hứa hẹn sẽ là lựa chọn lý tưởng cho những người yêu thích trải nghiệm giải trí mượt mà trên di động.
Dung lượng lớn, chạy đa nhiệm mượt mà 
Điện thoại Nubia Neo 3 4G được trang bị RAM 8GB, hỗ trợ đa nhiệm mượt mà ngay cả khi chạy nhiều ứng dụng nặng. Kèm theo công nghệ RAM ảo để người sử dụng có thể đáp ứng được nhiều tác vụ cùng lúc.
Đặc biệt, dung lượng bộ nhớ trong 128GB sẽ là thông số ấn tượng để người dùng thoả sức lưu giữ dữ liệu cần thiết. Dù ở phân khúc giá trung bình, Nubia NEO 3 4G vẫn cung cấp hiệu suất đủ sức cạnh tranh với nhiều sản phẩm cùng tầm giá.
Thiết kế sáng tạo dành riêng cho game thủ
Thiết kế của Nubia Neo 3 4G lấy cảm hứng từ xe hơi Transformers, với các chi tiết góc cạnh vuông vức tạo nên vẻ ngoài mạnh mẽ. Khung máy làm từ nhựa giúp giảm trọng lượng, thoải mái khi chơi game trong thời gian dài.
Điểm nhấn đáng chú ý là các phím kích hoạt chuyên dụng và khu vực tối ưu hóa cho trải nghiệm chơi game. Những tính năng này không chỉ làm tăng tính tiện ích mà còn giúp game thủ có cảm giác làm chủ hoàn toàn trò chơi, tạo lợi thế cạnh tranh rõ rệt.
Vượt mọi rào cản với vi xử lý Unisoc T8100
Dù thuộc phân khúc giá rẻ, điện thoại Nubia Neo 3 4G vẫn gây ấn tượng với vi xử lý Unisoc T8100 mạnh mẽ. Con chip này giúp người dùng có thể thoải mái trải nghiệm các tác vụ hàng ngày.
Đặc biệt, Unisoc T820 còn được tích hợp hệ thống làm mát tiên tiến, hạn chế tình trạng quá nhiệt khi chơi game trong thời gian dài. Nhờ vậy, người dùng sẽ có thể vô tư trải nghiệm các tựa game mobile phổ biến liên tục vài giờ mà không cần bận tâm hiệu suất của máy.
Dung lượng pin lớn 6000mAh
Điện thoại Neo 3 4G sở hữu viên pin dung lượng 6000mAh, hỗ trợ duy trì thời gian sử dụng dài lâu cho các tác vụ thường ngày hoặc chơi game. Với thông số này, người dùng có thể sử dụng giải trí trong nhiều giờ.
Ngoài ra, công nghệ sạc nhanh 33W cũng là thông số ấn tượng để đảm bảo thiết bị luôn sẵn sàng hoạt động. Với tất cả những điều này, Nubia Neo 3 4G thực sự phù hợp với người dùng có nhu cầu giải trí liên tục.
Camera cho trải nghiệm chụp ảnh vượt trội
Điện thoại Nubia Neo 3 4G nâng cấp hệ thống camera, với cảm biến chính 50MP, cải thiện chất lượng ảnh chụp so với thế hệ trước. Camera phụ 2MP hỗ trợ chụp góc rộng, mở rộng khung hình để ghi lại những cảnh quan hùng vĩ hay các bức ảnh nhóm đông người.
Ứng dụng camera cũng có thể được tích hợp thêm các tính năng mới như quay video 4K, chế độ chụp macro và cải thiện chế độ ban đêm. Các tích hợp này hứa hẹn mang đến trải nghiệm đa dạng về khả năng nhiếp ảnh.
Màn hình và âm thanh chinh phục mọi nhu cầu giải trí 
Điện thoại Neo 3 4G được trang bị màn hình IPS 6.8 inch. Tần số quét được nâng lên 120Hz, hỗ trợ thao tác cảm ứng mượt mà và tối ưu hóa trải nghiệm chơi game. Với độ sáng màn hình cao, màn hình có thể mang lại trải nghiệm hiển thị tốt trong nhiều điều kiện ánh sáng khác nhau.
Điện thoại Nubia Neo 3 4G khi nào ra mắt? 
Điện thoại Nubia Neo 3 4G chính thức được Nubia ra mắt vào sự kiện MWC Barcelona 2025. Tại sự kiện này, ngoài Nubia Neo 3 4G, Nubia còn trình làng một số phiên bản khác là Neo 3 GT 5G và Neo 3 5G. 
Nubia Neo 3 4G được kỳ vọng sẽ cải tiến mạnh mẽ về hiệu năng, đặc biệt trong khả năng xử lý đồ họa và tốc độ phản hồi khi chơi game. Ngoài ra, thiết bị sẽ trang bị màn hình tần số quét cao, pin dung lượng lớn và công nghệ sạc nhanh tối ưu cho game thủ.
Điện thoại Nubia Neo 3 4G giá bao nhiêu? 
Nubia Neo 3 4G là sản phẩm điện thoại giá rẻ, cụ thể sản phẩm sẽ được lên kệ chính hãng thị trường Việt với mức giá gần 5 triệu đồng. 
Mua điện thoại Nubia Neo 3 4G tại CellphoneS
Điện thoại Nubia Neo 3 4G đã có mặt tại CellphoneS. Trong các dịp sale lễ Tết, Black Friday, xã kho là cơ hội để khách hàng săn sale điện thoại Nubia với giá cực ưu đãi. Ưu đãi còn được nâng lên đáng kể khi khách là thành viên Smember hoặc S-Student. Liên hệ ngay qua hotline 1800.2097 để biết thêm thông tin đặt hàng và giá chính thức của Nubia Neo 3 4G nhé.","{""Màn hình"": [{""name"": ""Kích thước màn hình"", ""value"": ""6.8 inches""}, {""name"": ""Tính năng màn hình"", ""value"": ""Độ phân giải màn hình: 900 x 2030 pixel (FHD)\nTần số: 120Hz\nĐộ sáng: 530 nits\n16.7 tỷ màu\nIPS""}], ""Camera sau"": [{""name"": ""Camera sau"", ""value"": ""50MP + 2MP""}, {""name"": ""Tính năng camera"", ""value"": ""AI Super Night, Chụp ảnh nhanh AI Sport, AI HDR, chỉnh sửa AI Magic, Cảm biến CMOS, Tự động lấy nét""}], ""Camera trước"": [{""name"": ""Camera trước"", ""value"": ""16MP""}], ""Vi xử lý & đồ họa"": [{""name"": ""Chipset"", ""value"": ""Unisoc T8100""}, {""name"": ""GPU"", ""value"": ""G57@4C 650MHz""}], ""Giao tiếp & kết nối"": [{""name"": ""Công nghệ NFC"", ""value"": ""Có""}, {""name"": ""Thẻ SIM"", ""value"": ""2 Nano-SIM""}, {""name"": ""Hỗ trợ mạng"", ""value"": ""4G""}, {""name"": ""GPS"", ""value"": ""GPS/AGPS/GLONASS/Galileo""}], ""RAM & lưu trữ"": [{""name"": ""Dung lượng RAM"", ""value"": ""8 GB""}, {""name"": ""Bộ nhớ trong"", ""value"": ""128 GB""}], ""Pin & công nghệ sạc"": [{""name"": ""Pin"", ""value"": ""6000mAh""}, {""name"": ""Công nghệ sạc"", ""value"": ""Sạc nhanh 33W""}], ""Bộ xử lý & Đồ họa"": [{""name"": ""Loại CPU"", ""value"": ""Octa-Core (4*Cortex-A76 @ 2.2GHz + 4*Cortex-A55 @2.0GHz)""}], ""Kích thước & Trọng lượng"": [{""name"": ""Kích thước"", ""value"": ""168.3 x 76.5 x 8.3mm""}], ""Thông số khác"": [{""name"": ""Chỉ số kháng nước, bụi"", ""value"": ""IP54""}, {""name"": ""Tiện ích khác"", ""value"": ""AI Game Space 3.0, AI Gaming Companion, AI Trigger, AI Behavioral Learning, AI Real-time Translate, AI Conversation Transtate""}, {""name"": ""Công nghệ âm thanh"", ""value"": ""Loa stereo kép với DTS:X Ultra""}], ""Tiện ích khác"": [{""name"": ""Cảm biến vân tay"", ""value"": ""Cảm biến vân tay cạnh bên""}, {""name"": ""Các loại cảm biến"", ""value"": ""Cảm biến gia tốc, Cảm biến tiệm cận, Con quay hồi chuyển""}], ""Cổng kết nối"": [{""name"": ""Wi-Fi"", ""value"": ""802.11a/b/g/n/ac, 2.4GHz & 5 GHz""}, {""name"": ""Bluetooth"", ""value"": ""BT5.2""}]}","[""https://cdn2.cellphones.com.vn/x/media/catalog/product/s/l/slider-neo-3-4g-8gb-128gb.jpg"", ""https://cdn2.cellphones.com.vn/x/media/catalog/product/s/l/slider-neo-3-4g-8gb-128gb-1.jpg"", ""https://cdn2.cellphones.com.vn/x/media/catalog/product/s/l/slider-neo-3-4g-8gb-128gb-2.jpg""]","{""product_color_1"": {""color"": ""Đen"", ""image_url"": ""https://cellphones.com.vn/dien-thoai-nubia-neo-3-4g.html?product_id=102964"", ""price"": ""4.790.000₫""}, ""product_color_2"": {""color"": ""Vàng"", ""image_url"": ""https://cellphones.com.vn/dien-thoai-nubia-neo-3-4g.html?product_id=102965"", ""price"": ""4.790.000₫""}, ""product_color_3"": {""color"": ""Bạc"", ""image_url"": ""https://cellphones.com.vn/dien-thoai-nubia-neo-3-4g.html?product_id=102963"", ""price"": ""4.790.000₫""}}"
Nubia Neo 5 GT 12GB 256GB,dien-thoai-nubia-neo-5-gt-12gb-256gb,11.490.000đ,9.990.000đ,"Đặc điểm nổi bật của Nubia Neo 5 GT 12GB 256GB
Điện thoại Nubia Neo 5 GT sở hữu vi xử lý Dimensity 7400 tiến trình 4nm mạnh mẽ, giúp xử lý mượt mà mọi tác vụ giải trí cũng như các tựa game đồ họa cao. Hệ thống quạt làm mát chủ động với diện tích 29508mm² hỗ trợ duy trì nhiệt độ khi sử dụng lâu. Viên pin 6210mAh kết hợp sạc nhanh 80W cung cấp nguồn năng lượng bền bỉ.
Nội dung chính
1. Điện thoại Nubia Neo 5 GT - Điện thoại gaming mạnh mẽ
1.1. Công nghệ AI Copilot Demi 2.0 hiện đại
1.2. Mức năng lượng pin 6210mAh cùng nạp nhanh 80W
1.3. Camera AI 50MP ghi lại khoảnh khắc rõ nét
1.4. Bộ nhớ chuẩn LPDDR5 hỗ trợ đa nhiệm mượt
1.5. Tấm nền AMOLED 1.5K tốc độ quét 144Hz
1.6. Thiết kế mặt lưng phẳng và ba màu cá tính
2. Điện thoại Nubia Neo 5 GT ra mắt khi nào?
3. Điện thoại Nubia Neo 5 GT giá bán bao nhiêu tiền?
4. So sánh điện thoại Nubia Neo 5 GT với Nubia Neo 3 GT chi tiết
5. Mua điện thoại Nubia Neo 5 GT giá tốt tại CellphoneS
Điện thoại Nubia Neo 5 GT - Điện thoại gaming mạnh mẽ
Các thay đổi mang tính đột phá ở thiết bị điện thoại Nubia này giúp cho người dùng cảm nhận được sự vận hành độc đáo và hấp dẫn. Các đặc điểm về tính năng và ngoại hình đều được chăm chút kỹ lưỡng nhằm đáp ứng tốt các nhu cầu giải trí đa dạng.
Công nghệ AI Copilot Demi 2.0 hiện đại
Trợ lý ảo Copilot Demi 2.0 trên điện thoại Nubia Neo 5 GT hoạt động như một người đồng hành thông minh giúp người dùng tối ưu hóa mọi trải nghiệm giải trí. Hệ thống này có khả năng phản hồi các câu hỏi về cách chơi và giúp người dùng phân tích các thông tin hiệu suất chuyên sâu cũng như tự động trả lời tin nhắn.
Công nghệ AI thông minh giúp tối ưu hóa các tác vụ.
Bên cạnh đó, tính năng tự động trả lời tin nhắn trên thiết bị giúp người dùng duy trì sự tập trung cao độ trong suốt quá trình sử dụng các ứng dụng đồ họa. Công nghệ AI này còn theo dõi sát sao tình trạng thiết bị, để người dùng dễ dàng quản lý và kiểm soát hiệu quả hơn. 
Mức năng lượng pin 6210mAh cùng nạp nhanh 80W
Năng lượng pin đạt mức 6210mAh cùng hệ thống dual-cell đem lại nguồn năng lượng dồi dào phục vụ các nhu cầu vận hành hiệu suất cao. Điện thoại Nubia Neo 5 GT cho phép người dùng thoải mái sử dụng các ứng dụng nặng trong thời gian dài mà không cần lo lắng về việc cạn kiệt pin giữa chừng.
Mức dung lượng lớn đem tới nguồn vận hành ổn định.
Công nghệ sạc nhanh 80W đi kèm giúp rút ngắn đáng kể thời gian nạp điện để người dùng nhanh chóng quay trở lại với các tác vụ hằng ngày. Tính năng Bypass Charging hỗ trợ cấp nguồn trực tiếp giúp duy trì nhiệt độ ổn định cho thiết bị và bảo vệ tuổi thọ linh kiện hiệu quả hơn.
Camera AI 50MP ghi lại khoảnh khắc rõ nét
Hệ thống cụm ba camera sau 50MP trên điện thoại Nubia Neo 5 GT mang đến khả năng ghi lại những hình ảnh với độ chi tiết cao và màu sắc chân thực. Người dùng dễ dàng chụp được những bức ảnh phong cảnh hay chân dung rõ nét nhờ sự hỗ trợ đắc lực từ thuật toán xử lý hình ảnh thông minh tích hợp sẵn.
Cụm camera độ phân giải cao cho chất lượng ảnh rõ nét.
Bên cạnh đó, camera trước 16MP của thiết bị cung cấp chất lượng cuộc gọi video ổn định và những tấm hình tự sướng rạng rỡ trong nhiều môi trường. Các tính năng chụp ảnh thực tế giúp cải thiện đáng kể độ sáng và độ tương phản để tạo nên những khung hình ấn tượng cho người sử dụng mỗi ngày.
Bộ nhớ chuẩn LPDDR5 hỗ trợ đa nhiệm mượt
Việc trang bị loại RAM LPDDR5 hiệu năng mạnh đem tới tốc độ đọc ghi thông tin vô cùng thần tốc cho bộ máy xử lý. Người dùng có thể chạy đồng thời nhiều ứng dụng nặng trên điện thoại Nubia Neo 5 GT mà hạn chế gặp phải tình trạng giật lag hay bị tải lại trang bất ngờ.
Chuẩn bộ nhớ mới giúp quá trình đa nhiệm mượt mà hơn.
Khả năng đa nhiệm mượt mà giúp quá trình chuyển đổi giữa các tác vụ diễn ra tức thì nhằm tối ưu hóa hiệu suất làm việc và giải trí. Dung lượng bộ nhớ lớn còn hỗ trợ thiết bị duy trì sự ổn định lâu dài để đáp ứng tốt các nhu cầu lưu trữ dữ liệu ngày càng cao của người sử dụng.
Tấm nền AMOLED 1.5K tốc độ quét 144Hz
Màn hình AMOLED 6.8inch độ phân giải 1.5K trên điện thoại Nubia Neo 5 GT mang đến những khung hình sắc nét với màu sắc rực rỡ và sống động. Người dùng dễ dàng tận hưởng các nội dung giải trí chất lượng cao nhờ độ sáng tối đa đạt mức 4500 nits giúp hiển thị rõ ràng ngay cả ở điều kiện ánh sáng mạnh.
Hiển thị rực rỡ đem lại các nội dung chân thực.
Tần số quét 144Hz kết hợp cùng tần số lấy mẫu cảm ứng 3049Hz giúp các thao tác vuốt chạm trên bề mặt kính trở nên vô cùng mượt mà và tức thì. Công nghệ bảo vệ mắt đạt chứng nhận SGS hỗ trợ giảm thiểu tình trạng mỏi mắt khi người sử dụng theo dõi các chuyển động nhanh trong thời gian dài liên tục.
Thiết kế mặt lưng phẳng và ba màu cá tính
Sản phẩm sở hữu kiểu dáng hiện đại với thiết kế mặt lưng phẳng giúp tạo nên vẻ ngoài thanh lịch và sang trọng cho thiết bị. Người dùng dễ dàng cầm nắm và thao tác trên điện thoại Nubia Neo 5 GT nhờ thiết kế không cụm camera lồi giúp tăng cường sự ổn định khi đặt trên mặt bàn.
Thiết kế phẳng hiện đại phù hợp với đa dạng người dùng.
Ba tùy chọn màu sắc cá tính kết hợp cùng hệ thống đèn RGB sống động cho phép người sử dụng tự do thể hiện phong cách riêng biệt của bản thân. Những đường nét bo cong nhẹ nhàng tại các góc cạnh giúp tối ưu hóa cảm giác cầm nắm để người dùng thoải mái sử dụng sản phẩm trong nhiều giờ liên tục.
Điện thoại Nubia Neo 5 GT ra mắt khi nào?
Điện thoại Nubia Neo 5 GT chính thức ra mắt cộng đồng công nghệ thế giới tại sự kiện triển lãm MWC 2026 được tổ chức ở Barcelona vừa qua. Người dùng dễ dàng tiếp cận sản phẩm từ tháng 3 năm 2026 khi hãng bắt đầu triển khai kế hoạch mở bán rộng rãi tại khu vực Đông Nam Á.
Thời gian Nubia Neo 5 GT ra mắt người dùng.
Sự xuất hiện đúng thời điểm này giúp thiết bị nhanh chóng thu hút sự quan tâm lớn của đông đảo người dùng đang tìm kiếm một phương tiện giải trí mới. Hãng cũng xác nhận mức giá khởi điểm cho phiên bản này là khoảng 399 Euro nhằm hỗ trợ người dùng sở hữu công nghệ hiện đại với chi phí hợp lý.
Điện thoại Nubia Neo 5 GT giá bán bao nhiêu tiền?
Mức giá khởi điểm của sản phẩm tại thị trường quốc tế là khoảng 399 Euro (tương đương khoảng 12.076.932 VNĐ) và dự kiến sẽ sớm có mặt rộng rãi tại Việt Nam. Người dùng có thể sở hữu điện thoại Nubia Neo 5 GT với mức chi phí hợp lý để tận hưởng trọn vẹn những tính năng giải trí mới mẻ.
Chi phí để người dùng sở hữu Nubia Neo 5 GT.
Giá bán thực tế của thiết bị có thể thay đổi linh hoạt dựa trên các chương trình khuyến mãi và chính sách ưu đãi riêng của từng nhà bán lẻ. Người dùng nên thường xuyên theo dõi các hệ thống phân phối uy tín để cập nhật bảng giá chính xác nhằm đưa ra quyết định mua sắm phù hợp.
So sánh điện thoại Nubia Neo 5 GT với Nubia Neo 3 GT chi tiết
Nubia Neo 5 GT và Neo 3 GT đều là sản phẩm smartphone chơi game với giá thành phải chăng. Vậy chính xác hai mẫu điện thoại này có gì khác biệt, hãy cùng so sánh chi tiết:
Thông số
Nubia Neo 5 GT 8GB 256GB
Nubia Neo 3 GT 12GB 256GB
Kích thước màn hình
6.8 inches
6.8 inches
Công nghệ màn hình
AMOLED
OLED
Camera sau
50MP AF + 2MP
50MP + 2MP
Camera trước
16MP FF
16MP
Chipset
MediaTek D7400
Unisoc T9100
Công nghệ NFC
Có
Có
Dung lượng RAM
8 GB
12 GB
Bộ nhớ trong
256 GB
256 GB
Pin
6210mAh
6000mAh
Thẻ SIM
2 Nano-SIM + eSIM
2 Nano-SIM
Hệ điều hành
MyOS 16 (dựa trên Android 16)
Android 15
Tính năng màn hình
Độ phân giải màn hình 1.5K
Độ sáng 4500 nits
FullHD+
Tần số 120Hz
Độ sáng cực đại 1300 nit
Gam màu DCI-P3 100%
Tỷ lệ tương phản 1000000:1
Tần số lấy mẫu cảm ứng tức thời 1200Hz
Loại CPU
Octa-core 2.6GHz
Nhìn chung, Neo 5 GT sở hữu nhiều nâng cấp về cấu hình, pin, thâm chí màn hình. Do đó nếu phân phân chọn mua giữa hai mẫu điện thoại gaming này thì Neo 5 GT là sản phẩm đáng để trải nghiệm.
Mua điện thoại Nubia Neo 5 GT giá tốt tại CellphoneS
Khách hàng lựa chọn mua điện thoại Nubia Neo 5 GT tại hệ thống CellphoneS để nhận được nhiều ưu đãi hấp dẫn. Sản phẩm sở hữu thiết kế hiện đại cùng hiệu năng mạnh mẽ đáp ứng tốt nhu cầu giải trí hằng ngày. Cửa hàng hỗ trợ chính sách trả góp lãi suất 0% và giao hàng tận nơi nhanh chóng trên toàn quốc. Hãy đến ngay chi nhánh gần nhà để trải nghiệm và sở hữu thiết bị với mức giá ưu đãi.","{""Màn hình"": [{""name"": ""Kích thước màn hình"", ""value"": ""6.8 inches""}, {""name"": ""Công nghệ màn hình"", ""value"": ""AMOLED""}, {""name"": ""Tính năng màn hình"", ""value"": ""Độ phân giải màn hình 1.5K\nĐộ sáng 4500 nits""}, {""name"": ""Tần số quét"", ""value"": ""Từ 144Hz trở lên""}, {""name"": ""Kiểu màn hình"", ""value"": ""Đục lỗ (Nốt ruồi)""}], ""Camera sau"": [{""name"": ""Camera sau"", ""value"": ""50MP AF + 2MP""}], ""Camera trước"": [{""name"": ""Camera trước"", ""value"": ""16MP FF""}], ""Vi xử lý & đồ họa"": [{""name"": ""Chipset"", ""value"": ""MediaTek D7400""}], ""Giao tiếp & kết nối"": [{""name"": ""Công nghệ NFC"", ""value"": ""Có""}, {""name"": ""Thẻ SIM"", ""value"": ""2 Nano-SIM + eSIM""}, {""name"": ""Hỗ trợ mạng"", ""value"": ""5G""}], ""RAM & lưu trữ"": [{""name"": ""Dung lượng RAM"", ""value"": ""12 GB""}, {""name"": ""Bộ nhớ trong"", ""value"": ""256 GB""}], ""Pin & công nghệ sạc"": [{""name"": ""Pin"", ""value"": ""6210mAh""}, {""name"": ""Công nghệ sạc"", ""value"": ""Sạc nhanh 80W""}, {""name"": ""Cổng sạc"", ""value"": ""USB Type-C""}], ""Tính năng khác"": [{""name"": ""Hệ điều hành"", ""value"": ""MyOS 16 (dựa trên Android 16)""}], ""Bộ xử lý & Đồ họa"": [{""name"": ""Loại CPU"", ""value"": ""Octa-core 2.6GHz""}], ""Tiện ích khác"": [{""name"": ""Cảm biến vân tay"", ""value"": ""Cảm biến vân tay dưới màn hình""}, {""name"": ""Các loại cảm biến"", ""value"": ""Cảm biến gia tốc, Con quay hồi chuyển""}, {""name"": ""Tính năng đặc biệt"", ""value"": ""Hỗ trợ 5G""}], ""Cổng kết nối"": [{""name"": ""Wi-Fi"", ""value"": ""Wi-Fi 2.4G/5G/6G, 802.11 a/b/g/n/ac/ax""}, {""name"": ""Bluetooth"", ""value"": ""v6.0""}], ""Thông số khác"": [{""name"": ""Công nghệ - Tiện ích"", ""value"": ""Shoulder Triggers, Live Island""}, {""name"": ""Công nghệ âm thanh"", ""value"": ""Loa kép stereo, DTS:X Ultra""}], ""Thông tin chung"": [{""name"": ""Thời điểm ra mắt"", ""value"": ""04/2026""}]}","[""https://cdn2.cellphones.com.vn/x/media/catalog/product/d/i/dien-thoai-nubia-neo-5-gt-den_1.jpg"", ""https://cdn2.cellphones.com.vn/x/media/catalog/product/d/i/dien-thoai-nubia-neo-5-gt-bac_1.jpg"", ""https://cdn2.cellphones.com.vn/x/media/catalog/product/d/i/dien-thoai-nubia-neo-5-gt-vang_1.jpg""]","{""product_color_1"": {""color"": ""Bạc"", ""image_url"": ""https://cellphones.com.vn/dien-thoai-nubia-neo-5-gt-12gb-256gb.html?product_id=130159"", ""price"": ""9.990.000₫""}, ""product_color_2"": {""color"": ""Đen"", ""image_url"": ""https://cellphones.com.vn/dien-thoai-nubia-neo-5-gt-12gb-256gb.html?product_id=130158"", ""price"": ""9.990.000₫""}}"
Nubia V70 Design 8GB 128GB,dien-thoai-nubia-v70-design-8gb-128gb,N/A,N/A,"Đặc điểm nổi bật của Nubia V70 Design 8GB 128GB
Điện thoại nubia V70 Design sở hữu bộ vi xử lý Unisoc T606 kết hợp RAM dung lượng 8GB, bộ nhớ trong lưu trữ lên đến 128GB với viên pin tối đa 5000mAh. Thêm vào đó, máy còn tích hợp camera chính 50MP AI và ống kính selfie 16MP. Không những vậy, điện thoại có màn hình kích thước 6.7 inch cùng tốc độ làm mới 120Hz, cho khả năng hiển thị mượt mà.
Nội dung chính
1. So sánh điện thoại nubia V70 Design vs nubia V60 Design
2. Điện thoại nubia V70 Design – Hiệu suất liền mạch
2.1. Cấu hình mượt mà, hiệu năng tốt
2.2. Camera AI 50MP, chụp ảnh sống động
2.3. Pin 5000mAh, sạc nhanh 22.5W
2.4. Màn hình 6.7 inch, hiển thị chất lượng
2.5. Thiết kế độc đáo, màu thanh lịch
3. Điện thoại nubia V70 Design ra mắt khi nào?
4. Điện thoại nubia V70 Design giá bao nhiêu tiền?
5. Mua điện thoại nubia V70 Design giá tốt tại CellphoneS
So sánh điện thoại nubia V70 Design vs nubia V60 Design
nubia V70 Design so với thế hệ trước sở hữu nhiều nâng cấp, vậy chính xác sản phẩm được nâng cấp gì hãy cùng so sánh chi tiết nubia V70 Design vs nubia V60 Design ngay sau đây:
Thông số
Nubia V70 Design 8GB 128GB
Nubia V60 Design 6GB 256GB
Kích thước màn hình
6.7 inches
6.6 inches
Công nghệ màn hình
IPS LCD
Camera sau
50 MP, ƒ/1.8
2.0 MP
50MP AI Camera
2MP FF+AI Camera
Camera trước
16.0 MP
8MP FF
Chipset
Unisoc T606
Unisoc T606
Công nghệ NFC
Có
Không
Dung lượng RAM
8 GB
6 GB
Bộ nhớ trong
128 GB
256 GB
Pin
5000 mAh
5000mAh
Thẻ SIM
2 Nano-SIM
2 SIM (Nano-SIM)
Hệ điều hành
Android 14
Android T
Độ phân giải màn hình
720 x 1600 pixel
720 x 1612 (HD+)
Tính năng màn hình
120Hz, 264 ppi
Tần số quét 90Hz
Như vậy, so với thế hệ tiền nhiệm thì nubia V70 Design sở hữu màn hình lớn hơn, camera độ phân giải cao hơn. Cùng với đó là dung lượng RAM cũng như bộ nhớ tối ưu hơn tối ưu trải nghiệm sử dụng.
Điện thoại nubia V70 Design – Hiệu suất liền mạch
Điện thoại nubia V70 Design là một chiếc smartphone nổi bật với đa dạng đặc điểm ấn tượng. Mẫu điện thoại nubia này hứa hẹn mang đến trải nghiệm mượt mà và nhanh nhạy trong mọi tác vụ.
Cấu hình mượt mà, hiệu năng tốt
Điện thoại nubia V70 Design cung cấp hiệu năng ổn định nhờ con chip Unisoc T606. Bộ vi xử lý tiên tiến này giúp thiết bị hoạt động ổn định với khả năng xử lý tốt các tác vụ đa nhiệm, hay chơi game có đồ họa trung bình.
Với RAM 8GB, người dùng có thể thoải mái mở nhiều ứng dụng cùng lúc mà không lo tình trạng giật lag. Bộ nhớ trong dung lượng 128GB cũng mang lại không gian lưu trữ rộng rãi cho các tệp tin, ứng dụng và hình ảnh. 
Camera AI 50MP, chụp ảnh sống động
Điện thoại nubia V70 Design được trang bị cảm biến chính 50MP có hỗ trợ AI, giúp xử lý hình ảnh thông minh và cải thiện chất lượng ảnh chụp trong nhiều điều kiện ánh sáng khác nhau. Các thuật toán AI tự động điều chỉnh màu sắc, ánh sáng và độ nét để mang lại những bức ảnh sắc nét, chi tiết và sống động. 
Bên cạnh đó, máy cũng hỗ trợ chế độ xóa phông chuyên nghiệp để làm nổi bật chủ thể một cách tinh tế. Camera trước có độ phân giải 16MP còn cho phép tạo nên những bức ảnh selfie tự nhiên, thích hợp với nhu cầu chụp ảnh hàng ngày hoặc gọi video.
Pin 5000mAh, sạc nhanh 22.5W
Điện thoại nubia V70 Design có viên pin dung lượng 5000mAh, cho người dùng có thể thoải mái sử dụng suốt cả ngày. Dù chơi game, xem phim hay làm việc liên tục, viên pin này vẫn đủ sức đáp ứng nhu cầu sử dụng dài lâu. 
Hơn thế nữa, công nghệ sạc nhanh 22.5W nhằm rút ngắn thời gian nạp đầy năng lượng cho thiết bị. Nhờ vậy, chiếc điện thoại này giúp người dùng tăng cường sự tiện lợi và nâng cao trải nghiệm.
Màn hình 6.7 inch, hiển thị chất lượng
Điện thoại nubia V70 Design được thiết kế với màn hình 6.7 inch với độ phân giải HD+. Qua đó, màu sắc trên màn hình hiển thị chân thực, độ tương phản cao, giúp người dùng tận hưởng hình ảnh rực rỡ khi xem phim hoặc chơi game. 
Đặc biệt, tính năng Live Island 2.0 còn hỗ trợ màn hình tương tác linh hoạt, giúp hiển thị một cách trực quan và đẹp mắt. Ngoài ra, phiên bản còn cung cấp tần số quét 120Hz, mang lại khả năng hiển thị siêu mượt khi cuộn trang web, hoặc xem video có tốc độ khung hình cao. 
Thiết kế độc đáo, màu thanh lịch
Điện thoại nubia V70 Design có kiểu dáng thanh lịch, hiện đại với các góc bo nhẹ, tạo cảm giác cầm nắm thoải mái. Ngoài ra, màu sắc của điện thoại cũng được thiết kế một cách tinh tế, phù hợp với nhiều đối tượng người dùng. 
Không những vậy, mặt lưng sử dụng kính sky-mirror, mang lại hiệu ứng phản chiếu độc đáo, giúp điện thoại trông sang trọng. Mặt kính cao cấp giúp phiên bản vừa có ngoại hình thời trang, vừa đảm bảo độ bền cao trong quá trình sử dụng.
Điện thoại nubia V70 Design ra mắt khi nào?
Điện thoại nubia V70 Design đã chính thức ra mắt vào ngày 22 tháng 11 năm 2024 tại một số thị trường quốc tế. Tuy nhiên một thời gian sau đó, điện thoại mới có mặt ở thị trường Việt. Theo đó, ZTE đã hợp tác với nhà phân phối Digiworld để giới thiệu chính thức V70 Design.
Phiên bản này là mẫu điện thoại thông minh mới của thương hiệu nubia. Sự kiện ra mắt này đánh dấu sự trở lại của hãng trên thị trường di động, mang đến cho người dùng những lựa chọn mới với thiết kế trẻ trung và mức giá phải chăng.  
Điện thoại nubia V70 Design giá bao nhiêu tiền?
Điện thoại nubia V70 Design có giá khởi điểm trong khoảng 5.300 PHP (tương đương 2.28 triệu đồng). Với giá thành phải chăng, phiên bản này được định vị dành cho những người dùng phổ thông, học sinh với nhu cầu sử dụng cơ bản. 
Giá bán của thiết bị này có thể dao động tùy theo thị trường và cấu hình bộ nhớ mà người dùng lựa chọn. Với ngôn ngữ thiết kế đột phá, điện thoại cũng hướng đến nhóm khách hàng trẻ. Qua các đặc điểm ưu trội, phiên bản smartphone này hứa hẹn sẽ đem lại trải nghiệm khác biệt trong phân khúc tầm giá.
Mua điện thoại nubia V70 Design giá tốt tại CellphoneS
Điện thoại nubia V70 Design là sản phẩm đáng cân nhắc với thiết kế tinh tế, hiệu năng mạnh mẽ và công nghệ tiên tiến. Tại CellphoneS, khách hàng có thể sở hữu điện thoại với mức giá ưu đãi cùng nhiều khuyến mãi hấp dẫn. Hệ thống cam kết sản phẩm chính hãng, bảo hành đầy đủ, giúp khách hàng yên tâm về chất lượng. Ngoài ra, cửa hàng còn dành tặng thêm một số voucher khác khi mua hàng.","{""Màn hình"": [{""name"": ""Kích thước màn hình"", ""value"": ""6.7 inches""}, {""name"": ""Công nghệ màn hình"", ""value"": ""IPS LCD""}, {""name"": ""Độ phân giải màn hình"", ""value"": ""720 x 1600 pixel""}, {""name"": ""Tính năng màn hình"", ""value"": ""120Hz, 264 ppi""}], ""Camera sau"": [{""name"": ""Camera sau"", ""value"": ""50 MP, ƒ/1.8\n2.0 MP""}, {""name"": ""Quay video"", ""value"": ""1080p@30fps""}, {""name"": ""Tính năng camera"", ""value"": ""Flash LED\nHDR\nToàn cảnh (Panorama)""}], ""Camera trước"": [{""name"": ""Camera trước"", ""value"": ""16.0 MP""}, {""name"": ""Quay video trước"", ""value"": ""Quay phim HD""}], ""Vi xử lý & đồ họa"": [{""name"": ""Chipset"", ""value"": ""Unisoc T606""}, {""name"": ""GPU"", ""value"": ""Mali-G57 MP1""}], ""Giao tiếp & kết nối"": [{""name"": ""Công nghệ NFC"", ""value"": ""Có""}, {""name"": ""Thẻ SIM"", ""value"": ""2 Nano-SIM""}, {""name"": ""Hỗ trợ mạng"", ""value"": ""4G""}, {""name"": ""GPS"", ""value"": ""GPS\nGALILEO\nGLONASS""}], ""RAM & lưu trữ"": [{""name"": ""Dung lượng RAM"", ""value"": ""8 GB""}, {""name"": ""Bộ nhớ trong"", ""value"": ""128 GB""}, {""name"": ""Khe cắm thẻ nhớ"", ""value"": ""MicroSD""}], ""Pin & công nghệ sạc"": [{""name"": ""Pin"", ""value"": ""5000 mAh""}, {""name"": ""Công nghệ sạc"", ""value"": ""Sạc nhanh 22.5 W""}, {""name"": ""Cổng sạc"", ""value"": ""USB Type-C""}], ""Tính năng khác"": [{""name"": ""Hệ điều hành"", ""value"": ""Android 14""}], ""Kích thước & Trọng lượng"": [{""name"": ""Kích thước"", ""value"": ""165.8 x 77.1 x 8.2 mm""}, {""name"": ""Trọng lượng"", ""value"": ""206 g""}], ""Thiết kế & Trọng lượng"": [{""name"": ""Chất liệu mặt lưng"", ""value"": ""Kính""}, {""name"": ""Chất liệu khung viền"", ""value"": ""Nhựa""}], ""Thông số khác"": [{""name"": ""Chỉ số kháng nước, bụi"", ""value"": ""IP54""}], ""Tiện ích khác"": [{""name"": ""Cảm biến vân tay"", ""value"": ""Cảm biến vân tay cạnh bên""}, {""name"": ""Các loại cảm biến"", ""value"": ""Cảm biến gia tốc, Cảm biến tiệm cận, Cảm biến ánh sáng""}], ""Cổng kết nối"": [{""name"": ""Wi-Fi"", ""value"": ""802.11 b/g/n/ac""}, {""name"": ""Bluetooth"", ""value"": ""v5.2""}], ""Thông tin chung"": [{""name"": ""Thời điểm ra mắt"", ""value"": ""11/2024""}]}","[""https://cdn2.cellphones.com.vn/x/media/catalog/product/s/l/slider-nubia-v70-design.jpg"", ""https://cdn2.cellphones.com.vn/x/media/catalog/product/s/l/slider-nubia-v70-design-1.jpg"", ""https://cdn2.cellphones.com.vn/x/media/catalog/product/s/l/slider-nubia-v70-design-2.jpg""]","{""product_color_1"": {""color"": ""Xám"", ""image_url"": ""https://cellphones.com.vn/dien-thoai-nubia-v70-design-8gb-128gb.html?product_id=102421"", ""price"": ""2.790.000₫""}, ""product_color_2"": {""color"": ""Xanh lá"", ""image_url"": ""https://cellphones.com.vn/dien-thoai-nubia-v70-design-8gb-128gb.html?product_id=102422"", ""price"": ""2.790.000₫""}, ""product_color_3"": {""color"": ""Cam"", ""image_url"": ""https://cellphones.com.vn/dien-thoai-nubia-v70-design-8gb-128gb.html?product_id=102420"", ""price"": ""2.790.000₫""}}"
Nubia Air 5G 8GB 256GB,dien-thoai-nubia-air-5g,5.990.000đ,5.490.000đ,"Đặc điểm nổi bật của Nubia Air 5G 8GB 256GB
Điện thoại Nubia Air 5G sở hữu thiết kế mỏng nhẹ, với độ dày chỉ 5.9mm và trọng lượng 172g, tạo nên ấn tượng mạnh mẽ với người dùng từ lần đầu tiếp xúc. Mẫu điện thoại Nubia này còn sở hữu viên pin 5000mAh hỗ trợ sạc nhanh 33W, cung cấp đủ năng lượng cho ngày. Công nghệ AI thông minh giúp tối ưu hiệu suất và tăng sự tiện lợi cho người dùng.
Nội dung chính
1. Điện thoại Nubia Air 5G - Mỏng nhẹ cùng công nghệ AI hiện đại
1.1. Trải nghiệm liền mạch nhờ sức mạnh AI
1.2. Cấu hình tối ưu, trải nghiệm liền mạch
1.3. Camera sắc nét cho mọi khoảnh khắc
1.4. Thời lượng pin khỏe, sạc tốc độ cao
1.5. Màn hình AMOLED sống động
1.6. Thiết kế siêu mỏng và bền bỉ
2. Điện thoại Nubia Air ra mắt khi nào?
3. Điện thoại Nubia Air giá bán bao nhiêu tiền?
4. Mua điện thoại Nubia Air 5G chất lượng tại CellphoneS
Điện thoại Nubia Air 5G - Mỏng nhẹ cùng công nghệ AI hiện đại
Nubia Air 5G mang đến làn gió mới với thiết kế siêu mỏng ấn tượng kết hợp công nghệ AI thông minh. Sản phẩm thể hiện định hướng của Nubia về một thiết bị gọn nhẹ, hiện đại nhưng vẫn mạnh mẽ và hữu ích cho cuộc sống hàng ngày.
Trải nghiệm liền mạch nhờ sức mạnh AI
Điện thoại Nubia Air 5G được tích hợp nhiều tính năng AI giúp tối ưu hóa trải nghiệm người dùng. AI Real-time Translate và AI Conversation Translate hỗ trợ dịch thuật trực tiếp khi gọi điện hoặc trò chuyện trực tiếp.
Sản phẩm tích hợp hệ thống AI thông minh
Công nghệ AI Noise Cancellation 3.0 cùng AI Echo Cancellation giúp lọc tiếng ồn và cải thiện chất lượng thoại. Bên cạnh đó, AI Magic Photos, Magic Eraser và Magic Editor hỗ trợ chỉnh sửa ảnh thông minh, giúp bức hình trở nên tự nhiên chỉ trong vài thao tác.
Cấu hình tối ưu, trải nghiệm liền mạch
Điện thoại Nubia Air 5G sử dụng chip 8 nhân hỗ trợ kết nối 5G, đảm bảo khả năng xử lý ổn định và tiết kiệm năng lượng. Công nghệ AI Performance Engine giúp quản lý tài nguyên thông minh, tăng tốc xử lý các tác vụ thường xuyên sử dụng.
Xử lý mượt mà với chip 8 nhân hiện đại
Thiết bị sở hữu RAM 8GB hỗ trợ công nghệ mở rộng RAM, cho phép tăng dung lượng bộ nhớ tạm lên đến 20GB, mang lại khả năng xử lý đa nhiệm linh hoạt hơn. Hiệu năng này giúp thiết bị vận hành trơn tru, đáp ứng tốt nhu cầu sử dụng hàng ngày lẫn giải trí.
Camera sắc nét cho mọi khoảnh khắc
Điện thoại Nubia Air 5G trang bị cụm 3 camera sau 50MP, hỗ trợ ghi hình sắc nét trong nhiều điều kiện ánh sáng. Với AI Sport Snapshot, việc chụp ảnh vật thể chuyển động sẽ trở nên rõ ràng. Tính năng Video Anti-shake giúp giữ khung hình ổn định hơn khi quay video.
Camera mang đến khung hình sắc sảo
Camera trước 20MP hỗ trợ chụp selfie và gọi video với độ chi tiết cao, tự nhiên và hài hòa. Người dùng còn có thể tận dụng các thuật toán AI Magic Photos để tự động tối ưu màu sắc và ánh sáng cho bức ảnh.
Thời lượng pin khỏe, sạc tốc độ cao
Với pin dung lượng 5000mAh, điện thoại Nubia Air 5G đáp ứng tốt cho nhu cầu làm việc và giải trí liên tục. Công nghệ sạc nhanh 33W qua cổng USB-C giúp nạp năng lượng nhanh chóng, rút ngắn đáng kể thời gian chờ.
Sạc nhanh 33W, duy trì trải nghiệm không gián đoạn
Hệ thống AI Power Saving tự động theo dõi thói quen sử dụng và phân bổ năng lượng hợp lý, giúp tối ưu thời gian sử dụng pin. Người dùng có thể yên tâm di chuyển, học tập hoặc làm việc mà không lo gián đoạn.
Màn hình AMOLED sống động
Điện thoại Nubia Air 5G sở hữu màn hình AMOLED 6.78 inch với độ phân giải 1.5K, mang đến hình ảnh sắc nét và màu sắc sống động. Nhờ độ sáng cao 4500 nits, trải nghiệm hiển thị ngoài trời trở nên rõ ràng hơn.
Màn hình AMOLED 6.78 inch hiển thị chi tiết rõ ràng
Tần số quét 120Hz giúp thao tác cuộn, vuốt mượt mà và phản hồi nhanh hơn trong các tác vụ giải trí. Hình ảnh có chiều sâu, độ tương phản cao, phù hợp cho việc xem phim, chỉnh ảnh hay chơi game.
Thiết kế siêu mỏng và bền bỉ
Với độ dày chỉ 5.9mm và trọng lượng khoảng 172g, điện thoại Nubia Air 5G mang đến cảm giác cầm nắm nhẹ nhàng, thanh thoát. Khung nhôm cứng cáp kết hợp mặt kính Gorilla Glass 7i giúp tăng độ bền trong quá trình sử dụng.
Thiết kế mỏng cho trải nghiệm cầm nắm thoải mái
Sản phẩm đạt chuẩn IP68, IP69 và IP69K, giúp hạn chế tác động từ bụi và nước. Khả năng kháng bụi và nước có thể sẽ không đảm bảo được như tình trạng ban đầu và không áp dụng cho mọi tình huống sử dụng.
Điện thoại Nubia Air ra mắt khi nào?
Điện thoại Nubia Air 5G ra mắt tại thị trường Việt Nam vào ngày 01/10/2025, sau khi giới thiệu toàn cầu tại sự kiện IFA 2025 vào ngày 05/09/2025 tại Berlin, Đức. Sản phẩm gây chú ý nhờ thiết kế mỏng nhẹ kết hợp cùng các tính năng thông minh, mang lại trải nghiệm sử dụng thuận tiện và linh hoạt.
Nubia Air thu hút sự quan tâm khi có mặt tại Việt Nam
Điện thoại Nubia Air giá bán bao nhiêu tiền?
Nubia Air 5G hiện có giá bán khoảng 5.490.000 VNĐ, thuộc phân khúc tầm trung trên thị trường. Sản phẩm này sẽ phù hợp với người dùng cần thiết bị mỏng nhẹ, hiệu năng ổn định và pin đáp ứng tốt nhu cầu sử dụng trong một ngày.
Tên sản phẩm
Giá bán
Giá thu cũ lên đời
Nubia Air 5G 8GB 256GB
5.490.000đ
4.990.000đ
Nubia Air 5G được bán chính hãng tại CellphoneS
Mua điện thoại Nubia Air 5G chất lượng tại CellphoneS
Khách hàng có thể đặt mua điện thoại Nubia Air 5G tại hệ thống cửa hàng hoặc trên website CellphoneS để trải nghiệm dịch vụ tiện lợi. Sản phẩm khi mua kèm theo các phụ kiện tiêu chuẩn từ nhà sản xuất, cùng chính sách bảo hành chính hãng. Thiết bị được cung cấp cùng các ưu đãi bổ sung như SIM/eSIM VNSKY. Đây là một lựa chọn đáng cân nhắc để sở hữu Nubia Air chính hãng với dịch vụ chu đáo.","{""Màn hình"": [{""name"": ""Kích thước màn hình"", ""value"": ""6.78 inches""}, {""name"": ""Công nghệ màn hình"", ""value"": ""AMOLED""}, {""name"": ""Tính năng màn hình"", ""value"": ""Độ phân giải: 2720 x 1224 pixel\nTần số: 120Hz\nĐộ sáng tối đa: 450 nits""}, {""name"": ""Tần số quét"", ""value"": ""120Hz""}], ""Camera sau"": [{""name"": ""Camera sau"", ""value"": ""50MP + 2M""}, {""name"": ""Tính năng camera"", ""value"": ""Hỗ trợ AI, chụp đêm, xóa chủ thể dư thừa, quay video chất lượng cao""}], ""Camera trước"": [{""name"": ""Camera trước"", ""value"": ""20MP""}], ""Vi xử lý & đồ họa"": [{""name"": ""Chipset"", ""value"": ""Unisoc T8300""}], ""RAM & lưu trữ"": [{""name"": ""Dung lượng RAM"", ""value"": ""8 GB""}, {""name"": ""Bộ nhớ trong"", ""value"": ""256 GB""}], ""Pin & công nghệ sạc"": [{""name"": ""Pin"", ""value"": ""5000mAh""}, {""name"": ""Công nghệ sạc"", ""value"": ""Sạc nhanh 33W""}], ""Giao tiếp & kết nối"": [{""name"": ""Thẻ SIM"", ""value"": ""2 Nano-SIM""}, {""name"": ""Hỗ trợ mạng"", ""value"": ""5G""}], ""Tính năng khác"": [{""name"": ""Hệ điều hành"", ""value"": ""Android 15""}], ""Thông số khác"": [{""name"": ""Chỉ số kháng nước, bụi"", ""value"": ""IP68, IP69""}], ""Tiện ích khác"": [{""name"": ""Cảm biến vân tay"", ""value"": ""Cảm biến vân tay cạnh bên""}, {""name"": ""Các loại cảm biến"", ""value"": ""Cảm biến gia tốc, Cảm biến ánh sáng, Con quay hồi chuyển""}, {""name"": ""Tính năng đặc biệt"", ""value"": ""Hỗ trợ 5G, Bảo mật vân tay, Nhận diện khuôn mặt, Kháng nước, kháng bụi, Điện thoại AI""}], ""Cổng kết nối"": [{""name"": ""Bluetooth"", ""value"": ""BT5.4""}]}","[""https://cdn2.cellphones.com.vn/x/media/catalog/product/s/l/slider-nubia-air-5g-2_1.jpg"", ""https://cdn2.cellphones.com.vn/x/media/catalog/product/s/l/slider-nubia-air-5g-8gb-256gb.jpg"", ""https://cdn2.cellphones.com.vn/x/media/catalog/product/s/l/slider-nubia-air-5g-1.jpg""]","{""product_color_1"": {""color"": ""Vàng"", ""image_url"": ""https://cellphones.com.vn/dien-thoai-nubia-air-5g.html?product_id=116375"", ""price"": ""5.490.000₫""}, ""product_color_2"": {""color"": ""Đen"", ""image_url"": ""https://cellphones.com.vn/dien-thoai-nubia-air-5g.html?product_id=116374"", ""price"": ""5.490.000₫""}}"
Nubia V80 Design 4GB 128GB,dien-thoai-nubia-v80-design-4gb-128gb,3.990.000đ,3.490.000đ,,"{""Màn hình"": [{""name"": ""Kích thước màn hình"", ""value"": ""6.75 inches""}, {""name"": ""Công nghệ màn hình"", ""value"": ""IPS LCD""}, {""name"": ""Tính năng màn hình"", ""value"": ""Tần số quét 120Hz""}, {""name"": ""Tần số quét"", ""value"": ""120Hz""}, {""name"": ""Kiểu màn hình"", ""value"": ""Đục lỗ (Nốt ruồi)""}], ""Camera sau"": [{""name"": ""Camera sau"", ""value"": ""50 MP + 2 MP + 0.08 MP""}, {""name"": ""Quay video"", ""value"": ""1080p@30fps""}], ""Camera trước"": [{""name"": ""Camera trước"", ""value"": ""16 MP""}], ""Vi xử lý & đồ họa"": [{""name"": ""Chipset"", ""value"": ""Unisoc T7280""}, {""name"": ""GPU"", ""value"": ""Mali-G57 MP1""}], ""Giao tiếp & kết nối"": [{""name"": ""Công nghệ NFC"", ""value"": ""Có""}, {""name"": ""Thẻ SIM"", ""value"": ""2 Nano-SIM""}, {""name"": ""Hỗ trợ mạng"", ""value"": ""4G""}, {""name"": ""GPS"", ""value"": ""GPS, GLONASS, GALILEO, BDS""}], ""RAM & lưu trữ"": [{""name"": ""Dung lượng RAM"", ""value"": ""4 GB""}, {""name"": ""Bộ nhớ trong"", ""value"": ""128 GB""}], ""Pin & công nghệ sạc"": [{""name"": ""Pin"", ""value"": ""5000 mAh""}, {""name"": ""Công nghệ sạc"", ""value"": ""Sạc nhanh 22.5W""}], ""Tính năng khác"": [{""name"": ""Hệ điều hành"", ""value"": ""Android 16""}], ""Bộ xử lý & Đồ họa"": [{""name"": ""Loại CPU"", ""value"": ""Octa-core (2x2.2 GHz Cortex-A75 & 6x2.0 GHz Cortex-A55)""}], ""Kích thước & Trọng lượng"": [{""name"": ""Kích thước"", ""value"": ""166 x 79 x 7.7 mm""}, {""name"": ""Trọng lượng"", ""value"": ""191 g""}], ""Thông số khác"": [{""name"": ""Chỉ số kháng nước, bụi"", ""value"": ""IP64""}], ""Tiện ích khác"": [{""name"": ""Cảm biến vân tay"", ""value"": ""Cảm biến vân tay cạnh bên""}], ""Cổng kết nối"": [{""name"": ""Wi-Fi"", ""value"": ""Wi-Fi 802.11 a/b/g/n/ac/6, dual-band""}, {""name"": ""Bluetooth"", ""value"": ""5.2, A2DP, LE""}]}","[""https://cdn2.cellphones.com.vn/x/media/catalog/product/d/i/dien-thoai-nubia-v80-design_6.jpg"", ""https://cdn2.cellphones.com.vn/x/media/catalog/product/d/i/dien-thoai-nubia-v80-design-14_4.jpg"", ""https://cdn2.cellphones.com.vn/x/media/catalog/product/n/u/nubia-v80-design_1_4.png""]","{""product_color_1"": {""color"": ""Vàng"", ""image_url"": ""https://cellphones.com.vn/dien-thoai-nubia-v80-design-4gb-128gb.html?product_id=129248"", ""price"": ""3.490.000₫""}, ""product_color_2"": {""color"": ""Đen"", ""image_url"": ""https://cellphones.com.vn/dien-thoai-nubia-v80-design-4gb-128gb.html?product_id=129247"", ""price"": ""3.490.000₫""}, ""product_color_3"": {""color"": ""Cam"", ""image_url"": ""https://cellphones.com.vn/dien-thoai-nubia-v80-design-4gb-128gb.html?product_id=129246"", ""price"": ""3.490.000₫""}, ""product_color_4"": {""color"": ""Xanh"", ""image_url"": ""https://cellphones.com.vn/dien-thoai-nubia-v80-design-4gb-128gb.html?product_id=129249"", ""price"": ""3.490.000₫""}}"
Nubia V70 Max 6GB 128GB,dien-thoai-nubia-v70-max-6gb-128gb,N/A,N/A,"Đặc điểm nổi bật của Nubia V70 Max 6GB 128GB
Điện thoại nubia V70 Max sở hữu màn hình cỡ lớn 6.9 inch 120 Hz, giúp trải nghiệm hình ảnh trở nên mượt mà và sống động. Máy được trang bị viên pin 6000mAh, mang lại thời lượng sử dụng bền bỉ suốt cả ngày. Cụm 3 camera AI 50MP hỗ trợ tính năng Magic giúp người dùng dễ dàng chụp nhanh, chỉnh sửa ảnh linh hoạt hơn.
Nội dung chính
1. So sánh điện thoại nubia V70 Max với nubia V70 Design
2. Điện thoại nubia V70 Max – Hiệu năng ổn định, dung lượng pin lớn
2.1. Hệ điều hành MyOS hiện đại, có hỗ trợ AI
2.2. Camera AI 50MP sắc nét
2.3. Thời lượng sử dụng kéo dài cả ngày
3. Điện thoại nubia V70 Max khi nào ra mắt?
4. Điện thoại nubia V70 Max giá bao nhiêu?
5. Mua ngay điện thoại nubia V70 Max chính hãng tại CellphoneS
So sánh điện thoại nubia V70 Max với nubia V70 Design
nubia V70 Max với nubia V70 Design cùng nằm trong series nubia V70, vậy 2 dòng điện thoại này có gì giống và khác:
Thông số
Nubia V70 Max 6GB 128GB
Nubia V70 Design 8GB 128GB
Kích thước màn hình
6.9 inches
6.7 inches
Công nghệ màn hình
IPS LCD
IPS LCD
Camera sau
50 MP, ƒ/1.8
2.0 MP
50 MP, ƒ/1.8
2.0 MP
Camera trước
8.0 MP
16.0 MP
Chipset
Unisoc T606
Unisoc T606
Công nghệ NFC
Có
Có
Dung lượng RAM
6 GB
8 GB
Bộ nhớ trong
128 GB
128 GB
Pin
6000 mAh
5000 mAh
Thẻ SIM
2 Nano-SIM
2 Nano-SIM
Hệ điều hành
Android 15
Android 14
Độ phân giải màn hình
720 x 1640 pixels
720 x 1600 pixel
Tính năng màn hình
120Hz, 254 ppi
120Hz, 264 ppi
  Như vậy, nubia V70 Max có màn hình lớn hơn, pin mạnh mẽ hơn. Nhưng camera nubia V70 Design có độ phân giải cao hơn. Do đó tùy vào nhu cầu sử dụng mà người dùng có thể lựa chọn sản phẩm điện thoại thông minh phù hợp.
Điện thoại nubia V70 Max – Hiệu năng ổn định, dung lượng pin lớn
Với nhiều ưu điểm nổi bật về phần cứng và phần mềm, nubia V70 Max mang đến sự cân bằng giữa hiệu năng, hiển thị và giá thành. Dưới đây là những điểm nổi trội giúp dòng điện thoại nubia này trở thành lựa chọn đáng cân nhắc trong phân khúc phổ thông.
Hệ điều hành MyOS hiện đại, có hỗ trợ AI
Điện thoại nubia V70 Max được cài sẵn hệ điều hành MyOS, tối ưu hóa hiệu suất và mang đến giao diện thân thiện, dễ sử dụng. Hệ điều hành này không chỉ giúp máy vận hành mượt mà, mà còn hỗ trợ các tính năng AI thông minh phục vụ chụp ảnh, nhận diện khuôn mặt và thao tác nhanh.
Khả năng tùy biến sâu của MyOS còn giúp tối ưu hóa trải nghiệm hàng ngày, từ thao tác cảm ứng cho tới khả năng hiển thị thông báo, nhắc nhở trực quan. Điều này cho thấy nubia đã đầu tư kỹ lưỡng vào phần mềm của máy để nâng cao trải nghiệm tổng thể.
Dung lượng RAM 6GB đi kèm bộ nhớ trong 128GB của nubia V70 Max đảm bảo khả năng đa nhiệm ổn định, đủ sức chạy nhiều ứng dụng cùng lúc mà không bị giật lag. Ngoài ra, thiết bị cam kết duy trì hiệu năng ổn định lên tới tháng – một điểm cộng lớn cho người dùng phổ thông muốn gắn bó lâu dài với thiết bị.
Camera AI 50MP sắc nét
Khác biệt dễ thấy ở điện thoại nubia V70 Max chính là hệ thống 3 camera sau 50MP, tích hợp các tính năng AI, giúp nâng tầm trải nghiệm chụp ảnh. Không chỉ dừng lại ở chất lượng phần cứng, thiết bị còn được trang bị công nghệ AI Magic với nhiều chế độ hỗ trợ người dùng tối đa.
Nổi bật phải kể đến trong số này là tính năng AI Magic Photos tự động tinh chỉnh ánh sáng và màu sắc theo thời gian thực, giúp ảnh chụp có chiều sâu và sắc nét hơn. Cùng với đó là AI Lightning-Fast Snapshot cho phép bắt trọn khoảnh khắc nhanh mà không bị mờ, rất phù hợp khi chụp ảnh các hoạt động chuyển động nhanh.
Ngoài ra, camera trên máy còn hỗ trợ AI Magic Eraser giúp xoá các vật thể không mong muốn khỏi bức ảnh chỉ với một chạm. Đồng thời, máy còn sở hữu AI Magic Editor, hỗ trợ người dùng chỉnh sửa hậu kỳ một cách linh hoạt, ngay trên điện thoại. 
Thời lượng sử dụng kéo dài cả ngày
Không chỉ gây ấn tượng với camera, điện thoại nubia V70 Max còn sở hữu viên pin dung lượng lớn 6000mAh, đủ sức đáp ứng nhu cầu sử dụng liên tục suốt cả ngày. Dù là lướt web, xem phim hay chơi game, người dùng cũng không cần lo lắng về tình trạng hết pin giữa chừng.
Đặc biệt, hệ thống tiết kiệm điện năng thông minh trên máy được tích hợp sâu trong phần mềm, giúp kéo dài thời gian sử dụng mà không làm ảnh hưởng đến hiệu năng. Kèm theo đó là công nghệ sạc nhanh 22.5W hỗ trợ nạp năng lượng nhanh chóng khi cần thiết, rất tiện lợi trong những tình huống khẩn cấp.
Điện thoại nubia V70 Max khi nào ra mắt?
Vào tháng 3 năm 2025, điện thoại nubia V70 Max chính thức được giới thiệu tại thị trường Việt Nam, mở ra lựa chọn mới trong phân khúc phổ thông. Đây là mẫu điện thoại tập trung vào trải nghiệm thực tế, kết hợp giữa thiết kế hiện đại, tính năng hữu ích và mức giá dễ tiếp cận.
Thời điểm ra mắt này của máy được xem là khá hợp lý, khi nhu cầu mua sắm thiết bị mới tăng cao sau Tết và người dùng mong muốn tìm kiếm các sản phẩm bền bỉ, nhiều tiện ích. Việc trình làng đúng lúc giúp nubia V70 Max nhanh chóng thu hút được sự quan tâm của giới công nghệ lẫn người tiêu dùng phổ thông.
Điện thoại nubia V70 Max giá bao nhiêu?
Hiện tại, điện thoại nubia V70 Max đang được phân phối với mức giá khoảng 2.590.000 đồng – một con số rất cạnh tranh trong phân khúc điện thoại phổ thông. Với mức giá này, người dùng sẽ sở hữu một thiết bị có cấu hình ổn, màn hình lớn, pin khỏe và nhiều tính năng thông minh.
Ngoài ra, phiên bản RAM 4GB + bộ nhớ trong 128GB cũng có mức giá thấp hơn, chỉ 2.390.000 đồng, phù hợp cho những ai có nhu cầu sử dụng cơ bản. Việc đa dạng tùy chọn cấu hình này của nubia V70 Max giúp người tiêu dùng dễ dàng lựa chọn sản phẩm phù hợp với nhu cầu và ngân sách cá nhân.
Mua ngay điện thoại nubia V70 Max chính hãng tại CellphoneS
Người dùng có thể dễ dàng sở hữu điện thoại nubia V70 Max tại hệ thống cửa hàng CellphoneS. Tại đây, sản phẩm được đảm bảo chính hãng 100%, đi kèm chính sách bảo hành rõ ràng, giá cạnh tranh. Ngoài ra, CellphoneS còn mang đến dịch vụ chăm sóc khách hàng chuyên nghiệp, hỗ trợ kỹ thuật tận tâm. Với hệ thống phân phối toàn quốc và kênh mua sắm online tiện lợi, mua sắm tại CellphoneS sẽ trở nên nhanh chóng, hiệu quả.","{""Màn hình"": [{""name"": ""Kích thước màn hình"", ""value"": ""6.9 inches""}, {""name"": ""Công nghệ màn hình"", ""value"": ""IPS LCD""}, {""name"": ""Độ phân giải màn hình"", ""value"": ""720 x 1640 pixels""}, {""name"": ""Tính năng màn hình"", ""value"": ""120Hz, 254 ppi""}], ""Camera sau"": [{""name"": ""Camera sau"", ""value"": ""50 MP, ƒ/1.8\n2.0 MP""}, {""name"": ""Quay video"", ""value"": ""1080p@30fps""}, {""name"": ""Tính năng camera"", ""value"": ""Flash LED\nHDR\nToàn cảnh (Panorama)""}], ""Camera trước"": [{""name"": ""Camera trước"", ""value"": ""8.0 MP""}], ""Vi xử lý & đồ họa"": [{""name"": ""Chipset"", ""value"": ""Unisoc T606""}, {""name"": ""GPU"", ""value"": ""Mali-G57 MP1""}], ""Giao tiếp & kết nối"": [{""name"": ""Công nghệ NFC"", ""value"": ""Có""}, {""name"": ""Thẻ SIM"", ""value"": ""2 Nano-SIM""}, {""name"": ""Hỗ trợ mạng"", ""value"": ""4G""}, {""name"": ""GPS"", ""value"": ""GPS\nGALILEO\nGLONASS""}], ""RAM & lưu trữ"": [{""name"": ""Dung lượng RAM"", ""value"": ""6 GB""}, {""name"": ""Bộ nhớ trong"", ""value"": ""128 GB""}, {""name"": ""Khe cắm thẻ nhớ"", ""value"": ""MicroSD""}], ""Pin & công nghệ sạc"": [{""name"": ""Pin"", ""value"": ""6000 mAh""}, {""name"": ""Công nghệ sạc"", ""value"": ""Sạc nhanh 22.5 W""}, {""name"": ""Cổng sạc"", ""value"": ""USB Type-C""}], ""Tính năng khác"": [{""name"": ""Hệ điều hành"", ""value"": ""Android 15""}], ""Kích thước & Trọng lượng"": [{""name"": ""Kích thước"", ""value"": ""171.8 x 78.4 x 8.3 mm""}, {""name"": ""Trọng lượng"", ""value"": ""218 g""}], ""Thiết kế & Trọng lượng"": [{""name"": ""Chất liệu khung viền"", ""value"": ""Nhựa""}], ""Thông số khác"": [{""name"": ""Chỉ số kháng nước, bụi"", ""value"": ""IP54""}], ""Tiện ích khác"": [{""name"": ""Cảm biến vân tay"", ""value"": ""Cảm biến vân tay cạnh bên""}, {""name"": ""Các loại cảm biến"", ""value"": ""Cảm biến gia tốc, Cảm biến tiệm cận, Cảm biến ánh sáng""}], ""Cổng kết nối"": [{""name"": ""Wi-Fi"", ""value"": ""802.11 b/g/n/ac""}, {""name"": ""Bluetooth"", ""value"": ""v5.2""}], ""Thông tin chung"": [{""name"": ""Thời điểm ra mắt"", ""value"": ""02/2025""}]}","[""https://cdn2.cellphones.com.vn/x/media/catalog/product/s/l/slider-nubia-v70-max-6gb-128gb.jpg"", ""https://cdn2.cellphones.com.vn/x/media/catalog/product/s/l/slider-nubia-v70-max-6gb-128gb-1.jpg"", ""https://cdn2.cellphones.com.vn/x/media/catalog/product/s/l/slider-nubia-v70-max-6gb-128gb-2.jpg""]","{""product_color_1"": {""color"": ""Xanh lá"", ""image_url"": ""https://cellphones.com.vn/dien-thoai-nubia-v70-max-6gb-128gb.html?product_id=102427"", ""price"": ""2.590.000₫""}, ""product_color_2"": {""color"": ""Hồng"", ""image_url"": ""https://cellphones.com.vn/dien-thoai-nubia-v70-max-6gb-128gb.html?product_id=102425"", ""price"": ""2.590.000₫""}, ""product_color_3"": {""color"": ""Xám"", ""image_url"": ""https://cellphones.com.vn/dien-thoai-nubia-v70-max-6gb-128gb.html?product_id=102426"", ""price"": ""2.590.000₫""}}"
Nubia V80 Max 8GB 128GB,dien-thoai-nubia-v80-max-8gb-128gb,3.990.000đ,3.890.000đ,,"{""Màn hình"": [{""name"": ""Kích thước màn hình"", ""value"": ""6.9 inches""}, {""name"": ""Công nghệ màn hình"", ""value"": ""IPS LCD""}, {""name"": ""Tính năng màn hình"", ""value"": ""Tần số quét 120Hz,""}, {""name"": ""Tần số quét"", ""value"": ""120Hz""}], ""Camera sau"": [{""name"": ""Camera sau"", ""value"": ""50 MP + 2 MP + 0.08 MP""}], ""Camera trước"": [{""name"": ""Camera trước"", ""value"": ""16 MP""}], ""Vi xử lý & đồ họa"": [{""name"": ""Chipset"", ""value"": ""Unisoc T7250""}], ""Giao tiếp & kết nối"": [{""name"": ""Công nghệ NFC"", ""value"": ""Có""}, {""name"": ""Thẻ SIM"", ""value"": ""2 Nano-SIM""}], ""RAM & lưu trữ"": [{""name"": ""Dung lượng RAM"", ""value"": ""8 GB""}, {""name"": ""Bộ nhớ trong"", ""value"": ""128 GB""}], ""Pin & công nghệ sạc"": [{""name"": ""Pin"", ""value"": ""6000 mAh""}, {""name"": ""Công nghệ sạc"", ""value"": ""Sạc nhanh 22.5W""}]}","[""https://cdn2.cellphones.com.vn/x/media/catalog/product/s/l/slider-nubia-v80-max-8gb-128gb.jpg"", ""https://cdn2.cellphones.com.vn/x/media/catalog/product/s/l/slider-nubia-v80-max-8gb-128gb-1.jpg"", ""https://cdn2.cellphones.com.vn/x/media/catalog/product/s/l/slider-nubia-v80-max-8gb-128gb-2.jpg""]","{""product_color_1"": {""color"": ""Bạc"", ""image_url"": ""https://cellphones.com.vn/dien-thoai-nubia-v80-max-8gb-128gb.html?product_id=122357"", ""price"": ""3.890.000₫""}, ""product_color_2"": {""color"": ""Đen"", ""image_url"": ""https://cellphones.com.vn/dien-thoai-nubia-v80-max-8gb-128gb.html?product_id=122358"", ""price"": ""3.890.000₫""}}"
Nubia V60 Design 6GB 256GB,dien-thoai-nubia-v60-design,3.290.000đ,2.690.000đ,"Đặc điểm nổi bật của Nubia V60 Design 6GB 256GB
Điện thoại Nubia V60 Design sở hữu cấu hình mạnh mẽ trong phân khúc phổ thông nhờ được trang bị con chip Unisoc T606, 6GB RAM cùng 256GB bộ nhớ trong. Hệ thống camera sở hữu cảm biến chính 50MP cùng thuật toán xử lý AI để luôn mang tới chất lượng hình chụp, video đẹp mắt, sống động. Màn hình 6.6 inch HD+ của Nubia V60 Design sở hữu thiết kế Hole độc đáo nhằm tối ưu không gian hiển thị và tính ứng dụng của điện thoại.
Nội dung chính
1. So sánh điện thoại Nubia V60 Design với Nubia V60, có gì khác biệt
2. Điện thoại Nubia V60 Design - Hiệu năng mạnh mẽ, giá rẻ bất ngờ
2.1. Hiệu năng tuyệt vời trong phân khúc giá rẻ
2.2. Camera sắc nét, tích hợp xử lý AI
2.3. Viên pin lớn, hỗ trợ sạc công suất 22.5W
2.4. Màn hình HD+ sắc nét, mượt mà với tần số quét 90Hz
2.5. Thiết kế cao cấp và độc đáo
3. Nubia V60 Design khi nào ra mắt?
4. Giá điện thoại Nubia V60 Design bao nhiêu?
5. Mua điện thoại Nubia V60 Design giá tốt tại CellphoneS
So sánh điện thoại Nubia V60 Design với Nubia V60, có gì khác biệt
Nubia V60 Design có điểm gì khác biệt so với phiên bản Nubia V60 được ra mắt trước đó, vậy chính xác hai mẫu điện thoại này có gì khác biệt thì hãy cùng tìm hiểu chi tiết sau đây:
Thông số
Nubia V60 Design
Nubia V60
Màn hình
6.6 inch HD+, Tần số quét 90Hz
6.72 inch FHD+
CPU
Unisoc T616, Octa-Core 2.0GHz
Unisoc T616, Octa-Core 2.0GHz
RAM
6GB 6GB
ROM
256GB 256GB
Camera trước
8MP FF
32MP FF
Camera sau
50MP main camera, F1.8, AF
2MP depth lens
AI-CAM
50MP main camera, F1.8, AF
2MP macro lens
2MP depth lens
Dung lượng pin
5000mAh (typical value)
Sạc nhanh 22.5W
5000mAh (typical value)
Sạc nhanh 22.5W
Điện thoại Nubia V60 Design - Hiệu năng mạnh mẽ, giá rẻ bất ngờ
Điện thoại Nubia V60 Design là mẫu smartphone giá rẻ sở hữu thiết kế cao cấp, tinh tế cùng cấu hình mạnh mẽ. Mẫu điện thoại Nubia này có khả năng xử lý đơn nhiệm, đa nhiệm ấn tượng để luôn đảm bảo phục vụ tốt mọi nhu cầu giải trí thường ngày của người dùng.
Hiệu năng tuyệt vời trong phân khúc giá rẻ
Điện thoại Nubia V60 Design được trang bị con chip Unisoc T606 rất được ưa chuộng trong phân khúc giá rẻ. Con chip 8 nhân của Unisoc sở hữu tốc độ xung nhịp tối đa lên tới 1.6GHz để các tác vụ đơn nhiệm luôn được xử lý một cách nhanh chóng. Kèm theo đó là 6GB RAM cùng khả năng mở rộng thêm 10GB RAM ảo để mang tới hiệu năng đa nhiệm không thua kém gì các sản phẩm tầm trung.
Nubia V60 Design còn được ZTE tích hợp sẵn bộ nhớ 256GB. Dung lượng này đủ để người dùng có thể thoải mái cài đặt ứng dụng, chụp hình/ quay video chất lượng cao hay lưu các tập tin đa phương tin kích thước lớn. Nubia V60 Design còn được cài đặt sẵn hệ điều hành Android 13 tuỳ biến theo giao diện MyOS 13 để các tác vụ được tối ưu và hoạt động mượt mà hơn.
Camera sắc nét, tích hợp xử lý AI
Tuy là dòng sản phẩm thuộc phân khúc giá rẻ nhưng điện thoại Nubia V60 Design vẫn được trang bị hệ thống camera vô cùng chất lượng. Cụm camera sau của Nubia V60 Design sở hữu cảm biến chính có độ phân giải lên tới 50MP để luôn có thể ghi hình với độ sắc nét cao. Đồng thời, Nubia còn tích hợp AI lên hệ thống camera của thiết bị để có thể xử lý hình ảnh tốt hơn, đặc biệt là với chế độ chụp chân dung.
Camera trước của Nubira V60 Design sử dụng cảm biến 8MP. Camera selfie của điện thoại tuy không sở hữu độ phân giải quá lớn nhưng vẫn đảm bảo phục vụ tốt được các nhu cầu chụp hình sống ảo, gọi điện video của người dùng trong sinh hoạt thường ngày.
Viên pin lớn, hỗ trợ sạc công suất 22.5W
Điện thoại Nubia V60 Design sẽ luôn đảm bảo được khả năng hoạt động bền bỉ nhờ được sở hữu viên pin có mức năng lượng lớn. Viên pin có mức năng lượng đặt 5000mAh bên trong Nubia V60 Design sẽ giúp người dùng có thể thoải mái sử dụng điện thoại cho các tác vụ hỗn hợp suốt cả ngày dài mà không cần sạc lại. Đi kèm viên pin lớn là công nghệ sạc 22.5W, giúp rút ngắn thời gian chờ đợi giữa những lần điện thoại nạp đầy năng lượng.
Màn hình HD+ sắc nét, mượt mà với tần số quét 90Hz
Điện thoại Nubia V60 Design được tích hợp một màn hình có kích thước 6.6 inch nhằm mang tới không gian giải trí đủ thoải mái. Độ phân giải HD+ của màn hình Nubia V60 Design sẽ giúp hình ảnh luôn có được sự sắc nét nhằm duy trì được hiệu suất giải trí ổn định. Nubia còn trang bị cho chiếc điện thoại V60 Design của mình tần số quét màn hình 90Hz để các chuyển động có được sự trơn tru, mượt mà.
Thiết kế cao cấp và độc đáo
Không chỉ cấu hình mà Nubia V60 Design còn rất được đầu tư về thiết kế. Từng đường nét, chi tiết trên điện thoại Nubia V60 Design đều được chăm chút một cách tỉ mỉ nhằm tạo nên sự cao cấp và nét khác biệt. Phần mặt lưng kính kết hợp khung viền vát phẳng mang tạo nên một tổng thể tinh tế, sang trọng và cá tính, rất phù hợp với thị hiếu người dùng hiện nay.
Chi tiết camera trước của Nubia V60 Design được thiết kế dạng Hole nhằm tạo nên sự độc đáo cho sản phẩm. Thay vì chỉ đơn thuần là vị trí camera selfie, chấm ruồi này có thể dễ dàng biến thành một cửa sổ phụ nhằm nâng cao tính thẩm mỹ, sự thuận tiện và tính đa dạng cho Nubia V60 Design .
Nubia V60 Design khi nào ra mắt?
Nubia V60 Design, mẫu điện thoại thuộc phân khúc giá rẻ, đã được ZTE chính thức giới thiệu tại thị trường Phi-líp-pin vào cuối tháng 5 năm 2024 vừa qua. Và sản phẩm smartphone giá rẻ của ZTE này sẽ sớm được phân phối chính hãng tại thị trường Việt Nam thông qua hệ thống cửa hàng CellphoneS trong thời gian tới.
Điện thoại Nubia V60 Design được ZTE giới thiệu với 3 tuỳ chọn màu sắc là Dark Blue, Sunrise Violet và Champagne Gold. Nhờ việc sở hữu đa dạng màu sắc này mà dòng điện thoại giá rẻ của ZTE này sẽ phù hợp để người dùng thuộc mọi giới tính, độ tuổi sử dụng.
Giá điện thoại Nubia V60 Design bao nhiêu?
Trái ngược với sự đa dạng về màu sắc, Nubia V60 Design sẽ chỉ có duy nhất một phiên bản cấu hình với tổng 16GB RAM và bộ nhớ trong 256GB. ZTE hiện đã công bố giá bán chính thức của mẫu điện thoại này ở mức 5.999 Peso, khoảng 2,5 triệu đồng. Đây là mức giá mà hiếm có mẫu điện thoại sở hữu khả năng đa nhiệm vượt trội nào có được từ trước tới nay.
Với giá bán cực cạnh tranh trong phân khúc giá rẻ, khả năng xử lý mượt mà với mọi tác vụ, thiết kế cao cấp và độc đáo cùng cụm camera chất lượng, tích hợp AI, Nubia V60 Design sẽ là sản phẩm rất đáng lựa chọn khi so sánh với các đối thủ như Tecno Spark Go 2024, Infinix Hot 30i, Infinix Hot 40i, Itel S23,...
Mua điện thoại Nubia V60 Design giá tốt tại CellphoneS
Điện thoại Nubia V60 Design sẽ sớm được mở bán tại Việt Nam thông qua hệ thống các cửa hàng thuộc chuỗi bán lẻ CellphoneS. Ngoài ra, đi kèm mẫu điện thoại giá rẻ của ZTE còn có các chương trình khuyến mãi nhân sự kiện ra mắt, chiết khấu hội viên Smember, chính sách hỗ trợ dành riêng cho học sinh - sinh viên,...để bạn có cơ hội sở hữu với mức giá cực tốt.","{""Màn hình"": [{""name"": ""Kích thước màn hình"", ""value"": ""6.6 inches""}, {""name"": ""Độ phân giải màn hình"", ""value"": ""720 x 1612 (HD+)""}, {""name"": ""Tính năng màn hình"", ""value"": ""Tần số quét 90Hz""}, {""name"": ""Tần số quét"", ""value"": ""90Hz""}, {""name"": ""Kiểu màn hình"", ""value"": ""Đục lỗ (Nốt ruồi)""}], ""Camera sau"": [{""name"": ""Camera sau"", ""value"": ""50MP AI Camera\n2MP FF+AI Camera""}, {""name"": ""Tính năng camera"", ""value"": ""Auto HDR\nAI Photos""}], ""Camera trước"": [{""name"": ""Camera trước"", ""value"": ""8MP FF""}], ""Vi xử lý & đồ họa"": [{""name"": ""Chipset"", ""value"": ""Unisoc T606""}], ""Giao tiếp & kết nối"": [{""name"": ""Công nghệ NFC"", ""value"": ""Không""}, {""name"": ""Thẻ SIM"", ""value"": ""2 SIM (Nano-SIM)""}, {""name"": ""Jack tai nghe 3.5"", ""value"": ""Có""}, {""name"": ""GPS"", ""value"": ""GPS""}], ""RAM & lưu trữ"": [{""name"": ""Dung lượng RAM"", ""value"": ""6 GB""}, {""name"": ""Bộ nhớ trong"", ""value"": ""256 GB""}], ""Pin & công nghệ sạc"": [{""name"": ""Pin"", ""value"": ""5000mAh""}, {""name"": ""Công nghệ sạc"", ""value"": ""Sạc nhanh 22.5W""}, {""name"": ""Cổng sạc"", ""value"": ""USB Type-C""}], ""Tính năng khác"": [{""name"": ""Hệ điều hành"", ""value"": ""Android T""}], ""Bộ xử lý & Đồ họa"": [{""name"": ""Loại CPU"", ""value"": ""Octa-Core 1.6GHz""}], ""Kích thước & Trọng lượng"": [{""name"": ""Kích thước"", ""value"": ""164.2*75.3*8.6mm""}], ""Tiện ích khác"": [{""name"": ""Các loại cảm biến"", ""value"": ""Cảm biến gia tốc, Cảm biến tiệm cận""}, {""name"": ""Tính năng đặc biệt"", ""value"": ""Bảo mật vân tay, Nhận diện khuôn mặt""}], ""Cổng kết nối"": [{""name"": ""Wi-Fi"", ""value"": ""802.11 a/b/g/n/ac\nWiFi 2.4G/5G""}, {""name"": ""Bluetooth"", ""value"": ""v5,2""}], ""Thông số khác"": [{""name"": ""Công nghệ âm thanh"", ""value"": ""Audio with DTS Processing""}]}","[""https://cdn2.cellphones.com.vn/x/media/catalog/product/_/i/_i_n_tho_i_nubia_v60_design_6gb_256gb_-_1.png"", ""https://cdn2.cellphones.com.vn/x/media/catalog/product/_/i/_i_n_tho_i_nubia_v60_design_6gb_256gb_-_2.png"", ""https://cdn2.cellphones.com.vn/x/media/catalog/product/_/i/_i_n_tho_i_nubia_v60_design_6gb_256gb_-_7.png""]","{""product_color_1"": {""color"": ""Xanh Đen"", ""image_url"": ""https://cellphones.com.vn/dien-thoai-nubia-v60-design.html?product_id=88441"", ""price"": ""2.690.000₫""}, ""product_color_2"": {""color"": ""Vàng"", ""image_url"": ""https://cellphones.com.vn/dien-thoai-nubia-v60-design.html?product_id=88440"", ""price"": ""2.690.000₫""}, ""product_color_3"": {""color"": ""Tím"", ""image_url"": ""https://cellphones.com.vn/dien-thoai-nubia-v60-design.html?product_id=88439"", ""price"": ""2.690.000₫""}}"
Nubia RedMagic 8S Pro 5G 12GB 256GB,nubia-redmagic-8s-pro,19.990.000đ,18.990.000đ,"Đặc điểm nổi bật của Nubia RedMagic 8S Pro 5G 12GB 256GB
Nubia RedMagic 8S Pro có màn hình chuẩn AMOLED, tần số quét lên đến 120Hz, màn hình rộng 6.8 inches, với camera sau 50 MP, kết hợp camera trước 16 MP. Điện thoại trang bị chipset mạnh mẽ Snapdragon 8 Gen 2, giúp các tác vụ sẽ trở nên dễ dàng và mượt mà hơn.
Nội dung chính
1. So sánh điện thoại Nubia RedMagic 8S Pro với Nubia RedMagic 7S Pro
2. Nubia RedMagic 8S Pro – Thiết kế hiện đại, cấu hình ổn định
2.1. Thiết kế hiện đại, sang trọng
2.2. Camera rõ nét
2.3. Cấu hình ổn định, mượt mà
2.4. Dung lượng pin khủng
3. Nubia RedMagic 8S Pro có giá bao nhiêu?
4. Nubia RedMagic 8S Pro ngày ra mắt khi nào?
5. Mua Nubia RedMagic 8S Pro chính hãng tại CellphoneS
So sánh điện thoại Nubia RedMagic 8S Pro với Nubia RedMagic 7S Pro
Nubia RedMagic 8S Pro là phiên bản nâng cấp của 7S Pro, vậy chính hãng thế hệ điện thoại mới này được nâng cấp những gì, nên mua phiên bản 8S hay 7S, hãy cùng tìm hiểu ngay qua bảng so sánh sau:
Nubia RedMagic 8S Pro
Nubia RedMagic 7S Pro
Màu sắc
Aurora, Platinum, Midnight
Obsidian, Supernova, Mercury
Trọng lượng
235g
228g
Màn hình
6,8 inch FHD+
6,8 inch FHD+
CPU
Snapdragon™ 8 thế hệ 2
Snapdragon™ 8+ thế hệ 1
GPU
Adreno
Adreno
RAM
12GB / 16GB LPDDR5X 
18GB / 12GB LPDDR5
ROM
256 / 512GB UFS4.0
512/256GB UFS3.1
Camera trước
16MP
16MP
Camera sau
50MP+8MP+2MP
64MP+8MP+2MP
Dung lượng pin
Pin kép 6000mAh
Pin kép 5000mAh
Nubia RedMagic 8S Pro – Thiết kế hiện đại, cấu hình ổn định
Nubia RedMagic 8S Pro là điện thoại có nhiều tính năng nổi bật và thiết kế thời thượng, chắc chắn sẽ mang đến trải nghiệm ấn tượng khi sử dụng trong thời gian dài. Điện thoại được đánh giá cao bởi người dùng, nhờ đáp ứng nhu cầu cá nhân của bản thân.
Thiết kế hiện đại, sang trọng
Màn hình AMOLED độc đáo của Nubia RedMagic 8S Pro không chỉ mang lại hình ảnh sắc nét và sống động với màu sắc ấn tượng, mà còn đảm bảo tốc độ phản hồi cực nhanh với công nghệ cảm ứng điện dung đa điểm. 
Ngoài ra, kích thước màn hình của điện thoại lên đến 6.8 inches, bạn có thể xem phim, chơi game với khung hình rộng hơn và độ phân giải Full HD+. Từ đó, người dùng sẽ có khoảng thời gian tận hưởng các trò chơi và các nội dung tiện ích yêu thích của bản thân.
Nubia RedMagic 8S Pro cung cấp trải nghiệm hình ảnh chất lượng cao thông qua hỗ trợ 1 tỷ màu và tần số là 120Hz. Độ sáng tối đa lên đến 1300 nits, màn hình này cung cấp hình ảnh sắc nét và rực rỡ tạo ra nguồn ánh sáng rõ ràng hơn
Camera rõ nét
Bộ camera đa dạng trên Nubia RedMagic 8S Pro sẽ làm bạn hài lòng với khả năng chụp ảnh chuyên nghiệp và quay video chất lượng cao. Camera sau có độ phân giải 50 MP, PDAF, ống kính góc rộng 8 MP và camera macro 2 MP. Bạn có thể quay video với độ phân giải lớn hơn, hạn chế rung lắc khi di chuyển, điều đó sẽ mang lại cho bạn những cảnh quay video sống động, chi tiết.
Bên cạnh đó, camera trước 16 MP, f/2.0 góc rộng, ẩn dưới màn hình, HDR, cho phép bạn chụp ảnh tự sướng và thực hiện cuộc gọi video chất lượng cao. Ngoài ra, Nubia RedMagic 8S Pro còn được trang bị đèn flash, hỗ trợ tính năng LED flashgiúp bạn tạo ra những bức ảnh đẹp trong điều kiện thiếu sáng.
Cấu hình ổn định, mượt mà
Với vi xử lý Snapdragon 8 Gen 2 và GPU Adreno, Nubia RedMagic 8S Pro cung cấp hiệu năng mạnh mẽ và mượt mà cho mọi tác vụ trên điện thoại. Người dùng không lo lắng về tình trạng giật lag khi sử dụng trong thời gian dài. 
Điện thoại có RAM 12GB, cho phép đảm bảo khả năng xử lý đa nhiệm và chơi game mượt mà, không gặp trục trặc. Bộ nhớ trong lên đến 256GB cho phép bạn lưu trữ nhiều ứng dụng, hình ảnh, video và dữ liệu quan trọng một cách dễ dàng.
Dung lượng pin khủng
Pin Li-Po 6000 mAh của Nubia RedMagic 8S Pro giúp tạo ra thời gian sử dụng lâu dài, từ đó bạn không cần lo lắng về việc sạc pin thường xuyên như trước đây. Không chỉ dừng lại ở đó, công nghệ sạc nhanh 65W, khiến máy được nạp đầy pin chỉ trong thời gian ngắn. Đặc biệt, Nubia RedMagic 8S Pro cũng hỗ trợ pin có thể tháo rời, cho phép bạn dễ dàng thay thế pin khi cần thiết.
Điện thoại Nubia RedMagic 8S Pro hỗ trợ kết nối 4G, Wi-Fi, GPS và Bluetooth, đảm bảo bạn luôn kết nối một cách nhanh chóng và ổn định.
Nubia RedMagic 8S Pro có giá bao nhiêu?
Vậy bạn đã biết Nubia RedMagic 8S Pro có giá bao nhiêu? Sản phẩm sắp tung ra thị trường có giá giao động khoảng 16.4 triệu đồng với bản 12GB +256GB , có thể tăng thêm tùy vào khu vực khác nhau. Với mức giá vừa tầm này, không quá tăng lên so với phiên bản cũ trước đó, với những ưu điểm mới khác sẽ không làm bạn thất vọng khi sử dụng trong thời gian dài. Bạn nên cập nhật thêm nhiều thông tin khác trên website chính thức của hãng, để biết về thông số cập nhật khác liên quan đến sản phẩm.
Nubia RedMagic 8S Pro ngày ra mắt khi nào?
Nubia RedMagic 8S Pro ra mắt khi nào? Đây là câu hỏi mà nhiều người đặt ra, bởi sự mong chờ khi có tin đồn về sản phẩm, điện thoại vừa được tung ra thị trường vào ngày 5/7 vừa qua, lúc 15:00 giờ (tức 14:00 tại Việt Nam).
Với sự quan tâm đến từ nhiều khách hàng là fan của thương hiệu này, nhiều người đã đặt trước khi ra mắt, bởi những điểm cộng nổi trội từ thiết kế, đến tính năng của sản phẩm, nhanh tay đặt hàng để sở hữu sản phẩm hot nhất của hãng, để đáp ứng nhu cầu của bản thân.
Mua Nubia RedMagic 8S Pro chính hãng tại CellphoneS
Nubia RedMagic 8S Pro có bán tại các cửa hàng của CellphoneS, hàng chính hãng, chất lượng cao, dịch vụ tốt, nhân viên tận tình trong quá trình chăm sóc khách hàng, nên bạn có thể yên tâm mua hàng. Nếu có câu hỏi xoay quanh sản phẩm cần giải đáp ngay, nhắn trên khung chat của cửa hàng, nhân viên sẽ nhiệt tình trả lời câu hỏi mà khách hàng đặt ra.","{""Màn hình"": [{""name"": ""Kích thước màn hình"", ""value"": ""6.8 inches""}, {""name"": ""Công nghệ màn hình"", ""value"": ""AMOLED""}, {""name"": ""Độ phân giải màn hình"", ""value"": ""1116 x 2480 pixels""}, {""name"": ""Tính năng màn hình"", ""value"": ""Tần số quét 120Hz, 1 tỷ màu,1300 nits, 100% DCI-P3\nCorning Gorilla Glass\nĐộ chính xác màu △E＜1""}, {""name"": ""Tần số quét"", ""value"": ""120Hz""}, {""name"": ""Kiểu màn hình"", ""value"": ""Tràn viền (Không khiếm khuyết)""}], ""Camera sau"": [{""name"": ""Camera sau"", ""value"": ""Camera góc rộng:50 MP, f/1.9, PDAF\nCamera góc siêu rộng: 8 MP, f/2.2, 120˚\nCamera Macro: 2 MP, f/2.4""}, {""name"": ""Quay video"", ""value"": ""8K@30fps, 4K@30/60fps, 1080p@30/60/120/240fps""}, {""name"": ""Tính năng camera"", ""value"": ""LED flash, HDR, panorama""}], ""Camera trước"": [{""name"": ""Camera trước"", ""value"": ""16 MP, f/2.0""}, {""name"": ""Quay video trước"", ""value"": ""1080p@30/60fps""}], ""Vi xử lý & đồ họa"": [{""name"": ""Chipset"", ""value"": ""Snapdragon 8 Gen 2""}, {""name"": ""GPU"", ""value"": ""Adreno 730""}], ""Giao tiếp & kết nối"": [{""name"": ""Công nghệ NFC"", ""value"": ""Có""}, {""name"": ""Thẻ SIM"", ""value"": ""2 SIM (Nano-SIM)""}, {""name"": ""Jack tai nghe 3.5"", ""value"": ""Có""}, {""name"": ""Hỗ trợ mạng"", ""value"": ""5G""}, {""name"": ""GPS"", ""value"": ""A-GPS, GLONASS, BDS, GALILEO""}], ""RAM & lưu trữ"": [{""name"": ""Dung lượng RAM"", ""value"": ""12 GB""}, {""name"": ""Bộ nhớ trong"", ""value"": ""256 GB""}, {""name"": ""Khe cắm thẻ nhớ"", ""value"": ""Không""}], ""Pin & công nghệ sạc"": [{""name"": ""Pin"", ""value"": ""6000 mAh""}, {""name"": ""Công nghệ sạc"", ""value"": ""Sạc nhanh 65W""}, {""name"": ""Cổng sạc"", ""value"": ""USB Type-C""}], ""Tính năng khác"": [{""name"": ""Hệ điều hành"", ""value"": ""Android 13""}], ""Bộ xử lý & Đồ họa"": [{""name"": ""Loại CPU"", ""value"": ""1 x 3.00GHz Cortex-X2 3 x 2.50 GHz Cortex-A710 4 x 1.80 GHz Cortex-A510""}], ""Kích thước & Trọng lượng"": [{""name"": ""Kích thước"", ""value"": ""163.9 x 76.35 x 9.47mm""}, {""name"": ""Trọng lượng"", ""value"": ""228g""}], ""Thiết kế & Trọng lượng"": [{""name"": ""Chất liệu mặt lưng"", ""value"": ""Kính""}, {""name"": ""Chất liệu khung viền"", ""value"": ""Nhôm""}], ""Thông số khác"": [{""name"": ""Hệ thống làm mát"", ""value"": ""Hệ thống làm mát đa chiều ICE 12\nQuạt phản lực tốc độ cao 20.000 vòng/phút\nTốc độ: 20.000 vòng/phút""}, {""name"": ""Công nghệ - Tiện ích"", ""value"": ""GPS, AGPS""}], ""Tiện ích khác"": [{""name"": ""Cảm biến vân tay"", ""value"": ""Cảm biến vân tay trong màn hình""}, {""name"": ""Các loại cảm biến"", ""value"": ""Cảm biến gia tốc, Cảm biến tiệm cận, Cảm biến ánh sáng, La bàn, Con quay hồi chuyển, Cảm biến áp kế, Cảm biến trọng lực""}, {""name"": ""Tính năng đặc biệt"", ""value"": ""Hỗ trợ 5G""}], ""Cổng kết nối"": [{""name"": ""Wi-Fi"", ""value"": ""Wi-Fi 7 802.11b/g/n/ac/ax/be""}, {""name"": ""Bluetooth"", ""value"": ""v5.3""}], ""Thông tin chung"": [{""name"": ""Thời điểm ra mắt"", ""value"": ""2023""}]}","[""https://cdn2.cellphones.com.vn/x/media/catalog/product/n/u/nubia_redmagic_8s_pro_-_1.png"", ""https://cdn2.cellphones.com.vn/x/media/catalog/product/n/u/nubia_redmagic_8s_pro_-_2.png"", ""https://cdn2.cellphones.com.vn/x/media/catalog/product/n/u/nubia_redmagic_8s_pro_-_6.png""]","{""product_color_1"": {""color"": ""Bạc"", ""image_url"": ""https://cellphones.com.vn/nubia-redmagic-8s-pro.html?product_id=72905"", ""price"": ""18.990.000₫""}}"
ZTE Nubia Z60S Pro 12GB 256GB,dien-thoai-zte-nubia-z60s-pro,10.000.000đ,9.990.000đ,"Đặc điểm nổi bật của ZTE Nubia Z60S Pro 12GB 256GB
Điện thoại ZTE nubia Z60S Pro với thiết kế tinh tế và màn hình AMOLED 6.8 inch Full HD+ cùng tần số quét 120Hz, mang lại trải nghiệm hiển thị mượt mà. Sản phẩm điện thoại ZTE sử dụng vi xử lý Snapdragon 8 Gen 2, kết hợp với RAM lên tới 12GB và bộ nhớ trong 256GB. Hệ thống camera bao gồm cảm biến chính 35mm. Máy có viên pin 5.100mAh cùng sạc nhanh 80W.
Nội dung chính
1. Vì sao nên mua điện thoại ZTE nubia Z60S Pro?
2. Điện thoại ZTE nubia Z60S Pro – Sang trọng, thu hút mọi ánh nhìn
2.1. Đáp ứng ổn định mọi nhu cầu với chip Snapdragon
2.2. Trải nghiệm nhiếp ảnh như chuyên gia với độ phân giải cao
2.3. Hiển thị sống động với màn hình chất lượng cao
2.4. Hỗ trợ sạc nhanh tiện lợi cùng viên pin lớn
3. Điện thoại nubia Z60S Pro khi nào ra mắt?
4. ZTE nubia Z60S Pro có giá bán bao nhiêu?
5. Đăng ký nhận thông tin về hàng điện thoại ZTE nubia Z60S Pro chính hãng tại CellphoneS
Vì sao nên mua điện thoại ZTE nubia Z60S Pro?
Điện thoại nubia Z60S Pro được ra mắt giữa năm 2024 nhưng đến thời điểm hiện tại, đây vẫn là một thiết bị đáng để sở hữu với nhiều tính năng nổi bật như:
Ống kính quang học 35mm cùng AI Magic Eraser và AI Sky: Tối ưu chất lượng hình ảnh, cho hình ảnh sắc nét và sống động
Pin 5100mAh và sạc nhanh 80W: Mang lại thời gian sử dụng bền bỉ
Màn hình 6.8 inch AMOLED 1,5K 120Hz: Hiển thị hình ảnh mượt mà và màu sắc sống động
Điện thoại ZTE nubia Z60S Pro – Sang trọng, thu hút mọi ánh nhìn
Với thiết kế đẹp, màn hình xuất sắc, điện thoại ZTE nubia Z60S Pro là một lựa chọn tuyệt vời. Đặc biệt, nếu như yêu thích nhiếp ảnh di động hoặc cần một thiết bị mạnh mẽ để chơi game, đây sẽ là sản phẩm đáng cân nhắc.
Đáp ứng ổn định mọi nhu cầu với chip Snapdragon
ZTE nubia Z60S Pro được trang bị vi xử lý Snapdragon 8 Gen 2, mang lại khả năng xử lý mượt mà cho các tác vụ từ cơ bản đến nâng cao. Với dung lượng RAM lên đến 12GB, thiết bị có thể chạy nhiều ứng dụng cùng lúc mà không bị giật lag.
Bộ nhớ trong lên tới 256GB giúp lưu trữ thoải mái dữ liệu, hình ảnh, video mà không lo đầy bộ nhớ. Kết hợp với hệ điều hành tối ưu, máy mang lại trải nghiệm sử dụng ổn định, phù hợp cho cả những người dùng yêu cầu cao về hiệu năng.
Trải nghiệm nhiếp ảnh như chuyên gia với độ phân giải cao
Camera chính của điện thoại ZTE nubia Z60S Pro được nâng cấp với cảm biến lớn hơn, hỗ trợ tốt trong việc chụp ảnh thiếu sáng. Nhờ dải màu rộng và khả năng thu sáng tốt, thiết bị mang đến những bức ảnh có độ chi tiết cao và tái tạo màu sắc tốt.
Bên cạnh đó, máy còn sở hữu camera góc siêu rộng 50MP, giúp chụp được khung cảnh bao quát mà không bị méo góc quá nhiều. Camera tele 8MP hỗ trợ zoom quang học, mang lại hình ảnh rõ nét khi chụp từ xa.
Hiển thị sống động với màn hình chất lượng cao
Sở hữu màn hình AMOLED 6.8 inch với độ phân giải 1260×2800 pixel, điện thoại mang lại hình ảnh sắc nét, màu sắc chân thực và độ tương phản cao. Tấm nền này không chỉ giúp hiển thị tốt khi xem phim, chơi game mà còn hỗ trợ đọc văn bản rõ ràng hơn.
Tần số quét 120Hz giúp các thao tác chạm, cuộn trở nên mượt mà, giảm thiểu độ trễ khi sử dụng. Kích thước màn hình lớn cùng viền mỏng cũng góp phần nâng cao trải nghiệm, mang lại không gian hiển thị rộng rãi mà vẫn giữ được thiết kế tinh tế.
Hỗ trợ sạc nhanh tiện lợi cùng viên pin lớn
Điện thoại ZTE nubia Z60S Pro được trang bị viên pin 5.100mAh, giúp kéo dài thời gian sử dụng mà không cần sạc lại quá thường xuyên. Với dung lượng này, người dùng có thể thoải mái thực hiện các tác vụ hàng ngày mà không phải lo lắng về việc hết pin quá nhanh.
Bên cạnh đó, công nghệ sạc nhanh 80W giúp rút ngắn đáng kể thời gian nạp năng lượng cho thiết bị. Điều này giúp giảm thiểu thời gian chờ đợi, mang lại sự tiện lợi cho những ai có lịch trình bận rộn và cần một chiếc điện thoại sẵn sàng hoạt động trong thời gian ngắn.
Điện thoại nubia Z60S Pro khi nào ra mắt?
ZTE nubia Z60S Pro đã chính thức trình làng vào ngày 23/07, tiếp nối sự thành công của dòng ZTE nubia Z50S Pro. Sự kiện ra mắt đánh dấu bước tiến mới của ZTE trong phân khúc smartphone cao cấp, mang đến nhiều nâng cấp đáng chú ý.
Với những cải tiến về phần cứng lẫn phần mềm, điện thoại này nhanh chóng thu hút sự quan tâm từ người dùng đam mê công nghệ. Sản phẩm không chỉ kế thừa những ưu điểm từ thế hệ trước mà còn bổ sung những tính năng mới.
ZTE nubia Z60S Pro có giá bán bao nhiêu?
Mức giá khởi điểm của điện thoại ZTE nubia Z60S Pro khoảng 10 triệu đồng cho phiên bản 8GB RAM + 256GB bộ nhớ trong. Nếu cần dung lượng lớn hơn, người dùng có thể lựa chọn phiên bản 12GB + 256GB với giá khoảng 11 triệu đồng.
Ngoài ra, ZTE nubia Z60S Pro còn có phiên bản cao cấp 16GB + 1TB, dành cho những ai cần không gian lưu trữ rộng rãi, với mức giá chưa đến 15 triệu đồng. Với nhiều tùy chọn cấu hình, sản phẩm phù hợp với cả người dùng phổ thông lẫn những ai yêu thích công nghệ.
Đăng ký nhận thông tin về hàng điện thoại ZTE nubia Z60S Pro chính hãng tại CellphoneS
Nhanh tay đặt mua điện thoại ZTE nubia Z60S Pro chính hãng tại CellphoneS để trải nghiệm hiệu năng mạnh mẽ và thiết kế đẳng cấp. Sản phẩm được bảo hành chính hãng, đảm bảo sự yên tâm khi sử dụng. Đặc biệt, CellphoneS áp dụng chính sách 1 đổi 1 trong 30 ngày nếu phát sinh lỗi phần cứng từ nhà sản xuất. Nhanh tay sở hữu sản phẩm với mức giá hấp dẫn cùng nhiều ưu đãi  tại CellphoneS ngay hôm nay!","{""Màn hình"": [{""name"": ""Kích thước màn hình"", ""value"": ""6.78 inches""}, {""name"": ""Công nghệ màn hình"", ""value"": ""AMOLED""}, {""name"": ""Độ phân giải màn hình"", ""value"": ""2160 x 1440 pixels""}, {""name"": ""Tính năng màn hình"", ""value"": ""Tần số quét 120 Hz, 1200 nits, 452PPI, 100% DCI-P3, 1,07 tỷ màu sắc""}, {""name"": ""Tần số quét"", ""value"": ""120Hz""}, {""name"": ""Kiểu màn hình"", ""value"": ""Đục lỗ (Nốt ruồi)""}], ""Camera sau"": [{""name"": ""Camera sau"", ""value"": ""Camera chính: 50MP, f/1.56\nCamera Tele: 8MP, f/2.4\nCamera góc siêu rộng: 50MP""}], ""Camera trước"": [{""name"": ""Camera trước"", ""value"": ""16MP, f/2.45""}], ""Vi xử lý & đồ họa"": [{""name"": ""Chipset"", ""value"": ""Snapdragon 8 Gen 2 (4 nm)""}], ""Giao tiếp & kết nối"": [{""name"": ""Công nghệ NFC"", ""value"": ""Có""}, {""name"": ""Thẻ SIM"", ""value"": ""2 Nano-SIM""}, {""name"": ""Hỗ trợ mạng"", ""value"": ""5G""}, {""name"": ""GPS"", ""value"": ""GPS, Beidou, Galileo, GLONASS, QZSS""}], ""RAM & lưu trữ"": [{""name"": ""Dung lượng RAM"", ""value"": ""12 GB""}, {""name"": ""Bộ nhớ trong"", ""value"": ""256 GB""}], ""Pin & công nghệ sạc"": [{""name"": ""Pin"", ""value"": ""5100 mAh""}, {""name"": ""Công nghệ sạc"", ""value"": ""Sạc nhanh 80 W""}], ""Tính năng khác"": [{""name"": ""Hệ điều hành"", ""value"": ""Android 14""}], ""Kích thước & Trọng lượng"": [{""name"": ""Kích thước"", ""value"": ""163,63 x 75,98 x 8,7 mm""}, {""name"": ""Trọng lượng"", ""value"": ""220g""}], ""Thông số khác"": [{""name"": ""Chỉ số kháng nước, bụi"", ""value"": ""IP68""}, {""name"": ""Công nghệ - Tiện ích"", ""value"": ""Neo Vision AI Photography""}, {""name"": ""Tiện ích khác"", ""value"": ""Face Unlock""}], ""Tiện ích khác"": [{""name"": ""Cảm biến vân tay"", ""value"": ""Cảm biến vân tay dưới màn hình""}, {""name"": ""Các loại cảm biến"", ""value"": ""Cảm biến tiệm cận, Cảm biến ánh sáng, La bàn, Con quay hồi chuyển""}, {""name"": ""Tính năng đặc biệt"", ""value"": ""Hỗ trợ 5G, Bảo mật vân tay, Nhận diện khuôn mặt, Kháng nước, kháng bụi""}], ""Cổng kết nối"": [{""name"": ""Wi-Fi"", ""value"": ""Wi-Fi 6, 802.11a/b/g/n/ac/ax(2*2MIMO)""}, {""name"": ""Bluetooth"", ""value"": ""v5.3""}]}","[""https://cdn2.cellphones.com.vn/x/media/catalog/product/s/l/slider-zte-nubia-z60s-pro-12gb-256tb.jpg"", ""https://cdn2.cellphones.com.vn/x/media/catalog/product/s/l/slider-zte-nubia-z60s-pro-12gb-256tb-1.jpg"", ""https://cdn2.cellphones.com.vn/x/media/catalog/product/s/l/slider-zte-nubia-z60s-pro-12gb-256tb-2.jpg""]","{""product_color_1"": {""color"": ""Xanh"", ""image_url"": ""https://cellphones.com.vn/dien-thoai-zte-nubia-z60s-pro.html?product_id=107473"", ""price"": ""9.990.000₫""}}"
Nubia V70 Max 4GB 128GB,dien-thoai-nubia-v70-max-4gb-128gb,N/A,N/A,,"{"""": [{""name"": """", ""value"": """"}]}","[""https://cdn2.cellphones.com.vn/x/media/catalog/product/s/l/slider-nubia-v70-max-4gb-128gb.jpg"", ""https://cdn2.cellphones.com.vn/x/media/catalog/product/s/l/slider-nubia-v70-max-4gb-128gb-1.jpg"", ""https://cdn2.cellphones.com.vn/x/media/catalog/product/s/l/slider-nubia-v70-max-4gb-128gb-2.jpg""]","{""product_color_1"": {""color"": ""Xám"", ""image_url"": ""https://cellphones.com.vn/dien-thoai-nubia-v70-max-4gb-128gb.html?product_id=102423"", ""price"": ""2.390.000₫""}, ""product_color_2"": {""color"": ""Xanh lá"", ""image_url"": ""https://cellphones.com.vn/dien-thoai-nubia-v70-max-4gb-128gb.html?product_id=102424"", ""price"": ""2.390.000₫""}}"
,dien-thoai-nubia-a36,N/A,N/A,N/A,{},[],{}
Điện thoại Nubia A36 4GB 64GB,dien-thoai-nubia-v80-design,N/A,N/A,"Đặc điểm nổi bật của Điện thoại Nubia A36 4GB 64GB
Điện thoại nubia A36 được trang bị màn hình IPS 6.75 inch chuẩn HD+ kết hợp tần số quét 90Hz, mang lại trải nghiệm hiển thị mượt mà và sắc nét. Với vi xử lý T7200 tám nhân tốc độ 1.6GHz cùng RAM 4GB, thiết bị giúp xử lý nhanh các tác vụ hằng ngày. Đồng thời, mẫu điện thoại nubia này còn sở hữu pin 5000mAh cho phép người dùng sử dụng liền mạch suốt nhiều giờ.
Nội dung chính
1. Vì sao nên mua điện thoại nubia A36 sử dụng?
2. Điện thoại nubia A36 – Hiển thị rõ nét, thời lượng pin ấn tượng
2.1. Hiệu năng ổn định nhờ vi xử lý T7200
2.2. Bộ đôi camera hỗ trợ chụp ảnh sắc nét
2.3. Viên pin 5000 mAh bền bỉ, thoải mái sử dụng cả ngày dài
2.4. Màn hình 6.75 inch HD+ trải nghiệm hiển thị rõ nét
3. Điện thoại nubia A36 khi nào ra mắt?
4. Điện thoại nubia A36 giá bán bao nhiêu?
5. Mua ngay điện thoại nubia A36 chính hãng, giá ưu đãi tại CellphoneS
Vì sao nên mua điện thoại nubia A36 sử dụng?
nubia A36 là mẫu điện thoại giá rẻ, nhưng vì sao mẫu điện thoại Nubia này đáng mua sử dụng thì hãy cùng tìm hiểu những đặc điểm nổi bật của sản phẩm sau đây:
Đa dạng tính năng AI: AI Dehaze, AI Sky, AI Google Gemini hỗ trợ tối ưu khả năng quay chụp
Pin lớn 5.000 mAh cùng công nghệ bảo vệ thông minh: Giúp pin bền bỉ đến 800 chu kỳ sạc
Kết nối 4.5G: Cho tốc độ tải nhanh cũng như xem video mượt
Điện thoại nubia A36 – Hiển thị rõ nét, thời lượng pin ấn tượng
nubia A36 thuộc phân khúc phổ thông nhưng vẫn sở hữu đầy đủ những tính năng thiết yếu cho nhu cầu sử dụng hiện đại. Máy gây ấn tượng nhờ thiết kế hiện đại, hiệu năng ổn định và pin dung lượng cao phù hợp với học sinh, sinh viên và người dùng phổ thông.
Hiệu năng ổn định nhờ vi xử lý T7200
Khả năng xử lý mượt mà của điện thoại nubia A36 đến từ vi xử lý tám nhân T7200 xung nhịp 1.6GHz, giúp đáp ứng tốt các tác vụ như lướt web, xem video và học tập trực tuyến. Điểm mạnh của dòng điện thoại di động Nubia này cũng nằm ở dung lượng RAM 4GB cùng khả năng mở rộng RAM ảo, cho phép người dùng đa nhiệm thoải mái, hạn chế tình trạng giật lag.
Dung lượng lưu trữ trong 64GB của Nubia cho phép người dùng có thể cài đặt thoải mái các ứng dụng cần thiết. Đồng thời, hệ điều hành Android mới cũng mang lại trải nghiệm tối ưu hóa, thân thiện và cập nhật hơn trong quá trình sử dụng.
Bộ đôi camera hỗ trợ chụp ảnh sắc nét
Dù thuộc phân khúc phổ thông, điện thoại nubia A36 vẫn sở hữu cụm camera sau kép 13MP+8MP hỗ trợ lấy nét tự động, dễ dàng bắt trọn khung hình trong điều kiện đủ sáng. Ở phía mặt trước của máy là camera 5MP, phục vụ tốt nhu cầu selfie, gọi video và học online của người dùng.
Chưa dừng lại ở đó, máy cũng được trang bị tính năng quay phim, video call và tích hợp đèn flash. Thông qua đó, người sử dụng có thể dễ dàng ghi lại được các khoảnh khắc quý giá trong nhiều điều kiện ánh sáng khác nhau.
Viên pin 5000 mAh bền bỉ, thoải mái sử dụng cả ngày dài
Điện thoại nubia A36 tích hợp viên pin Li-Polymer dung lượng 5000 mAh cho thời gian sử dụng bền bỉ, với người dụng ở cường độ thấp, máy có thể sử dụng đến ngày thứ  2. Cùng với đó, máy còn được trang bị công nghệ tiết kiệm pin thông minh giúp pin điện thoại bền bỉ đến 800 chu kỳ sạc.
Ngoài ra, thời gian sạc đầy của nubia A36 cũng chỉ trong khoảng 3–4 giờ thông qua củ sạc 5V-2A đi kèm, không quá lâu với một thiết bị phổ thông. Nhờ vậy mà khách hàng có thể thoải mái sử dụng máy để học tập, làm việc hoặc giải trí mà không phải lo lắng về việc hết pin giữa chừng.
Màn hình 6.75 inch HD+ trải nghiệm hiển thị rõ nét
Mở đầu cho trải nghiệm thị giác, điện thoại nubia A36 sử dụng màn hình IPS 6.75 inch, độ phân giải HD+ (720x1600 pixels) và hỗ trợ hiển thị 16.7 triệu màu. Kèm theo đó là tấm nền IPS hiện đại, mang tới góc nhìn rộng, màu sắc rõ nét và chất lượng hiển thị ổn định trong nhiều điều kiện ánh sáng.
Chưa hết, tần số quét trên máy còn đạt tới 90Hz, giúp các cử chỉ cuộn, vuốt màn hình của người sử dụng trở nên cực kỳ mượt mà. Đây là điểm cộng hiếm có trong phân khúc giá rẻ, đặc biệt hỗ trợ tốt cho người dùng khi đọc báo, sử dụng mạng xã hội hoặc xem nội dung giải trí hàng ngày.
Điện thoại nubia A36 khi nào ra mắt?
nubia A36 đã chính thức được ra mắt ngày 5/6/2025 tại thị trường Việt Nam. Sau khi ra mắt, điện thoại đã được lên kệ chính hãng tại các hệ thống bán lẻ. 
Đây là thời điểm phù hợp để tiếp cận nhóm khách hàng học sinh, sinh viên khi bước vào năm học mới. Người dùng đang quan tâm có thể theo dõi các kênh phân phối chính hãng để cập nhật sớm thông tin về thời gian mở bán.
Điện thoại nubia A36 giá bán bao nhiêu?
nubia A36 sẽ được mở bán chính thức với giá 1.990.000 đồng. Đây là mức giá rẻ, phù hợp với đối tượng người dùng phổ thông, học sinh - sinh viên.
Tuy nhiên, tại các hệ thống bán lẻ, giá bán nubia A36 sẽ rẻ hơn đáng kể nhờ các chương trình khuyến mãi. Chi tiết giá bán nubia A36 tại CellphoneS vào tháng 05/2026 như sau:
Tên sản phẩm
Giá bán
Điện thoại Nubia A36 4GB 64GB
2.890.000đ
Mua ngay điện thoại nubia A36 chính hãng, giá ưu đãi tại CellphoneS
Điện thoại nubia A36 sẽ được phân phối chính hãng tại hệ thống CellphoneS với mức giá ưu đãi hấp dẫn. Đây là chuỗi bán lẻ uy tín, chuyên cung cấp sản phẩm công nghệ chính hãng cùng dịch vụ chăm sóc khách hàng tận tâm. Khi mua sắm tại CellphoneS, khách hàng sẽ được đảm bảo về nguồn gốc, chính sách bảo hành. Không chỉ vậy, hệ thống còn cung cấp đầy đủ phụ kiện đi kèm, đảm bảo người dùng có thể sử dụng thiết bị ngay khi mở hộp.","{""Màn hình"": [{""name"": ""Kích thước màn hình"", ""value"": ""6.75 inches""}, {""name"": ""Công nghệ màn hình"", ""value"": ""IPS LCD""}, {""name"": ""Độ phân giải màn hình"", ""value"": ""720 x 1600 pixel""}, {""name"": ""Tính năng màn hình"", ""value"": ""Tần số quét 90 Hz""}], ""Camera sau"": [{""name"": ""Camera sau"", ""value"": ""13M+0.08M, AF + FF""}], ""Camera trước"": [{""name"": ""Camera trước"", ""value"": ""5M, FF""}], ""Giao tiếp & kết nối"": [{""name"": ""Công nghệ NFC"", ""value"": ""Không""}, {""name"": ""Thẻ SIM"", ""value"": ""2 Nano-SIM""}, {""name"": ""Jack tai nghe 3.5"", ""value"": ""Có""}, {""name"": ""GPS"", ""value"": ""GPS/AGPS/GLONASS/Galileo""}], ""RAM & lưu trữ"": [{""name"": ""Dung lượng RAM"", ""value"": ""4 GB""}, {""name"": ""Bộ nhớ trong"", ""value"": ""64 GB""}], ""Pin & công nghệ sạc"": [{""name"": ""Pin"", ""value"": ""5000 mAh""}, {""name"": ""Cổng sạc"", ""value"": ""USB Type-C""}], ""Tính năng khác"": [{""name"": ""Hệ điều hành"", ""value"": ""Android 15""}], ""Bộ xử lý & Đồ họa"": [{""name"": ""Loại CPU"", ""value"": ""T7200""}], ""Vi xử lý & đồ họa"": [{""name"": ""GPU"", ""value"": ""ARM Mali G57 1Core @650MHz""}], ""Kích thước & Trọng lượng"": [{""name"": ""Kích thước"", ""value"": ""167.64 x 77.37 x 8.3 mm""}], ""Thiết kế & Trọng lượng"": [{""name"": ""Chất liệu mặt lưng"", ""value"": ""Nhựa""}], ""Tiện ích khác"": [{""name"": ""Các loại cảm biến"", ""value"": ""Cảm biến gia tốc, Cảm biến tiệm cận, Cảm biến ánh sáng, La bàn""}], ""Cổng kết nối"": [{""name"": ""Wi-Fi"", ""value"": ""802.11 a/b/g/n/ac - 2.4GHz/5GHz""}, {""name"": ""Bluetooth"", ""value"": ""5,2""}]}","[""https://cdn2.cellphones.com.vn/x/media/catalog/product/s/l/slider-nubia-a36.jpg"", ""https://cdn2.cellphones.com.vn/x/media/catalog/product/s/l/slider-nubia-a36-1.jpg"", ""https://cdn2.cellphones.com.vn/x/media/catalog/product/s/l/slider-nubia-a36-2.jpg""]","{""product_color_1"": {""color"": ""Đen"", ""image_url"": ""https://cellphones.com.vn/dien-thoai-nubia-a36.html?product_id=108762"", ""price"": ""2.890.000₫""}, ""product_color_2"": {""color"": ""Vàng"", ""image_url"": ""https://cellphones.com.vn/dien-thoai-nubia-a36.html?product_id=108763"", ""price"": ""2.890.000₫""}, ""product_color_3"": {""color"": ""Xanh"", ""image_url"": ""https://cellphones.com.vn/dien-thoai-nubia-a36.html?product_id=108764"", ""price"": ""2.890.000₫""}}"
Nubia V80 Design 8GB 128GB,dien-thoai-nubia-neo-3-5g,N/A,N/A,"Đặc điểm nổi bật của Nubia V80 Design 8GB 128GB
Điện thoại Nubia V80 Design sở hữu màn hình 6.75 inch với tấm nền IPS LCD cùng tần số quét 120Hz mượt mà mang lại trải nghiệm giải trí vô cùng ấn tượng. Thiết bị vận hành ổn định nhờ sức mạnh từ vi xử lý Unisoc T7280. Viên pin dung lượng 5000 mAh cùng công nghệ sạc nhanh 22.5 W giúp thiết bị duy trì hoạt động ổn định.
Nội dung chính
1. Bảng so sánh thông số Nubia V80 Design và Nubia V70 Design có đáng nâng cấp?
2. Đánh giá Nubia V80 Design: Thiết kế thời thượng, lấy cảm hứng từ Flagship
2.1. Màn hình 6.75 inch, độ phân giải 1940x900 pixels, tần số quét 120Hz, độ sáng 1000nits
2.2. Thiết kế góc bo tối ưu theo công thái học
2.3. Thiết kế lấy cảm hứng từ Flagship, màu sắc nổi bật
2.4. Thiết kế nguyên khối và liền mạch
2.5. Siêu mỏng 7.7mm, siêu nhẹ 191g
2.6. Camera AI 50MP: chụp ảnh bằng cử chỉ, hình ảnh chuyển động
2.7. Camera trước và sau quay video cùng lúc
2.8. Bộ xử lý 8 nhân, xung nhịp lên đến 2.2GHz
2.9. Hỗ trợ công nghệ hợp nhất bộ nhớ (Memory Fusion), RAM động lên đến 20GB
2.10. Pin khủng 5000mAh, công nghệ sạc thông minh
2.11. Nubia Linkfree hỗ trợ gọi thoại và nhắn tin miễn phí
2.12. Kháng bụi & kháng nước chuẩn IP64
2.13. Hiệu ứng âm thanh Nubia chất lượng cao
2.14. Nhiều tính năng tiện ích, trải nghiệm tốt hơn
3. Nubia V80 Design tích hợp nhiều tính năng AI thông minh
3.1. Nút AI ghi nhớ - Chụp ảnh chỉ với một chạm
3.2. Cảnh báo lừa đảo bằng AI
3.3. Chuyển đổi phong cách bức hình bằng AI
3.4. Phác thảo AI
3.5. Trình tạo nội dung mạng xã hội bằng AI
3.6. Tạo hình nền AI
3.7. Viết nội dung AI, phản hồi thông minh
3.8. Dịch hội thoại trực tiếp, dịch thời gian thực bằng AI
3.9. Chỉnh sửa hình ảnh bằng AI
4. Điện thoại Nubia V80 Design khi nào ra mắt?
5. Điện thoại Nubia V80 Design giá bao nhiêu?
6. Nubia V80 Design có mấy màu?
7. Nubia V80 Design có mấy phiên bản RAM, ROM?
8. Điện thoại Nubia V80 Design phù hợp cho người dùng nào?
9. Bộ sản phẩm Nubia V80 Design trong hộp có gì?
10. Địa chỉ mua điện thoại Nubia V80 Design giá rẻ, hỗ trợ trả góp 0% và tặng sim data miễn phí
Bảng so sánh thông số Nubia V80 Design và Nubia V70 Design có đáng nâng cấp?
Nubia V80 Design là bản nâng cấp đáng cân nhắc so với Nubia V70 Design nếu ưu tiên hiệu năng ổn định, trải nghiệm hiển thị mượt và khả năng chụp ảnh tốt. Việc đặt hai thiết bị này lên bàn cân so sánh sẽ giúp người dùng có cái nhìn rõ ràng về khác biệt thực tế:
Thông số
Nubia V80 Design
Nubia V70 Design
Kích thước máy
166 x 79x 7.7 mm
165.8 x 77.1 x 8.2 mm
Màn hình
Kích thước 6.75 inch, tần số quét 120Hz
HD+ 6.7 inch, tần số quét 120Hz
Camera sau
Camera ba ống kính AI 50MP
Camera 50MP + 2MP + AI 
Camera trước
16MP
16MP
Hiệu năng CPU
Unisoc T7280
Unisoc T606
Pin & sạc
Pin 5000mAh với công suất sạc 22.5W
Pin 5000mAh với sạc nhanh 22.5W
Chế độ SIM
Hai SIM
Nano+Nano+TF
Hai máy có một vài thông số khác nhau
Ở thế hệ mới, V80 Design tập trung nâng cấp toàn diện vào trải nghiệm. Trong khi đó, phiên bản tiền nhiệm vẫn phù hợp với người dùng có nhu cầu cơ bản và không quá đặt nặng yếu tố hiệu năng. 
Đánh giá Nubia V80 Design: Thiết kế thời thượng, lấy cảm hứng từ Flagship
V80 Design lấy tinh thần thiết kế từ các dòng cao cấp, nhưng được tinh chỉnh để phù hợp với tầm giá dễ tiếp cận. Chiếc smartphone này có thể phục vụ nhiều nhu cầu qua các đặc điểm tiên tiến.
Màn hình 6.75 inch, độ phân giải 1940x900 pixels, tần số quét 120Hz, độ sáng 1000nits
Nubia V80 Design tạo ấn tượng nhờ kích thước màn hình lớn 6.75 inch, mang lại không gian hiển thị rộng rãi. Bên cạnh đó, máy còn đạt tần số quét 120Hz hỗ trợ chuyển cảnh liền mạch. Độ sáng tối đa 1000 nits cũng cho khả năng hiển thị ngoài trời chất lượng. 
Màn hình điện thoại có độ sáng cao
Hơn thế nữa, độ phân giải 1940x900 pixels được tối ưu cho màn hình kích thước lớn, giúp nội dung hiển thị rõ ràng, sắc nét ở khoảng cách sử dụng thông thường. Với người dùng phổ thông, mức độ chi tiết này đủ để đáp ứng các tác vụ hàng ngày. Đặc biệt, tỷ lệ hiển thị dài giúp hạn chế viền đen khi xem nội dung chuẩn widescreen.
Thiết kế góc bo tối ưu theo công thái học
Các góc bo của Nubia V80 Design được xử lý khá khéo léo theo hướng công thái học, tạo nên sự cân bằng giữa tính thẩm mỹ và tính thực dụng. Khi cầm bằng một tay, lòng bàn tay và các ngón tay tiếp xúc với mặt lưng và cạnh bên cho cảm giác thoải mái. 
Máy được thiết kế tối ưu
Phần cạnh bên được thiết kế liền mạch, độ cong chuyển tiếp tự nhiên giữa mặt lưng và khung viền, giúp tổng thể máy trông thanh thoát. Sự tối ưu về công thái học cũng giúp thiết bị phù hợp với nhiều đối tượng người dùng.
Thiết kế lấy cảm hứng từ Flagship, màu sắc nổi bật
Nubia V80 Design sở hữu ngôn ngữ thiết kế flagship, thể hiện rõ nét qua cách xử lý bề mặt tinh tế và bảng màu đa dạng. Đây là cách tiếp cận thông minh, tập trung vào trải nghiệm thị giác để mang lại cảm giác cao cấp cho người dùng. Về màu sắc, bảng màu được lựa chọn khá táo bạo nhưng vẫn giữ được sự hài hòa. 
Bảng màu thích hợp nhiều sở thích
Đen huyền vũ mang phong cách trầm, lịch lãm, phù hợp với người dùng yêu thích sự tối giản và chuyên nghiệp. Vàng hổ phách tạo cảm giác sang trọng, ấm áp, nổi bật. Xanh ngọc lam mang hơi hướng trẻ trung, hiện đại. Trong khi đó, hồng phấn đào lại hướng đến sự nhẹ nhàng, thể hiện cá tính mềm mại và tinh tế.
Thiết kế nguyên khối và liền mạch
Từ mặt lưng, khung viền cho đến mặt trước, các chi tiết được liên kết chặt chẽ, tạo nên một thể nguyên khối. Thiết kế này giúp Nubia V80 Design trông chắc chắn, gọn gàng và cao cấp. 
Điện thoại có kiểu dáng tinh tế
Các chi tiết như cổng kết nối, phím bấm hay loa ngoài đều được bố trí hợp lý, ăn khớp với tổng thể thiết kế. Bên cạnh đó, mặt lưng và khung viền chuyển tiếp mượt mà, hạn chế tối đa các đường cắt gãy. 
Siêu mỏng 7.7mm, siêu nhẹ 191g
Nubia V80 Design đạt độ mỏng ấn tượng chỉ 7.7mm kết hợp cùng trọng lượng 191g. Khi cầm trên tay, thiết bị cho cảm giác gọn gàng, nhẹ và cân đối, đặc biệt phù hợp với những người thường xuyên sử dụng điện thoại trong thời gian dài.
Máy sở hữu độ mỏng nhẹ ấn tượng
Độ mỏng này lý tưởng để người dùng dễ dàng bỏ túi quần, túi áo hay túi xách. Ngoài ra, độ mỏng và nhẹ còn giúp thiết bị trở nên tinh tế và mang dáng dấp của những dòng cao cấp vốn chú trọng vào trải nghiệm cầm nắm. 
Camera AI 50MP: chụp ảnh bằng cử chỉ, hình ảnh chuyển động
Camera AI 50MP trên Nubia V80 Design được thiết kế nhằm nhấn mạnh vào tính tiện lợi và thông minh trong quá trình sử dụng. Khả năng ghi lại hình ảnh chuyển động giúp camera có thể ghi lại chuỗi chuyển động ngắn. Từ đó, người dùng dễ dàng chọn ra khung hình đẹp. 
Camera chụp ảnh chất lượng
Không những vậy, tính năng chụp ảnh bằng cử chỉ cũng thích hợp sử dụng trong những tình huống chụp ảnh nhóm, chụp từ xa hoặc khi đặt máy lên tripod. Người dùng chỉ cần thực hiện cử chỉ quen thuộc trước ống kính, hệ thống sẽ tự động nhận diện và kích hoạt chụp, giúp loại bỏ nhu cầu bấm nút vật lý hay hẹn giờ phức tạp. 
Camera trước và sau quay video cùng lúc
Khả năng quay video bằng cả camera trước và sau của Nubia V80 Design giúp mở ra nhiều kịch bản sử dụng thực tế. Trong các tình huống vlog, người dùng có thể ghi lại đồng thời khung cảnh phía trước và phản ứng của bản thân, tạo cảm giác chân thực và sinh động. 
Tính năng này đem đến sự tiện lợi
Khi ghi lại những khoảnh khắc đặc biệt, việc sử dụng song song hai camera giúp câu chuyện trở nên đầy đủ và có chiều sâu, thay vì chỉ tập trung vào một góc nhìn cố định. Về mặt thiết kế trải nghiệm, giao diện chuyển đổi và hiển thị hai khung hình cũng được tối ưu để dễ theo dõi. 
Bộ xử lý 8 nhân, xung nhịp lên đến 2.2GHz
Bộ xử lý 8 nhân với xung nhịp tối đa 2.2GHz của Nubia V80 Design mang đến khả năng xử lý mượt mà trong các tác vụ phổ biến hay đa nhiệm cơ bản. Với nền tảng Unisoc T7280, các thao tác chuyển ứng dụng, mở camera hay chỉnh sửa ảnh nhẹ diễn ra khá nhanh và ổn định. 
Hiệu năng xử lý của máy tốt
Bộ xử lý đa nhân giúp phân bổ công việc hiệu quả, hạn chế tình trạng giật lag khi chạy nhiều ứng dụng cùng lúc. Sự cân bằng giữa hiệu năng và tiêu thụ điện năng cũng góp phần duy trì nhiệt độ ổn định, giúp thiết bị hạn chế quá nóng khi sử dụng liên tục. 
Hỗ trợ công nghệ hợp nhất bộ nhớ (Memory Fusion), RAM động lên đến 20GB
Công nghệ Memory Fusion là một giải pháp thông minh nhằm tối ưu hiệu năng trong điều kiện phần cứng giới hạn. Bằng cách sử dụng một phần bộ nhớ trong làm RAM ảo, hệ thống có thể mở rộng dung lượng RAM động lên đến 20GB, giúp cải thiện khả năng đa nhiệm rõ rệt trên Nubia V80 Design.
Bộ nhớ RAM dung lượng cao
Trong thực tế, điều này cho phép người dùng mở nhiều ứng dụng cùng lúc. Các ứng dụng chạy nền cũng được giữ lại lâu, giúp tiết kiệm thời gian và mang lại trải nghiệm liền mạch. 
Pin khủng 5000mAh, công nghệ sạc thông minh
Viên pin dung lượng 5000mAh trong Nubia V80 Design mang lại sự an tâm trong suốt nhiều giờ sử dụng. Dung lượng pin lớn kết hợp với khả năng tối ưu năng lượng từ phần cứng và phần mềm giúp thời lượng sử dụng ổn định và bền bỉ. Tùy theo cường độ sử dụng, máy sẽ cung cấp thời lượng khác nhau.
Điện thoại cho thời lượng dài
Bên cạnh đó, máy có khả năng sạc nhanh giúp phân bổ dòng điện hợp lý, giúp pin được nạp đều và an toàn. Không những vậy, sạc đêm thông minh AI còn hỗ trợ điều chỉnh tốc độ sạc phù hợp, giảm thiểu tình trạng chai pin. Ngoài ra, sạc ngược 10W cho phép mở rộng khả năng sử dụng, hữu ích khi cần sạc thiết bị khác.
Nubia Linkfree hỗ trợ gọi thoại và nhắn tin miễn phí
Nubia Linkfree được tích hợp trên Nubia V80 Design nhằm mở rộng khả năng liên lạc trong nhiều bối cảnh khác nhau. Tính năng này giúp duy trì liên lạc ổn định ngay cả khi điều kiện mạng di động không lý tưởng.
Nubia Linkfree liên lạc miễn phí
Nubia Linkfree cho phép gọi thoại và nhắn tin miễn phí thông qua kết nối dữ liệu hoặc các nền tảng tương thích, giúp giảm phụ thuộc vào sóng di động truyền thống. Điều này phù hợp trong những khu vực sóng yếu, khi di chuyển trong không gian kín.
Kháng bụi & kháng nước chuẩn IP64
Chuẩn IP64 được trang bị cho Nubia V80 Design thể hiện rõ định hướng nâng cao tính thực dụng. Thiết bị có khả năng chịu được tia nước bắn từ nhiều hướng, thích hợp để sử dụng ngoài trời, trong điều kiện thời tiết ẩm ướt nhẹ, mưa nhỏ. 
Máy đạt tiêu chuẩn IP64
Tuy nhiên, người dùng không nên đặt máy trong môi trường có hóa chất, chất lỏng. Thêm vào đó, các khe cổng, đường ráp được xử lý kín đáo, vừa đảm bảo yếu tố thẩm mỹ, vừa nâng cao độ bền. 
Hiệu ứng âm thanh Nubia chất lượng cao
Nubia V80 Design tập trung xây dựng hệ thống hiệu ứng âm thanh mang tính cá nhân hóa cao, đáp ứng nhiều nhu cầu sử dụng khác nhau. Các cải tiến được thể hiện rõ qua những yếu tố sau:
Tinh chỉnh âm thanh chuyên nghiệp: Hệ thống âm thanh được tinh chỉnh theo hướng cân bằng, giúp tái tạo âm thanh rõ ràng, hạn chế méo tiếng.
Trường âm thanh vòm 3D: Hiệu ứng này giúp âm thanh được phân tách tốt theo chiều sâu và chiều ngang.
Tăng cường âm trầm động: Âm trầm được xử lý linh hoạt, có lực nhưng không lấn át dải trung và cao. 
Tối ưu cho nhiều tình huống sử dụng: Hệ thống âm thanh tự động điều chỉnh theo ngữ cảnh như nghe nhạc, xem video, gọi điện hay chơi game. 
Âm thanh máy rõ ràng, sống động
Nhiều tính năng tiện ích, trải nghiệm tốt hơn
Nubia V80 Design được trang bị loạt tính năng tiện ích, góp phần hoàn thiện trải nghiệm tổng thể. Nhờ vậy, điện thoại trở nên thân thiện và dễ sử dụng trong đời sống hàng ngày:
Cảm biến vân tay cạnh bên: Vị trí đặt cảm biến được tối ưu theo thói quen cầm nắm tự nhiên, giúp mở khóa nhanh và chính xác. 
La bàn: Tính năng này hỗ trợ tốt cho các ứng dụng bản đồ, du lịch và khám phá khi di chuyển ở khu vực mới.
NFC: Tính năng thanh toán không chạm này giúp kết nối nhanh với phụ kiện và chia sẻ dữ liệu tiện lợi. 
Micro kép: Hệ thống giúp thu âm rõ ràng hơn và giảm nhiễu hiệu quả trong các cuộc gọi hoặc khi ghi âm.
Nubia V80 Design tích hợp nhiều tính năng AI thông minh
Phiên bản Nubia V80 Design sử dụng trí tuệ nhân tạo để hỗ trợ trực tiếp cho các nhu cầu chụp ảnh, giao tiếp, sáng tạo nội dung và bảo mật thông tin. Dưới đây là các tính năng AI của máy tập trung vào hiệu quả sử dụng thực tế.
Nút AI ghi nhớ - Chụp ảnh chỉ với một chạm
Tính năng này cho phép người dùng chụp ảnh hoặc ghi lại khoảnh khắc chỉ bằng một thao tác chạm. Theo đó, AI sẽ tự động nhận diện bối cảnh và kích hoạt chế độ phù hợp. Điều này hữu ích trong những tình huống cần phản xạ nhanh hay lưu giữ hình ảnh bất chợt trong cuộc sống thường ngày.
Tính năng hỗ trợ chụp thuận tiện
Không chỉ dừng lại ở đó, AI còn ghi nhớ yếu tố ánh sáng, chủ thể, không gian xung quanh của bức ảnh. Nhờ đó, ảnh chụp có độ ổn định cao, hạn chế rung mờ và giữ được chi tiết quan trọng. 
Cảnh báo lừa đảo bằng AI
Hệ thống AI này trên Nubia V80 Design có khả năng phân tích cuộc gọi, tin nhắn và nội dung liên kết theo thời gian thực để phát hiện dấu hiệu bất thường. Khi nhận thấy nguy cơ lừa đảo, AI sẽ đưa ra cảnh báo rõ ràng, giúp người dùng kịp thời dừng tương tác.
Máy hỗ trợ cảnh báo lừa đảo
Trí tuệ nhân tạo sẽ tiến hành phân tích hành vi, ngôn ngữ và cấu trúc nội dung để đánh giá mức độ rủi ro. Điều này giúp giảm thiểu các trường hợp cảnh báo sai, đồng thời tăng hiệu quả bảo vệ thông tin cá nhân.
Chuyển đổi phong cách bức hình bằng AI
Trên điện thoại Nubia V80 Design, AI cho phép người dùng biến đổi phong cách hình ảnh trong thời gian ngắn. Từ ảnh chụp thông thường, hệ thống có thể chuyển sang các phong cách nghệ thuật khác nhau.
AI cũng sẽ phân tích bố cục, màu sắc chủ đạo và chủ thể chính để điều chỉnh phong cách phù hợp, hạn chế làm mất chi tiết quan trọng. Nhờ vậy, ảnh sau khi chuyển đổi vẫn giữ được cảm xúc ban đầu nhưng mang diện mạo mới, phù hợp cho việc chia sẻ trên mạng xã hội hoặc lưu trữ cá nhân.
Phác thảo AI
Phác thảo AI trên Nubia V80 Design là công cụ hỗ trợ sáng tạo dành cho cả người không chuyên lẫn người có tư duy nghệ thuật. Người dùng chỉ cần vẽ phác vài nét cơ bản hoặc chụp lại một hình ảnh có sẵn, AI sẽ tự động hoàn thiện thành bản phác thảo rõ ràng, có chiều sâu và bố cục hợp lý.
Điện thoại có khả năng phác thảo AI
Tính năng này thường dùng để ghi lại ý tưởng nhanh, từ thiết kế, minh họa cho đến ghi chú trực quan. AI giúp giảm khoảng cách giữa ý tưởng trong đầu và hình ảnh thể hiện ra bên ngoài, tiết kiệm thời gian đáng kể.
Trình tạo nội dung mạng xã hội bằng AI
Với nhu cầu chia sẻ ngày càng cao, AI trên Nubia V80 Design hỗ trợ tạo nội dung mạng xã hội một cách nhanh chóng và hiệu quả. Từ một bức ảnh hoặc video ngắn, AI có thể gợi ý caption, hashtag và cách trình bày phù hợp với từng nền tảng khác nhau.
Nội dung được tạo thích hợp nhu cầu
Điểm mạnh của tính năng này là khả năng điều chỉnh theo ngữ cảnh và mục đích sử dụng. Dù là nội dung cá nhân, giới thiệu sản phẩm hay chia sẻ trải nghiệm, AI có thể đưa ra gợi ý ngắn gọn, đúng trọng tâm, giúp bài đăng thu hút. 
Tạo hình nền AI
Tạo hình nền AI mang đến trải nghiệm cá nhân hóa sâu cho Nubia V80 Design. Người dùng có thể nhập mô tả đơn giản về phong cách, màu sắc hoặc chủ đề mong muốn, AI sẽ tạo ra hình nền độc quyền dựa trên yêu cầu đó. 
Cá nhân hóa màn hình với Nubia V80 Design
Mỗi hình nền sẽ được tối ưu theo độ phân giải màn hình, đảm bảo hiển thị sắc nét và hài hòa. Không chỉ dừng ở yếu tố thẩm mỹ, AI còn cân nhắc đến khả năng hiển thị biểu tượng và widget. 
Viết nội dung AI, phản hồi thông minh
Trên Nubia V80 Design, AI hỗ trợ viết nội dung và phản hồi thông minh là công cụ đắc lực trong giao tiếp hằng ngày. Khi soạn tin nhắn, email hoặc ghi chú, AI có thể gợi ý câu trả lời phù hợp với ngữ cảnh, giọng điệu và mức độ trang trọng cần thiết. 
Nubia V80 Design ứng dụng AI thông minh
Tính năng này giúp tối ưu thời gian và giảm áp lực trong những tình huống cần phản hồi nhanh. AI sẽ học từ thói quen sử dụng để đưa ra gợi ý ngày càng sát với phong cách cá nhân, giúp giao tiếp trở nên tự nhiên hơn.
Dịch hội thoại trực tiếp, dịch thời gian thực bằng AI
Trí tuệ AI trên Nubia V80 Design có thể nhận diện giọng nói, chuyển đổi ngôn ngữ và hiển thị bản dịch gần như ngay lập tức. Điều này hữu ích trong các cuộc trò chuyện đa ngôn ngữ, du lịch hoặc làm việc với đối tác nước ngoài.
Nhờ khả năng phân tích ngữ cảnh, giọng điệu và sắc thái câu nói cũng được giữ ở mức tương đối, giúp cuộc trò chuyện diễn ra mạch lạc và tự nhiên. Đây là bước tiến quan trọng trong việc xóa bỏ rào cản ngôn ngữ bằng công nghệ.
Chỉnh sửa hình ảnh bằng AI
Chỉnh sửa hình ảnh bằng AI giúp đơn giản hóa những thao tác vốn phức tạp. Người dùng có thể xóa vật thể không mong muốn, cải thiện ánh sáng, làm rõ chi tiết hoặc cân bằng màu sắc qua vài thao tác trên Nubia V80 Design. 
Chụp ảnh và chỉnh ngay bằng AI trên V80 Design
AI cũng sẽ tự động phân tích hình ảnh để đưa ra phương án chỉnh sửa tối ưu, hạn chế tối đa việc làm ảnh hưởng đến chất lượng tổng thể. Khác với các công cụ chỉnh sửa truyền thống, AI tập trung vào việc giữ lại tính tự nhiên của bức ảnh. 
Điện thoại Nubia V80 Design khi nào ra mắt?
Nubia V80 Design là mẫu smartphone mới thuộc dòng phổ thông được Nubia giới thiệu rộng rãi vào ngày 10/01/2026 tại Việt Nam. Phiên bản chính thức ra mắt tại buổi lễ trình làng sản phẩm cùng với các model khác trong dòng V80. Các phiên bản đã được nhanh chóng mở bán trên nhiều thị trường.
Điện thoại ra mắt ngày 10/01/2026 ở Việt Nam
Chiếc điện thoại thông minh này thuộc tập đoàn ZTE của Trung Quốc. Sản phẩm này hướng đến nhóm người dùng muốn sở hữu một chiếc điện thoại có thiết kế hấp dẫn, cấu hình đủ dùng cho các tác vụ thường ngày.
Điện thoại Nubia V80 Design giá bao nhiêu?
Mẫu Nubia V80 Design có giá bán dao động khoảng 3.290.000đ tại thị trường Việt Nam. Mức giá này sẽ thay đổi tùy nơi bán và thị trường cụ thể
Điện thoại có giá bán hợp lý
Nubia V80 Design có mấy màu?
Nubia V80 Design có 4 màu sắc là Midnight Black (Đen Huyền Vũ), Celadon Cyan (Xanh ngọc lam), Peach Fuzz (Hồng phấn đào) và Pale Amber (Vàng hổ phách). Bảng màu này giúp người dùng lựa chọn theo phong cách cá nhân ngay từ đầu.
Mặc dù thuộc phân khúc giá rẻ-phổ thông nhưng phiên bản này lại sở hữu thiết kế hiện đại và phong cách. Các gam màu này phù hợp với người dùng trẻ và những đối tượng sử dụng muốn có một chiếc điện thoại vừa túi tiền, hợp thời trang.
Nubia V80 Design có mấy phiên bản RAM, ROM?
Nubia V80 Design có hai phiên bản RAM/ROM để người dùng lựa chọn: 8GB RAM + 128GB ROM và 8GB RAM + 256GB ROM. Cả hai phiên bản đều có bộ nhớ RAM chuẩn 8GB, trong khi ROM có 2 tùy chọn. 
Điện thoại cung cấp bộ nhớ lý tưởng
Điện thoại Nubia V80 Design phù hợp cho người dùng nào?
Nubia V80 Design là lựa chọn phù hợp cho người dùng yêu thích một chiếc smartphone có ngoại hình hiện đại, dễ sử dụng với mức chi phí hợp lý. Sản phẩm hướng đến học sinh – sinh viên, người cần một chiếc điện thoại gọn nhẹ, ổn định.
Máy phù hợp đa đối tượng dùng
Bộ sản phẩm Nubia V80 Design trong hộp có gì?
Khi mở hộp, người dùng sẽ nhận được đầy đủ các phụ kiện cơ bản phục vụ cho quá trình sử dụng ngay từ ban đầu. Những phụ kiện này được sắp xếp gọn gàng và dễ kiểm tra, gồm có:
Điện thoại Nubia V80 Design chính hãng
Cáp sạc USB hỗ trợ sạc pin và truyền dữ liệu 
Củ sạc giúp cung cấp nguồn điện ổn định cho thiết bị. 
Sách hướng dẫn sử dụng 
Hộp điện thoại đầy đủ phụ kiện
Hộp điện thoại được trang bị đầy đủ các phụ kiện thiết yếu, để có thể sử dụng máy ngay. Người dùng có thể mua thêm phụ kiện cơ bản để nâng cao trải nghiệm.
Địa chỉ mua điện thoại Nubia V80 Design giá rẻ, hỗ trợ trả góp 0% và tặng sim data miễn phí
Khi tìm mua Nubia V80 Design với mức giá hợp lý và chính sách mua hàng rõ ràng, CellphoneS là địa chỉ được nhiều khách hàng tin chọn. Cửa hàng còn mang đến nhiều quyền lợi thiết thực, giúp người dùng yên tâm:
Giá bán cạnh tranh: Điện thoại được niêm yết giá tốt.
Hỗ trợ trả góp 0% lãi suất: Thủ tục đơn giản, duyệt nhanh, giúp khách hàng dễ dàng sở hữu máy.
Sản phẩm có nguồn gốc rõ ràng: Hệ thống cam kết tiêu chuẩn chính hãng, đầy đủ phụ kiện theo tiêu chuẩn.","{""Màn hình"": [{""name"": ""Kích thước màn hình"", ""value"": ""6.75 inches""}, {""name"": ""Công nghệ màn hình"", ""value"": ""IPS LCD""}, {""name"": ""Tính năng màn hình"", ""value"": ""Tần số quét 120Hz""}, {""name"": ""Tần số quét"", ""value"": ""120Hz""}], ""Camera sau"": [{""name"": ""Camera sau"", ""value"": ""50 MP + 2 MP + 0.08 MP""}], ""Camera trước"": [{""name"": ""Camera trước"", ""value"": ""16 MP""}], ""Vi xử lý & đồ họa"": [{""name"": ""Chipset"", ""value"": ""Unisoc T7280""}], ""Giao tiếp & kết nối"": [{""name"": ""Công nghệ NFC"", ""value"": ""Có""}, {""name"": ""Thẻ SIM"", ""value"": ""2 Nano-SIM""}], ""RAM & lưu trữ"": [{""name"": ""Dung lượng RAM"", ""value"": ""8 GB""}, {""name"": ""Bộ nhớ trong"", ""value"": ""128 GB""}], ""Pin & công nghệ sạc"": [{""name"": ""Pin"", ""value"": ""5000 mAh""}, {""name"": ""Công nghệ sạc"", ""value"": ""Sạc nhanh 22.5W""}], ""Thông số khác"": [{""name"": ""Chỉ số kháng nước, bụi"", ""value"": ""IP64""}]}","[""https://cdn2.cellphones.com.vn/x/media/catalog/product/s/l/slider-nubia-v80-design.jpg"", ""https://cdn2.cellphones.com.vn/x/media/catalog/product/s/l/slider-nubia-v80-design-1.jpg"", ""https://cdn2.cellphones.com.vn/x/media/catalog/product/s/l/slider-nubia-v80-design-2.jpg""]","{""product_color_1"": {""color"": ""Cam"", ""image_url"": ""https://cellphones.com.vn/dien-thoai-nubia-v80-design.html?product_id=121766"", ""price"": ""3.990.000₫""}, ""product_color_2"": {""color"": ""Vàng"", ""image_url"": ""https://cellphones.com.vn/dien-thoai-nubia-v80-design.html?product_id=123770"", ""price"": ""3.990.000₫""}, ""product_color_3"": {""color"": ""Đen"", ""image_url"": ""https://cellphones.com.vn/dien-thoai-nubia-v80-design.html?product_id=121765"", ""price"": ""3.990.000₫""}}"
Nubia Neo 3 5G 8GB 256GB,nubia-neo-2,5.490.000đ,5.090.000đ,"Đặc điểm nổi bật của Nubia Neo 3 5G 8GB 256GB
Điện thoại Nubia Neo 3 5G được nhiều người dùng đánh giá cao nhờ được trang bị bộ xử lý T8300 5G mạnh mẽ, mang lại hiệu suất vượt trội cho mọi tác vụ. Với màn hình 6.8 inch, chất lượng hình ảnh trên máy sẽ luôn cực kỳ sống động và có độ chi tiết cao. Kèm theo đó là viên pin 6000 mAh cùng khả năng sạc nhanh 33W cung cấp thời lượng sử dụng suốt cả ngày dài.
Nội dung chính
1. Vì sao nên mua điện thoại Nubia Neo 3 5G sử dụng?
2. So sánh điện thoại Nubia Neo 3 5G với Nubia Neo 2 5G chi tiết
3. Điện thoại Nubia Neo 3 5G - Camera sắc nét, hiệu năng xử lý mạnh mẽ
3.1. Chip Octa-Core tối ưu hiệu năng mạnh mẽ, đảm bảo xử lý mượt mà
3.2. Camera cao cấp, đem tới khả năng quay phim, chụp ảnh cực sắc nét
3.3. Dung lượng pin lớn 6000 mAh, đảm bảo thời gian sử dụng kéo dài cả ngày
3.4. Cung cấp trải nghiệm hiển thị rõ nét thông qua màn hình 120Hz cao cấp
4. Điện thoại Nubia Neo 3 5G khi nào ra mắt?
5. Điện thoại Nubia Neo 3 5G giá bao nhiêu?
6. Mua điện thoại Nubia Neo 3 5G chính hãng tại cửa hàng CellphoneS
Vì sao nên mua điện thoại Nubia Neo 3 5G sử dụng?
Điện thoại Nubia Neo 3 5G sở hữu nhiều đặc điểm vượt trội hứa hẹn mang lại những trải nghiệm dùng tối ưu như:
Thiết kế Mecha kết hợp đền RGB: Gây ấn tượng với người dùng với thiết kế bắt mắt
Chế độ AI Game Space 3.0: Nâng cao trải nghiệm chơi game
AI thông minh: Hỗ trợ dịch thuật thời gian thực
Màn hình Live Island 2.0: Hiển thị thông báo và lời nhắc quan trọng
So sánh điện thoại Nubia Neo 3 5G với Nubia Neo 2 5G chi tiết
Nubia Neo 3 5G với thế hệ Neo 2 trước đó có gì khác biệt, khi sử dụng Neo 2 5G, có nên nâng cấp lên phiên bản Neo3 không thì hãy cùng so sánh chi tiết:
Thông số
Nubia Neo 3 5G 8GB 256GB
Nubia Neo 2 5G
Kích thước màn hình
6.8 inches
6.72 inches
Công nghệ màn hình
IPS LCD
IPS LCD
Camera sau
50M+2M, ƒ/1.8
Camera góc rộng: 50 MP, f/1.8, PDAF
Camera đo độ sâu: 2 MP, f/2.4
Camera trước
16MP, ƒ/2.0
16MP
Chipset
Unisoc T8300
Unisoc T820 (6 nm)
Công nghệ NFC
Có
Có
Dung lượng RAM
8 GB
8 GB
Bộ nhớ trong
256 GB
256 GB
Pin
6000mAh
6000mAh
Thẻ SIM
Nano-SIM
2 SIM (Nano-SIM)
Hệ điều hành
Android 15
Android 13
Tính năng màn hình
Độ phân giải: 900 x 2030 pixel (FHD)
Tần số: 120Hz
Độ sáng: 1000 nits
Corning Gorilla Glass, 400 ppi
Tần số quét 120Hz
Loại CPU
Octa-Core (2*Cortex-A78 @ 2.2GHz + 6*Cortex-A55 @2.0GHz)
1x2.7 GHz Cortex-A76 & 3x2.3 GHz Cortex-A76 & 4x2.1 GHz Cortex-A55
Điện thoại Nubia Neo 3 5G - Camera sắc nét, hiệu năng xử lý mạnh mẽ
Điện thoại Nubia Neo 3 5G là một trong những smartphone hiện đại với nhiều tính năng nổi bật đang thu hút nhiều sự chú ý trong phân khúc giá tầm trung. Sản phẩm không chỉ nổi bật về thiết kế mà còn về hiệu năng và khả năng chụp ảnh, đáp ứng tốt nhu cầu của người dùng ngày nay.
Chip Octa-Core tối ưu hiệu năng mạnh mẽ, đảm bảo xử lý mượt mà
Nubia Neo 3 5G được trang bị bộ xử lý Unisoc T8300, giúp tối ưu hóa hiệu năng cho mọi hoạt động. Với 8 nhân mạnh mẽ, điện thoại này có khả năng xử lý đa nhiệm nhanh chóng và mượt mà, từ việc chơi game đòi hỏi cao đến việc chạy các ứng dụng văn phòng cùng lúc. 
Hệ điều hành Android v14 của máy hỗ trợ tối ưu hóa tài nguyên hiệu quả, giúp tăng cường hiệu suất và tiết kiệm pin. Nhờ đó mà người sử dụng sẽ cảm nhận được sự linh hoạt và mạnh mẽ trong từng thao tác, đảm bảo trải nghiệm sử dụng không gián đoạn và hiệu quả.
Camera cao cấp, đem tới khả năng quay phim, chụp ảnh cực sắc nét
Điện thoại Nubia Neo 3 5G sở hữu cụm camera sau 50 MP và 2MP, cho phép chụp ảnh với độ chi tiết cao và hiệu ứng bokeh tuyệt đẹp. Bên cạnh đó, máy còn được tích hợp kèm tính năng tự động lấy nét hiện đại, giúp hình ảnh luôn sắc nét và rõ ràng, ngay cả trong điều kiện ánh sáng yếu. 
Ấn tượng hơn, Nubia Neo 3 GT còn ghi điểm với khả năng quay video Full HD 1080p @ 30 fps mang lại những video mượt mà và sống động. Ngoài ra, các tính năng như HDR và Panorama trên máy cũng giúp người dùng sáng tạo hơn trong từng bức ảnh, đáp ứng tốt nhu cầu chụp ảnh chuyên nghiệp.
Dung lượng pin lớn 6000 mAh, đảm bảo thời gian sử dụng kéo dài cả ngày
Với pin dung lượng 6000 mAh, Nubia Neo 3 5G mang đến thời lượng sử dụng ấn tượng, cho phép người dùng sử dụng điện thoại liên tục suốt cả ngày mà không lo hết pin. Đi kèm theo đó là công nghệ sạc nhanh 33W, giúp giảm thời gian sạc xuống chỉ vài phút, từ đó tăng tính tiện dụng và linh hoạt.  
Cung cấp trải nghiệm hiển thị rõ nét thông qua màn hình 120Hz cao cấp
Nubia Neo 3 5G được trang bị màn hình 6.8 inch 120Hz với độ phân giải cao, đem tới hình ảnh mượt mà, sống động trong từng chi tiết. Nhờ sở hữu tỷ lệ khung hình 20:9 cùng mật độ điểm ảnh lớn Nubia Neo 3 giúp hiển thị chi tiết và sống động hơn bao giờ hết. Cùng với đó là công nghệ cảm ứng tiên tiến đảm bảo phản hồi nhanh chóng, giúp người dùng thao tác mượt mà trong các ứng dụng và trò chơi.
Điện thoại Nubia Neo 3 5G khi nào ra mắt?
Theo dự kiến, điện thoại Nubia Neo 3 5G chính thức ra mắt vào ngày 6 tháng 3, 2025 trong sự kiện triển lãm MWC Barcelona 2025. Sự ra mắt này của dòng điện thoại Nubia Neo 3 GT mang lại nhiều đột phá về thiết kế và tính năng, đáp ứng tốt nhu cầu ngày càng cao của thị trường smartphone hiện đại.
Điện thoại Nubia Neo 3 5G giá bao nhiêu?
Điện thoại Nubia Neo 3 5G được ra mắt với mức giá 249 euro (khoảng 6,4 triệu VNĐ). Mức giá này phản ánh đúng giá trị mà chiếc smartphone mang lại với các tính năng cao cấp như màn hình lớn, hiệu năng xử lý mạnh mẽ và hệ thống camera tiên tiến. 
So với các dòng điện thoại tầm trung đến cao cấp trên thị trường hiện nay, điện thoại Nubia Neo 3 5G được định vị ở mức giá cạnh tranh. Điều này giúp điện thoại Nubia Neo 3 5G trở thành một lựa chọn hấp dẫn cho người dùng đang tìm kiếm một thiết bị công nghệ hiện đại, đáng tin cậy mà vẫn hợp túi tiền.
Mua điện thoại Nubia Neo 3 5G chính hãng tại cửa hàng CellphoneS
CellphoneS là thương hiệu uy tín hàng đầu tại thị trường Việt Nam, chuyên phân phối các sản phẩm công nghệ chất lượng cao như điện thoại Nubia Neo 3 5G. Với kinh nghiệm nhiều năm trong ngành bán lẻ đồ công nghệ, CellphoneS cam kết cung cấp sản phẩm chính hãng, đảm bảo chất lượng và hỗ trợ khách hàng tận tâm. 
Đồng thời, chính sách bảo hành và các chương trình khuyến mãi của cửa hàng luôn thu hút nhiều sự chú ý của người tiêu dùng, giúp khách hàng có thể yên tâm hơn khi mua sắm. Hơn nữa, dịch vụ giao hàng nhanh chóng và hỗ trợ khách hàng 24/7 tại CellphoneS cũng làm cho việc mua sắm đồ công nghệ của khách hàng trở nên dễ dàng và tiện lợi hơn bao giờ hết.","{""Màn hình"": [{""name"": ""Kích thước màn hình"", ""value"": ""6.8 inches""}, {""name"": ""Công nghệ màn hình"", ""value"": ""IPS LCD""}, {""name"": ""Tính năng màn hình"", ""value"": ""Độ phân giải: 900 x 2030 pixel (FHD)\nTần số: 120Hz\nĐộ sáng: 1000 nits""}, {""name"": ""Tần số quét"", ""value"": ""120Hz""}, {""name"": ""Kiểu màn hình"", ""value"": ""Đục lỗ (Nốt ruồi)""}], ""Camera sau"": [{""name"": ""Camera sau"", ""value"": ""50M+2M, ƒ/1.8""}, {""name"": ""Tính năng camera"", ""value"": ""AI Super Night, Chụp ảnh nhanh AI Sport, AI HDR, chỉnh sửa AI Magic, Cảm biến CMOS, Tự động lấy nét""}], ""Camera trước"": [{""name"": ""Camera trước"", ""value"": ""16MP, ƒ/2.0""}], ""Vi xử lý & đồ họa"": [{""name"": ""Chipset"", ""value"": ""Unisoc T8300""}, {""name"": ""GPU"", ""value"": ""Arm® Mali™ -G57 2cores, up to 950MHz""}], ""Giao tiếp & kết nối"": [{""name"": ""Công nghệ NFC"", ""value"": ""Có""}, {""name"": ""Thẻ SIM"", ""value"": ""Nano-SIM""}, {""name"": ""Hỗ trợ mạng"", ""value"": ""5G""}, {""name"": ""GPS"", ""value"": ""GPS/AGPS/GLONASS/Galileo""}], ""RAM & lưu trữ"": [{""name"": ""Dung lượng RAM"", ""value"": ""8 GB""}, {""name"": ""Bộ nhớ trong"", ""value"": ""256 GB""}], ""Pin & công nghệ sạc"": [{""name"": ""Pin"", ""value"": ""6000mAh""}, {""name"": ""Công nghệ sạc"", ""value"": ""Sạc nhanh 33W""}], ""Tính năng khác"": [{""name"": ""Hệ điều hành"", ""value"": ""Android 15""}], ""Bộ xử lý & Đồ họa"": [{""name"": ""Loại CPU"", ""value"": ""Octa-Core (2*Cortex-A78 @ 2.2GHz + 6*Cortex-A55 @2.0GHz)""}], ""Kích thước & Trọng lượng"": [{""name"": ""Kích thước"", ""value"": ""168.3 x 76.5 x 8.3mm""}], ""Thông số khác"": [{""name"": ""Chỉ số kháng nước, bụi"", ""value"": ""IP54""}, {""name"": ""Tiện ích khác"", ""value"": ""AI Game Space 3.0, AI Gaming Companion, AI Trigger, AI Behavioral Learning, AI Real-time Translate, AI Conversation Transtate""}, {""name"": ""Công nghệ âm thanh"", ""value"": ""Loa stereo kép với DTS:X Ultra""}], ""Tiện ích khác"": [{""name"": ""Cảm biến vân tay"", ""value"": ""Cảm biến vân tay cạnh bên""}, {""name"": ""Các loại cảm biến"", ""value"": ""Cảm biến gia tốc, Cảm biến ánh sáng, La bàn, Con quay hồi chuyển""}, {""name"": ""Tính năng đặc biệt"", ""value"": ""Hỗ trợ 5G, Bảo mật vân tay""}], ""Cổng kết nối"": [{""name"": ""Wi-Fi"", ""value"": ""802.11a/b/g/n/ac, 2.4GHz & 5 GHz\n4x4 MIMO""}, {""name"": ""Bluetooth"", ""value"": ""BT5.4""}]}","[""https://cdn2.cellphones.com.vn/x/media/catalog/product/s/l/slider-neo-3-5g-8gb-256gb.jpg"", ""https://cdn2.cellphones.com.vn/x/media/catalog/product/s/l/slider-neo-3-5g-8gb-256gb-1.jpg"", ""https://cdn2.cellphones.com.vn/x/media/catalog/product/s/l/slider-neo-3-5g-8gb-256gb-2.jpg""]","{""product_color_1"": {""color"": ""Đen"", ""image_url"": ""https://cellphones.com.vn/dien-thoai-nubia-neo-3-5g.html?product_id=104442"", ""price"": ""5.090.000₫""}, ""product_color_2"": {""color"": ""Vàng"", ""image_url"": ""https://cellphones.com.vn/dien-thoai-nubia-neo-3-5g.html?product_id=104531"", ""price"": ""5.090.000₫""}, ""product_color_3"": {""color"": ""Bạc"", ""image_url"": ""https://cellphones.com.vn/dien-thoai-nubia-neo-3-5g.html?product_id=104532"", ""price"": ""5.090.000₫""}}"
Nubia Neo 2 5G,dien-thoai-nubia-red-magic-9-pro,4.990.000đ,4.290.000đ,"Đặc điểm nổi bật của Nubia Neo 2 5G
Nubia Neo 2 là một smartphone mạnh mẽ với chipset Unisoc T820 và bộ nhớ trong lên đến 256GB, cùng với RAM 8GB + 10GB RAM ảo để tối ưu hiệu suất. Máy sở hữu màn hình rộng 6.72 inch Full-HD+ sắc nét với camera chính có độ phân giải lên đến 50MP. Đặc biệt, viên pin dung lượng lớn 6.000 mAh, hỗ trợ sạc nhanh 33W giúp máy hoạt động lâu dài.
Nội dung chính
1. Vì sao nên mua điện thoại Nubia Neo 2
2. So sánh điện thoại Nubia Neo 2 với Nubia Neo - Có gì được nâng cấp
3. Nubia Neo 2 thiết kế cá tính, đáp ứng chơi game mượt mà
3.1. Chipset Unisoc T820 mạnh mẽ
3.2. Camera Nubia Neo 2 lên đến 50MP
3.3. Viên pin 6,000 mAh siêu khủng
3.4. Màn hình 6.72 inch hiển thị tốt
3.5. Thiết kế gaming, phong cách hầm hố
4. Điện thoại Nubia Neo 2 giá bao nhiêu?
5. Nubia Neo 2 khi nào ra mắt?
6. Mua Nubia Neo 2 chính hãng, giá tốt tại CellphoneS
Vì sao nên mua điện thoại Nubia Neo 2
Nubia Neo 2 sở hữu nhiều thiết kế và cấu hình nổi bật so với các sản phẩm khác cùng tầm giá đáng để người dùng sử dụng như:
-  Viên pin 6000 mAh: Viên pin dung lượng lớn cùng sạc nhanh công suất 33W tối ưu thời gian sử dụng
-  Hai nút cảm ứng trigger: Hỗ trợ tối ưu chơi game
-  Chip Unisoc T820 cùng RAM 8GB: Hiệu năng ổn định, điểm Antutu ngang với sản phẩm chạy CPU Snapdragon 685
So sánh điện thoại Nubia Neo 2 với Nubia Neo - Có gì được nâng cấp
Nubia Neo 2 là sản phẩm mới được Nubia trình làng vào đầu năm 2024. Vậy so với thế hệ tiền nhiệm Nubia Neo thì điện thoại được nâng cấp những gì, cùng so sánh chi tiết sau đây.
Nubia Neo 2
Nubia Neo
Màu sắc
Vàng - Đen - Bạc
Đen - Vàng
Màn hình
6.72 inch
IPS LCD 6.6 inches
CPU
Unisoc T820
Chip Unisoc T820
GPU
Mali-G57
Mali-G57
RAM
Ram 8 (+10 RAM ảo)
8 GB
ROM
256 GB
256 GB
Camera sau
50 MP + 2MP
50 MP
Dung lượng pin
6000 mAH - Sạc nhanh 33W
4500mAh
Nubia Neo 2 thiết kế cá tính, đáp ứng chơi game mượt mà
Nubia Neo 2 đã thu hút sự chú ý của cộng đồng game thủ khi ra mắt tại Triển lãm Di động Toàn cầu (Mobile World Congress - MWC) 2024. Được thiết kế đặc biệt cho người chơi game, chiếc điện thoại Nubia này hứa hẹn mang lại trải nghiệm mạnh mẽ và giá cả phải chăng. 
Chipset Unisoc T820 mạnh mẽ
Chiếc điện thoại chơi game Nubia Neo 2 mang đến bất ngờ không chỉ vì giá cả phải chăng mà còn bởi sức mạnh ẩn sau dòng chip T820 của Unisoc. Thay vì sử dụng các chipset phổ biến từ Qualcomm hay MediaTek, Neo 2 sử dụng dòng chip mới nhất này với tốc độ xử lý ở mức 2.7GHz, đủ mạnh mẽ để cải thiện hiệu suất và hiển thị đồ hoạ cho điện thoại.
Trên phần mềm Antutu, điện thoại Nubia Neo 2 đạt điểm số 422 nghìn điểm, ngang ngửa với các sản phẩm chạy trên chip Snapdragon 685, giúp đáp ứng tốt các trải nghiệm game. 
Để cải thiện khả năng hoạt động đa nhiệm, sản phẩm này được trang bị 8GB dynamic RAM (thêm 10GB RAM ảo) kết hợp với 256GB bộ nhớ UFS 3.1, mang lại trải nghiệm mượt mà và hiệu quả cho người dùng.
Camera Nubia Neo 2 lên đến 50MP
Mặc dù được thiết kế tối ưu cho việc chơi game, nhưng Nubia Neo 2 vẫn không quên chăm chút đến khả năng chụp ảnh và quay video của người dùng. 
Ở mặt sau của điện thoại, Nubia đã trang bị một hệ thống camera kép bao gồm cảm biến chính 50MP kết hợp với cảm biến phụ 2MP. Từ đó mang lại khả năng chụp ảnh và quay video với chất lượng tốt nhất, chi tiết và sống động.
Mặt trước của điện thoại Neo 2 Nubia cũng không kém phần ấn tượng với một ống kính selfie 8MP. Với độ phân giải này, người dùng có thể chụp ảnh tự sướng, thực hiện các cuộc gọi video một cách rõ nét và sắc nét.
Viên pin 6,000 mAh siêu khủng
Nubia Neo 2 ấn tượng với từ viên pin dung lượng lớn lên đến 6,000 mAh. Điều này đảm bảo rằng game thủ có thể chơi game suốt cả ngày mà không cần phải lo lắng về việc sạc pin. 
Bên cạnh đó, thiết bị cũng tích hợp tính năng sạc nhanh 33W, giúp người dùng nạp lại năng lượng nhanh chóng. Với sự kết hợp giữa dung lượng pin lớn và tính năng sạc nhanh, game thủ hoàn toàn có thể thoải mái chơi game mà không cần phải lo ngại về việc điện thoại sẽ hết pin.
Màn hình 6.72 inch hiển thị tốt
Nubia Neo 2 với màn hình rộng lên đến 6.72 inch và độ phân giải Full-HD+ (2,400 x 1,080 pixel) mang lại hình ảnh sắc nét và mượt mà. Để tối ưu hiệu suất chơi game, màn hình của Neo được trang bị tần số quét 120Hz, đảm bảo màn hình luôn mượt mà và phản hồi nhanh chóng trong mọi chuyển động. 
Hơn nữa, người dùng sẽ trải nghiệm âm thanh sống động và chân thực khi chơi game với dàn loa stereo và âm thanh DTS:X Ultra cuốn hút. Với những tính năng này, điện thoại Nubia Neo 2 hứa hẹn sẽ là một thiết bị giải trí đa phương tiện đỉnh cao. 
Thiết kế gaming, phong cách hầm hố
Nubia Neo 2 được thiết kế với phong cách mạnh mẽ, hầm hố giống với các mẫu điện thoại gaming khác. Với các hoạ tiết trên mặt lưng, điện thoại mang lại vẻ ngoài mạnh mẽ và cá tính. Cụm camera sau được thiết kế tinh tế, gọn gàng trong hai module tròn tách biệt, tạo điểm nhấn cho thiết kế độc đáo của mặt lưng. 
Viền bezel mỏng và camera selfie nằm trong notch hình giọt nước thể hiện sự tinh tế và hiện đại. Cạnh phải của máy có cảm biến vân tay tích hợp trên nút nguồn cùng hai phím âm lượng. Cạnh dưới của máy có loa ngoài, cổng USB Type-C tạo ra sự tiện lợi và đa dạng trong kết nối.
Ngoài ra, trong phân khúc còn có Nubia Music với chip âm thanh chuyên dụng, mang đến trải nghiệm nghe nhạc tuyệt vời ngay trên chiếc smartphone.
Điện thoại Nubia Neo 2 giá bao nhiêu?
Nubia Neo 2 được công bố với mức giá 199 USD, tương đương khoảng 4.9 triệu đồng. Nubia Neo 2 hứa hẹn trở thành một trong những mẫu điện thoại đáng sở hữu nhất trong phân khúc tầm trung giá rẻ.
Với chipset mạnh mẽ lên đến 2.7GHz, màn hình 120Hz và pin 6000 mAh, Nubia Neo 2 vượt trội so với các đối thủ cùng phân khúc như Redmi Note 12, Vivo Y36, Realme C55,... Với mức giá dễ tiếp cận và hiệu suất ấn tượng, Đây là một cơ hội tuyệt vời để sở hữu một chiếc điện thoại gaming mạnh mẽ mà không cần phải bỏ ra số tiền lớn.
Nubia Neo 2 khi nào ra mắt?
ZTE đã chính thức ra mắt Nubia Neo 2 tại triển lãm MWC 2024, diễn ra từ ngày 26 đến 29/2 tại Barcelona. Sự kiện này đánh dấu sự xuất hiện của một sản phẩm mới trong dòng điện thoại thông minh Nubia của hãng. 
Sự ra mắt của Nubia Neo 2 tại MWC 2024 đã thu hút sự chú ý lớn từ cộng đồng công nghệ và người tiêu dùng.
Mua Nubia Neo 2 chính hãng, giá tốt tại CellphoneS
Bạn có thể mua Nubia Neo 2 chính hãng với giá tốt tại CellphoneS với ưu đãi đặc biệt cũng như các chương trình khuyến mãi hấp dẫn. Đối với đối tượng sinh viên, CellphoneS cung cấp sản phẩm chính hãng với ưu đãi đặc biệt khi đến mua thiết bị tại cửa hàng. 
Ngoài ra, bạn cũng có cơ hội trải nghiệm Nubia Neo 2 trước khi mua thông qua khu vực demo tại cửa hàng. Hãy ghé thăm CellphoneS ngay hôm nay để không bỏ lỡ cơ hội sở hữu chiếc điện thoại hầm hố này với nhiều ưu đãi đặc biệt.","{""Màn hình"": [{""name"": ""Kích thước màn hình"", ""value"": ""6.72 inches""}, {""name"": ""Công nghệ màn hình"", ""value"": ""IPS LCD""}, {""name"": ""Độ phân giải màn hình"", ""value"": ""1080 x 2400 pixels (FullHD+)""}, {""name"": ""Tính năng màn hình"", ""value"": ""Corning Gorilla Glass, 400 ppi\nTần số quét 120Hz""}, {""name"": ""Tần số quét"", ""value"": ""120Hz""}, {""name"": ""Kiểu màn hình"", ""value"": ""Đục lỗ (Nốt ruồi)""}], ""Camera sau"": [{""name"": ""Camera sau"", ""value"": ""Camera góc rộng: 50 MP, f/1.8, PDAF\nCamera đo độ sâu: 2 MP, f/2.4""}, {""name"": ""Quay video"", ""value"": ""1080p@30fps""}, {""name"": ""Tính năng camera"", ""value"": ""LED flash, HDR, panorama""}], ""Camera trước"": [{""name"": ""Camera trước"", ""value"": ""16MP""}, {""name"": ""Quay video trước"", ""value"": ""1080p@30fps""}], ""Vi xử lý & đồ họa"": [{""name"": ""Chipset"", ""value"": ""Unisoc T820 (6 nm)""}, {""name"": ""GPU"", ""value"": ""Mali-G57""}], ""Giao tiếp & kết nối"": [{""name"": ""Công nghệ NFC"", ""value"": ""Có""}, {""name"": ""Thẻ SIM"", ""value"": ""2 SIM (Nano-SIM)""}, {""name"": ""Jack tai nghe 3.5"", ""value"": ""Không""}, {""name"": ""Hỗ trợ mạng"", ""value"": ""Có thể nâng cấp lên 5G""}, {""name"": ""GPS"", ""value"": ""GPS, GLONASS, GALILEO, BDS""}], ""RAM & lưu trữ"": [{""name"": ""Dung lượng RAM"", ""value"": ""8 GB""}, {""name"": ""Bộ nhớ trong"", ""value"": ""256 GB""}], ""Pin & công nghệ sạc"": [{""name"": ""Pin"", ""value"": ""6000mAh""}, {""name"": ""Công nghệ sạc"", ""value"": ""Sạc nhanh 33W""}, {""name"": ""Cổng sạc"", ""value"": ""USB Type-C""}], ""Tính năng khác"": [{""name"": ""Hệ điều hành"", ""value"": ""Android 13""}], ""Bộ xử lý & Đồ họa"": [{""name"": ""Loại CPU"", ""value"": ""1x2.7 GHz Cortex-A76 & 3x2.3 GHz Cortex-A76 & 4x2.1 GHz Cortex-A55""}], ""Kích thước & Trọng lượng"": [{""name"": ""Kích thước"", ""value"": ""166 x 76.1 x 8.5 mm""}, {""name"": ""Trọng lượng"", ""value"": ""208g""}], ""Thiết kế & Trọng lượng"": [{""name"": ""Chất liệu khung viền"", ""value"": ""Nhựa""}], ""Tiện ích khác"": [{""name"": ""Cảm biến vân tay"", ""value"": ""Cảm biến vân tay cạnh bên""}, {""name"": ""Các loại cảm biến"", ""value"": ""Cảm biến gia tốc, Cảm biến tiệm cận""}, {""name"": ""Tính năng đặc biệt"", ""value"": ""Bảo mật vân tay""}], ""Cổng kết nối"": [{""name"": ""Bluetooth"", ""value"": ""BT5.2/UMW2652""}], ""Thông số khác"": [{""name"": ""Công nghệ - Tiện ích"", ""value"": ""Trigger kép, 120Hz FHD+, màn hình Ultra-smooth, live island, bộ xử lý game 2.7ghz, camera 50MP""}, {""name"": ""Công nghệ âm thanh"", ""value"": ""Âm thanh nổi DTS:X Ultra""}], ""Thông tin chung"": [{""name"": ""Thời điểm ra mắt"", ""value"": ""02/2024""}]}","[""https://cdn2.cellphones.com.vn/x/media/catalog/product/n/u/nubia_neo_2_-_1.png"", ""https://cdn2.cellphones.com.vn/x/media/catalog/product/n/u/nubia-neo-2-2.png"", ""https://cdn2.cellphones.com.vn/x/media/catalog/product/n/u/nubia_neo_2-5.png""]","{""product_color_1"": {""color"": ""Vàng"", ""image_url"": ""https://cellphones.com.vn/nubia-neo-2.html?product_id=81199"", ""price"": ""4.290.000₫""}, ""product_color_2"": {""color"": ""Đen"", ""image_url"": ""https://cellphones.com.vn/nubia-neo-2.html?product_id=81198"", ""price"": ""4.290.000₫""}, ""product_color_3"": {""color"": ""Bạc"", ""image_url"": ""https://cellphones.com.vn/nubia-neo-2.html?product_id=81197"", ""price"": ""4.290.000₫""}}"
Nubia Red Magic 9 Pro,nubia-red-magic-7s-pro,N/A,N/A,"Điện thoại Nubia Red Magic 9 Pro sở hữu con chip Qualcomm Snapdragon 8 Gen 3 cùng dung lượng RAM 12GB cho hiệu năng mạnh mẽ và chạy đa nhiệm ổn định. Sản phẩm được trang bị cụm 3 camera 50MP - 50MP - 2MP giúp chụp và quay phim với độ chi tiết cao. Viên pin dung lượng 6500 mAh thoải mái để giải trí và làm việc trên màn hình AMOLED 6.8 inch cả ngày dài.
Nội dung chính
1. Điện thoại Nubia Red Magic 9 Pro: máy gaming Snapdragon 8 gen 3, pin 6500mAh
1.1. Cấu hình cao cấp với chip Snapdragon 8 gen 3
1.2. Cải tiến camera góc rộng lên 50MP
1.3. Pin trâu 6500mAh, hỗ trợ sạc nhanh 80W
1.4. Màn hình AMOLED FHD+ 120Hz
1.5. Thiết kế mạnh mẽ chuẩn gaming phone
2. Điện thoại Nubia Red Magic 9 Pro khi nào ra mắt
3. Điện thoại Nubia Red Magic 9 Pro giá bán bao nhiêu tiền?
4. Mua điện thoại Nubia Red Magic 9 Pro chính hãng tại CellphoneS
Điện thoại Nubia Red Magic 9 Pro: máy gaming Snapdragon 8 gen 3, pin 6500mAh
Là mẫu smartphone chơi game đầu tiên trên thế giới sở hữu bộ xử lý Snapdragon 8 thế hệ thứ 3, Nubia Red Magic 9 Pro được các game thủ đặc biệt quan tâm. Sản phẩm có nhiều nâng cấp đáng chú ý so với người tiền nhiệm Red Magic 8S Pro cả về thiết kế, pin, camera cũng như công nghệ hiển thị. Cùng tham khảo bài viết dưới đây nếu bạn đang nghiên cứu và tìm mua mẫu Nubia này.
Cấu hình cao cấp với chip Snapdragon 8 gen 3
So với Red Magic 8S Pro, người kế nhiệm được Nubia nâng cấp về mặt hiệu năng với chipset Snapdragon 8 gen 3 và card đồ hoạ Adreno 750. Bộ xử lý xây dựng trên tiến trình 4nm giúp tăng 30% hiệu suất và tiết kiệm 25% năng lượng so với Snapdragon 8 gen 2. Kết hợp với RAM 12GB, Red Magic 9 Pro mang tới khả năng chạy đa nhiệm mượt mà, xử lý tốt các tựa game thịnh hành hiện nay như Call of Duty, Liên quân Mobile, PUBG,...
Sản phẩm cung cấp bộ nhớ trong là 256GB - thoải mái lưu trữ nhiều dữ liệu với tốc độ ghi - đọc siêu tốc. Thêm vào đó, Red Magic 9 Pro còn tích hợp hệ thống làm mát kép bao gồm quạt tản nhiệt và công nghệ ICE13.0, đảm bảo máy không bị quá nhiệt. 
Cải tiến camera góc rộng lên 50MP
Red Magic 9 Pro vẫn duy trì cụm máy ảnh quen thuộc nhưng Nubia đã tăng độ phân giải của ống kính góc siêu rộng từ 8MP lên thành 50MP. Tổng thể, sản phẩm mang tới bộ 3 camera cảm biến 50MP - 50MP giúp bạn chinh phục mọi góc quay với chất lượng siêu chân thực.
Mặt trước máy là camera ẩn dưới màn hình với độ phân giải tích hợp nhiều tính năng làm đẹp và quay video sắc nét với tốc độ cao. Điều này không chỉ mang tới những bức ảnh tự sướng đẹp mắt mà còn giúp bạn đàm thoại video chất lượng.
Pin trâu 6500mAh, hỗ trợ sạc nhanh 80W
Điện thoại Red Magic 9 Pro được trang bị viên pin 6500mAh hỗ trợ sạc nhanh 80W, cho phép bạn nhanh chóng nạp đầy năng lượng để không gián đoạn khi đang làm việc hay giải trí. Đặc biệt, con chip Snapdragon 8 gen 3 giúp tối ưu năng lượng ngay cả khi chạy nhiều ứng dụng hay chơi game cấu hình cao. Do đó, kéo dài thời gian sử dụng điện thoại. 
Màn hình AMOLED FHD+ 120Hz
Máy sử dụng màn hình AMOLED cùng vùng hiển thị rộng 6.8 inch cho chất lượng hình ảnh chi tiết, màu sắc rực rỡ và độ tương phản cao. Độ sáng ấn tượng giúp bạn có thể tận hưởng mọi nội dung giải trí hay làm việc ngay cả dưới điều kiện nắng gắt. Tốc độ làm tươi 120Hz mang đến trải nghiệm chiến game mượt mà, hạn chế tình trạng phản hồi chậm tối ưu hơn.
Thiết kế mạnh mẽ chuẩn gaming phone
Red Magic 9 Pro gây ấn tượng ngay từ cái nhìn đầu tiên nhờ thiết kế vuông vức với phong cách rắn rỏi và cứng cáp mà vẫn giữ được độ thanh lịch, hài hoà. Đặc điểm này giúp máy không chỉ là lựa chọn hoàn hảo cho giới game thủ mà còn phù hợp với nhiều đối tượng người dùng. 
Sản phẩm thừa hưởng thiết kế tối giản của phiên bản tiền nhiệm Red Magic 8S Pro và cải tiến với cách bố trí camera hợp lý hơn. Mặt trước máy là màn hình tràn viền với camera đặt ẩn giúp tăng trải nghiệm thị giác cho người dùng. 
Điện thoại Nubia Red Magic 9 Pro khi nào ra mắt
Điện thoại Red Magic 9 Pro được Nubia chính thức công bố vào ngày 23/11/2023 và được nhiều tín đồ công nghệ đánh giá cao về hiệu năng nổi bật trong tầm giá. Trước thời điểm trình làng, phía nhà sản xuất đã giới thiệu hình sản phẩm thông qua các hình ảnh render mô tả thiết kế và màu sắc.
Trong lần ra mắt này, Nubia mang đến cho người dùng 3 phiên bản màu sắc là Transparent Silver Wings, Dark Night Knight và Deuterium Front Transparent Dark Night. Cùng với đó là 3 lựa chọn dung lượng RAM và bộ nhớ trong là 12GB/256GB, 12GB/256GB và 12GB/512GB.
Điện thoại Nubia Red Magic 9 Pro giá bán bao nhiêu tiền?
Với những nâng cấp đáng kể về cấu hình, pin, camera cho tới thiết kế của điện thoại Nubia Red Magic 9 là giá thành vô cùng phải chăng. Cụ thể bạn có thể tham khảo mức giá của smartphone gaming này như sau:
-  Phiên bản Red Magic 9 Pro Dark Night Knight sẽ có giá bán từ 15 triệu đồng đến 18 triệu đồng với 3 tùy chọn cấu hình
-  Phiên bản Red Magic 9 Pro Deuterium Transparent Silver Wings và Deuterium Transparent Dark Night có giá bán từ 17 triệu đến 19 triệu đồng với 2 tùy chọn cấu hình
Mua điện thoại Nubia Red Magic 9 Pro chính hãng tại CellphoneS
Điện thoại Nubia Red Magic với hiệu năng ổn định cùng thời lượng pin khủng hứa hẹn sẽ mang tới trải nghiệm chiến game cực đã. Nếu bạn đang có nhu cầu tìm mua sản phẩm này, hãy ghé cửa hàng CellphoneS gần nhất để được tư vấn và sở hữu Nubia Red Magic 9 Pro giá tốt kèm bảo hành uy tín.","{""Màn hình"": [{""name"": ""Kích thước màn hình"", ""value"": ""6.8 inches""}, {""name"": ""Công nghệ màn hình"", ""value"": ""AMOLED""}, {""name"": ""Độ phân giải màn hình"", ""value"": ""1116 x 2480 pixels""}, {""name"": ""Tính năng màn hình"", ""value"": ""1 tỷ màu, 120Hz, 1600 nits""}], ""Camera sau"": [{""name"": ""Camera sau"", ""value"": ""Camera góc rộng: 50 MP, 1/1.57\"", 1.0µm, PDAF, OIS\nCamera siêu góc rộng: 50 MP, 1/2.76\"", 0.64µm\nCamera macro:2 MP, f/2.4""}, {""name"": ""Quay video"", ""value"": ""8K@30fps, 4K@30/60fps, 1080p@30/60/120/240fps""}, {""name"": ""Tính năng camera"", ""value"": ""Đèn flash LED, HDR, toàn cảnh""}], ""Camera trước"": [{""name"": ""Camera trước"", ""value"": ""Camera góc rộng: 16 MP, f/2.0,, 1.12µm, under display""}, {""name"": ""Quay video trước"", ""value"": ""1080p@30/60fps""}], ""Vi xử lý & đồ họa"": [{""name"": ""Chipset"", ""value"": ""Qualcomm SM8650-AB Snapdragon 8 Gen 3 (4 nm)""}, {""name"": ""GPU"", ""value"": ""Adreno 750""}], ""Giao tiếp & kết nối"": [{""name"": ""Công nghệ NFC"", ""value"": ""Có""}, {""name"": ""Thẻ SIM"", ""value"": ""2 SIM (Nano-SIM)""}, {""name"": ""Jack tai nghe 3.5"", ""value"": ""Có""}, {""name"": ""Hỗ trợ mạng"", ""value"": ""5G""}, {""name"": ""GPS"", ""value"": ""GPS (L1+L5), GLONASS, BDS, GALILEO""}], ""RAM & lưu trữ"": [{""name"": ""Dung lượng RAM"", ""value"": ""8 GB""}, {""name"": ""Bộ nhớ trong"", ""value"": ""256 GB""}], ""Pin & công nghệ sạc"": [{""name"": ""Pin"", ""value"": ""6500 mAh""}, {""name"": ""Công nghệ sạc"", ""value"": ""Sạc nhanh 80W""}, {""name"": ""Cổng sạc"", ""value"": ""USB Type-C""}], ""Tính năng khác"": [{""name"": ""Hệ điều hành"", ""value"": ""Android 14""}], ""Bộ xử lý & Đồ họa"": [{""name"": ""Loại CPU"", ""value"": ""1x3.3 GHz Cortex-X4 & 5x3.2 GHz Cortex-A720 & 2x2.3 GHz Cortex-A520""}], ""Kích thước & Trọng lượng"": [{""name"": ""Kích thước"", ""value"": ""164 x 76.4 x 8.9 mm""}, {""name"": ""Trọng lượng"", ""value"": ""229 g""}], ""Tiện ích khác"": [{""name"": ""Cảm biến vân tay"", ""value"": ""Cảm biến vân tay trong màn hình""}, {""name"": ""Các loại cảm biến"", ""value"": ""Cảm biến gia tốc, Cảm biến tiệm cận, La bàn, Con quay hồi chuyển""}], ""Cổng kết nối"": [{""name"": ""Wi-Fi"", ""value"": ""802.11 a/b/g/n/ac/6e/7""}, {""name"": ""Bluetooth"", ""value"": ""v5.3, A2DP, LE""}], ""Thông số khác"": [{""name"": ""Công nghệ âm thanh"", ""value"": ""Loa âm thanh nổi""}]}","[""https://cdn2.cellphones.com.vn/x/media/catalog/product/d/i/dien-thoai-nubia-red-magic-9-pro_1.png"", ""https://cdn2.cellphones.com.vn/x/media/catalog/product/d/i/dien-thoai-nubia-red-magic-9-pro_1__1.png"", ""https://cdn2.cellphones.com.vn/x/media/catalog/product/d/i/dien-thoai-nubia-red-magic-9-pro_2_.png""]",{}
Red Magic 7S Pro,zte-nubia-z60-ultra,N/A,N/A,"Red Magic 7S Pro thuộc ZTE công ty có trụ sở tại Trung Quốc, với độ nhận diện cao, sản phẩm của công ty luôn được quan tâm từ phía người hâm mộ. Các sản phẩm tiền nhiệm trước đó có số lượng bán ra lớn, người dùng hài lòng về chất lượng của giao diện và hiệu năng điện thoại, nên Red Magic 7S Pro chắc chắn sẽ không làm người dùng thất vọng.
Nội dung chính
1. Red Magic 7S Pro - Thiết kế hiện đại, hiệu năng ấn tượng 
1.1. Thiết kế hiện đại
1.2. Màn hình rộng
1.3. Camera rõ nét
1.4. Hiệu năng ấn tượng
2. Giá và thời điểm ra mắt của Red Magic 7S Pro là khi nào?
3. Mua Red Magic 7S Pro giá rẻ tại CellphoneS
Red Magic 7S Pro - Thiết kế hiện đại, hiệu năng ấn tượng 
Red Magic 7S Pro có đánh giá cao về thiết kế và hiệu năng, nhờ công nghệ hiện đại và đáp ứng nhu cầu ngày càng khó tính của người dùng. Điện thoại luôn bắt kịp xu hướng, bởi vậy mà số lượng khách trung thành với thương hiệu càng tăng lên.
Thiết kế hiện đại
Red Magic 7S Pro có thiết kế hiện đại, đường nét sang trọng, khung viền tinh tế, các góc cạnh được hoàn thiện tỉ mỉ và tính thẩm mỹ cao. Các nút bấm nhỏ gọn, bố trí vừa tầm tay, dễ dàng khởi động hay tắt máy nhanh chóng.
Mặt lưng bóng loáng, có cụm camera ở góc máy, tạo điểm nhấn cho sản phẩm, người dùng có thể bảo vệ điện thoại thông qua mật khẩu số hay vẽ hình, tránh các kẻ xấu xâm nhập vào máy để lấy cắp thông tin quan trọng.
Màn hình rộng
Red Magic 7S Pro có màn hình lên đến 6.8 inch, không gian hiển thị lớn nên trải nghiệm của người dùng tốt hơn so với các sản phẩm khác. Cảm ứng trên màn hình vô cùng nhanh nhạy, với độ làm tươi nhanh chóng đến từng giây.
Điện thoại có trọng lượng nhẹ, người dùng dễ dàng mang đi đến nơi làm việc hay học tập, Red Magic 7S Pro sử như một người bạn luôn luôn đồng hành cùng người dùng. Các thao tác trên điện thoại rất dễ dàng kể cả cho người mới sử dụng lần đầu.
Camera rõ nét
Red Magic 7S Pro mang cụm camera sau rõ nét, hình ảnh chụp lại nhờ ống kính đầy sinh đồng với hàng triệu sắc màu hiển thị thông qua độ phân giải 64MP, hình ảnh sẽ có chiều sâu và rộng hơn, bao quát toàn bộ khung hình.
Bên cạnh đó, camera trước 8MP sẽ giúp người dùng đam mê với nghệ thuật selfie, với chế độ làm mịn da, và nhiều bộ lọc khác nhau. Từ đó, những tấm hình hoàn hảo sẽ được ra đời mà không cần phải qua nhiều bước chỉnh sửa qua app như trước đây.
Hiệu năng ấn tượng
Red Magic 7S Pro khởi chạy với hệ điều hành Android 12, khiến mọi tác vụ trở nên ổn định trong thời gian dài, sẽ không xảy ra tình trạng giật hay lag khi đang dùng. Dung lượng lưu trữ rộng, mọi tài liệu, game nặng ký hay cả các ứng dụng giải trí sẽ được tải về mà không lo đầy bộ nhớ nhanh chóng.
Red Magic 7S Pro có đồ họa ấn tượng, người dùng sẽ có những giây phút tận hưởng nhờ màu sắc ấn tượng khi chơi game, xem phim. Ngoài ra, âm thanh cũng là một điểm cộng lớn cho sản phẩm, giúp tăng thêm phần gây cấn trong bộ phim hành động, hay thư giãn với bản nhạc ballad du dương.
Dung lượng pin khủng lên đến 5.000mAh, người dùng có thể lướt web, xem phim cả ngày dài mà không lo hết pin. Khi máy gần cạn pin chỉ cần nạp đầy thông qua củ sạc nhanh, tiết kiệm thời gian chờ đợi của người dùng.
Giá và thời điểm ra mắt của Red Magic 7S Pro là khi nào?
Red Magic 7S Pro có giá tùy thuộc vào các phiên bản khác nhau: Phiên bản 12 GB +256 GB có giá khoảng 18 triệu đồng. Với phiên bản 12 GB + 256 GB bản trong suốt Deuterium: 5.299 có giá khoảng 16.5 triệu đồng. Bản 16 GB + 512 GB khoảng 20.9 triệu đồng. Và cuối cùng là 16GB + 512 GB Transformer có giá khoảng 22.7 triệu đồng.
Red Magic 7S Pro được ra mắt vào tháng 7 vừa rồi, với ưu điểm về cả thiết kế và hiệu năng, nhiều người dùng đặt hàng trước để có thể đón đầu xu hướng mới. Nhưng một số đối thủ sẽ cạnh tranh trực tiếp với điện thoại này trong năm nay như: Reno5 5G, Nokia G50, Samsung Galaxy A73,…
Mua Red Magic 7S Pro giá rẻ tại CellphoneS
Red Magic 7S Pro có bán tại các cửa hàng của CellphoneS, hàng nhập chính hãng, nói không với hàng đểu, hàng giả, nhân viên luôn đồng hành cùng khách hàng để giải đáp các thắc mắc về sản phẩm. Người dùng có thể mua sản phẩm thông qua cách đặt hàng online trên web mà không cần đến tận cửa hàng.","{""Màn hình"": [{""name"": ""Kích thước màn hình"", ""value"": ""6.8 inches""}, {""name"": ""Công nghệ màn hình"", ""value"": ""AMOLED""}, {""name"": ""Độ phân giải màn hình"", ""value"": ""1080 x 2400 pixels (FullHD+)""}, {""name"": ""Tính năng màn hình"", ""value"": ""120Hz, Kính cường lực Corning Gorilla Glass 5""}], ""Camera sau"": [{""name"": ""Camera sau"", ""value"": ""Camera góc rộng: 64 MP, f/1.8, PDAF\nCamera góc siêu rộng: 8 MP, f / 2.2, 120˚\nCamera Macro: 2 MP, f / 2.4""}, {""name"": ""Quay video"", ""value"": ""8K@30fps, 4K@30/60fps , 1080p@30/60/120/240fps""}, {""name"": ""Tính năng camera"", ""value"": ""Đèn flash LED, HDR, toàn cảnh""}], ""Camera trước"": [{""name"": ""Camera trước"", ""value"": ""Camera góc rộng: 16 MP""}, {""name"": ""Quay video trước"", ""value"": ""1080p@30/60fps""}], ""Vi xử lý & đồ họa"": [{""name"": ""Chipset"", ""value"": ""Snapdragon 8+ thế hệ 1 (4 nm)""}, {""name"": ""GPU"", ""value"": ""Adreno 730""}], ""Giao tiếp & kết nối"": [{""name"": ""Công nghệ NFC"", ""value"": ""Có""}, {""name"": ""Thẻ SIM"", ""value"": ""2 SIM (Nano-SIM)""}, {""name"": ""Jack tai nghe 3.5"", ""value"": ""Có""}, {""name"": ""Hỗ trợ mạng"", ""value"": ""5G""}, {""name"": ""GPS"", ""value"": ""GLONASS, BDS, GALILEO""}], ""RAM & lưu trữ"": [{""name"": ""Dung lượng RAM"", ""value"": ""12 GB""}, {""name"": ""Bộ nhớ trong"", ""value"": ""256 GB""}, {""name"": ""Khe cắm thẻ nhớ"", ""value"": ""Không""}], ""Pin & công nghệ sạc"": [{""name"": ""Pin"", ""value"": ""5000 mAh""}, {""name"": ""Công nghệ sạc"", ""value"": ""Sạc nhanh 65W\nSạc nhanh 135W\nChina Power Delivery 3.0""}, {""name"": ""Cổng sạc"", ""value"": ""USB Type-C""}], ""Tính năng khác"": [{""name"": ""Hệ điều hành"", ""value"": ""Android 12""}], ""Bộ xử lý & Đồ họa"": [{""name"": ""Loại CPU"", ""value"": ""1x3,19 GHz Cortex-X2 & 3x2,75 GHz Cortex-A710 & 4x1.80 GHz Cortex-A510""}], ""Kích thước & Trọng lượng"": [{""name"": ""Kích thước"", ""value"": ""166,3 x 77,1 x 10 mm""}, {""name"": ""Trọng lượng"", ""value"": ""235 g""}], ""Thiết kế & Trọng lượng"": [{""name"": ""Chất liệu mặt lưng"", ""value"": ""Kính""}], ""Tiện ích khác"": [{""name"": ""Cảm biến vân tay"", ""value"": ""Cảm biến vân tay trong màn hình""}, {""name"": ""Các loại cảm biến"", ""value"": ""Cảm biến gia tốc, Cảm biến tiệm cận, Cảm biến ánh sáng, La bàn, Con quay hồi chuyển, Cảm biến áp kế""}], ""Cổng kết nối"": [{""name"": ""Wi-Fi"", ""value"": ""Wi-Fi 802.11 a / b / g / n / ac / 6e, băng tần kép, Wi-Fi Direct, điểm phát sóng""}, {""name"": ""Bluetooth"", ""value"": ""5.2, A2DP, aptX, LE""}]}","[""https://cdn2.cellphones.com.vn/x/media/catalog/product/_/p/_p_.png"", ""https://cdn2.cellphones.com.vn/x/media/catalog/product/_/p/_p_bgh.png"", ""https://cdn2.cellphones.com.vn/x/media/catalog/product/t/h/th.png""]",{}
ZTE Nubia Z60 Ultra,dien-thoai-nubia-neo-5-max,N/A,N/A,"ZTE Nubia Z60 Ultra là smartphone Android với hiệu năng hàng đầu nhờ vào con chip Snapdragon 8 Gen 3, RAM lên đến 24GB và lựa chọn bộ nhớ lên đến 1 TB. Màn hình AMOLED 120Hz hỗ trợ hơn 1 tỷ màu với thiết kế full view 100% khi camera selfie 16MP ẩn dưới màn hình. Bên cạnh đó, sản phẩm điện thoại ZTE có dung lượng lớn 6000mAh và hỗ trợ sạc nhanh 80W.
Nội dung chính
1. ZTE Nubia Z60 Ultra - Tràn viền đẹp mắt, chip Snapdragon cực mạnh
1.1. Thách thức mọi đối thủ với Snapdragon 8 Gen 3
1.2. Hệ thống cụm 3 camera mới lạ 
1.3. Viên pin 6,000 mAh thỏa sức trải nghiệm 
1.4. Màn hình tràn viền cực đã
1.5. Thiết kế vuông vức với khả năng kháng nước
2. ZTE Nubia Z60 Ultra có giá bao nhiêu, khi nào ra mắt?
ZTE Nubia Z60 Ultra - Tràn viền đẹp mắt, chip Snapdragon cực mạnh
ZTE Nubia Z60 Ultra 5G là một sản phẩm smartphone cao cấp của ZTE, với thiết kế vuông vức vô cùng đẹp mắt. Máy được trang bị màn hình viền mỏng ở cả 4 cạnh và hiệu năng mạnh mẽ, đáp ứng được mọi nhu cầu của người dùng hiện đại.
Thách thức mọi đối thủ với Snapdragon 8 Gen 3
ZTE Nubia Z60 Ultra thừa hưởng hiệu năng mạnh mẽ từ chip Snapdragon 8 Gen 3. Chipset 4nm này tối ưu hiệu suất và tiết kiệm pin tốt hơn so với thế hệ trước, cung cấp trải nghiệm mượt mà và tiết kiệm năng lượng. Nhờ tốc độ xung nhịp lên đến 3.4GHz, máy có khả năng xử lý mượt mà mọi tác vụ từ chơi game đến làm việc và giải trí. 
Đi kèm với đó là RAM LPDDR5X cao cấp từ 8-24GB và bộ nhớ trong từ 256GB đến 1TB, mang lại sự linh hoạt và thoải mái trong lưu trữ. ZTE Nubia Z60 Ultra sẽ dễ dàng đáp ứng mọi nhu cầu.
Sản phẩm được tích hợp hệ điều hành Android 14, cùng giao diện MyOS 14, được tinh chỉnh để cải thiện trải nghiệm người dùng. ZTE Nubia Z60 Ultra cũng hỗ trợ các tính năng mới nhất của Android, đảm bảo sự linh hoạt và tiện ích cho người dùng.
Hệ thống cụm 3 camera mới lạ 
ZTE Nubia Z60 Ultra mang đến trải nghiệm chụp ảnh và quay phim đỉnh cao với hệ thống camera đa dạng và mạnh mẽ. Camera chính 50MP cùng 64MP telephoto và 50MP góc siêu rộng cho phép người dùng khám phá góc nhìn đa dạng và sáng tạo. 
Điểm khác biệt trong hệ thống camera của flagship này là thiết kế không viền của camera sau. Ở phần dưới khung máy của thiết bị có một nút trượt tùy chỉnh, cho phép bạn mở camera một cách nhanh chóng chỉ bằng một thao tác nhấn. 
Bên cạnh đó, thiết bị cũng hỗ trợ quay video 4K@120fps với HDR10, chống rung gyro-EIS và video 10-bit, mang lại những video chất lượng cao và sống động. Đặc biệt hơn cả là camera selfie 12MP ẩn dưới màn hình siêu ấn tượng. Thiết kế này không chỉ mang lại thiết kế hiện đại mà còn cho phép người dùng chụp ảnh và quay video chất lượng tốt.
Viên pin 6,000 mAh thỏa sức trải nghiệm 
ZTE Nubia Z60 Ultra nổi bật với dung lượng pin lớn lên đến 6,000 mAh, đảm bảo cho việc sử dụng liên tục trong nhiều giờ đồng hồ mà không cần lo lắng về việc sạc lại. 
Hơn nữa, với công nghệ sạc nhanh 80W tiên tiến, máy có thể nạp nhanh tức thì, giúp tiết kiệm thời gian và đảm bảo người dùng luôn sẵn sàng sử dụng điện thoại khi cần thiết.
Màn hình tràn viền cực đã
Màn hình của Nubia Z60 Ultra ghi điểm với công nghệ AMOLED và 1,07 tỷ màu, cùng độ sáng tối đa lên đến 1500 nit, tạo ra hình ảnh sống động và rực rỡ. Tần số quét màn hình 120Hz kết hợp mang lại trải nghiệm xem phim, video tuyệt vời với độ mượt cao và độ tương phản tốt. 
Với kích thước lớn 6,8 inch và độ phân giải Full HD+ (1116 x 2480 pixel), màn hình này đảm bảo độ chi tiết cao và sắc nét, với độ phân giải lên đến 400 ppi, giúp người dùng thưởng thức mọi nội dung một cách sống động và chi tiết. 
Thiết kế vuông vức với khả năng kháng nước
ZTE Nubia Z60 Ultra 256GB kết hợp hoàn hảo giữa thiết kế vuông vức góc cạnh và vật liệu cao cấp, tạo nên vẻ sang trọng và chắc chắn. Mặt lưng của máy được làm từ kính cường lực Gorilla Victus, kết hợp với khung viền nhôm, đảm bảo sự chắc chắn và bền bỉ. 
Nubia Z60 Ultra có 3 tùy chọn màu sắc độc đáo: Đen xám, Trắng kem và phiên bản đặc biệt ""Starry Night"", lấy cảm hứng từ tác phẩm nghệ thuật của Vincent van Gogh siêu cuốn hút.
Đặc biệt, sản phẩm được tích hợp chuẩn kháng nước, bụi IP68, giúp người dùng yên tâm sử dụng trong mọi điều kiện môi trường. 
ZTE Nubia Z60 Ultra có giá bao nhiêu, khi nào ra mắt?
ZTE Nubia Z60 Ultra sẽ có giá từ $599 đến $679 (khoảng từ 13,7-15,5 triệu đồng) tại các thị trường Bắc Mỹ, Châu Âu và Vương quốc Anh cho phiên bản 8-256GB. Đối với thị trường Trung Quốc, bản thấp nhất 12-256GB có giá 4299 CNY, tương đương khoảng 14,77 triệu đồng.
ZTE Nubia Z60 Ultra đã chính thức ra mắt vào ngày 12/2023. Đây là một lựa chọn hấp dẫn cho những ai đang tìm kiếm một chiếc điện thoại thông minh có cấu hình mạnh mẽ và tính năng tiên tiến.
Mua ZTE Nubia Z60 Ultra chính hãng, giá tốt tại CellphoneS
Nếu đang có nhu cầu tìm mua ZTE Nubia Z60 Ultra, bạn có thể mua sản phẩm chính hãng tại CellphoneS. Nubia Z60 Ultra được bảo hành chính hãng trong 12 tháng, đảm bảo chất lượng và sự hài lòng của khách hàng. 
Đặc biệt, CellphoneS còn cam kết chính sách đổi mới trong vòng 30 ngày khi mua điện thoại ZTE. Với dịch vụ chuyên nghiệp và phong cách phục vụ tận tình, CellphoneS sẽ mang đến cho bạn trải nghiệm mua sắm tuyệt vời và đáng tin cậy nhất.","{""Màn hình"": [{""name"": ""Kích thước màn hình"", ""value"": ""6.8 inches""}, {""name"": ""Công nghệ màn hình"", ""value"": ""AMOLED""}, {""name"": ""Độ phân giải màn hình"", ""value"": ""1116 x 2480 pixels""}, {""name"": ""Tính năng màn hình"", ""value"": ""1 tỷ màu, Tần số quét 120Hz, HDR10+, 1500 nits""}], ""Camera sau"": [{""name"": ""Camera sau"", ""value"": ""Camera chính: 50MP,\nTele kính viễn vọng: 64 MP, f/3.3, PDAF, OIS, 3.3x optical zoom (vs. 26mm cam)\nCamera góc siêu rộng: 50MP,, f/1.8, AF""}, {""name"": ""Quay video"", ""value"": ""8K@30fps, 4K@30/60/120fps, 1080p@30/60fps, gyro-EIS, HDR10, 10‑bit video""}, {""name"": ""Tính năng camera"", ""value"": ""Ring-LED, đèn flash hai tông màu, toàn cảnh, HDR""}], ""Camera trước"": [{""name"": ""Camera trước"", ""value"": ""Camera góc rộng: 12 MP""}, {""name"": ""Quay video trước"", ""value"": ""1080p@30fps""}], ""Vi xử lý & đồ họa"": [{""name"": ""Chipset"", ""value"": ""Qualcomm SM8650-AB Snapdragon 8 Gen 3 (4 nm)""}, {""name"": ""GPU"", ""value"": ""Adreno 750""}], ""Giao tiếp & kết nối"": [{""name"": ""Công nghệ NFC"", ""value"": ""Có""}, {""name"": ""Thẻ SIM"", ""value"": ""2 SIM (Nano-SIM)""}, {""name"": ""Hồng ngoại"", ""value"": ""Có""}, {""name"": ""Jack tai nghe 3.5"", ""value"": ""Không""}, {""name"": ""Hỗ trợ mạng"", ""value"": ""5G""}, {""name"": ""GPS"", ""value"": ""GPS (L1+L5), GLONASS (L1+L2+L5), GALILEO, BDS""}], ""RAM & lưu trữ"": [{""name"": ""Dung lượng RAM"", ""value"": ""8 GB""}, {""name"": ""Bộ nhớ trong"", ""value"": ""256 GB""}, {""name"": ""Khe cắm thẻ nhớ"", ""value"": ""Không""}], ""Pin & công nghệ sạc"": [{""name"": ""Pin"", ""value"": ""6000 mAh""}, {""name"": ""Công nghệ sạc"", ""value"": ""Sạc nhanh 80W""}, {""name"": ""Cổng sạc"", ""value"": ""USB Type-C""}], ""Tính năng khác"": [{""name"": ""Hệ điều hành"", ""value"": ""Android 14, MyOS 14""}], ""Bộ xử lý & Đồ họa"": [{""name"": ""Loại CPU"", ""value"": ""1x3.3 GHz Cortex-X4 & 3x3.2 GHz Cortex-A720 & 2x3.0 GHz Cortex-A720 & 2x2.3 GHz Cortex-A520""}], ""Kích thước & Trọng lượng"": [{""name"": ""Kích thước"", ""value"": ""164 x 76.4 x 8.8 mm""}, {""name"": ""Trọng lượng"", ""value"": ""246 g""}], ""Thông số khác"": [{""name"": ""Chỉ số kháng nước, bụi"", ""value"": ""IP68""}, {""name"": ""Công nghệ âm thanh"", ""value"": ""Loa âm thanh nổi""}], ""Tiện ích khác"": [{""name"": ""Cảm biến vân tay"", ""value"": ""Cảm biến vân tay trong màn hình""}, {""name"": ""Các loại cảm biến"", ""value"": ""Cảm biến gia tốc, Cảm biến tiệm cận, Cảm biến ánh sáng, La bàn, Con quay hồi chuyển, Cảm biến áp kế""}], ""Cổng kết nối"": [{""name"": ""Wi-Fi"", ""value"": ""802.11 a/b/g/n/ac/6e/7""}, {""name"": ""Bluetooth"", ""value"": ""v5.4, A2DP, LE, aptX HD, aptX Adaptive, aptX Lossless""}], ""Thông tin chung"": [{""name"": ""Thời điểm ra mắt"", ""value"": ""12/2023""}]}","[""https://cdn2.cellphones.com.vn/x/media/catalog/product/z/t/zte-nubia-z60-ultra.png"", ""https://cdn2.cellphones.com.vn/x/media/catalog/product/z/t/zte-nubia-z60-ultra_1_.png"", ""https://cdn2.cellphones.com.vn/x/media/catalog/product/z/t/zte-nubia-z60-ultra_2_.png""]",{}
Nubia Neo 5 Max,nubia-redmagic-8s-pro-16gb-512gb-transparent,N/A,N/A,"Nubia Neo 5 Max ra mắt tại MWC 2026 sở hữu màn hình 7,5 inch độ phân giải 1080p cùng dung lượng pin 7.100 mAh giúp người dùng thoải mái giải trí. Thiết bị tích hợp con chip MediaTek Dimensity 7080. Ngoài ra, điện thoại tích hợp hệ thống làm mát chủ động tân tiến để tối ưu nhiệt độ.
Lưu ý: Sản phẩm chưa chính thức ra mắt, thông tin được tổng hợp dựa trên các nguồn tin đồn tổng hợp
Nội dung chính
1. Nubia Neo 5 Max - Hiệu năng thách thức giới hạn
1.1. Tích hợp AI Copilot Demi 2.0
1.2. Trang bị cấu hình mạnh mẽ kết hợp quạt tản nhiệt chủ động
1.3. Trang bị ống kính tele và zoom quang học 3x chuyên nghiệp
1.4. Đảm bảo thời lượng chiến game bền bỉ suốt ngày dài
1.5. Không gian hiển thị 1080p sống động tận cùng
1.6. Tích hợp nút cảm ứng cạnh bên tối ưu điều khiển
2. Điện thoại Nubia Neo 5 Max ra mắt năm nào, giá bao nhiêu?
3. So sánh Nubia Neo 5 Max với Nubia Neo 3
4. Mua điện thoại Nubia Neo 5 Max giá tốt tại CellphoneS
Nubia Neo 5 Max - Hiệu năng thách thức giới hạn
Sản phẩm trang bị màn hình 7,5 inch siêu lớn cùng viên pin 7.100 mAh cực bền. Khám phá ngay các ưu điểm đột phá trên Nubia Neo 5 Max sau:
Tích hợp AI Copilot Demi 2.0
Điện thoại Nubia Neo 5 Max tái định nghĩa khái niệm gaming phone thông minh nhờ sự xuất hiện của AI Copilot Demi 2.0. Đây là công nghệ trí tuệ nhân tạo độc quyền được ZTE tối ưu hóa riêng cho các game thủ thế hệ Gen Z. Hệ thống AI này có khả năng tự động điều chỉnh hiệu năng.
Tích hợp AI Copilot Demi 2.0 ấn tượng
Nhờ đó, những trận đấu thể thao điện tử diễn ra mượt mà với khung hình ổn định. Ngoài ra, AI còn hỗ trợ phân tích lối chơi để đưa ra các gợi ý chiến thuật vô cùng chuẩn xác. Người dùng sẽ thực sự làm chủ những cuộc chơi với sự trợ giúp từ trợ lý ảo chuyên nghiệp này.
Trang bị cấu hình mạnh mẽ kết hợp quạt tản nhiệt chủ động
Điện thoại Nubia Neo 5 Max gây ấn tượng mạnh khi được trang bị con chip MediaTek Dimensity 7080 mới hiện nay. Vi xử lý này mang lại hiệu suất xử lý vượt trội cho nhiều tựa game đồ họa nặng trên thị trường.
Cấu hình mạnh mẽ cùng tản nhiệt chủ động
Đi kèm với đó là RAM 8GB và bộ nhớ trong lên đến 256GB cực kỳ rộng rãi. Nhờ hệ thống tản nhiệt chủ động, thiết bị giữ mức nhiệt ổn định khi vận hành cường độ cao. Nhờ vậy, game thủ có thể yên tâm về sự ổn định và mượt mà trong từng trận đấu.
Trang bị ống kính tele và zoom quang học 3x chuyên nghiệp
Khả năng nhiếp ảnh trên điện thoại Nubia Neo 5 Max được nâng cấp mạnh mẽ với cụm camera chính 50MP. Điểm nhấn đặc biệt là sự xuất hiện của ống kính tele hỗ trợ khả năng zoom quang học 3x hiện đại.
Ống kính tele và zoom quang học 3x hiện đại
Tính năng này giúp người dùng bắt trọn những chi tiết ở xa với độ nét cực kỳ ấn tượng và chân thực. Các thuật toán xử lý hình ảnh tiên tiến giúp tối ưu hóa màu sắc trong nhiều điều kiện ánh sáng khác nhau. Đây là chiếc gaming phone hiếm hoi sở hữu khả năng quay chụp chuyên nghiệp như các dòng flagship.
Đảm bảo thời lượng chiến game bền bỉ suốt ngày dài
Điện thoại Nubia Neo 5 Max sở hữu viên pin dung lượng khủng lên đến 7.100 mAh dẫn đầu phân khúc. Thông số này giúp khách hàng thoải mái chiến game hoặc xem phim liên tục mà không lo gián đoạn.
Thời lượng chiến game bền bỉ suốt ngày dài
Khả năng quản lý năng lượng thông minh từ chipset giúp tối ưu hóa thời gian sử dụng lên mức tối đa. Dù sở hữu màn hình rất lớn nhưng thiết bị vẫn đảm bảo duy trì hoạt động bền bỉ suốt ngày dài. Đây chính là giải pháp hoàn hảo cho những người dùng thường xuyên di chuyển và làm việc cường độ cao.
Không gian hiển thị 1080p sống động tận cùng
Trải nghiệm thị giác trên điện thoại Nubia Neo 5 Max được nâng tầm với màn hình có kích thước lên tới 7,5 inch. Độ phân giải 1080p sắc nét giúp hình ảnh và chuyển động trong game trở nên vô cùng sống động.
Màn hình 1080p mang lại hình ảnh sống động
Không gian hiển thị rộng rãi mang lại lợi thế quan sát cực lớn cho game thủ trong các trận đấu kịch tính. Màu sắc được tái tạo rực rỡ nhưng vẫn đảm bảo sự chân thực và dịu mắt khi sử dụng lâu. Màn hình cực đại này biến thiết bị thành một rạp chiếu phim mini ngay trong lòng bàn tay.
Tích hợp nút cảm ứng cạnh bên tối ưu điều khiển
ZTE đã mang thiết kế đặc trưng của dòng GT lên điện thoại Nubia Neo 5 Max với các nút cảm ứng ở cạnh bên. Hệ thống phím chức năng này giúp người dùng điều khiển game thuận tiện và linh hoạt như một chiếc tay cầm.
Nút cảm ứng cạnh bên tối ưu thao tác
Ngoại hình của máy toát lên vẻ mạnh mẽ, đậm chất gaming nhưng vẫn đảm bảo cảm giác cầm nắm chắc chắn. Vị trí các nút bấm và cổng kết nối được bố trí khoa học để không gây vướng víu khi trải nghiệm. Sản phẩm thể hiện sự tinh tế trong việc thấu hiểu thói quen thao tác của cộng đồng game thủ.
Điện thoại Nubia Neo 5 Max ra mắt năm nào, giá bao nhiêu?
Điện thoại Nubia Neo 5 Max chính thức trình làng vào tháng 3 năm 2026. Bảng dưới đây cung cấp giá bán dự kiến của sản phẩm để người dùng tham khảo:
Phiên bản (RAM/ROM)
Giá bán quốc tế
Giá bán Việt Nam
Nubia Neo 5 Max (8GB/256GB)
399 EUR
12.144.363 VNĐ
Lưu ý: Giá bán tại Việt Nam có thể thay đổi tùy theo chương trình ưu đãi và thời điểm về hàng của các đại lý bán lẻ.
So sánh Nubia Neo 5 Max với Nubia Neo 3
Điện thoại Nubia Neo 5 Max mang đến những nâng cấp vượt trội về kích thước hiển thị và dung lượng pin so với thế hệ tiền nhiệm. Dưới đây là bảng so sánh chi tiết các thông số khác biệt rõ nét giữa hai phiên bản:
Thông số
Nubia Neo 5 Max
Nubia Neo 3 5G 8GB 256GB
Mẫu điện thoại mới của nhà Nubia trở thành lựa chọn vượt trội cho những ai cần một thiết bị giải trí hạng nặng. Dung lượng pin cũng hơn hẳn so với Nubia Neo 3. Sản phẩm này hứa hẹn trở thành đối thủ đáng gờm tại phân khúc gaming phone năm 2026.
Nâng cấp vượt trội so với Nubia Neo 3
Mua điện thoại Nubia Neo 5 Max giá tốt tại CellphoneS
Mua điện thoại Nubia Neo 5 Max tại CellphoneS sẽ nhận được sản phẩm mới kèm đầy đủ phụ kiện chính hãng. Hệ thống cam kết chất lượng với chính sách bảo hành 18 tháng tại trung tâm bảo hành ủy quyền và lỗi 1 đổi 1 trong 30 ngày.
Mức giá tại đây đã bao gồm thuế VAT, đồng thời hỗ trợ hoàn thuế cho khách du lịch. Khách hàng có thể yên tâm khi mua mẫu gaming phone này tại hệ thống CellphoneS.","{""Giao tiếp & kết nối"": [{""name"": ""Hỗ trợ mạng"", ""value"": ""5G""}]}",[],{}
Nubia Redmagic 8s Pro 16GB 512GB Transparent,nubia-z40s-pro,N/A,N/A,,"{""Màn hình"": [{""name"": ""Kích thước màn hình"", ""value"": ""6.8 inches""}, {""name"": ""Công nghệ màn hình"", ""value"": ""AMOLED""}, {""name"": ""Độ phân giải màn hình"", ""value"": ""1116 x 2480 pixels""}, {""name"": ""Tính năng màn hình"", ""value"": ""Tần số quét 120Hz, 1300 nits\nCorning® Gorilla® Glass\nTỷ lệ khung hình: 20:9""}], ""Camera sau"": [{""name"": ""Camera sau"", ""value"": ""50MP, f/1.88, 82°\n8MP, f/2.2, 120°\n2MP, f/2.4, 78°""}, {""name"": ""Quay video"", ""value"": ""7680x4320@30fps, 3840x2160@30fps, 3840x2160@60fps,1920x1080@30fps, 1920x1080@60fps,1280x720@30fps""}], ""Camera trước"": [{""name"": ""Camera trước"", ""value"": ""16MP, 1.12μm""}], ""Vi xử lý & đồ họa"": [{""name"": ""Chipset"", ""value"": ""Snapdragon 8 Gen 2""}, {""name"": ""GPU"", ""value"": ""Adreno™""}], ""Giao tiếp & kết nối"": [{""name"": ""Công nghệ NFC"", ""value"": ""Có""}, {""name"": ""Thẻ SIM"", ""value"": ""2 SIM (Nano-SIM)""}, {""name"": ""Jack tai nghe 3.5"", ""value"": ""Có""}, {""name"": ""Hỗ trợ mạng"", ""value"": ""5G""}, {""name"": ""GPS"", ""value"": ""GPS, AGPS""}], ""RAM & lưu trữ"": [{""name"": ""Dung lượng RAM"", ""value"": ""16 GB""}, {""name"": ""Bộ nhớ trong"", ""value"": ""512 GB""}], ""Pin & công nghệ sạc"": [{""name"": ""Pin"", ""value"": ""6000 mAh""}, {""name"": ""Công nghệ sạc"", ""value"": ""Sạc nhanh 65W""}, {""name"": ""Cổng sạc"", ""value"": ""USB Type-C""}], ""Tính năng khác"": [{""name"": ""Hệ điều hành"", ""value"": ""Android 13.0""}], ""Bộ xử lý & Đồ họa"": [{""name"": ""Loại CPU"", ""value"": ""up to 3.36 GHz""}], ""Kích thước & Trọng lượng"": [{""name"": ""Kích thước"", ""value"": ""163.98 x 76.35 x 9.47 mm""}, {""name"": ""Trọng lượng"", ""value"": ""228 g""}], ""Thiết kế & Trọng lượng"": [{""name"": ""Chất liệu mặt lưng"", ""value"": ""Kính""}, {""name"": ""Chất liệu khung viền"", ""value"": ""Kim loại""}], ""Thông số khác"": [{""name"": ""Hệ thống làm mát"", ""value"": ""Hệ thống làm mát đa chiều ICE 12""}], ""Tiện ích khác"": [{""name"": ""Các loại cảm biến"", ""value"": ""Cảm biến tiệm cận, Cảm biến ánh sáng, La bàn, Con quay hồi chuyển, Cảm biến trọng lực""}], ""Cổng kết nối"": [{""name"": ""Wi-Fi"", ""value"": ""Wi-Fi 7 802.11b/g/n/ac/ax/be""}, {""name"": ""Bluetooth"", ""value"": ""v5.3""}]}","[""https://cdn2.cellphones.com.vn/x/media/catalog/product/n/u/nubia-redmagic-8s-pro-16gb-512gb-transparent_1_.png"", ""https://cdn2.cellphones.com.vn/x/media/catalog/product/n/u/nubia-redmagic-8s-pro-16gb-512gb-transparent.png""]",{}
Nubia Z40S Pro,nubia-red-magic-7-pro,N/A,N/A,"Thương hiệu Nubia đến từ hãng ZTE luôn gây chú ý với những mẫu smartphone tập trung vào giải trí, và gần đây hãng đã cho ra mắt sản phẩm mang tên điện thoại Nubia Z40S Pro. Là một phiên bản tối ưu hơn so với đời Z40 Pro trước, Nubia Z40S Pro mang đến trải nghiệm gaming trên điện thoại một cách trọn vẹn.
Nội dung chính
1. Điện thoại Nubia Z40S Pro - CPU mới cùng pin mới cho trải nghiệm vượt trội
1.1. Thiết kế lịch lãm độc đáo, màn hình 144 Hz phủ trọn mặt trước
1.2. Hệ thống camera chống rung cao cấp và sắc nét
1.3. Nâng cấp hiệu suất với Snapdragon 8+ Gen 1  
1.4. Dung lượng pin lên đến 5000mAh và 120W sạc siêu nhanh
2. Giá bán và ngày ra mắt của điện thoại Nubia Z40S Pro
3. Đặt trước Nubia Z40S Pro và nhận ngay nhiều quà tặng hấp dẫn tại hệ thống CellphoneS
Điện thoại Nubia Z40S Pro - CPU mới cùng pin mới cho trải nghiệm vượt trội
Sở hữu hai yếu tố nâng cấp đáng chú ý đó là vi xử lý và dung lượng pin, điện thoại Nubia Z40S Pro không chỉ là một bản nâng cấp nổi trội so với đời Z40 Pro trước, mà còn là một trong những chiếc smartphone sẽ khuấy đảo giới công nghệ trong phân khúc smartphone cận cao cấp.
Thiết kế lịch lãm độc đáo, màn hình 144 Hz phủ trọn mặt trước
Điện thoại Nubia Z40S Pro mang ngoại hình đầy nét lịch lãm và độc đáo tựa như một quyển sổ tay nhỏ gọn. Thân máy được bao phủ bởi kính chống xước cao cấp, cùng phần khung viền nhôm nguyên khối củng cố tính bền bỉ cho tổng thể Nubia Z40S Pro. Mặt lưng Nubia Z40S Pro mang họa tiết cát với ba phiên bản màu sắc khác nhau, tạo điểm nhấn riêng cho ngoại hình máy.
Điểm nhấn khác mà điện thoại Nubia Z40S Pro có được đó là màn hình thiết kế phủ trọn mặt trước, cho trải nghiệm quan sát đầy sống động. Màn hình Nubia Z40S Pro có kích cỡ 6.67 inch, độ phân giải Full HD Plus (2400 x 1080) và sử dụng nền màu AMOLED. Công nghệ HDR10+ kết hợp cùng tần số quét lên đến 144 Hz giúp cho Nubia Z40S Pro tuyệt vời khi chơi game hoặc xem phim.
Hệ thống camera chống rung cao cấp và sắc nét
Khả năng nhiếp ảnh cực tốt là một trong những điểm mạnh mà điện thoại Nubia Z40S Pro có được. Chiếc máy trang bị bộ ba camera sau với ống kính chính 50MP góc 35mm hỗ trợ chụp xóa phông. Hai camera phụ 50 MP và 8 MP mang đến tính năng chụp zoom quang học 5X và chụp ảnh cận, đa dạng hóa khả năng nhiếp ảnh của Nubia Z40S Pro.
Điện thoại Nubia Z40S Pro còn trang bị camera selfie tại vị trí notch nhỏ trên màn hình. Camera này có độ phân giải 16 MP, khẩu độ f/2.5 cho tính năng chụp selfie góc rộng hữu ích cho nhu cầu chụp theo nhóm. Tính năng HDR giúp tạo nên màu sắc nổi trội, giúp từng bức ảnh selfie trên Nubia Z40S Pro trở nên đặc sắc.
Nâng cấp hiệu suất với Snapdragon 8+ Gen 1  
Điện thoại Nubia Z40S Pro mang nâng cấp nổi trội về hiệu năng xử lý. Cụ thể, Nubia Z40S Pro mang trong mình bộ CPU Snapdragon 8+ Gen 1 đi kèm GPU Adreno 730 do Qualcomm chế tác. Khả năng xử lý của Snapdragon 8+ Gen 1 hoàn toàn giúp Nubia Z40S Pro chinh phục được nhiều tựa game đồ họa nặng hiện nay. Hơn nữa, bên trong Nubia Z40S Pro cũng có hệ thống tản nhiệt được mở rộng diện tích làm mát và chất liệu tối ưu, đảm bảo nhiệt độ ổn định và tuổi thọ máy luôn được đảm bảo.
Một yếu tố nổi bật khác ở điện thoại Nubia Z40S Pro chính là tùy chọn RAM từ 8 GB lên đến 16 GB chạy đa nhiệm vô cùng mượt. Chiếc máy cũng có các tùy chọn bộ nhớ từ 128 GB đến 1 TB. Điện thoại Nubia Z40S Pro chạy nền tảng Android 12 với giao diện riêng mang tên MyOS 12 độc đáo. Chiếc máy còn có thêm cảm biến vân tay quang học cho thao tác bảo mật nhanh và nhạy.
Dung lượng pin lên đến 5000mAh và 120W sạc siêu nhanh
Điểm nâng cấp còn lại ở điện thoại Nubia Z40S Pro đó là thời lượng pin. Chiếc máy được ra mắt với hai phiên bản tùy chọn bao gồm bản tiêu chuẩn 5000mAh pin, và bản sạc siêu nhanh có 4600mAh pin. Dù là tùy chọn nào, thời lượng pin trên Nubia Z40S Pro khi có thêm công nghệ tiết kiệm pin của Snapdragon 8+ Gen 1 sẽ giúp kéo dài thời gian vận hành của máy.
Cùng với hai tùy chọn dung lượng pin, điện thoại Nubia Z40S Pro cũng có hai tùy chọn công suất sạc nhanh khác nhau. Phiên bản 5000mAh tiêu chuẩn sẽ có sạc nhanh 80W, trong khi bản 4600mAh sẽ có sạc siêu nhanh 120W kèm sạc không dây nam châm 15W.
Giá bán và ngày ra mắt của điện thoại Nubia Z40S Pro
Điện thoại Nubia Z40S Pro hiện đã được hãng ZTE ra mắt tại thị trường Trung Quốc vào 26 tháng Bảy. Chiếc máy dự kiến ra mắt tại các thị trường khác trong thời gian tới.
Điện thoại Nubia Z40S Pro có giá bán chính thức khởi điểm từ 11.800.000 VNĐ cho đến 23.000.000 VNĐ, tùy theo phiên bản RAM - ROM. Tùy chọn giá đa dạng này giúp cho Nubia Z40S Pro có thể cạnh tranh với nhiều dòng smartphone như Samsung Galaxy S21, Xiaomi 12, Vivo X80, hoặc cả iPhone 12.
Đặt trước Nubia Z40S Pro và nhận ngay nhiều quà tặng hấp dẫn tại hệ thống CellphoneS
Với những nâng cấp về phần cứng và sở hữu ngoại hình vượt bậc, Nubia Z40S Pro sẽ là chiếc smartphone cao cấp mạnh mẽ mà hãng ZTE tạo nên cho làng công nghệ. Cơ hội sở hữu sớm Nubia Z40S Pro nay đã đến tại Việt Nam. Chỉ cần đến cửa hàng CellphoneS gần nhất và đặt trước điện thoại Nubia Z40S Pro, bạn sẽ có cơ hội nhận máy kèm theo nhiều phần quà và ưu đãi hấp dẫn dành cho khách đặt trước. Ngoài ra bạn cũng có thể liên hệ hotline 1800.2097 của CellphoneS để nhận tư vấn chi tiết về điện thoại Nubia Z40S Pro nhé.","{""Màn hình"": [{""name"": ""Kích thước màn hình"", ""value"": ""6.66 inches""}, {""name"": ""Công nghệ màn hình"", ""value"": ""AMOLED""}, {""name"": ""Độ phân giải màn hình"", ""value"": ""1080 x 2400 pixels (FullHD+)""}, {""name"": ""Tính năng màn hình"", ""value"": ""1 tỷ màu, tần số quét 144Hz, HDR10+, 1000 nits""}], ""Camera sau"": [{""name"": ""Camera sau"", ""value"": ""Camera chính: 64MP, f/1.6, 35 mm, 1/1.7\"", PDAF, OIS\nCamera tele: 8 MP, f/3.4, 125 mm, 1/4.0\"", PDAF, OIS, zoom quang 5x\nCamera góc siêu rộng: 50MP, f/ 2.2, 14mm, 116˚, AF""}, {""name"": ""Quay video"", ""value"": ""8K, 4K@30/60/120fps\n1080p@30/60/120fps""}, {""name"": ""Tính năng camera"", ""value"": ""Đèn flash LED kép, toàn cảnh, HDR""}], ""Camera trước"": [{""name"": ""Camera trước"", ""value"": ""Camera góc rộng: 16 MP, f/2.5""}], ""Vi xử lý & đồ họa"": [{""name"": ""Chipset"", ""value"": ""Snapdragon 8+ Gen 1 (4 nm)""}, {""name"": ""GPU"", ""value"": ""Adreno 730""}], ""Giao tiếp & kết nối"": [{""name"": ""Công nghệ NFC"", ""value"": ""Có""}, {""name"": ""Thẻ SIM"", ""value"": ""2 SIM (Nano-SIM)""}, {""name"": ""Jack tai nghe 3.5"", ""value"": ""Không""}, {""name"": ""Hỗ trợ mạng"", ""value"": ""5G""}, {""name"": ""GPS"", ""value"": ""GPS, GLONASS, GALILEO, BDS""}], ""RAM & lưu trữ"": [{""name"": ""Dung lượng RAM"", ""value"": ""8 GB""}, {""name"": ""Bộ nhớ trong"", ""value"": ""128 GB""}, {""name"": ""Khe cắm thẻ nhớ"", ""value"": ""Không""}], ""Pin & công nghệ sạc"": [{""name"": ""Pin"", ""value"": ""5000 mAh""}, {""name"": ""Công nghệ sạc"", ""value"": ""Sạc nhanh 80W""}, {""name"": ""Cổng sạc"", ""value"": ""USB Type-C""}], ""Tính năng khác"": [{""name"": ""Hệ điều hành"", ""value"": ""Android 12""}], ""Bộ xử lý & Đồ họa"": [{""name"": ""Loại CPU"", ""value"": ""1x3.19 GHz Cortex-X2 & 3x2.75 GHz Cortex-A710 & 4x1.80 GHz Cortex-A510""}], ""Kích thước & Trọng lượng"": [{""name"": ""Kích thước"", ""value"": ""161.3 x 74 x 8.1 mm""}, {""name"": ""Trọng lượng"", ""value"": ""205 g""}], ""Thiết kế & Trọng lượng"": [{""name"": ""Chất liệu mặt lưng"", ""value"": ""Kính""}, {""name"": ""Chất liệu khung viền"", ""value"": ""Nhôm""}], ""Tiện ích khác"": [{""name"": ""Cảm biến vân tay"", ""value"": ""Cảm biến vân tay trong màn hình""}, {""name"": ""Các loại cảm biến"", ""value"": ""Cảm biến gia tốc, Cảm biến tiệm cận, Cảm biến ánh sáng, La bàn, Con quay hồi chuyển, Cảm biến áp kế""}], ""Cổng kết nối"": [{""name"": ""Wi-Fi"", ""value"": ""802.11 a/b/g/n/ac/6""}, {""name"": ""Bluetooth"", ""value"": ""v5.2""}]}","[""https://cdn2.cellphones.com.vn/x/media/catalog/product/d/v/dvf_5__1.jpg"", ""https://cdn2.cellphones.com.vn/x/media/catalog/product/d/v/dvf_7_.jpg"", ""https://cdn2.cellphones.com.vn/x/media/catalog/product/d/v/dvf_4.jpg""]",{}
Nubia Red Magic 7 Pro,nubia-red-magic-7s,N/A,N/A,"Hãng ZTE đã tiếp tục cho ra mắt điện thoại Nubia Red Magic 7 Pro với thông số cấu hình ưu việt giúp bản Pro trở nên vượt trội so với phiên bản thường của Red Magic 7. Nubia Red Magic 7 Pro Thương hiệu Red Magic hẳn đã không còn xa lạ với những ai yêu thích điện thoại chuyên gaming. Vậy sản phẩm điện thoại Nubia này có những điểm gì cải tiến và đổi mới so với các thế hệ tiền nhiệm. Tìm hiểu rõ hơn qua thông số kỹ thuật sau đây nhé!
Nội dung chính
1. Điện thoại Nubia Red Magic 7 Pro - Phiên bản gaming đẳng cấp
1.1. Thiết kế đặc trưng gaming cùng màn hình Full HD Plus mượt nét
1.2. Vi xử lý Snapdragon 8 Gen 1 sức mạnh ưu việt
1.3. Hệ thống tản nhiệt chuyên dụng bên trong
1.4. Dung lượng pin cao, camera độ phân giải lớn
2. Giá bán và ngày ra mắt của điện thoại Nubia Red Magic 7 Pro
3. Sở hữu điện thoại Nubia Red Magic 7 Pro chính hãng tại CellphoneS
Điện thoại Nubia Red Magic 7 Pro - Phiên bản gaming đẳng cấp
Cùng khai phá sức mạnh gaming tiềm ẩn từ điện thoại Nubia Red Magic 7 Pro - mẫu smartphone mới nhất do hãng ZTE vừa ra mắt với chip Snapdragon 8 Gen 1, màn hình 120 Hz Full HD Plus, bộ tản nhiệt hiệu suất cao, cùng với pin 5000mAh góp phần tạo nên cỗ máy chinh chiến trọn tựa game bom tấn bạn yêu thích.
Thiết kế đặc trưng gaming cùng màn hình Full HD Plus mượt nét
Điện thoại Nubia Red Magic 7 Pro mang vẻ ngoài ấn tượng nhờ những đường nét tinh xảo cùng màu sắc nổi bật. Thiết kế của Nubia Red Magic 7 Pro cũng được tối ưu cho trải nghiệm chơi game với jack tai nghe 3.5mm thuận tay cầm, 3 microphone hỗ trợ voice chat trong game, cùng với các nút điều khiển REDMAGIC giúp bạn điều khiển trò chơi trọn vẹn theo ý muốn. Tổ hợp chất liệu cao cấp - kính giúp hoàn thiện chiếc smartphone gaming cao cấp này.
Điện thoại Nubia Red Magic 7 Pro còn tạo nên chất lượng hình ảnh gaming sống động qua màn hình 6.8 inch cực lớn. Độ phân giải Full HD Plus 2400 x 1800 cùng tấm nền AMOLED mang đến hình ảnh vừa nét vừa rực rỡ. Và đặc biệt, công nghệ tần số quét 120 Hz giúp cho chuyển động hình ảnh thêm mượt và rõ, phù hợp với cả tựa game hành động gay cấn.
Vi xử lý Snapdragon 8 Gen 1 sức mạnh ưu việt
Để mang đến hiệu năng chiến game tối ưu, điện thoại Nubia Red Magic 7 Pro mang trong mình bộ CPU Snapdragon 8 Gen 1 đời mới do hãng Qualcomm chế tác. Bộ chip này mang tốc độ xử lý lên đến 3.0 GHz và cung cấp hiệu năng đồ hạo cao hơn 30% so với đời trước, giúp ZTE Nubia Red Magic 7 Pro xử lý tối ưu các trò chơi đình đám.
Cùng với đó, điện thoại Nubia Red Magic 7 Pro cũng trang bị RAM 16 GB giúp chạy đa nhiệm tốt. Bộ nhớ trong của Nubia Red Magic 7 Pro cho khả năng lưu trữ thoải mái. Chiếc máy vận hành trên nền tảng Android 12 với giao diện Redmagic 5.0 riêng. Công nghệ cường hóa hiệu năng Redmagic có sẵn cũng giúp thúc đẩy hiệu năng tổng cho chiếc máy.
Hệ thống tản nhiệt chuyên dụng bên trong
Việc nóng máy trong lúc chơi game không còn mới lạ trên smartphone. Đó cũng là lý do điện thoại Nubia Red Magic 7 Pro trang bị hệ thống tản nhiệt chuyên dụng ICE 9.0 bên trong. Trang bị bộ làm mát REDMAGIC Turbo kết hợp nhiều lớp thoát hơi nóng, hệ thống tản nhiệt này sẽ giữ nhiệt độ của Nubia Red Magic 7 Pro luôn ở mức ổn định, giúp bạn yên tâm chiến game trong khi vẫn đảm bảo an toàn cho linh kiện bên trong.
Không chỉ thế, bên trong điện thoại Nubia Red Magic 7 Pro còn trang bị thêm bộ motor trục X kép giúp tăng độ rung và cho độ phản hồi chạm chính xác hơn khi điều khiển game. Và điện thoại Nubia Red Magic 7 Pro cũng trang bị hệ thống âm thanh vòm DTS:X với bộ loa kép, đưa bạn đắm chìm vào môi trường sống động của trò chơi.
Dung lượng pin cao, camera độ phân giải lớn
Một chiếc smartphone gaming không thể nào thiếu thời lượng pin dài. Và Nubia Red Magic 7 Pro hòan toàn đáp ứng được điều đó qua dung lượng pin 5000mAh. Kết hợp với công nghệ sạc 135W, bạn sẽ luôn có khoảng thời gian giải trí hấp dẫn trên Nubia Red 7 Magic Pro.
Ngoài ra, điện thoại Nubia Red Magic 7 Pro còn trang bị hệ thống camera ba ống kính với độ phân giải lên đến 64 MP cực sắc nét. Tính năng chụp góc siêu rộng, chụp cận cảnh và quay video lên đến 8K sẽ hỗ trợ tối đa quá trình sáng tạo nội dung của bạn. Mặt trước của máy cũng có thêm camera 16 MP thiết kế ẩn dưới màn hình độc đáo và cho phép quay video Full HD.
Giá bán và ngày ra mắt của điện thoại Nubia Red Magic 7 Pro
Điện thoại Nubia Red Magic 7 Pro được hãng ZTE trình làng lần đầu tiên vào ngày 22 tháng Tư vừa qua tại thị trường toàn cầu, trong đó có Việt Nam. Giá bán của Nubia Red Magic 7 Pro sẽ tùy thuộc vào phiên bản RAM - ROM của máy, dự kiến khởi điểm từ 799 USD - tương đương 18.4 triệu VNĐ. Ở trong tầm giá này, có thể thấy một số sản phẩm đến từ các thương hiệu khác cạnh tranh về hiệu năng, dung lượng pin và thiết kế. Phải kể đến là Redmi K50 Gaming Edition, Asus ROG Phone 6 Pro,... 
Sở hữu điện thoại Nubia Red Magic 7 Pro chính hãng tại CellphoneS
Hệ thống CellphoneS hân hạnh phân phối đến người dùng công nghệ Việt sản phẩm mang tên điện thoại Nubia Red Magic 7 Pro. Được thiết kế chuyên cho giải trí, Nubia Red Magic 7 Pro sở hữu cấu hình chất lượng cao giúp đáp ứng trọn tất cả nhu cầu hiện nay.
Điện thoại Nubia Red Magic 7 Pro sẽ có mặt tại thị trường Việt Nam và phân phối chính hãng giá tốt bởi hệ thống CellphoneS. Hãy nhanh chóng gọi đến hotline CellphoneS 1800.2097 để đặt trước điện thoại Nubia Red Magic 7 Pro và nhận kèm nhiều ưu đãi khuyến mãi hấp dẫn nhé.","{""Màn hình"": [{""name"": ""Kích thước màn hình"", ""value"": ""6.8 inches""}, {""name"": ""Công nghệ màn hình"", ""value"": ""AMOLED""}, {""name"": ""Độ phân giải màn hình"", ""value"": ""1080 x 2400 pixels (FullHD+)""}, {""name"": ""Tính năng màn hình"", ""value"": ""Corning Gorilla Glass 5""}, {""name"": ""Tần số quét"", ""value"": ""120Hz""}, {""name"": ""Kiểu màn hình"", ""value"": ""Tràn viền (Không khiếm khuyết)""}], ""Camera sau"": [{""name"": ""Camera sau"", ""value"": ""Camera góc rộng: 64 MP, f /1.8\nCamera góc siêu rộng: 8 MP, f /2.2\nCamera macro: 2 MP, f / 2.4,""}, {""name"": ""Quay video"", ""value"": ""8K@30fps, 4K@30/60fps, 1080p@30/60/120/240fps""}], ""Camera trước"": [{""name"": ""Camera trước"", ""value"": ""Camera góc rộng: 16 MP, f / 2.0""}, {""name"": ""Quay video trước"", ""value"": ""1080p@30/60fps""}], ""Vi xử lý & đồ họa"": [{""name"": ""Chipset"", ""value"": ""Qualcomm SM8450 Snapdragon 8 gen 1 (4 nm)""}, {""name"": ""GPU"", ""value"": ""Adreno™ Red Core 1""}], ""Giao tiếp & kết nối"": [{""name"": ""Công nghệ NFC"", ""value"": ""Có""}, {""name"": ""Thẻ SIM"", ""value"": ""2 SIM (Nano-SIM)""}, {""name"": ""Jack tai nghe 3.5"", ""value"": ""Có""}, {""name"": ""Hỗ trợ mạng"", ""value"": ""5G""}, {""name"": ""GPS"", ""value"": ""Có, với A-GPS băng tần kép, GLONASS, BDS, GALILEO""}], ""RAM & lưu trữ"": [{""name"": ""Dung lượng RAM"", ""value"": ""16 GB""}, {""name"": ""Bộ nhớ trong"", ""value"": ""256 GB""}, {""name"": ""Khe cắm thẻ nhớ"", ""value"": ""Không""}], ""Pin & công nghệ sạc"": [{""name"": ""Pin"", ""value"": ""Li-Po 5000 mAh""}, {""name"": ""Công nghệ sạc"", ""value"": ""Sạc nhanh 65W""}, {""name"": ""Cổng sạc"", ""value"": ""USB Type-C""}], ""Tính năng khác"": [{""name"": ""Hệ điều hành"", ""value"": ""Android 12, Redmagic 5.0""}], ""Bộ xử lý & Đồ họa"": [{""name"": ""Loại CPU"", ""value"": ""1x3.00 GHz Cortex-X2 & 3x2.50 GHz Cortex-A710 & 4x1.80 GHz Cortex-A510""}], ""Kích thước & Trọng lượng"": [{""name"": ""Kích thước"", ""value"": ""166,3 x 77,1 x 10 mm""}, {""name"": ""Trọng lượng"", ""value"": ""235 g""}], ""Thiết kế & Trọng lượng"": [{""name"": ""Chất liệu mặt lưng"", ""value"": ""Kính""}, {""name"": ""Chất liệu khung viền"", ""value"": ""-""}], ""Tiện ích khác"": [{""name"": ""Cảm biến vân tay"", ""value"": ""Cảm biến vân tay trong màn hình""}, {""name"": ""Các loại cảm biến"", ""value"": ""Cảm biến gia tốc, Cảm biến tiệm cận, Cảm biến ánh sáng, La bàn, Con quay hồi chuyển, Cảm biến áp kế""}, {""name"": ""Tính năng đặc biệt"", ""value"": ""Hỗ trợ 5G, Bảo mật vân tay""}], ""Cổng kết nối"": [{""name"": ""Wi-Fi"", ""value"": ""Wi-Fi 802.11 a / b / g / n / ac / 6e, băng tần kép, Wi-Fi Direct, điểm phát sóng""}, {""name"": ""Bluetooth"", ""value"": ""5.2, A2DP, aptX, LE""}]}","[""https://cdn2.cellphones.com.vn/x/media/catalog/product/o/k/ok_nah.png"", ""https://cdn2.cellphones.com.vn/x/media/catalog/product/v/i/vi.png"", ""https://cdn2.cellphones.com.vn/x/media/catalog/product/c/d/cdb.png""]",{}
