name,sku,base_price,sale_price,description,specifications,images,colors
Camera IP 360 độ 3MP Xiaomi Mi Home Security C301,camera-xiaomi-mi-home-security-c301-3mp,860.000đ,630.000đ,"Đặc điểm nổi bật
Camera Xiaomi Mi Home Security C301 3MP được ưu ái trang bị độ phân giải 2304x1296 pixel, mang lại khả năng ghi hình với chất lượng sắc nét và chi tiết. Với kết nối Wifi IEEE 802.11b/g/n 2.4GHz, camera Xiaomi Mi Home C301 này đảm bảo quá trình truyền tải dữ liệu luôn vô cùng ổn định, mượt mà. Đặc biệt hơn, phân khúc camera an ninh trong nhà này còn bao gồm công nghệ mã hóa H.265, giúp tiết kiệm dung lượng lưu trữ, đồng thời giảm băng thông mạng.
Nội dung chính
1. Vì sao nên chọn mua camera Xiaomi Mi Home Security C301 3MP?
2. Camera Xiaomi Mi Home Security C301 3MP - Hỗ trợ quay phim với chất lượng sắc nét
2.1. Hỗ trợ quay phim, theo dõi từ xa với độ phân giải hình ảnh siêu nét
2.2. Cho phép theo dõi cả 1 khu vực rộng lớn với khả năng quay quét linh hoạt
2.3. Cải tiến hệ thống an ninh với tính năng phát hiện chuyển động thông minh
3. Hướng dẫn kết nối camera Xiaomi Mi Home Security C301 3MP với điện thoại
4. Mua camera Xiaomi Mi Home Security C301 3MP giá tốt tại CellphoneS
Vì sao nên chọn mua camera Xiaomi Mi Home Security C301 3MP?
Camera Xiaomi Mi Home Security C301 không chỉ ghi điểm với chất lượng hình ảnh 3MP siêu rõ nét, mà còn tích hợp nhiều tính năng bảo mật cao cấp. Chi tiết những lý do thuyết phục khiến cho nhiều người tin tưởng và lựa chọn mẫu camera Xiaomi có thể được kể tới bao gồm.
Chip bảo mật MJA1 : Hỗ trợ bảo vệ dữ liệu ở cấp độ tài chính, đảm bảo an toàn tối đa.
Gọi thoại hai chiều : Hỗ trợ người sử dụng có thể từ xa gọi thoại với gia đình thông qua camera cực kỳ dễ dàng và tiện lợi.
Tầm nhìn ban đêm : Cung cấp khả năng ghi hình ảnh có màu trong điều kiện thiếu sáng và hồng ngoại rõ nét.
Thiết kế Gimbal kép : Mang tới sự linh hoạt trong việc xoay và mở rộng góc nhìn của camera.
Camera Xiaomi Mi Home Security C301 3MP - Hỗ trợ quay phim với chất lượng sắc nét
Sở hữu khả năng ghi hình sắc nét cùng đa dạng tính năng thông minh, camera Xiaomi Mi Home Security C301 3MP đang rất được người tiêu dùng săn đón như 1 giám sát an ninh cao cấp. Với khả năng quay video chất lượng cao và công nghệ bảo mật tiên tiến, Xiaomi Mi Home Security C301 đảm bảo có thể đáp ứng mọi yêu cầu giám sát từ cơ bản đến nâng cao của người dùng. 
Hỗ trợ quay phim, theo dõi từ xa với độ phân giải hình ảnh siêu nét
Camera Xiaomi Mi Home Security C301 3MP nổi bật với khả năng ghi hình cực kỳ sắc nét và sống động. Với độ phân giải lên tới 2304x1296 pixel, camera này mang đến chất lượng hình ảnh 2K, đảm bảo mọi chi tiết nhỏ cũng đều được tái hiện một cách chân thực. Kết hợp với đó là ống kính 4P cùng khẩu độ lớn, giúp giảm khúc xạ ánh sáng, tạo nên hình ảnh chân thực và cực kỳ rõ ràng. 
Không chỉ dừng lại ở đó, Xiaomi Mi Home Security C301 còn hỗ trợ tính năng tầm nhìn ban đêm đầy đủ màu sắc và hồng ngoại, giúp duy trì chất lượng hình ảnh trong điều kiện ánh sáng yếu. Đặc biệt, camera hồng ngoại ban đêm có màu này của Xiaomi còn được ưu ái sở hữu tới 6 đèn hồng ngoại, cho phép ghi hình rõ nét ngay cả trong bóng tối, không phát ra ánh sáng đỏ, giúp không làm phiền giấc ngủ của bạn.
Cho phép theo dõi cả 1 khu vực rộng lớn với khả năng quay quét linh hoạt
Một ưu điểm nổi bật khác cũng rất được chú ý của camera Xiaomi Mi Home Security C301 3MP chính là góc độ ghi hình rộng 360 và khả năng quay, quét ấn tượng. Cụ thể, thế hệ camera an ninh Xiaomi này bao gồm thiết kế Gimbal kép linh hoạt cho phép ống kính xoay theo nhiều hướng khác nhau, mở rộng góc nhìn của camera 360 một cách tối đa. Thông qua đó, người dùng có thể điều khiển camera thông qua smartphone, dễ dàng quét toàn bộ khu vực cần giám sát chỉ bằng vài thao tác đơn giản. 
Ngoài ra, Xiaomi Mi Home Security C301 còn được đánh giá cao với khả năng xoay 360 độ và quét dọc lên đến 107 độ đảm bảo rằng không có góc khuất nào trong tầm quan sát của camera. Ưu điểm này được cho là cực kỳ hữu ích trong các môi trường như nhà ở, văn phòng hay cửa hàng, nơi cần sự giám sát liên tục và chính xác.
Cải tiến hệ thống an ninh với tính năng phát hiện chuyển động thông minh
Ngoài khả năng ghi hình với độ phân giải cao và khả năng quay, quét phạm vi rộng thì camera Xiaomi Mi Home Security C301 3MP còn đặc biệt được trang bị tính năng phát hiện chuyển động thông minh. Theo đó, dòng camera này sử dụng công nghệ AI tiên tiến, có khả năng phân tích và nhận diện các chuyển động một cách chính xác mà không cần dựa vào xử lý trên đám mây. Nhờ vậy mà bạn có thể giảm thiểu được tối đa các cảnh báo giả, đồng thời tăng độ chính xác trong việc phát hiện chuyển động thực sự. 
Hướng dẫn kết nối camera Xiaomi Mi Home Security C301 3MP với điện thoại
Để trải nghiệm được toàn bộ chức năng hiện đại trên camera Xiaomi Mi Home Security C301, bạn sẽ cần phải kết nối camera này với điện thoại thông minh thông qua app Mi Home. Chi tiết các thao tác ghép nối cũng không quá phức tạp và có thể được tiến hành như sau.
- Bước 1 : Trước tiên, bạn cần tải về và đăng nhập thành công vào app MiHome trên điện thoại thông minh cá nhân.
- Bước 2 : Tiến hành cấp nguồn cho camera và nhấn giữ nút reset dưới đáy camera trong vòng 5 giây để khởi động lại camera. 
- Bước 3 : Tiếp đó, bạn tiến hành khởi động kết nối Bluetooth trên máy. Tại giao diện chính của Mi Home, bạn tiếp tục nhấp vào dấu cộng ở phía trên góc, bên phải màn hình và nhấn vào Thêm thiết bị. 
- Bước 4 : Sau khi điện thoại quét và tìm thấy Xiaomi Mi Home Security C301, bạn nhấn vào tên camera trong danh sách được hiển thị trên màn hình và tiến hành nhập tên, mật khẩu Wifi cho camera.
- Bước 5: Kế đó, bạn tiến hành quét mã QR ở dưới đáy camera, tinh chỉnh lại các cài đặt cơ bản như tên camera, vị trí lắp đặt, sau đó đợi 1 chút để quá trình ghép nối hoàn tất.
Mua camera Xiaomi Mi Home Security C301 3MP giá tốt tại CellphoneS
CellphoneS là hệ thống bán lẻ công nghệ hàng đầu tại Việt Nam, không chỉ phân phối smartphone, laptop, tablet mà còn cung cấp các mẫu camera an ninh đời mới. Với chính sách trả góp 0% qua thẻ tín dụng, khách hàng có thể dễ dàng sở hữu camera Xiaomi Mi Home Security C301 3MP mà không cần phải thanh toán toàn bộ ngay lập tức. Bên cạnh đó, CellphoneS còn nổi bật với dịch vụ đổi trả và bảo hành thuận tiện, mang lại sự yên tâm cho người mua trong và sau quá trình mua sắm công nghệ tại đây. Ngoài ra, cửa hàng CellphoneS còn thường xuyên tổ chức các chương trình khuyến mãi hấp dẫn, giúp người tiêu dùng tiết kiệm đáng kể chi phí khi mua sắm các sản phẩm công nghệ.","{""Thông số chính"": [{""name"": ""Dòng camera"", ""value"": ""Camera trong nhà, Camera Wifi, Camera 360 Độ""}, {""name"": ""Độ phân giải"", ""value"": ""3MP (2304 × 1296 px)""}, {""name"": ""Góc ống kính"", ""value"": ""Khẩu độ lớn cùng ống kính 4P""}, {""name"": ""Góc xoay"", ""value"": ""360 độ ngang\n107 độ dọc""}], ""Lưu trữ và kết nối"": [{""name"": ""Kết nối"", ""value"": ""Wi-Fi""}, {""name"": ""Bộ nhớ"", ""value"": ""Hỗ trợ thẻ nhớ, Lưu trữ đám mây""}, {""name"": ""Chuẩn lưu trữ"", ""value"": ""Thẻ microSD (hỗ trợ 8 GB – 256 GB)\nMi Cloud""}, {""name"": ""Ứng dụng hỗ trợ"", ""value"": ""Xiaomi Home""}, {""name"": ""Tương thích"", ""value"": ""Android 8.0 & iOS 12.0 hoặc cao hơn""}, {""name"": ""Nguồn điện"", ""value"": ""5V⎓1A""}], ""Tính năng và tiện ích"": [{""name"": ""Tính năng"", ""value"": ""Đàm thoại 2 chiều\nĐiều khiển bằng giọng nói\nHỗ trợ lắp thường và lắp ngược\nQuan sát ban đêm có màu\nPhát hiện người và cảnh báo tích cực""}, {""name"": ""Điều kiện hoạt động/bảo quản"", ""value"": ""Nhiệt độ hoạt động -10°C～45°C""}], ""Thiết kế và trọng lượng"": [{""name"": ""Kích thước"", ""value"": ""7.8 × 7.6 × 11.5 cm""}], ""Thông tin hãng"": [{""name"": ""Hãng sản xuất"", ""value"": ""Xiaomi""}]}","[""https://cdn2.cellphones.com.vn/x/media/catalog/product/c/a/camera-xiaomi-mi-home-security-c301-3mp_-_1.png"", ""https://cdn2.cellphones.com.vn/x/media/catalog/product/c/a/camera-xiaomi-mi-home-security-c301-3mp_-_2.png"", ""https://cdn2.cellphones.com.vn/x/media/catalog/product/c/a/camera-xiaomi-mi-home-security-c301-3mp_-_3.png""]","{""product_color_1"": {""color"": ""Trắng"", ""image_url"": ""https://cellphones.com.vn/camera-xiaomi-mi-home-security-c301-3mp.html?product_id=87122"", ""price"": ""630.000₫""}}"
Camera IP ngoài trời 2MP Xiaomi AW200 1080p,camera-ip-wifi-xiaomi-outdoor-aw200,1.090.000đ,580.000đ,"Đặc điểm nổi bật
Camera IP Wifi Xiaomi Outdoor AW200 mang đến trải nghiệm giám sát an toàn và chất lượng với độ phân giải hình ảnh cao cùng góc quan sát lên tới 120 độ. Thế hệ camera này sở hữu kết nối không dây Wi-Fi IEEE 802.11b/g/n tần số 2.4GHz, cung cấp sự ổn định của tín hiệu trong quá trình truyền dẫn tới người dùng. Ngoài ra, dòng camera Xiaomi này còn đi kèm với nhiều tiện ích cao cấp như theo dõi chuyển động, ghi hình ban đêm, đảm bảo an ninh mức độ cao cho khu vực được lắp đặt.
Nội dung chính
1. Vì sao nên mua camera IP Wifi Xiaomi Outdoor AW200?
2. Camera IP Wifi Xiaomi Outdoor AW200 - Độ phân giải hình ảnh cao, đa dạng tiện ích đi kèm
2.1. Khả năng ghi hình đạt chuẩn Full HD ngay cả trong tầm nhìn ban đêm
2.2. Góc độ ghi hình bao quát rộng cùng khả năng quan sát ban đêm sắc nét
2.3. Đảm bảo độ an ninh cao với khả năng nhận biết chuyển động thông minh
2.4. Dễ dàng kết nối với người thân thông qua hệ thống micro hiện đại
3. Hướng dẫn kết nối camera IP Wifi Xiaomi Outdoor AW200 với smartphone
4. Mua camera IP Wifi Xiaomi Outdoor AW200 giá ưu đãi tại CellphoneS
Vì sao nên mua camera IP Wifi Xiaomi Outdoor AW200?
Nhằm hỗ trợ người dùng thắt chặt an ninh và nắm bắt mọi tình hình ở khu vực được lắp đặt, camera IP Wifi Outdoor AW200 của Xiaomi được thiết kế đặc biệt với nhiều nâng cấp ấn tượng so với các dòng camera IP thông thường hiện nay. Một vài ưu điểm nổi trội có thể được kể tới trên camera Xiaomi Outdoor AW200 như sau:
Chất lượng hình ảnh 1080P : Camera mang đến hình ảnh chất lượng cao với độ phân giải Full HD 1080p, giúp theo dõi chi tiết rõ ràng.
Tầm nhìn ban đêm đầy đủ màu sắc : Với khẩu độ lớn F1.6 và mã hóa video H.265, camera giữ được màu sắc đầy đủ ngay cả trong điều kiện ánh sáng thấp.
Chống nước và bụi IP65 : Camera được thiết kế để chịu được mọi thời tiết, đảm bảo hoạt động ổn định ngoài trời.
Công nghệ AI cảnh báo con người : Camera phát hiện chuyển động của con người và thông báo báo động, tăng cường tính hiệu quả của hệ thống an ninh.
Camera IP Wifi Xiaomi Outdoor AW200 - Độ phân giải hình ảnh cao, đa dạng tiện ích đi kèm
Camera IP Wifi Xiaomi Outdoor AW200 không chỉ nổi bật với độ phân giải cao mà còn với các tiện ích đa dạng. Với thiết kế nhỏ gọn, độc đáo và đa chức năng, đây hẳn sẽ là sự lựa chọn phù hợp cho hệ thống an ninh cá nhân mà nhiều người dùng không nên bỏ qua nhé!
Khả năng ghi hình đạt chuẩn Full HD ngay cả trong tầm nhìn ban đêm
Ưu điểm nổi bật hơn cả trên được nhiều người dùng đánh giá cao trên camera ngoài trời Xiaomi AW200 là chất lượng hình ảnh được ghi lại luôn đảm bảo được độ chân thực và sống động cao. Cụ thể, hệ thống ống kính này sẽ sở hữu độ phân giải cao 1920x1080p đảm bảo chất lượng hình ảnh sắc nét.
Ngay cả trong điều kiện môi trường thiếu ánh sáng, các cảm biến cao cấp có mặt trên thế hệ camera wifi ngoài trời này cũng vẫn sẽ hoạt động ổn định để đảm bảo khả năng ghi hình chất lượng cao, cung cấp mức bảo mật an ninh chặt chẽ.
Góc độ ghi hình bao quát rộng cùng khả năng quan sát ban đêm sắc nét
Về góc độ ghi hình, người dùng có thể hoàn toàn yên tâm khi camera Xiaomi Outdoor AW200 sở hữu góc ống kính cực rộng, lên đến 120 độ. Với thông số này, chỉ cần được đặt ở một góc độ phù hợp, thiết bị có thể bao quát toàn bộ khu vực xung quanh, cung cấp hình ảnh sắc nét ở mọi vị trí cho người sử dụng.
Ngoài ra, tầm nhìn ban đêm của Xiaomi AW200 cũng sẽ được cải thiện với công nghệ hồng ngoại 940nm, mang lại hình ảnh rõ ràng mà không có ánh sáng chấm đỏ gây khó chịu.
Đảm bảo độ an ninh cao với khả năng nhận biết chuyển động thông minh
Camera IP Wifi Xiaomi Outdoor AW200 không chỉ là một giải pháp camera giám sát đơn giản mà còn là người bạn đồng hành đáng tin cậy với khả năng nhận biết chuyển động thông minh. Sử dụng công nghệ nhận dạng con người, chiếc camera này có khả năng phát hiện và lọc các cảnh báo không mong muốn do chuyển động không phải của con người gây ra. Điều này mang lại hiệu suất cao và giảm thiểu những thông báo không cần thiết.
Công nghệ phát hiện con người AI không chỉ là sự tiên tiến trong việc nhận biết người, mà còn đảm bảo an ninh tối đa. Ngay khi có sự xuất hiện của con người, thông báo sẽ tức thì được gửi đến điện thoại thông minh, giúp bạn kiểm soát tình hình một cách hiệu quả.
Dễ dàng kết nối với người thân thông qua hệ thống micro hiện đại
Với Camera IP Wifi Xiaomi Outdoor AW200, việc kết nối và tương tác với gia đình đã trở nên khá dễ dàng và thú vị. Theo đó, thế hệ camera này được trang bị hệ thống micro hiện đại, giúp bạn thực hiện cuộc gọi thoại hai chiều với âm thanh rõ ràng. Với khả năng nói chuyện và tương tác như đang trò chuyện trực tiếp, bạn có thể duy trì liên lạc và kiểm soát tình hình từ xa, ngay cả khi bạn không ở nhà.
Khả năng giao tiếp âm thanh hai chiều của Xiaomi AW200 có tầm hoạt động lên đến 5 mét, giúp bạn dễ dàng đàm thoại với những người trong tầm quan sát của camera. Điều này không chỉ là một phương tiện an ninh mà còn là cách để bạn giữ liên lạc với gia đình mọi lúc, mọi nơi.
Hướng dẫn kết nối camera IP Wifi Xiaomi Outdoor AW200 với smartphone
Tương tự như các dòng camera an ninh khác của Xiaomi trên thị trường hiện nay, camera Xiaomi Outdoor AW200 có thể được kết nối dễ dàng với smartphone thông qua app Mi Home. Chi tiết các bước ghép nối giữa thế hệ camera an ninh Xiaomi này với smartphone như sau:
Bước 1 : Bạn kết nối camera an ninh Xiaomi Outdoor AW200 với nguồn điện thông qua dây sạc đi kèm. 
(Nguồn ảnh Internet)
Bước 2 : Tải và đăng nhập ứng dụng Mi Home về máy.
(Nguồn ảnh Internet)
Bước 3 : Sau khi vào giao diện chính của ứng dụng, bạn nhấn vào biểu tượng dấu cộng ở trên góc phải màn hình, chọn vào Add a device và nhấn vào hình ảnh camera Xiaomi Outdoor AW200 tương ứng trên màn hình.
(Nguồn ảnh Internet)
Bước 4 : Thiết lập wifi cho camera trước khi kết nối.
(Nguồn ảnh Internet)
Bước 5 : Tiến hành quét mã QR ở dưới đáy camera hoặc nhập đoạn mã tương ứng (có kèm theo ở khu vực mã QR) để kết nối smartphone với camera an ninh Xiaomi này.
(Nguồn ảnh Internet)
Sau khi hoàn tất bước 5 là bạn đã hoàn tất kết nối và đã có thể tùy chỉnh các thông số về camera này theo ý muốn trước khi bắt đầu sử dụng nhé!
Mua camera IP Wifi Xiaomi Outdoor AW200 giá ưu đãi tại CellphoneS
Nếu bạn đang tìm kiếm một giải pháp an ninh toàn diện và tiện ích, hãy đến ngay CellphoneS để sở hữu Camera IP Wifi Xiaomi Outdoor AW200 với giá ưu đãi nhất. Tại đây, chúng tôi cam kết cung cấp sản phẩm chính hãng, đảm bảo chất lượng và giá trị tốt nhất cho khách hàng. Kết nối thêm tới CellphoneS thông qua hotline 1800 2097 để nhận thêm thông tin và được hỗ trợ đặt mua hàng trong thời gian sớm bạn nhé!","{""Thông số chính"": [{""name"": ""Dòng camera"", ""value"": ""Camera ngoài trời, Camera Wifi""}, {""name"": ""Độ phân giải"", ""value"": ""2MP (1920 x 1080 px)""}, {""name"": ""Góc ống kính"", ""value"": ""Khẩu độ F1,6\nGóc nhìn 120°""}], ""Lưu trữ và kết nối"": [{""name"": ""Kết nối"", ""value"": ""Wi-Fi""}, {""name"": ""Bộ nhớ"", ""value"": ""Hỗ trợ thẻ nhớ""}, {""name"": ""Chuẩn lưu trữ"", ""value"": ""Hỗ trợ thẻ nhớ Micro SD 64 - 256GB""}, {""name"": ""Ứng dụng hỗ trợ"", ""value"": ""Ứng dụng Mi Home""}, {""name"": ""Nguồn điện"", ""value"": ""5V/1A""}], ""Tính năng và tiện ích"": [{""name"": ""Tính năng"", ""value"": ""Đàm thoại 2 chiều\nPhát hiện chuyển động\nNhận dạng con người\nGhi hình ban đêm có màu\nQuay video timelapse\nNhận thông báo trên điện thoại\nCó khả năng kết hợp với Alexa & Google Home""}, {""name"": ""Điều kiện hoạt động/bảo quản"", ""value"": ""-20°C đến 50°C""}, {""name"": ""Kháng nước"", ""value"": ""IP65""}], ""Thông tin hãng"": [{""name"": ""Hãng sản xuất"", ""value"": ""Xiaomi""}]}","[""https://cdn2.cellphones.com.vn/x/media/catalog/product/f/l/flycam-dji-mini-3-rc-n1-ksp_1_2.png"", ""https://cdn2.cellphones.com.vn/x/media/catalog/product/c/a/camera-ip-wifi-xiaomi-outdoor-aw200_2_.png"", ""https://cdn2.cellphones.com.vn/x/media/catalog/product/c/a/camera-ip-wifi-xiaomi-outdoor-aw200_1_.png""]",{}
Camera IP 360 độ 5MP Xiaomi Mi Home Security C500 Pro,camera-xiaomi-mi-home-security-c500-pro,1.490.000đ,990.000đ,"Đặc điểm nổi bật
Camera Xiaomi Mi Home Security C500 Pro sở hữu khả năng ghi hình 3K rõ nét nhờ ống kính 5MP, chế độ HRD hỗ trợ ghi hình ngược sáng. Mẫu camera Xiaomi giám sát này còn được tích hợp thêm nhiều công nghệ hình ảnh cùng khả năng nhận biết chuyển động thông minh. Với hệ thống microphone và loa công suất lớn, người dùng còn có thể thực hiện các cuộc gọi hai chiều rõ ràng.
Nội dung chính
1. Vì sao nên mua camera Xiaomi Mi Home Security C500 Pro?
2. Camera Xiaomi Mi Home Security C500 Pro - Theo dõi linh hoạt, sắc nét
2.1. Ghi hình siêu rõ nét với độ phân giải 3K
2.2. Cơ chế xoay linh hoạt cung cấp tầm nhìn rộng lớn
2.3. Tích hợp hệ thống AI phát hiện chuyển động, âm thanh
2.4. Đàm thoại to và rõ ràng
2.5. Đa dạng phương thức lưu trữ
3. Hướng dẫn sử dụng camera Xiaomi Mi Home Security C500 Pro chi tiết
3.1. Hướng dẫn kết nối camera Xiaomi Mi Home Security C500 Pro với điện thoại
3.2. Hướng dẫn sử dụng tính năng tự động phát hiện chuyển động trên Xiaomi C500 Pro
4. Mua camera Xiaomi Mi Home Security C500 Pro giá tốt tại CellphoneS
Vì sao nên mua camera Xiaomi Mi Home Security C500 Pro?
Camera Xiaomi Mi Home Security C500 Pro sở hữu những điểm nổi bật đáng giá nào để bạn quyết định lựa chọn và trang bị trong ngôi nhà của mình?
-   Ghi hình sắc nét: Mẫu camera an ninh của Xiaomi có thể ghi hình với độ phân giải lên tới 3K cũng như hỗ trợ theo dõi trong nhiều điều kiện ánh sáng
-   Trò chuyện dễ dàng: Camera Xiaomi C500 Pro được trang bị hệ thống loa và microphone để có thể thực hiện các cuộc gọi hai chiều to, rõ ràng
-   Tích hợp AI thông minh: Camera Xiaomi C500 Pro được tích hợp trí thông minh nhân tạo có khả năng phát hiện các bất thường và đưa ra cảnh báo dựa trên chuyển động và âm thanh
-   Góc quay rộng: Camera Xiaomi C500 Pro có thể xoay ngang một góc 360 độ và xoay theo chiều dọc 114 độ để cung cấp góc nhìn có độ bao quát cao
Camera Xiaomi Mi Home Security C500 Pro - Theo dõi linh hoạt, sắc nét
Camera Xiaomi Mi Home Security C500 Pro với khả năng ghi hình trong nhiều điều kiện ánh sáng cùng chất lượng hình ảnh tối đa 3K sẽ là một lựa đáng cân nhắc để phục vụ mục đích giám sát, bảo vệ. Sản phẩm camera Xiaomi này còn được tích hợp thêm nhiều tính năng như nghe gọi 2 chiều, phát hiện chuyển động AI, điều khiển giọng nói,...để mang tới sự tiện lợi trong quá trình sử dụng thiết bị. 
Ghi hình siêu rõ nét với độ phân giải 3K
Camera Xiaomi Mi Home Security C500 Pro được trang bị một ống kính sử dụng cảm biến 5MP. Với ống kính này, mẫu camera giám sát của Xiaomi có thể ghi hình với chất lượng tối đa ở mức 3K (2960 x 1666p). Độ phân giải này sẽ đảm bảo người dùng luôn có thể xem mọi chi tiết với độ sắc nét cực cao.
Camera Xiaomi C500 Pro còn được tích hợp thêm chế độ màu ánh sáng cực thấp. Điều này giúp camera có khả năng ghi hình màu tốt kể cả ở trong điều kiện ánh sáng yếu, kéo dài. Đi kèm là đèn hồng ngoại nhằm giúp tăng cường tín hiệu vào ban đêm để camera có thể ghi hình tốt ở mọi thời điểm. Chế độ HDR cho phép Xiaomi C500 Pro có thể giữ được nhiều chi tiết hơn trong cả điều kiện ghi hình ngược sáng.
Cơ chế xoay linh hoạt cung cấp tầm nhìn rộng lớn
Camera Xiaomi Mi Home Security C500 Pro cung cấp cho người dùng một góc nhìn có độ bao quát cao. Sản phẩm có khả năng xoay một góc 360 độ theo chiều ngang để đảm bảo không có bất cứ điểm mù nào. Còn theo chiều dọc, Xiaomi C500 Pro có thể xoay một góc lên tới 114 độ.
Ngoài việc chủ động thay đổi góc theo dõi, camera 360 từ nhà Xiaomi còn sở hữu tính năng giám sát tự động trong điều kiện không có ai ở nhà. Điều này giúp người dùng có thể giám sát không gian sống một cách thuận tiện để kịp thời phản ứng nếu không may xảy ra sự cố. Đồng thời, bạn cũng có thể cài đặt tối đa tới 6 vị trí giám sát để có thể chủ động sắp xếp các khu vực được ưu tiên giám sát trong ngôi nhà. 
Tích hợp hệ thống AI phát hiện chuyển động, âm thanh
Camera Xiaomi Mi Home Security C500 Pro cũng sẽ được tích hợp trí thông minh nhân tạo để hỗ trợ khả năng giám sát. Hệ thống AI của Xiaomi Mi C500 Pro sẽ tự động phát hiện các chuyển động sau đó theo dõi và gửi thông báo tới điện thoại thông minh của người dùng. Không chỉ chuyển động của người mà các chuyển động của vật nuôi cũng có thể được nhận diện một cách dễ dàng để gửi thông báo tới người dùng.
Vị trí giám sát để phát hiện chuyển động và đưa ra thông báo có thể dễ dàng cài đặt trên ứng dụng điện thoại. Ngoài việc phát hiện chuyển động, camera Xiaomi C500 Pro còn có thể nhận diện âm thanh để phát ra cảnh báo về điện thoại người dùng. Nhờ vậy mà bạn còn có thể sử dụng camera như một thiết bị giám sát trẻ sơ sinh và người lớn tuổi.
Đàm thoại to và rõ ràng
Camera Xiaomi Mi Home Security C500 Pro sở hữu hệ thống loa và microphone có công suất lớn. Nhờ đó mà người dùng có thể thuận tiện hơn khi thực hiện các cuộc gọi tới vị trí đặt camera trong những trường hợp khẩn cấp hoặc đơn giản là cảm thấy nhớ nhà, nhớ những người thân của mình. Giao diện ứng dụng theo dõi được thiết kế để mang tới trải nghiệm nghe gọi quen thuộc, dễ sử dụng.
Sản phẩm được trang bị công nghệ Wi-Fi băng tần kép để luôn đảm bảo chất lượng các cuộc gọi có được sự ổn định. Ngoài ra, camera Xiaomi C500 Pro còn được tích hợp thêm tính năng điều khiển bằng giọng nói thông qua các trợ lý ảo Google Assistant hay Alexa để luôn đảm bảo sự tiện lợi trong khi sử dụng.
Đa dạng phương thức lưu trữ
Camera Xiaomi Mi Home Security C500 Pro được tích hợp tới ba phương thức lưu trữ để người dùng lựa chọn. Phương thức lưu trữ đầu tiên và truyền thống nhất đó là thông qua khe cắm thẻ nhớ microSD. Khe cắm thẻ nhớ trên camera Xiaomi C500 Pro có thể hỗ trợ dung lượng bộ nhớ trong khoảng từ 8GB đến 256GB.
Phương thức thứ hai là thông qua thiết bị lưu trữ NAS. Cách lưu trữ này thường được ưu tiên sử dụng trong các doanh nghiệp, xí nghiệp sử dụng số lượng lớn camera và cần có một không gian lưu trữ lớn. Phương thức lưu trữ cuối cùng và tiện lợi nhất đó là thông qua bộ nhớ đám mây. Thay vì phải đầu tư chi phí mua thẻ nhớ hay thiết bị lưu trữ, bạn có thể trả một khoản phí nhỏ để lưu trữ trực tiếp nội dung giám sát trên bộ nhớ đám mây của Xiaomi.
Hướng dẫn sử dụng camera Xiaomi Mi Home Security C500 Pro chi tiết
Cách sử dụng Camera Xiaomi Mi Home Security C500 Pro như thế nào? Việc kết nối sản phẩm với ứng dụng trên điện thoại để giám sát có khó không? Dưới đây là một số hướng dẫn để bạn có thể dễ dàng hơn trong việc sử dụng camera Xiaomi C500 Pro:
Hướng dẫn kết nối camera Xiaomi Mi Home Security C500 Pro với điện thoại
Việc kết nối camera Xiaomi Mi Home Security C500 Pro với điện thoại như thế nào? Để kết nối mẫu camera an ninh này với điện thoại, bạn hãy làm theo các bước sau:
Bước 1: Tải ứng dụng Mi Home về điện thoại và đăng ký/đăng nhập tài khoản của bạn để thực hiện việc kết nối camera với điện thoại
Bước 2: Tại màn hình chính của ứng dụng Mi Home, bạn hãy nhấn vào biểu tượng dấu cộng ở phía trên, bên phải màn hình rồi chọn vào Add a device
Bước 3: Khi nhấn vào Add a device, ứng dụng Mi Home sẽ tự động phát hiện được tín hiệu không dây phát ra từ camera Xiaomi C500 Pro. Khi đó, hãy nhấn vào thiết bị có tên tương ứng hiện ra trên màn hình
Bước 4: Đặt điện thoại lại gần camera Xiaomi C500 Pro để việc kết nối diễn ra thành công
Hướng dẫn sử dụng tính năng tự động phát hiện chuyển động trên Xiaomi C500 Pro
Camera Xiaomi Mi Home Security C500 Pro được tích hợp kèm tính năng phát hiện chuyển động thông minh. Và để kích hoạt tính năng này, bạn hãy thực hiện theo các bước sau:
Bước 1: Lựa chọn vào camera mà bạn muốn kích hoạt tính năng và chọn vào mục Cài đặt camera
Bước 2: Tại mục Cài đặt camera, hãy tìm và kích hoạt hai mục Camera cảm biến chuyển động xoay và Theo dõi con người
Mua camera Xiaomi Mi Home Security C500 Pro giá tốt tại CellphoneS
Camera Xiaomi Mi Home Security C500 Pro hiện đang được trưng bày tại mọi cửa hàng CellphoneS trên cả nước để bạn có thể tới tận nơi tham khảo và đặt mua. Mẫu camera an ninh mới của Xiaomi hiện còn được hưởng rất nhiều các ưu đãi trong thanh toán, chiết khấu hấp dẫn cùng nhiều chương trình khuyến mãi, trả góp để bạn luôn có cơ hội sở hữu với giá bán cực kỳ hợp lý.","{""Thông số chính"": [{""name"": ""Dòng camera"", ""value"": ""Camera trong nhà, Camera Wifi, Camera 360 Độ""}, {""name"": ""Độ phân giải"", ""value"": ""5MP (2960 x 1666 px)""}, {""name"": ""Góc xoay"", ""value"": ""Xoay ngang 360 độ\nXoay dọc 114 độ""}], ""Lưu trữ và kết nối"": [{""name"": ""Kết nối"", ""value"": ""Wi-Fi\nBluetooth""}, {""name"": ""Bộ nhớ"", ""value"": ""Hỗ trợ thẻ nhớ, Lưu trữ đám mây""}, {""name"": ""Chuẩn lưu trữ"", ""value"": ""Thẻ microSD (8GB–256GB)\nXiaomi Cloud""}, {""name"": ""Ứng dụng hỗ trợ"", ""value"": ""Mi Home""}, {""name"": ""Nguồn điện"", ""value"": ""5V-2A""}], ""Tính năng và tiện ích"": [{""name"": ""Tính năng"", ""value"": ""Phát hiện thú cưng\nPhát hiện khu vực chính\nPhát hiện tiếng ồn lớn\nPhát hiện tiếng em bé khóc\nThông báo khi có chuyển động\nPhát hiện người, chuyển động\nĐiều khiển giọng nói\nTấm chắn ống kính vật lý bảo vệ quyền riêng tư của bạn\nQuan sát ban đêm có màu\nChế độ HDR\nĐàm thoại 2 chiều""}, {""name"": ""Điều kiện hoạt động/bảo quản"", ""value"": ""-10°C đến 45°C""}], ""Thiết kế và trọng lượng"": [{""name"": ""Kích thước"", ""value"": ""7.8 x 7.8 x 12.4 cm""}, {""name"": ""Trọng lượng"", ""value"": ""301g""}], ""Thông tin hãng"": [{""name"": ""Hãng sản xuất"", ""value"": ""Xiaomi""}]}","[""https://cdn2.cellphones.com.vn/x/media/catalog/product/c/a/camera-xiaomi-mi-home-security-c500-pro.png"", ""https://cdn2.cellphones.com.vn/x/media/catalog/product/c/a/camera-xiaomi-mi-home-security-c500-pro_1_.png"", ""https://cdn2.cellphones.com.vn/x/media/catalog/product/c/a/camera-xiaomi-mi-home-security-c500-pro_3_.png""]","{""product_color_1"": {""color"": ""Trắng"", ""image_url"": ""https://cellphones.com.vn/camera-xiaomi-mi-home-security-c500-pro.html?product_id=96446"", ""price"": ""990.000₫""}}"
Camera IP WiFi Xiaomi 2MP 1080P C201,camera-ip-wifi-xiaomi-2mp-1080p-c201,890.000đ,590.000đ,"Đặc điểm nổi bật
Camera IP WiFi Xiaomi 2MP 1080P C201 sở hữu độ phân giải 2MP và các công nghệ hiện đại để ghi hình Full HD 1080P sắc nét trong mọi điều kiện ánh sáng. Thiết bị có góc xoay ngang 360 độ, giúp bao quát toàn bộ không gian. Chip bảo mật MJA1 cùng chuẩn mã hóa AES-128 bảo vệ dữ liệu người dùng ở mức độ cao.
Nội dung chính
1. Camera IP WiFi Xiaomi 2MP 1080P C201 - AI theo dõi, ghi hình đa góc
1.1. Ghi hình nét cả khi thiếu sáng, chế độ riêng tư an toàn
1.2. Camera 360 độ, góc nhìn rộng giám sát toàn cảnh
1.3. AI thông minh theo dõi và ghi lại chuyển động chính xác
1.4. H.265 mã hóa lưu trữ tối ưu, camera đàm thoại rõ tiếng
2. Hướng dẫn kết nối app với camera IP WiFi Xiaomi 2MP 1080P C201 chi tiết
3. So sánh camera IP WiFi Xiaomi 2MP 1080P C201 với C200
4. Mua camera IP WiFi Xiaomi 2MP 1080P C201 chính hãng tại CellphoneS
Camera IP WiFi Xiaomi 2MP 1080P C201 - AI theo dõi, ghi hình đa góc
Dòng camera trong nhà này được thiết kế hướng đến người dùng cần giải pháp giám sát không gian sống 360 độ, dễ vận hành và đáng tin cậy. Mỗi tính năng của camera đều được xây dựng để phục vụ nhu cầu an ninh thực tế hằng ngày.
Ghi hình nét cả khi thiếu sáng, chế độ riêng tư an toàn
Camera IP WiFi Xiaomi 2MP 1080P C201 ghi hình với độ phân giải 2MP giúp mỗi khung hình được tái hiện Full HD 1080P với độ chi tiết sắc nét. Với người dùng cần xem lại bản ghi hình để xác minh hay mong muốn ghi lại mọi khoảnh khắc gia đình rõ nét thì chất lượng hình ảnh của camera sẽ đáp ứng tốt nhu cầu.
Cảm biến độ nhạy cao cho phép camera duy trì hình ảnh màu sắc đầy đủ thay vì chuyển sang đen trắng trong điều kiện thiếu sáng. Đồng thời, sáu bóng hồng ngoại trên thiết bị cho khả năng quan sát rõ trong tối mà không cần phát ánh sáng đỏ, đảm bảo không làm phiền giấc ngủ người dùng. 
Camera ghi hình 1080P, rõ nét trong đêm
Khi cần bảo vệ quyền riêng tư, ống kính được thu vào bên trong thân máy theo cơ chế vật lý, giúp người dùng có thể yên tâm rằng camera đã ngừng ghi. Nhờ được trang bị chip MJA1 với khóa xác thực riêng cho từng thiết bị, kết hợp mã hóa AES-128 trên dữ liệu đám mây, camera mang đến mức độ bảo mật vượt trội.
Camera 360 độ, góc nhìn rộng giám sát toàn cảnh
Động cơ xoay 2 trục trên camera IP WiFi Xiaomi 2MP 1080P C201 vận hành mượt mà theo cả chiều ngang lẫn dọc, với phạm vi bao phủ tới 360 độ (theo chiều ngang). Với khả năng bao phủ rộng, một thiết bị có thể đảm nhiệm vai trò giám sát của nhiều camera góc cố định, giúp người dùng tối ưu chi phí mà vẫn đảm bảo an ninh.
Camera C201 xoay góc 360 độ toàn không gian phòng 
Bên cạnh đó, toàn bộ góc xoay của ống kính có thể được điều khiển trực tiếp qua ứng dụng Xiaomi Home để người dùng chủ động quan sát bất kỳ góc nào trong nhà. Đồng thời, khả năng xoay đa góc độ còn hỗ trợ người dùng bố trí camera linh hoạt, đảm bảo khả năng ghi hình dù đặt trên mặt bàn hay treo tường tùy theo nhu cầu.
AI thông minh theo dõi và ghi lại chuyển động chính xác
Khi phát hiện chuyển động, camera IP WiFi Xiaomi 2MP 1080P C201 tự động khóa mục tiêu và xoay theo liên tục để giám sát đầy đủ hành động của đối tượng. Nhờ vào thuật toán AI nhận diện có khả năng xử lý thông tin nhanh chóng ngay trên thiết bị, camera có thể gửi cho người dùng cảnh báo sớm theo thời gian thực. 
Camera dùng AI để tự động nhận biết khi có chuyển động
Bên cạnh nhận diện người, camera cũng tự động phát hiện và theo dõi thú cưng. Vì vậy, thiết bị là lựa chọn phù hợp cho người dùng muốn ghi lại những khoảnh khắc sinh động của vật nuôi mà không cần can thiệp thủ công.
H.265 mã hóa lưu trữ tối ưu, camera đàm thoại rõ tiếng
Chuẩn nén H.265 trên camera IP WiFi Xiaomi 2MP 1080P C201 giúp thu nhỏ dung lượng file video để lưu nhiều giờ ghi hình hơn mà vẫn giữ chất lượng hình ảnh. Ngoài ra, camera còn hỗ trợ khe cắm thẻ nhớ microSD và hỗ trợ thêm cả tùy chọn lưu trữ đám mây, phục vụ linh hoạt phương thức lưu trữ theo nhu cầu người dùng.
Camera cho phép lưu dữ liệu qua nhiều tùy chọn khác nhau
Mẫu camera này trang bị loa đường kính lớn với buồng cộng hưởng riêng cùng micro khử tạp âm thông minh tạo nên trải nghiệm đàm thoại hai chiều rõ ràng. Dù ở khoảng cách xa, người dùng vẫn có thể nghe giọng của người thân và truyền đi tiếng nói của bản thân một cách trong trẻo, tự nhiên. 
Hướng dẫn kết nối app với camera IP WiFi Xiaomi 2MP 1080P C201 chi tiết
Người dùng chỉ cần vài bước đơn giản để kết nối camera IP WiFi Xiaomi 2MP 1080P C201 với ứng dụng Xiaomi Home. Các bước hướng dẫn chi tiết dưới đây sẽ giúp người dùng hoàn tất thiết lập và bắt đầu trải nghiệm giám sát thông minh từ xa:
Bước 1: Truy cập cửa hàng ứng dụng để tải Xiaomi Home, sau đó mở ứng dụng và đăng nhập tài khoản.
Bước 2: Tại giao diện chính của app, chọn biểu tượng dấu cộng ở góc trên bên phải màn hình, rồi nhấn vào tùy chọn “Quét”.
Bước 3: Dùng điện thoại quét mã QR được in ở mặt đáy của camera, sau đó nhấn giữ nút reset ở thiết bị theo hướng dẫn trên màn hình để khởi động lại.
Bước 4: Trên điện thoại, chọn “Đặt lại thiết bị”, kết nối camera vào mạng WiFi trong nhà bằng cách nhập mật khẩu WiFi rồi nhấn “OK” để xác nhận kết nối. Sau khi hoàn tất là camera đã đồng bộ với smartphone và sẵn sàng để người dùng điều khiển từ xa.
Kết nối camera C201 với Xiaomi Home
(Nguồn ảnh: Internet)
So sánh camera IP WiFi Xiaomi 2MP 1080P C201 với C200
Trước khi đưa ra quyết định, nhiều người dùng thường cân nhắc giữa camera IP WiFi Xiaomi 2MP 1080P C201 và đời tiền nhiệm C200. Bảng so sánh dưới đây làm rõ những điểm nâng cấp chính để người dùng quyết định xem có nên chọn đời mới hơn hay không:
Thông số
Camera IP WiFi Xiaomi 2MP 1080P C201
Camera IP 360 độ 2MP Xiaomi Mi Home Security C200 (BHR6766GL)
Dòng camera
Camera trong nhà, Camera Wifi
Camera trong nhà
Độ phân giải
2MP (1920 × 1080 Full HD)
2 MP (1920 x 1080p)
Góc nhìn
110 độ
360 độ
Góc xoay
Xoay ngang 360°
Xoay dọc 106°
Xoay ngang 360 độ
Xoay dọc 106 độ
Tầm nhìn
Hồng ngoại ban đêm (IR), ~10m
10 m trong tối
Kết nối
Wi-Fi IEEE 802.11b/g/n/ax 2.4GHz
Wifi
Kết nối cùng lúc
Hỗ trợ nhiều thiết bị truy cập
Tính năng
Đàm thoại 2 chiều
Phát hiện chuyển động
Phát hiện con người (AI)
Theo dõi chuyển động thông minh
Quan sát ban đêm hồng ngoại (IR)
Xoay 360° (quay quét toàn cảnh)
Gửi cảnh báo thời gian thực về điện thoại
Xem từ xa qua ứng dụng Xiaomi Home
Lưu trữ thẻ nhớ microSD & cloud
Chuẩn nén video H.265 tiết kiệm dung lượng
Phát hiện chuyển động
Báo động âm thanh bất thường
Phát hiện con người
Quan sát toàn cảnh với góc nhìn 360 độ với công nghệ WDR
Quan sát rõ trong bóng tối
Hỗ trợ đảo ngược hiển thị
Điều khiển giọng nói qua trợ lý Google
Theo dõi chuyển động
Gửi cảnh báo đến điện thoại
Đàm thoại 2 chiều
Hãng sản xuất
Xiaomi
Xiaomi
C201 có cơ chế che chắn vật lý chắc chắn hơn
Chip MJA1 trên C201 nâng mức bảo vệ dữ liệu lên tiêu chuẩn tài chính, vượt trội so với chip thông thường trên C200. Đặc biệt, cơ chế che chắn ống kính vật lý của C201 đảm bảo quyền riêng tư tốt hơn so với phiên bản C200 (vốn chỉ hỗ trợ chế độ ngủ thông qua phần mềm).
Mua camera IP WiFi Xiaomi 2MP 1080P C201 chính hãng tại CellphoneS
Tại CellphoneS, camera IP WiFi Xiaomi 2MP 1080P C201 được phân phối chính hãng kèm bảo hành đầy đủ. Khách hàng còn được hưởng ưu đãi giảm giá định kỳ để tối ưu chi phí cho sản phẩm giám sát an ninh. Dịch vụ tư vấn tận tâm từ đội ngũ kỹ thuật am hiểu giúp người mua chọn được sản phẩm phù hợp. Ghé CellphoneS toàn quốc ngay để chọn mua camera an ninh Xiaomi chất lượng cao với giá tốt!","{""Thông số chính"": [{""name"": ""Dòng camera"", ""value"": ""Camera trong nhà, Camera Wifi""}, {""name"": ""Độ phân giải"", ""value"": ""2MP (1920 × 1080 Full HD)""}, {""name"": ""Góc nhìn"", ""value"": ""110 độ""}, {""name"": ""Góc xoay"", ""value"": ""Xoay ngang 360°\nXoay dọc 106°""}, {""name"": ""Cảm biến ảnh"", ""value"": ""CMOS""}, {""name"": ""Tầm nhìn"", ""value"": ""Hồng ngoại ban đêm (IR), ~10m""}], ""Lưu trữ và kết nối"": [{""name"": ""Kết nối"", ""value"": ""Wi-Fi IEEE 802.11b/g/n/ax 2.4GHz""}, {""name"": ""Bộ nhớ"", ""value"": ""Hỗ trợ thẻ nhớ""}, {""name"": ""Chuẩn lưu trữ"", ""value"": ""MicroSD""}, {""name"": ""Ứng dụng hỗ trợ"", ""value"": ""Ứng dụng Xiaomi Home""}, {""name"": ""Kết nối cùng lúc"", ""value"": ""Hỗ trợ nhiều thiết bị truy cập""}, {""name"": ""Tương thích"", ""value"": ""Android 8.0+, iOS 12.0+""}, {""name"": ""Nguồn điện"", ""value"": ""5V ⎓ 1A""}], ""Tính năng và tiện ích"": [{""name"": ""Tính năng"", ""value"": ""Đàm thoại 2 chiều\nPhát hiện chuyển động\nPhát hiện con người (AI)\nTheo dõi chuyển động thông minh\nQuan sát ban đêm hồng ngoại (IR)\nXoay 360° (quay quét toàn cảnh)\nGửi cảnh báo thời gian thực về điện thoại\nXem từ xa qua ứng dụng Xiaomi Home\nLưu trữ thẻ nhớ microSD & cloud\nChuẩn nén video H.265 tiết kiệm dung lượng""}, {""name"": ""Điều kiện hoạt động/bảo quản"", ""value"": ""Nhiệt độ: -10°C đến 40°C""}], ""Thiết kế và trọng lượng"": [{""name"": ""Kích thước"", ""value"": ""78 × 76 × 115 mm""}, {""name"": ""Trọng lượng"", ""value"": ""310g""}], ""Thông tin hãng"": [{""name"": ""Hãng sản xuất"", ""value"": ""Xiaomi""}]}","[""https://cdn2.cellphones.com.vn/x/media/catalog/product/c/a/camera-ip-wifi-xiaomi-2mp-1080p-c201_1.jpg"", ""https://cdn2.cellphones.com.vn/x/media/catalog/product/c/a/camera-ip-wifi-xiaomi-2mp-1080p-c201-3.jpg"", ""https://cdn2.cellphones.com.vn/x/media/catalog/product/c/a/camera-ip-wifi-xiaomi-2mp-1080p-c201-2.jpg""]","{""product_color_1"": {""color"": ""Trắng"", ""image_url"": ""https://cellphones.com.vn/camera-ip-wifi-xiaomi-2mp-1080p-c201.html?product_id=127549"", ""price"": ""590.000₫""}}"
Camera IP 360 độ 4MP Xiaomi MI Home Security C400 (BHR6619GL),camera-xiaomi-mi-home-security-c400-bhr6619gl,1.352.000đ,750.000đ,"Đặc điểm nổi bật
Camera Xiaomi MI Home Security C400 BHR6619GL là dòng camera 360 với ống kính 4MP mang lại khả năng quay chụp rõ nét với độ phân giải 2.5K với hình ảnh tinh tế và chân thực. Camera với ống kính 6P nhờ đó hỗ trợ giảm thiểu hiện tượng khúc xạ ánh sáng cùng với đó là khả năng quay chụp đêm rõ ràng với hiệu ứng nhìn đêm hồng ngoại. Xiaomi MI Home Security C400 BHR6619GL còn sở hữu khả năng ghi hình gần như không góc chết với khả năng quay 360 độ theo chiều ngang và 106 độ theo chiều dọc.
Nội dung chính
1. Vì sao nên mua camera Xiaomi MI Home Security C400 BHR6619GL
2. Camera Xiaomi Mi Home Security C400 BHR6619GL - Thu hình, thu âm chân thực sắc nét 
2.1. Hình ảnh chi tiết chân thực, thiết kế xoay linh động 
2.2. Âm thanh khuếch đại, báo động chuẩn
3. Hướng dẫn cách sử dụng Xiaomi MI Home Security C400 BHR6619GL
4. Mua ngay camera Xiaomi C400 BHR6629GL chính hãng giá tốt tại cửa hàng CellphoneS
Vì sao nên mua camera Xiaomi MI Home Security C400 BHR6619GL
Sở hữu nhiều tính năng nổi bật khiến Xiaomi MI Home Security C400 BHR6619GL là một sản phẩm camera Xiaomi an ninh đáng để người dùng trải nghiệm:
-    Quay phim 2.5K: các thước phim ghi lại rõ nét đến từng chi tiết cùng với màu sắc chân thực
-    Ghi hình không góc chết cả ngày và đêm: Với hiệu ứng nhìn đêm hồng ngoài, thiết bị có thể ghi hình rõ nét kể cả trong đêm tối cùng với góc quay 360 độ theo chiều ngang, 106 độ theo chiều dọc
-    Tích hợp loa hỗ trợ đàm thoại 2 chiều: Loa âm thanh nổi với bộ khuếch đại mang lại âm thanh chân thực, hỗ trợ đàm thoại hai chiều tiện lợi trong phạm vi 5m
-    Điều khiển AI, phát hiện con người: Module AI với khả năng phát hiện con người, phân tích chuyển chuyển động lạ giúp mang lại những cảnh báo chính xác
-    Tính bảo mật cao: Camera với chip bảo mật Xiaomi với các dữ liệu được mã hóa giúp bảo vệ sự riêng tư cho các dữ liệu của người dùng.
-    Thiết kế nhỏ gọn, dễ lắp đặt: Người dùng có thể sử dụng để bàn hay gắn trần một cách thuận tiện theo nhu cầu sử dụng.
-    Lưu trữ dễ dàng: Thông qua thẻ micro SD 256Gb hoặc dữ liệu đám mây tiện lợi
Camera Xiaomi Mi Home Security C400 BHR6619GL - Thu hình, thu âm chân thực sắc nét 
Camera Xiaomi C400 BHR6629GL là dòng camera trong nhà giúp ghi lại hình ảnh rõ ràng chuẩn xác. Với thiết kế đẹp mắt, bền bỉ và chất lượng thu thanh ấn tượng, camera chắc chắn sẽ giúp bạn đạt được điều mình mong muốn. Hãy xem đoạn mô tả sau đây để hiểu rõ hơn về camera giám sát này trước khi quyết định mua nhé!
Hình ảnh chi tiết chân thực, thiết kế xoay linh động 
Camera Xiaomi C400 BHR6629GL có khả năng thu được hình ảnh chất lượng với các video 2.5K, hình ảnh chân thực rõ ràng như cảnh thực ngay trước mặt. Đó là nhờ cảm biến có độ phân giải cao 2560 x 1440 pixels và camera 4 MP.
Thiết kế zoom pan-tilt cho camera gắn hai động cơ giúp ống kính có thể xoay lên, xoay xuống, sang trái sang phải dễ dàng. Nhờ vậy, hình ảnh ghi lại cảnh vật toàn diện, không thiếu sót khu vực nào xung quanh nơi đặt camera.
Âm thanh khuếch đại, báo động chuẩn
Camera Xiaomi C400 BHR6629GL có thể thu thanh chuẩn xác và âm thanh nổi chất lượng cao nhờ thiết kế đường kính lớn. Bản chất thực của âm thanh được tái tạo chân thực, khuếch đại lớn để dễ dàng theo dõi sự kiện diễn ra.
Tích hợp AI cảm biến thông minh giúp phát hiện con người và định vị chụp sau khi khóa hình người một cách tự động. Nhờ vậy giảm tình trạng báo động sai, không gây phiền hà khó chịu cho người dùng.
Hướng dẫn cách sử dụng Xiaomi MI Home Security C400 BHR6619GL
Để kết nối Xiaomi MI Home Security C400 BHR6619GL với điện thoại, ta thực hiện như sau:
-   Bước 1: Tải về và đăng nhập app Xiaomi Home
-   Bước 2: Trên màn hình chính của ứng dụng → Nhấn chọn biểu tượng dấu + góc phải màn hình và chọn quét
-   Bước 3: Quét mã QR được in dưới đế camera và giữ nút reset trên camera trong vòng 3 giây và chọn đặt lại thiết bị
-   Bước 4: Chọn mạng wifi đang sử dụng và chọn tiếp
-   Bước 5: Nhấn jone để đồng ý camera kết nối với wifi
-   Bước 6: Chờ khoảng vài giây để Xiaomi MI Home Security C400 kết nối
-   Bước 7: Chọn phòng muốn lắp đặt camera và nhấn tiếp
Như vậy bạn đọc đã có thể kết nối camera Xiaomi MI Home Security C400 thành công với ứng dụng trên điện thoại.
Mua ngay camera Xiaomi C400 BHR6629GL chính hãng giá tốt tại cửa hàng CellphoneS
Camera Xiaomi C400 BHR6629GL là lựa chọn ghi hình ảnh và âm thanh chất lượng cao cho người dùng. Hiện nay sản phẩm đã chính thức có mặt tại CellphoneS, liên hệ ngay để sở hữu camera giá tốt nhất thị trường nhé!","{""Thông số chính"": [{""name"": ""Dòng camera"", ""value"": ""Camera trong nhà, Camera Wifi, Camera 360 Độ""}, {""name"": ""Độ phân giải"", ""value"": ""4MP (2560 × 1440 px)""}, {""name"": ""Góc ống kính"", ""value"": ""6P hỗ trợ giảm khúc xạ ánh sáng""}, {""name"": ""Góc xoay"", ""value"": ""Xoay ngang 360 độ\nXoay dọc 106 độ""}, {""name"": ""Tầm nhìn"", ""value"": ""Ban đêm: 10 m""}], ""Lưu trữ và kết nối"": [{""name"": ""Kết nối"", ""value"": ""Wifi""}, {""name"": ""Bộ nhớ"", ""value"": ""Hỗ trợ thẻ nhớ""}, {""name"": ""Chuẩn lưu trữ"", ""value"": ""MicroSD ≤ 256GB""}, {""name"": ""Ứng dụng hỗ trợ"", ""value"": ""Ứng dụng Mi Home""}, {""name"": ""Tương thích"", ""value"": ""Android 8.0 và iOS 12.0 trở lên""}, {""name"": ""Nguồn điện"", ""value"": ""5V - 1A""}], ""Tính năng và tiện ích"": [{""name"": ""Tính năng"", ""value"": ""Đàm thoại 2 chiều\nPhát hiện chuyển động\nBáo động âm thanh bất thường\nPhát hiện con người\nHỗ trợ đảo ngược hiển thị\nĐiều khiển giọng nói qua trợ lý Google\nQuan sát toàn cảnh 360 độ\nChế độ hoạt động trong môi trường ánh sáng yếu\nChế độ quan sát ban đêm có màu\nGửi cảnh báo đến điện thoại\nTầm nhìn hồng ngoại ban đêm không ánh sáng đỏ""}, {""name"": ""Điều kiện hoạt động/bảo quản"", ""value"": ""-10℃ đến 40℃""}], ""Thiết kế và trọng lượng"": [{""name"": ""Kích thước"", ""value"": ""7.8 x 7.8 x 11.9 cm""}, {""name"": ""Trọng lượng"", ""value"": ""420g""}], ""Thông tin hãng"": [{""name"": ""Hãng sản xuất"", ""value"": ""Xiaomi""}]}","[""https://cdn2.cellphones.com.vn/x/media/catalog/product/c/a/camera-xiaomi-mi-home-security-c400-bhr6619gl_1_1.png"", ""https://cdn2.cellphones.com.vn/x/media/catalog/product/i/m/image_267.png"", ""https://cdn2.cellphones.com.vn/x/media/catalog/product/i/m/image_268.png""]","{""product_color_1"": {""color"": ""Trắng"", ""image_url"": ""https://cellphones.com.vn/camera-xiaomi-mi-home-security-c400-bhr6619gl.html?product_id=60971"", ""price"": ""750.000₫""}}"
Camera IP 3MP Xiaomi C100,camera-xiaomi-ip-wifi-3mp-c100,890.000đ,540.000đ,"Đặc điểm nổi bật
Camera Xiaomi IP Wifi 3MP C100 sở hữu độ phân giải 2304x1296 cùng cảm biến lớn 3MP và đèn hồng ngoại, giúp ghi hình rõ nét ngay cả trong vào ban đêm. Với khẩu độ f/1.6 và góc rộng 128 độ, mẫu camera trong nhà này còn cung cấp góc quan sát lớn cho người dùng. Chuẩn nén H.265 giúp tối ưu không gian lưu trữ nhưng vấn duy trì chất lượng video.
Nội dung chính
1. Vì sao nên mua camera Xiaomi IP Wifi 3MP C100?
2. Camera Xiaomi IP Wifi 3MP C100 - Quay quét siêu rộng, độ phân giải 2K ấn tượng
2.1. Ghi hình chuẩn 2K với cảm biến 3MP
2.2. Góc quay rộng, hỗ trợ theo dõi trực tiếp
2.3. AI phát hiện di chuyển bất thường siêu nhạy
2.4. Phương thức lưu trữ đa dạng
2.5. Giao tiếp 2 chiều ngay trên camera
3. Hướng dẫn sử dụng camera Xiaomi IP Wifi 3MP C100 chi tiết
4. Mua camera Xiaomi IP Wifi 3MP C100 chính hãng tại CellphoneS
Vì sao nên mua camera Xiaomi IP Wifi 3MP C100?
Camera Xiaomi IP Wifi 3MP C100 luôn là một trong những lựa chọn thiết bị an ninh được chủ doanh nghiệp, các gia đình tin tưởng lựa chọn nhờ những ưu điểm sau:
Cảm biến 3MP hỗ trợ ghi lại hình ảnh với độ phân giải 2304x1296
Tích hợp hồng ngoại không phát sáng đỏ, đảm bảo giám sát an ninh tối ưu cả vào ban đêm mà không tạo ánh sáng hại mắt hay ảnh hưởng tới giấc ngủ
Chuẩn nén H.265 tiết kiệm không gian lưu trữ để người dùng không cần xoá data thường xuyên
Camera Xiaomi IP Wifi 3MP C100 - Quay quét siêu rộng, độ phân giải 2K ấn tượng
Nếu khách hàng đang tìm mua thiết bị quản lý an ninh có góc quay rộng thì không nên bỏ qua Xiaomi IP Wifi 3MP C100. Mẫu Xiaomi camera này được đánh giá cao bởi sở hữu cảm biến lớn, tích hợp các tiện ích giám sát thông minh. 
Ghi hình chuẩn 2K với cảm biến 3MP
Camera Xiaomi IP Wifi 3MP C100 được trang bị cảm biến 3MP cùng độ phân giải 2304x1296, cho hình ảnh rõ ràng trong đa dạng điều kiện ánh sáng. Công nghệ xử lý hình ảnh tích hợp giúp ghi lại chi tiết các vật thể và chuyển động trong nhà.
Tính năng ghi hình ban đêm được hỗ trợ bởi các đèn hồng ngoại 940nm, loại bỏ ánh sáng đỏ gây chói. Nhờ đó, camera có thể quan sát trong bóng tối mà không ảnh hưởng đến giấc ngủ của người trong phòng.
Góc quay rộng, hỗ trợ theo dõi trực tiếp
Camera có góc quan sát rộng 128 độ, cung cấp góc nhìn lớn để hỗ trợ nhu cầu giám sát, bảo vệ tài sản, người thân. Thông qua ứng dụng Mi Home, người dùng còn dễ dàng quan sát trực tiếp không gian được đặt camera.
Thiết kế linh hoạt cho phép người dùng tự lắp đặt camera Xiaomi IP Wifi 3MP C100 trên bàn, tường hoặc trần nhà. Tùy theo không gian, có thể chọn kiểu lắp thẳng đứng hoặc treo ngược để phù hợp với vị trí quan sát.
AI phát hiện di chuyển bất thường siêu nhạy
Camera Xiaomi IP Wifi 3MP C100 tích hợp AI với khả năng phát hiện người nhạy bén sẽ hạn chế tình trạng báo động giả. Hệ thống còn có khả năng nhận diện âm thanh như tiếng trẻ khóc hay tiếng đồ vật vỡ giúp người dùng phát hiện các bất thường một cách kịp thời.
Chế độ cảnh báo bằng hình ảnh và âm thanh sẽ được kích hoạt khi xảy ra xâm nhập trái phép. Tính năng thiết lập vùng theo dõi riêng giúp người dùng có thể tuỳ chỉnh khu vực giám sát nhằm bảo vệ tài sản, người thân hiệu quả hơn.
Phương thức lưu trữ đa dạng
Xiaomi C100 hỗ trợ ba phương án lưu trữ gồm thẻ microSD (từ 8GB đến 256GB), NAS và lưu trữ đám mây. Chuẩn mã hoá video H.265 giúp tiết kiệm đến 1/2 không gian so với chuẩn nén H.264 cũ để người dùng không cần phải dọn dẹp bộ nhớ quá thường xuyên.
Người dùng còn có thể tùy chọn sao lưu dữ liệu lên bộ nhớ đám mây (Có tính phí) để tránh mất dữ liệu khi camera bị ngắt kết nối hoặc bị hỏng phần cứng. NAS cũng là giải pháp lưu trữ mạng phù hợp cho hộ gia đình sử dụng nhiều thiết bị.
Giao tiếp 2 chiều ngay trên camera
Camera được trang bị micro và loa cho phép đàm thoại hai chiều qua ứng dụng Xiaomi Home. Nhờ sử dụng thuật toán 3A, tích hợp tính năng khử tiếng vang, khử tiếng ồn và kiếm soát độ khuếch đại tự động, chất lượng đàm thoại sẽ không bị ảnh hưởng bởi diện tích phòng hay vị trí đặt camera.
Người dùng có thể chủ động gọi và nói chuyện với người ở nhà thông qua điện thoại. Ngoài ra, camera Xiaomi IP Wifi 3MP C100 còn hỗ trợ điều khiển giọng nói thông qua Alexa hoặc Google Assistant. 
Hướng dẫn sử dụng camera Xiaomi IP Wifi 3MP C100 chi tiết
Hãy tham khảo hướng dẫn dưới đây để làm quen và kết nối camera Xiaomi IP Wifi 3MP C100 dễ dàng ngay từ lần đầu sử dụng:
Bước 1: Kết nối Xiaomi IP C100 với nguồn điện > Nhấn nút reset trên thân camera
Bước 2: Download và mở app Xiaomi Home để đăng nhập hoặc đăng ký tài khoản trên smartphone
Bước 3: Tại mục My Devices/Thiết bị của tôi, hãy nhấn vào dấu cộng ở góc phải phía trên màn hình > Bấm Add device/Thêm thiết bị để bổ sung camera C100
Bước 4: Sau khi hoàn tất thêm camera, hãy chọn Next/Tiếp theo > Nhập mật khẩu Wifi đang sử dụng
Bước 5: Khi thêm mạng thành công, hãy chọn Scan QR code with camera và quét mã QR ở camera. Quá trình ghép nối C100 thành công khi đèn trên camera từ trạng thái nhấp nháy vàng chuyển xanh
Mua camera Xiaomi IP Wifi 3MP C100 chính hãng tại CellphoneS
Camera Xiaomi IP Wifi 3MP C100 hiện đang được phân phối chính hãng tại hệ thống CellphoneS. Khi mua sản phẩm, khách hàng sẽ còn được hỗ trợ vận chuyển và lắp đặt tại nhà nếu có nhu cầu.
Ngoài Xiaomi, CellphoneS còn là địa chỉ đáng tin cậy khi khách hàng cần mua thiết bị từ IMOU, Ezviz, Logitech… Hãy đến cửa hàng hoặc liên hệ hotline 1800.2097 để sở hữu camera chuẩn Xiaomi với giá tốt kèm bảo hành chính hãng.","{""Thông số chính"": [{""name"": ""Dòng camera"", ""value"": ""Camera trong nhà, Camera Wifi""}, {""name"": ""Độ phân giải"", ""value"": ""3MP (2304 x 1296 px)""}, {""name"": ""Góc ống kính"", ""value"": ""Khẩu độ F1.6\nGóc nhìn rộng 128°""}], ""Lưu trữ và kết nối"": [{""name"": ""Kết nối"", ""value"": ""Wi-Fi""}, {""name"": ""Bộ nhớ"", ""value"": ""Hỗ trợ thẻ nhớ""}, {""name"": ""Chuẩn lưu trữ"", ""value"": ""Thẻ nhớ microSD (8GB đến 256GB)""}, {""name"": ""Ứng dụng hỗ trợ"", ""value"": ""Mi Home""}, {""name"": ""Tương thích"", ""value"": ""Android 8.0 và iOS 12.0 trở lên""}, {""name"": ""Nguồn điện"", ""value"": ""5V⎓1A""}], ""Tính năng và tiện ích"": [{""name"": ""Tính năng"", ""value"": ""Đàm thoại 2 chiều\nPhát hiện trẻ sơ sinh khóc\nPhát hiện con người bằng AI\nPhát hiện tiếng ồn lớn\nBáo động bằng âm thanh và hình ảnh\nHàng rào ảo\nQuan sát ban đêm có màu sắc\nBảo vệ quyền riêng tư theo khu vực tùy chỉnh\nGhép nối Bluetooth\nTương thích với Amazon Alexa và Google Assistant để điều khiển bằng giọng nói""}, {""name"": ""Điều kiện hoạt động/bảo quản"", ""value"": ""Nhiệt độ:-10°C đến 45℃""}], ""Thiết kế và trọng lượng"": [{""name"": ""Kích thước"", ""value"": ""6.9 x 6.8 x 11.5 cm""}, {""name"": ""Trọng lượng"", ""value"": ""170g""}], ""Thông tin hãng"": [{""name"": ""Hãng sản xuất"", ""value"": ""Xiaomi""}]}","[""https://cdn2.cellphones.com.vn/x/media/catalog/product/c/a/camera-xiaomi-ip-wifi-3mp-c100_1_.png"", ""https://cdn2.cellphones.com.vn/x/media/catalog/product/c/a/camera-xiaomi-ip-wifi-3mp-c100_2_.png"", ""https://cdn2.cellphones.com.vn/x/media/catalog/product/c/a/camera-xiaomi-ip-wifi-3mp-c100_3_.png""]","{""product_color_1"": {""color"": ""Trắng"", ""image_url"": ""https://cellphones.com.vn/camera-xiaomi-ip-wifi-3mp-c100.html?product_id=109789"", ""price"": ""540.000₫""}}"
Camera IP 360 độ 4MP Xiaomi C500 Dual,camera-xiaomi-ip-wifi-4mp-dual-c500,2.050.000đ,1.570.000đ,"Đặc điểm nổi bật
Camera Xiaomi IP WiFi 4MP Dual C500 được trang bị một ống kính cố định và 1 PTZ xoay mang lại góc nhìn kép thuận tiện sử dụng trong nhiều tình huống. Camera hỗ trợ các chế độ giám sát AI như phát hiện thú cưng, tiếng khóc trẻ em, hàng rào ảo, theo dõi con người giám sát mọi lúc. Sản phẩm camera Xiaomi này cho khả năng quan sát ban đêm tốt hơn với hình ảnh có màu rõ nét ngay cả trong điều kiện ánh sáng yếu.
Nội dung chính
1. Vì sao nên mua camera Xiaomi IP WiFi 4MP Dual C500?
2. Camera Xiaomi IP WiFi 4MP Dual C500 - Giám sát kép, tăng cường an ninh
2.1. Quan sát ngôi nhà rõ ràng dù ngày hay đêm
2.2. Mở rộng khả năng giám sát trong cùng một thiết bị
2.3. Công nghệ AI hỗ trợ giám sát chuyển động chính xác
2.4. Lưu trữ 3 phương thức tiện lợi trích xuất video
2.5. Thực hiện gọi thoại theo thời gian thực với âm thanh rõ ràng
3. Hướng dẫn kết nối camera Xiaomi IP WiFi 4MP Dual C500 với app
4. Mua camera Xiaomi IP WiFi 4MP Dual C500 giá rẻ tại CellphoneS
Vì sao nên mua camera Xiaomi IP WiFi 4MP Dual C500?
Camera Xiaomi IP WiFi 4MP Dual C500 là dòng sản phẩm camera wifi trong nhà hiện đại với thiết kế ống kính kép độc đáo, tối ưu khả năng bảo vệ an ninh cùng nhiều điểm nổi trội:
Camera kép với cảm biến 4MP hỗ trợ quan sát đồng thời hai khu vực, giảm điểm mù hiệu quả và phù hợp với nhiều nhu cầu giám sát khác nhau.
Ống kính cố định góc rộng 2.8mm, kết hợp camera PTZ tele 6mm cung cấp hình ảnh bao quát, tầm nhìn rộng nhưng vẫn rõ nét, chi tiết.
Chất lượng ghi hình vô cùng rõ nét với cấu tạo 5 lớp thấu kính trong suốt, khẩu độ lớn F1.6 giúp hình ảnh có độ sáng tốt, chi tiết trong nhiều điều kiện môi trường.
Các chế độ giám sát với sự hỗ trợ từ AI giúp tối ưu khả năng nhận diện đối tượng như phát hiện thú cưng, tiếng trẻ em khóc, hàng rào ảo và theo dõi chuyển động. Ngoài ra thiết bị còn tự chuyển đổi Sleep Mode để tăng tính riêng tư.
Xiaomi HyperOS Connect tăng cường liên kết với các thiết bị khác trong nhà.
Cung cấp khả năng giám sát ban đêm với hình ảnh có màu, kết hợp 16 đèn hồng ngoại giúp quan sát rõ nét trong bóng tối.
Hỗ trợ đàm thoại theo thời gian thực mọi lúc mọi nơi với chất âm to rõ hơn nhờ được tích hợp loa đường kính lớn và khoang âm thanh độc lập.
Camera Xiaomi IP WiFi 4MP Dual C500 - Giám sát kép, tăng cường an ninh
Camera Xiaomi IP WiFi 4MP Dual C500 nhỏ gọn, tinh tế, phù hợp với nhà ở, văn phòng, doanh nghiệp nhỏ,.... Với sự kết hợp giữa công nghệ AI hiện đại và chất lượng ghi hình cao, sản phẩm đem đến trải nghiệm giám sát bao quát toàn diện cho khu vực quan sát.
Quan sát ngôi nhà rõ ràng dù ngày hay đêm
Camera Xiaomi IP WiFi 4MP Dual C500 được trang bị 2 ống kính có cảm biến 4MP cùng cấu tạo 5 lớp thấu kính trong suốt ghi lại chi tiết ngôi nhà một cách sắc nét. Chất lượng ghi hình đạt độ phân giải 2560 x 1440 pixels cùng bộ xử lý hình ảnh ISP giúp người dùng dễ dàng quan sát mọi thứ một cách rõ ràng.
Bên cạnh đó, camera cung cấp khả năng ghi hình ban đêm rất tốt với tầm nhìn đêm có màu sắc, giúp người dùng dễ dàng theo dõi không gian sống một cách chi tiết bất cứ lúc nào. Ngoài ra, sản phẩm cũng được trang bị đến 16 đèn chiếu hồng ngoại để cung cấp hình ảnh trong bóng tối sắc nét hơn.
Mở rộng khả năng giám sát trong cùng một thiết bị
Camera Xiaomi IP WiFi 4MP Dual C500 sở hữu góc nhìn kép mở rộng khả năng giám sát, dễ dàng theo dõi 2 khu vực cùng lúc trên một thiết bị. Cụ thể:
Camera cố định góc rộng 2.8mm, cung cấp góc nhìn siêu rộng đến 110o giúp quan sát bao quát toàn cảnh.
Camera PTZ tele 6mm cho góc nhìn ngang 58o với độ chi tiết cao. Ống kính xoay dễ dàng điều chỉnh đến khu vực cần giám sát.
Người dùng có thể theo dõi cảnh quay từ hai camera cùng lúc trên một màn hình hoặc xem riêng biệt. Điều này sẽ giúp giám sát khu vực một cách chặt chẽ, đề phòng các tình huống xấu.
Công nghệ AI hỗ trợ giám sát chuyển động chính xác
Camera Xiaomi IP WiFi 4MP Dual C500 sử dụng công nghệ AI để tối ưu khả năng nhận diện, từ đó giúp phát hiện các chuyển động bất thường và cảnh báo đúng lúc. Thiết bị có thể theo dõi và ghi lại các hoạt động trong ngày của thú cưng, kích hoạt cảnh báo khi trẻ em khóc theo thời gian thực để bố mẹ thuận tiện theo dõi.
Ngoài ra, camera Xiaomi còn cho phép người dùng lập hàng rào ảo trên ống kính cố định, giúp giám sát gắt gao khu vực quan trọng. Khi có dấu hiệu vượt qua hàng rào, thiết bị sẽ gửi ngay cảnh báo đến smartphone, tối ưu sự an toàn.
Bên cạnh đó, tính năng phát hiện người và khóa chuyển động cũng được tối ưu trên Xiaomi IP WiFi 4MP Dual C500. Cụ thể, khi ống kính PTZ nhận diện con người trong khu vực quan sát, camera sẽ tự động xoay và theo dõi mục tiêu theo thời gian thực đồng thời gửi cảnh báo.
Lưu trữ 3 phương thức tiện lợi trích xuất video
Camera Xiaomi IP WiFi 4MP Dual C500 cho khả năng lưu trữ linh hoạt để người dùng thuận tiện trích xuất video khi cần bằng chứng. Thiết bị hỗ trợ lưu trực tiếp trên thẻ nhớ microSD với mức dung lượng từ 16GB đến 256GB. Ngoài ra, khách hàng cũng có thể sử dụng phương thức đám mây để tối ưu cho việc ghi hình.
Camera cũng hỗ trợ lưu trữ trên ổ cứng mạng NAS để người dùng có thể dễ dàng chia sẻ dữ liệu. Điều này cũng mang lại sự tiện lợi khi lắp đặt thiết bị ở môi trường doanh nghiệp quy mô nhỏ.
Thực hiện gọi thoại theo thời gian thực với âm thanh rõ ràng
Camera Xiaomi IP WiFi 4MP Dual C500 hỗ trợ người dùng thực hiện cuộc gọi thoại 2 chiều theo thời gian thực một cách mượt mà với chất âm rõ ràng. Sản phẩm được trang bị loa đường kính lớn, khoang âm thanh độc lập vì vậy sẽ cung cấp chất lượng đàm thoại to rõ. 
Ngoài ra, tốc độ đường truyền tín hiệu cũng ổn định hơn với kết nối WiFi 6, tăng 60% so với WiFi 4 đồng thời hỗ trợ băng tần kép 2.4GHz/5GHz. Vì vậy người dùng sẽ không cần lo cuộc trò chuyện trên camera Xiaomi bị gián đoạn giữa chừng, chia sẻ câu chuyện mạch lạc.
Hướng dẫn kết nối camera Xiaomi IP WiFi 4MP Dual C500 với app
Cài đặt và sử dụng camera Xiaomi IP WiFi 4MP Dual C500 rất đơn giản kể cả đối với người mới sử dụng. Bước đầu khi sở hữu sản phẩm, người dùng sẽ cần kết nối với điện thoại để có thể bắt đầu giám sát.
Để bắt đầu sử dụng camera Xiaomi IP WiFi 4MP Dual C500, người dùng hãy cài đặt Mi Home app và thực hiện ghép đôi thiết bị.
Bước 1: Mở Mi Home app, chọn Thêm thiết bị > Tìm sản phẩm cần kết nối, ở đây là camera Xiaomi IP WiFi 4MP Dual C500 và tiến hành nhập tên, password WiFi.
Bước 2: Quét QR dưới chân thiết bị sau đó tinh chỉnh lại các thiết lập cơ bản, chờ đợi kết nối hoàn tất.
Mua camera Xiaomi IP WiFi 4MP Dual C500 giá rẻ tại CellphoneS
Camera Xiaomi IP WiFi 4MP Dual C500 sẽ mang lại trải nghiệm giám sát an toàn, cung cấp góc nhìn toàn cảnh để tối ưu an ninh. Người dùng có thể dễ dàng sở hữu sản phẩm tại CellphoneS, cam kết nguồn gốc minh bạch. Các chế độ bảo hành 100% chính hãng và đầy đủ, giá cạnh tranh với nhiều khuyến mãi giá sốc. CellphoneS còn hỗ trợ khách hàng mua trả góp online với thẻ tín dụng, xét duyệt đơn giản, đặt hàng chỉ với một lần nhấp chuột.","{""Thông số chính"": [{""name"": ""Dòng camera"", ""value"": ""Camera trong nhà, Camera Wifi, Camera 360 Độ""}, {""name"": ""Độ phân giải"", ""value"": ""4MP (2560 x 1440 px)""}, {""name"": ""Góc ống kính"", ""value"": ""Ống kính quang học 5P\nKhẩu độ F1.6\nCamera góc rộng 2,8 mm, góc siêu rộng 110°\nCamera tele 6 mm, góc nhìn ngang 58°""}, {""name"": ""Góc xoay"", ""value"": ""Xoay ngang 360°\nĐộ nghiêng 24°""}], ""Lưu trữ và kết nối"": [{""name"": ""Kết nối"", ""value"": ""Wi-Fi\nBluetooth 5.3""}, {""name"": ""Bộ nhớ"", ""value"": ""Hỗ trợ thẻ nhớ, Lưu trữ đám mây""}, {""name"": ""Chuẩn lưu trữ"", ""value"": ""Thẻ nhớ MicroSD (hỗ trợ từ 16GB đến 256GB)\nMi cloud\nLưu trữ mạng NAS""}, {""name"": ""Ứng dụng hỗ trợ"", ""value"": ""Mi Home\nXiaomi HyperOS""}, {""name"": ""Tương thích"", ""value"": ""Android 8.0 hoặc iOS 12.0 trở lên""}, {""name"": ""Nguồn điện"", ""value"": ""5V⎓2A""}], ""Tính năng và tiện ích"": [{""name"": ""Tính năng"", ""value"": ""Đàm thoại 2 chiều\nPhát hiện thú cưng\nPhát hiện trẻ sơ sinh khóc\nTheo dõi con người\nTheo dõi chuyển động của con người\nHàng rào ảo\nGửi cảnh báo với điện thoại\nTầm nhìn ban đêm đầy đủ màu sắc\nĐiều khiển bằng giọng nói hoạt động với Amazon Alexa hoặc Google Assistant""}], ""Thiết kế và trọng lượng"": [{""name"": ""Kích thước"", ""value"": ""7.8 x 7.7 x 12.8 cm""}, {""name"": ""Trọng lượng"", ""value"": ""305g""}], ""Thông tin hãng"": [{""name"": ""Hãng sản xuất"", ""value"": ""Xiaomi""}]}","[""https://cdn2.cellphones.com.vn/x/media/catalog/product/c/a/camera-xiaomi-ip-wifi-4mp-dual-c500_1_.png"", ""https://cdn2.cellphones.com.vn/x/media/catalog/product/c/a/camera-xiaomi-ip-wifi-4mp-dual-c500_2_.png"", ""https://cdn2.cellphones.com.vn/x/media/catalog/product/c/a/camera-xiaomi-ip-wifi-4mp-dual-c500_4_.png""]","{""product_color_1"": {""color"": ""Trắng"", ""image_url"": ""https://cellphones.com.vn/camera-xiaomi-ip-wifi-4mp-dual-c500.html?product_id=109793"", ""price"": ""1.570.000₫""}}"
Camera quan sát Xiaomi Smart Camera C500 EU 3.5K (BHR089AEU),camera-xiaomi-smart-camera-c500,1.390.000đ,1.090.000đ,,"{""Thông số chính"": [{""name"": ""Dòng camera"", ""value"": ""Camera trong nhà, Camera Wifi, Camera 360 Độ""}, {""name"": ""Độ phân giải"", ""value"": ""6MP (3200 x 1800 px)""}, {""name"": ""Góc xoay"", ""value"": ""Xoay ngang 360 độ\nXoay dọc 114 độ""}, {""name"": ""Cảm biến ảnh"", ""value"": ""1/2,45 inch""}], ""Lưu trữ và kết nối"": [{""name"": ""Kết nối"", ""value"": ""Wi-Fi\nBluetooth""}, {""name"": ""Bộ nhớ"", ""value"": ""Hỗ trợ thẻ nhớ, Lưu trữ đám mây""}, {""name"": ""Chuẩn lưu trữ"", ""value"": ""Thẻ microSD (8GB - 256GB)\nXiaomi Cloud""}, {""name"": ""Ứng dụng hỗ trợ"", ""value"": ""Mi Home""}, {""name"": ""Nguồn điện"", ""value"": ""5V - 2A""}], ""Tính năng và tiện ích"": [{""name"": ""Tính năng"", ""value"": ""Chip AI chủ lực\nPhát hiện thú cưng\nPhát hiện khu vực chính\nThông báo khi có chuyển động\nPhát hiện người, chuyển động\nQuan sát ban đêm bằng hồng ngoại\nChế độ HDR\nĐàm thoại 2 chiều""}, {""name"": ""Điều kiện hoạt động/bảo quản"", ""value"": ""-10°C đến 45°C""}], ""Thiết kế và trọng lượng"": [{""name"": ""Kích thước"", ""value"": ""79 x 79 x 119 mm""}], ""Thông tin hãng"": [{""name"": ""Hãng sản xuất"", ""value"": ""Xiaomi""}]}","[""https://cdn2.cellphones.com.vn/x/media/catalog/product/c/a/camera-xiaomi-smart-camera-c500-05.jpg"", ""https://cdn2.cellphones.com.vn/x/media/catalog/product/c/a/camera-xiaomi-smart-camera-c500-04.jpg"", ""https://cdn2.cellphones.com.vn/x/media/catalog/product/c/a/camera-xiaomi-smart-camera-c500-02.jpg""]","{""product_color_1"": {""color"": ""Trắng"", ""image_url"": ""https://cellphones.com.vn/camera-xiaomi-smart-camera-c500.html?product_id=128833"", ""price"": ""1.090.000₫""}}"
Camera ngoài trời 3MP Xiaomi BW300,camera-ngoai-troi-xiaomi-3mp-bw300,1.450.000đ,1.190.000đ,"Đặc điểm nổi bật
Camera ngoài trời Xiaomi 3MP BW300 sở hữu khẩu độ f/1,6, góc nhìn FOV 130 độ và cảm biến 3MP hỗ trợ người dùng quay video với độ chi tiết cao lên đến 2K. Đặc biệt hơn, chiếc camera Xiaomi này còn đi kèm với viên pin 4900mAh đảm bảo thời gian hoạt động lâu dài. Với micro tích hợp, camera còn hỗ trợ đàm thoại trong phạm vi 7m. 
Nội dung chính
1. Vì sao nên mua camera ngoài trời Xiaomi 3MP BW300?
2. Camera ngoài trời Xiaomi 3MP BW300 - Camera ghi hình rõ nét, theo dõi chuyển động hiệu quả
2.1. Ghi hình rõ nét với cảm biến và đèn hồng ngoại cao cấp
2.2. Khả năng quét mọi chuyển động với khẩu độ lớn và góc quay rộng
2.3. Theo dõi chuyển động hiệu quả và gửi thông báo hữu ích
2.4. Đàm thoại 2 chiều trong phạm vi đến 7m
2.5. Lưu trữ đám mây tiện lợi và bảo vệ dữ liệu hiệu quả
3. Mua ngay camera ngoài trời Xiaomi 3MP BW300 chính hãng tại CellphoneS
Vì sao nên mua camera ngoài trời Xiaomi 3MP BW300?
Camera ngoài trời Xiaomi 3MP BW300 được đông đảo người dùng ưa chuộng nhờ có các ưu điểm nổi bật:
Kiểu dáng bền bỉ: Chiếc camera IP nhà Xiaomi được hoàn thiện với chuẩn chống nước, bụi bẩn đến IP67 nên sẽ không bị hư hỏng khi gặp thời tiết khắc nghiệt;
Ghi hình sắc nét: Với camera 3MP cùng khẩu độ lớn f/1,6, chiếc camera có thể quay lại những khung hình sắc nét có độ phân giải 2K;
Thời gian hoạt động lâu dài: Dung lượng pin bên trong camera là 4900mAh mang đến thời gian hoạt động lâu dài và không cần phải sạc pin liên tục. Ngoài ra, người dùng còn có thêm lựa chọn là pin năng lượng mặt trời 5W để sử dụng camera khi có sự cố mất điện;
Nhiều tính năng hữu ích: Đặc biệt hơn, camera nhà Xiaomi còn hỗ trợ đàm thoại 2 chiều trong phạm vi 7m cũng tính năng phát hiện chuyển động bằng Ai thông minh. 
Camera ngoài trời Xiaomi 3MP BW300 - Camera ghi hình rõ nét, theo dõi chuyển động hiệu quả
Camera ngoài trời Xiaomi 3MP BW300 nổi bật là dòng sản phẩm hỗ trợ ghi hình sắc nét cũng như phát hiện chuyển động và gửi thông báo đến người dùng nhanh chóng. Với thiết kế bền bỉ, bạn có thể thoải mái lắp đặt chiếc camera Xiaomi ngoài trời mà không cần phải lo lắng thiết bị sẽ hư hỏng khi gặp thời tiết khắc nghiệt. 
Ghi hình rõ nét với cảm biến và đèn hồng ngoại cao cấp
Đi kèm với chiếc camera ngoài trời nhà Xiaomi là cảm biến 3MP đảm bảo khung hình ghi lại được sắc nét đạt đến 2K. Như vậy, bạn có thể quan sát rõ ràng mọi vật thể trong không gian lắp đặt camera như biển số xe, người giao hàng hay trẻ em đang chơi đùa trước sân nhà,...
Kết hợp với đó là đèn hồng ngoại để camera có thể quay lại các hình ảnh vào ban đêm rõ nét hơn. Nhờ có chuẩn kháng nước, bụi bẩn IP67, chiếc camera cũng có khả năng ngăn chặn bụi bẩn xâm nhập và đảm bảo hiệu suất ghi hình ổn định trong mọi điều kiện thời tiết. 
Khả năng quét mọi chuyển động với khẩu độ lớn và góc quay rộng
Với trường quan sát rộng đến 130 độ, camera nhà Xiaomi có thể quét toàn bộ khung cảnh trong không gian sống của bạn và đảm bảo không bỏ sót bất kỳ chuyển động nào. Nhờ vào đó, bạn có thể theo dõi không gian sống của mình hiệu quả hơn khi camera sẽ loại bỏ hầu hết các điểm mù trong khung hình.
Bên trong chiếc camera Xiaomi là khẩu độ lớn đến f/1,6 mang đến khả năng thu được nhiều ánh sáng trong môi trường hơn. Theo đó, khẩu độ f/1,6 sẽ giúp hình ảnh được ghi lại trở nên rõ nét với đầy đủ màu sắc chân thực. 
Theo dõi chuyển động hiệu quả và gửi thông báo hữu ích
Đi kèm với chiếc camera Xiaomi là tính năng Ai thông minh hỗ trợ theo dõi mọi chuyển động có trong không gian sống. Khi xuất hiện đối tượng lạ, camera sẽ tự động kích hoạt tính năng theo dõi và tự động ghi hình nhanh chóng để lưu lại quá trình di chuyển chi tiết.
Ngoài ra, camera ngoài trời Xiaomi 3MP BW300 còn tích hợp chức năng cảnh báo bằng âm thanh mỗi khi phát hiện có người lạ xâm nhập vào không gian của bạn. Camera sẽ tự động gửi tin nhắn đến ứng dụng Mi Home có trên điện thoại để thông báo cho bạn mỗi khi xảy ra tình huống bất thường. 
Đàm thoại 2 chiều trong phạm vi đến 7m
Được tích hợp bên trong camera Xiaomi là micro hỗ trợ đàm thoại 2 chiều tiện lợi. Theo đó, bạn có thể giao tiếp với mọi người ở không gian lắp đặt camera trong phạm vi đến 7m với chất âm rõ nét.
Micro có trong camera sở hữu độ nhạy cao nên giọng nói của bạn sẽ được thu âm với độ sắc nét cao. Đặc biệt hơn, micro tích hợp còn giảm thiểu tiếng ồn trong khu vực xung quanh đáng kể nhằm đảm bảo cuộc trò chuyện của bạn được hiệu quả. 
Lưu trữ đám mây tiện lợi và bảo vệ dữ liệu hiệu quả
Chiếc camera thương hiệu Xiaomi hỗ trợ người dùng lưu trữ với bộ nhớ đám mây Xiaomi Cloud Storage Pro. Theo đó, bạn có thể đăng ký gói dịch vụ lưu trữ đám mây của nhà Xiaomi tùy theo nhu cầu để quan sát hình ảnh được camera ghi lại tiện lợi hơn.
Ưu điểm nổi bật của camera nằm ở chip bảo mật MJA1 và thuật toán AES-128 tiên tiến. Các công nghệ bảo mật của nhà Xiaomi sẽ đảm bảo dữ liệu của bạn luôn được an toàn tối đa và không bị kẻ xấu đánh cắp. 
Mua ngay camera ngoài trời Xiaomi 3MP BW300 chính hãng tại CellphoneS
Camera ngoài trời Xiaomi 3MP BW300 được ưa chuộng ở khả năng ghi hình sắc nét cùng các tính năng hỗ trợ giám sát hữu ích. Khi đặt mua camera Xiaomi chính hãng tại CellphoneS, bạn sẽ nhận được chính sách khuyến mãi vô cùng hấp dẫn. 
Ngoài ra, CellphoneS còn hỗ trợ bảo hành lên đến 24 tháng dành cho sản phẩm camera nhà Xiaomi. Nhanh chóng chọn mua ngay camera ngoài trời Xiaomi chính hãng tại CellphoneS nhé!","{""Thông số chính"": [{""name"": ""Dòng camera"", ""value"": ""Camera ngoài trời, Camera Wifi""}, {""name"": ""Độ phân giải"", ""value"": ""3MP (2048 x 1536 px)""}, {""name"": ""Góc ống kính"", ""value"": ""Khẩu độ 1.6\nGóc nhìn 130°""}], ""Lưu trữ và kết nối"": [{""name"": ""Kết nối"", ""value"": ""Wi-Fi""}, {""name"": ""Ứng dụng hỗ trợ"", ""value"": ""Mi Home""}], ""Nguồn điện"": [{""name"": ""Pin"", ""value"": ""4900mAh""}], ""Tính năng và tiện ích"": [{""name"": ""Tính năng"", ""value"": ""Đàm thoại 2 chiều\nTheo dõi chuyển động\nCảnh báo bằng âm thanh và hình ảnh\nGửi cảnh báo tới ứng dụng\nQuan sát ban đêm có màu sắc\nKết nối thông minh với Google Assistant và Alexa""}, {""name"": ""Kháng nước"", ""value"": ""IP67""}], ""Thông tin hãng"": [{""name"": ""Hãng sản xuất"", ""value"": ""Xiaomi""}]}","[""https://cdn2.cellphones.com.vn/x/media/catalog/product/c/a/camera-ngoai-troi-xiaomi-3mp-bw300.png"", ""https://cdn2.cellphones.com.vn/x/media/catalog/product/c/a/camera-ngoai-troi-xiaomi-3mp-bw300_2_.png"", ""https://cdn2.cellphones.com.vn/x/media/catalog/product/c/a/camera-ngoai-troi-xiaomi-3mp-bw300_3_.png""]","{""product_color_1"": {""color"": ""Trắng"", ""image_url"": ""https://cellphones.com.vn/camera-ngoai-troi-xiaomi-3mp-bw300.html?product_id=95772"", ""price"": ""1.190.000₫""}}"
Camera IP ngoài trời 360 độ 4MP Xiaomi Dual CW700S,camera-xiaomi-ip-ngoai-troi-4mp-dual-cw700s,2.590.000đ,1.860.000đ,"Đặc điểm nổi bật
Camera Xiaomi IP ngoài trời 4MP Dual CW700S mang đến chất lượng hình ảnh vượt trội, giúp bắt trọn từng chi tiết trong khung hình với độ phân giải 2.5K. Thiết bị có khả năng xoay ngang 355° và xoay dọc 100° nhằm hạn chế điểm mù trong khi giám sát. Mẫu camera 360 độ ngoài trời này còn được trang bị tính năng đàm thoại hai chiều, mang đến sự tiện lợi tối đa trong việc trao đổi từ xa.
Nội dung chính
1. Vì sao nên mua camera Xiaomi IP ngoài trời 4MP Dual CW700S?
2. Camera Xiaomi IP ngoài trời 4MP Dual CW700S - Giám sát mọi góc độ
2.1. Khả năng ghi hình siêu rõ nét
2.2. Theo dõi phạm vi rộng với khả năng xoay linh hoạt
2.3. Phát hiện nhạy bén chuyển động người và phương tiện
3. Hướng dẫn kết nối camera Xiaomi IP ngoài trời 4MP Dual CW700S với app Xiaomi Home
4. Mua camera Xiaomi IP ngoài trời 4MP Dual CW700S giá cực hời tại CellphoneS
Vì sao nên mua camera Xiaomi IP ngoài trời 4MP Dual CW700S?
Nếu người dùng đang tìm một thiết bị camera giám sát ngoài trời bền bỉ trong mọi điều kiện thời tiết, camera Xiaomi IP ngoài trời 4MP Dual CW700S là lựa chọn xứng đáng. Dưới đây là một số ưu điểm nổi bật của dòng Xiaomi camera này để người dùng cân nhắc lựa chọn sản phẩm:
Hình ảnh rõ nét vượt trội: Độ phân giải 2.5K mang lại chất lượng video sắc nét, giúp bạn theo dõi chi tiết từng khung hình
Zoom ống kính kép 9x: Cho phép quan sát cận cảnh khu vực mong muốn mà vẫn giữ được độ sắc nét của hình ảnh
Góc xoay linh hoạt: Khả năng xoay ngang 355° và dọc 100° giúp bao quát không gian rộng lớn, giảm điểm mù quan sát
Công nghệ nhận diện thông minh: Cho phép thiết bị xác định rõ ràng con người và phương tiện, góp phần giảm thiểu các cảnh báo sai
Chuẩn kháng nước IP66: Bảo vệ toàn diện trước mưa gió, bụi bẩn, thích hợp lắp đặt ngoài trời quanh năm
Camera Xiaomi IP ngoài trời 4MP Dual CW700S - Giám sát mọi góc độ
Camera Xiaomi IP ngoài trời 4MP Dual CW700S là lựa chọn được nhiều người dùng tin tưởng trong phân khúc thiết bị giám sát ngoài trời. Sản phẩm mang lại sự an tâm và bảo vệ hiệu quả cho nhiều không gian khác nhau.
Khả năng ghi hình siêu rõ nét
Camera Xiaomi IP ngoài trời 4MP Dual CW700S ghi hình với độ phân giải siêu nét 2.5K, mang lại hình ảnh chi tiết và sắc nét vượt trội. Với ống kính kép 4MP, thiết bị có khả năng ghi lại mọi chuyển động trong khung hình một cách rõ ràng. Người dùng có thể theo dõi mọi tình huống một cách rõ ràng, ngay cả ở khoảng cách xa.
Với khẩu độ lớn f/1.6, camera có khả năng thu sáng tốt, từ đó giúp nâng cao chất lượng hình ảnh ngay cả trong điều kiện thiếu sáng. Khung hình luôn giữ được độ sáng, độ tương phản và màu sắc hài hòa, kể cả vào ban đêm. Điều này giúp tăng hiệu quả giám sát liên tục 24/7 mà không lo mất chi tiết quan trọng.
Theo dõi phạm vi rộng với khả năng xoay linh hoạt
Camera Xiaomi IP ngoài trời 4MP Dual CW700S được thiết kế với khả năng xoay ngang 355° và xoay dọc 100°, giúp mở rộng phạm vi quan sát tối đa. Thiết bị có thể bao quát gần như toàn bộ khu vực xung quanh chỉ với một vị trí lắp đặt. Nhờ đó, người dùng dễ dàng theo dõi mọi ngóc ngách mà không cần thêm nhiều camera.
Tính năng zoom ống kính kép 9x hỗ trợ phóng to hình ảnh ở khoảng cách xa mà vẫn giữ được độ sắc nét và chi tiết. Điều này giúp quan sát rõ ràng các đối tượng nghi ngờ mà không làm mờ hình ảnh. Kết hợp cùng khả năng xoay linh hoạt, thiết bị mang đến trải nghiệm giám sát toàn diện trong mọi tình huống.
Phát hiện nhạy bén chuyển động người và phương tiện
Camera Xiaomi IP ngoài trời 4MP Dual CW700S tích hợp tính năng phát hiện thông minh, có thể nhận diện chính xác chuyển động của người và phương tiện. Nhờ khả năng phân loại đối tượng, thiết bị giúp giảm thiểu cảnh báo sai và nâng cao hiệu quả giám sát.
Ngay khi phát hiện chuyển động bất thường, camera sẽ kích hoạt báo động âm thanh kèm đèn nhấp nháy để cảnh báo kịp thời. Bên cạnh đó, ứng dụng Xiaomi Home trên điện thoại sẽ ngay lập tức nhận được thông báo khi có chuyển động được phát hiện. Nhờ đó, bạn có thể theo dõi và xử lý tình huống mọi lúc, dù đang ở bất kỳ đâu.
Hướng dẫn kết nối camera Xiaomi IP ngoài trời 4MP Dual CW700S với app Xiaomi Home
Để quản lý và giám sát camera từ xa, người dùng cần kết nối thiết bị với điện thoại qua ứng dụng Xiaomi Home. Quy trình kết nối được thực hiện dễ dàng chỉ trong vài phút theo hướng dẫn sau đây: 
Bước 1: Tải app Mi Home về điện thoại và đăng nhập bằng tài khoản Xiaomi
Bước 2: Kết nối nguồn điện cho camera, sau đó nhấn giữ nút reset dưới đáy thiết bị trong khoảng 5 giây để khởi động camera
Bước 3: Bật Bluetooth trên smartphone để chuẩn bị cho việc kết nối. Tại giao diện chính của ứng dụng Mi Home, nhấn vào biểu tượng + ở góc trên bên phải và chọn Thêm thiết bị
Bước 4: Ứng dụng sẽ bắt đầu quét các thiết bị gần đó. Khi tên Camera Xiaomi IP ngoài trời 4MP Dual CW700S xuất hiện, hãy chọn thiết bị và nhập tên mạng Wifi cùng mật khẩu để kết nối
Bước 5: Quét mã QR nằm ở dưới đáy camera bằng điện thoại để xác nhận và hoàn tất quá trình ghép nối
Mua camera Xiaomi IP ngoài trời 4MP Dual CW700S giá cực hời tại CellphoneS
Camera Xiaomi IP ngoài trời 4MP Dual CW700S hiện đang được bán với mức giá cực kỳ ưu đãi tại CellphoneS. Đây là thời điểm lý tưởng để sở hữu sản phẩm chất lượng, được hỗ trợ bảo hành, đổi trả dài hạn tại CellphoneS. Sản phẩm được CellphoneS phân phối chính hãng và hỗ trợ giao tận nơi nhanh chóng. Đừng bỏ lỡ cơ hội trải nghiệm mua sắm tại CellphoneS và trang bị chiếc camera chất lượng cho không gian sống.","{""Thông số chính"": [{""name"": ""Dòng camera"", ""value"": ""Camera ngoài trời, Camera Wifi, Camera 360 Độ""}, {""name"": ""Độ phân giải"", ""value"": ""4MP (2560 x 1440 px)""}, {""name"": ""Góc ống kính"", ""value"": ""Khẩu độ 1.6""}, {""name"": ""Góc xoay"", ""value"": ""Xoay ngang 355° và xoay dọc 100°""}], ""Lưu trữ và kết nối"": [{""name"": ""Kết nối"", ""value"": ""Wifi""}, {""name"": ""Bộ nhớ"", ""value"": ""Hỗ trợ thẻ nhớ, Lưu trữ đám mây""}, {""name"": ""Chuẩn lưu trữ"", ""value"": ""Thẻ nhớ MicroSD (8GB đến 256GB)\nXiaomi Cloud\nLưu trữ kết nối mạng""}, {""name"": ""Ứng dụng hỗ trợ"", ""value"": ""Mi Home""}, {""name"": ""Tương thích"", ""value"": ""Android 8.0 hoặc iOS 12.0 trở lên""}, {""name"": ""Nguồn điện"", ""value"": ""12V/1A""}], ""Tính năng và tiện ích"": [{""name"": ""Tính năng"", ""value"": ""Đàm thoại 2 chiều\nPhát hiện con người và phương tiện\nTầm nhìn ban đêm đầy đủ màu sắc thông minh\nBáo động âm thanh và ánh sáng\nZoom ống kính kép 9x\nHoạt động với Alexa và Google Home\nBáo âm thanh tới điện thoại""}, {""name"": ""Điều kiện hoạt động/bảo quản"", ""value"": ""Nhiệt độ: -30°C đến 60°C""}, {""name"": ""Kháng nước"", ""value"": ""IP66""}], ""Thông tin hãng"": [{""name"": ""Hãng sản xuất"", ""value"": ""Xiaomi""}]}","[""https://cdn2.cellphones.com.vn/x/media/catalog/product/c/a/camera-xiaomi-ip-ngoai-troi-4mp-dual-cw700s_1_.png"", ""https://cdn2.cellphones.com.vn/x/media/catalog/product/c/a/camera-xiaomi-ip-ngoai-troi-4mp-dual-cw700s_2_.png"", ""https://cdn2.cellphones.com.vn/x/media/catalog/product/c/a/camera-xiaomi-ip-ngoai-troi-4mp-dual-cw700s_5_.png""]","{""product_color_1"": {""color"": ""Trắng"", ""image_url"": ""https://cellphones.com.vn/camera-xiaomi-ip-ngoai-troi-4mp-dual-cw700s.html?product_id=109785"", ""price"": ""1.860.000₫""}}"
Camera IP ngoài trời 360 độ 4MP Xiaomi outdoor CW300,camera-ip-wifi-xiaomi-outdoor-cw300,1.370.000đ,910.000đ,"Đặc điểm nổi bật
Camera IP Wifi Xiaomi Outdoor CW300 bốn đèn LED đa màu, tương thích với Amazon Alexa hoặc Google Assistant thông báo đến ứng dụng Mi Home khi dùng. Camera hỗ trợ cả mạng cáp và Wi-Fi, lưu trữ dữ liệu trên đám mây hoặc thẻ MicroSD đơn giản. Với độ phân giải 2,5K sắc nét khi sử dụng trong thời gian dài. Bên cạnh đó mẫu camera Xiaomi này còn hỗ trợ trợ 8GB+256GB microSD lưu trữ nhiều hơn và kết hợp âm thanh và đèn báo chống trộm.
Nội dung chính
1. Vì sao nên mua camera IP Wifi Xiaomi Outdoor CW300?
2. Camera IP Wifi Xiaomi Outdoor CW300 - Độ phân giải 2.5K sắc nét
2.1. Độ phân giải 2.5K sắc nét
2.2. Xoay đa hướng tiện lợi
2.3. Công nghệ AI ấn tượng
3. Hướng dẫn sử dụng camera IP Wifi Xiaomi Outdoor CW300
4. Mua camera IP Wifi Xiaomi Outdoor CW300 chính hãng tại CellphoneS
Vì sao nên mua camera IP Wifi Xiaomi Outdoor CW300?
-   Camera 4MP, tầm nhìn ban đêm: Theo dõi và ghi hình rõ nét cả ngày với độ phân giải đến 2,5K
-   Thiết kế gimbal hai chiều: Theo dõi mọi hướng với góc quay rộng
-   Kháng nước chuẩn IP66: Sử dụng tiện lợi cả trong nhà lẫn ngoài trời
-   Điều khiển giọng nói thông minh: Tương thích Amazon Alexa, Google Assistant hỗ trợ giọng nói đơn giản hơn khi sử dụng. 
Camera IP Wifi Xiaomi Outdoor CW300 - Độ phân giải 2.5K sắc nét
Camera IP Wifi Xiaomi Outdoor CW300 có thiết kế hiện đại, màu sắc sang trọng với tính năng nổi trội, hỗ trợ người dùng bảo vệ gia đình thông qua quan sát trên màn hình điện thoại. Bạn có thể đặt hàng chất lượng tại nói uy tín để hạn chế tình trạng mua hàng giả, ảnh hưởng đến quá trình sử dụng.
Độ phân giải 2.5K sắc nét
Với độ phân giải 2.5K, Camera Xiaomi CW300 chụp hình ảnh cực rõ nét, giúp bạn theo dõi mọi chi tiết. Được trang bị chip bảo mật MJA1, camera 360 này đảm bảo việc truyền dữ liệu được mã hóa hoàn toàn, giữ cho quyền riêng tư của bạn an toàn.
Camera kích hoạt cảnh báo bằng âm thanh và đèn nhấp nháy khi phát hiện người lạ, đồng thời gửi thông báo đến ứng dụng Mi Home/Xiaomi Home. Camera IP Wifi Xiaomi Outdoor CW300 còn trang bị bốn đèn LED đa màu, camera CW300 cung cấp tầm nhìn đêm đầy màu sắc, giúp nhận diện rõ ràng ngay cả trong điều kiện ánh sáng yếu.
Xoay đa hướng tiện lợi
Thiết kế gimbal giúp camera xoay theo mọi hướng, tăng khả năng quan sát và bảo vệ linh hoạt. Một trong những đặc điểm nổi bật của thiết kế này là khả năng zoom pan-tilt, cho phép người dùng điều chỉnh góc nhìn của ống kính theo nhu cầu cá nhân.
Chức năng zoom của camera IP Wifi Xiaomi Outdoor CW300 giúp mở rộng phạm vi quan sát, cho phép người dùng quan sát chi tiết hơn và theo dõi mọi góc cạnh. Bạn có thể lựa chọn lưu trữ dữ liệu trên đám mây hoặc thẻ MicroSD, tùy thuộc vào nhu cầu của mình.
Công nghệ AI ấn tượng
Sử dụng thuật toán phát hiện con người thông qua AI, khả năng phát hiện chính xác và nhanh chóng mà không cần kết nối đám mây. Khi phát hiện người, camera tự động quay video cảnh báo và gửi thông báo đến điện thoại thông minh của bạn. 
Dung lượng lưu trữ của máy lớn lên đến 8GB+256GB microSD khi sử dụng, không lo bị hết nhanh chóng như trước đây. Camera IP Wifi Xiaomi Outdoor CW300 còn tương thích với Amazon Alexa hoặc Google Assistant tùy hệ điều hành của điện thoại, giúp bạn dễ dàng quản lý camera bằng giọng nói.
Được xếp hạng chống nước và bụi IP66, camera hoạt động ổn định dưới mọi điều kiện thời tiết khắc nghiệt. Camera hỗ trợ cả mạng cáp và Wi-Fi, giúp bạn lựa chọn phương thức kết nối phù hợp với môi trường sử dụng của mình
Hướng dẫn sử dụng camera IP Wifi Xiaomi Outdoor CW300
Cùng tìm hiểu hướng dẫn sử dụng camera để có thể biết cách lắp đặt sản phẩm tại phòng khách, nhà bếp hay cả ngoài trời một cách nhanh chóng:
Bước 1: Trước hết, quyết định vị trí lắp đặt của thiết bị. Sau đó, sử dụng nhãn mẫu gắn để dán lên tường hoặc bề mặt cài đặt sẽ giúp bạn dễ dàng xác định và đánh dấu lỗ cần tạo.
Bước 2: Sau khi đã đánh dấu vị trí, tiến hành tạo lỗ cài đặt camera IP Wifi Xiaomi Outdoor CW300. Lắp đặt các neo nhựa vào các lỗ đã tạo, đảm bảo chúng được đặt chặt và ổn định.
Bước 3: Gắn vít vào các neo nhựa để cố định giá đỡ. Đảm bảo giá đỡ khi được lắp đặt khớp và chính xác.
Bước 4: Đưa máy ảnh vào giá đỡ và sử dụng vít để cố định máy ảnh. 
Bước 5: Cuối cùng, quấn bằng băng dính chống thấm quanh các điểm cài đặt hạn chế tác động của môi trường bên ngoài.
Mua camera IP Wifi Xiaomi Outdoor CW300 chính hãng tại CellphoneS
Camera IP Wifi Xiaomi Outdoor CW300 chính hãng, giá tốt hiện có bán tại các cửa hàng của CellphoneS. Nhân viên có thái độ chuyên nghiệp, nhiệt tình khi hỗ trợ tư vấn cho khách hàng. Với một số ưu đãi cho sinh viên khi mua sản phẩm tại cửa hàng và chương trình 3 không đối với một số sản phẩm tại cửa hàng. Nhanh tay đặt sản phẩm thông qua hình thức trực tuyến để nhận hàng tận nơi mà không phải đến cửa hàng mua camera.","{""Thông số chính"": [{""name"": ""Dòng camera"", ""value"": ""Camera ngoài trời, Camera Wifi, Camera 360 Độ""}, {""name"": ""Độ phân giải"", ""value"": ""4MP (2560 x 1440 px)""}, {""name"": ""Góc ống kính"", ""value"": ""khẩu độ lớn f/1,6""}, {""name"": ""Góc xoay"", ""value"": ""Zoom pan-tilt xoay ống kính theo mọi hướng thông qua điện thoại""}], ""Lưu trữ và kết nối"": [{""name"": ""Kết nối"", ""value"": ""Wi-Fi\nCổng Ethernet""}, {""name"": ""Bộ nhớ"", ""value"": ""Hỗ trợ thẻ nhớ, Lưu trữ đám mây""}, {""name"": ""Chuẩn lưu trữ"", ""value"": ""Thẻ MicroSD (tối thiểu 8G, tối đa 256G)\nMi Cloud""}, {""name"": ""Tương thích"", ""value"": ""Android 8.0 hoặc iOS 12.0 trở lên""}, {""name"": ""Nguồn điện"", ""value"": ""12V⎓1A""}], ""Tính năng và tiện ích"": [{""name"": ""Tính năng"", ""value"": ""Điều khiển giọng nói\nHỗ trợ phát hiện có người\nTheo dõi di chuyển\nBáo động bằng âm thanh và hình ảnh\nThông báo cảnh báo được gửi đến điện thoại của bạn\nTầm nhìn ban đêm đủ màu thông minh\nTheo dõi người bằng AI\nĐàm thoại 2 chiều\nBáo động âm thanh có thể tùy chỉnh""}, {""name"": ""Điều kiện hoạt động/bảo quản"", ""value"": ""-30°C đến 60°C""}, {""name"": ""Kháng nước"", ""value"": ""IP66""}], ""Thiết kế và trọng lượng"": [{""name"": ""Kích thước"", ""value"": ""16.8 x 10 x 12,3 cm""}], ""Thông tin hãng"": [{""name"": ""Hãng sản xuất"", ""value"": ""Xiaomi""}]}","[""https://cdn2.cellphones.com.vn/x/media/catalog/product/c/a/camera-ip-wifi-xiaomi-outdoor-cw300.png"", ""https://cdn2.cellphones.com.vn/x/media/catalog/product/c/a/camera-ip-wifi-xiaomi-outdoor-cw300_1_.png"", ""https://cdn2.cellphones.com.vn/x/media/catalog/product/c/a/camera-ip-wifi-xiaomi-outdoor-cw300_4_.png""]","{""product_color_1"": {""color"": ""Trắng"", ""image_url"": ""https://cellphones.com.vn/camera-ip-wifi-xiaomi-outdoor-cw300.html?product_id=79397"", ""price"": ""910.000₫""}}"
Camera IP 360 độ 3MP Xiaomi C300 Dual,camera-xiaomi-ip-wifi-3mp-dual-c300,1.790.000đ,1.270.000đ,"Đặc điểm nổi bật
Camera Xiaomi IP Wifi 3MP Dual C300 cho hình ảnh rõ nét nhờ độ phân giải 2304x1296 pixel, ghi lại từng chi tiết một cách sống động, đầy chân thực. Thiết bị được trang bị Wi-Fi 6 băng tần kép (2.4GHz/5GHz), giúp tăng tốc độ kết nối duy trì tín hiệu ổn định. Bên cạnh đó, công nghệ nén video H.265 hiện đại của Xiaomi camera cũng được tích hợp, tiết kiệm dung lượng lưu trữ.
Nội dung chính
1. Vì sao nên mua camera Xiaomi IP Wifi 3MP Dual C300? 
2. Camera Xiaomi IP Wifi 3MP Dual C300 - Ghi hình sắc nét, tính năng thông minh 
2.1. Hỗ trợ ghi hình siêu nét, theo dõi thông minh mọi thời điểm
2.2. Quay quét linh hoạt, bao quát toàn cảnh
2.3. Phát hiện chuyển động thông minh, giám sát hiệu quả
2.4. Lưu trữ linh hoạt, đàm thoại rõ ràng mọi lúc
3. Hướng dẫn sử dụng camera Xiaomi IP Wifi 3MP Dual C300
4. Mua ngay camera Xiaomi IP Wifi 3MP Dual C300 chính hãng, giá tốt tại CellphoneS
Vì sao nên mua camera Xiaomi IP Wifi 3MP Dual C300? 
Camera Xiaomi IP Wifi 3MP Dual C300 không chỉ nổi bật với độ phân giải 3MP sắc nét, mà còn tích hợp hệ thống hai ống kính cùng công nghệ giám sát thông minh. Những lý do khiến mẫu camera wifi trong nhà giá rẻ này trở thành lựa chọn đáng cân nhắc trong phân khúc có thể kể đến như sau.
Thiết kế hai ống kính độc lập gồm một camera góc rộng cố định 2.8mm và một camera tele xoay 6mm, giúp ghi hình hai hướng cùng lúc hạn chế điểm mù hiệu quả.
Chip AI xử lý 1 TOPS cho phép nhận diện người, âm thanh và hàng rào ảo nhanh chóng, chính xác, hỗ trợ cảnh báo theo thời gian thực.
Tầm nhìn ban đêm thông minh:  12 đèn hồng ngoại 940nm, kết hợp cảm biến ánh sáng siêu thấp , camera cho hình ảnh có màu ngay cả trong điều kiện thiếu sáng.
Gọi thoại hai chiều rõ nét: Nhờ loa lớn và buồng âm thanh riêng biệt, thiết bị mang lại âm lượng to, chất lượng đàm thoại rõ ràng.
Kết nối Wi-Fi 6 băng tần kép, giúp tăng cường tốc độ truyền tải, hạn chế nhiễu, giữ kết nối ổn định trong suốt quá trình sử dụng.
Camera Xiaomi IP Wifi 3MP Dual C300 - Ghi hình sắc nét, tính năng thông minh 
Camera Xiaomi 3MP Dual C300 là lựa chọn lý tưởng cho nhu cầu giám sát an ninh hiện đại. Với hệ thống ống kính kép, AI nhận diện và bảo mật nâng cao, thiết bị đáp ứng tốt cả nhu cầu quan sát toàn cảnh lẫn theo dõi chi tiết.
Hỗ trợ ghi hình siêu nét, theo dõi thông minh mọi thời điểm
Camera Xiaomi IP Wifi 3MP Dual C300 gây ấn tượng với khả năng ghi hình chất lượng cao, nhờ độ phân giải lên tới 2304x1296 pixel cho hình ảnh rõ ràng, sắc nét. Hệ thống hai ống kính độc lập gồm gột góc rộng cố định và một tele xoay, giúp mở rộng tầm nhìn và hạn chế điểm mù.
Không chỉ vậy, thiết bị còn tích hợp 12 đèn hồng ngoại 940nm kết hợp công nghệ siêu sáng thấp, hỗ trợ ghi hình ban đêm có màu và không phát ánh sáng đỏ. Nhờ đó, thiết bị đảm bảo giám sát hiệu quả cả trong bóng tối mà không làm ảnh hưởng đến giấc ngủ người dùng.
Quay quét linh hoạt, bao quát toàn cảnh
Camera Xiaomi IP Wifi 3MP Dual C300 nổi bật với ống kính kép gồm ống kính tele 6 mm hỗ trợ quay chi tiết và ống kính góc rộng 2.8 mm cho phép bao quát toàn cảnh. Hệ thống PTZ xoay ngang 360 độ và nghiêng dọc 88 độ của thiết bị giúp người dùng dễ dàng điều chỉnh khung hình, hạn chế tối đa điểm mù khi quan sát.
Cả hai camera đều sở hữu độ phân giải 3MP, ghi hình sắc nét 2304 × 1296, kết hợp với công nghệ màu toàn phần trong điều kiện ánh sáng yếu. Nhờ đó, sản phẩm này mang đến trải nghiệm giám sát chủ động, ghi lại hình ảnh rõ nét và chi tiết ở mọi góc độ trong không gian sử dụng.
Phát hiện chuyển động thông minh, giám sát hiệu quả
Camera Xiaomi IP Wifi 3MP Dual C300 ứng dụng AI để nhận diện chuyển động chính xác, phản hồi nhanh chóng. Khi có người xuất hiện trong vùng quan sát của camera góc rộng, camera PTZ sẽ tự động xoay và phóng to khu vực đó để theo dõi chi tiết hơn.
Ngoài ra, thiết bị còn hỗ trợ tính năng nhận diện âm thanh và thiết lập hàng rào ảo, giúp cảnh báo sớm các tình huống bất thường. Nhờ khả năng phối hợp linh hoạt giữa hai ống kính, camera mang đến trải nghiệm giám sát toàn diện, thích hợp cho nhiều không gian.
Lưu trữ linh hoạt, đàm thoại rõ ràng mọi lúc
Camera Xiaomi IP Wifi 3MP Dual C300 hỗ trợ ba phương thức lưu trữ gồm thẻ nhớ microSD (từ 16GB đến 256GB), bộ nhớ đám mây và NAS. Nhờ chuẩn nén video H.265, thiết bị còn tiết kiệm dung lượng mà vẫn giữ được chất lượng hình ảnh cao.
Không chỉ vậy, camera còn tích hợp micro và loa lớn với buồng âm thanh riêng biệt, cho chất lượng đàm thoại hai chiều to, rõ ràng. Người dùng có thể dễ dàng trò chuyện với người thân từ xa thông qua ứng dụng Xiaomi Home, mang lại sự tiện lợi và kết nối liên tục trong quá trình sử dụng.
Hướng dẫn sử dụng camera Xiaomi IP Wifi 3MP Dual C300
Để sử dụng đầy đủ các tính năng thông minh của camera Xiaomi IP Wifi 3MP Dual C300, thì cần kết nối thiết bị với điện thoại qua ứng dụng Xiaomi Home. Các bước thực hiện ghép nối đơn giản như sau:
Bước 1: Tải và đăng nhập ứng dụng Xiaomi Home trên điện thoại.
Bước 2: Cắm nguồn cho camera, sau đó nhấn giữ nút reset khoảng 7 giây cho đến khi đèn báo nhấp nháy màu cam.
Bước 3: Bật Bluetooth trên điện thoại, mở ứng dụng Xiaomi Home và nhấn vào biểu tượng '+' ở góc phải trên cùng, chọn 'Quét mã'.
Bước 4: Dùng điện thoại quét mã QR ở dưới đáy hoặc thân camera, rồi nhập tên và mật khẩu Wi-Fi theo hướng dẫn.
Bước 5: Tùy chỉnh các thiết lập cơ bản như tên thiết bị, vị trí lắp đặt, sau đó đợi vài giây để hoàn tất quá trình kết nối.
Mua ngay camera Xiaomi IP Wifi 3MP Dual C300 chính hãng, giá tốt tại CellphoneS
CellphoneS hiện đang cung cấp camera Xiaomi IP Wifi 3MP Dual C300 với mức giá cạnh tranh cùng nhiều chính sách mua hàng linh hoạt. Khách hàng có thể lựa chọn trả góp 0% qua thẻ tín dụng, dễ dàng sở hữu thiết bị mà không cần thanh toán toàn bộ. Người dùng hoàn toàn yên tâm khi mua hàng tại CellphoneS nhờ chế độ bảo hành và hỗ trợ hậu mãi chu đáo. Nhanh chân đến chi nhánh cửa hàng gần nhất để sở hữu thiết bị giám sát này ngay!","{""Thông số chính"": [{""name"": ""Dòng camera"", ""value"": ""Camera trong nhà, Camera Wifi, Camera 360 Độ""}, {""name"": ""Độ phân giải"", ""value"": ""3MP (2304 x 1296 px)""}, {""name"": ""Góc ống kính"", ""value"": ""Máy ảnh tele 6 mm\nMáy ảnh góc rộng 2,8 mm""}, {""name"": ""Góc xoay"", ""value"": ""Quay ngang 360°\nĐộ nghiêng theo chiều dọc 88°""}], ""Lưu trữ và kết nối"": [{""name"": ""Kết nối"", ""value"": ""Wi-Fi\nBluetooth 5.3""}, {""name"": ""Bộ nhớ"", ""value"": ""Hỗ trợ thẻ nhớ""}, {""name"": ""Chuẩn lưu trữ"", ""value"": ""Thẻ nhớ MicroSD (16 GB đến 256 GB)""}, {""name"": ""Ứng dụng hỗ trợ"", ""value"": ""Mi Home""}, {""name"": ""Tương thích"", ""value"": ""Android 8.0 và iOS 12.0 trở lên""}, {""name"": ""Nguồn điện"", ""value"": ""5V⎓2A""}], ""Tính năng và tiện ích"": [{""name"": ""Tính năng"", ""value"": ""Phát hiện con người cục bộ\nPhát hiện âm thanh cục bộ\nHàng rào ảo\nĐiều khiển từ xa bằng điện thoại của bạn\nTầm nhìn ban đêm đầy đủ màu sắc""}, {""name"": ""Điều kiện hoạt động/bảo quản"", ""value"": ""Nhiệt độ: -10°C đến 40°C""}], ""Thiết kế và trọng lượng"": [{""name"": ""Kích thước"", ""value"": ""7.8 x 7.8 x 12.6 cm""}, {""name"": ""Trọng lượng"", ""value"": ""384g""}], ""Thông tin hãng"": [{""name"": ""Hãng sản xuất"", ""value"": ""Xiaomi""}]}","[""https://cdn2.cellphones.com.vn/x/media/catalog/product/c/a/camera-xiaomi-ip-wifi-3mp-dual-c300_1_.png"", ""https://cdn2.cellphones.com.vn/x/media/catalog/product/c/a/camera-xiaomi-ip-wifi-3mp-dual-c300_2_.png"", ""https://cdn2.cellphones.com.vn/x/media/catalog/product/c/a/camera-xiaomi-ip-wifi-3mp-dual-c300_3_.png""]","{""product_color_1"": {""color"": ""Trắng"", ""image_url"": ""https://cellphones.com.vn/camera-xiaomi-ip-wifi-3mp-dual-c300.html?product_id=109791"", ""price"": ""1.270.000₫""}}"
Camera IP ngoài trời 360 độ 4MP Xiaomi CW500 Dual,camera-xiaomi-ip-ngoai-troi-4mp-dual-cw500,2.290.000đ,1.660.000đ,"Đặc điểm nổi bật
Camera Xiaomi IP ngoài trời 4MP Dual CW500 tích hợp ống kính kép 4MP, hỗ trợ xoay ngang 355 độ và xoay dọc 95 độ ở độ phân giải 2.5K Ultra HD sắc nét. Xiaomi camera hỗ trợ ghi màu ban đêm với 4 đèn hỗ trợ mỗi camera và tích hợp AI. Sản phẩm kết nối Wi-Fi 6 băng tần kép, cổng LAN RJ45, lưu trữ linh hoạt qua microSD, đám mây và NAS.
Nội dung chính
1. Vì sao nên sở hữu sản phẩm camera Xiaomi IP ngoài trời 4MP Dual CW500?
2. Camera Xiaomi IP ngoài trời 4MP Dual CW500 – Giám sát toàn diện và linh hoạt
2.1. Hình ảnh chi tiết, rõ ràng trong mọi điều kiện
2.2. Quan sát toàn cảnh với thiết kế camera kép
2.3. AI thông minh, cảnh báo chính xác
3. Hướng dẫn sử dụng camera Xiaomi IP ngoài trời 4MP Dual CW500
4. Mua ngay camera Xiaomi IP ngoài trời 4MP Dual CW500 chính hãng tại CellphoneS
Vì sao nên sở hữu sản phẩm camera Xiaomi IP ngoài trời 4MP Dual CW500?
Camera Xiaomi IP ngoài trời 4MP Dual CW500 mang đến giải pháp toàn diện cho nhu cầu giám sát ngoài trời nhờ sự kết hợp giữa công nghệ tiên tiến và thiết kế tối ưu. Dưới đây là những lý do khiến dòng camera ngoài trời này trở thành lựa chọn đáng cân nhắc:
Kết hợp giữa camera cố định và camera PTZ giúp quan sát đa góc, xoay quét linh hoạt và giám sát chéo hiệu quả.
Hình ảnh chi tiết cao, hỗ trợ nhận diện biển số, khuôn mặt và chuyển động từ xa.
Camera có thể tự động nhận diện người và phương tiện, giảm báo động giả.
Còi hú và đèn nhấp nháy giúp răn đe hiệu quả người lạ hoặc kẻ xâm nhập.
Thiết bị có độ bền bỉ cao, hoạt động tốt trong mưa, nắng, bụi bẩn, phù hợp gắn ngoài trời.
Với khả năng ghi hình sắc nét, camera Xiaomi Dual CW500 đáp ứng tốt nhu cầu giám sát liên tục. Dù là bảo vệ nhà riêng, cửa hàng hay văn phòng, CW500 Dual sẽ là lựa chọn đáng tin cậy.
Camera Xiaomi IP ngoài trời 4MP Dual CW500 – Giám sát toàn diện và linh hoạt
Camera Xiaomi IP ngoài trời 4MP Dual CW500 là giải pháp giám sát hiệu quả cho không gian bên ngoài. Với khả năng hoạt động ổn định trong nhiều điều kiện thời tiết, camera mang đến sự an tâm cho người dùng.
Hình ảnh chi tiết, rõ ràng trong mọi điều kiện
Camera Xiaomi CW500 Dual được trang bị hai cảm biến 4MP khẩu độ f/1.6, hỗ trợ ghi hình với độ phân giải 2.5K Ultra HD. Điều này giúp camera ghi lại hình ảnh chi tiết, sắc nét hơn so với các dòng camera thông thường. Trong các tình huống cần nhận diện khuôn mặt, biển số xe hoặc vật thể nhỏ thì ưu điểm này của thiết bị hứa hẹn sẽ rất hữu ích với người dùng.
Thiết bị sử dụng chuẩn nén H.265, giúp giảm dung lượng lưu trữ và tiết kiệm băng thông mà không ảnh hưởng đến chất lượng video. Hệ thống 4 đèn trợ sáng giúp ghi hình ban đêm có màu, tự động kích hoạt khi phát hiện chuyển động. Qua đó, thiết bị hỗ trợ nâng cao hiệu quả quan sát trong điều kiện ánh sáng yếu.
Quan sát toàn cảnh với thiết kế camera kép
Camera Xiaomi IP ngoài trời 4MP Dual CW500 sở hữu camera kép gồm một ống kính cố định và một ống kính PTZ điều khiển từ xa. Camera cố định chuyên dùng để giám sát khu vực cố định liên tục. Trong khi đó, camera PTZ có khả năng quay ngang 355 và nghiêng dọc 95, cho phép bao quát hầu hết mọi góc nhìn xung quanh.
Thiết kế này giúp camera theo dõi chéo hai khu vực cùng lúc và giúp hạn chế điểm mù. Điều này cũng giúp tăng cường khả năng kiểm soát các khu vực lớn như sân vườn, hành lang,...
AI thông minh, cảnh báo chính xác
Camera Xiaomi IP ngoài trời 4MP Dual CW500 tích hợp công nghệ AI nhận diện người và phương tiện, giúp phân biệt được các chuyển động quan trọng với các yếu tố môi trường như lá cây, thú cưng,… Tính năng này giúp giảm thiểu báo động giả, một điểm yếu thường gặp ở các camera truyền thống.
Khi phát hiện chuyển động, hệ thống sẽ tự động điều hướng camera PTZ để theo dõi đối tượng và đồng thời kích hoạt đèn nháy và còi báo động nếu cần thiết. Người dùng cũng sẽ nhận được thông báo tức thì kèm video cảnh báo trên ứng dụng Xiaomi Home.
Hướng dẫn sử dụng camera Xiaomi IP ngoài trời 4MP Dual CW500
Camera Xiaomi IP ngoài trời 4MP Dual CW500 được thiết kế để dễ dàng cài đặt và vận hành thông qua ứng dụng Xiaomi Home. Dưới đây là các bước hướng dẫn đầy đủ và hiệu quả:
Bước 1: Mở ứng dụng Xiaomi Home, chọn biểu tượng '+' để thêm thiết bị mới.
Bước 2: Ứng dụng sẽ quét và phát hiện camera Xiaomi CW500 (hoặc có thể thêm thủ công).
Bước 3: Chọn mạng Wi-Fi muốn kết nối (lưu ý: sử dụng mật khẩu Wi-Fi chính xác và hãy ưu tiên dùng 2.4GHz).
Bước 4: Quét mã QR hiện trên màn hình điện thoại bằng camera để tiến hành kết nối.
Bước 5: Đặt tên thiết bị và chọn vị trí và hoàn tất.
Sau khi hoàn tất quá trình ghép nối, camera Xiaomi CW500 Dual sẽ sẵn sàng hoạt động và hiển thị hình ảnh trực tiếp trên ứng dụng Xiaomi Home. Nhờ quy trình thiết lập đơn giản, người dùng có thể dễ dàng giám sát từ xa, điều khiển linh hoạt các tính năng.
Mua ngay camera Xiaomi IP ngoài trời 4MP Dual CW500 chính hãng tại CellphoneS
Hãy sở hữu camera Xiaomi IP ngoài trời 4MP Dual CW500 chính hãng tại CellphoneS để tận hưởng giải pháp an ninh hiện đại, sắc nét từng khung hình! Sản phẩm được bảo hành chính hãng, giúp người dùng an tâm sử dụng lâu dài. Giá bán đã bao gồm VAT, minh bạch và không phát sinh chi phí ẩn. Đặt hàng ngay hôm nay tại CellphoneS để nhận những ưu đãi hấp dẫn!","{""Thông số chính"": [{""name"": ""Dòng camera"", ""value"": ""Camera ngoài trời, Camera Wifi, Camera 360 Độ""}, {""name"": ""Độ phân giải"", ""value"": ""4MP (2560 x 1440 px)""}, {""name"": ""Góc ống kính"", ""value"": ""F/1.6""}, {""name"": ""Góc xoay"", ""value"": ""Xoay ngang 355° và xoay dọc 95°""}], ""Lưu trữ và kết nối"": [{""name"": ""Kết nối"", ""value"": ""Wi-Fi\nCổng Ethernet""}, {""name"": ""Bộ nhớ"", ""value"": ""Hỗ trợ thẻ nhớ, Lưu trữ đám mây""}, {""name"": ""Chuẩn lưu trữ"", ""value"": ""Thẻ nhớ micro SD (dung lượng 16GB-256GB)\nXiaomi Cloud\nLưu trữ mạng nội bộ""}, {""name"": ""Ứng dụng hỗ trợ"", ""value"": ""Mi Home""}, {""name"": ""Nguồn điện"", ""value"": ""12V-1A""}], ""Tính năng và tiện ích"": [{""name"": ""Tính năng"", ""value"": ""Đàm thoại 2 chiều\nPhát hiện con người và phương tiện\nTầm nhìn ban đêm đầy đủ màu sắc thông minh\nBáo động âm thanh và ánh sáng\nHoạt động với Alexa và Google Home\nBáo âm thanh tới điện thoại""}, {""name"": ""Điều kiện hoạt động/bảo quản"", ""value"": ""Nhiệt độ: -30°C đến 60°C\nĐộ ẩm: 0-90% RH""}, {""name"": ""Kháng nước"", ""value"": ""IP66""}], ""Thông tin hãng"": [{""name"": ""Hãng sản xuất"", ""value"": ""Xiaomi""}]}","[""https://cdn2.cellphones.com.vn/x/media/catalog/product/c/a/camera-xiaomi-ip-ngoai-troi-4mp-dual-cw500_1_.png"", ""https://cdn2.cellphones.com.vn/x/media/catalog/product/c/a/camera-xiaomi-ip-ngoai-troi-4mp-dual-cw500_3_.png"", ""https://cdn2.cellphones.com.vn/x/media/catalog/product/c/a/camera-xiaomi-ip-ngoai-troi-4mp-dual-cw500_2_.png""]","{""product_color_1"": {""color"": ""Trắng"", ""image_url"": ""https://cellphones.com.vn/camera-xiaomi-ip-ngoai-troi-4mp-dual-cw500.html?product_id=109787"", ""price"": ""1.660.000₫""}}"
Camera IP 360 độ 8MP Xiaomi C700,camera-xiaomi-ip-wifi-8mp-c700,2.050.000đ,1.470.000đ,"Đặc điểm nổi bật
Camera Xiaomi IP WiFi 8MP C700 trang bị cảm biến 8MP hỗ trợ ghi hình độ phân giải 3840x2160 sắc nét, hệ ống kính 5 thấu kính quang học và khẩu độ lớn. Xiaomi camera sử dụng 10 đèn hồng ngoại 940nm cho tầm nhìn đêm lên đến 10m. C700 hỗ trợ WiFi 6, tích hợp AI chip 1 TOPS cùng bộ nhớ trong 256MB. Thiết bị camera hỗ trợ quay ngang 360°, nghiêng 110°, đàm thoại hai chiều, nhận diện cử chỉ và bảo mật với chip MJA1 tăng tính toàn diện cho camera.
Nội dung chính
1. Vì sao nên sở hữu camera Xiaomi IP WiFi 8MP C700?
2. Camera Xiaomi IP WiFi 8MP C700 – Quan sát sắc nét ngày đêm
2.1. 4K UHD sắc nét, tái tạo hình ảnh trung thực
2.2. Bao quát toàn cảnh với khả năng xoay linh hoạt
2.3. Nhận diện chính xác với AI tích hợp cục bộ
3. Cách sử dụng camera Xiaomi IP WiFi 8MP C700 dễ dàng và nhanh chóng
4. Mua ngay camera Xiaomi IP WiFi 8MP C700 chính hãng tại CellphoneS
Vì sao nên sở hữu camera Xiaomi IP WiFi 8MP C700?
Với camera Xiaomi IP WiFi 8MP C700, người dùng không chỉ có một thiết bị giám sát đơn thuần mà là một trợ lý bảo vệ gia đình thực thụ với những lý do sau:
Hiển thị hình ảnh 4K Ultra HD sắc nét nhờ cảm biến 8MP và 5 ống kính quang học.
AI xử lý cục bộ nhận diện người, vật nuôi, tiếng khóc, chuyển động.
10 đèn hồng ngoại 940nm không phát sáng, quan sát rõ trong đêm.
Góc xoay 360° và nghiêng 110°, bao quát toàn bộ không gian chỉ với một thiết bị
Chip bảo mật riêng và che vật lý ống kính, tăng cường quyền riêng tư.
Camera Xiaomi C700 là lựa chọn lý tưởng để bảo vệ gia đình, giám sát trẻ nhỏ hoặc quản lý từ xa. Sản phẩm camera trong nhà này mang lại độ tin cậy cao và hiệu quả dài lâu.
Camera Xiaomi IP WiFi 8MP C700 – Quan sát sắc nét ngày đêm
Camera Xiaomi IP WiFi 8MP C700 mang đến khả năng giám sát chất lượng cao, ghi lại mọi khung hình với độ phân giải 8MP sắc nét. Thiết bị này thu trọn từng diễn biến, cung cấp hình ảnh chi tiết và chân thực cho nhu cầu an ninh của mọi không gian.
4K UHD sắc nét, tái tạo hình ảnh trung thực
Camera Xiaomi C700 được trang bị cảm biến 8MP và ống kính chuyên nghiệp, hỗ trợ độ phân giải camera 4K Ultra HD (3840x2160). Nhờ đó, thiết bị ghi lại hình ảnh với chi tiết sắc nét, phù hợp cho việc giám sát an ninh, quan sát khu vực rộng hoặc phóng to mà không vỡ nét.
Camera Xiaomi IP WiFi 8MP C700 hỗ trợ công nghệ ISP thế hệ mới giúp giảm hiện tượng méo hình, đồng thời kết hợp với HDR, mang đến khả năng tái tạo màu sắc chính xác. Đây là điểm mạnh nổi bật trong môi trường phức tạp như ánh sáng cửa sổ, ban công,...
Bao quát toàn cảnh với khả năng xoay linh hoạt
Camera hỗ trợ khả năng quan sát toàn diện nhờ góc xoay ngang 360° và nghiêng dọc 110°. Qua đó cho phép thiết bị theo dõi toàn bộ không gian lắp đặt mà không bỏ sót điểm mù. Người dùng có thể điều khiển xoay góc từ xa thông qua ứng dụng trên smartphone.
Ngoài ra, camera còn hỗ trợ các chế độ ghi hình thông minh như: quét toàn cảnh tự động, giám sát hoặc hẹn giờ theo dõi, phù hợp với nhiều nhu cầu khác nhau. Từ theo dõi em bé khi ngủ đến giám sát hàng hóa tại kho hoặc kiểm soát người ra vào ở khu vực.
Nhận diện chính xác với AI tích hợp cục bộ
Sử dụng chip AI hiệu năng cao và thuật toán xử lý cục bộ, camera Xiaomi IP WiFi 8MP C700 giúp phân biệt chính xác chuyển động của người, vật nuôi hoặc tiếng khóc của trẻ. Thiết bị sẽ gửi cảnh báo thời gian thực khi phát hiện hành vi bất thường, hỗ trợ can thiệp kịp thời nếu có tình huống nguy hiểm.
Tính năng theo dõi chuyển động thông minh cho phép camera tự động xoay theo đối tượng đang di chuyển và tự động trở về vị trí ban đầu sau khi kết thúc hành động theo dõi. Nhờ hoạt động dựa trên xử lý AI tại chỗ, thiết bị giảm thiểu tình trạng báo động giả.
Cách sử dụng camera Xiaomi IP WiFi 8MP C700 dễ dàng và nhanh chóng
Để sử dụng đầy đủ các tính năng của camera Xiaomi C700, người dùng cần kết nối thiết bị với ứng dụng Mi Home. Quá trình thiết lập khá đơn giản, chỉ cần làm theo các bước sau:
Bước 1: Mở App Store (iOS) hoặc Google Play (Android), tìm và tải về ứng dụng Xiaomi Home.
Bước 2: Đăng nhập bằng tài khoản Xiaomi. Nếu chưa có, người dùng có thể đăng ký mới ngay trong ứng dụng.
Bước 3: Mở ứng dụng và nhấn dấu “+” để thêm thiết bị camera Xiaomi IP WiFi 8MP C700 bằng cách quét QR.
Bước 4: Chọn mạng Wi-Fi 2.4GHz hoặc 5GHz đang sử dụng và nhập mật khẩu. Sau đó, làm theo hướng dẫn để hoàn tất quá trình thiết lập.
Khi đã kết nối, người dùng có thể theo dõi trực tiếp, nhận cảnh báo chuyển động, điều khiển xoay, đàm thoại hai chiều và cài đặt các chế độ AI. Lưu ý : Hãy thường xuyên cập nhật ứng dụng để có trải nghiệm liền mạch và tiện lợi hơn.
Mua ngay camera Xiaomi IP WiFi 8MP C700 chính hãng tại CellphoneS
Sở hữu camera Xiaomi IP WiFi 8MP C700 tại CellphoneS để trải nghiệm chất lượng giám sát đỉnh cao, sắc nét đến từng chi tiết! Sản phẩm được bảo hành chính hãng, giá đã bao gồm VAT nên người dùng có thể yên tâm khi sử dụng. Không chỉ sở hữu thiết kế hiện đại, mẫu camera này còn hỗ trợ kết nối WiFi tiện lợi. Nhanh tay đặt mua tại CellphoneS để trải nghiệm được dịch vụ tận tâm và chuyên nghiệp!","{""Thông số chính"": [{""name"": ""Dòng camera"", ""value"": ""Camera trong nhà, Camera Wifi, Camera 360 Độ""}, {""name"": ""Độ phân giải"", ""value"": ""8MP (3840 x 2160 px)""}, {""name"": ""Góc xoay"", ""value"": ""Quay ngang 360°\nQuay dọc 110°""}, {""name"": ""Tầm nhìn"", ""value"": ""Ban đêm 10 m""}], ""Lưu trữ và kết nối"": [{""name"": ""Kết nối"", ""value"": ""Wi-Fi\nBluetooth 5.3""}, {""name"": ""Bộ nhớ"", ""value"": ""Hỗ trợ thẻ nhớ""}, {""name"": ""Chuẩn lưu trữ"", ""value"": ""Thẻ nhớ MicroSD (8-256 GB)""}, {""name"": ""Ứng dụng hỗ trợ"", ""value"": ""Mi home""}, {""name"": ""Tương thích"", ""value"": ""Android 8.0 và iOS 12.0 trở lên""}, {""name"": ""Nguồn điện"", ""value"": ""5V⎓2A""}], ""Tính năng và tiện ích"": [{""name"": ""Tính năng"", ""value"": ""Đàm thoại 2 chiều\nPhát hiện và theo dõi thú cưng\nPhát hiện tiếng ồn lớn\nPhát hiện trẻ sơ sinh khóc\nTheo dõi chuyển động của con người\nTầm nhìn ban đêm đầy đủ màu sắc\nGửi cảnh báo tới điện thoại\nĐiều chỉnh HDR theo từng khung hình\nGiám sát điểm cố định cho các khu vực được chỉ định\nGiám sát theo thời gian""}, {""name"": ""Điều kiện hoạt động/bảo quản"", ""value"": ""Nhiệt độ: -10°C đến 40°C""}], ""Thiết kế và trọng lượng"": [{""name"": ""Kích thước"", ""value"": ""8.2 x 8.2 x 13 cm""}, {""name"": ""Trọng lượng"", ""value"": ""362g""}], ""Thông tin hãng"": [{""name"": ""Hãng sản xuất"", ""value"": ""Xiaomi""}]}","[""https://cdn2.cellphones.com.vn/x/media/catalog/product/c/a/camera-xiaomi-ip-wifi-8mp-c700_1_.png"", ""https://cdn2.cellphones.com.vn/x/media/catalog/product/c/a/camera-xiaomi-ip-wifi-8mp-c700_2_.png"", ""https://cdn2.cellphones.com.vn/x/media/catalog/product/c/a/camera-xiaomi-ip-wifi-8mp-c700_5_.png""]","{""product_color_1"": {""color"": ""Trắng"", ""image_url"": ""https://cellphones.com.vn/camera-xiaomi-ip-wifi-8mp-c700.html?product_id=109798"", ""price"": ""1.470.000₫""}}"
Camera trông trẻ 360 độ 5MP Xiaomi Smart Camera Mother and Baby Care Edition,camera-trong-tre-xiaomi-smart-camera-mother-and-baby-care-edition,N/A,N/A,"Đặc điểm nổi bật
Camera trông trẻ Xiaomi Smart Camera Mother and Baby Care Edition là thiết bị giám sát thông minh với camera được trang bị màn hình chăm sóc 5inch di động. Với độ phân giải Full HD sắc nét, góc quay toàn cảnh 360 độ theo chiều ngang và chế độ hồng ngoại ban đêm, camera trông em bé này cung cấp hình ảnh rõ ràng mọi cử chỉ của bé. Tính năng đàm thoại hai chiều và khả năng phát hiện âm thanh, giúp cảnh báo tức thì khi bé khóc. Sản phẩm cũng tích hợp chế độ riêng tư để bảo mật thông tin gia đình, hỗ trợ lưu trữ đám mây an toàn và kết nối với hệ sinh Xiaomi.
Nội dung chính
1. Lý do bạn nên mua camera trông trẻ Xiaomi Smart Camera Mother and Baby Care Edition?
2. Camera trông trẻ Xiaomi Smart Camera Mother and Baby Care Edition – Đôi mắt thứ hai của mẹ
2.1. Giám sát bé với hình ảnh sắc nét và toàn diện
2.2. Không lo mất cảnh giác với khả năng phát hiện thông minh
3. Cách kết nối camera trông trẻ Xiaomi Smart Camera Mother and Baby Care Edition thông qua điện thoại
4. Mua ngay camera trông trẻ Xiaomi Smart Camera Mother and Baby Care Edition chính hãng tại CellphoneS
Lý do bạn nên mua camera trông trẻ Xiaomi Smart Camera Mother and Baby Care Edition?
Thế hệ camera Xiaomi này là lựa chọn tuyệt vời cho các bậc phụ huynh mong muốn một giải pháp chăm sóc con cái toàn diện, tiện lợi và an toàn. Dưới đây là những lý do nổi bật khiến sản phẩm này đáng có mặt trong mọi gia đình có trẻ nhỏ:
Camera đi kèm với màn hình giám sát 5 inch có thể di chuyển, cho phép cha mẹ theo dõi mọi hoạt động của bé ở bất kỳ đâu trong nhà.
Với thuật toán chuyên nghiệp, camera phát hiện các âm thanh và các tiếng động bất thường của bé.
Độ phân giải sắc nét cùng góc quay camera 360 độ bao quát toàn bộ phòng, đảm bảo bạn có thể quan sát mọi cử động của bé, ngay cả trong bóng tối nhờ chế độ hồng ngoại.
Micro và loa tích hợp giúp bạn dễ dàng trò chuyện với bé từ xa, tạo cảm giác gần gũi ngay cả khi không thể ở bên cạnh.
Tính năng báo cáo giấc ngủ của camera trông trẻ Xiaomi Smart Camera Mother and Baby Care Edition giúp ghi lại thời gian và chất lượng giấc ngủ của bé, giúp bạn điều chỉnh chế độ chăm sóc hợp lý.
Camera trông trẻ Xiaomi Smart Camera Mother and Baby Care Edition – Đôi mắt thứ hai của mẹ
Với camera trông trẻ Xiaomi Smart Camera Mother and Baby Care Edition , việc theo dõi và chăm sóc bé yêu trở nên dễ dàng và an tâm hơn bao giờ hết. Được thiết kế đặc biệt cho những gia đình có trẻ nhỏ, camera giám sát này là trợ thủ đắc lực, giúp bạn luôn dõi theo và bảo vệ bé yêu một cách toàn diện.
Giám sát bé với hình ảnh sắc nét và toàn diện
Camera này nổi bật với khả năng ghi hình vượt trội, mang đến khả năng quan sát sắc nét và toàn diện cho các bậc phụ huynh. Với độ phân giải Full HD ấn tượng, camera ghi lại từng khoảnh khắc của bé với chi tiết sống động, từ những cử động nhỏ nhất cho đến biểu cảm đáng yêu, giúp cha mẹ không bỏ sót bất kỳ chi tiết nào.
Góc quay rộng 360 độ bao quát toàn bộ căn phòng, loại bỏ mọi góc khuất và tạo ra một bức tranh toàn cảnh của không gian chăm sóc bé. Đặc biệt, với công nghệ hồng ngoại ban đêm thì camera vẫn duy trì chất lượng hình ảnh sắc nét ngay cả trong điều kiện thiếu sáng.
Không lo mất cảnh giác với khả năng phát hiện thông minh
Camera trông trẻ Xiaomi Smart Camera Mother and Baby Care Edition được trang bị công nghệ phát hiện thông minh vượt trội, giúp phụ huynh không bỏ lỡ bất kỳ tín hiệu nào từ bé. Nhờ vào thuật toán tiên tiến, camera có thể nhạy bén phát hiện các âm thanh của bé.
Ngay khi nhận biết được những tín hiệu này, sản phẩm sẽ lập tức gửi cảnh báo đến điện thoại hoặc màn hình giám sát. Ngoài ra, camera còn tự động nhận diện các chuyển động và gửi thông báo khi phát hiện sự thay đổi, đảm bảo rằng cha mẹ luôn được thông báo về mọi hoạt động của bé một cách kịp thời và chính xác.
Cách kết nối camera trông trẻ Xiaomi Smart Camera Mother and Baby Care Edition thông qua điện thoại
Để kết nối camera này với điện thoại, bạn cần thực hiện một vài bước đơn giản để có thể theo dõi bé yêu của mình từ xa. Đầu tiên, hãy đảm bảo rằng cả camera và điện thoại đều đang kết nối với cùng một mạng Wi-Fi và đã tải ứng dụng Mi Home. Sau đó, vào ứng dụng, nhấn vào dấu + để thêm thiết bị mới và tìm camera trong danh sách.
Ứng dụng sẽ hiển thị một mã QR để quét bằng camera. Đưa điện thoại lại gần camera để camera quét mã QR, giúp kết nối giữa camera và điện thoại diễn ra nhanh chóng. Bạn chỉ cần nhấn vào thiết bị để bắt đầu xem video trực tiếp, thiết lập phát hiện âm thanh, cài đặt bảo mật và nhiều tính năng khác.
Mua ngay camera trông trẻ Xiaomi Smart Camera Mother and Baby Care Edition chính hãng tại CellphoneS
Camera trông trẻ Xiaomi Smart Camera Mother and Baby Care Edition là lựa chọn lý tưởng cho các bậc phụ huynh muốn theo dõi và chăm sóc bé yêu một cách thông minh. Thiết bị này không chỉ ghi lại hình ảnh sắc nét mà còn được trang bị các tính năng hiện đại như cảnh báo thông minh và giám sát từ xa qua ứng dụng. Mua ngay sản phẩm chính hãng tại CellphoneS để tận hưởng mức giá ưu đãi cùng các dịch vụ chăm sóc khách hàng tận tình. Đừng bỏ lỡ cơ hội sở hữu một thiết bị hỗ trợ đắc lực trong việc đảm bảo an toàn và tiện nghi cho bé yêu của bạn ngay hôm nay tại CellphoneS nhé!","{""Thông số chính"": [{""name"": ""Dòng camera"", ""value"": ""Camera trong nhà, Camera trông trẻ""}, {""name"": ""Độ phân giải"", ""value"": ""5MP (2880x1620 pixel)""}, {""name"": ""Góc ống kính"", ""value"": ""360 độ""}, {""name"": ""Góc xoay"", ""value"": ""Xoay ngang 360 độ\nXoay dọc 50 độ""}, {""name"": ""Cảm biến ảnh"", ""value"": ""CMOS""}], ""Lưu trữ và kết nối"": [{""name"": ""Bộ nhớ"", ""value"": ""Hỗ trợ thẻ nhớ""}, {""name"": ""Chuẩn lưu trữ"", ""value"": ""Thẻ nhớ Micro SD 256GB""}, {""name"": ""Ứng dụng hỗ trợ"", ""value"": ""Mi Home""}, {""name"": ""Tương thích"", ""value"": ""Android, iOS""}, {""name"": ""Nguồn điện"", ""value"": ""5V/2A""}], ""Nguồn điện"": [{""name"": ""Pin"", ""value"": ""Lên đến 10 giờ""}], ""Tính năng và tiện ích"": [{""name"": ""Tính năng"", ""value"": ""Phát hiện tiếng khóc, đưa ra cảnh báo\nNhắc nhỏ khi có người ra vào, tiếp cận bé\nHai chế độ hoạt động: Local và online\nTích hợp màn hình 5 inch độ phân giải 720P\nHỗ trợ lưu trữ đám mây""}, {""name"": ""Bảo mật"", ""value"": ""Tích hợp chip bảo mật Mija 1""}], ""Thiết kế và trọng lượng"": [{""name"": ""Kích thước"", ""value"": ""71mm x 71mm x 112 mm""}], ""Thông tin hãng"": [{""name"": ""Hãng sản xuất"", ""value"": ""Xiaomi""}]}","[""https://cdn2.cellphones.com.vn/x/media/catalog/product/x/i/xiaomi-smart-camera-mother-and-baby-care-edition_1_.png"", ""https://cdn2.cellphones.com.vn/x/media/catalog/product/x/i/xiaomi-smart-camera-mother-and-baby-care-edition_2_.png"", ""https://cdn2.cellphones.com.vn/x/media/catalog/product/x/i/xiaomi-smart-camera-mother-and-baby-care-edition_4_.jpg""]",{}
Camera giám sát trẻ 2MP Xiaomi Yi Home,camera-giam-sat-tre-xiaomi-yi-home,N/A,N/A,"Đặc điểm nổi bật
Camera giám sát trẻ Xiaomi Yi Home trang bị độ phân giải Full HD với chuẩn nén H.264 cùng tốc độ khung hình 20 fps, đảm bảo hình ảnh rõ nét và mượt mà. Với tính năng Night Vision, dòng camera Xiaomi này có đèn LED hồng ngoại hỗ trợ quan sát trong bóng tối. Bên cạnh đó, Xiaomi Yi Home còn tích hợp tính năng đàm thoại hai chiều, ứng dụng YI Life hỗ trợ điều khiển từ xa, phân biệt con người và vật nuôi nhờ AI, cùng với khả năng lưu trữ linh hoạt.
Nội dung chính
1. Vì sao nên mua camera giám sát trẻ Xiaomi Yi Home?
2. Camera giám sát trẻ Xiaomi Yi Home - Theo dõi mọi hoạt động của trẻ
2.1. Hình ảnh hiện lên sắc nét 
2.2. Công nghệ Night Vision quan sát bé ngủ vào ban đêm 
2.3. Tính năng phát hiện âm thanh bất thường và đàm thoại hai chiều
2.4. Giám sát thông minh với thông báo tức thì
3. Hướng dẫn kết nối camera giám sát trẻ Xiaomi Yi Home với app YI Life 
4. Mua camera giám sát trẻ Xiaomi Yi Home chính hãng tại CellphoneS
Vì sao nên mua camera giám sát trẻ Xiaomi Yi Home?
Camera giám sát trẻ Xiaomi Yi Home là giải pháp camera giám sát trẻ em ưu việt với các tính năng như:
Độ phân giải Full HD 1080p: Cho hình ảnh chi tiết cao, phù hợp để quan sát mọi góc độ trong phòng.
Tính năng Night Vision tiên tiến: Đèn LED hồng ngoại giúp quan sát rõ ràng mà không phát ánh sáng đỏ vào ban đêm.
Phát hiện âm thanh bất thường: Xác định và cảnh báo khi có âm thanh lạ trong phạm vi 5m.
Đàm thoại hai chiều: Hỗ trợ tương tác từ xa với trẻ hoặc người ở nhà thông qua ứng dụng.
Ứng dụng YI Life thông minh: Theo dõi từ xa qua thiết bị di động.
Camera giám sát trẻ Xiaomi Yi Home - Theo dõi mọi hoạt động của trẻ
Camera giám sát trẻ em Xiaomi Yi Home là một giải pháp lý tưởng cho các bậc phụ huynh muốn theo dõi an toàn và hoạt động của bé ngay cả khi không có mặt trực tiếp. Với thiết kế nhỏ gọn, dễ lắp đặt, và tích hợp nhiều tính năng tiên tiến, chiếc camera này không chỉ đem lại hình ảnh rõ nét mà còn giúp cha mẹ yên tâm với khả năng quan sát liên tục. 
Hình ảnh hiện lên sắc nét 
Camera giám sát trẻ Xiaomi Yi Home có độ phân giải Full HD 1080p, cho phép hiển thị chi tiết từng góc nhỏ trong không gian quan sát. Với tốc độ khung hình 20 fps và chuẩn nén video H.264, chiếc camera này mang đến hình ảnh sắc nét, đảm bảo bạn luôn theo dõi được mọi hoạt động của bé một cách chân thực và liên tục.
Được thiết kế để tối ưu chất lượng hình ảnh, Xiaomi Yi Home giúp cha mẹ không chỉ quan sát chi tiết từng chuyển động của trẻ mà còn dễ dàng lưu trữ video. Chuẩn nén H.264 đảm bảo tiết kiệm dung lượng lưu trữ mà vẫn duy trì được độ phân giải cao, đáp ứng tốt nhu cầu xem lại những khoảnh khắc quan trọng.
Công nghệ Night Vision quan sát bé ngủ vào ban đêm 
Camera giám sát trẻ Xiaomi Yi Home còn tích hợp tính năng Night Vision, giúp người dùng dễ dàng theo dõi con em trong bóng tối. Công nghệ đèn LED hồng ngoại của Xiaomi không phát ra ánh sáng đỏ, hỗ trợ quan sát rõ nét trong môi trường thiếu sáng mà không làm bé cảm thấy phân tâm.
Nhờ khả năng quan sát ban đêm của Yi Home, bố mẹ sẽ luôn nắm rõ tình hình của con mình, ngay cả khi bé ngủ vào ban đêm. Tính năng này giúp cha mẹ luôn an tâm và không phải lo lắng về những chi tiết nhỏ bị bỏ sót dù ở bất kỳ thời điểm nào.
Tính năng phát hiện âm thanh bất thường và đàm thoại hai chiều
Camera giám sát trẻ Xiaomi Yi Home có khả năng phát hiện âm thanh bất thường trong phạm vi 5m, mang lại sự an tâm tối đa cho các gia đình. Khi phát hiện tiếng động lạ, camera sẽ lập tức gửi thông báo cảnh báo dưới dạng video 6 giây qua điện thoại. Kết hợp với tính năng đàm thoại hai chiều hỗ trợ giao tiếp trực tiếp với bé hiệu quả, từ bất kỳ vị trí nào.
Với tính năng này, Xiaomi Yi Home không chỉ là một thiết bị camera giám sát đơn thuần mà còn là công cụ tương tác thông minh giúp bạn kết nối với con nhỏ mọi lúc mọi nơi. Chỉ cần một thao tác qua ứng dụng, bậc phụ huynh có thể trò chuyện trực tiếp và giúp bé an tâm khi cần thiết.
Giám sát thông minh với thông báo tức thì
Camera Yi Home được tích hợp ứng dụng YI Life, hỗ trợ người dùng theo dõi không gian sống của mình qua thiết bị di động. Ứng dụng này còn đi kèm các tính năng báo động tức thời, hỗ trợ nhận thông báo theo thời gian thực nhờ công nghệ AI nhận diện thông minh và phân biệt giữa người với thú cưng, tránh báo động sai.
Không chỉ lưu trữ hình ảnh trên thẻ nhớ, Xiaomi Yi Home còn hỗ trợ lưu trữ đám mây. Thông qua ứng dụng, mọi hoạt động trong nhà đều nằm trong tầm kiểm soát của bạn, đảm bảo ngôi nhà luôn an toàn dù bạn đang ở xa.
Hướng dẫn kết nối camera giám sát trẻ Xiaomi Yi Home với app YI Life 
Tham khảo ngay cách kết nối camera giám sát trẻ Xiaomi Yi Home với app YI Life dưới đây:
Bước 1: Kết nối nguồn điện cho camera và gắn thẻ nhớ nếu có, sau đó chờ khoảng một phút đến khi đèn cam nhấp nháy báo hiệu camera sẵn sàng kết nối.
Bước 2: Mở ứng dụng YI Life, nhấn dấu + ở góc trên cùng bên phải và chọn chế độ 'Quét mã QR'.
Bước 3: Hướng camera điện thoại vào mã QR trên camera, sau khi quét thành công, nhập tên và mật khẩu Wi-Fi, chọn 'Kế tiếp' và đưa mã QR trên điện thoại trước camera để kết nối.
Bước 4: Đặt tên cho camera Xiaomi và chọn 'Kế tiếp' Chọn dùng thử dịch vụ đám mây Kami hoặc tiếp tục mà không cần dịch vụ đám mây để hoàn tất.
Mua camera giám sát trẻ Xiaomi Yi Home chính hãng tại CellphoneS
Đừng bỏ lỡ cơ hội sở hữu camera giám sát trẻ Xiaomi Yi Home chính hãng với mức giá hấp dẫn tại CellphoneS! Đặc biệt, khách hàng sẽ có cơ hội săn sale camera trong các dịp sale xả kho, Tết, Blackfriday… Đối với khách hàng thuộc Smember, CellphoneS còn có ưu đãi đặc biệt với voucher hấp dẫn.
Tại CellphoneS, quý khách có thể mua trả góp Xiaomi Yi Home với lãi suất thấp. Liên hệ ngay với hotline 1800.2097 để biết thêm thông tin về camera giám sát trẻ Xiaomi Yi Home.","{""Thông số chính"": [{""name"": ""Dòng camera"", ""value"": ""Camera trong nhà, Camera trông trẻ""}, {""name"": ""Độ phân giải"", ""value"": ""2MP (1920 x 1080 pixel)""}, {""name"": ""Góc ống kính"", ""value"": ""112⁰""}, {""name"": ""Góc nhìn"", ""value"": ""112⁰""}, {""name"": ""Cảm biến ảnh"", ""value"": ""CMOS""}, {""name"": ""Tầm nhìn"", ""value"": ""8 x 940 nm (nhìn được phạm vi 9m)""}], ""Lưu trữ và kết nối"": [{""name"": ""Kết nối"", ""value"": ""Wifi 802.11bgn – 2.4GHz""}, {""name"": ""Bộ nhớ"", ""value"": ""Hỗ trợ thẻ nhớ""}, {""name"": ""Chuẩn lưu trữ"", ""value"": ""Thẻ nhớ Micro SD""}, {""name"": ""Ứng dụng hỗ trợ"", ""value"": ""Mi Home""}, {""name"": ""Tương thích"", ""value"": ""Android, iOS""}, {""name"": ""Nguồn điện"", ""value"": ""5V/2A""}], ""Tính năng và tiện ích"": [{""name"": ""Tính năng"", ""value"": ""Phát hiện tiếng khóc, đưa ra cảnh báo\nNói chuyện 2 chiều""}], ""Thiết kế và trọng lượng"": [{""name"": ""Kích thước"", ""value"": ""80mm x 114 mm x 32 mm""}, {""name"": ""Trọng lượng"", ""value"": ""135g""}], ""Thông tin hãng"": [{""name"": ""Hãng sản xuất"", ""value"": ""Xiaomi""}]}","[""https://cdn2.cellphones.com.vn/x/media/catalog/product/c/a/camera-giam-sat-tre-xiaomi-yi-home-1.png"", ""https://cdn2.cellphones.com.vn/x/media/catalog/product/c/a/camera-giam-sat-tre-xiaomi-yi-home_1_.jpg"", ""https://cdn2.cellphones.com.vn/x/media/catalog/product/c/a/camera-giam-sat-tre-xiaomi-yi-home_1_.png""]",{}
Camera mini 2MP Xiaomi Xiaofang IP Cube Square,camera-mini-xiaomi-ip-xiaofang-cube-square-1080p,N/A,N/A,"Đặc điểm nổi bật
Camera mini Xiaomi IP Xiaofang Cube Square 1080p hỗ trợ ghi hình Full HD sắc nét, tích hợp khả năng quay đêm, phát hiện chuyển động và đàm thoại hai chiều tiện lợi. Với góc quay rộng 110°, sản phẩm chỉ cần được lắp đặt tại một vị trí là đã có thể giám sát toàn bộ không gian. Thiết bị camera mini dễ dàng kết nối với ứng dụng Mi Home và cho phép lưu trữ dữ liệu qua thẻ nhớ hoặc dịch vụ đám mây an toàn.
Nội dung chính
1. Vì sao nên mua camera mini Xiaomi IP Xiaofang Cube Square 1080p?
2. Camera mini Xiaomi IP Xiaofang Cube Square 1080p - Ghi hình Full HD sắc nét, gọn nhẹ tiện lợi
2.1. Ghi hình Full HD rõ nét từng chi tiết ngày đêm
2.2. Bao quát không gian chỉ với một điểm đặt 
2.3. Phát hiện chuyển động kịp thời, tăng cường an ninh
2.4. Lưu trữ linh hoạt
2.5. Giao tiếp trực tiếp từ xa mọi lúc 
3. Hướng dẫn kết nối camera mini Xiaomi IP Xiaofang Cube Square 1080p qua app
4. Mua camera mini Xiaomi IP Xiaofang Cube Square 1080p giá hấp dẫn tại CellphoneS
Vì sao nên mua camera mini Xiaomi IP Xiaofang Cube Square 1080p?
Camera mini Xiaomi IP Xiaofang Cube Square 1080p sở hữu nhiều ưu điểm đáng chú ý, giúp nâng cao trải nghiệm giám sát an ninh trong không gian sống và làm việc:
Độ phân giải Full HD 1080p: Ghi hình sắc nét, giúp nhận diện khuôn mặt, chuyển động và vật thể rõ ràng hơn.
Phát hiện chuyển động thông minh: Phát tín hiệu về điện thoại khi có hoạt động bất thường, tăng cường bảo vệ an ninh.
Đàm thoại hai chiều: Tương tác trực tiếp với người thân hoặc khách đến nhà ngay từ xa qua ứng dụng điện thoại.
Kiểu dáng nhỏ gọn dạng khối lập phương: Vừa mang tính thẩm mỹ, vừa dễ dàng lắp đặt.
Camera mini Xiaomi IP Xiaofang Cube Square 1080p - Ghi hình Full HD sắc nét, gọn nhẹ tiện lợi
Camera mini Xiaomi IP Xiaofang Cube Square 1080p là mẫu thiết bị camera trong nhà giám sát nhỏ gọn, dễ lắp đặt nhưng vẫn đảm bảo chất lượng hình ảnh. Sản phẩm mang đến trải nghiệm an ninh hiện đại nhờ khả năng ghi hình Full HD, đàm thoại 2 chiều và cảm biến chuyển động thông minh.
Ghi hình Full HD rõ nét từng chi tiết ngày đêm
Camera mini Xiaomi IP Xiaofang Cube Square 1080p được trang bị cảm biến CMOS kích thước 1/2.7 inch và khẩu độ F2.0. Thiết bị hỗ trợ độ phân giải Full HD 1920×1080 pixel, đảm bảo hình ảnh sắc nét cả ban ngày lẫn ban đêm nhờ tích hợp đèn hồng ngoại IR.
Bên cạnh chất lượng ghi hình vượt trội, Xiaomi camera còn có khả năng điều chỉnh theo môi trường sáng tối, hỗ trợ theo dõi không gian một cách chính xác. Dù là giám sát phòng khách, cửa ra vào hay không gian làm việc, Xiaomi IP Xiaofang Cube Square vẫn thể hiện được độ ổn định và chi tiết hình ảnh đáng tin cậy.
Bao quát không gian chỉ với một điểm đặt 
Một điểm mạnh nổi bật khác của camera mini Xiaomi IP Xiaofang Cube Square 1080p là góc quay siêu rộng lên đến 110 độ. Điều này đặc biệt hữu ích trong các không gian mở như phòng khách, phòng làm việc hoặc hành lang dài.
Thiết kế Cube nhỏ gọn còn giúp camera dễ lắp đặt trên bàn, tường hoặc trần nhà mà vẫn mang lại vẻ đẹp thẩm mỹ cho không gian. Nhờ góc quay linh hoạt và khung hình mở rộng, Xiaomi IP Xiaofang Cube Square phù hợp với cả nhu cầu giám sát an ninh lẫn theo dõi sinh hoạt trong gia đình.
Phát hiện chuyển động kịp thời, tăng cường an ninh
Như các mẫu camera an ninh khác, camera mini Xiaomi IP Xiaofang Cube Square 1080p không thể thiếu cảm biến chuyển động thông minh. Tính năng này giúp người dùng chủ động nắm bắt tình huống bất thường dù đang ở xa, tăng cường mức độ an toàn cho không gian sống và làm việc.
Hệ thống nhận diện chuyển động hoạt động ổn định, hạn chế cảnh báo giả và cho phép thiết lập vùng phát hiện tùy chỉnh. Đây là điểm cộng lớn đối với người dùng cần giám sát trẻ nhỏ, người già hoặc bảo vệ tài sản cá nhân trong những khung giờ cố định.
Lưu trữ linh hoạt
Không chỉ nổi bật về chất lượng hình ảnh, camera mini Xiaomi IP Xiaofang Cube Square 1080p còn mang đến nhiều tùy chọn lưu trữ tiện ích. Thiết bị hỗ trợ thẻ nhớ MicroSD dung lượng tối đa 64GB, giúp ghi lại video liên tục mà không cần kết nối máy chủ trung gian. 
Ngoài ra, người dùng có thể chọn lưu trữ qua dịch vụ đám mây (cloud) để bảo đảm dữ liệu không bị mất khi camera bị ngắt kết nối hoặc đánh cắp. Cả hai phương thức lưu trữ đều dễ thiết lập, phù hợp với người dùng không chuyên. 
Giao tiếp trực tiếp từ xa mọi lúc 
Camera mini Xiaomi IP Xiaofang Cube Square 1080p được trang bị micro và loa tích hợp, cho phép người dùng trò chuyện hai chiều qua ứng dụng quản lý trên điện thoại. Tính năng này giúp người dùng dễ dàng tương tác với người thân, nhắc nhở trẻ nhỏ, hoặc trao đổi trực tiếp với khách đến nhà dù không có mặt tại chỗ.
Chất lượng âm thanh đàm thoại rõ ràng, hạn chế nhiễu, đủ dùng trong môi trường gia đình hoặc văn phòng. Đây là điểm nâng cao trải nghiệm sử dụng, biến camera từ một thiết bị giám sát đơn thuần thành công cụ giao tiếp hữu ích trong cuộc sống hiện đại.
Hướng dẫn kết nối camera mini Xiaomi IP Xiaofang Cube Square 1080p qua app
Để quản lý và sử dụng camera mini Xiaomi IP Xiaofang Cube Square 1080p một cách hiệu quả, người dùng có thể kết nối thiết bị với ứng dụng Mi Home (Xiaomi Home):
Bước 1: Tải và cài đặt ứng dụng Mi Home.
Bước 2: Đăng nhập hoặc tạo tài khoản Mi, sau đó chọn khu vực Mainland China để nhận diện thiết bị.
Bước 3: Sau khi cắm nguồn, hãy đợi đèn vàng nhấp nháy rồi nhấn dấu ""+"" trên ứng dụng để kết nối.
Bước 4: Kết nối camera với Wi‑Fi 2.4GHz bằng cách quét mã QR trên màn hình điện thoại hoặc làm theo hướng dẫn trong ứng dụng.
Mua camera mini Xiaomi IP Xiaofang Cube Square 1080p giá hấp dẫn tại CellphoneS
Camera mini Xiaomi IP Xiaofang Cube Square 1080p hiện đã có mặt tại hệ thống CellphoneS. Ngoài hỗ trợ trả góp lãi suất thấp và chính sách ưu đãi dành riêng cho sinh viên, sản phẩm còn thường xuyên góp mặt trong các chương trình sale lớn. Đặc biệt, CellphoneS cung cấp dịch vụ lắp đặt tận nhà chuyên nghiệp. Đây là thời điểm lý tưởng để sở hữu một thiết bị giám sát chất lượng cao với chi phí tốt.","{""Thông số chính"": [{""name"": ""Dòng camera"", ""value"": ""Camera trong nhà""}, {""name"": ""Độ phân giải"", ""value"": ""2MP (1920 x 1080 px)""}, {""name"": ""Góc ống kính"", ""value"": ""Ống kính F2.0\nGóc rộng 110 độ""}, {""name"": ""Cảm biến ảnh"", ""value"": ""CMOS 1 / 2.7\""""}, {""name"": ""Tầm nhìn"", ""value"": ""Ban đêm 9m""}], ""Lưu trữ và kết nối"": [{""name"": ""Bộ nhớ"", ""value"": ""Hỗ trợ thẻ nhớ, Lưu trữ đám mây""}, {""name"": ""Chuẩn lưu trữ"", ""value"": ""Lưu trữ thẻ nhớ SD 64GB\nLưu trữ Xiaomi Cloud""}, {""name"": ""Ứng dụng hỗ trợ"", ""value"": ""Mi Home""}], ""Tính năng và tiện ích"": [{""name"": ""Tính năng"", ""value"": ""Có hồng ngoại quay ban đêm\nHỗ trợ đàm thoại 2 chiều\nGiá đỡ có khả năng xoay chuyển linh hoạt""}], ""Thiết kế và trọng lượng"": [{""name"": ""Kích thước"", ""value"": ""5 x 5 x 5cm""}, {""name"": ""Trọng lượng"", ""value"": ""100g""}], ""Thông tin hãng"": [{""name"": ""Hãng sản xuất"", ""value"": ""Xiaomi""}]}","[""https://cdn2.cellphones.com.vn/x/media/catalog/product/c/a/camera-mini-xiaomi-ip-xiaofang-cube-square-1080p_1_.png"", ""https://cdn2.cellphones.com.vn/x/media/catalog/product/c/a/camera-mini-xiaomi-ip-xiaofang-cube-square-1080p_2_.png"", ""https://cdn2.cellphones.com.vn/x/media/catalog/product/c/a/camera-mini-xiaomi-ip-xiaofang-cube-square-1080p_4_.png""]",{}
Camera mini 2MP Xiaomi IP,camera-mini-xiaomi-ip-1080p,N/A,N/A,"Đặc điểm nổi bật
Camera mini Xiaomi IP 1080P trang bị độ phân giải Full HD 1080P, góc nhìn rộng 100.4°, đèn hồng ngoại 850nm hỗ trợ tầm nhìn ban đêm lên đến 9 mét. Thiết bị theo dõi chuyển động chính xác và gửi thông báo kịp thời đến điện thoại khi phát hiện điều bất thường. Mẫu camera mini này còn hỗ trợ lưu trữ video giám sát qua thẻ nhớ microSD tối đa 64GB, giúp dễ dàng truy xuất dữ liệu.
Nội dung chính
1. Camera mini Xiaomi IP 1080P – Ghi hình sắc nét, bảo vệ an ninh toàn diện
1.1. Ghi hình sắc nét 24/7 kiểm soát không gian hiệu quả
1.2. Góc quan sát rộng, bao quát toàn cảnh
1.3. Phát hiện bất thường, cảnh báo ngay lập tức
1.4. Lưu lại toàn bộ hình ảnh, dễ dàng truy xuất dữ liệu
2. Mua ngay camera mini Xiaomi IP 1080P giá tốt tại CellphoneS
Camera mini Xiaomi IP 1080P – Ghi hình sắc nét, bảo vệ an ninh toàn diện
Camera mini Xiaomi IP với thiết kế nhỏ gọn, dễ lắp đặt ở mọi vị trí, mang đến giải pháp giám sát thông minh cho gia đình, văn phòng hoặc cửa hàng. Thiết bị sở hữu công nghệ ghi hình rõ nét cả ngày lẫn đêm và khả năng kết nối tiện lợi.
Ghi hình sắc nét 24/7 kiểm soát không gian hiệu quả
Camera mini Xiaomi IP 1080P hỗ trợ ghi hình chất lượng Full HD 1080P, cho hình ảnh sắc nét, rõ chi tiết trong mọi điều kiện ánh sáng. Với góc nhìn rộng 100.4 độ, thiết bị có thể bao quát tốt không gian như phòng khách, cửa ra vào, ban công hay quầy thu ngân mà không cần xoay nhiều hướng.
Đặc biệt, hệ thống đèn hồng ngoại 850nm tích hợp sẵn giúp camera quan sát ban đêm hiệu quả với tầm nhìn xa lên đến 9 mét, cho phép ghi hình rõ nét ngay cả khi không có ánh sáng. Nhờ vậy, người dùng hoàn toàn yên tâm theo dõi ngôi nhà của mình suốt 24/7, bất kể ngày đêm với Xiaomi camera mini này .
Góc quan sát rộng, bao quát toàn cảnh
Camera mini Xiaomi IP 1080P là dòng camera trong nhà giá rẻ được tối ưu cho việc giám sát không gian rộng nhờ góc nhìn rộng giúp bao quát không gian. Với độ phân giải 2MP (1920 x 1080px), thiết bị mang đến hình ảnh sắc nét, rõ ràng từng chi tiết, giúp dễ dàng nhận diện khuôn mặt, vật thể hoặc chuyển động trong phòng.
Góc nhìn rộng cho phép quan sát toàn cảnh mà không cần xoay chuyển thiết bị, kết hợp với tính năng theo dõi thông minh giúp giám sát hiệu quả hơn. Nhờ đó, chỉ với một chiếc camera nhỏ gọn, người dùng có thể giám sát toàn diện cả căn phòng mà không cần lắp đặt nhiều thiết bị.
Phát hiện bất thường, cảnh báo ngay lập tức
Camera mini Xiaomi IP 1080P trang bị công nghệ nhận diện chuyển động, cho phép tự động ghi hình và gửi cảnh báo đến điện thoại khi có bất thường xuất hiện. Nhờ độ phân giải Full HD 1080P kết hợp góc nhìn rộng 100.4º, camera có thể bao quát một không gian lớn, giảm thiểu điểm mù và theo dõi chuyển động chính xác hơn.
Ngay cả trong điều kiện ánh sáng yếu hoặc ban đêm, thiết bị vẫn duy trì hiệu quả giám sát nhờ đèn hồng ngoại 850nm, cho phép nhìn rõ trong khoảng cách lên tới 9 mét. Nhờ vậy, camera không chỉ ghi lại mọi diễn biến vào ban ngày mà còn hoạt động ổn định về đêm, đảm bảo an ninh liên tục suốt 24 giờ.
Lưu lại toàn bộ hình ảnh, dễ dàng truy xuất dữ liệu
Camera mini Xiaomi IP 1080P hỗ trợ lưu trữ bằng thẻ nhớ microSD với dung lượng tối đa lên đến 64GB, cho phép người dùng ghi lại hàng giờ video giám sát. Việc sử dụng thẻ nhớ giúp camera hoạt động độc lập và có thể xem lại video nhanh chóng ngay trên ứng dụng Mi Home mà không cần tháo lắp phức tạp.
Ngoài ra, người dùng cũng có thể lựa chọn lưu trữ đám mây (nếu được hỗ trợ) để đảm bảo dữ liệu an toàn hơn trong trường hợp camera bị mất hoặc hư hỏng. Giải pháp lưu trữ linh hoạt này không chỉ đáp ứng nhu cầu giám sát liên tục mà còn giúp người dùng quản lý dữ liệu một cách hiệu quả và thuận tiện hơn bao giờ hết.
Mua ngay camera mini Xiaomi IP 1080P giá tốt tại CellphoneS
Mua ngay camera mini Xiaomi IP 1080P giá tốt tại CellphoneS để tận hưởng nhiều lợi ích vượt trội. Sản phẩm cam kết chính hãng, có đầy đủ tem niêm phong và bảo hành minh bạch, giúp người dùng yên tâm khi sử dụng. Khách hàng dễ dàng nâng cấp thiết bị công nghệ với chính sách trả góp 0% qua thẻ tín dụng. Tại CellphoneS, khuyến mãi được cập nhật thường xuyên cùng nhiều phần quà thiết thực dành cho khách hàng.","{""Thông số chính"": [{""name"": ""Dòng camera"", ""value"": ""Camera trong nhà""}, {""name"": ""Độ phân giải"", ""value"": ""2MP (1920 x 1080 px)""}, {""name"": ""Góc ống kính"", ""value"": ""Góc rộng: 100.4º""}, {""name"": ""Tầm nhìn"", ""value"": ""Ban đêm 9m""}], ""Lưu trữ và kết nối"": [{""name"": ""Kết nối"", ""value"": ""Wifi""}, {""name"": ""Bộ nhớ"", ""value"": ""Hỗ trợ thẻ nhớ""}, {""name"": ""Chuẩn lưu trữ"", ""value"": ""micro SD (tối đa 64GB)""}, {""name"": ""Ứng dụng hỗ trợ"", ""value"": ""Xiaomi Home""}, {""name"": ""Tương thích"", ""value"": ""iOS 8.0, android 4.4""}, {""name"": ""Nguồn điện"", ""value"": ""DC 5V - 1A""}], ""Nguồn điện"": [{""name"": ""Pin"", ""value"": ""10000mAh\nTới 20 giờ""}], ""Tính năng và tiện ích"": [{""name"": ""Tính năng"", ""value"": ""Phát hiện chuyển động\nGửi thông báo tới điện thoại""}], ""Thiết kế và trọng lượng"": [{""name"": ""Trọng lượng"", ""value"": ""65g""}], ""Thông tin hãng"": [{""name"": ""Hãng sản xuất"", ""value"": ""Xiaomi""}]}","[""https://cdn2.cellphones.com.vn/x/media/catalog/product/c/a/camera-mini-xiaomi-ip-1080p_1_.png""]",{}
