name,sku,base_price,sale_price,description,specifications,images,colors
Laptop Lenovo LOQ 15ARP10E 83S0007AVN,laptop-lenovo-loq-15arp10e-83s0007avn,30.490.000đ,26.990.000đ,"Đặc điểm nổi bật
Laptop Lenovo LOQ 15ARP10E 83S0007AVN sử dụng CPU AMD Ryzen 7 7735HS, cung cấp đạt hiệu suất ổn định khi xử lý các tác vụ nặng và đáp ứng nhu cầu làm việc. Model sở hữu GPU RTX 3050 6GB GDDR6 hỗ trợ dựng hình ổn định. Máy dùng RAM DDR5-4800 giúp người dùng đa nhiệm tốt trong nhiều bối cảnh.
Nội dung chính
1. Laptop Lenovo LOQ 15ARP10E 83S0007AVN – Hiệu suất tối ưu trong tầm giá
1.1. Hiệu năng mạnh mẽ cho gaming và đồ họa
1.2. RAM và lưu trữ đáp ứng nhu cầu nâng cấp
1.3. Thiết kế bền chắc, hợp xu hướng gaming
1.4. Màn hình sắc nét và tần số quét cao
1.5. Pin ổn định và hệ thống cổng kết nối đầy đủ
1.6. Hệ thống âm thanh và webcam hiện đại
2. Mua laptop Lenovo LOQ 15ARP10E 83S0007AVN tại CellphoneS
Laptop Lenovo LOQ 15ARP10E 83S0007AVN – Hiệu suất tối ưu trong tầm giá
Lenovo LOQ 15ARP10E 83S0007AVN mang tới trải nghiệm sử dụng cân bằng giữa hiệu năng, thiết kế và khả năng làm việc liên tục. Thiết bị phù hợp cho người dùng cần một lựa chọn bền bỉ và vận hành ổn định mỗi ngày.
Hiệu năng mạnh mẽ cho gaming và đồ họa
Laptop Lenovo LOQ 15ARP10E 83S0007AVN sử dụng CPU AMD Ryzen 7 7735HS với 8 nhân và 16 luồng tạo nền tảng xử lý mạnh cho các tác vụ đồ họa. Model laptop Lenovo LOQ này được hưởng lợi từ xung tối đa 4.75GHz giúp tăng tốc quá trình render hoặc chạy ứng dụng 3D. 
Hiệu năng mạnh mẽ cho game và công việc đồ họa
Thiết bị cũng tích hợp GPU RTX 3050 6GB GDDR6 với TGP 65W phù hợp nhu cầu dựng video và chơi game phổ biến. Bên cạnh đó, bộ nhớ đệm 4MB L2 và 16MB L3 của CPU còn giúp quá trình phản hồi lệnh ổn định hơn. 
Ngoài ra, khả năng tăng tốc nhờ Boost Clock 990MHz của máy cũng giúp GPU duy trì khung hình mượt trong nhiều tình huống. Những yếu tố này tạo cho sản phẩm nền tảng hiệu năng phù hợp người sáng tạo nội dung hoặc game thủ phổ thông.
RAM và lưu trữ đáp ứng nhu cầu nâng cấp
Laptop Lenovo LOQ 15ARP10E 83S0007AVN sở hữu RAM 16GB DDR5-4800 giúp hạn chế hiện tượng nghẽn tác vụ khi chạy đồng thời nhiều ứng dụng. Hệ thống này sở hữu hai khe SODIMM hỗ trợ cấu hình dual-channel để tối ưu băng thông dữ liệu. 
RAM lớn, lưu trữ SSD giúp đa nhiệm nhanh chóng
Bên cạnh đó, máy dùng SSD M.2 2242 PCIe 4.0x4 dung lượng 512GB phù hợp lưu trữ file dự án hoặc game dung lượng lớn. Model này còn có hai khe M.2 PCIe 4.0 x4 hỗ trợ mở rộng thêm ổ dung lượng đến 1TB mỗi khe. 
Nhờ vậy, người dùng dễ dàng bổ sung không gian lưu trữ khi nhu cầu làm việc tăng cao. Thiết kế lưu trữ linh hoạt giúp thiết bị phù hợp với sinh viên công nghệ, nhà sáng tạo nội dung và người dùng cần khả năng nâng cấp lâu dài.
Thiết kế bền chắc, hợp xu hướng gaming
Laptop Lenovo LOQ 15ARP10E 83S0007AVN mang ngoại hình Luna Grey tạo cảm giác hiện đại và phù hợp phong cách gaming thanh lịch. Thiết bị sử dụng chất liệu PC-ABS cho cả phần nắp và đáy giúp tăng độ bền khi di chuyển. Bên cạnh đó, máy đạt trọng lượng từ 1.8kg giúp người dùng dễ mang theo trong môi trường linh hoạt. 
Thiết kế Luna Grey bền chắc, phong cách hợp gaming
Cấu trúc phím White Backlit cũng hỗ trợ thao tác trong điều kiện thiếu sáng. Ngoài ra, phần touchpad Mylar kích thước 69 × 104mm hỗ trợ đa điểm chính xác khi thao tác. Sự kết hợp giữa thiết kế và độ bền tạo cho model này trải nghiệm sử dụng ổn định trong học tập và làm việc.
Màn hình sắc nét và tần số quét cao
Laptop Lenovo LOQ 15ARP10E 83S0007AVN sở hữu màn hình 15.6 inch FHD với tấm nền IPS giúp hình ảnh hiển thị rõ và giữ màu ổn định khi thay đổi góc nhìn. Thiết bị đạt độ sáng 300 nits nên người dùng có thể theo dõi nội dung trong môi trường học tập lẫn làm việc có ánh đèn mạnh. 
Màn hình IPS FHD sắc nét, tần số quét 144Hz
Bên cạnh đó, độ phủ màu 100% sRGB giúp model tái tạo màu chuẩn hơn cho chỉnh sửa ảnh và thiết kế nội dung. Màn hình còn hỗ trợ tần số quét 144Hz giúp khung hình mượt mà hơn khi chơi game tốc độ cao. 
Ngoài ra, công nghệ FreeSync trên máy cũng hỗ trợ đồng bộ hình ảnh để hạn chế tình trạng giật khung hoặc xé hình khi thao tác. Nhờ sự kết hợp giữa các yếu tố này, thiết bị mang đến trải nghiệm hình ảnh hài hòa cho cả giải trí lẫn công việc đòi hỏi độ chính xác.
Pin ổn định và hệ thống cổng kết nối đầy đủ
Laptop Lenovo LOQ 15ARP10E 83S0007AVN được trang bị viên pin 57.5Wh giúp người dùng duy trì công việc cơ bản trong nhiều khung thời gian khác nhau. Thiết bị đi kèm bộ sạc Slim Tip 135W hỗ trợ phục hồi năng lượng nhanh để tránh gián đoạn quy trình làm việc. 
Pin ổn định, đa dạng cổng kết nối cho công việc
Bên cạnh đó, máy còn hỗ trợ Wi-Fi 6 và Bluetooth 5.2 cho khả năng kết nối ổn định với router, tai nghe hoặc các thiết bị ngoại vi hiện đại. Hệ thống cổng gồm USB-A, USB-C PD 3.0, HDMI 2.1, Ethernet RJ-45 và khe thẻ giúp thiết bị đáp ứng đa dạng nhu cầu kết nối trong học tập và sáng tạo nội dung. 
Đồng thời, người dùng có thể tận dụng Ethernet RJ-45 để duy trì đường truyền ổn định khi làm việc trực tuyến. Sự đầy đủ của các chuẩn kết nối này giúp Lenovo LOQ 15ARP10E 83S0007AVN phù hợp cho môi trường linh hoạt, từ học online đến dựng video cơ bản.
Hệ thống âm thanh và webcam hiện đại
Laptop Lenovo LOQ 15ARP10E 83S0007AVN cũng ghi điểm với hệ thống âm thanh stereo 2Wx2 kết hợp kèm Nahimic Audio, giúp tăng trải nghiệm nghe rõ ràng hơn. Thiết bị sử dụng codec Realtek ALC3287 hỗ trợ xử lý tín hiệu ổn định khi phát nội dung giải trí hoặc gọi điện trực tuyến. 
Loa stereo rõ ràng, webcam HD hỗ trợ họp trực tuyến
Bên cạnh đó, model này tích hợp micro kép dạng array giúp giảm nhiễu môi trường và hỗ trợ thu giọng tốt hơn trong các buổi họp online. Camera 720p có màn che vật lý giúp người dùng yên tâm hơn khi tham gia lớp học trực tuyến hoặc các cuộc họp công việc. 
Ngoài ra, khả năng đồng bộ giữa loa, micro và webcam trên máy cũng được đánh giá cao, tạo nên hệ sinh thái giao tiếp liền mạch cho nhiều tình huống sử dụng. Sự kết hợp này giúp thiết bị trở thành lựa chọn phù hợp cho sinh viên, nhân viên văn phòng và người dùng thường xuyên trao đổi qua video call.
Mua laptop Lenovo LOQ 15ARP10E 83S0007AVN tại CellphoneS
Mua aptop Lenovo LOQ 15ARP10E 83S0007AVN tại CellphoneS là lựa chọn phù hợp khi khách hàng cần thiết bị chính hãng 100%, chính sách bảo hành minh bạch. Hệ thống còn cung cấp hậu mãi rõ ràng giúp người mua yên tâm sử dụng lâu dài. 
Khách hàng còn được hỗ trợ trải nghiệm thực tế, tư vấn kỹ thuật trực tiếp để chọn cấu hình phù hợp nhu cầu. Hệ thống cung cấp hóa đơn đầy đủ và dịch vụ hậu mãi rõ ràng giúp khách mua hàng yên tâm trong suốt quá trình đồng hành cùng thiết bị.","{""Bộ xử lý & Đồ họa"": [{""name"": ""Loại card đồ họa"", ""value"": ""NVIDIA GeForce RTX 3050 6GB GDDR6, Boost Clock 990MHz, TGP 65W""}, {""name"": ""Loại CPU"", ""value"": ""AMD Ryzen 7 7735HS (8 lõi / 16 luồng, 3.2 / 4.75GHz, 4MB L2 / 16MB L3)""}], ""Bộ nhớ RAM, Ổ cứng"": [{""name"": ""Dung lượng RAM"", ""value"": ""16GB""}, {""name"": ""Loại RAM"", ""value"": ""SODIMM DDR5-4800""}, {""name"": ""Số khe ram"", ""value"": ""2 khe (1 x 16GB)""}, {""name"": ""Ổ cứng"", ""value"": ""512GB SSD M.2 2242 PCIe 4.0x4 NVMe (Tối đa hai ổ đĩa, 2x SSD M.2 dung lượng tối đa 1TB mỗi ổ)""}], ""Màn hình"": [{""name"": ""Tần số quét"", ""value"": ""144 Hz""}, {""name"": ""Chất liệu tấm nền"", ""value"": ""Tấm nền IPS""}, {""name"": ""Kích thước màn hình"", ""value"": ""15.6 inches""}, {""name"": ""Công nghệ màn hình"", ""value"": ""Độ sáng 300nits\nMàn hình chống chói\nĐộ phủ màu 100% sRGB\nFreeSync""}, {""name"": ""Độ phân giải màn hình"", ""value"": ""1920 x 1080 pixels (FullHD)""}], ""Âm thanh"": [{""name"": ""Công nghệ âm thanh"", ""value"": ""Âm thanh độ nét cao (HD)\ncodec Realtek ALC3287\nLoa stereo, 2W x2\nNahimic Audio""}], ""Cổng kết nối"": [{""name"": ""Khe đọc thẻ nhớ"", ""value"": ""Có""}, {""name"": ""Wi-Fi"", ""value"": ""Wi-Fi 6, 802.11ax 2x2""}, {""name"": ""Bluetooth"", ""value"": ""Bluetooth 5.2""}, {""name"": ""Cổng giao tiếp"", ""value"": ""2x USB-A (USB 5Gbps / USB 3.2 Gen 1)\n1x USB-C (USB 5Gbps / USB 3.2 Gen 1, hỗ trợ PD 3.0)\n1x HDMI 2.1 (hỗ trợ tối đa 8K/60Hz)\n1x jack tai nghe/mic 3.5mm\n1x cổng Ethernet RJ-45\n1x khe đọc thẻ\n1x cổng nguồn""}], ""Kích thước & Trọng lượng"": [{""name"": ""Chất liệu"", ""value"": ""Vỏ nhựa""}, {""name"": ""Chất liệu vỏ trên"", ""value"": ""Nhựa""}, {""name"": ""Chất liệu vỏ dưới"", ""value"": ""Nhựa""}, {""name"": ""Kích thước"", ""value"": ""359.2 x 236 x 19.9-22.95 mm (Dài x Rộng x Dày)""}, {""name"": ""Trọng lượng"", ""value"": ""1.8 kg""}], ""Tiện ích khác"": [{""name"": ""Tính năng đặc biệt"", ""value"": ""Wi-Fi 6""}], ""Tính năng khác"": [{""name"": ""Loại đèn bàn phím"", ""value"": ""Đèn nền trắng""}, {""name"": ""Bảo mật"", ""value"": ""Microsoft Pluton TPM 2.0 Enabled""}, {""name"": ""Webcam"", ""value"": ""HD 720p với Màn trập camera""}, {""name"": ""Hệ điều hành"", ""value"": ""Windows 11 Home Single Language, English""}], ""Pin & công nghệ sạc"": [{""name"": ""Pin"", ""value"": ""57.5Wh, 135W Slim Tip (3-pin)""}]}","[""https://cdn2.cellphones.com.vn/x/media/catalog/product/l/a/laptop_lenovo_loq_15arp10e_83s0007avn_-_1.png"", ""https://cdn2.cellphones.com.vn/x/media/catalog/product/l/a/laptop_lenovo_loq_15arp10e_83s0007avn_-_2.png"", ""https://cdn2.cellphones.com.vn/x/media/catalog/product/l/a/laptop_lenovo_loq_15arp10e_83s0007avn_-_3.png""]","{""product_color_1"": {""color"": ""Xám"", ""image_url"": ""https://cellphones.com.vn/laptop-lenovo-loq-15arp10e-83s0007avn.html?product_id=118484"", ""price"": ""26.990.000₫""}}"
Laptop Lenovo IdeaPad Slim 3 16ARP10 83K80016VN,laptop-lenovo-ideapad-slim-3-16arp10-83k80016vn,22.990.000đ,18.090.000đ,,"{""Bộ xử lý & Đồ họa"": [{""name"": ""Loại card đồ họa"", ""value"": ""AMD Radeon 660M Graphics""}, {""name"": ""Loại CPU"", ""value"": ""AMD Ryzen 5 7533HS (6 lõi / 12 luồng, 3.3 / 4.4GHz, 3MB L2 / 16MB L3)""}], ""Bộ nhớ RAM, Ổ cứng"": [{""name"": ""Dung lượng RAM"", ""value"": ""16GB""}, {""name"": ""Loại RAM"", ""value"": ""DDR5-4800""}, {""name"": ""Số khe ram"", ""value"": ""2 khe (8GB Onboard + 8GB SODIMM DDR5-4800, nâng cấp tối đa 24GB (8GB Onboard + 16GB SODIMM))""}, {""name"": ""Ổ cứng"", ""value"": ""512GB SSD M.2 2242 PCIe 4.0x4 NVMe (2 khe cắm M.2 tối đa 1TB)""}], ""Màn hình"": [{""name"": ""Tần số quét"", ""value"": ""60 Hz""}, {""name"": ""Chất liệu tấm nền"", ""value"": ""Tấm nền IPS""}, {""name"": ""Kích thước màn hình"", ""value"": ""16 inches""}, {""name"": ""Công nghệ màn hình"", ""value"": ""Độ sáng 300nits\nMàn hình chống chói\nĐộ phủ màu 45% NTSC""}, {""name"": ""Độ phân giải màn hình"", ""value"": ""1920 x 1200 pixels (WUXGA)""}], ""Âm thanh"": [{""name"": ""Công nghệ âm thanh"", ""value"": ""Âm thanh độ nét cao (HD)\nLoa âm thanh nổi, 2W x2\nDolby Audio""}], ""Cổng kết nối"": [{""name"": ""Khe đọc thẻ nhớ"", ""value"": ""Có""}, {""name"": ""Wi-Fi"", ""value"": ""Wi-Fi 6, 802.11ax 2x2""}, {""name"": ""Bluetooth"", ""value"": ""Bluetooth 5.3""}, {""name"": ""Cổng giao tiếp"", ""value"": ""2 x USB-A (USB 5Gbps / USB 3.2 Gen 1)\n1 x USB-C (USB 5Gbps / USB 3.2 Gen 1), hỗ trợ USB PD 45-65W và DisplayPort 1.2\n1 x HDMI 1.4\n1 x Giắc cắm tai nghe/micro kết hợp (3.5mm)\n1 x Đầu đọc thẻ SD\n1 x Đầu nối nguồn tròn""}], ""Kích thước & Trọng lượng"": [{""name"": ""Chất liệu"", ""value"": ""Vỏ nhựa - nắp lưng kim loại""}, {""name"": ""Chất liệu vỏ trên"", ""value"": ""Nhôm""}, {""name"": ""Chất liệu vỏ dưới"", ""value"": ""Nhựa""}, {""name"": ""Kích thước"", ""value"": ""360 x 251 x 16.9-17.9 mm (Dài x Rộng x Dày)""}, {""name"": ""Trọng lượng"", ""value"": ""1.73 kg""}], ""Tiện ích khác"": [{""name"": ""Tính năng đặc biệt"", ""value"": ""Wi-Fi 6""}], ""Tính năng khác"": [{""name"": ""Loại đèn bàn phím"", ""value"": ""Không có đèn nền""}, {""name"": ""Bảo mật"", ""value"": ""Firmware TPM 2.0 Enabled""}, {""name"": ""Webcam"", ""value"": ""Độ phân giải HD 720p với màn trập camera""}, {""name"": ""Hệ điều hành"", ""value"": ""Windows 11 Home Single Language, English""}], ""Pin & công nghệ sạc"": [{""name"": ""Pin"", ""value"": ""60Wh, 65W Round Tip (3-pin)""}]}","[""https://cdn2.cellphones.com.vn/x/media/catalog/product/l/a/laptop_lenovo_ideapad_slim_3_16arp10_83k80016vn_-_1.png"", ""https://cdn2.cellphones.com.vn/x/media/catalog/product/l/a/laptop_lenovo_ideapad_slim_3_16arp10_83k80016vn_-_2.png"", ""https://cdn2.cellphones.com.vn/x/media/catalog/product/l/a/laptop_lenovo_ideapad_slim_3_16arp10_83k80016vn_-_3.png""]","{""product_color_1"": {""color"": ""Xám"", ""image_url"": ""https://cellphones.com.vn/laptop-lenovo-ideapad-slim-3-16arp10-83k80016vn.html?product_id=128451"", ""price"": ""18.090.000₫""}}"
Laptop Lenovo IdeaPad Slim 5 14AKP10 83HX00ABVN,laptop-lenovo-ideapad-slim-5-14akp10-83hx00abvn-ryzen-ai-5,28.990.000đ,23.690.000đ,"Đặc điểm nổi bật
Laptop Lenovo IdeaPad Slim 5 14AKP10 83HX00ABVN Ryzen AI 5 được tích hợp chip AMD Ryzen AI 5 330 hỗ trợ Copilot+, mang đến khả năng xử lý thông minh. Máy có RAM DDR5 16GB, hỗ trợ chạy nhiều tác vụ và tăng tốc độ truy cập dữ liệu. Mẫu laptop AI này trang bị màn hình OLED 14 inch WUXGA sắc nét khi làm việc và giải trí.
Nội dung chính
1. Laptop Lenovo IdeaPad Slim 5 14AKP10 83HX00ABVN Ryzen AI 5 - Màn hình OLED sắc nét, hiệu suất mạnh mẽ
1.1. Tích hợp AI thông minh nhờ tính năng Copilot+ PC
1.2. RAM DDR5 16GB cùng SSD 512GB hiệu suất tối ưu
1.3. Thiết kế thanh lịch, gam màu Luna Grey tinh tế
1.4. Sức mạnh xử lý ấn tượng từ vi xử lý Ryzen AI 5 330
1.5. Dung lượng pin 60Wh, đa dạng cổng kết nối linh hoạt
1.6. Trải nghiệm hình ảnh rõ nét với OLED 14 inch WUXGA
2. Mua laptop Lenovo IdeaPad Slim 5 14AKP10 83HX00ABVN Ryzen AI 5 chính hãng tại CellphoneS
Laptop Lenovo IdeaPad Slim 5 14AKP10 83HX00ABVN Ryzen AI 5 - Màn hình OLED sắc nét, hiệu suất mạnh mẽ
Laptop Lenovo IdeaPad Slim 5 14AKP10 83HX00ABVN Ryzen AI 5 hiển thị khung hình rực rỡ nhờ trang bị tấm nền OLED chất lượng cao. Sản phẩm này kết hợp thiết kế tinh tế và khả năng xử lý ấn tượng là lựa chọn phù hợp cho công việc lẫn giải trí.
Tích hợp AI thông minh nhờ tính năng Copilot+ PC
Sản phẩm đã bắt kịp xu hướng công nghệ mới với nền tảng Copilot+ PC tích hợp mà không cần phụ thuộc vào đám mây. Máy trang bị NPU đạt hiệu suất AI 50 TOPS xử lý mạnh mẽ các tác vụ học máy và nhận dạng hình ảnh. Tốc độ này cũng giúp cải thiện tốc độ và hiệu quả khi dịch thuật thời gian thực hoặc tối ưu nội dung.
Máy xử lý thông minh với AI nhờ Copilot+ PC
Với Copilot, người dùng có thể tận dụng khả năng tìm kiếm thông minh, tóm tắt nội dung, chỉnh sửa ảnh và cá nhân hóa trải nghiệm tức thì. Camera IR tích hợp Windows Hello trên Lenovo IdeaPad Slim 5 14AKP10 83HX00ABVN Ryzen AI 5 giúp bảo vệ an toàn thông tin cá nhân an toàn.
RAM DDR5 16GB cùng SSD 512GB hiệu suất tối ưu
Với RAM DDR5 dung lượng đến 16GB, laptop Lenovo IdeaPad Slim 5 14AKP10 83HX00ABVN Ryzen AI 5 xử lý tác vụ nhanh. DDR5 hỗ trợ đa nhiệm mượt khi mở nhiều tab văn phòng, duyệt web hay chỉnh sửa ảnh cơ bản. Nhờ hệ thống làm việc ổn định trên nền AMD SoC Platform, người dùng có thể yên tâm về hiệu suất dài hạn.
Bộ nhớ DDR5 và SSD 512GB giúp tối ưu hiệu suất
Đi kèm là ổ cứng SSD M.2 PCIe 4.0 512GB, cho phép máy khởi động chỉ trong vài giây, truy xuất ứng dụng nhanh và lưu trữ thoải mái. Nếu cần nâng cấp, máy hỗ trợ tối đa 32GB RAM và 2 khe SSD cho không gian lưu trữ mở rộng đến 2 ổ cùng lúc.
Thiết kế thanh lịch, gam màu Luna Grey tinh tế
Mẫu máy này gây chú ý bởi phong cách tinh gọn cùng màu Luna Grey cao cấp. Lớp vỏ kim loại anodizing sandblasting mang lại cảm giác cao cấp. Đồng thời, chất liệu này cũng tạo nên vẻ ngoài tinh tế, phù hợp với mọi môi trường làm việc hay học tập.
Thiết kế sang trọng cùng gam màu Luna Grey
Toàn bộ thân laptop Lenovo IdeaPad Slim 5 14AKP10 83HX00ABVN Ryzen AI 5 chỉ nặng khoảng 1.39kg và dày 16.9mm, gọn nhẹ để dễ dàng bỏ vào balo. Hệ thống phím có ánh sáng nền hỗ trợ gõ phím dễ dàng khi không đủ sáng. Thiết bị còn kết hợp touchpad Mylar kích thước lớn cho trải nghiệm chạm điều hướng chính xác hơn.
Sức mạnh xử lý ấn tượng từ vi xử lý Ryzen AI 5 330
Bên trong máy là bộ xử lý AMD Ryzen AI 5 330, gồm 4 nhân 8 luồng, xung nhịp tối đa 4.5GHz, đảm bảo khả năng xử lý ổn định trong mọi tác vụ kể cả nâng cao. Card đồ họa tích hợp AMD Radeon 820M hỗ trợ tốt cho xem phim và chỉnh sửa ảnh cơ bản.
Ryzen AI 5 tối ưu khả năng làm việc đa nhiệm
Hệ thống Dolby Audio trên laptop Lenovo IdeaPad Slim 5 14AKP10 83HX00ABVN Ryzen AI 5 có khả năng tái tạo âm thanh cuốn hút. Hệ điều hành Windows 11 cài đặt sẵn tương tác trực quan, hỗ trợ người dùng hoàn thành công việc nhanh chóng hơn.
Dung lượng pin 60Wh, đa dạng cổng kết nối linh hoạt
Thiết bị mang đến thời lượng sử dụng bền bỉ nhờ pin 60Wh, làm việc liên tục cả ngày dài mà không lo gián đoạn. Máy đi kèm sạc nhanh USB-C 65W giúp nạp năng lượng nhanh để sẵn sàng cho những chuyến công tác hay học tập ngoài trời.
Dung lượng pin 60Wh và bộ sạc nhanh 65W
Máy có đầy đủ các cổng kết nối như 2 cổng USB-C Power Delivery & DisplayPort, 2 cổng USB-A, HDMI 2.1, microSD và jack 3.5mm. Wi-Fi 7 và Bluetooth 5.4 của Lenovo IdeaPad Slim 5 14AKP10 83HX00ABVN Ryzen AI 5 cho khả năng truy cập mạng nhanh. Dock USB-C có thể kết nối nhiều màn hình hoặc phụ kiện nâng cao. 
Trải nghiệm hình ảnh rõ nét với OLED 14 inch WUXGA
Tấm nền OLED cùng màn hình 14 inch chuẩn WUXGA trên laptop Lenovo IdeaPad Slim 5 14AKP10 83HX00ABVN Ryzen AI 5 tái tạo khung hình sắc nét. Chất lượng hiển thị 100% DCI-P3 chuẩn DisplayHDR True Black 500 màu sắc sống động và độ tương phản sâu. Điều này giúp trải nghiệm xem phim hay chỉnh sửa ảnh chân thực.
Hiển thị rực rỡ nhờ tấm nền OLED chuẩn WUXGA
Tỷ lệ hiển thị 90% AAR giúp viền mỏng hơn, tối ưu không gian nhìn cho trải nghiệm đắm chìm. Màn hình này còn đạt chứng nhận TÜV Rheinland Low Blue Light & Flicker Free, giảm ánh sáng xanh và nhấp nháy, bảo vệ mắt tốt hơn khi dùng lâu.
Mua laptop Lenovo IdeaPad Slim 5 14AKP10 83HX00ABVN Ryzen AI 5 chính hãng tại CellphoneS
Khi mua laptop Lenovo IdeaPad Slim 5 14AKP10 83HX00ABVN Ryzen AI 5 tại CellphoneS, khách hàng sẽ được bảo đảm hàng chính hãng. Hệ thống còn có chính sách trả góp 0% lãi suất, giao tận nơi trên toàn quốc cùng loạt ưu đãi khi thanh toán. 
Đội ngũ nhân viên tư vấn tận tâm luôn sẵn sàng đồng hành, giúp khách hàng lựa chọn cấu hình phù hợp. Đừng chần chừ, đặt mua ngay để nhận giá tốt hôm nay!","{""Bộ xử lý & Đồ họa"": [{""name"": ""Chip AI"", ""value"": ""AMD Ryzen AI, up to 50 TOPS""}, {""name"": ""Loại card đồ họa"", ""value"": ""AMD Radeon 820M Graphics""}, {""name"": ""Loại CPU"", ""value"": ""AMD Ryzen AI 5 330 (4 lõi / 8 luồng, 2.0 / 4.5GHz, 4MB L2 / 8MB L3)""}], ""Bộ nhớ RAM, Ổ cứng"": [{""name"": ""Dung lượng RAM"", ""value"": ""16GB""}, {""name"": ""Loại RAM"", ""value"": ""SODIMM DDR5-5600""}, {""name"": ""Số khe ram"", ""value"": ""2 khe (2 x 8GB, nâng tối đa 32GB DDR5-5600)""}, {""name"": ""Ổ cứng"", ""value"": ""512GB SSD M.2 2242 PCIe 4.0x4 NVMe (up to 1TB)""}], ""Màn hình"": [{""name"": ""Chất liệu tấm nền"", ""value"": ""Tấm nền Oled""}, {""name"": ""Kích thước màn hình"", ""value"": ""14 inches""}, {""name"": ""Công nghệ màn hình"", ""value"": ""Độ sáng 400nits Glossy\nĐộ phủ màu 100% DCI-P3\nDisplayHDR True Black 500""}, {""name"": ""Độ phân giải màn hình"", ""value"": ""1920 x 1200 pixels (WUXGA)""}], ""Âm thanh"": [{""name"": ""Công nghệ âm thanh"", ""value"": ""Âm thanh độ nét cao (HD)\nLoa stereo, 2W x2\nDolby Audio""}], ""Cổng kết nối"": [{""name"": ""Khe đọc thẻ nhớ"", ""value"": ""Có""}, {""name"": ""Wi-Fi"", ""value"": ""Wi-Fi 7, 802.11be 2x2""}, {""name"": ""Bluetooth"", ""value"": ""Bluetooth 5.4""}, {""name"": ""Cổng giao tiếp"", ""value"": ""1x USB-A (5Gbps / USB 3.2 Gen 1)\n1x USB-A (5Gbps / USB 3.2 Gen 1, Always On)\n2x USB-C (10Gbps / USB 3.2 Gen 2, hỗ trợ USB PD 3.0 & DisplayPort 1.4)\n1x HDMI 2.1 (tối đa 4K/60Hz)\n1x jack tai nghe/mic 3.5mm\n1x khe đọc thẻ microSD""}], ""Kích thước & Trọng lượng"": [{""name"": ""Chất liệu"", ""value"": ""Vỏ kim loại""}, {""name"": ""Chất liệu vỏ trên"", ""value"": ""Nhôm""}, {""name"": ""Chất liệu vỏ dưới"", ""value"": ""Nhôm""}, {""name"": ""Kích thước"", ""value"": ""313.4 x 222 x 16.9 mm (Dài x Rộng x Dày)""}, {""name"": ""Trọng lượng"", ""value"": ""1.39 kg""}], ""Tiện ích khác"": [{""name"": ""Tính năng đặc biệt"", ""value"": ""Nhận diện khuôn mặt, Màn hình Oled, Wi-Fi 7""}], ""Tính năng khác"": [{""name"": ""Loại đèn bàn phím"", ""value"": ""Backlit, English""}, {""name"": ""Bảo mật"", ""value"": ""Microsoft Pluton TPM 2.0 Enabled\nCamera hồng ngoại cho Windows Hello (nhận dạng khuôn mặt)""}, {""name"": ""Webcam"", ""value"": ""FHD 1080p + IR với Màn trập riêng tư, Cảm biến ToF""}, {""name"": ""Hệ điều hành"", ""value"": ""Windows 11 Home Single Language, English""}], ""Pin & công nghệ sạc"": [{""name"": ""Pin"", ""value"": ""60Wh, 65W USB-C Slim (Wall-mount)""}]}","[""https://cdn2.cellphones.com.vn/x/media/catalog/product/l/a/laptop_lenovo_ideapad_slim_5_14akp10_83hx00abvn_-_1.png"", ""https://cdn2.cellphones.com.vn/x/media/catalog/product/l/a/laptop_lenovo_ideapad_slim_5_14akp10_83hx00abvn_-_2.png"", ""https://cdn2.cellphones.com.vn/x/media/catalog/product/l/a/laptop_lenovo_ideapad_slim_5_14akp10_83hx00abvn_-_3.png""]","{""product_color_1"": {""color"": ""Xám"", ""image_url"": ""https://cellphones.com.vn/laptop-lenovo-ideapad-slim-5-14akp10-83hx00abvn-ryzen-ai-5.html?product_id=118481"", ""price"": ""23.690.000₫""}}"
Laptop Lenovo V15 G5 IRL 83HF00BRVA,laptop-lenovo-v15-g5-irl-83hf00brva,17.990.000đ,15.990.000đ,,"{""Bộ xử lý & Đồ họa"": [{""name"": ""Loại card đồ họa"", ""value"": ""Intel UHD Graphics""}, {""name"": ""Loại CPU"", ""value"": ""Intel Core i5-13420H, 8 lõi (4P + 4E) / 12 luồng, P-core up to 4.6GHz, E-core up to 3.4GHz, 12MB Intel Smart Cache""}], ""Bộ nhớ RAM, Ổ cứng"": [{""name"": ""Dung lượng RAM"", ""value"": ""8GB""}, {""name"": ""Loại RAM"", ""value"": ""SODIMM DDR5-5200""}, {""name"": ""Số khe ram"", ""value"": ""2 khe (1 x 8GB, nâng cấp tối đa 32GB DDR5-5200)""}, {""name"": ""Ổ cứng"", ""value"": ""512GB SSD M.2 2242 PCIe 4.0x4 NVMe (One drive, up to 1TB M.2 2242 SSD)""}], ""Màn hình"": [{""name"": ""Chất liệu tấm nền"", ""value"": ""Tấm nền IPS""}, {""name"": ""Kích thước màn hình"", ""value"": ""15.6 inches""}, {""name"": ""Công nghệ màn hình"", ""value"": ""Độ sáng 300nits\nMàn hình chống chói\nĐộ phủ màu 45% NTSC""}, {""name"": ""Độ phân giải màn hình"", ""value"": ""1920 x 1080 pixels (FullHD)""}], ""Âm thanh"": [{""name"": ""Công nghệ âm thanh"", ""value"": ""Âm thanh HD, codec Senary SN6147\nLoa stereo 1.5W x2""}], ""Cổng kết nối"": [{""name"": ""Khe đọc thẻ nhớ"", ""value"": ""Không""}, {""name"": ""Wi-Fi"", ""value"": ""Wi-Fi 6, 802.11ax 2x2""}, {""name"": ""Bluetooth"", ""value"": ""Bluetooth 5.2""}, {""name"": ""Cổng giao tiếp"", ""value"": ""2 x USB-A (USB 3.2 Gen 1, 5Gbps)\n1 x USB-C (USB 3.2 Gen 1, 5Gbps, PD 45–65W, DisplayPort 1.2)\n1 x HDMI 1.4b\n1 x Jack tai nghe/micro 3,5mm\n1 x Ethernet (RJ-45)\n1 x Cổng nguồn tròn""}], ""Kích thước & Trọng lượng"": [{""name"": ""Chất liệu"", ""value"": ""Vỏ nhựa""}, {""name"": ""Chất liệu vỏ trên"", ""value"": ""Nhựa""}, {""name"": ""Chất liệu vỏ dưới"", ""value"": ""Nhựa""}, {""name"": ""Kích thước"", ""value"": ""359.2 x 235.8 x 18.3 mm (Dài x Rộng x Dày)""}, {""name"": ""Trọng lượng"", ""value"": ""1.61 kg""}], ""Tiện ích khác"": [{""name"": ""Tính năng đặc biệt"", ""value"": ""Wi-Fi 6""}], ""Tính năng khác"": [{""name"": ""Loại đèn bàn phím"", ""value"": ""Không có đèn nền""}, {""name"": ""Bảo mật"", ""value"": ""Discrete TPM 2.0 Enabled""}, {""name"": ""Webcam"", ""value"": ""Độ phân giải HD 720p với màn trập camera""}, {""name"": ""Hệ điều hành"", ""value"": ""Free OS""}], ""Pin & công nghệ sạc"": [{""name"": ""Pin"", ""value"": ""47Wh, 65W USB-C (3-pin)""}]}","[""https://cdn2.cellphones.com.vn/x/media/catalog/product/l/a/laptop_lenovo_v15_g5_irl_83hf00brva_-_1.png"", ""https://cdn2.cellphones.com.vn/x/media/catalog/product/l/a/laptop_lenovo_v15_g5_irl_83hf00brva_-_2_1.png"", ""https://cdn2.cellphones.com.vn/x/media/catalog/product/l/a/laptop_lenovo_v15_g5_irl_83hf00brva_-_3.png""]","{""product_color_1"": {""color"": ""Xám"", ""image_url"": ""https://cellphones.com.vn/laptop-lenovo-v15-g5-irl-83hf00brva.html?product_id=126951"", ""price"": ""15.990.000₫""}}"
Laptop Lenovo Legion 5 15IRX10 83LY00HQVN,laptop-lenovo-legion-5-15irx10-83ly00hqvn,50.490.000đ,41.990.000đ,"Đặc điểm nổi bật
Laptop Lenovo Legion 5 15IRX10 83LY00HQVN được trang bị màn hình có kích thước 15.3inch, tần số quét 165Hz cùng nhiều công nghệ hiển thị hiện đại. Thiết bị sở hữu cổng kết nối hiện đại, tăng tính tiện lợi trong nhiều tình huống. Trải nghiệm hình ảnh trên laptop cũng vô cùng sống động nhờ vào card đồ họa RTX 5060 8GB. 
Nội dung chính
1. Laptop Lenovo Legion 5 15IRX10 83LY00HQVN - Sức mạnh AI ấn tượng 
1.1. Sức mạnh AI cho hiệu suất và bảo mật vượt trội
1.2. Hiệu suất mạnh mẽ, đồ họa chân thực và chi tiết
1.3. RAM DDR5 hiệu năng cao, dễ dàng nâng cấp khi cần
1.4. Thiết kế bền và hiện đại, phong cách gaming đặc trưng
1.5. Màn hình tần số quét cao, công nghệ hình ảnh tiên tiến
1.6. Dung lượng pin 80Wh, khả năng kết nối mở rộng
2. Mua ngay laptop Lenovo Legion 5 15IRX10 83LY00HQVN giá tốt tại CellphoneS
Laptop Lenovo Legion 5 15IRX10 83LY00HQVN - Sức mạnh AI ấn tượng 
Lenovo Legion 5 15IRX10 83LY00HQVN là lựa chọn lý tưởng cho người dùng đang tìm kiếm một thiết bị có hiệu năng cao và sở hữu công nghệ AI thông minh. Thiết bị này là lựa chọn đáng cân nhắc cho cả game thủ và người dùng cần hiệu năng cao.
Sức mạnh AI cho hiệu suất và bảo mật vượt trội
Laptop Lenovo Legion 5 15IRX10 83LY00HQVN nổi bật với công nghệ tối ưu hoá hiệu năng trên nền tảng Legion. Nhờ vậy, model laptop Lenovo Legion này có thể tự động cân bằng giữa hiệu năng và mức tiêu thụ năng lượng, giúp máy vận hành ổn định đồng thời tiết kiệm điện năng.
Sức mạnh AI mang đến hiệu suất vận hành ổn định
Công nghệ AI còn được tích hợp vào hệ thống âm thanh Nahimic Audio, giúp tối ưu chất lượng âm thanh. Ngoài ra, Lenovo cũng chú trọng vào khả năng bảo mật AI, hỗ trợ tính năng Firmware TPM 2.0, bảo vệ dữ liệu cá nhân và nâng cao tính riêng tư.
Hiệu suất mạnh mẽ, đồ họa chân thực và chi tiết
Laptop Lenovo Legion 5 15IRX10 83LY00HQVN được trang bị CPU Intel Core i7-13650HX gồm 14 lõi (6 lõi hiệu năng và 8 lõi tiết kiệm điện) với 20 luồng xử lý. Nhờ đó, CPU này có khả năng đạt xung nhịp tối đa 4.9GHz, xử lý mượt mà các tác vụ nặng như chỉnh sửa video, thiết kế 3D. 
Bộ nhớ đệm 24MB giúp cải thiện tốc độ phản hồi của hệ thống, mang lại trải nghiệm mượt mà hơn. Máy còn được trang bị card đồ họa NVIDIA GeForce RTX 5060 8GB GDDR7, tích hợp công nghệ AI giúp nâng cao hiệu suất xử lý hình ảnh một cách thông minh.
Hiệu suất mạnh mẽ với vi xử lý Intel Core i7-13650HX
Hiệu ứng ánh sáng và bóng đổ được tái hiện một cách chân thực, mang đến trải nghiệm chơi game sống động hơn. Boost Clock đạt 2662MHz và TGP 115W đảm bảo khả năng vận hành ổn định, không bị tụt hiệu năng khi tải nặng.
RAM DDR5 hiệu năng cao, dễ dàng nâng cấp khi cần
Laptop Lenovo Legion 5 15IRX10 83LY00HQVN đi kèm với 16GB RAM DDR5-4800, cung cấp hiệu năng mượt mà cho các tác vụ đa nhiệm và chơi game. Nhờ đó, thiết bị có khả năng truyền dữ liệu với tốc độ cao và xử lý đa nhiệm hiệu quả. 
Nhờ hai khe SO-DIMM, laptop cho phép nâng cấp bộ nhớ tối đa lên 32GB, đáp ứng nhu cầu mở rộng hiệu năng trong tương lai. Loại RAM DDR5 cũng giúp giảm điện năng tiêu thụ, đồng thời tăng hiệu năng tổng thể cho hệ thống.
RAM DDR5-4800 tốc độ cao, xử lý đa nhiệm hiệu quả
Thiết bị sử dụng ổ SSD M.2 2242 PCIe 4.0x4 NVMe với dung lượng 512GB, mang lại hiệu suất truy xuất dữ liệu cao, giúp hệ thống khởi động và phản hồi nhanh. Lenovo còn tích hợp hai khe M.2 2280 PCIe 4.0 x4, hỗ trợ tối đa 1TB, tạo điều kiện cho người dùng mở rộng dung lượng khi cần.
Thiết kế bền và hiện đại, phong cách gaming đặc trưng
Laptop Lenovo Legion 5 15IRX10 83LY00HQVN mang phong cách thiết kế hiện đại, mạnh mẽ nhưng vẫn giữ được sự tinh tế đặc trưng của dòng Legion. Vỏ máy được chế tạo từ chất liệu PC-ABS kết hợp 15% Talc, giúp tăng độ cứng cáp và khả năng hạn chế trầy xước khi va đập.
Thiết kế bền bỉ, tinh tế và đậm chất gaming
Nhờ vậy, thiết bị vẫn giữ được độ bền cao dù trọng lượng chỉ khoảng 2.1kg, phù hợp cho người dùng di chuyển thường xuyên. Với màu đen sang trọng, máy dễ dàng hòa hợp với cả môi trường làm việc chuyên nghiệp lẫn giải trí. Thiết bị tích hợp đèn nền bàn phím, hỗ trợ cải thiện khả năng quan sát phím khi làm việc.
Màn hình tần số quét cao, công nghệ hình ảnh tiên tiến
Trải nghiệm hiển thị của laptop Lenovo Legion 5 15IRX10 83LY00HQVN được nâng tầm nhờ màn hình 15.3inch WUXGA (1920x1200 pixels). Nhờ được trang bị tấm nền IPS chống chói, thiết bị cho góc nhìn rộng cùng màu sắc hiển thị trung thực và ổn định. 
Độ phủ màu 100% sRGB kết hợp độ sáng 300nits giúp hình ảnh hiển thị rõ nét trong nhiều điều kiện ánh sáng khác nhau. Tần số quét 165Hz giúp chuyển động mượt mà, hạn chế hiện tượng xé hình khi chơi game tốc độ cao.
Màn hình chất lượng với công nghệ hình ảnh tiên tiến
Công nghệ G-SYNC đồng bộ GPU với màn hình, giúp tăng mượt mà khung hình và hạn chế hiện tượng giật, xé hình khi chơi game. Kết hợp cùng Dolby Vision, màn hình mang lại chất lượng hình ảnh sống động, độ tương phản cao và chi tiết hiển thị rõ nét.
Dung lượng pin 80Wh, khả năng kết nối mở rộng
Với viên pin 80Wh, laptop Lenovo Legion 5 15IRX10 83LY00HQVN đảm bảo hiệu suất sử dụng lâu dài và ổn định. Bộ sạc 245W Slim Tip (3-pin) hỗ trợ sạc nhanh, giúp nạp năng lượng hiệu quả và giảm thời gian chờ đợi.
Hệ thống cổng kết nối đa dạng, bao gồm HDMI 2.1
Về kết nối, máy hỗ trợ Wi-Fi 6 (802.11ax 2x2) và Bluetooth 5.2, giúp truyền tải dữ liệu nhanh và ổn định trong mọi môi trường mạng. Thiết bị sở hữu hệ thống cổng kết nối phong phú, với ba cổng USB-A tốc độ 5Gbps, hai cổng USB-C, một cổng HDMI 2.1, cổng RJ-45, cùng jack âm thanh 3.5mm.
Mua ngay laptop Lenovo Legion 5 15IRX10 83LY00HQVN giá tốt tại CellphoneS
Khách hàng có nhu cầu mua laptop Lenovo Legion 5 15IRX10 83LY00HQVN có thể ghé hệ thống CellphoneS để tham khảo và mua sắm. Tại đây, người mua được hỗ trợ mua trả góp với lãi suất 0%. Ngoài ra, sinh viên còn có cơ hội hưởng nhiều ưu đãi và chương trình khuyến mãi hấp dẫn. Ngoài ra, khu vực trưng bày sản phẩm cho phép khách hàng trải nghiệm trực tiếp thiết bị trước khi đưa ra quyết định mua hàng.","{""Bộ xử lý & Đồ họa"": [{""name"": ""Loại card đồ họa"", ""value"": ""NVIDIA GeForce RTX 5060 8GB GDDR7, Boost Clock 2497MHz, TGP 115W, 572 AI TOPS""}, {""name"": ""Loại CPU"", ""value"": ""Intel Core i7-13650HX, 14 lõi (6P + 8E) / 20 luồng, P-core 2.6 / 4.9GHz, E-core 1.9 / 3.6GHz, 24MB""}], ""Bộ nhớ RAM, Ổ cứng"": [{""name"": ""Dung lượng RAM"", ""value"": ""16GB""}, {""name"": ""Loại RAM"", ""value"": ""SO-DIMM DDR5-4800""}, {""name"": ""Số khe ram"", ""value"": ""2 khe (1 x 16GB, nâng cấp tối đa 32GB)""}, {""name"": ""Ổ cứng"", ""value"": ""512GB SSD M.2 2242 PCIe 4.0x4 NVMe (Hai khe cắm M.2 2280 PCIe 4.0 x4, tối đa 1TB mỗi ổ)""}], ""Màn hình"": [{""name"": ""Tần số quét"", ""value"": ""165 Hz""}, {""name"": ""Chất liệu tấm nền"", ""value"": ""Tấm nền IPS""}, {""name"": ""Kích thước màn hình"", ""value"": ""15.3 inches""}, {""name"": ""Công nghệ màn hình"", ""value"": ""Độ sáng 300nits\nMàn hình chống chói\nĐộ phủ màu 100% sRGB\nDolby Vision""}, {""name"": ""Độ phân giải màn hình"", ""value"": ""1920 x 1200 pixels (WUXGA)""}], ""Âm thanh"": [{""name"": ""Công nghệ âm thanh"", ""value"": ""Âm thanh độ nét cao (HD)\nBộ giải mã Realtek ALC3287\nLoa stereo, 2W x2\nÂm thanh của HARMAN\nNahimic Audio""}], ""Kích thước & Trọng lượng"": [{""name"": ""Chất liệu vỏ trên"", ""value"": ""PC-ABS + 15% Talc""}, {""name"": ""Chất liệu vỏ dưới"", ""value"": ""PC-ABS + 15% Talc""}, {""name"": ""Kích thước"", ""value"": ""344.9 x 255.35 x 22.50-23.99 mm (Dài x Rộng x Dày)""}, {""name"": ""Trọng lượng"", ""value"": ""2.1 kg""}], ""Tiện ích khác"": [{""name"": ""Tính năng đặc biệt"", ""value"": ""Wi-Fi 6""}], ""Tính năng khác"": [{""name"": ""Loại đèn bàn phím"", ""value"": ""Đèn nền trắng""}, {""name"": ""Bảo mật"", ""value"": ""Firmware TPM 2.0 Enabled""}, {""name"": ""Webcam"", ""value"": ""HD 720p với E-shutter""}, {""name"": ""Hệ điều hành"", ""value"": ""Windows 11 Home Single Language, English + Office Home 2024 + Lenovo AI Now""}], ""Pin & công nghệ sạc"": [{""name"": ""Pin"", ""value"": ""80Wh, 245W Slim Tip (3-pin)""}], ""Cổng kết nối"": [{""name"": ""Wi-Fi"", ""value"": ""Wi-Fi 6, 802.11ax 2x2""}, {""name"": ""Bluetooth"", ""value"": ""Bluetooth 5.2""}, {""name"": ""Cổng giao tiếp"", ""value"": ""2x USB-A (5Gbps)\n1x USB-A (5Gbps), Luôn bật\n1x USB-C (10Gbps), với USB PD 65-100W và DP 2.1\n1x USB-C (10Gbps), với DP 1.4\n1x HDMI 2.1, lên đến 8K/60Hz\n1x Giắc cắm kết hợp tai nghe/micrô (3.5mm)\n1x RJ-45\n1x Đầu nối nguồn""}]}","[""https://cdn2.cellphones.com.vn/x/media/catalog/product/t/e/text_ng_n_8__10_15.png"", ""https://cdn2.cellphones.com.vn/x/media/catalog/product/t/e/text_ng_n_12__8_217.png"", ""https://cdn2.cellphones.com.vn/x/media/catalog/product/t/e/text_ng_n_9__10_16.png""]","{""product_color_1"": {""color"": ""Đen"", ""image_url"": ""https://cellphones.com.vn/laptop-lenovo-legion-5-15irx10-83ly00hqvn.html?product_id=116656"", ""price"": ""41.990.000₫""}}"
Laptop Lenovo ThinkPad E14 Gen 7 21SX00BNVN,laptop-lenovo-thinkpad-e14-gen-7-21sx00bnvn,26.990.000đ,25.990.000đ,,"{""Bộ xử lý & Đồ họa"": [{""name"": ""Chip AI"", ""value"": ""Intel AI Boost, up to 11 TOPS""}, {""name"": ""Loại card đồ họa"", ""value"": ""Intel Arc Graphics""}, {""name"": ""Loại CPU"", ""value"": ""Intel Core Ultra 5 135H, 14 lõi (4P + 8E + 2LPE) / 18 luồng, Max Turbo up to 4.6GHz, 18MB Intel Smart Cache""}], ""Bộ nhớ RAM, Ổ cứng"": [{""name"": ""Dung lượng RAM"", ""value"": ""16GB""}, {""name"": ""Loại RAM"", ""value"": ""SODIMM DDR5-5600""}, {""name"": ""Số khe ram"", ""value"": ""2 khe (1 x 16GB, nâng cấp tối đa 64GB DDR5-5600)""}, {""name"": ""Ổ cứng"", ""value"": ""512GB SSD M.2 2242 PCIe 4.0x4 NVMe Opal 2.0 (Hỗ trợ tối đa hai ổ đĩa, 2 ổ SSD M.2, tối đa 1TB)""}], ""Màn hình"": [{""name"": ""Tần số quét"", ""value"": ""60 Hz""}, {""name"": ""Chất liệu tấm nền"", ""value"": ""Tấm nền IPS""}, {""name"": ""Kích thước màn hình"", ""value"": ""14 inches""}, {""name"": ""Công nghệ màn hình"", ""value"": ""Độ sáng 300nits\nMàn hình chống chói\nĐộ phủ màu 45% NTSC""}, {""name"": ""Độ phân giải màn hình"", ""value"": ""1920 x 1200 pixels (WUXGA)""}], ""Âm thanh"": [{""name"": ""Công nghệ âm thanh"", ""value"": ""Âm thanh độ nét cao (HD)\ncodec Senary SN6147\nLoa âm thanh nổi, 2W x2\nDolby Atmos\nÂm thanh do HARMAN sản xuất""}], ""Cổng kết nối"": [{""name"": ""Khe đọc thẻ nhớ"", ""value"": ""Không""}, {""name"": ""Wi-Fi"", ""value"": ""Intel Wi-Fi 6E AX211, 802.11ax 2x2""}, {""name"": ""Bluetooth"", ""value"": ""Bluetooth 5.3""}, {""name"": ""Cổng giao tiếp"", ""value"": ""1 x USB-A (5Gbps)\n1 x USB-A (10Gbps), luôn bật\n1 x USB-C (Thunderbolt 4 / USB4 40Gbps), hỗ trợ USB PD 45-65W và DisplayPort 2.1\n1 x HDMI 2.1, hỗ trợ độ phân giải lên đến 4K/60Hz\n1 x Giắc cắm tai nghe/micro kết hợp (3.5mm)\n1 x RJ-45""}], ""Kích thước & Trọng lượng"": [{""name"": ""Chất liệu"", ""value"": ""Vỏ kim loại""}, {""name"": ""Chất liệu vỏ trên"", ""value"": ""Nhôm""}, {""name"": ""Chất liệu vỏ dưới"", ""value"": ""Nhôm""}, {""name"": ""Kích thước"", ""value"": ""313 x 220.3 x 10.1/15.25 (trước/sau), 19.7 (tối đa) mm""}, {""name"": ""Trọng lượng"", ""value"": ""1.34 kg""}], ""Tiện ích khác"": [{""name"": ""Tính năng đặc biệt"", ""value"": ""Wi-Fi 6, Bảo mật vân tay, Nhận diện khuôn mặt""}], ""Tính năng khác"": [{""name"": ""Loại đèn bàn phím"", ""value"": ""Đèn nền""}, {""name"": ""Bảo mật"", ""value"": ""Discrete TPM 2.0 Enabled""}, {""name"": ""Webcam"", ""value"": ""Camera lai FHD 1080p + hồng ngoại với màn trập camera""}, {""name"": ""Hệ điều hành"", ""value"": ""Windows 11 Home Single Language, English (US) / English (UK)""}], ""Pin & công nghệ sạc"": [{""name"": ""Pin"", ""value"": ""48Wh, 65W USB-C (3-pin)""}]}","[""https://cdn2.cellphones.com.vn/x/media/catalog/product/l/a/laptop_lenovo_thinkpad_e14_gen_7_21sx00bnvn_-_1.png"", ""https://cdn2.cellphones.com.vn/x/media/catalog/product/l/a/laptop_lenovo_thinkpad_e14_gen_7_21sx00bnvn_-_2.png"", ""https://cdn2.cellphones.com.vn/x/media/catalog/product/l/a/laptop_lenovo_thinkpad_e14_gen_7_21sx00bnvn_-_3.png""]","{""product_color_1"": {""color"": ""Đen"", ""image_url"": ""https://cellphones.com.vn/laptop-lenovo-thinkpad-e14-gen-7-21sx00bnvn.html?product_id=127755"", ""price"": ""25.990.000₫""}}"
Laptop Lenovo LOQ 15IRX9 83DV01ALVN,laptop-lenovo-loq-15irx9-83dv01alvn,33.990.000đ,31.990.000đ,"Đặc điểm nổi bật
Laptop Lenovo LOQ 15IRX9 83DV01ALVN nổi bật với chip Intel Core i7-13650HX, GPU RTX 4050 cùng công nghệ AI LA1, mang đến hiệu năng mạnh mẽ và thông minh. Máy trang bị RAM DDR5, SSD PCIe 4.0, hỗ trợ nâng cấp dễ dàng cho nhu cầu lưu trữ và đa nhiệm. Màn hình 15.6 inch 144Hz kết hợp hệ thống kết nối công năng cho công việc lẫn Gaming.
Nội dung chính
1. Laptop Lenovo LOQ 15IRX9 83DV01ALVN - Gaming mạnh mẽ, tích hợp AI thông minh
1.1. Trợ thủ đắc lực cho hiệu năng và trải nghiệm
1.2. Chinh phục tác vụ nặng với chip Intel Core i7-13650HX 
1.3. RAM DDR5 chạy mượt mà, SSD 512GB lưu trữ đồ sộ
1.4. Thiết kế bền bỉ 
1.5. Màn hình 144Hz nâng tầm trải nghiệm 
1.6. Kết nối hiện đại
2. Mua laptop Lenovo LOQ 15IRX9 83DV01ALVN giá tốt tại CellphoneS
Laptop Lenovo LOQ 15IRX9 83DV01ALVN - Gaming mạnh mẽ, tích hợp AI thông minh
Lenovo LOQ 15IRX9 83DV01ALVN là mẫu máy tính xách tay dành cho game thủ và người dùng trẻ năng động. Model laptop Lenovo LOG này không chỉ ghi điểm với cấu hình mạnh mẽ, card đồ họa rời RTX đời mới mà còn được trang bị chip AI chuyên biệt.
Trợ thủ đắc lực cho hiệu năng và trải nghiệm
Laptop Lenovo LOQ 15IRX9 83DV01ALVN tích hợp chip AI LA1, mang lại khả năng tối ưu hiệu suất theo thời gian thực. Chiếc máy mang đến những ưu thế lớn từ việc phân bổ tài nguyên hệ thống cho đến cải thiện độ ổn định khi chơi game hoặc làm việc đa nhiệm. 
Bên cạnh đó, GPU NVIDIA RTX 4050 của máy còn sở hữu hiệu suất AI lên tới 194 TOPS, hỗ trợ khai thác sức mạnh của công nghệ DLSS và các tác vụ AI khác. Nhờ vậy, Lenovo LOQ 15IRX9 83DV01ALVN mang đến trải nghiệm chơi game sắc nét, khung hình cao và xử lý đồ họa thông minh hơn.
Chinh phục tác vụ nặng với chip Intel Core i7-13650HX 
Laptop Lenovo LOQ 15IRX9 83DV01ALVN xử lý Gaming hay tác vụ văn phòng nhanh chóng với vi xử lý Intel Core i7-13650HX với 14 nhân 20 luồng. Đi kèm là GPU NVIDIA GeForce RTX 4050 6GB GDDR6 với TGP lên đến 105W, sẵn sàng chinh phục các tựa game AAA cũng như hỗ trợ hiệu quả cho những phần mềm đồ họa.
Ngoài cấu hình mạnh, máy còn được Lenovo đầu tư hệ thống tản nhiệt tối ưu để duy trì hiệu năng ổn định trong thời gian dài. Nhờ đó, Lenovo LOQ 15IRX9 83DV01ALVN giữ được phong độ bền bỉ, hạn chế tình trạng quá nhiệt ngay cả khi chơi game cường độ cao.
RAM DDR5 chạy mượt mà, SSD 512GB lưu trữ đồ sộ
Laptop Lenovo LOQ 15IRX9 83DV01ALVN đi kèm sẵn 16GB RAM DDR5-4800, hỗ trợ Dual-Channel và có thể nâng cấp tối đa lên 32GB. Bộ nhớ này mang lại khả năng đa nhiệm mượt mà, từ chạy nhiều tab trình duyệt cho đến xử lý ứng dụng nặng, đảm bảo trải nghiệm ổn định lâu dài.
Ngoài ra, Lenovo LOQ 15IRX9 83DV01ALVN còn được trang bị SSD 512GB PCIe 4.0, cho tốc độ đọc ghi nhanh và thời gian khởi động ứng dụng gần như tức thì. Với 2 khe M.2 PCIe 4.0, người dùng dễ dàng mở rộng dung lượng lưu trữ, thuận tiện cho việc cài đặt game hoặc lưu trữ dữ liệu đồ sộ.
Thiết kế bền bỉ 
Laptop Lenovo LOQ 15IRX9 83DV01ALVN sở hữu thiết kế mạnh mẽ với vỏ ngoài bằng PC-ABS, vượt qua tiêu chuẩn độ bền quân đội MIL-STD-810H. Điều này mang đến sự yên tâm khi sử dụng hằng ngày, kể cả trong môi trường nhiều va chạm hoặc di chuyển liên tục.
Đặc biệt, màu sắc Luna Grey của chiếc laptop tạo điểm nhấn thanh lịch, kết hợp với đường nét cứng cáp đậm chất Gaming. Với độ dày chỉ 21.9 – 23.9 mm, mẫu laptop này dễ dàng bỏ vào balo để mang theo. Ngoài ra, bàn phím LED nền trắng tối giản nhưng tinh tế, cùng touchpad Mylar diện tích lớn giúp máy nâng cao trải nghiệm thao tác.
Màn hình 144Hz nâng tầm trải nghiệm 
Lenovo trang bị cho LOQ 15IRX9 màn hình 15.6 inch FHD tấm nền IPS, hỗ trợ tần số quét 144Hz và công nghệ G-SYNC. Điều này để hình ảnh hiển thị trên laptop Lenovo LOQ 15IRX9 83DV01ALVN sắc nét, mượt mà, đặc biệt phù hợp cho game thủ ưa thích trải nghiệm tốc độ cao.
Không chỉ vậy, màn hình đạt 100% sRGB, đảm bảo màu sắc chính xác khi thiết kế đồ họa hoặc chỉnh sửa ảnh. Với độ sáng 300 nits và lớp phủ kháng chói, Lenovo LOQ 15IRX9 83DV01ALVN vẫn cho khả năng hiển thị tốt trong nhiều điều kiện.
Phía trên màn hình Lenovo LOQ 15IRX9 83DV01ALVN cũng được trang bị camera HD 720p đi kèm micro kép, đáp ứng tốt nhu cầu học tập và làm việc trực tuyến. Điểm nổi bật là E-shutter tích hợp, cho phép đóng/mở ống kính chỉ với một thao tác gạt, giúp tăng cường quyền riêng tư và bảo mật cá nhân.
Kết nối hiện đại
Laptop Lenovo LOQ 15IRX9 83DV01ALVN được trang bị viên pin 60Wh, kết hợp adapter 170W giúp duy trì hiệu suất ổn định. Pin đủ cho nhu cầu làm việc hoặc giải trí cơ bản, trong khi chơi game nặng sẽ được hỗ trợ tối đa từ bộ sạc công suất cao.
Về kết nối, Lenovo LOQ 15IRX9 83DV01ALVN được trang bị đầy đủ và hiện đại với Wi-Fi 6 cho tốc độ mạng ổn định, Bluetooth 5.2 giúp kết nối nhanh chóng. Cổng HDMI 2.1 cho chất lượng 8K/60Hz khi xuất hình. Đặc biệt, cổng USB-C Gen 2 vừa hỗ trợ sạc nhanh 140W, vừa tích hợp DisplayPort 1.4 để kết nối màn hình rời.
Mua laptop Lenovo LOQ 15IRX9 83DV01ALVN giá tốt tại CellphoneS
Mua laptop Lenovo LOQ 15IRX9 83DV01ALVN tại CellphoneS để trải nghiệm hiệu năng Gaming kết hợp AI thông minh. Hệ thống cũng thường giới thiệu các chương trình sale cực hot trong năm, từ Back To School đến Black Friday. Sinh viên còn được hưởng thêm nhiều ưu đãi đặc biệt cùng chính sách hỗ trợ trả góp linh hoạt. Ngoài ra, CellphoneS có khu vực demo trải nghiệm trực tiếp và kênh order trực tuyến tiện lợi.","{""Bộ xử lý & Đồ họa"": [{""name"": ""Loại card đồ họa"", ""value"": ""NVIDIA GeForce RTX 4050 6GB GDDR6, Boost Clock 2370MHz, TGP 105W, 194 AI TOPS""}, {""name"": ""Loại CPU"", ""value"": ""Intel Core i7-13650HX, 14 lõi (6P + 8E) / 20 luồng, P-core 2.6 / 4.9GHz, E-core 1.9 / 3.6GHz, 24MB""}], ""Bộ nhớ RAM, Ổ cứng"": [{""name"": ""Dung lượng RAM"", ""value"": ""16GB""}, {""name"": ""Loại RAM"", ""value"": ""SO-DIMM DDR5-4800""}, {""name"": ""Số khe ram"", ""value"": ""2 khe (1 x 16GB, nâng cấp tối đa 32GB DDR5-4800)""}, {""name"": ""Ổ cứng"", ""value"": ""512GB SSD M.2 2242 PCIe 4.0x4 NVMe (Tối đa hai ổ đĩa, 2x SSD M.2 • SSD M.2 2242, mỗi ổ có dung lượng tối đa 1TB)""}], ""Màn hình"": [{""name"": ""Tần số quét"", ""value"": ""144 Hz""}, {""name"": ""Chất liệu tấm nền"", ""value"": ""Tấm nền IPS""}, {""name"": ""Kích thước màn hình"", ""value"": ""15.6 inches""}, {""name"": ""Công nghệ màn hình"", ""value"": ""Độ sáng 300nits\nMàn hình chống chói\nĐộ phủ màu 100% sRGB\nG-SYNC""}, {""name"": ""Độ phân giải màn hình"", ""value"": ""1920 x 1080 pixels (FullHD)""}], ""Âm thanh"": [{""name"": ""Công nghệ âm thanh"", ""value"": ""Âm thanh độ nét cao (HD)\nBộ giải mã Realtek ALC3287\nLoa stereo, 2W x2\nNahimic Audio""}], ""Kích thước & Trọng lượng"": [{""name"": ""Chất liệu"", ""value"": ""Vỏ nhựa""}, {""name"": ""Chất liệu vỏ trên"", ""value"": ""Nhựa""}, {""name"": ""Chất liệu vỏ dưới"", ""value"": ""Nhựa""}, {""name"": ""Kích thước"", ""value"": ""359.86 x 258.7 x 21.9-23.9 mm (Dài x Rộng x Dày)""}, {""name"": ""Trọng lượng"", ""value"": ""2.38 kg""}], ""Tiện ích khác"": [{""name"": ""Tính năng đặc biệt"", ""value"": ""Wi-Fi 6""}], ""Tính năng khác"": [{""name"": ""Loại đèn bàn phím"", ""value"": ""Đèn nền trắng""}, {""name"": ""Bảo mật"", ""value"": ""Firmware TPM 2.0 Enabled""}, {""name"": ""Webcam"", ""value"": ""HD 720p với E-shutter""}, {""name"": ""Hệ điều hành"", ""value"": ""Windows 11 Home Single Language, English""}], ""Pin & công nghệ sạc"": [{""name"": ""Pin"", ""value"": ""60Wh, 170W Slim Tip (3-pin)""}], ""Cổng kết nối"": [{""name"": ""Wi-Fi"", ""value"": ""Wi-Fi 6, 802.11ax 2x2""}, {""name"": ""Bluetooth"", ""value"": ""Bluetooth 5.2""}, {""name"": ""Cổng giao tiếp"", ""value"": ""3x USB-A (5Gbps / USB 3.2 Gen 1)\n1x USB-C (10Gbps / USB 3.2 Gen 2), với Lenovo PD 140W và DisplayPort 1.4\n1x HDMI 2.1, lên đến 8K/60Hz\n1x Giắc cắm kết hợp tai nghe/micrô (3.5mm)\n1x Ethernet (RJ-45)\n1x Đầu nối nguồn""}]}","[""https://cdn2.cellphones.com.vn/x/media/catalog/product/l/a/laptop_lenovo_loq_15irx9_83dv01alvn_-_1.png"", ""https://cdn2.cellphones.com.vn/x/media/catalog/product/l/a/laptop_lenovo_loq_15irx9_83dv01alvn_-_3.png"", ""https://cdn2.cellphones.com.vn/x/media/catalog/product/l/a/laptop_lenovo_loq_15irx9_83dv01alvn_-_2.png""]","{""product_color_1"": {""color"": ""Xám"", ""image_url"": ""https://cellphones.com.vn/laptop-lenovo-loq-15irx9-83dv01alvn.html?product_id=110663"", ""price"": ""31.990.000₫""}}"
Laptop Lenovo ThinkPad E16 Gen 3 21SR00AAVN,laptop-lenovo-thinkpad-e16-gen-3-21sr00aavn,27.990.000đ,26.490.000đ,"Đặc điểm nổi bật
Laptop Lenovo ThinkPad E16 Gen 3 21SR00AAVN mang đến không gian làm việc 16 inch WUXGA rộng mở cùng con chip Intel Core Ultra 5 135H mạnh mẽ đột phá. Nhân NPU Intel AI Boost tích hợp giúp tối ưu hóa mọi tác vụ thông minh. Máy được hỗ trợ 2 khe SSD, cổng Thunderbolt 4 và bảo mật ThinkShield tối ưu.
Nội dung chính
1. Laptop Lenovo ThinkPad E16 Gen 3 21SR00AAVN – Sức mạnh AI PC đột phá với Intel Core Ultra
1.1. Sức mạnh từ nhân NPU chuyên biệt
1.2. RAM DDR5 và SSD thế hệ mới cực nhanh
1.3. Thiết kế bền bỉ và tính di động cao
1.4. Đồ họa Intel Arc cùng vi xử lý Intel thế hệ mới
1.5. Năng lượng bền bỉ, kết nối toàn diện
1.6. Không gian hiển thị WUXGA chuẩn 16:10
2. Mua laptop Lenovo ThinkPad E16 Gen 3 21SR00AAVN chính hãng tại CellphoneS
Laptop Lenovo ThinkPad E16 Gen 3 21SR00AAVN – Sức mạnh AI PC đột phá với Intel Core Ultra
Dòng Lenovo ThinkPad E16 này nâng tầm trải nghiệm người dùng chuyên nghiệp khi đưa sức mạnh AI vào trong một thiết kế bền bỉ, đậm chất doanh nhân. Đây là cộng sự lý tưởng giúp tối ưu hóa quy trình xử lý dữ liệu hàng ngày.
Sức mạnh từ nhân NPU chuyên biệt
Điểm đột phá nhất trên laptop Lenovo ThinkPad E16 Gen 3 21SR00AAVN chính là sự xuất hiện của nhân xử lý AI chuyên biệt mang tên Intel® AI Boost. Khác với các dòng chip truyền thống, kiến trúc NPU này được thiết kế riêng để gánh vác các tác vụ trí tuệ nhân tạo.

Nhân NPU Intel AI Boost xử lý tác vụ thông minh
Nhờ hiệu suất lên đến 11 TOPS, bộ vi xử lý này giúp tối ưu hóa mọi trải nghiệm thông minh mà không gây tốn điện năng cho CPU hay GPU. Các tính năng như khử nhiễu hình ảnh khi gọi video hay tự động điều chỉnh hiệu suất máy đều trở nên mượt mà hơn.
Điều này biến chiếc ThinkPad trở thành một trợ lý ảo thực thụ, hiểu rõ thói quen làm việc của người dùng. Hệ thống sẽ tự động cân bằng giữa sức mạnh và tiết kiệm pin, giúp duy trì hiệu suất làm việc bền bỉ suốt cả ngày dài.
RAM DDR5 và SSD thế hệ mới cực nhanh
Laptop Lenovo ThinkPad E16 Gen 3 21SR00AAVN sở hữu bộ nhớ 16GB DDR5-5600 cực nhanh. Chuẩn RAM mới này cung cấp băng thông rộng hơn đáng kể so với thế hệ cũ, giúp xử lý dữ liệu phức tạp chỉ trong tích tắc. Người dùng có thể nâng cấp bộ nhớ tối đa 64GB để phục vụ các công việc đòi hỏi tài nguyên lớn.

RAM DDR5 siêu tốc và hỗ trợ 2 khe SSD
Hệ thống lưu trữ sử dụng ổ cứng 512GB SSD M.2 PCIe 4.0x4 cho tốc độ khởi động Windows cực nhanh. Công nghệ Opal 2.0 tích hợp giúp bảo mật dữ liệu ở cấp độ phần cứng, ngăn chặn các truy cập trái phép từ bên ngoài.
Đặc biệt, dòng máy này hỗ trợ tới hai khe cắm SSD độc lập (M.2 2242 và M.2 2280). Thiết kế này cho phép mở rộng thêm không gian lưu trữ lên đến 1TB, đáp ứng tốt nhu cầu lưu trữ tài liệu trong thời gian dài.
Thiết kế bền bỉ và tính di động cao
Dù sở hữu màn hình lớn 16 inch, laptop Lenovo ThinkPad E16 Gen 3 21SR00AAVN lại gây bất ngờ bởi sự gọn nhẹ. Với trọng lượng chỉ từ 1.63 kg, đây là con số cực kỳ lý tưởng cho những ai thường xuyên phải di chuyển, đi công tác hoặc mang máy đi họp.

Vỏ nhôm bền bỉ, trọng lượng chỉ từ 1.63 kg
Máy khoác lên mình lớp vỏ màu đen truyền thống đầy quyền lực. Chất liệu nhôm cao cấp ở cả hai mặt toát lên vẻ đẳng cấp và duy trì nhiệt độ ổn định khi xử lý tác vụ nặng. Độ bền của ThinkPad luôn được đánh giá cao, thiết kế này giúp máy chịu được những va đập nhẹ và các tác động từ môi trường khắc nghiệt.
Đồ họa Intel Arc cùng vi xử lý Intel thế hệ mới
Laptop Lenovo ThinkPad E16 Gen 3 21SR00AAVN được trang bị Intel Core Ultra 5 135H với cấu trúc 14 nhân và 18 luồng, xung nhịp tối đa lên đến 4.6GHz. Đây là con chip mới thuộc nền tảng Meteor Lake, tối ưu cho cả hiệu năng lẫn tiết kiệm điện.
Nhờ cấu trúc nhân lai, máy có thể xử lý linh hoạt nhiều tác vụ khác nhau từ văn phòng, lập trình, chỉnh sửa ảnh đến các phần mềm chuyên sâu. Hiệu suất ổn định giúp đảm bảo công việc luôn trơn tru.

Chip Intel Core Ultra 5 mạnh mẽ cùng đồ họa Arc
Đi kèm là nhân đồ họa Intel® Arc™ Graphics mang lại hiệu suất xử lý hình ảnh ấn tượng trong phân khúc máy mỏng nhẹ. Người dùng có thể thoải mái thực hiện các công việc thiết kế 2D, chỉnh sửa video ngắn hay giải trí với các tựa game phổ biến.
Năng lượng bền bỉ, kết nối toàn diện
Laptop Lenovo ThinkPad E16 Gen 3 21SR00AAVN trang bị viên pin 48Wh kết hợp cùng khả năng tối ưu điện năng từ kiến trúc chip mới. Máy đảm bảo thời gian hoạt động ổn định cho các buổi họp kéo dài và hỗ trợ sạc nhanh qua cổng 65W USB-C tiện lợi.

Cổng Thunderbolt 4 truyền tải dữ liệu siêu tốc
Cổng Thunderbolt 4 trên máy đóng vai trò trung tâm kết nối, hỗ trợ băng thông cực lớn cho cả việc chuyển tệp lẫn xuất hình đồ họa. Ngoài ra, máy vẫn giữ đầy đủ cổng HDMI 2.1, USB-A và cổng LAN RJ-45, giúp người dùng linh hoạt kết nối với mọi thiết bị ngoại vi.
Không gian hiển thị WUXGA chuẩn 16:10
Laptop Lenovo ThinkPad E16 Gen 3 21SR00AAVN tận dụng lợi thế của màn hình 16 inch 16:10 để mở rộng tầm nhìn, cho trải nghiệm làm việc hiện đại và linh hoạt. Độ phân giải WUXGA (1920x1200) sắc nét giúp tối ưu hóa việc quan sát các bảng tính phức tạp hay soạn thảo văn bản dài mà ít phải cuộn trang.

Màn hình 16 inch 16:10 rộng mở
Độ sáng 300 nits kết hợp lớp phủ Anti-glare giúp loại bỏ các tia phản xạ khó chịu, cho phép người dùng làm việc hiệu quả ngay cả khi ngồi dưới đèn công suất lớn. Viền màn hình siêu mỏng và tần số quét 60Hz không chỉ mang lại không gian làm việc chuyên nghiệp, mà còn giúp giảm mỏi mắt khi làm việc cường độ cao.
Mua laptop Lenovo ThinkPad E16 Gen 3 21SR00AAVN chính hãng tại CellphoneS
Sở hữu ngay laptop Lenovo ThinkPad E16 Gen 3 21SR00AAVN tại CellphoneS để nhận mức giá ưu đãi cùng chính sách bảo hành chính hãng uy tín. Hệ thống mang đến các chương trình thu cũ đổi mới với mức trợ giá hấp dẫn, giúp quý khách tối ưu chi phí nâng cấp thiết bị. Khách hàng còn được tặng kèm gói quà tặng hấp dẫn và nhận chiết khấu thêm nếu là thành viên Smember. Đến CellphoneS ngay hôm nay!","{""Bộ xử lý & Đồ họa"": [{""name"": ""Chip AI"", ""value"": ""Intel AI Boost, up to 11 TOPS""}, {""name"": ""Loại card đồ họa"", ""value"": ""Intel Arc Graphics""}, {""name"": ""Loại CPU"", ""value"": ""Intel Core Ultra 5 135H, 14 lõi (4P + 8E + 2LPE) / 18 luòng, Max Turbo up to 4.6GHz, 18MB Intel Smart Cache""}], ""Bộ nhớ RAM, Ổ cứng"": [{""name"": ""Dung lượng RAM"", ""value"": ""16GB""}, {""name"": ""Loại RAM"", ""value"": ""SODIMM DDR5-5600""}, {""name"": ""Số khe ram"", ""value"": ""2 khe (1 x 16GB, tối đa 64GB DDR5-5600)""}, {""name"": ""Ổ cứng"", ""value"": ""512GB SSD M.2 2242 PCIe 4.0x4 NVMe Opal 2.0, tối đa 1TB""}], ""Màn hình"": [{""name"": ""Tần số quét"", ""value"": ""60 Hz""}, {""name"": ""Chất liệu tấm nền"", ""value"": ""Tấm nền IPS""}, {""name"": ""Kích thước màn hình"", ""value"": ""16 inches""}, {""name"": ""Công nghệ màn hình"", ""value"": ""Độ sáng 300nits\nMàn hình chống chói\nĐộ phủ màu 45% NTSC""}, {""name"": ""Độ phân giải màn hình"", ""value"": ""1920 x 1200 pixels (WUXGA)""}], ""Âm thanh"": [{""name"": ""Công nghệ âm thanh"", ""value"": ""Âm thanh HD, codec Senary SN6147\nLoa stereo 2W x2\nDolby Atmos\nÂm thanh tinh chỉnh bởi HARMAN""}], ""Cổng kết nối"": [{""name"": ""Khe đọc thẻ nhớ"", ""value"": ""Không""}, {""name"": ""Wi-Fi"", ""value"": ""Intel Wi-Fi 6E AX211, 802.11ax 2x2""}, {""name"": ""Bluetooth"", ""value"": ""Bluetooth 5.3""}, {""name"": ""Cổng giao tiếp"", ""value"": ""1 x USB-A (USB 3.2 Gen 1, 5Gbps)\n1 x USB-A (USB 3.2 Gen 2, 10Gbps, Always On)\n1 x USB-C (Thunderbolt 4 / USB4, 40Gbps, PD 45–65W, DisplayPort 2.1)\n1 x HDMI 2.1 (4K/60Hz)\n1 x Jack tai nghe/micro 3,5mm\n1 x Ethernet (RJ-45)""}], ""Kích thước & Trọng lượng"": [{""name"": ""Chất liệu"", ""value"": ""Vỏ kim loại""}, {""name"": ""Chất liệu vỏ trên"", ""value"": ""Nhôm""}, {""name"": ""Chất liệu vỏ dưới"", ""value"": ""Nhôm""}, {""name"": ""Kích thước"", ""value"": ""356 x 249 x 10.1/17.05 (trước/sau), 21.15 (tối đa) mm""}, {""name"": ""Trọng lượng"", ""value"": ""1.63 kg""}], ""Tiện ích khác"": [{""name"": ""Tính năng đặc biệt"", ""value"": ""Wi-Fi 6, Bảo mật vân tay, Nhận diện khuôn mặt""}], ""Tính năng khác"": [{""name"": ""Loại đèn bàn phím"", ""value"": ""Đèn nền, tiếng Anh""}, {""name"": ""Bảo mật"", ""value"": ""Discrete TPM 2.0 Enabled""}, {""name"": ""Webcam"", ""value"": ""Camera lai FHD 1080p + hồng ngoại với màn che riêng tư""}, {""name"": ""Hệ điều hành"", ""value"": ""Windows 11 Home Single Language, English (US) / English (UK)""}], ""Pin & công nghệ sạc"": [{""name"": ""Pin"", ""value"": ""48Wh, 65W USB-C (3-pin)""}]}","[""https://cdn2.cellphones.com.vn/x/media/catalog/product/l/a/laptop_lenovo_thinkpad_e16_gen_3_21sr00aavn_-_1.png"", ""https://cdn2.cellphones.com.vn/x/media/catalog/product/l/a/laptop_lenovo_thinkpad_e16_gen_3_21sr00aavn_-_2.png"", ""https://cdn2.cellphones.com.vn/x/media/catalog/product/l/a/laptop_lenovo_thinkpad_e16_gen_3_21sr00aavn_-_3.png""]","{""product_color_1"": {""color"": ""Đen"", ""image_url"": ""https://cellphones.com.vn/laptop-lenovo-thinkpad-e16-gen-3-21sr00aavn.html?product_id=126947"", ""price"": ""26.490.000₫""}}"
Laptop Lenovo ThinkBook 16 G9 IRL 21US008FVN,laptop-lenovo-thinkbook-16-g9-irl-21us008fvn,26.990.000đ,21.990.000đ,"Đặc điểm nổi bật
Laptop Lenovo ThinkBook 16 G9 IRL 21US008FVN được trang bị chip i5-13420H, hiệu năng tốt giúp xử lý hiệu quả nhiều tác vụ thường nhật của người dùng. Thiết bị sở hữu màn hình 16 inch WUXGA, cho phép người dùng quan sát rõ ràng. Với trọng lượng khoảng 1.7 kg, máy không gây cảm giác nặng nề khi đem theo.
Nội dung chính
1. Laptop Lenovo ThinkBook 16 G9 IRL 21US008FVN - Hiệu năng vững vàng, bền bỉ dài lâu
1.1. RAM 16GB DDR5, SSD PCIe 4.0 lưu trữ tốc độ cao
1.2. Laptop mỏng nhẹ, mang sắc xám sang trọng
1.3. CPU mạnh mẽ, card đồ họa thế hệ mới
1.4. Pin 48Wh, đầy đủ cổng liên kết
1.5. Màn IPS 16 inch rõ nét, chuyển động mượt mà
2. Mua ngay laptop Lenovo ThinkBook 16 G9 IRL 21US008FVN giá tốt tại CellphoneS
Laptop Lenovo ThinkBook 16 G9 IRL 21US008FVN - Hiệu năng vững vàng, bền bỉ dài lâu
Mẫu Lenovo ThinkBook 16 này là lựa chọn đáng giá dành cho những ai muốn một chiếc laptop đủ mạnh để làm việc, đủ gọn để đồng hành mỗi ngày. Nhờ cấu hình được tối ưu, thiết bị đáp ứng tốt nhu cầu sử dụng của những người dùng phổ thông.
RAM 16GB DDR5, SSD PCIe 4.0 lưu trữ tốc độ cao
Laptop Lenovo ThinkBook 16 G9 IRL 21US008FVN sở hữu 16GB RAM DDR5, cho hiệu suất đa nhiệm ổn định. Kết hợp cùng tốc độ bus đạt 5200 MHz, thiết bị xử lý và truyền tải dữ liệu nhanh chóng trong thời gian ngắn. Với 2 khe RAM có thể nâng cấp đến 64GB, laptop dễ dàng xử lý trơn tru các tác vụ dài hạn.
Máy chạy đa nhiệm trơn tru nhờ RAM DDR5 16GB
Về khả năng lưu trữ, nhờ sử dụng ổ SSD PCIe 4.0 NVMe 512GB, thiết bị gần như cho phản hồi tức thì khi người dùng khởi động hay mở ứng dụng. Máy tích hợp 2 khe M.2 và mỗi khe có thể lắp được 2TB, tạo ra không gian lưu trữ rộng rãi. Chính vì thế, người dùng có thể tự do cài đặt phần mềm yêu thích và tải các tập tin cần thiết.
Laptop mỏng nhẹ, mang sắc xám sang trọng
Laptop Lenovo ThinkBook 16 G9 IRL 21US008FVN mang phong cách thiết kế tối giản, hiện đại cùng tông màu Arctic Grey (xám) sang trọng và tinh tế. Do đó, thiết bị dễ dàng hòa nhập vào mọi không gian làm việc và phù hợp với hầu hết người dùng, kể cả nam lẫn nữ.
Laptop mỏng, sang trọng trong tone xám
Laptop Lenovo mỏng chỉ 17.5 mm và nặng khoảng 1.7 kg nên khá gọn nhẹ để người dùng đặt vào túi hoặc balo và đem theo khi di chuyển. Thiết bị còn được hoàn thiện với mặt trên làm bằng nhôm cứng cáp và mặt dưới là PC-ABS bền bỉ. Vì thế, máy sẵn sàng đồng hành cùng người dùng đến lớp học, văn phòng hay bất kỳ đâu.
CPU mạnh mẽ, card đồ họa thế hệ mới
Trong phân khúc máy tính xách tay, laptop Lenovo ThinkBook 16 G9 IRL 21US008FVN đã khẳng định sức mạnh vượt trội qua CPU Intel Core i5-13420H. Sở hữu 8 nhân và 12 luồng, con chip này cho hiệu năng ấn tượng, đảm bảo thiết bị chạy mượt các phần mềm phục vụ công việc văn phòng, học tập, lập trình,... 
CPU Intel Core i5-13420H mạnh, cân tốt nhiều tác vụ
Ngoài ra, laptop Lenovo còn được trang bị card đồ họa tích hợp Intel UHD Graphics tiên tiến nhằm nâng cao hiệu suất xử lý hình ảnh. Nhờ đó, trải nghiệm xem video ở độ phân giải cao và gaming cơ bản của người dùng cũng diễn ra liền mạch và hấp dẫn hơn.
Pin 48Wh, đầy đủ cổng liên kết
Laptop Lenovo ThinkBook 16 G9 IRL 21US008FVN dùng viên pin có dung lượng 48Wh, đủ để vận hành liên tục trong thời gian dài. Đi kèm cùng cơ chế sạc nhanh 65W qua cổng USB-C, thiết bị được nạp lại năng lượng cấp tốc. Điều này cũng giúp quá trình học tập và làm việc của người dùng không bị ngắt quãng quá lâu. 
Máy hoạt động lâu dài với viên pin 48Wh
Tuy vậy, sau một khoảng thời gian vận hành, hiệu suất sạc cũng như dung lượng pin bị suy giảm là vấn đề không thể tránh khỏi. Vì vậy, người dùng cần chú ý kiểm tra trạng thái sạc và điều chỉnh cách sử dụng để gia tăng tuổi thọ của pin. Nếu cần, người dùng cũng có thể thay pin mới để thiết bị vận hành tối ưu hơn.
Về kết nối, sản phẩm được tích hợp đầy đủ các cổng tiêu chuẩn, gồm: USB-A, USB-C, Thunderbolt 4, HDMI, RJ-45, jack tai nghe 3.5mm và khe đọc thẻ SD. Nhờ đó, người dùng dễ dàng liên kết máy với các thiết bị ngoại vi, từ màn hình ngoài, tai nghe đến ổ cứng, tùy theo nhu cầu thực tế.
Thiết bị sở hữu hệ thống cổng liên kết phong phú
Laptop Lenovo ThinkBook 16 G9 IRL 21US008FVN còn hỗ trợ Wi-Fi 6E và Bluetooth 5.3, cho phép người dùng kết nối không dây ổn định, giảm thiểu độ trễ. Dù là lướt web hay tham gia họp online, mọi thao tác đều diễn ra trơn tru, giữ trọn nhịp làm việc và học tập của người dùng.
Màn IPS 16 inch rõ nét, chuyển động mượt mà
Với tấm nền IPS 16 inch có độ sáng đạt đến 400 nits, máy tái hiện nội dung sắc nét, rực rỡ, giúp người dùng quan sát thuận tiện trong nhiều điều kiện khác nhau. Kết hợp cùng tần số quét 60Hz, mọi chuyển động trên màn cũng hiển thị nhịp nhàng, góp phần đem đến cho người dùng trải nghiệm giải trí đầy thú vị.
Tấm nền IPS 16 inch sắc nét, đạt độ sáng 400 nits
Nhờ được trang bị lớp phủ giảm chói (Anti-glare), laptop Lenovo hạn chế xảy ra tình trạng lóa hình khi người dùng sử dụng dưới nguồn sáng mạnh. Điều này giúp đôi mắt người dùng luôn cảm thấy dễ chịu, không bị khô khi làm việc hoặc giải trí trong thời gian dài.
Mua ngay laptop Lenovo ThinkBook 16 G9 IRL 21US008FVN giá tốt tại CellphoneS
Laptop Lenovo ThinkBook 16 G9 IRL 21US008FVN chất lượng đã được bán tại CellphoneS. Với chế độ bảo hành chi tiết, CellphoneS giúp khách hàng thêm phần an tâm về thiết bị. Ngoài ra, với chương trình trả góp 0% khách hàng có thể dễ dàng cân đối tài chính để sở hữu laptop Lenovo này. Riêng Smember, S-Student, S-Teacher, CellphoneS còn gửi đến khách hàng những ưu đãi hấp dẫn khác.","{""Bộ xử lý & Đồ họa"": [{""name"": ""Loại card đồ họa"", ""value"": ""Intel UHD Graphics""}, {""name"": ""Loại CPU"", ""value"": ""Intel Core i5-13420H, 8 lõi (4P + 4E) / 12 luồng, P-core up to 4.6GHz, E-core up to 3.4GHz, 12MB Intel Smart Cache""}], ""Bộ nhớ RAM, Ổ cứng"": [{""name"": ""Dung lượng RAM"", ""value"": ""16GB""}, {""name"": ""Loại RAM"", ""value"": ""SODIMM DDR5-5200""}, {""name"": ""Số khe ram"", ""value"": ""2 khe (1 x 16GB, tối đa 64GB DDR5-5200)""}, {""name"": ""Ổ cứng"", ""value"": ""512GB SSD M.2 2242 PCIe 4.0x4 NVMe (Hỗ trợ tối đa hai ổ đĩa, 2 ổ SSD M.2, tối đa 2TB)""}], ""Màn hình"": [{""name"": ""Tần số quét"", ""value"": ""60 Hz""}, {""name"": ""Chất liệu tấm nền"", ""value"": ""Tấm nền IPS""}, {""name"": ""Kích thước màn hình"", ""value"": ""16 inches""}, {""name"": ""Công nghệ màn hình"", ""value"": ""Độ sáng 400nits\nMàn hình chống chói\nĐộ phủ màu 45% NTSC""}, {""name"": ""Độ phân giải màn hình"", ""value"": ""1920 x 1200 pixels (WUXGA)""}], ""Âm thanh"": [{""name"": ""Công nghệ âm thanh"", ""value"": ""Âm thanh HD, codec Realtek ALC3287\nLoa stereo 2W x2\nDolby Audio""}], ""Cổng kết nối"": [{""name"": ""Khe đọc thẻ nhớ"", ""value"": ""Có""}, {""name"": ""Wi-Fi"", ""value"": ""Intel Wi-Fi 6E AX211, 802.11ax 2x2""}, {""name"": ""Bluetooth"", ""value"": ""Bluetooth 5.3""}, {""name"": ""Cổng giao tiếp"", ""value"": ""1 x USB-A (5Gbps, Always On)\n1 x USB-A (5Gbps)\n1 x USB-C (10Gbps, PD 45–65W, DisplayPort 1.4)\n1 x Thunderbolt 4 (PD 45–65W, DisplayPort 1.4)\n1 x HDMI 2.1 (4K/60Hz)\n1 x Jack tai nghe/micro 3.5mm\n1 x RJ-45\n1 x Khe thẻ SD""}], ""Kích thước & Trọng lượng"": [{""name"": ""Chất liệu"", ""value"": ""Vỏ nhựa - nắp lưng kim loại""}, {""name"": ""Chất liệu vỏ trên"", ""value"": ""Nhôm""}, {""name"": ""Chất liệu vỏ dưới"", ""value"": ""Nhựa""}, {""name"": ""Kích thước"", ""value"": ""356 x 253.5 x 17.5 mm (Dài x Rộng x Dày)""}, {""name"": ""Trọng lượng"", ""value"": ""1.7 kg""}], ""Tiện ích khác"": [{""name"": ""Tính năng đặc biệt"", ""value"": ""Wi-Fi 6, Bảo mật vân tay, Nhận diện khuôn mặt""}], ""Tính năng khác"": [{""name"": ""Loại đèn bàn phím"", ""value"": ""Đèn nền, tiếng Anh""}, {""name"": ""Bảo mật"", ""value"": ""Discrete TPM 2.0 Enabled""}, {""name"": ""Webcam"", ""value"": ""Camera lai FHD 1080p + hồng ngoại với màn trập camera""}, {""name"": ""Hệ điều hành"", ""value"": ""Windows 11 Home Single Language, English (US) / English (UK)""}], ""Pin & công nghệ sạc"": [{""name"": ""Pin"", ""value"": ""48Wh, 65W USB-C (3-pin)""}]}","[""https://cdn2.cellphones.com.vn/x/media/catalog/product/l/a/laptop_lenovo_thinkbook_16_g9_irl_21us008fvn_-_1.png"", ""https://cdn2.cellphones.com.vn/x/media/catalog/product/l/a/laptop_lenovo_thinkbook_16_g9_irl_21us008fvn_-_2.png"", ""https://cdn2.cellphones.com.vn/x/media/catalog/product/l/a/laptop_lenovo_thinkbook_16_g9_irl_21us008fvn_-_3.png""]","{""product_color_1"": {""color"": ""Xám"", ""image_url"": ""https://cellphones.com.vn/laptop-lenovo-thinkbook-16-g9-irl-21us008fvn.html?product_id=126949"", ""price"": ""21.990.000₫""}}"
Laptop Lenovo LOQ 15ARP10E 83S000DEVN,laptop-lenovo-loq-15arp10e-83s000devn,34.490.000đ,27.490.000đ,"Đặc điểm nổi bật
Laptop Lenovo LOQ 15ARP10E 83S000DEVN gây ấn tượng với hiệu năng vượt trội từ AMD Ryzen 7 kết hợp GPU RTX 3050, mang lại trải nghiệm gaming mượt mà. Màn hình 15.6 inch FHD IPS 144Hz đem đến độ mượt khi hiển thị các chuyển động nhanh. Máy sở hữu RAM DDR5 16GB, hỗ trợ vận hành nhiều ứng dụng hiệu quả.
Nội dung chính
1. Laptop Lenovo LOQ 15ARP10E 83S000DEVN – Sức mạnh Ryzen 7 & RTX 3050
1.1. RAM 4800MHz - Tốc độ vượt trội, nâng cấp linh hoạt
1.2. Luna Grey tinh tế, hoàn thiện chỉn chu
1.3. AMD Ryzen 7 8 Nhân 16 Luồng & RTX 3050 6GB
1.4. Kết nối đa dạng – Truyền tải nhanh
1.5. Chuyển động liền mạch với 144Hz & FreeSync
2. Mua laptop Lenovo LOQ 15ARP10E 83S000DEVN với giá tốt tại CellphoneS
Laptop Lenovo LOQ 15ARP10E 83S000DEVN – Sức mạnh Ryzen 7 & RTX 3050
Lenovo LOQ 15ARP10E 83S000DEVN là lựa chọn đáng cân nhắc trong phân khúc laptop tầm trung dành cho người dùng hiện đại. Mẫu laptop Lenovo LOQ này mang lại sự cân đối giữa trải nghiệm sử dụng, thiết kế hiện đại và giá trị khai thác lâu dài.
RAM 4800MHz - Tốc độ vượt trội, nâng cấp linh hoạt
Laptop Lenovo LOQ 15ARP10E 83S000DEVN được trang bị 1x 16GB SODIMM DDR5-4800, mang lại khả năng xử lý mượt mà trong nhiều tác vụ khác nhau. Đồng thời, máy hỗ trợ hai khe RAM và dual-channel, giúp gia tăng hiệu suất và dễ dàng nâng cấp theo nhu cầu sử dụng.
Tối ưu hiệu quả đa nhiệm nhờ RAM tốc độ cao
Ổ cứng 512GB SSD M.2 2242 PCIe 4.0x4 NVMe cung cấp tốc độ đọc ghi nhanh, giúp rút ngắn thời gian khởi động hệ thống và truy xuất dữ liệu hiệu quả hơn. Chuẩn PCIe Gen4 góp phần nâng cao hiệu năng tổng thể, đặc biệt trong các tác vụ cần xử lý dữ liệu lớn và liên tục trong thời gian dài.
Bên cạnh đó, laptop Lenovo LOQ 15ARP10E 83S000DEVN hỗ trợ hai khe M.2 2242 PCIe 4.0 x4, cho phép lắp tối đa hai ổ SSD với dung lượng lên đến 1TB. Khả năng mở rộng này giúp tăng không gian lưu trữ linh hoạt, đáp ứng tốt nhu cầu lưu trữ dữ liệu ngày càng đa dạng, phục vụ hiệu quả cho công việc và giải trí.
Luna Grey tinh tế, hoàn thiện chỉn chu
Sản phẩm sở hữu gam màu Luna Grey thanh lịch, mang đến vẻ ngoài hiện đại và phù hợp với nhiều không gian sử dụng. Tông màu trung tính kết hợp đường nét thiết kế gọn gàng giúp tổng thể máy trở nên hài hòa và dễ tạo thiện cảm ngay từ cái nhìn đầu tiên.
Cuốn hút với gam màu xám tinh tế
Kích thước gọn gàng cùng trọng lượng 1.8 kg giúp laptop Lenovo LOQ 15ARP10E 83S000DEVN đạt được sự cân đối giữa tính di động và độ ổn định. Thiết kế mỏng gọn vừa đủ tạo độ cứng cáp, đồng thời giúp người dùng dễ dàng mang máy theo trong nhiều tình huống học tập và làm việc hàng ngày.
Phần vỏ nhựa được hoàn thiện kỹ lưỡng, mang lại bề mặt ít bám dấu vân tay và giữ được sự sạch sẽ, gọn gàng trong quá trình sử dụng lâu dài. Chất liệu này đồng thời góp phần tăng độ bền tổng thể, duy trì vẻ ngoài chỉn chu và tính thẩm mỹ cho thiết bị theo thời gian.
AMD Ryzen 7 8 Nhân 16 Luồng & RTX 3050 6GB
Laptop Lenovo LOQ 15ARP10E 83S000DEVN được trang bị bộ vi xử lý AMD Ryzen 7 170 8 nhân 16 luồng, mang lại khả năng xử lý đa nhiệm linh hoạt và ổn định. Xung nhịp lên đến 4.75GHz giúp thiết bị đáp ứng tốt từ các tác vụ văn phòng đến những công việc yêu cầu hiệu năng cao hơn.
AMD Ryzen 7 hỗ trợ tốt vận hành đa tác vụ
Đi cùng CPU là card đồ họa NVIDIA GeForce RTX 3050 6GB GDDR6, mang lại khả năng xử lý hình ảnh mượt mà trong nhiều tựa game và phần mềm đồ họa. Mức Boost Clock 990MHz cùng TGP 65W giúp duy trì hiệu suất ổn định, đồng thời tối ưu hóa khả năng hiển thị trong quá trình sử dụng thực tế.
Sự phối hợp giữa CPU Ryzen 7 và GPU RTX 3050 mang đến cho laptop Lenovo LOQ 15ARP10E 83S000DEVN một nền tảng hiệu năng ổn định. Cấu hình này góp phần nâng cao khả năng xử lý đồ họa, chỉnh sửa nội dung và vận hành các ứng dụng yêu cầu tài nguyên cao một cách mượt mà hơn.
Kết nối đa dạng – Truyền tải nhanh
Laptop Lenovo LOQ 15ARP10E 83S000DEVN được trang bị viên pin dung lượng 57.5Wh, giúp duy trì thời gian sử dụng ổn định trong suốt ngày làm việc và giải trí. Thời lượng pin hướng đến sự cân bằng giữa hiệu suất và tính linh hoạt, phù hợp cho môi trường học tập và làm việc năng động.
Kết nối đầy đủ, truyền dữ liệu nhanh chóng
Hệ thống kết nối bao gồm 2 cổng USB-A và 1 cổng USB-C hỗ trợ tốc độ 5Gbps cùng chuẩn PD 3.0, giúp tối ưu khả năng truyền dữ liệu và sạc thiết bị. Sự hiện diện của nhiều chuẩn kết nối phổ biến giúp việc liên kết với các thiết bị ngoại vi trở nên thuận tiện và nhanh chóng hơn.
Ngoài ra, cổng HDMI 2.1 hỗ trợ xuất hình ảnh lên đến 8K/60Hz, mang lại khả năng trình chiếu sắc nét trên màn hình lớn. Máy còn tích hợp thêm cổng Ethernet RJ-45, giắc cắm tai nghe 3.5mm và đầu đọc thẻ, góp phần mở rộng khả năng kết nối trong nhiều tình huống sử dụng thực tế.
Chuyển động liền mạch với 144Hz & FreeSync
Laptop Lenovo LOQ 15ARP10E 83S000DEVN sở hữu màn hình 15.6 inch độ phân giải FHD (1920x1080), mang lại chất lượng hiển thị rõ ràng và chi tiết trong từng khung hình. Tấm nền IPS giúp mở rộng góc nhìn, đồng thời duy trì độ chính xác màu sắc khi quan sát từ nhiều hướng khác nhau.
Khung hình rộng mở, theo dõi nội dung thuận tiện
Độ sáng 300 nits kết hợp lớp phủ Anti-glare hỗ trợ hiển thị tốt trong nhiều điều kiện ánh sáng, giảm hiện tượng chói và tăng sự dễ chịu khi sử dụng lâu. Dải màu 100% sRGB giúp tái tạo hình ảnh sống động, phù hợp cho cả nhu cầu giải trí lẫn các công việc liên quan đến màu sắc.
Nhờ sở hữu tần số quét 144Hz kết hợp cùng công nghệ FreeSync, laptop Lenovo LOQ 15ARP10E 83S000DEVN có khả năng hiển thị hình ảnh trơn tru. Sự kết hợp này góp phần cải thiện độ trễ hiển thị, đồng thời giảm hiện tượng xé hình khi xử lý các nội dung chuyển động nhanh.
Mua laptop Lenovo LOQ 15ARP10E 83S000DEVN với giá tốt tại CellphoneS
Mua laptop Lenovo LOQ 15ARP10E 83S000DEVN tại CellphoneS mang lại sự yên tâm nhờ nguồn hàng chính hãng. Hệ thống thường xuyên triển khai nhiều ưu đãi hấp dẫn như trả góp 0% hoặc thu cũ đổi mới, giúp tối ưu chi phí sở hữu. Với mạng lưới cửa hàng rộng và hỗ trợ tư vấn tận tình, việc lựa chọn sản phẩm cũng trở nên thuận tiện. Đặt ngay laptop Lenovo tại CellphoneS để nhận nhiều ưu đãi hấp dẫn.","{""Bộ xử lý & Đồ họa"": [{""name"": ""Loại card đồ họa"", ""value"": ""NVIDIA GeForce RTX 3050 6GB GDDR6, Boost Clock 990MHz, TGP 65W""}, {""name"": ""Loại CPU"", ""value"": ""AMD Ryzen 7 170 (8 lõi / 16 luồng, 3.2 / 4.75GHz, 4MB L2 / 16MB L3)""}], ""Bộ nhớ RAM, Ổ cứng"": [{""name"": ""Dung lượng RAM"", ""value"": ""16GB""}, {""name"": ""Loại RAM"", ""value"": ""SODIMM DDR5-4800""}, {""name"": ""Số khe ram"", ""value"": ""2 khe (Tối đa 16GB DDR5-4800)""}, {""name"": ""Ổ cứng"", ""value"": ""512GB SSD M.2 2242 PCIe 4.0x4 NVMe (Hỗ trợ tối đa hai ổ đĩa, 2 ổ SSD M.2, tối đa 1TB)""}], ""Màn hình"": [{""name"": ""Tần số quét"", ""value"": ""144 Hz""}, {""name"": ""Chất liệu tấm nền"", ""value"": ""Tấm nền IPS""}, {""name"": ""Kích thước màn hình"", ""value"": ""15.6 inches""}, {""name"": ""Công nghệ màn hình"", ""value"": ""Độ sáng 300nits\nMàn hình chống chói\nĐộ phủ màu 100% sRGB\nFreeSync""}, {""name"": ""Độ phân giải màn hình"", ""value"": ""1920 x 1080 pixels (FullHD)""}], ""Âm thanh"": [{""name"": ""Công nghệ âm thanh"", ""value"": ""Âm thanh HD, codec Realtek ALC3287\nLoa stereo 2W x2\nTối ưu âm thanh với Nahimic Audio""}], ""Kích thước & Trọng lượng"": [{""name"": ""Chất liệu"", ""value"": ""Vỏ nhựa""}, {""name"": ""Chất liệu vỏ trên"", ""value"": ""Nhựa""}, {""name"": ""Chất liệu vỏ dưới"", ""value"": ""Nhựa""}, {""name"": ""Kích thước"", ""value"": ""359.2 x 236 x 19.9-22.95 mm (Dài x Rộng x Dày)""}, {""name"": ""Trọng lượng"", ""value"": ""1.8 kg""}], ""Tiện ích khác"": [{""name"": ""Tính năng đặc biệt"", ""value"": ""Wi-Fi 6""}], ""Tính năng khác"": [{""name"": ""Loại đèn bàn phím"", ""value"": ""Đèn nền trắng""}, {""name"": ""Bảo mật"", ""value"": ""Firmware TPM 2.0 Enabled""}, {""name"": ""Webcam"", ""value"": ""Độ phân giải HD 720p với màn trập camera""}, {""name"": ""Hệ điều hành"", ""value"": ""Windows 11 Home Single Language, English""}], ""Pin & công nghệ sạc"": [{""name"": ""Pin"", ""value"": ""57.5Wh, 135W Slim Tip (3-pin)""}], ""Cổng kết nối"": [{""name"": ""Wi-Fi"", ""value"": ""Wi-Fi 6, 802.11ax 2x2""}, {""name"": ""Bluetooth"", ""value"": ""Bluetooth 5.2""}, {""name"": ""Cổng giao tiếp"", ""value"": ""2 x USB-A (USB 3.2 Gen 1, 5Gbps)\n1 x USB-C (USB 3.2 Gen 1, 5Gbps, PD 3.0)\n1 x HDMI 2.1 (tối đa 8K/60Hz)\n1 x Jack tai nghe/micro 3,5mm\n1 x Ethernet (RJ-45)\n1 x Khe đọc thẻ\n1 x Cổng nguồn Slim Tip""}]}","[""https://cdn2.cellphones.com.vn/x/media/catalog/product/l/a/laptop_lenovo_loq_15arp10e_83s000devn_-_1.png"", ""https://cdn2.cellphones.com.vn/x/media/catalog/product/l/a/laptop_lenovo_loq_15arp10e_83s000devn_-_2.png"", ""https://cdn2.cellphones.com.vn/x/media/catalog/product/l/a/laptop_lenovo_loq_15arp10e_83s000devn_-_3.png""]","{""product_color_1"": {""color"": ""Xám"", ""image_url"": ""https://cellphones.com.vn/laptop-lenovo-loq-15arp10e-83s000devn.html?product_id=126953"", ""price"": ""27.490.000₫""}}"
Laptop Lenovo Legion 5 15IRX10 83LY00HRVN,laptop-lenovo-legion-5-15irx10-83ly00hrvn,47.990.000đ,39.590.000đ,"Đặc điểm nổi bật
Laptop Lenovo Legion 5 15IRX10 83LY00HRVN là cỗ máy gaming sở hữu cấu hình chip Intel Core i7 mạnh mẽ và bộ RAM 16GB SODIMM DDR5 có thể xử lý đa nhiệm. Máy được trang bị màn hình WUXGA 15.3 inch rộng rãi cùng công nghệ Dolby Vision. Thiết bị còn tích hợp chip AI LA1 giúp tối ưu hiệu năng một cách thông minh.
Nội dung chính
1. Laptop Lenovo Legion 5 15IRX10 83LY00HRVN - Hiện năng mạnh cùng thiết kế tối giản
1.1. Tích hợp AI - Powered Gaming PC độc đáo
1.2. Nâng cao hiệu suất với Intel Core i7-13650HX
1.3. Bộ RAM SODIMM DDR5-4800 và ổ cứng mạnh mẽ
1.4. Vẻ ngoài ấn tượng với gam màu Eclipse Black cá tính
1.5. Màn hình WUXGA sắc nét và touchpad Precision lớn
1.6. Các cổng kết nối đa dạng với hệ thống pin bền bỉ
2. Mua laptop Lenovo Legion 5 15IRX10 83LY00HRVN chính hãng tại CellphoneS
Laptop Lenovo Legion 5 15IRX10 83LY00HRVN - Hiện năng mạnh cùng thiết kế tối giản
Chiếc máy tính gaming này là dòng laptop có hiệu năng cao, phù hợp cho các game thủ, sinh viên kiến trúc và người làm văn phòng. Mẫu laptop Lenovo Legion này có thiết kế gọn nhẹ cùng với cấu hình mạnh mẽ và các tiện ích khác, mang đến trải nghiệm tốt cho người dùng. 
Tích hợp AI - Powered Gaming PC độc đáo
Laptop Lenovo Legion 5 15IRX10 83LY00HRVN là laptop thế hệ mới, được hãng trang bị công nghệ AI tiên tiến, có khả năng điều chỉnh tài nguyên phù hợp. Bên cạnh đó, thiết bị này còn có thể điều chỉnh tự động hiệu suất của CPU cùng GPU, tùy vào từng tác vụ khác nhau.
Lenovo Legion 5 15IRX10 83LY00HRVN tích hợp AI tiên tiến
Nhờ vào công nghệ AI Powered Gaming PC, thiết bị này sẽ có khả năng xử lý dữ liệu cao hơn, hỗ trợ người dùng hoàn thành mọi tác vụ vừa nhanh vừa hiệu quả. Đồng thời, những game thủ sẽ có trải nghiệm mượt mà hơn khi chơi các loại game AAA có cấu hình cao, hạn chế tình trạng lag cũng như đứng máy.
Nâng cao hiệu suất với Intel Core i7-13650HX
Ở phiên bản laptop Lenovo Legion 5 15IRX10 83LY00HRVN này, hãng đã trang bị một bộ vi xử lý Intel Core i7-13650HX hiện đại. Nhờ vào 14 lõi, 20 luồng cùng tốc độ P-Core đạt đến 4.9GHz, người dùng sẽ có trải nghiệm làm việc, giải trí mượt mà hơn.
Hiệu suất xử lý công việc nhanh nhờ bộ chip Intel Core i7
Lenovo Legion 5 có card đồ họa NVIDIA GeForce RTX 5050 với 8GB GDDR7 cùng 440 AI TOPS, hỗ trợ cho việc thiết kế đồ họa chuyên nghiệp và chơi game giải trí. Vậy nên, người sử dụng sẽ có trải nghiệm tốt hơn, hạn chế gặp các tình trạng lag hay đứng máy khi xử lý các tác vụ nặng như chơi game, chỉnh sửa video,... 
Bộ RAM SODIMM DDR5-4800 và ổ cứng mạnh mẽ
Được hãng cài đặt bộ RAM 16GB SODIMM DDR5-4800, laptop Lenovo Legion 5 15IRX10 83LY00HRVN có khả năng xử lý dữ liệu với tốc độ cao. Cùng với đó, máy còn có thể nâng cấp đến 32GB nhờ vào 2 khe RAM, mang đến sự tiện lợi và đáp ứng được các nhu cầu sử dụng của người dùng.
Bộ RAM SODIMM tăng cường tốc độ xử lý các dữ liệu
Ngoài ra, chiếc máy tính gaming này được hãng trang bị một ổ cứng 512GB SSD M.2 2242 PCIe 4.0x4 NVMe hiện đại. Vì thế, quá trình đọc và ghi sẽ diễn ra nhanh chóng, giúp người dùng tải game, các phần mềm cũng như xử lý các tác vụ công việc nhanh chóng và mượt mà.
Vẻ ngoài ấn tượng với gam màu Eclipse Black cá tính
Laptop Lenovo Legion 5 15IRX10 83LY00HRVN gây ấn tượng từ cái nhìn đầu tiên với ngoại hình gọn nhẹ, làm từ nhựa PC-ABS bền bỉ. Nhờ sử dụng chất liệu cứng cáp và tạo hình nổi bật, thiết bị vừa mang đến vẻ ngoài chuyên nghiệp vừa giúp cho quá trình tỏa nhiệt diễn ra tốt hơn, hạn chế nóng máy.
Thiết kế gaming gọn nhẹ, màu Eclipse Black sang trọng
Hãng lựa chọn gam màu Eclipse Black trung tính sang trọng, phù hợp cho nhiều đối tượng người dùng, dù là làm văn phòng hay chơi game giải trí. Song song đó, mẫu Lenovo Legion 5 phiên bản này có trọng lượng chỉ khoảng 2.1kg, nên đây sẽ là một sự lựa chọn đáng cân nhắc trong phân khúc laptop gaming.
Màn hình WUXGA sắc nét và touchpad Precision lớn
Điểm nổi bật khác của laptop Lenovo Legion 5 15IRX10 83LY00HRVN chính là màn hình WUXGA G-SYNC với kích thước 15.3 inch rộng rãi, có tấm nền IPS. Tần số quét đạt 165Hz kết hợp cùng công nghệ Dolby Vision giúp người dùng có được góc nhìn rộng với màu sắc chân thật.
Màn hình 15.3 inch WUXGA có công nghệ giúp góc nhìn rộng
Hãng trang bị bàn phím White Backlit với phần đèn nền màu trắng, giúp người dùng thao tác gõ chữ tốt dù trong điều kiện thiếu sáng. Ngoài ra, thiết bị này còn có touchpad Precision có kích thước 75x120 (mm), mang đến độ chính xác cao và trải nghiệm mượt mà khi thực hiện các thao tác.
Các cổng kết nối đa dạng với hệ thống pin bền bỉ
Laptop Lenovo Legion 5 15IRX10 83LY00HRVN là dòng máy gaming được trang bị đa dạng các cổng kết nối, có thể kết nối máy với những thiết bị ngoại vi khác. Bao gồm 3 cổng USB-A 3.2 Gen 1 (có 1 cổng sạc Always On), 2 cổng USB-C 3.2 Gen 2, 1 cổng HDMI 2.1, 1 cổng nguồn, 1 cổng RJ45 LAN và combo audio 3.5mm.
Máy có nhiều cổng kết nối, thuận tiện cho việc sử dụng
Lenovo Legion 5 15IRX10 83LY00HRVN được trang bị viên pin 80Wh dung lượng cao, cung cấp đủ năng lượng để cho người dùng xử lý nhiều tác vụ khác nhau. Tuy nhiên, người sử dụng muốn có trải nghiệm mượt mà hơn thì nên dùng thêm bộ sạc khi có nhu cầu chơi các loại game AAA hay thiết kế đồ họa trong thời gian dài.
Mua laptop Lenovo Legion 5 15IRX10 83LY00HRVN chính hãng tại CellphoneS
Khách hàng có thể mua laptop Lenovo Legion 5 15IRX10 83LY00HRVN chính hãng với mức giá hấp dẫn tại các cửa hàng CellphoneS trên toàn quốc. Người mua vừa được sử dụng hàng chất lượng cao vừa bảo hành đầy đủ. Đồng thời, đơn vị có chương trình mua trả góp 0% và kèm theo nhiều ưu đãi đặc biệt dành riêng cho Smember. Sở hữu ngay chiếc laptop gaming này tại CellphoneS với giá tốt.","{""Bộ xử lý & Đồ họa"": [{""name"": ""Loại card đồ họa"", ""value"": ""NVIDIA GeForce RTX 5050 8GB GDDR7, Boost Clock 2662MHz, TGP 115W, 440 AI TOPS""}, {""name"": ""Loại CPU"", ""value"": ""Intel Core i7-13650HX, 14 lõi (6P + 8E) / 20 luồng, P-core 2.6 / 4.9GHz, E-core 1.9 / 3.6GHz, 24MB""}], ""Bộ nhớ RAM, Ổ cứng"": [{""name"": ""Dung lượng RAM"", ""value"": ""16GB""}, {""name"": ""Loại RAM"", ""value"": ""SO-DIMM DDR5-4800""}, {""name"": ""Số khe ram"", ""value"": ""2 khe (1 x 16GB, nâng tối đa 32GB)""}, {""name"": ""Ổ cứng"", ""value"": ""512GB SSD M.2 2242 PCIe 4.0x4 NVMe (Tối đa hai ổ đĩa, 2x SSD M.2 • SSD M.2 2242, mỗi ổ có dung lượng tối đa 1TB)""}], ""Màn hình"": [{""name"": ""Tần số quét"", ""value"": ""165 Hz""}, {""name"": ""Chất liệu tấm nền"", ""value"": ""Tấm nền IPS""}, {""name"": ""Kích thước màn hình"", ""value"": ""15.3 inches""}, {""name"": ""Công nghệ màn hình"", ""value"": ""Độ sáng 300nits\nMàn hình chống chói\nĐộ phủ màu 100% sRGB\nDolby Vision""}, {""name"": ""Độ phân giải màn hình"", ""value"": ""1920 x 1200 pixels (WUXGA)""}], ""Âm thanh"": [{""name"": ""Công nghệ âm thanh"", ""value"": ""Âm thanh độ nét cao (HD)\nBộ giải mã Realtek ALC3287\nLoa stereo, 2W x2\nÂm thanh của HARMAN\nNahimic Audio""}], ""Kích thước & Trọng lượng"": [{""name"": ""Chất liệu vỏ trên"", ""value"": ""PC-ABS + 15% Talc""}, {""name"": ""Chất liệu vỏ dưới"", ""value"": ""PC-ABS + 15% Talc""}, {""name"": ""Kích thước"", ""value"": ""344.9 x 255.35 x 22.50-23.99 mm (Dài x Rộng x Dày)""}, {""name"": ""Trọng lượng"", ""value"": ""2.1 kg""}], ""Tiện ích khác"": [{""name"": ""Tính năng đặc biệt"", ""value"": ""Wi-Fi 6""}], ""Tính năng khác"": [{""name"": ""Loại đèn bàn phím"", ""value"": ""Đèn nền trắng""}, {""name"": ""Bảo mật"", ""value"": ""Firmware TPM 2.0 Enabled""}, {""name"": ""Webcam"", ""value"": ""HD 720p với E-shutter""}, {""name"": ""Hệ điều hành"", ""value"": ""Windows 11 Home Single Language, English + Office Home 2024 + Lenovo AI Now""}], ""Pin & công nghệ sạc"": [{""name"": ""Pin"", ""value"": ""80Wh, 245W Slim Tip (3-pin)""}], ""Cổng kết nối"": [{""name"": ""Wi-Fi"", ""value"": ""Wi-Fi 6, 802.11ax 2x2""}, {""name"": ""Bluetooth"", ""value"": ""Bluetooth 5.2""}, {""name"": ""Cổng giao tiếp"", ""value"": ""2x USB-A\n1x USB-A, Luôn bật\n1x USB-C (10Gbps), với USB PD 65-100W và DisplayPort 2.1\n1x USB-C (10Gbps), với DisplayPort 1.4\n1x HDMI 2.1, lên đến 8K/60Hz\n1x Giắc cắm kết hợp tai nghe/micrô (3.5mm)\n1x RJ-45\n1x Đầu nối nguồn""}]}","[""https://cdn2.cellphones.com.vn/x/media/catalog/product/t/e/text_ng_n_12__8_220.png"", ""https://cdn2.cellphones.com.vn/x/media/catalog/product/t/e/text_ng_n_9__10_21.png"", ""https://cdn2.cellphones.com.vn/x/media/catalog/product/t/e/text_ng_n_8__10_21.png""]","{""product_color_1"": {""color"": ""Đen"", ""image_url"": ""https://cellphones.com.vn/laptop-lenovo-legion-5-15irx10-83ly00hrvn.html?product_id=117291"", ""price"": ""39.590.000₫""}}"
Laptop Lenovo LOQ 15ARP10E 83S0006QVN,laptop-lenovo-loq-15arp10e-83s0006qvn,37.999.000đ,26.990.000đ,"Đặc điểm nổi bật
Laptop Lenovo LOQ 15ARP10E 83S0006QVN được ưu ái tích hợp kèm chip AMD Ryzen 7 7735HS giúp xử lý tác vụ nặng ổn định và duy trì hiệu suất dài lâu. Máy trang bị GPU RTX 3050 6GB GDDR6 hỗ trợ chỉnh sửa đồ họa mượt mà hơn. Model còn sở hữu RAM 16GB, phù hợp nhu cầu đa nhiệm của nhiều nhóm người dùng.
Nội dung chính
1. Laptop Lenovo LOQ 15ARP10E 83S0006QVN – Cấu hình xử lý mạnh mẽ
1.1. Hiệu suất mạnh mẽ cho xử lý đồ họa và chơi game
1.2. Khả năng nâng cấp bộ nhớ linh hoạt
1.3. Thiết kế hiện đại phù hợp đa nhu cầu
1.4. Hiển thị mượt mà phục vụ giải trí và học tập
1.5. Thời lượng pin ổn định và kết nối đa dạng
1.6. Hệ thống âm thanh và trải nghiệm giải trí sống động
2. Mua laptop Lenovo LOQ 15ARP10E 83S0006QVN tại CellphoneS
Laptop Lenovo LOQ 15ARP10E 83S0006QVN – Cấu hình xử lý mạnh mẽ
Laptop Lenovo này hướng tới trải nghiệm tính toán bền vững, phù hợp cho nhu cầu học tập, làm việc và giải trí hàng ngày. Sự phối hợp giữa phong cách thiết kế chú trọng tính ứng dụng và hiệu năng mạnh giúp máy phù hợp nhiều tình huống sử dụng khác nhau. 
Hiệu suất mạnh mẽ cho xử lý đồ họa và chơi game
Laptop Lenovo LOQ 15ARP10E 83S0006QVN sử dụng CPU AMD Ryzen 7 7735HS với cấu trúc 8 nhân 16 luồng. Cấu hình xử lý mạnh mẽ này cho phép mẫu laptop Lenovo LOQ này duy trì khả năng xử lý ổn định khi chạy các phần mềm liên quan đến đồ họa hoặc gaming. 
Chiến game, làm đồ họa ổn định nhờ cấu hình mạnh
Bộ xử lý này có mức xung tối đa 4.75GHz, nhờ vậy model có thể đáp ứng tốt những khung hình phức tạp hoặc tác vụ dựng hình cần nhiều sức mạnh từ CPU. Bên cạnh đó, GPU NVIDIA GeForce RTX 3050 6GB GDDR6 với Boost Clock 990MHz và TGP 65W còn giúp máy hỗ trợ dựng hình, chỉnh sửa đồ họa linh hoạt hơn.
Khả năng nâng cấp bộ nhớ linh hoạt
Laptop Lenovo LOQ 15ARP10E 83S0006QVN hỗ trợ hai khe SODIMM DDR5, nhờ vậy người dùng có thể linh hoạt điều chỉnh RAM theo nhu cầu. Thiết bị được cấu hình sẵn 1 x 16GB DDR5-4800 và đồng thời tương thích dual-channel khi người dùng bổ sung thêm mô-đun mới. 
Thiết kế dễ mở, hỗ trợ nâng cấp RAM, SSD
Cùng với đó, máy đi kèm hai khe M.2 2242 PCIe 4.0 x4 dễ dàng mở rộng lưu trữ, hỗ trợ tối đa hai ổ SSD dung lượng mỗi ổ đến 1TB. Bên cạnh đó, việc sử dụng tiêu chuẩn PCIe 4.0 cũng giúp các ổ lưu trữ mới duy trì tốc độ truy xuất nhanh và phù hợp cho tác vụ cần tối ưu băng thông. 
Ngoài ra, cấu trúc bên trong hướng đến thiết kế dễ tiếp cận để giảm thời gian thao tác khi bảo trì hoặc nâng cấp. Nhờ vậy, thiết bị tạo ra sự linh hoạt cho người dùng đang tìm kiếm giải pháp làm việc dài hạn và dễ dàng mở rộng theo từng giai đoạn.
Thiết kế hiện đại phù hợp đa nhu cầu
Laptop Lenovo LOQ 15ARP10E 83S0006QVN có thiết kế Luna Grey với lớp vỏ PC-ABS hướng tới sự bền bỉ và trọng lượng nhẹ chỉ từ 1.8 kg. Máy sử dụng touchpad Mylar hỗ trợ Precision TouchPad, đồng thời tích hợp bàn phím White Backlit giúp làm việc trong môi trường thiếu sáng tiện lợi hơn. 
Kiểu dáng tổng thể 359.2 x 236 x 19.9–22.95 mm của máy tạo sự cân bằng giữa không gian hiển thị và tính cơ động hằng ngày. Bên cạnh đó, vẻ ngoài trung tính của model này phù hợp cho môi trường văn phòng, lớp học hoặc các buổi họp linh hoạt. 
Thiết kế gọn, màu xám hiện đại phù hợp nhiều nhu cầu
Cùng với đó, thiết kế gọn gàng giúp việc di chuyển, mang theo và bố trí trong balo nhẹ nhàng hơn. Tất cả đặc điểm này cho người dùng một thiết bị dễ sử dụng trong nhiều kịch bản mà vẫn giữ được tính thẩm mỹ cần thiết.
Hiển thị mượt mà phục vụ giải trí và học tập
Laptop Lenovo LOQ 15ARP10E 83S0006QVN sở hữu màn hình 15.6 inch FHD với tấm nền IPS giúp tái tạo màu sắc và góc nhìn ổn định khi quan sát nội dung. Thiết bị hỗ trợ 100% sRGB tạo độ chính xác cao hơn trong các công việc đồ họa hoặc xem hình ảnh. 
Màn hình 15.6 inch 144Hz cho chuyển động mượt mắt
Bên cạnh đó, màn hình 300 nits và lớp phủ giảm chói trên máy còn mang tới trải nghiệm dễ chịu trong môi trường ánh sáng thay đổi liên tục. Model này còn có tần số quét 144Hz giúp chuyển động hiển thị mượt mà khi người dùng chơi game hoặc xem nội dung tốc độ cao. 
Cùng với đó, máy còn sở hữu FreeSync hỗ trợ đồng bộ khung hình để hạn chế hiện tượng xé hình trong các tác vụ đa phương tiện. Sự kết hợp của những yếu tố này giúp tạo ra không gian hiển thị phù hợp đồng thời cho nhu cầu làm việc, học tập và giải trí.
Thời lượng pin ổn định và kết nối đa dạng
Laptop Lenovo LOQ 15ARP10E 83S0006QVN được trang bị pin 57.5Wh nhằm duy trì thời gian sử dụng ổn định trong ngày làm việc. Thiết bị đi kèm adapter 135W Slim Tip, đồng thời đảm bảo khả năng cấp nguồn nhanh chóng khi cần. 
Nhiều cổng kết nối tiện lợi, hỗ trợ làm việc di động
Đồng thời, model này hỗ trợ Wi-Fi 6 và Bluetooth 5.2 giúp giữ kết nối ổn định trong nhiều bối cảnh học tập, làm việc hoặc họp trực tuyến. Cùng với đó, hệ thống cổng gồm USB-A, USB-C hỗ trợ PD 3.0, HDMI 2.1, RJ-45, jack 3.5mm và khe thẻ nhớ mang lại sự linh hoạt trong kết nối thiết bị ngoại vi. 
Ngoài ra, camera 720p với Privacy Shutter tăng cường tính riêng tư khi sử dụng thường xuyên. Tổng thể các trang bị này giúp người dùng duy trì mạch công việc liên tục mà không gặp hạn chế về truyền dữ liệu hay khả năng kết nối.
Hệ thống âm thanh và trải nghiệm giải trí sống động
Laptop Lenovo LOQ 15ARP10E 83S0006QVN được trang bị loa stereo 2W x2 tối ưu bởi Nahimic Audio, giúp âm thanh rõ ràng hơn khi người dùng xem phim, học online. Thiết bị sử dụng chip âm thanh Realtek ALC3287 hỗ trợ tái tạo dải âm ổn định, đồng thời tăng độ chi tiết trong các nội dung có nhiều lớp âm thanh. 
Hệ thống loa hiện đại, cung cấp chất âm lôi cuốn
Bên cạnh đó, hệ thống microphone kép tích hợp giúp cuộc gọi trực tuyến trở nên rõ ràng hơn, đặc biệt là khi người dùng làm việc trong không gian chia sẻ. Cùng với đó, tính năng tối ưu âm thanh giúp cân bằng hiệu ứng trong game hoặc khi chuyển đổi giữa tai nghe và loa ngoài. 
Ngoài ra, thiết kế buồng âm trên model này cũng hướng đến trải nghiệm ổn định, hạn chế hiện tượng méo tiếng khi mở âm lượng lớn. Với sự kết hợp của các yếu tố này, thiết bị mang đến môi trường giải trí và làm việc trực tuyến dễ chịu hơn cho nhiều nhóm nhu cầu khác nhau.
Mua laptop Lenovo LOQ 15ARP10E 83S0006QVN tại CellphoneS
Laptop Lenovo LOQ 15ARP10E 83S0006QVN tại CellphoneS là sản phẩm chính hãng kèm bảo hành minh bạch, giúp khách hàng an tâm về nguồn gốc, chất lượng. Hệ thống thường có sẵn hàng và kèm các ưu đãi như thu cũ đổi mới, trả góp hoặc hỗ trợ dịch vụ sau bán. 
Ghé tới shop, khách hàng cũng được tư vấn cấu hình phù hợp nhu cầu thực tế để chọn đúng thiết bị. CellphoneS là địa chỉ uy tín để người tiêu dùng chọn mua mẫu laptop này và nhận đầy đủ quyền lợi cần thiết.","{""Bộ xử lý & Đồ họa"": [{""name"": ""Loại card đồ họa"", ""value"": ""NVIDIA GeForce RTX 3050 6GB GDDR6, Boost Clock 990MHz, TGP 65W""}, {""name"": ""Loại CPU"", ""value"": ""AMD Ryzen 7 7735HS (8 lõi / 16 luồng, 3.2 / 4.75GHz, 4MB L2 / 16MB L3)""}], ""Bộ nhớ RAM, Ổ cứng"": [{""name"": ""Dung lượng RAM"", ""value"": ""16GB""}, {""name"": ""Loại RAM"", ""value"": ""SODIMM DDR5-4800""}, {""name"": ""Số khe ram"", ""value"": ""2 khe (1 x 16GB)""}, {""name"": ""Ổ cứng"", ""value"": ""512GB SSD M.2 2242 PCIe 4.0x4 NVMe (Tối đa hai ổ đĩa, 2x SSD M.2 dung lượng tối đa 1TB mỗi ổ)""}], ""Màn hình"": [{""name"": ""Tần số quét"", ""value"": ""144 Hz""}, {""name"": ""Chất liệu tấm nền"", ""value"": ""Tấm nền IPS""}, {""name"": ""Kích thước màn hình"", ""value"": ""15.6 inches""}, {""name"": ""Công nghệ màn hình"", ""value"": ""Độ sáng 300nits\nMàn hình chống chói\nĐộ phủ màu 100% sRGB\nFreeSync""}, {""name"": ""Độ phân giải màn hình"", ""value"": ""1920 x 1080 pixels (FullHD)""}], ""Âm thanh"": [{""name"": ""Công nghệ âm thanh"", ""value"": ""Âm thanh độ nét cao (HD)\ncodec Realtek ALC3287\nLoa stereo, 2W x2\nNahimic Audio""}], ""Cổng kết nối"": [{""name"": ""Khe đọc thẻ nhớ"", ""value"": ""Có""}, {""name"": ""Wi-Fi"", ""value"": ""Wi-Fi 6, 802.11ax 2x2""}, {""name"": ""Bluetooth"", ""value"": ""Bluetooth 5.2""}, {""name"": ""Cổng giao tiếp"", ""value"": ""2x USB-A (USB 5Gbps / USB 3.2 Gen 1)\n1x USB-C (USB 5Gbps / USB 3.2 Gen 1, hỗ trợ PD 3.0)\n1x HDMI 2.1 (hỗ trợ tối đa 8K/60Hz)\n1x jack tai nghe/mic 3.5mm\n1x cổng Ethernet RJ-45\n1x khe đọc thẻ\n1x cổng nguồn""}], ""Kích thước & Trọng lượng"": [{""name"": ""Chất liệu"", ""value"": ""Vỏ nhựa""}, {""name"": ""Chất liệu vỏ trên"", ""value"": ""Nhựa""}, {""name"": ""Chất liệu vỏ dưới"", ""value"": ""Nhựa""}, {""name"": ""Kích thước"", ""value"": ""359.2 x 236 x 19.9-22.95 mm (Dài x Rộng x Dày)""}, {""name"": ""Trọng lượng"", ""value"": ""1.8 kg""}], ""Tiện ích khác"": [{""name"": ""Tính năng đặc biệt"", ""value"": ""Wi-Fi 6""}], ""Tính năng khác"": [{""name"": ""Loại đèn bàn phím"", ""value"": ""Đèn nền trắng""}, {""name"": ""Bảo mật"", ""value"": ""Microsoft Pluton TPM 2.0 Enabled""}, {""name"": ""Webcam"", ""value"": ""HD 720p với Màn trập camera""}, {""name"": ""Hệ điều hành"", ""value"": ""Windows 11 Home Single Language, English""}], ""Pin & công nghệ sạc"": [{""name"": ""Pin"", ""value"": ""57.5Wh, 135W Slim Tip (3-pin)""}]}","[""https://cdn2.cellphones.com.vn/x/media/catalog/product/l/a/laptop_lenovo_loq_15arp10e_83s0006qvn_-_1.png"", ""https://cdn2.cellphones.com.vn/x/media/catalog/product/l/a/laptop_lenovo_loq_15arp10e_83s0006qvn_-_2.png"", ""https://cdn2.cellphones.com.vn/x/media/catalog/product/l/a/laptop_lenovo_loq_15arp10e_83s0006qvn_-_3.png""]","{""product_color_1"": {""color"": ""Xám"", ""image_url"": ""https://cellphones.com.vn/laptop-lenovo-loq-15arp10e-83s0006qvn.html?product_id=118496"", ""price"": ""26.990.000₫""}}"
Laptop Lenovo IdeaPad Slim 5 OLED 15ARP10 83J3002SVN,laptop-lenovo-ideapad-slim-5-15arp10-83j3002svn,39.990.000đ,27.590.000đ,"Đặc điểm nổi bật
Laptop Lenovo Ideapad Slim 5 15ARP10 83J3002SVN sử dụng bộ xử lý AMD Ryzen 7 7735HS kết hợp với card AMD Radeon 680 Graphics cho hiệu suất ấn tượng. Máy tính được tích hợp sẵn SSD dung lượng lớn 512GB tốc độ cao và RAM 32GB đa nhiệm hiệu quả. Tấm nền WQXGA OLED 15.1” hiển thị sắc nét, đẹp mắt với tần số làm tươi 165Hz. 
Nội dung chính
1. Laptop Lenovo Ideapad Slim 5 15ARP10 83J3002SVN - Đa nhiệm ưu việt, dáng mỏng nhẹ
1.1. RAM 32GB LPDDR5x-6400, SSD 512GB đa nhiệm ổn định
1.2. Vỏ nhôm màu Cloud Grey, kiểu dáng mỏng đẹp, sang trọng
1.3. Sức mạnh hiệu năng ưu việt từ bộ xử lý Ryzen 7 7735HS
1.4. Pin 70Wh, sạc 65W USB-C – sử dụng bền bỉ, kết nối đa dạng
1.5. Màn hình OLED 15.1” WQXGA 165Hz rực rỡ và sống động
1.6. Đèn nền sáng rõ và camera IR bảo mật hiện đại
2. Mua laptop Lenovo Ideapad Slim 5 15ARP10 83J3002SVN chính hãng tại CellphoneS
Laptop Lenovo Ideapad Slim 5 15ARP10 83J3002SVN - Đa nhiệm ưu việt, dáng mỏng nhẹ
Nếu khách hàng đang tìm laptop có thiết kế đẹp nhưng vẫn đảm bảo hiệu năng mạnh thì đừng nên bỏ qua Lenovo Ideapad Slim 5 15ARP10 83J3002SVN. Mẫu laptop Lenovo Ideapad này được đánh giá tích cực bởi kiểu dáng mỏng gọn và khả năng chạy đa tác vụ ấn tượng.
RAM 32GB LPDDR5x-6400, SSD 512GB đa nhiệm ổn định
Laptop Lenovo Ideapad Slim 5 15ARP10 83J3002SVN được trang bị RAM 32GB giúp xử lý nhiều tác vụ cùng lúc mà không bị giật lag. Chuẩn RAM hàn trên bo mạch đảm bảo độ ổn định cao, giảm tiêu thụ điện năng khi sử dụng trong thời gian dài. Phiên bản RAM LPDDR5x cải thiện tốc độ phản hồi nhanh hơn khi chạy đa nhiệm. 
Ổ cứng SSD 512GB PCIe 4.0 giúp hệ thống khởi động nhanh hơn, rút ngắn thời gian mở ứng dụng và mang đến không gian lưu trữ rộng rãi cho dữ liệu. Chuẩn PCIe 4.0 mang lại tốc độ đọc ghi vượt trội, hỗ trợ công việc sáng tạo và giải trí hiệu quả hơn. Nhờ dung lượng bộ nhớ lớn mà người dùng vô tư lưu trữ số lượng lớn tệp, hình ảnh, video chất lượng cao. 
Đặc biệt, Ideapad Slim 5 15ARP10 83J3002SVN tích hợp 2 khe cắm M.2 2280 PCIe 4.0 x4, cho phép người dùng mở rộng bộ nhớ một cách thuận tiện. Với tùy chọn ổ M.2 2242 SSD có dung lượng lên đến 1TB, chiếc laptop này vừa đảm bảo tốc độ truy xuất dữ liệu xuất sắc, vừa cung cấp bộ nhớ khổng lồ phục vụ đa mục đích. 
Vỏ nhôm màu Cloud Grey, kiểu dáng mỏng đẹp, sang trọng
Laptop Lenovo Ideapad Slim 5 15ARP10 83J3002SVN ghi điểm nhờ thiết kế mỏng nhẹ với độ dày chỉ 15.6mm và trọng lượng 1.49kg giúp dễ dàng mang theo trong mọi hành trình. Phần vỏ máy được chế tác từ nhôm nguyên khối vừa tăng độ bền, vừa mang lại cảm giác sang trọng, thời thượng khi trên tay.
Màu Cloud Grey kết hợp với bề mặt Anodized và xử lý Sandblasting tạo nên vẻ ngoài hiện đại, phù hợp với môi trường làm việc chuyên nghiệp. Bàn phím tích hợp đèn nền hỗ trợ tối đa cho người dùng, giúp làm việc và giải trí thuận tiện ngay cả trong môi trường thiếu sáng.  
Sức mạnh hiệu năng ưu việt từ bộ xử lý Ryzen 7 7735HS
Nhà sản xuất Lenovo đã sử dụng bộ vi xử lý AMD Ryzen 7 7735HS với 8C 16C, xung nhịp đạt đỉnh 4.75GHz đảm bảo tốc độ xử lý dữ liệu siêu tốc, phù hợp cho các tác vụ nặng. Khả năng đa nhiệm mượt mà hỗ trợ làm việc hiệu quả, từ văn phòng đến sáng tạo nội dung.
GPU tích hợp AMD Radeon 680M hỗ trợ đồ họa sắc nét, tối ưu hiệu suất khi chỉnh sửa hình ảnh và video. Sự kết hợp giữa CPU và GPU giúp máy laptop văn phòng hoạt động ổn định, tiết kiệm năng lượng mà vẫn đáp ứng nhu cầu giải trí và công việc. Giờ đây, người dùng vô tư chiến các tựa game phổ biến ở mức thiết lập đồ hoạ trung bình mà không sợ bị đứng hình. 
Pin 70Wh, sạc 65W USB-C – sử dụng bền bỉ, kết nối đa dạng
Laptop Lenovo Ideapad Slim 5 15ARP10 83J3002SVN sử dụng viên pin dung lượng 70Wh mang lại thời lượng sử dụng bền bỉ mà không phải nạp pin nhiều lần trong ngày. Công suất sạc 65 Watt với cổng nạp type C giúp tối ưu thời gian sạc, tiện lợi khi di chuyển và làm việc bên ngoài.
Hệ thống cổng giao tiếp phong phú với 2 cổng USB-C hỗ trợ sạc và xuất hình, 2 cổng USB-A cho thiết bị ngoại vi, HDMI 2.1 cho độ phân giải 4K tần số 60Hz. Khe microSD tích hợp giúp đọc dữ liệu từ thẻ nhớ nhanh chóng mà không cần đầu tư thêm cổng chuyển. Do đó, chiếc laptop này phục vụ tốt cho người làm nhiếp ảnh và thường xuyên thuyết trình.
Màn hình OLED 15.1” WQXGA 165Hz rực rỡ và sống động
Tấm nền OLED độ phân giải WQXGA chuẩn 2560*1600 hiển thị hình ảnh sắc nét, màu sắc rực rỡ với độ sáng đỉnh 500 nits. Độ phủ màu 100% DCI-P3 cho phép tái tạo màu chính xác, phù hợp cho công việc chỉnh sửa ảnh, edit video chuyên nghiệp.
Tốc độ làm tươi khủng 165Hz mang lại trải nghiệm trơn tru hơn, hạn chế tình trạng xé hình khi chơi game hoặc xem video thể thao tốc độ cao. Kèm theo đó là công nghệ DisplayHDR True Black 600 mang tới độ tương phản hài hoà, hiển thị xuất sắc từng chi tiết trong môi trường ánh sáng khác nhau.
Đèn nền sáng rõ và camera IR bảo mật hiện đại
Laptop Lenovo IdeaPad Slim 5 OLED 15ARP10 83J3002SVN được trang bị bàn phím có LED trắng, giúp người dùng thao tác dễ dàng trong điều kiện thiếu sáng. Ánh sáng dịu vừa đủ để soi rõ ký tự, không gây chói mắt hay mỏi khi làm việc vào ban đêm. Bàn phím IdeaPad Slim 5 cũng được thiết kế với hành trình phím tối ưu cùng độ nảy vừa phải.
Camera trước của Lenovo IdeaPad Slim 5 có độ phân giải FHD 1080p, tích hợp thêm cảm biến hồng ngoại (IR) và cảm biến đo chiều sâu ToF. Tính năng này hỗ trợ mở khóa bằng Windows Hello, giúp truy cập hệ thống nhanh và tiện lợi mà không cần nhập mật khẩu.
Mua laptop Lenovo Ideapad Slim 5 15ARP10 83J3002SVN chính hãng tại CellphoneS
Laptop Lenovo Ideapad Slim 5 15ARP10 83J3002SVN là mẫu laptop văn phòng đáng cân nhắc và chọn mua ở thời điểm hiện tại. Sản phẩm sở hữu hiệu suất xuất sắc trong thiết kế mỏng thanh lịch sẽ giúp người dùng xử lý công việc và giải trí hiệu quả. 
Không chỉ cung cấp Lenovo Ideapad Slim 5 15ARP10 83J3002SVN mà còn chuyên laptop từ các thương hiệu: Dell, Vaio, LG, Gigabyte, HP,... Đặc biệt, CellphoneS còn hỗ trợ chính sách trả góp 3 không và ưu đãi sinh viên hấp dẫn khi khách hàng mua laptop.","{""Bộ xử lý & Đồ họa"": [{""name"": ""Loại card đồ họa"", ""value"": ""AMD Radeon 680M Graphics""}, {""name"": ""Loại CPU"", ""value"": ""AMD Ryzen 7 7735HS (8 lõi / 16 luồng, 3.2 / 4.75GHz, 4MB L2 / 16MB L3)""}], ""Bộ nhớ RAM, Ổ cứng"": [{""name"": ""Dung lượng RAM"", ""value"": ""32GB""}, {""name"": ""Loại RAM"", ""value"": ""LPDDR5x-6400""}, {""name"": ""Số khe ram"", ""value"": ""Onboard (Không nâng cấp)""}, {""name"": ""Ổ cứng"", ""value"": ""512GB SSD M.2 2242 PCIe 4.0x4 NVMe (Tối đa hai ổ đĩa 2x M.2 SSD, nâng cấp lên đến 1TB)""}], ""Màn hình"": [{""name"": ""Tần số quét"", ""value"": ""165Hz""}, {""name"": ""Chất liệu tấm nền"", ""value"": ""Tấm nền Oled""}, {""name"": ""Kích thước màn hình"", ""value"": ""15.1 inches""}, {""name"": ""Công nghệ màn hình"", ""value"": ""DisplayHDR True Black 600\nĐộ phủ màu 100% DCI-P3\nĐộ sáng 500nits""}, {""name"": ""Độ phân giải màn hình"", ""value"": ""2560 x 1600 (WQXGA)""}], ""Âm thanh"": [{""name"": ""Công nghệ âm thanh"", ""value"": ""Âm thanh độ nét cao (HD)\nLoa stereo, 2W x2\nDolby Audio""}], ""Cổng kết nối"": [{""name"": ""Khe đọc thẻ nhớ"", ""value"": ""Có""}, {""name"": ""Wi-Fi"", ""value"": ""Wi-Fi 6, 802.11ax 2x2""}, {""name"": ""Bluetooth"", ""value"": ""Bluetooth 5.3""}, {""name"": ""Cổng giao tiếp"", ""value"": ""1x USB-A (USB 3.2 Gen 1)\n1x USB-A (USB 3.2 Gen 1), Luôn bật\n2x USB-C (10Gbps / USB 3.2 Gen 2), với USB PD 3.0 và DisplayPort 1.4\n1x HDMI 2.1, lên đến 4K/60Hz\n1x giắc cắm kết hợp tai nghe / micrô (3.5 mm)\n1x đầu đọc thẻ microSD""}], ""Kích thước & Trọng lượng"": [{""name"": ""Chất liệu"", ""value"": ""Vỏ kim loại""}, {""name"": ""Chất liệu vỏ màn hình"", ""value"": ""Nhôm""}, {""name"": ""Chất liệu vỏ trên"", ""value"": ""Nhôm""}, {""name"": ""Chất liệu vỏ dưới"", ""value"": ""Nhôm""}, {""name"": ""Kích thước"", ""value"": ""339.33 x 236 x 15.6 mm (Dài x Rộng x Dày)""}, {""name"": ""Trọng lượng"", ""value"": ""1.49 kg""}], ""Tiện ích khác"": [{""name"": ""Tính năng đặc biệt"", ""value"": ""Wi-Fi 6, Nhận diện khuôn mặt, Màn hình Oled""}], ""Tính năng khác"": [{""name"": ""Loại đèn bàn phím"", ""value"": ""Đèn nền""}, {""name"": ""Bảo mật"", ""value"": ""Microsoft Pluton TPM 2.0 Enabled\nCamera IR cho Windows Hello (nhận dạng khuôn mặt)""}, {""name"": ""Webcam"", ""value"": ""FHD 1080p + IR với Màn trập riêng tư, Cảm biến ToF""}, {""name"": ""Hệ điều hành"", ""value"": ""Windows 11 Home Single Language, English""}], ""Pin & công nghệ sạc"": [{""name"": ""Pin"", ""value"": ""70Wh (65W USB-C Slim (Gắn tường))""}]}","[""https://cdn2.cellphones.com.vn/x/media/catalog/product/l/a/laptop_lenovo_ideapad_slim_5_15arp10_83j3002svn_-_1.png"", ""https://cdn2.cellphones.com.vn/x/media/catalog/product/l/a/laptop_lenovo_ideapad_slim_5_15arp10_83j3002svn_-_2.png"", ""https://cdn2.cellphones.com.vn/x/media/catalog/product/l/a/laptop_lenovo_ideapad_slim_5_15arp10_83j3002svn_-_3.png""]","{""product_color_1"": {""color"": ""Xám"", ""image_url"": ""https://cellphones.com.vn/laptop-lenovo-ideapad-slim-5-15arp10-83j3002svn.html?product_id=100373"", ""price"": ""27.590.000₫""}}"
Laptop Lenovo ThinkPad X1 Carbon Gen 13 Aura Edition 21NS010CVN,laptop-lenovo-thinkpad-x1-carbon-gen-13-aura-edition-21ns010cvn,62.790.000đ,60.890.000đ,"Đặc điểm nổi bật
Laptop Lenovo Thinkpad X1 Carbon Gen 13 Aura Edition 21NS010CVN được trang bị vi xử lý Intel thế hệ mới mạnh mẽ cùng bộ nhớ RAM tốc độ cao. Thiết bị sở hữu một màn hình 14 inch, tấm nền OLED 2.8K sắc nét. Đặc biệt, NPU AI chuyên dụng mang đến khả năng xử lý AI tiên tiến, giúp tối ưu quy trình làm việc của người dùng.
Nội dung chính
1. Laptop Lenovo Thinkpad X1 Carbon Gen 13 Aura Edition 21NS010CVN - Hiệu suất AI mạnh mẽ
1.1. Hiệu năng xử lý AI mạnh mẽ, dẫn đầu xu hướng
1.2. RAM và ổ cứng tốc độ cao
1.3. Thiết kế mỏng nhẹ, bền bỉ
1.4. Intel Core Ultra thế hệ mới cùng với Intel Arc mạnh mẽ
1.5. Dung lượng pin bền bỉ và đa dạng cổng kết nối
1.6. Màn hình 14 inch, 2.8K cùng với tần số quét 120Hz
2. Mua laptop Lenovo Thinkpad X1 Carbon Gen 13 Aura Edition 21NS010CVN chính hãng tại CellphoneS
Laptop Lenovo Thinkpad X1 Carbon Gen 13 Aura Edition 21NS010CVN - Hiệu suất AI mạnh mẽ
Sản phẩm Lenovo Thinkpad X1 Carbon là sự kết hợp giữa sức mạnh từ vi xử lý Intel Core Ultra và tính linh hoạt, tiện lợi đến từ thiết kế. Sự hội tụ của những tính năng đột phá và thiết kế cao cấp đã biến laptop này thành một thiết bị đắc lực, hỗ trợ cho nhiều đối tượng người dùng.
Hiệu năng xử lý AI mạnh mẽ, dẫn đầu xu hướng
Laptop Lenovo Thinkpad X1 Carbon Gen 13 Aura Edition 21NS010CVN được trang bị NPU Intel AI Boost up to 47 TOPSmạnh mẽ. Laptop có thể đảm nhận các công việc, tác vụ về AI cực kỳ mượt mà. Nhờ đó, người dùng có thể làm việc hiệu quả và giảm sự phụ thuộc vào điện toán đám mây.
Khả năng xử lý AI mạnh mẽ với NPU chuyên dụng.
Việc tích hợp phần cứng AI chuyên biệt này giúp giảm tải đáng kể cho bộ vi xử lý trung tâm. Thông qua đó, hệ thống sẽ tối ưu được hiệu suất làm việc trên thiết bị. Điều này cũng góp phần kéo dài thời lượng pin khi người dùng phải làm việc liên tục.
RAM và ổ cứng tốc độ cao
Với 32GB RAM, laptop Lenovo Thinkpad X1 Carbon Gen 13 Aura Edition 21NS010CVN mang lại khả năng xử lý đa nhiệm tuyệt vời. Người dùng có thể làm việc trên nhiều tab trong cùng một lúc. Hệ thống luôn hoạt động ổn định, mượt mà, không xảy ra hiện tượng giật hay đơ máy.
Không gian lưu trữ cực lớn và RAM tốc độ cao.
Bên cạnh đó, SSD 1TB M.2 2280 PCIe mang đến tốc độ đọc dữ liệu siêu tốc. Nhờ vậy, tốc độ khi khởi động thiết bị và các phần mềm sẽ nhanh hơn đáng kể. Bên cạnh đó, không gian lưu trữ lớn này đáp ứng tốt các nhu cầu lưu trữ tài liệu lâu dài.
Thiết kế mỏng nhẹ, bền bỉ
Laptop Lenovo Thinkpad X1 Carbon Gen 13 Aura Edition 21NS010CVN ghi điểm nhờ trọng lượng chỉ 986g. Sản phẩm được hoàn thiện từ các sợi carbon và chất liệu hợp kim magie. Sự kết hợp trong thiết kế này mang đến một vẻ đẹp sang trọng chuẩn phong cách của một doanh nhân thành đạt.
Thiết kế từ sợi carbon siêu nhẹ đạt chuẩn quân đội.
Mặc dù sở hữu thiết kế siêu mỏng nhẹ, thiết bị vẫn vượt qua các bài kiểm tra theo tiêu chuẩn của quân đội khắt khe. Khung máy của thiết bị có khả năng chịu được va đập mạnh mẽ trong mọi hoàn cảnh. Nhờ đó, người dùng sẽ luôn an tâm khi mang thiết bị di chuyển liên tục.
Intel Core Ultra thế hệ mới cùng với Intel Arc mạnh mẽ
Trung tâm sức mạnh của laptop Lenovo Thinkpad X1 Carbon Gen 13 Aura Edition 21NS010CVN chính là con chip Intel Core Ultra 7 258V. Vi xử lý này cung cấp sức mạnh để xử lý cho mọi tác vụ cơ bản cho đến nâng cao. Các phần mềm chuyên dụng nặng nề đều được giải quyết mượt mà, trơn tru.
Vi xử lý Intel Core Ultra thế hệ mới tối ưu và mạnh mẽ.
Bên cạnh đó, card đồ họa tích hợp Intel Arc có khả năng kết xuất, xử lý hình ảnh sắc nét. Hệ thống đáp ứng được tốt cho các công việc liên quan đến đồ họa hoặc chỉnh sửa video cơ bản. Sự kết hợp giữa vi xử lý và card đồ họa tích hợp của Intel mang đến hiệu năng đa dụng cùng khả năng tiết kiệm điện năng ấn tượng.
Dung lượng pin bền bỉ và đa dạng cổng kết nối
Laptop Lenovo Thinkpad X1 Carbon Gen 13 Aura Edition 21NS010CVN sở hữu 3 viên pin dung lượng 57Wh, cung cấp năng lượng cho cả ngày. Bên cạnh đó, bộ sạc nhanh đi kèm giúp nạp đầy pin trong một khoảng thời gian ngắn. Người dùng có thể yên tâm mang laptop để làm việc ở bất cứ đâu.
Đa dạng cổng kết nối tốc độ cao và pin cực kỳ bền bỉ.
Các cổng kết nối, giao tiếp cũng được trang bị đầy đủ trên thiết bị như USB-A, Thunderbolt 4, HDMI, Jack cắm tai nghe 3,5mm. C
Màn hình 14 inch, 2.8K cùng với tần số quét 120Hz
Trải nghiệm thị giác trên laptop Lenovo Thinkpad X1 Carbon Gen 13 Aura Edition 21NS010CVN được nâng tầm nhờ tấm nền OLED 2.8K. Màn hình đạt độ sáng ấn tượng giúp mọi khung hình luôn hiển thị màu sắc rực rỡ và chân thực. Độ chuẩn màu này phục vụ tốt cho các công việc về xử lý hình ảnh, đồ họa.
Màn hình OLED 2.8K chuẩn màu sắc nét và 120Hz mượt mà.
Bên cạnh đó, tần số quét 120Hz giúp trải nghiệm thực tế ở các chuyển động trên màn hình trở nên mượt mà và uyển chuyển hơn. Màn hình còn được hãng tích hợp công nghệ Anti-glare giúp màn hình giảm hiện tượng lóa sáng khi có ánh sáng chiếu vào. 
Mua laptop Lenovo Thinkpad X1 Carbon Gen 13 Aura Edition 21NS010CVN chính hãng tại CellphoneS
Laptop Lenovo ThinkPad X1 Carbon Gen 13 Aura Edition 21NS010CVN đang được phân phối chính hãng tại hệ thống CellphoneS với mức giá tốt. Sản phẩm mới nguyên seal và đầy đủ phụ kiện đi kèm. Khách hàng sẽ nhận được những chính sách bảo hành minh bạch, uy tín khi mua sản phẩm tại hệ thống. Hãy đến ngay CellphoneS để trên tay chiếc laptop doanh nhân hiệu năng cao này.","{""Bộ xử lý & Đồ họa"": [{""name"": ""Chip AI"", ""value"": ""Intel AI Boost, up to 47 TOPS""}, {""name"": ""Loại card đồ họa"", ""value"": ""Intel Arc Graphics 140V""}, {""name"": ""Loại CPU"", ""value"": ""Intel Core Ultra 7 258V, 8 lõi (4P + 4LPE) / 8 luồng, Max Turbo up to 4.8GHz, 12MB Intel Smart Cache""}], ""Bộ nhớ RAM, Ổ cứng"": [{""name"": ""Dung lượng RAM"", ""value"": ""32GB""}, {""name"": ""Loại RAM"", ""value"": ""Soldered LPDDR5x-8533, MoP Memory""}, {""name"": ""Số khe ram"", ""value"": ""Onboard không nâng cấp""}, {""name"": ""Ổ cứng"", ""value"": ""1TB SSD M.2 2280 PCIe 5.0x4 Performance NVMe Opal 2.0, One drive, up to 2TB M.2 2280 SSD""}], ""Màn hình"": [{""name"": ""Tần số quét"", ""value"": ""120 Hz VRR""}, {""name"": ""Chất liệu tấm nền"", ""value"": ""Tấm nền Oled""}, {""name"": ""Kích thước màn hình"", ""value"": ""14 inches""}, {""name"": ""Công nghệ màn hình"", ""value"": ""Độ sáng 500 nits\nChống chói / chống phản chiếu / chống bám vân tay\nĐộ phủ màu 100% DCI-P3\nChuẩn DisplayHDR True Black 500\nDolby Vision""}, {""name"": ""Độ phân giải màn hình"", ""value"": ""2880 x 1800 pixels""}], ""Âm thanh"": [{""name"": ""Công nghệ âm thanh"", ""value"": ""Lunar Lake: SoundWire, Realtek ALC713 codec\nLoa âm thanh nổi, 2W x2, Dolby Atmos\nMicrophone 2x, 360°""}], ""Kích thước & Trọng lượng"": [{""name"": ""Chất liệu"", ""value"": ""Vỏ kim loại""}, {""name"": ""Chất liệu vỏ trên"", ""value"": ""Carbon Fiber""}, {""name"": ""Chất liệu vỏ dưới"", ""value"": ""Magiê""}, {""name"": ""Kích thước"", ""value"": ""312.80 x 214.75 x 8.08 / 14.37 (trước/sau), 16.95 (tối đa) mm""}, {""name"": ""Trọng lượng"", ""value"": ""986 g""}], ""Tiện ích khác"": [{""name"": ""Tính năng đặc biệt"", ""value"": ""Bảo mật vân tay, Nhận diện khuôn mặt, Màn hình Oled, Wi-Fi 7""}], ""Tính năng khác"": [{""name"": ""Loại đèn bàn phím"", ""value"": ""Đèn nền, tiếng Anh\nTrackpad""}, {""name"": ""Bảo mật"", ""value"": ""Discrete TPM 2.0 Enabled""}, {""name"": ""Webcam"", ""value"": ""FHD 1080p + IR Discrete với màn trập camera""}, {""name"": ""Hệ điều hành"", ""value"": ""Windows 11 Pro, English (US) / English (UK)""}], ""Pin & công nghệ sạc"": [{""name"": ""Pin"", ""value"": ""57Wh, 65W USB-C Slim GaN (3-pin)""}], ""Cổng kết nối"": [{""name"": ""Wi-Fi"", ""value"": ""Intel Wi-Fi 7 BE201, 802.11be 2x2""}, {""name"": ""Bluetooth"", ""value"": ""Bluetooth 5.4, vPro\nNFC""}, {""name"": ""Cổng giao tiếp"", ""value"": ""2 x USB-A (USB 3.2 Gen 1, 5Gbps – 1 cổng Always On)\n2 x USB-C (Thunderbolt 4 / USB4 40Gbps, hỗ trợ Power Delivery 3.0 & DisplayPort 2.1)\n1 x HDMI 2.1 (tối đa 4K/60Hz)\n1 x Jack tai nghe/micro 3,5mm""}]}","[""https://cdn2.cellphones.com.vn/x/media/catalog/product/l/a/laptop_lenovo_thinkpad_x1_carbon_gen_13_aura_edition_21ns010cvn_-_1.png"", ""https://cdn2.cellphones.com.vn/x/media/catalog/product/l/a/laptop_lenovo_thinkpad_x1_carbon_gen_13_aura_edition_21ns010cvn_-_2.png"", ""https://cdn2.cellphones.com.vn/x/media/catalog/product/l/a/laptop_lenovo_thinkpad_x1_carbon_gen_13_aura_edition_21ns010cvn_-_3.png""]","{""product_color_1"": {""color"": ""Đen"", ""image_url"": ""https://cellphones.com.vn/laptop-lenovo-thinkpad-x1-carbon-gen-13-aura-edition-21ns010cvn.html?product_id=124978"", ""price"": ""60.890.000₫""}}"
Laptop Lenovo IdeaPad Slim 3 OLED 14IRH10 83K0000BVN,laptop-lenovo-ideapad-slim-3-14irh10-83k0000bvn,22.490.000đ,20.590.000đ,"Đặc điểm nổi bật
Laptop Lenovo IdeaPad Slim 3 14IRH10 83K0000BVN trang bị chip Intel Core i5-13420H với dung lượng RAM tới 16GB chuẩn DDR5-4800, kèm ổ cứng SSD M.2 512GB. Không những vậy, màn hình OLED của laptop có độ phân giải WUXGA hiển thị sắc nét. Ngoài ra, viên pin dung lượng cao tích hợp hệ điều hành Windows 11 Home cho phép tối ưu hóa trải nghiệm.
Nội dung chính
1. Laptop Lenovo IdeaPad Slim 3 14IRH10 83K0000BVN – Chuyên dành cho dân văn phòng
1.1. RAM dung lượng 16GB, ổ cứng chuẩn PCIe 4.0
1.2. Ngoại hình tối giản, màu thanh lịch
1.3. CPU đa nhiệm, GPU mạnh mẽ
1.4. Pin thời lượng dài, đa cổng giao tiếp
1.5. Màn hình OLED, quét tốc độ nhanh
1.6. Tích hợp đèn bàn phím và webcam tiện lợi
2. Mua laptop Lenovo IdeaPad Slim 3 14IRH10 83K0000BVN giá tốt tại CellphoneS
Laptop Lenovo IdeaPad Slim 3 14IRH10 83K0000BVN – Chuyên dành cho dân văn phòng
Laptop Lenovo IdeaPad Slim 3 14IRH10 83K0000BVN sở hữu nhiều công nghệ tiên tiến, giúp đáp ứng từ nhu cầu làm việc, học tập đến giải trí. Với các đặc điểm ưu việt, dòng laptop Lenovo Ideapad này rất đáng cân nhắc trong phân khúc laptop mỏng nhẹ, hiệu năng cao.
RAM dung lượng 16GB, ổ cứng chuẩn PCIe 4.0
Laptop Lenovo IdeaPad Slim 3 14IRH10 83K0000BVN có dung lượng RAM lên tới 16GB với khả năng đa nhiệm tuyệt vời. Bên cạnh đó, người dùng có thể mở nhiều chương trình cùng lúc hoặc chỉnh sửa video, lập trình, chơi game. Chuẩn DDR5-4800 cũng góp phần tối ưu băng thông bộ nhớ để hạn chế độ trễ khi truy xuất dữ liệu. 
Máy còn cho phép nâng cấp bộ nhớ tối đa 24GB theo yêu cầu sử dụng. Cộng thêm ổ cứng SSD chuẩn PCIe 4.0 giúp tốc độ đọc và ghi nhanh. Nhờ vậy, máy có thể giảm thiểu thời gian khởi động ứng dụng, hệ điều hành và sao chép dữ liệu mượt mà. Ngoài ra, dung lượng ổ cứng 512GB còn tạo điều kiện để lưu trữ thoải mái tài liệu, hình ảnh và các phần mềm nặng. 
Ngoại hình tối giản, màu thanh lịch
Laptop Lenovo IdeaPad Slim 3 14IRH10 83K0000BVN ghi điểm với thiết kế hiện đại, tinh tế. Phiên bản sở hữu lớp vỏ cao cấp, đem lại cảm giác cứng cáp nhưng vẫn giữ được sự gọn nhẹ. Với trọng lượng nhẹ, thiết bị rất thuận tiện để đem theo bên mình. Đặc biệt, kiểu dáng gọn gàng của máy cũng phù hợp cho những đối tượng thường xuyên di chuyển. 
Máy được hoàn thiện với gam màu thời thượng, thích hợp với nhiều đối tượng người dùng. Ngoài ra, bề mặt laptop được xử lý tinh xảo giúp giữ vẻ ngoài thẩm mỹ. Các đường nét bo cong mềm mại cũng viền màn hình mỏng còn giúp nâng cao trải nghiệm thị giác. Thông qua đó, người xem có thể tối ưu không gian làm việc với hiệu quả tuyệt vời. 
CPU đa nhiệm, GPU mạnh mẽ
Laptop Lenovo IdeaPad Slim 3 14IRH10 83K0000BVN tích hợp vi xử lý Intel Core i5-13420H có 8 lõi 12 luồng. Theo đó, 4 nhân E-Cores hiệu suất cao đi kèm 4 P-Cores mang lại khả năng xử lý chuyên nghiệp. Cùng với xung nhịp cao, hệ thống có thể đẩy mạnh hiệu suất hoạt động. Người dùng có thể làm việc trên nhiều cửa sổ với phần mềm đồ họa một cách mượt mà.
Hơn thế nữa, laptop sở hữu bộ card Intel UHD Graphics hỗ trợ tốt cho các tác vụ đồ họa. GPU này giúp cải thiện hiệu suất lên đáng kể khi thực hiện các chuyển động nhanh. Kể cả khi sử dụng các công việc yêu cầu cấu hình cao, máy vẫn có thể đảm nhiệm tốt. Qua đó, phiên bản này rất hữu ích cho dân văn phòng để biên tập nội dung hay thiết kế, giải trí mỗi ngày.
Pin thời lượng dài, đa cổng giao tiếp
Laptop Lenovo IdeaPad Slim 3 14IRH10 83K0000BVN ẩn chứa pin đầu tròn 65W 3 chân cho thời gian sử dụng tới hàng giờ tùy điều kiện sử dụng. Nhờ đó, người dùng có thể làm việc cả ngày dài với hiệu năng ổn định. Công nghệ sạc nhanh tiên tiến còn cho phép quay lại công việc mà không bị gián đoạn. 
Mặt khác, hãng cũng tích hợp đầy đủ cổng giao tiếp thiết yếu cho máy tính. Chẳng hạn cổng HDMI 1.4 giúp xuất hình ảnh phân giải cao ra màn hình ngoài. Bên cạnh đó, laptop còn kèm theo nhiều cổng USB hỗ trợ truyền dữ liệu, kết nối thiết bị ngoại vi theo nhu cầu. Ngoài ra, chuẩn kết nối Wi-Fi 6, Bluetooth 5.2 hiện đại cũng duy trì tính liền mạch cho đường truyền.
Màn hình OLED, quét tốc độ nhanh
Laptop Lenovo IdeaPad Slim 3 14IRH10 83K0000BVN nổi bật với màn hình kích thước 14 inch hiển thị đầy đủ nội dung. Qua độ phân giải WUXGA, máy có thể tái tạo khung hình có độ tương phản cao với góc nhìn rộng. Công nghệ OLED đi kèm cũng giúp màu sắc được tái hiện chuyên sâu. Độ sáng đạt tối đa 400 nits mang đến chất lượng tốt khi quan sát ở ngoài trời. 
Với độ phủ màu 100% DCI-P3, nội dung sẽ được truyền tải một cách sống động, rực rỡ và chân thực. Không chỉ dừng lại ở đó, màn hình có tần số quét 60Hz còn giúp các chuyển động được kiến tạo rõ ràng, chính xác trên những khung cảnh nhanh, đồ họa cao. Với tốc độ phản hồi nhanh, thiết bị mang đến trải nghiệm tối ưu đối với tác vụ đòi hỏi độ chính xác cao.
Tích hợp đèn bàn phím và webcam tiện lợi
Laptop Lenovo IdeaPad Slim 3 14IRH10 83K0000BVN còn trang bị bàn phím có đèn LED trắng hỗ trợ làm việc hiệu quả tại môi trường thiếu sáng, đem lại trải nghiệm gõ phím chính xác. Nhờ ánh sáng nền dịu mắt, người dùng văn phòng hoặc học sinh – sinh viên có thể yên tâm sử dụng thiết bị liên tục mà không gặp tình trạng mỏi mắt hay sai thao tác khi gõ.
Bên cạnh đó, laptop Lenovo IdeaPad Slim 3 còn tích hợp webcam HD 720p đi kèm màn trập vật lý, giúp bảo vệ quyền riêng tư khi không sử dụng cuộc gọi video hoặc họp trực tuyến. Nhờ thiết kế này, người dùng có thể yên tâm về sự an toàn dữ liệu cá nhân trong môi trường làm việc số hiện nay, đồng thời duy trì kết nối hình ảnh rõ nét trong các cuộc họp.
Mua laptop Lenovo IdeaPad Slim 3 14IRH10 83K0000BVN giá tốt tại CellphoneS
Laptop Lenovo IdeaPad Slim 3 14IRH10 83K0000BVN là lựa chọn lý tưởng để phục vụ từ những nhu cầu cơ bản đến nâng cao. Nhanh chân ghé đến chi nhánh CellphoneS và rinh về mẫu laptop Lenovo chính hãng, giá bình dân.
Với các chính sách, đãi ngộ hấp dẫn mà cửa hàng đem đến, khách hàng sẽ có những giây phút trải nghiệm hài lòng khi mua sắm. Đi cùng sản phẩm là chế độ bảo hành lâu dài, tận tâm kèm với dịch vụ hỗ trợ trả góp, giao hàng uy tín.","{""Bộ xử lý & Đồ họa"": [{""name"": ""Loại card đồ họa"", ""value"": ""Intel UHD Graphics""}, {""name"": ""Loại CPU"", ""value"": ""Intel Core i5-13420H (8 lõi (4P + 4E) / 12 luồng, P-core 2.1/4.6GHz, E-core 1.5/3.4GHz, 12MB)""}], ""Bộ nhớ RAM, Ổ cứng"": [{""name"": ""Dung lượng RAM"", ""value"": ""16GB""}, {""name"": ""Loại RAM"", ""value"": ""DDR5-4800""}, {""name"": ""Số khe ram"", ""value"": ""8GB Onboard + 8GB SO-DIMM DDR5-4800 (Nâng cấp tối đa 24GB (8GB Onboard + 16GB SO-DIMM))""}, {""name"": ""Ổ cứng"", ""value"": ""512GB SSD M.2 2242 PCIe 4.0x4 NVMe""}], ""Màn hình"": [{""name"": ""Tần số quét"", ""value"": ""60Hz""}, {""name"": ""Chất liệu tấm nền"", ""value"": ""Tấm nền Oled""}, {""name"": ""Kích thước màn hình"", ""value"": ""14 inches""}, {""name"": ""Công nghệ màn hình"", ""value"": ""Độ sáng 400nits\nĐộ phủ màu 100% DCI-P3""}, {""name"": ""Độ phân giải màn hình"", ""value"": ""1920 x 1200 pixels (WUXGA)""}], ""Âm thanh"": [{""name"": ""Công nghệ âm thanh"", ""value"": ""Âm thanh độ nét cao (HD)""}], ""Cổng kết nối"": [{""name"": ""Khe đọc thẻ nhớ"", ""value"": ""Có""}, {""name"": ""Wi-Fi"", ""value"": ""Wi-Fi 6, 802.11ax 2x2""}, {""name"": ""Bluetooth"", ""value"": ""Bluetooth 5.2""}, {""name"": ""Cổng giao tiếp"", ""value"": ""2x USB-A (5Gbps / USB 3.2 Gen 1)\n1x USB-C (5Gbps / USB 3.2 Gen 1), với USB PD 3.0 và DisplayPort 1.2\n1x HDMI 1.4\n1x giắc cắm kết hợp tai nghe / micrô (3,5 mm)\n1x đầu nối nguồn""}], ""Tiện ích khác"": [{""name"": ""Tính năng đặc biệt"", ""value"": ""Wi-Fi 6, Màn hình Oled""}], ""Tính năng khác"": [{""name"": ""Loại đèn bàn phím"", ""value"": ""LED""}, {""name"": ""Webcam"", ""value"": ""HD 720p với màn trập camera""}, {""name"": ""Hệ điều hành"", ""value"": ""Windows 11 Home Single Language, English Office Trial""}], ""Pin & công nghệ sạc"": [{""name"": ""Pin"", ""value"": ""Đầu tròn 65W (3 chân)""}], ""Kích thước & Trọng lượng"": [{""name"": ""Trọng lượng"", ""value"": ""1.33kg""}]}","[""https://cdn2.cellphones.com.vn/x/media/catalog/product/l/a/laptop_lenovo_ideapad_slim_3_14irh10_83k0000bvn_-_1.png"", ""https://cdn2.cellphones.com.vn/x/media/catalog/product/l/a/laptop_lenovo_ideapad_slim_3_14irh10_83k0000bvn_-_2.png"", ""https://cdn2.cellphones.com.vn/x/media/catalog/product/l/a/laptop_lenovo_ideapad_slim_3_14irh10_83k0000bvn_-_3.png""]","{""product_color_1"": {""color"": ""Xám"", ""image_url"": ""https://cellphones.com.vn/laptop-lenovo-ideapad-slim-3-14irh10-83k0000bvn.html?product_id=100434"", ""price"": ""20.590.000₫""}}"
Laptop Lenovo Yoga 7 2-in-1 14IPH11 83TC002JVN,laptop-lenovo-yoga-7-2-in-1-14iph11-83tc002jvn,N/A,N/A,,"{""Bộ xử lý & Đồ họa"": [{""name"": ""Chip AI"", ""value"": ""Up to 49 TOPS""}, {""name"": ""Loại card đồ họa"", ""value"": ""Intel Graphics""}, {""name"": ""Loại CPU"", ""value"": ""Intel Core Ultra 7 355, 8 lõi (4P + 4LPE) / 8 luồng, Max Turbo up to 4.7GHz, 12MB Intel Smart Cache""}], ""Bộ nhớ RAM, Ổ cứng"": [{""name"": ""Dung lượng RAM"", ""value"": ""32GB""}, {""name"": ""Loại RAM"", ""value"": ""LPDDR5X-7467 Onboard""}, {""name"": ""Số khe ram"", ""value"": ""Không nâng cấp""}, {""name"": ""Ổ cứng"", ""value"": ""1TB SSD M.2 2242 PCIe 4.0x4 NVMe (Một ổ đĩa, SSD M.2 2242 dung lượng lên đến 2TB)""}], ""Màn hình"": [{""name"": ""Tần số quét"", ""value"": ""60 Hz""}, {""name"": ""Chất liệu tấm nền"", ""value"": ""Tấm nền Oled""}, {""name"": ""Kích thước màn hình"", ""value"": ""14 inches""}, {""name"": ""Công nghệ màn hình"", ""value"": ""Màn hình OLED 400 nits (Glossy, chống bám vân tay)\nĐộ phủ màu 100% DCI-P3, 100% sRGB\nDolby Vision\nTÜV Low Blue Light""}, {""name"": ""Độ phân giải màn hình"", ""value"": ""1920 x 1200 pixels (WUXGA)""}], ""Âm thanh"": [{""name"": ""Công nghệ âm thanh"", ""value"": ""SoundWire, codec Realtek ALC3347\n4 loa stereo (2W x2 woofer + 2W x2 tweeter)\nDolby Atmos\nSmart Amplifier (AMP)""}], ""Cổng kết nối"": [{""name"": ""Khe đọc thẻ nhớ"", ""value"": ""Có""}, {""name"": ""Wi-Fi"", ""value"": ""Wi-Fi 7, 802.11be 2x2""}, {""name"": ""Bluetooth"", ""value"": ""Bluetooth 5.4""}, {""name"": ""Cổng giao tiếp"", ""value"": ""1 x USB-A (USB 5Gbps, Always On)\n2 x Thunderbolt 4 (PD 45–65W, DisplayPort 2.1)\n1 x HDMI 2.1 (tối đa 4K/60Hz)\n1 x Jack tai nghe/mic 3.5 mm\n1 x khe thẻ microSD""}], ""Kích thước & Trọng lượng"": [{""name"": ""Chất liệu"", ""value"": ""Vỏ kim loại""}, {""name"": ""Chất liệu vỏ màn hình"", ""value"": ""Nhôm""}, {""name"": ""Chất liệu vỏ trên"", ""value"": ""Nhôm""}, {""name"": ""Chất liệu vỏ dưới"", ""value"": ""Nhôm""}, {""name"": ""Kích thước"", ""value"": ""317 x 228 x 15.45 mm (Dài x Rộng x Dày)""}, {""name"": ""Trọng lượng"", ""value"": ""1.38 kg""}], ""Tiện ích khác"": [{""name"": ""Tính năng đặc biệt"", ""value"": ""Màn hình cảm ứng, Xoay gập 360 độ (2 in 1), Nhận diện khuôn mặt, Màn hình Oled, Wi-Fi 7""}], ""Tính năng khác"": [{""name"": ""Loại đèn bàn phím"", ""value"": ""Đèn nền""}, {""name"": ""Bảo mật"", ""value"": ""Firmware TPM 2.0 Enabled""}, {""name"": ""Webcam"", ""value"": ""Camera 5.0MP + hồng ngoại với màn trập camera""}, {""name"": ""Hệ điều hành"", ""value"": ""Windows 11 Home Single Language, English + Microsoft 365 Basic + Office Home 2024 + Lenovo AI Now""}], ""Pin & công nghệ sạc"": [{""name"": ""Pin"", ""value"": ""70Wh, 65W USB-C Slim (2-pin, Wall-mount)""}]}","[""https://cdn2.cellphones.com.vn/x/media/catalog/product/l/a/laptop_lenovo_yoga_7_2-in-1_14iph11_83tc002jvn_-_1.png"", ""https://cdn2.cellphones.com.vn/x/media/catalog/product/l/a/laptop_lenovo_yoga_7_2-in-1_14iph11_83tc002jvn_-_2.png"", ""https://cdn2.cellphones.com.vn/x/media/catalog/product/l/a/laptop_lenovo_yoga_7_2-in-1_14iph11_83tc002jvn_-_3.png""]","{""product_color_1"": {""color"": ""Xám"", ""image_url"": ""https://cellphones.com.vn/laptop-lenovo-yoga-7-2-in-1-14iph11-83tc002jvn.html?product_id=130256"", ""price"": ""54.990.000₫""}}"
Laptop Lenovo Legion Pro 7 16IAX10H 83F500JGVN,laptop-lenovo-legion-pro-7-16iax10h-83f500jgvn,85.990.000đ,83.990.000đ,"Đặc điểm nổi bật
Laptop Lenovo Legion Pro 7 16IAX10H 83F500JGVN sở hữu Intel Core Ultra 9 275HX kết hợp card đồ họa RTX 5070 Ti 12GB thế hệ mới, cho hiệu năng cao. Màn hình 16 inch độ phân giải WQXGA và tần số quét 240Hz đem lại chất lượng hiển thị sắc nét. Hệ thống AI 1005 TOPS kết hợp pin 80 Wh duy trì hiệu suất ổn định. 
Nội dung chính
1. Laptop Lenovo Legion Pro 7 16IAX10H 83F500JGVN - Đỉnh cao công nghệ AI, hiệu năng mạnh mẽ
1.1. Công nghệ đột phá kết hợp AI thông minh
1.2. Hiệu năng vượt trội từ Intel Core Ultra 9 
1.3. Khả năng lưu trữ với RAM DDR5 ấn tượng
1.4. Thiết kế gaming và màu sắc Eclipse Black sang trọng
1.5. Màn hình WQXGA kết hợp tần số quét cao 240 Hz
1.6. Thời lượng pin bền bỉ và cổng kết nối đa dạng 
2. Mua ngay Laptop Lenovo Legion Pro 7 16IAX10H 83F500JGVN chính hãng tại CellphoneS
Laptop Lenovo Legion Pro 7 16IAX10H 83F500JGVN - Đỉnh cao công nghệ AI, hiệu năng mạnh mẽ
Laptop Lenovo Legion này thuộc phân khúc AI PC thế hệ mới, nổi bật với sự cộng hưởng giữa cấu hình hiệu năng cao và công nghệ AI. Legion Pro 7 16IAX10H giúp người dùng xử lý hiệu quả các tác vụ, từ giải trí đến làm việc sáng tạo.
Công nghệ đột phá kết hợp AI thông minh
Laptop Lenovo Legion Pro 7 16IAX10H 83F500JGVN trang bị chip xử lý AI chuyên biệt giúp tối ưu hóa tài nguyên hệ thống theo thời gian thực. Công nghệ Lenovo AI Now cho phép cá nhân hóa trải nghiệm của người dùng và nâng cao năng suất làm việc thông qua các trợ lý ảo thông minh.
AI Chip LA3 giúp tối ưu hóa sức mạnh hệ thống
Hệ thống AI Chip LA3 tự động nhận diện các tựa game đang khởi chạy để điều chỉnh công suất CPU và GPU sao cho đạt mức khung hình cao. Tính năng này giúp người dùng tận hưởng những trận chiến mượt mà mà không cần thực hiện các thao tác tùy chỉnh thủ công phức tạp.
Khả năng xử lý AI đạt tổng mức 1005 TOPS giúp các phần mềm đồ họa và sáng tạo nội dung vận hành với hiệu suất ấn tượng. Thiết bị cho phép người dùng thực hiện các tác vụ như tách nền video, render 3D hay xử lý ngôn ngữ tự nhiên với tốc độ phản hồi nhanh chóng.
Hiệu năng vượt trội từ Intel Core Ultra 9 
Chip Intel Core Ultra 9 275HX với cấu trúc 24 nhân xử lý cho phép người dùng giải quyết lượng lớn công việc một cách dễ dàng. Sức mạnh đồ họa của laptop Lenovo Legion Pro 7 16IAX10H 83F500JGVN còn đến từ card RTX 5070 Ti 12 GB GDDR7 với công nghệ Ray Tracing chân thực.
CPU và GPU mang lại hiệu năng cao cấp
Hệ thống khe tản nhiệt được bố trí khoa học, giúp vùng bàn phím duy trì nhiệt độ ổn định ngay cả khi máy hoạt động ở cường độ cao. Sự kết hợp này giúp máy vận hành êm ái và hạn chế tình trạng giảm xung nhịp khi xử lý các tác vụ nặng trong thời gian dài.
Khả năng lưu trữ với RAM DDR5 ấn tượng
Laptop Lenovo Legion Pro 7 16IAX10H 83F500JGVN sở hữu 32 GB RAM DDR5 tốc độ 6400 MHz giúp xử lý đa nhiệm mượt mà mà không gặp hiện tượng giật lag. Khả năng lưu trữ trên thiết bị cực kỳ linh hoạt với ổ cứng SSD 1TB PCIe 4.0 tốc độ cao.
RAM DDR5 mang đến khả năng lưu trữ linh hoạt
Sản phẩm trang bị thêm khe cắm SSD PCIe 5.0 thế hệ mới cho phép người dùng mở rộng dung lượng và nâng cao tốc độ đọc ghi. Việc tích hợp chuẩn bộ nhớ mới giúp khởi động máy và truy xuất tệp tin lớn chỉ trong vài giây.
Khả năng nâng cấp linh hoạt giúp máy duy trì hiệu suất dài lâu, sẵn sàng đáp ứng những yêu cầu khắt khe trong tương lai. Tốc độ truyền tải vượt trội giúp rút ngắn thời gian chờ đợi và tối ưu hóa quy trình làm việc chuyên nghiệp hàng ngày.
Thiết kế gaming và màu sắc Eclipse Black sang trọng
Lớp vỏ kim loại màu Eclipse Black bền bỉ tạo nên vẻ ngoài mạnh mẽ cho thiết bị. Mẫu Laptop Lenovo Legion Pro 7 16IAX10H 83F500JGVN còn sở hữu bàn phím RGB Per-key, hỗ trợ cá nhân hóa màu sắc theo phong cách riêng.
Thiết kế gaming sang trọng
Bề mặt máy được xử lý phun cát hạn chế bám mồ hôi giúp thiết bị luôn giữ được vẻ đẹp thẩm mỹ cao. Hệ thống bản lề được thiết kế vững chắc, mang lại cảm giác đóng mở mượt mà và duy trì độ ổn định trong quá trình sử dụng lâu dài.
Với trọng lượng lý tưởng, máy nằm gọn trong ba lô, sẵn sàng cùng người dùng di chuyển đến bất cứ đâu. Cấu trúc khung máy cứng cáp giúp bảo vệ linh kiện an toàn trước những va chạm vật lý không mong muốn trong quá trình di chuyển.
Màn hình WQXGA kết hợp tần số quét cao 240 Hz
Tấm nền OLED với độ sáng Peak lên đến 1100 nits và chuẩn DisplayHDR True Black 1000 cho phép người dùng làm việc đồ họa với độ chính xác cao. Trải nghiệm thị giác trên Laptop Lenovo Legion Pro 7 16IAX10H 83F500JGVN vô cùng mượt mà nhờ màn hình 16 inch tần số quét 240 Hz.
Trải nghiệm mượt mà, sắc nét với màn hình OLED
Công nghệ G-SYNC được tích hợp nhằm đồng bộ khung hình hiệu quả, mang lại chuyển động mượt mà khi hiển thị các nội dung tốc độ cao. Thiết kế viền mỏng giúp tối ưu diện tích hiển thị, mang lại trải nghiệm quan sát liền mạch và tập trung tối đa vào nội dung đang xử lý.
Màn hình được tối ưu khả năng kiểm soát ánh sáng xanh, mang lại cảm giác dễ chịu hơn cho mắt trong quá trình sử dụng kéo dài. Tấm nền OLED đạt chuẩn điện ảnh giúp nâng tầm mọi phút giây giải trí ngay tại căn phòng của người dùng.
Thời lượng pin bền bỉ và cổng kết nối đa dạng 
Laptop Lenovo Legion Pro 7 16IAX10H 83F500JGVN trang bị viên pin dung lượng lớn 80 Wh hỗ trợ người dùng sử dụng liên tục trong nhiều giờ đồng hồ. Các cổng kết nối trên thiết bị rất đa dạng với Thunderbolt 4 và HDMI 2.1 hiện đại.
Dung lượng pin lớn 80 Wh
Hệ thống quản lý điện năng thông minh giúp kéo dài tuổi thọ pin và tối ưu hóa công suất tiêu thụ dựa trên nhu cầu thực tế. Người dùng có thể yên tâm làm việc tại nơi không có nguồn điện trực tiếp mà không lo ngại vấn đề gián đoạn.
Kết nối Wi-Fi 7 và Bluetooth 5.4 mới mang lại đường truyền ổn định và kết nối nhanh chóng với các thiết bị ngoại vi. Các cổng kết nối được bố trí khoa học phía sau máy, hỗ trợ người dùng đi dây gọn gàng và thẩm mỹ. 
Mua ngay Laptop Lenovo Legion Pro 7 16IAX10H 83F500JGVN chính hãng tại CellphoneS
Hãy đến ngay CellphoneS để sở hữu laptop Lenovo Legion Pro 7 16IAX10H 83F500JGVN với mức giá hấp dẫn. Khách hàng được hỗ trợ tư vấn đầy đủ và nhận chính sách bảo hành uy tín cho sản phẩm từ CellphoneS. Smember còn có cơ hội nhận thêm chiết khấu từ hệ thống cửa hàng toàn quốc. Khách hàng có thể trải nghiệm trực tiếp tại cửa hàng hoặc đặt online để được giao hàng nhanh chóng.","{""Bộ xử lý & Đồ họa"": [{""name"": ""Chip AI"", ""value"": ""Intel AI Boost, up to 13 TOPS""}, {""name"": ""Loại card đồ họa"", ""value"": ""NVIDIA GeForce RTX 5070 Ti 12GB GDDR7, Boost Clock 2220MHz, TGP 140W, 992 AI TOPS""}, {""name"": ""Loại CPU"", ""value"": ""Intel Core Ultra 9 275HX, 24 lõi (8P + 16E) / 24 luồng, Max Turbo up to 5.4GHz, 36MB Intel Smart Cache""}], ""Bộ nhớ RAM, Ổ cứng"": [{""name"": ""Dung lượng RAM"", ""value"": ""32GB""}, {""name"": ""Loại RAM"", ""value"": ""CSODIMM DDR5-6400""}, {""name"": ""Số khe ram"", ""value"": ""2 khe (2 x 16GB, tối đa 32GB DDR5-6400)""}, {""name"": ""Ổ cứng"", ""value"": ""1TB SSD M.2 2242 PCIe 4.0x4 NVMe, tối đa 2TB""}], ""Màn hình"": [{""name"": ""Tần số quét"", ""value"": ""240 Hz""}, {""name"": ""Chất liệu tấm nền"", ""value"": ""Tấm nền Oled""}, {""name"": ""Kích thước màn hình"", ""value"": ""16 inches""}, {""name"": ""Công nghệ màn hình"", ""value"": ""Độ sáng 500 nits (điển hình) / 1100 nits (đỉnh)\nĐộ phủ màu 100% DCI-P3\nChuẩn DisplayHDR True Black 1000\nDolby Vision\nG-SYNC\nGiảm ánh sáng xanh\nHiệu năng chơi game cao\nChống nhấp nháy""}, {""name"": ""Độ phân giải màn hình"", ""value"": ""2560 x 1600 (WQXGA)""}], ""Âm thanh"": [{""name"": ""Công nghệ âm thanh"", ""value"": ""Âm thanh độ nét cao (HD), codec Realtek ALC3306\n4 loa stereo: 2W x2 (woofer) + 2W x2 (tweeter)\nTối ưu với Nahimic Audio\nKhuếch đại thông minh (Smart Amplifier / AMP)""}], ""Kích thước & Trọng lượng"": [{""name"": ""Chất liệu"", ""value"": ""Vỏ kim loại""}, {""name"": ""Chất liệu vỏ trên"", ""value"": ""Nhôm""}, {""name"": ""Chất liệu vỏ dưới"", ""value"": ""Nhôm""}, {""name"": ""Kích thước"", ""value"": ""364.38 x 275.94 x 21.9-26.65 mm (Dài x Rộng x Dày)""}, {""name"": ""Trọng lượng"", ""value"": ""2.57 kg""}], ""Tiện ích khác"": [{""name"": ""Tính năng đặc biệt"", ""value"": ""Màn hình Oled, Wi-Fi 7""}], ""Tính năng khác"": [{""name"": ""Loại đèn bàn phím"", ""value"": ""Bàn phím có đèn nền RGB từng phím, tiếng Anh""}, {""name"": ""Bảo mật"", ""value"": ""Firmware TPM 2.0 Enabled""}, {""name"": ""Webcam"", ""value"": ""5.0MP với màn trập camera""}, {""name"": ""Hệ điều hành"", ""value"": ""Windows 11 Home Single Language, English + Office Trial + Lenovo AI Now""}], ""Pin & công nghệ sạc"": [{""name"": ""Pin"", ""value"": ""80Wh, 400W Slim Tip (3-pin)""}], ""Cổng kết nối"": [{""name"": ""Wi-Fi"", ""value"": ""Wi-Fi 7, 802.11be 2x2""}, {""name"": ""Bluetooth"", ""value"": ""Bluetooth 5.4""}, {""name"": ""Cổng giao tiếp"", ""value"": ""3 x USB-A (2 x USB 3.2 Gen 1, 1 x USB 3.2 Gen 2 – Always On)\n2 x USB-C (1 x USB 3.2 Gen 2, 1 x Thunderbolt 4 / USB4 – hỗ trợ DisplayPort 2.1, Sạc)\n1 x HDMI 2.1 (tối đa 8K/60Hz)\n1 x Ethernet (2.5GbE RJ-45)\n1 x jack 3.5mm\n1 x cổng nguồn""}]}","[""https://cdn2.cellphones.com.vn/x/media/catalog/product/l/a/laptop_lenovo_legion_pro_7_16iax10h_83f500jgvn_-_1.png"", ""https://cdn2.cellphones.com.vn/x/media/catalog/product/l/a/laptop_lenovo_legion_pro_7_16iax10h_83f500jgvn_-_3.png"", ""https://cdn2.cellphones.com.vn/x/media/catalog/product/l/a/laptop_lenovo_legion_pro_7_16iax10h_83f500jgvn_-_2.png""]","{""product_color_1"": {""color"": ""Đen"", ""image_url"": ""https://cellphones.com.vn/laptop-lenovo-legion-pro-7-16iax10h-83f500jgvn.html?product_id=124083"", ""price"": ""83.990.000₫""}}"
Laptop Lenovo ThinkBook 14 G8 IAL 21SJ00EAVN,laptop-lenovo-thinkbook-14-g8-ial-21sj00eavn,26.999.000đ,24.490.000đ,"Đặc điểm nổi bật
Laptop Lenovo ThinkBook 14 G8 IAL 21SJ00EAVN là mẫu AI PC tiên tiến trang bị bộ vi xử lý Intel Core Ultra 5 135H tích hợp nhân NPU Intel AI Boost 11 TOPS. Với bộ nhớ RAM 16GB DDR5-5600, máy duy trì khả năng đa nhiệm mượt mà. Thiết bị còn đạt độ bền chuẩn quân đội MIL-STD-810H cùng gói bảo hành 2 năm cao cấp.
Nội dung chính
1. Laptop Lenovo ThinkBook 14 G8 IAL 21SJ00EAVN - Hiệu năng AI PC vượt trội
1.1. Trải nghiệm kỷ nguyên AI PC thế hệ mới
1.2. Sức mạnh đa nhiệm và không gian lưu trữ tốc độ cao
1.3. Thiết kế Aluminium sang trọng và độ bền chuẩn quân đội
1.4. Hiệu năng đột phá từ chip Intel Core Ultra
1.5. Năng lượng bền bỉ và kết nối đa phương tiện
1.6. Hiển thị sắc nét với khung hình tỷ lệ vàng
2. Mua ngay laptop Lenovo ThinkBook 14 G8 IAL 21SJ00EAVN chính hãng tại CellphoneS
Laptop Lenovo ThinkBook 14 G8 IAL 21SJ00EAVN - Hiệu năng AI PC vượt trội
Laptop Lenovo ThinkBook 14 G8 IAL 21SJ00EAVN là người đồng hành lý tưởng cho công việc văn phòng nhờ thiết kế thanh lịch và độ bền vượt trội. Sản phẩm mang lại sự an tâm với dịch vụ hỗ trợ cao cấp, giúp người dùng tập trung vào sự nghiệp.
Trải nghiệm kỷ nguyên AI PC thế hệ mới
Mẫu laptop Lenovo ThinkBook này đánh dấu bước tiến công nghệ với nhân xử lý AI chuyên biệt Intel AI Boost, mang đến hiệu suất lên tới 11 TOPS. Sự hiện diện của NPU tích hợp giúp máy tối ưu hóa các tác vụ thông minh, từ việc xử lý dữ liệu phức tạp đến việc tiết kiệm năng lượng hiệu quả hơn.
Intel AI Boost mang đến trải nghiệm làm việc thông minh
Bên cạnh phần cứng mạnh mẽ, laptop Lenovo ThinkBook 14 G8 IAL 21SJ00EAVN còn hỗ trợ các tính năng hiện đại như Modern Standby và Camera IR.
Sức mạnh đa nhiệm và không gian lưu trữ tốc độ cao
Máy được trang bị sẵn 16GB RAM DDR5 với bus tốc độ cao 5600 MHz, giúp thiết bị xử lý mượt mà các ứng dụng nặng và tác vụ đa nhiệm phức tạp. Với thiết kế hai khe cắm SODIMM, người dùng có thể dễ dàng nâng cấp bộ nhớ lên tối đa 64GB để đáp ứng nhu cầu công việc chuyên sâu trong tương lai.
Khả năng đa nhiệm mượt mà và không gian lưu trữ cao
Khả năng lưu trữ cũng là điểm cộng lớn với ổ cứng 512GB SSD M.2 PCIe 4.0x4 NVMe mang lại tốc độ truy xuất dữ liệu cực nhanh. Đặc biệt, laptop Lenovo ThinkBook 14 G8 IAL 21SJ00EAVN sở hữu tới hai khe cắm M.2 2280, cho phép mở rộng không gian lưu trữ mỗi ổ tối đa 2TB.
Thiết kế Aluminium sang trọng và độ bền chuẩn quân đội
Laptop sở hữu lớp vỏ Arctic Grey tinh tế, với mặt trên bằng nhôm cao cấp và mặt dưới làm từ nhựa PC-ABS bền bỉ. Với trọng lượng chỉ từ 1.36 kg và độ mỏng 17.5 mm, sản phẩm cực kỳ linh hoạt để người dùng mang theo bên mình mọi lúc mọi nơi.
Thiết kế vỏ nhôm Arctic Grey sang trọng
Dù mang vẻ ngoài thanh lịch, máy vẫn giữ sự bền bỉ đáng kinh ngạc khi vượt qua các bài kiểm tra khắc nghiệt MIL-STD-810H của quân đội Mỹ. Bề mặt máy được xử lý phun cát anodizing giúp hạn chế bám vân tay hiệu quả, giữ cho thiết bị luôn sạch sẽ và chuyên nghiệp trong mọi môi trường làm việc.
Hiệu năng đột phá từ chip Intel Core Ultra
Trái tim của laptop Lenovo ThinkBook 14 G8 IAL 21SJ00EAVN là bộ vi xử lý Intel Core Ultra 5 135H với 14 nhân và 18 luồng, cho phép đạt xung nhịp lên đến 4.6GHz. Đây là dòng chip SoC hiện đại không chỉ mạnh mẽ về xử lý tính toán mà còn cực kỳ tối ưu về điện năng tiêu thụ cho các dòng laptop mỏng nhẹ.
Hiệu năng đột phá từ chip Intel Core Ultra thế hệ mới 
Intel Arc Graphics tích hợp đảm nhiệm xử lý đồ họa, mang lại hiệu suất hình ảnh mạnh mẽ cho các tác vụ sáng tạo và giải trí. Sự kết hợp giữa CPU thế hệ mới và đồ họa Intel Arc giúp người dùng xử lý tốt các phần mềm đồ họa cơ bản và xem video độ phân giải cao một cách mượt mà.
Năng lượng bền bỉ và kết nối đa phương tiện
Laptop Lenovo ThinkBook 14 G8 IAL 21SJ00EAVN sở hữu viên pin 45Wh đi kèm sạc nhanh 65W USB-C tiện lợi, phù hợp cho một ngày làm việc năng động. Các cổng kết nối được trang bị cực kỳ đầy đủ với Thunderbolt 4, USB-C (10Gbps), HDMI 2.1 và cả cổng mạng RJ-45 để giúp đường truyền internet ổn định.
Thiết bị hỗ trợ xuất hình ảnh chất lượng cao qua chuẩn DisplayPort 2.1 tích hợp trực tiếp trên cổng Thunderbolt 4. Khả năng tương thích tốt với các giải pháp Docking giúp người dùng thiết lập không gian làm việc chuyên nghiệp chỉ bằng một sợi cáp.
Hệ thống cổng kết nối đa dạng hỗ trợ mọi nhu cầu
Người dùng còn tìm thấy những tiện ích thiết thực như đầu đọc thẻ SD và cổng USB-A ""Always On"" dùng để sạc các thiết bị ngoại vi ngay cả khi máy đã tắt. Với Wi-Fi 6E và Bluetooth 5.3, mọi kết nối không dây của laptop Lenovo ThinkBook 14 G8 IAL 21SJ00EAVN đều trở nên nhanh chóng và đạt độ trễ tối thiểu.
Hiển thị sắc nét với khung hình tỷ lệ vàng
Màn hình 14 inch độ phân giải WUXGA (1920x1200) mang lại không gian hiển thị rộng rãi hơn nhờ tỷ lệ khung hình 16:10 hiện đại. Với tấm nền IPS độ sáng 300 nits và lớp phủ kháng chói Anti-glare, người dùng có thể quan sát nội dung rõ ràng ngay cả trong môi trường ánh sáng mạnh.
Màn hình WUXGA sắc nét với viền siêu mỏng
Tần số quét 60Hz tiêu chuẩn kết hợp cùng công nghệ lọc ánh sáng xanh Low Blue Light của laptop Lenovo ThinkBook 14 G8 IAL 21SJ00EAVN giúp bảo vệ mắt. Viền màn hình siêu mỏng mang lại tỷ lệ diện tích hiển thị so với thân máy lên đến 90%, tạo hiệu ứng thị giác đắm chìm và tập trung tối đa.
Mua ngay laptop Lenovo ThinkBook 14 G8 IAL 21SJ00EAVN chính hãng tại CellphoneS
Mua ngay laptop Lenovo ThinkBook 14 G8 IAL 21SJ00EAVN chính hãng tại CellphoneS để nhận mức giá ưu đãi. Khách hàng yên tâm với chính sách bảo hành chính hãng và quy trình đổi trả minh bạch, nhanh chóng. 
Đội ngũ nhân viên chuyên nghiệp sẵn sàng tư vấn giúp khách hàng lựa chọn phương thức thanh toán linh hoạt. Đặc biệt, các thành viên Smember còn được hưởng thêm nhiều đặc quyền giảm giá.","{""Bộ xử lý & Đồ họa"": [{""name"": ""Chip AI"", ""value"": ""Intel AI Boost, up to 11 TOPS""}, {""name"": ""Loại card đồ họa"", ""value"": ""Intel Arc Graphics""}, {""name"": ""Loại CPU"", ""value"": ""Intel Core Ultra 5 135H, 14 lõi (4P + 8E + 2LPE) / 18 luồng, Max Turbo up to 4.6GHz, 18MB Intel Smart Cache""}], ""Bộ nhớ RAM, Ổ cứng"": [{""name"": ""Dung lượng RAM"", ""value"": ""16GB""}, {""name"": ""Loại RAM"", ""value"": ""SODIMM DDR5-5600""}, {""name"": ""Số khe ram"", ""value"": ""2 khe (1x 16GB, tối đa 64GB)""}, {""name"": ""Ổ cứng"", ""value"": ""512GB SSD M.2 2242 PCIe 4.0x4 NVMe (Hai khe cắm M.2 2280 PCIe 4.0 x4, tối đa 2TB)""}], ""Màn hình"": [{""name"": ""Tần số quét"", ""value"": ""60 Hz""}, {""name"": ""Chất liệu tấm nền"", ""value"": ""Tấm nền IPS""}, {""name"": ""Kích thước màn hình"", ""value"": ""14 inches""}, {""name"": ""Công nghệ màn hình"", ""value"": ""Độ sáng 300nits\nMàn hình chống chói\nĐộ phủ màu 45% NTSC""}, {""name"": ""Độ phân giải màn hình"", ""value"": ""1920 x 1200 pixels (WUXGA)""}], ""Âm thanh"": [{""name"": ""Công nghệ âm thanh"", ""value"": ""Âm thanh độ nét cao (HD)\ncodec Realtek ALC3287\nLoa stereo, 2W x2\nDolby Audio""}], ""Kích thước & Trọng lượng"": [{""name"": ""Chất liệu"", ""value"": ""Vỏ nhựa - nắp lưng kim loại""}, {""name"": ""Chất liệu vỏ trên"", ""value"": ""Nhôm""}, {""name"": ""Chất liệu vỏ dưới"", ""value"": ""Nhựa""}, {""name"": ""Kích thước"", ""value"": ""313.5 x 224 x 17.5 mm (Dài x Rộng x Dày)""}, {""name"": ""Trọng lượng"", ""value"": ""1.36 kg""}], ""Tiện ích khác"": [{""name"": ""Tính năng đặc biệt"", ""value"": ""Wi-Fi 6, Bảo mật vân tay, Nhận diện khuôn mặt""}], ""Tính năng khác"": [{""name"": ""Loại đèn bàn phím"", ""value"": ""Đèn nền, tiếng Anh""}, {""name"": ""Bảo mật"", ""value"": ""Firmware TPM 2.0 Enabled""}, {""name"": ""Webcam"", ""value"": ""Camera lai FHD 1080p + hồng ngoại với màn che riêng tư""}, {""name"": ""Hệ điều hành"", ""value"": ""Windows 11 Home Single Language, English (US) / English (UK)""}], ""Pin & công nghệ sạc"": [{""name"": ""Pin"", ""value"": ""45Wh, 65W USB-C (3-pin)""}], ""Cổng kết nối"": [{""name"": ""Wi-Fi"", ""value"": ""Wi-Fi 6E, 802.11ax 2x2""}, {""name"": ""Bluetooth"", ""value"": ""Bluetooth 5.3""}, {""name"": ""Cổng giao tiếp"", ""value"": ""2 x USB-A (5Gbps, 1 x Always On)\n1 x USB-C (10Gbps, PD 45–65W, DP 1.4)\n1 x USB-C (Thunderbolt 4 / USB4, 40Gbps, PD 45–65W, DP 2.1)\n1 x HDMI 2.1 (tối đa 4K/60Hz)\n1 x Jack tai nghe/mic 3.5 mm\n1 x RJ-45\n1 x Khe đọc thẻ SD""}]}","[""https://cdn2.cellphones.com.vn/x/media/catalog/product/l/a/laptop_lenovo_thinkbook_14_g8_ial_21sj00eavn_-_1.png"", ""https://cdn2.cellphones.com.vn/x/media/catalog/product/l/a/laptop_lenovo_thinkbook_14_g8_ial_21sj00eavn_-_2.png"", ""https://cdn2.cellphones.com.vn/x/media/catalog/product/l/a/laptop_lenovo_thinkbook_14_g8_ial_21sj00eavn_-_3.png""]","{""product_color_1"": {""color"": ""Xám"", ""image_url"": ""https://cellphones.com.vn/laptop-lenovo-thinkbook-14-g8-ial-21sj00eavn.html?product_id=126031"", ""price"": ""24.490.000₫""}}"
Laptop Lenovo Yoga Slim 7 14IMH9 83CV00D8VN,laptop-lenovo-yoga-slim-7-14imh9-83cv00d8vn,26.990.000đ,24.590.000đ,"Đặc điểm nổi bật
Laptop Lenovo Yoga Slim 7 14IMH9 83CV00D8VN được trang bị Intel Core Ultra 5-125H và NPU Intel AI Boost, cho hiệu năng mạnh mẽ khi xử lý tác vụ AI. Máy được trang bị 16GB RAM và màn hình công nghệ OLED 14 inch WUXGA cho hình ảnh sống động. Thiết kế mỏng nhẹ nhưng vẫn thể hiện được phong cách hiện đại.
Nội dung chính
1. Laptop Lenovo Yoga Slim 7 14IMH9 83CV00D8VN – Hiệu năng thông minh 
1.1. Hiệu suất tính toán, xử lý đồ họa vượt trội
1.2. RAM và ổ cứng tốc độ cao, khởi động tốn ít thời gian.
1.3. Thiết kế tinh tế, mỏng nhẹ, phù hợp phong cách hiện đại
1.4. Cổng kết nối đa dạng và pin có thời gian sử dụng lâu dài.
1.5. Màn hình OLED, công nghệ hiển thị chất lượng cao
1.6. Âm thanh Dolby Atmos, giải trí sống động 
2. Mua ngay laptop Lenovo Yoga Slim 7 14IMH9 83CV00D8VN chính hãng giá tốt tại CellphoneS
Laptop Lenovo Yoga Slim 7 14IMH9 83CV00D8VN – Hiệu năng thông minh 
Laptop Lenovo Yoga Slim là dòng laptop cao cấp hướng đến người dùng đang tìm kiếm một sản phẩm có thiết kế sang trọng nhưng hiệu năng mạnh mẽ. Vậy model laptop Lenovo AI này có điểm gì thu hút, hãy cùng tìm hiểu về sản phẩm ngay sau đây.
Hiệu suất tính toán, xử lý đồ họa vượt trội
Thiết bị được trang bị bộ vi xử lý Intel Core Ultra 5-125H (14 nhân, 18 luồng), cung cấp khả năng xử lý mạnh mẽ nhưng vẫn tiết kiệm điện năng. Với hiệu suất ổn định, máy đáp ứng tốt các tác vụ văn phòng, xử lý đa nhiệm, làm việc với nhiều phần mềm cùng lúc và hỗ trợ các nhu cầu sáng tạo nội dung. 
Hiệu năng đồ họa của laptop Lenovo Yoga Slim 7 14IMH9 83CV00D8VN được đảm bảo nhờ GPU tích hợp Intel Arc Graphics. Con chip này mang đến khả năng xử lý hình ảnh và video mượt mà, vượt trội hơn so với các dòng đồ họa tích hợp thông thường. 
Hiệu năng mạnh mẽ và AI thông minh
Ngoài bộ vi xử lý chính, thiết bị còn được tích hợp NPU Intel AI Boost hỗ trợ hiệu suất lên đến 11 TOPS. Máy cho phép tăng tốc các ứng dụng AI như nhận diện hình ảnh, xử lý giọng nói hay tối ưu năng lượng thông minh. Khả năng xử lý AI chuyên biệt này giúp thiết bị hoạt động mượt mà và thông minh hơn trong nhiều tình huống. 
RAM và ổ cứng tốc độ cao, khởi động tốn ít thời gian.
Lenovo Yoga Slim 7 được trang bị 16GB RAM LPDDR5 6400MHz, mang lại hiệu suất xử lý ổn định ngay cả khi làm việc với nhiều tài liệu hoặc phần mềm cùng lúc. Nhờ tốc độ RAM cao, các tác vụ chuyển đổi qua lại giữa ứng dụng diễn ra nhanh và mượt mà hơn, hạn chế tình trạng giật lag khi làm việc cường độ cao.
RAM và ổ cứng xử lý mượt 
Tuy bộ nhớ RAM của laptop Lenovo Yoga Slim 7 14IMH9 83CV00D8VN không thể nâng cấp, nhưng dung lượng 16GB vẫn đủ lớn để đáp ứng đa dạng nhu cầu. Máy hỗ trợ tốt từ việc văn phòng, học tập, cho đến chỉnh sửa hình ảnh và các tác vụ sáng tạo cơ bản mỗi ngày đều đáp ứng mượt mà.
Thiết kế tinh tế, mỏng nhẹ, phù hợp phong cách hiện đại
Máy được chế tác từ hợp kim nhôm mang lại khả năng bảo vệ tốt trước các va đập nhẹ cùng vẻ ngoài sang trọng phù hợp với xu hướng thiết kế hiện đại. Nhờ cấu trúc tối ưu, thiết bị có trọng lượng chỉ khoảng 1,40 kg, dễ dàng mang theo khi di chuyển, đáp ứng nhu cầu sử dụng linh hoạt. 
Thiết kế mỏng nhẹ, tinh tế
Kết hợp với độ mỏng ấn tượng và viền màn hình siêu mảnh, tổng thể thiết kế của máy trở nên tinh gọn và hiện đại hơn, mang lại trải nghiệm nhìn thoáng và cao cấp. Những yếu tố này giúp laptop Lenovo Yoga Slim 7 trở thành lựa chọn lý tưởng cho người dùng cần một thiết bị nhẹ, đẹp, bền bỉ để đồng hành mỗi ngày.
Cổng kết nối đa dạng và pin có thời gian sử dụng lâu dài.
Laptop Lenovo Yoga Slim 7 14IMH9 83CV00D8VN mang đến trải nghiệm tiện lợi với hệ thống kết nối đa dạng, hiệu suất pin bền bỉ và khả năng sử dụng linh hoạt. Máy được trang bị đa dạng các cổng giao tiếp như USB-C Thunderbolt 4, USB-A, HDMI và jack tai nghe 3.5mm, giúp người dùng có thể kết nối với nhiều thiết bị.
Kết nối đa dạng và thời lượng pin dài
Về mặt kết nối không dây, Wi-Fi 6E và Bluetooth 5.3 của thiết bị cung cấp tốc độ truyền ổn định và khả năng tải dữ liệu nhanh chóng. Pin của máy cho thời gian sử dụng thực tế đủ để đáp ứng tốt cho cả ngày làm việc di động. 
Màn hình OLED, công nghệ hiển thị chất lượng cao
Laptop Lenovo Yoga Slim 7 14IMH9 83CV00D8VN sỡ hửu màn hình kích thước 14 inch cùng độ phân giải WUXGA (1920 x 1200). Máy cho hình ảnh sắc nét với tấm nền OLED hiển thị màu sắc chính xác. Độ tương phản cao và màu đen sâu thẳm của tấm nền OLED, làm nổi bật từng chi tiết hình ảnh với tần số quét 60Hz mượt mà.
Màn hình sắc nét với công nghệ hiển thị cao cấp
Màn hình gương của máy mang lại màu sắc sống động nhờ độ sáng 400 nits và dải màu 100% DCI-P3, giúp hình ảnh hiển thị rực rỡ và có độ chính xác cao. Màn hình to có thể hiển thị được nhiều nội dung trên cùng không gian. Nhờ vậy, màn hình đáp ứng tốt cho các nhu cầu cần thiết và các tác vụ văn phòng hằng ngày.
Âm thanh Dolby Atmos, giải trí sống động 
Hệ thống 4 loa Dolby Atmos trên Lenovo Yoga Slim 7 mang lại chất lượng âm thanh rõ ràng, giàu chi tiết và có chiều sâu hơn nhiều so với các mẫu laptop thông thường. Khi xem phim hoặc nghe nhạc, người dùng có thể cảm nhận được hiệu ứng âm thanh sống động, đầy cảm xúc cùng khả năng tái tạo không gian rộng và trung thực.
Hệ thống âm thanh đa chiều hiện đại
Công nghệ Dolby Atmos của laptop Lenovo Yoga Slim 7 14IMH9 83CV00D8VN còn giúp âm thanh lan tỏa đa chiều, tạo cảm giác bao quanh tự nhiên. Hiệu ứng bao quanh này hỗ trợ tái tạo âm thanh chính xác theo từng hướng. Vì thế, máy rất phù hợp cho học tập, họp trực tuyến, xem nội dung giải trí và tận hưởng âm nhạc.
Mua ngay laptop Lenovo Yoga Slim 7 14IMH9 83CV00D8VN chính hãng giá tốt tại CellphoneS
Mua ngay laptop Lenovo Yoga Slim 7 14IMH9 83CV00D8VN tại CellphoneS để trải nghiệm sản phẩm chính hãng. Máy đi kèm chế độ bảo hành đầy đủ và hỗ trợ 1 đổi 1 nếu xuất hiện lỗi phần cứng do nhà sản xuất. Giá bán đã được tính kèm thuế VAT, để đảm bảo sự minh bạch và tiện lợi cho khách hàng. Hãy đến ngay hệ thống CellphoneS để trải nghiệm trực tiếp và sở hữu mẫu laptop này ngay hôm nay!","{""Bộ xử lý & Đồ họa"": [{""name"": ""Chip AI"", ""value"": ""Intel AI Boost, up to 11 TOPS""}, {""name"": ""Loại card đồ họa"", ""value"": ""Intel Arc Graphics""}, {""name"": ""Loại CPU"", ""value"": ""Intel Core Ultra 5 125H, 14 lõi (4P + 8E + 2LPE) / 18 luồng, Max Turbo up to 4.5GHz, 18MB""}], ""Bộ nhớ RAM, Ổ cứng"": [{""name"": ""Dung lượng RAM"", ""value"": ""16GB""}, {""name"": ""Loại RAM"", ""value"": ""LPDDR5-6400""}, {""name"": ""Số khe ram"", ""value"": ""Onboard không nâng cấp""}, {""name"": ""Ổ cứng"", ""value"": ""1TB SSD M.2 2242 PCIe 4.0x4 NVMe""}], ""Màn hình"": [{""name"": ""Tần số quét"", ""value"": ""60 Hz""}, {""name"": ""Chất liệu tấm nền"", ""value"": ""Tấm nền Oled""}, {""name"": ""Kích thước màn hình"", ""value"": ""14 inches""}, {""name"": ""Công nghệ màn hình"", ""value"": ""Độ sáng 400nits\nĐộ phủ màu 100% DCI-P3\nEyesafe\nDolby Vision\nDisplayHDR True Black 500""}, {""name"": ""Độ phân giải màn hình"", ""value"": ""1920 x 1200 pixels (WUXGA)""}], ""Âm thanh"": [{""name"": ""Công nghệ âm thanh"", ""value"": ""Âm thanh độ nét cao (HD)\nBộ giải mã Realtek ALC3306\nLoa stereo, 2W x4\nDolby Atmos\nBộ khuếch đại (AMP)""}], ""Kích thước & Trọng lượng"": [{""name"": ""Chất liệu"", ""value"": ""Vỏ kim loại""}, {""name"": ""Chất liệu vỏ màn hình"", ""value"": ""Nhôm""}, {""name"": ""Chất liệu vỏ trên"", ""value"": ""Nhôm""}, {""name"": ""Chất liệu vỏ dưới"", ""value"": ""Nhôm""}, {""name"": ""Kích thước"", ""value"": ""312 x 221 x 14.9 mm (Dài x Rộng x Dày)""}, {""name"": ""Trọng lượng"", ""value"": ""1.39 kg""}], ""Tiện ích khác"": [{""name"": ""Tính năng đặc biệt"", ""value"": ""Wi-Fi 6, Nhận diện khuôn mặt, Màn hình Oled""}], ""Tính năng khác"": [{""name"": ""Loại đèn bàn phím"", ""value"": ""Backlit, English""}, {""name"": ""Bảo mật"", ""value"": ""Firmware TPM 2.0""}, {""name"": ""Webcam"", ""value"": ""FHD 1080p + IR với màn trập điện tử, cảm biến ToF""}, {""name"": ""Hệ điều hành"", ""value"": ""Windows 11 Home Single Language, English + Microsoft 365 Basic + Office Home 2024""}], ""Pin & công nghệ sạc"": [{""name"": ""Pin"", ""value"": ""65Wh, 65W USB-C Slim (Wall-mount)""}], ""Cổng kết nối"": [{""name"": ""Wi-Fi"", ""value"": ""Wi-Fi 6E, 802.11ax 2x2""}, {""name"": ""Bluetooth"", ""value"": ""Bluetooth 5.3""}, {""name"": ""Cổng giao tiếp"", ""value"": ""1x USB-A (USB 5Gbps / USB 3.2 Gen 1), Luôn bật\n2x USB-C (Thunderbolt 4 / USB 4 40Gbps), với USB PD 3.1 và DisplayPort 1.4\n1x HDMI 2.1, lên đến 4K/60Hz\n1x Giắc cắm kết hợp tai nghe/micrô (3.5mm)""}]}","[""https://cdn2.cellphones.com.vn/x/media/catalog/product/l/a/laptop_lenovo_yoga_slim_7_14imh9_83cv00d8vn_-_1.png"", ""https://cdn2.cellphones.com.vn/x/media/catalog/product/l/a/laptop_lenovo_yoga_slim_7_14imh9_83cv00d8vn_-_2.png"", ""https://cdn2.cellphones.com.vn/x/media/catalog/product/l/a/laptop_lenovo_yoga_slim_7_14imh9_83cv00d8vn_-_3.png""]","{""product_color_1"": {""color"": ""Xám"", ""image_url"": ""https://cellphones.com.vn/laptop-lenovo-yoga-slim-7-14imh9-83cv00d8vn.html?product_id=116708"", ""price"": ""24.590.000₫""}}"
Laptop Lenovo IdeaPad Slim 3 14ARP10 83K600A8VN,laptop-lenovo-ideapad-slim-3-14arp10-83k600a8vn,23.490.000đ,18.890.000đ,,"{""Bộ xử lý & Đồ họa"": [{""name"": ""Loại card đồ họa"", ""value"": ""AMD Radeon 660M Graphics""}, {""name"": ""Loại CPU"", ""value"": ""AMD Ryzen 5 7535HS (6 lõi / 12 luồng, 3.3 / 4.55GHz, 3MB L2 / 16MB L3)""}], ""Bộ nhớ RAM, Ổ cứng"": [{""name"": ""Dung lượng RAM"", ""value"": ""16GB""}, {""name"": ""Loại RAM"", ""value"": ""DDR5-4800""}, {""name"": ""Số khe ram"", ""value"": ""2 khe (8GB Soldered + 8GB SODIMM, nâng cấp tối đa 24GB (8GB soldered + 16GB SODIMM))""}, {""name"": ""Ổ cứng"", ""value"": ""512GB SSD M.2 2242 PCIe 4.0x4 NVMe (Hai khe cắm M.2 2242 PCIe 4.0 x4, tối đa 1TB)""}], ""Màn hình"": [{""name"": ""Chất liệu tấm nền"", ""value"": ""Tấm nền IPS""}, {""name"": ""Kích thước màn hình"", ""value"": ""14 inches""}, {""name"": ""Công nghệ màn hình"", ""value"": ""Màn hình chống chói\nĐộ sáng 300nits\nĐộ phủ màu 45% NTSC""}, {""name"": ""Độ phân giải màn hình"", ""value"": ""1920 x 1200 pixels (WUXGA)""}], ""Âm thanh"": [{""name"": ""Công nghệ âm thanh"", ""value"": ""Âm thanh độ nét cao (HD)\nLoa âm thanh nổi, 2W x2\nDolby Audio""}], ""Cổng kết nối"": [{""name"": ""Khe đọc thẻ nhớ"", ""value"": ""Có""}, {""name"": ""Wi-Fi"", ""value"": ""Wi-Fi 6, 802.11ax 2x2""}, {""name"": ""Bluetooth"", ""value"": ""Bluetooth 5.3""}, {""name"": ""Cổng giao tiếp"", ""value"": ""2 x USB-A (USB 5Gbps / USB 3.2 Gen 1)\n1 x USB-C (USB 5Gbps / USB 3.2 Gen 1), hỗ trợ USB PD 45-65W và DisplayPort 1.2\n1 x HDMI 1.4\n1 x Giắc cắm tai nghe/micro kết hợp (3.5mm)\n1 x Đầu đọc thẻ SD\n1 x Đầu nối nguồn tròn""}], ""Kích thước & Trọng lượng"": [{""name"": ""Chất liệu"", ""value"": ""Vỏ nhựa - nắp lưng kim loại""}, {""name"": ""Chất liệu vỏ trên"", ""value"": ""Nhôm""}, {""name"": ""Chất liệu vỏ dưới"", ""value"": ""Nhựa""}, {""name"": ""Kích thước"", ""value"": ""314.4 x 222.1 x 16.9-17.9 mm (Dài x Rộng x Dày)""}, {""name"": ""Trọng lượng"", ""value"": ""1.39 kg""}], ""Tiện ích khác"": [{""name"": ""Tính năng đặc biệt"", ""value"": ""Wi-Fi 6""}], ""Tính năng khác"": [{""name"": ""Loại đèn bàn phím"", ""value"": ""Không có đèn nền""}, {""name"": ""Bảo mật"", ""value"": ""Firmware TPM 2.0 Enabled""}, {""name"": ""Webcam"", ""value"": ""Độ phân giải HD 720p với màn trập camera""}, {""name"": ""Hệ điều hành"", ""value"": ""Windows 11 Home Single Language, English""}], ""Pin & công nghệ sạc"": [{""name"": ""Pin"", ""value"": ""50Wh, 65W Round Tip (3-pin)""}]}","[""https://cdn2.cellphones.com.vn/x/media/catalog/product/l/a/laptop_lenovo_ideapad_slim_3_14arp10_83k600a8vn_-_1.png"", ""https://cdn2.cellphones.com.vn/x/media/catalog/product/l/a/laptop_lenovo_ideapad_slim_3_14arp10_83k600a8vn_-_2.png"", ""https://cdn2.cellphones.com.vn/x/media/catalog/product/l/a/laptop_lenovo_ideapad_slim_3_14arp10_83k600a8vn_-_3.png""]","{""product_color_1"": {""color"": ""Xám"", ""image_url"": ""https://cellphones.com.vn/laptop-lenovo-ideapad-slim-3-14arp10-83k600a8vn.html?product_id=127741"", ""price"": ""18.890.000₫""}}"
Laptop Lenovo ThinkPad E14 Gen 7 21U2003QVN,laptop-lenovo-thinkpad-e14-gen-7-21u2003qvn,N/A,N/A,"Đặc điểm nổi bật
Laptop Lenovo ThinkPad E14 Gen 7 21U2003QVN sở hữu chip Intel Core Ultra 5 226V mạnh mẽ tích hợp AI chuyên sâu cùng bộ nhớ RAM 16GB LPDDR5x siêu tốc. Vỏ nhôm đen bền bỉ, màn hình WUXGA tỷ lệ 16:10 hiển thị chi tiết. Chuẩn Copilot+ PC, bảo mật ThinkShield và Thunderbolt 4 đáp ứng tốt nhu cầu làm việc hiện đại. 
Nội dung chính
1. Laptop Lenovo ThinkPad E14 Gen 7 21U2003QVN – Kỷ nguyên Copilot + PC cho doanh nhân
1.1. Thông minh hơn với Copilot+ và NPU mạnh mẽ
1.2. Bộ nhớ RAM LPDDR5x siêu tốc và PCIe 4.0 Opal 2.0
1.3. Mỏng nhẹ tinh tế, bền bỉ mọi hành trình
1.4. Đột phá hiệu năng với Intel Lunar Lake
1.5. Viên pin 48Wh bền bỉ cùng cổng kết nối toàn diện
1.6. Tối ưu hiển thị với tỉ lệ vàng 16:10
2. Mua laptop Lenovo ThinkPad E14 Gen 7 21U2003QVN chính hãng tại CellphoneS
Laptop Lenovo ThinkPad E14 Gen 7 21U2003QVN – Kỷ nguyên Copilot + PC cho doanh nhân
Mẫu Lenovo ThinkPad E14 mở ra trải nghiệm làm việc mới với nền tảng Copilot+ PC tích hợp AI ngay trên thiết bị. Đây là bước tiến giúp doanh nhân tận dụng sức mạnh AI để làm việc hiệu quả và linh hoạt hơn.
Thông minh hơn với Copilot+ và NPU mạnh mẽ
Laptop Lenovo ThinkPad E14 Gen 7 21U2003QVN được trang bị NPU Intel AI Boost thế hệ mới, mang lại khả năng xử lý AI mạnh mẽ với hiệu năng lên tới 40 TOPS. Nhờ bộ xử lý AI này, các tác vụ trí tuệ nhân tạo có thể được xử lý trực tiếp trên thiết bị, giúp giảm tải cho CPU và GPU, đồng thời tối ưu hiệu suất hoạt động.

Vi xử lý Intel Core Ultra tích hợp AI thông minh
AI giúp tự động tối ưu hình ảnh trong cuộc họp trực tuyến, lọc tiếng ồn thông minh hay nhận diện khuôn mặt bằng Windows Hello. Giải pháp này mang lại trải nghiệm thuận tiện hơn cho người dùng doanh nghiệp khi làm việc và họp trực tuyến.
Hệ thống bảo mật ThinkShield kết hợp cùng nhân NPU giúp nhận diện các mối đe dọa tiềm ẩn theo thời gian thực. Chip TPM 2.0 mang đến lớp bảo vệ đáng tin cậy cho dữ liệu lưu trữ trên thiết bị. Giải pháp này kết hợp công nghệ hiện đại với các tiêu chuẩn an toàn đáng tin cậy cho người dùng doanh nghiệp.
Bộ nhớ RAM LPDDR5x siêu tốc và PCIe 4.0 Opal 2.0
Năng suất công việc của laptop Lenovo ThinkPad E14 Gen 7 21U2003QVN được đẩy lên tối đa nhờ thanh RAM 16GB LPDDR5x với tốc độ bus ""khủng"" 8533MHz. Mọi thao tác chuyển đổi giữa hàng chục tab trình duyệt hay file Excel nặng đều mượt mà và ổn định.

RAM LPDDR5x và SSD tốc độ cao, đa nhiệm mượt
Không chỉ nhanh, ổ cứng SSD 512GB PCIe Gen 4 còn giúp quên đi cảm giác phải chờ đợi khi khởi động máy. Công nghệ Opal 2.0 tích hợp sẵn đóng vai trò như một ""két sắt"" mã hóa dữ liệu ngay từ phần cứng. Nếu nhu cầu lưu trữ tăng cao, người dùng có thể dễ dàng nâng cấp dung lượng lên 1TB.
Sự phối hợp giữa RAM tốc độ cao và ổ cứng thế hệ mới giúp mọi thao tác trở nên mượt mà, mang lại cảm giác phản hồi tức thì trong từng cú click. Giải pháp này giúp tối ưu khả năng xử lý công việc linh hoạt suốt cả ngày.
Mỏng nhẹ tinh tế, bền bỉ mọi hành trình
Laptop Lenovo ThinkPad E14 Gen 7 21U2003QVN sở hữu lớp vỏ nhôm cao cấp, mang lại vẻ ngoài sang trọng đồng thời hỗ trợ tản nhiệt tốt. Tông màu Đen (Black) truyền thống vẫn giữ được sức hút riêng, khẳng định phong cách chuyên nghiệp và đẳng cấp của dòng ThinkPad.

Vỏ nhôm bền bỉ chuẩn quân đội, nhẹ chỉ 1.32kg
Với trọng lượng chỉ từ 1.32kg, thiết bị đảm bảo tính cơ động tuyệt vời để đồng hành cùng người dùng trên mọi hành trình. Kết cấu bền bỉ đạt chuẩn quân đội giúp máy chịu được các va chạm ngoài ý muốn, tạo sự an tâm khi làm việc trong môi trường di động.
Nhờ tích hợp đèn nền, bàn phím ThinkPad vẫn đảm bảo thao tác gõ mượt và chính xác ngay cả khi ánh sáng không đủ. Từng đường nét được hoàn thiện tỉ mỉ, tạo nên một tổng thể chắc chắn nhưng vẫn giữ được sự tinh tế, gọn nhẹ cần thiết.
Đột phá hiệu năng với Intel Lunar Lake
Laptop Lenovo ThinkPad E14 Gen 7 21U2003QVN vận hành nhờ chip Intel Core Ultra 5 226V thuộc dòng Lunar Lake, sở hữu 8 nhân và xung nhịp tối đa 4.5GHz. Sự nâng cấp này giúp máy xử lý mượt mà từ các bảng tính phức tạp đến các phần mềm đồ họa chuyên dụng mà vẫn duy trì được sự ổn định.

Đồ họa Intel Arc xử lý hình ảnh chuyên nghiệp
Card đồ họa tích hợp Intel Arc Graphics 130V tạo ra bước nhảy vọt về hiệu suất hình ảnh, đáp ứng tốt nhu cầu thiết kế và biên tập video cơ bản. Sự kết hợp này giúp hệ thống vận hành trơn tru hơn, đồng thời tối ưu hóa lượng điện năng tiêu thụ để máy luôn mát mẻ khi làm việc cường độ cao.
Viên pin 48Wh bền bỉ cùng cổng kết nối toàn diện
Với viên pin 48Wh, laptop Lenovo ThinkPad E14 Gen 7 21U2003QVN đảm bảo khả năng vận hành bền bỉ phục vụ công việc văn phòng suốt nhiều giờ. Công nghệ sạc nhanh qua cổng USB-C giúp nạp đầy năng lượng trong thời gian ngắn, đảm bảo tiến độ công việc không bị gián đoạn khi phải di chuyển.

Đầy đủ cổng Thunderbolt 4 và HDMI kết nối nhanh
Hệ thống cổng kết nối cực kỳ đầy đủ với Thunderbolt 4 và HDMI 2.1, hỗ trợ xuất hình ảnh chất lượng cao và truyền dữ liệu tốc độ cao. Sự hiện diện của cổng mạng LAN RJ-45 truyền thống giúp duy trì kết nối internet ổn định, đáp ứng mọi nhu cầu khắt khe của môi trường doanh nghiệp.
Tối ưu hiển thị với tỉ lệ vàng 16:10
Màn hình 14 inch với độ phân giải WUXGA (1920x1200) cùng tỉ lệ 16:10 mở rộng không gian hiển thị theo chiều dọc, hỗ trợ đọc văn bản và xử lý số liệu dễ dàng hơn. Nhờ tấm nền IPS cùng công nghệ hạn chế phản chiếu, màn hình laptop Lenovo ThinkPad E14 Gen 7 21U2003QVN vẫn đảm bảo hiển thị rõ ràng và dễ quan sát.

Màn hình 16:10 sắc nét, tối ưu không gian làm việc
Độ sáng 300 nits đảm bảo mọi chi tiết hiển thị rõ nét, trong khi tần số quét 60Hz giữ cho các chuyển động trên màn hình luôn ổn định. Đây là lựa chọn lý tưởng để bảo vệ thị lực và mang lại trải nghiệm làm việc thoải mái cho những người thường xuyên phải tiếp xúc với màn hình máy tính.
Mua laptop Lenovo ThinkPad E14 Gen 7 21U2003QVN chính hãng tại CellphoneS
Trải nghiệm ngay laptop Lenovo ThinkPad E14 Gen 7 21U2003QVN tại CellphoneS để nhận giá hời và chính sách bảo hành cao cấp. Hệ thống không chỉ cung cấp máy chính hãng 100% mà còn hỗ trợ khách hàng lên đời thiết bị cực kỳ tiết kiệm. Đặc biệt, Smember và học sinh, sinh viên luôn được ưu tiên nhận mức chiết khấu sâu đi kèm quà tặng hấp dẫn. Rinh ngay Lenovo ThinkPad E14 Gen 7 tại CellphoneS!","{""Bộ xử lý & Đồ họa"": [{""name"": ""Chip AI"", ""value"": ""Intel AI Boost, up to 40 TOPS""}, {""name"": ""Loại card đồ họa"", ""value"": ""Intel Arc Graphics 130V""}, {""name"": ""Loại CPU"", ""value"": ""Intel Core Ultra 5 226V, 8 lõi (4P + 4LPE) / 8 luồng, Max Turbo up to 4.5GHz, 8MB Intel Smart Cache""}], ""Bộ nhớ RAM, Ổ cứng"": [{""name"": ""Dung lượng RAM"", ""value"": ""16GB""}, {""name"": ""Loại RAM"", ""value"": ""LPDDR5x-8533, MoP Memory""}, {""name"": ""Số khe ram"", ""value"": ""Onboard không nâng cấp""}, {""name"": ""Ổ cứng"", ""value"": ""512GB SSD M.2 2242 PCIe 4.0x4 NVMe Opal 2.0 (Một ổ đĩa, SSD M.2 2280 dung lượng lên đến 1TB)""}], ""Màn hình"": [{""name"": ""Tần số quét"", ""value"": ""60 Hz""}, {""name"": ""Chất liệu tấm nền"", ""value"": ""Tấm nền IPS""}, {""name"": ""Kích thước màn hình"", ""value"": ""14 inches""}, {""name"": ""Công nghệ màn hình"", ""value"": ""Độ sáng 300nits\nMàn hình chống chói\nĐộ phủ màu 45% NTSC""}, {""name"": ""Độ phân giải màn hình"", ""value"": ""1920 x 1200 pixels (WUXGA)""}], ""Âm thanh"": [{""name"": ""Công nghệ âm thanh"", ""value"": ""Âm thanh độ nét cao (HD)\ncodec Senary SN6147\nLoa âm thanh nổi, 2W x2\nDolby Atmos""}], ""Kích thước & Trọng lượng"": [{""name"": ""Chất liệu"", ""value"": ""Vỏ kim loại""}, {""name"": ""Chất liệu vỏ màn hình"", ""value"": ""Nhôm""}, {""name"": ""Chất liệu vỏ trên"", ""value"": ""Nhôm""}, {""name"": ""Chất liệu vỏ dưới"", ""value"": ""Nhôm""}, {""name"": ""Kích thước"", ""value"": ""313 x 220.3 x 10.1/15.25 (trước/sau), 19.7 (tối đa) mm (Dài x Rộng x Dày)""}, {""name"": ""Trọng lượng"", ""value"": ""1.32 kg""}], ""Tiện ích khác"": [{""name"": ""Tính năng đặc biệt"", ""value"": ""Wi-Fi 6, Bảo mật vân tay, Nhận diện khuôn mặt""}], ""Tính năng khác"": [{""name"": ""Loại đèn bàn phím"", ""value"": ""Đèn nền, tiếng Anh""}, {""name"": ""Bảo mật"", ""value"": ""Discrete TPM 2.0 Enabled""}, {""name"": ""Webcam"", ""value"": ""Camera lai FHD 1080p + hồng ngoại với màn che riêng tư""}, {""name"": ""Hệ điều hành"", ""value"": ""Windows 11 Home, English (US) / English (UK)""}], ""Pin & công nghệ sạc"": [{""name"": ""Pin"", ""value"": ""48Wh, 65W USB-C (3-pin)""}], ""Cổng kết nối"": [{""name"": ""Wi-Fi"", ""value"": ""Intel Wi-Fi 6E AX211, 802.11ax 2x2""}, {""name"": ""Bluetooth"", ""value"": ""Bluetooth 5.3""}, {""name"": ""Cổng giao tiếp"", ""value"": ""1 x USB-A (5Gbps)\n1 x USB-A (10Gbps, Always On)\n1 x USB-C (Thunderbolt 4 / USB4, 40Gbps, PD 45–65W, DisplayPort 2.1)\n1 x HDMI 2.1 (tối đa 4K/60Hz)\n1 x Jack tai nghe/mic 3.5 mm\n1 x Ethernet (RJ-45)""}]}","[""https://cdn2.cellphones.com.vn/x/media/catalog/product/l/a/laptop_lenovo_thinkpad_e14_gen_7_21u2003qvn_-_1.png"", ""https://cdn2.cellphones.com.vn/x/media/catalog/product/l/a/laptop_lenovo_thinkpad_e14_gen_7_21u2003qvn_-_2.png"", ""https://cdn2.cellphones.com.vn/x/media/catalog/product/l/a/laptop_lenovo_thinkpad_e14_gen_7_21u2003qvn_-_3.png""]","{""product_color_1"": {""color"": ""Đen"", ""image_url"": ""https://cellphones.com.vn/laptop-lenovo-thinkpad-e14-gen-7-21u2003qvn.html?product_id=126033"", ""price"": ""28.990.000₫""}}"
Laptop Lenovo ThinkBook 14 G9 IRL 21UY008TVN,laptop-lenovo-thinkbook-14-g9-irl-21uy008tvn,24.990.000đ,22.990.000đ,"Đặc điểm nổi bật
Laptop Lenovo Thinkbook 14 G9 IRL 21UY008TVN sở hữu bộ xử lý Intel Core i5-13420H cùng card đồ họa Intel UHD Graphics xử lý tốt hình ảnh và video. Máy tính được tích hợp sẵn RAM 16GB cùng dung lượng 512GB, giúp tăng cường tốc độ xử lý dữ liệu. Sản phẩm được tích hợp thêm màn hình khử chói vượt trội.
Nội dung chính
1. Laptop Lenovo Thinkbook 14 G9 IRL 21UY008TVN - Hiệu năng ổn định
1.1. RAM 16GB DDR5-5200, SSD 512GB xử lý tốc độ cao
1.2. Gam màu xám hiện đại cùng thiết kế mỏng nhẹ
1.3. Hiệu năng CPU Intel Core i5-13420H và đồ họa sắc nét
1.4. Pin 48Wh, sạc 65W USB-C vận hành bền bỉ
1.5. Màn hình 14 inches gọn gàng, vừa phải
2. Mua laptop Lenovo Thinkbook 14 G9 IRL 21UY008TVN giá tốt tại CellphoneS
Laptop Lenovo Thinkbook 14 G9 IRL 21UY008TVN - Hiệu năng ổn định
Lenovo Thinkbook 14 G9 IRL 21UY008TVN là sự lựa chọn tối ưu cho học tập và làm việc hàng ngày. Dòng laptop Lenovo Thinkbook này nổi bật với thiết kế mỏng nhẹ và hiệu năng mạnh mẽ giúp xử lý các tác vụ một cách mượt mà.
RAM 16GB DDR5-5200, SSD 512GB xử lý tốc độ cao
Laptop Lenovo Thinkbook 14 G9 IRL 21UY008TVN sở hữu bộ RAM 16GB loại DDR5-5200 giúp xử lý nhiều tác vụ ổn định và hạn chế tình trạng giật lag. RAM chuẩn mới giúp tối ưu điện năng tiêu thụ và hỗ trợ truyền tải dữ liệu nhanh chóng.
Bộ nhớ SSD 512GB giúp tối ưu hiệu suất làm việc
Bên cạnh đó, máy còn sở hữu ổ cứng SSD 512GB, giúp khởi động hệ thống và mở ứng dụng một cách trơn tru. Nhờ đó, máy mang đến không gian lưu trữ rộng rãi đủ dùng cho hình ảnh, video, vô số tài liệu, đáp ứng tốt cho nhu cầu làm việc và học tập.
Đặc biệt, laptop tích hợp hệ thống 2 khe cắm RAM riêng biệt, cho phép người dùng mở rộng dung lượng linh hoạt. Ngoài ra, máy tính đi kèm sẵn 1 thanh có dung lượng 16GB và hỗ trợ nâng cấp tối đa 64GB, nhằm đáp ứng tốt nhu cầu đa nhiệm.
Gam màu xám hiện đại cùng thiết kế mỏng nhẹ
Laptop Lenovo Thinkbook 14 G9 IRL 21UY008TVN nổi bật nhờ thiết kế sang trọng với tông màu xám thanh lịch, phù hợp với mọi môi trường làm việc khác nhau. Nhờ kiểu dáng mỏng nhẹ, trọng lượng 1.36kg và độ dày chỉ 17.5mm, người dùng có thể dễ dàng mang theo khi di chuyển xa.
Gam màu xám sang trọng cùng thiết kế gọn nhẹ
Phần vỏ được hoàn thiện tỉ mỉ, mang lại cảm giác cao cấp khi cầm nắm. Thiết kế tổng thể hướng đến sự tối giản nhưng tinh tế, phù hợp cho môi trường doanh nghiệp hoặc người dùng cần một chiếc laptop vừa đẹp vừa sang trọng.
Hiệu năng CPU Intel Core i5-13420H và đồ họa sắc nét
Sản phẩm được trang bị bộ xử lý Intel Core i5-13420H, xung nhịp đạt 4.6GHz cùng với cấu trúc 8 lõi 12 luồng mang lại tốc độ xử lý dữ liệu ổn định. Laptop Lenovo Thinkbook 14 G9 IRL 21UY008TVN có khả năng tối ưu thời gian làm việc, đặc biệt là khi xử lý các phần mềm cơ bản hoặc dữ liệu trong văn phòng.
Intel Core i5-13420H giúp tối ưu hiệu quả làm việc
Ngoài ra, máy tính được tích hợp card đồ họa Intel UHD Graphics hỗ trợ hiển thị hình ảnh rõ nét và đáp ứng tốt nhu cầu chỉnh sửa ảnh. Việc sử dụng card đồ họa tích hợp thay vì card rời giúp thiết bị tiết kiệm điện năng tiêu thụ.
Pin 48Wh, sạc 65W USB-C vận hành bền bỉ
Nhờ được trang bị viên pin dung lượng 48Wh, laptop Lenovo Thinkbook 14 G9 IRL 21UY008TVN đáp ứng tốt nhu cầu làm việc liên tục không cần sạc thường xuyên. Đồng thời, hãng cũng tối ưu thêm công nghệ sạc 65W USB-C giúp người dùng rút ngắn thời gian sạc pin.
Dung lượng pin 48Wh và bộ sạc nhanh 65W
Ngoài ra, nhà sản xuất còn trang bị thêm nhiều cổng kết nối khác như USB-A, USB-C và giắc cắm tai nghe/micro, giúp người dùng kết nối linh hoạt. Đặc biệt, cổng HDMI và USB-C hỗ trợ xuất hình sắc nét, giúp kết nối nhanh chóng với máy chiếu.
Nhờ đó, máy thích hợp cho việc học tập, làm việc văn phòng và đáp ứng tốt các tính năng linh hoạt trong các buổi thuyết trình. Nhìn tổng thể, thiết bị là lựa chọn phù hợp với nhu cầu học tập và làm việc nhờ vào thời lượng pin ổn định và hệ thống kết nối dữ liệu đa dạng.
Màn hình 14 inches gọn gàng, vừa phải
Laptop Lenovo Thinkbook 14 G9 IRL 21UY008TVN có màn hình 14 inches với độ phân giải 1920 x 1200 pixels (WUXGA) mang lại không gian hiển thị vừa đủ. Đồng thời, mức độ phân giải này giúp chất lượng hình ảnh và video hiển thị rõ ràng, sắc nét.
Màn hình hiển thị rõ nét nhờ độ phân giải 1920 x 1200 pixels
Hơn thế nữa, cổng HDMI 2.1 đạt chuẩn 4K/60Hz hỗ trợ xuất hình ảnh chất lượng cao, mang lại trải nghiệm mượt mà khi kết nối với màn hình lớn để làm việc. Sản phẩm hỗ trợ màn hình giảm chói, độ sáng 400 nits giúp hạn chế tình trạng nhức mỏi mắt, mang lại sự thoải mái khi sử dụng trong thời gian dài.
Cũng nhờ vào độ phủ màu 45% NTSC, máy tính Lenovo Thinkbook này có khả năng tái tạo màu sắc ở mức khá, đủ đáp ứng nhu cầu lướt web và soạn thảo. Nhờ khả năng này, chất lượng hình ảnh hiển thị khá ổn định, phục vụ nhu cầu sử dụng hằng ngày.
Mua laptop Lenovo Thinkbook 14 G9 IRL 21UY008TVN giá tốt tại CellphoneS
Khách hàng có thể mua laptop Lenovo Thinkbook 14 G9 IRL 21UY008TVN tại CellphoneS, với sản phẩm chính hãng, nguồn gốc rõ ràng. Khi sở hữu sản phẩm, khách hàng sẽ nhận đầy đủ phụ kiện cùng chính sách bảo hành rõ ràng. Bên cạnh chế độ bảo hành chính hãng, CellphoneS còn có chính sách ưu đãi cho học sinh, sinh viên. Hãy đặt ngay hôm nay để sở hữu laptop học tập với mức giá hấp dẫn!","{""Bộ xử lý & Đồ họa"": [{""name"": ""Loại card đồ họa"", ""value"": ""Intel UHD Graphics""}, {""name"": ""Loại CPU"", ""value"": ""Intel Core i5-13420H, 8 lõi (4P + 4E) / 12 luồng, P-core up to 4.6GHz, E-core up to 3.4GHz, 12MB Intel Smart Cache""}], ""Bộ nhớ RAM, Ổ cứng"": [{""name"": ""Dung lượng RAM"", ""value"": ""16GB""}, {""name"": ""Loại RAM"", ""value"": ""DDR5-5200""}, {""name"": ""Số khe ram"", ""value"": ""2 khe (1 x 16GB, nâng cấp tối đa 64GB DDR5-5200)""}, {""name"": ""Ổ cứng"", ""value"": ""512GB SSD M.2 2242 PCIe 4.0x4 NVMe (Hỗ trợ tối đa hai ổ đĩa, 2 ổ SSD M.2, tối đa 2TB)""}], ""Màn hình"": [{""name"": ""Chất liệu tấm nền"", ""value"": ""Tấm nền IPS""}, {""name"": ""Kích thước màn hình"", ""value"": ""14 inches""}, {""name"": ""Công nghệ màn hình"", ""value"": ""Độ sáng 400nits\nMàn hình chống chói\nĐộ phủ màu 45% NTSC""}, {""name"": ""Độ phân giải màn hình"", ""value"": ""1920 x 1200 pixels (WUXGA)""}], ""Âm thanh"": [{""name"": ""Công nghệ âm thanh"", ""value"": ""Âm thanh độ nét cao (HD)\ncodec Realtek ALC3287\nLoa stereo, 2W x2\nDolby Audio""}], ""Cổng kết nối"": [{""name"": ""Khe đọc thẻ nhớ"", ""value"": ""Có""}, {""name"": ""Wi-Fi"", ""value"": ""Intel Wi-Fi 6E AX211, 802.11ax 2x2""}, {""name"": ""Bluetooth"", ""value"": ""Bluetooth 5.3""}, {""name"": ""Cổng giao tiếp"", ""value"": ""1 x USB-A, luôn bật\n1 x USB-A\n1 x USB-C (USB PD 45-65W và DisplayPort 1.4)\n1 x Thunderbolt 4 (USB PD 45-65W và DisplayPort 1.4)\n1 xHDMI 2.1 (4K/60Hz)\n1 x Giắc cắm tai nghe/micro kết hợp (3.5mm)\n1 x RJ-45\n1 x Đầu đọc thẻ SD""}], ""Kích thước & Trọng lượng"": [{""name"": ""Chất liệu"", ""value"": ""Vỏ nhựa - nắp lưng kim loại""}, {""name"": ""Chất liệu vỏ trên"", ""value"": ""Nhôm""}, {""name"": ""Chất liệu vỏ dưới"", ""value"": ""Nhựa""}, {""name"": ""Kích thước"", ""value"": ""313.5 x 224 x 17.5 mm (Dài x Rộng x Dày)""}, {""name"": ""Trọng lượng"", ""value"": ""1.36 kg""}], ""Tiện ích khác"": [{""name"": ""Tính năng đặc biệt"", ""value"": ""Wi-Fi 6, Bảo mật vân tay, Nhận diện khuôn mặt""}], ""Tính năng khác"": [{""name"": ""Loại đèn bàn phím"", ""value"": ""Đèn nền""}, {""name"": ""Bảo mật"", ""value"": ""Discrete TPM 2.0 Enabled""}, {""name"": ""Webcam"", ""value"": ""Camera lai FHD 1080p + hồng ngoại với màn trập camera""}, {""name"": ""Hệ điều hành"", ""value"": ""Windows 11 Home Single Language, English (US) / English (UK)""}], ""Pin & công nghệ sạc"": [{""name"": ""Pin"", ""value"": ""48Wh, 65W USB-C (3-pin)""}]}","[""https://cdn2.cellphones.com.vn/x/media/catalog/product/l/a/laptop_lenovo_thinkbook_14_g9_irl_21uy008tvn_-_1.png"", ""https://cdn2.cellphones.com.vn/x/media/catalog/product/l/a/laptop_lenovo_thinkbook_14_g9_irl_21uy008tvn_-_2.png"", ""https://cdn2.cellphones.com.vn/x/media/catalog/product/l/a/laptop_lenovo_thinkbook_14_g9_irl_21uy008tvn_-_3.png""]","{""product_color_1"": {""color"": ""Xám"", ""image_url"": ""https://cellphones.com.vn/laptop-lenovo-thinkbook-14-g9-irl-21uy008tvn.html?product_id=127753"", ""price"": ""22.990.000₫""}}"
Laptop Lenovo IdeaPad Slim 5 OLED 14AKP10 83HX001JVN,laptop-lenovo-ideapad-slim-5-14akp10-83hx001jvn-ryzen-ai-7,31.490.000đ,27.990.000đ,"Đặc điểm nổi bật
Laptop Lenovo IdeaPad Slim 5 14AKP10 83HX001JVN Ryzen AI 7 mang màu xám tinh tế, sở hữu màn hình 14 inch đạt chuẩn 100% DCI-P3, hiển thị màu sắc chân thực. Máy trang bị vi xử lý AMD Ryzen AI 7 350, kết hợp RAM 32GB, ổ cứng SSD 1TB cho khả năng đa nhiệm ấn tượng và lưu trữ lớn. Laptop có âm thanh Dolby Audio và hỗ trợ phím Copilot AI. 
Nội dung chính
1. Laptop Lenovo IdeaPad Slim 5 14AKP10 83HX001JVN Ryzen AI 7 - Đa nhiệm mượt, hoạt động tốt
1.1. Làm việc thông minh với tính năng AI
1.2. Hiệt suất cao với RAM 32GB và SSD 1TB
1.3. Thiết kế đầy phong cách, chất liệu bền bỉ
1.4. Sức mạnh đến từ Ryzen AI 7 kết hợp chip đồ họa AMD
1.5. Pin liền hiệu suất cao, đầy đủ cổng kết nối
1.6. Màn hình 14 inch sắc nét và rực rỡ
2. Mua laptop Lenovo IdeaPad Slim 5 14AKP10 83HX001JVN Ryzen AI 7 giá tốt tại CellphoneS
Laptop Lenovo IdeaPad Slim 5 14AKP10 83HX001JVN Ryzen AI 7 - Đa nhiệm mượt, hoạt động tốt
Laptop Lenovo IdeaPad Slim 5 14AKP10 83HX001JVN Ryzen AI 7 mang thiết kế tinh tế, hiệu suất vượt trội và giá cả cũng khá hợp lý. Dù người dùng làm việc văn phòng hay sáng tạo nội dung, giải trí thì mẫu laptop AI cũng đáp ứng mọi yêu cầu hiệu quả.
Làm việc thông minh với tính năng AI
Laptop Lenovo IdeaPad nằm trong thế hệ Copilot+ PC — dòng laptop mới tích hợp trí tuệ nhân tạo trực tiếp. Vì thế sẽ giúp người dùng thao tác nhanh, làm việc thông minh và tiết kiệm thời gian hơn. 
Với phím Copilot chuyên biệt, người sử dụng có thể mở ngay trợ lý AI chỉ bằng một cú nhấn; hỗ trợ tóm tắt tài liệu, tìm kiếm thông tin, sáng tạo ý tưởng dễ dàng. Copilot+ PC không chỉ mang đến khả năng phản hồi nhanh mà còn học thói quen sử dụng của từng người dùng, cá nhân hóa các đề xuất, giúp công việc trở nên linh hoạt.
Hiệt suất cao với RAM 32GB và SSD 1TB
Laptop Lenovo IdeaPad Slim 5 14AKP10 83HX001JVN Ryzen AI 7 được trang bị RAM 32GB DDR5 (2 x 16GB) tốc độ 5600MHz. Điều này giúp máy HP 14 inch xử lý linh hoạt nhiều cửa sổ, phần mềm mà không gặp tình trạng đơ hay gián đoạn.
Ổ SSD 1TB chuẩn M.2 NVMe trên IdeaPad Slim 5 mang lại khả năng tải dữ liệu và khởi động cực kỳ ấn tượng. Thiết bị đảm bảo bộ nhớ đủ lớn để chứa tài liệu, phần mềm cần sử dụng hằng ngày.
Thiết kế đầy phong cách, chất liệu bền bỉ
Laptop 14AKP10 83HX001JVN mang đến một thiết kế tối giản và hiện đại với màu xám tinh tế. Kiểu dáng gọn gàng và mỏng nhẹ chỉ 1.39 kg, giúp người dùng thoải mái mang theo bất kỳ đâu. Với kích thước 313.4 x 222 x 16.9 mm, chiếc laptop Lenovo IdeaPad Slim 5 14AKP10 83HX001JVN Ryzen AI 7 dễ dàng nằm gọn trong ba lô hoặc túi xách.
Vỏ máy được chế tạo từ chất liệu nhôm cao cấp, mang lại vẻ ngoài sang trọng và độ bền cao. Chất liệu nhôm không chỉ giúp giảm trọng lượng của máy mà còn góp phần tản nhiệt hiệu quả, đảm bảo máy luôn mát mẻ trong suốt quá trình sử dụng. 
Sức mạnh đến từ Ryzen AI 7 kết hợp chip đồ họa AMD
Laptop Lenovo IdeaPad Slim 5 nổi bật với CPU AMD Ryzen AI 7 350 mạnh mẽ, khả năng xử lý từ 2.0 GHz lên đến 5.0 GHz, kết hợp với 8 nhân và 16 luồng. Dù là công việc văn phòng, làm đồ họa nhẹ hay chơi game, chiếc laptop này đều có thể đáp ứng.
NPU AMD Ryzen AI của laptop Lenovo IdeaPad Slim 5 14AKP10 83HX001JVN Ryzen AI 7 có khả năng xử lý lên đến 50 TOPs, mang lại hiệu suất trí tuệ nhân tạo vượt trội. Máy còn sở hữu chip đồ họa onboard AMD Radeon 860M nên người dùng có thể làm tốt các tác vụ như xem video, chỉnh sửa hình ảnh một cách hiệu quả. 
Pin liền hiệu suất cao, đầy đủ cổng kết nối
Laptop Lenovo IdeaPad Slim 5 có viên pin 60 Wh, giúp người dùng hoạt động liên tục trong nhiều giờ mà không lo gián đoạn. Với pin liền, người sử dụng có thể làm việc và giải trí thoải mái mà không cần lo lắng về việc sạc lại trong suốt ngày dài.
Về cổng kết nối, chiếc laptop Lenovo IdeaPad Slim 5 14AKP10 83HX001JVN Ryzen AI 7 này cung cấp đầy đủ các cổng để đáp ứng nhu cầu sử dụng. Máy tích hợp 2 cổng USB Type-C, thuận tiện cho việc sạc nhanh hoặc xuất hình ảnh.
Bên cạnh đó, laptop còn được trang bị 2 cổng USB 3.2, 1 khe thẻ micro SD để mở rộng bộ nhớ và audio combo cho phép người dùng dễ dàng kết nối với tai nghe hoặc micro. Ngoài ra, 1 cổng HDMI giúp người sử dụng xuất hình ảnh và âm thanh lên màn hình lớn.
Màn hình 14 inch sắc nét và rực rỡ
Laptop Lenovo IdeaPad Slim 5 14AKP10 83HX001JVN Ryzen AI 7 sở hữu màn hình 14 inch WUXGA OLED với độ phân giải 1920 x 1200. Tấm nền OLED không chỉ giúp màu sắc trở nên sống động mà còn cung cấp độ tương phản cao, làm nổi bật mọi chi tiết trong các hình ảnh, video hay nội dung đa phương tiện. 
Với mức sáng đến 400 nits, màn hình luôn hiển thị sắc nét dù trong nhà hay ngoài trời. Bên cạnh đó, tiêu chuẩn 100% DCI-P3 của máy còn cho phép tái tạo màu sắc chính xác, rất thích hợp cho những công việc đòi hỏi độ chính xác màu cao. 
Mua laptop Lenovo IdeaPad Slim 5 14AKP10 83HX001JVN Ryzen AI 7 giá tốt tại CellphoneS
Laptop Lenovo IdeaPad Slim 5 14AKP10 83HX001JVN Ryzen AI 7 lý tưởng cho những ai làm việc văn phòng và đồ họa nhẹ. Tại CellphoneS, khách hàng sẽ tìm thấy Lenovo IdeaPad Slim 5 với mức giá tốt. Ngoài ra, quý khách có thể yên tâm nhờ sự tư vấn chuyên nghiệp từ đội ngũ CellphoneS để chọn đúng laptop mong muốn. Ở địa chỉ này cũng có chế độ bảo hành linh hoạt, đảm bảo đem lại sự hài lòng tối đa.","{""Bộ xử lý & Đồ họa"": [{""name"": ""Chip AI"", ""value"": ""AMD Ryzen AI, up to 50 TOPS""}, {""name"": ""Loại card đồ họa"", ""value"": ""AMD Radeon 860M Graphics""}, {""name"": ""Loại CPU"", ""value"": ""AMD Ryzen AI 7 350 (8 lõi / 16 luồng, 2.0 / 5.0GHz, 8MB L2 / 16MB L3)""}], ""Bộ nhớ RAM, Ổ cứng"": [{""name"": ""Dung lượng RAM"", ""value"": ""32GB""}, {""name"": ""Loại RAM"", ""value"": ""DDR5-5600""}, {""name"": ""Số khe ram"", ""value"": ""2 khe (2 x 16GB SO-DIMM DDR5-5600, tối đa 32GB)""}, {""name"": ""Ổ cứng"", ""value"": ""1TB SSD M.2 2242 PCIe 4.0x4 NVMe (Tối đa hai ổ đĩa, 2x M.2 SSD • M.2 2242 SSD lên đến 1TB)""}], ""Màn hình"": [{""name"": ""Chất liệu tấm nền"", ""value"": ""Tấm nền Oled""}, {""name"": ""Kích thước màn hình"", ""value"": ""14 inches""}, {""name"": ""Công nghệ màn hình"", ""value"": ""Độ sáng 400nits Glossy\nĐộ phủ màu 100% DCI-P3\nDisplayHDR True Black 500""}, {""name"": ""Độ phân giải màn hình"", ""value"": ""1920 x 1200 pixels (WUXGA)""}], ""Âm thanh"": [{""name"": ""Công nghệ âm thanh"", ""value"": ""Âm thanh độ nét cao (HD)\nLoa stereo, 2W x2\nDolby Audio""}], ""Cổng kết nối"": [{""name"": ""Khe đọc thẻ nhớ"", ""value"": ""Có""}, {""name"": ""Wi-Fi"", ""value"": ""Wi-Fi 7, 802.11be 2x2""}, {""name"": ""Bluetooth"", ""value"": ""Bluetooth 5.4""}, {""name"": ""Cổng giao tiếp"", ""value"": ""1x USB-A (5Gbps / 3.2 Gen 1)\n1x USB-A (5Gbps / 3.2 Gen 1), Luôn bật\n2x USB-C (10Gbps / 3.2 Gen 2), với USB PD 3.0 và DisplayPort 1.4\n1x HDMI 2.1, lên đến 4K/60Hz\n1x giắc cắm kết hợp tai nghe / micrô (3.5 mm)\n1x đầu đọc thẻ nhớ microSD""}], ""Kích thước & Trọng lượng"": [{""name"": ""Chất liệu"", ""value"": ""Vỏ kim loại""}, {""name"": ""Chất liệu vỏ màn hình"", ""value"": ""Nhôm""}, {""name"": ""Chất liệu vỏ trên"", ""value"": ""Nhôm""}, {""name"": ""Chất liệu vỏ dưới"", ""value"": ""Nhôm""}, {""name"": ""Kích thước"", ""value"": ""313.4 x 222 x 16.9 mm (Dài x Rộng x Dày)""}, {""name"": ""Trọng lượng"", ""value"": ""1.39 kg""}], ""Tiện ích khác"": [{""name"": ""Tính năng đặc biệt"", ""value"": ""Nhận diện khuôn mặt, Màn hình Oled, Wi-Fi 7""}], ""Tính năng khác"": [{""name"": ""Loại đèn bàn phím"", ""value"": ""Đèn nền, tiếng Anh""}, {""name"": ""Bảo mật"", ""value"": ""Microsoft Pluton TPM 2.0 Enabled\nCamera IR cho Windows Hello (nhận dạng khuôn mặt)""}, {""name"": ""Webcam"", ""value"": ""FHD 1080p + IR với Màn camera, Cảm biến ToF""}, {""name"": ""Hệ điều hành"", ""value"": ""Windows 11 Home Single Language, English""}], ""Pin & công nghệ sạc"": [{""name"": ""Pin"", ""value"": ""60Wh (65W USB-C Slim (Wall-mount))""}]}","[""https://cdn2.cellphones.com.vn/x/media/catalog/product/l/a/laptop_lenovo_ideapad_slim_5_14akp10_83hx001jvn_-_1.png"", ""https://cdn2.cellphones.com.vn/x/media/catalog/product/l/a/laptop_lenovo_ideapad_slim_5_14akp10_83hx001jvn_-_2.png"", ""https://cdn2.cellphones.com.vn/x/media/catalog/product/l/a/laptop_lenovo_ideapad_slim_5_14akp10_83hx001jvn_-_3.png""]","{""product_color_1"": {""color"": ""Xám"", ""image_url"": ""https://cellphones.com.vn/laptop-lenovo-ideapad-slim-5-14akp10-83hx001jvn-ryzen-ai-7.html?product_id=104187"", ""price"": ""27.990.000₫""}}"
Laptop Lenovo ThinkPad X1 Carbon Gen 13 Aura Edition 21NS010BVN,laptop-lenovo-thinkpad-x1-carbon-gen-13-aura-edition-21ns010bvn,62.990.000đ,60.990.000đ,,"{""Bộ xử lý & Đồ họa"": [{""name"": ""Chip AI"", ""value"": ""Intel AI Boost, up to 47 TOPS""}, {""name"": ""Loại card đồ họa"", ""value"": ""Intel Arc Graphics 140V""}, {""name"": ""Loại CPU"", ""value"": ""Intel Core Ultra 7 258V, 8 lõi (4P + 4LPE) / 8 luồng, Max Turbo up to 4.8GHz, 12MB Intel Smart Cache""}], ""Bộ nhớ RAM, Ổ cứng"": [{""name"": ""Dung lượng RAM"", ""value"": ""32GB""}, {""name"": ""Loại RAM"", ""value"": ""LPDDR5x-8533 Onboard""}, {""name"": ""Số khe ram"", ""value"": ""Không nâng cấp""}, {""name"": ""Ổ cứng"", ""value"": ""512GB SSD M.2 2280 PCIe 5.0x4 Performance NVMe Opal 2.0 (Một ổ đĩa, SSD M.2 2280 dung lượng lên đến 2TB)""}], ""Màn hình"": [{""name"": ""Tần số quét"", ""value"": ""120 Hz""}, {""name"": ""Chất liệu tấm nền"", ""value"": ""Tấm nền Oled""}, {""name"": ""Kích thước màn hình"", ""value"": ""14 inches""}, {""name"": ""Công nghệ màn hình"", ""value"": ""Độ sáng 500 nits (chống chói / chống phản xạ / chống bám vân tay)\nĐộ phủ màu 100% DCI-P3\nDisplayHDR True Black 500\nDolby Vision""}, {""name"": ""Độ phân giải màn hình"", ""value"": ""2880 x 1800 pixels""}], ""Âm thanh"": [{""name"": ""Công nghệ âm thanh"", ""value"": ""SoundWire, codec Realtek ALC713\nLoa stereo 2W x2\nDolby Atmos""}], ""Cổng kết nối"": [{""name"": ""Khe đọc thẻ nhớ"", ""value"": ""Không""}, {""name"": ""Wi-Fi"", ""value"": ""Intel Wi-Fi 7 BE201, 802.11be 2x2""}, {""name"": ""Bluetooth"", ""value"": ""Bluetooth 5.4, vPro\nNFC""}, {""name"": ""Cổng giao tiếp"", ""value"": ""1 x USB-A (USB 3.2 Gen 1, 5Gbps)\n1 x USB-A (USB 3.2 Gen 1, 5Gbps, Always On)\n2 x USB-C (Thunderbolt 4 / USB4, 40Gbps, PD 3.0, DisplayPort 2.1)\n1 x HDMI 2.1 (tối đa 4K/60Hz)\n1 x Jack tai nghe/mic 3.5 mm""}], ""Kích thước & Trọng lượng"": [{""name"": ""Chất liệu"", ""value"": ""Vỏ kim loại""}, {""name"": ""Chất liệu vỏ trên"", ""value"": ""Carbon Fiber""}, {""name"": ""Chất liệu vỏ dưới"", ""value"": ""Magiê""}, {""name"": ""Kích thước"", ""value"": ""312.80 x 214.75 x 8.08/14.37 (front/rear), 16.95 (tối đa) mm""}, {""name"": ""Trọng lượng"", ""value"": ""986 g""}], ""Tiện ích khác"": [{""name"": ""Tính năng đặc biệt"", ""value"": ""Bảo mật vân tay, Nhận diện khuôn mặt, Màn hình Oled, Wi-Fi 7""}], ""Tính năng khác"": [{""name"": ""Loại đèn bàn phím"", ""value"": ""Đèn nền, tiếng Anh""}, {""name"": ""Bảo mật"", ""value"": ""Discrete TPM 2.0 Enabled""}, {""name"": ""Webcam"", ""value"": ""FHD 1080p + IR Discrete với màn trập camera""}, {""name"": ""Hệ điều hành"", ""value"": ""Windows 11 Pro, English (US) / English (UK)""}], ""Pin & công nghệ sạc"": [{""name"": ""Pin"", ""value"": ""57Wh, 65W USB-C Slim GaN (3-pin)""}]}","[""https://cdn2.cellphones.com.vn/x/media/catalog/product/l/a/laptop_lenovo_thinkpad_x1_carbon_gen_13_aura_edition_21ns010bvn_-_1.png"", ""https://cdn2.cellphones.com.vn/x/media/catalog/product/l/a/laptop_lenovo_thinkpad_x1_carbon_gen_13_aura_edition_21ns010bvn_-_2.png"", ""https://cdn2.cellphones.com.vn/x/media/catalog/product/l/a/laptop_lenovo_thinkpad_x1_carbon_gen_13_aura_edition_21ns010bvn_-_3.png""]","{""product_color_1"": {""color"": ""Đen"", ""image_url"": ""https://cellphones.com.vn/laptop-lenovo-thinkpad-x1-carbon-gen-13-aura-edition-21ns010bvn.html?product_id=127397"", ""price"": ""60.990.000₫""}}"
Laptop Lenovo IdeaPad Slim 3 14ARP10 83K6005VVN,laptop-lenovo-ideapad-slim-3-14arp10-83k6005vvn,22.990.000đ,18.090.000đ,"Đặc điểm nổi bật
Laptop Lenovo IdeaPad Slim 3 14ARP10 83K6005VVN sở hữu hiệu năng mạnh mẽ với chipset AMD Ryzen 5 7535HS hiện đại cùng bộ RAM DDR5-4800 tiên tiến. Thiết bị có màu xám và vẻ ngoài mỏng nhẹ, thanh lịch trong từng đường nét. Hãng trang bị màn hình 14 inch WUXGA sắc nét và hệ thống pin dung lượng lớn 50Wh.
Nội dung chính
1. Laptop Lenovo IdeaPad Slim 3 14ARP10 83K6005VVN - Hiệu năng ổn định với thiết kế tinh tế
1.1. RAM DDR5-4800 đa nhiệm và ổn định
1.2. Vẻ ngoài thanh lịch với gam màu thời thượng
1.3. Chip AMD Ryzen 5 7535HS cải thiện hiệu suất làm việc
1.4. Pin 50Wh dung lượng lớn và đa dạng cổng kết nối
1.5. Màn hình WUXGA 14 inch chuẩn sắc nét và rõ ràng
2. Mua Laptop Lenovo IdeaPad Slim 3 14ARP10 83K6005VVN giá ưu đãi tại CellphoneS
Laptop Lenovo IdeaPad Slim 3 14ARP10 83K6005VVN - Hiệu năng ổn định với thiết kế tinh tế
Chiếc laptop Lenovo IdeaPad này có cấu hình ổn định, thiết kế đơn giản với tông màu xám, phù hợp cho hầu hết người dùng từ học sinh, sinh viên cho đến nhân viên văn phòng. Thiết bị này có khả năng xử lý những tác vụ khác nhau vừa nhanh vừa mượt mà.
RAM DDR5-4800 đa nhiệm và ổn định
Hãng đã trang bị cho laptop Lenovo IdeaPad Slim 3 14ARP10 83K6005VVN bộ RAM 16GB chuẩn DDR5 với tốc độ 4800MHz vượt trội. Nhờ đó, ""người dùng có thể thực hiện đa tác vụ mà không gặp tình trạng giật lag hay treo máy, duy trì hiệu suất công việc ở mức cao.
Hỗ trợ xử lý nhiều tác vụ một cách đơn giản
Bên cạnh đó, máy có khả năng truyền tải nhanh dữ liệu nhờ hệ thống RAM thế hệ mới, gồm 8GB Soldered DDR5-4800 và 8GB SODIMM DDR5-4800. Người dùng có thể chuyển đổi qua lại giữa các ứng dụng đồ họa cơ bản và bảng tính mượt mà, mang đến sự yên tâm khi phải xử lý những tác vụ gấp.
Vẻ ngoài thanh lịch với gam màu thời thượng
Laptop Lenovo IdeaPad Slim 3 14ARP10 83K6005VVN sở hữu thiết kế rất tối giản nhưng vẫn toát lên vẻ đẹp sang trọng và hiện đại. Phần vỏ máy được hãng thiết kế rất tỉ mỉ, mang đến cảm giác cầm nắm chắc chắn cho người sử dụng. Máy vừa là thiết bị làm việc vừa là phụ kiện thời trang nâng tầm phong cách của người dùng.
Nổi bật với màu xám thanh lịch và vẻ ngoài đơn giản
Với trọng lượng 1.39 kg nhẹ nhàng, chiếc máy tính xách tay này có thể dễ dàng mang theo bên mình và sử dụng ở mọi lúc mọi nơi. Đặc biệt, với tông màu xám thời thượng, chiếc laptop này dễ dàng trở nên nổi bật và thu hút mọi ánh nhìn.
Chip AMD Ryzen 5 7535HS cải thiện hiệu suất làm việc
Được trang bị chip AMD Ryzen 5 7535HS thế hệ mới, laptop Lenovo IdeaPad Slim 3 14ARP10 83K6005VVN có thể giải quyết nhanh chóng các tác vụ phức tạp. Đồng thời, với 6 nhân 12 luồng xử lý, con chip này giúp máy vận hành mượt mà hơn ngay cả khi đang chạy các tác vụ nặng. 
Máy mang đến trải nghiệm ấn tượng nhờ CPU hiện đại
Bên cạnh CPU tiên tiến, hãng còn trang bị thêm card đồ họa AMD Radeon™ 660M, mang lại trải nghiệm ấn tượng cho người dùng. Không chỉ đáp ứng nhu cầu giải trí và làm việc cơ bản, thiết bị còn có khả năng tiết kiệm năng lượng và duy trì hiệu năng ổn định trong thời gian dài.
Pin 50Wh dung lượng lớn và đa dạng cổng kết nối
Laptop Lenovo IdeaPad Slim 3 14ARP10 83K6005VVN có dung lượng pin 50Wh, mang đến thời lượng sử dụng bền bỉ cho nhu cầu làm việc, giải trí cơ bản. Hãng còn trang bị thêm bộ sạc công suất 65W nên người dùng có thể nạp năng lượng cho máy một cách nhanh chóng mà không làm gián đoạn công việc.
Nhiều cổng kết nối giúp liên kết các thiết bị ngoại vi dễ dàng
Ngoài ra, thiết bị hỗ trợ đầy đủ cổng kết nối thiết yếu như USB-A, HDMI 1.4, đầu đọc thẻ SD, USB-C,... Vì vậy, người sử dụng có thể dễ dàng liên kết máy với các thiết bị ngoại vi khác mà không cần phụ kiện chuyển đổi.
Màn hình WUXGA 14 inch chuẩn sắc nét và rõ ràng
Với màn hình WUXGA hiện đại và độ phân giải đạt 1920x1200, laptop Lenovo IdeaPad Slim 3 14ARP10 83K6005VVN mang lại không gian hiển thị rộng rãi hơn. Đồng thời, kích thước màn hình 14 inch và được tích hợp thêm tấm nền IPS tái tạo màu sắc rõ ràng, giúp nâng cao trải nghiệm thị giác của người sử dụng. 
Màn hình 14 inch rộng rãi và bàn phím vừa phải
Nhờ độ sáng 300 nits kết hợp cùng công nghệ Anti-glare, màn hình của máy sẽ hạn chế tối đa tình trạng lóa mắt khi sử dụng dưới nguồn sáng mạnh. Đồng thời, máy còn trang bị thêm bàn phím có hành trình phím ổn, có độ nảy tốt, mang đến cảm giác gõ chữ rất êm ái cho người sử dụng.
Mua Laptop Lenovo IdeaPad Slim 3 14ARP10 83K6005VVN giá ưu đãi tại CellphoneS
Khách hàng có thể tìm mua laptop Lenovo IdeaPad Slim 3 14ARP10 83K6005VVN tại hệ thống CellphoneS trên toàn quốc, trải dài từ Bắc vào Nam. Máy tính đảm bảo 100% hàng chính hãng, bảo hành theo chính sách và hỗ trợ mua trả góp 0%. Thành viên Smember có cơ hội mua hàng với giá ưu đãi hơn với nhiều chương trình khuyến mãi đặc biệt. Đến CellphoneS để có ngay mẫu laptop này với giá tốt.","{""Bộ xử lý & Đồ họa"": [{""name"": ""Loại card đồ họa"", ""value"": ""AMD Radeon 660M Graphics""}, {""name"": ""Loại CPU"", ""value"": ""AMD Ryzen 5 7535HS (6 lõi / 12 luồng, 3.3 / 4.55GHz, 3MB L2 / 16MB L3)""}], ""Bộ nhớ RAM, Ổ cứng"": [{""name"": ""Dung lượng RAM"", ""value"": ""16GB""}, {""name"": ""Loại RAM"", ""value"": ""DDR5-4800""}, {""name"": ""Số khe ram"", ""value"": ""2 khe (8GB Onboard + 8GB SODIMM DDR5-4800, nâng cấp tối đa 24GB (8GB + 16GB))""}, {""name"": ""Ổ cứng"", ""value"": ""512GB SSD M.2 2242 PCIe 4.0x4 NVMe (Tối đa hai ổ đĩa, 2x SSD M.2, nâng cấp lên đến 1TB)""}], ""Màn hình"": [{""name"": ""Chất liệu tấm nền"", ""value"": ""Tấm nền IPS""}, {""name"": ""Kích thước màn hình"", ""value"": ""14 inches""}, {""name"": ""Công nghệ màn hình"", ""value"": ""Độ sáng 300nits\nMàn hình chống chói\nĐộ phủ màu 45% NTSC""}, {""name"": ""Độ phân giải màn hình"", ""value"": ""1920 x 1200 pixels (WUXGA)""}], ""Âm thanh"": [{""name"": ""Công nghệ âm thanh"", ""value"": ""Âm thanh độ nét cao (HD)\nLoa stereo, 2W x2\nDolby Audio""}], ""Cổng kết nối"": [{""name"": ""Khe đọc thẻ nhớ"", ""value"": ""Có""}, {""name"": ""Wi-Fi"", ""value"": ""Wi-Fi 6, 802.11ax 2x2""}, {""name"": ""Bluetooth"", ""value"": ""Bluetooth 5.3""}, {""name"": ""Cổng giao tiếp"", ""value"": ""2x USB-A (USB 5Gbps / USB 3.2 Gen 1)\n1x USB-C (USB 5Gbps / USB 3.2 Gen 1, Hỗ Trợ USB PD 3.0 & DisplayPort 1.2)\n1x HDMI 1.4\n1x Jack Tai Nghe/Micro Combo (3.5mm)\n1x Khe Đọc Thẻ SD\n1x Đầu Nối Nguồn""}], ""Kích thước & Trọng lượng"": [{""name"": ""Chất liệu"", ""value"": ""Vỏ nhựa - nắp lưng kim loại""}, {""name"": ""Chất liệu vỏ màn hình"", ""value"": ""Dập nhôm anodized (trên), Texture (dưới)""}, {""name"": ""Chất liệu vỏ trên"", ""value"": ""Nhôm""}, {""name"": ""Chất liệu vỏ dưới"", ""value"": ""Nhựa""}, {""name"": ""Kích thước"", ""value"": ""314.4 x 222.1 x 16.9-17.9 mm (Dài x Rộng x Dày)""}, {""name"": ""Trọng lượng"", ""value"": ""1.39 kg""}], ""Tiện ích khác"": [{""name"": ""Tính năng đặc biệt"", ""value"": ""Wi-Fi 6""}], ""Tính năng khác"": [{""name"": ""Loại đèn bàn phím"", ""value"": ""Không có đèn nền""}, {""name"": ""Bảo mật"", ""value"": ""Microsoft Pluton TPM 2.0 Enabled""}, {""name"": ""Webcam"", ""value"": ""HD 720p với Màn trập camera""}, {""name"": ""Hệ điều hành"", ""value"": ""Windows 11 Home Single Language, English""}], ""Pin & công nghệ sạc"": [{""name"": ""Pin"", ""value"": ""50Wh, 65W Round Tip (3-pin)""}]}","[""https://cdn2.cellphones.com.vn/x/media/catalog/product/l/a/laptop_lenovo_ideapad_slim_3_14arp10_83k6005vvn_-_1.png"", ""https://cdn2.cellphones.com.vn/x/media/catalog/product/l/a/laptop_lenovo_ideapad_slim_3_14arp10_83k6005vvn_-_2.png"", ""https://cdn2.cellphones.com.vn/x/media/catalog/product/l/a/laptop_lenovo_ideapad_slim_3_14arp10_83k6005vvn_-_3.png""]","{""product_color_1"": {""color"": ""Xám"", ""image_url"": ""https://cellphones.com.vn/laptop-lenovo-ideapad-slim-3-14arp10-83k6005vvn.html?product_id=118787"", ""price"": ""18.090.000₫""}}"
Laptop Lenovo LOQ 15IRX10 83JE01AGVN,laptop-lenovo-loq-15irx10-83je01agvn,38.490.000đ,34.790.000đ,"Đặc điểm nổi bật
 Laptop Lenovo LOQ 15IRX10 83JE01AGVN được trang bị vi xử lý Intel Core i7-13645HX (14 nhân, 20 luồng) cùng với RTX 5050, mang lại hiệu năng mạnh mẽ. Máy sở hữu 16GB RAM DDR5 và ổ cứng SSD 512GB PCIe 4.0. Máy sở hữu màn hình 15.6 inch FHD IPS, đi kèm tần số quét 144Hz và độ phủ màu 100% sRGB.
Nội dung chính
1. Laptop Lenovo LOQ 15IRX10 83JE01AGVN – Hiệu năng mạnh mẽ, ổn định
1.1. AI thông minh, tối ưu hiệu năng theo từng tác vụ
1.2. Cấu hình mạnh mẽ, vận hành ổn định
1.3. Dung lượng RAM và SSD lớn, tối ưu hóa đa nhiệm
1.4. Thiết kế tối ưu trải nghiệm sử dụng hàng ngày
1.5. Màn hình chuẩn màu cao, hiển thị mượt và sắc nét
1.6. Dung lượng pin ổn định, hệ thống kết nối đa dạng
2. Mua ngay laptop Lenovo LOQ 15IRX10 83JE01AGVN chính hãng tại CellphoneS
Laptop Lenovo LOQ 15IRX10 83JE01AGVN – Hiệu năng mạnh mẽ, ổn định
Laptop Lenovo LOQ 15IRX10 83JE01AGVN được xây dựng theo định hướng laptop gaming tích hợp AI. Sản phẩm phù hợp cho nhiều nhu cầu như chơi game, xử lý đồ họa, học tập kỹ thuật và làm việc đa nhiệm trong thời gian dài.
AI thông minh, tối ưu hiệu năng theo từng tác vụ
Thế hệ laptop Lenovo LOQ này được xếp vào nhóm AI-powered gaming PC với sự hỗ trợ từ Lenovo AI Engine+. Hệ thống này có khả năng phân tích tải công việc theo thời gian thực để điều chỉnh tài nguyên. Từ đó, hệ thống này giúp duy trì hiệu năng ổn định trong nhiều tình huống sử dụng khác nhau.
Bên cạnh đó, máy tích hợp chip AI LA1, đóng vai trò xử lý các tác vụ liên quan đến trí tuệ nhân tạo. Điều này hỗ trợ tốt cho các ứng dụng như chỉnh sửa hình ảnh, xử lý video hoặc các phần mềm có tích hợp AI hiện đại.
AI hỗ trợ người dùng trong sử dụng
Khi chạy các tác vụ nặng như gaming hoặc render, laptop Lenovo LOQ 15IRX10 83JE01AGVN sẽ tự động tối ưu mức tiêu thụ điện và hiệu năng. Điều này sẽ giúp hạn chế được tình trạng quá nhiệt hoặc giảm xung.
Cấu hình mạnh mẽ, vận hành ổn định
Thiết bị sử dụng Intel Core i7-13645HX thuộc dòng hiệu năng cao, với cấu trúc 14 nhân (6 Performance + 8 Efficient). Ưu điểm này mang lại khả năng xử lý đa nhiệm và tính toán mạnh mẽ. Xung nhịp tối đa 4.9GHz giúp đáp ứng tốt các tác vụ như lập trình, giả lập và xử lý dữ liệu lớn.
Hiệu năng và tản nhiệt mạnh mẽ
Đi kèm là GPU NVIDIA GeForce RTX 5050 8GB GDDR7 với mức TGP 100W, hỗ trợ Ray Tracing và các công nghệ tăng tốc đồ họa. GPU này phù hợp cho các tựa game hiện đại cũng như công việc liên quan đến dựng hình 3D hoặc sáng tạo nội dung.
Dung lượng RAM và SSD lớn, tối ưu hóa đa nhiệm
Máy được trang bị sẵn 16GB RAM DDR5-5600, mang lại băng thông cao và khả năng xử lý đa nhiệm mượt mà. Chuẩn DDR5 cũng giúp cải thiện hiệu suất tổng thể trong các ứng dụng yêu cầu tốc độ truy xuất dữ liệu lớn.
RAM 16GB và SSD 512GB
Về lưu trữ, thiết bị sử dụng SSD 512GB PCIe 4.0 NVMe, cho tốc độ đọc ghi nhanh chóng. Ngoài ra, máy hỗ trợ 2 khe RAM và 2 khe SSD, cho phép nâng cấp tối đa lên 32GB RAM và mở rộng dung lượng lưu trữ theo nhu cầu sử dụng lâu dài.
Thiết kế tối ưu trải nghiệm sử dụng hàng ngày
Laptop Lenovo LOQ 15IRX10 83JE01AGVN sở hữu thiết kế hiện đại với tông màu trung tính, bề mặt phủ nhám giúp hạn chế bám dấu vân tay trong quá trình sử dụng. Các đường nét được hoàn thiện theo phong cách gaming nhưng vẫn đảm bảo sự gọn gàng.
Không gian bàn phím được bố trí hợp lý, kết hợp đèn nền RGB hỗ trợ thao tác trong điều kiện thiếu sáng. Touchpad có kích thước lớn cùng bề mặt mịn, mang lại trải nghiệm di chuyển chính xác và mượt mà, đáp ứng tốt nhu cầu sử dụng hàng ngày.
Thiết kế hiện đại
Tổng thể laptop Lenovo LOQ 15IRX10 83JE01AGVN có độ dày khoảng 21.9-23.9 mm cùng trọng lượng 2.4kg, đảm bảo sự cân bằng giữa tính di động và độ ổn định. Bản lề cứng cáp, khả năng mở linh hoạt và bố trí cổng kết nối hợp lý giúp tối ưu trải nghiệm khi sử dụng.
Màn hình chuẩn màu cao, hiển thị mượt và sắc nét
Laptop được trang bị màn hình 15.6 inch độ phân giải Full HD IPS, mang lại góc nhìn rộng và khả năng hiển thị đồng đều. Độ sáng 300 nits đủ dùng trong môi trường trong nhà hoặc văn phòng. Đồng thời, lớp phủ giảm chói (Anti-glare) giúp hạn chế hiện tượng phản xạ ánh sáng khi sử dụng trong thời gian dài.
Màn hình 15.6 inch 144Hz
Laptop Lenovo LOQ 15IRX10 83JE01AGVN có độ phủ màu 100% sRGB giúp tái tạo màu sắc chính xác. Ngoài ra, tần số quét 144Hz mang lại trải nghiệm chuyển động mượt mà hơn so với màn hình 60Hz.
Dung lượng pin ổn định, hệ thống kết nối đa dạng
Laptop được trang bị pin dung lượng 60Wh, đáp ứng nhu cầu sử dụng cho các tác vụ văn phòng, học tập hoặc giải trí trong nhiều giờ. Để đáp ứng mức tải cao, thiết bị được đi kèm bộ sạc công suất 170W, giúp cung cấp năng lượng nhanh và ổn định.
Máy có đa dạng cổng kết nối
Hệ thống cổng kết nối được bố trí đầy đủ, bao gồm 3 cổng USB-A, 1 cổng USB-C hỗ trợ sạc Power Delivery và xuất hình DisplayPort. Bên cạnh đó, cổng HDMI 2.1 hỗ trợ xuất hình độ phân giải cao cùng cổng LAN RJ-45 cho kết nối mạng có dây. Ngoài ra, jack tai nghe 3.5mm giúp đảm bảo khả năng tương thích với thiết bị âm thanh.
Mua ngay laptop Lenovo LOQ 15IRX10 83JE01AGVN chính hãng tại CellphoneS
Mua ngay laptop Lenovo LOQ 15IRX10 83JE01AGVN tại CellphoneS để nhận nhiều lợi ích thiết thực. Cửa hàng cam kết sản phẩm chính hãng, nguồn gốc rõ ràng và chính sách bảo hành minh bạch. Ngoài ra, CellphoneS còn hỗ trợ trả góp linh hoạt cùng nhiều chương trình ưu đãi hấp dẫn. Bên cạnh đó, đội ngũ tư vấn kỹ thuật sẵn sàng hỗ trợ khách hàng trong suốt quá trình sử dụng.","{""Bộ xử lý & Đồ họa"": [{""name"": ""Loại card đồ họa"", ""value"": ""NVIDIA GeForce RTX 5050 8GB GDDR7, Boost Clock 2370MHz, TGP 100W, 440 AI TOPS""}, {""name"": ""Loại CPU"", ""value"": ""Intel Core i7-13645HX, 14 lõi (6P + 8E) / 20 luồng, P-core up to 4.9GHz, E-core up to 3.5GHz, 24MB Intel Smart Cache""}], ""Bộ nhớ RAM, Ổ cứng"": [{""name"": ""Dung lượng RAM"", ""value"": ""16GB""}, {""name"": ""Loại RAM"", ""value"": ""DDR5-5600""}, {""name"": ""Số khe ram"", ""value"": ""2 khe (1 x 16GB, nâng cấp tối đa 32GB DDR5-5600)""}, {""name"": ""Ổ cứng"", ""value"": ""512GB SSD M.2 2242 PCIe 4.0x4 NVMe (Hai khe cắm, hỗ trợ tối đa hai ổ đĩa, dung lượng lên đến 1TB mỗi ổ)""}], ""Màn hình"": [{""name"": ""Tần số quét"", ""value"": ""144 Hz""}, {""name"": ""Chất liệu tấm nền"", ""value"": ""Tấm nền IPS""}, {""name"": ""Kích thước màn hình"", ""value"": ""15.6 inches""}, {""name"": ""Công nghệ màn hình"", ""value"": ""Độ sáng 300nits\nMàn hình chống chói\nĐộ phủ màu 100% sRGB\nG-SYNC""}, {""name"": ""Độ phân giải màn hình"", ""value"": ""1920 x 1080 pixels (FullHD)""}], ""Âm thanh"": [{""name"": ""Công nghệ âm thanh"", ""value"": ""Âm thanh độ nét cao (HD)\ncodec Realtek ALC3287\nLoa stereo, 2W x2\nNahimic Audio""}], ""Cổng kết nối"": [{""name"": ""Khe đọc thẻ nhớ"", ""value"": ""Không""}, {""name"": ""Wi-Fi"", ""value"": ""Wi-Fi 6, 802.11ax 2x2""}, {""name"": ""Bluetooth"", ""value"": ""Bluetooth 5.2""}, {""name"": ""Cổng giao tiếp"", ""value"": ""3 x USB-A (5Gbps / USB 3.2 Gen 1)\n1 x USB-C (10Gbps / USB 3.2 Gen 2), hỗ trợ USB PD 65-100W và DisplayPort 1.4\n1 x HDMI 2.1, độ phân giải lên đến 8K/60Hz\n1 x Giắc cắm tai nghe/micro kết hợp (3.5mm)\n1 x RJ-45\n1 x Đầu nối nguồn""}], ""Kích thước & Trọng lượng"": [{""name"": ""Chất liệu"", ""value"": ""Vỏ nhựa""}, {""name"": ""Chất liệu vỏ trên"", ""value"": ""Nhựa""}, {""name"": ""Chất liệu vỏ dưới"", ""value"": ""Nhựa""}, {""name"": ""Kích thước"", ""value"": ""359.86 x 258.7 x 21.9-23.9 mm (Dài x Rộng x Dày)""}, {""name"": ""Trọng lượng"", ""value"": ""2.4 kg""}], ""Tiện ích khác"": [{""name"": ""Tính năng đặc biệt"", ""value"": ""Wi-Fi 6""}], ""Tính năng khác"": [{""name"": ""Loại đèn bàn phím"", ""value"": ""24-Zone RGB""}, {""name"": ""Bảo mật"", ""value"": ""Firmware TPM 2.0 Enabled""}, {""name"": ""Webcam"", ""value"": ""5.0MP với E-shutter""}, {""name"": ""Hệ điều hành"", ""value"": ""Windows 11 Home Single Language, English""}], ""Pin & công nghệ sạc"": [{""name"": ""Pin"", ""value"": ""60Wh, 170W Slim Tip (3-pin)""}]}","[""https://cdn2.cellphones.com.vn/x/media/catalog/product/l/a/laptop_lenovo_loq_15irx10_83je01agvn_-_1.png"", ""https://cdn2.cellphones.com.vn/x/media/catalog/product/l/a/laptop_lenovo_loq_15irx10_83je01agvn_-_2.png"", ""https://cdn2.cellphones.com.vn/x/media/catalog/product/l/a/laptop_lenovo_loq_15irx10_83je01agvn_-_3.png""]","{""product_color_1"": {""color"": ""Xám"", ""image_url"": ""https://cellphones.com.vn/laptop-lenovo-loq-15irx10-83je01agvn.html?product_id=127757"", ""price"": ""34.790.000₫""}}"
Laptop Lenovo V14 G5 IRL 83HD0033VN,laptop-lenovo-v14-g5-irl-83hd0033vn,22.990.000đ,21.490.000đ,,"{""Bộ xử lý & Đồ họa"": [{""name"": ""Loại card đồ họa"", ""value"": ""Intel Graphics""}, {""name"": ""Loại CPU"", ""value"": ""Intel Core 5 210H, 8 lõi (4P + 4E) / 12 luồng, P-core 2.2 / 4.8GHz, E-core 1.6 / 3.6GHz, 12MB Intel Smart Cache""}], ""Bộ nhớ RAM, Ổ cứng"": [{""name"": ""Dung lượng RAM"", ""value"": ""16GB""}, {""name"": ""Loại RAM"", ""value"": ""SODIMM DDR5-5200""}, {""name"": ""Số khe ram"", ""value"": ""2 khe (1 x 16GB, nâng cấp tối đa 32GB DDR5-5200)""}, {""name"": ""Ổ cứng"", ""value"": ""512GB SSD M.2 2242 PCIe 4.0x4 NVMe (Một ổ đĩa, SSD M.2 2242 dung lượng lên đến 1TB)""}], ""Màn hình"": [{""name"": ""Chất liệu tấm nền"", ""value"": ""Tấm nền IPS""}, {""name"": ""Kích thước màn hình"", ""value"": ""14 inches""}, {""name"": ""Công nghệ màn hình"", ""value"": ""Độ sáng 300nits\nMàn hình chống chói\nĐộ phủ màu 45% NTSC""}, {""name"": ""Độ phân giải màn hình"", ""value"": ""1920 x 1080 pixels (FullHD)""}], ""Âm thanh"": [{""name"": ""Công nghệ âm thanh"", ""value"": ""Âm thanh độ nét cao (HD), codec Senary SN6147\nLoa stereo, 1.5W x2""}], ""Cổng kết nối"": [{""name"": ""Khe đọc thẻ nhớ"", ""value"": ""Không""}, {""name"": ""Wi-Fi"", ""value"": ""Wi-Fi 6, 802.11ax 2x2""}, {""name"": ""Bluetooth"", ""value"": ""Bluetooth 5.2""}, {""name"": ""Cổng giao tiếp"", ""value"": ""2 x USB-A (USB 3.2 Gen 1, 5Gbps)\n1 x USB-C (USB 3.2 Gen 1, 5Gbps, PD 45–65W, DisplayPort 1.2)\n1 x HDMI 1.4b\n1 x Jack tai nghe/mic 3.5 mm\n1 x Ethernet (RJ-45)\n1 x Cổng nguồn tròn""}], ""Kích thước & Trọng lượng"": [{""name"": ""Chất liệu"", ""value"": ""Vỏ nhựa""}, {""name"": ""Chất liệu vỏ trên"", ""value"": ""Nhựa""}, {""name"": ""Chất liệu vỏ dưới"", ""value"": ""Nhựa""}, {""name"": ""Kích thước"", ""value"": ""324.2 x 215.2 x 17.9 mm (Dài x Rộng x Dày)""}, {""name"": ""Trọng lượng"", ""value"": ""1.37 kg""}], ""Tiện ích khác"": [{""name"": ""Tính năng đặc biệt"", ""value"": ""Wi-Fi 6, Bảo mật vân tay""}], ""Tính năng khác"": [{""name"": ""Loại đèn bàn phím"", ""value"": ""Không có đèn nền""}, {""name"": ""Bảo mật"", ""value"": ""Discrete TPM 2.0 Enabled""}, {""name"": ""Webcam"", ""value"": ""Độ phân giải HD 720p với màn trập camera""}, {""name"": ""Hệ điều hành"", ""value"": ""Windows 11 Home Single Language, English (US) / English (UK)""}], ""Pin & công nghệ sạc"": [{""name"": ""Pin"", ""value"": ""47Wh, 65W USB-C (3-pin)""}]}","[""https://cdn2.cellphones.com.vn/x/media/catalog/product/l/a/laptop_lenovo_v14_g5_irl_83hd0033vn_-_1.png"", ""https://cdn2.cellphones.com.vn/x/media/catalog/product/l/a/laptop_lenovo_v14_g5_irl_83hd0033vn_-_2.png"", ""https://cdn2.cellphones.com.vn/x/media/catalog/product/l/a/laptop_lenovo_v14_g5_irl_83hd0033vn_-_3.png""]","{""product_color_1"": {""color"": ""Xám"", ""image_url"": ""https://cellphones.com.vn/laptop-lenovo-v14-g5-irl-83hd0033vn.html?product_id=127449"", ""price"": ""21.490.000₫""}}"
Laptop Lenovo IdeaPad Slim 5 14IMH10 83V6001GVN,laptop-lenovo-ideapad-slim-5-14imh10-83v6001gvn,N/A,N/A,,"{""Bộ xử lý & Đồ họa"": [{""name"": ""Chip AI"", ""value"": ""Intel AI Boost, up to 11 TOPS""}, {""name"": ""Loại card đồ họa"", ""value"": ""Intel Arc Graphics""}, {""name"": ""Loại CPU"", ""value"": ""Intel Core Ultra 5 135H, 14 lõi (4P + 8E + 2LPE) / 18 luồng, Max Turbo up to 4.6GHz, 18MB Intel Smart Cache""}], ""Bộ nhớ RAM, Ổ cứng"": [{""name"": ""Dung lượng RAM"", ""value"": ""16GB""}, {""name"": ""Loại RAM"", ""value"": ""DDR5-5600""}, {""name"": ""Số khe ram"", ""value"": ""2 khe (2 x 8GB, nâng cấp tối đa 32GB DDR5-5600)""}, {""name"": ""Ổ cứng"", ""value"": ""512GB SSD M.2 2242 PCIe 4.0x4 NVMe (Hỗ trợ tối đa hai ổ đĩa, 2 ổ SSD M.2, tối đa 1TB)""}], ""Màn hình"": [{""name"": ""Tần số quét"", ""value"": ""60 Hz""}, {""name"": ""Chất liệu tấm nền"", ""value"": ""Tấm nền Oled""}, {""name"": ""Kích thước màn hình"", ""value"": ""14 inches""}, {""name"": ""Công nghệ màn hình"", ""value"": ""Độ sáng 400nits\nĐộ phủ màu 100% DCI-P3\nDisplayHDR True Black 500""}, {""name"": ""Độ phân giải màn hình"", ""value"": ""1920 x 1200 pixels (WUXGA)""}], ""Âm thanh"": [{""name"": ""Công nghệ âm thanh"", ""value"": ""Âm thanh độ nét cao (HD)\nLoa âm thanh nổi, 2W x2\nDolby Audio""}], ""Cổng kết nối"": [{""name"": ""Khe đọc thẻ nhớ"", ""value"": ""Có""}, {""name"": ""Wi-Fi"", ""value"": ""Wi-Fi 7, 802.11be 2x2""}, {""name"": ""Bluetooth"", ""value"": ""Bluetooth 5.4""}, {""name"": ""Cổng giao tiếp"", ""value"": ""1 x USB-A (USB 5Gbps), luôn bật\n1 x USB-A (USB 5Gbps)\n2 x USB-C (USB 10Gbps), hỗ trợ USB PD 3.0 và DisplayPort 1.4\n1 x HDMI 2.1, hỗ trợ độ phân giải lên đến 4K/60Hz\n1 x Giắc cắm tai nghe/micro kết hợp (3.5mm)\n1 x Đầu đọc thẻ microSD""}], ""Kích thước & Trọng lượng"": [{""name"": ""Chất liệu"", ""value"": ""Vỏ kim loại""}, {""name"": ""Chất liệu vỏ trên"", ""value"": ""Nhôm""}, {""name"": ""Chất liệu vỏ dưới"", ""value"": ""Nhôm""}, {""name"": ""Kích thước"", ""value"": ""313.4 x 222 x 16.9 mm (Dài x Rộng x Dày)""}, {""name"": ""Trọng lượng"", ""value"": ""1.39 kg""}], ""Tiện ích khác"": [{""name"": ""Tính năng đặc biệt"", ""value"": ""Nhận diện khuôn mặt, Màn hình Oled, Wi-Fi 7""}], ""Tính năng khác"": [{""name"": ""Loại đèn bàn phím"", ""value"": ""Đèn nền""}, {""name"": ""Bảo mật"", ""value"": ""Firmware TPM 2.0 Enabled""}, {""name"": ""Webcam"", ""value"": ""Camera FHD 1080p + hồng ngoại với màn trập camera, cảm biến ToF""}, {""name"": ""Hệ điều hành"", ""value"": ""Windows 11 Home Single Language, English""}], ""Pin & công nghệ sạc"": [{""name"": ""Pin"", ""value"": ""60Wh, 65W USB-C Slim (2-pin, Wall-mount)""}]}","[""https://cdn2.cellphones.com.vn/x/media/catalog/product/l/a/laptop_lenovo_ideapad_slim_5_14imh10_83v6001gvn_-_1.png"", ""https://cdn2.cellphones.com.vn/x/media/catalog/product/l/a/laptop_lenovo_ideapad_slim_5_14imh10_83v6001gvn_-_2.png"", ""https://cdn2.cellphones.com.vn/x/media/catalog/product/l/a/laptop_lenovo_ideapad_slim_5_14imh10_83v6001gvn_-_3.png""]","{""product_color_1"": {""color"": ""Xám"", ""image_url"": ""https://cellphones.com.vn/laptop-lenovo-ideapad-slim-5-14imh10-83v6001gvn.html?product_id=127760"", ""price"": ""24.990.000₫""}}"
Laptop Lenovo Legion 5 15AHP11 83Q7001JVN,laptop-lenovo-legion-5-15ahp11-83q7001jvn,N/A,N/A,,"{""Bộ xử lý & Đồ họa"": [{""name"": ""Chip AI"", ""value"": ""AMD Ryzen AI, up to 16 TOPS""}, {""name"": ""Loại card đồ họa"", ""value"": ""NVIDIA GeForce RTX 5060 8GB GDDR7, Boost Clock 2497MHz, TGP 115W, 572 AI TOPS""}, {""name"": ""Loại CPU"", ""value"": ""AMD Ryzen 7 250 (8 lõi / 16 luồng, 3.3 / 5.1GHz, 8MB L2 / 16MB L3)""}], ""Bộ nhớ RAM, Ổ cứng"": [{""name"": ""Dung lượng RAM"", ""value"": ""16GB""}, {""name"": ""Loại RAM"", ""value"": ""SODIMM DDR5-5600""}, {""name"": ""Số khe ram"", ""value"": ""2 khe (1 x 16GB, nâng cấp tối đa 32GB DDR5-5600)""}, {""name"": ""Ổ cứng"", ""value"": ""512GB SSD M.2 2242 PCIe 4.0x4 NVMe (Tối đa hai ổ đĩa, 2 ổ SSD M.2, SSD M.2 2242 dung lượng tối đa 2TB mỗi ổ)""}], ""Màn hình"": [{""name"": ""Tần số quét"", ""value"": ""165 Hz""}, {""name"": ""Chất liệu tấm nền"", ""value"": ""Tấm nền Oled""}, {""name"": ""Kích thước màn hình"", ""value"": ""15.1 inches""}, {""name"": ""Công nghệ màn hình"", ""value"": ""Độ sáng 500 nits (typical), 1000 nits (peak)\nĐộ phủ 100% DCI-P3\nNVIDIA G-Sync\nDisplayHDR True Black 1000""}, {""name"": ""Độ phân giải màn hình"", ""value"": ""2560 x 1600 (WQXGA)""}], ""Âm thanh"": [{""name"": ""Công nghệ âm thanh"", ""value"": ""Âm thanh HD, codec Realtek ALC3287\nLoa stereo 2W x2\nÂm thanh bởi HARMAN\nTối ưu với Nahimic Audio""}], ""Cổng kết nối"": [{""name"": ""Khe đọc thẻ nhớ"", ""value"": ""Không""}, {""name"": ""Wi-Fi"", ""value"": ""Wi-Fi 7, 802.11be 2x2""}, {""name"": ""Bluetooth"", ""value"": ""Bluetooth 5.4""}, {""name"": ""Cổng giao tiếp"", ""value"": ""2 x USB-A (USB 5Gbps)\n1 x USB-A (USB 5Gbps, Always On)\n2 x USB-C (USB4 40Gbps, PD 65–100W, DisplayPort 1.4)\n1 x HDMI 2.1 (tối đa 8K/60Hz)\n1 x Jack tai nghe/mic 3.5 mm\n1 x Ethernet (RJ-45)\n1 x Cổng nguồn Slim tip""}], ""Kích thước & Trọng lượng"": [{""name"": ""Chất liệu"", ""value"": ""Vỏ nhựa - nắp lưng kim loại""}, {""name"": ""Chất liệu vỏ trên"", ""value"": ""Nhôm""}, {""name"": ""Chất liệu vỏ dưới"", ""value"": ""Nhựa""}, {""name"": ""Kích thước"", ""value"": ""344 x 244.5 x 18.95-19.95 mm (Dài x Rộng x Dày)""}, {""name"": ""Trọng lượng"", ""value"": ""1.87 kg""}], ""Tiện ích khác"": [{""name"": ""Tính năng đặc biệt"", ""value"": ""Màn hình Oled, Wi-Fi 7""}], ""Tính năng khác"": [{""name"": ""Loại đèn bàn phím"", ""value"": ""1-Zone RGB""}, {""name"": ""Bảo mật"", ""value"": ""Firmware TPM 2.0 Enabled""}, {""name"": ""Webcam"", ""value"": ""5.0MP với E-shutter""}, {""name"": ""Hệ điều hành"", ""value"": ""Windows 11 Home Single Language, English + Office Home 2024 + Lenovo AI Now""}], ""Pin & công nghệ sạc"": [{""name"": ""Pin"", ""value"": ""80Wh, 245W Slim Tip (3-pin)""}]}","[""https://cdn2.cellphones.com.vn/x/media/catalog/product/l/a/laptop_lenovo_legion_5_15ahp11_83q7001jvn_-_1.png"", ""https://cdn2.cellphones.com.vn/x/media/catalog/product/l/a/laptop_lenovo_legion_5_15ahp11_83q7001jvn_-_2.png"", ""https://cdn2.cellphones.com.vn/x/media/catalog/product/l/a/laptop_lenovo_legion_5_15ahp11_83q7001jvn_-_3.png""]","{""product_color_1"": {""color"": ""Đen"", ""image_url"": ""https://cellphones.com.vn/laptop-lenovo-legion-5-15ahp11-83q7001jvn.html?product_id=130251"", ""price"": ""58.990.000₫""}}"
Laptop Lenovo LOQ 15IRX10 83JE00PEVN,laptop-lenovo-loq-15irx10-83je00pevn,42.990.000đ,35.990.000đ,"Đặc điểm nổi bật
Laptop Lenovo LOQ 15IRX10 83JE00PEVN sở hữu hiệu năng vượt trội với CPU Intel Core i7-13650HX, GPU NVIDIA GeForce RTX 5050 8GB, 16GB RAM và 512GB SSD. Màn hình 15.6 inch FHD 144Hz với tấm nền IPS, cho chất lượng hình ảnh sống động, mượt mà. Bên cạnh đó, dòng laptop Lenovo LOQ này được thiết kế hiện đại với bàn phím RGB 24 vùng, tạo nên phong cách riêng. 
Nội dung chính
1. Laptop Lenovo LOQ 15IRX10 83JE00PEVN - Sức mạnh vượt trội, thiết kế gaming
1.1. AI tăng tốc các tác vụ
1.2. CPU Core i7 kết hợp GPU mạnh
1.3. RAM 16GB với ổ cứng 512GB
1.4. Kiểu dáng hầm hố, màu sang trọng
1.5. Màn hình 15.6 inch kèm tần số quét cao
1.6. Pin dung lượng lớn và đa dạng cổng
2. Mua ngay laptop Lenovo LOQ 15IRX10 83JE00PEVN chất lượng tại CellphoneS
Laptop Lenovo LOQ 15IRX10 83JE00PEVN - Sức mạnh vượt trội, thiết kế gaming
Laptop Lenovo LOQ 15IRX10 83JE00PEVN là lựa chọn phù hợp cho game thủ nhờ hiệu năng mạnh mẽ và card đồ họa tiên tiến. Thiết kế của dòng Lenovo LOQ này cũng được cải tiến tinh tế, tạo nên phong cách độc đáo và khác biệt. 
AI tăng tốc các tác vụ
Laptop Lenovo LOQ 15IRX10 83JE00PEVN được trang bị AI Chip LA1 giúp tăng tốc các tác vụ trí tuệ nhân tạo nhanh chóng và tiết kiệm năng lượng. Tính năng này hỗ trợ xử lý hình ảnh, nhận diện giọng nói và các tác vụ để tối ưu hóa hiệu suất hơn. Kết hợp với Lenovo AI Now, phần mềm AI tích hợp sẵn, người dùng có thể tận dụng đầy đủ khả năng AI của máy. 
CPU Core i7 kết hợp GPU mạnh
Laptop Lenovo LOQ 15IRX10 83JE00PEVN sở hữu CPU Intel Core i7-13650HX với 14 nhân (6 nhân P + 8 nhân E) và 20 luồng, mang lại hiệu năng mạnh mẽ. P-core đạt xung nhịp tối đa 4.9 GHz, trong khi E-core tối đa 3.6 GHz đủ xử lý các tác vụ về thiết kế đồ họa hay ứng dụng văn phòng cùng lúc.
Về đồ họa, máy trang bị NVIDIA GeForce RTX 5050 8GB GDDR7 với Boost Clock 2370 MHz và TGP 100W, hỗ trợ công nghệ G-SYNC. Nhờ đó, máy mang đến trải nghiệm trơn tru, hình ảnh sống động cùng việc xử lý AI nhanh chóng với 440 AI TOPS.
Hệ thống tản nhiệt tiên tiến kết hợp quạt kép và ống dẫn nhiệt, giúp duy trì hiệu suất ổn định trong thời gian dài, hạn chế tiếng ồn. Thiết kế này hoạt động hiệu quả mà tránh tình trạng bị quá nhiệt, giữ trải nghiệm người dùng luôn mượt mà.
RAM 16GB với ổ cứng 512GB
Laptop Lenovo LOQ 15IRX10 83JE00PEVN trang bị 16GB RAM DDR5-4800 với 1 khe SO-DIMM, có thể nâng cấp tối đa 32GB để xử lý đa nhiệm. Với tốc độ DDR5 cao, bộ nhớ mang lại băng thông lớn, giúp CPU và GPU khai thác tối đa hiệu năng giảm thiểu độ trễ trong các tác vụ nặng.
Về lưu trữ, máy sở hữu 512GB SSD M.2 PCIe 4.0x4 NVMe, cung cấp tốc độ đọc/ghi cực nhanh, rút ngắn thời gian khởi động hệ điều hành và tải ứng dụng. Người dùng có thể mở rộng bộ nhớ với hai khe M.2, mỗi khe dung lượng tối đa 1TB, phù hợp cho nhiều mục đích sử dụng. 
Kiểu dáng hầm hố, màu sang trọng
Laptop Lenovo LOQ 15IRX10 83JE00PEVN sở hữu thiết kế hiện đại, phù hợp với nhiều môi trường làm việc khác nhau. Về vật liệu, máy được hoàn thiện từ PC-ABS bền bỉ, với bề mặt được sơn Luna Grey, vừa sang trọng vừa hạn chế bám dấu vân tay. Hệ thống bàn phím RGB 24 vùng cùng touchpad Mylar hỗ trợ đa điểm mang đến độ chính xác trong từng thao tác.
Máy có kích thước 359.86x258.7x21.9-23.9 mm và trọng lượng 2.4 kg, dễ dàng di chuyển mà vẫn có độ chắc chắn. Công nghệ Nahimic Audio kết hợp cùng loa stereo 2W x2 giúp trải nghiệm âm thanh trở nên sống động hơn. Máy còn hỗ trợ micro 2x Array, giúp thu âm tốt, giảm tiếng ồn xung quanh, thuận tiện cho gọi hay họp trực tuyến. 
Màn hình 15.6 inch kèm tần số quét cao
Với màn hình 15.6 inch FHD (1920x1080) IPS, độ sáng 300 nits và dải màu 100% sRGB, laptop Lenovo LOQ 15IRX10 83JE00PEVN cho hiển thị chi tiết, màu sắc rực rỡ. Nhờ tần số quét 144Hz kết hợp G-SYNC, hình ảnh hiển thị ổn định và giảm hiện tượng giật. Màn hình còn có bề mặt chống chói, giúp quan sát tốt trong nhiều điều kiện ánh sáng.
Đặc biệt, màn hình đã được chứng nhận TÜV Rheinland Low Blue Light, góp phần hạn chế ánh sáng xanh và bảo vệ mặt khi sử dụng thời gian lâu. Thiết kế viền mỏng và tỷ lệ màn hình so với thân máy 88% AAR tạo cảm giác không gian hiển thị rộng rãi, mang lại trải nghiệm trực quan và thoải mái.
Pin dung lượng lớn và đa dạng cổng
Laptop Lenovo LOQ 15IRX10 83JE00PEVN được trang bị pin 60Wh cùng adapter 170W Slim Tip, cung cấp đủ năng lượng. Viên pin được tối ưu cùng hiệu năng, giúp máy duy trì hoạt động bền bỉ và tiết kiệm năng lượng trong quá trình sử dụng.
Về kết nối, máy hỗ trợ Wi-Fi 6 (802.11ax 2x2) và Bluetooth 5.2, cho truyền dữ liệu nhanh chóng và ổn định. Các cổng kết nối bao gồm 3x USB-A 5Gbps (USB 3.2 Gen 1), 1x USB-C 10Gbps (USB 3.2 Gen 2) hỗ trợ USB PD 65-100W và DisplayPort 1.4, 1x HDMI 2.1. Đi kèm với đầy đủ các cổng khác như headphone/mic 3.5mm, Ethernet RJ-45 và đầu cấp nguồn.
Mua ngay laptop Lenovo LOQ 15IRX10 83JE00PEVN chất lượng tại CellphoneS
Đến ngay CellphoneS để sở hữu laptop Lenovo LOQ 15IRX10 83JE00PEVN với hiệu năng mạnh và thiết kế đầy ấn tượng. Tại hệ thống, khách hàng sẽ nhận được sản phẩm chính hãng, chất lượng cùng các chính sách bảo hành. CellphoneS mang đến dịch vụ tư vấn tận tâm, giúp khách hàng dễ dàng tìm được thiết bị đáp ứng đúng nhu cầu sử dụng. Khi mua sản phẩm khách hàng còn nhận các chương trình ưu đãi hấp dẫn và quà tặng kèm.","{""Bộ xử lý & Đồ họa"": [{""name"": ""Loại card đồ họa"", ""value"": ""NVIDIA GeForce RTX 5050 8GB GDDR7, Boost Clock 2370MHz, TGP 100W, 440 AI TOPS""}, {""name"": ""Loại CPU"", ""value"": ""Intel Core i7-13650HX, 14 lõi (6P + 8E) / 20 luồng, P-core 2.6 / 4.9GHz, E-core 1.9 / 3.6GHz, 24MB""}], ""Bộ nhớ RAM, Ổ cứng"": [{""name"": ""Dung lượng RAM"", ""value"": ""16GB""}, {""name"": ""Loại RAM"", ""value"": ""DDR5-4800""}, {""name"": ""Số khe ram"", ""value"": ""2 khe (1 x 16GB, nâng cấp tối đa 32GB DDR5-4800)""}, {""name"": ""Ổ cứng"", ""value"": ""512GB SSD M.2 2242 PCIe 4.0x4 NVMe (Hỗ trợ tối đa 2 ổ M.2 2242 SSD, mỗi ổ tối đa 1TB)""}], ""Màn hình"": [{""name"": ""Tần số quét"", ""value"": ""144 Hz""}, {""name"": ""Chất liệu tấm nền"", ""value"": ""Tấm nền IPS""}, {""name"": ""Kích thước màn hình"", ""value"": ""15.6 inches""}, {""name"": ""Công nghệ màn hình"", ""value"": ""Độ sáng 300nits\nMàn hình chống chói\nĐộ phủ màu 100% sRGB\nG-SYNC""}, {""name"": ""Độ phân giải màn hình"", ""value"": ""1920 x 1080 pixels (FullHD)""}], ""Âm thanh"": [{""name"": ""Công nghệ âm thanh"", ""value"": ""Âm thanh HD với chip Realtek ALC3287\nLoa stereo 2W x2, tối ưu chất lượng bởi Nahimic Audio""}], ""Kích thước & Trọng lượng"": [{""name"": ""Chất liệu"", ""value"": ""Vỏ nhựa""}, {""name"": ""Chất liệu vỏ trên"", ""value"": ""Nhựa""}, {""name"": ""Chất liệu vỏ dưới"", ""value"": ""Nhựa""}, {""name"": ""Kích thước"", ""value"": ""359.86 x 258.7 x 21.9–23.9 mm (Dài x Rộng x Dày)""}, {""name"": ""Trọng lượng"", ""value"": ""2.4 kg""}], ""Tiện ích khác"": [{""name"": ""Tính năng đặc biệt"", ""value"": ""Wi-Fi 6""}], ""Tính năng khác"": [{""name"": ""Loại đèn bàn phím"", ""value"": ""24-Zone RGB Backlit""}, {""name"": ""Bảo mật"", ""value"": ""Firmware TPM 2.0 Enabled""}, {""name"": ""Webcam"", ""value"": ""5.0MP với E-shutter""}, {""name"": ""Hệ điều hành"", ""value"": ""Windows 11 Home Single Language, English + Office Trial + Lenovo AI Now""}], ""Pin & công nghệ sạc"": [{""name"": ""Pin"", ""value"": ""60Wh, 170W Slim Tip (3-pin)""}], ""Cổng kết nối"": [{""name"": ""Wi-Fi"", ""value"": ""Wi-Fi 6, 802.11ax 2x2""}, {""name"": ""Bluetooth"", ""value"": ""Bluetooth 5.2""}, {""name"": ""Cổng giao tiếp"", ""value"": ""3x USB-A (5Gbps / USB 3.2 Gen 1)\n1x USB-C (10Gbps / USB 3.2 Gen 2), với USB PD 65-100W và DisplayPort 1.4\n1x HDMI 2.1, lên đến 8K/60Hz\n1x Giắc cắm kết hợp tai nghe/micrô (3.5mm)\n1x Ethernet (RJ-45)\n1x Đầu nối nguồn""}]}","[""https://cdn2.cellphones.com.vn/x/media/catalog/product/l/a/laptop_lenovo_loq_15irx10_83je00pevn_-_1.png"", ""https://cdn2.cellphones.com.vn/x/media/catalog/product/l/a/laptop_lenovo_loq_15irx10_83je00pevn_-_2.png"", ""https://cdn2.cellphones.com.vn/x/media/catalog/product/l/a/laptop_lenovo_loq_15irx10_83je00pevn_-_3.png""]","{""product_color_1"": {""color"": ""Xám"", ""image_url"": ""https://cellphones.com.vn/laptop-lenovo-loq-15irx10-83je00pevn.html?product_id=113719"", ""price"": ""35.990.000₫""}}"
Laptop Lenovo IdeaPad Slim 3 14ARP10 83K6005UVN,laptop-lenovo-ideapad-slim-3-14arp10-83k6005uvn,26.990.000đ,19.690.000đ,"Đặc điểm nổi bật
Laptop Lenovo IdeaPad Slim 3 14ARP10 83K6005UVN được trang bị chip Ryzen 5 7535HS, RAM 24GB cùng SSD dung lượng 512GB, mang lại hiệu năng mạnh mẽ. Máy trang bị màn hình 14 inch WUXGA tỉ lệ 16:10 cùng loa Dolby Audio. Thiết kế mỏng nhẹ chỉ 1.39kg, pin 50Wh và kết nối USB-C hỗ trợ Power Delivery tiện lợi.
Nội dung chính
1. Laptop Lenovo IdeaPad Slim 3 14ARP10 83K6005UVN – Mỏng nhẹ và linh hoạt
1.1. Tốc độ truy xuất nhanh với RAM DDR5 và SSD PCIe Gen 4
1.2. Bền bỉ với vật liệu nhôm và chứng nhận MIL-STD-810H
1.3. Đáp ứng tốt tác vụ văn phòng và xử lý đa nhiệm
1.4. Thời lượng pin hợp lý, hệ thống cổng kết nối linh hoạt
1.5. Không gian hiển thị rộng, hình ảnh sắc nét
2. So sánh laptop Lenovo IdeaPad Slim 3 14ARP10 83K6005UVN và laptop Lenovo IdeaPad 3
3. Mua ngay laptop Lenovo IdeaPad Slim 3 14ARP10 83K6005UVN chính hãng tại CellphoneS
Laptop Lenovo IdeaPad Slim 3 14ARP10 83K6005UVN – Mỏng nhẹ và linh hoạt
IdeaPad Slim 3 14ARP10 83K6005UVN mang đến trải nghiệm cân bằng giữa hiệu năng, tính di động và sự tiện nghi. Chiếc laptop Lenovo IdeaPad này là lựa chọn đáng chú ý dành cho người dùng tìm kiếm một thiết bị đơn giản, bền bỉ và tinh gọn.
Tốc độ truy xuất nhanh với RAM DDR5 và SSD PCIe Gen 4
Cấu hình bộ nhớ của IdeaPad Slim 3 14ARP10 là điểm mạnh đáng chú ý với tổng cộng 24GB DDR5-4800 (8GB hàn + 16GB SODIMM). Sự kết hợp này vận hành ở dạng dual-channel, giúp tăng băng thông và cải thiện tốc độ xử lý đa nhiệm. Người dùng có thể mở nhiều tab cùng lúc mà hệ thống vẫn hoạt động mượt mà.
RAM DDR5 cùng SSD 512GB
Bên cạnh RAM lớn, laptop Lenovo IdeaPad Slim 3 14ARP10 83K6005UVN còn trang bị SSD 512GB mang lại tốc độ đọc ghi nhanh và rút ngắn thời gian xử lý. Hai khe M.2 2242 PCIe Gen4 cho phép nâng cấp tối đa hai ổ SSD. Điều này phù hợp cho người dùng cần không gian lưu trữ lớn phục vụ công việc dài hạn.
Bền bỉ với vật liệu nhôm và chứng nhận MIL-STD-810H
IdeaPad Slim 3 14ARP10 sở hữu tông màu xám hiện đại, hướng đến phong cách tối giản nhưng vẫn sang trọng trong môi trường văn phòng. Máy có phần khung trên làm bằng nhôm kết hợp mặt đáy PC-ABS. Thiết kế này có trọng lượng chỉ khoảng 1.39kg, giúp người dùng dễ dàng mang theo khi học tập hoặc di chuyển hàng ngày.
Thiết kế hiện đại, độ bền đạt chuẩn
Bên cạnh ngoại hình gọn nhẹ, máy đạt chuẩn độ bền quân đội MIL-STD-810H, đảm bảo hoạt động ổn định trong nhiều điều kiện môi trường. Ngoài ra, touchpad Mylar rộng 75 x 120 mm và bàn phím tiêu chuẩn giúp thao tác chính xác khi làm việc lâu dài.
Đáp ứng tốt tác vụ văn phòng và xử lý đa nhiệm
Lenovo trang bị cho laptop Lenovo IdeaPad Slim 3 14ARP10 83K6005UVN bộ xử lý AMD Ryzen 5 7535HS (6 nhân 12 luồng, xung tối đa 4.55GHz). Con chip này mang lại hiệu suất phù hợp cho học tập và các tác vụ văn phòng. Với lượng cache lớn kết hợp tiến trình AMD SoC, máy duy trì tốc độ và tiết kiệm pin hiệu quả.
Hiệu năng mạnh mẽ với Ryzen 5 7535HS
Card đồ họa tích hợp AMD Radeon 660M hỗ trợ các tác vụ đồ họa nhẹ như chỉnh sửa ảnh, dựng video cơ bản hoặc giải trí với game eSports cấu hình thấp. Đây là lựa chọn phù hợp cho người dùng cần sự cân bằng giữa hiệu năng và nhiệt độ.
Thời lượng pin hợp lý, hệ thống cổng kết nối linh hoạt
Máy trang bị viên pin 50Wh và hỗ trợ sạc 65W, giúp nạp lại năng lượng nhanh chóng, tối ưu cho những ai cần di chuyển nhiều hoặc làm việc từ xa. Việc kết hợp phần cứng tiết kiệm điện của AMD giúp kéo dài thời gian sử dụng trong các tác vụ.
Viên pin 50Wh, đầy đủ cổng kết nối
Hệ thống cổng kết nối cũng rất đầy đủ, gồm 2 USB-A 3.2 Gen 1, 1 USB-C 3.2 Gen 1 hỗ trợ Power Delivery. Kết nối không dây với Wi-Fi 6 và Bluetooth 5.3 mang lại đường truyền ổn định khi họp trực tuyến hoặc kết nối thiết bị ngoại vi.
Không gian hiển thị rộng, hình ảnh sắc nét
Laptop Lenovo IdeaPad Slim 3 14ARP10 83K6005UVN sở hữu màn hình 14 inch WUXGA tỉ lệ 16:10, mang lại không gian hiển thị lớn hơn. Điều này giúp thao tác văn bản, đọc tài liệu và đa nhiệm trở nên thoải mái. Tấm nền IPS đem đến góc nhìn rộng, trong khi độ sáng 300 nits hỗ trợ làm việc trong môi trường có ánh sáng mạnh.
Màn hình 14 inch 16:10, tấm nền IPS
Lớp phủ anti-glare giúp giảm chói, bảo vệ mắt khi sử dụng lâu dài. Tỷ lệ màn hình so với thân máy đạt 90.1%, tạo trải nghiệm nhìn thoáng và liền mạch hơn. Webcam HD tích hợp Privacy Shutter tăng tính bảo mật khi họp trực tuyến hoặc làm việc.
So sánh laptop Lenovo IdeaPad Slim 3 14ARP10 83K6005UVN và laptop Lenovo IdeaPad 3
Việc so sánh giữa hai sản phẩm này trở nên quan trọng để người dùng cân nhắc đúng nhu cầu. Bảng dưới đây sẽ làm rõ các khác biệt giúp người dùng dễ dàng quyết định phiên bản phù hợp hơn cho mục đích sử dụng:
Thông số
Laptop Lenovo IdeaPad Slim 3 14ARP10 83K6005UVN
Laptop Lenovo IdeaPad 3
Loại card đồ họa
AMD Radeon 660M Graphics
Intel Iris Xe Graphics
Dung lượng RAM
24GB
12GB
Loại RAM
DDR5-4800
4GB DDR4-3200 + 8GB SO-DIMM DDR4-3200
Số khe ram
2 khe (8GB Onboard + 16GB SODIMM DDR5-4800, nâng cấp tối đa 24GB)
Ổ cứng
512GB SSD M.2 2242 PCIe 4.0x4 NVMe (Tối đa hai ổ đĩa, 2x SSD M.2, nâng cấp lên đến 1TB)
512GB SSD M.2 2242 PCIe 3.0x4 NVMe
Kích thước màn hình
14 inches
15.6 inches
Công nghệ màn hình
Độ sáng 300nits
Màn hình chống chói
Độ phủ màu 45% NTSC
300nits, màn hình chống chói
Pin
50Wh, 65W Round Tip (3-pin)
45Whrs
Hệ điều hành
Windows 11 Home Single Language, English
Windows 10 Home
Độ phân giải màn hình
1920 x 1200 pixels (WUXGA)
1080 x 1920 pixels (FullHD)
Loại CPU
AMD Ryzen 5 7535HS (6 lõi / 12 luồng, 3.3 / 4.55GHz, 3MB L2 / 16MB L3)
Intel Core i5-1135G7 (4C / 8T, 2.4 / 4.2GHz, 8MB)
Cổng giao tiếp
2x USB-A (USB 5Gbps / USB 3.2 Gen 1)
1x USB-C (USB 5Gbps / USB 3.2 Gen 1, Hỗ Trợ USB PD 3.0 & DisplayPort 1.2)
1x HDMI 1.4
1x Jack Tai Nghe/Micro Combo (3.5mm)
1x Khe Đọc Thẻ SD
1x Đầu Nối Nguồn
1x Power connector
1x Card reader
1x USB 3.2 Gen 1
1x USB-C 3.2 Gen
1x HDMI 1.4b
1x Headphone / microphone jack (3.5mm)
1x USB 2.0
IdeaPad Slim 3 mang đến nhiều cải tiến hơn
Tổng quan cho thấy laptop Lenovo IdeaPad Slim 3 14ARP10 83K6005UVN nổi bật hơn nhờ cấu hình mạnh mẽ hơn. Sự kết hợp giữa Ryzen 5, RAM DDR5 và SSD Gen 4 giúp thiết bị vận hành linh hoạt, phù hợp cho học tập lẫn làm việc dài hạn.
Mua ngay laptop Lenovo IdeaPad Slim 3 14ARP10 83K6005UVN chính hãng tại CellphoneS
Đến ngay CellphoneS để trải nghiệm laptop Lenovo IdeaPad Slim 3 14ARP10 83K6005UVN và chính sách mua hàng chuyên nghiệp. Laptop được bảo hành chính hãng kèm dịch vụ hỗ trợ đổi trả nếu có lỗi từ nhà sản xuất. Cửa hàng còn có nhiều ưu đãi hấp dẫn, giúp tiết kiệm chi phí khi mua hàng. Đây là cơ hội để sở hữu sản phẩm chính hãng với dịch vụ đáng tin cậy và nhiều quyền lợi đi kèm!","{""Bộ xử lý & Đồ họa"": [{""name"": ""Loại card đồ họa"", ""value"": ""AMD Radeon 660M Graphics""}, {""name"": ""Loại CPU"", ""value"": ""AMD Ryzen 5 7535HS (6 lõi / 12 luồng, 3.3 / 4.55GHz, 3MB L2 / 16MB L3)""}], ""Bộ nhớ RAM, Ổ cứng"": [{""name"": ""Dung lượng RAM"", ""value"": ""24GB""}, {""name"": ""Loại RAM"", ""value"": ""DDR5-4800""}, {""name"": ""Số khe ram"", ""value"": ""2 khe (8GB Onboard + 16GB SODIMM DDR5-4800, nâng cấp tối đa 24GB)""}, {""name"": ""Ổ cứng"", ""value"": ""512GB SSD M.2 2242 PCIe 4.0x4 NVMe (Tối đa hai ổ đĩa, 2x SSD M.2, nâng cấp lên đến 1TB)""}], ""Màn hình"": [{""name"": ""Chất liệu tấm nền"", ""value"": ""Tấm nền IPS""}, {""name"": ""Kích thước màn hình"", ""value"": ""14 inches""}, {""name"": ""Công nghệ màn hình"", ""value"": ""Độ sáng 300nits\nMàn hình chống chói\nĐộ phủ màu 45% NTSC""}, {""name"": ""Độ phân giải màn hình"", ""value"": ""1920 x 1200 pixels (WUXGA)""}], ""Âm thanh"": [{""name"": ""Công nghệ âm thanh"", ""value"": ""Âm thanh độ nét cao (HD)\nLoa stereo, 2W x2\nDolby Audio""}], ""Cổng kết nối"": [{""name"": ""Khe đọc thẻ nhớ"", ""value"": ""Có""}, {""name"": ""Wi-Fi"", ""value"": ""Wi-Fi 6, 802.11ax 2x2""}, {""name"": ""Bluetooth"", ""value"": ""Bluetooth 5.3""}, {""name"": ""Cổng giao tiếp"", ""value"": ""2x USB-A (USB 5Gbps / USB 3.2 Gen 1)\n1x USB-C (USB 5Gbps / USB 3.2 Gen 1, Hỗ Trợ USB PD 3.0 & DisplayPort 1.2)\n1x HDMI 1.4\n1x Jack Tai Nghe/Micro Combo (3.5mm)\n1x Khe Đọc Thẻ SD\n1x Đầu Nối Nguồn""}], ""Kích thước & Trọng lượng"": [{""name"": ""Chất liệu"", ""value"": ""Vỏ nhựa - nắp lưng kim loại""}, {""name"": ""Chất liệu vỏ màn hình"", ""value"": ""Dập nhôm anodized (trên), Texture (dưới)""}, {""name"": ""Chất liệu vỏ trên"", ""value"": ""Nhôm""}, {""name"": ""Chất liệu vỏ dưới"", ""value"": ""Nhựa""}, {""name"": ""Kích thước"", ""value"": ""314.4 x 222.1 x 16.9-17.9 mm (Dài x Rộng x Dày)""}, {""name"": ""Trọng lượng"", ""value"": ""1.39 kg""}], ""Tiện ích khác"": [{""name"": ""Tính năng đặc biệt"", ""value"": ""Wi-Fi 6""}], ""Tính năng khác"": [{""name"": ""Loại đèn bàn phím"", ""value"": ""Không có đèn nền""}, {""name"": ""Bảo mật"", ""value"": ""Microsoft Pluton TPM 2.0 Enabled""}, {""name"": ""Webcam"", ""value"": ""HD 720p với Màn trập camera""}, {""name"": ""Hệ điều hành"", ""value"": ""Windows 11 Home Single Language, English""}], ""Pin & công nghệ sạc"": [{""name"": ""Pin"", ""value"": ""50Wh, 65W Round Tip (3-pin)""}]}","[""https://cdn2.cellphones.com.vn/x/media/catalog/product/l/a/laptop_lenovo_ideapad_slim_3_14arp10_83k6005uvn_-_1.png"", ""https://cdn2.cellphones.com.vn/x/media/catalog/product/l/a/laptop_lenovo_ideapad_slim_3_14arp10_83k6005uvn_-_2.png"", ""https://cdn2.cellphones.com.vn/x/media/catalog/product/l/a/laptop_lenovo_ideapad_slim_3_14arp10_83k6005uvn_-_3.png""]","{""product_color_1"": {""color"": ""Xám"", ""image_url"": ""https://cellphones.com.vn/laptop-lenovo-ideapad-slim-3-14arp10-83k6005uvn.html?product_id=118789"", ""price"": ""19.690.000₫""}}"
Laptop Lenovo IdeaPad Flex 5 14ABR8 82XX00FWVN,laptop-lenovo-ideapad-flex-5-14abr8-82xx00fwvn,19.990.000đ,19.490.000đ,"Đặc điểm nổi bật
Laptop Lenovo IdeaPad Flex 5 14ABR8 82XX00FWVN sở hữu chip AMD Ryzen 7 5825U 8 nhân 16 luồng với tốc độ 2.0GHz đến 4.5GHz, mang lại hiệu năng mạnh mẽ. RAM 16GB LPDDR4x 4266MHz cùng ổ SSD 512GB PCIe 4.0x4 NVMe đảm bảo tốc độ xử lý. Màn hình 14 inch WUXGA cảm ứng, với viên pin 52.5Wh, cùng kết nối Wi-Fi 6 và Bluetooth 5.3.
Nội dung chính
1. Laptop Lenovo IdeaPad Flex 5 14ABR8 82XX00FWVN - Linh hoạt cho công việc và sáng tạo
1.1. Bộ nhớ và lưu trữ tốc độ cao
1.2. Thiết kế sang trọng và màu sắc tinh tế
1.3. Sức mạnh vượt trội từ vi xử lý AMD Ryzen
1.4. Pin bền bỉ và cổng kết nối đa dạng
1.5. Màn hình sắc nét và cảm ứng tiện lợi
2. Mua laptop Lenovo IdeaPad Flex 5 14ABR8 82XX00FWVN chính hãng tại CellphoneS
Laptop Lenovo IdeaPad Flex 5 14ABR8 82XX00FWVN - Linh hoạt cho công việc và sáng tạo
IdeaPad Flex 5 14ABR8 nổi bật với thiết kế gập linh hoạt, hỗ trợ chuyển đổi nhanh giữa các chế độ sử dụng. Nhờ đó mà dòng laptop Lenovo Ideapad này phù hợp để hỗ trợ việc học tập, làm việc và phát huy khả năng sáng tạo một cách hiệu quả.
Bộ nhớ và lưu trữ tốc độ cao
Hiệu năng của laptop Lenovo IdeaPad Flex 5 14ABR8 82XX00FWVN được củng cố bởi RAM 16GB LPDDR4x 4266MHz hàn trực tiếp trên bo mạch chủ. Bộ nhớ này cho phép chạy đồng thời nhiều ứng dụng cùng lúc và hạn chế bị giật lag. Tốc độ truyền tải cao đem lại phản hồi nhanh chóng, phù hợp cho người dùng xử lý tác vụ nặng như chỉnh sửa tài liệu lớn.
Ổ cứng SSD 512GB M.2 2242 PCIe 4.0x4 NVMe của IdeaPad Flex 5 14ABR8 đảm bảo khởi động ứng dụng và truy xuất tệp nhanh chóng. Dung lượng lớn cho phép máy lưu trữ lượng lớn tài liệu, hình ảnh, video và ứng dụng nặng. Tốc độ xử lý nhanh hỗ trợ hiệu quả công việc học tập, làm việc văn phòng và các tác vụ sáng tạo, đáp ứng tốt cho nhu cầu lưu trữ dữ liệu.
Thiết kế sang trọng và màu sắc tinh tế
Sản phẩm laptop Lenovo IdeaPad Flex 5 14ABR8 82XX00FWVN sở hữu thiết kế có màu Arctic Grey, với trọng lượng 1.55kg và kích thước 313.1 x 224.9 x 17.8 mm. Vỏ máy làm từ chất liệu PC-ABS kết hợp 40% sợi thủy tinh, đảm bảo độ bền cao và nhẹ. Bàn phím có đèn nền hỗ trợ làm việc hiệu quả trong điều kiện thiếu sáng, nâng cao trải nghiệm sử dụng.
Thiết kế gập linh hoạt của IdeaPad Flex 5 14ABR8 cho phép sử dụng linh hoạt ở chế độ laptop, lều, máy tính bảng, đáp ứng nhiều nhu cầu khác nhau. Bề mặt cảm ứng Touchpad rộng 75 x 120mm cung cấp trải nghiệm thao tác chính xác và mượt mà. Đồng thời, máy còn được sơn hoàn thiện, đem đến vẻ đẹp tinh tế, phù hợp với phong cách thiết kế hiện đại.
Sức mạnh vượt trội từ vi xử lý AMD Ryzen
Laptop Lenovo IdeaPad Flex 5 14ABR8 82XX00FWVN trang bị chip AMD Ryzen 7 5825U 8 nhân 16 luồng, tốc độ 2.0GHz đến 4.5GHz. Đồ họa tích hợp AMD Radeon Graphics hỗ trợ chỉnh sửa hình ảnh, video cơ bản và chơi game nhẹ. Bộ vi xử lý này mang lại hiệu suất đồng đều, lý tưởng cho việc thực hiện nhiều công việc cùng lúc và thiết kế hình ảnh 2D.
Công nghệ AMD SoC trên IdeaPad Flex 5 14ABR8 mang lại hiệu suất mượt mà, tiết kiệm năng lượng khi xử lý phần mềm văn phòng hay thiết kế đồ họa. Máy có khả năng thực hiện hiệu quả những công việc cần nhiều tài nguyên và đa nhiệm. Bộ xử lý đồ họa tích hợp mang đến hình ảnh rõ nét, phục vụ cho cả những dự án sáng tạo và giải trí đa phương tiện. 
Pin bền bỉ và cổng kết nối đa dạng
Laptop Lenovo IdeaPad Flex 5 14ABR8 82XX00FWVN tích hợp pin 52.5Wh, hỗ trợ sử dụng liên tục nhiều giờ cho công việc và giải trí mà không cần sạc thường xuyên. Bộ sạc 65W Round Tip 3-pin đem lại khả năng sạc nhanh chóng và tiện lợi cho việc di chuyển. Thời gian sử dụng pin lâu dài đáp ứng tốt nhu cầu trong những buổi họp hoặc học tập kéo dài.
Cổng USB-C 10Gbps trên IdeaPad Flex 5 14ABR8 hỗ trợ USB PD 3.0, DisplayPort 1.4, cùng hai cổng USB-A, một cổng HDMI và jack tai nghe 3.5mm. Kết nối Wi-Fi 6 cùng với Bluetooth 5.3 mang lại tốc độ truyền tải dữ liệu nhanh chóng và đáng tin cậy. Khe cắm thẻ SD được tích hợp cho phép sao lưu dữ liệu thuận tiện, đáp ứng nhiều nhu cầu sử dụng khác nhau.
Màn hình sắc nét và cảm ứng tiện lợi
Màn hình 14 inch WUXGA 1920 x 1200 IPS của laptop Lenovo IdeaPad Flex 5 14ABR8 82XX00FWVN mang đến hình ảnh rõ nét và màu sắc trung thực với độ phủ 45% NTSC. Công nghệ cảm ứng 10 điểm hỗ trợ thao tác mượt mà, lý tưởng cho công việc sáng tạo. Bút Lenovo Digital Pen giúp ghi chú và vẽ dễ dàng, nâng cao hiệu quả trong học tập và thiết kế.
Màn hình trên IdeaPad Flex 5 14ABR8 đạt độ sáng 300 nits, hiển thị tốt trong nhiều điều kiện ánh sáng, từ văn phòng đến ngoài trời. Tần số làm mới 60Hz cùng với chứng chỉ TÜV Low Blue Light giúp giảm thiểu cảm giác mệt mỏi mắt khi sử dụng trong thời gian dài. Bề mặt kính bóng Glossy, hỗ trợ tính năng cảm ứng, đáp ứng nhu cầu sử dụng một cách linh hoạt.
Mua laptop Lenovo IdeaPad Flex 5 14ABR8 82XX00FWVN chính hãng tại CellphoneS
Laptop Lenovo IdeaPad Flex 5 14ABR8 82XX00FWVN là lựa chọn lý tưởng cho công việc và sáng tạo nhờ cấu hình mạnh mẽ và thiết kế linh hoạt. CellphoneS hiện đang có cung cấp mẫu laptop này chính hãng với giá cạnh tranh. IdeaPad Flex 5 14ABR8 và nhiều mặt hàng khác tại đây được hỗ trợ trả góp linh hoạt, kèm nhiều khuyến mãi hấp dẫn. Chất lượng phục vụ tận tâm tại CellphoneS hứa hẹn sẽ mang lại trải nghiệm mua sắm đáng tin cậy.","{""Bộ xử lý & Đồ họa"": [{""name"": ""Loại card đồ họa"", ""value"": ""AMD Radeon Graphics""}, {""name"": ""Loại CPU"", ""value"": ""AMD Ryzen 7 5825U (8 lõi / 16 luồng, 2.0 / 4.5GHz, 4MB L2 / 16MB L3)""}], ""Bộ nhớ RAM, Ổ cứng"": [{""name"": ""Dung lượng RAM"", ""value"": ""16GB""}, {""name"": ""Loại RAM"", ""value"": ""LPDDR4x-4266 Onboard""}, {""name"": ""Số khe ram"", ""value"": ""Không nâng cấp""}, {""name"": ""Ổ cứng"", ""value"": ""512GB SSD M.2 2242 PCIe 4.0x4 NVMe (Một ổ đĩa, tối đa 1TB M.2 2242 SSD)""}], ""Màn hình"": [{""name"": ""Tần số quét"", ""value"": ""60Hz""}, {""name"": ""Chất liệu tấm nền"", ""value"": ""Tấm nền IPS""}, {""name"": ""Kích thước màn hình"", ""value"": ""14 inches""}, {""name"": ""Công nghệ màn hình"", ""value"": ""Độ sáng 300nits\nĐộ phủ màu 45% NTSC\nTÜV Low Blue Light""}, {""name"": ""Độ phân giải màn hình"", ""value"": ""1920 x 1200 pixels (WUXGA)""}], ""Âm thanh"": [{""name"": ""Công nghệ âm thanh"", ""value"": ""Âm thanh độ nét cao (HD)\nBộ giải mã Realtek ALC3287\nLoa âm thanh nổi hướng về phía trước, 2W x2\nDolby Audio""}], ""Kích thước & Trọng lượng"": [{""name"": ""Chất liệu"", ""value"": ""Vỏ nhựa""}, {""name"": ""Chất liệu vỏ trên"", ""value"": ""Nhựa + 40% GF""}, {""name"": ""Chất liệu vỏ dưới"", ""value"": ""Nhựa + 40% GF""}, {""name"": ""Kích thước"", ""value"": ""313.1 x 224.9 x 17.8 mm (Dài x Rộng x Dày)""}, {""name"": ""Trọng lượng"", ""value"": ""1.55 kg""}], ""Tiện ích khác"": [{""name"": ""Tính năng đặc biệt"", ""value"": ""Wi-Fi 6, Màn hình cảm ứng, Bảo mật vân tay""}], ""Tính năng khác"": [{""name"": ""Loại đèn bàn phím"", ""value"": ""Đèn nền, tiếng Anh""}, {""name"": ""Bảo mật"", ""value"": ""Firmware TPM 2.0""}, {""name"": ""Webcam"", ""value"": ""FHD 1080p với màn trập camera""}, {""name"": ""Hệ điều hành"", ""value"": ""Windows 11 Home Single Language, English""}], ""Pin & công nghệ sạc"": [{""name"": ""Pin"", ""value"": ""52.5Wh (65W Round Tip (3-pin))""}], ""Cổng kết nối"": [{""name"": ""Wi-Fi"", ""value"": ""Wi-Fi 6, 802.11ax 2x2""}, {""name"": ""Bluetooth"", ""value"": ""Bluetooth 5.3""}, {""name"": ""Cổng giao tiếp"", ""value"": ""1x USB-A (5Gbps / 3.2 Gen 1)\n1x USB-A (5Gbps / 3.2 Gen 1), Luôn bật\n1x USB-C (10Gbps / 3.2 Gen 2), với USB PD 3.0 và DisplayPort 1.4\n1x HDMI 1.4b\n1x giắc cắm kết hợp tai nghe / micrô (3.5 mm)\n1x đầu đọc thẻ SD\n1x đầu nối nguồn""}]}","[""https://cdn2.cellphones.com.vn/x/media/catalog/product/l/a/laptop_lenovo_ideapad_flex_5_14abr8_82xx00fwvn_-_1.png"", ""https://cdn2.cellphones.com.vn/x/media/catalog/product/l/a/laptop_lenovo_ideapad_flex_5_14abr8_82xx00fwvn_-_2.png"", ""https://cdn2.cellphones.com.vn/x/media/catalog/product/l/a/laptop_lenovo_ideapad_flex_5_14abr8_82xx00fwvn_-_3.png""]","{""product_color_1"": {""color"": ""Xám"", ""image_url"": ""https://cellphones.com.vn/laptop-lenovo-ideapad-flex-5-14abr8-82xx00fwvn.html?product_id=106529"", ""price"": ""19.490.000₫""}}"
Laptop Lenovo IdeaPad Slim 3 14ARP10 83K600E9VN,laptop-lenovo-ideapad-slim-3-14arp10-83k600e9vn,23.490.000đ,18.890.000đ,,"{""Bộ xử lý & Đồ họa"": [{""name"": ""Loại card đồ họa"", ""value"": ""AMD Radeon 660M Graphics""}, {""name"": ""Loại CPU"", ""value"": ""AMD Ryzen 5 7535HS (6 lõi / 12 luồng, 3.3 / 4.55GHz, 3MB L2 / 16MB L3)""}], ""Bộ nhớ RAM, Ổ cứng"": [{""name"": ""Dung lượng RAM"", ""value"": ""16GB""}, {""name"": ""Loại RAM"", ""value"": ""SODIMM DDR5-4800""}, {""name"": ""Số khe ram"", ""value"": ""1 khe tối đa 16GB""}, {""name"": ""Ổ cứng"", ""value"": ""512GB SSD M.2 2242 PCIe 4.0x4 NVMe (Hai khe cắm M.2 2242 PCIe 4.0 x4, tối đa 1TB)""}], ""Màn hình"": [{""name"": ""Chất liệu tấm nền"", ""value"": ""Tấm nền IPS""}, {""name"": ""Kích thước màn hình"", ""value"": ""14 inches""}, {""name"": ""Công nghệ màn hình"", ""value"": ""Độ sáng 300nits\nMàn hình chống chói\nĐộ phủ màu 45% NTSC""}, {""name"": ""Độ phân giải màn hình"", ""value"": ""1920 x 1200 pixels (WUXGA)""}], ""Âm thanh"": [{""name"": ""Công nghệ âm thanh"", ""value"": ""Âm thanh độ nét cao (HD)\nLoa âm thanh nổi, 2W x2\nDolby Audio""}], ""Cổng kết nối"": [{""name"": ""Khe đọc thẻ nhớ"", ""value"": ""Có""}, {""name"": ""Wi-Fi"", ""value"": ""Wi-Fi 6, 802.11ax 2x2""}, {""name"": ""Bluetooth"", ""value"": ""Bluetooth 5.3""}, {""name"": ""Cổng giao tiếp"", ""value"": ""2 x USB-A (USB 3.2 Gen 1, 5Gbps)\n1 x USB-C (USB 3.2 Gen 1, 5Gbps, PD 45–65W, DisplayPort 1.2)\n1 x HDMI 1.4\n1 x Jack tai nghe/mic 3.5 mm\n1 x Khe thẻ SD\n1 x Cổng nguồn tròn""}], ""Kích thước & Trọng lượng"": [{""name"": ""Chất liệu"", ""value"": ""Vỏ nhựa - nắp lưng kim loại""}, {""name"": ""Chất liệu vỏ trên"", ""value"": ""Nhôm""}, {""name"": ""Chất liệu vỏ dưới"", ""value"": ""Nhựa""}, {""name"": ""Kích thước"", ""value"": ""314.4 x 222.1 x 16.9-17.9 mm (Dài x Rộng x Dày)""}, {""name"": ""Trọng lượng"", ""value"": ""1.39 kg""}], ""Tiện ích khác"": [{""name"": ""Tính năng đặc biệt"", ""value"": ""Wi-Fi 6""}], ""Tính năng khác"": [{""name"": ""Loại đèn bàn phím"", ""value"": ""Không có đèn nền""}, {""name"": ""Bảo mật"", ""value"": ""Firmware TPM 2.0 Enabled""}, {""name"": ""Webcam"", ""value"": ""Độ phân giải HD 720p với màn trập camera""}, {""name"": ""Hệ điều hành"", ""value"": ""Windows 11 Home Single Language, English""}], ""Pin & công nghệ sạc"": [{""name"": ""Pin"", ""value"": ""50Wh, 65W Round Tip (3-pin)""}]}","[""https://cdn2.cellphones.com.vn/x/media/catalog/product/l/a/laptop_lenovo_ideapad_slim_3_14arp10_83k600e9vn_-_1.png"", ""https://cdn2.cellphones.com.vn/x/media/catalog/product/l/a/laptop_lenovo_ideapad_slim_3_14arp10_83k600e9vn_-_2.png"", ""https://cdn2.cellphones.com.vn/x/media/catalog/product/l/a/laptop_lenovo_ideapad_slim_3_14arp10_83k600e9vn_-_3.png""]","{""product_color_1"": {""color"": ""Xám"", ""image_url"": ""https://cellphones.com.vn/laptop-lenovo-ideapad-slim-3-14arp10-83k600e9vn.html?product_id=129030"", ""price"": ""18.890.000₫""}}"
Laptop Lenovo IdeaPad Slim 3 16IRH10 83K20001VN,laptop-lenovo-ideapad-slim-3-16irh10-83k20001vn,22.990.000đ,20.590.000đ,"Đặc điểm nổi bật
Laptop Lenovo Ideapad Slim 3 16IRH10 83K2001VN sử dụng bộ vi xử lý Intel Core i7-13620H với 10 nhân và 16 luồng mang đến hiệu suất ưu việt khi chạy nhiều tác vụ. Máy tính tích hợp sẵn RAM DDR5-4800 và ổ cứng dung lượng 512GB chuẩn SSD tốc độ cao. Màn hình 16 inch độ phân giải 1920x1200 WUXGA cho chất lượng hiển thị sắc nét, chuyển động mượt mà.
Nội dung chính
1. Laptop Lenovo Ideapad Slim 3 16IRH10 83K2001VN màn hình lớn, hiệu năng đỉnh
1.1. Đa nhiệm hiệu quả với RAM 16GB, SSD 512GB siêu tốc
1.2. Vẻ ngoài thanh lịch, bền bỉ với sự kết hợp độc đáo
1.3. Sức mạnh đáng tin cậy từ Intel i7-13620H 10C 16T
1.4. Pin 60Wh bền bỉ kèm sạc 65 Watt
1.5. Màn hình lớn 16 inch chuẩn WUXGA chống chói siêu nét
2. Mua laptop Lenovo Ideapad Slim 3 16IRH10 83K2001VN chính hãng tại CellphoneS
Laptop Lenovo Ideapad Slim 3 16IRH10 83K2001VN màn hình lớn, hiệu năng đỉnh
Nếu khách hàng đang tìm mua laptop công sở có cấu hình tân tiến thì không nên bỏ qua Lenovo Ideapad Slim 3 16IRH10 83K2001VN. Mẫu laptop Lenovo Ideapad này được yêu thích nhờ khả năng đa nhiệm hiệu quả và thiết kế tinh tế.
Đa nhiệm hiệu quả với RAM 16GB, SSD 512GB siêu tốc
Laptop Lenovo Ideapad Slim 3 16IRH10 83K2001VN được trang bị RAM 16GB DDR5-4800, trong đó 8GB hàn trên bo mạch và 8GB SO-DIMM có thể nâng cấp. Hỗ trợ nâng cấp tối đa 24GB RAM, giúp máy hoạt động ổn định khi chạy nhiều ứng dụng cùng lúc. Hệ thống RAM kênh đôi tối ưu hóa tốc độ xử lý, cải thiện hiệu suất đa nhiệm.
Ổ cứng SSD 512GB M.2 PCIe 4.0 x4 NVMe mang đến tốc độ đọc ghi nhanh, giúp khởi động hệ điều hành và phần mềm nhanh chóng. Máy hỗ trợ hai khe cắm M.2 2242, có thể nâng cấp dung lượng lưu trữ lên 1TB, phù hợp với nhu cầu lưu trữ lớn. Ngoài ra, thiết bị có đầu đọc thẻ SD, hỗ trợ truy xuất dữ liệu linh hoạt từ các thiết bị ngoại vi.
Vẻ ngoài thanh lịch, bền bỉ với sự kết hợp độc đáo
Lenovo Ideapad Slim 3 16IRH10 sở hữu thiết kế thanh thoát với độ dày từ 16.9 - 17.9 mm, tạo nên vẻ ngoài hiện đại và dễ dàng mang theo. Trọng lượng 1.73 kg giúp người dùng di chuyển linh hoạt mà không gây cảm giác cồng kềnh nên rất thích hợp cho học tập, làm việc và giải trí hàng ngày.
Laptop có màu xám Luna Grey tối giản nhưng vừa đủ sang trọng và tinh tế. Phần vỏ trên được chế tác từ nhôm dập anodized, giúp tăng độ bền, hạn chế trầy xước và giữ được vẻ ngoài bền đẹp theo thời gian. Bề mặt kim loại tạo cảm giác mát tay khi sử dụng, đồng thời tăng thêm tính cao cấp cho thiết bị.
Phần đáy laptop Lenovo Ideapad Slim 3 16IRH10 83K2001VN sử dụng chất liệu PC-ABS, vừa đảm bảo độ cứng cáp vừa giữ trọng lượng nhẹ. Kết cấu chắc chắn giúp máy có độ bền cao, chịu được các tác động thông thường trong quá trình sử dụng. Nhờ sự kết hợp giữa kim loại và nhựa chất lượng cao, laptop có thiết kế hài hòa giữa độ bền và tính di động.
Sức mạnh đáng tin cậy từ Intel i7-13620H 10C 16T
Lenovo Ideapad Slim 3 16IRH10 sử dụng vi xử lý Intel Core i7-13620H, có 10 nhân (6 nhân P, 4 nhân E) và 16 luồng, giúp xử lý đa nhiệm hiệu quả. Xung nhịp cơ bản 2.4GHz trên nhân P và 1.8GHz trên nhân E, có thể đạt tối đa 4.9GHz và 3.6GHz tương ứng, hỗ trợ các tác vụ yêu cầu hiệu suất cao như chỉnh sửa video, lập trình hoặc chơi game nhẹ.
Bộ vi xử lý này được thiết kế để cân bằng giữa khả năng xử lý và mức tiêu hao năng lượng, giúp tăng tốc độ xử lý đồng thời kéo dài thời lượng pin. Công nghệ Intel SoC Platform giúp cải thiện khả năng quản lý nhiệt và hiệu suất tổng thể của hệ thống. Nhờ đó, thiết bị có thể hoạt động ổn định ngay cả khi xử lý khối lượng công việc lớn.
Card đồ họa tích hợp Intel UHD Graphics, phù hợp cho các nhu cầu làm việc văn phòng, xem phim và chỉnh sửa hình ảnh cơ bản. Với khả năng hỗ trợ DirectX 12 và OpenGL 4.6, máy có thể chạy tốt các phần mềm thiết kế đồ họa nhẹ hoặc chơi game ở mức cài đặt trung bình.
Pin 60Wh bền bỉ kèm sạc 65 Watt
Thiết bị sử dụng viên pin 60Wh, cung cấp thời gian sử dụng tương đối dài cho các tác vụ văn phòng và giải trí. Bộ sạc đi kèm 65W giúp nạp lại năng lượng lại cho laptop Lenovo Ideapad Slim 3 16IRH10 83K2001VN nhanh chóng khi cần.
Máy tính này có các cổng giao tiếp đa dạng, bao gồm 2 cổng USB-A 3.2 Gen1, 1 cổng USB-C 3.2 Gen1 hỗ trợ PD 3.0 và DP 1.2, truyền tải dữ liệu nhanh, xuất hình ảnh tiện lợi. Ngoài ra, máy còn có 1 cổng HDMI 1.4, 1 khe cắm thẻ SD, jack audio 3.5 và cổng nguồn riêng biệt nhằm mang đến sự linh hoạt khi kết nối với các thiết bị ngoại vi.
Màn hình lớn 16 inch chuẩn WUXGA chống chói siêu nét
Màn hình 16 inch WUXGA (1920x1200) sử dụng tấm nền IPS cho chất lượng hình ảnh vượt trội hơn màn hình FullHD thông thường. Độ sáng 300 nits giúp hiển thị rõ ràng trong nhiều điều kiện ánh sáng kết hợp Anti-glare hỗ trợ làm việc trong thời gian dài mà không làm mắt mỏi.
Laptop Lenovo Ideapad Slim 3 16IRH10 83K2001VN sở hữu tần số làm tươi 60Hz tiêu chuẩn, phục vụ tốt nhu cầu làm việc, xem phim và chơi game cơ bản. Với tỷ lệ màn hình 16:10 độc đáo, không gian hiển thị sẽ rộng hơn, phù hợp với các tác vụ đa nhiệm. Cảm biến máy ảnh HD 720p có màn trập an toàn, đảm bảo quyền riêng tư khi không sử dụng.
Mua laptop Lenovo Ideapad Slim 3 16IRH10 83K2001VN chính hãng tại CellphoneS
Laptop Lenovo Ideapad Slim 3 16IRH10 83K2001VN là máy tính văn phòng đáng tham khảo và đầu tư ở thời điểm hiện tại. Với khả năng xử lý ưu việt cùng màn hình lớn sắc nét, sản phẩm giúp người dùng xử lý công việc và giải trí hiệu quả. Không chỉ cung cấp Lenovo Ideapad Slim 3 16IRH10 83K2001VN, CellphoneS còn chuyên máy tính của Apple, Dell, HP, Samsung,... Hãy ghé các chi nhánh của CellphoneS để rinh laptop chuẩn Lenovo với giá tốt.","{""Bộ xử lý & Đồ họa"": [{""name"": ""Loại card đồ họa"", ""value"": ""Intel UHD Graphics""}, {""name"": ""Loại CPU"", ""value"": ""Intel Core i7-13620H, 10 lõi (6P + 4E) / 16 luồng, P-core 2.4 / 4.9GHz, E-core 1.8 / 3.6GHz, 24MB""}], ""Bộ nhớ RAM, Ổ cứng"": [{""name"": ""Dung lượng RAM"", ""value"": ""16GB""}, {""name"": ""Loại RAM"", ""value"": ""DDR5-4800""}, {""name"": ""Số khe ram"", ""value"": ""8GB Soldered DDR5-4800 + 8GB SO-DIMM DDR5-4800 (Nâng cấp tối đa 24GB (8GB hàn + 16GB SO-DIMM) DDR5-4800)""}, {""name"": ""Ổ cứng"", ""value"": ""512GB SSD M.2 2242 PCIe 4.0x4 NVMe (Tối đa hai ổ đĩa, 2x M.2 SSD • M.2 2242 SSD lên đến 1TB)""}], ""Màn hình"": [{""name"": ""Tần số quét"", ""value"": ""60 Hz""}, {""name"": ""Chất liệu tấm nền"", ""value"": ""Tấm nền IPS""}, {""name"": ""Kích thước màn hình"", ""value"": ""16 inches""}, {""name"": ""Công nghệ màn hình"", ""value"": ""Độ sáng 300nits\nĐộ phủ màu 45% NTSC\nMàn hình chống chói""}, {""name"": ""Độ phân giải màn hình"", ""value"": ""1920 x 1200 pixels (WUXGA)""}], ""Âm thanh"": [{""name"": ""Công nghệ âm thanh"", ""value"": ""Âm thanh độ nét cao (HD)\nLoa stereo, 2W x2\nDolby Audio""}], ""Cổng kết nối"": [{""name"": ""Khe đọc thẻ nhớ"", ""value"": ""Có""}, {""name"": ""Wi-Fi"", ""value"": ""Wi-Fi 6, 802.11ax 2x2""}, {""name"": ""Bluetooth"", ""value"": ""Bluetooth 5.2""}, {""name"": ""Cổng giao tiếp"", ""value"": ""2x USB-A (USB 5Gbps / USB 3.2 Gen 1)\n1x USB-C (USB 5Gbps / USB 3.2 Gen 1), với USB PD 3.0 và DisplayPort 1.2\n1x HDMI 1.4\n1x giắc cắm kết hợp tai nghe / micrô (3.5 mm)\n1x đầu đọc thẻ SD\n1x đầu nối nguồn""}], ""Kích thước & Trọng lượng"": [{""name"": ""Chất liệu vỏ màn hình"", ""value"": ""Nhôm""}, {""name"": ""Chất liệu vỏ trên"", ""value"": ""Nhôm""}, {""name"": ""Chất liệu vỏ dưới"", ""value"": ""Nhựa""}, {""name"": ""Kích thước"", ""value"": ""360 x 251 x 16.9 - 17.9 mm (Dài x Rộng x Dày)""}, {""name"": ""Trọng lượng"", ""value"": ""1.73 kg""}], ""Tiện ích khác"": [{""name"": ""Tính năng đặc biệt"", ""value"": ""Wi-Fi 6""}], ""Tính năng khác"": [{""name"": ""Loại đèn bàn phím"", ""value"": ""Không có đèn nền""}, {""name"": ""Bảo mật"", ""value"": ""Firmware TPM 2.0 Enabled""}, {""name"": ""Webcam"", ""value"": ""HD 720p với màn trập camera""}, {""name"": ""Hệ điều hành"", ""value"": ""Windows 11 Home Single Language, English""}], ""Pin & công nghệ sạc"": [{""name"": ""Pin"", ""value"": ""60Wh\nĐầu tròn 65W (3 chân)""}]}","[""https://cdn2.cellphones.com.vn/x/media/catalog/product/l/a/laptop_lenovo_ideapad_slim_3_16irh10_83k20001vn_-_1.png"", ""https://cdn2.cellphones.com.vn/x/media/catalog/product/l/a/laptop_lenovo_ideapad_slim_3_16irh10_83k20001vn_-_2.png"", ""https://cdn2.cellphones.com.vn/x/media/catalog/product/l/a/laptop_lenovo_ideapad_slim_3_16irh10_83k20001vn_-_3.png""]","{""product_color_1"": {""color"": ""Xám"", ""image_url"": ""https://cellphones.com.vn/laptop-lenovo-ideapad-slim-3-16irh10-83k20001vn.html?product_id=102123"", ""price"": ""20.590.000₫""}}"
Laptop Lenovo LOQ 15AHP11 83TN0040VN,laptop-lenovo-loq-15ahp11-83tn0040vn,N/A,N/A,,"{""Bộ xử lý & Đồ họa"": [{""name"": ""Chip AI"", ""value"": ""AMD Ryzen AI, up to 16 TOPS""}, {""name"": ""Loại card đồ họa"", ""value"": ""NVIDIA GeForce RTX 5050 8GB GDDR7, Boost Clock 2662MHz, TGP 115W, 440 AI TOPS""}, {""name"": ""Loại CPU"", ""value"": ""AMD Ryzen 7 250 (8 lõi / 16 luồng, 3.3 / 5.1GHz, 8MB L2 / 16MB L3)""}], ""Bộ nhớ RAM, Ổ cứng"": [{""name"": ""Dung lượng RAM"", ""value"": ""16GB""}, {""name"": ""Loại RAM"", ""value"": ""DDR5-5600""}, {""name"": ""Số khe ram"", ""value"": ""2 khe (1 x 16GB, nâng cấp tối đa 32GB DDR5-5600)""}, {""name"": ""Ổ cứng"", ""value"": ""512GB SSD M.2 2242 PCIe 4.0x4 NVMe (Tối đa hai ổ đĩa, 2 ổ SSD M.2, SSD M.2 2242 dung lượng tối đa 2TB mỗi ổ)""}], ""Màn hình"": [{""name"": ""Tần số quét"", ""value"": ""165 Hz""}, {""name"": ""Chất liệu tấm nền"", ""value"": ""Tấm nền IPS""}, {""name"": ""Kích thước màn hình"", ""value"": ""15.3 inches""}, {""name"": ""Công nghệ màn hình"", ""value"": ""Độ sáng 300 nits\nMàn hình chống chói\nĐộ phủ màu 100% sRGB\nAMD FreeSync\nNVIDIA G-Sync\nLow Blue Light""}, {""name"": ""Độ phân giải màn hình"", ""value"": ""1920 x 1200 pixels (WUXGA)""}], ""Âm thanh"": [{""name"": ""Công nghệ âm thanh"", ""value"": ""Âm thanh độ nét cao (HD)\ncodec Realtek ALC3287\nLoa stereo, 2W x2\nNahimic Audio""}], ""Cổng kết nối"": [{""name"": ""Khe đọc thẻ nhớ"", ""value"": ""Không""}, {""name"": ""Wi-Fi"", ""value"": ""Wi-Fi 6, 802.11ax 2x2""}, {""name"": ""Bluetooth"", ""value"": ""Bluetooth 5.3""}, {""name"": ""Cổng giao tiếp"", ""value"": ""2 x USB-A (USB 5Gbps)\n1 x USB-A (USB 10Gbps)\n1 x USB-C (USB4 40Gbps, PD 65–100W, DisplayPort 1.4)\n1 x HDMI 2.1 (tối đa 8K/60Hz)\n1 x Jack tai nghe/mic 3.5 mm\n1 x Ethernet (RJ-45)\n1 x Cổng nguồn Slim tip""}], ""Kích thước & Trọng lượng"": [{""name"": ""Chất liệu"", ""value"": ""Vỏ nhựa""}, {""name"": ""Chất liệu vỏ trên"", ""value"": ""Nhựa""}, {""name"": ""Chất liệu vỏ dưới"", ""value"": ""Nhựa""}, {""name"": ""Kích thước"", ""value"": ""344.9 x 254.83 x 20.9-23.25 mm (Dài x Rộng x Dày)""}, {""name"": ""Trọng lượng"", ""value"": ""2.1 kg""}], ""Tiện ích khác"": [{""name"": ""Tính năng đặc biệt"", ""value"": ""Wi-Fi 6""}], ""Tính năng khác"": [{""name"": ""Loại đèn bàn phím"", ""value"": ""Đèn nền RGB 1 vùng""}, {""name"": ""Bảo mật"", ""value"": ""Firmware TPM 2.0 Enabled""}, {""name"": ""Webcam"", ""value"": ""5.0MP với E-shutter""}, {""name"": ""Hệ điều hành"", ""value"": ""Windows 11 Home Single Language, English""}], ""Pin & công nghệ sạc"": [{""name"": ""Pin"", ""value"": ""60Wh, 245W Slim Tip (3-pin)""}]}","[""https://cdn2.cellphones.com.vn/x/media/catalog/product/l/a/laptop_lenovo_loq_15ahp11_83tn0040vn_-_1.png"", ""https://cdn2.cellphones.com.vn/x/media/catalog/product/l/a/laptop_lenovo_loq_15ahp11_83tn0040vn_-_2.png"", ""https://cdn2.cellphones.com.vn/x/media/catalog/product/l/a/laptop_lenovo_loq_15ahp11_83tn0040vn_-_3.png""]","{""product_color_1"": {""color"": ""Xám"", ""image_url"": ""https://cellphones.com.vn/laptop-lenovo-loq-15ahp11-83tn0040vn.html?product_id=129039"", ""price"": ""42.990.000₫""}}"
Laptop Lenovo ThinkBook 14 G9 AHP 21V0005NVN,laptop-lenovo-thinkbook-14-g9-ahp-21v0005nvn,24.990.000đ,22.990.000đ,,"{""Bộ xử lý & Đồ họa"": [{""name"": ""Loại card đồ họa"", ""value"": ""AMD Radeon 740M Graphics""}, {""name"": ""Loại CPU"", ""value"": ""AMD Ryzen 5 220 (6 lõi / 12 luồng, 3.2 / 4.9GHz, 6MB L2 / 16MB L3)""}], ""Bộ nhớ RAM, Ổ cứng"": [{""name"": ""Dung lượng RAM"", ""value"": ""16GB""}, {""name"": ""Loại RAM"", ""value"": ""SODIMM DDR5-5600""}, {""name"": ""Số khe ram"", ""value"": ""2 khe (1 x 16GB, nâng cấp tối đa 64GB DDR5-5600)""}, {""name"": ""Ổ cứng"", ""value"": ""512GB SSD M.2 2242 PCIe 4.0x4 NVMe (Hỗ trợ tối đa hai ổ đĩa, 2 ổ SSD M.2, tối đa 2TB)""}], ""Màn hình"": [{""name"": ""Tần số quét"", ""value"": ""60 Hz""}, {""name"": ""Chất liệu tấm nền"", ""value"": ""Tấm nền IPS""}, {""name"": ""Kích thước màn hình"", ""value"": ""14 inches""}, {""name"": ""Công nghệ màn hình"", ""value"": ""Độ sáng 400nits\nMàn hình chống chói\nĐộ phủ màu 45% NTSC""}, {""name"": ""Độ phân giải màn hình"", ""value"": ""1920 x 1200 pixels (WUXGA)""}], ""Âm thanh"": [{""name"": ""Công nghệ âm thanh"", ""value"": ""Âm thanh HD, codec Realtek ALC3287\nLoa stereo 2W x2\nDolby Audio""}], ""Cổng kết nối"": [{""name"": ""Khe đọc thẻ nhớ"", ""value"": ""Có""}, {""name"": ""Wi-Fi"", ""value"": ""Wi-Fi 7, 802.11be 2x2""}, {""name"": ""Bluetooth"", ""value"": ""Bluetooth 5.4""}, {""name"": ""Cổng giao tiếp"", ""value"": ""1 x USB-A (USB 5Gbps, Always On)\n1 x USB-A (USB 5Gbps)\n2 x USB-C (USB4 40Gbps, PD 45–65W, DisplayPort 1.4a)\n1 x HDMI 2.1 (tối đa 4K/60Hz)\n1 x Jack tai nghe/mic 3.5 mm\n1 x Ethernet (RJ-45)\n1 x Khe đọc thẻ SD""}], ""Kích thước & Trọng lượng"": [{""name"": ""Chất liệu"", ""value"": ""Vỏ nhựa - nắp lưng kim loại""}, {""name"": ""Chất liệu vỏ trên"", ""value"": ""Nhôm""}, {""name"": ""Chất liệu vỏ dưới"", ""value"": ""Nhựa""}, {""name"": ""Kích thước"", ""value"": ""313.5 x 224 x 17.5 mm (Dài x Rộng x Dày)""}, {""name"": ""Trọng lượng"", ""value"": ""1.36 kg""}], ""Tiện ích khác"": [{""name"": ""Tính năng đặc biệt"", ""value"": ""Bảo mật vân tay, Nhận diện khuôn mặt, Wi-Fi 7""}], ""Tính năng khác"": [{""name"": ""Loại đèn bàn phím"", ""value"": ""Đèn nền, tiếng Anh""}, {""name"": ""Bảo mật"", ""value"": ""Discrete TPM 2.0 Enabled""}, {""name"": ""Webcam"", ""value"": ""Camera lai FHD 1080p + hồng ngoại với màn trập camera""}, {""name"": ""Hệ điều hành"", ""value"": ""Windows 11 Home Single Language, English (US) / English (UK)""}], ""Pin & công nghệ sạc"": [{""name"": ""Pin"", ""value"": ""48Wh, 65W USB-C (3-pin)""}]}","[""https://cdn2.cellphones.com.vn/x/media/catalog/product/l/a/laptop_lenovo_thinkbook_14_g9_ahp_21v0005nvn_-_1.png"", ""https://cdn2.cellphones.com.vn/x/media/catalog/product/l/a/laptop_lenovo_thinkbook_14_g9_ahp_21v0005nvn_-_2.png"", ""https://cdn2.cellphones.com.vn/x/media/catalog/product/l/a/laptop_lenovo_thinkbook_14_g9_ahp_21v0005nvn_-_3.png""]","{""product_color_1"": {""color"": ""Xám"", ""image_url"": ""https://cellphones.com.vn/laptop-lenovo-thinkbook-14-g9-ahp-21v0005nvn.html?product_id=127438"", ""price"": ""22.990.000₫""}}"
Laptop Lenovo IdeaPad Slim 5 15ARP10 83J3001DVN,laptop-lenovo-ideapad-slim-5-15arp10-83j3001dvn,30.990.000đ,24.490.000đ,"Đặc điểm nổi bật
Laptop Lenovo IdeaPad Slim 5 15ARP10 83J3001DVN được tích hợp vi xử lý AMD Ryzen 7 7735HS đi cùng RAM dung lượng 16GB, ổ cứng chuẩn SSD PCIe 512GB. Mẫu laptop Lenovo này còn có màn hình 15.1 inch với tốc độ quét 165Hz. Không những vậy, viên pin 70Whrs cũng cho thiết bị hoạt động với thời lượng lâu dài tuỳ cường độ.
Nội dung chính
1. Laptop Lenovo IdeaPad Slim 5 15ARP10 83J3001DVN - Hiệu suất ổn định
1.1. RAM 16GB, ổ cứng 512GB
1.2. Thiết kế nhẹ, màu thanh lịch
1.3. CPU mạnh mẽ, card đồ hoạ tốt 
1.4. Pin 70Whrs, cổng thông dụng
1.5. Màn hình lớn, quét 165Hz
2. Mua laptop Lenovo IdeaPad Slim 5 15ARP10 83J3001DVN giá tốt tại CellphoneS
Laptop Lenovo IdeaPad Slim 5 15ARP10 83J3001DVN - Hiệu suất ổn định
Lenovo IdeaPad Slim 5 15ARP10 83J3001DVN là lựa chọn lý tưởng để sử dụng trong công việc, giải trí mỗi ngày. Qua các đặc điểm ưu trội, chiếc laptop Lenovo Ideapad này hứa hẹn đem lại trải nghiệm hài lòng cho người dùng.
RAM 16GB, ổ cứng 512GB
Laptop Lenovo IdeaPad Slim 5 15ARP10 83J3001DVN được trang bị RAM 16GB, giúp nâng cao hiệu suất tổng thể của hệ thống. Với chuẩn LPDDR5x-6400 máy có khả năng xử lý nhanh chóng các tác vụ nặng, giảm độ trễ trong quá trình truy xuất dữ liệu. Dạng RAM này cũng giúp tiết kiệm không gian, tăng độ bền cũng như tối ưu hóa thiết kế mỏng nhẹ của máy.
Mặt khác, ổ cứng SSD 512GB còn cung cấp băng thông cao và tốc độ nhanh vượt trội. Chuẩn PCIe 4.0x4 cải thiện thời gian khởi động máy, mở phần mềm hay truy cập dữ liệu đều diễn ra trong thời gian ngắn. 
Dung lượng này đủ rộng rãi để lưu trữ hàng trăm tệp tài liệu, hình ảnh, video, phần mềm hoặc game. Kích thước M.2 2242 cho phép tận dụng không gian bên trong một cách hiệu quả, góp phần giữ được sự thanh mảnh và gọn gàng.
Thiết kế nhẹ, màu thanh lịch
Laptop Lenovo IdeaPad Slim 5 15ARP10 83J3001DVN nổi bật với thiết kế tối giản, hiện đại với tổng thể gọn gàng. Toàn bộ thân máy được chế tác tỉ mỉ với chất liệu cao cấp, mang lại cảm giác bền bỉ khi cầm nắm. Đặc biệt, lớp vỏ của máy được hoàn thiện với gam màu trung tính, phù hợp cho môi trường văn phòng lẫn phong cách sống năng động.
Sự tiện nghi còn được thể hiện ở bàn di chuột đa điểm, hỗ trợ thao tác vuốt, cuộn và phóng to hình ảnh mượt mà. Ngoài ra, bàn phím có đèn nền cũng giúp người dùng dễ dàng thao tác trong điều kiện thiếu sáng. Từ đó, thiết bị tối ưu trải nghiệm làm việc về đêm hoặc trong không gian ít ánh sáng.
CPU mạnh mẽ, card đồ hoạ tốt 
Laptop Lenovo IdeaPad Slim 5 15ARP10 83J3001DVN lấy sức mạnh từ bộ vi xử lý AMD Ryzen 7 7735HS. Theo đó, CPU này có cấu trúc 8 nhân 16 luồng, xung nhịp cơ bản 3.2GHz và có thể đạt tối đa lên tới 4.75GHz. Chiếc laptop này cung cấp hiệu năng ổn định, cho người dùng trải nghiệm tốt khi khi sử dụng cho mục đích giải trí, hay làm việc, học tập.
Dung lượng bộ nhớ đệm gồm 4MB L2 và 16MB L3 giúp máy lưu trữ nhanh các tác vụ đang xử lý, tăng khả năng phản hồi nhanh. Nhờ vậy, laptop dễ dàng xử lý các tác vụ văn phòng các phần mềm đồ họa hay thậm chí là chơi game nặng ở mức thiết lập hợp lý.
Bên cạnh đó, GPU AMD Radeon 680M tích hợp bên trong có khả năng xử lý đồ họa hiệu quả. Card hoạt động ổn định, tối ưu điện năng và đặc biệt hỗ trợ tốt các phần mềm dựng phim, thiết kế 2D/3D nhẹ nhàng. Qua đó, máy cho phép dựng video, chỉnh sửa ảnh hoặc trải nghiệm các tựa game phổ biến ở độ phân giải cao một cách mượt mà.
Pin 70Whrs, cổng thông dụng
Laptop Lenovo IdeaPad Slim 5 15ARP10 83J3001DVN có viên pin dung lượng lớn lên tới 70Whrs. Với viên pin này, người dùng có thể sử dụng laptop liên tục trong nhiều giờ tùy vào mức độ sử dụng. Hãng cũng tối ưu thêm 65W USB-C Slim, giúp người dùng có thể nâng cao tính cơ động trong quá trình sạc.
Dù thuộc phân khúc mỏng nhẹ, Lenovo vẫn trang bị cho phiên bản này hệ thống cổng giao tiếp đầy đủ và tiện lợi. Nhờ đó, máy tương thích linh hoạt với nhiều thiết bị ngoại vi khác nhau. Ngoài ra, thiết bị còn hỗ trợ chuẩn Wi-Fi 6 với tốc độ truyền tải dữ liệu nhanh, độ trễ thấp và khả năng kết nối ổn định.
Màn hình lớn, quét 165Hz
Laptop Lenovo IdeaPad Slim 5 15ARP10 83J3001DVN có màn hình 15.1 inch với độ phân giải WQXGA. Tấm nền OLED cho màu sắc sống động kết hợp độ sáng đạt lên tới 500 nits, giúp hiển thị tốt trong điều kiện ánh sáng mạnh. Lớp phủ bóng cũng giúp hình ảnh sáng rõ khi xem các nội dung điện ảnh hoặc đồ họa chất lượng cao.
Hơn thế nữa, màn hình đạt chuẩn DisplayHDR True Black 600, thể hiện độ tương phản cao và dải màu rộng, phù hợp giải trí với nội dung HDR. Phiên bản này còn hỗ trợ tần số quét 165Hz, mang lại trải nghiệm mượt mà vượt trội khi lướt web, chơi game hay xem video. Dải màu 100% DCI-P3 cũng cho khả năng tái tạo màu sắc khá chính xác.
Mua laptop Lenovo IdeaPad Slim 5 15ARP10 83J3001DVN giá tốt tại CellphoneS
Laptop Lenovo IdeaPad Slim 5 15ARP10 là chiếc máy tính xách tay đáng cân nhắc để nâng cao hiệu suất làm việc, giải trí. Hiện nay, hệ thống bán lẻ CellphoneS đang phân phối laptop với mức giá phải chăng. Thêm vào đó, cửa hàng còn bảo hành chính hãng, chế độ trả góp hấp dẫn và hỗ trợ kỹ thuật tận tâm. Ngoài ra, khách hàng cũng được nhận các đãi ngộ đặc biệt khi là thành viên của Smember.","{""Bộ xử lý & Đồ họa"": [{""name"": ""Loại card đồ họa"", ""value"": ""AMD Radeon 680M Graphics""}, {""name"": ""Loại CPU"", ""value"": ""AMD Ryzen 7 7735HS (8 lõi / 16 luồng, 3.2 / 4.75GHz, 4MB L2 / 16MB L3)""}], ""Bộ nhớ RAM, Ổ cứng"": [{""name"": ""Dung lượng RAM"", ""value"": ""16GB""}, {""name"": ""Loại RAM"", ""value"": ""LPDDR5x-6400 Onboard""}, {""name"": ""Số khe ram"", ""value"": ""Không nâng cấp""}, {""name"": ""Ổ cứng"", ""value"": ""512GB SSD M.2 2242 PCIe 4.0x4 NVMe (Tối đa hai ổ đĩa, 2x M.2 SSD / M.2 2242 SSD lên đến 1TB)""}], ""Màn hình"": [{""name"": ""Tần số quét"", ""value"": ""165 Hz""}, {""name"": ""Chất liệu tấm nền"", ""value"": ""Tấm nền Oled""}, {""name"": ""Kích thước màn hình"", ""value"": ""15.1 inches""}, {""name"": ""Công nghệ màn hình"", ""value"": ""Độ sáng 500nits\nĐộ phủ màu 100% DCI-P3\nDisplayHDR True Black 600""}, {""name"": ""Độ phân giải màn hình"", ""value"": ""2560 x 1600 (WQXGA)""}], ""Âm thanh"": [{""name"": ""Công nghệ âm thanh"", ""value"": ""Âm thanh độ nét cao (HD)\nLoa stereo, 2W x2\nDolby Audio""}], ""Cổng kết nối"": [{""name"": ""Khe đọc thẻ nhớ"", ""value"": ""Có""}, {""name"": ""Wi-Fi"", ""value"": ""Wi-Fi 6, 802.11ax 2x2""}, {""name"": ""Bluetooth"", ""value"": ""Bluetooth 5.3""}, {""name"": ""Cổng giao tiếp"", ""value"": ""1x USB-A (5Gbps / 3.2 Gen 1)\n1x USB-A (5Gbps / 3.2 Gen 1), Luôn bật\n2x USB-C (10Gbps / 3.2 Gen 2), với USB PD 3.0 và DisplayPort 1.4\n1x HDMI 2.1, lên đến 4K/60Hz\n1x giắc cắm kết hợp tai nghe / micrô (3,5 mm)\n1x đầu đọc thẻ nhớ microSD""}], ""Kích thước & Trọng lượng"": [{""name"": ""Chất liệu"", ""value"": ""Vỏ kim loại""}, {""name"": ""Chất liệu vỏ màn hình"", ""value"": ""Dập nhôm (Anodized với phun cát)""}, {""name"": ""Chất liệu vỏ trên"", ""value"": ""Nhôm""}, {""name"": ""Chất liệu vỏ dưới"", ""value"": ""Nhôm""}, {""name"": ""Kích thước"", ""value"": ""339.33 x 236 x 15.6 mm (Dài x Rộng x Dày)""}, {""name"": ""Trọng lượng"", ""value"": ""1.49 kg""}], ""Tiện ích khác"": [{""name"": ""Tính năng đặc biệt"", ""value"": ""Wi-Fi 6, Nhận diện khuôn mặt, Màn hình Oled""}], ""Tính năng khác"": [{""name"": ""Loại đèn bàn phím"", ""value"": ""Đơn sắc - Màu trắng""}, {""name"": ""Bảo mật"", ""value"": ""Microsoft Pluton TPM 2.0 Enabled\nCamera IR cho Windows Hello (nhận dạng khuôn mặt)""}, {""name"": ""Webcam"", ""value"": ""FHD 1080p + IR với Màn trập riêng tư, Cảm biến ToF""}, {""name"": ""Hệ điều hành"", ""value"": ""Windows 11 Home Single Language, English""}], ""Pin & công nghệ sạc"": [{""name"": ""Pin"", ""value"": ""70Wh, 65W USB-C Slim (Wall-mount)""}]}","[""https://cdn2.cellphones.com.vn/x/media/catalog/product/l/a/laptop_lenovo_ideapad_slim_5_15arp10_83j3001dvn_-_1.png"", ""https://cdn2.cellphones.com.vn/x/media/catalog/product/l/a/laptop_lenovo_ideapad_slim_5_15arp10_83j3001dvn_-_2.png"", ""https://cdn2.cellphones.com.vn/x/media/catalog/product/l/a/laptop_lenovo_ideapad_slim_5_15arp10_83j3001dvn_-_3.png""]","{""product_color_1"": {""color"": ""Xám"", ""image_url"": ""https://cellphones.com.vn/laptop-lenovo-ideapad-slim-5-15arp10-83j3001dvn.html?product_id=107643"", ""price"": ""24.490.000₫""}}"
Laptop Lenovo IdeaPad Slim 3 15Q8X10 83N3002PVN,laptop-lenovo-ideapad-slim-3-15q8x10-83n3002pvn,25.990.000đ,21.490.000đ,"Đặc điểm nổi bật
Laptop Lenovo IdeaPad Slim 3 15Q8X10 83N3002PVN nổi bật với màn hình 15.3 inch WUXGA sắc nét trong một thiết kế di động với trọng lượng chỉ 1.55 kg. Máy trang bị vi xử lý Snapdragon X1-26-100 cùng GPU Qualcomm Adreno, đảm bảo hiệu năng mạnh mẽ. Bộ nhớ 16GB RAM LPDDR5x cùng SSD 512GB giúp khởi động nhanh, lưu trữ hiệu quả.
Nội dung chính
1. Laptop Lenovo IdeaPad Slim 3 15Q8X10 83N3002PVN - Đa năng và mạnh mẽ
1.1. Bộ nhớ và ổ cứng hiệu suất cao - Xử lý nhanh mượt
1.2. Gọn nhẹ cùng bảo mật cao
1.3. Đa nhiệm mạnh mẽ với CPU Snapdragon X1-26-100
1.4. 60Wh dài lâu, kết nối đa dạng
1.5. Màn hình 15.3 inch sắc nét, chống chói tối ưu
2. Mua laptop Lenovo IdeaPad Slim 3 15Q8X10 83N3002PVN với giá tốt tại CellphoneS
Laptop Lenovo IdeaPad Slim 3 15Q8X10 83N3002PVN - Đa năng và mạnh mẽ
Lenovo IdeaPad Slim 3 15Q8X10 là sự kết hợp hài hòa giữa thiết kế thanh lịch, di động và hiệu năng mạnh mẽ. Là một laptop Lenovo IdeaPad thế hệ mới, máy được tối ưu để mang lại trải nghiệm thông minh và mượt mà, sẵn sàng đáp ứng các nhu cầu đa dạng từ công việc đến giải trí.
Bộ nhớ và ổ cứng hiệu suất cao - Xử lý nhanh mượt
Laptop Lenovo IdeaPad Slim 3 15Q8X10 83N3002PVN trang bị 16GB RAM LPDDR5x-8448 soldered dual-channel, mang lại tốc độ xử lý mượt mà và đa nhiệm vượt trội. Bộ nhớ này giúp hệ thống vận hành ổn định và phản hồi nhanh chóng ngay cả khi chạy nhiều ứng dụng nặng cùng lúc hoặc xử lý các tác vụ chuyên sâu đòi hỏi hiệu năng cao.
Ổ cứng 512GB SSD M.2 2242 PCIe 4.0x4 NVMe cung cấp tốc độ đọc ghi vượt trội, rút ngắn đáng kể thời gian khởi động và truy xuất dữ liệu. Hơn nữa, máy hỗ trợ tối đa hai khe M.2 2242 PCIe 4.0 x4, cho phép nâng cấp dung lượng lên đến 1TB, đảm bảo khả năng lưu trữ linh hoạt và đáp ứng tốt mọi nhu cầu sử dụng.
Gọn nhẹ cùng bảo mật cao
Laptop Lenovo IdeaPad Slim 3 15Q8X10 83N3002PVN sở hữu màu Luna Grey thanh lịch, kết hợp cùng mặt trên bằng nhôm Aluminium mang lại cảm giác chắc chắn và cao cấp. Thiết kế này vừa hiện đại vừa tinh tế, tạo ấn tượng mạnh ngay từ cái nhìn đầu tiên, đồng thời thể hiện phong cách chuyên nghiệp.
Phần đáy của máy được làm từ PC-ABS bền bỉ, giúp tăng độ cứng cáp và bảo vệ linh kiện bên trong khỏi va đập nhẹ trong quá trình sử dụng hàng ngày. Sự kết hợp giữa nhôm và nhựa cao cấp không chỉ đảm bảo độ bền lâu dài mà còn tối ưu trọng lượng máy, mang đến sự linh hoạt, tiện lợi khi mang theo di chuyển.
Laptop Lenovo IdeaPad Slim 3 15Q8X10 83N3002PVN nặng chỉ 1.55 kg giúp dễ dàng di chuyển nhưng vẫn mang lại cảm giác chắc chắn và cầm nắm thoải mái. Thiết kế gọn nhẹ, tinh tế và linh hoạt này đảm bảo trải nghiệm mượt mà trong mọi tình huống, từ văn phòng, lớp học đến công tác hay di chuyển ngoài trời, mang lại tiện lợi tối ưu.
Tích hợp Fingerprint Reader Touch Style trên khu vực chỗ đặt tay giúp mở khóa nhanh chóng, bảo mật cao và giảm thiểu thời gian thao tác phức tạp. Tính năng này kết hợp hài hòa với tổng thể thiết kế hiện đại, tăng giá trị thẩm mỹ và tiện nghi, mang đến trải nghiệm sử dụng an toàn, thuận tiện cho cả công việc lẫn giải trí.
Đa nhiệm mạnh mẽ với CPU Snapdragon X1-26-100
Laptop Lenovo IdeaPad Slim 3 15Q8X10 83N3002PVN trang bị vi xử lý Snapdragon X1-26-100 8 nhân với tốc độ tối đa lên đến 3.0GHz, mang lại hiệu năng vượt trội. CPU này tối ưu khả năng xử lý, đảm bảo phản hồi nhanh chóng, mượt mà và ổn định ngay cả khi chạy đồng thời nhiều ứng dụng nặng hoặc phần mềm chuyên sâu.
GPU Qualcomm Adreno tích hợp cung cấp khả năng xử lý đồ họa mượt mà, hỗ trợ tốt các tác vụ hình ảnh, video và giải trí đa phương tiện. Sự kết hợp giữa CPU mạnh mẽ và GPU hiệu năng cao đảm bảo trải nghiệm hình ảnh sắc nét, ổn định và hiệu quả trong mọi tình huống, từ công việc đến giải trí.
Laptop Lenovo IdeaPad Slim 3 15Q8X10 83N3002PVN còn trang bị Qualcomm Hexagon NPU với khả năng xử lý đến 45 TOPS, nâng cao hiệu năng AI cho các tác vụ thông minh. NPU này giúp tối ưu khả năng vận hành của các ứng dụng AI, đảm bảo sự mượt mà và tính linh hoạt khi đáp ứng nhiều nhu cầu sử dụng hiện đại.
60Wh dài lâu, kết nối đa dạng
Lenovo IdeaPad Slim 3 15Q8X10 83N3002PVN sở hữu pin 60Wh dung lượng cao, đảm bảo thời gian sử dụng kéo dài cả ngày mà không cần sạc liên tục. Nhờ chip xử lý mạnh mẽ, laptop hoạt động mượt mà, cân bằng giữa hiệu năng và tiêu thụ năng lượng, mang đến trải nghiệm ổn định suốt cả ngày.
Máy được trang bị hệ thống cổng kết nối đa dạng, bao gồm 2x USB-A (USB 5Gbps / USB 3.2 Gen 1), 1x USB-C hỗ trợ USB PD 3.0 và DisplayPort 1.2, cùng 1x HDMI 1.4. Sự kết hợp này mang đến khả năng truyền dữ liệu nhanh chóng, kết nối với nhiều thiết bị ngoại vi và mở rộng màn hình linh hoạt, phục vụ tối ưu cho công việc và giải trí.
Laptop Lenovo IdeaPad Slim 3 15Q8X10 83N3002PVN được trang bị Wi-Fi 6E chuẩn 802.11ax 2x2 cùng Bluetooth 5.3, mang đến kết nối không dây nhanh chóng và ổn định. Công nghệ này giúp truyền dữ liệu mượt mà, giảm độ trễ khi làm việc trực tuyến, học tập hay giải trí, đồng thời kết nối dễ dàng với các thiết bị ngoại vi.
Màn hình 15.3 inch sắc nét, chống chói tối ưu
Lenovo IdeaPad Slim 3 15Q8X10 83N3002PVN trang bị màn hình 15.3 inch WUXGA (1920x1200) IPS với độ sáng 300 nits, mang đến hình ảnh rõ ràng và sắc nét. Tấm nền IPS kết hợp công nghệ Anti-glare giúp giảm chói hiệu quả, cho trải nghiệm xem thoải mái ngay cả dưới ánh sáng mạnh.
Màn hình hỗ trợ 45% NTSC, tái hiện màu sắc trung thực và sống động, phù hợp cho các tác vụ văn phòng, học tập hay giải trí đa phương tiện. Kích thước rộng rãi, độ phân giải cao và khả năng hiển thị sắc nét giúp trình bày nhiều nội dung cùng lúc, nâng cao hiệu quả làm việc và mang đến trải nghiệm hình ảnh sống động.
Mua laptop Lenovo IdeaPad Slim 3 15Q8X10 83N3002PVN với giá tốt tại CellphoneS
Mua laptop Lenovo IdeaPad Slim 3 15Q8X10 83N3002PVN tại CellphoneS mang đến trải nghiệm tiện lợi và đáng tin cậy. Khách hàng có thể dễ dàng đặt hàng online hoặc đến trực tiếp cửa hàng để trải nghiệm và tận mắt kiểm tra chất lượng sản phẩm. CellphoneS cung cấp mức giá cạnh tranh cùng nhiều ưu đãi hấp dẫn, giúp mua laptop với chi phí hợp lý mà vẫn đảm bảo chính hãng. Đến ngay CellphoneS để sở hữu mẫu Lenovo IdeaPad Slim 3 này.","{""Bộ xử lý & Đồ họa"": [{""name"": ""Chip AI"", ""value"": ""Qualcomm Hexagon NPU, up to 45 TOPS""}, {""name"": ""Loại card đồ họa"", ""value"": ""Qualcomm Adreno""}, {""name"": ""Loại CPU"", ""value"": ""Snapdragon X X1-26-100, 8C, Max Turbo up to 3.0GHz, 30MB""}], ""Bộ nhớ RAM, Ổ cứng"": [{""name"": ""Dung lượng RAM"", ""value"": ""16GB""}, {""name"": ""Loại RAM"", ""value"": ""LPDDR5x-8448 Onboard""}, {""name"": ""Số khe ram"", ""value"": ""Không nâng cấp""}, {""name"": ""Ổ cứng"", ""value"": ""512GB SSD M.2 2242 PCIe 4.0x4 NVMe (Hỗ trợ tối đa 2 ổ M.2 2242 SSD, dung lượng tối đa 1TB mỗi ổ)""}], ""Màn hình"": [{""name"": ""Chất liệu tấm nền"", ""value"": ""Tấm nền IPS""}, {""name"": ""Kích thước màn hình"", ""value"": ""15.3 inches""}, {""name"": ""Công nghệ màn hình"", ""value"": ""Độ sáng 300nits\nMàn hình chống chói\nĐộ phủ màu 45% NTSC""}, {""name"": ""Độ phân giải màn hình"", ""value"": ""1920 x 1200 pixels (WUXGA)""}], ""Âm thanh"": [{""name"": ""Công nghệ âm thanh"", ""value"": ""High Definition (HD) Audio\nStereo speakers, 2W x2\nDolby Audio""}], ""Cổng kết nối"": [{""name"": ""Khe đọc thẻ nhớ"", ""value"": ""Có""}, {""name"": ""Wi-Fi"", ""value"": ""Wi-Fi 6E, 802.11ax 2x2""}, {""name"": ""Bluetooth"", ""value"": ""Bluetooth 5.3""}, {""name"": ""Cổng giao tiếp"", ""value"": ""2x USB-A (5Gbps / USB 3.2 Gen 1)\n1x USB-C (5Gbps / USB 3.2 Gen 1), với USB PD 3.0 và DP 1.2\n1x HDMI 1.4\n1x Giắc cắm kết hợp tai nghe/micrô (3.5mm)\n1x Đầu đọc thẻ SD\n1x Đầu nối nguồn""}], ""Kích thước & Trọng lượng"": [{""name"": ""Chất liệu"", ""value"": ""Vỏ nhựa - nắp lưng kim loại""}, {""name"": ""Chất liệu vỏ trên"", ""value"": ""Nhôm""}, {""name"": ""Chất liệu vỏ dưới"", ""value"": ""Nhựa""}, {""name"": ""Kích thước"", ""value"": ""343.4 x 239.5 x 16.9–17.9 mm (Dài x Rộng x Dày)""}, {""name"": ""Trọng lượng"", ""value"": ""1.55 kg""}], ""Tiện ích khác"": [{""name"": ""Tính năng đặc biệt"", ""value"": ""Wi-Fi 6, Bảo mật vân tay""}], ""Tính năng khác"": [{""name"": ""Loại đèn bàn phím"", ""value"": ""Không đèn""}, {""name"": ""Bảo mật"", ""value"": ""Microsoft Pluton TPM 2.0 Enabled""}, {""name"": ""Webcam"", ""value"": ""HD 720p tích hợp, có màn che bảo mật (Privacy Shutter)""}, {""name"": ""Hệ điều hành"", ""value"": ""Windows 11 Home Single Language (on ARM), English + Microsoft 365 Basic + Office Home 2024""}], ""Pin & công nghệ sạc"": [{""name"": ""Pin"", ""value"": ""60Wh, 65W Round Tip (3-pin)""}]}","[""https://cdn2.cellphones.com.vn/x/media/catalog/product/l/a/laptop_lenovo_ideapad_slim_3_15q8x10_83n3002pvn_-_1.png"", ""https://cdn2.cellphones.com.vn/x/media/catalog/product/l/a/laptop_lenovo_ideapad_slim_3_15q8x10_83n3002pvn_-_2.png"", ""https://cdn2.cellphones.com.vn/x/media/catalog/product/l/a/laptop_lenovo_ideapad_slim_3_15q8x10_83n3002pvn_-_3.png""]","{""product_color_1"": {""color"": ""Xám"", ""image_url"": ""https://cellphones.com.vn/laptop-lenovo-ideapad-slim-3-15q8x10-83n3002pvn.html?product_id=113722"", ""price"": ""21.490.000₫""}}"
Laptop Lenovo IdeaPad Slim 5 14IMH10 83V6001HVN,laptop-lenovo-ideapad-slim-5-14imh10-83v6001hvn,28.990.000đ,27.990.000đ,,"{""Bộ xử lý & Đồ họa"": [{""name"": ""Chip AI"", ""value"": ""Intel AI Boost, up to 11 TOPS""}, {""name"": ""Loại card đồ họa"", ""value"": ""Intel Arc Graphics""}, {""name"": ""Loại CPU"", ""value"": ""Intel Core Ultra 5 135H, 14 lõi (4P + 8E + 2LPE) / 18 luồng, Max Turbo up to 4.6GHz, 18MB Intel Smart Cache""}], ""Bộ nhớ RAM, Ổ cứng"": [{""name"": ""Dung lượng RAM"", ""value"": ""32GB""}, {""name"": ""Loại RAM"", ""value"": ""DDR5-5600""}, {""name"": ""Số khe ram"", ""value"": ""2 khe (2 x 16GB, nâng cấp tối đa 32GB DDR5-5600)""}, {""name"": ""Ổ cứng"", ""value"": ""512GB SSD M.2 2242 PCIe 4.0x4 NVMe (Hỗ trợ tối đa hai ổ đĩa, 2 ổ SSD M.2, tối đa 1TB)""}], ""Màn hình"": [{""name"": ""Tần số quét"", ""value"": ""60 Hz""}, {""name"": ""Chất liệu tấm nền"", ""value"": ""Tấm nền Oled""}, {""name"": ""Kích thước màn hình"", ""value"": ""14 inches""}, {""name"": ""Công nghệ màn hình"", ""value"": ""Độ sáng 400nits\nĐộ phủ màu 100% DCI-P3\nDisplayHDR True Black 500""}, {""name"": ""Độ phân giải màn hình"", ""value"": ""1920 x 1200 pixels (WUXGA)""}], ""Âm thanh"": [{""name"": ""Công nghệ âm thanh"", ""value"": ""Âm thanh độ nét cao (HD)\nLoa âm thanh nổi, 2W x2\nDolby Audio""}], ""Cổng kết nối"": [{""name"": ""Khe đọc thẻ nhớ"", ""value"": ""Có""}, {""name"": ""Wi-Fi"", ""value"": ""Wi-Fi 7, 802.11be 2x2""}, {""name"": ""Bluetooth"", ""value"": ""Bluetooth 5.4""}, {""name"": ""Cổng giao tiếp"", ""value"": ""1 x USB-A (USB 5Gbps), luôn bật\n1 x USB-A (USB 5Gbps)\n2 x USB-C (USB 10Gbps), hỗ trợ USB PD 3.0 và DisplayPort 1.4\n1 x HDMI 2.1, hỗ trợ độ phân giải lên đến 4K/60Hz\n1 x Giắc cắm tai nghe/micro kết hợp (3.5mm)\n1 x Đầu đọc thẻ microSD""}], ""Kích thước & Trọng lượng"": [{""name"": ""Chất liệu"", ""value"": ""Vỏ kim loại""}, {""name"": ""Chất liệu vỏ trên"", ""value"": ""Nhôm""}, {""name"": ""Chất liệu vỏ dưới"", ""value"": ""Nhôm""}, {""name"": ""Kích thước"", ""value"": ""313.4 x 222 x 16.9 mm (Dài x Rộng x Dày)""}, {""name"": ""Trọng lượng"", ""value"": ""1.39 kg""}], ""Tiện ích khác"": [{""name"": ""Tính năng đặc biệt"", ""value"": ""Nhận diện khuôn mặt, Màn hình Oled, Wi-Fi 7""}], ""Tính năng khác"": [{""name"": ""Loại đèn bàn phím"", ""value"": ""Đèn nền""}, {""name"": ""Bảo mật"", ""value"": ""Firmware TPM 2.0 Enabled""}, {""name"": ""Webcam"", ""value"": ""Camera FHD 1080p + hồng ngoại với màn trập camera, cảm biến ToF""}, {""name"": ""Hệ điều hành"", ""value"": ""Windows 11 Home Single Language, English""}], ""Pin & công nghệ sạc"": [{""name"": ""Pin"", ""value"": ""60Wh, 65W USB-C Slim (2-pin, Wall-mount)""}]}","[""https://cdn2.cellphones.com.vn/x/media/catalog/product/l/a/laptop_lenovo_ideapad_slim_5_14imh10_83v6001hvn_-_1.png"", ""https://cdn2.cellphones.com.vn/x/media/catalog/product/l/a/laptop_lenovo_ideapad_slim_5_14imh10_83v6001hvn_-_2.png"", ""https://cdn2.cellphones.com.vn/x/media/catalog/product/l/a/laptop_lenovo_ideapad_slim_5_14imh10_83v6001hvn_-_3.png""]","{""product_color_1"": {""color"": ""Xám"", ""image_url"": ""https://cellphones.com.vn/laptop-lenovo-ideapad-slim-5-14imh10-83v6001hvn.html?product_id=127762"", ""price"": ""27.990.000₫""}}"
Laptop Lenovo IdeaPad Slim 3 14IRH10 83K00009VN,laptop-lenovo-ideapad-slim-3-14irh10-83k00009vn,24.990.000đ,22.590.000đ,"Đặc điểm nổi bật
Laptop Lenovo IdeaPad Slim 3 14IRH10 83K00009VN sở hữu bộ vi xử lý Intel Core i7-13620H với 10 lõi và 16 luồng, cung cấp khả năng xử lý ấn tượng. Xung nhịp tối đa của máy lên đến 4.9GHz với RAM DDR5-4800 dung lượng tối đa 24GB giúp máy hoạt động ổn định. Bộ nhớ SSD PCIe 4.0 dung lượng 512GB và màn hình 14 inch WUXGA IPS giúp nâng cao trải nghiệm.
Nội dung chính
1. Laptop Lenovo IdeaPad Slim 3 14IRH10 83K00009VN - Hiệu suất vượt trội, thiết kế hiện đại
1.1. Hiệu năng đáp ứng mọi nhu cầu với vi xử lý Intel Core i7 mạnh mẽ
1.2. Dung lượng RAM lớn và lưu trữ tốc độ cao
1.3. Thiết kế sang trọng với trọng lượng nhẹ
1.4. Màn hình hiển thị sắc nét với một góc nhìn rộng
1.5. Viên pin bền bỉ và khả năng kết nối phong phú
2. Mua ngay laptop Lenovo IdeaPad Slim 3 14IRH10 83K00009VN tại CellphoneS
Laptop Lenovo IdeaPad Slim 3 14IRH10 83K00009VN - Hiệu suất vượt trội, thiết kế hiện đại
IdeaPad Slim 3 14IRH10 83K00009VN có hiệu năng mạnh mẽ cùng với thiết kế tinh tế, trở thành lựa chọn lý tưởng cho nhiều mục đích sử dụng khác nhau. Sản phẩm laptop Lenovo IdeaPad này hỗ trợ người dùng hoàn thành công việc nhanh chóng và thưởng thức giải trí một cách trơn tru.
Hiệu năng đáp ứng mọi nhu cầu với vi xử lý Intel Core i7 mạnh mẽ
Bộ xử lý Intel Core i7-13620H được trang bị trên chiếc laptop Lenovo IdeaPad Slim 3 14IRH10 83K00009VN sở hữu 10 nhân và 16 luồng, mang lại khả năng xử lý nhanh chóng. Tốc độ nhanh tối đa có thể đạt đến 4.9GHz, tối ưu hóa hiệu suất cho công việc và chơi trò chơi. Nền tảng vi xử lý Intel SoC hỗ trợ cho hệ thống hoạt động một cách ổn định và tiết kiệm năng lượng.
Card đồ họa tích hợp Intel UHD Graphics mang đến khả năng hiển thị hình ảnh rõ ràng và mịn màng. Lenovo IdeaPad Slim 3 có thể xử lý các công việc đồ họa nhẹ nhàng như sửa ảnh, xem phim độ phân giải cao mà không bị hiện tượng giật lag. Điều này tạo điều kiện cho người dùng có được trải nghiệm ưng ý hơn trong suốt thời gian sử dụng sản phẩm này.
Dung lượng RAM lớn và lưu trữ tốc độ cao
Lenovo IdeaPad Slim 3 có bộ nhớ RAM DDR5-4800 8GB được hàn trên bảng mạch, cùng với một khe cắm mở để tăng cường tối đa lên 24GB. Công nghệ RAM DDR5 cung cấp tốc độ truyền tải thông tin cao hơn so với các phiên bản trước đây. Người dùng sẽ trải nghiệm khả năng đa nhiệm mượt mà, thực hiện công việc nhanh chóng mà không gặp phải gián đoạn nào.
Ổ cứng SSD PCIe 4.0 của Laptop Lenovo IdeaPad Slim 3 14IRH10 83K00009VN có dung lượng 512GB giúp cải thiện tốc độ khởi động của hệ điều hành. Hệ thống được trang bị hai khe cắm M.2 SSD, tạo điều kiện cho việc nâng cấp dung lượng lưu trữ linh hoạt tùy theo yêu cầu. Người dùng có khả năng lưu trữ nhiều thông tin mà không cần lo việc hết dung lượng bộ nhớ.
Thiết kế sang trọng với trọng lượng nhẹ
Vỏ ngoài của Lenovo IdeaPad Slim 3 được chế tạo từ nhôm cao cấp, mang lại sự bền bỉ cùng khả năng chống xước hiệu quả. Màu sắc Luna Grey tạo nên một diện mạo hiện đại và thanh lịch, phù hợp với tất cả người dùng. Chất liệu nhôm anodized không chỉ chắc chắn mà còn tạo ra một vẻ đẹp tinh tế khi bạn cầm chiếc laptop IdeaPad Slim 3 14IRH10 83K00009VN trên tay.
IdeaPad Slim 3 14IRH10 83K00009VN có độ dày chỉ trong khoảng 16.9-17.9mm và nặng 1.43kg, rất dễ dàng để di chuyển hàng ngày. Touchpad Mylar kích thước lớn hỗ trợ thực hiện các công việc với tốc độ nhanh và độ tin cậy cao. Thiết kế nhẹ nhàng từ laptop Lenovo IdeaPad Slim 3 cho phép người dùng dễ dàng mang theo trong công việc, du lịch hoặc học tập.
Màn hình hiển thị sắc nét với một góc nhìn rộng
Màn hình IPS WUXGA 14 inch (1920x1200) của laptop Lenovo IdeaPad Slim 3 14IRH10 83K00009VN cung cấp hình ảnh chi tiết và chân thực. Với khả năng sáng 300 nits và chức năng chống chói, màn hình cho phép nhìn rõ trong môi trường có ánh sáng mạnh. Viền mỏng của màn hình giúp giảm thiểu không gian thừa, tạo cảm giác nhìn thoáng đãng hơn.
Tấm nền IPS cho phép góc nhìn rộng, đồng thời màu sắc vẫn được duy trì ổn định dù từ nhiều phía khác nhau. Điều này rất tốt cho việc thưởng thức phim điện ảnh sống động, làm việc hay chỉnh sửa hình ảnh. Màn hình chất lượng cao của IdeaPad Slim 3 14IRH10 83K00009VN giúp người dùng có thể thưởng thức những nội dung với độ chính xác về màu sắc cao hơn.
Viên pin bền bỉ và khả năng kết nối phong phú
Viên pin 60Wh trong chiếc laptop Lenovo IdeaPad Slim 3 14IRH10 83K00009VN mang lại thời gian hoạt động kéo dài, phù hợp cho những ai cần làm việc suốt cả ngày. Công nghệ nạp điện nhanh giúp giảm thời gian cần thiết để sạc, đảm bảo việc sử dụng không bị gián đoạn. Sản phẩm cho phép người dùng có thể chạy liên tục mà không phải lo về việc hết pin nhanh chóng.
Hệ thống cổng đa dạng bao gồm USB-A, USB-C, HDMI, cổng âm thanh 3.5mm và khe cắm thẻ SD, mang lại sự tiện lợi cho người dùng khi nối với các thiết bị ngoại vi. Công nghệ Wi-Fi 6 và Bluetooth 5.2 bảo đảm ổn định và nhanh gọn trong việc chuyển tải dữ liệu. Với đầy đủ cổng kết nối, Lenovo IdeaPad Slim 3 14IRH10 83K00009VN hỗ trợ hiệu quả cho công việc và học tập.
Mua ngay laptop Lenovo IdeaPad Slim 3 14IRH10 83K00009VN tại CellphoneS
Laptop Lenovo IdeaPad Slim 3 14IRH10 83K00009VN là một lựa chọn tuyệt vời nhờ vào hiệu suất ấn tượng, thiết kế thanh lịch và tính năng kết nối đa dạng. IdeaPad Slim 3 14IRH10 rất phù hợp cho các hoạt động như làm việc, học tập cũng như giải trí. Chỉ cần đến cửa hàng CellphoneS gần nhất để trải nghiệm sản phẩm trực tiếp và tiến hành mua sắm ngay lập tức.","{""Bộ xử lý & Đồ họa"": [{""name"": ""Loại card đồ họa"", ""value"": ""Intel UHD Graphics""}, {""name"": ""Loại CPU"", ""value"": ""Intel Core i7-13620H, 10 lõi (6P + 4E) / 16 luồng, P-core 2.4 / 4.9GHz, E-core 1.8 / 3.6GHz, 24MB""}], ""Bộ nhớ RAM, Ổ cứng"": [{""name"": ""Dung lượng RAM"", ""value"": ""24GB""}, {""name"": ""Loại RAM"", ""value"": ""DDR5-4800""}, {""name"": ""Số khe ram"", ""value"": ""2 khe (8GB Onboard + 16GB SO-DIMM, tối đa 24GB)""}, {""name"": ""Ổ cứng"", ""value"": ""512GB SSD M.2 2242 PCIe 4.0x4 NVMe (Tối đa hai ổ đĩa, nâng cấp lên đến 1TB)""}], ""Màn hình"": [{""name"": ""Chất liệu tấm nền"", ""value"": ""Tấm nền IPS""}, {""name"": ""Kích thước màn hình"", ""value"": ""14 inches""}, {""name"": ""Công nghệ màn hình"", ""value"": ""Độ sáng 300nits\nMàn hình chống chói\nĐộ phủ màu 45% NTSC""}, {""name"": ""Độ phân giải màn hình"", ""value"": ""1920 x 1200 pixels (WUXGA)""}], ""Âm thanh"": [{""name"": ""Công nghệ âm thanh"", ""value"": ""High Definition (HD) Audio\nLoa stereo, 2W x2\nDolby Audio""}], ""Cổng kết nối"": [{""name"": ""Khe đọc thẻ nhớ"", ""value"": ""Có""}, {""name"": ""Wi-Fi"", ""value"": ""Wi-Fi 6, 802.11ax 2x2""}, {""name"": ""Bluetooth"", ""value"": ""Bluetooth 5.2""}, {""name"": ""Cổng giao tiếp"", ""value"": ""2x USB-A (USB 5Gbps / USB 3.2 Gen 1)\n1x USB-C (USB 5Gbps / USB 3.2 Gen 1), với USB PD 3.0 và DisplayPort 1.2\n1x HDMI 1.4\n1x giắc cắm kết hợp tai nghe / micrô (3,5 mm)\n1x đầu đọc thẻ SD\n1x đầu nối nguồn""}], ""Kích thước & Trọng lượng"": [{""name"": ""Chất liệu vỏ màn hình"", ""value"": ""Nhôm""}, {""name"": ""Chất liệu vỏ trên"", ""value"": ""Nhôm""}, {""name"": ""Chất liệu vỏ dưới"", ""value"": ""Nhựa""}, {""name"": ""Kích thước"", ""value"": ""314.4 x 222.1 x 16.9-17.9 mm (Dài x Rộng x Dày)""}, {""name"": ""Trọng lượng"", ""value"": ""1.43 kg""}], ""Tiện ích khác"": [{""name"": ""Tính năng đặc biệt"", ""value"": ""Wi-Fi 6""}], ""Tính năng khác"": [{""name"": ""Loại đèn bàn phím"", ""value"": ""Không có đèn nền""}, {""name"": ""Bảo mật"", ""value"": ""Firmware TPM 2.0 Enabled""}, {""name"": ""Webcam"", ""value"": ""HD 720p với màn trập camera""}, {""name"": ""Hệ điều hành"", ""value"": ""Windows 11 Home Single Language, English""}], ""Pin & công nghệ sạc"": [{""name"": ""Pin"", ""value"": ""60Wh (Đầu tròn 65W (3 chân)""}]}","[""https://cdn2.cellphones.com.vn/x/media/catalog/product/l/a/laptop_lenovo_ideapad_slim_3_14irh10_83k00009vn_-_1.png"", ""https://cdn2.cellphones.com.vn/x/media/catalog/product/l/a/laptop_lenovo_ideapad_slim_3_14irh10_83k00009vn_-_2.png"", ""https://cdn2.cellphones.com.vn/x/media/catalog/product/l/a/laptop_lenovo_ideapad_slim_3_14irh10_83k00009vn_-_3.png""]","{""product_color_1"": {""color"": ""Xám"", ""image_url"": ""https://cellphones.com.vn/laptop-lenovo-ideapad-slim-3-14irh10-83k00009vn.html?product_id=100345"", ""price"": ""22.590.000₫""}}"
Laptop Lenovo IdeaPad Slim 3 16IRH10 83K20004VN,laptop-lenovo-ideapad-slim-3-16irh10-83k20004vn,24.990.000đ,22.590.000đ,"Đặc điểm nổi bật
Laptop Lenovo IdeaPad Slim 3 16IRH10 83K20004VN sở hữu bộ xử lý hiện đại Intel Core i7-13620H 10 lõi, 16 luồng và card đồ họa Intel UHD Graphics cao cấp. Sản phẩm có màn hình rộng 16 inches, trang bị nhiều công nghệ tiên tiến giúp hiển thị hình ảnh sống động. Ngoại hình của máy khá gọn nhẹ, cho phép người mua dễ dàng mang theo bên người.
Nội dung chính
1. Laptop Lenovo IdeaPad Slim 3 16IRH10 83K20004VN - Mạnh mẽ, hiện đại và mỏng nhẹ
1.1. Xử lý đa nhiệm mượt mà với dung lượng RAM lớn
1.2. Thiết kế mỏng, trọng lượng nhẹ, tính di động cao
1.3. Bộ xử lý mạnh mẽ, card đồ họa hiện đại
1.4. Trải nghiệm liền mạch với dung lượng pin lớn
1.5. Màn hình 16 inches, độ phân giải cao, sắc nét
2. Mua ngay laptop Lenovo IdeaPad Slim 3 16IRH10 83K20004VN chất lượng tại CellphoneS
Laptop Lenovo IdeaPad Slim 3 16IRH10 83K20004VN - Mạnh mẽ, hiện đại và mỏng nhẹ
Laptop Lenovo IdeaPad Slim 3 16IRH10 83K20004VN là dòng máy tính văn phòng được nhiều người dùng đánh giá cao bởi khả năng xử lý tác vụ nhanh chóng. Ngoài ra, sản phẩm laptop Lenovo IdeaPad này còn có một số điểm cộng vượt trội khác về màn hình và thiết kế như sau.
Xử lý đa nhiệm mượt mà với dung lượng RAM lớn
Thiết bị này sử dụng loại RAM DDR5-4800, có tốc độ truyền dữ liệu lớn, giúp tăng hiệu suất xử lý đa nhiệm. Dung lượng RAM tối đa lên đến 24GB, gồm 8GB RAM hàn trực tiếp lên bo mạch và khe rời SO-DIMM lắp sẵn 16GB, có thể nâng cấp. Dung lượng lớn giúp máy chạy các file nặng và trình duyệt cùng lúc mà vẫn mượt mà, không xảy ra tình trạng giật, lag.
Laptop Lenovo IdeaPad Slim 3 16IRH10 83K20004VN được trang bị ổ cứng SSD M.2 2242 PCIe 4.0x4 NVMe. Dung lượng ổ cứng lớn đến 512GB, có tốc độ truy xuất dữ liệu nhanh, hỗ trợ người dùng khởi động máy nhanh chóng và xử lý công việc hiệu quả hơn.
Thiết kế mỏng, trọng lượng nhẹ, tính di động cao
Phiên bản này có kích thước chỉ 360 x 251 x 16.9 - 17.9 mm, mang lại ngoại hình mỏng nhẹ và thanh lịch. Gam màu xám trung tính giúp tăng thêm sự sang trọng cho thiết bị. Đây là lựa chọn hàng đầu cho phân khúc học sinh, sinh viên, nhân viên văn phòng và những người yêu thích phong cách tối giản, chuyên nghiệp.
Phần vỏ màn hình và vỏ trên của laptop Lenovo IdeaPad Slim 3 16IRH10 83K20004VN làm từ nhôm cứng cáp, gia tăng sự chắc chắn và bền bỉ. Vỏ dưới được hoàn thiện bằng nhựa cao cấp, góp phần giảm trọng lượng máy. Thiết bị có trọng lượng nhẹ chỉ 1.73 kg và ngoại hình tinh gọn, dễ dàng bỏ vào balo, túi xách để mang theo hàng ngày.
Bộ xử lý mạnh mẽ, card đồ họa hiện đại
Laptop này sở hữu CPU Intel Core i7-13620H gồm 10 lõi (4 lõi E tiết kiệm điện và 6 lõi P hiệu suất cao), 16 luồng. Nhờ đó, máy có khả năng đa nhiệm mạnh mẽ hơn, xử lý tốt tác vụ văn phòng và đồ họa cơ bản, phục vụ nhu cầu giải trí hàng ngày. Xung nhịp tối đa của lõi P là 4.9GHz và lõi E là 3.6GHz, giúp cân bằng hiệu suất, tiết kiệm năng lượng hiệu quả.
Laptop Lenovo IdeaPad Slim 3 16IRH10 83K20004VN sử dụng card đồ họa Intel UHD Graphics hiện đại. Loại card này hỗ trợ chạy mượt mà các công việc văn phòng, học tập, chỉnh sửa ảnh, video cơ bản và giải trí hàng ngày.
Trải nghiệm liền mạch với dung lượng pin lớn
Thiết bị được tích hợp viên pin có dung lượng khá lớn 60Wh. Đây là mức phổ biến trên những dòng laptop văn phòng, đảm bảo trải nghiệm liền mạch cho người mua. Máy tương thích với bộ sạc đầu tròn (3 chân), công suất lớn đến 65W, giúp nạp năng lượng nhanh chóng.
Laptop Lenovo IdeaPad Slim 3 16IRH10 83K20004VN có trang bị đầy đủ cổng giao tiếp cho nhu cầu làm việc và giải trí. Sản phẩm sở hữu 7 cổng kết nối gồm cổng USB, HDMI, giắc cắm tai nghe, đầu đọc thẻ SD,... Ngoài ra, máy còn hỗ trợ kết nối không dây với Wi-Fi 6 và Bluetooth 5.2, có khả năng truyền tải dữ liệu và liên kết thiết bị ngoại vi nhanh chóng.
Màn hình 16 inches, độ phân giải cao, sắc nét
Phiên bản này được tích hợp màn hình rộng 16 inches, cho không gian hiển thị rộng rãi, rõ nét. Độ phân giải WUXGA 1920 x 1200 pixels giúp truyền tải hình ảnh chất lượng cao, chân thực. Tấm nền IPS hiện đại mang lại góc nhìn rộng và có khả năng tái tạo màu sắc tốt hơn. Tần số quét đến 60Hz, phù hợp với nhu cầu làm việc, lướt web, xem phim giải trí.
Ngoài ra, màn hình của laptop Lenovo IdeaPad Slim 3 16IRH10 83K20004VN có độ sáng 300 nits, vừa đủ để người dùng làm việc trong môi trường văn phòng, trong nhà. Lớp phủ chống chói giúp mang lại trải nghiệm thị giác thoải mái, hạn chế tình trạng lóa, mỏi mắt. Màn hình có độ phủ màu 45% NTSC, vừa đủ cho nhu cầu làm việc, học tập, giải trí cơ bản.
Phiên bản này sử dụng webcam độ phân giải HD 720p, thích hợp cho hoạt động họp trực tuyến, gọi video. Đặc biệt, webcam được tích hợp màn trập camera, có thể đóng lại khi không sử dụng, giúp tăng độ bảo mật và bảo vệ quyền riêng tư của người mua.
Mua ngay laptop Lenovo IdeaPad Slim 3 16IRH10 83K20004VN chất lượng tại CellphoneS
Hãy đặt mua ngay laptop Lenovo IdeaPad Slim 3 16IRH10 83K20004VN giá tốt tại CellphoneS. Khách hàng sẽ nhận được chế độ bảo hành uy tín đến 24 tháng, riêng pin và bộ sạc được bảo hành 12 tháng. Cửa hàng còn hỗ trợ 1 đổi 1 trong 30 ngày nếu có lỗi từ nhà sản xuất. Ngoài ra, CellphoneS còn mang đến dịch vụ giao hàng tận nơi và chương trình khuyến mãi hấp dẫn cho thành viên Smember. Nhanh tay đặt mua ngay hôm nay!","{""Bộ xử lý & Đồ họa"": [{""name"": ""Loại card đồ họa"", ""value"": ""Intel UHD Graphics""}, {""name"": ""Loại CPU"", ""value"": ""Intel Core i7-13620H, 10 lõi (6P + 4E) / 16 luồng, P-core 2.4 / 4.9GHz, E-core 1.8 / 3.6GHz, 24MB""}], ""Bộ nhớ RAM, Ổ cứng"": [{""name"": ""Dung lượng RAM"", ""value"": ""24GB""}, {""name"": ""Loại RAM"", ""value"": ""DDR5-4800""}, {""name"": ""Số khe ram"", ""value"": ""8GB Soldered DDR5-4800 + 16GB SO-DIMM DDR5-4800 (Tối đa 24GB)""}, {""name"": ""Ổ cứng"", ""value"": ""512GB SSD M.2 2242 PCIe 4.0x4 NVMe (Tối đa hai ổ đĩa, 2x M.2 SSD • M.2 2242 SSD lên đến 1TB)""}], ""Màn hình"": [{""name"": ""Tần số quét"", ""value"": ""60 Hz""}, {""name"": ""Chất liệu tấm nền"", ""value"": ""Tấm nền IPS""}, {""name"": ""Kích thước màn hình"", ""value"": ""16 inches""}, {""name"": ""Công nghệ màn hình"", ""value"": ""Độ sáng 300nits\nĐộ phủ màu 45% NTSC\nMàn hình chống chói""}, {""name"": ""Độ phân giải màn hình"", ""value"": ""1920 x 1200 pixels (WUXGA)""}], ""Âm thanh"": [{""name"": ""Công nghệ âm thanh"", ""value"": ""Âm thanh độ nét cao (HD)\nLoa stereo, 2W x2\nDolby Audio""}], ""Cổng kết nối"": [{""name"": ""Khe đọc thẻ nhớ"", ""value"": ""Có""}, {""name"": ""Wi-Fi"", ""value"": ""Wi-Fi 6, 802.11ax 2x2""}, {""name"": ""Bluetooth"", ""value"": ""Bluetooth 5.2""}, {""name"": ""Cổng giao tiếp"", ""value"": ""2x USB-A (USB 5Gbps / USB 3.2 Gen 1)\n1x USB-C (USB 5Gbps / USB 3.2 Gen 1), với USB PD 3.0 và DisplayPort 1.2\n1x HDMI 1.4\n1x giắc cắm kết hợp tai nghe / micrô (3.5 mm)\n1x đầu đọc thẻ SD\n1x đầu nối nguồn""}], ""Kích thước & Trọng lượng"": [{""name"": ""Chất liệu vỏ màn hình"", ""value"": ""Nhôm""}, {""name"": ""Chất liệu vỏ trên"", ""value"": ""Nhôm""}, {""name"": ""Chất liệu vỏ dưới"", ""value"": ""Nhựa""}, {""name"": ""Kích thước"", ""value"": ""360 x 251 x 16.9 - 17.9 mm (Dài x Rộng x Dày)""}, {""name"": ""Trọng lượng"", ""value"": ""1.73 kg""}], ""Tiện ích khác"": [{""name"": ""Tính năng đặc biệt"", ""value"": ""Wi-Fi 6""}], ""Tính năng khác"": [{""name"": ""Loại đèn bàn phím"", ""value"": ""Không có đèn nền""}, {""name"": ""Bảo mật"", ""value"": ""Firmware TPM 2.0 Enabled""}, {""name"": ""Webcam"", ""value"": ""HD 720p với màn trập camera""}, {""name"": ""Hệ điều hành"", ""value"": ""Windows 11 Home Single Language, English""}], ""Pin & công nghệ sạc"": [{""name"": ""Pin"", ""value"": ""60Wh\nĐầu tròn 65W (3 chân)""}]}","[""https://cdn2.cellphones.com.vn/x/media/catalog/product/l/a/laptop_lenovo_ideapad_slim_3_16irh10_83k20004vn_-_1.png"", ""https://cdn2.cellphones.com.vn/x/media/catalog/product/l/a/laptop_lenovo_ideapad_slim_3_16irh10_83k20004vn_-_2.png"", ""https://cdn2.cellphones.com.vn/x/media/catalog/product/l/a/laptop_lenovo_ideapad_slim_3_16irh10_83k20004vn_-_3.png""]","{""product_color_1"": {""color"": ""Xám"", ""image_url"": ""https://cellphones.com.vn/laptop-lenovo-ideapad-slim-3-16irh10-83k20004vn.html?product_id=102126"", ""price"": ""22.590.000₫""}}"
Laptop Lenovo IdeaPad Slim 3 14ARP10 83K600EAVN,laptop-lenovo-ideapad-slim-3-14arp10-83k600eavn,25.490.000đ,20.990.000đ,,"{""Bộ xử lý & Đồ họa"": [{""name"": ""Loại card đồ họa"", ""value"": ""AMD Radeon 680M Graphics""}, {""name"": ""Loại CPU"", ""value"": ""AMD Ryzen 7 7735HS (8 lõi / 16 luồng, 3.2 / 4.75GHz, 4MB L2 / 16MB L3)""}], ""Bộ nhớ RAM, Ổ cứng"": [{""name"": ""Dung lượng RAM"", ""value"": ""16GB""}, {""name"": ""Loại RAM"", ""value"": ""SODIMM DDR5-4800""}, {""name"": ""Số khe ram"", ""value"": ""1 khe tối đa 16GB""}, {""name"": ""Ổ cứng"", ""value"": ""512GB SSD M.2 2242 PCIe 4.0x4 NVMe (Hai khe cắm M.2 2242 PCIe 4.0 x4, tối đa 1TB)""}], ""Màn hình"": [{""name"": ""Chất liệu tấm nền"", ""value"": ""Tấm nền IPS""}, {""name"": ""Kích thước màn hình"", ""value"": ""14 inches""}, {""name"": ""Công nghệ màn hình"", ""value"": ""Độ sáng 300nits\nMàn hình chống chói\nĐộ phủ màu 45% NTSC""}, {""name"": ""Độ phân giải màn hình"", ""value"": ""1920 x 1200 pixels (WUXGA)""}], ""Âm thanh"": [{""name"": ""Công nghệ âm thanh"", ""value"": ""Âm thanh độ nét cao (HD)\nLoa âm thanh nổi, 2W x2\nDolby Audio""}], ""Cổng kết nối"": [{""name"": ""Khe đọc thẻ nhớ"", ""value"": ""Có""}, {""name"": ""Wi-Fi"", ""value"": ""Wi-Fi 6, 802.11ax 2x2""}, {""name"": ""Bluetooth"", ""value"": ""Bluetooth 5.3""}, {""name"": ""Cổng giao tiếp"", ""value"": ""2 x USB-A (USB 3.2 Gen 1, 5Gbps)\n1 x USB-C (USB 3.2 Gen 1, 5Gbps, PD 45–65W, DisplayPort 1.2)\n1 x HDMI 1.4\n1 x Jack tai nghe/mic 3.5 mm\n1 x Khe thẻ SD\n1 x Cổng nguồn tròn""}], ""Kích thước & Trọng lượng"": [{""name"": ""Chất liệu"", ""value"": ""Vỏ nhựa - nắp lưng kim loại""}, {""name"": ""Chất liệu vỏ trên"", ""value"": ""Nhôm""}, {""name"": ""Chất liệu vỏ dưới"", ""value"": ""Nhựa""}, {""name"": ""Kích thước"", ""value"": ""314.4 x 222.1 x 16.9-17.9 mm (Dài x Rộng x Dày)""}, {""name"": ""Trọng lượng"", ""value"": ""1.39 kg""}], ""Tiện ích khác"": [{""name"": ""Tính năng đặc biệt"", ""value"": ""Wi-Fi 6, Nhận diện khuôn mặt""}], ""Tính năng khác"": [{""name"": ""Loại đèn bàn phím"", ""value"": ""Không có đèn nền""}, {""name"": ""Bảo mật"", ""value"": ""Firmware TPM 2.0 Enabled""}, {""name"": ""Webcam"", ""value"": ""FHD 1080p + Hồng ngoại với màn trập camera""}, {""name"": ""Hệ điều hành"", ""value"": ""Windows 11 Home Single Language, English""}], ""Pin & công nghệ sạc"": [{""name"": ""Pin"", ""value"": ""50Wh, 65W Round Tip (3-pin)""}]}","[""https://cdn2.cellphones.com.vn/x/media/catalog/product/l/a/laptop_lenovo_ideapad_slim_3_14arp10_83k600eavn_-_1.png"", ""https://cdn2.cellphones.com.vn/x/media/catalog/product/l/a/laptop_lenovo_ideapad_slim_3_14arp10_83k600eavn_-_2.png"", ""https://cdn2.cellphones.com.vn/x/media/catalog/product/l/a/laptop_lenovo_ideapad_slim_3_14arp10_83k600eavn_-_3.png""]","{""product_color_1"": {""color"": ""Xám"", ""image_url"": ""https://cellphones.com.vn/laptop-lenovo-ideapad-slim-3-14arp10-83k600eavn.html?product_id=129035"", ""price"": ""20.990.000₫""}}"
Laptop Lenovo LOQ 15IRX9 83DV01H3VN,laptop-lenovo-loq-15irx9-83dv01h3vn,35.490.000đ,34.990.000đ,,"{""Bộ xử lý & Đồ họa"": [{""name"": ""Loại card đồ họa"", ""value"": ""NVIDIA GeForce RTX 4050 6GB GDDR6, Boost Clock 2370MHz, TGP 105W, 194 AI TOPS""}, {""name"": ""Loại CPU"", ""value"": ""Intel Core i7-13645HX, 14 lõi (6P + 8E) / 20 luồng, P-core up to 4.9GHz, E-core up to 3.5GHz, 24MB Intel Smart Cache""}], ""Bộ nhớ RAM, Ổ cứng"": [{""name"": ""Dung lượng RAM"", ""value"": ""16GB""}, {""name"": ""Loại RAM"", ""value"": ""SODIMM DDR5-4800""}, {""name"": ""Số khe ram"", ""value"": ""2 khe (1 x 16GB, nâng cấp tối đa 32GB DDR5-4800)""}, {""name"": ""Ổ cứng"", ""value"": ""512GB SSD M.2 2242 PCIe 4.0x4 NVMe (Hai khe cắm M.2 2280 PCIe 4.0 x4, nâng cấp dung lượng lên đến 1TB mỗi ổ)""}], ""Màn hình"": [{""name"": ""Tần số quét"", ""value"": ""144Hz""}, {""name"": ""Chất liệu tấm nền"", ""value"": ""Tấm nền IPS""}, {""name"": ""Kích thước màn hình"", ""value"": ""15.6 inches""}, {""name"": ""Công nghệ màn hình"", ""value"": ""Độ sáng 300nits\nMàn hình chống chói\nĐộ phủ màu 100% sRGB\nG-SYNC""}, {""name"": ""Độ phân giải màn hình"", ""value"": ""1920 x 1080 pixels (FullHD)""}], ""Âm thanh"": [{""name"": ""Công nghệ âm thanh"", ""value"": ""Âm thanh HD, codec Realtek ALC3287\nLoa stereo 2W x2\nTối ưu với Nahimic Audio""}], ""Cổng kết nối"": [{""name"": ""Khe đọc thẻ nhớ"", ""value"": ""Không""}, {""name"": ""Wi-Fi"", ""value"": ""Wi-Fi 6, 802.11ax 2x2""}, {""name"": ""Bluetooth"", ""value"": ""Bluetooth 5.2""}, {""name"": ""Cổng giao tiếp"", ""value"": ""3 x USB-A (USB 3.2 Gen 1, 5Gbps)\n1 x USB-C (USB 3.2 Gen 2, 10Gbps, Lenovo PD 140W, DisplayPort 1.4)\n1 x HDMI 2.1 (tối đa 8K/60Hz)\n1 x Jack tai nghe/mic 3.5 mm\n1 x Ethernet (RJ-45)\n1 x Cổng nguồn Slim tip""}], ""Kích thước & Trọng lượng"": [{""name"": ""Chất liệu"", ""value"": ""Vỏ nhựa""}, {""name"": ""Chất liệu vỏ trên"", ""value"": ""Nhựa""}, {""name"": ""Chất liệu vỏ dưới"", ""value"": ""Nhựa""}, {""name"": ""Kích thước"", ""value"": ""359.86 x 258.7 x 21.9-23.9 mm (Dài x Rộng x Dày)""}, {""name"": ""Trọng lượng"", ""value"": ""2.38 kg""}], ""Tiện ích khác"": [{""name"": ""Tính năng đặc biệt"", ""value"": ""Wi-Fi 6""}], ""Tính năng khác"": [{""name"": ""Loại đèn bàn phím"", ""value"": ""Đèn nền trắng""}, {""name"": ""Bảo mật"", ""value"": ""Firmware TPM 2.0 Enabled""}, {""name"": ""Webcam"", ""value"": ""HD 720p với E-shutter""}, {""name"": ""Hệ điều hành"", ""value"": ""Windows 11 Home Single Language, English""}], ""Pin & công nghệ sạc"": [{""name"": ""Pin"", ""value"": ""60Wh, 170W Slim Tip (3-pin)""}]}","[""https://cdn2.cellphones.com.vn/x/media/catalog/product/l/a/laptop_lenovo_loq_15irx9_83dv01h3vn_-_1.png"", ""https://cdn2.cellphones.com.vn/x/media/catalog/product/l/a/laptop_lenovo_loq_15irx9_83dv01h3vn_-_3.png"", ""https://cdn2.cellphones.com.vn/x/media/catalog/product/l/a/laptop_lenovo_loq_15irx9_83dv01h3vn_-_2.png""]","{""product_color_1"": {""color"": ""Xám"", ""image_url"": ""https://cellphones.com.vn/laptop-lenovo-loq-15irx9-83dv01h3vn.html?product_id=130249"", ""price"": ""34.990.000₫""}}"
Laptop Lenovo LOQ Essential 15ARP10E 83S0000DVN,laptop-lenovo-loq-essential-15arp10e-83s0000dvn,31.990.000đ,25.490.000đ,,"{""Bộ xử lý & Đồ họa"": [{""name"": ""Loại card đồ họa"", ""value"": ""NVIDIA GeForce RTX 3050 6GB GDDR6, Boost Clock 990MHz, TGP 65W""}, {""name"": ""Loại CPU"", ""value"": ""AMD Ryzen 5 7535HS (6 lõi / 12 luồng, 3.3 / 4.55GHz, 3MB L2 / 16MB L3)""}], ""Bộ nhớ RAM, Ổ cứng"": [{""name"": ""Dung lượng RAM"", ""value"": ""16GB""}, {""name"": ""Loại RAM"", ""value"": ""SODIMM DDR5-4800""}, {""name"": ""Số khe ram"", ""value"": ""2 khe (1 x 16GB)""}, {""name"": ""Ổ cứng"", ""value"": ""512GB SSD M.2 2242 PCIe 4.0x4 NVMe (Tối đa hai ổ đĩa, 2 ổ SSD M.2, SSD M.2 dung lượng tối đa 1TB mỗi ổ)""}], ""Màn hình"": [{""name"": ""Tần số quét"", ""value"": ""144 Hz""}, {""name"": ""Chất liệu tấm nền"", ""value"": ""Tấm nền IPS""}, {""name"": ""Kích thước màn hình"", ""value"": ""15.6 inches""}, {""name"": ""Công nghệ màn hình"", ""value"": ""Độ sáng 300 nits\nMàn hình chống chói\nĐộ phủ màu 100% sRGB\nAMD FreeSync""}, {""name"": ""Độ phân giải màn hình"", ""value"": ""1920 x 1080 pixels (FullHD)""}], ""Âm thanh"": [{""name"": ""Công nghệ âm thanh"", ""value"": ""Âm thanh HD, codec Realtek ALC3287\nLoa stereo 2W x2\nTối ưu với Nahimic Audio""}], ""Cổng kết nối"": [{""name"": ""Khe đọc thẻ nhớ"", ""value"": ""Có""}, {""name"": ""Wi-Fi"", ""value"": ""Wi-Fi 6, 802.11ax 2x2""}, {""name"": ""Bluetooth"", ""value"": ""Bluetooth 5.2""}, {""name"": ""Cổng giao tiếp"", ""value"": ""2 x USB-A (USB 3.2 Gen 1, 5Gbps)\n1 x USB-C (USB 5Gbps, PD 65–100W)\n1 x HDMI 2.1 (tối đa 8K/60Hz)\n1 x Jack tai nghe/mic 3.5 mm\n1 x Ethernet (RJ-45)\n1 x Khe đọc thẻ\n1 x Cổng nguồn Slim tip""}], ""Kích thước & Trọng lượng"": [{""name"": ""Chất liệu"", ""value"": ""Vỏ nhựa""}, {""name"": ""Chất liệu vỏ trên"", ""value"": ""Nhựa""}, {""name"": ""Chất liệu vỏ dưới"", ""value"": ""Nhựa""}, {""name"": ""Kích thước"", ""value"": ""359.2 x 236 x 19.9-22.95 mm (Dài x Rộng x Dày)""}, {""name"": ""Trọng lượng"", ""value"": ""1.8 kg""}], ""Tiện ích khác"": [{""name"": ""Tính năng đặc biệt"", ""value"": ""Wi-Fi 6""}], ""Tính năng khác"": [{""name"": ""Loại đèn bàn phím"", ""value"": ""Đèn nền trắng""}, {""name"": ""Bảo mật"", ""value"": ""Firmware TPM 2.0 Enabled""}, {""name"": ""Webcam"", ""value"": ""HD 720p với màn trập camera""}, {""name"": ""Hệ điều hành"", ""value"": ""Windows 11 Home Single Language, English""}], ""Pin & công nghệ sạc"": [{""name"": ""Pin"", ""value"": ""57.5Wh, 135W Slim Tip (3-pin)""}]}","[""https://cdn2.cellphones.com.vn/x/media/catalog/product/l/a/laptop_lenovo_loq_essential_15arp10e_83s0000dvn_-_1.png"", ""https://cdn2.cellphones.com.vn/x/media/catalog/product/l/a/laptop_lenovo_loq_essential_15arp10e_83s0000dvn_-_2.png"", ""https://cdn2.cellphones.com.vn/x/media/catalog/product/l/a/laptop_lenovo_loq_essential_15arp10e_83s0000dvn_-_3.png""]","{""product_color_1"": {""color"": ""Xám"", ""image_url"": ""https://cellphones.com.vn/laptop-lenovo-loq-essential-15arp10e-83s0000dvn.html?product_id=130375"", ""price"": ""25.490.000₫""}}"
Laptop Lenovo Legion 7 16IAX10 83KY001VVN,laptop-lenovo-legion-7-16iax10-83ky001vvn,74.990.000đ,65.990.000đ,"Đặc điểm nổi bật
Lenovo Legion 7 16IAX10 83KY001VVN trang bị NPU Intel® AI Boost đạt hiệu suất 13 TOPS, giúp tối ưu hóa các ứng dụng trí tuệ nhân tạo và nâng cao trải nghiệm sử dụng. Bộ xử lý Intel® Core Ultra 9 275HX kết hợp cùng GPU NVIDIA® GeForce RTX™ 5070 8GB mang lại hiệu năng ổn định và mạnh mẽ. Màn hình OLED 16 inch độ phân giải WQXGA kết hợp tần số quét 240Hz mang đến hình ảnh rõ ràng.
Nội dung chính
1. Lenovo Legion 7 16IAX10 83KY001VVN - Công nghệ hiện đại, thiết kế tinh tế
1.1. Công nghệ AI tiên tiến
1.2. Đồ họa sống động và mượt mà
1.3. Dung lượng lưu trữ lớn
1.4. Thiết kế hiện đại với trọng lượng nhẹ
1.5. Màn hình rõ ràng và sắc nét
1.6. Trang bị dung lượng pin lớn
2. Mua Lenovo Legion 7 16IAX10 83KY001VVN chính hãng tại CellphoneS
Lenovo Legion 7 16IAX10 83KY001VVN - Công nghệ hiện đại, thiết kế tinh tế
Lenovo Legion 7 16IAX10 83KY001VVN mang đến trải nghiệm hiệu năng mạnh mẽ kết hợp cùng thiết kế hiện đại. Mẫu laptop Lenovo Legion còn sở hữu thiết kế để phục vụ hiệu quả cả việc giải trí với game lẫn công việc chuyên môn trong thời gian dài của người sử dụng.
Công nghệ AI tiên tiến
NPU của laptop tích hợp Intel® AI Boost mang đến khả năng xử lý AI mạnh mẽ với hiệu suất lên đến 13 TOPS. Công nghệ này giúp máy tối ưu hóa hiệu năng khi chạy các ứng dụng thông minh và tăng tốc độ xử lý tác vụ phức tạp.
Lenovo Legion 7 16IAX10 83KY001VVN trang bị chip AI LA3 kết hợp cùng nền tảng AI PC mang lại trải nghiệm chơi game hiện đại với khả năng hỗ trợ trí tuệ nhân tạo vượt trội. Máy được cài sẵn Office Home 2024 và Lenovo® AI Now, đáp ứng nhu cầu làm việc và giải trí toàn diện.
Đồ họa sống động và mượt mà
Laptop trang bị bộ xử lý Intel® Core Ultra 9 275HX với 24 nhân và 24 luồng, hỗ trợ đa nhiệm mượt mà. Tốc độ Turbo lên đến 5.4GHz cho phép xử lý nhanh các tác vụ nặng một cách hiệu quả. Bộ nhớ đệm 36MB của sản phẩm còn hỗ trợ nâng cao hiệu năng, xử lý trơn tru các tác vụ từ công việc đến giải trí nặng.
Card đồ họa NVIDIA® GeForce RTX™ 5070 với 8GB GDDR7 trên laptop đạt xung nhịp tăng tốc 2347MHz và TGP 115W, cho sức mạnh xử lý hình ảnh vượt trội. Hệ thống Lenovo Legion 7 16IAX10 83KY001VVN sử dụng bộ chip Intel® HM870, đảm bảo nền tảng ổn định cho hiệu suất toàn diện khi sử dụng.
Dung lượng lưu trữ lớn
Lenovo Legion được trang bị 2x 16GB SO-DIMM DDR5-5600 với khả năng chạy kênh đôi, mang lại tốc độ xử lý dữ liệu nhanh và ổn định. Bộ nhớ sản phẩm hỗ trợ lên đến 32GB DDR5-5600, đáp ứng tốt cho các tác vụ đa nhiệm nặng.
Hệ thống lưu trữ Lenovo Legion 7 16IAX10 83KY001VVN bao gồm ổ SSD 1TB M.2 2242 PCIe® 4.0x4 NVMe®, cho khả năng truy xuất dữ liệu nhanh chóng. Máy có hai khe M.2 2280 PCIe® 4.0 x4, hỗ trợ hai ổ SSD dung lượng 1TB mỗi ổ để mở rộng linh hoạt.
Thiết kế hiện đại với trọng lượng nhẹ
Bàn phím sản phẩm được trang bị đèn nền RGB cho từng phím với bố cục tiếng Anh, mang lại trải nghiệm gõ ấn tượng và nổi bật. Bàn di chuột laptop với bề mặt kính đa điểm kích thước 75 x 120 mm hỗ trợ Precision TouchPad, cho thao tác mượt mà và chính xác.
Lenovo Legion 7 16IAX10 83KY001VVN có kích thước 361.7 x 263.4 x 15.9-17.9 mm, mang lại thiết kế gọn gàng. Trọng lượng thiết bị dưới 2.0 kg, người dùng có thể dễ dàng di chuyển và sử dụng linh hoạt. Vỏ máy Glacier White làm từ nhôm được xử lý bằng công nghệ anodize, tạo nên vẻ ngoài sang trọng và bền bỉ.
Màn hình rõ ràng và sắc nét
Laptop trang bị màn hình OLED 16 inch sở hữu độ phân giải WQXGA (2560x1600), cho hình ảnh sắc nét cùng độ sáng điển hình 500 nits. Lenovo Legion với khả năng hiển thị mang lại trải nghiệm hình ảnh rõ ràng và sống động trong mọi điều kiện ánh sáng.
Laptop có công nghệ 100% DCI-P3 kết hợp DisplayHDR™ True Black 1000 mang lại màu sắc sống động và trung thực. Dolby Vision® trên sản phẩm cho phép hình ảnh hiển thị chi tiết, chính xác trên từng khung hình. Người dùng sẽ cảm nhận được hình ảnh sống động, màu sắc rực rỡ và độ tương phản sâu hơn bao giờ hết.
Tần số quét Lenovo Legion 7 16IAX10 83KY001VVN lên đến 240Hz đi kèm G-SYNC® giúp trải nghiệm chơi game mượt mà và hạn chế hiện tượng xé hình. Màn hình sản phẩm còn tích hợp tính năng giảm ánh sáng xanh và chống nhấp nháy, tạo sự thoải mái khi sử dụng lâu dài.
Trang bị dung lượng pin lớn
Máy trang bị kết nối Wi-Fi® 7 chuẩn 802.11be 2x2 cùng Bluetooth 5.4, đảm bảo tốc độ truyền dữ liệu nhanh và ổn định. Thiết bị không được trang bị WWAN và không có cổng Ethernet tích hợp, phù hợp với xu hướng kết nối không dây hiện đại.
Viên pin dung lượng 84Wh, Lenovo Legion 7 16IAX10 83KY001VVN đảm bảo thời gian sử dụng bền bỉ cho nhiều tác vụ khác nhau. Bộ đổi nguồn mỏng 245W với thiết kế ba chân cung cấp điện năng cho laptop ổn định và hỗ trợ hiệu suất tối ưu.
Mua Lenovo Legion 7 16IAX10 83KY001VVN chính hãng tại CellphoneS
Mua Lenovo Legion 7 16IAX10 83KY001VVN tại CellphoneS được đảm bảo chính hãng, chất lượng vượt trội. Nhân viên hỗ trợ chu đáo trong suốt quá trình chọn lựa, hỗ trợ người dùng an tâm hơn khi sử dụng. 
Khách hàng còn đánh giá cao sự uy tín, dịch vụ nhanh chóng và chính sách mua sắm minh bạch tại hệ thống. Bên cạnh đó, các lựa chọn thanh toán tại cửa hàng khá đa dạng giúp người dùng có trải nghiệm mua sắm thuận tiện hơn.","{""Bộ xử lý & Đồ họa"": [{""name"": ""Chip AI"", ""value"": ""Intel AI Boost, up to 13 TOPS""}, {""name"": ""Loại card đồ họa"", ""value"": ""NVIDIA GeForce RTX 5070 8GB GDDR7, Boost Clock 2347MHz, TGP 115W, 798 AI TOPS""}, {""name"": ""Loại CPU"", ""value"": ""Intel Core Ultra 9 275HX, 24 lõi (8P + 16E) / 24 luồng, Max Turbo up to 5.4GHz, 36MB""}], ""Bộ nhớ RAM, Ổ cứng"": [{""name"": ""Dung lượng RAM"", ""value"": ""32GB""}, {""name"": ""Loại RAM"", ""value"": ""DDR5-5600""}, {""name"": ""Số khe ram"", ""value"": ""2 khe (2 x 16GB, tối đa 32GB)""}, {""name"": ""Ổ cứng"", ""value"": ""1TB SSD M.2 2242 PCIe 4.0x4 NVMe (Tối đa hai ổ đĩa, 2x SSD M.2, mỗi ổ có dung lượng tối đa 1TB)""}], ""Màn hình"": [{""name"": ""Tần số quét"", ""value"": ""240 Hz""}, {""name"": ""Chất liệu tấm nền"", ""value"": ""Tấm nền Oled""}, {""name"": ""Kích thước màn hình"", ""value"": ""16 inches""}, {""name"": ""Công nghệ màn hình"", ""value"": ""Độ sáng 500nits (Điển hình) / 1100nits (Cao)\nĐộ phủ màu 100% DCI-P3\nDisplayHDR True Black 1000\nDolby Vision\nG-SYNC\nÁnh sáng xanh thấp\nHiệu suất chơi game cao\nKhông nhấp nháy""}, {""name"": ""Độ phân giải màn hình"", ""value"": ""2560 x 1600 (WQXGA)""}], ""Âm thanh"": [{""name"": ""Công nghệ âm thanh"", ""value"": ""Âm thanh độ nét cao (HD)\ncodec Realtek ALC3306\nLoa stereo, 2W x2\nÂm thanh của HARMAN\nNahimic Audio\nBộ khuếch đại thông minh (AMP)""}], ""Cổng kết nối"": [{""name"": ""Khe đọc thẻ nhớ"", ""value"": ""Có""}, {""name"": ""Wi-Fi"", ""value"": ""Wi-Fi 7, 802.11be 2x2""}, {""name"": ""Bluetooth"", ""value"": ""Bluetooth 5.4""}, {""name"": ""Cổng giao tiếp"", ""value"": ""2x USB-A (5Gbps)\n1x USB-C (10Gbps), USB PD 65-100W và DP 2.1\n1x USB-C (Thunderbolt 4 / 40Gbps), USB PD 65-100W và DP 2.1\n1x HDMI 2.1, lên đến 8K/60Hz\n1x Giắc cắm kết hợp tai nghe/micrô (3.5mm)\n1x Đầu đọc thẻ\n1x Đầu nối nguồn""}], ""Kích thước & Trọng lượng"": [{""name"": ""Chất liệu"", ""value"": ""Vỏ kim loại""}, {""name"": ""Chất liệu vỏ màn hình"", ""value"": ""Lắng đọng điện di anodize""}, {""name"": ""Chất liệu vỏ trên"", ""value"": ""Nhôm""}, {""name"": ""Chất liệu vỏ dưới"", ""value"": ""Nhôm""}, {""name"": ""Kích thước"", ""value"": ""361.7 x 263.4 x 15.9-17.9 mm (Dài x Rộng x Dày)""}, {""name"": ""Trọng lượng"", ""value"": ""2.0 kg""}], ""Tiện ích khác"": [{""name"": ""Tính năng đặc biệt"", ""value"": ""Màn hình Oled, Wi-Fi 7""}], ""Tính năng khác"": [{""name"": ""Loại đèn bàn phím"", ""value"": ""Per-key RGB Backlit, English""}, {""name"": ""Bảo mật"", ""value"": ""Firmware TPM 2.0 Enabled""}, {""name"": ""Webcam"", ""value"": ""5.0MP + IR với E-shutter""}, {""name"": ""Hệ điều hành"", ""value"": ""Windows 11 Home Single Language, English + Office Home 2024 + Lenovo AI Now""}], ""Pin & công nghệ sạc"": [{""name"": ""Pin"", ""value"": ""84Wh, 245W Slim Tip (3-pin)""}]}","[""https://cdn2.cellphones.com.vn/x/media/catalog/product/l/a/laptop_lenovo_legion_7_16iax10_83ky001vvn_-_1.png"", ""https://cdn2.cellphones.com.vn/x/media/catalog/product/l/a/laptop_lenovo_legion_7_16iax10_83ky001vvn_-_2.png"", ""https://cdn2.cellphones.com.vn/x/media/catalog/product/l/a/laptop_lenovo_legion_7_16iax10_83ky001vvn_-_3.png""]","{""product_color_1"": {""color"": ""Trắng"", ""image_url"": ""https://cellphones.com.vn/laptop-lenovo-legion-7-16iax10-83ky001vvn.html?product_id=111947"", ""price"": ""65.990.000₫""}}"
Laptop Lenovo IdeaPad 5 2-in-1 14IPH11 83UG0027VN,laptop-lenovo-ideapad-5-2-in-1-14iph11-83ug0027vn,N/A,N/A,,"{""Bộ xử lý & Đồ họa"": [{""name"": ""Chip AI"", ""value"": ""Up to 49 TOPS""}, {""name"": ""Loại card đồ họa"", ""value"": ""Intel Graphics""}, {""name"": ""Loại CPU"", ""value"": ""Intel Core Ultra 7 355, 8 lõi (4P + 4LPE) / 8 luồng, Max Turbo up to 4.7GHz, 12MB Intel Smart Cache""}], ""Bộ nhớ RAM, Ổ cứng"": [{""name"": ""Dung lượng RAM"", ""value"": ""16GB""}, {""name"": ""Loại RAM"", ""value"": ""SODIMM DDR5-5600""}, {""name"": ""Số khe ram"", ""value"": ""2 khe (2 x 8GB, nâng cấp tối đa 32GB)""}, {""name"": ""Ổ cứng"", ""value"": ""512GB SSD M.2 2242 PCIe 4.0x4 NVMe (Hỗ trợ tối đa hai ổ đĩa, 2 ổ SSD M.2, dung lượng lên đến 1TB)""}], ""Màn hình"": [{""name"": ""Tần số quét"", ""value"": ""60 Hz""}, {""name"": ""Chất liệu tấm nền"", ""value"": ""Tấm nền IPS""}, {""name"": ""Kích thước màn hình"", ""value"": ""14 inches""}, {""name"": ""Công nghệ màn hình"", ""value"": ""Độ sáng 400 nits\nĐộ phủ màu 45% NTSC\nLow Blue Light (TÜV)\nMặt kính (Glass)""}, {""name"": ""Độ phân giải màn hình"", ""value"": ""1920 x 1200 pixels (WUXGA)""}], ""Âm thanh"": [{""name"": ""Công nghệ âm thanh"", ""value"": ""Âm thanh HD, codec Realtek ALC3287\nLoa stereo 2W x2\nDolby Audio""}], ""Cổng kết nối"": [{""name"": ""Khe đọc thẻ nhớ"", ""value"": ""Có""}, {""name"": ""Wi-Fi"", ""value"": ""Wi-Fi 7, 802.11be 2x2""}, {""name"": ""Bluetooth"", ""value"": ""Bluetooth 5.4""}, {""name"": ""Cổng giao tiếp"", ""value"": ""1 x USB-A (5Gbps, Always On)\n1 x USB-A (5Gbps)\n2 x USB-C (5Gbps, PD 45–65W, DisplayPort 1.2)\n1 x HDMI 1.4b\n1 x jack tai nghe/micro 3.5mm\n1 x khe thẻ microSD""}], ""Kích thước & Trọng lượng"": [{""name"": ""Chất liệu"", ""value"": ""Vỏ nhựa - nắp lưng kim loại""}, {""name"": ""Chất liệu vỏ trên"", ""value"": ""Nhôm""}, {""name"": ""Chất liệu vỏ dưới"", ""value"": ""Nhựa""}, {""name"": ""Kích thước"", ""value"": ""311.6 x 224.9 x 17.4 mm (Dài x Rộng x Dày)""}, {""name"": ""Trọng lượng"", ""value"": ""1.54 kg""}], ""Tiện ích khác"": [{""name"": ""Tính năng đặc biệt"", ""value"": ""Màn hình cảm ứng, Xoay gập 360 độ (2 in 1), Nhận diện khuôn mặt, Wi-Fi 7""}], ""Tính năng khác"": [{""name"": ""Loại đèn bàn phím"", ""value"": ""Đèn nền""}, {""name"": ""Bảo mật"", ""value"": ""Firmware TPM 2.0 Enabled""}, {""name"": ""Webcam"", ""value"": ""FHD 1080p + IR với màn trập camera""}, {""name"": ""Hệ điều hành"", ""value"": ""Windows 11 Home Single Language, English""}], ""Pin & công nghệ sạc"": [{""name"": ""Pin"", ""value"": ""60Wh, 65W USB-C (3-pin)""}]}","[""https://cdn2.cellphones.com.vn/x/media/catalog/product/l/a/laptop_lenovo_ideapad_5_2-in-1_14iph11_83ug0027vn_-_1.png"", ""https://cdn2.cellphones.com.vn/x/media/catalog/product/l/a/laptop_lenovo_ideapad_5_2-in-1_14iph11_83ug0027vn_-_2.png"", ""https://cdn2.cellphones.com.vn/x/media/catalog/product/l/a/laptop_lenovo_ideapad_5_2-in-1_14iph11_83ug0027vn_-_3.png""]","{""product_color_1"": {""color"": ""Xám"", ""image_url"": ""https://cellphones.com.vn/laptop-lenovo-ideapad-5-2-in-1-14iph11-83ug0027vn.html?product_id=130728"", ""price"": ""37.990.000₫""}}"
Laptop Lenovo Legion 5 15IPH11 83RW0023VN,laptop-lenovo-legion-5-15iph11-83rw0023vn,N/A,N/A,,"{""Bộ xử lý & Đồ họa"": [{""name"": ""Chip AI"", ""value"": ""Up to 50 TOPS""}, {""name"": ""Loại card đồ họa"", ""value"": ""NVIDIA GeForce RTX 5060 8GB GDDR7, Boost Clock 2497MHz, TGP 115W, 572 AI TOPS""}, {""name"": ""Loại CPU"", ""value"": ""Intel Core Ultra 7 356H, 16 lõi (4P + 8E + 4LPE) / 16 luồng, Max Turbo up to 4.7GHz, 18MB Intel Smart Cache""}], ""Bộ nhớ RAM, Ổ cứng"": [{""name"": ""Dung lượng RAM"", ""value"": ""16GB""}, {""name"": ""Loại RAM"", ""value"": ""SODIMM DDR5-5600""}, {""name"": ""Số khe ram"", ""value"": ""2 khe (1 x 16GB, nâng cấp tối đa 32GB DDR5-5600)""}, {""name"": ""Ổ cứng"", ""value"": ""512GB SSD M.2 2242 PCIe 4.0x4 NVMe (Hỗ trợ tối đa hai ổ đĩa, 2 ổ SSD M.2, dung lượng lên đến 2TB)""}], ""Màn hình"": [{""name"": ""Tần số quét"", ""value"": ""165 Hz""}, {""name"": ""Chất liệu tấm nền"", ""value"": ""Tấm nền Oled""}, {""name"": ""Kích thước màn hình"", ""value"": ""15.3 inches""}, {""name"": ""Công nghệ màn hình"", ""value"": ""Độ sáng 500 nits (typical), 1000 nits (peak)\nĐộ phủ màu 100% DCI-P3\nG-SYNC\nDisplayHDR True Black 1000""}, {""name"": ""Độ phân giải màn hình"", ""value"": ""2560 x 1600 (WQXGA)""}], ""Âm thanh"": [{""name"": ""Công nghệ âm thanh"", ""value"": ""Âm thanh HD, codec Realtek ALC3287\nLoa stereo 2W x2\nÂm thanh tinh chỉnh bởi HARMAN\nTối ưu với Nahimic Audio""}], ""Cổng kết nối"": [{""name"": ""Khe đọc thẻ nhớ"", ""value"": ""Không""}, {""name"": ""Wi-Fi"", ""value"": ""Wi-Fi 7, 802.11be 2x2""}, {""name"": ""Bluetooth"", ""value"": ""Bluetooth 5.4""}, {""name"": ""Cổng giao tiếp"", ""value"": ""1 x USB-A\n1 x USB-A (Always On)\n1 x USB-A\n1 x USB-C (PD 65–100W, DisplayPort 2.1)\n1 x Thunderbolt 4 (PD 65–100W, DisplayPort 2.1)\n1 x HDMI 2.1 (tối đa 8K/60Hz)\n1 x jack tai nghe/micro 3.5mm\n1 x RJ-45\n1 x Cổng nguồn""}], ""Kích thước & Trọng lượng"": [{""name"": ""Chất liệu"", ""value"": ""Vỏ nhựa - nắp lưng kim loại""}, {""name"": ""Chất liệu vỏ trên"", ""value"": ""Nhôm""}, {""name"": ""Chất liệu vỏ dưới"", ""value"": ""Nhựa""}, {""name"": ""Kích thước"", ""value"": ""344 x 244.5 x 18.95-19.95 mm (Dài x Rộng x Dày)""}, {""name"": ""Trọng lượng"", ""value"": ""1.87 kg""}], ""Tiện ích khác"": [{""name"": ""Tính năng đặc biệt"", ""value"": ""Nhận diện khuôn mặt, Màn hình Oled, Wi-Fi 7""}], ""Tính năng khác"": [{""name"": ""Loại đèn bàn phím"", ""value"": ""24-Zone RGB""}, {""name"": ""Bảo mật"", ""value"": ""Firmware TPM 2.0 Enabled""}, {""name"": ""Webcam"", ""value"": ""5.0MP + IR với E-shutter""}, {""name"": ""Hệ điều hành"", ""value"": ""Windows 11 Home Single Language, English + Office Home 2024 + Lenovo AI Now""}], ""Pin & công nghệ sạc"": [{""name"": ""Pin"", ""value"": ""80Wh, 245W Slim Tip (3-pin)""}]}","[""https://cdn2.cellphones.com.vn/x/media/catalog/product/l/a/laptop_lenovo_legion_5_15iph11_83rw0023vn_-_1.png"", ""https://cdn2.cellphones.com.vn/x/media/catalog/product/l/a/laptop_lenovo_legion_5_15iph11_83rw0023vn_-_2.png"", ""https://cdn2.cellphones.com.vn/x/media/catalog/product/l/a/laptop_lenovo_legion_5_15iph11_83rw0023vn_-_3.png""]","{""product_color_1"": {""color"": ""Đen"", ""image_url"": ""https://cellphones.com.vn/laptop-lenovo-legion-5-15iph11-83rw0023vn.html?product_id=130732"", ""price"": ""60.990.000₫""}}"
Laptop Lenovo Yoga Slim 7 14AGP11 83QS001DVN,laptop-lenovo-yoga-slim-7-14agp11-83qs001dvn-ryzen-ai-7,N/A,N/A,,"{""Bộ xử lý & Đồ họa"": [{""name"": ""Chip AI"", ""value"": ""AMD Ryzen AI, up to 50 TOPS""}, {""name"": ""Loại card đồ họa"", ""value"": ""AMD Radeon 840M Graphics""}, {""name"": ""Loại CPU"", ""value"": ""AMD Ryzen AI 7 445 (6C / 12T, 2 / 4.6GHz, 6MB L2 / 8MB L3)""}], ""Bộ nhớ RAM, Ổ cứng"": [{""name"": ""Dung lượng RAM"", ""value"": ""16GB""}, {""name"": ""Loại RAM"", ""value"": ""Soldered LPDDR5X-8000""}, {""name"": ""Số khe ram"", ""value"": ""Không nâng cấp""}, {""name"": ""Ổ cứng"", ""value"": ""512GB SSD M.2 2242 PCIe 4.0x4 NVMe (Một ổ đĩa, SSD M.2 2242 dung lượng lên đến 2TB)""}], ""Màn hình"": [{""name"": ""Tần số quét"", ""value"": ""60 Hz""}, {""name"": ""Chất liệu tấm nền"", ""value"": ""Tấm nền Oled""}, {""name"": ""Kích thước màn hình"", ""value"": ""14 inches""}, {""name"": ""Công nghệ màn hình"", ""value"": ""Độ sáng 400 nits (typical), 600 nits (peak)\nĐộ phủ màu 100% DCI-P3, 100% sRGB\nEyesafe\nDolby Vision\nFlicker Free\nDisplayHDR True Black 500\nHiệu chuẩn màu X-Rite""}, {""name"": ""Độ phân giải màn hình"", ""value"": ""1920 x 1200 pixels (WUXGA)""}], ""Âm thanh"": [{""name"": ""Công nghệ âm thanh"", ""value"": ""Âm thanh HD, codec Realtek ALC3306\nHệ thống 4 loa stereo (2W x2 woofer, 2W x2 tweeter)\nDolby Atmos\nAmplifier (AMP)""}], ""Cổng kết nối"": [{""name"": ""Khe đọc thẻ nhớ"", ""value"": ""Không""}, {""name"": ""Wi-Fi"", ""value"": ""Wi-Fi 7, 802.11be 2x2""}, {""name"": ""Bluetooth"", ""value"": ""Bluetooth 5.4""}, {""name"": ""Cổng giao tiếp"", ""value"": ""1 x USB-C (USB 3.2 Gen 2, 10Gbps, PD 45–65W, DisplayPort 1.4)\n2 x USB-C (USB4, 40Gbps, PD 45–65W, DisplayPort 2.1)""}], ""Kích thước & Trọng lượng"": [{""name"": ""Chất liệu"", ""value"": ""Vỏ kim loại""}, {""name"": ""Chất liệu vỏ màn hình"", ""value"": ""Nhôm""}, {""name"": ""Chất liệu vỏ trên"", ""value"": ""Nhôm""}, {""name"": ""Chất liệu vỏ dưới"", ""value"": ""Nhôm""}, {""name"": ""Kích thước"", ""value"": ""312 x 221 x 13.9 mm (Dài x Rộng x Dày)""}, {""name"": ""Trọng lượng"", ""value"": ""1.15 kg""}], ""Tiện ích khác"": [{""name"": ""Tính năng đặc biệt"", ""value"": ""Nhận diện khuôn mặt, Màn hình Oled, Wi-Fi 7""}], ""Tính năng khác"": [{""name"": ""Loại đèn bàn phím"", ""value"": ""Đèn nền""}, {""name"": ""Bảo mật"", ""value"": ""Firmware TPM 2.0 Enabled""}, {""name"": ""Webcam"", ""value"": ""5.0MP + IR với E-shutter""}, {""name"": ""Hệ điều hành"", ""value"": ""Windows 11 Home Single Language, English + Microsoft 365 Basic + Office Home 2024""}], ""Pin & công nghệ sạc"": [{""name"": ""Pin"", ""value"": ""70Wh, 65W USB-C Slim (2-pin, Wall-mount)""}]}","[""https://cdn2.cellphones.com.vn/x/media/catalog/product/l/a/laptop_lenovo_yoga_slim_7_14agp11_83qs001dvn_-_1.png"", ""https://cdn2.cellphones.com.vn/x/media/catalog/product/l/a/laptop_lenovo_yoga_slim_7_14agp11_83qs001dvn_-_2.png"", ""https://cdn2.cellphones.com.vn/x/media/catalog/product/l/a/laptop_lenovo_yoga_slim_7_14agp11_83qs001dvn_-_3.png""]","{""product_color_1"": {""color"": ""Xanh"", ""image_url"": ""https://cellphones.com.vn/laptop-lenovo-yoga-slim-7-14agp11-83qs001dvn-ryzen-ai-7.html?product_id=130724"", ""price"": ""37.990.000₫""}}"
Laptop Lenovo IdeaPad Slim 5 14AGP11 83S1003GVN,laptop-lenovo-ideapad-slim-5-14agp11-83s1003gvn-ryzen-ai-7,N/A,N/A,,"{""Bộ xử lý & Đồ họa"": [{""name"": ""Chip AI"", ""value"": ""AMD Ryzen AI, up to 50 TOPS""}, {""name"": ""Loại card đồ họa"", ""value"": ""AMD Radeon 840M Graphics""}, {""name"": ""Loại CPU"", ""value"": ""AMD Ryzen AI 7 445 (6 lõi / 12 luồng, 2.0 / 4.6GHz, 6MB L2 / 8MB L3)""}], ""Bộ nhớ RAM, Ổ cứng"": [{""name"": ""Dung lượng RAM"", ""value"": ""32GB""}, {""name"": ""Loại RAM"", ""value"": ""SODIMM DDR5-5600""}, {""name"": ""Số khe ram"", ""value"": ""2 khe (2 x 16GB, tối đa 32GB DDR5-5600)""}, {""name"": ""Ổ cứng"", ""value"": ""1TB SSD M.2 2242 PCIe 4.0x4 NVMe (tối đa 1TB)""}], ""Màn hình"": [{""name"": ""Tần số quét"", ""value"": ""60 Hz""}, {""name"": ""Chất liệu tấm nền"", ""value"": ""Tấm nền Oled""}, {""name"": ""Kích thước màn hình"", ""value"": ""14 inches""}, {""name"": ""Công nghệ màn hình"", ""value"": ""Độ sáng 600 nits (Glossy)\nĐộ phủ màu 100% DCI-P3\nDisplayHDR True Black 500""}, {""name"": ""Độ phân giải màn hình"", ""value"": ""1920 x 1200 pixels (WUXGA)""}], ""Âm thanh"": [{""name"": ""Công nghệ âm thanh"", ""value"": ""Âm thanh HD\nLoa stereo 2W x2\nTối ưu với Dolby Audio""}], ""Cổng kết nối"": [{""name"": ""Khe đọc thẻ nhớ"", ""value"": ""Có""}, {""name"": ""Wi-Fi"", ""value"": ""Wi-Fi 7, 802.11be 2x2""}, {""name"": ""Bluetooth"", ""value"": ""Bluetooth 5.4""}, {""name"": ""Cổng giao tiếp"", ""value"": ""2 x USB-C (USB 10Gbps, PD 65–100W, DisplayPort 1.4)\n1 x USB-A (USB 5Gbps, Always On)\n1 x USB-A (USB 5Gbps)\n1 x HDMI 2.1 (tối đa 4K/60Hz)\n1 x Jack tai nghe/mic 3.5 mm\n1 x khe thẻ microSD""}], ""Kích thước & Trọng lượng"": [{""name"": ""Chất liệu"", ""value"": ""Vỏ kim loại""}, {""name"": ""Chất liệu vỏ trên"", ""value"": ""Nhôm""}, {""name"": ""Chất liệu vỏ dưới"", ""value"": ""Nhôm""}, {""name"": ""Kích thước"", ""value"": ""313.4 x 222 x 16.9 mm (Dài x Rộng x Dày)""}, {""name"": ""Trọng lượng"", ""value"": ""1.37 kg""}], ""Tiện ích khác"": [{""name"": ""Tính năng đặc biệt"", ""value"": ""Nhận diện khuôn mặt, Màn hình Oled, Wi-Fi 7""}], ""Tính năng khác"": [{""name"": ""Loại đèn bàn phím"", ""value"": ""Đèn nền""}, {""name"": ""Bảo mật"", ""value"": ""Firmware TPM 2.0 Enabled""}, {""name"": ""Webcam"", ""value"": ""Camera FHD 1080p + hồng ngoại với màn che riêng tư, cảm biến ToF.""}, {""name"": ""Hệ điều hành"", ""value"": ""Windows 11 Home Single Language, English""}], ""Pin & công nghệ sạc"": [{""name"": ""Pin"", ""value"": ""60Wh, 65W USB-C Slim (2-pin, Wall-mount)""}]}","[""https://cdn2.cellphones.com.vn/x/media/catalog/product/l/a/laptop_lenovo_ideapad_slim_5_14agp11_83s1003gvn_-_1.png"", ""https://cdn2.cellphones.com.vn/x/media/catalog/product/l/a/laptop_lenovo_ideapad_slim_5_14agp11_83s1003gvn_-_2.png"", ""https://cdn2.cellphones.com.vn/x/media/catalog/product/l/a/laptop_lenovo_ideapad_slim_5_14agp11_83s1003gvn_-_3.png""]","{""product_color_1"": {""color"": ""Xám"", ""image_url"": ""https://cellphones.com.vn/laptop-lenovo-ideapad-slim-5-14agp11-83s1003gvn-ryzen-ai-7.html?product_id=130387"", ""price"": ""33.490.000₫""}}"
Laptop Lenovo Legion 7 16IAX10 83KY001UVN,laptop-lenovo-legion-7-16iax10-83ky001uvn,80.990.000đ,79.990.000đ,"Đặc điểm nổi bật
Lenovo Legion 7 16IAX10 83KY001UVN nổi bật với hiệu năng vượt trội từ bộ vi xử lý Intel Core Ultra 9 275HX và card đồ họa NVIDIA GeForce RTX 5060. Màn hình OLED 16 inch 240Hz hiển thị hình ảnh sắc nét, mang lại trải nghiệm thị giác ấn tượng. Mẫu laptop Lenovo Legion này sở hữu bộ nhớ RAM 32GB DDR5 kết hợp SSD 1TB PCIe 4.0x4 giúp xử lý mượt mà và lưu trữ thoải mái.
Nội dung chính
1. Lenovo Legion 7 16IAX10 83KY001UVN – Hiệu năng đỉnh cao
1.1. AI thông minh – Tối ưu hiệu suất
1.2. Intel Core Ultra 9 275HX 24 lõi - Tối ưu sức mạnh
1.3. Ổn định nhờ 32GB DDR5-5600 và 1TB SSD PCIe 4.0
1.4. Thiết kế đẳng cấp và bàn phím RGB tinh tế
1.5. Màn hình OLED 16 inch 240Hz sắc nét
1.6. Pin 84Wh và hệ thống kết nối cao cấp
2. Mua Lenovo Legion 7 16IAX10 83KY001UVN với giá tốt tại CellphoneS
Lenovo Legion 7 16IAX10 83KY001UVN – Hiệu năng đỉnh cao
Lenovo Legion 7 16IAX10 83KY001UVN mở ra trải nghiệm công nghệ đỉnh cao cho người dùng yêu thích game và sáng tạo nội dung. Thiết kế tinh tế kết hợp hiệu năng mạnh mẽ giúp máy nổi bật trong mọi tác vụ, từ chơi game đến sáng tạo nội dung.
AI thông minh – Tối ưu hiệu suất
Laptop Lenovo Legion 7 16IAX10 83KY001UVN sở hữu Integrated Intel AI Boost với khả năng xử lý AI lên đến 13 TOPS, mang đến hiệu suất thông minh và linh hoạt cho mọi tác vụ. Công nghệ AI tiên tiến giúp tối ưu hóa trải nghiệm chơi game và sáng tạo nội dung, mang lại vận hành mượt mà và hiệu quả hơn.
Sản phẩm còn được trang bị Lenovo AI Core, hỗ trợ Lenovo AI Engine+( một thuật toán học máy ) cùng phần mềm Legion Space để giám sát và điều chỉnh hiệu suất hệ thống. Hệ thống AI tự động tinh chỉnh GPU, tần số quét và chất lượng hình ảnh, mang lại trải nghiệm chơi game mượt mà và tối ưu hóa quy trình sáng tạo nội dung.
Intel Core Ultra 9 275HX 24 lõi - Tối ưu sức mạnh
Lenovo Legion 7 16IAX10 83KY001UVN trang bị Intel Core Ultra 9 275HX 24 lõi, 24 luồng, tốc độ tối đa 5.4GHz và bộ nhớ đệm 36MB, xử lý mượt mà mọi tác vụ nặng. Kết hợp với NVIDIA GeForce RTX 5060 8GB GDDR7, máy mang đến hiệu năng mạnh mẽ, xử lý mượt mà cả chơi game lẫn các tác vụ sáng tạo nội dung.
Sức mạnh kết hợp giữa CPU và GPU này cho phép xử lý các tác vụ AI lên đến 572 AI TOPS, tối ưu hóa các ứng dụng học máy và đồ họa chuyên sâu. Lenovo Legion 7 16IAX10 mang đến trải nghiệm mượt mà, phản hồi nhanh và hình ảnh chân thực, nâng tầm khả năng chơi game và làm việc sáng tạo.
Ổn định nhờ 32GB DDR5-5600 và 1TB SSD PCIe 4.0
Laptop Lenovo Legion 7 16IAX10 83KY001UVN trang bị 2x16GB SO-DIMM DDR5-5600, mang đến khả năng đa nhiệm mượt mà và xử lý tác vụ nặng nhanh chóng. Bộ nhớ tốc độ cao kết hợp 1TB SSD M.2 2242 PCIe 4.0x4 NVMe giúp khởi động hệ thống, mở ứng dụng và truy xuất dữ liệu gần như ngay lập tức, mang lại trải nghiệm liền mạch.
Máy còn hỗ trợ hai khe M.2 2280 PCIe 4.0 x4, cho phép mở rộng lưu trữ linh hoạt theo nhu cầu sử dụng và các dự án dung lượng lớn. Sự kết hợp giữa RAM tốc độ cao và SSD hiệu năng mạnh mang lại trải nghiệm làm việc, chơi game và sáng tạo nội dung mượt mà, ổn định và phản hồi nhanh.
Thiết kế đẳng cấp và bàn phím RGB tinh tế
Lenovo Legion 7 16IAX10 83KY001UVN gây ấn tượng với lớp vỏ Glacier White kết hợp nhôm cao cấp ở mặt trên và mặt dưới, tạo cảm giác chắc chắn, sang trọng và tinh tế. Thiết kế mỏng nhẹ, trọng lượng less than 2.0 kg, cùng các đường nét tinh xảo mang đến phong cách hiện đại, nổi bật giữa các mẫu laptop gaming.
Bàn phím Per-key RGB Backlit cùng touchpad kính đa điểm không nút, hỗ trợ Precision TouchPad (PTP) kích thước 75 x 120 mm, giúp thao tác chính xác và tiện lợi hơn. Sự kết hợp giữa màu sắc sang trọng, vật liệu cao cấp và các chi tiết hiện đại mang lại trải nghiệm sử dụng mượt mà và thoải mái.
Lenovo Legion 7 16IAX10 83KY001UVN không chỉ nổi bật về hiệu năng mà còn ghi điểm với thiết kế gọn nhẹ less than 2.0 kg, thuận tiện mang theo và di chuyển. Các chi tiết tinh tế, cùng hệ thống bàn phím và touchpad cao cấp, giúp máy vừa đẹp mắt vừa đáp ứng tốt nhu cầu chơi game và sáng tạo nội dung.
Màn hình OLED 16 inch 240Hz sắc nét
Laptop Lenovo Legion 7 16IAX10 83KY001UVN sở hữu màn hình 16 inch WQXGA OLED, và độ phủ màu 100% DCI-P3, mang đến hình ảnh sống động và màu sắc chân thực. Tấm nền OLED kết hợp công nghệ DisplayHDR True Black 1000 và Dolby Vision nâng cao trải nghiệm hiển thị, mang lại hình ảnh sâu, độ tương phản cao và sống động.
Tần số quét 240Hz cùng công nghệ G-SYNC đảm bảo hình ảnh chuyển động mượt mà, giảm tình trạng xé hình và nhòe khung. hình. Máy còn được trang bị Low Blue Light và chế độ Flicker Free, bảo vệ mắt khi chơi game lâu, đồng thời mang lại hiệu suất chơi game tối ưu và hình ảnh sắc nét trong mọi tình huống.
Pin 84Wh và hệ thống kết nối cao cấp
Lenovo Legion 7 16IAX10 83KY001UVN sở hữu pin 84Wh, mang đến thời gian sử dụng lâu và ổn định, đáp ứng nhu cầu chơi game, làm việc và sáng tạo liên tục. Cấu hình pin mạnh mẽ kết hợp với quản lý năng lượng tối ưu giúp máy duy trì hiệu suất cao trong thời gian dài, đáp ứng mượt mà các tác vụ nặng và chơi game liên tục.
Máy sở hữu hệ thống cổng kết nối đa dạng gồm hai USB-A 5Gbps, một USB-C 10Gbps hỗ trợ USB PD và DisplayPort 2.1, cùng Thunderbolt 4/USB4 40Gbps tích hợp DisplayPort 2.1. Các cổng này cho phép kết nối linh hoạt với nhiều thiết bị ngoại vi, màn hình rời và sạc nhanh, đáp ứng nhu cầu đa dạng của người dùng.
Lenovo Legion 7 16IAX10 83KY001UVN trang bị Wi-Fi 7 802.11be 2x2 và Bluetooth 5.4, mang đến kết nối không dây tốc độ cao, ổn định và mượt mà. Sự kết hợp giữa pin dung lượng lớn và hệ thống kết nối tiên tiến giúp máy vận hành linh hoạt, đáp ứng nhanh mọi nhu cầu làm việc, chơi game và giải trí.
Mua Lenovo Legion 7 16IAX10 83KY001UVN với giá tốt tại CellphoneS
Mua Lenovo Legion 7 16IAX10 83KY001UVN tại CellphoneS mang đến cơ hội sở hữu sản phẩm cao cấp với mức giá cạnh tranh. Khách hàng được trải nghiệm dịch vụ tư vấn chuyên nghiệp, hỗ trợ lựa chọn cấu hình phù hợp và giải đáp mọi thắc mắc trước khi mua. Hệ thống thanh toán linh hoạt, bao gồm trả thẳng và trả góp 0%, mang lại trải nghiệm mua sắm tiện lợi. Đặt mua Lenovo Legion 7 16IAX10 ngay thôi nào.","{""Bộ xử lý & Đồ họa"": [{""name"": ""Chip AI"", ""value"": ""Intel AI Boost, up to 13 TOPS""}, {""name"": ""Loại card đồ họa"", ""value"": ""NVIDIA GeForce RTX 5060 8GB GDDR7, Boost Clock 2497MHz, TGP 115W, 572 AI TOPS""}, {""name"": ""Loại CPU"", ""value"": ""Intel Core Ultra 9 275HX, 24 lõi (8P + 16E) / 24 luồng, Max Turbo up to 5.4GHz, 36MB""}], ""Bộ nhớ RAM, Ổ cứng"": [{""name"": ""Dung lượng RAM"", ""value"": ""32GB""}, {""name"": ""Loại RAM"", ""value"": ""DDR5-5600""}, {""name"": ""Số khe ram"", ""value"": ""2 khe (2 x 16GB, tối đa 32GB)""}, {""name"": ""Ổ cứng"", ""value"": ""1TB SSD M.2 2242 PCIe 4.0x4 NVMe (Tối đa hai ổ đĩa, 2x SSD M.2, mỗi ổ có dung lượng tối đa 1TB)""}], ""Màn hình"": [{""name"": ""Tần số quét"", ""value"": ""240 Hz""}, {""name"": ""Chất liệu tấm nền"", ""value"": ""Tấm nền Oled""}, {""name"": ""Kích thước màn hình"", ""value"": ""16 inches""}, {""name"": ""Công nghệ màn hình"", ""value"": ""Độ sáng 500nits (Điển hình) / 1100nits (Cao)\nĐộ phủ màu 100% DCI-P3\nDisplayHDR True Black 1000\nDolby Vision\nG-SYNC\nÁnh sáng xanh thấp\nHiệu suất chơi game cao\nKhông nhấp nháy""}, {""name"": ""Độ phân giải màn hình"", ""value"": ""2560 x 1600 (WQXGA)""}], ""Âm thanh"": [{""name"": ""Công nghệ âm thanh"", ""value"": ""Âm thanh độ nét cao (HD)\ncodec Realtek ALC3306\nLoa stereo, 2W x2\nÂm thanh của HARMAN\nNahimic Audio\nBộ khuếch đại thông minh (AMP)""}], ""Cổng kết nối"": [{""name"": ""Khe đọc thẻ nhớ"", ""value"": ""Có""}, {""name"": ""Wi-Fi"", ""value"": ""Wi-Fi 7, 802.11be 2x2""}, {""name"": ""Bluetooth"", ""value"": ""Bluetooth 5.4""}, {""name"": ""Cổng giao tiếp"", ""value"": ""2x USB-A (5Gbps)\n1x USB-C (10Gbps), USB PD 65-100W và DP 2.1\n1x USB-C (Thunderbolt 4 / 40Gbps), USB PD 65-100W và DP 2.1\n1x HDMI 2.1, lên đến 8K/60Hz\n1x Giắc cắm kết hợp tai nghe/micrô (3.5mm)\n1x Đầu đọc thẻ\n1x Đầu nối nguồn""}], ""Kích thước & Trọng lượng"": [{""name"": ""Chất liệu"", ""value"": ""Vỏ kim loại""}, {""name"": ""Chất liệu vỏ màn hình"", ""value"": ""Lắng đọng điện di anodize""}, {""name"": ""Chất liệu vỏ trên"", ""value"": ""Nhôm""}, {""name"": ""Chất liệu vỏ dưới"", ""value"": ""Nhôm""}, {""name"": ""Kích thước"", ""value"": ""361.7 x 263.4 x 15.9-17.9 mm (Dài x Rộng x Dày)""}, {""name"": ""Trọng lượng"", ""value"": ""2.0 kg""}], ""Tiện ích khác"": [{""name"": ""Tính năng đặc biệt"", ""value"": ""Màn hình Oled, Wi-Fi 7""}], ""Tính năng khác"": [{""name"": ""Loại đèn bàn phím"", ""value"": ""Per-key RGB Backlit, English""}, {""name"": ""Bảo mật"", ""value"": ""Firmware TPM 2.0 Enabled""}, {""name"": ""Webcam"", ""value"": ""5.0MP + IR với E-shutter""}, {""name"": ""Hệ điều hành"", ""value"": ""Windows 11 Home Single Language, English + Office Home 2024 + Lenovo AI Now""}], ""Pin & công nghệ sạc"": [{""name"": ""Pin"", ""value"": ""84Wh, 245W Slim Tip (3-pin)""}]}","[""https://cdn2.cellphones.com.vn/x/media/catalog/product/l/a/laptop_lenovo_legion_7_16iax10_83ky001uvn_-_1_1.png"", ""https://cdn2.cellphones.com.vn/x/media/catalog/product/l/a/laptop_lenovo_legion_7_16iax10_83ky001uvn_-_2.png"", ""https://cdn2.cellphones.com.vn/x/media/catalog/product/l/a/laptop_lenovo_legion_7_16iax10_83ky001uvn_-_3.png""]","{""product_color_1"": {""color"": ""Trắng"", ""image_url"": ""https://cellphones.com.vn/laptop-lenovo-legion-7-16iax10-83ky001uvn.html?product_id=111941"", ""price"": ""79.990.000₫""}}"
Laptop Lenovo IdeaPad Slim 3 16ARP10 83K800GTVN,laptop-lenovo-ideapad-slim-3-16arp10-83k800gtvn,19.990.000đ,18.390.000đ,,"{""Bộ xử lý & Đồ họa"": [{""name"": ""Loại card đồ họa"", ""value"": ""AMD Radeon 660M Graphics""}, {""name"": ""Loại CPU"", ""value"": ""AMD Ryzen 5 7535HS (6 lõi / 12 luồng, 3.3 / 4.55GHz, 3MB L2 / 16MB L3)""}], ""Bộ nhớ RAM, Ổ cứng"": [{""name"": ""Dung lượng RAM"", ""value"": ""16GB""}, {""name"": ""Loại RAM"", ""value"": ""SODIMM DDR5-4800""}, {""name"": ""Số khe ram"", ""value"": ""1 khe, tối đa 16GB DDR5-4800 offering""}, {""name"": ""Ổ cứng"", ""value"": ""512GB SSD M.2 2242 PCIe 4.0x4 NVMe (Hỗ trợ tối đa hai ổ đĩa, 2 ổ SSD M.2, SSD M.2 2242 dung lượng lên đến 1TB)""}], ""Màn hình"": [{""name"": ""Tần số quét"", ""value"": ""60Hz""}, {""name"": ""Chất liệu tấm nền"", ""value"": ""Tấm nền IPS""}, {""name"": ""Kích thước màn hình"", ""value"": ""16 inches""}, {""name"": ""Công nghệ màn hình"", ""value"": ""Độ sáng 300nits\nMàn hình chống chói\nĐộ phủ màu 45% NTSC""}, {""name"": ""Độ phân giải màn hình"", ""value"": ""1920 x 1200 pixels (WUXGA)""}], ""Âm thanh"": [{""name"": ""Công nghệ âm thanh"", ""value"": ""Âm thanh HD\nLoa stereo 2W x2\nTối ưu với Dolby Audio""}], ""Cổng kết nối"": [{""name"": ""Khe đọc thẻ nhớ"", ""value"": ""Có""}, {""name"": ""Wi-Fi"", ""value"": ""Wi-Fi 6, 802.11ax 2x2""}, {""name"": ""Bluetooth"", ""value"": ""Bluetooth 5.3""}, {""name"": ""Cổng giao tiếp"", ""value"": ""2 x USB-A (USB 3.2 Gen 1, 5Gbps)\n1 x USB-C (USB 3.2 Gen 1, 5Gbps, PD 45–65W, DisplayPort 1.2)\n1 x HDMI 1.4\n1 x Jack tai nghe/mic 3.5 mm\n1 x Khe thẻ SD\n1 x Cổng nguồn tròn""}], ""Kích thước & Trọng lượng"": [{""name"": ""Chất liệu"", ""value"": ""Vỏ nhựa - nắp lưng kim loại""}, {""name"": ""Chất liệu vỏ trên"", ""value"": ""Nhôm""}, {""name"": ""Chất liệu vỏ dưới"", ""value"": ""Nhựa""}, {""name"": ""Kích thước"", ""value"": ""360 x 251 x 16.9-17.9 mm (Dài x Rộng x Dày)""}, {""name"": ""Trọng lượng"", ""value"": ""1.68 kg""}], ""Tiện ích khác"": [{""name"": ""Tính năng đặc biệt"", ""value"": ""Wi-Fi 6""}], ""Tính năng khác"": [{""name"": ""Loại đèn bàn phím"", ""value"": ""Không đèn nền""}, {""name"": ""Bảo mật"", ""value"": ""Firmware TPM 2.0 Enabled""}, {""name"": ""Webcam"", ""value"": ""HD 720p với màn trập camera""}, {""name"": ""Hệ điều hành"", ""value"": ""Windows 11 Home Single Language, English""}], ""Pin & công nghệ sạc"": [{""name"": ""Pin"", ""value"": ""50Wh, 65W Round Tip (3-pin)""}]}","[""https://cdn2.cellphones.com.vn/x/media/catalog/product/l/a/laptop_lenovo_ideapad_slim_3_16arp10_83k800gtvn_-_1.png"", ""https://cdn2.cellphones.com.vn/x/media/catalog/product/l/a/laptop_lenovo_ideapad_slim_3_16arp10_83k800gtvn_-_2.png"", ""https://cdn2.cellphones.com.vn/x/media/catalog/product/l/a/laptop_lenovo_ideapad_slim_3_16arp10_83k800gtvn_-_3.png""]","{""product_color_1"": {""color"": ""Xám"", ""image_url"": ""https://cellphones.com.vn/laptop-lenovo-ideapad-slim-3-16arp10-83k800gtvn.html?product_id=130383"", ""price"": ""18.390.000₫""}}"
Laptop Lenovo IdeaPad Slim 3 14IPH11 83UQ002GVN,laptop-lenovo-ideapad-slim-3-14iph11-83uq002gvn,N/A,N/A,,"{""Bộ xử lý & Đồ họa"": [{""name"": ""Chip AI"", ""value"": ""Up to 49 TOPS""}, {""name"": ""Loại card đồ họa"", ""value"": ""Intel Graphics""}, {""name"": ""Loại CPU"", ""value"": ""Intel Core Ultra 7 355, 8 lõi (4P + 4LPE) / 8 luồng, Max Turbo up to 4.7GHz, 12MB Intel Smart Cache""}], ""Bộ nhớ RAM, Ổ cứng"": [{""name"": ""Dung lượng RAM"", ""value"": ""16GB""}, {""name"": ""Loại RAM"", ""value"": ""DDR5-5600""}, {""name"": ""Số khe ram"", ""value"": ""2 khe (8GB Soldered + 8GB SODIMM DDR5-5600, nâng cấp tối đa 24GB (8GB soldered + 16GB SODIMM))""}, {""name"": ""Ổ cứng"", ""value"": ""512GB SSD M.2 2242 PCIe 4.0x4 NVMe (Hỗ trợ tối đa hai ổ đĩa, 2 ổ SSD M.2 • SSD M.2 2242 dung lượng lên đến 1TB)""}], ""Màn hình"": [{""name"": ""Chất liệu tấm nền"", ""value"": ""Tấm nền IPS""}, {""name"": ""Kích thước màn hình"", ""value"": ""14 inches""}, {""name"": ""Công nghệ màn hình"", ""value"": ""Độ sáng 400nits\nMàn hình chống chói\nĐộ phủ màu 45% NTSC""}, {""name"": ""Độ phân giải màn hình"", ""value"": ""1920 x 1200 pixels (WUXGA)""}], ""Âm thanh"": [{""name"": ""Công nghệ âm thanh"", ""value"": ""Âm thanh HD\nLoa stereo 2W x2\nTối ưu với Dolby Audio""}], ""Cổng kết nối"": [{""name"": ""Khe đọc thẻ nhớ"", ""value"": ""Có""}, {""name"": ""Wi-Fi"", ""value"": ""Wi-Fi 6, 802.11ax 2x2""}, {""name"": ""Bluetooth"", ""value"": ""Bluetooth 5.3""}, {""name"": ""Cổng giao tiếp"", ""value"": ""2 x USB-A (5Gbps)\n1 x USB-C (5Gbps, PD 45–65W, DisplayPort 1.2)\n1 x HDMI 1.4\n1 x jack tai nghe/micro 3.5mm\n1 x khe thẻ SD\n1 x cổng nguồn tròn""}], ""Kích thước & Trọng lượng"": [{""name"": ""Chất liệu"", ""value"": ""Vỏ nhựa - nắp lưng kim loại""}, {""name"": ""Chất liệu vỏ trên"", ""value"": ""Nhôm""}, {""name"": ""Chất liệu vỏ dưới"", ""value"": ""Nhựa""}, {""name"": ""Kích thước"", ""value"": ""314.4 x 222.1 x 16.9-17.9 mm (Dài x Rộng x Dày)""}, {""name"": ""Trọng lượng"", ""value"": ""1.43 kg""}], ""Tiện ích khác"": [{""name"": ""Tính năng đặc biệt"", ""value"": ""Wi-Fi 6, Nhận diện khuôn mặt""}], ""Tính năng khác"": [{""name"": ""Loại đèn bàn phím"", ""value"": ""Không có đèn nền""}, {""name"": ""Bảo mật"", ""value"": ""Firmware TPM 2.0 Enabled""}, {""name"": ""Webcam"", ""value"": ""FHD 1080p + IR với màn trập camera""}, {""name"": ""Hệ điều hành"", ""value"": ""Windows 11 Home Single Language, English""}], ""Pin & công nghệ sạc"": [{""name"": ""Pin"", ""value"": ""60Wh, 65W Round Tip (3-pin)""}]}","[""https://cdn2.cellphones.com.vn/x/media/catalog/product/l/a/laptop_lenovo_ideapad_slim_3_14iph11_83uq002gvn_-_1.png"", ""https://cdn2.cellphones.com.vn/x/media/catalog/product/l/a/laptop_lenovo_ideapad_slim_3_14iph11_83uq002gvn_-_2.png"", ""https://cdn2.cellphones.com.vn/x/media/catalog/product/l/a/laptop_lenovo_ideapad_slim_3_14iph11_83uq002gvn_-_3.png""]","{""product_color_1"": {""color"": ""Xám"", ""image_url"": ""https://cellphones.com.vn/laptop-lenovo-ideapad-slim-3-14iph11-83uq002gvn.html?product_id=130722"", ""price"": ""30.990.000₫""}}"
Laptop Lenovo LOQ 15IRX9 83DV012LVN,laptop-lenovo-loq-15irx9-83dv012lvn,25.490.000đ,22.990.000đ,"Đặc điểm nổi bật
Laptop Lenovo LOG 15IRX9 83DV012LVN trang bị CPU Intel Core i5-13450HX (10 nhân, 16 luồng, xung nhịp tối đa 4.6GHz), RAM 12GB DDR5-4800 và SSD 512GB. Máy sở hữu card màn hình NVIDIA GeForce RTX 3050, màn hình 15.6 inch IPS 1920 x 1080 pixels 144Hz. Máy gồm nhiều cổng kết nối như USB-C, HDMI, Wi-Fi 6, Bluetooth 5.2 và sở hữu pin 60Wh.
Nội dung chính
1. Laptop Lenovo LOG 15IRX9 83DV012LVN - Sức mạnh đỉnh cao trong thiết kế bền đẹp
1.1. Chip xử lý siêu mạnh mẽ
1.2. Bộ nhớ RAM tốc độ cao 
1.3. Thiết kế hiện đại, mạnh mẽ
1.4. Màn hình chất lượng cao 144Hz
1.5. Hỗ trợ nhiều cổng giao tiếp
2. Mua ngay laptop Lenovo LOG 15IRX9 83DV012LVN giá tốt, ưu đãi lớn tại CellphoneS
Laptop Lenovo LOG 15IRX9 83DV012LVN - Sức mạnh đỉnh cao trong thiết kế bền đẹp
Laptop Lenovo LOG 15IRX9 83DV012LVN là một lựa chọn lý tưởng dành cho game thủ và người dùng cần hiệu suất cao. Với CPU, card đồ họa mạnh mẽ và RAM tốc độ cao, mẫu laptop Lenovo AI này đảm bảo đem đến trải nghiệm mượt mà cho mọi tác vụ.  
Chip xử lý siêu mạnh mẽ
Laptop Lenovo LOG 15IRX9 83DV012LVN được trang bị CPU Intel Core i5-13450HX, sở hữu 10 nhân cùng 16 luồng xử lý với tần số turbo tối đa đến 4.6GHz trên nhân P-core. Kết hợp với bộ nhớ đệm 20MB, CPU này mang đến hiệu suất xử lý nhanh chóng, khả năng vận hành mượt mà, đáp ứng tốt cả nhu cầu chơi game lẫn công việc sáng tạo. 
Về đồ họa, laptop sử dụng card NVIDIA GeForce RTX 3050 6GB GDDR6 với xung nhịp tối đa 1732MHz, công suất TGP 95W và hỗ trợ tốt các ứng dụng AI nhờ 142 AI TOPS. Với kiến trúc Ampere cùng Ray Tracing và DLSS, khách hàng sẽ được trải nghiệm hình ảnh sắc nét, hiệu ứng chân thực và tốc độ khung hình cao trong các tựa game yêu thích. 
Bộ nhớ RAM tốc độ cao 
Sức mạnh ấn tượng của laptop Lenovo LOG 15IRX9 83DV012LVN còn đến từ 12GB RAM DDR5-4800, mang tốc độ xử lý nhanh hơn đáng kể so với thế hệ RAM DDR4 trước đây. Máy còn hỗ trợ 2 khe RAM SO-DIMM với khả năng nâng cấp tối đa đến 32GB, cho phép khách hàng mở rộng bộ nhớ linh hoạt để đáp ứng nhu cầu sử dụng lâu dài.
Về lưu trữ, thiết bị đi kèm ổ SSD 512GB M.2 PCIe 4.0 x4 NVMe, đảm bảo tốc độ đọc/ghi dữ liệu nhanh, đồng thời cải thiện đáng kể thời gian khởi động hệ thống và chạy phần mềm. Bên cạnh đó, máy còn hỗ trợ tối đa 2 ổ SSD M.2 với dung lượng lên đến 1TB mỗi ổ, mang lại khả năng nâng cấp bộ nhớ linh hoạt cho những khách hàng có nhu cầu lưu trữ lớn.
Thiết kế hiện đại, mạnh mẽ
Bên cạnh hiệu năng, laptop Lenovo LOG 15IRX9 83DV012LVN còn thu hút người dùng bởi ngoại hình mạnh mẽ với màu sắc Luna Grey sang trọng, toát lên vẻ đẹp sang trọng. Máy được chế tác từ chất liệu PC-ABS, giúp gia tăng độ bền và khả năng chịu lực tốt hơn trong quá trình sử dụng, vượt qua thử nghiệm quân sự MIL-STD-810H.
Với kích thước 359.86 x 258.7 x 21.9-23.9 mm và khối lượng khoảng 2.38kg, Lenovo LOG 15IRX9 83DV012LVN mang đến sự cân bằng giữa hiệu suất mạnh mẽ và tính di động. Độ dày vừa phải giúp máy không quá cồng kềnh nhưng vẫn đảm bảo hệ thống tản nhiệt hiệu quả, tối ưu cho hiệu suất gaming và làm việc trong thời gian dài.
Màn hình chất lượng cao 144Hz
Laptop Lenovo LOG 15IRX9 83DV012LVN mở ra không gian hiển thị sắc nét với màn hình 15.6inch FHD (1920 x 1080 pixels), tấm nền IPS góc nhìn rộng và độ phủ màu 100% sRGB. Tần số quét 144Hz trên máy khi kết hợp với công nghệ G-SYNC giúp giảm hiện tượng xé hình, mang lại sự mượt mà trong từng chuyển động, rất hữu ích khi chơi những game tốc độ cao.
Về thời lượng pin, laptop Lenovo LOG 15IRX9 83DV012LVN sử dụng viên pin 60Wh, đủ để đáp ứng nhu cầu làm việc hay giải trí trong nhiều giờ liên tục mà không cần cắm sạc. Đi kèm với bộ sạc 170W Slim Tip, laptop có tốc độ sạc khá ấn tượng, giúp khách hàng không phải chờ đợi quá lâu để tiếp tục công việc hoặc chơi game.
Hỗ trợ nhiều cổng giao tiếp
Laptop Lenovo LOG 15IRX9 83DV012LVN còn được đánh giá cao với sự tích hợp nhiều cổng kết nối, như 3 x USB-A 3.2 Gen 1, 1 xUSB-C 3.2 Gen 2 hỗ trợ PD 140W. Nổi bật phải kể tới trong số này là cổng HDMI 2.1 hỗ trợ đầu ra hình ảnh lên tới 8K/60Hz. Kèm theo đó là 1 Ethernet RJ-45, 1 giắc cắm tai nghe/mic 3.5mm và cổng nguồn, phục vụ tốt nhu cầu kết nối đa dạng.
Về kết nối không dây, Lenovo LOG 15IRX9 83DV012LVN hỗ trợ Wi-Fi 6 (802.11ax) và chuẩn Bluetooth 5.2, giúp đảm bảo tốc độ truyền tải dữ liệu nhanh và tính ổn định cao. Điều này rất quan trọng đối với game thủ khi chơi game trực tuyến hoặc những người thường xuyên làm việc với các thiết bị không dây như tai nghe Bluetooth hay bàn phím.
Mua ngay laptop Lenovo LOG 15IRX9 83DV012LVN giá tốt, ưu đãi lớn tại CellphoneS
Laptop Lenovo LOG 15IRX9 83DV012LVN là chiếc laptop gaming đáng tiền đầu tư, sẽ không để người dùng phải thất vọng. Nếu quan tâm tới việc sở hữu chiếc máy này, hãy đến mua sắm tại CellphoneS để nhận được hàng chính hãng với bảo hành uy tín.
Tại CellphoneS, khách hàng có thể tìm thấy Lenovo LOQ 15IRX9 83DV012LVN với mức giá ưu đãi cùng nhiều chương trình khuyến mãi hấp dẫn. Ngoài ra, cửa hàng còn hỗ trợ trả góp 0% lãi suất, giao hàng tận nơi và sẵn sàng tư vấn, hỗ trợ kỹ thuật tận tâm.","{""Bộ xử lý & Đồ họa"": [{""name"": ""Loại card đồ họa"", ""value"": ""NVIDIA GeForce RTX 3050 6GB GDDR6, Boost Clock 1732MHz, TGP 95W, 142 AI TOPS""}, {""name"": ""Loại CPU"", ""value"": ""Intel Core i5-13450HX, 10 lõi (6P + 4E) / 16 luồng, P-core 2.4 / 4.6GHz, E-core 1.8 / 3.4GHz, 20MB""}], ""Bộ nhớ RAM, Ổ cứng"": [{""name"": ""Dung lượng RAM"", ""value"": ""12GB""}, {""name"": ""Loại RAM"", ""value"": ""DDR5-4800""}, {""name"": ""Số khe ram"", ""value"": ""2 khe (1x 12GB, nâng cấp tối đa 32GB DDR5-4800)""}, {""name"": ""Ổ cứng"", ""value"": ""512GB SSD M.2 2242 PCIe 4.0x4 NVMe (Tối đa hai ổ đĩa, 2x M.2 SSD, M.2 2242 SSD tối đa 1TB mỗi ổ)""}], ""Màn hình"": [{""name"": ""Tần số quét"", ""value"": ""144Hz""}, {""name"": ""Chất liệu tấm nền"", ""value"": ""Tấm nền IPS""}, {""name"": ""Kích thước màn hình"", ""value"": ""15.6 inches""}, {""name"": ""Công nghệ màn hình"", ""value"": ""Độ sáng 300nits\nMàn hình chống chói\nĐộ phủ màu 100% sRGB\nG-SYNC""}, {""name"": ""Độ phân giải màn hình"", ""value"": ""1920 x 1080 pixels (FullHD)""}], ""Âm thanh"": [{""name"": ""Công nghệ âm thanh"", ""value"": ""Âm thanh độ nét cao (HD)\nBộ giải mã Realtek ALC3287\nLoa stereo, 2W x2\nNahimic Audio""}], ""Kích thước & Trọng lượng"": [{""name"": ""Chất liệu"", ""value"": ""Vỏ nhựa""}, {""name"": ""Chất liệu vỏ trên"", ""value"": ""Nhựa""}, {""name"": ""Chất liệu vỏ dưới"", ""value"": ""Nhựa""}, {""name"": ""Kích thước"", ""value"": ""359.86 x 258.7 x 21.9-23.9 mm (Dài x Rộng x Dày)""}, {""name"": ""Trọng lượng"", ""value"": ""2.38 kg""}], ""Tiện ích khác"": [{""name"": ""Tính năng đặc biệt"", ""value"": ""Wi-Fi 6""}], ""Tính năng khác"": [{""name"": ""Loại đèn bàn phím"", ""value"": ""Đèn nền trắng""}, {""name"": ""Bảo mật"", ""value"": ""Firmware TPM 2.0 Enabled""}, {""name"": ""Webcam"", ""value"": ""HD 720p với E-shutter""}, {""name"": ""Hệ điều hành"", ""value"": ""Windows 11 Home Single Language, English""}], ""Pin & công nghệ sạc"": [{""name"": ""Pin"", ""value"": ""60Wh (Đầu mỏng 170W (3 chân))""}], ""Cổng kết nối"": [{""name"": ""Wi-Fi"", ""value"": ""Wi-Fi 6, 802.11ax 2x2""}, {""name"": ""Bluetooth"", ""value"": ""Bluetooth 5.2""}, {""name"": ""Cổng giao tiếp"", ""value"": ""3x USB-A (5Gbps / USB 3.2 Gen 1)\n1x USB-C (10Gbps / USB 3.2 Gen 2), với Lenovo PD 140W và DisplayPort 1.4\n1x HDMI 2.1, lên đến 8K/60Hz\n1x giắc cắm kết hợp tai nghe / micrô (3.5mm)\n1x Ethernet (RJ-45)\n1x đầu nối nguồn""}]}","[""https://cdn2.cellphones.com.vn/x/media/catalog/product/l/a/laptop_lenovo_loq_15irx9_83dv012lvn_-_1.png"", ""https://cdn2.cellphones.com.vn/x/media/catalog/product/l/a/laptop_lenovo_loq_15irx9_83dv012lvn_-_2_1.png"", ""https://cdn2.cellphones.com.vn/x/media/catalog/product/l/a/laptop_lenovo_loq_15irx9_83dv012lvn_-_3.png""]","{""product_color_1"": {""color"": ""Xám"", ""image_url"": ""https://cellphones.com.vn/laptop-lenovo-loq-15irx9-83dv012lvn.html?product_id=100406"", ""price"": ""22.990.000₫""}}"
Laptop Lenovo LOQ 15AHP10 83JG0047VN,laptop-lenovo-loq-15ahp10-83jg0047vn,36.490.000đ,33.590.000đ,"Đặc điểm nổi bật
Laptop Lenovo LOQ 15AHP10 83JG0047VN có kích thước 359.86 x 258.7 x 21.9-23.9 mm, trọng lượng máy khoảng 2.4kg thuận tiện di chuyển, sử dụng ngoài trời. Sản phẩm sở hữu sức mạnh được nâng cấp với con chip AI LA1. Cấu hình laptop Lenovo LOQ này mạnh mẽ từ CPU AMD R7 250, card đồ họa NVIDIA GeForce RTX 5050, 16GB RAM cùng SSD 512GB.
Nội dung chính
1. Laptop Lenovo LOQ 15AHP10 83JG0047VN - Laptop AI gaming thế hệ mới
1.1. AI thông minh mang lại những trải nghiệm đột phá
1.2. Nguồn sức mạnh vượt trội chinh phục mọi tựa game
1.3. Đa nhiệm không lo giật lag cùng kho lưu trữ tối ưu
1.4. Phong cách chuẩn gaming nhưng vẫn tinh tế, thanh lịch
1.5. Tái hiện thế giới game đầy chân thực, sống động
1.6. Nâng cấp trải nghiệm kéo dài cả ngày, kết nối phụ kiện đa dạng
2. Mua ngay laptop Lenovo LOQ 15AHP10 83JG0047VN siêu ưu đãi tại CellphoneS
Laptop Lenovo LOQ 15AHP10 83JG0047VN - Laptop AI gaming thế hệ mới
Laptop Lenovo LOQ 15AHP10 83JG0047VN với nguồn sức mạnh từ AMD Ryzen 7 250 kết hợp chip AI LA1 mang lại trải nghiệm đột phá. Sản phẩm cung cấp hiệu suất siêu việt để người dùng chinh chiến mọi tựa game đỉnh cao, làm việc đồ họa không lo giật lag.
AI thông minh mang lại những trải nghiệm đột phá
Laptop Lenovo LOQ 15AHP10 83JG0047VN được trang bị con chip AI từ Lenovo LA1 cho khả năng hiệu chỉnh hiệu suất theo thời gian thực một cách tối ưu. Điều này giúp thiết bị vận hành mượt mà, duy trì nhiệt độ ổn định cũng như quản lý pin hiệu quả để tiết kiệm năng lượng tốt.
Các trải nghiệm gaming trên laptop Lenovo cũng được nâng cấp nhờ sự hỗ trợ từ AI với AI Engine+ cùng NPU AMD Ryzen AI có sức mạnh đến 16 TOPS. Nhờ đó, thiết bị sẽ xử lý tốt hình ảnh, nâng cao chất lượng hiển thị khi chơi game đồng thời phản hồi các tác vụ nhanh chóng. 
Nguồn sức mạnh vượt trội chinh phục mọi tựa game
Laptop Lenovo LOQ 15AHP10 83JG0047VN sở hữu CPU AMD Ryzen 7 250 kết hợp GPU NVIDIA GeForce RTX 5050 giúp tăng cường hiệu năng và khả năng xử lý đồ họa. Xung nhịp của máy có thể đạt đến 5.1GHz, chạy mượt mà mọi tựa game và tiết kiệm pin đáng kể.
GPU được trang bị cho sản phẩm cũng đạt hiệu suất ấn tượng khi có tốc độ Boost Clock 2662MHz, TGP 100W cùng tính năng DLSS, Ray Tracing tái hiện hình ảnh cực mượt. Sức mạnh AI trên card đồ họa còn đạt đến 440 TOPS, cho khả năng xử lý mạnh mẽ, chạy tốt các tựa game AAA mà vẫn cực kỳ ổn định, không lo giật lag.
Đa nhiệm không lo giật lag cùng kho lưu trữ tối ưu
Laptop Lenovo LOQ 15AHP10 83JG0047VN được trang bị RAM có dung lượng đến 16GB đồng thời hỗ trợ 2 khe SO-DIMM, tối đa là 32GB. Điều này giúp người dùng dễ dàng duy trì sức mạnh lâu dài, thuận tiện khi cần nâng cấp thiết bị để đáp ứng trải nghiệm đa nhiệm mạnh mẽ hơn.
Cùng với đó, sản phẩm cũng sở hữu ổ cứng SSD có dung lượng là 512GB chuẩn M.2 PCIe Gen 4.0x4 và 2 khe M.2 nâng cấp, tối đa 1TB mỗi bên. Giờ đây, người dùng không cần lo lắng về việc hết bộ nhớ, thoải mái khi cần lưu lại lượng data khủng, cài đặt nhiều tựa game nặng trên thiết bị.
Phong cách chuẩn gaming nhưng vẫn tinh tế, thanh lịch
Laptop Lenovo LOQ 15AHP10 83JG0047VN thuộc phân khúc máy tính gaming vì vậy phong cách thiết kế cũng mang đậm chất đặc trưng. Tuy nhiên, khác với vẻ ngoài hầm hố thường thấy, sản phẩm lại có kiểu dáng tinh tế và thanh lịch hơn nhưng vẫn không kém phần cá tính với các đường cắt góc độc đáo.
Tông màu Luna Gray với hoàn thiện matte vừa mang lại sự trẻ trung, vừa không kém phần thời thượng, đồng thời hạn chế trầy xước hiệu quả. Chất liệu vỏ ngoài PC-ABS đem lại sự chắc chắn, bảo vệ linh kiện tốt hơn để tránh những rủi ro hư hỏng bởi va đập khi di chuyển.
Tái hiện thế giới game đầy chân thực, sống động
Màn hình laptop Lenovo LOQ 15AHP10 83JG0047VN có kích thước là 15.6 inches - tiêu chuẩn thường thấy trên các dòng máy tính gaming. Tấm nền IPS Anti-glare cùng độ phân giải 1920 x 1080, độ sáng 300 nits và đạt 100% sRGB, tần số quét 144Hz tái hiện hình ảnh với màu sắc ấn tượng.
Những khung hình được hiện lên đầy sống động và sắc nét, mang lại cảm giác như được hòa vào thế giới game chân thực. Công nghệ G-SYNC cũng hạn chế các hiện tượng ghosting, tearing từ đó giúp game thủ có thể “lia” nhanh các góc mà không bị giật lag, nhắm chuẩn cho thao tác chính xác.
Nâng cấp trải nghiệm kéo dài cả ngày, kết nối phụ kiện đa dạng
Laptop Lenovo LOQ 15AHP10 83JG0047VN được trang bị viên pin 60Wh cho thời gian sử dụng rất tốt, trải nghiệm nhiều tác vụ trong ngày mà không lo giới hạn về pin. Bộ sạc 170W Slim Tip (3-pin) của thiết bị cũng mỏng nhẹ nên sẽ thuận tiện mang theo để nạp lại năng lượng nhanh cho máy khi cần.
Laptop Lenovo LOQ cũng được trang bị đa dạng các cổng kết nối giúp người dùng dễ dàng sử dụng nhiều phụ kiện khi chơi game hay làm việc như chuột, bàn phím, wacom,.... Cụ thể:
3 cổng USB-A (USB 5Gbps / USB 3.2 Gen 1).
1 cổng USB Type-C kiêm cổng USB PD 65-100W và DisplayPort 1.4.
1 cổng HDMI 2.1 xuất hình ảnh đến 8K/60Hz.
1 cổng Audio 3.5mm.
1 cổng Ethernet RJ45.
1 cổng sạc.
Mua ngay laptop Lenovo LOQ 15AHP10 83JG0047VN siêu ưu đãi tại CellphoneS
Laptop Lenovo LOQ 15AHP10 83JG0047VN là một dòng máy gaming AI thế hệ mới mang lại những trải nghiệm siêu việt. Rinh ngay sản phẩm tại CellphoneS với mức giá cực tốt và nhiều khuyến mãi đặc biệt khi mua thiết bị. CellphoneS còn tạo điều kiện để quý khách sở hữu máy tính ưng ý dễ dàng với chính sách trả góp 0% hấp dẫn. Cửa hàng còn đang có nhiều deal hời dành cho S-Student, S-Teacher, nhanh tay liên hệ để không bỏ qua ưu đãi.","{""Bộ xử lý & Đồ họa"": [{""name"": ""Chip AI"", ""value"": ""Integrated AMD Ryzen AI, up to 16 TOPS""}, {""name"": ""Loại card đồ họa"", ""value"": ""NVIDIA GeForce RTX 5050 8GB GDDR7, Boost Clock 2662MHz, TGP 100W, 440 AI TOPS""}, {""name"": ""Loại CPU"", ""value"": ""AMD Ryzen 7 250 (8 lõi / 16 luồng, 3.3 / 5.1GHz, 8MB L2 / 16MB L3)""}], ""Bộ nhớ RAM, Ổ cứng"": [{""name"": ""Dung lượng RAM"", ""value"": ""16GB""}, {""name"": ""Loại RAM"", ""value"": ""SO-DIMM DDR5-5600""}, {""name"": ""Số khe ram"", ""value"": ""2 khe (1 x 16GB, tối đa 32GB)""}, {""name"": ""Ổ cứng"", ""value"": ""512GB SSD M.2 2242 PCIe 4.0x4 NVMe (Tối đa hai ổ đĩa, 2x M.2 SSD, up to 1TB mỗi ổ)""}], ""Màn hình"": [{""name"": ""Tần số quét"", ""value"": ""144 Hz""}, {""name"": ""Chất liệu tấm nền"", ""value"": ""Tấm nền IPS""}, {""name"": ""Kích thước màn hình"", ""value"": ""15.6 inches""}, {""name"": ""Công nghệ màn hình"", ""value"": ""Độ sáng 300nits\nMàn hình chống chói\nĐộ phủ màu 100% sRGB\nG-SYNC""}, {""name"": ""Độ phân giải màn hình"", ""value"": ""1920 x 1080 pixels (FullHD)""}], ""Âm thanh"": [{""name"": ""Công nghệ âm thanh"", ""value"": ""Âm thanh độ nét cao (HD)\nBộ giải mã Realtek ALC3287\nLoa stereo, 2W x2\nNahimic Audio""}], ""Kích thước & Trọng lượng"": [{""name"": ""Chất liệu"", ""value"": ""Vỏ nhựa""}, {""name"": ""Chất liệu vỏ trên"", ""value"": ""Nhựa""}, {""name"": ""Chất liệu vỏ dưới"", ""value"": ""Nhựa""}, {""name"": ""Kích thước"", ""value"": ""359.86 x 258.7 x 21.9-23.9 mm (Dài x Rộng x Dày)""}, {""name"": ""Trọng lượng"", ""value"": ""2.4 kg""}], ""Tiện ích khác"": [{""name"": ""Tính năng đặc biệt"", ""value"": ""Wi-Fi 6""}], ""Tính năng khác"": [{""name"": ""Loại đèn bàn phím"", ""value"": ""24-Zone RGB Backlit, English""}, {""name"": ""Bảo mật"", ""value"": ""Firmware TPM 2.0 Enabled""}, {""name"": ""Webcam"", ""value"": ""5.0MP với E-shutter""}, {""name"": ""Hệ điều hành"", ""value"": ""Windows 11 Home Single Language, English + Office Trial + Lenovo AI Now""}], ""Pin & công nghệ sạc"": [{""name"": ""Pin"", ""value"": ""60Wh, 170W Slim Tip (3-pin)""}], ""Cổng kết nối"": [{""name"": ""Wi-Fi"", ""value"": ""Wi-Fi 6, 802.11ax 2x2""}, {""name"": ""Bluetooth"", ""value"": ""Bluetooth 5.3""}, {""name"": ""Cổng giao tiếp"", ""value"": ""3x USB-A (5Gbps / USB 3.2 Gen 1)\n1x USB-C (10Gbps / USB 3.2 Gen 2), với USB PD 65-100W và DisplayPort 1.4\n1x HDMI 2.1, lên đến 8K/60Hz\n1x Giắc cắm kết hợp tai nghe/micrô (3.5mm)\n1x Ethernet (RJ-45)\n1x Đầu nối nguồn""}]}","[""https://cdn2.cellphones.com.vn/x/media/catalog/product/l/a/laptop_lenovo_loq_15ahp10_83jg0047vn_-_1.png"", ""https://cdn2.cellphones.com.vn/x/media/catalog/product/l/a/laptop_lenovo_loq_15ahp10_83jg0047vn_-_2.png"", ""https://cdn2.cellphones.com.vn/x/media/catalog/product/l/a/laptop_lenovo_loq_15ahp10_83jg0047vn_-_3.png""]","{""product_color_1"": {""color"": ""Xám"", ""image_url"": ""https://cellphones.com.vn/laptop-lenovo-loq-15ahp10-83jg0047vn.html?product_id=110203"", ""price"": ""33.590.000₫""}}"
Laptop Lenovo V14 G4 IRU 83A000FNVN,laptop-lenovo-v14-g4-iru-83a000fnvn,14.590.000đ,13.290.000đ,"Đặc điểm nổi bật
Laptop Lenovo V14 G4 IRU 83A000FNVN trang bị bộ vi xử lý Intel Core i5-13420H 8 nhân, giúp xử lý các tác vụ đa nhiệm mượt mà và tối ưu hiệu suất làm việc. Với RAM tối đa 16GB (8GB onboard + 8GB SO-DIMM) và ổ SSD 512GB, dòng laptop Lenovo này mang lại tốc độ truy xuất và lưu trữ nhanh chóng, phù hợp cho công việc văn phòng và giải trí đa phương tiện. Chưa dừng lại ở đó, sản phẩm laptop Lenovo V Series còn sở hữu màn hình 14 inch FHD sắc nét cùng thiết kế tinh tế màu Iron Grey, hứa hẹn sẽ làm hài lòng người dùng yêu thích tính di động và thời trang.
Nội dung chính
1. Laptop Lenovo V14 G4 IRU 83A000FNVN - Hiệu năng ổn định, chất lượng hiển thị sắc nét
1.1. Đa nhiệm mượt mà cùng khả năng truy xuất, lưu trữ dữ liệu ổn định
1.2. Thiết kế hiện đại, trọng lượng nhẹ, thu hút với tông màu Iron Grey bắt mắt
1.3. Đảm bảo hiệu năng mạnh mẽ với chipset Intel cao cấp
1.4. Thời lượng pin ổn định, hỗ trợ sạc nhanh 65W cùng cổng kết nối đa dạng
1.5. Màn hình 14 inch sắc nét, góc nhìn rộng cùng độ sáng hiển thị cao
2. Mua laptop Lenovo V14 chính hãng tại CellphoneS
Laptop Lenovo V14 G4 IRU 83A000FNVN - Hiệu năng ổn định, chất lượng hiển thị sắc nét
Laptop Lenovo V14 G4 IRU 83A000FNVN được đánh giá là dòng laptop làm việc hiệu quả và đa dụng hàng đầu hiện nay trong phân khúc giá tầm trung. Với cấu hình mạnh mẽ và thiết kế gọn nhẹ, thế hệ laptop Lenovo này không nhưng cung cấp hiệu năng ổn định mà còn đảm bảo trải nghiệm người dùng mượt mà.
Đa nhiệm mượt mà cùng khả năng truy xuất, lưu trữ dữ liệu ổn định
Điểm nhấn nổi bật được chú ý nhiều của laptop Lenovo V14 là cấu hình bộ nhớ ổn định, giúp xử lý các tác vụ đa nhiệm mượt mà, hiệu quả. RAM tối đa 16 (8GB Onboard + 8GB SO-DIMM) cùng ổ SSD 512GB NVMe PCIe 4.0, mang lại khả năng khởi động nhanh và truy xuất dữ liệu tức thời. 
Nhờ vậy mà Lenovo V14 G4 IRU 83A000FNVN giúp tăng cường đáng kể khả năng xử lý các tác vụ đòi hỏi hiệu suất cao như làm việc với nhiều phần mềm hoặc lưu trữ dữ liệu lớn. 
Ngoài ra, ổ SSD tốc độ cao trên máy Lenovo V14 còn không chỉ giúp hệ điều hành khởi động mượt mà mà còn hỗ trợ đọc và ghi dữ liệu nhanh chóng, hỗ trợ tiết kiệm thời gian và nâng cao năng suất làm việc.
Thiết kế hiện đại, trọng lượng nhẹ, thu hút với tông màu Iron Grey bắt mắt
Với thiết kế thanh lịch và hiện đại cùng vỏ máy màu Iron Grey sang trọng, Lenovo V14 G4 IRU 83A000FNVN hứa hẹn tạo nên một vẻ ngoài tinh tế nhưng cũng vô cùng bền bỉ. Chất liệu PC-ABS hoàn thiện chính của máy mang lại sự cứng cáp ấn tượng. Đồng thời, nó cũng giúp giảm thiểu trọng lượng, cho phép người sử dụng dễ dàng mang theo trong các chuyến công tác hay di chuyển hàng ngày. 
Bên cạnh đó, Lenovo V14 G4 IRU 83A000FNVN còn sở hữu các thông số tạo hình khá khiêm tốn với kích thước 324.2 x 215.2 x 19.9 mm cùng trọng lượng chỉ 1.43 kg. Điều này cho phép người sử dụng có thể mang theo laptop dễ dàng bên mình mà không hề cảm thấy vướng víu.
Đảm bảo hiệu năng mạnh mẽ với chipset Intel cao cấp
Hiệu năng của laptop Lenovo V14 G4 IRU 83A000FNVN được hỗ trợ bởi chipset Intel SoC Platform kết hợp cùng bộ vi xử lý Intel Core i5-13420H. Với 4 nhân hiệu suất cao (P-core) và 4 nhân tiết kiệm điện (E-core), chiếc laptop Lenovo này có thể dễ dàng xử lý các tác vụ đa nhiệm và các ứng dụng yêu cầu tài nguyên mạnh mà không bị giật lag. 
Đặc biệt, card đồ họa tích hợp Intel UHD Graphics của máy cũng hỗ trợ tốt cho các công việc không yêu cầu đồ họa cao, như xử lý văn bản, bảng tính hoặc lướt web. Nhờ đó mà Lenovo V14 G4 IRU 83A000FNVN thường được nhiều người tiêu dùng tin tưởng lựa chọn cho nhu cầu công việc văn phòng, học tập và giải trí nhẹ.
Thời lượng pin ổn định, hỗ trợ sạc nhanh 65W cùng cổng kết nối đa dạng
Lenovo V14 G4 IRU 83A000FNVN có dung lượng pin 38Wh đủ để đáp ứng nhu cầu làm việc và học tập suốt cả ngày dài. Bên cạnh đó, laptop Lenovo này còn hỗ trợ bộ sạc nhanh USB-C 65W, giúp người dùng tiết kiệm thời gian sạc và sử dụng liên tục. 
Đặc biệt, với hệ thống kết nối ngoại vi đa dạng bao gồm USB-C 3.2 Gen 1, HDMI 1.4b, và RJ-45 (Ethernet), các thao tác ghép nối laptop với thiết bị ngoại vi sẽ trở nên cực kỳ đơn giản. Điều này cho phép Lenovo V14 G4 IRU 83A000FNVN tăng hiệu quả công việc khi ở trong các môi trường chuyên nghiệp.
Màn hình 14 inch sắc nét, góc nhìn rộng cùng độ sáng hiển thị cao
Xét về khả năng hiển thị, màn hình 14 inch FHD của Lenovo V14 G4 IRU 83A000FNVN cũng không khiến cho người dùng phải thất vọng khi mang tới hình ảnh cực sắc nét. Độ sáng hình ảnh được thể hiện trên máy lên đến 300 nits, hỗ trợ bạn có thể làm việc dễ dàng ở mọi điều kiện ánh sáng. Chưa hết, tấm nền IPS trên máy còn hỗ trợ hiển thị với màu sắc trung thực và góc nhìn rộng, giúp bạn có thể xem nội dung mà không gặp phải hiện tượng mờ hay lệch màu ở các góc nhìn nghiêng.
Mua laptop Lenovo V14 chính hãng tại CellphoneS
Khi mua laptop Lenovo V14 G4 IRU 83A000FNVN tại CellphoneS, bạn sẽ nhận được sản phẩm chính hãng, chất lượng cao và bảo hành dài hạn. CellphoneS là một trong những nhà bán lẻ hàng đầu tại Việt Nam, với nhiều năm kinh nghiệm và cam kết cung cấp sản phẩm công nghệ chất lượng từ các thương hiệu lớn. 
Đến với cửa hàng, người tiêu dùng cũng sẽ được hưởng các ưu đãi đặc biệt như giảm giá, trả góp 0% lãi suất, và dịch vụ hậu mãi nhanh chóng, giúp bạn tiết kiệm chi phí và tận hưởng dịch vụ ưng ý. Đặc biệt, với hệ thống cửa hàng rộng khắp và dịch vụ mua sắm trực tuyến tiện lợi, CellphoneS luôn là điểm đến tin cậy cho mọi nhu cầu mua Lenovo V14 của quý khách hàng.","{""Bộ xử lý & Đồ họa"": [{""name"": ""Loại card đồ họa"", ""value"": ""Intel UHD Graphics""}, {""name"": ""Loại CPU"", ""value"": ""Intel Core i5-13420H, 8 lõi (4P + 4E) / 12 luồng, P-core 2.1 / 4.6GHz, E-core 1.5 / 3.4GHz, 12MB""}], ""Bộ nhớ RAM, Ổ cứng"": [{""name"": ""Dung lượng RAM"", ""value"": ""16GB""}, {""name"": ""Loại RAM"", ""value"": ""DDR4-3200""}, {""name"": ""Số khe ram"", ""value"": ""Tối đa 16GB (8GB Onboard + 8GB SO-DIMM)""}, {""name"": ""Ổ cứng"", ""value"": ""512GB SSD M.2 2242 PCIe 4.0x4 NVMe (Lên đến hai ổ đĩa, nâng cấp tối đa 1TB)""}], ""Màn hình"": [{""name"": ""Chất liệu tấm nền"", ""value"": ""Tấm nền IPS""}, {""name"": ""Kích thước màn hình"", ""value"": ""14 inches""}, {""name"": ""Công nghệ màn hình"", ""value"": ""Độ sáng 300nits\nMàn hình chống chói\nĐộ phủ màu 45% NTSC""}, {""name"": ""Độ phân giải màn hình"", ""value"": ""1920 x 1080 pixels (FullHD)""}], ""Âm thanh"": [{""name"": ""Công nghệ âm thanh"", ""value"": ""Âm thanh độ nét cao (HD)\nBộ giải mã Realtek ALC3287\nLoa stereo, 1.5W x2\nDolby Audio""}], ""Cổng kết nối"": [{""name"": ""Khe đọc thẻ nhớ"", ""value"": ""Không""}, {""name"": ""Wi-Fi"", ""value"": ""Wi-Fi 6, 802.11ax 2x2""}, {""name"": ""Bluetooth"", ""value"": ""Bluetooth 5.2""}, {""name"": ""Cổng giao tiếp"", ""value"": ""1x USB 2.0\n1x USB 3.2 Gen 1\n1x USB-C 3.2 Gen 1 (hỗ trợ truyền dữ liệu, Power Delivery 3.0 và DisplayPort 1.2)\n1x HDMI 1.4b\n1x giắc cắm kết hợp tai nghe/micrô (3.5 mm)\n1x Ethernet (RJ-45)\n1x đầu nối nguồn""}], ""Kích thước & Trọng lượng"": [{""name"": ""Chất liệu"", ""value"": ""Vỏ nhựa""}, {""name"": ""Chất liệu vỏ trên"", ""value"": ""Nhựa""}, {""name"": ""Chất liệu vỏ dưới"", ""value"": ""Nhựa""}, {""name"": ""Kích thước"", ""value"": ""324.2 x 215.2 x 19.9 mm (Dài x Rộng x Dày)""}, {""name"": ""Trọng lượng"", ""value"": ""1.43 kg""}], ""Tiện ích khác"": [{""name"": ""Tính năng đặc biệt"", ""value"": ""Wi-Fi 6""}], ""Tính năng khác"": [{""name"": ""Loại đèn bàn phím"", ""value"": ""Không có đèn nền, tiếng Anh""}, {""name"": ""Bảo mật"", ""value"": ""Firmware TPM 2.0 Enabled""}, {""name"": ""Webcam"", ""value"": ""HD 720p với Màn trập camera""}, {""name"": ""Hệ điều hành"", ""value"": ""Free OS""}], ""Pin & công nghệ sạc"": [{""name"": ""Pin"", ""value"": ""38Wh, 65W USB-C (3-pin)""}]}","[""https://cdn2.cellphones.com.vn/x/media/catalog/product/l/a/laptop_lenovo_v14_g4_iru_83a000fnvn_-_1.png"", ""https://cdn2.cellphones.com.vn/x/media/catalog/product/l/a/laptop_lenovo_v14_g4_iru_83a000fnvn_-_2.png"", ""https://cdn2.cellphones.com.vn/x/media/catalog/product/l/a/laptop_lenovo_v14_g4_iru_83a000fnvn_-_3.png""]","{""product_color_1"": {""color"": ""Xám"", ""image_url"": ""https://cellphones.com.vn/laptop-lenovo-v14-g4-iru-83a000fnvn.html?product_id=96436"", ""price"": ""13.290.000₫""}}"
Laptop Lenovo LOQ Essential 15IRX11 83SC003RVN,laptop-lenovo-loq-essential-15irx11-83sc003rvn,32.490.000đ,30.990.000đ,"Đặc điểm nổi bật
Laptop Lenovo LOQ Essential 15IRX11 83SC003RVN chạy trên vi mạch xử lý Intel Core i5-13450HX, hỗ trợ người dùng gaming mượt mà trong thời gian dài. Với tấm màn 15,6 inch Full HD cùng độ sáng 300 nits, máy giúp hình ảnh hiển thị rõ ràng, chi tiết. Có đa cổng kết nối, thiết bị phục vụ trọn vẹn mục đích sử dụng của người dùng.
Nội dung chính
1. Laptop Lenovo LOQ Essential 15IRX11 83SC003RVN - Máy tính Gaming AI mạnh mẽ thế hệ mới
1.1. Tối ưu hiệu năng với Intel i5 và RTX 5050
1.2. Lưu trữ rộng rãi với 16GB DDR5 và 512GB PCIe
1.3. Kiểu dáng trẻ trung với gam xám chủ đạo
1.4. Tấm màn 15,6 inch Full HD, chuẩn màu 100% sRGB
1.5. Viên pin 60Wh, sạc 135W, cổng kết nối toàn diện
2. Mua ngay laptop Lenovo LOQ Essential 15IRX11 83SC003RVN giá tốt, nguyên kiện tại CellphoneS
Laptop Lenovo LOQ Essential 15IRX11 83SC003RVN - Máy tính Gaming AI mạnh mẽ thế hệ mới
Lenovo LOQ Essential 83SC003RVN sở hữu năng lực vận hành ấn tượng với độ ổn định cao. Vì vậy, không quá khó hiểu khi nhiều người dùng chọn chiếc laptop Lenovo LOQ này để làm việc, giải trí hay chinh phục tựa game AAA.
Tối ưu hiệu năng với Intel i5 và RTX 5050
Máy được trang bị bộ vi xử lý Intel Core i5-13450HX với cấu trúc 10 lõi và 16 luồng, giúp mọi tác vụ công việc văn phòng nhẹ hay đa nhiệm nặng đều diễn ra trơn tru. Với xung nhịp P-core 2.4 - 4.6GHz và E-core 1.8 - 3.4GHz, hiệu năng laptop luôn được duy trì tốt trong mọi tình huống.
Laptop sử dụng CPU Intel Core i5-13450HX tốc độ cao
Laptop Lenovo LOQ Essential 15IRX11 83SC003RVN sở hữu NVIDIA GeForce RTX 5050 8GB GDDR7, mang đến những trận game hấp dẫn với hình ảnh sống động. Đi kèm Boost Clock 1500MHz và TGP 65W, máy có thể chạy game AAA, mở các phần mềm thiết kế nặng mà vẫn giữ độ ổn định cao.
Không chỉ mạnh về đồ họa truyền thống, RTX 5050 còn hỗ trợ tăng tốc các tác vụ AI với 440 AI TOPS. Nhờ đó, thiết bị render nhanh hơn và hình ảnh đạt chất lượng hiển thị tốt hơn.
Lưu trữ rộng rãi với 16GB DDR5 và 512GB PCIe
LOQ Essential 15IRX11 được trang bị RAM SO-DIMM DDR5-4800 dung lượng 16GB, mang lại tốc độ truyền tải cao và độ trễ thấp hơn đáng kể so với thế hệ DDR4. Chính vì vậy, người dùng có thể mở nhiều tab trình duyệt để học online, làm việc, giải trí liền mạch mà không làm gián đoạn mạch suy nghĩ do giật lag.
Máy có cấu hình gồm 16GB RAM và ổ lưu trữ 512GB
Laptop Lenovo LOQ Essential 15IRX11 83SC003RVN sử dụng ổ cứng 512GB PCIe, cho tốc độ đọc ghi vượt trội so với ổ cứng truyền thống. Máy còn hỗ trợ 2 ổ SSD M.2 với dung lượng tới 1TB cho mỗi ổ, giúp người dùng tự do cài đặt phần mềm, lưu trữ dữ liệu thoải mái và tự do mở rộng khi cần.
Kiểu dáng trẻ trung với gam xám chủ đạo
Chạy trên Windows 11, Lenovo LOQ Essential mở ra môi trường sử dụng hiện đại, nơi người dùng dễ dàng sắp xếp không gian làm việc và giải trí theo ý muốn. Nhờ giao diện trực quan cùng khả năng xử lý ổn định, máy cho phép người dùng chuyển đổi giữa nhiều tác vụ một cách trơn tru và hiệu quả hơn.
Ngoại hình tối giản trong sắc xám chuẩn xu hướng
Laptop nổi bật với sắc xám thời thượng nhưng không kém phần năng động nên hầu như phù hợp với mọi phong cách và cá tính của game thủ. Cùng với kiểu dáng gọn gàng, người dùng thoải mái mang máy đến mọi nơi và sắp đặt ở nhiều góc chơi game mà không mất quá nhiều diện tích.
Khung máy cứng, bền nhờ được hoàn thiện bằng PC-ABS 
Ngoài ra, khung máy laptop Lenovo LOQ Essential 15IRX11 83SC003RVN còn được gia cố bằng chất liệu PC-ABS bền nhẹ, hạn chế bám dấu vân tay hiệu quả. Nhờ đó, máy luôn giữ được vẻ ngoài sạch sẽ và bền đẹp dù sau một thời gian dài đồng hành cùng người dùng.
Tấm màn 15,6 inch Full HD, chuẩn màu 100% sRGB
Laptop Lenovo LOQ Essential được tích hợp màn hình 15,6 inch Full HD (1920 x 1080 pixels), giúp hình ảnh hiển thị chi tiết và sắc nét. Kết hợp với độ sáng 300 nits cùng công nghệ giảm phản quang, máy đem đến trải nghiệm quan sát thoải mái ngay cả dưới ánh sáng mạnh.
Màn hình 15,6 inch sáng 300 nits, độ phân giải Full HD
Đạt chuẩn 100% sRGB, tấm màn này còn tái tạo màu sắc sống động và trung thực, lý tưởng để người dùng dựng cảnh đồ họa, xem phim và chơi game. Đi cùng tần số quét cao 144Hz, laptop Lenovo LOQ Essential 15IRX11 83SC003RVN xử lý chuyển động nhanh mượt hơn, giảm thiểu đáng kể tình trạng mờ nhòe.
Viên pin 60Wh, sạc 135W, cổng kết nối toàn diện
Máy sở hữu viên pin 60Wh, cung cấp thời lượng vận hành dài lâu, đáp ứng tốt nhu cầu học tập, làm việc và giải trí trong nhiều giờ liền của người dùng. Sử dụng bộ sạc 135W Slim Tip (3-pin), laptop nạp lại năng lượng nhanh chóng, giúp người dùng tiết kiệm đáng kể thời gian chờ đợi, đặc biệt là khi cần phải đi lại nhiều.
Máy cho thời gian thao tác bền bỉ với viên pin 60Wh
Máy được trang bị 2 cổng USB-A và 1 USB-C hỗ trợ Power Delivery 65 - 100W cùng HDMI 2.1 cho phép người dùng xuất hình 8K/60Hz. Thiết bị còn có jack tai nghe 3.5mm, cổng LAN RJ-45 và cổng nguồn riêng, đảm bảo khả năng kết nối linh hoạt theo từng mục đích sử dụng của người dùng.
Mua ngay laptop Lenovo LOQ Essential 15IRX11 83SC003RVN giá tốt, nguyên kiện tại CellphoneS
Laptop Lenovo LOQ Essential 15IRX11 83SC003RVN đầy đủ phụ kiện đã có mặt tại CellphoneS. Khách hàng hãy đến đây mua ngay để nhận được chiếc máy chất lượng với mức giá phải chăng. Ngoài ra, khách hàng còn có thể đặt hàng trên website CellphoneS để được đội ngũ giao hàng chuyển máy laptop Lenovo LOQ đến tận nhà. Nếu là Smember, khách hàng sẽ nhận được mức giá ưu đãi hơn rất nhiều.","{""Bộ xử lý & Đồ họa"": [{""name"": ""Loại card đồ họa"", ""value"": ""NVIDIA GeForce RTX 5050 8GB GDDR7, Boost Clock 1500MHz, TGP 65W, 440 AI TOPS""}, {""name"": ""Loại CPU"", ""value"": ""Intel Core i5-13450HX, 10 lõi (6P + 4E) / 16 luồng, P-core 2.4 / 4.6GHz, E-core 1.8 / 3.4GHz, 20MB""}], ""Bộ nhớ RAM, Ổ cứng"": [{""name"": ""Dung lượng RAM"", ""value"": ""16GB""}, {""name"": ""Loại RAM"", ""value"": ""SO-DIMM DDR5-4800""}, {""name"": ""Số khe ram"", ""value"": ""2 khe (1 x 16GB, Up to 16GB DDR5-4800 offering)""}, {""name"": ""Ổ cứng"", ""value"": ""512GB SSD M.2 2242 PCIe 4.0x4 NVMe (Tối đa hai ổ đĩa, 2x SSD M.2 • SSD M.2 dung lượng tối đa 1TB mỗi ổ)""}], ""Màn hình"": [{""name"": ""Tần số quét"", ""value"": ""144 Hz""}, {""name"": ""Chất liệu tấm nền"", ""value"": ""Tấm nền IPS""}, {""name"": ""Kích thước màn hình"", ""value"": ""15.6 inches""}, {""name"": ""Công nghệ màn hình"", ""value"": ""Độ sáng 300nits\nĐộ phủ màu 100% sRGB\nMàn hình chống chói""}, {""name"": ""Độ phân giải màn hình"", ""value"": ""1920 x 1080 pixels (FullHD)""}], ""Âm thanh"": [{""name"": ""Công nghệ âm thanh"", ""value"": ""Âm thanh độ nét cao (HD)\nBộ giải mã Realtek ALC3287\nLoa stereo, 2W x2\nNahimic Audio""}], ""Kích thước & Trọng lượng"": [{""name"": ""Chất liệu vỏ trên"", ""value"": ""Nhựa""}, {""name"": ""Chất liệu vỏ dưới"", ""value"": ""Nhựa""}, {""name"": ""Kích thước"", ""value"": ""361.26 x 255.6 x 22.9-24.8 mm (Dài x Rộng x Dày)""}, {""name"": ""Trọng lượng"", ""value"": ""2.3 kg""}], ""Tiện ích khác"": [{""name"": ""Tính năng đặc biệt"", ""value"": ""Wi-Fi 6""}], ""Tính năng khác"": [{""name"": ""Loại đèn bàn phím"", ""value"": ""Đèn nền trắng""}, {""name"": ""Bảo mật"", ""value"": ""Firmware TPM 2.0 Enabled""}, {""name"": ""Webcam"", ""value"": ""HD 720p với E-shutter""}, {""name"": ""Hệ điều hành"", ""value"": ""Windows 11 Home Single Language, English""}], ""Pin & công nghệ sạc"": [{""name"": ""Pin"", ""value"": ""60Wh, 135W Slim Tip (3-pin)""}], ""Cổng kết nối"": [{""name"": ""Wi-Fi"", ""value"": ""Wi-Fi 6, 802.11ax 2x2""}, {""name"": ""Bluetooth"", ""value"": ""Bluetooth 5.2""}, {""name"": ""Cổng giao tiếp"", ""value"": ""2 × USB-A (USB 3.2 Gen 1 / 5Gbps)\n1 × USB-C (USB 3.2 Gen 1 / 5Gbps, hỗ trợ Power Delivery 65–100W)\n1 × HDMI 2.1 (hỗ trợ tối đa 8K @ 60Hz)\n1 × Jack combo tai nghe / micro 3.5mm\n1 × Cổng mạng LAN (RJ-45)\n1 × Cổng nguồn""}]}","[""https://cdn2.cellphones.com.vn/x/media/catalog/product/l/a/laptop_lenovo_loq_essential_15irx11_83sc003rvn_-_1_1.png"", ""https://cdn2.cellphones.com.vn/x/media/catalog/product/l/a/laptop_lenovo_loq_essential_15irx11_83sc003rvn_-_2.png"", ""https://cdn2.cellphones.com.vn/x/media/catalog/product/l/a/laptop_lenovo_loq_essential_15irx11_83sc003rvn_-_3.png""]","{""product_color_1"": {""color"": ""Xám"", ""image_url"": ""https://cellphones.com.vn/laptop-lenovo-loq-essential-15irx11-83sc003rvn.html?product_id=117768"", ""price"": ""30.990.000₫""}}"
Laptop Lenovo Legion 5 15IRX10 83LY00A7VN,laptop-lenovo-legion-5-15irx10-83ly00a7vn,44.990.000đ,37.990.000đ,"Đặc điểm nổi bật
Laptop Lenovo Legion 5 15IRX10 83LY00A7VN trang bị vi xử lý Intel Core i7-14700HX tiên tiến, mang đến hiệu năng mạnh mẽ cho cả chơi game lẫn tác vụ AI. Sản phẩm hỗ trợ tối đa 32GB RAM DDR5-5600, hai khe SSD đảm bảo khả năng lưu trữ và xử lý tốc độ cao. Laptop Lenovo còn tích hợp viên pin dung lượng 80Wh, hỗ trợ bộ sạc công suất 245W tiện lợi.
Nội dung chính
1. Laptop Lenovo Legion 5 15IRX10 83LY00A7VN - Hỗ trợ AI thông minh, tối ưu hiệu suất
1.1. Tăng cường trải nghiệm tác vụ nhờ công nghệ AI
1.2. Sức mạnh xử lý vượt trội từ chip Intel Core i7-14700HX
1.3. Đa nhiệm trơn tru nhờ RAM 16GB tốc độ cao
1.4. Ngôn ngữ thiết kế đậm chất game, tông đen sang trọng
1.5. Màn hình 15.1 inch, tần số quét cao 165Hz
1.6. Dung lượng pin 80Wh, cổng kết nối đầy đủ
2. Mua laptop Lenovo Legion 5 15IRX10 83LY00A7VN chính hãng tại CellphoneS
Laptop Lenovo Legion 5 15IRX10 83LY00A7VN - Hỗ trợ AI thông minh, tối ưu hiệu suất
Lenovo Legion 5 15IRX10 83LY00A7VN là lựa chọn nổi bật trong phân khúc gaming, dành cho người dùng đề cao hiệu năng và tính ổn định. Không chỉ phục vụ tốt nhu cầu giải trí, sản phẩm phù hợp với công việc sáng tạo chuyên sâu nhờ khả năng xử lý thông minh.
Tăng cường trải nghiệm tác vụ nhờ công nghệ AI
Laptop Lenovo Legion 5 15IRX10 83LY00A7VN thuộc dòng AI-Powered Gaming PC, tích hợp AI Chip: LA1 giúp tối ưu hiệu suất khi thực hiện các tác vụ liên quan đến trí tuệ nhân tạo. Với GPU NVIDIA GeForce RTX 5050 hỗ trợ khả năng tính toán AI lên đến 440 AI TOPS, máy mang lại trải nghiệm mượt mà cho các ứng dụng AI chuyên sâu như học máy hay dựng hình 3D.
Mẫu laptop Lenovo Legion này phù hợp cho các tác vụ Gaming lẫn sáng tạo nội dung có yếu tố trí tuệ nhân tạo như edit, chỉnh sửa video, livestream hay học máy. Với khả năng tối ưu hiệu suất theo thời gian thực, máy giúp tiết kiệm năng lượng và cải thiện độ ổn định khi dùng lâu dài.
Sức mạnh xử lý vượt trội từ chip Intel Core i7-14700HX
Laptop Lenovo Legion 5 15IRX10 83LY00A7VN trang bị chip Intel Core i7-14700HX, mang lại hiệu suất mạnh mẽ từ chơi game AAA đến xử lý đồ họa chuyên nghiệp. Vi xử lý đạt mức xung tối đa 5.5GHz, đảm bảo khả năng tính toán vượt trội trong đa dạng tác vụ phức tạp.
Kết hợp cùng card NVIDIA GeForce RTX 5050 8GB GDDR7, thiết bị xử lý phần đồ họa, cực mạnh mẽ và mượt mà. GPU này hoạt động với mức TGP tối đa 115W nhờ công nghệ Boost Clock, giúp khai thác tối đa sức mạnh phần cứng. Không những vậy, máy còn hỗ trợ khả năng tính toán AI đến 440 TOPS, tăng cường chất lượng khung hình mỗi khi chơi game.
Đa nhiệm trơn tru nhờ RAM 16GB tốc độ cao
Laptop Lenovo Legion 5 15IRX10 83LY00A7VN được trang bị sẵn 16GB RAM, giúp người dùng xử lý đa tác vụ trơn tru cùng khả năng phản hồi nhanh nhạy. Bên cạnh đó, thiết bị còn cho phép mở rộng RAM tối đa 32GB, đáp ứng tốt nhu cầu làm việc chuyên sâu và dài hạn.
Về dung lượng lưu trữ, chiếc laptop Lenovo Legion 5 này còn tích hợp thêm ổ SSD 512GB, mang lại tốc độ đọc ghi cao và truy xuất dữ liệu hiệu quả. Hơn nữa, người dùng còn có thể mở rộng không gian lưu trữ với hai khe SSD M.2 có sẵn, hỗ trợ thiết lập lưu trữ kép tiện lợi.
Ngôn ngữ thiết kế đậm chất game, tông đen sang trọng
Laptop Lenovo Legion 5 15IRX10 83LY00A7VN sở hữu thiết kế đậm chất gaming với kiểu dáng cứng cáp, mạnh mẽ và tinh tế. Vỏ máy được hoàn thiện với tông màu đen sang trọng, mang lại vẻ ngoài hiện đại nhưng vẫn giữ được nét hầm hố đặc trưng của dòng Legion.
Máy có độ dày khoảng 19.95 - 21.54mm và trọng lượng 1.9kg, khá gọn gàng so với hiệu năng bên trong, dễ dàng mang theo khi di chuyển. Cấu trúc bản lề tối ưu giúp người dùng điều chỉnh góc mở thuận tiện hơn. Với phong cách thiết kế đậm chất chiến binh, laptop Legion 5 15IRX10 thực sự là lựa chọn cho game thủ yêu cầu cả hiệu năng lẫn ngoại hình.
Màn hình 15.1 inch, tần số quét cao 165Hz
Laptop Lenovo Legion 5 15IRX10 83LY00A7VN có màn hình 15.1 inch, độ phân giải 2560 x 1600 pixels cùng tấm nền OLED sắc nét. Máy có độ sáng 500 nits với dải màu chuẩn 100% DCI-P3, đảm bảo màu sắc trung thực và độ nét cao trong nhiều điều kiện ánh sáng khác.
Màn hình hỗ trợ tần số quét lên tới 165Hz giúp hiển thị mượt mà, giảm hiện tượng xé hình và phản hồi cực nhanh, đặc biệt phù hợp với các tựa game tốc độ cao. Sản phẩm còn tích hợp các công nghệ hình ảnh như Dolby Vision và DisplayHDR True Black 600. Điều này càng nâng tầm trải nghiệm thị giác, mang lại chiều sâu hình ảnh chân thực, sống động.
Dung lượng pin 80Wh, cổng kết nối đầy đủ
Laptop Lenovo Legion 5 15IRX10 83LY00A7VN sở hữu viên pin dung lượng 80Wh, mang lại thời lượng sử dụng ấn tượng cho một chiếc laptop Gaming hiệu năng cao. Máy đi kèm bộ sạc công suất 245W, đảm bảo cung cấp đủ điện cho CPU và GPU khi chạy ở hiệu suất cao.
Máy trang bị hệ thống cổng hiện đại, phục vụ tối ưu cho nhu cầu làm việc đa thiết bị. Các cổng này gồm: 2 cổng USB-A, 1 cổng USB-A (Luôn bật), 1 cổng USB-C, 1 cổng USB-C với DP 1.4, 1 cổng HDMI 2.1, giắc cắm 3.5mm, 1 cổng Ethernet và 1 đầu nối nguồn. Nhờ đó, người dùng có thể kết nối các phụ kiện ngoại vi mà không cần dùng bộ chuyển đổi hỗ trợ.
Mua laptop Lenovo Legion 5 15IRX10 83LY00A7VN chính hãng tại CellphoneS
Nếu đang tìm kiếm một mẫu laptop gaming hiệu năng cao thì laptop Lenovo Legion 5 15IRX10 83LY00A7VN chính là lựa chọn đáng cân nhắc. Sản phẩm hiện đã có mặt tại hệ thống CellphoneS với cam kết hàng chính hãng, bảo hành đầy đủ và nhiều ưu đãi hấp dẫn.
Khi mua tại đây, khách hàng được hỗ trợ trả góp 0% và giao hàng nhanh toàn quốc. Đừng chần chừ sở hữu ngay mẫu laptop gaming hiệu năng cao này tại CellphoneS ngay hôm nay!","{""Bộ xử lý & Đồ họa"": [{""name"": ""Loại card đồ họa"", ""value"": ""NVIDIA GeForce RTX 5050 8GB GDDR7, Boost Clock 2662MHz, TGP 115W, 440 AI TOPS""}, {""name"": ""Loại CPU"", ""value"": ""Intel Core i7-14700HX, 20 lõi (8P + 12E) / 28 luồng, P-core 2.1 / 5.5GHz, E-core 1.5 / 3.9GHz, 33MB""}], ""Bộ nhớ RAM, Ổ cứng"": [{""name"": ""Dung lượng RAM"", ""value"": ""16GB""}, {""name"": ""Loại RAM"", ""value"": ""SO-DIMM DDR5-5600""}, {""name"": ""Số khe ram"", ""value"": ""2 khe (1x 16GB, nâng cấp tối đa 32GB)""}, {""name"": ""Ổ cứng"", ""value"": ""512GB SSD M.2 2242 PCIe 4.0x4 NVMe (Tối đa hai ổ đĩa, 2x M.2 SSD • M.2 2242 SSD tối đa 1TB mỗi ổ)""}], ""Màn hình"": [{""name"": ""Tần số quét"", ""value"": ""165 Hz""}, {""name"": ""Chất liệu tấm nền"", ""value"": ""Tấm nền Oled""}, {""name"": ""Kích thước màn hình"", ""value"": ""15.1 inches""}, {""name"": ""Công nghệ màn hình"", ""value"": ""Độ sáng 500nits\nĐộ phủ màu 100% DCI-P3\nDolby Vision\nDisplayHDR True Black 600""}, {""name"": ""Độ phân giải màn hình"", ""value"": ""2560 x 1600 (WQXGA)""}], ""Âm thanh"": [{""name"": ""Công nghệ âm thanh"", ""value"": ""Âm thanh độ nét cao (HD)\nBộ giải mã Realtek ALC3287\nLoa stereo, 2W x2\nâm thanh của HARMAN\nNahimic Audio""}], ""Kích thước & Trọng lượng"": [{""name"": ""Chất liệu"", ""value"": ""Vỏ kim loại""}, {""name"": ""Chất liệu vỏ màn hình"", ""value"": ""Dập nhôm (Anodized với phun cát)""}, {""name"": ""Chất liệu vỏ trên"", ""value"": ""Nhôm""}, {""name"": ""Chất liệu vỏ dưới"", ""value"": ""PC-ABS + 15% Talc""}, {""name"": ""Kích thước"", ""value"": ""344.9 x 255.35 x 19.95-21.54 mm (Dài x Rộng x Dày)""}, {""name"": ""Trọng lượng"", ""value"": ""1.9 kg""}], ""Tiện ích khác"": [{""name"": ""Tính năng đặc biệt"", ""value"": ""Màn hình Oled, Wi-Fi 7""}], ""Tính năng khác"": [{""name"": ""Loại đèn bàn phím"", ""value"": ""24-Zone RGB""}, {""name"": ""Bảo mật"", ""value"": ""Firmware TPM 2.0 Enabled""}, {""name"": ""Webcam"", ""value"": ""5.0MP với màn trập điện tử""}, {""name"": ""Hệ điều hành"", ""value"": ""Windows 11 Home Single Language, English + Office Home 2024 + Lenovo AI Now""}], ""Pin & công nghệ sạc"": [{""name"": ""Pin"", ""value"": ""80Wh, 245W Slim Tip (3-pin)""}], ""Cổng kết nối"": [{""name"": ""Wi-Fi"", ""value"": ""Wi-Fi 7, 802.11be 2x2""}, {""name"": ""Bluetooth"", ""value"": ""Bluetooth 5.4""}, {""name"": ""Cổng giao tiếp"", ""value"": ""2x USB-A (5Gbps)\n1x USB-A (5Gbps), Luôn bật\n1x USB-C (10Gbps), với USB PD 65-100W và DP 2.1\n1x USB-C với DP 1.4\n1x HDMI 2.1, lên đến 8K/60Hz\n1x giắc cắm kết hợp tai nghe / micrô (3.5 mm)\n1x Ethernet (RJ-45)\n1x đầu nối nguồn""}]}","[""https://cdn2.cellphones.com.vn/x/media/catalog/product/l/a/laptop_lenovo_legion_5_15irx10_83ly00a7vn_-_1.png"", ""https://cdn2.cellphones.com.vn/x/media/catalog/product/l/a/laptop_lenovo_legion_5_15irx10_83ly00a7vn_-_2.png"", ""https://cdn2.cellphones.com.vn/x/media/catalog/product/l/a/laptop_lenovo_legion_5_15irx10_83ly00a7vn_-_3.png""]","{""product_color_1"": {""color"": ""Đen"", ""image_url"": ""https://cellphones.com.vn/laptop-lenovo-legion-5-15irx10-83ly00a7vn.html?product_id=108535"", ""price"": ""37.990.000₫""}}"
Laptop Lenovo LOQ 15ARP9 83JC00HYVN,laptop-lenovo-loq-15arp9-83jc00hyvn,24.490.000đ,21.990.000đ,"Đặc điểm nổi bật
 Laptop Lenovo LOQ 15ARP9 83JC00HYVN có kích thước 359.86 x 258.7 x 21.9 - 23.9 mm, trọng lượng máy 2.38kg, chất liệu nhựa cho độ bền cao, ngoại hình cá tính. Sản phẩm tích hợp chipset mạnh mẽ AMD Ryzen 5 7235HS, card NVIDIA GeForce RTX 3050 xử lý mượt mà. RAM dung lượng 24GB siêu khủng kết hợp với ổ cứng SSD dung lượng 512GB cung cấp sức mạnh vượt bậc.
Nội dung chính
1. Laptop Lenovo LOQ 15ARP9 83JC00HYVN - Bạn đồng hành gaming lý tưởng
1.1. Tối ưu hiệu suất gaming từ chip AI LA1
1.2. Cấu hình mạnh mẽ từ chipset AMD kết hợp card NVIDIA tối ưu
1.3. Dung lượng RAM ấn tượng kết hợp SSD bền bỉ, hiệu suất cao
1.4. Ngoại hình gaming cá tính với thiết kế gọn gàng, linh hoạt
1.5. Quan sát mọi chi tiết sắc nét với phân giải FHD và tần số 144Hz
1.6. Chiến game liên tục với pin 60Wh, kết nối phụ kiện phong phú
1.7. Công nghệ Nahimic Audio và loa stereo cho âm thanh sắc nét
2. Mua laptop Lenovo LOQ 15ARP9 83JC00HYVN cùng nhiều ưu đãi tại CellphoneS
Laptop Lenovo LOQ 15ARP9 83JC00HYVN - Bạn đồng hành gaming lý tưởng
Laptop Lenovo LOQ 15ARP9 83JC00HYVN đóng vai trò như một người bạn đồng hành tuyệt vời dành cho game thủ với nguồn sức mạnh vượt trội. Không chỉ vậy, sản phẩm laptop Lenovo LOQ này còn sở hữu tính năng AI giúp tối ưu hiệu suất, là một chiến binh hàng đầu trong làng gaming.
Tối ưu hiệu suất gaming từ chip AI LA1
Laptop Lenovo LOQ 15ARP9 83JC00HYVN với tính năng AI nổi bật giúp tối ưu hiệu suất và đem đến cho người dùng những trải nghiệm gaming vượt bậc. Tính năng AI sẽ tối ưu cấu hình và quản lý tản nhiệt hiệu quả, nâng cao trải nghiệm chơi game.
Laptop Lenovo được trang bị AI Chip LA1 giúp xử lý thuật toán AI nhanh chóng, cải thiện tốc độ phản hồi từ các ứng dụng. Cùng với đó, LA1 còn giúp quản lý năng lượng và tiết kiệm pin hiệu quả. Đồng thời, chip AI còn có thể nhận diện hình ảnh để tối ưu hiển thị mượt mà.
Cấu hình mạnh mẽ từ chipset AMD kết hợp card NVIDIA tối ưu
Laptop Lenovo LOQ 15ARP9 83JC00HYVN cung cấp hiệu suất chơi game vượt trội với nguồn sức mạnh từ chipset Ryzen 5 7235HS từ nhà AMD. Dòng chip này sở hữu 4 lõi, 8 luồng và có xung nhịp đạt đến 4.2GHz, xử lý các tác vụ mạnh mẽ.
Ngoài ra, laptop Lenovo còn được trang bị card NVIDIA GeForce RTX 3050 có kiến trúc Ampere nâng cao hiệu suất, tiết kiệm năng lượng. Card hỗ trợ Ray Tracing theo thời gian thực, giúp tái hiện hình ảnh một cách chân thực, mở ra trải nghiệm game sinh động hơn.
Dung lượng RAM ấn tượng kết hợp SSD bền bỉ, hiệu suất cao
Laptop Lenovo LOQ 15ARP9 83JC00HYVN sở hữu thanh RAM 24GB, giúp thiết bị xử lý đa nhiệm trơn tru và hiệu quả hơn. Máy sẽ chạy phần mềm một cách mượt mà, mở nhiều tab trên Chrome cùng lúc mà không cần lo chậm trễ, giật lag.
Cùng với đó, ổ cứng SSD tích hợp cũng mang đến khả năng xử lý dữ liệu mạnh mẽ, nhanh chóng đồng thời có độ bền cao. Dung lượng SSD 512GB người dùng có thể lưu trữ lượng dữ liệu khổng lồ cũng như thoải mái trải nghiệm vô vàn tựa game siêu hot.
Ngoại hình gaming cá tính với thiết kế gọn gàng, linh hoạt
Thiết kế Laptop Lenovo LOQ 15ARP9 83JC00HYVN cá tính và độc đáo, đậm chất gaming cùng màu xám thanh lịch, hiện đại. Điểm nhấn chính là logo LOQ đặt ở phần cạnh trên của máy mang tính nhận diện cao.
Laptop Lenovo LOQ được hoàn thiện từ chất liệu nhựa có độ bền cao, cứng cáp và có lớp sơn matte hạn chế bám vân tay. Kích thước máy 359.86mm x 258.7mm x 21.9-23.9mm và trọng lượng hợp lý 2.38kg nên người dùng vẫn dễ dàng mang theo laptop khi di chuyển.
Quan sát mọi chi tiết sắc nét với phân giải FHD và tần số 144Hz
Màn hình laptop Lenovo LOQ 15ARP9 83JC00HYVN có kích thước 15.6 inches, rộng rãi và đáp ứng tầm nhìn tốt cho trải nghiệm chơi game. Máy trang bị tấm nền IPS và có độ phân giải là 1920 x 1080 FHD nên hình ảnh sẽ luôn sắc nét, giúp người dùng quan sát rõ ràng.
Máy còn có độ sáng cao 300 nits, màn phủ chống chói nên thích hợp sử dụng trong nhiều điều kiện ánh sáng, kể cả dưới ánh đèn mạnh, ngoài trời. Tần số quét của laptop Lenovo đạt 144Hz, tái hiện hình ảnh siêu mượt, phản hồi nhanh nhạy, hạn chế giật lag.
Chiến game liên tục với pin 60Wh, kết nối phụ kiện phong phú
Lenovo đã trang bị cho model laptop LOQ 15ARP9 83JC00HYVN của mình viên pin 60Wh để cung cấp thời lượng trải nghiệm tốt, duy trì ổn định. Game thủ sẽ thoải mái chiến game, tận hưởng các trận game dài mà không cần lo lắng tình trạng năng lượng của thiết bị.
Để tối ưu trải nghiệm gaming, hãng còn trang bị cho laptop Lenovo LOQ 15ARP9 83JC00HYVN nhiều cổng kết nối ngoại vi linh hoạt. Máy sở hữu 1x USB-C 10Gbps, 3x USB-A 5Gbps, 1x HDMI 2.1 8K@60Hz, 1x Audio 3.5mm, 1x LAN RJ-45, 1x đầu nối nguồn.
Công nghệ Nahimic Audio và loa stereo cho âm thanh sắc nét
Song song với những trải nghiệm về mặt hình ảnh cũng như hiệu năng, laptop Lenovo LOQ 15ARP9 83JC00HYVN còn có chất âm ấn tượng với công nghệ Nahimic Audio. Nahimic sẽ cho âm thanh sắc nét, mở ra không gian chơi game sống động và chân thực hơn.
Kết hợp với loa stereo 2W x 2 cho tổng công suất là 4W, chất âm được tái hiện sẽ luôn rõ ràng, giúp người dùng có thể nhận diện kẻ địch khi chơi game nhờ âm thanh sắc nét. Ngoài ra, việc chỉnh sửa video, nhạc,...cũng sẽ dễ dàng hơn mà không cần kết nối thêm phụ kiện.
Mua laptop Lenovo LOQ 15ARP9 83JC00HYVN cùng nhiều ưu đãi tại CellphoneS
Laptop Lenovo LOQ 15ARP9 83JC00HYVN sẽ là một lựa chọn rất tốt đáp ứng cho trải nghiệm gaming với hiệu suất cao, diện mạo thời thượng. Khách hàng có thể mua ngay sản phẩm Lenovo với mức chiết khấu hấp dẫn, giá ưu đãi, hỗ trợ trả góp 0% lãi suất và xét duyệt đơn giản. Quý khách có thể đặt hàng laptop Lenovo ngay tại cellphones.com.vn hoặc liên hệ hotline 1900.2097 để mua hàng siêu đơn giản.","{""Bộ xử lý & Đồ họa"": [{""name"": ""Loại card đồ họa"", ""value"": ""NVIDIA GeForce RTX 3050 6GB GDDR6, Boost Clock 1732MHz, TGP 95W""}, {""name"": ""Loại CPU"", ""value"": ""AMD Ryzen 5 7235HS (4 lõi / 8 luồng, 3.2 / 4.2GHz, 2MB L2 / 8MB L3)""}], ""Bộ nhớ RAM, Ổ cứng"": [{""name"": ""Dung lượng RAM"", ""value"": ""24GB""}, {""name"": ""Loại RAM"", ""value"": ""SO-DIMM DDR5-4800""}, {""name"": ""Số khe ram"", ""value"": ""2 khe (2x 12GB, nâng cấp tối đa 32GB DDR5-4800)""}, {""name"": ""Ổ cứng"", ""value"": ""512GB SSD M.2 2242 PCIe 4.0x4 NVMe (Tối đa hai ổ đĩa, 2x M.2 SSD • M.2 2242 SSD tối đa 1TB mỗi ổ)""}], ""Màn hình"": [{""name"": ""Tần số quét"", ""value"": ""144Hz""}, {""name"": ""Chất liệu tấm nền"", ""value"": ""Tấm nền IPS""}, {""name"": ""Kích thước màn hình"", ""value"": ""15.6 inches""}, {""name"": ""Công nghệ màn hình"", ""value"": ""Độ sáng 300nits\nMàn hình chống chói\nĐộ phủ màu 100% sRGB\nG-SYNC""}, {""name"": ""Độ phân giải màn hình"", ""value"": ""1920 x 1080 pixels (FullHD)""}], ""Âm thanh"": [{""name"": ""Công nghệ âm thanh"", ""value"": ""Âm thanh độ nét cao (HD)\nBộ giải mã Realtek ALC3287\nLoa stereo, 2W x2\nNahimic Audio""}], ""Kích thước & Trọng lượng"": [{""name"": ""Chất liệu"", ""value"": ""Vỏ nhựa""}, {""name"": ""Chất liệu vỏ trên"", ""value"": ""Nhựa""}, {""name"": ""Chất liệu vỏ dưới"", ""value"": ""Nhựa""}, {""name"": ""Kích thước"", ""value"": ""359.86 x 258.7 x 21.9-23.9 mm (Dài x Rộng x Dày)""}, {""name"": ""Trọng lượng"", ""value"": ""2.38 kg""}], ""Tiện ích khác"": [{""name"": ""Tính năng đặc biệt"", ""value"": ""Wi-Fi 6""}], ""Tính năng khác"": [{""name"": ""Loại đèn bàn phím"", ""value"": ""Đèn nền trắng""}, {""name"": ""Bảo mật"", ""value"": ""Firmware TPM 2.0 Enabled""}, {""name"": ""Webcam"", ""value"": ""HD 720p với màn trập E-shutter""}, {""name"": ""Hệ điều hành"", ""value"": ""Windows 11 Home Single Language, English""}], ""Pin & công nghệ sạc"": [{""name"": ""Pin"", ""value"": ""60Wh (Đầu mỏng 170W (3 chân))""}], ""Cổng kết nối"": [{""name"": ""Wi-Fi"", ""value"": ""Wi-Fi 6, 802.11ax 2x2""}, {""name"": ""Bluetooth"", ""value"": ""Bluetooth 5.2""}, {""name"": ""Cổng giao tiếp"", ""value"": ""3x USB-A (USB 5Gbps / USB 3.2 Gen 1)\n1x USB-C (USB 10Gbps / USB 3.2 Gen 2), với Lenovo PD 140W và DisplayPort 1.4\n1x HDMI 2.1, lên đến 8K/60Hz\n1x giắc cắm kết hợp tai nghe / micrô (3.5mm)\n1x Ethernet (RJ-45)\n1x đầu nối nguồn""}]}","[""https://cdn2.cellphones.com.vn/x/media/catalog/product/l/a/laptop_lenovo_loq_15arp9_83jc00hyvn_-_1.png"", ""https://cdn2.cellphones.com.vn/x/media/catalog/product/l/a/laptop_lenovo_loq_15arp9_83jc00hyvn_-_2.png"", ""https://cdn2.cellphones.com.vn/x/media/catalog/product/l/a/laptop_lenovo_loq_15arp9_83jc00hyvn_-_3.png""]","{""product_color_1"": {""color"": ""Xám"", ""image_url"": ""https://cellphones.com.vn/laptop-lenovo-loq-15arp9-83jc00hyvn.html?product_id=104889"", ""price"": ""21.990.000₫""}}"
Laptop Lenovo Gaming Legion 5 15ACH6H 82JU00DGVN,laptop-lenovo-gaming-legion-5-15ach6h-82ju00dgvn,40.200.000đ,36.990.000đ,"Đặc điểm nổi bật
Nội dung chính
1. Laptop Lenovo Gaming Legion 5 15ACH6H 82JU00DGVN - Màn hình viền mỏng
1.1. Thiết kế sang trọng, cao cấp
1.2. Trọng lượng nhẹ
1.3. Hiệu suất cực đỉnh
2. Sở hữu laptop Lenovo Gaming Legion 5 15ACH6H 82JU00DGVN tại CellphoneS
Laptop Lenovo Gaming Legion 5 15ACH6H 82JU00DGVN - Màn hình viền mỏng
Laptop Lenovo Gaming Legion 5 15ACH6H 82JU00DGVN là một sản phẩm kết hợp với tính năng ưu việt, giao diện thời thượng và được nhiều khách hàng tin dùng.
Thiết kế sang trọng, cao cấp
Màn hình viền mỏng rộng có kích thước 15.6 inch, độ phân giải Full HD siêu nét. Cùng với đó là tấm nền IPS chất lượng cao với độ phủ màu sRGB cao cho chất lượng, biểu thị màu sắc và hình ảnh sinh động, rõ ràng và góc nhìn rộng.
Trọng lượng nhẹ
Chiếc laptop Lenovo Gaming có khối lượng khoảng 2.4kg, đây chính là mức cân nặng khá lý tưởng của các sản phẩm laptop gaming thông thường, thích hợp với những yêu thích sự lâu dài, bền bỉ. Bên cạnh đó, điểm gây chú ý nhất trên thiết bị này chính là logo Legion ở phần nắp.
Thiết kế của Lenovo Legion 5 15ACH6H 82JU00DGVN hài hòa giữa công suất game và khả năng di động. Do đó, dù là một chiếc laptop gaming nhưng chiếc laptop trông có vẻ khá nhẹ nhàng, thanh thoát, màn hình siêu mỏng kèm với lớp vỏ ngoài tinh tế, góc cạnh làm từ hợp kim nhôm magie cứng cáp và chắc chắn.
Hiệu suất cực đỉnh
Tần số quét của màn hình Lenovo Legion 5 15ACH6H 82JU00DGVN vô cùng xứng đáng so với số tiền người sử dụng phải bỏ ra. Cùng với tần số lên đến 165Hz, chiếc laptop gaming này hứa hẹn sẽ đem đến cho các game thủ lại cảm giác thú vị nhất với những trận combat siêu mượt mà, siêu nhanh, không bị chậm trễ.
Sở hữu laptop Lenovo Gaming Legion 5 15ACH6H 82JU00DGVN tại CellphoneS
Đến ngay CellphoneS để mua ngay Laptop Lenovo Gaming Legion 5 15ACH6H 82JU00DGVN với giá tốt, chất lượng cao, nhân viên tận tình và kèm theo nhiều ưu đãi hấp dẫn như bảo hành, quyền lợi của người dùng về sản phẩm.","{""Bộ xử lý & Đồ họa"": [{""name"": ""Loại card đồ họa"", ""value"": ""NVIDIA GeForce RTX 3060 6GB GDDR6""}, {""name"": ""Loại CPU"", ""value"": ""AMD Ryzen 7-5800H""}], ""Bộ nhớ RAM, Ổ cứng"": [{""name"": ""Dung lượng RAM"", ""value"": ""8GB""}, {""name"": ""Loại RAM"", ""value"": ""DDR4-3200Mhz""}, {""name"": ""Số khe ram"", ""value"": ""2 khe cắm tối đa 32GB""}, {""name"": ""Ổ cứng"", ""value"": ""512GB SSD M.2 2280 PCIe 3.0x4 NVMe""}], ""Màn hình"": [{""name"": ""Chất liệu tấm nền"", ""value"": ""Tấm nền IPS""}, {""name"": ""Kích thước màn hình"", ""value"": ""15.6 inches""}, {""name"": ""Công nghệ màn hình"", ""value"": ""Tần số quét 165Hz, màn hình chống loá, 100% sRGB, Dolby Vision, Free-Sync, G-Sync, DC dimmer""}, {""name"": ""Độ phân giải màn hình"", ""value"": ""1920 x 1080 pixels (FullHD)""}], ""Âm thanh"": [{""name"": ""Công nghệ âm thanh"", ""value"": ""2 loa""}], ""Cổng kết nối"": [{""name"": ""Khe đọc thẻ nhớ"", ""value"": ""Có""}, {""name"": ""Wi-Fi"", ""value"": ""802.11ax 2x2""}, {""name"": ""Bluetooth"", ""value"": ""v5.1""}, {""name"": ""Cổng giao tiếp"", ""value"": ""3x USB 3.2 Gen 1\n1x USB-C 3.2 Gen 2\n1x USB 3.2 Gen 1\n1x USB-C 3.2 Gen 2\n1x HDMI 2.1\n1x Ethernet (RJ-45)\n1x headphone / microphone combo jack""}], ""Kích thước & Trọng lượng"": [{""name"": ""Chất liệu"", ""value"": ""Vỏ nhựa""}, {""name"": ""Kích thước"", ""value"": ""362.56 x 260.61 x 22.5-25.75 mm""}, {""name"": ""Trọng lượng"", ""value"": ""2.4 kg""}], ""Tiện ích khác"": [{""name"": ""Tính năng đặc biệt"", ""value"": ""Wi-Fi 6""}], ""Tính năng khác"": [{""name"": ""Webcam"", ""value"": ""HD 720p""}, {""name"": ""Hệ điều hành"", ""value"": ""Windows 11 Home SL""}], ""Pin & công nghệ sạc"": [{""name"": ""Pin"", ""value"": ""4 Cell 80 WHr""}]}","[""https://cdn2.cellphones.com.vn/x/media/catalog/product/_/0/_0001_63923_laptop_lenovo_legion_5_7.jpg"", ""https://cdn2.cellphones.com.vn/x/media/catalog/product/_/0/_0004_63923_laptop_lenovo_legion_5_4.jpg"", ""https://cdn2.cellphones.com.vn/x/media/catalog/product/_/0/_0000_63923_laptop_lenovo_legion_5_8.jpg""]",{}
Laptop Lenovo ThinkBook 16 G6 IRL 21KH00W8VN,laptop-lenovo-thinkbook-16-g6-irl-21kh00w8vn,20.490.000đ,17.690.000đ,"Đặc điểm nổi bật
Laptop Lenovo Thinkbook 16 G6 IRL 21KH00W8VN sử dụng chip Intel® Core™ i5-13420H với 8 lõi, 12 luồng, tốc độ 4.6GHz chạy mượt mà các tác vụ đa nhiệm. Máy sử dụng bộ nhớ RAM 16GB DDR5-5200, chạy được nhiều ứng dụng cùng lúc mà không lo gián đoạn. Màn hình 16 inch WUXGA (1920x1200) mang đến chất lượng rõ nét, màu sắc sống động.
Nội dung chính
1. Laptop Lenovo Thinkbook 16 G6 IRL 21KH00W8VN - Hiệu suất ổn định, hiển thị sắc nét
1.1. Bộ nhớ RAM 16GB DDR5
1.2. Ổ cứng SSD 512GB M.2 PCIe® 4.0x4 NVMe
1.3. Thiết kế nhôm anodized, PC-ABS bền bỉ
1.4. Chip Intel® Core™ i5-13420H, card Intel® UHD Graphics
1.5. Thời gian sử dụng lâu dài, kết nối linh hoạt
1.6. Màn hình 16 inch WUXGA (1920x1200)
2. Mua laptop Lenovo Thinkbook 16 G6 IRL 21KH00W8VN chính hãng tại CellphoneS
Laptop Lenovo Thinkbook 16 G6 IRL 21KH00W8VN - Hiệu suất ổn định, hiển thị sắc nét
Lenovo ThinkBook 16 G6 IRL là một chiếc laptop mạnh mẽ và linh hoạt, mang lại sự kết hợp hoàn hảo giữa hiệu suất và tính di động. Với các tính năng tiên tiến, mẫu laptop Lenovo Thinkbook này là lựa chọn đáng cân nhắc cho ai đang cần chiếc laptop bền bỉ và hiệu suất cao.
Bộ nhớ RAM 16GB DDR5
Laptop Lenovo Thinkbook 16 G6 IRL 21KH00W8VN sở hữu RAM cấu hình hai thanh 8GB DDR5 5200. Đây là bộ nhớ RAM sử dụng công nghệ DDR5, mang lại tốc độ và hiệu suất vượt trội so với các dòng RAM cũ như DDR4. Với dung lượng 16GB, chiếc máy này có khả năng đáp ứng mượt mà các tác vụ đa nhiệm và đồ họa cơ bản.
Lenovo Thinkbook 16 G6 cũng hỗ trợ khả năng nâng cấp bộ nhớ lên tới 64GB DDR5. Người dùng có thể mở rộng dung lượng RAM khi cần thiết cho các công việc đòi hỏi hiệu suất cao hơn, như chạy nhiều phần mềm thiết kế hoặc phần mềm lập trình nặng.
Ổ cứng SSD 512GB M.2 PCIe® 4.0x4 NVMe
Laptop Lenovo Thinkbook 16 G6 IRL 21KH00W8VN đi kèm với ổ cứng SSD 512GB M.2 PCIe® 4.0x4 NVMe. SSD này cho tốc độ truy xuất dữ liệu nhanh chóng, giúp giảm thiểu thời gian khởi động hệ điều hành và ứng dụng, mang lại trải nghiệm mượt mà trong quá trình sử dụng. 
Hơn nữa, ổ cứng SSD trên Lenovo Thinkbook 16 có thể được nâng cấp lên đến 2TB, giúp người dùng có đủ không gian lưu trữ cho dữ liệu lớn như video, dự án đồ họa hoặc các tệp công việc quan trọng. Máy hỗ trợ hai khe M.2 2280 PCIe® 4.0 x4, có thể thêm một ổ SSD M.2 khác dễ dàng mà không cần phải thay thế ổ cứng hiện tại.
Thiết kế nhôm anodized, PC-ABS bền bỉ
Laptop Lenovo Thinkbook 16 G6 IRL 21KH00W8VN được thiết kế với sự kết hợp của nhôm anodized ở mặt trên và PC-ABS ở phần đáy máy. Đây là chất liệu có độ bền cao nhưng máy vẫn gọn nhẹ và mang lại cảm giác sang trọng khi cầm nắm.
Laptop Lenovo Thinkbook 16 G6 có vẻ ngoài thanh lịch, hiện đại với gam màu Arctic Grey. Kích thước máy là 356 x 253.5 x 17.5 mm và trọng lượng 1.7 kg, dễ mang theo bên mình hằng ngày. 
Chip Intel® Core™ i5-13420H, card Intel® UHD Graphics
Laptop Lenovo Thinkbook 16 G6 IRL 21KH00W8VN sử dụng Intel® UHD Graphics tích hợp, đủ khả năng xử lý các tác vụ hằng ngày, chỉnh sửa hình ảnh cơ bản. Tuy nhiên, với những công việc yêu cầu đồ họa cao như chỉnh sửa video 3D hoặc thiết kế đồ họa chuyên nghiệp, máy có thể không đáp ứng tốt như các máy có card đồ họa rời.
Với bộ vi xử lý Intel® Core™ i5-13420H, Lenovo ThinkBook 16 G6 IRL xử lý tốt các tác vụ lập trình, thiết kế đồ họa nhẹ hoặc các ứng dụng yêu cầu nhiều tài nguyên hệ thống. Bộ vi xử lý này có 8 lõi (4 P-core + 4 E-core) và hỗ trợ 12 luồng, tối đa hóa được khả năng xử lý tác vụ đa nhiệm. 
Tốc độ xung nhịp của các lõi P-core có thể đạt lên đến 4.6GHz. Các lõi E-core có thể chạy đến 3.4GHz, cho phép máy hoạt động hiệu quả ngay cả khi chạy các phần mềm nặng.
Thời gian sử dụng lâu dài, kết nối linh hoạt
Một điểm nổi bật của laptop Lenovo Thinkbook 16 G6 IRL 21KH00W8VN là pin 71Wh, giúp máy hoạt động liên tục trong nhiều giờ với điều kiện sử dụng bình thường. Lenovo ThinkBook 16 G6 IRL có đa dạng cổng kết nối hiện đại với 2 cổng USB 3.2 Gen 1. 
Trong đó có một cổng hỗ trợ tính năng Always On, cùng với một cổng USB-C 3.2 Gen 2 có khả năng truyền dữ liệu tốc độ cao. Ngoài ra, máy còn hỗ trợ Power Delivery 3.0 và DisplayPort 1.4 để tiện cho người dùng kết nối màn hình ngoài khi cần trình chiếu.
Màn hình 16 inch WUXGA (1920x1200)
Laptop Lenovo Thinkbook 16 G6 IRL 21KH00W8VN sở hữu màn hình 16 inch WUXGA (1920x1200), có độ nét cao hơn so với các màn hình Full HD thông thường. Màn hình IPS cho góc nhìn rộng và màu sắc sống động, giúp người dùng làm việc và giải trí một cách thoải mái.
Độ phủ màu 45% NTSC có thể không đủ để đáp ứng các yêu cầu đồ họa chuyên nghiệp, nhưng vẫn rất hợp lý cho các công việc văn phòng hoặc nhu cầu giải trí cơ bản. Lenovo Thinkbook 16 G6 cũng trang bị tần số quét 60Hz, đủ để xử lý các tác vụ văn phòng và giải trí hàng ngày. 
Mua laptop Lenovo Thinkbook 16 G6 IRL 21KH00W8VN chính hãng tại CellphoneS
CellphoneS là cửa hàng bán đồ công nghệ, phụ kiện điện tử tin cậy tại Việt Nam. CellphoneS cam kết mang đến hàng chính hãng với bảo hành rõ ràng theo quy định từ hãng. Cửa hàng cũng nổi bật với chính sách giá cạnh tranh, thường có chương trình trợ giá cho học sinh, sinh viên, trả góp 0 đồng. Ghé ngay CellphoneS để trải nghiệm và rinh về chiếc laptop Lenovo Thinkbook 16 G6 IRL 21KH00W8VN chính hãng với mức giá tốt nhé.","{""Bộ xử lý & Đồ họa"": [{""name"": ""Loại card đồ họa"", ""value"": ""Intel UHD Graphics""}, {""name"": ""Loại CPU"", ""value"": ""Intel Core i5-13420H, 8 lõi (4P + 4E) / 12T, P-core 2.1 / 4.6GHz, E-core 1.5 / 3.4GHz, 12MB""}], ""Bộ nhớ RAM, Ổ cứng"": [{""name"": ""Dung lượng RAM"", ""value"": ""16GB""}, {""name"": ""Loại RAM"", ""value"": ""DDR5-5200""}, {""name"": ""Số khe ram"", ""value"": ""2 khe (2x 8GB, nâng cấp tối đa 64GB DDR5-5200)""}, {""name"": ""Ổ cứng"", ""value"": ""512GB SSD M.2 2280 PCIe 4.0x4 NVMe (Tối đa hai ổ đĩa, lên đến 2TB)""}], ""Màn hình"": [{""name"": ""Chất liệu tấm nền"", ""value"": ""Tấm nền IPS""}, {""name"": ""Kích thước màn hình"", ""value"": ""16 inches""}, {""name"": ""Công nghệ màn hình"", ""value"": ""Độ sáng 300nits\nĐộ phủ màu 45% NTSC\nMàn hình chống chói""}, {""name"": ""Độ phân giải màn hình"", ""value"": ""1920 x 1200 pixels (WUXGA)""}], ""Âm thanh"": [{""name"": ""Công nghệ âm thanh"", ""value"": ""Âm thanh độ nét cao (HD)\nBộ giải mã Realtek ALC3287\nLoa stereo, 2W x2\nDolby Audio""}], ""Cổng kết nối"": [{""name"": ""Khe đọc thẻ nhớ"", ""value"": ""Có""}, {""name"": ""Wi-Fi"", ""value"": ""Wi-Fi 6E, 802.11ax 2x2""}, {""name"": ""Bluetooth"", ""value"": ""Bluetooth 5.3""}, {""name"": ""Cổng giao tiếp"", ""value"": ""2x USB 3.2\n1x USB-C 3.2 (truyền dữ liệu, PD 3.0, DP 1.4)\n1x Thunderbolt 4 / USB4 40Gbps (truyền dữ liệu, PD 3.0, DP 1.4)\n1x HDMI 2.1, 4K/60Hz\n1x giắc cắm kết hợp tai nghe/micrô (3.5mm)\n1x Ethernet (RJ-45)\n1x đầu đọc thẻ SD""}], ""Kích thước & Trọng lượng"": [{""name"": ""Chất liệu"", ""value"": ""Vỏ nhựa - nắp lưng kim loại""}, {""name"": ""Chất liệu vỏ trên"", ""value"": ""Nhôm""}, {""name"": ""Chất liệu vỏ dưới"", ""value"": ""Nhựa""}, {""name"": ""Kích thước"", ""value"": ""356 x 253.5 x 17.5 mm (Dài x Rộng x Dày)""}, {""name"": ""Trọng lượng"", ""value"": ""1.7 kg""}], ""Tiện ích khác"": [{""name"": ""Tính năng đặc biệt"", ""value"": ""Wi-Fi 6, Bảo mật vân tay""}], ""Tính năng khác"": [{""name"": ""Loại đèn bàn phím"", ""value"": ""Backlit""}, {""name"": ""Bảo mật"", ""value"": ""Firmware TPM 2.0 Enabled""}, {""name"": ""Webcam"", ""value"": ""FHD 1080p với Màn trập camera""}, {""name"": ""Hệ điều hành"", ""value"": ""Windows 11 Home Single Language, English""}], ""Pin & công nghệ sạc"": [{""name"": ""Pin"", ""value"": ""71Wh (65W USB-C Slim (Gắn tường))""}]}","[""https://cdn2.cellphones.com.vn/x/media/catalog/product/l/a/laptop_lenovo_thinkbook_16_g6_irl_21kh00w8vn_-_1.png"", ""https://cdn2.cellphones.com.vn/x/media/catalog/product/l/a/laptop_lenovo_thinkbook_16_g6_irl_21kh00w8vn_-_2.png"", ""https://cdn2.cellphones.com.vn/x/media/catalog/product/l/a/laptop_lenovo_thinkbook_16_g6_irl_21kh00w8vn_-_3.png""]","{""product_color_1"": {""color"": ""Xám"", ""image_url"": ""https://cellphones.com.vn/laptop-lenovo-thinkbook-16-g6-irl-21kh00w8vn.html?product_id=105685"", ""price"": ""17.690.000₫""}}"
Laptop Lenovo Ideapad 5 Pro 16ARH7,laptop-lenovo-ideapad-5-pro-16arh7-82sn003lvn,N/A,N/A,"Nội dung chính
1. Laptop Lenovo Ideapad 5 Pro 16ARH7 82SN003LVN - Tần số quét màn hình 120Hz
1.1. Thiết kế đơn giản
1.2. Cấu hình cân bằng
2. Mua ngay laptop Lenovo Ideapad 5 Pro 16ARH7 82SN003LVN chính hãng tại CellphoneS
Laptop Lenovo Ideapad 5 Pro 16ARH7 82SN003LVN - Tần số quét màn hình 120Hz
Nếu bạn là dân văn phòng thì không nên bỏ qua chiếc laptop Lenovo Ideapad 5 Pro 16ARH7 82SN003LVN này. Bởi laptop Lenovo IdeaPad này sở hữu rất nhiều ưu điểm đáp ứng cho nhu cầu công việc, học tập. 
Thiết kế đơn giản
Laptop Lenovo Ideapad 5 Pro 16ARH7 82SN003LVN sở hữu ngoại hình đặc trưng của dòng Ideapad, với tổng thể thiết kế rất đơn giản, phần mặt A có đính kèm logo quen thuộc ở góc máy. Khi mọi người nhìn vào biết ngay chiếc máy tính xách tay này là của hãng nào.
Chiếc laptop 16 inch này được thiết kế với những đường nét vuông vức, và trọng lượng khá nhẹ, chỉ vỏn vẹn 1.95kg và độ dày 16.9mm. Chính vì vậy, bạn có thể dễ dàng di chuyển thiết bị đến văn phòng làm việc.
Cấu hình cân bằng
Laptop Lenovo Ideapad 5 Pro 16ARH7 82SN003LVN trang bị con chip AMD Ryzen 5 6600HS, kết hợp với card đồ họa VGA NVIDIA GeForce GTX 1650 4GB GDDR6, mang đến hiệu suất vượt trội, đáp ứng cho mọi tác vụ sử dụng hằng ngày.
Máy có kích thước màn hình 16 inch, độ phân giải 2.5K (2560 x 1600 pixel), tấm nền IPS. Đặc biệt, thiết bị hỗ trợ tần số quét lên tới 120Hz, từ đó mọi thao tác di chuyển khung hình đều trở lên rất nhanh chóng, mượt mà.
Mua ngay laptop Lenovo Ideapad 5 Pro 16ARH7 82SN003LVN chính hãng tại CellphoneS
Như vậy, có thể thấy được chiếc laptop Lenovo Ideapad 5 Pro 16ARH7 82SN003LVN hội đầy đủ những yếu tố cần thiết cho người dùng. Nếu bạn muốn mua sản phẩm, thì nên tới ngay cửa hàng CellphoneS để nhận được hàng chất lượng, giá thành tốt nhất nhé.","{""Bộ xử lý & Đồ họa"": [{""name"": ""Loại card đồ họa"", ""value"": ""NVIDIA GeForce GTX 1650 4GB GDDR6""}, {""name"": ""Loại CPU"", ""value"": ""AMD Ryzen 5 6600HS Creator Edition""}], ""Bộ nhớ RAM, Ổ cứng"": [{""name"": ""Dung lượng RAM"", ""value"": ""16GB""}, {""name"": ""Loại RAM"", ""value"": ""LPDDR5-6400""}, {""name"": ""Ổ cứng"", ""value"": ""512GB SSD M.2 2242 PCIe 4.0x4 NVMe""}], ""Màn hình"": [{""name"": ""Chất liệu tấm nền"", ""value"": ""Tấm nền IPS""}, {""name"": ""Kích thước màn hình"", ""value"": ""16 inches""}, {""name"": ""Công nghệ màn hình"", ""value"": ""IPS 350nits Chống chói, 120Hz, 100% sRGB, TÜV Low Blue Light, G-sync""}, {""name"": ""Độ phân giải màn hình"", ""value"": ""2560 x 1600 (WQXGA)""}], ""Âm thanh"": [{""name"": ""Công nghệ âm thanh"", ""value"": ""High Definition (HD) Audio, Realtek ALC3287 codec""}], ""Cổng kết nối"": [{""name"": ""Khe đọc thẻ nhớ"", ""value"": ""Có""}, {""name"": ""Wi-Fi"", ""value"": ""Wi-Fi 6 11ax""}, {""name"": ""Bluetooth"", ""value"": ""2x2 + BT5.2""}, {""name"": ""Cổng giao tiếp"", ""value"": ""1x USB 3.2 thế hệ 1\n1x USB 3.2 thế hệ 1 (Luôn bật)\n1x USB-C 3.2 Gen 2 (hỗ trợ truyền dữ liệu, Power Delivery và DisplayPort)\n1x HDMI 2.0\n1x đầu đọc thẻ\n1 x giắc cắm kết hợp tai nghe / micrô (3,5 mm)""}], ""Kích thước & Trọng lượng"": [{""name"": ""Chất liệu"", ""value"": ""Vỏ kim loại""}, {""name"": ""Kích thước"", ""value"": ""356 x 251 x 16,9 mm""}, {""name"": ""Trọng lượng"", ""value"": ""Khoảng 1,95 kg""}], ""Tiện ích khác"": [{""name"": ""Tính năng đặc biệt"", ""value"": ""Wi-Fi 6""}], ""Tính năng khác"": [{""name"": ""Loại đèn bàn phím"", ""value"": ""Backlit""}, {""name"": ""Webcam"", ""value"": ""ToF, FHD 1080p & IR""}, {""name"": ""Hệ điều hành"", ""value"": ""Windows 11""}], ""Thông số khác"": [{""name"": ""Hãng sản xuất"", ""value"": ""Lenovo""}], ""Pin & công nghệ sạc"": [{""name"": ""Pin"", ""value"": ""75Wh""}]}","[""https://cdn2.cellphones.com.vn/x/media/catalog/product/l/a/laptop_lenovo_ideapad_5_pro_16arh7_1.png"", ""https://cdn2.cellphones.com.vn/x/media/catalog/product/2/_/2_189.png"", ""https://cdn2.cellphones.com.vn/x/media/catalog/product/3/_/3_172.png""]",{}
Laptop Lenovo Gaming Legion 5P 15IMH05 82AY003FVN,laptop-lenovo-gaming-legion-5p-i7,31.490.000đ,27.490.000đ,"Laptop Lenovo Gaming Legion 5P 15IMH05 82AY003FVN được ứng dụng bộ vi xử lý mạnh mẽ thế hệ mới của Intel. Nhờ đó, chiếc máy có thể xử lý nhiều tác vụ nặng một cách nhanh chóng, mang đến một trải nghiệm vượt bậc
Cùng khám phá chi tiết dòng Laptop Lenovo Gaming Legion 5P 15IMH05 82AY003EVN mang một thiết kế tối giản cùng hiệu suất vượt trội","{""Bộ xử lý & Đồ họa"": [{""name"": ""Loại card đồ họa"", ""value"": ""NVIDIA GeForce GTX 1650Ti 4GB GDDR6 + Intel UHD Graphics""}, {""name"": ""Loại CPU"", ""value"": ""Intel Core i7-10750H 2.6GHz up to 5.0GHz 12MB""}], ""Bộ nhớ RAM, Ổ cứng"": [{""name"": ""Ổ cứng"", ""value"": ""512GB SSD M.2 2280 PCIe NVMe (Còn trống 1 khe SSD M.2 PCIE)""}], ""Màn hình"": [{""name"": ""Kích thước màn hình"", ""value"": ""15.6 inches""}, {""name"": ""Công nghệ màn hình"", ""value"": ""15.6\"" FHD (1920 x 1080) WVA 300nits Anti-Glare, 144Hz, 72% NTSC, 100% sRGB, Dolby Vision""}, {""name"": ""Độ phân giải màn hình"", ""value"": ""1920 x 1080 pixels (FullHD)""}], ""Pin & công nghệ sạc"": [{""name"": ""Pin"", ""value"": ""4 Cell 80 WHr""}], ""Tính năng khác"": [{""name"": ""Hệ điều hành"", ""value"": ""Windows 10 Home SL""}], ""Kích thước & Trọng lượng"": [{""name"": ""Kích thước"", ""value"": ""363.06 x 259.61 x 23.57 (mm)""}, {""name"": ""Trọng lượng"", ""value"": ""2.3 kg""}], ""Cổng kết nối"": [{""name"": ""Wi-Fi"", ""value"": ""802.11ax 2x2""}, {""name"": ""Bluetooth"", ""value"": ""v5.0""}, {""name"": ""Cổng giao tiếp"", ""value"": ""4x USB 3.2 Gen 1 (one Always On), 1x USB 3.2 Type-C Gen 1 (with the function of DisplayPort 1.2), 1xHDMI 2.0, 1x Ethernet (RJ-45)""}], ""Loại máy & Chức năng"": [{""name"": ""Loại máy"", ""value"": ""In Laser đen trắng""}]}","[""https://cdn2.cellphones.com.vn/x/media/catalog/product/l/a/laptop-lenovo-gaming-legion-5p-i7_1_.jpg"", ""https://cdn2.cellphones.com.vn/x/media/catalog/product/l/a/laptop-lenovo-gaming-legion-5p-i7_4_.jpg"", ""https://cdn2.cellphones.com.vn/x/media/catalog/product/l/a/laptop-lenovo-gaming-legion-5p-i7_5_.jpg""]",{}
Laptop Lenovo Ideapad Slim 3 15IML05 81WB01DYVN,laptop-lenovo-ideapad-slim-3-15iml05-81wb01dyvn,N/A,N/A,"Đặc điểm nổi bật
Nội dung chính
1. Laptop Lenovo Ideapad Slim 3 15IML05 81WB01DYVN - Thiết kế sang trọng, hiệu năng ổn định
1.1. Thiết kế hiện đại, mỏng nhẹ cùng bộ khung chắc chắn
1.2. Hiệu năng xử lý mạnh mẽ, xử lý mượt mà tác vụ văn phòng
2. Mua laptop Lenovo Ideapad Slim 3 15IML05 81WB01DYVN giá tốt, chất lượng tại CellphoneS
Laptop Lenovo Ideapad Slim 3 15IML05 81WB01DYVN - Thiết kế sang trọng, hiệu năng ổn định
Bạn đang tìm kiếm một sản phẩm laptop Lenovo chất lượng tại CellphoneS, thì đừng bỏ qua laptop Lenovo Ideapad Slim 3 15IML05 81WB01DYVN. Laptop với thiết kế sang trọng mỏng nhẹ, rất thích hợp với người dùng học sinh sinh viên hoặc nhân viên văn phòng.
Thiết kế hiện đại, mỏng nhẹ cùng bộ khung chắc chắn
Nếu bạn là một người dùng thường xuyên phải di chuyển và phải mang máy đi nhiều nơi, thì hãy yên tâm bởi laptop Lenovo Ideapad Slim 3 15IML05 81WB01DYVN sở hữu một kích thước và trọng lượng tương đối nhẹ nên rất thuận tiện cho việc phải di chuyển nhiều.
Laptop với bộ khung máy chắc chắn với thiết kế phay xước giúp chống bám vân tay một cách hiệu quả. Bàn phím thiết kế full size mang lại trải nghiệm gõ chính xác và thoải mái.
Về khả năng hiển thị, với màn hình kích thước lớn 15.6 inch máy mang lại một không gian hiển thị vượt trội, màu sắc sống động.
Hiệu năng xử lý mạnh mẽ, xử lý mượt mà tác vụ văn phòng
Lenovo Ideapad Slim 3 15IML05 81WB01DYVN là chiếc laptop cho dân văn phòng được trang bị CPU Intel thế hệ 10 nên khả năng hoạt động của máy là vô cùng ổn định và đáp ứng được hầu hết các tác vụ cơ bản về học tập, giải trí. Ngoài ra, máy còn được khởi động nhanh hơn nhờ vào ổ SSD PCIE.
Mua laptop Lenovo Ideapad Slim 3 15IML05 81WB01DYVN giá tốt, chất lượng tại CellphoneS
Hãy đến ngay với CellphoneS nếu bạn đang có nhu cầu sở hữu laptop Lenovo Ideapad Slim 3 15IML05 81WB01DYVN với một mức giá tốt cùng sản phẩm chất lượng nhé.","{""Bộ xử lý & Đồ họa"": [{""name"": ""Loại card đồ họa"", ""value"": ""Intel UHD Graphics""}, {""name"": ""Socket"", ""value"": ""Intel SoC Platform""}, {""name"": ""Loại CPU"", ""value"": ""Intel Core i3-10110U, 2 nhân 4 luồng, 2.10 GHz (tối đa 4.1 GHz), 4 MB""}], ""Bộ nhớ RAM, Ổ cứng"": [{""name"": ""Dung lượng RAM"", ""value"": ""4GB""}, {""name"": ""Loại RAM"", ""value"": ""DDR4-2666""}, {""name"": ""Số khe ram"", ""value"": ""Trống 1 khe cắm\nNâng tối đa 12GB""}, {""name"": ""Ổ cứng"", ""value"": ""256GB SSD M.2 2242 PCIe 3.0x2 NVMe""}], ""Màn hình"": [{""name"": ""Tần số quét"", ""value"": ""60 Hz""}, {""name"": ""Chất liệu tấm nền"", ""value"": ""Tấm nền IPS""}, {""name"": ""Kích thước màn hình"", ""value"": ""15.6 inches""}, {""name"": ""Công nghệ màn hình"", ""value"": ""Màn hình chống loá\n250 nits""}, {""name"": ""Độ phân giải màn hình"", ""value"": ""1920 x 1080 pixels (FullHD)""}], ""Âm thanh"": [{""name"": ""Công nghệ âm thanh"", ""value"": ""1.5W x2, Dolby Audio""}], ""Cổng kết nối"": [{""name"": ""Khe đọc thẻ nhớ"", ""value"": ""Có""}, {""name"": ""Wi-Fi"", ""value"": ""802.11ac, 2x2""}, {""name"": ""Bluetooth"", ""value"": ""v5.0""}, {""name"": ""Cổng giao tiếp"", ""value"": ""1x USB 2.0\n2x USB 3.2 Gen 1\n1x HDMI 1.4b\n1x Card reader\n1x Combo mic tai nghe 3.5mm""}], ""Tính năng khác"": [{""name"": ""Bảo mật"", ""value"": ""Firmware TPM 2.0""}, {""name"": ""Webcam"", ""value"": ""HD 720p""}, {""name"": ""Hệ điều hành"", ""value"": ""Windows 11 Home SL""}], ""Pin & công nghệ sạc"": [{""name"": ""Pin"", ""value"": ""35Wh""}], ""Kích thước & Trọng lượng"": [{""name"": ""Kích thước"", ""value"": ""362.2 x 253.4 x 19.9 mm""}, {""name"": ""Trọng lượng"", ""value"": ""1.7 kg""}]}","[""https://cdn2.cellphones.com.vn/x/media/catalog/product/l/a/laptop_lenovo_ideapad_slim_3_15iml05_81wb01dyvn.png"", ""https://cdn2.cellphones.com.vn/x/media/catalog/product/_/0/_0004_45183_ideapad_slim_3i_15_grey_ha_3_.jpg"", ""https://cdn2.cellphones.com.vn/x/media/catalog/product/_/0/_0003_45183_ideapad_slim_3i_15_grey_ha_2_.jpg""]",{}
Laptop Lenovo LOQ 15IAX9E 83LK0079VN,laptop-lenovo-loq-15iax9e-83lk0079vn,23.990.000đ,22.390.000đ,"Đặc điểm nổi bật
Laptop Lenovo LOQ 15IAX9E 83LK0079VN là dòng laptop gaming có hiệu năng mạnh mẽ với chip Intel Core i5-12450HX với 8 nhân 12 luồng, xung nhịp tối đa 4.4GHz. Laptop tích hợp card rời NVIDIA GeForce RTX 3050 6GB GDDR6 để tối ưu khả năng đồ họa. Máy sở hữu 16GB RAM DDR5-4800 và ổ cứng SSD 512GB PCIe 4.0x4 NVMe hỗ trợ nâng lên 1TB.
Nội dung chính
1. Laptop Lenovo LOQ 15IAX9E 83LK0079VN - Hiệu năng mạnh mẽ, xử lý đồ họa vượt trội
1.1. Công nghệ AI-Powered Gaming PC tiên tiến
1.2. Chip Intel Core i5-12450HX
1.3. RAM DDR5-4800 16GB, ổ cứng 512GB SSD
1.4. Thiết kế mạnh mẽ, gọn nhẹ
1.5. Màn hình 15.6 inch Full HD (1920 x 1080 pixels)
1.6. Viên pin dung lượng 57Wh, kết nối đa dạng
2. Mua laptop Lenovo LOQ 15IAX9E 83LK0079VN chính hãng tại CellphoneS
Laptop Lenovo LOQ 15IAX9E 83LK0079VN - Hiệu năng mạnh mẽ, xử lý đồ họa vượt trội
Laptop Lenovo 83LK0079VN là dòng máy gaming nổi bật trong phân khúc tầm trung, kết hợp giữa hiệu năng mạnh mẽ và thiết kế gọn gàng, hiện đại. Lenovo LOQ 15IAX9E là lựa chọn vượt trội hơn nhiều mẫu laptop Lenovo LOQ truyền thống trong cùng phân khúc giá.
Công nghệ AI-Powered Gaming PC tiên tiến
Laptop Lenovo LOQ 15IAX9E 83LK0079VN được tích hợp công nghệ AI-Powered Gaming PC tiên tiến. Chip AI này có khả năng tối ưu hóa hệ thống theo thời gian thực, giúp máy tự động điều chỉnh hiệu suất CPU và GPU tùy vào từng tác vụ khác nhau.
Với sức mạnh xử lý AI đạt 142 AI TOPS, Lenovo LOQ 15IAX9E 83LK0079VN cho phép tăng tốc các tác vụ sử dụng trí tuệ nhân tạo. Laptop Lenovo LOQ có khả năng tự động tối ưu hóa tốc độ khung hình trong game, cải thiện độ mượt mà khi chơi những tựa game đòi hỏi cấu hình cao.
Chip Intel Core i5-12450HX
Laptop Lenovo LOQ 15IAX9E 83LK0079VN được trang bị chip Intel Core i5-12450HX, kiến trúc Alder Lake H-Series. Tốc độ xung nhịp có thể đạt 4.4GHz cho P-core và 3.1GHz cho E-core, đáp ứng tốt từ chơi game AAA đến các phần mềm đồ họa chuyên sâu như Adobe Premiere, Blender. 
Lenovo LOQ này sử dụng NVIDIA GeForce RTX 3050 6GB GDDR6, với Boost Clock 1432MHz và TGP 65W. Đây là dòng card RTX giúp game thủ trải nghiệm những tựa game nặng ở độ phân giải Full HD với khung hình cao, mượt mà. RTX 3050 6GB cũng vượt trội đáng kể so với các bản phổ biến 4GB.
RAM DDR5-4800 16GB, ổ cứng 512GB SSD
Laptop Lenovo LOQ 15IAX9E 83LK0079VN sở hữu 16GB RAM DDR5-4800 chuẩn SO-DIMM. Với tốc độ bus 4800MHz, chiếc máy mang lại khả năng phản hồi cực nhanh, tối ưu hóa khi làm việc với nhiều tab trình duyệt, liên tục trong thời gian dài. 
Laptop với dung lượng RAM 16GB, nhưng người dùng có thể nâng cấp tối đa lên 32GB DDR5-4800 để đảm bảo hiệu suất lâu dài. Lenovo LOQ 15IAX9E 83LK0079VN trang bị 512GB SSD M.2 2242 PCIe 4.0x4 NVMe. 
Đây là loại SSD thế hệ mới, có tốc độ truyền tải dữ liệu cao gấp nhiều lần chuẩn PCIe 3.0 cũ. Ngoài ra, máy hỗ trợ tối đa hai ổ đĩa M.2 SSD, mỗi ổ có thể lên tới 1TB – đáp ứng tốt nhu cầu lưu trữ game nặng, video 4K hay các dự án đồ họa dung lượng lớn.
Thiết kế mạnh mẽ, gọn nhẹ
Thiết kế của Lenovo LOQ 15IAX9E hướng tới sự đơn giản nhưng không kém phần cá tính. Laptop Lenovo LOQ 15IAX9E 83LK0079VN sử dụng chất liệu cao cấp cho cả mặt trên và mặt dưới, giúp máy nhẹ nhàng hơn mà vẫn đảm bảo độ bền bỉ cần thiết.
Lenovo LOQ 15IAX9E 83LK0079VN có kích thước 359.3 x 236 x 19.9–22.95 mm và trọng lượng 1.77kg, rất lý tưởng để mang theo hằng ngày. Dù là laptop gaming, sản phẩm vẫn có thiết kế mỏng nhẹ, phù hợp với cả môi trường học tập và làm việc. Tông màu xám trung tính của máy mang lại vẻ ngoài hiện đại, chuyên nghiệp, dễ dàng phù hợp với nhiều người.
Màn hình 15.6 inch Full HD (1920 x 1080 pixels)
Màn hình của Lenovo LOQ 15IAX9E có kích thước 15.6 inch với độ phân giải Full HD (1920 x 1080 pixels). Máy trang bị tấm nền IPS, đem lại góc nhìn rộng, hiển thị chân thực, sống động. Độ sáng đạt 300 nits cùng 100% sRGB đảm bảo chất lượng hình ảnh tốt cả khi làm việc trong môi trường ánh sáng mạnh.
Laptop Lenovo LOQ 15IAX9E 83LK0079VN hỗ trợ tần số quét 144Hz, cho chuyển động mượt mà và giảm thiểu hiện tượng xé hình trong các trò chơi yêu cầu tốc độ phản hồi cao. Máy trang bị công nghệ chống chối tiên tiến, giảm thiểu ánh sáng phản chiếu giúp người dùng không bị mỏi mắt khi làm việc cả ngày.
Viên pin dung lượng 57Wh, kết nối đa dạng
Lenovo LOQ 15IAX9E 83LK0079VN được trang bị viên pin dung lượng 57Wh, đủ sức đáp ứng nhu cầu sử dụng trong nhiều giờ cho một chiếc laptop gaming tầm trung. Với bộ sạc Slim Tip 135W (3-pin) đi kèm, người dùng có thể nhanh chóng nạp lại năng lượng cho máy, đồng thời duy trì hiệu suất cao ngay cả khi thực hiện những tác vụ nặng.
Về khả năng kết nối, laptop Lenovo LOQ 15IAX9E 83LK0079VN đã trang bị cho model này một loạt các cổng phổ biến nhằm tối ưu trải nghiệm người dùng. Laptop Lenovo LOQ hỗ trợ hai cổng USB-A chuẩn 5Gbps (USB 3.2 Gen 1) kết nối thiết bị ngoại vi, đi kèm cổng USB-C cũng đạt tốc độ 5Gbps, chuyên dùng cho truyền tải dữ liệu. 
Ngoài ra, người dùng có thể dễ dàng xuất hình ảnh ra màn hình ngoài với cổng HDMI 2.1, hỗ trợ độ phân giải lên tới 8K ở 60Hz, mang đến chất lượng hình ảnh sắc nét. Để đảm bảo đường truyền mạng ổn định, laptop còn có cổng Ethernet RJ-45, cùng với đầu đọc thẻ nhớ tích hợp giúp truyền tải dữ liệu tiện lợi hơn.
Mua laptop Lenovo LOQ 15IAX9E 83LK0079VN chính hãng tại CellphoneS
CellphoneS là hệ thống cửa hàng bán lẻ uy tín, chuyên cung cấp đồ công nghệ và phụ kiện điện tử uy tín với mức giá hợp lý đi kèm chính sách bảo hành rõ ràng, minh bạch. Ngoài ra, hệ thống còn thường xuyên triển khai các chương trình khuyến mãi, ưu đãi trả góp 0% lãi suất. Ghé Cellphone ngay hôm nay để được tư vấn và sở hữu chiếc laptop Lenovo LOQ 15IAX9E 83LK0079VN chính hãng cùng nhiều ưu đãi hấp dẫn nhé.","{""Bộ xử lý & Đồ họa"": [{""name"": ""Chip AI"", ""value"": ""AI-Powered Gaming PC""}, {""name"": ""Loại card đồ họa"", ""value"": ""NVIDIA GeForce RTX 3050 6GB GDDR6, Boost Clock 1432MHz, TGP 65W, 142 AI TOPS""}, {""name"": ""Loại CPU"", ""value"": ""Intel Core i5-12450HX, 8C (4P + 4E) / 12T, P-core up to 4.4GHz, E-core up to 3.1GHz, 12MB""}], ""Bộ nhớ RAM, Ổ cứng"": [{""name"": ""Dung lượng RAM"", ""value"": ""16GB""}, {""name"": ""Loại RAM"", ""value"": ""SO-DIMM DDR5-4800""}, {""name"": ""Số khe ram"", ""value"": ""1 khe (1x 16GB, nâng cấp tối đa 32GB DDR5-4800)""}, {""name"": ""Ổ cứng"", ""value"": ""512GB SSD M.2 2242 PCIe 4.0x4 NVMe (Tối đa hai ổ đĩa, 2x M.2 SSD • M.2 2242 SSD tối đa 1TB mỗi ổ)""}], ""Màn hình"": [{""name"": ""Tần số quét"", ""value"": ""144 Hz""}, {""name"": ""Chất liệu tấm nền"", ""value"": ""Tấm nền IPS""}, {""name"": ""Kích thước màn hình"", ""value"": ""15.6 inches""}, {""name"": ""Công nghệ màn hình"", ""value"": ""Độ sáng 300nits\nMàn hình chống chói\nĐộ phủ màu 100% sRGB""}, {""name"": ""Độ phân giải màn hình"", ""value"": ""1920 x 1080 pixels (FullHD)""}], ""Âm thanh"": [{""name"": ""Công nghệ âm thanh"", ""value"": ""Âm thanh độ nét cao (HD)\nBộ giải mã Realtek ALC3287\nLoa stereo, 2W x2\nNahimic Audio""}], ""Cổng kết nối"": [{""name"": ""Khe đọc thẻ nhớ"", ""value"": ""Có""}, {""name"": ""Wi-Fi"", ""value"": ""Wi-Fi 6, 802.11ax 2x2""}, {""name"": ""Bluetooth"", ""value"": ""Bluetooth 5.2""}, {""name"": ""Cổng giao tiếp"", ""value"": ""2x USB-A (5Gbps / USB 3.2 Gen 1)\n1x USB-C (5Gbps / USB 3.2 Gen 1), chỉ truyền dữ liệu\n1x HDMI 2.1, lên đến 8K/60Hz\n1x giắc cắm kết hợp tai nghe / micrô (3.5mm)\n1x Ethernet (RJ-45)\n1x Đầu đọc thẻ\n1x Đầu nối nguồn""}], ""Kích thước & Trọng lượng"": [{""name"": ""Chất liệu"", ""value"": ""Vỏ nhựa""}, {""name"": ""Chất liệu vỏ trên"", ""value"": ""Nhựa""}, {""name"": ""Chất liệu vỏ dưới"", ""value"": ""Nhựa""}, {""name"": ""Kích thước"", ""value"": ""359.3 x 236 x 19.9-22.95 mm (Dài x Rộng x Dày)""}, {""name"": ""Trọng lượng"", ""value"": ""1.77 kg""}], ""Tiện ích khác"": [{""name"": ""Tính năng đặc biệt"", ""value"": ""Wi-Fi 6""}], ""Tính năng khác"": [{""name"": ""Loại đèn bàn phím"", ""value"": ""Đèn nền màu trắng\nBàn di chuột đa điểm bề mặt Mylar không nút, hỗ trợ Precision TouchPad (PTP)""}, {""name"": ""Bảo mật"", ""value"": ""Firmware TPM 2.0 Enabled""}, {""name"": ""Webcam"", ""value"": ""HD 720p với Màn trập camera""}, {""name"": ""Hệ điều hành"", ""value"": ""Windows 11 Home Single Language, English""}], ""Pin & công nghệ sạc"": [{""name"": ""Pin"", ""value"": ""57Wh\n135W Slim Tip (3-pin)""}]}","[""https://cdn2.cellphones.com.vn/x/media/catalog/product/l/a/laptop_lenovo_loq_15iax9e_83lk0079vn_-_1.png"", ""https://cdn2.cellphones.com.vn/x/media/catalog/product/l/a/laptop_lenovo_loq_15iax9e_83lk0079vn_-_2.png"", ""https://cdn2.cellphones.com.vn/x/media/catalog/product/l/a/laptop_lenovo_loq_15iax9e_83lk0079vn_-_3.png""]","{""product_color_1"": {""color"": ""Xám"", ""image_url"": ""https://cellphones.com.vn/laptop-lenovo-loq-15iax9e-83lk0079vn.html?product_id=103533"", ""price"": ""22.390.000₫""}}"
Laptop Lenovo LOQ 15IAX9 83GS001RVN,laptop-lenovo-loq-15iax9-83gs001rvn,23.990.000đ,20.490.000đ,"Đặc điểm nổi bật
Laptop Lenovo LOQ 15IAX9 83GS001RVN được trang bị bộ xử lý Intel Core i5-12450HX với 8 lõi, 12 luồng cùng RAM DDR5-4800 cho khả năng đa nhiệm ấn tượng. Ổ cứng SSD 512GB chuẩn kết nối PCIe rút ngắn thời gian truy xuất dữ liệu và có thể nâng cấp với lên đến 1TB. Màn hình 15.6 inch cho vùng hiển thị rộng và tốc độ phản hồi nhanh nhờ tần số quét 144Hz. Sản phẩm laptop Lenovo Gaming trang bị đầy đủ cổng giao tiếp để kết nối với nhiều thiết bị ngoại vi. 
Nội dung chính
1. Laptop Lenovo LOQ 15IAX9 83GS001RVN: hiệu năng mạnh mẽ, màn hình hiển thị sắc nét
1.1. CPU Intel Core i5 chiến game cực đã
1.2. SSD 512GB chuẩn kết nối PCIe tốc độ cao 
1.3. Thiết kế gaming mang đậm phong cách Legion series
1.4. Màn hình sáng 300nits, tần số quét 144Hz mượt mà
1.5. Khả năng kết nối ấn tượng với đa dạng cổng giao tiếp
2. Mua laptop Lenovo LOQ 15IAX9 83GS001RVN giá tốt tại CellphoneS
Laptop Lenovo LOQ 15IAX9 83GS001RVN: hiệu năng mạnh mẽ, màn hình hiển thị sắc nét
Nếu bạn đang tìm kiếm mẫu laptop gaming được trang bị CPU tối thiểu Core i5 với thiết kế đẹp mắt thì đừng bỏ qua LOQ 15IAX9 83GS001RVN. Sản phẩm đến từ thương hiệu Lenovo tích hợp nhiều công nghệ tân tiến hứa hẹn sẽ mang lại cho bạn trải nghiệm chiến game mượt mà và sống động. 
CPU Intel Core i5 chiến game cực đã
Laptop Lenovo LOQ 15IAX9 83GS001RVN sở hữu CPU Core i5-12450HX thuộc thế hệ thứ 12 của Intel, được sản xuất trên tiến trình tân tiến. Chipset này bao gồm 8 nhân 12 luồng, trong đó có 4 nhân hiệu quả cao E-Core và 4 nhân hiệu năng cao P-Core. Nhờ vậy, bạn có thể chạy đa nhiệm mượt mà và cải thiện hiệu suất công việc đáng kể chỉ với một thiết bị. 
Card đồ hoạ RTX 3050 với dung lượng 6GB thoả mãn nhu cầu chơi game trên laptop, từ các tựa game thịnh hành cho tới những phần mềm thiết kế đồ hoạ yêu cầu cấu hình cao. So với card 1650 thì sức mạnh của RTX 3050 đã được nâng cấp tới 30%. Không những vậy, mẫu card này mang lại cho Lenovo LOQ 15IAX9 83GS001RVN nhiều công nghệ hiện đại như DLSS, Ray Tracing,... để trải nghiệm game thêm phần chân thực.
SSD 512GB chuẩn kết nối PCIe tốc độ cao 
Dòng laptop Lenovo LOQ này được trang bị ổ cứng SSD PCIe giúp tăng tốc độ khởi động các ứng dụng và tối ưu thời gian truy xuất dữ liệu. Với dung lượng 512GB, thiết bị cho phép bạn giải trí và tải xuống nhiều tệp tin với độ phân giải cao mà không cần bổ sung ổ đĩa phụ. Nhờ vậy, việc lưu trữ các tựa game và tài liệu sẽ trở nên nhanh chóng và thuận tiện hơn. Bạn cũng có thể mở rộng bộ nhớ lên đến 1TB khi có nhu cầu. 
RAM DDR5-4800 12GB cung cấp tốc độ xung bus cực cao lên tới 4800MT/giây cùng khả năng tăng băng thông lên tới 36%. Nhờ đó, Lenovo LOQ 15IAX9 83GS001RVN được cải thiện thông lượng dữ liệu tuần tự, đồng thời, tối ưu hoá các bộ xử lý cũng như nền tảng thế hệ mới. Không những vậy, bộ RAM này còn hỗ trợ giảm năng lượng tiêu thụ, đồng thời kéo dài tuổi thọ pin máy. 
Thiết kế gaming mang đậm phong cách Legion series
LOQ 15IAX9 83GS001RVN gây ấn tượng nhờ kiểu dáng tương đồng dòng Legion với hốc tản nhiệt rộng và độ dày mặt sau máy. Bản lề màn hình của chiếc laptop gaming này được thiết kế trang nhã, tạo điểm nhấn thu hút cho sản phẩm. So với người anh em Legion, LOQ 15IAX9 83GS001RVN có phần nhẹ hơn với trọng lượng khoảng 2.38 kg. 
Bên cạnh đó, sản phẩm vẫn sử dụng bàn phím White Backlit, giúp người dùng có thể làm việc và nhìn rõ phím ngay ở nơi có ít ánh sáng. Touchpad Buttonless Mylar surface multi-touch kích thước 75*120 mm mang đế trải nghiệm sử dụng chuột tự nhạy với vùng chạm rộng rãi. 
Màn hình sáng 300nits, tần số quét 144Hz mượt mà
Lenovo LOQ 15IAX9 83GS001RVN ghi điểm với màn hình sử dụng tấm nền IPS 15.6 inch cùng độ phân giải FHD sắc nét. Độ sáng tối đa lên tới 300nits Anti-glare có hỗ trợ G-SYNC kết hợp với tần số quét 144Hz hứa hẹn sẽ mang tới trải nghiệm chiến game chân thực và mượt mà ở mọi môi trường. Màn hình máy được đánh giá là ổn định khi thử nghiệm trên các tựa game eSport cũng như game AAA với tốc độ làm tươi ấn tượng, hạn chế độ trễ tốt. 
Khả năng kết nối ấn tượng với đa dạng cổng giao tiếp
LOQ 15IAX9 83GS001RVN cung cấp hầu như đầy đủ các cổng kết nối thông dụng hiện nay như: USB 3.2 Gen 1, HDMI, Ethernet (RJ-45), Power connector, tai nghe, USB-C 3.2 gen 2. Do đó, người dùng có thể dễ dàng chia sẻ tài liệu hay kết nối với các thiết bị ngoại vi nhanh chóng mà không cần đầu tư thêm các cổng chuyển đổi ngoài. 
Mua laptop Lenovo LOQ 15IAX9 83GS001RVN giá tốt tại CellphoneS
Laptop Lenovo LOQ 15IAX9 83GS001RVN là lựa chọn đáng đầu tư tại thời điểm năm 2024. Không chỉ mang tới trải nghiệm chiến game mượt mà, mẫu laptop gaming này còn sở hữu thiết kế mạnh mẽ và lôi cuốn. Đến ngay cửa hàng CellphoneS gần nhất để được tư vấn thông tin chi tiết cũng như sở hữu laptop chính hãng từ Lenovo với mức giá hấp dẫn. 
CellphoneS không chỉ cung cấp sản phẩm từ Lenovo mà còn là địa chỉ uy tín khi khách hàng cần tìm mua laptop gaming các thương hiệu như MSI, Gigabyte, Acer, Asus, Dell, HP,... Các sản phẩm công nghệ có chất lượng chính hãng, giá tốt kèm bảo hành uy tín.","{""Bộ xử lý & Đồ họa"": [{""name"": ""Loại card đồ họa"", ""value"": ""NVIDIA GeForce RTX 3050 6GB GDDR6, Boost Clock 1732MHz, TGP 95W""}, {""name"": ""Loại CPU"", ""value"": ""Intel Core i5-12450HX (8 lõi (4P + 4E) / 12 luồng, P-core up to 4.4GHz, E-core up to 3.1GHz, 12MB)""}], ""Bộ nhớ RAM, Ổ cứng"": [{""name"": ""Dung lượng RAM"", ""value"": ""12GB""}, {""name"": ""Loại RAM"", ""value"": ""1 x 12GB SO-DIMM DDR5-4800""}, {""name"": ""Số khe ram"", ""value"": ""2 khe DDR5 SO-DIMM (Nâng cấp tối đa 32 GB)""}, {""name"": ""Ổ cứng"", ""value"": ""512 GB SSD M.2 2242 PCIe 4.0x4 NVMe (1 khe SSD M.2 trống nâng cấp tối đa đến 1TB)""}], ""Màn hình"": [{""name"": ""Tần số quét"", ""value"": ""144 Hz""}, {""name"": ""Chất liệu tấm nền"", ""value"": ""Tấm nền IPS""}, {""name"": ""Kích thước màn hình"", ""value"": ""15.6 inches""}, {""name"": ""Công nghệ màn hình"", ""value"": ""Độ sáng 300 nits\nMàn hình chống chói\nĐộ phủ màu 100% sRGB\nG-SYNC""}, {""name"": ""Độ phân giải màn hình"", ""value"": ""1920 x 1080 pixels (FullHD)""}], ""Âm thanh"": [{""name"": ""Công nghệ âm thanh"", ""value"": ""Âm thanh độ phân giải cao (HD)\ncodec Realtek ALC3287\nLoa âm thanh nổi, 2W x2\nNahimic Audio""}], ""Cổng kết nối"": [{""name"": ""Khe đọc thẻ nhớ"", ""value"": ""Không""}, {""name"": ""Wi-Fi"", ""value"": ""Wi-Fi 6, 11ax 2x2""}, {""name"": ""Bluetooth"", ""value"": ""Bluetooth 5.2""}, {""name"": ""Cổng giao tiếp"", ""value"": ""3x USB-A (USB 5Gbps / USB 3.2 Gen 1)\n1x USB-C (USB 10Gbps / USB 3.2 Gen 2), với PD 140W và DisplayPort 1.4\n1x HDMI 2.1, up to 8K/60Hz\n1x Headphone / microphone combo jack (3.5mm)\n1x Ethernet (RJ-45)\n1x Đầu nối nguồn""}], ""Kích thước & Trọng lượng"": [{""name"": ""Chất liệu"", ""value"": ""Vỏ nhựa""}, {""name"": ""Kích thước"", ""value"": ""359.86 x 258.7 x 21.9-23.9 mm (W x D x H)""}, {""name"": ""Trọng lượng"", ""value"": ""2.38 kg""}], ""Tiện ích khác"": [{""name"": ""Tính năng đặc biệt"", ""value"": ""Wi-Fi 6""}], ""Tính năng khác"": [{""name"": ""Loại đèn bàn phím"", ""value"": ""Đèn nền trắng""}, {""name"": ""Bảo mật"", ""value"": ""Firmware TPM 2.0 Enabled""}, {""name"": ""Webcam"", ""value"": ""FHD 1080p với màn trập E-shutter""}, {""name"": ""Hệ điều hành"", ""value"": ""Windows 11 Home Single Language""}], ""Pin & công nghệ sạc"": [{""name"": ""Pin"", ""value"": ""60Wh""}]}","[""https://cdn2.cellphones.com.vn/x/media/catalog/product/l/a/laptop-lenovo-loq-15iax9-83gs001rvn-15.png"", ""https://cdn2.cellphones.com.vn/x/media/catalog/product/t/e/text_ng_n_15__7_14.png"", ""https://cdn2.cellphones.com.vn/x/media/catalog/product/t/e/text_ng_n_1__4_39.png""]","{""product_color_1"": {""color"": ""Xám"", ""image_url"": ""https://cellphones.com.vn/laptop-lenovo-loq-15iax9-83gs001rvn.html?product_id=77979"", ""price"": ""20.490.000₫""}}"
Laptop Lenovo Legion 5 15IRX10 83LY004GVN,laptop-lenovo-legion-5-15irx10-83ly004gvn,51.490.000đ,47.490.000đ,"Đặc điểm nổi bật
Laptop Lenovo Legion 5 15IRX10 83LY004GVN là dòng máy tính có hiệu năng mạnh mẽ với khả năng xử lý các tác vụ vượt trội từ chơi game đến đồ họa nặng. Chiếc laptop này sở hữu CPU Intel Core i7-14700HX kết hợp với card đồ họa NVIDIA GeForce RTX 5070 8GB GDDR7. Nhờ công nghệ Dolby Vision mà hình ảnh trên laptop cũng trở nên chân thực hơn.
Nội dung chính
1. Laptop Lenovo Legion 5 15IRX10 83LY004GVN - Hiệu năng chơi game vượt trội, xử lý đồ họa ấn tượng
1.1. Nâng cao trải nghiệm sử dụng nhờ công nghệ AI Engine+
1.2. Cấu hình mạnh cùng hệ thống tản nhiệt hoạt động tối ưu
1.3. Tốc độ xử lý vượt trội cùng RAM 24GB DDR5 và SSD 1TB
1.4. Thiết kế đẳng cấp, bàn phím đậm chất gaming
1.5. Tần số quét siêu mượt với màn hình rực rỡ
1.6. Dung lượng pin lớn cùng kết nối wifi siêu tốc
2. Mua laptop Lenovo Legion 5 15IRX10 83LY004GVN chính hãng tại CellphoneS
Laptop Lenovo Legion 5 15IRX10 83LY004GVN - Hiệu năng chơi game vượt trội, xử lý đồ họa ấn tượng
Là một trong những chiếc laptop gaming nổi bật của Lenovo, thiết bị này sở hữu nhiều ưu điểm nổi bật như hiệu suất mạnh mẽ và thiết kế tinh tế. Sau đây là một số đặc điểm nổi bật của chiếc laptop Lenovo Legion này mà được nhiều người dùng chú ý.
Nâng cao trải nghiệm sử dụng nhờ công nghệ AI Engine+
Nhờ tích hợp AI Engine+, laptop có khả năng tự điều chỉnh hiệu suất theo từng ứng dụng. Cụ thể, nếu chơi game, AI sẽ thiết lập thông số tối ưu cho CPU và GPU.
Điều này không chỉ giúp thiết bị ở trạng thái mát mẻ mà còn đảm bảo độ ổn định và tuổi thọ linh kiện bên trong. Trong các tác vụ khác, AI cũng được ứng dụng để lọc tiếng ồn hay tối ưu nội dung hiển thị.
Cấu hình mạnh cùng hệ thống tản nhiệt hoạt động tối ưu
Laptop Lenovo Legion 5 15IRX10 83LY004GVN sở hữu CPU Intel Core i7-14700HX, xử lý mượt mà các tác vụ nặng như đồ họa 3D, quay dựng video hay chơi game AAA. Laptop còn được trang bị hệ thống tản nhiệt ColdFront 5.0 với 2 quạt lớn, nhiều ống dẫn nhiệt và khe để thoát khí. Điều này giúp cho nhiệt độ của laptop duy trì ở mức an toàn.
Được trang bị card đồ hoạ rời NVIDIA GeForce RTX 50 Series, laptop này cho phép khả năng dựng hình một cách chi tiết với ánh sáng và hiệu ứng động chân thực. Với khả năng xuất hình 8K và hỗ trợ đa màn hình, đây là lựa chọn lý tưởng cho các game và những công việc đòi hỏi sự sáng tạo.
Tốc độ xử lý vượt trội cùng RAM 24GB DDR5 và SSD 1TB
Laptop Lenovo Legion 5 15IRX10 83LY004GVN sở hữu RAM 24GB DDR5-4800MHz (2x12GB). Kết hợp với ổ cứng SSD 1TB PCie 4.0x4 NVMe, thời gian khởi động máy và các tác vụ gần như ngay lập tức.
Ngoài ra, nhu cầu lưu trữ có thể được đáp ứng nhờ vào việc thiết bị này hỗ trợ hai khe SSD M.2 (mỗi khe tối đa 1TB), tổng dung lượng nâng cấp lên đến 2TB. Vì vậy, việc xử lý đa nhiệm trên laptop này vô cùng mượt mà, ngay cả khi chơi game hay chạy nhiều tác vụ cùng một lúc. 
Thiết kế đẳng cấp, bàn phím đậm chất gaming
Trọng lượng của laptop Lenovo Legion 5 15IRX10 83LY004GVN chỉ khoảng 1,9kg, độ mỏng khoảng 19,95mm nên vô cùng linh hoạt để mang theo. Vẻ bề ngoài mạnh mẽ cùng lớp vỏ nhôm anodized màu Eclipse Black mang đến cảm giác sang trọng cùng vẻ đẹp tinh tế.
Bên cạnh đó, thiết kế của chiếc laptop này còn đậm chất thể thao, vừa mang vẻ ngoài hiện đại, vừa giữ được phong thái mạnh mẽ đặc trưng của dòng máy Legion. Cho dù đặt ở vị trí nào trong căn phòng, chiếc laptop này vẫn luôn nổi bật với những đường cắt vát cứng cáp cùng các chi tiết phối màu tinh tế.
Sở hữu bàn phím full-size với hành trình sâu, chiếc laptop này còn vô cùng phù hợp cho cả chơi game và gõ văn bản. Bàn phím có kích thước lớn, hỗ trợ Precision TouchPad, mang lại cảm giác gõ chắc tay và tốc độ phản hồi nhanh. Ánh sáng RGB vừa hỗ trợ người dùng có thể làm việc ở nơi thiếu sáng, vừa tạo nên vẻ ngoài đậm chất gaming.
Tần số quét siêu mượt với màn hình rực rỡ
Laptop Lenovo Legion 5 15IRX10 83LY004GVN sở hữu màn hình OLED 15.1 inch, độ phân giải WQXGA (2560x1600), độ sáng 500 nits cùng tần số quét 165Hz. Màn hình của chiếc laptop này thể hiện màu đen sâu cùng độ tương phản rất cao và màu sắc vô cùng chính xác. 
Tỷ lệ màn hình 16:10 với không gian hiển thị rộng, độ chính xác màu sắc lý tưởng được đảm bảo. Vì vậy, khung hình cũng trở nên sinh động và chân thực hơn. Đây là sự lựa chọn phù hợp cho những người dùng có yêu cầu cao về trải nghiệm hình ảnh.
Dung lượng pin lớn cùng kết nối wifi siêu tốc
Laptop Lenovo Legion 5 15IRX10 83LY004GVN sở hữu dung lượng pin 80Wh, mang đến thời gian sử dụng dài hơn, đặc biệt là cho các tác vụ nặng. Kết hợp với sạc 245W Slim Tip, thời gian nạp đầy pin cũng nhanh chóng hơn. Nhu cầu sử dụng liên tục được đảm bảo mà không bị gián đoạn, ngắt quãng.
Tốc độ truy cập internet nhanh và ổn định nhờ vào việc thiết bị được trang bị chuẩn kết nối Wi-Fi 7 và Bluetooth 5.4. Laptop có hệ thống cổng kết nối phong phú, phân bố hợp lý ở ba cạnh – một trong những điểm cộng lớn về thiết kế. Điều này giúp không gian sử dụng được tối ưu, đảm bảo tính thẩm mỹ và sự tiện lợi cho người dùng. 
Mua laptop Lenovo Legion 5 15IRX10 83LY004GVN chính hãng tại CellphoneS
Nếu muốn mua laptop Lenovo Legion 5 15IRX10 83LY004GVN, quý khách hàng có thể đến ngay các cửa hàng của CellphoneS. Đây là hệ thống bán lẻ vô cùng uy tín, chuyên cung cấp thiết bị và phụ kiện điện tử chính hãng. Với laptop, hệ thống còn có chương trình ưu đãi mua trả góp 3 không vô cùng hấp dẫn. Cùng với đó là khu vực demo sản phẩm, giúp người dùng có thêm thông tin trước khi đưa ra quyết định mua sắm.","{""Bộ xử lý & Đồ họa"": [{""name"": ""Loại card đồ họa"", ""value"": ""NVIDIA GeForce RTX 5070 8GB GDDR7, Boost Clock 2347MHz, TGP 115W, 798 AI TOPS""}, {""name"": ""Loại CPU"", ""value"": ""Intel Core i7-14700HX, 20 lõi (8P + 12E) / 28 luồng, P-core 2.1 / 5.5GHz, E-core 1.5 / 3.9GHz, 33MB""}], ""Bộ nhớ RAM, Ổ cứng"": [{""name"": ""Dung lượng RAM"", ""value"": ""24GB""}, {""name"": ""Loại RAM"", ""value"": ""DDR5-4800""}, {""name"": ""Số khe ram"", ""value"": ""2 khe (2x 12GB, nâng cấp tối đa 32GB)""}, {""name"": ""Ổ cứng"", ""value"": ""1TB SSD M.2 2242 PCIe 4.0x4 NVMe""}], ""Màn hình"": [{""name"": ""Tần số quét"", ""value"": ""165 Hz""}, {""name"": ""Chất liệu tấm nền"", ""value"": ""Tấm nền Oled""}, {""name"": ""Kích thước màn hình"", ""value"": ""15.1 inches""}, {""name"": ""Công nghệ màn hình"", ""value"": ""Độ sáng 500nits\nĐộ phủ màu 100% DCI-P3\nDolby Vision\nDisplayHDR True Black 600""}, {""name"": ""Độ phân giải màn hình"", ""value"": ""2560 x 1600 (WQXGA)""}], ""Âm thanh"": [{""name"": ""Công nghệ âm thanh"", ""value"": ""Âm thanh độ nét cao (HD)\nBộ giải mã Realtek ALC3287\nLoa stereo, 2W x2\nâm thanh của HARMAN\nNahimic Audio""}], ""Kích thước & Trọng lượng"": [{""name"": ""Chất liệu"", ""value"": ""Vỏ kim loại""}, {""name"": ""Chất liệu vỏ màn hình"", ""value"": ""Dập nhôm (Anodized với phun cát)""}, {""name"": ""Chất liệu vỏ trên"", ""value"": ""Nhôm""}, {""name"": ""Chất liệu vỏ dưới"", ""value"": ""PC-ABS + 15% Talc""}, {""name"": ""Kích thước"", ""value"": ""344.9 x 255.35 x 19.95-21.54 mm (Dài x Rộng x Dày)""}, {""name"": ""Trọng lượng"", ""value"": ""1.9 kg""}], ""Tiện ích khác"": [{""name"": ""Tính năng đặc biệt"", ""value"": ""Màn hình Oled, Wi-Fi 7""}], ""Tính năng khác"": [{""name"": ""Loại đèn bàn phím"", ""value"": ""24-Zone RGB""}, {""name"": ""Bảo mật"", ""value"": ""Firmware TPM 2.0 Enabled""}, {""name"": ""Webcam"", ""value"": ""5.0MP với màn trập điện tử""}, {""name"": ""Hệ điều hành"", ""value"": ""Windows 11 Home Single Language, English + Office Home 2024 + Lenovo AI Now""}], ""Pin & công nghệ sạc"": [{""name"": ""Pin"", ""value"": ""80Wh, 245W Slim Tip (3-pin)""}], ""Cổng kết nối"": [{""name"": ""Wi-Fi"", ""value"": ""Wi-Fi 7, 802.11be 2x2""}, {""name"": ""Bluetooth"", ""value"": ""Bluetooth 5.4""}, {""name"": ""Cổng giao tiếp"", ""value"": ""2x USB-A (5Gbps)\n1x USB-A (5Gbps), Luôn bật\n1x USB-C với USB PD 65-100W và DP 2.1\n1x USB-C với DisplayPort 1.4\n1x HDMI 2.1, lên đến 8K/60Hz\n1x giắc cắm kết hợp tai nghe / micrô (3.5 mm)\n1x Ethernet (RJ-45)\n1x đầu nối nguồn""}]}","[""https://cdn2.cellphones.com.vn/x/media/catalog/product/l/a/laptop_lenovo_legion_5_15irx10_83ly004gvn_-_1.png"", ""https://cdn2.cellphones.com.vn/x/media/catalog/product/l/a/laptop_lenovo_legion_5_15irx10_83ly004gvn_-_2.png"", ""https://cdn2.cellphones.com.vn/x/media/catalog/product/l/a/laptop_lenovo_legion_5_15irx10_83ly004gvn_-_3.png""]","{""product_color_1"": {""color"": ""Đen"", ""image_url"": ""https://cellphones.com.vn/laptop-lenovo-legion-5-15irx10-83ly004gvn.html?product_id=108295"", ""price"": ""47.490.000₫""}}"
Laptop Lenovo IdeaPad Slim 3 14IRH10 83K00008VN,laptop-lenovo-ideapad-slim-3-14irh10-83k00008vn,18.990.000đ,17.490.000đ,"Đặc điểm nổi bật
Laptop Lenovo IdeaPad Slim 3 14IRH10 83K00008VN với chip xử lý Intel Core i5-13420H có 8 nhân và 12 luồng, đảm bảo hiệu năng mạnh mẽ cho đa nhiệm. Cùng với đó, bộ nhớ RAM 16GB DDR5-4800MHz và SSD 512GB PCIe 4.0 mang lại tốc độ phản hồi nhanh chóng. Màn hình 14 inch WUXGA IPS 300 nits sắc nét và pin 60Wh, giúp duy trì trải nghiệm ổn định và liền mạch.
Nội dung chính
1. Laptop Lenovo IdeaPad Slim 3 14IRH10 83K00008VN - Hiệu suất vượt trội với thiết kế hiện đại
1.1. Hiệu năng mạnh mẽ với CPU Intel Core i5 và card đồ họa tích hợp
1.2. RAM 16GB DDR5 và ổ cứng SSD 512GB PCIe 4.0 tốc độ cao
1.3. Thiết kế nhỏ gọn, màu sắc sang trọng
1.4. Màn hình 14 inch WUXGA sắc nét, tần số quét mượt mà
1.5. Pin 60Wh và cổng kết nối đa dạng
2. Mua laptop Lenovo IdeaPad Slim 3 14IRH10 83K00008VN giá tốt tại CellphoneS
Laptop Lenovo IdeaPad Slim 3 14IRH10 83K00008VN - Hiệu suất vượt trội với thiết kế hiện đại
IdeaPad Slim 3 14IRH10 83K00008VN là sự kết hợp hoàn hảo giữa hiệu năng mạnh mẽ và thiết kế tinh tế. Với cấu hình ấn tượng và tính năng hiện đại, chiếc laptop Lenovo IdeaPad này cam kết sẽ cung cấp một trải nghiệm xuất sắc cho người sử dụng.
Hiệu năng mạnh mẽ với CPU Intel Core i5 và card đồ họa tích hợp
Laptop Lenovo IdeaPad Slim 3 14IRH10 83K00008VN được trang bị bộ vi xử lý Intel Core i5-13420H với 8 nhân (4P + 4E), 12 luồng, và tốc độ tối đa 4.6GHz, cho khả năng xử lý ấn tượng. Chip này được tối ưu cho các hoạt động văn phòng, đồ họa cơ bản, và giải trí cơ bản. Chipset Intel SoC Platform cũng giúp đồng điều tiết năng lượng và nâng cao hiệu suất xử lý.
Card đồ họa Intel UHD Graphics tích hợp giúp xử lý hình ảnh một cách mượt mà, lý tưởng cho việc xem phim có độ phân giải cao hoặc sử dụng các ứng dụng thiết kế đơn giản. Hệ thống làm mát thông minh giữ cho nhiệt độ ổn định ngay cả trong những giờ làm việc liên tục. Nhờ vậy, người dùng sẽ thoải mái làm việc với IdeaPad Slim 3 14IRH10 83K00008VN trong thời gian dài.
RAM 16GB DDR5 và ổ cứng SSD 512GB PCIe 4.0 tốc độ cao
Với 16GB RAM DDR5-4800, laptop Lenovo IdeaPad Slim 3 14IRH10 83K00008VN có khả năng xử lý một cách mượt mà, không gặp phải tình trạng giật lag. Bộ nhớ DDR5 còn tiết kiệm năng lượng hơn 20% so với DDR4 mà giúp tốc độ truyền tải dữ liệu lên tới 4800MT/s. Người sử dụng cũng có lựa chọn nâng cấp RAM lên 24GB để phù hợp hơn với những yêu cầu cao hơn.
Ổ cứng SSD 512GB PCIe 4.0 cung cấp hiệu suất đọc và ghi nổi bật, làm rút ngắn thời gian mở hệ thống và khởi chạy ứng dụng chỉ trong vài giây. Hai khe M.2 2242 PCIe 4.0 cho phép mở rộng dung lượng lên 1TB SSD để lưu trữ dữ liệu thoải mái. Đặc biệt, công nghệ NVMe trên IdeaPad Slim 3 14IRH10 83K00008VN giúp giảm thiểu độ trễ, mang đến trải nghiệm tối ưu hơn.
Thiết kế nhỏ gọn, màu sắc sang trọng
Laptop Lenovo IdeaPad Slim 3 14IRH10 83K00008VN nổi bật với trọng lượng chỉ 1.43kg và độ dày từ 16.9 đến 17.9mm, giúp dễ dàng cho vào balo và mang theo bên mình. Vỏ máy được chế tác từ nhôm cao cấp với màu Luna Grey, và có thể chống trầy xước nhờ công nghệ anodized. Thiết kế này không chỉ tạo ra sự kiên cố mà còn cải thiện phong cách làm việc chuyên nghiệp.
Mặc dù bàn phím laptop văn phòng không được trang bị đèn nền, nhưng có hành trình phím sâu tới 1.5mm, tối ưu hóa khả năng nhạy và giảm thiểu tiếng ồn khi gõ. Touchpad Mylar hỗ trợ cảm ứng đa điểm và công nghệ Precision TouchPad, giúp việc vuốt và chạm trở nên chính xác đến từng pixel. Chiếc laptop cũng đạt tiêu chuẩn MIL-STD-810H qua 21 bài kiểm tra theo tiêu chuẩn quân đội.
Màn hình 14 inch WUXGA sắc nét, tần số quét mượt mà
Màn hình 14 inch WUXGA (1920x1200) của laptop Lenovo IdeaPad Slim 3 14IRH10 83K00008VN trang bị công nghệ IPS, cho phép góc nhìn lên tới 178 độ. Độ sáng đạt 300 nits và lớp phủ chống phản chiếu hỗ trợ làm việc thuận lợi trong môi trường có ánh sáng mạnh. Công nghệ bảo vệ thị lực từ TÜV Rheinland nhờ giảm ánh sáng xanh cho người dùng.
Tần số làm mới mượt mà cùng với dải màu 45% NTSC đáp ứng tốt nhu cầu xem phim và chỉnh sửa ảnh cơ bản. Viền màn hình máy tính xách tay 14 inch mỏng góp phần tối đa hóa không gian hiển thị hình ảnh, mang lại cảm giác xem tập trung hơn. Đây chính là một lợi thế lớn của IdeaPad Slim 3 14IRH10 83K00008VN dành cho những ai đặt nặng tầm quan trọng vào chất lượng hình ảnh.
Pin 60Wh và cổng kết nối đa dạng
Viên pin 60Wh trên Laptop Lenovo IdeaPad Slim 3 14IRH10 83K00008VN cho phép sử dụng liên tục 6-8 giờ tùy tác vụ, đủ đáp ứng một ngày làm việc hoặc học tập. Sạc 65W có khả năng nạp đầy 50% pin chỉ 30 phút, giúp tiết kiệm thời giờ chờ đợi. Công nghệ USB PD 3.0 qua cổng USB-C còn hỗ trợ sạc máy bằng power bank di động.
Thiết bị có đầy đủ cổng kết nối: 2 cổng USB-A 3.2, 1 cổng USB-C tương thích với DisplayPort™ 1.2, HDMI 1.4 hỗ trợ hình ảnh 4K, cùng với khe đọc thẻ SD. Ngoài ra, máy cũng trang bị jack âm thanh 3.5mm, giúp tăng khả năng tương thích. Kết nối không dây với Wi-Fi 6 và Bluetooth 5.2 đảm bảo tốc độ mạng ổn định, rất tiện lợi cho làm việc từ xa hoặc xem phim trực tuyến.
Mua laptop Lenovo IdeaPad Slim 3 14IRH10 83K00008VN giá tốt tại CellphoneS
Laptop Lenovo IdeaPad Slim 3 14IRH10 83K00008VN là một lựa chọn lý tưởng cho những người cần một chiếc máy tính xách tay kết hợp giữa hiệu suất và phong cách thiết kế. IdeaPad Slim 3 14IRH10 83K00008VN hiện đang có mặt tại cửa hàng CellphoneS trên toàn quốc. Khách hàng còn hưởng nhiều chương trình khuyến mãi hấp dẫn giúp sở hữu máy với giá cả ưu đãi.","{""Bộ xử lý & Đồ họa"": [{""name"": ""Loại card đồ họa"", ""value"": ""Intel UHD Graphics""}, {""name"": ""Loại CPU"", ""value"": ""Intel Core i5-13420H, 8 lõi (4P + 4E) / 12 luồng, P-core 2.1 / 4.6GHz, E-core 1.5 / 3.4GHz, 12MB""}], ""Bộ nhớ RAM, Ổ cứng"": [{""name"": ""Dung lượng RAM"", ""value"": ""16GB""}, {""name"": ""Loại RAM"", ""value"": ""DDR5-4800""}, {""name"": ""Số khe ram"", ""value"": ""2 khe (8GB Onboard + 8GB DDR5-4800, nâng cấp tối đa 24GB (8GB Onboard + 16GB SO-DIMM))""}, {""name"": ""Ổ cứng"", ""value"": ""512GB SSD M.2 2242 PCIe 4.0x4 NVMe (Tối đa hai ổ đĩa, nâng cấp lên đến 1TB)""}], ""Màn hình"": [{""name"": ""Chất liệu tấm nền"", ""value"": ""Tấm nền IPS""}, {""name"": ""Kích thước màn hình"", ""value"": ""14 inches""}, {""name"": ""Công nghệ màn hình"", ""value"": ""Độ sáng 300nits\nMàn hình chống chói\nĐộ phủ màu 45% NTSC""}, {""name"": ""Độ phân giải màn hình"", ""value"": ""1920 x 1200 pixels (WUXGA)""}], ""Âm thanh"": [{""name"": ""Công nghệ âm thanh"", ""value"": ""High Definition (HD) Audio\nLoa stereo, 2W x2\nDolby Audio""}], ""Cổng kết nối"": [{""name"": ""Khe đọc thẻ nhớ"", ""value"": ""Có""}, {""name"": ""Wi-Fi"", ""value"": ""Wi-Fi 6, 802.11ax 2x2""}, {""name"": ""Bluetooth"", ""value"": ""Bluetooth 5.2""}, {""name"": ""Cổng giao tiếp"", ""value"": ""2x USB-A (USB 5Gbps / USB 3.2 Gen 1)\n1x USB-C (USB 5Gbps / USB 3.2 Gen 1), với USB PD 3.0 và DisplayPort 1.2\n1x HDMI 1.4\n1x giắc cắm kết hợp tai nghe / micrô (3,5 mm)\n1x đầu đọc thẻ SD\n1x đầu nối nguồn""}], ""Kích thước & Trọng lượng"": [{""name"": ""Chất liệu vỏ màn hình"", ""value"": ""Nhôm""}, {""name"": ""Chất liệu vỏ trên"", ""value"": ""Nhôm""}, {""name"": ""Chất liệu vỏ dưới"", ""value"": ""Nhựa""}, {""name"": ""Kích thước"", ""value"": ""314.4 x 222.1 x 16.9-17.9 mm (Dài x Rộng x Dày)""}, {""name"": ""Trọng lượng"", ""value"": ""1.43 kg""}], ""Tiện ích khác"": [{""name"": ""Tính năng đặc biệt"", ""value"": ""Wi-Fi 6""}], ""Tính năng khác"": [{""name"": ""Loại đèn bàn phím"", ""value"": ""Không có đèn nền""}, {""name"": ""Bảo mật"", ""value"": ""Firmware TPM 2.0 Enabled""}, {""name"": ""Webcam"", ""value"": ""HD 720p với màn trập camera""}, {""name"": ""Hệ điều hành"", ""value"": ""Windows 11 Home Single Language, English""}], ""Pin & công nghệ sạc"": [{""name"": ""Pin"", ""value"": ""60Wh (Đầu tròn 65W (3 chân)""}]}","[""https://cdn2.cellphones.com.vn/x/media/catalog/product/l/a/laptop_lenovo_ideapad_slim_3_14irh10_83k00008vn_-_1.png"", ""https://cdn2.cellphones.com.vn/x/media/catalog/product/l/a/laptop_lenovo_ideapad_slim_3_14irh10_83k00008vn_-_2.png"", ""https://cdn2.cellphones.com.vn/x/media/catalog/product/l/a/laptop_lenovo_ideapad_slim_3_14irh10_83k00008vn_-_3.png""]","{""product_color_1"": {""color"": ""Xám"", ""image_url"": ""https://cellphones.com.vn/laptop-lenovo-ideapad-slim-3-14irh10-83k00008vn.html?product_id=100340"", ""price"": ""17.490.000₫""}}"
Laptop Lenovo IdeaPad Slim 3 15ABR8 82XM00MDVN,laptop-lenovo-ideapad-slim-3-15abr8-82xm00mdvn,14.290.000đ,12.490.000đ,"Đặc điểm nổi bật
Laptop Lenovo Ideapad Slim 3 15ABR8 82XM00MDVN với con vi xử lý Ryzen 5 5625U, 16GB RAM và bộ nhớ 512GB sẽ phục vụ tốt cho các công việc văn phòng. Mẫu laptop Lenovo Ideapad này còn cung cấp không gian hiển thị lớn, sắc nét với màn hình 15.6 inch FHD. Sản phẩm laptop Lenovo Ideapad còn sở hữu vẻ ngoài tinh tế cùng tính cơ động để phù hợp sử dụng ở mọi nơi.
Nội dung chính
1. Laptop Lenovo Ideapad Slim 3 15ABR8 82XM00MDVN - Hiệu năng đầy hứa hẹn
1.1. Hỗ trợ đa nhiệm, lưu trữ nâng cao
1.2. Vẻ ngoài tinh tế, di chuyển dễ dàng
1.3. Hiệu năng tối ưu cho công việc
1.4. Vận hành bền bỉ, kết nối thuận tiện
1.5. Không gian hiển thị lớn, sắc nét
2. Mua ngay laptop Lenovo Ideapad Slim 3 15ABR8 82XM00MDVN chất lượng tại CellphoneS
Laptop Lenovo Ideapad Slim 3 15ABR8 82XM00MDVN - Hiệu năng đầy hứa hẹn
Lenovo Ideapad Slim 3 15ABR8 82XM00MDVN với hiệu năng ổn định, ngoại hình tinh tế sẽ là lựa chọn lý tưởng để phục vụ nhu cầu công việc văn phòng. Hãy cùng tìm hiểu bài viết sau để biết thêm những ưu điểm có trên mẫu laptop Lenovo Ideapad này.
Hỗ trợ đa nhiệm, lưu trữ nâng cao
Laptop Lenovo Ideapad Slim 3 15ABR8 82XM00MDVN được trang bị dung lượng RAM lớn để hỗ trợ nhu cầu làm việc của người dùng. Với 16GB RAM DDR4 3200MHz, người dùng sẽ thoải mái thực hiện các phiên đa nhiệm cường độ cao mà không lo giật lag.
Tuy không có khả năng nâng cấp nhưng dung lượng RAM này vẫn sẽ phục vụ tốt mọi nhu cầu trong công việc và giải trí của người dùng. Bởi với trang bị này, Lenovo Ideapad Slim 3 15ABR8 82XM00MDVN có thể hoạt động trơn tru kể cả khi mở nhiều tab trình duyệt hay chạy nhiều phần mềm cùng lúc.
Lenovo còn trang bị cho mẫu laptop Ideapad này của hãng một ổ cứng SSD 512GB M.2 2242. Thông qua giao diện M.2 2242, người dùng có thể mở rộng không gian lưu trữ của laptop lên tối đa 1TB. Điều này sẽ đáp ứng tốt nhu cầu lưu trữ số lượng các file văn bản, dữ liệu của người làm việc văn phòng.
Vẻ ngoài tinh tế, di chuyển dễ dàng
Dù là dòng laptop văn phòng nhưng Lenovo Ideapad Slim 3 15ABR8 82XM00MDVN vẫn sở hữu một ngoại hình hiện đại, thời trang. Laptop được thiết kế với phần nắp màn hình tối giản và sử dụng màu Arctic Grey thu hút, trang nhã. Nhờ đó mà người dùng có thể sử dụng laptop linh hoạt ở nhiều nơi như văn phòng, quán cà phê, lớp học, thư viện,...
Vỏ máy được làm từ nhựa PC-ABS để vừa bền bỉ, vừa duy trì được sự gọn nhẹ. Với trọng lượng chỉ khoảng 1.62kg, mẫu laptop Lenovo Ideapad này còn có được sự cơ động để người dùng tiện lợi mang theo mọi nơi. Đồng thời, phần vỏ nhựa của laptop còn hạn chế tình trạng bám mồ hôi, vân tay để sản phẩm luôn giữ được độ mới.
Lenovo còn trang bị cho phiên bản laptop Ideapad Slim 3 này một bàn phím Full-size để tiện lợi hơn cho việc nhập số liệu. Khu vực kê tay được thiết kế tương đối rộng nhằm giảm tình trạng mỏi cổ tay trong quá trình điều hướng chuột, gõ phím.
Hiệu năng tối ưu cho công việc
Laptop Lenovo Ideapad Slim 3 15ABR8 82XM00MDVN được cung cấp sức mạnh vi xử lý Ryzen 5 5625U. Bộ vi xử lý 6 nhân, 12 luồng của AMD này sở hữu xung nhịp cực đại lên tới 4.3GHz. Nhờ vậy mà laptop sẽ luôn có thể xử lý các tác vụ trong thời gian ngắn ngay cả ở cường độ hoạt động cao.
Bộ xử lý Ryzen 5 còn được tích hợp kèm GPU AMD Radeon Graphics. Với GPU on-board này, laptop Ideapad Slim 3 15ABR8 82XM00MDVN sẽ được cải thiện cả về hiệu năng đồ hoạ. Không chỉ các tác vụ xem phim, lướt web cơ bản mà người dùng còn có thể chơi game cấu hình tầm trung, chỉnh sửa ảnh và video ngắn trên laptop.
Vận hành bền bỉ, kết nối thuận tiện
Lenovo Ideapad Slim 3 15ABR8 82XM00MDVN được cung cấp năng lượng từ viên pin 47Wh. Dung lượng pin này giúp mẫu laptop Ideapad Slim 3 của Lenovo có thể hoạt động liên tục trong nhiều giờ chỉ với một lần sạc. Điều này giúp người dùng tiện lợi khi sử dụng laptop ở những nơi không có nguồn điện như trên xe ô tô, ngoài công viên,...
Để hỗ trợ hiệu quả quá trình làm việc của người dùng, laptop Ideapad Slim 3 15ABR8 82XM00MDVN còn được tích hợp nhiều cổng kết nối. Cụ thể, Lenovo đã trang bị cho laptop các cổng USB 3.2 Gen 1, USB-C 3.2 Gen 1, HDMI 1.4, jack 3.5mm và khe đọc thẻ nhớ SD. Trong đó, cổng USB-C của laptop còn hỗ trợ truyền dữ liệu, DisplayPort 1.2, Power Delivery.
Ngoài ra, phiên bản laptop Lenovo Ideapad Slim 3 này còn sở hữu chuẩn Wi-Fi 6 hiện đại để duy trì kết nối mạng không dây tốc độ cao. Với công nghệ Bluetooth 5.2, laptop sẽ có có thể ghép nối ổn định với đa dạng các thiết bị ngoại vi không dây.
Không gian hiển thị lớn, sắc nét
Laptop Lenovo Ideapad Slim 3 15ABR8 82XM00MDVN được trang bị một màn hình 15.6 inch mang tới không giản hiển thị lớn. Với độ phân giải FHD, hình ảnh và văn bản sẽ luôn được độ sắc nét cao. Màn hình laptop còn đạt chứng nhận TUV Rheinland Low Blue Light để hạn chế tình trạng mỏi mắt do người dùng tiếp xúc ánh sáng xanh trong thời gian dài.
Màn hình laptop Ideapad Slim 3 15ABR8 82XM00MDVN còn sở hữu khả năng chống lóa. Khi kết hợp với độ sáng 300 nits, người dùng sẽ có thể sử dụng laptop cả ở những nơi có ánh sáng mạnh như ngoài trời nắng gắt.
Mua ngay laptop Lenovo Ideapad Slim 3 15ABR8 82XM00MDVN chất lượng tại CellphoneS
Laptop Lenovo Ideapad Slim 3 15ABR8 82XM00MDVN hiện đã có thể đặt mua tại các cửa hàng CellphoneS trên cả nước. Mẫu laptop Lenovo Ideapad này còn nhận được nhiều chương trình giảm giá, chiết khấu hội viên Smember, Sstudent,...để có giá bán cực kỳ phải chăng.
Khách hàng cũng có thể lựa chọn trả góp tại CellphoneS với lãi suất cực thấp để dễ dàng sở hữu mẫu laptop này. Ngoài ra, sản phẩm cũng được hỗ trợ giao hàng toàn quốc để khách hàng đặt mua tiện lợi ở bất cứ đâu.","{""Bộ xử lý & Đồ họa"": [{""name"": ""Loại card đồ họa"", ""value"": ""AMD Radeon Graphics""}, {""name"": ""Loại CPU"", ""value"": ""AMD Ryzen 5 5625U (6 lõi / 12 luồng, 2.3 / 4.3GHz, 3MB L2 / 16MB L3)""}], ""Bộ nhớ RAM, Ổ cứng"": [{""name"": ""Dung lượng RAM"", ""value"": ""16GB""}, {""name"": ""Loại RAM"", ""value"": ""DDR4-3200""}, {""name"": ""Số khe ram"", ""value"": ""Onboard (Không nâng cấp)""}, {""name"": ""Ổ cứng"", ""value"": ""512GB SSD M.2 2242 PCIe 4.0x4 NVMe (Một ổ đĩa, tối đa 1TB M.2 2242 SSD)""}], ""Màn hình"": [{""name"": ""Chất liệu tấm nền"", ""value"": ""Tấm nền IPS""}, {""name"": ""Kích thước màn hình"", ""value"": ""15.6 inches""}, {""name"": ""Công nghệ màn hình"", ""value"": ""Độ sáng 300nits\nMàn hình chống chói""}, {""name"": ""Độ phân giải màn hình"", ""value"": ""1920 x 1080 pixels (FullHD)""}], ""Âm thanh"": [{""name"": ""Công nghệ âm thanh"", ""value"": ""High Definition (HD) Audio\nLoa âm thanh nổi hướng về phía người dùng, 1,5W x2\nDolby Audio""}], ""Cổng kết nối"": [{""name"": ""Khe đọc thẻ nhớ"", ""value"": ""Có""}, {""name"": ""Wi-Fi"", ""value"": ""Wi-Fi 6, 802.11ax 2x2""}, {""name"": ""Bluetooth"", ""value"": ""Bluetooth 5.2""}, {""name"": ""Cổng giao tiếp"", ""value"": ""2x USB 3.2 Gen 1\n1x USB-C 3.2 Gen 1 (hỗ trợ truyền dữ liệu, Power Delivery và DisplayPort 1.2)\n1x HDMI 1.4\n1x giắc cắm kết hợp tai nghe/micrô (3.5mm)\n1x đầu đọc thẻ\n1x đầu nối nguồn""}], ""Kích thước & Trọng lượng"": [{""name"": ""Chất liệu"", ""value"": ""Vỏ nhựa""}, {""name"": ""Chất liệu vỏ trên"", ""value"": ""Nhựa""}, {""name"": ""Chất liệu vỏ dưới"", ""value"": ""Nhựa""}, {""name"": ""Kích thước"", ""value"": ""359.3 x 235 x 17.9 mm (Dài x Rộng x Dày)""}, {""name"": ""Trọng lượng"", ""value"": ""1.62 kg""}], ""Tiện ích khác"": [{""name"": ""Tính năng đặc biệt"", ""value"": ""Wi-Fi 6, Bảo mật vân tay""}], ""Tính năng khác"": [{""name"": ""Loại đèn bàn phím"", ""value"": ""Không có đèn nền""}, {""name"": ""Bảo mật"", ""value"": ""Firmware TPM 2.0 Enabled""}, {""name"": ""Webcam"", ""value"": ""HD 720p với màn trập camera""}, {""name"": ""Hệ điều hành"", ""value"": ""Windows 11 Home Single Language, English""}], ""Pin & công nghệ sạc"": [{""name"": ""Pin"", ""value"": ""47Wh (Đầu tròn 65W (3 chân))""}]}","[""https://cdn2.cellphones.com.vn/x/media/catalog/product/l/a/laptop_lenovo_ideapad_slim_3_15abr8_82xm00mdvn_-_1.png"", ""https://cdn2.cellphones.com.vn/x/media/catalog/product/l/a/laptop_lenovo_ideapad_slim_3_15abr8_82xm00mdvn_-_2.png"", ""https://cdn2.cellphones.com.vn/x/media/catalog/product/l/a/laptop_lenovo_ideapad_slim_3_15abr8_82xm00mdvn_-_3.png""]","{""product_color_1"": {""color"": ""Xám"", ""image_url"": ""https://cellphones.com.vn/laptop-lenovo-ideapad-slim-3-15abr8-82xm00mdvn.html?product_id=100669"", ""price"": ""12.490.000₫""}}"
Laptop Lenovo IdeaPad Slim 3 15IRH10 83K1002PVN,laptop-lenovo-ideapad-slim-3-15irh10-83k1002pvn,23.490.000đ,20.490.000đ,"Đặc điểm nổi bật
Laptop Lenovo IdeaPad Slim 3 15IRH10 83K1002PVN sở hữu màn hình WQXGA 15.1 inch, vi xử lý Intel Core i5-13420H, 16GB RAM DDR5 mang đến hiệu năng mạnh mẽ. Thiết kế mỏng nhẹ cùng màu sắc Luna Grey tinh tế giúp máy phù hợp với nhiều không gian. Mẫu laptop Lenovo IdeaPad này còn hỗ trợ tần số quét 165Hz để tối ưu nhu cầu giải trí.
Nội dung chính
1. Laptop Lenovo IdeaPad Slim 3 15IRH10 83K1002PVN - Cấu hình mạnh mẽ 
1.1. Sức mạnh xử lý vượt trội, vận hành trơn tru
1.2. Kiểu dáng sang trọng, nhỏ nhắn dễ dàng mang theo mọi nơi
1.3. Xử lý mạnh mẽ với CPU Intel Gen 13 và Intel UHD Graphics
1.4. Thời lượng pin bền bỉ, kết nối đầy đủ, hỗ trợ làm việc hiệu quả
1.5. Màn hình sắc nét, tần số quét cao
Laptop Lenovo IdeaPad Slim 3 15IRH10 83K1002PVN - Cấu hình mạnh mẽ 
Lenovo IdeaPad Slim 3 15IRH10 83K1002PVN sở hữu cấu hình ấn tượng trong phân khúc tầm trung, mang đến trải nghiệm mượt mà khi học tập, làm việc hay giải trí. Thiết kế gọn nhẹ kết hợp hiệu năng vượt trội hỗ trợ người dùng linh hoạt di chuyển và xử lý công việc. 
Sức mạnh xử lý vượt trội, vận hành trơn tru
Laptop Lenovo IdeaPad Slim 3 15IRH10 83K1002PVN được trang bị sẵn RAM 16GB chuẩn DDR5-4800, mang lại khả năng xử lý dữ liệu nhanh hơn, tiết kiệm điện năng hơn. Dù mở nhiều tab trình duyệt, chạy ứng dụng đồ họa nhẹ hay làm việc đa nhiệm mà không lo giật lag hay treo máy.
Về lưu trữ, máy sử dụng ổ cứng 512GB SSD M.2 PCIe 4.0x4 NVMe, giúp máy khởi động hệ điều hành và ứng dụng một cách nhanh chóng. Lenovo còn hỗ trợ tối đa hai khe cắm SSD (2x M.2), cho phép người dùng nâng cấp dễ dàng lên đến 1TB nếu cần lưu trữ thêm nhiều tài liệu, game hay video dung lượng lớn.
Cấu hình bộ nhớ này đáp ứng tốt nhu cầu từ học tập, làm việc văn phòng, lập trình cơ bản đến giải trí với các tựa game nhẹ, xử lý nhanh chóng và ổn định các tác vụ hàng ngày. Đây là lựa chọn phù hợp cho những ai cần một chiếc laptop vừa có hiệu suất mạnh vừa có khả năng nâng cấp linh hoạt trong tương lai.
Kiểu dáng sang trọng, nhỏ nhắn dễ dàng mang theo mọi nơi
Laptop Lenovo IdeaPad Slim 3 15IRH10 83K1002PVN sở hữu thiết kế tối giản nhưng không kém phần hiện đại, phù hợp với nhiều đối tượng người dùng. Tông màu Luna Grey chủ đạo tạo nên vẻ ngoài sang trọng, tinh tế nhưng vẫn đủ nổi bật khi sử dụng trong các môi trường công sở hay không gian cà phê sáng tạo.
Máy có kích thước 343.4 x 239.5 x 16.9-17.9 mm, giúp tổng thể gọn nhẹ, thanh thoát hơn hẳn so với nhiều mẫu laptop cùng phân khúc. Với trọng lượng chỉ khoảng 1.49 kg, người dùng có thể dễ dàng bỏ vào balo hoặc túi xách và mang theo trong những chuyến đi làm, học hay công tác xa mà không cảm thấy nặng nề. 
Xử lý mạnh mẽ với CPU Intel Gen 13 và Intel UHD Graphics
Laptop Lenovo IdeaPad Slim 3 15IRH10 83K1002PVN được trang bị bộ vi xử lý Intel Core i5-13420H. Con chip này sở hữu 8 lõi và 12 luồng, đáp ứng tốt nhu cầu làm việc đa nhiệm, xử lý các tác vụ văn phòng nâng cao, lập trình cơ bản.
Tốc độ xử lý linh hoạt với xung nhịp P-core lên đến 4.6GHz và E-core đạt tối đa 3.4GHz, đảm bảo laptop hoạt động ổn định khi chạy đồng thời nhiều ứng dụng. Bộ nhớ đệm 12MB Cache giúp giảm độ trễ xử lý, nâng cao tốc độ phản hồi của hệ thống. Kèm theo đó là GPU tích hợp Intel UHD Graphics để hỗ trợ khả năng xử lý đồ hoạ.
Thời lượng pin bền bỉ, kết nối đầy đủ, hỗ trợ làm việc hiệu quả
Laptop Lenovo IdeaPad Slim 3 15IRH10 83K1002PVN sở hữu viên pin dung lượng 60Wh, mang lại thời gian sử dụng liên tục nhiều giờ cho các tác vụ văn phòng cơ bản hay giải trí. Đi kèm theo máy là bộ sạc tròn 65W (3-pin), giúp người dùng nhanh chóng bổ sung năng lượng để tiếp tục công việc mà không mất quá nhiều thời gian chờ đợi.
Bên cạnh đó, chiếc laptop này còn được trang bị hệ thống cổng kết nối khá đầy đủ, đáp ứng hầu hết nhu cầu sử dụng ngoại vi của người dùng hiện nay. Cổng USB-C 3.2 Gen 1 hỗ trợ truyền dữ liệu tốc độ cao và Power Delivery 3.0, USB-A 3.2 Gen 1 giúp kết nối nhanh chóng với chuột, bàn phím hay ổ cứng rời. 
Màn hình sắc nét, tần số quét cao
Laptop Lenovo IdeaPad Slim 3 15IRH10 83K1002PVN sở hữu màn hình kích thước 15.1 inch với độ phân giải WQXGA 2560 x 1600 pixels, mang đến hình ảnh sắc nét và chi tiết. Công nghệ OLED cao cấp kết hợp với độ sáng đạt tới 500 nits, giúp hiển thị rõ ràng ngay cả trong môi trường có ánh sáng mạnh, đồng thời mang lại màu sắc rực rỡ, trung thực.
Với tiêu chuẩn Display HDR True Black 600, màn hình thể hiện độ tương phản cao, cho vùng sáng rực rỡ và vùng tối sâu thẳm. Với khả năng quét lên đến 165Hz, màn hình hiển thị các chuyển động mượt, sắc nét và chân thực hơn.
Mua ngay laptop Lenovo IdeaPad Slim 3 15IRH10 83K1002PVN giá tốt tại CellphoneS 
Mua ngay laptop Lenovo IdeaPad Slim 3 15IRH10 83K1002PVN với mức giá hấp dẫn tại CellphoneS. Khách hàng sẽ còn được hưởng ưu đãi trả góp 0% lãi suất cùng nhiều chương trình ưu đãi chỉ có tại CellphoneS. Bên cạnh đó, CellphoneS còn cam kết hàng chính hãng nguyên bản, bảo hành uy tín, dài hạn. Đội ngũ tư vấn viên giàu kinh nghiệm luôn sẵn sàng hỗ trợ, giải đáp mọi thắc mắc, giúp khách hàng lựa chọn sản phẩm phù hợp.","{""Bộ xử lý & Đồ họa"": [{""name"": ""Loại card đồ họa"", ""value"": ""Intel UHD Graphics""}, {""name"": ""Loại CPU"", ""value"": ""Intel Core i5-13420H, 8 lõi (4P + 4E) / 12 luồng, P-core 2.1 / 4.6GHz, E-core 1.5 / 3.4GHz, 12MB""}], ""Bộ nhớ RAM, Ổ cứng"": [{""name"": ""Dung lượng RAM"", ""value"": ""16GB""}, {""name"": ""Loại RAM"", ""value"": ""DDR5-4800""}, {""name"": ""Số khe ram"", ""value"": ""2 khe (8GB Soldered DDR5-4800 + 8GB SO-DIMM DDR5-4800, tối đa 24GB (8GB Onboard + 16GB SO-DIMM))""}, {""name"": ""Ổ cứng"", ""value"": ""512GB SSD M.2 2242 PCIe 4.0x4 NVMe (Tối đa hai ổ đĩa, 2x M.2 SSD • M.2 2242 SSD lên đến 1TB)""}], ""Màn hình"": [{""name"": ""Tần số quét"", ""value"": ""165 Hz""}, {""name"": ""Chất liệu tấm nền"", ""value"": ""Tấm nền Oled""}, {""name"": ""Kích thước màn hình"", ""value"": ""15.1 inches""}, {""name"": ""Công nghệ màn hình"", ""value"": ""Độ sáng 500nits\nĐộ phủ màu 100% DCI-P3\nDisplayHDR True Black 600""}, {""name"": ""Độ phân giải màn hình"", ""value"": ""2560 x 1600 (WQXGA)""}], ""Âm thanh"": [{""name"": ""Công nghệ âm thanh"", ""value"": ""Loa stereo, 2W x2\nDolby Audio\nÂm thanh độ nét cao (HD)""}], ""Kích thước & Trọng lượng"": [{""name"": ""Chất liệu vỏ màn hình"", ""value"": ""Nhôm""}, {""name"": ""Chất liệu vỏ trên"", ""value"": ""Nhôm""}, {""name"": ""Chất liệu vỏ dưới"", ""value"": ""Nhựa""}, {""name"": ""Kích thước"", ""value"": ""343.4 x 239.5 x 16.9-17.9 mm (Dài x Rộng x Dày)""}, {""name"": ""Trọng lượng"", ""value"": ""1.49 kg""}], ""Tiện ích khác"": [{""name"": ""Tính năng đặc biệt"", ""value"": ""Wi-Fi 6, Nhận diện khuôn mặt, Màn hình Oled""}], ""Tính năng khác"": [{""name"": ""Loại đèn bàn phím"", ""value"": ""Backlit, English""}, {""name"": ""Bảo mật"", ""value"": ""Firmware TPM 2.0 Enabled\nMàn trập riêng tư của camera\nCamera hồng ngoại cho Windows Hello (nhận dạng khuôn mặt)""}, {""name"": ""Webcam"", ""value"": ""FHD 1080p + IR với Màn trập camera""}, {""name"": ""Hệ điều hành"", ""value"": ""Windows 11 Home Single Language, English""}], ""Pin & công nghệ sạc"": [{""name"": ""Pin"", ""value"": ""60Wh, 65W Round Tip (3-pin)""}], ""Cổng kết nối"": [{""name"": ""Wi-Fi"", ""value"": ""Wi-Fi 6, 802.11ax 2x2""}, {""name"": ""Bluetooth"", ""value"": ""Bluetooth 5.2""}, {""name"": ""Cổng giao tiếp"", ""value"": ""2x USB-A (USB 5Gbps / USB 3.2 Gen 1)\n1x USB-C (USB 5Gbps / USB 3.2 Gen 1), với USB PD 3.0 và DisplayPort 1.2\n1x HDMI 1.4\n1x giắc cắm kết hợp tai nghe / micrô (3.5 mm)\n1x đầu đọc thẻ SD\n1x đầu nối nguồn""}]}","[""https://cdn2.cellphones.com.vn/x/media/catalog/product/l/a/laptop_lenovo_ideapad_slim_3_15irh10_83k1002pvn_-_1.png"", ""https://cdn2.cellphones.com.vn/x/media/catalog/product/l/a/laptop_lenovo_ideapad_slim_3_15irh10_83k1002pvn_-_2.png"", ""https://cdn2.cellphones.com.vn/x/media/catalog/product/l/a/laptop_lenovo_ideapad_slim_3_15irh10_83k1002pvn_-_3.png""]","{""product_color_1"": {""color"": ""Xám"", ""image_url"": ""https://cellphones.com.vn/laptop-lenovo-ideapad-slim-3-15irh10-83k1002pvn.html?product_id=108542"", ""price"": ""20.490.000₫""}}"
Laptop Lenovo LOQ 15ARP9 83JC00LVVN,laptop-lenovo-loq-15arp9-83jc00lvvn,27.490.000đ,24.390.000đ,"Đặc điểm nổi bật
Laptop Lenovo LOQ 15ARP9 83JC00LVVN trang bị cấu hình CPU AMD Ryzen 5 7235HS 4 nhân 8 luồng, card NVIDIA GeForce RTX 3050 6GB mang lại hiệu năng mạnh mẽ. Màn hình 15.6 inch Full HD IPS, tần số quét 144Hz và công nghệ G-SYNC cho hình ảnh mượt mà. Mẫu laptop Lenovo LOQ này còn có nhiều cổng kết nối hiện đại cùng pin 60Wh đáp ứng tốt nhu cầu sử dụng.
Nội dung chính
1. Laptop Lenovo LOQ 15ARP9 83JC00LVVN - Cấu Hình AMD Ryzen 5 & RTX 3050
1.1. Công nghệ AI và tính năng thông minh đột phá
1.2. Hiệu năng đỉnh cao từ CPU Ryzen 5
1.3. Bộ nhớ và lưu trữ nhanh mạnh, đáp ứng mọi nhu cầu
1.4. Thiết kế sang trọng, vỏ bền bỉ và tinh tế
1.5. Trải nghiệm hình ảnh sắc nét, mượt mà
1.6. Pin bền bỉ và kết nối đa dạng, tiện lợi
2. Mua ngay laptop Lenovo LOQ 15ARP9 83JC00LVVN chính hãng tại CellphoneS
Laptop Lenovo LOQ 15ARP9 83JC00LVVN - Cấu Hình AMD Ryzen 5 & RTX 3050
Laptop Lenovo LOQ 15ARP9 83JC00LVVN là lựa chọn lý tưởng dành cho những ai cần một thiết bị vừa mạnh mẽ, vừa linh hoạt. Với cấu hình ấn tượng cùng thiết kế hiện đại, chiếc laptop này mang lại trải nghiệm mượt mà và hiệu quả trong mọi tác vụ.
Công nghệ AI và tính năng thông minh đột phá
Laptop Lenovo LOQ 15ARP9 83JC00LVVN được tích hợp chip AI LA1 hỗ trợ tăng cường hiệu suất và khả năng xử lý thông minh. Công nghệ AI này giúp tối ưu hóa tài nguyên phần cứng, mang lại trải nghiệm sử dụng mượt mà hơn trong các tác vụ nặng. Nhờ đó, người dùng có thể chơi game và làm việc đa nhiệm một cách hiệu quả hơn.
Tính năng AI còn góp phần cải thiện chất lượng hình ảnh và âm thanh, giúp trải nghiệm giải trí thêm sống động và chân thực. Ngoài ra, AI còn hỗ trợ trong việc quản lý pin và nhiệt độ máy để kéo dài thời gian sử dụng và bảo vệ phần cứng. Đây là một điểm nhấn giúp chiếc laptop này nổi bật trong phân khúc laptop gaming tầm trung.
Hiệu năng đỉnh cao từ CPU Ryzen 5
Laptop Lenovo LOQ 15ARP9 83JC00LVVN được trang bị CPU AMD Ryzen 5 7235HS với 4 lõi và 8 luồng, đạt tốc độ xung nhịp tối đa lên đến 4.2GHz. Bộ vi xử lý này đủ mạnh để xử lý các tác vụ đa nhiệm, chơi game và các phần mềm đồ họa chuyên sâu. Đây là sự lựa chọn phù hợp cho người dùng cần hiệu năng mạnh mẽ nhưng vẫn tiết kiệm điện năng.
Card đồ họa NVIDIA GeForce RTX 3050 với 6GB GDDR6 đảm bảo xử lý mượt mà các tựa game phổ biến hiện nay và các ứng dụng sáng tạo nội dung. Card này còn hỗ trợ các công nghệ đồ họa tiên tiến như ray tracing và DLSS, nâng cao chất lượng hình ảnh và hiệu suất chơi game. 
Hệ thống tản nhiệt của máy được thiết kế để duy trì nhiệt độ ổn định khi hoạt động ở cường độ cao. Với mức TGP 95W cho card đồ họa, Lenovo LOQ 15ARP9 có khả năng xử lý nhiệt hiệu quả, giúp giảm thiểu hiện tượng nóng máy và giữ hiệu năng ổn định trong thời gian dài.
Bộ nhớ và lưu trữ nhanh mạnh, đáp ứng mọi nhu cầu
Laptop Lenovo LOQ 15ARP9 83JC00LVVN được trang bị RAM 16GB DDR5-4800 với hai khe SO-DIMM, hỗ trợ nâng cấp tối đa lên đến 32GB. Dung lượng RAM lớn giúp máy chạy đa nhiệm mượt mà, xử lý nhanh các ứng dụng nặng và game hiện đại. Công nghệ DDR5 còn mang lại băng thông cao hơn và độ trễ thấp hơn so với thế hệ trước.
Ổ cứng của máy là SSD M.2 PCIe 4.0x4 dung lượng 512GB, cho tốc độ đọc ghi rất nhanh, giúp khởi động hệ điều hành và ứng dụng chỉ trong vài giây. Ngoài ra, máy còn hỗ trợ tối đa 2 ổ M.2 SSD với dung lượng mỗi ổ lên đến 1TB, cho phép người dùng dễ dàng nâng cấp và mở rộng bộ nhớ. 
Tổng thể, sự kết hợp giữa RAM DDR5 và ổ SSD PCIe 4.0 giúp Lenovo LOQ 15ARP9 có khả năng xử lý dữ liệu nhanh chóng, phù hợp với cả game thủ lẫn người dùng chuyên nghiệp cần hiệu suất cao. Bộ nhớ lớn cũng giúp duy trì tốc độ và sự ổn định trong nhiều giờ sử dụng. 
Thiết kế sang trọng, vỏ bền bỉ và tinh tế
Laptop Lenovo LOQ 15ARP9 83JC00LVVN sở hữu thiết kế hiện đại với vỏ ngoài làm từ chất liệu nhựa PC-ABS bền bỉ, mang lại cảm giác chắc chắn và độ bền cao. Màu sắc Luna Grey tạo nên vẻ ngoài thanh lịch, phù hợp với nhiều đối tượng người dùng. 
Máy có kích thước 359.86 x 258.7 x 21.9–23.9 mm và trọng lượng 2.38 kg, vừa đủ nhẹ để di chuyển nhưng vẫn đảm bảo sự cứng cáp. Bàn phím của máy được trang bị đèn nền trắng, giúp thuận tiện sử dụng trong điều kiện thiếu sáng hoặc ban đêm. Touchpad đa điểm hỗ trợ cảm ứng chính xác, nâng cao trải nghiệm thao tác và điều khiển. 
Máy có tỉ lệ màn hình so với thân máy lên tới 88% giúp tận dụng tối đa không gian hiển thị mà vẫn giữ được kích thước gọn gàng. Bề mặt vỏ được sơn phủ tỉ mỉ, hạn chế trầy xước và dấu vân tay hiệu quả. 
Trải nghiệm hình ảnh sắc nét, mượt mà
Laptop Lenovo LOQ 15ARP9 83JC00LVVN trang bị màn hình 15.6 inch với độ phân giải Full HD (1920 x 1080) cho hình ảnh sắc nét. Tấm nền IPS giúp mở rộng góc nhìn và tái hiện màu sắc chính xác, đáp ứng tốt nhu cầu chơi game cũng như làm việc đồ họa. Màn hình còn có độ sáng 300 nits giúp hiển thị rõ ngay cả trong điều kiện ánh sáng mạnh.
Tần số quét 144Hz mang lại trải nghiệm hình ảnh mượt mà, giảm thiểu hiện tượng giật lag và bóng mờ khi chơi game hay xem video chuyển động nhanh. Công nghệ G-SYNC hỗ trợ đồng bộ hóa tốc độ khung hình giữa card đồ họa và màn hình, giúp loại bỏ hiện tượng xé hình và rung hình. 
Ngoài ra, màn hình còn có lớp phủ chống chói giúp giảm mỏi mắt khi sử dụng lâu và nâng cao sự thoải mái khi làm việc hoặc giải trí. Độ phủ màu 100% sRGB đáp ứng tốt các tiêu chuẩn màu sắc chuyên nghiệp, phù hợp cho cả thiết kế và chỉnh sửa hình ảnh. 
Pin bền bỉ và kết nối đa dạng, tiện lợi
Laptop Lenovo LOQ 15ARP9 83JC00LVVN được trang bị pin dung lượng 60Wh, hỗ trợ sử dụng liên tục trong nhiều giờ với các tác vụ phổ thông. Bộ sạc 170W Slim Tip cho phép nạp đầy pin nhanh chóng, đảm bảo máy luôn sẵn sàng khi cần. Đây là mức pin đủ dùng cho cả ngày làm việc hoặc giải trí nhẹ nhàng.
Máy có đầy đủ các cổng kết nối hiện đại bao gồm 3 cổng USB-A tốc độ 5Gbps và 1 cổng USB-C tốc độ 10Gbps hỗ trợ sạc nhanh và xuất hình DisplayPort 1.4. Cổng HDMI 2.1 hỗ trợ xuất hình ảnh lên đến 8K/60Hz, rất hữu ích cho việc kết nối với màn hình lớn hoặc TV. Ngoài ra còn có jack tai nghe/micrô 3.5mm và cổng Ethernet RJ-45 đảm bảo kết nối mạng ổn định.
Việc trang bị đa dạng cổng kết nối giúp người dùng dễ dàng kết nối với nhiều thiết bị ngoại vi khác nhau như chuột, bàn phím, ổ cứng ngoài hay màn hình phụ. Hỗ trợ Wi-Fi 6 và Bluetooth 5.2 mang lại khả năng kết nối không dây nhanh và ổn định. 
Mua ngay laptop Lenovo LOQ 15ARP9 83JC00LVVN chính hãng tại CellphoneS
Laptop Lenovo LOQ 15ARP9 83JC00LVVN nổi bật với hiệu năng mạnh mẽ và thiết kế hiện đại, phù hợp cho nhiều đối tượng. Cellphones cam kết cung cấp sản phẩm chính hãng với chế độ bảo hành đầy đủ và dịch vụ hậu mãi chuyên nghiệp. Các chương trình ưu đãi hấp dẫn luôn được áp dụng, giúp tối ưu giá trị khi mua sắm. Hệ thống giao hàng nhanh chóng trên toàn quốc đảm bảo sản phẩm đến tay khách hàng một cách thuận tiện và kịp thời.","{""Bộ xử lý & Đồ họa"": [{""name"": ""Loại card đồ họa"", ""value"": ""NVIDIA GeForce RTX 3050 6GB GDDR6, Boost Clock 1732MHz, TGP 95W""}, {""name"": ""Loại CPU"", ""value"": ""AMD Ryzen 5 7235HS (4 lõi / 8 luồng, 3.2 / 4.2GHz, 2MB L2 / 8MB L3)""}], ""Bộ nhớ RAM, Ổ cứng"": [{""name"": ""Dung lượng RAM"", ""value"": ""16GB""}, {""name"": ""Loại RAM"", ""value"": ""DDR5-4800""}, {""name"": ""Số khe ram"", ""value"": ""2 khe (2 x 8GB, nâng cấp tối đa 32GB DDR5-4800)""}, {""name"": ""Ổ cứng"", ""value"": ""512GB SSD M.2 2242 PCIe 4.0x4 NVMe, Hỗ trợ tối đa 2 ổ M.2 SSD (M.2 2242, tối đa 1TB mỗi ổ)""}], ""Màn hình"": [{""name"": ""Tần số quét"", ""value"": ""144 Hz""}, {""name"": ""Chất liệu tấm nền"", ""value"": ""Tấm nền IPS""}, {""name"": ""Kích thước màn hình"", ""value"": ""15.6 inches""}, {""name"": ""Công nghệ màn hình"", ""value"": ""Độ sáng 300nits\nMàn hình chống chói\nĐộ phủ màu 100% sRGB\nG-SYNC""}, {""name"": ""Độ phân giải màn hình"", ""value"": ""1920 x 1080 pixels (FullHD)""}], ""Âm thanh"": [{""name"": ""Công nghệ âm thanh"", ""value"": ""Âm thanh độ nét cao (HD)\nBộ giải mã Realtek ALC3287\nLoa stereo, 2W x2\nNahimic Audio""}], ""Cổng kết nối"": [{""name"": ""Khe đọc thẻ nhớ"", ""value"": ""Không""}, {""name"": ""Wi-Fi"", ""value"": ""Wi-Fi 6, 802.11ax 2x2""}, {""name"": ""Bluetooth"", ""value"": ""Bluetooth 5.2""}, {""name"": ""Cổng giao tiếp"", ""value"": ""3x USB-A (5Gbps)\n1x USB-C (10Gbps), với Lenovo PD 140W và DisplayPort 1.4\n1x HDMI 2.1, lên đến 8K/60Hz\n1x Giắc cắm kết hợp tai nghe/micrô (3.5mm)\n1x Ethernet (RJ-45)\n1x Đầu nối nguồn""}], ""Kích thước & Trọng lượng"": [{""name"": ""Chất liệu"", ""value"": ""Vỏ nhựa""}, {""name"": ""Chất liệu vỏ trên"", ""value"": ""Nhựa""}, {""name"": ""Chất liệu vỏ dưới"", ""value"": ""Nhựa""}, {""name"": ""Kích thước"", ""value"": ""359.86 x 258.7 x 21.9–23.9 mm (Dài x Rộng x Dày)""}, {""name"": ""Trọng lượng"", ""value"": ""2.38 kg""}], ""Tiện ích khác"": [{""name"": ""Tính năng đặc biệt"", ""value"": ""Wi-Fi 6""}], ""Tính năng khác"": [{""name"": ""Loại đèn bàn phím"", ""value"": ""Đèn nền trắng""}, {""name"": ""Bảo mật"", ""value"": ""Firmware TPM 2.0 Enabled""}, {""name"": ""Webcam"", ""value"": ""HD 720p với E-shutter""}, {""name"": ""Hệ điều hành"", ""value"": ""Windows 11 Home Single Language, English""}], ""Pin & công nghệ sạc"": [{""name"": ""Pin"", ""value"": ""60Wh, 170W Slim Tip (3-pin)""}]}","[""https://cdn2.cellphones.com.vn/x/media/catalog/product/l/a/laptop_lenovo_loq_15arp9_83jc00lvvn_-_1.png"", ""https://cdn2.cellphones.com.vn/x/media/catalog/product/l/a/laptop_lenovo_loq_15arp9_83jc00lvvn_-_2.png"", ""https://cdn2.cellphones.com.vn/x/media/catalog/product/l/a/laptop_lenovo_loq_15arp9_83jc00lvvn_-_3.png""]","{""product_color_1"": {""color"": ""Xám"", ""image_url"": ""https://cellphones.com.vn/laptop-lenovo-loq-15arp9-83jc00lvvn.html?product_id=113727"", ""price"": ""24.390.000₫""}}"
Laptop Lenovo IdeaPad Slim 3 15IRH10 83K1000JVN,laptop-lenovo-ideapad-slim-3-15irh10-83k1000jvn,22.990.000đ,20.590.000đ,"Đặc điểm nổi bật
Laptop Lenovo Ideapad Slim 3 15IRH10 83K1000JVN trang bị dung lượng lưu trữ đến 16GB RAM và kết hợp ổ cứng 512GB cho phép lưu trữ nhiều dữ liệu khác nhau. Kích thước laptop là 343,4 x 239,5 x 16,9-17,9 mm khi sử dụng gọn nhẹ và dễ di chuyển. Dung lượng pin 60Wh và sạc 65W (3 chân), tạo ra nguồn năng lượng ổn định hơn. 
Nội dung chính
1. Laptop Lenovo Ideapad Slim 3 15IRH10 83K1000JVN - Bộ nhớ lớn và tốc độ xử lý dữ liệu nhanh chóng
1.1. Bộ nhớ lớn và tốc độ xử lý dữ liệu nhanh chóng
1.2. Thiết kế hiện đại và trọng lượng gọn nhẹ
1.3. Đồ hoạ sắc nét cùng với chipset mạnh mẽ
1.4. Dung lượng pin lớn và nhiều cổng kết nối
1.5. Màn hình rõ ràng và tần số quét mượt mà
2. Mua laptop Lenovo Ideapad Slim 3 15IRH10 83K1000JVN chính hãng tại CellphoneS
Laptop Lenovo Ideapad Slim 3 15IRH10 83K1000JVN - Bộ nhớ lớn và tốc độ xử lý dữ liệu nhanh chóng
Laptop Lenovo Ideapad Slim 3 15IRH10 83K1000JVN là sự kết hợp giữa thiết kế mỏng nhẹ và hiệu suất ổn định, đáp ứng tốt nhu cầu hằng ngày. Sản phẩm laptop Lenovo Ideapad sẽ tạo ra trải nghiệm ấn tượng cho người dùng trong quá trình sử dụng.
Bộ nhớ lớn và tốc độ xử lý dữ liệu nhanh chóng
Bộ nhớ 16GB DDR5-4800 của Slim 3 15IRH10 83K1000JVN mang đến hiệu suất ổn định, tốc độ xử lý nhanh chóng hơn bao giờ hết. Công nghệ RAM DDR5 tiên tiến giúp tối ưu băng thông, cải thiện khả năng đa nhiệm, đáp ứng tốt nhu cầu làm việc và giải trí. Kết hợp dung lượng lưu trữ lớn cho phép người dùng có thể dễ dàng lưu trữ nhiều dữ liệu khác nhau.
Nhờ tốc độ 4800MHz, mọi thao tác đều trở nên mượt mà, hỗ trợ tối đa cho các ứng dụng nặng và tác vụ đa nhiệm. Laptop Lenovo Ideapad Slim 3 15IRH10 83K1000JVN trang bị ổ cứng 512GB M.2 2242 PCIe® 4.0x4 NVMe® đảm bảo tốc độ đọc ghi nhanh vượt trội, giúp hệ thống khởi động nhanh, mở ứng dụng nhanh chóng.
Thiết kế hiện đại và trọng lượng gọn nhẹ
Bàn di chuột đa điểm với bề mặt Mylar® mang đến trải nghiệm điều khiển mượt mà, hỗ trợ Precision TouchPad (PTP) giúp thao tác chính xác hơn. Kích thước sản phẩm là 343,4 x 239,5 x 16,9-17,9 mm gọn nhẹ khi sử dụng. Tông màu Xám sang trọng, hiện đại, tạo điểm nhấn tinh tế cho người dùng.
Công nghệ hiện đại giúp laptop Lenovo Ideapad Slim 3 15IRH10 83K1000JVN phản hồi nhanh hơn. Từ đó, thiết bị hỗ trợ tốt cho các tác vụ vuốt, chạm, thu phóng, mang lại sự tiện lợi trong công việc và giải trí. Trọng lượng 1,63 kg (3,59 lbs) sẽ giúp người dùng dễ dàng mang theo sản phẩm khi cần đến
Đồ hoạ sắc nét cùng với chipset mạnh mẽ
Bộ xử lý Intel® Core™ i7-13620H sở hữu 10 nhân (6P + 4E) và 16 luồng, mang lại hiệu suất vượt trội. Bộ nhớ cache 24MB giúp laptop tăng cường tốc độ phản hồi và khả năng làm việc với các ứng dụng yêu cầu xử lý mạnh và ổn định trong thời gian dài sử dụng.
Đồ họa tích hợp Intel® UHD hỗ trợ khả năng hiển thị hình ảnh sắc nét và mượt mà, đáp ứng nhu cầu giải trí và công việc cơ bản. Laptop Lenovo Ideapad Slim 3 15IRH10 83K1000JVN còn có chipset Intel® SoC được tích hợp giúp giảm thiểu không gian và tối ưu hóa hiệu suất. 
Hệ thống âm thanh chất lượng cao, loa stereo 2W x2 được tối ưu hóa với Dolby Audio™ mang đến trải nghiệm âm thanh sống động. Chip âm thanh HD đảm bảo khả năng phát lại âm thanh rõ ràng của thiết bị giúp người sử dụng có thể tận hưởng âm nhạc, phim ảnh hoặc cuộc gọi video với chất lượng âm thanh ấn tượng.
Dung lượng pin lớn và nhiều cổng kết nối
Dung lượng pin 60Wh và sạc 65W (3 chân), cung cấp nguồn năng lượng ổn định cho thiết bị khi sử dụng. Các cổng kết nối USB bao gồm 2x USB-A (USB 5Gbps / USB 3.2 thế hệ 1) và 1x USB-C® (USB 5Gbps / USB 3.2 Gen 1), hỗ trợ sạc nhanh và kết nối với các thiết bị ngoại vi.
Laptop Lenovo Ideapad Slim 3 15IRH10 83K1000JVN cũng trang bị giắc cắm kết hợp tai nghe/micro (3,5mm), giúp sử dụng âm thanh trực tiếp với chất lượng tốt. Đầu đọc thẻ SD hỗ trợ dễ dàng truy cập và lưu trữ dữ liệu một cách nhanh chóng.
Màn hình rõ ràng và tần số quét mượt mà
Màn hình 15,3 inch WUXGA (1920x1200) IPS mang đến hình ảnh sắc nét và chất lượng cao với độ sáng 300nits, giúp hiển thị rõ ràng ngay cả dưới ánh sáng mạnh. Công nghệ chống chói của sản phẩm Slim 3 15IRH10 83K1000JVN giúp giảm thiểu phản xạ, mang lại trải nghiệm hình ảnh mượt mà. 
Với tỷ lệ NTSC 45% và tần số quét 60Hz, màn hình Laptop Lenovo Ideapad Slim 3 15IRH10 83K1000JVN phù hợp cho công việc văn phòng, học tập và giải trí. Độ phân giải cao giúp từng chi tiết trở nên rõ ràng và sống động khi sử dụng để xem phim, làm việc.
Bên cạnh đó, laptop được nhà sản xuất trang bị máy ảnh HD 720p đi kèm với màn trập riêng tư. Từ đó, thiết bị giúp bảo vệ sự riêng tư của người dùng mà không lo bị lộ thông tin và người khác nhìn thấy khi không sử dụng.
Mua laptop Lenovo Ideapad Slim 3 15IRH10 83K1000JVN chính hãng tại CellphoneS
Mua Lenovo Ideapad Slim 3 15IRH10 83K1000JVN tại CellphoneS mang đến trải nghiệm chất lượng, giá cả hợp lý và sự uy tín dành cho khách hàng. Với đội ngũ nhân viên tận tình hỗ trợ và tư vấn khi khách hàng cần đến trong suốt quá trình mua sắm. CellphoneS còn có nhiều chi nhánh, giúp việc mua sắm trở nên thuận tiện hơn bao giờ hết. Hệ thống mua hàng online dễ dàng, giúp bạn nhanh chóng sở hữu sản phẩm mà không cần ra ngoài.","{""Bộ xử lý & Đồ họa"": [{""name"": ""Loại card đồ họa"", ""value"": ""Intel UHD Graphics""}, {""name"": ""Loại CPU"", ""value"": ""Intel Core i7-13620H, 10 lõi (6P + 4E) / 16 luồng, P-core 2.4 / 4.9GHz, E-core 1.8 / 3.6GHz, 24MB""}], ""Bộ nhớ RAM, Ổ cứng"": [{""name"": ""Dung lượng RAM"", ""value"": ""16GB""}, {""name"": ""Loại RAM"", ""value"": ""DDR5-4800""}, {""name"": ""Số khe ram"", ""value"": ""8GB Onboard + 8GB SO-DIMM DDR5-4800 (Nâng cấp tối đa 24GB (8GB Onboard + 16GB SO-DIMM) DDR5-4800)""}, {""name"": ""Ổ cứng"", ""value"": ""512GB SSD M.2 2242 PCIe 4.0x4 NVMe (Tối đa hai ổ đĩa, 2x M.2 SSD, M.2 2242 SSD lên đến 1TB)""}], ""Màn hình"": [{""name"": ""Tần số quét"", ""value"": ""60Hz""}, {""name"": ""Chất liệu tấm nền"", ""value"": ""Tấm nền IPS""}, {""name"": ""Kích thước màn hình"", ""value"": ""15.3 inches""}, {""name"": ""Công nghệ màn hình"", ""value"": ""Độ sáng 300nits\nMàn hình chống chói\nĐộ phủ màu 45% NTSC""}, {""name"": ""Độ phân giải màn hình"", ""value"": ""1920 x 1200 pixels (WUXGA)""}], ""Âm thanh"": [{""name"": ""Công nghệ âm thanh"", ""value"": ""Âm thanh độ nét cao (HD)\nLoa stereo, 2W x2\nDolby Audio""}], ""Cổng kết nối"": [{""name"": ""Khe đọc thẻ nhớ"", ""value"": ""Có""}, {""name"": ""Wi-Fi"", ""value"": ""Wi-Fi 6, 802.11ax 2x2""}, {""name"": ""Bluetooth"", ""value"": ""Bluetooth 5.2""}, {""name"": ""Cổng giao tiếp"", ""value"": ""2x USB-A (5Gbps / USB 3.2 Gen 1)\n1x USB-C ( 5Gbps / USB 3.2 Gen 1), với USB PD 3.0 và DisplayPort 1.2\n1x HDMI 1.4\n1x giắc cắm kết hợp tai nghe / micrô (3.5 mm)\n1x đầu đọc thẻ SD\n1x đầu nối nguồn""}], ""Kích thước & Trọng lượng"": [{""name"": ""Chất liệu vỏ trên"", ""value"": ""Nhôm""}, {""name"": ""Chất liệu vỏ dưới"", ""value"": ""Nhựa""}, {""name"": ""Kích thước"", ""value"": ""343.4 x 239.5 x 16.9-17.9 mm (Dài x Rộng Dày)""}, {""name"": ""Trọng lượng"", ""value"": ""1.63 kg""}], ""Tiện ích khác"": [{""name"": ""Tính năng đặc biệt"", ""value"": ""Wi-Fi 6""}], ""Tính năng khác"": [{""name"": ""Loại đèn bàn phím"", ""value"": ""Không có đèn nền""}, {""name"": ""Bảo mật"", ""value"": ""Firmware TPM 2.0 Enabled""}, {""name"": ""Webcam"", ""value"": ""HD 720p với màn trập camera""}, {""name"": ""Hệ điều hành"", ""value"": ""Windows 11 Home Single Language, English""}], ""Pin & công nghệ sạc"": [{""name"": ""Pin"", ""value"": ""60Wh (Đầu tròn 65W (3 chân))""}]}","[""https://cdn2.cellphones.com.vn/x/media/catalog/product/l/a/laptop_lenovo_ideapad_slim_3_15irh10_83k1000jvn_-_1.png"", ""https://cdn2.cellphones.com.vn/x/media/catalog/product/l/a/laptop_lenovo_ideapad_slim_3_15irh10_83k1000jvn_-_2.png"", ""https://cdn2.cellphones.com.vn/x/media/catalog/product/l/a/laptop_lenovo_ideapad_slim_3_15irh10_83k1000jvn_-_3.png""]","{""product_color_1"": {""color"": ""Xám"", ""image_url"": ""https://cellphones.com.vn/laptop-lenovo-ideapad-slim-3-15irh10-83k1000jvn.html?product_id=100432"", ""price"": ""20.590.000₫""}}"
Laptop Lenovo ThinkPad E14 Gen 7 21SX002YVN,laptop-lenovo-thinkpad-e14-gen-7-21sx002yvn,29.690.000đ,27.990.000đ,"Đặc điểm nổi bật
Laptop Lenovo ThinkPad E14 Gen 7 21SX002YVN sở hữu bộ vi xử lý Intel Core Ultra 7 255H, RAM 16GB DDR5, SSD 512GB và màn hình WUXGA 14 inch sắc nét. Bên cạnh đó, máy còn sở hữu thiết kế mỏng 15.25mm cùng trọng lượng chỉ 1.34kg. Kèm theo đó là viên pin 48Wh, nâng cấp thời gian sử dụng liền mạch suốt nhiều giờ chỉ sau 1 lần sạc.
Nội dung chính
1. Laptop Lenovo ThinkPad E14 Gen 7 21SX002YVN – Tích hợp AI thông minh 
1.1. Hiệu năng AI vượt trội nhờ chip Intel AI Boost 
1.2. RAM và ổ cứng hiệu năng cao giúp máy phản hồi nhanh
1.3. Ngoại hình thanh lịch, siêu mỏng nhẹ 
1.4. Sức mạnh từ bộ vi xử lý Intel Core Ultra, tối ưu hiệu suất 
1.5. Thời lượng pin bền bỉ, hệ thống cổng kết nối đa dạng 
1.6. Màn hình WUXGA sắc nét, tối ưu trải nghiệm làm việc
2. Mua ngay laptop Lenovo ThinkPad E14 Gen 7 21SX002YVN giá tốt tại CellphoneS 
Laptop Lenovo ThinkPad E14 Gen 7 21SX002YVN – Tích hợp AI thông minh 
Lenovo ThinkPad E14 Gen 7 là mẫu laptop Lenovo Thinkpad mới được thiết kế dành riêng cho môi trường làm việc chuyên nghiệp. Với sự kết hợp giữa phần cứng mạnh mẽ và công nghệ AI tiên tiến, máy mang đến trải nghiệm làm việc hiệu quả
Hiệu năng AI vượt trội nhờ chip Intel AI Boost 
Laptop Lenovo ThinkPad E14 Gen 7 21SX002YVN là một trong những dòng laptop thế hệ mới được Lenovo trang bị khả năng xử lý AI mạnh mẽ với công nghệ Intel AI Boost. Đây là vi xử lý tích hợp trí tuệ nhân tạo chuyên biệt, có thể đạt hiệu suất lên đến 13 TOPS (Tera Operations Per Second) – cho phép xử lý hàng nghìn tỷ tác vụ AI mỗi giây.
Dòng chip AI tích hợp trên E14 Gen 7 còn mở ra tiềm năng mới cho các ứng dụng AI trong doanh nghiệp như phân tích dữ liệu, bảo mật sinh trắc học, hỗ trợ học máy ngay trên thiết bị. Đây là lợi thế nổi bật dành cho người dùng chuyên nghiệp, cần một thiết bị nhỏ gọn nhưng đủ hiệu năng để xử lý công việc cường độ cao.
RAM và ổ cứng hiệu năng cao giúp máy phản hồi nhanh
Laptop Lenovo ThinkPad E14 Gen 7 21SX002YVN được trang bị sẵn 16GB RAM DDR5 tốc độ 5600MHz, mang đến khả năng xử lý dữ liệu nhanh hơn đáng kể. Với dung lượng RAM lớn, người dùng có thể mở cùng lúc nhiều ứng dụng nặng như trình duyệt có hàng chục tab, phần mềm văn phòng, đồ họa nhẹ hoặc các công cụ quản lý dữ liệu.
  Bên cạnh đó, máy sử dụng ổ cứng SSD 512GB chuẩn M.2 2242 PCIe 4.0x4 NVMe Opal 2.0, cho tốc độ đọc/ghi vượt trội, giúp khởi động máy chỉ trong vài giây. Chuẩn PCIe Gen 4.0 còn hỗ trợ băng thông cao hơn so với thế hệ trước, đáp ứng tốt các nhu cầu lưu trữ lớn, chỉnh sửa file nặng hay làm việc với dữ liệu tốc độ cao.
Ngoại hình thanh lịch, siêu mỏng nhẹ 
Laptop Lenovo ThinkPad E14 Gen 7 21SX002YVN sở hữu phong cách thiết kế đặc trưng của dòng ThinkPad – đơn giản, tinh tế và đậm chất chuyên nghiệp. Với độ mỏng chỉ 15.25 mm và trọng lượng 1.34 kg, chiếc laptop này cực kỳ dễ dàng mang theo bên mình, phù hợp cho những người dùng thường xuyên di chuyển.
  Máy có lớp vỏ bền bỉ được gia công tinh tế, vừa chắc tay vừa thuận tiện cho việc di chuyển hàng ngày. Các đường nét được tinh chỉnh gọn gàng, liền mạch, thể hiện sự tỉ mỉ trong từng chi tiết thiết kế. Máy có tông màu đen truyền thống (Black) – biểu tượng của sự chuyên nghiệp, đồng thời cũng giúp hạn chế bám vân tay khi dùng. 
Sức mạnh từ bộ vi xử lý Intel Core Ultra, tối ưu hiệu suất 
Laptop Lenovo ThinkPad E14 Gen 7 21SX002YVN được trang bị vi xử lý Intel Core Ultra 7 255H – một trong những con chip mạnh mẽ thuộc thế hệ mới. Tích hợp kiến trúc lai tiên tiến với 16 lõi (gồm 6 lõi hiệu năng cao, 8 lõi tiết kiệm điện và 2 lõi hiệu suất cực thấp), mang lại sự cân bằng tối ưu giữa tốc độ xử lý và khả năng tiết kiệm năng lượng. 
Với xung nhịp tối đa lên đến 5.1GHz và bộ nhớ đệm 24MB, CPU này đủ sức đáp ứng mượt mà các tác vụ từ cơ bản như duyệt web, soạn thảo văn bản đến xử lý đa nhiệm nặng. Đi kèm với đó là card đồ họa tích hợp Intel Arc 140T – dòng GPU được thiết kế với hiệu suất đồ họa được cải thiện rõ rệt so với các thế hệ trước của Intel. 
Thời lượng pin bền bỉ, hệ thống cổng kết nối đa dạng 
Laptop Lenovo ThinkPad E14 Gen 7 21SX002YVN sở hữu viên pin dung lượng 48Wh, đủ để đáp ứng nhu cầu làm việc cơ bản trong suốt một ngày dài. Máy đi kèm củ sạc nhanh 65W chuẩn USB-C (3 chân), hỗ trợ sạc nhanh qua giao thức Power Delivery, giúp tiết kiệm thời gian đáng kể khi cần nạp năng lượng gấp. 

Bên cạnh đó, hệ thống cổng kết nối trên thiết bị cực kỳ phong phú và hiện đại, hỗ trợ tối đa cho người dùng doanh nghiệp hay dân kỹ thuật. Máy được trang bị 2 cổng USB-A (1 cổng 5Gbps và 1 cổng 10Gbps Always On để sạc thiết bị kể cả khi tắt máy), cùng với 2 cổng USB-C đa chức năng. 
Màn hình WUXGA sắc nét, tối ưu trải nghiệm làm việc
Với màn hình 14 inch độ phân giải 1920 x 1200 pixels, thiết bị cho trải nghiệm hiển thị sắc nét và không gian làm việc thoáng đãng. Laptop Lenovo ThinkPad E14 Gen 7 21SX002YVN phù hợp với người dùng văn phòng, lập trình viên hoặc người thường xuyên thao tác trên tài liệu dài, bảng tính và nội dung đa nhiệm.
Không chỉ dừng lại ở độ phân giải cao, tấm nền còn sở hữu khả năng tái tạo màu sắc chính xác và độ sáng tốt, giúp hình ảnh hiển thị sống động và chân thực. Màn hình viền mỏng giúp giảm chi tiết thừa, mở rộng khung nhìn và làm nổi bật nội dung hiển thị hơn.. 
Mua ngay laptop Lenovo ThinkPad E14 Gen 7 21SX002YVN giá tốt tại CellphoneS 
Mua laptop Lenovo ThinkPad E14 Gen 7 21SX002YVN tại CellphoneS, khách hàng được cam kết hàng chính hãng 100%, đảm bảo nguồn gốc rõ ràng. Sản phẩm mức giá hợp lý, đi kèm trả góp không lãi suất, giúp người dùng mua sắm dễ dàng, linh hoạt. Dịch vụ kỹ thuật luôn hỗ trợ khách hàng kịp thời và tận tâm trong suốt quá trình sử dụng. Chính sách bảo hành rõ ràng, xử lý nhanh tại hệ thống toàn quốc giúp người dùng yên tâm sau khi mua hàng.","{""Bộ xử lý & Đồ họa"": [{""name"": ""Chip AI"", ""value"": ""Intel AI Boost, up to 13 TOPS""}, {""name"": ""Loại card đồ họa"", ""value"": ""Intel Arc 140T hoạt động như Intel Graphics""}, {""name"": ""Loại CPU"", ""value"": ""Intel Core Ultra 7 255H, 16 lõi (6P + 8E + 2LPE) / 16 luồng, Max Turbo up to 5.1GHz, 24MB""}], ""Bộ nhớ RAM, Ổ cứng"": [{""name"": ""Dung lượng RAM"", ""value"": ""16GB""}, {""name"": ""Loại RAM"", ""value"": ""DDR5-5600""}, {""name"": ""Số khe ram"", ""value"": ""2 khe (1x 16GB, nâng cấp tối đa 64GB)""}, {""name"": ""Ổ cứng"", ""value"": ""512GB SSD M.2 2242 PCIe 4.0x4 NVMe Opal 2.0""}], ""Màn hình"": [{""name"": ""Tần số quét"", ""value"": ""60 Hz""}, {""name"": ""Chất liệu tấm nền"", ""value"": ""Tấm nền IPS""}, {""name"": ""Kích thước màn hình"", ""value"": ""14 inches""}, {""name"": ""Công nghệ màn hình"", ""value"": ""Độ sáng 300nits\nMàn hình chống chói\nĐộ phủ màu 45% NTSC""}, {""name"": ""Độ phân giải màn hình"", ""value"": ""1920 x 1200 pixels (WUXGA)""}], ""Âm thanh"": [{""name"": ""Công nghệ âm thanh"", ""value"": ""Âm thanh độ nét cao (HD)\nBộ giải mã Senary SN6147\nLoa stereo, 2W x2\nDolby Atmos\nÂm thanh của HARMAN""}], ""Kích thước & Trọng lượng"": [{""name"": ""Chất liệu vỏ trên"", ""value"": ""Nhôm""}, {""name"": ""Chất liệu vỏ dưới"", ""value"": ""Nhôm""}, {""name"": ""Kích thước"", ""value"": ""313 x 220.3 x 10.1 - 15.25 (trước/sau), 19.7 (tối đa) mm""}, {""name"": ""Trọng lượng"", ""value"": ""1.34 kg""}], ""Tiện ích khác"": [{""name"": ""Tính năng đặc biệt"", ""value"": ""Wi-Fi 6, Bảo mật vân tay, Nhận diện khuôn mặt""}], ""Tính năng khác"": [{""name"": ""Bảo mật"", ""value"": ""Discrete TPM 2.0 Enabled\nCamera IR cho Windows Hello (nhận dạng khuôn mặt)""}, {""name"": ""Webcam"", ""value"": ""FHD 1080p + IR Hybrid với Màn trập camera""}, {""name"": ""Hệ điều hành"", ""value"": ""Windows 11 Home Single Language, English (US) / English (UK)""}], ""Pin & công nghệ sạc"": [{""name"": ""Pin"", ""value"": ""48Wh, 65W USB-C (3-pin)""}], ""Cổng kết nối"": [{""name"": ""Wi-Fi"", ""value"": ""Intel Wi-Fi 6E AX211, 802.11ax 2x2""}, {""name"": ""Bluetooth"", ""value"": ""Bluetooth 5.3""}, {""name"": ""Cổng giao tiếp"", ""value"": ""1x USB-A (5Gbps)\n1x USB-A (10Gbps), Luôn bật\n1x USB-C (20Gbps), với USB PD 3.1 và DP 1.4\n1x USB-C (Thunderbolt 4 / USB4 40Gbps), với PD 3.1 và DP 2.1\n1x HDMI 2.1, lên đến 4K/60Hz\n1x giắc cắm tai nghe / micrô (3.5 mm)\n1x RJ-45""}]}","[""https://cdn2.cellphones.com.vn/x/media/catalog/product/l/a/laptop_lenovo_thinkpad_e14_gen_7_21sx002yvn_-_1.png"", ""https://cdn2.cellphones.com.vn/x/media/catalog/product/l/a/laptop_lenovo_thinkpad_e14_gen_7_21sx002yvn_-_2.png"", ""https://cdn2.cellphones.com.vn/x/media/catalog/product/l/a/laptop_lenovo_thinkpad_e14_gen_7_21sx002yvn_-_3.png""]","{""product_color_1"": {""color"": ""Đen"", ""image_url"": ""https://cellphones.com.vn/laptop-lenovo-thinkpad-e14-gen-7-21sx002yvn.html?product_id=108000"", ""price"": ""27.990.000₫""}}"
Laptop Lenovo LOQ 15ARP9 83JC00M3VN,laptop-lenovo-loq-15arp9-83jc00m3vn,29.490.000đ,24.890.000đ,"Đặc điểm nổi bật
Laptop Lenovo LOQ 15ARP9 83JC00M3VN mang đến hiệu năng mạnh mẽ nhờ bộ vi xử lý AMD Ryzen 5 7235HS, kết hợp cùng với RAM 16GB DDR5 và SSD 1TB PCIe 4.0. Đi kèm là NVIDIA GeForce RTX 3050 6GB, giúp xử lý mượt mà các ứng dụng đồ họa và game. Thiết bị có màn hình 15.6 inch FHD cùng tần số quét 144Hz, mang lại hình ảnh chi tiết, sắc nét.
Nội dung chính
1. Laptop Lenovo LOQ 15ARP9 83JC00M3VN - Hiệu năng mạnh, màn hình lớn
1.1. Hỗ trợ AI vượt trội
1.2. CPU mạnh mẽ, cùng card đồ họa tiên tiến
1.3. RAM DDR5 16GB đi kèm ổ cứng lớn
1.4. Thiết kế gaming, màu Luna Grey
1.5. Màn hình 15.6 inch cho hiển thị mượt mà
1.6. Pin 60Wh với đầy đủ các kết nối
2. Mua ngay laptop Lenovo LOQ 15ARP9 83JC00M3VN chính hãng tại CellphoneS
Laptop Lenovo LOQ 15ARP9 83JC00M3VN - Hiệu năng mạnh, màn hình lớn
Laptop Lenovo LOQ 15ARP9 83JC00M3VN sở hữu thiết kế hiện đại cùng cấu hình mạnh mẽ, đáp ứng tốt mọi nhu cầu. Mẫu laptop Lenovo LOQ này là lựa chọn lý tưởng cho người dùng đang tìm kiếm một thiết bị bền bỉ để có trải nghiệm sử dụng lâu dài.
Hỗ trợ AI vượt trội
Laptop Lenovo LOQ 15ARP9 83JC00M3VN được trang bị AI Chip LA1, mang đến sự khác biệt so với các dòng máy thông thường. Sức mạnh từ AI này giúp phân tích và tối ưu hiệu suất hệ thống theo thời gian thực, qua đó cân bằng giúp cân bằng hiệu năng và điện năng tiêu thụ.
Bên cạnh đó, tính năng này cũng hỗ trợ máy vận hành mượt mà hơn trong các tác vụ nặng như giải trí, xử lý đồ họa hay chạy nhiều ứng dụng cùng lúc. Không chỉ hỗ trợ tăng tốc độ phản hồi, AI Chip LA1 còn góp phần cải thiện khả năng quản lý nhiệt, duy trì độ bền bỉ và ổn định trong quá trình sử dụng.
CPU mạnh mẽ, cùng card đồ họa tiên tiến
Hiệu năng của laptop Lenovo LOQ 15ARP9 83JC00M3VN được nâng cấp nhờ CPU AMD Ryzen 5 7235HS với 4 nhân 8 luồng, xung nhịp tối đa đạt 4.2GHz. CPU mang lại hiệu năng ổn định và tốc độ xử lý nhanh, giúp thực hiện đa nhiệm hay các tác vụ hàng ngày trơn tru.
Đi kèm là card đồ họa rời NVIDIA GeForce RTX 3050 6GB GDDR6 với Boost Clock 1732MHz và TGP 95W. Để duy trì hiệu suất ổn định, máy được trang bị hệ thống tản nhiệt tối ưu trên nền AMD SoC Platform, với luồng gió được phân bổ hợp lý, giúp hạn chế hiện tượng quá nhiệt khi sử dụng lâu dài. 
RAM DDR5 16GB đi kèm ổ cứng lớn
Laptop Lenovo LOQ 15ARP9 83JC00M3VN được trang bị RAM DDR5 dung lượng 16GB (2x8GB) tốc độ 4800MHz, mang lại khả năng xử lý đa nhiệm ổn định. Nhờ băng thông cao, người dùng có thể mở đồng thời nhiều ứng dụng, từ học tập, làm việc đến giải trí mà vẫn mượt và phản hồi tức thì. 
Cùng với đó là ổ cứng SSD M.2 PCIe 4.0 dung lượng 1TB, cung cấp không gian lưu trữ rộng rãi cho dữ liệu, phần mềm và các tệp đa phương tiện. Chuẩn PCIe 4.0 giúp tốc độ đọc/ghi tăng đáng kể, rút ngắn thời gian khởi động hệ điều hành, mở ứng dụng cũng như truyền tải dữ liệu. 
Thiết kế gaming, màu Luna Grey
Laptop Lenovo LOQ 15ARP9 83JC00M3VN gây ấn tượng với tông màu Luna Grey hiện đại, mang đến vẻ ngoài thanh lịch nhưng không kém phần mạnh mẽ. Thân máy được chế tác từ chất liệu PC-ABS cao cấp, vừa có độ bền trong quá trình sử dụng lâu dài, vừa giữ trọng lượng cân đối để dễ dàng di chuyển. 
Với độ dày khoảng 21.9 - 23.9mm cùng cân nặng từ 2.38 kg, sản phẩm đem lại sự chắc chắn nhưng vẫn đủ gọn nhẹ để mang theo khi đi học, làm việc hay công tác xa. Các đường nét được thiết kế khỏe khoắn, kết hợp cùng bề mặt phủ sơn tinh xảo, tạo nên tổng thể hài hòa giữa phong cách trẻ trung và tính chuyên nghiệp. 
Màn hình 15.6 inch cho hiển thị mượt mà
Màn hình 15.6 inch Full HD (1920x1080) của laptop Lenovo LOQ 15ARP9 83JC00M3VN cho hình ảnh rõ ràng và góc nhìn rộng. Nhờ tấm nền IPS, màn hình duy trì được độ trung thực của màu sắc và hạn chế biến đổi khi quan sát từ các góc nghiêng. Đặc biệt, màn hình đạt 100% sRGB với độ sáng 300 nits, tái hiện tốt, phù hợp nhu cầu làm việc sáng tạo. 
Màn hình của máy nổi bật với tần số quét 144Hz cùng công nghệ G-SYNC, mang lại hình ảnh chuyển động mượt mà và giảm thiểu hiện tượng xé hình. Thiết kế viền mỏng kết hợp tỷ lệ 88% AAR giúp mở rộng diện tích hiển thị và cho trải nghiệm tốt hơn. Ngoài ra, màn hình đạt chứng nhận TÜV Rheinland về khả năng lọc ánh sáng xanh gây hại cho mắt.
Pin 60Wh với đầy đủ các kết nối
Laptop Lenovo LOQ 15ARP9 83JC00M3VN được trang bị pin dung lượng 60Wh, đủ sức đáp ứng nhu cầu làm việc, học tập và giải trí trong thời gian dài. Kết hợp với adapter 170W Slim Tip, máy có khả năng sạc nhanh, giúp người dùng nhanh chóng quay lại công việc.
Về kết nối, máy được trang bị đa dạng các cổng thông dụng, bao gồm 3 cổng USB-A 3.2 Gen 1, 1 cổng USB-C 3.2 Gen 2 hỗ trợ Power Delivery 140W và DisplayPort 1.4. Ngoài ra, còn có HDMI 2.1 cho phép xuất hình ảnh lên đến 8K/60Hz, cổng Ethernet RJ-45 để đường truyền mạng ổn định, cùng giắc tai nghe/micro 3.5mm. 
Đặc biệt, máy có thêm 1 đầu nối nguồn riêng biệt, giúp việc cấp điện trực tiếp cho máy trở nên thuận tiện hơn. Sản phẩm còn đạt các chứng nhận ErP Lot 3 và RoHS compliant, các tiêu chuẩn tiết kiệm năng lượng và thân thiện với môi trường.
Mua ngay laptop Lenovo LOQ 15ARP9 83JC00M3VN chính hãng tại CellphoneS
Laptop Lenovo LOQ 15ARP9 83JC00M3VN chính hãng đang được bán tại hệ thống cửa hàng CellphoneS, đi kèm mức giá tốt. Tại đây, khách hàng sẽ nhận được thiết bị chất lượng, cùng với chính sách bảo hành tận tình, mang lại sự an tâm khi dùng. Ngoài ra, khách hàng là thành viên Smember còn nhận được nhiều ưu đãi giúp tiết kiệm chi phí. CellphoneS mang đến trải nghiệm tiện lợi, vừa đặt hàng trực tuyến vừa mua trực tiếp.","{""Bộ xử lý & Đồ họa"": [{""name"": ""Loại card đồ họa"", ""value"": ""NVIDIA GeForce RTX 3050 6GB GDDR6, Boost Clock 1732MHz, TGP 95W""}, {""name"": ""Loại CPU"", ""value"": ""AMD Ryzen 5 7235HS (4 lõi / 8 luồng, 3.2 / 4.2GHz, 2MB L2 / 8MB L3)""}], ""Bộ nhớ RAM, Ổ cứng"": [{""name"": ""Dung lượng RAM"", ""value"": ""16GB""}, {""name"": ""Loại RAM"", ""value"": ""DDR5-4800""}, {""name"": ""Số khe ram"", ""value"": ""2 khe (2 x 8GB, nâng cấp tối đa 32GB DDR5-4800)""}, {""name"": ""Ổ cứng"", ""value"": ""1TB SSD M.2 2242 PCIe 4.0x4 NVMe (Hỗ trợ tối đa 2 ổ M.2 SSD, mỗi ổ M.2 2242 dung lượng đến 1TB)""}], ""Màn hình"": [{""name"": ""Tần số quét"", ""value"": ""144 Hz""}, {""name"": ""Chất liệu tấm nền"", ""value"": ""Tấm nền IPS""}, {""name"": ""Kích thước màn hình"", ""value"": ""15.6 inches""}, {""name"": ""Công nghệ màn hình"", ""value"": ""Độ sáng 300nits\nMàn hình chống chói\nĐộ phủ màu 100% sRGB\nG-SYNC""}, {""name"": ""Độ phân giải màn hình"", ""value"": ""1920 x 1080 pixels (FullHD)""}], ""Âm thanh"": [{""name"": ""Công nghệ âm thanh"", ""value"": ""High Definition (HD) Audio, Realtek ALC3287 codec\nStereo speakers, 2W x2, tối ưu bởi Nahimic Audio""}], ""Cổng kết nối"": [{""name"": ""Khe đọc thẻ nhớ"", ""value"": ""Không""}, {""name"": ""Wi-Fi"", ""value"": ""Wi-Fi 6, 802.11ax 2x2""}, {""name"": ""Bluetooth"", ""value"": ""Bluetooth 5.2""}, {""name"": ""Cổng giao tiếp"", ""value"": ""3x USB-A (5Gbps / USB 3.2 Gen 1)\n1x USB-C (10Gbps / USB 3.2 Gen 2), với Lenovo PD 140W và DisplayPort 1.4\n1x HDMI 2.1, lên đến 8K/60Hz\n1x Giắc cắm kết hợp tai nghe/micrô (3.5mm)\n1x Ethernet (RJ-45)\n1x Đầu nối nguồn""}], ""Kích thước & Trọng lượng"": [{""name"": ""Chất liệu"", ""value"": ""Vỏ nhựa""}, {""name"": ""Chất liệu vỏ trên"", ""value"": ""Nhựa""}, {""name"": ""Chất liệu vỏ dưới"", ""value"": ""Nhựa""}, {""name"": ""Kích thước"", ""value"": ""359.86 x 258.7 x 21.9–23.9 mm (Dài x Rộng x Dày)""}, {""name"": ""Trọng lượng"", ""value"": ""2.38 kg""}], ""Tiện ích khác"": [{""name"": ""Tính năng đặc biệt"", ""value"": ""Wi-Fi 6""}], ""Tính năng khác"": [{""name"": ""Loại đèn bàn phím"", ""value"": ""Đèn nền trắng""}, {""name"": ""Bảo mật"", ""value"": ""Firmware TPM 2.0 Enabled""}, {""name"": ""Webcam"", ""value"": ""HD 720p với E-shutter""}, {""name"": ""Hệ điều hành"", ""value"": ""Windows 11 Home Single Language, English""}], ""Pin & công nghệ sạc"": [{""name"": ""Pin"", ""value"": ""60Wh, 170W Slim Tip (3-pin)""}]}","[""https://cdn2.cellphones.com.vn/x/media/catalog/product/l/a/laptop_lenovo_loq_15arp9_83jc00m3vn_-_1.png"", ""https://cdn2.cellphones.com.vn/x/media/catalog/product/l/a/laptop_lenovo_loq_15arp9_83jc00m3vn_-_2.png"", ""https://cdn2.cellphones.com.vn/x/media/catalog/product/l/a/laptop_lenovo_loq_15arp9_83jc00m3vn_-_3.png""]","{""product_color_1"": {""color"": ""Xám"", ""image_url"": ""https://cellphones.com.vn/laptop-lenovo-loq-15arp9-83jc00m3vn.html?product_id=113682"", ""price"": ""24.890.000₫""}}"
Laptop Lenovo V14 G4 IRU 83A00012VN,laptop-lenovo-v14-g4-iru-83a00012vn,19.990.000đ,15.990.000đ,"Đặc điểm nổi bật
Laptop Lenovo V14 G4 IRU 83A00012VN sở hữu kích thước 324.2 x 215.2 x 19.9 mm, trọng lượng 1.43kg, chất liệu nhựa bền bỉ, màn hình 14’’ Full HD sắc nét. Máy trang bị chip xử lý mạnh mẽ Intel Core i7-1355U có xung nhịp đạt đến 5.0GHz, RAM 16GB và ổ cứng SSD 512GB. Đa dạng các cổng giao tiếp cùng pin 38Wh cho trải nghiệm ổn định.
Nội dung chính
1. Laptop Lenovo V14 G4 IRU 83A00012VN - Hiệu suất mạnh mẽ
1.1. Chạy đa nhiệm vượt trội và lưu trữ tối ưu
1.2. Thiết kế gọn nhẹ mang tính linh hoạt, dễ dàng di chuyển
1.3. Chipset Intel i7 cùng GPU Intel tích hợp xử lý mạnh mẽ, ổn định
1.4. Nâng cao hiệu suất với pin 38Wh cùng nhiều chuẩn kết nối ngoại vi
1.5. Hiển thị FHD sắc nét, đáp ứng đa dạng nhu cầu
1.6. Hệ thống loa Dolby Audio hỗ trợ tốt cho công việc, giải trí
1.7. Bảo mật cao, an toàn và Windows 11 Home trải nghiệm tiện ích
2. Mua laptop Lenovo V14 G4 IRU 83A00012VN giá ưu đãi tại CellphoneS
Laptop Lenovo V14 G4 IRU 83A00012VN - Hiệu suất mạnh mẽ
Lenovo V14 G4 IRU 83A00012VN là mẫu laptop mạnh mẽ đáp ứng nhiều trải nghiệm đa dạng từ công việc đến giải trí. Không chỉ có cấu hình nổi bật, sản phẩm còn được hãng chăm chút trong tính di động với kiểu dáng gọn gàng, thuận tiện cho việc di chuyển.
Chạy đa nhiệm vượt trội và lưu trữ tối ưu
Laptop Lenovo V14 G4 IRU 83A00012VN được trang bị RAM chuẩn DDR4-3200 có dung lượng 16GB ấn tượng. Với thanh RAM lớn, thế hệ laptop V Series của Lenovo này có thể đa nhiệm, thực hiện chuyển đổi giữa các tab, ứng dụng một cách mượt mà, hạn chế bị giật lag tốt hơn.
Cùng với đó, sản phẩm cũng sở hữu ổ cứng SSD M.2 2242 PCIe 4.0x4 NVMe với dung lượng 512GB. Điều này sẽ giúp tăng tốc độ khởi động cho laptop Lenovo đồng thời cung cấp cho người dùng không gian lưu trữ thoải mái, khả năng truy cập dữ liệu nhanh hơn.
Thiết kế gọn nhẹ mang tính linh hoạt, dễ dàng di chuyển
Laptop Lenovo V14 G4 IRU 83A00012VN mang phong cách thiết kế thanh lịch, tối giản và phù hợp với nhiều đối tượng khách hàng. Máy hoàn thiện từ nhựa ABS có độ bền cao, trọng lượng nhẹ chỉ 1.43kg thuận tiện cho việc di chuyển, mang tính linh hoạt khi sử dụng.
Tổng thể máy có màu đen xám thể hiện sự sang trọng, lớp sơn matte giúp hạn chế trầy xước và bám vân tay. Kích thước của laptop cũng rất gọn gàng với số đo 324.2mm x 215.2mm x 19.9mm.
Chipset Intel i7 cùng GPU Intel tích hợp xử lý mạnh mẽ, ổn định
Nguồn sức mạnh ấn tượng của laptop Lenovo V14 G4 IRU 83A00012VN đến từ chipset Intel Core i7-1355U với 10 lõi, 12 luồng mạnh mẽ. Khả năng xung nhịp của thiết bị có thể lên đến 5.0GHz, cùng lõi E-core 1.2 đạt 3.7GHz giúp máy xử lý mọi tác vụ vô cùng mượt mà.
Bên cạnh đó, laptop Lenovo còn được tích hợp card đồ họa Intel Iris Xe Graphics hỗ trợ cho khả năng xử lý hình ảnh. Vì vậy, người dùng có thể sử dụng máy để chỉnh sửa ảnh cơ bản, thiết kế tài liệu, chơi game,...trơn tru, ổn định.
Nâng cao hiệu suất với pin 38Wh cùng nhiều chuẩn kết nối ngoại vi
Laptop Lenovo V14 G4 IRU 83A00012VN cung cấp thời lượng ổn định, duy trì trong ngày với viên pin 38Wh. Máy còn tích hợp các giao tiếp đa dạng, hỗ trợ người dùng kết nối đến nhiều thiết bị ngoại vi cùng lúc.
Cụ thể, laptop Lenovo sở hữu 1x USB 2.0, 1x USB 3.2 Gen 1, 1x USB Type-C 3.2 Gen 1, 1x HDMI 1.4b, 1x Audio Jack 3.5mm, 1x LAN RJ-45, 1x đầu nối nguồn. Người dùng có thể kết nối các loại phụ kiện hay màn hình phụ, máy chiếu,...mà không cần thêm hub chuyển đổi.
Hiển thị FHD sắc nét, đáp ứng đa dạng nhu cầu
Laptop Lenovo V14 G4 IRU 83A00012VN sở hữu màn hình 14 inches thích hợp cho nhiều nhu cầu công việc, học tập, giải trí,...đa dạng. Chất lượng phân giải Full HD trên tấm nền IPS, cung cấp hình ảnh sắc nét, hiển thị mượt mà, phản hồi nhanh.
Màn hình laptop Lenovo V14 còn được phủ một lớp chống chói để giúp người dùng sử dụng máy ngoài trời hay trong môi trường ánh sáng cao hiệu quả hơn. Thiết kế phần viền mỏng hơn vì vậy sẽ tối ưu hiển thị, đem đến trải nghiệm xem thoải mái hơn.
Hệ thống loa Dolby Audio hỗ trợ tốt cho công việc, giải trí
Laptop Lenovo V14 G4 IRU 83A00012VN tích hợp loa stereo 1.5W x 2 cho công suất tổng là 3W cho chất lượng âm thanh sắc nét, rõ ràng. Máy sử dụng bộ giải mã Realtek ALC3287 tái hiện chất âm chi tiết và cho trải nghiệm nghe phong phú hơn.
Cùng với đó, hệ thống âm thanh Dolby Audio còn giúp tăng cường chất âm, cho người dùng tận hưởng âm thanh sống động mà không cần thêm phụ kiện ngoài. Dù làm việc, chơi game, chỉnh video,...laptop Lenovo đều đáp ứng tuyệt hảo.
Bảo mật cao, an toàn và Windows 11 Home trải nghiệm tiện ích
Sản phẩm có khả năng bảo mật cao với Firmware TPM 2.0 Enabled giúp bảo vệ các tài liệu và thông tin cá nhân tối ưu hơn. Công nghệ này sẽ giúp mã hóa các dữ liệu để tránh khỏi các mối họa tiềm ẩn khi sử dụng máy tính cá nhân.
Ngoài ra, laptop Lenovo V14 G4 IRU 83A00012VN cũng được cài đặt Windows 11 Home với nhiều tính năng mới giúp tối ưu hiệu suất. Giao diện Win 11 cũng rất hiện đại, dễ dàng trong sử dụng, mang đến những trải nghiệm đầy tiện ích.
Mua laptop Lenovo V14 G4 IRU 83A00012VN giá ưu đãi tại CellphoneS
Laptop Lenovo V14 G4 IRU 83A00012VN là người đồng hành đắc lực trong công việc, học tập cũng như giải trí với cấu hình mạnh mẽ, thiết kế thanh lịch. Khách hàng có thể mua ngay laptop Lenovo này tại CellphoneS với nhiều voucher, quà tặng hấp dẫn cùng giá bán cạnh tranh. Ngoài ra, CellphoneS còn hỗ trợ giao hàng nhanh chóng trên toàn quốc. Đặt hàng mẫu laptop Lenovo này ngay tại cellphones.com.vn để nhận được các ưu đãi hot!","{""Bộ xử lý & Đồ họa"": [{""name"": ""Loại card đồ họa"", ""value"": ""Intel Iris Xe Graphics""}, {""name"": ""Loại CPU"", ""value"": ""Intel Core i7-1355U, 10 lõi (2P + 8E) / 12 luồng, P-core 1.7 / 5.0GHz, E-core 1.2 / 3.7GHz, 12MB""}], ""Bộ nhớ RAM, Ổ cứng"": [{""name"": ""Dung lượng RAM"", ""value"": ""16GB""}, {""name"": ""Loại RAM"", ""value"": ""DDR4-3200""}, {""name"": ""Số khe ram"", ""value"": ""2 khe (8GB Soldered DDR4-3200 + 8GB SO-DIMM DDR4-3200, tối đa 16GB)""}, {""name"": ""Ổ cứng"", ""value"": ""512GB SSD M.2 2242 PCIe 4.0x4 NVMe (tối đa hai ổ đĩa, 1x 2,5\"" HDD + 1x M.2 SSD, 2,5\"" HDD lên đến 1TB, M.2 2242 SSD up to 512GB)""}], ""Màn hình"": [{""name"": ""Chất liệu tấm nền"", ""value"": ""Tấm nền IPS""}, {""name"": ""Kích thước màn hình"", ""value"": ""14 inches""}, {""name"": ""Công nghệ màn hình"", ""value"": ""Độ sáng 300nits\nMàn hình chống chói\nĐộ phủ màu 45% NTSC""}, {""name"": ""Độ phân giải màn hình"", ""value"": ""1920 x 1080 pixels (FullHD)""}], ""Âm thanh"": [{""name"": ""Công nghệ âm thanh"", ""value"": ""Âm thanh độ nét cao (HD)\nBộ giải mã Realtek ALC3287\nLoa stereo, 1,5W x2\nDolby Audio""}], ""Kích thước & Trọng lượng"": [{""name"": ""Chất liệu"", ""value"": ""Vỏ nhựa""}, {""name"": ""Chất liệu vỏ trên"", ""value"": ""Nhựa""}, {""name"": ""Chất liệu vỏ dưới"", ""value"": ""Nhựa""}, {""name"": ""Kích thước"", ""value"": ""324.2 x 215.2 x 19.9 mm (Dài x Rộng x Dày)""}, {""name"": ""Trọng lượng"", ""value"": ""1.43 kg""}], ""Tính năng khác"": [{""name"": ""Loại đèn bàn phím"", ""value"": ""Không có đèn nền""}, {""name"": ""Bảo mật"", ""value"": ""Firmware TPM 2.0 Enabled""}, {""name"": ""Webcam"", ""value"": ""HD 720p với màn trập""}, {""name"": ""Hệ điều hành"", ""value"": ""Windows 11 Home Single Language, English""}], ""Pin & công nghệ sạc"": [{""name"": ""Pin"", ""value"": ""38Wh (Đầu tròn 65W (3 chân))""}], ""Cổng kết nối"": [{""name"": ""Wi-Fi"", ""value"": ""Wi-Fi 5, 802.11ac 2x2""}, {""name"": ""Bluetooth"", ""value"": ""Bluetooth 5.1""}, {""name"": ""Cổng giao tiếp"", ""value"": ""1x USB 2.0\n1x USB 3.2 Gen 1\n1x USB-C 3.2 Gen 1 (truyền dữ liệu, Power Delivery (chỉ 20V) và DisplayPort 1.2)\n1x HDMI 1.4b\n1x giắc cắm kết hợp tai nghe/micrô (3,5mm)\n1x Ethernet (RJ-45)\n1x đầu nối nguồn""}]}","[""https://cdn2.cellphones.com.vn/x/media/catalog/product/l/a/laptop_lenovo_v14_g4_iru_83a00012vn_-_1.png"", ""https://cdn2.cellphones.com.vn/x/media/catalog/product/l/a/laptop_lenovo_v14_g4_iru_83a00012vn_-_2.png"", ""https://cdn2.cellphones.com.vn/x/media/catalog/product/l/a/laptop_lenovo_v14_g4_iru_83a00012vn_-_3.png""]","{""product_color_1"": {""color"": ""Xám"", ""image_url"": ""https://cellphones.com.vn/laptop-lenovo-v14-g4-iru-83a00012vn.html?product_id=104499"", ""price"": ""15.990.000₫""}}"
Laptop Lenovo LOQ 15ARP9 83JC003VVN,laptop-lenovo-loq-15arp9-83jc003vvn,N/A,N/A,"Đặc điểm nổi bật
Laptop Lenovo Loq 15ARP9 83JC003VVN với bộ vi xử lý AMD Ryzen™ 7 7435HS mạnh mẽ, card đồ họa NVIDIA GeForce RTX 4050, 12GB RAM, ổ cứng 512GB. Màn hình 15.6 inch 144Hz cùng thiết kế hiện đại giúp các nhu cầu từ công việc văn phòng, giải trí, chơi game đến thiết kế đồ họa được đáp ứng trọn vẹn,
Nội dung chính
1. Laptop Lenovo Loq 15ARP9 83JC003VVN bền bỉ, mạnh mẽ ấn tượng
1.1. Vi xử lý thế hệ mới, hiệu năng vượt trội
1.2. Ram cùng ổ cứng ấn tượng, đa nhiệm mượt mà
1.3. Thiết kế mạnh mẽ nổi bật, sang trọng tinh tế
1.4. Màn hình FHD siêu sắc nét, tần số quét ấn tượng
1.5. Pin lớn, cổng kết nối tiện lợi đa dạng
2. Mua ngay laptop Lenovo Loq 15ARP9 83JC003VVN giá cạnh tranh, ưu đãi trả góp tại CellphoneS
Laptop Lenovo Loq 15ARP9 83JC003VVN bền bỉ, mạnh mẽ ấn tượng
Laptop Lenovo Loq 15ARP9 83JC003VVN là một trong những sản phẩm nổi bật của Lenovo hướng đến đối tượng người dùng yêu thích công nghệ và cần một chiếc laptop Lenovo LOQ mạnh mẽ cho cả công việc lẫn giải trí. Với rất nhiều ưu điểm vượt trội cùng trang bị ấn tượng chắc chắn sẽ giúp bạn mang lại hiệu suất làm việc vượt trội.
Vi xử lý thế hệ mới, hiệu năng vượt trội
Laptop Lenovo Loq 15ARP9 83JC003VVN với vi xử lý AMD Ryzen™ 7 7435HS, ấn tượng, mạnh mẽ nổi bật nhất của AMD. Với kiến trúc Zen 4 và 8 nhân 16 luồng, CPU này đảm bảo hiệu suất vượt trội cho các tác vụ từ đơn giản đến phức tạp từ làm việc văn phòng đến các ứng dụng đòi hỏi nhiều tài nguyên như lập trình, thiết kế đồ họa, và chơi game nặng. 
Đi kèm là card đồ họa NVIDIA GeForce RTX 4050, giúp bạn trải nghiệm các tựa game AAA ở thiết lập cao và làm việc với các phần mềm đồ họa chuyên nghiệp một cách mượt mà.
Hệ thống tản nhiệt của laptop Lenovo Loq 15ARP9 83JC003VVN cũng được thiết kế hiệu quả với các ống dẫn nhiệt và quạt làm mát tiên tiến, giúp duy trì nhiệt độ ổn định và hiệu suất tối đa trong suốt quá trình sử dụng.
Ram cùng ổ cứng ấn tượng, đa nhiệm mượt mà
Về bộ nhớ, laptop Lenovo Loq 15ARP9 83JC003VVN được trang bị 12GB RAM DDR5, cho phép xử lý đa nhiệm hiệu quả và mượt mà. Ổ cứng SSD 512GB NVMe không chỉ mang lại tốc độ đọc/ghi dữ liệu nhanh chóng mà còn cung cấp không gian lưu trữ rộng rãi cho các tệp tin, ứng dụng và trò chơi của bạn.
Thiết kế mạnh mẽ nổi bật, sang trọng tinh tế
Laptop Lenovo Loq 15ARP9 83JC003VVN có thiết kế hiện đại, với các đường nét sắc sảo và màu sắc đen chủ đạo, tạo nên vẻ ngoài mạnh mẽ và tinh tế. Vỏ máy được làm từ chất liệu cao cấp, không chỉ bền bỉ mà còn mang lại cảm giác chắc chắn khi cầm nắm.
Ngoài ra, các chi tiết thiết kế như bàn phím có đèn nền, touchpad lớn và các cổng kết nối được bố trí hợp lý, giúp người dùng có trải nghiệm tốt nhất khi sử dụng.
Màn hình FHD siêu sắc nét, tần số quét ấn tượng
Màn hình 15.6 inch của laptop Lenovo Loq 15ARP9 83JC003VVN là một điểm nhấn với độ phân giải Full HD (1920 x 1080), mang lại hình ảnh sắc nét và sống động. Tấm nền IPS cung cấp góc nhìn rộng và màu sắc chính xác, rất phù hợp cho công việc thiết kế đồ họa, chỉnh sửa video hay giải trí đa phương tiện. 
Đặc biệt, màn hình có tần số quét 144Hz, giúp các cảnh chuyển động trong game trở nên mượt mà và giảm thiểu hiện tượng xé hình, mang đến trải nghiệm chơi game tốt hơn.
Pin lớn, cổng kết nối tiện lợi đa dạng
Laptop Lenovo Loq 15ARP9 83JC003VVN được trang bị pin có dung lượng lớn, đảm bảo thời gian sử dụng lâu dài, đáp ứng nhu cầu làm việc và giải trí suốt cả ngày. Công nghệ sạc nhanh giúp bạn nhanh chóng nạp đầy pin, giảm thời gian chờ đợi và tăng cường tính di động cho máy.
Laptop cũng có đầy đủ các cổng kết nối giúp cho mọi nhu cầu của người dùng được đáp ứng tối đa. Bao gồm các cổng USB 3.2 Gen 1, cổng USB Type-C, cổng HDMI 2.0, cổng mạng LAN RJ-45, và jack cắm tai nghe 3.5mm. Bạn sẽ dễ dàng kết nối với các thiết bị khác để thuận tiện hơn trong mọi nhu cầu làm việc, giải trí hàng ngày.
Mua ngay laptop Lenovo Loq 15ARP9 83JC003VVN giá cạnh tranh, ưu đãi trả góp tại CellphoneS
Mua ngay laptop Lenovo Loq 15ARP9 83JC003VVN tại CellphoneS để trải nghiệm hiệu năng mạnh mẽ với CPU AMD Ryzen™ 7 7435HS, card đồ họa NVIDIA RTX 4050 và màn hình 15.6 inch 144Hz. CellphoneS cam kết giá cạnh tranh, chất lượng chính hãng, và nhiều ưu đãi hấp dẫn. Đặc biệt, bạn có thể chọn hình thức trả góp linh hoạt, giúp sở hữu ngay chiếc laptop mơ ước mà không lo về tài chính để tận hưởng những điều tuyệt vời nhất.","{""Bộ xử lý & Đồ họa"": [{""name"": ""Loại card đồ họa"", ""value"": ""NVIDIA GeForce RTX 4050 6GB GDDR6, Boost Clock 2370MHz, TGP 105W""}, {""name"": ""Loại CPU"", ""value"": ""AMD Ryzen 7 7435HS (8C / 16T, 3.1 / 4.5GHz, 4MB L2 / 16MB L3)""}], ""Bộ nhớ RAM, Ổ cứng"": [{""name"": ""Dung lượng RAM"", ""value"": ""12GB""}, {""name"": ""Loại RAM"", ""value"": ""DDR5-4800""}, {""name"": ""Số khe ram"", ""value"": ""2 khe DDR5 (1 khe trống nâng cấp tối đa 32GB DDR5-4800)""}, {""name"": ""Ổ cứng"", ""value"": ""512GB SSD M.2 2242 PCIe 4.0x4 NVMe (hai ổ đĩa SSD M.2 2242, nâng cấp tối đa 1TB)""}], ""Màn hình"": [{""name"": ""Tần số quét"", ""value"": ""144Hz""}, {""name"": ""Chất liệu tấm nền"", ""value"": ""Tấm nền IPS""}, {""name"": ""Kích thước màn hình"", ""value"": ""15.6 inches""}, {""name"": ""Công nghệ màn hình"", ""value"": ""Độ sáng 300 inits\nMàn hình chống chói\nĐộ phủ màu 100% sRGB\nG-Sync""}, {""name"": ""Độ phân giải màn hình"", ""value"": ""1920 x 1080 pixels (FullHD)""}], ""Âm thanh"": [{""name"": ""Công nghệ âm thanh"", ""value"": ""Âm thanh độ nét cao (HD)\nRealtek® ALC3287 codec\nLoa âm thanh nổi, 2W x2\nNahimic Audio""}], ""Cổng kết nối"": [{""name"": ""Khe đọc thẻ nhớ"", ""value"": ""Không""}, {""name"": ""Wi-Fi"", ""value"": ""Wi-Fi 6, 11ax 2x2""}, {""name"": ""Bluetooth"", ""value"": ""Bluetooth 5.2""}, {""name"": ""Cổng giao tiếp"", ""value"": ""1x USB-A\n2x USB-C (PD 140W / DisplayPort 1.4) 1x HDMI 2.1, tối đa 8K/60Hz\n1x Headphone / microphone combo jack (3.5mm)\n1x Ethernet (RJ-45)\n1x Đầu nối nguồn""}], ""Kích thước & Trọng lượng"": [{""name"": ""Chất liệu"", ""value"": ""Vỏ nhựa""}, {""name"": ""Chất liệu vỏ trên"", ""value"": ""Nhựa""}, {""name"": ""Chất liệu vỏ dưới"", ""value"": ""Nhựa""}, {""name"": ""Kích thước"", ""value"": ""359.86 x 258.7 x 21.9-23.9 mm (W x D x H)""}, {""name"": ""Trọng lượng"", ""value"": ""2.38 kg""}], ""Tiện ích khác"": [{""name"": ""Tính năng đặc biệt"", ""value"": ""Wi-Fi 6""}], ""Tính năng khác"": [{""name"": ""Loại đèn bàn phím"", ""value"": ""Đèn nền trắng""}, {""name"": ""Bảo mật"", ""value"": ""Firmware TPM 2.0 Enabled""}, {""name"": ""Webcam"", ""value"": ""HD 720p với màn trập E-shutter""}, {""name"": ""Hệ điều hành"", ""value"": ""Windows 11 Home""}], ""Pin & công nghệ sạc"": [{""name"": ""Pin"", ""value"": ""60Wh""}]}","[""https://cdn2.cellphones.com.vn/x/media/catalog/product/d/e/demo_latop_-_t_th_ng_tin_9.png"", ""https://cdn2.cellphones.com.vn/x/media/catalog/product/t/e/text_ng_n_1__6_12.png"", ""https://cdn2.cellphones.com.vn/x/media/catalog/product/t/e/text_ng_n_2__6_24.png""]",{}
Laptop Lenovo IdeaPad Slim 5 14IRH10R 83J0006EVN,laptop-lenovo-ideapad-slim-5-14irh10r-83j0006evn,22.990.000đ,21.990.000đ,"Đặc điểm nổi bật
Laptop Lenovo Ideapad Slim 5 14IRH10R 83J0006EVN mang tới khả năng xử lý công việc hiệu quả khi sở hữu con chip Intel Core 5 210H và 16GB RAM DDR5. Mẫu laptop Lenovo Ideapad này còn được trang bị màn hình OLED 14 inch, giúp nâng cao chất lượng hiển thị. Laptop phù hợp mang theo và sử dụng ở nhiều nơi nhờ có kích thước nhỏ gọn.
Nội dung chính
1. Laptop Lenovo Ideapad Slim 5 14IRH10R 83J0006EVN - Xử lý công việc hiệu quả
1.1. Xử lý dữ liệu vượt trội với chuẩn RAM DDR5 và ổ cứng SSD
1.2. Mỏng nhẹ, sang trọng, tiện lợi sử dụng ở bất kỳ đâu
1.3. Con chip Intel Core 5 giúp xử lý công việc hiệu quả
1.4. Hoạt động ổn định với viên pin 60Wh, kết nối linh hoạt
1.5. Màn hình OLED 14 inch đẹp mắt
2. Mua laptop Lenovo Ideapad Slim 5 14IRH10R 83J0006EVN chất lượng ngay tại CellphoneS
Laptop Lenovo Ideapad Slim 5 14IRH10R 83J0006EVN - Xử lý công việc hiệu quả
Laptop Ideapad Slim 5 14IRH10R 83J0006EVN của Lenovo giúp cho quá trình làm việc, học tập diễn ra hiệu quả khi sở hữu cấu hình ổn định. Cùng với đó là khả năng cơ động cao nhờ vào trọng lượng nhẹ và màn hình nhỏ gọn.
Xử lý dữ liệu vượt trội với chuẩn RAM DDR5 và ổ cứng SSD
Laptop Lenovo Ideapad Slim 5 14IRH10R 83J0006EVN được trang bị 2 thanh RAM 8GB chuẩn DDR5-5600, giúp xử lý khối lượng công việc lớn cùng lúc. Hai khe SO-DIMM DDR5 của laptop còn hỗ trợ mở rộng tới 32GB để phục vụ nhu cầu sử dụng nâng cao theo thời gian thực.
Ổ cứng SSD 512GB của laptop mang tới khả năng truy xuất dữ liệu nhanh chóng, lưu trữ hiệu quả. Ngoài khe M.2 2242 PCIe 4.0x4, laptop còn có thêm một khe M.2 2280 PCIe 4.0x4 để hỗ trợ mở rộng dung lượng lưu trữ.
Mỏng nhẹ, sang trọng, tiện lợi sử dụng ở bất kỳ đâu
Laptop Lenovo Ideapad Slim 5 14IRH10R 83J0006EVN mang phong cách hiện đại khi sử dụng tông màu Luna Grey. Vỏ ngoài bằng hợp kim với thiết kế trơn mịn giúp tăng thêm vẻ sang trọng, tinh tế cho sản phẩm. Độ dày 16.9mm và trọng lượng khoảng 1.39kg mang tới tính linh hoạt cao, giúp laptop tiện lợi mang theo và sử dụng ở mọi nơi.
Dù mỏng nhẹ nhưng sản phẩm vẫn có độ bền cao khi được hoàn thiện theo tiêu chuẩn MIL-STD-810H. Bàn phím của laptop được thiết kế kèm đèn nền, giúp người dùng gõ phím chính xác hơn, kể cả trong môi trường thiếu sáng. Bàn di chuột hỗ trợ cảm ứng đa điểm, giúp người dùng thao tác một cách thuận tiện ngay cả khi không sử dụng thiết bị ngoại vi.
Con chip Intel Core 5 giúp xử lý công việc hiệu quả
Sức mạnh của laptop Lenovo Ideapad Slim 5 14IRH10R 83J0006EVN được cung cấp bởi bộ xử lý Intel Core 5 210H. Với 8 nhân và xung nhịp lên đến 4.8GHz, laptop sẽ xử lý các tác vụ nặng một cách nhanh chóng. Bộ xử lý của laptop còn có tới 12 luồng, giúp thực hiện công việc đa nhiệm một cách dễ dàng.
Đi kèm với bộ xử lý Intel Core 5 210H là GPU tích hợp Intel Graphics. Nhờ vậy, laptop còn hỗ trợ thực hiện các tác vụ đồ hoạ cơ bản và tầm trung như chỉnh sửa hình ảnh, chơi các tựa game online phổ biến,...
Hoạt động ổn định với viên pin 60Wh, kết nối linh hoạt
Với viên pin 60Wh, laptop Lenovo Ideapad Slim 5 14IRH10R 83J0006EVN có khả năng hoạt động ổn định trong nhiều giờ với nhiều tác vụ khác nhau. Kèm theo đó là công suất sạc lên tới 65W qua cổng USB-C, giúp rút ngắn thời gian nạp pin cho laptop. Tính năng sạc nhanh này còn đem đến sự tiện lợi cho những ai bận rộn, thường xuyên phải di chuyển.

Tuy được thiết kế mỏng nhẹ nhưng Lenovo Ideapad Slim 5 14IRH10R 83J0006EVN vẫn sở hữu đầy đủ các cổng kết nối thông dụng. Laptop được trang bị các cổng USB-A, USB-C, HDMI 1.4b, giắc cắm tai nghe/microphone 3.5mm và khe đọc thẻ nhớ microSD. Trong đó, 2 cổng USB-C của máy hỗ trợ DisplayPort 1.4 và USB PD 3.0.
Ngoài ra, laptop còn được tích hợp công nghệ Wi-Fi 7, 802.11be 2x2 để có khả năng truy cập mạng không dây nhanh, ổn định. Công nghệ Bluetooth 5.4 giúp Lenovo Ideapad Slim 5 14IRH10R 83J0006EVN dễ dàng kết nối với nhiều thiết bị ngoại vi mà không tiêu hao nhiều điện năng.
Màn hình OLED 14 inch đẹp mắt
Laptop Lenovo Ideapad Slim 5 14IRH10R 83J0006EVN mang tới chất lượng hiển thị ấn tượng, màu sắc sống động khi sử dụng màn hình OLED kích thước 14 inch. Độ phân giải 1920x1200 giúp cho mọi chi tiết hiển thị đều đảm bảo được độ sắc nét. Độ sáng 400 nits của màn hình OLED giúp laptop hiển thị rõ cả khi sử dụng ngoài trời nắng gắt.
Độ phủ màu 100% DCI-P3 và công nghệ DisplayHDR true Black 500 giúp cải thiện khả năng tương phản cũng như tái tạo màu sắc sống động. Nhờ vậy, màn hình Lenovo Ideapad Slim 5 14IRH10R 83J0006EVN có thể đáp ứng tốt mọi nhu cầu trong giải trí và công việc.
Màn hình laptop Ideapad Slim 5 14IRH10R 83J0006EVN còn đạt các chứng nhận TUV Rheinland như Low Blue Light, Flicker-Free. Với các chứng nhận này, người dùng sẽ hạn chế gặp phải tình trạng đau mỏi, khô mắt khi làm việc, giải trí trên máy tính trong thời gian dài.
Mua laptop Lenovo Ideapad Slim 5 14IRH10R 83J0006EVN chất lượng ngay tại CellphoneS
Laptop Lenovo Ideapad Slim 5 14IRH10R 83J0006EVN hiện đang được trưng bày tại nhiều cửa hàng CellphoneS để khách hàng tới trải nghiệm. Với các chương trình khuyến mãi, chiết khấu Smember, S-Student,... mẫu laptop Lenovo này tại CellphoneS còn có giá bán cạnh tranh.
Với hỗ trợ bảo hành dài hạn, đổi trả 1-1, mọi vấn đề của laptop sẽ được CellphoneS hỗ trợ kịp thời. Ngoài ra, khách hàng sẽ còn tiện lợi mua sắm dù ở bất cứ đâu nhờ vào hỗ trợ giao hàng toàn quốc của CellphoneS.","{""Bộ xử lý & Đồ họa"": [{""name"": ""Loại card đồ họa"", ""value"": ""Intel Graphics""}, {""name"": ""Loại CPU"", ""value"": ""Intel Core 5 210H, 8 lõi (4P + 4E) / 12 luồng, P-core 2.2 / 4.8GHz, E-core 1.6 / 3.6GHz, 12MB""}], ""Bộ nhớ RAM, Ổ cứng"": [{""name"": ""Dung lượng RAM"", ""value"": ""16GB""}, {""name"": ""Loại RAM"", ""value"": ""SO-DIMM DDR5-5600""}, {""name"": ""Số khe ram"", ""value"": ""2 khe (2x 8GB, tối đa 32GB)""}, {""name"": ""Ổ cứng"", ""value"": ""512GB SSD M.2 2242 PCIe 4.0x4 NVMe""}], ""Màn hình"": [{""name"": ""Chất liệu tấm nền"", ""value"": ""Tấm nền Oled""}, {""name"": ""Kích thước màn hình"", ""value"": ""14 inches""}, {""name"": ""Công nghệ màn hình"", ""value"": ""Độ sáng 400nits\nĐộ phủ màu 100% DCI-P3\nDisplayHDR True Black 500""}, {""name"": ""Độ phân giải màn hình"", ""value"": ""1920 x 1200 pixels (WUXGA)""}], ""Âm thanh"": [{""name"": ""Công nghệ âm thanh"", ""value"": ""Âm thanh độ nét cao (HD)\nLoa stereo, 2W x2\nDolby Audio""}], ""Cổng kết nối"": [{""name"": ""Khe đọc thẻ nhớ"", ""value"": ""Có""}, {""name"": ""Wi-Fi"", ""value"": ""Wi-Fi 7, 802.11be 2x2""}, {""name"": ""Bluetooth"", ""value"": ""Bluetooth 5.4""}, {""name"": ""Cổng giao tiếp"", ""value"": ""1x USB-A (5Gbps / USB 3.2 Gen 1)\n1x USB-A (5Gbps / USB 3.2 Gen 1), Luôn bật\n2x USB-C (5Gbps / USB 3.2 Gen 1), với USB PD 3.0 và DisplayPort 1.4\n1x HDMI 1.4b\n1x Giắc cắm kết hợp tai nghe/micrô (3.5mm)\n1x Đầu đọc thẻ nhớ microSD""}], ""Kích thước & Trọng lượng"": [{""name"": ""Chất liệu vỏ trên"", ""value"": ""Nhôm""}, {""name"": ""Chất liệu vỏ dưới"", ""value"": ""Nhôm""}, {""name"": ""Kích thước"", ""value"": ""313.4 x 222 x 16.9 mm (Dài x Rộng x Dày)""}, {""name"": ""Trọng lượng"", ""value"": ""1.39 kg""}], ""Tiện ích khác"": [{""name"": ""Tính năng đặc biệt"", ""value"": ""Nhận diện khuôn mặt, Màn hình Oled, Wi-Fi 7""}], ""Tính năng khác"": [{""name"": ""Loại đèn bàn phím"", ""value"": ""Backlit""}, {""name"": ""Bảo mật"", ""value"": ""Firmware TPM 2.0 Enabled""}, {""name"": ""Webcam"", ""value"": ""FHD 1080p + IR với Màn trập camera, Cảm biến ToF""}, {""name"": ""Hệ điều hành"", ""value"": ""Windows 11 Home Single Language, English""}], ""Pin & công nghệ sạc"": [{""name"": ""Pin"", ""value"": ""60Wh, 65W USB-C Slim (Wall-mount)""}]}","[""https://cdn2.cellphones.com.vn/x/media/catalog/product/l/a/laptop_lenovo_ideapad_slim_5_14irh10r_83j0006evn_-_1.png"", ""https://cdn2.cellphones.com.vn/x/media/catalog/product/l/a/laptop_lenovo_ideapad_slim_5_14irh10r_83j0006evn_-_2.png"", ""https://cdn2.cellphones.com.vn/x/media/catalog/product/l/a/laptop_lenovo_ideapad_slim_5_14irh10r_83j0006evn_-_3.png""]","{""product_color_1"": {""color"": ""Xám"", ""image_url"": ""https://cellphones.com.vn/laptop-lenovo-ideapad-slim-5-14irh10r-83j0006evn.html?product_id=110880"", ""price"": ""21.990.000₫""}}"
Laptop Lenovo IdeaPad Flex 5 14ABR8 82XX00DLVN,laptop-lenovo-ideapad-flex-5-14abr8-82xx00dlvn,18.990.000đ,17.490.000đ,"Đặc điểm nổi bật
Laptop Lenovo IdeaPad Flex 5 14ABR8 82XX00DLVN hướng đến sự linh hoạt với thiết kế xoay 360 độ và màn hình cảm ứng 14 inch WUXGA sắc nét và rực rỡ. Mẫu laptop Lenovo Ideapad này được trang bị bộ vi xử lý Ryzen 7 7730U, 16GB RAM và ổ cứng SSD 512GB. Sản phẩm còn có thêm các tính năng đèn nền bàn phím, webcam Full HD với màn chắn bảo mật và cảm biến vân tay.
Nội dung chính
1. Laptop Lenovo IdeaPad Flex 5 14ABR8 82XX00DLVN – Thiết kế tiện lợi, đa nhiệm ấn tượng
1.1. Bộ nhớ linh hoạt và tốc độ lưu trữ nhanh chóng
1.2. Thiết kế linh hoạt cùng trải nghiệm gõ phím mượt mà
1.3. Hiệu năng ổn định cho mọi tác vụ hàng ngày
1.4. Thời lượng pin bền bỉ và các cổng kết nối đa dạng
1.5. Màn hình cảm ứng sắc nét, bảo vệ mắt
2. Mua ngay laptop Lenovo IdeaPad Flex 5 14ABR8 82XX00DLVN chính hãng tại CellphoneS
Laptop Lenovo IdeaPad Flex 5 14ABR8 82XX00DLVN – Thiết kế tiện lợi, đa nhiệm ấn tượng
Laptop Lenovo IdeaPad Flex 5 14ABR8 82XX00DLVN là một lựa chọn đáng cân nhắc cho những ai đang tìm kiếm một chiếc máy tính xách tay vừa mạnh mẽ vừa linh hoạt. Hãy cùng CellphoneS tìm hiểu thêm về những điểm nổi bật có trên chiếc laptop 2 tron 1 này.
Bộ nhớ linh hoạt và tốc độ lưu trữ nhanh chóng
Lenovo IdeaPad Flex 5 14ABR8 được trang bị 16GB RAM LPDDR4x với tốc độ lên đến 4266MHz, đảm bảo khả năng xử lý mượt mà mọi tác vụ. Với cấu hình RAM được hàn cố định và hỗ trợ Dual-Channel, máy không chỉ hoạt động ổn định mà còn mang lại hiệu suất tối ưu.
Về lưu trữ, ổ cứng SSD 512GB PCIe 4.0 đảm bảo không gian đủ lớn cho dữ liệu công việc và giải trí. Nhờ công nghệ PCIe 4.0, tốc độ đọc ghi được nâng cao, giúp máy khởi động nhanh và truy cập tệp tin tức thì. Ngoài ra, laptop còn hỗ trợ người dùng nâng cấp ổ cứng lên dung lượng tối đa 1TB.
Thiết kế linh hoạt cùng trải nghiệm gõ phím mượt mà
Với trọng lượng chỉ 1.55kg và độ dày 17.8mm, laptop Lenovo IdeaPad Flex 5 14ABR8 82XX00DLVN được tạo ra để đồng hành với người dùng ở bất kỳ đâu. Lớp vỏ Arctic Grey mang phong cách hiện đại, tinh tế, cùng chất liệu PC-ABS bền bỉ. Điểm nổi bật của thiết kế là bản lề xoay 360 độ, giúp dễ dàng chuyển đổi linh hoạt chế độ laptop, tablet và chế độ dựng đứng.
Bên cạnh đó, bàn phím của máy được thiết kế với hành trình phím hợp lý, mang đến trải nghiệm gõ phím êm ái và chính xác. Đèn nền tích hợp giúp việc gõ phím trong điều kiện thiếu sáng trở nên thuận tiện hơn. Phần touchpad có kích thước lớn hỗ trợ đa điểm, phản hồi nhanh và chính xác, giúp thao tác điều hướng trở nên trơn tru hơn.
Hiệu năng ổn định cho mọi tác vụ hàng ngày
Trang bị bộ vi xử lý AMD Ryzen 7 7730U với 8 nhân 16 luồng và tốc độ tối đa lên đến 4.5GHz, Lenovo IdeaPad Flex 5 đảm bảo hiệu suất xử lý mượt mà cho các tác vụ từ cơ bản đến nâng cao. Dựa trên kiến trúc AMD SoC, chiếc laptop này cân bằng tốt giữa hiệu năng và tiêu thụ năng lượng, giúp người dùng vừa làm việc hiệu quả vừa tiết kiệm điện năng.
GPU tích hợp AMD Radeon Graphics hỗ trợ tốt các nhu cầu đồ họa thông thường, bao gồm chỉnh sửa ảnh, video cơ bản hay giải trí với các tựa game nhẹ. Với sự kết hợp của bộ vi xử lý mạnh mẽ, RAM dung lượng lớn và SSD tốc độ cao, máy mang đến trải nghiệm làm việc và giải trí thoải mái.
Thời lượng pin bền bỉ và các cổng kết nối đa dạng
Laptop Lenovo IdeaPad Flex 5 14ABR8 82XX00DLVN được trang bị viên pin 52.5Wh, mang đến thời gian sử dụng đủ dài để đáp ứng các nhu cầu làm việc và giải trí liên tục trong nhiều giờ. Công nghệ sạc nhanh 65W giúp nạp lại năng lượng nhanh chóng. Với khả năng tiết kiệm năng lượng từ CPU AMD, máy hoạt động hiệu quả hơn, giảm tiêu thụ điện năng.
Máy còn sở hữu hệ thống cổng kết nối phong phú với cổng USB-C 3.2 Gen 2 hỗ trợ Power Delivery 3.0 và DisplayPort 1.4. Hai cổng USB-A 3.2 Gen 1 giúp kết nối các thiết bị truyền thống. Bên cạnh đó, máy còn có cổng HDMI 1.4b, giắc tai nghe/mic 3.5mm và đầu đọc thẻ SD, mang đến nhiều tùy chọn kết nối tiện lợi cho người dùng.
Màn hình cảm ứng sắc nét, bảo vệ mắt
Laptop này sở hữu cho mình màn hình 14 inch WUXGA IPS, mang lại chất lượng hiển thị rõ ràng. Với độ sáng 300 nits, màn hình này đảm bảo khả năng hiển thị tốt trong nhiều điều kiện ánh sáng khác nhau. Công nghệ cảm ứng đa điểm giúp người dùng có thể thao tác trực tiếp trên màn hình một cách mượt mà.
Bên cạnh chất lượng hiển thị sắc nét, Lenovo cũng tích hợp công nghệ TÜV Low Blue Light, giúp giảm ánh sáng xanh có hại cho mắt khi làm việc trong thời gian dài. Laptop còn được trang bị tần số quét ở mức 60Hz. Với tần số quét này, sản phẩm sẽ có thể phục vụ tốt các nhu cầu giải trí cơ bản của người dùng.
Mua ngay laptop Lenovo IdeaPad Flex 5 14ABR8 82XX00DLVN chính hãng tại CellphoneS
Sở hữu ngay laptop Lenovo IdeaPad Flex 5 14ABR8 82XX00DLVN, chiếc laptop 2-in-1 hiện đại. Khi mua tại CellphoneS, khách hàng sẽ được hưởng chế độ bảo hành chính hãng 24 tháng tại các trung tâm ủy quyền. Bên cạnh đó là chính sách 1 đổi 1 trong 30 ngày nếu gặp lỗi phần cứng từ nhà sản xuất. Đừng bỏ lỡ cơ hội sở hữu sản phẩm chính hãng với nhiều ưu đãi hấp dẫn!","{""Bộ xử lý & Đồ họa"": [{""name"": ""Loại card đồ họa"", ""value"": ""AMD Radeon Graphics""}, {""name"": ""Loại CPU"", ""value"": ""AMD Ryzen 7 7730U (8 lõi / 16 luồng, 2.0 / 4.5GHz, 4MB L2 / 16MB L3)""}], ""Bộ nhớ RAM, Ổ cứng"": [{""name"": ""Dung lượng RAM"", ""value"": ""16GB""}, {""name"": ""Loại RAM"", ""value"": ""LPDDR5x-8448""}, {""name"": ""Số khe ram"", ""value"": ""Không nâng cấp""}, {""name"": ""Ổ cứng"", ""value"": ""Ổ cứng SSD 512GB M.2 2242 PCIe 4.0x4 NVMe (Một ổ đĩa, tối đa 1TB M.2 2242 SSD, Một khe cắm M.2 2242 PCIe 3.0 x4)""}], ""Màn hình"": [{""name"": ""Tần số quét"", ""value"": ""60Hz""}, {""name"": ""Chất liệu tấm nền"", ""value"": ""Tấm nền IPS""}, {""name"": ""Kích thước màn hình"", ""value"": ""14 inches""}, {""name"": ""Công nghệ màn hình"", ""value"": ""Độ sáng 300nits\nĐộ phủ màu 45% NTSC\nTÜV Low Blue Light""}, {""name"": ""Độ phân giải màn hình"", ""value"": ""1920 x 1200 pixels (WUXGA)""}], ""Cổng kết nối"": [{""name"": ""Khe đọc thẻ nhớ"", ""value"": ""Có""}, {""name"": ""Wi-Fi"", ""value"": ""Wi-Fi 6, 802.11ax 2x2""}, {""name"": ""Bluetooth"", ""value"": ""Bluetooth 5.3""}, {""name"": ""Cổng giao tiếp"", ""value"": ""2x USB-A (USB 5Gbps)\n1x USB-C (USB 10Gbps), với USB PD 3.0 và DisplayPort 1.4\n1x HDMI 1.4b\n1x giắc cắm kết hợp tai nghe / micrô (3.5 mm)\n1x đầu đọc thẻ SD\n1x đầu nối nguồn""}], ""Kích thước & Trọng lượng"": [{""name"": ""Chất liệu"", ""value"": ""Vỏ nhựa""}, {""name"": ""Chất liệu vỏ màn hình"", ""value"": ""Nhựa""}, {""name"": ""Chất liệu vỏ trên"", ""value"": ""Nhựa""}, {""name"": ""Chất liệu vỏ dưới"", ""value"": ""Nhựa""}, {""name"": ""Kích thước"", ""value"": ""313.1 x 224.9 x 17.8 mm (Dài x Rộng x Dày)""}, {""name"": ""Trọng lượng"", ""value"": ""1.55 kg""}], ""Tiện ích khác"": [{""name"": ""Tính năng đặc biệt"", ""value"": ""Wi-Fi 6, Màn hình cảm ứng, Bảo mật vân tay, Xoay gập 360 độ (2 in 1)""}], ""Tính năng khác"": [{""name"": ""Loại đèn bàn phím"", ""value"": ""Backlit, English""}, {""name"": ""Webcam"", ""value"": ""FHD 1080p với Màn trập riêng tư""}, {""name"": ""Hệ điều hành"", ""value"": ""Windows 11 Home Single Language, English""}], ""Pin & công nghệ sạc"": [{""name"": ""Pin"", ""value"": ""52.5Wh""}]}","[""https://cdn2.cellphones.com.vn/x/media/catalog/product/l/a/laptop_lenovo_ideapad_flex_5_14abr8_82xx00dlvn_-_1.png"", ""https://cdn2.cellphones.com.vn/x/media/catalog/product/l/a/laptop_lenovo_ideapad_flex_5_14abr8_82xx00dlvn_-_2.png"", ""https://cdn2.cellphones.com.vn/x/media/catalog/product/l/a/laptop_lenovo_ideapad_flex_5_14abr8_82xx00dlvn_-_3.png""]","{""product_color_1"": {""color"": ""Xám"", ""image_url"": ""https://cellphones.com.vn/laptop-lenovo-ideapad-flex-5-14abr8-82xx00dlvn.html?product_id=98810"", ""price"": ""17.490.000₫""}}"
Laptop Lenovo Yoga Slim 7 14IMH9 83CV00DKVN,laptop-lenovo-yoga-slim-7-14imh9-83cv00dkvn,31.990.000đ,28.190.000đ,"Đặc điểm nổi bật
Laptop Lenovo Yoga Slim 7 14IMH9 83CV00DKVN có hiệu năng mạnh mẽ nhờ Intel Core Ultra 7 155H, NPU AI Boost đạt 11 TOPS cùng RAM 32GB LPDDR5-6400. Máy có độ mỏng chỉ 14.9, hiển thị sống động nhờ màn hình OLED 14 inch WUXGA. Máy đi kèm SSD 1TB PCIe 4.0, card Intel Arc Graphics và viên pin 65Wh.
Nội dung chính
1. Laptop Lenovo Yoga Slim 7 14IMH9 83CV00DKVN - Hiệu suất AI mạnh mẽ trong thiết kế mỏng
1.1. Hiệu suất AI NPU 11 TOPS
1.2. Trang bị RAM và SSD lớn
1.3. Thiết kế siêu mỏng sang trọng
1.4. Vi xử lý U7-155H mạnh mẽ
1.5. Pin 65Wh, nhiều cổng kết nối, hiển thị rõ nét
2. So sánh laptop Lenovo Yoga Slim 7 14IMH9 83CV00DKVN và Slim 6 14IRH8 83E00008VN
3. Mua ngay laptop Lenovo Yoga Slim 7 14IMH9 83CV00DKVN với ưu đãi tốt tại CellphoneS
Laptop Lenovo Yoga Slim 7 14IMH9 83CV00DKVN - Hiệu suất AI mạnh mẽ trong thiết kế mỏng
Laptop Lenovo 14IMH9 83CV00DKVN là mẫu ultrabook cao cấp được Lenovo định hướng trở thành thiết bị AI PC thực thụ. Máy mang đến trải nghiệm ấn tượng nhờ sự kết hợp giữa hiệu suất mạnh mẽ, màn hình sắc nét và thiết kế sang trọng.
Hiệu suất AI NPU 11 TOPS
Là một AI PC chính thống, laptop Lenovo Yoga Slim 7 14IMH9 83CV00DKVN được trang bị CPU mạnh mẽ và tích hợp thêm NPU Intel AI Boost. Nhờ đó, thế hệ laptop Lenovo AI này mang đến hiệu năng AI lên đến 11 TOPS, hỗ trợ xử lý mượt mà các tác vụ như nhận diện gương mặt hay tăng tốc các mô hình AI nhỏ khác.
Hiệu suất AI mạnh mẽ
Không chỉ dừng ở mức hỗ trợ phần cứng, hệ thống AI Boost còn hoạt động kết hợp với Intel Arc Graphics để tăng cường hiệu quả xử lý hình ảnh. Cách phối hợp giữa CPU - GPU - NPU theo cấu trúc Intel SoC Platform tạo nên nền tảng hiệu suất tổng thể mạnh mẽ, giúp máy xử lý mượt mà nhiều tác vụ phức tạp.
Trang bị RAM và SSD lớn
Laptop Lenovo Yoga Slim 7 14IMH9 83CV00DKVN sở hữu dung lượng RAM 32GB LPDDR5-6400, tạo ra độ ổn định cực cao trong quá trình xử lý đa nhiệm. Việc sử dụng RAM hàn tuy không cho phép nâng cấp nhưng đổi lại độ tối ưu phần cứng cao, hạn chế tiêu thụ điện năng và giúp thiết kế tổng thể mỏng nhẹ hơn.
Sở hữu RAM 32GB LPDDR5-6400
Song song với RAM tốc độ cao, máy được trang bị SSD 1TB PCIe 4.0x4 NVMe M.2 2242, được đánh giá cao với khả năng đọc ghi và khởi động ứng dụng siêu nhanh. Hệ thống chỉ hỗ trợ một khe lưu trữ nhưng dung lượng 1TB là đủ lớn để lưu trữ tài liệu công việc, học tập, các dự án hay file đa phương tiện chất lượng cao.
Thiết kế siêu mỏng sang trọng
Laptop Lenovo Yoga Slim 7 14IMH9 83CV00DKVN mang triết lý thiết kế siêu mỏng với kích thước tổng chỉ 312 x 221 x 14.9 mm và trọng lượng khoảng 1.39 kg. Khung máy được chế tác bằng nhôm nguyên khối với kỹ thuật anodized kết hợp Sandblasting giúp bề mặt mịn và hạn chế bám vân tay hiệu quả.
Độ mỏng chỉ 14.9 mm
Màu sắc Luna Grey tạo nên phong thái thanh lịch, tinh giản nhưng vẫn hiện đại, phù hợp cho môi trường chuyên nghiệp hoặc phong cách cá nhân tối giản. Đồng thời, máy còn vượt qua 21 bài kiểm tra MIL-STD-810H cho thấy độ bền tốt trước rung lắc, thay đổi nhiệt độ, va đập nhẹ hay môi trường làm việc khắc nghiệt.
Vi xử lý U7-155H mạnh mẽ
Trung tâm sức mạnh của laptop Lenovo Yoga Slim 7 14IMH9 83CV00DKVN là CPU Intel Core Ultra 7 155H 16 lõi 22 luồng, gây ấn tượng với khả năng xử lý mạnh mẽ. Nhờ kiến trúc tối ưu điện năng mới, CPU có thể duy trì tốc độ ổn định trong thời gian dài mà không gây nóng quá mức, phù hợp cho người dùng cần hiệu năng bền bỉ.
CPU Intel Core Ultra 7 155H mạnh mẽ
Card đồ họa tích hợp Intel Arc Graphics đem đến khả năng đồ họa vượt trội so với thế hệ Intel UHD cũ, hỗ trợ tốt các tác vụ sáng tạo. Sự kết hợp giữa CPU mạnh – GPU mới – NPU AI Boost giúp hệ thống đạt hiệu năng tổng thể cao, đồng thời mang lại các trải nghiệm đồ họa thông minh.
Pin 65Wh, nhiều cổng kết nối, hiển thị rõ nét
Với pin 65Wh, laptop Lenovo Yoga Slim 7 14IMH9 83CV00DKVN mang đến thời lượng sử dụng ổn định cho công việc văn phòng, xem phim trong nhiều giờ liền. Bộ sạc USB-C Slim 65W gọn nhẹ đi kèm hỗ trợ sạc nhanh, đồng thời thuận tiện cho người dùng dễ dàng mang theo mà không bị chiếm nhiều diện tích.
Pin 65Wh hỗ trợ sạc nhanh 65W
Về cổng kết nối, máy hỗ trợ hai cổng USB-C Thunderbolt 4/USB4 tốc độ 40Gbps, một cổng USB-A 3.2 Gen 1, một cổng HDMI 2.1 hỗ trợ xuất 4K/60Hz và jack 3.5mm. Cùng với đó là hệ thống kết nối không dây Wi-Fi 6E và Bluetooth 5.3 đem lại tốc độ mạng nhanh, ổn định và tối ưu cho các môi trường làm việc nhiều thiết bị.
Màn hình WUXGA sống động
Không gian hiển thị của máy cũng là một điểm đáng khen nhờ sự trang bị màn hình 14 inch WUXGA OLED 400 nits với độ bao phủ màu DCI-P3 100%. Công nghệ True Black 500 và Dolby Vision giúp màu sắc phong phú hơn và nội dung HDR trở nên sống động hơn so với các màn hình IPS thông thường.
So sánh laptop Lenovo Yoga Slim 7 14IMH9 83CV00DKVN và Slim 6 14IRH8 83E00008VN
Hai mẫu laptop Lenovo Yoga Slim 7 14IMH9 83CV00DKVN và thế hệ trước Slim 6 14IRH8 đều hướng đến người dùng cần sự mỏng nhẹ nhưng mạnh mẽ. Tuy nhiên sức mạnh phần cứng của 2 model này khác biệt khá rõ rệt, được nêu lên cụ thể ở bảng so sánh dưới đây.
Thông số
Laptop Lenovo Yoga Slim 7 14IMH9 83CV00DKVN
Laptop Lenovo Yoga Slim 6 14IRH8 83E00008VN
Chip AI
Intel AI Boost, up to 11 TOPS
Loại card đồ họa
Intel Arc Graphics
Intel Iris Xe Graphics
Dung lượng RAM
32GB
16GB
Loại RAM
LPDDR5-6400
LPDDR5x-5200 Onboard
Số khe ram
Onboard không nâng cấp
1 khe, Ram onboard
Ổ cứng
1TB SSD M.2 2242 PCIe 4.0x4 NVMe
512GB SSD M.2 2242 PCIe 4.0x4 NVMe (có thể tháo ra nâng cáp tối đa 1TB)
Kích thước màn hình
14 inches
14 inches
Công nghệ màn hình
Độ sáng 400nits
Độ phủ màu 100% DCI-P3
Eyesafe
Dolby Vision
DisplayHDR True Black 500
Độ sáng 400nits
Độ phủ màu 100% DCI-P3
Eyesafe
Dolby Vision
DisplayHDR True Black 500
Pin
65Wh, 65W USB-C Slim (Wall-mount)
65 Wh
Hệ điều hành
Windows 11 Home Single Language, English + Microsoft 365 Basic + Office Home 2024
Windows 11 Home + Office Home & Student 2021
Độ phân giải màn hình
1920 x 1200 pixels (WUXGA)
1920 x 1200 pixels (WUXGA)
Loại CPU
Intel Core Ultra 7 155H, 16 lõi (6P + 8E + 2LPE) / 22 luồng, Max Turbo up to 4.8GHz, 24MB
Intel Core i7-13700H (14 lõi (6P + 8E) / 20 luồng , P-core 2.4 / 5.0GHz, E-core 1.8 / 3.7GHz, 24MB)
Cổng giao tiếp
1x USB-A (USB 5Gbps / USB 3.2 Gen 1), Luôn bật
2x USB-C (Thunderbolt 4 / USB 4 40Gbps), với USB PD 3.1 và DisplayPort 1.4
1x HDMI 2.1, lên đến 4K/60Hz
1x Giắc cắm kết hợp tai nghe/micrô (3.5mm)
1x HDMI 2.1, up to 4K/60Hz
1x Headphone / microphone combo jack (3.5mm)
1x USB 3.2 Gen 1 (Always On)
2x Thunderbolt 4 / USB4 40Gbps (Truyền dữ liệu, Power Delivery 3.0 và DisplayPort 1.4)
So sánh Slim 7 14IMH9 83CV00DKVN với model tiền nhiệm
Dễ thấy, Yoga Slim 7 14IMH9 vượt trội hơn hẳn so với Slim 6 14IRH8 83E00008VN, phù hợp người dùng sáng tạo nội dung hoặc chạy AI/đa nhiệm phức tạp. Trong khi đó, Slim 6 14IRH8 83E00008VN lại thích hợp cho người dùng phổ thông cần độ ổn định, cấu hình mạnh ở mức vừa phải và vẫn có khả năng thay SSD.
Mua ngay laptop Lenovo Yoga Slim 7 14IMH9 83CV00DKVN với ưu đãi tốt tại CellphoneS
Để rước laptop Lenovo Yoga Slim 7 14IMH9 83CV00DKVN về một cách uy tín, hãy chọn mua tại CellphoneS. Hệ thống hiện đang mở bán chiếc laptop này với giá siêu cạnh tranh cùng nhiều ưu đãi lớn. Các nhân viên tại đây luôn sẵn sàng tư vấn và giao hàng nhanh tận nơi ngay khi khách hàng đặt trên website. Đừng chần chừ, mua ngay laptop Lenovo 14IMH9 83CV00DKVN tại CellphoneS ngay hôm nay!","{""Bộ xử lý & Đồ họa"": [{""name"": ""Chip AI"", ""value"": ""Intel AI Boost, up to 11 TOPS""}, {""name"": ""Loại card đồ họa"", ""value"": ""Intel Arc Graphics""}, {""name"": ""Loại CPU"", ""value"": ""Intel Core Ultra 7 155H, 16 lõi (6P + 8E + 2LPE) / 22 luồng, Max Turbo up to 4.8GHz, 24MB""}], ""Bộ nhớ RAM, Ổ cứng"": [{""name"": ""Dung lượng RAM"", ""value"": ""32GB""}, {""name"": ""Loại RAM"", ""value"": ""LPDDR5-6400""}, {""name"": ""Số khe ram"", ""value"": ""Onboard không nâng cấp""}, {""name"": ""Ổ cứng"", ""value"": ""1TB SSD M.2 2242 PCIe 4.0x4 NVMe""}], ""Màn hình"": [{""name"": ""Tần số quét"", ""value"": ""60 Hz""}, {""name"": ""Chất liệu tấm nền"", ""value"": ""Tấm nền Oled""}, {""name"": ""Kích thước màn hình"", ""value"": ""14 inches""}, {""name"": ""Công nghệ màn hình"", ""value"": ""Độ sáng 400nits\nĐộ phủ màu 100% DCI-P3\nEyesafe\nDolby Vision\nDisplayHDR True Black 500""}, {""name"": ""Độ phân giải màn hình"", ""value"": ""1920 x 1200 pixels (WUXGA)""}], ""Âm thanh"": [{""name"": ""Công nghệ âm thanh"", ""value"": ""Âm thanh độ nét cao (HD)\nBộ giải mã Realtek ALC3306\nLoa stereo, 2W x4\nDolby Atmos\nBộ khuếch đại (AMP)""}], ""Kích thước & Trọng lượng"": [{""name"": ""Chất liệu"", ""value"": ""Vỏ kim loại""}, {""name"": ""Chất liệu vỏ màn hình"", ""value"": ""Nhôm""}, {""name"": ""Chất liệu vỏ trên"", ""value"": ""Nhôm""}, {""name"": ""Chất liệu vỏ dưới"", ""value"": ""Nhôm""}, {""name"": ""Kích thước"", ""value"": ""312 x 221 x 14.9 mm (Dài x Rộng x Dày)""}, {""name"": ""Trọng lượng"", ""value"": ""1.39 kg""}], ""Tiện ích khác"": [{""name"": ""Tính năng đặc biệt"", ""value"": ""Wi-Fi 6, Nhận diện khuôn mặt, Màn hình Oled""}], ""Tính năng khác"": [{""name"": ""Loại đèn bàn phím"", ""value"": ""Backlit, English""}, {""name"": ""Bảo mật"", ""value"": ""Firmware TPM 2.0""}, {""name"": ""Webcam"", ""value"": ""FHD 1080p + IR với màn trập điện tử, cảm biến ToF""}, {""name"": ""Hệ điều hành"", ""value"": ""Windows 11 Home Single Language, English + Microsoft 365 Basic + Office Home 2024""}], ""Pin & công nghệ sạc"": [{""name"": ""Pin"", ""value"": ""65Wh, 65W USB-C Slim (Wall-mount)""}], ""Cổng kết nối"": [{""name"": ""Wi-Fi"", ""value"": ""Wi-Fi 6E, 802.11ax 2x2""}, {""name"": ""Bluetooth"", ""value"": ""Bluetooth 5.3""}, {""name"": ""Cổng giao tiếp"", ""value"": ""1x USB-A (USB 5Gbps / USB 3.2 Gen 1), Luôn bật\n2x USB-C (Thunderbolt 4 / USB 4 40Gbps), với USB PD 3.1 và DisplayPort 1.4\n1x HDMI 2.1, lên đến 4K/60Hz\n1x Giắc cắm kết hợp tai nghe/micrô (3.5mm)""}]}","[""https://cdn2.cellphones.com.vn/x/media/catalog/product/l/a/laptop_lenovo_yoga_slim_7_14imh9_83cv00dkvn_-_1.png"", ""https://cdn2.cellphones.com.vn/x/media/catalog/product/l/a/laptop_lenovo_yoga_slim_7_14imh9_83cv00dkvn_-_2.png"", ""https://cdn2.cellphones.com.vn/x/media/catalog/product/l/a/laptop_lenovo_yoga_slim_7_14imh9_83cv00dkvn_-_3.png""]","{""product_color_1"": {""color"": ""Xám"", ""image_url"": ""https://cellphones.com.vn/laptop-lenovo-yoga-slim-7-14imh9-83cv00dkvn.html?product_id=116714"", ""price"": ""28.190.000₫""}}"
Laptop Lenovo IdeaPad Slim 5 14Q8X9 83HL005AVN,laptop-lenovo-ideapad-slim-5-14q8x9-83hl005avn,23.490.000đ,19.990.000đ,"Đặc điểm nổi bật
Laptop Lenovo Ideapad Slim 5 14Q8X9 83HL005AVN hướng đến hiệu năng AI mạnh mẽ khi được trang bị con chip 8 nhân Snapdragon X X1-26-100 và NPU 45 TOPS. Mẫu laptop AI này sở hữu thiết kế vỏ nhôm thanh lịch, sang trọng cùng trọng lượng chỉ khoảng 1.48kg. Bên cạnh đó, máy có pin 57Wh sạc nhanh 65W và màn hình 14 inch sắc nét.
Nội dung chính
1. Laptop Lenovo Ideapad Slim 5 14Q8X9 83HL005AVN – Hiệu năng AI vượt trội, thiết kế mỏng nhẹ
1.1. Trải nghiệm AI mượt mà cấu hình mạnh mẽ
1.2. Bộ nhớ LPDDR5x và SSD PCIe 4.0 tối ưu đa nhiệm
1.3. Thiết kế nhôm sang trọng, thanh lịch
1.4. Xử lý mạnh mẽ với CPU và GPU hiện đại
1.5. Pin 57Wh sạc nhanh 65W, đầy đủ cổng kết nối
1.6. Màn hình 14 inch viền mỏng, hiển thị sắc nét
2. Mua laptop Lenovo Ideapad Slim 5 14Q8X9 83HL005AVN chính hãng tại CellphoneS
Laptop Lenovo Ideapad Slim 5 14Q8X9 83HL005AVN – Hiệu năng AI vượt trội, thiết kế mỏng nhẹ
Lenovo Ideapad Slim 5 14Q8X9 83HL005AVN mang đến trải nghiệm cân bằng giữa sức mạnh xử lý và sự cơ động. Thiết kế tinh giản, chất liệu nhôm cao cấp giúp máy vừa sang trọng vừa dễ mang theo trong mọi hành trình.
Trải nghiệm AI mượt mà cấu hình mạnh mẽ
Laptop Lenovo Ideapad Slim 5 14Q8X9 83HL005AVN sở hữu chip Snapdragon X X1-26-1008 nhân cùng NPU Qualcomm Hexagon TOPS. Nhờ vậy, các tác vụ học máy, xử lý hình ảnh hay nhận diện giọng nói đều được thực hiện tức thì. 
Hiệu năng AI mượt, phản hồi nhanh trong mọi tác vụ
Bên cạnh đó, khả năng tương thích với Windows 11 trên nền ARM giúp hệ thống vận hành ổn định và tiết kiệm điện năng đáng kể. Model này còn hỗ trợ tính năng Copilot+ PC, cho phép khai thác công cụ AI nội bộ ngay trên máy. 
Cùng với đó, GPU Adreno mới giúp tăng tốc hiển thị, mang lại trải nghiệm mượt mà cho dân sáng tạo nội dung. Đây là nền tảng hướng tới tương lai của laptop AI thế hệ mới, hỗ trợ người dùng làm việc nhanh và thông minh hơn.
Bộ nhớ LPDDR5x và SSD PCIe 4.0 tối ưu đa nhiệm
Laptop Lenovo Ideapad Slim 5 14Q8X9 83HL005AVN sở hữu bộ nhớ 16GB 8448 MHz, giúp truyền dữ liệu tốc độ cao và giảm tiêu thụ năng lượng. Cấu trúc kênh đôi mang lại hiệu suất đa nhiệm ổn định, duy trì khả năng chuyển đổi ứng dụng liền mạch. 
Lưu trữ nhanh, đa nhiệm ổn định và tiết kiệm điện
Đồng thời, ổ SSD 512GB PCIe 4.0 NVMe trên máy còn giúp mở rộng không gian lưu trữ, rút ngắn thời gian khởi động hệ thống và tải phần mềm nặng. Với kết hợp này, người dùng có thể mở đồng thời nhiều tab, chỉnh sửa video 4K hoặc trình chiếu mà không gặp độ trễ. 
Thiết kế nhôm sang trọng, thanh lịch
Laptop Lenovo Ideapad Slim 5 14Q8X9 83HL005AVN sở hữu lớp vỏ nhôm được xử lý anodized sandblasting tinh tế, tạo cảm giác cao cấp và bền bỉ. Với độ dày 16.9 mm và trọng lượng chỉ khoảng 1.48 kg, thiết bị dễ dàng đồng hành cùng người dùng trong công việc di chuyển. 
Thiết kế tinh tế, thân nhôm bền đẹp và gọn nhẹ
Bên cạnh đó, tông màu của máy còn mang phong cách hiện đại, phù hợp nhiều môi trường sử dụng. Đồng thời, bàn phím 6 hàng cũng được bố trí khoa học để các thao tác được thực hiện nhanh chóng.
Touchpad Mylar 75x120 mm phản hồi nhạy, giúp thao tác chính xác khi làm việc hoặc chỉnh sửa nội dung. Ngoài ra, khung máy đạt tiêu chuẩn MIL-STD-810H giúp đảm bảo độ bền và khả năng giảm hư hại khi vô tình bị va đập trong quá trình sử dụng lâu dài.
Xử lý mạnh mẽ với CPU và GPU hiện đại
Laptop Lenovo Ideapad Slim 5 14Q8X9 83HL005AVN sử dụng kiến trúc ARM, cho trải nghiệm mượt mà và tương thích hệ sinh thái ứng dụng ARM. Đồng thời, CPU Snapdragon X với 8 lõi còn cung cấp hiệu suất cao trong xử lý đồ họa, dựng phim, chỉnh ảnh hoặc làm việc đa luồng. 
Đồ họa mượt mà, xử lý trơn tru các ứng dụng nặng
GPU Adreno hỗ trợ DirectX 12 giúp hiển thị khung hình ổn định khi xem phim 4K hoặc làm đồ họa 2D. Sự kết hợp giữa CPU và GPU này đảm bảo máy duy trì hiệu suất ổn định mà vẫn giữ nhiệt độ thấp. Người dùng có thể tự tin vận hành các ứng dụng sáng tạo mà không lo giật lag.
Pin 57Wh sạc nhanh 65W, đầy đủ cổng kết nối
Laptop Lenovo Ideapad Slim 5 14Q8X9 83HL005AVN được trang bị pin 57Wh cho thời lượng sử dụng đáng kể, phù hợp nhu cầu làm việc và giải trí suốt ngày dài. Cùng với đó, bộ sạc USB-C 65W cho phép vừa sạc vừa truyền dữ liệu nhanh qua cùng cổng Type-C.
Đầy đủ cổng kết nối, sạc nhanh linh hoạt mọi nơi
Lenovo cũng trang bị hệ thống cổng phong phú trên model laptop này gồm HDMI 2.1, 2 cổng USB-C, 2 USB-A, microSD và jack 3.5 mm. Máy còn hỗ trợ Wi-Fi 7 và Bluetooth 5.4 đảm bảo kết nối ổn định cho họp trực tuyến, truyền tệp hoặc phát 4K.
Màn hình 14 inch viền mỏng, hiển thị sắc nét
Màn hình 14 inch của laptop Lenovo Ideapad Slim 5 14Q8X9 83HL005AVN sử dụng tấm nền OLED với độ phân giải WUXGA (1920×1200). Tấm nền OLED với độ sáng 400 nits cùng chuẩn màu 100% DCI-P3 giúp tái tạo hình ảnh sống động, chân thực. 
Màn hình sắc nét, màu chuẩn phục vụ sáng tạo nội dung
Với viền mỏng bốn cạnh, máy tạo cảm giác không gian rộng, tỷ lệ hiển thị đạt khoảng 90%. Nhờ đạt tiêu chuẩn TUV Rheinland về giảm ánh sáng xanh, màn hình của máy giúp người dùng có trải nghiệm nhìn dễ chịu hơn khi làm việc suốt nhiều giờ liên.
Mua laptop Lenovo Ideapad Slim 5 14Q8X9 83HL005AVN chính hãng tại CellphoneS
Laptop Lenovo Ideapad Slim 5 14Q8X9 83HL005AVN được phân phối chính hãng tại hệ thống CellphoneS đi kèm bảo hành minh bạch. Khách hàng có thể đến tận nơi để trải nghiệm và dễ dàng đặt mua mẫu laptop này. Bên cạnh đó, CellphoneS còn có nhiều ưu đãi cũng như hỗ trợ thanh toán bằng nhiều phương thức.Ghé ngay CellphoneS để sở hữu laptop giá tốt, hưởng dịch vụ tư vấn và hậu mãi tận tình.","{""Bộ xử lý & Đồ họa"": [{""name"": ""Chip AI"", ""value"": ""Qualcomm Hexagon NPU, up to 45 TOPS""}, {""name"": ""Loại card đồ họa"", ""value"": ""Qualcomm Adreno""}, {""name"": ""Loại CPU"", ""value"": ""Snapdragon X X1-26-100, 8 lõi, Max Turbo up to 3.0GHz, 30MB""}], ""Bộ nhớ RAM, Ổ cứng"": [{""name"": ""Dung lượng RAM"", ""value"": ""16GB""}, {""name"": ""Loại RAM"", ""value"": ""LPDDR5x-8448""}, {""name"": ""Số khe ram"", ""value"": ""Onboard không nâng cấp""}, {""name"": ""Ổ cứng"", ""value"": ""512GB SSD M.2 2242 PCIe 4.0x4 NVMe (Một ổ đĩa, tối đa 1TB M.2 2242 SSD)""}], ""Màn hình"": [{""name"": ""Chất liệu tấm nền"", ""value"": ""Tấm nền Oled""}, {""name"": ""Kích thước màn hình"", ""value"": ""14 inches""}, {""name"": ""Công nghệ màn hình"", ""value"": ""Độ sáng 400nits\nĐộ phủ màu 100% DCI-P3""}, {""name"": ""Độ phân giải màn hình"", ""value"": ""1920 x 1200 pixels (WUXGA)""}], ""Âm thanh"": [{""name"": ""Công nghệ âm thanh"", ""value"": ""Âm thanh độ nét cao (HD)\nLoa stereo, 2W x2\nDolby Audio""}], ""Cổng kết nối"": [{""name"": ""Khe đọc thẻ nhớ"", ""value"": ""Có""}, {""name"": ""Wi-Fi"", ""value"": ""Wi-Fi 7, 802.11be 2x2""}, {""name"": ""Bluetooth"", ""value"": ""Bluetooth 5.4""}, {""name"": ""Cổng giao tiếp"", ""value"": ""1x USB-A (5Gbps / USB 3.2 Gen 1)\n1x USB-A (5Gbps / USB 3.2 Gen 1), Luôn bật\n2x USB-C (10Gbps / USB 3.2 Gen 2), với USB PD 3.0 và DP 1.4\n1x HDMI 2.1, lên đến 4K/60Hz\n1x Giắc cắm kết hợp tai nghe/micrô (3.5mm)\n1x Đầu đọc thẻ microSD""}], ""Kích thước & Trọng lượng"": [{""name"": ""Chất liệu"", ""value"": ""Vỏ kim loại""}, {""name"": ""Chất liệu vỏ màn hình"", ""value"": ""Nhôm""}, {""name"": ""Chất liệu vỏ trên"", ""value"": ""Nhôm""}, {""name"": ""Chất liệu vỏ dưới"", ""value"": ""Nhôm""}, {""name"": ""Kích thước"", ""value"": ""312 x 221 x 16.9 mm (Dài x Rộng x Dày)""}, {""name"": ""Trọng lượng"", ""value"": ""1.48 kg""}], ""Tiện ích khác"": [{""name"": ""Tính năng đặc biệt"", ""value"": ""Bảo mật vân tay, Màn hình Oled, Wi-Fi 7""}], ""Tính năng khác"": [{""name"": ""Loại đèn bàn phím"", ""value"": ""Backlit, English""}, {""name"": ""Bảo mật"", ""value"": ""Microsoft Pluton TPM 2.0 Enabled""}, {""name"": ""Webcam"", ""value"": ""FHD 1080p với màn trập camera""}, {""name"": ""Hệ điều hành"", ""value"": ""Windows 11 Home Single Language (on ARM), English / Office Trial""}], ""Pin & công nghệ sạc"": [{""name"": ""Pin"", ""value"": ""57Wh, 65W USB-C Slim (Wall-mount)""}]}","[""https://cdn2.cellphones.com.vn/x/media/catalog/product/l/a/laptop_lenovo_ideapad_slim_5_14q8x9_83hl005avn_-_1.png"", ""https://cdn2.cellphones.com.vn/x/media/catalog/product/l/a/laptop_lenovo_ideapad_slim_5_14q8x9_83hl005avn_-_2.png"", ""https://cdn2.cellphones.com.vn/x/media/catalog/product/l/a/laptop_lenovo_ideapad_slim_5_14q8x9_83hl005avn_-_3.png""]","{""product_color_1"": {""color"": ""Xám"", ""image_url"": ""https://cellphones.com.vn/laptop-lenovo-ideapad-slim-5-14q8x9-83hl005avn.html?product_id=116662"", ""price"": ""19.990.000₫""}}"
Laptop Lenovo ThinkBook 16 G6 IRL 21KH00WCVN,laptop-lenovo-thinkbook-16-g6-irl-21kh00wcvn,19.990.000đ,17.490.000đ,"Đặc điểm nổi bật
Laptop Lenovo ThinkBook 16 G6 IRL 21KH00WCVN được trang bị bộ xử lý Intel Core i5-13420H 8 nhân, 12 luồng kết hợp với card Intel UHD Graphics mạnh mẽ. Máy tính cung cấp khả năng lưu trữ hiệu quả SSD 512GB chuẩn tốc độ cao PCIe. Màn hình laptop Lenovo ThinkBook sở hữu tấm nền IPS với kích thước 16 inch chuẩn WUXGA cùng tần số làm mới 60Hz cho hiển thị mượt mà. 
Nội dung chính
1. Laptop Lenovo ThinkBook 16 G6 IRL 21KH00WCVN màn hình 16”, dung lượng 512GB
1.1. RAM DDR5 16GB đa nhiệm vượt trội, SSD 512GB lưu trữ khủng
1.2. Kiểu dáng sang trọng, bền bỉ từ hợp kim nhôm
1.3. Hiệu suất xử lý ưu việt từ Intel Core i5-13420H
1.4. Pin 71Wh kèm adapter sạc 65 Watt mạnh mẽ
1.5. Màn hình chuẩn WUXGA 16” 60Hz rực rỡ và ổn định
2. Mua laptop Lenovo ThinkBook 16 G6 IRL 21KH00WCVN chính hãng tại CellphoneS
Laptop Lenovo ThinkBook 16 G6 IRL 21KH00WCVN màn hình 16”, dung lượng 512GB
Nếu khách hàng đang tìm mua máy tính văn phòng có tấm nền lớn cùng cấu hình ổn định thì hãy tham khảo ngay Lenovo ThinkBook 16 G6 IRL 21KH00WCVN. Mẫu laptop đến từ Lenovo này nhận được nhiều đánh giá tốt bởi hỗ trợ đa nhiệm hiệu quả. 
RAM DDR5 16GB đa nhiệm vượt trội, SSD 512GB lưu trữ khủng
Laptop Lenovo ThinkBook 16 G6 IRL 21KH00WCVN được trang bị sẵn 16GB RAM DDR5 5200MHz, giúp tận dụng tối đa khả năng xử lý đa nhiệm. Với chuẩn RAM DDR5 mới nhất, thiết bị hoạt động nhanh hơn, đồng thời tiêu thụ điện năng hiệu quả hơn so với thế hệ DDR4 trước đó.
ThinkBook 16 G6 IRL hỗ trợ nâng cấp RAM lên đến 64GB, mang đến sự linh hoạt trong trường hợp người dùng cần xử lý các tác vụ chuyên sâu trong tương lai. Hai khe RAM SO-DIMM hoạt động ở dual-channel mode giúp tăng băng thông cũng như hiệu suất hệ thống.
Về lưu trữ, máy ThinkBook 16 tích hợp sẵn SSD 512GB PCIe 4.0x4 cho khả năng truy xuất dữ liệu nhanh và khởi động hệ thống mượt mà. Ngoài ra, người dùng có thể nâng cấp tối đa 2TB thông qua hai khe M.2 hỗ trợ cả chuẩn 2242; 2280, phục vụ nhu cầu lưu trữ tài liệu, file phương tiện lớn.
Kiểu dáng sang trọng, bền bỉ từ hợp kim nhôm
Laptop Lenovo ThinkBook 16 G6 IRL 21KH00WCVN có vẻ ngoài mỏng gọn nhờ trọng lượng khoảng 1.7 kg cùng độ dày chỉ 1.75 cm, dễ dàng mang theo khi di chuyển hàng ngày. Mặt A làm từ hợp kim nhôm tạo cảm giác bền chắc, trong khi mặt dưới bằng nhựa giúp tối ưu trọng lượng tổng thể.
Tone màu xám Arctic Grey mang lại vẻ hiện đại, trung tính, phù hợp với nhiều môi trường làm việc từ văn phòng đến sáng tạo. Bề mặt được xử lý anodizing và sandblasting giúp hạn chế bám vân tay và tăng tính thẩm mỹ theo thời gian.
Các chi tiết như bản lề, logo khắc chìm cùng touchpad Mylar rộng 7.5*12 cm cho thấy sự đầu tư trong trải nghiệm người dùng. Máy cũng hỗ trợ bàn phím có đèn LED trắng, giúp thao tác dễ dàng trong môi trường thiếu sáng.
Hiệu suất xử lý ưu việt từ Intel Core i5-13420H
ThinkBook 16 G6 sử dụng vi xử lý Intel Core i5-13420H thuộc dòng H-series, gồm 8 nhân (4 hiệu năng + 4 tiết kiệm điện), 12 luồng. Nhờ mức xung nhịp tối đa lên đến 4.6GHz và bộ nhớ đệm 12MB, laptop Lenovo ThinkBook 16 G6 IRL 21KH00WCVN có thể xử lý đa nhiệm hay tác vụ nặng một cách hiệu quả.
Cấu trúc kết hợp giữa nhân P-core và E-coretối ưu hiệu suất theo mức độ ưu tiên tác vụ. Đây là lựa chọn phù hợp cho người dùng cần xử lý bảng tính lớn, lập trình, hay thao tác đồng thời nhiều ứng dụng.
Về đồ họa, máy sử dụng GPU tích hợp Intel UHD Graphics, đủ để đáp ứng các nhu cầu văn phòng, chỉnh sửa ảnh cơ bản hoặc xuất tín hiệu ra màn hình độ phân giải cao. Không có GPU rời, máy tối ưu về mức nhiệt cũng như mức tiêu thụ điện.
Pin 71Wh kèm adapter sạc 65 Watt mạnh mẽ
Laptop Lenovo ThinkBook 16 G6 IRL 21KH00WCVN sở hữu viên pin dung lượng 71Wh, cho thời gian sử dụng lên đến nhiều giờ tùy điều kiện vận hành. Đây là mức pin phù hợp cho một ngày làm việc tiêu chuẩn, hỗ trợ tốt cho người hay di chuyển hoặc làm việc từ xa.
Cổng sạc đi kèm là loại USB-C 65W nhỏ gọn, tương thích với nhiều loại dock sạc và thiết bị ngoại vi. Máy hỗ trợ sạc nhanh qua Power Delivery, giúp tiết kiệm thời gian nạp pin trong những lúc cần thiết.
Hệ thống kết nối gồm đầy đủ USB-C 3.2 Gen 2, Thunderbolt 4, HDMI 2.1, Ethernet RJ-45, jack 3.5mm, SD card reader, cùng hai cổng USB-A. Cấu hình cổng giao tiếp đa dạng giúp máy dễ dàng kết nối với màn hình, máy chiếu, thiết bị lưu trữ hoặc mạng có dây.
Màn hình chuẩn WUXGA 16” 60Hz rực rỡ và ổn định
Máy tính này trang bị màn hình 16 inch độ phân giải WUXGA, sử dụng tấm nền IPS chống chói, giúp hiển thị mãn nhãn và hạn chế phản chiếu ánh sáng. Tỷ lệ khung hình của laptop Lenovo ThinkBook 16 G6 IRL 21KH00WCVN là 16:10 cho không gian hiển thị lớn hơn, hỗ trợ chạy đa tác vụ tối ưu hơn.
Màn hình có độ sáng 300 nits và độ phủ màu 45% NTSC, đủ đáp ứng cho nhu cầu làm việc trong môi trường trong nhà hoặc ánh sáng vừa phải. Tuy không hướng đến đồ họa chuyên nghiệp, nhưng vẫn đảm bảo độ rõ nét và độ chi tiết ổn định.
Tần số làm tươi 60Hz phù hợp cho các tác vụ thông thường như xem video giải trí, chơi game nhẹ nhàng hay cắt ghép video cơ bản. Hệ thống loa kép 2W hỗ trợ Dolby Audio giúp nâng cao trải nghiệm âm thanh khi hội họp hoặc giải trí nhẹ nhàng.
Mua laptop Lenovo ThinkBook 16 G6 IRL 21KH00WCVN chính hãng tại CellphoneS
Laptop Lenovo ThinkBook 16 G6 IRL 21KH00WCVN là mẫu laptop văn phòng đáng cân nhắc mua ở thời điểm hiện tại. Sở hữu màn hình lớn cùng khả năng xử lý mượt mà, sản phẩm giúp người dùng hoàn thành nhiệm vụ hiệu quả.
Bên cạnh ThinkBook 16 G6, CellphoneS còn chuyên cung cấp máy tính từ nhiều thương hiệu như Dell, Apple, Acer,... Hãy liên hệ website hoặc tới cửa hàng để rinh ngay laptop chuẩn Lenovo với giá tốt.","{""Bộ xử lý & Đồ họa"": [{""name"": ""Loại card đồ họa"", ""value"": ""Intel UHD Graphics""}, {""name"": ""Loại CPU"", ""value"": ""Intel Core i5-13420H, 8 lõi (4P + 4E) / 12T, P-core 2.1 / 4.6GHz, E-core 1.5 / 3.4GHz, 12MB""}], ""Bộ nhớ RAM, Ổ cứng"": [{""name"": ""Dung lượng RAM"", ""value"": ""16GB""}, {""name"": ""Loại RAM"", ""value"": ""DDR5-5200""}, {""name"": ""Số khe ram"", ""value"": ""2 khe (2x 8GB, nâng cấp tối đa 64GB DDR5-5200)""}, {""name"": ""Ổ cứng"", ""value"": ""512GB SSD M.2 2242 PCIe 4.0x4 NVMe (Tối đa hai ổ đĩa, lên đến 2TB)""}], ""Màn hình"": [{""name"": ""Chất liệu tấm nền"", ""value"": ""Tấm nền IPS""}, {""name"": ""Kích thước màn hình"", ""value"": ""16 inches""}, {""name"": ""Công nghệ màn hình"", ""value"": ""Độ sáng 300nits\nĐộ phủ màu 45% NTSC\nMàn hình chống chói""}, {""name"": ""Độ phân giải màn hình"", ""value"": ""1920 x 1200 pixels (WUXGA)""}], ""Âm thanh"": [{""name"": ""Công nghệ âm thanh"", ""value"": ""Âm thanh độ nét cao (HD)\nBộ giải mã Realtek ALC3287\nLoa stereo, 2W x2\nDolby Audio""}], ""Cổng kết nối"": [{""name"": ""Khe đọc thẻ nhớ"", ""value"": ""Có""}, {""name"": ""Wi-Fi"", ""value"": ""Wi-Fi 6E, 802.11ax 2x2""}, {""name"": ""Bluetooth"", ""value"": ""Bluetooth 5.3""}, {""name"": ""Cổng giao tiếp"", ""value"": ""2x USB 3.2\n1x USB-C 3.2 (truyền dữ liệu, PD 3.0, DP 1.4)\n1x Thunderbolt 4 / USB4 40Gbps (truyền dữ liệu, PD 3.0, DP 1.4)\n1x HDMI 2.1, 4K/60Hz\n1x giắc cắm kết hợp tai nghe/micrô (3.5mm)\n1x Ethernet (RJ-45)\n1x đầu đọc thẻ SD""}], ""Kích thước & Trọng lượng"": [{""name"": ""Chất liệu"", ""value"": ""Vỏ nhựa - nắp lưng kim loại""}, {""name"": ""Chất liệu vỏ trên"", ""value"": ""Nhôm""}, {""name"": ""Chất liệu vỏ dưới"", ""value"": ""Nhựa""}, {""name"": ""Kích thước"", ""value"": ""356 x 253.5 x 17.5 mm (Dài x Rộng x Dày)""}, {""name"": ""Trọng lượng"", ""value"": ""1.7 kg""}], ""Tiện ích khác"": [{""name"": ""Tính năng đặc biệt"", ""value"": ""Wi-Fi 6""}], ""Tính năng khác"": [{""name"": ""Loại đèn bàn phím"", ""value"": ""Backlit""}, {""name"": ""Bảo mật"", ""value"": ""Firmware TPM 2.0 Enabled""}, {""name"": ""Webcam"", ""value"": ""HD 720p với Màn trập camera""}, {""name"": ""Hệ điều hành"", ""value"": ""Windows 11 Home Single Language, English""}], ""Pin & công nghệ sạc"": [{""name"": ""Pin"", ""value"": ""71Wh (65W USB-C Slim (Gắn tường))""}]}","[""https://cdn2.cellphones.com.vn/x/media/catalog/product/l/a/laptop_lenovo_thinkbook_16_g6_irl_21kh00wcvn_-_1.png"", ""https://cdn2.cellphones.com.vn/x/media/catalog/product/l/a/laptop_lenovo_thinkbook_16_g6_irl_21kh00wcvn_-_2.png"", ""https://cdn2.cellphones.com.vn/x/media/catalog/product/l/a/laptop_lenovo_thinkbook_16_g6_irl_21kh00wcvn_-_3.png""]","{""product_color_1"": {""color"": ""Xám"", ""image_url"": ""https://cellphones.com.vn/laptop-lenovo-thinkbook-16-g6-irl-21kh00wcvn.html?product_id=105683"", ""price"": ""17.490.000₫""}}"
Laptop Lenovo ThinkPad E14 Gen 7 21SX0031VN,laptop-lenovo-thinkpad-e14-gen-7-21sx0031vn,34.990.000đ,32.490.000đ,"Đặc điểm nổi bật
Laptop Lenovo Thinkpad E14 Gen 7 21SX0031VN sử dụng vi xử lý Intel Core Ultra 7 255H kết hợp cùng bộ nhớ RAM 32GB DDR5 và ổ cứng SSD 512GB PCIe 4.0. Máy có màn hình 14 inch WUXGA chống chói, tần số 60Hz và GPU Intel Arc 140T. Sản phẩm có sẵn các cổng kết nối Thunderbolt 4, HDMI 2.1 và cổng Ethernet RJ-45.
Nội dung chính
1. Laptop Lenovo Thinkpad E14 Gen 7 21SX0031VN - Hiệu năng xử lý mạnh mẽ
1.1. RAM và ổ cứng mạnh mẽ, nâng cấp linh hoạt
1.2. Thiết kế bền bỉ, vẻ ngoài tinh tế
1.3. CPU đa nhân, đồ họa tích hợp nâng cao
1.4. Pin bền, cổng kết nối phong phú
1.5. Màn hình ổn định, phù hợp công việc văn phòng
2. Mua laptop Lenovo Thinkpad E14 Gen 7 21SX0031VN chính hãng tại CellphoneS
Laptop Lenovo Thinkpad E14 Gen 7 21SX0031VN - Hiệu năng xử lý mạnh mẽ
Chiếc laptop Lenovo Thinkpad này nổi bật với cấu hình hiện đại, đáp ứng tốt nhu cầu làm việc đa nhiệm và xử lý đồ họa nhẹ. Với trọng lượng nhẹ và thiết kế tối giản, người sử dụng dễ dàng di chuyển trong nhiều môi trường làm việc khác nhau.
RAM và ổ cứng mạnh mẽ, nâng cấp linh hoạt
Về bộ nhớ, laptop Lenovo Thinkpad E14 Gen 7 21SX0031VN được trang bị 32GB RAM DDR5‑5600 (2 khe, 2×16 GB), hỗ trợ nâng cấp lên tối đa 64GB. Việc sử dụng RAM hai khe giúp tận dụng hiệu quả chế độ kênh đôi, mang lại tốc độ truy xuất dữ liệu lớn nhanh hơn. 
Ổ cứng mặc định là 512GB SSD chuẩn M.2 2242 PCIe 4.0 x4 NVMe, hỗ trợ mã hóa phần cứng theo chuẩn Opal 2.0. Ngoài ra, thiết kế bo mạch của máy hỗ trợ mở rộng thêm ổ SSD nếu người sử dụng muốn tăng dung lượng lưu trữ trong tương lai.
Cấu hình mạnh mẽ, có thể làm việc cùng lúc nhiều ứng dụng
Với cấu hình này, người sử dụng có thể làm việc cùng lúc nhiều ứng dụng, tab trình duyệt và máy ảo. Thiết bị cũng dễ dàng xử lý dữ liệu lớn mà ít gặp tình trạng nghẽn tài nguyên bộ nhớ hay hạn chế ổ cứng.
Thiết kế bền bỉ, vẻ ngoài tinh tế
Về ngoại hình, laptop Lenovo Thinkpad E14 Gen 7 21SX0031VN sở hữu vỏ làm từ hợp kim nhôm (aluminium) cho phần nắp và đáy. Nhờ vào cấu trúc được tối ưu, sản phẩm vừa mang lại cảm giác bền bỉ và cứng chắc, lại vừa giữ được độ nhẹ.
Kích thước tổng thể là 313 × 220.3 × 10.1 mm (độ dày phần trước) và 15.25 mm (độ dày phần sau). Nhờ trọng lượng chỉ 1.34 kg, thiết bị là sự lựa chọn phù hợp cho người dùng thường xuyên phải di chuyển.
Thiết kế bền bỉ và tinh tế với tông đen chủ đạo
Màu sắc của máy là tông đen, đây là lựa chọn truyền thống của dòng ThinkPad, phù hợp môi trường doanh nghiệp hay giáo dục. Thiết kế tổng thể hướng tới sự tối giản, không quá cầu kỳ nhưng vẫn mang nét chuyên nghiệp, phù hợp cho nhiều phong cách làm việc.
CPU đa nhân, đồ họa tích hợp nâng cao
Laptop Lenovo Thinkpad E14 Gen 7 21SX0031VN được trang bị vi xử lý Intel Core Ultra 7 255H với 16 nhân gồm 6 lõi hiệu năng, 8 lõi tiết kiệm và 2 lõi LPE. CPU này hỗ trợ 16 luồng, có xung nhịp Turbo tối đa lên đến 5.1 GHz và bộ nhớ đệm (cache) 24MB.
Intel Arc 140T tích hợp giúp hình ảnh hiển thị mượt mà
Với kiến trúc này, máy có thể xử lý tốt các tác vụ đa luồng như biên dịch mã và xử lý dữ liệu. Máy sử dụng đồ họa tích hợp Intel Arc 140T, tận dụng hiệu quả khi RAM chạy ở chế độ kênh đôi để tăng băng thông GPU. Điều này giúp cải thiện hiệu suất đồ họa so với các giải pháp tích hợp truyền thống chỉ có một khe RAM.
Pin bền, cổng kết nối phong phú
Về năng lượng, laptop Lenovo Thinkpad E14 Gen 7 21SX0031VN trang bị pin 3-cell dung lượng 48Wh, đi kèm adapter sạc USB-C 65W. Trong thực tế sử dụng hỗn hợp (soạn thảo, lướt web, xử lý nhẹ), máy có thể hoạt động trong vài giờ trước khi cần sạc lại, phù hợp cho làm việc di động ngắn hạn.
Máy trang bị đa dạng cổng kết nối gồm USB-C Thunderbolt 4, hai cổng USB-A, HDMI 2.1, giắc cắm kết hợp tai nghe/micro 3.5 mm và cổng Ethernet RJ-45. Ngoài ra, máy còn hỗ trợ Wi-Fi 6E chuẩn 802.11ax 2×2 và Bluetooth 5.3 để kết nối không dây ổn định.
Hệ thống cổng đa dạng, dễ dàng kết nối với nhiều thiết bị
Hệ thống cổng đa dạng và hiện đại giúp người sử dụng kết nối dễ dàng với nhiều thiết bị ngoại vi. Nhờ đó, việc sử dụng màn hình ngoài, ổ cứng rời hay dock mở rộng trở nên thuận tiện hơn.
Màn hình ổn định, phù hợp công việc văn phòng
Laptop Lenovo Thinkpad E14 Gen 7 21SX0031VN sở hữu màn hình 14 inch WUXGA (1920x1200 pixels), sử dụng tấm nền IPS và có tính năng chống chói. Độ sáng đạt khoảng 300 nits, giúp quan sát trong môi trường ánh sáng trong nhà khá tốt, nhưng có thể gặp khó khăn khi sử dụng ngoài trời. 
Phạm vi màu sắc của màn hình được công bố khoảng 45% NTSC, phù hợp cho các công việc văn phòng, lập trình và trình chiếu cơ bản. Tuy nhiên, chiếc laptop này không đáp ứng tốt cho những công việc đòi hỏi màu sắc chính xác cao như thiết kế chuyên sâu.
Màn hình phù hợp cho với các công việc văn phòng
Màn hình của máy có tần số quét 60Hz, không cao bằng các màn hình gaming. Nhưng bù lại, độ ổn định của thiết bị đủ để sử dụng hàng ngày mà ít gặp hiện tượng nhòe chuyển động. Đồng thời, màn hình 60Hz vẫn phù hợp với phân khúc doanh nghiệp và học sinh sinh viên.
Mua laptop Lenovo Thinkpad E14 Gen 7 21SX0031VN chính hãng tại CellphoneS
Quý khách hàng có thể đến ngay CellphoneS để mua laptop Lenovo Thinkpad E14 Gen 7 21SX0031VN với giá tốt. Sản phẩm đảm bảo chính gốc, đi kèm chế độ bảo hành tốt. Hơn nữa, hệ thống có hình thức thanh toán đa dạng, kèm theo chiết khấu hấp dẫn khi sử dụng thẻ hay ví điện tử. Ngoài ra, quý khách hàng còn có thể đặt mua hàng trực tuyến với dịch vụ giao hàng tận nơi vô cùng tiện lợi.","{""Bộ xử lý & Đồ họa"": [{""name"": ""Chip AI"", ""value"": ""Intel AI Boost, up to 13 TOPS""}, {""name"": ""Loại card đồ họa"", ""value"": ""Intel Arc 140T""}, {""name"": ""Loại CPU"", ""value"": ""Intel Core Ultra 7 255H, 16 lõi (6P + 8E + 2LPE) / 16 luồng, Max Turbo up to 5.1GHz, 24MB""}], ""Bộ nhớ RAM, Ổ cứng"": [{""name"": ""Dung lượng RAM"", ""value"": ""32GB""}, {""name"": ""Loại RAM"", ""value"": ""SO-DIMM DDR5-5600""}, {""name"": ""Số khe ram"", ""value"": ""2 khe (2x 16GB, nâng cấp tối đa 64GB)""}, {""name"": ""Ổ cứng"", ""value"": ""512GB SSD M.2 2242 PCIe 4.0x4 NVMe Opal 2.0, tối đa 1TB""}], ""Màn hình"": [{""name"": ""Tần số quét"", ""value"": ""60Hz""}, {""name"": ""Chất liệu tấm nền"", ""value"": ""Tấm nền IPS""}, {""name"": ""Kích thước màn hình"", ""value"": ""14 inches""}, {""name"": ""Công nghệ màn hình"", ""value"": ""Độ sáng 300nits\nMàn hình chống chói\nĐộ phủ màu 45% NTSC""}, {""name"": ""Độ phân giải màn hình"", ""value"": ""1920 x 1200 pixels (WUXGA)""}], ""Âm thanh"": [{""name"": ""Công nghệ âm thanh"", ""value"": ""Âm thanh độ nét cao (HD)\nBộ giải mã Senary SN6147\nLoa stereo, 2W x2\nDolby Atmos\nÂm thanh của HARMAN""}], ""Kích thước & Trọng lượng"": [{""name"": ""Chất liệu"", ""value"": ""Vỏ kim loại""}, {""name"": ""Chất liệu vỏ trên"", ""value"": ""Nhôm""}, {""name"": ""Chất liệu vỏ dưới"", ""value"": ""Nhôm""}, {""name"": ""Kích thước"", ""value"": ""313 x 220.3 x 10.1/15.25 (trước/sau), 19.7 (tối đa) mm""}, {""name"": ""Trọng lượng"", ""value"": ""1.34 kg""}], ""Tiện ích khác"": [{""name"": ""Tính năng đặc biệt"", ""value"": ""Wi-Fi 6, Bảo mật vân tay, Nhận diện khuôn mặt""}], ""Tính năng khác"": [{""name"": ""Loại đèn bàn phím"", ""value"": ""Backlit, English""}, {""name"": ""Bảo mật"", ""value"": ""Discrete TPM 2.0 Enabled""}, {""name"": ""Webcam"", ""value"": ""FHD 1080p + IR Hybrid với màn trập camera""}, {""name"": ""Hệ điều hành"", ""value"": ""Windows 11 Home Single Language, English (US) / English (UK)""}], ""Pin & công nghệ sạc"": [{""name"": ""Pin"", ""value"": ""48Wh, 65W USB-C (3-pin)""}], ""Cổng kết nối"": [{""name"": ""Wi-Fi"", ""value"": ""Intel Wi-Fi 6E AX211, 802.11ax 2x2""}, {""name"": ""Bluetooth"", ""value"": ""Bluetooth 5.3""}, {""name"": ""Cổng giao tiếp"", ""value"": ""1x USB-A (5Gbps / USB 3.2 Gen 1)\n1x USB-A (10Gbps / USB 3.2 Gen 2), Luôn bật\n1x USB-C (Thunderbolt 4 / USB 4 40Gbps), với USB PD 3.1 và DisplayPort 2.1\n1x HDMI 2.1, lên đến 4K/60Hz\n1x Giắc cắm kết hợp tai nghe/micrô (3.5mm)\n1x RJ-45""}]}","[""https://cdn2.cellphones.com.vn/x/media/catalog/product/l/a/laptop_lenovo_thinkpad_e14_gen_7_21sx0031vn_-_1.png"", ""https://cdn2.cellphones.com.vn/x/media/catalog/product/l/a/laptop_lenovo_thinkpad_e14_gen_7_21sx0031vn_-_2.png"", ""https://cdn2.cellphones.com.vn/x/media/catalog/product/l/a/laptop_lenovo_thinkpad_e14_gen_7_21sx0031vn_-_3.png""]","{""product_color_1"": {""color"": ""Đen"", ""image_url"": ""https://cellphones.com.vn/laptop-lenovo-thinkpad-e14-gen-7-21sx0031vn.html?product_id=114848"", ""price"": ""32.490.000₫""}}"
Laptop Lenovo IdeaPad Slim 3 15IRH10 83K1000GVN,laptop-lenovo-ideapad-slim-3-15irh10-83k1000gvn,20.990.000đ,18.590.000đ,"Đặc điểm nổi bật
Laptop Lenovo IdeaPad Slim 3 15IRH10 83K1000GVN là một thiết bị hoạt động mạnh mẽ, sở hữu bộ vi xử lý Intel Core i5-13420H, RAM 24GB và ổ cứng 512GB. Ngoại hình sang trọng cùng trọng lượng nhẹ chỉ 1.63kg giúp người dùng thuận tiện mang theo. Sản phẩm còn mang đến hình ảnh sắc nét với màn hình 15.3 inch WUXGA và độ phủ màu 45% NTSC.
Nội dung chính
1. Laptop Lenovo IdeaPad Slim 3 15IRH10 83K1000GVN - Bộ vi xử lý hiệu suất cao, thiết kế thanh lịch
1.1. Khả năng đa nhiệm mạnh mẽ, truy xuất dữ liệu nhanh
1.2. Thiết kế thanh lịch, hiện đại cùng trọng lượng tinh gọn
1.3. Bộ vi xử lý hiệu năng cao, thực hiện tác vụ nhanh chóng
1.4. Dung lượng pin ổn định, tích hợp nhiều cổng kết nối tiện lợi
1.5. Màn hình WUXGA hiện đại, sắc nét
1.6. Trang bị hệ điều hành Windows 11 với nhiều ứng dụng mới
2. Mua laptop Lenovo IdeaPad Slim 3 15IRH10 83K1000GVN giá tốt tại CellphoneS
Laptop Lenovo IdeaPad Slim 3 15IRH10 83K1000GVN - Bộ vi xử lý hiệu suất cao, thiết kế thanh lịch
Laptop Lenovo IdeaPad Slim 3 là một dòng sản phẩm nổi tiếng của Lenovo - thương hiệu nổi tiếng trong phân khúc sinh viên, nhân viên văn phòng. Vậy phiên bản Lenovo IdeaPad này sở hữu những ưu điểm nổi bật nào? Hãy cùng phân tích ngay dưới đây.
Khả năng đa nhiệm mạnh mẽ, truy xuất dữ liệu nhanh
Laptop Lenovo IdeaPad Slim 3 15IRH10 83K1000GVN có dung lượng RAM lên đến 24GB, hỗ trợ thực hiện các tác vụ nặng mà không gây giật, lag máy. Hãng sử dụng loại RAM DDR5-4800 thế hệ mới tăng tốc độ đọc/ghi, xử lý dữ liệu, giúp người dùng học tập, làm việc hiệu quả hơn.
Ổ cứng 512GB SSD giúp máy khởi động ngay lập tức, truy xuất dữ liệu nhanh, đảm bảo máy chạy mượt dù mở nhiều trình duyệt, file nặng. Với RAM và ổ cứng mạnh mẽ, thiết bị có thể đáp ứng mọi hoạt động tính toán và cả yêu cầu giải trí hàng ngày của người mua. Đây cũng là lý do giúp phiên bản này được giới sinh viên, dân văn phòng ưa chuộng.
Thiết kế thanh lịch, hiện đại cùng trọng lượng tinh gọn
Gam màu xám tối giản, sang trọng mang lại cho chiếc laptop Lenovo IdeaPad Slim 3 15IRH10 83K1000GVN ngoại hình chuyên nghiệp. Phiên bản có kích thước 343.4 x 239.5 x 16.9-17.9 mm cùng trọng lượng siêu nhẹ chỉ 1.63kg giúp người dùng thoải mái mang theo bên mình.
Về phần chất liệu, mặt trên sản phẩm làm từ nhôm chắc chắn, bền bỉ và mặt dưới là nhựa cao cấp chịu nhiệt tốt. Việc lựa chọn vật liệu này thể hiện sự tinh tế của thương hiệu, không chỉ giúp gia tăng độ cứng cáp mà còn góp phần giảm trọng lượng thiết bị.
Bộ vi xử lý hiệu năng cao, thực hiện tác vụ nhanh chóng
Sở hữu CPU Intel Core i5-13420H, laptop Lenovo IdeaPad Slim 3 15IRH10 83K1000GVN có tốc độ xử lý dữ liệu nhanh chóng, đảm bảo khả năng đa nhiệm hiệu quả. Bộ vi hiện đại này giúp đáp ứng mọi nhu cầu đa dạng của người mua từ học tập, làm việc đến xem video, chơi game.
Ngoài ra, phiên bản Lenovo 15IRH10 83K1000GVN còn được trang bị card đồ họa Intel UHD Graphics. Loại card này xuất hiện phổ biến trong các dòng máy phổ thông, cung cấp hiệu suất đồ họa ổn định cho tác vụ văn phòng, giải trí và một số game cơ bản.
Dung lượng pin ổn định, tích hợp nhiều cổng kết nối tiện lợi
Một điểm cộng giúp thiết kế mới nhà Lenovo được đánh giá cao nằm ở viên pin 60Wh, cho phép máy hoạt động liền mạch trong nhiều giờ liên tục. Đây cũng là con số ổn định, vừa đảm bảo hiệu năng vừa giúp giữ trọng lượng nhẹ nhàng, tinh gọn cho sản phẩm. Về loại cáp sạc, máy sử dụng loại cáp đầu tròn 65W, 3 chân phổ biến, hỗ trợ sạc nhanh hiệu quả.
Laptop Lenovo IdeaPad Slim 3 15IRH10 83K1000GVN sở hữu 7 cổng kết nối đa dạng như USB, HDMI, đầu đọc thẻ, giắc tai nghe,... đáp ứng mọi nhu cầu phong phú. Ngoài ra, phiên bản này còn hỗ trợ kết nối Wifi 6 và Bluetooth 5.2 giúp gia tăng tốc độ kết nối, đảm bảo trải nghiệm không gián đoạn.
Màn hình WUXGA hiện đại, sắc nét
Mẫu Lenovo 15IRH10 83K1000GVN tích hợp màn hình rộng 15.3 inch với độ phân giải 1920 x 1200 pixels WUXGA, chống chói mang đến hình ảnh rõ nét. Bên cạnh đó, độ sáng 300 nits phổ thông giúp hạn chế sự mỏi mắt khi người dùng làm việc trong nhà, văn phòng.
Tần số quét của màn hình laptop Lenovo IdeaPad Slim 3 15IRH10 83K1000GVN là 60Hz đảm bảo khả năng hiển thị mượt mà, ổn định. Độ phủ màu ở mức trung bình 45% NTSC, đáp ứng được nhu cầu làm việc, giải trí hàng ngày của giới công sở, sinh viên.
Trang bị hệ điều hành Windows 11 với nhiều ứng dụng mới
Sản phẩm sử dụng Windows 11 - hệ điều hành hiện đại của Microsoft có giao diện tối giản, dễ thao tác. Windows 11 sở hữu một số ưu điểm nổi bật như tối ưu hóa hiệu suất và khả năng đa nhiệm ấn tượng.
Hệ điều hành này còn cung cấp nhiều tiện ích thông minh mới như chia cửa sổ làm việc giúp dễ dàng di chuyển. Ngoài ra, Windows 11 còn tăng tính bảo mật, hỗ trợ bảo vệ thông tin người dùng tốt hơn.
Mua laptop Lenovo IdeaPad Slim 3 15IRH10 83K1000GVN giá tốt tại CellphoneS
Một trong những địa điểm mua sắm hàng đầu bạn không nên bỏ lỡ khi mua laptop Lenovo IdeaPad Slim 3 15IRH10 83K1000GVN là CellphoneS. Đây là địa chỉ uy tín mang đến các chương trình ưu đãi dành cho học sinh - sinh viên, giảng viên - giáo viên,...
Ngoài ra, CellphoneS còn tặng kèm nhiều quà tặng, trả góp 0%, 1 đổi 1 trong 30 ngày, gói bảo hành giúp người dùng an tâm sử dụng. Hãy liên hệ ngay với nhân viên tư vấn của cửa hàng để biết thêm chi tiết và các gói ưu đãi sớm nhất.","{""Bộ xử lý & Đồ họa"": [{""name"": ""Loại card đồ họa"", ""value"": ""Intel UHD Graphics""}, {""name"": ""Loại CPU"", ""value"": ""Intel Core i5-13420H, 8 lõi (4P + 4E) / 12 luồng, P-core 2.1 / 4.6GHz, E-core 1.5 / 3.4GHz, 12MB""}], ""Bộ nhớ RAM, Ổ cứng"": [{""name"": ""Dung lượng RAM"", ""value"": ""24GB""}, {""name"": ""Loại RAM"", ""value"": ""DDR5-4800""}, {""name"": ""Số khe ram"", ""value"": ""2 khe (1 x 8GB Onboard + 1 x 16GB, tối đa 24GB)""}, {""name"": ""Ổ cứng"", ""value"": ""512GB SSD M.2 2242 PCIe 4.0x4 NVMe (Tối đa hai ổ đĩa, nâng cấp lên đến 1TB)""}], ""Màn hình"": [{""name"": ""Tần số quét"", ""value"": ""60Hz""}, {""name"": ""Chất liệu tấm nền"", ""value"": ""Tấm nền IPS""}, {""name"": ""Kích thước màn hình"", ""value"": ""15.3 inches""}, {""name"": ""Công nghệ màn hình"", ""value"": ""Độ sáng 300nits\nMàn hình chống chói\nĐộ phủ màu 45% NTSC""}, {""name"": ""Độ phân giải màn hình"", ""value"": ""1920 x 1200 pixels (WUXGA)""}], ""Âm thanh"": [{""name"": ""Công nghệ âm thanh"", ""value"": ""High Definition (HD) Audio\nLoa stereo, 2W x2\nDolby Audio""}], ""Cổng kết nối"": [{""name"": ""Khe đọc thẻ nhớ"", ""value"": ""Có""}, {""name"": ""Wi-Fi"", ""value"": ""Wi-Fi 6, 802.11ax 2x2""}, {""name"": ""Bluetooth"", ""value"": ""Bluetooth 5.2""}, {""name"": ""Cổng giao tiếp"", ""value"": ""2x USB-A (5Gbps / USB 3.2 Gen 1)\n1x USB-C (5Gbps / USB 3.2 Gen 1), với USB PD 3.0 và DisplayPort 1.2\n1x HDMI 1.4\n1x giắc cắm kết hợp tai nghe / micrô (3.5 mm)\n1x đầu đọc thẻ SD\n1x đầu nối nguồn""}], ""Kích thước & Trọng lượng"": [{""name"": ""Chất liệu"", ""value"": ""Vỏ nhựa - nắp lưng kim loại""}, {""name"": ""Chất liệu vỏ trên"", ""value"": ""Nhôm""}, {""name"": ""Chất liệu vỏ dưới"", ""value"": ""Nhựa""}, {""name"": ""Kích thước"", ""value"": ""343.4 x 239.5 x 16.9-17.9 mm (Dài x Rộng x Dày)""}, {""name"": ""Trọng lượng"", ""value"": ""1.63 kg""}], ""Tiện ích khác"": [{""name"": ""Tính năng đặc biệt"", ""value"": ""Wi-Fi 6""}], ""Tính năng khác"": [{""name"": ""Loại đèn bàn phím"", ""value"": ""Không có đèn nền""}, {""name"": ""Bảo mật"", ""value"": ""Firmware TPM 2.0 Enabled""}, {""name"": ""Webcam"", ""value"": ""HD 720p với màn trập camera""}, {""name"": ""Hệ điều hành"", ""value"": ""Windows 11 Home Single Language, English""}], ""Pin & công nghệ sạc"": [{""name"": ""Pin"", ""value"": ""60Wh (Đầu tròn 65W (3 chân))""}]}","[""https://cdn2.cellphones.com.vn/x/media/catalog/product/l/a/laptop_lenovo_ideapad_slim_3_15irh10_83k1000gvn_-_1.png"", ""https://cdn2.cellphones.com.vn/x/media/catalog/product/l/a/laptop_lenovo_ideapad_slim_3_15irh10_83k1000gvn_-_2.png"", ""https://cdn2.cellphones.com.vn/x/media/catalog/product/l/a/laptop_lenovo_ideapad_slim_3_15irh10_83k1000gvn_-_3.png""]","{""product_color_1"": {""color"": ""Xám"", ""image_url"": ""https://cellphones.com.vn/laptop-lenovo-ideapad-slim-3-15irh10-83k1000gvn.html?product_id=100671"", ""price"": ""18.590.000₫""}}"
Laptop Lenovo V15 G4 IRU 83A100PMVN,laptop-lenovo-v15-g4-iru-83a100pmvn,N/A,N/A,"Đặc điểm nổi bật
Laptop Lenovo V15 G4 IRU 83A100PMVN được tích hợp CPU Intel Core i5-13420H kết hợp với RAM 16GB DDR4-3200, hỗ trợ xử lý các tác vụ nhanh chóng hơn. Kích thước màn hình 15.6 inch kết hợp cùng độ phân giải Full HD đem lại trải nghiệm hiển thị chi tiết. Thiết bị còn đi kèm pin 38Wh cùng bộ sạc 65W Round Tip (3-pin), đáp ứng nhu cầu sử dụng cơ bản.
Nội dung chính
1. Laptop Lenovo V15 G4 IRU 83A100PMVN - Thiết kế sang trọng, cấu hình mạnh mẽ 
1.1. Trang bị RAM 16GB, lưu trữ SSD nhanh chóng
1.2. Ngoại hình cao cấp, màu sắc sang trọng
1.3. CPU Intel Core i5-13420H mạnh mẽ
1.4. Dung lượng pin 38Wh, kết nối tiện lợi
1.5. Không gian hiển thị 15.6 inch đầy sống động
2. Mua ngay laptop Lenovo V15 G4 IRU 83A100PMVN chính hãng, giá tốt tại CellphoneS 
Laptop Lenovo V15 G4 IRU 83A100PMVN - Thiết kế sang trọng, cấu hình mạnh mẽ 
Lenovo V15 G4 IRU 83A100PMVN là lựa chọn laptop đáng cân nhắc cho người dùng phổ thông nhờ thiết kế gọn gàng, bền bỉ cùng hiệu năng ổn định. Bên cạnh đó, máy sở hữu màn hình lớn với chất lượng hiển thị rõ nét, mang đến hình ảnh sắc nét. 
Trang bị RAM 16GB, lưu trữ SSD nhanh chóng
Laptop Lenovo V15 G4 IRU 83A100PMVN có dung lượng RAM 16GB chuẩn DDR4-3200 (8GB gắn liền + 8GB nâng cấp qua SO-DIMM). Nhờ vậy, thế hệ laptop Core i5 này mang đến khả năng xử lý đa nhiệm ổn định, giúp người dùng sử dụng để giải trí cơ bản hoặc làm việc văn phòng. 
Không chỉ mạnh mẽ ở khả năng xử lý, Lenovo V15 G4 còn sở hữu ổ cứng SSD M.2 2242 PCIe 4.0x4 NVMe 512GB mang đến tốc độ đọc ghi nhanh chóng. Đặc biệt, thiết bị còn hỗ trợ khả năng nâng cấp lưu trữ linh hoạt với 1 khe M.2 2242 cho SSD tối đa 1TB. Cùng với đó, máy có thêm khe 2.5 inch HDD hỗ trợ tối đa 1TB, để người dùng mở rộng không gian. 
Ngoại hình cao cấp, màu sắc sang trọng
Laptop Lenovo V15 G4 IRU 83A100PMVN sở hữu ngoại hình gọn nhẹ với trọng lượng chỉ khoảng 1.65kg và độ mỏng 19.9mm. Đây là lợi thế lớn cho những ai thường xuyên di chuyển cần một thiết bị có màn hình lớn để làm việc thoải mái. Máy được hoàn thiện từ chất liệu PC-ABS cao cấp, có độ bền chắc cao trong quá trình sử dụng lâu dài.
Toàn bộ vỏ ngoài được phủ gam màu xám thanh lịch, kết hợp cùng bề mặt xử lý IMR (In-Mold Decoration by Roller) giúp hạn chế trầy xước và tăng tính thẩm mỹ. Thiết kế tối giản nhưng vẫn đầy nét hiện đại, phù hợp với môi trường học tập và làm việc văn phòng. Ngoài ra, máy chạy trên Windows 11 Home, cho giao diện hiện đại cùng nhiều tính năng tiện ích. 
CPU Intel Core i5-13420H mạnh mẽ
Laptop Lenovo V15 G4 IRU 83A100PMVN được trang bị bộ vi xử lý Intel Core i5-13420H, được thiết kế với 8 nhân (4P+ 4E) và 12 luồng. CPU này vận hành ở tốc độ mặc định 2.1GHz, đồng thời có thể tăng tốc lên đến 4.6GHz để đáp ứng các tác vụ nặng. Nhờ hiệu năng ổn định, người dùng có thể mở nhiều chương trình một cách mượt mà.
Ngoài CPU, thiết bị còn tích hợp GPU Intel UHD Graphics, mang đến khả năng hiển thị hình ảnh ổn định. Với GPU này có thể hỗ trợ tốt cho các tác vụ đồ họa như chỉnh sửa nhẹ, thiết kế đơn giản, xem phim hoặc trình chiếu thuyết trình.
Dung lượng pin 38Wh, kết nối tiện lợi
Để có trải nghiệm làm việc và học tập liền mạch, laptop Lenovo V15 G4 IRU 83A100PMVN được trang bị viên pin 38Wh cùng bộ sạc 65W Round Tip (3-pin). Với dung lượng pin này, thiết bị đáp ứng tốt nhu cầu sử dụng phổ thông hàng ngày. Bên cạnh đó, công suất sạc 65W giúp nạp năng lượng trở lại cho máy nhanh chóng và hiệu quả.
Bên cạnh đó, máy còn hệ thống cổng kết nối gồm 1x USB 2.0, 1x USB 3.2 Gen 1, 1x USB-C 3.2 Gen 1 (hỗ trợ Power Delivery 20V và DisplayPort 1.2). Ngoài ra, thiết bị có thêm 1x HDMI 1.4b, 1x giắc tai nghe/mic 3.5mm, 1x Ethernet RJ-45 và 1x cổng nguồn. 
Không chỉ vậy, Lenovo V15 G4 còn được trang bị Wi-Fi 6 và Bluetooth 5.2, cho khả năng kết nối không dây nhanh chóng và ổn định. Các cổng kết nối đa dạng giúp thiết bị mở rộng khả năng làm việc với nhiều phụ kiện đi kèm, đáp ứng tốt nhu cầu hằng ngày.
Không gian hiển thị 15.6 inch đầy sống động
Laptop Lenovo V15 G4 IRU 83A100PMVN được trang bị màn hình 15.6 inch độ phân giải Full HD (1920 x 1080 pixels), mang đến không gian hiển thị rộng rãi. Với tấm nền IPS, hình ảnh hiển thị có độ ổn định cao, màu sắc rõ ràng khi nhìn từ nhiều góc độ khác nhau.
Màn hình hỗ trợ độ sáng 300 nits cùng lớp phủ kháng chói (Anti-glare), giúp người dùng dễ dàng quan sát nội dung trong nhiều điều kiện ánh sáng. Ngoài ra, độ phủ màu 45% NTSC đáp ứng tốt cho nhu cầu dùng thường ngày. Với camera HD 720p cùng micro kép được tích hợp sẵn, người dùng có thể dễ dàng tham gia học hay họp trực tuyến mọi lúc, mọi nơi. 
Mua ngay laptop Lenovo V15 G4 IRU 83A100PMVN chính hãng, giá tốt tại CellphoneS 
Với thiết kế nhẹ cùng hiệu năng ổn, laptop Lenovo V15 G4 IRU 83A100PMVN sẽ là mẫu máy mà người dùng có thể cân nhắc lựa chọn. Máy này đáp ứng tốt nhu cầu học tập, làm việc cũng như giải trí hàng ngày cho người dùng. Khi mua laptop Lenovo chính hãng tại CellphoneS, khách hàng còn có cơ hội nhận ưu đãi hấp dẫn dành riêng cho hội viên Smember. Đừng bỏ lỡ cơ hội sở hữu mẫu máy hiện đại này tại CellphoneS ngay hôm nay!","{""Bộ xử lý & Đồ họa"": [{""name"": ""Loại card đồ họa"", ""value"": ""Intel UHD Graphics""}, {""name"": ""Loại CPU"", ""value"": ""Intel Core i5-13420H, 8 lõi (4P + 4E) / 12 luồng, P-core 2.1 / 4.6GHz, E-core 1.5 / 3.4GHz, 12MB""}], ""Bộ nhớ RAM, Ổ cứng"": [{""name"": ""Dung lượng RAM"", ""value"": ""16GB""}, {""name"": ""Loại RAM"", ""value"": ""DDR4-3200""}, {""name"": ""Số khe ram"", ""value"": ""2 khe (8GB Soldered DDR4-3200 + 8GB SO-DIMM DDR4-3200, tối đa 16GB)""}, {""name"": ""Ổ cứng"", ""value"": ""512GB SSD M.2 2242 PCIe 4.0x4 NVMe (tối đa 1TB)""}], ""Màn hình"": [{""name"": ""Chất liệu tấm nền"", ""value"": ""Tấm nền IPS""}, {""name"": ""Kích thước màn hình"", ""value"": ""15.6 inches""}, {""name"": ""Công nghệ màn hình"", ""value"": ""Độ sáng 300nits\nMàn hình chống chói\nĐộ phủ màu 45% NTSC""}, {""name"": ""Độ phân giải màn hình"", ""value"": ""1920 x 1080 pixels (FullHD)""}], ""Âm thanh"": [{""name"": ""Công nghệ âm thanh"", ""value"": ""Âm thanh độ nét cao (HD)\nBộ giải mã Realtek ALC3287\nLoa stereo, 1,5W x2\nDolby Audio""}], ""Kích thước & Trọng lượng"": [{""name"": ""Chất liệu"", ""value"": ""Vỏ nhựa""}, {""name"": ""Chất liệu vỏ trên"", ""value"": ""Nhựa""}, {""name"": ""Chất liệu vỏ dưới"", ""value"": ""Nhựa""}, {""name"": ""Kích thước"", ""value"": ""359.2 x 235.8 x 19.9 mm (Dài x Rộng x Dày)""}, {""name"": ""Trọng lượng"", ""value"": ""1.65 kg""}], ""Tiện ích khác"": [{""name"": ""Tính năng đặc biệt"", ""value"": ""Wi-Fi 6""}], ""Tính năng khác"": [{""name"": ""Loại đèn bàn phím"", ""value"": ""Không có đèn nền""}, {""name"": ""Bảo mật"", ""value"": ""Firmware TPM 2.0 Enabled""}, {""name"": ""Webcam"", ""value"": ""HD 720p với Màn trập camera""}, {""name"": ""Hệ điều hành"", ""value"": ""Windows 11 Home Single Language, English""}], ""Pin & công nghệ sạc"": [{""name"": ""Pin"", ""value"": ""38Wh, 65W Round Tip (3-pin)""}], ""Cổng kết nối"": [{""name"": ""Wi-Fi"", ""value"": ""Wi-Fi 6, 802.11ax 2x2""}, {""name"": ""Bluetooth"", ""value"": ""Bluetooth 5.2""}, {""name"": ""Cổng giao tiếp"", ""value"": ""1x USB 2.0\n1x USB 3.2 Gen 1\n1x USB-C 3.2 Gen 1 (hỗ trợ truyền dữ liệu, Power Delivery (chỉ 20V) và DisplayPort 1.2)\n1x HDMI 1.4b\n1x Giắc cắm kết hợp tai nghe/micrô (3.5mm)\n1x Ethernet (RJ-45)\n1x Đầu nối nguồn""}]}","[""https://cdn2.cellphones.com.vn/x/media/catalog/product/l/a/laptop_lenovo_v15_g4_iru_83a100pmvn_-_1.png"", ""https://cdn2.cellphones.com.vn/x/media/catalog/product/l/a/laptop_lenovo_v15_g4_iru_83a100pmvn_-_2.png"", ""https://cdn2.cellphones.com.vn/x/media/catalog/product/l/a/laptop_lenovo_v15_g4_iru_83a100pmvn_-_3.png""]","{""product_color_1"": {""color"": ""Xám"", ""image_url"": ""https://cellphones.com.vn/laptop-lenovo-v15-g4-iru-83a100pmvn.html?product_id=110874"", ""price"": ""15.990.000₫""}}"
Laptop Lenovo IdeaPad Flex 5 14ABR8 82XX00FVVN,laptop-lenovo-ideapad-flex-5-14abr8-82xx00fvvn,17.990.000đ,17.490.000đ,"Đặc điểm nổi bật
Laptop Lenovo IdeaPad Flex 5 14ABR8 82XX00FVVN sở hữu màn hình cảm ứng 14 inch WUXGA độ phân giải 1920x1200, vi xử lý AMD Ryzen 5 5625U 6 nhân 12 luồng. Máy trang bị RAM 16GB LPDDR4x, SSD 512GB, tích hợp card đồ họa AMD Radeon. Máy hỗ trợ nhiều cổng kết nối như USB-A, USB-C, HDMI, Wi-Fi 6, Bluetooth 5.3, đi kèm pin 52.5Wh.
Nội dung chính
1. Laptop Lenovo IdeaPad Flex 5 14ABR8 82XX00FVVN - Hiệu năng xử lý vượt trội
1.1. RAM 16GB đa nhiệm mượt mà
1.2. Thiết kế xoay gập 360 độ
1.3. AMD Ryzen 5 5625U mạnh mẽ
1.4. Pin 3-cell 52.5Wh bền bỉ
1.5. Màn hình cảm ứng sắc nét
2. Mua ngay laptop Lenovo IdeaPad Flex 5 14ABR8 82XX00FVVN giá tốt tại CellphoneS
Laptop Lenovo IdeaPad Flex 5 14ABR8 82XX00FVVN - Hiệu năng xử lý vượt trội
Lenovo IdeaPad Flex 5 14ABR8 82XX00FVVN là dòng laptop lý tưởng cho những người tìm kiếm sự kết hợp giữa hiệu năng tốt và thiết kế linh hoạt. Với màn hình cảm ứng xoay gập, cấu hình mạnh mẽ, laptop này đặc biệt phù hợp cho sinh viên hay giới văn phòng.
RAM 16GB đa nhiệm mượt mà
Laptop Lenovo IdeaPad Flex 5 14ABR8 82XX00FVVN được trang bị sẵn 16GB RAM chuẩn LPDDR4x 4266MHz hàn cứng trên mainboard, giúp tăng tốc độ truyền tải dữ liệu. Với dung lượng RAM lớn như vậy, dòng laptop Lenovo Ideapad này có thể vận hành trơn tru nhiều tác vụ cùng lúc như mở hàng chục tab trình duyệt, xử lý ảnh, video, chạy phần mềm nặng.
Lenovo IdeaPad Flex 5 14ABR8 82XX00FVVN sử dụng ổ cứng SSD 512GB M.2 PCIe 4.0x4 NVMe cho tốc độ đọc ghi cao, giúp khởi động hệ điều hành và ứng dụng gần như tức thì. Đây là điểm cộng lớn cho những người thường xuyên làm việc với các phần mềm nặng hoặc lưu trữ tệp dữ liệu dung lượng lớn như video, ảnh chất lượng cao.
Thiết kế xoay gập 360 độ
Laptop Lenovo IdeaPad Flex 5 14ABR8 82XX00FVVN có bản lề linh hoạt cho phép gập 360 độ, hỗ trợ sử dụng ở nhiều chế độ như laptop truyền thống hoặc tablet. Đây là điểm nhấn đặc biệt giúp máy thích nghi linh hoạt với nhiều tình huống sử dụng khác nhau như họp nhóm, trình chiếu nội dung, hay giải trí cá nhân.
Máy được hoàn thiện từ chất liệu nhựa PC-ABS + 40% GF, giúp vừa đảm bảo độ bền vừa tối ưu trọng lượng, với màu Arctic Grey làm chủ đạo. Bàn phím của máy trang bị đèn nền LED giúp làm việc dễ dàng trong điều kiện thiếu sáng, đi kèm touchpad rộng rãi, cảm ứng nhạy, giúp thao tác mượt mà.
Lenovo trang bị cho IdeaPad Flex 5 14ABR8 82XX00FVVN hệ thống tản nhiệt hiện đại, quạt thông minh, giúp duy trì hiệu suất ổn định kể cả khi máy chạy tác vụ nặng. Trong quá trình sử dụng thực tế, máy hoạt động êm ái, không bị quá nóng, tạo sự thoải mái và yên tâm khi làm việc liên tục trong thời gian dài.
AMD Ryzen 5 5625U mạnh mẽ
Sức mạnh của laptop Lenovo IdeaPad Flex 5 14ABR8 82XX00FVVNđến từ bộ vi xử lý AMD Ryzen 5 5625U có 6 nhân 12 luồng, xung nhịp tối đa lên đến 4.30GHz. Với kiến trúc Zen 3 tiên tiến, con chip này cho khả năng xử lý đa nhiệm tốt, phản hồi nhanh và tiết kiệm điện năng đáng kể, phù hợp cho cả học tập, làm việc lẫn sáng tạo.
Lenovo IdeaPad Flex 5 14ABR8 sử dụng GPU tích hợp AMD Radeon Graphics, cho hiệu suất ổn định khi xử lý các tác vụ đồ họa nhẹ hoặc chơi các tựa game eSports phổ biến. Nhờ sự tối ưu giữa CPU và GPU từ AMD, người dùng có thể an tâm về hiệu suất khi làm việc với ứng dụng thiết kế 2D, PowerPoint động, hoặc các phần mềm văn phòng.
Pin 3-cell 52.5Wh bền bỉ
Laptop Lenovo IdeaPad Flex 5 14ABR8 82XX00FVVN được trang bị viên pin 3-cell 52.5Wh cho thời lượng sử dụng kéo dài trong suốt buổi học hoặc ngày làm việc. Khả năng sạc nhanh với củ sạc 65W giúp máy sẵn sàng hoạt động chỉ sau khoảng 1 giờ sạc, tối ưu trải nghiệm di động, là điểm cộng lớn cho những ai thường xuyên di chuyển.
Máy có đầy đủ các cổng kết nối gồm 2 x USB-A 3.2 Gen 1, 1 x USB-C 3.2 Gen 2 hỗ trợ sạc nhanh và DisplayPort, 1 x HDMI 1.4b, khe cắm thẻ SD và jack tai nghe 3.5mm. Cùng với đó, Wi-Fi 6 và Bluetooth 5.3 được tích hợp cho khả năng kết nối không dây nhanh, ổn định và tiết kiệm pin, đồng thời đem đến trải nghiệm mạng tốc độ cao.
Màn hình cảm ứng sắc nét
Laptop Lenovo IdeaPad Flex 5 14ABR8 82XX00FVVN sử dụng màn hình 14 inch WUXGA (1920 x 1200) cảm ứng đa điểm mang đến trải nghiệm hình ảnh rõ ràng, chân thực. Màn hình này sử dụng tấm nền IPS cho góc nhìn rộng, độ sáng 300 nits, đạt chứng nhận TUV Low Blue Light giúp bảo vệ mắt khi sử dụng thời gian dài. 
Ngoài những ưu điểm trên, IdeaPad Flex 5 14ABR8 82XX00FVVN còn nổi bật với sự trang bị webcam FullHD 1080p giúp truyền hình ảnh sắc nét khi học online, gọi video. Tính năng Privacy Shutter cho phép che camera vật lý, tăng tính riêng tư và an toàn trong môi trường làm việc hoặc học tập.
Mua ngay laptop Lenovo IdeaPad Flex 5 14ABR8 82XX00FVVN giá tốt tại CellphoneS
Laptop Lenovo IdeaPad Flex 5 14ABR8 82XX00FVVN là sự đầu tư đáng giá cho những người muốn một chiếc máy vừa linh hoạt vừa mạnh mẽ. Laptop này đang được mở bán tại CellphoneS với cam kết chính hãng 100%, bảo hành uy tín, hỗ trợ trả góp 0%. Đội ngũ nhân viên sẽ luôn sẵn sàng tư vấn, giúp khách hàng lựa chọn hoặc hỗ trợ kỹ thuật tận tâm. Hãy đến ngay cửa hàng hoặc truy cập website CellphoneS để sở hữu sản phẩm với giá hấp dẫn!","{""Bộ xử lý & Đồ họa"": [{""name"": ""Loại card đồ họa"", ""value"": ""AMD Radeon Graphics""}, {""name"": ""Loại CPU"", ""value"": ""AMD Ryzen 5 5625U (6 lõi / 12 luồng, 2.3 / 4.3GHz, 3MB L2 / 16MB L3)""}], ""Bộ nhớ RAM, Ổ cứng"": [{""name"": ""Dung lượng RAM"", ""value"": ""16GB""}, {""name"": ""Loại RAM"", ""value"": ""LPDDR4x-4266 Onboard""}, {""name"": ""Số khe ram"", ""value"": ""Không nâng cấp""}, {""name"": ""Ổ cứng"", ""value"": ""512GB SSD M.2 2242 PCIe 4.0x4 NVMe (Một ổ đĩa, tối đa 1TB M.2 2242 SSD)""}], ""Màn hình"": [{""name"": ""Tần số quét"", ""value"": ""60Hz""}, {""name"": ""Chất liệu tấm nền"", ""value"": ""Tấm nền IPS""}, {""name"": ""Kích thước màn hình"", ""value"": ""14 inches""}, {""name"": ""Công nghệ màn hình"", ""value"": ""Độ sáng 300nits\nĐộ phủ màu 45% NTSC\nTÜV Low Blue Light""}, {""name"": ""Độ phân giải màn hình"", ""value"": ""1920 x 1200 pixels (WUXGA)""}], ""Âm thanh"": [{""name"": ""Công nghệ âm thanh"", ""value"": ""Âm thanh độ nét cao (HD)\nBộ giải mã Realtek ALC3287\nLoa âm thanh nổi hướng về phía trước, 2W x2\nDolby Audio""}], ""Kích thước & Trọng lượng"": [{""name"": ""Chất liệu"", ""value"": ""Vỏ nhựa""}, {""name"": ""Chất liệu vỏ trên"", ""value"": ""Nhựa + 40% GF""}, {""name"": ""Chất liệu vỏ dưới"", ""value"": ""Nhựa + 40% GF""}, {""name"": ""Kích thước"", ""value"": ""313.1 x 224.9 x 17.8 mm (Dài x Rộng x Dày)""}, {""name"": ""Trọng lượng"", ""value"": ""1.55 kg""}], ""Tiện ích khác"": [{""name"": ""Tính năng đặc biệt"", ""value"": ""Wi-Fi 6, Màn hình cảm ứng, Bảo mật vân tay""}], ""Tính năng khác"": [{""name"": ""Loại đèn bàn phím"", ""value"": ""Đèn nền, tiếng Anh""}, {""name"": ""Bảo mật"", ""value"": ""Firmware TPM 2.0""}, {""name"": ""Webcam"", ""value"": ""FHD 1080p với màn trập camera""}, {""name"": ""Hệ điều hành"", ""value"": ""Windows 11 Home Single Language, English""}], ""Pin & công nghệ sạc"": [{""name"": ""Pin"", ""value"": ""52.5Wh (65W Round Tip (3-pin))""}], ""Cổng kết nối"": [{""name"": ""Wi-Fi"", ""value"": ""Wi-Fi 6, 802.11ax 2x2""}, {""name"": ""Bluetooth"", ""value"": ""Bluetooth 5.3""}, {""name"": ""Cổng giao tiếp"", ""value"": ""1x USB-A (5Gbps / 3.2 Gen 1)\n1x USB-A (5Gbps / 3.2 Gen 1), Luôn bật\n1x USB-C (10Gbps / 3.2 Gen 2), với USB PD 3.0 và DisplayPort 1.4\n1x HDMI 1.4b\n1x giắc cắm kết hợp tai nghe / micrô (3.5 mm)\n1x đầu đọc thẻ SD\n1x đầu nối nguồn""}]}","[""https://cdn2.cellphones.com.vn/x/media/catalog/product/l/a/laptop_lenovo_ideapad_flex_5_14abr8_82xx00fvvn_-_1.png"", ""https://cdn2.cellphones.com.vn/x/media/catalog/product/l/a/laptop_lenovo_ideapad_flex_5_14abr8_82xx00fvvn_-_2.png"", ""https://cdn2.cellphones.com.vn/x/media/catalog/product/l/a/laptop_lenovo_ideapad_flex_5_14abr8_82xx00fvvn_-_3.png""]","{""product_color_1"": {""color"": ""Xám"", ""image_url"": ""https://cellphones.com.vn/laptop-lenovo-ideapad-flex-5-14abr8-82xx00fvvn.html?product_id=106527"", ""price"": ""17.490.000₫""}}"
Laptop Lenovo Yoga Slim 7 14ILL10 83JX0086VN,laptop-lenovo-yoga-slim-7-14ill10-83jx0086vn,29.490.000đ,27.990.000đ,"Đặc điểm nổi bật
Laptop Lenovo Yoga Slim 7 14ILL10 83JX0086VN mang đến hiệu năng ổn định cho học tập, làm việc nhờ chip Intel Ultra 5 và bộ nhớ tốc độ cao LPDDR5X. Máy thuộc dòng Copilot+ PC, tích hợp NPU AI Boost mạnh mẽ, xử lý mượt mà các tác vụ AI ngay trên thiết bị. Màn hình OLED 2.8K sắc nét cùng thiết kế nhôm nguyên khối mang đến trải nghiệm sang trọng.
Nội dung chính
1. Laptop Lenovo Yoga Slim 7 14ILL10 83JX0086VN - Mỏng nhẹ, màn hình rõ nét
1.1. Chuẩn Copilot+ PC cho trải nghiệm AI ấn tượng
1.2. Bộ nhớ LPDDR5X tốc độ cao 
1.3. Tối giản và sang trọng chuẩn di động cao cấp 
1.4. Hiệu năng ổn định từ chip Intel Ultra 5 
1.5. Kết nối tốc độ cao, pin phục vụ trọn vẹn cả ngày
1.6. Màn hình OLED 2.8K tuyệt đẹp 
2. Mua laptop Lenovo Yoga Slim 7 14ILL10 83JX0086VN chính hãng tại CellphoneS
Laptop Lenovo Yoga Slim 7 14ILL10 83JX0086VN - Mỏng nhẹ, màn hình rõ nét
Lenovo Yoga Slim 7 14ILL10 83JX0086VN là mẫu laptop mỏng nhẹ cao cấp, kết hợp giữa thiết kế tinh tế và khả năng xử lý thông minh nhờ nền tảng AI thế hệ mới. Mẫu laptop AI này hỗ trợ làm việc và giải trí chất lượng với hiệu năng mạnh mẽ cùng màn hình sống động. 
Chuẩn Copilot+ PC cho trải nghiệm AI ấn tượng
Laptop Lenovo Yoga Slim 7 14ILL10 83JX0086VN là một trong những thiết bị hiếm hoi đạt chuẩn Copilot+ PC, tích hợp NPU Intel AI Boost với hiệu suất lên đến 40 TOPS. Nhờ đó, máy có thể xử lý các tác vụ AI ngay trên thiết bị như nhận diện khuôn mặt, lọc tiếng ồn, tối ưu hóa pin hoặc điều chỉnh hình ảnh theo ngữ cảnh.
Khả năng nhận diện người dùng bằng sóng siêu âm và camera hồng ngoại giúp mở máy tức thì khi người dùng đến gần và tự khóa khi rời khỏi. Tất cả những tính năng thông minh này giúp Lenovo Yoga Slim 7 14ILL10 83JX0086VN thực sự trở thành một trợ lý cá nhân đúng nghĩa cho người dùng hiện đại.
Bộ nhớ LPDDR5X tốc độ cao 
Laptop Lenovo Yoga Slim 7 14ILL10 83JX0086VN cho hiệu suất đa nhiệm mượt mà với 16GB RAM LPDDR5X. Việc RAM được hàn trực tiếp lên bo mạch theo cấu trúc dual-channel không chỉ tiết kiệm không gian mà còn giúp tăng hiệu quả truyền tải dữ liệu.
Ổ cứng SSD chuẩn PCIe 4.0 dung lượng 512GB đi kèm cũng mang lại truy xuất dữ liệu và tốc độ khởi động hệ điều hành cực nhanh. Ấn tượng hơn, người dùng có thể nâng cấp lên tối đa 1TB nếu cần thêm không gian lưu trữ cho công việc sáng tạo, học tập hay đa phương tiện. 
Tối giản và sang trọng chuẩn di động cao cấp 
Laptop Lenovo Yoga Slim 7 14ILL10 83JX0086VN nổi bật với thiết kế cực kỳ mỏng chỉ 13.9mm và trọng lượng nhẹ chỉ 1.19kg. Toàn bộ thân máy được chế tác từ nhôm nguyên khối, hoàn thiện Anodized kết hợp phay xước (Sandblasting), tạo cảm giác sang trọng nhưng vẫn tinh tế.
Màu sắc Luna Grey hiện đại, bàn phím có đèn nền và Touchpad kính rộng rãi tăng thêm phần đẳng cấp và thuận tiện trong sử dụng. Nhìn tổng thể, Lenovo Yoga Slim 7 14ILL10 83JX0086VN không chỉ là một thiết bị hiệu năng cao mà còn là một phụ kiện thời trang, với nét tối giản và chuyên nghiệp.
Hiệu năng ổn định từ chip Intel Ultra 5 
Laptop Lenovo Yoga Slim 7 14ILL10 83JX0086VN sử dụng vi xử lý Intel Core Ultra 5 226V thuộc nền tảng mới, được thiết kế với 8 nhân. Đây là một trong những dòng CPU đầu tiên tối ưu cho các tính năng AI, giúp trải nghiệm đa nhiệm trở nên nhanh chóng và tiết kiệm năng lượng hơn.
Đi kèm là đồ họa tích hợp Intel Arc Graphics 130V, laptop có thể 'cân' tốt các tác vụ sáng tạo như sửa ảnh, làm video ngắn hoặc thiết kế 2D. Dù không dành cho game thủ hay thiết kế chuyên nghiệp, nhưng Lenovo Yoga Slim 7 14ILL10 83JX0086VN vẫn đảm bảo khả năng làm việc và giải trí chất lượng cao.
Kết nối tốc độ cao, pin phục vụ trọn vẹn cả ngày
Laptop Lenovo Yoga Slim 7 14ILL10 83JX0086VN cho thời lượng sử dụng đủ để đáp ứng một ngày làm việc di động với viên pin 70Wh. Bộ sạc 65W USB-C dạng mỏng không chỉ tiện lợi mà còn hỗ trợ sạc nhanh, phù hợp với phong cách sống năng động của người dùng hiện đại.
Về kết nối, Lenovo Yoga Slim 7 14ILL10 83JX0086VN được trang bị Wi-Fi 7 thế hệ mới cho tốc độ truyền tải vượt trội cùng Bluetooth 5.4 ổn định. Ngoài ra, laptop còn tích hợp đầy đủ các cổng: 2x USB-C Thunderbolt 4, HDMI 2.1, USB-A, khe đọc thẻ microSD và jack âm thanh 3.5mm.
Màn hình OLED 2.8K tuyệt đẹp 
Laptop Lenovo Yoga Slim 7 14ILL10 83JX0086VN ghi điểm với màn hình OLED 14 inch độ phân giải 2.8K, cho hình ảnh cực kỳ sắc nét. Nhờ tần số quét 120Hz kết hợp với công nghệ Dolby Vision, DisplayHDR True Black 1000 và hiệu chuẩn màu X-Rite, người dùng có thể trải nghiệm hình ảnh nét mượt.
Độ sáng lên đến 1100 nits (peak) cùng dải màu 100% DCI-P3 giúp hiển thị tốt ngay cả trong điều kiện ánh sáng phức tạp. Ấn tượng hơn, màn hình đạt chuẩn Eyesafe và TÜV Rheinland Low Blue Light, giúp bảo vệ mắt khi sử dụng lâu dài. 
Lenovo Yoga Slim 7 14ILL10 83JX0086VN cũng ghi điểm với hệ thống 4 loa (gồm 2 woofer và 2 tweeter), được tối ưu hóa bởi công nghệ Dolby Atmos và Smart Amplifier. Dù kích thước máy nhỏ gọn, nhưng chất lượng âm vẫn đủ đầy, sống động cho cả nghe nhạc, xem phim lẫn hội thoại video. 
Mua laptop Lenovo Yoga Slim 7 14ILL10 83JX0086VN chính hãng tại CellphoneS
Laptop Lenovo Yoga Slim 7 14ILL10 83JX0086VN chính hãng đã có mặt tại CellphoneS. Người dùng có thể dễ dàng sở hữu sản phẩm thông qua hình thức trả góp lãi suất thấp, thủ tục đơn giản. Đặc biệt, sinh viên còn được hưởng ưu đãi riêng, phù hợp với nhu cầu học tập và làm việc di động. Vào các dịp sale lớn như Back to School, Black Friday hay Tết, mức giảm giá sâu càng tăng thêm cơ hội sở hữu.","{""Bộ xử lý & Đồ họa"": [{""name"": ""Chip AI"", ""value"": ""Intel AI Boost, up to 40 TOPS""}, {""name"": ""Loại card đồ họa"", ""value"": ""Intel Arc Graphics 130V""}, {""name"": ""Loại CPU"", ""value"": ""Intel Core Ultra 5 226V, 8 lõi (4P + 4LPE) / 8 luồng, Max Turbo up to 4.5GHz, 8MB""}], ""Bộ nhớ RAM, Ổ cứng"": [{""name"": ""Dung lượng RAM"", ""value"": ""16GB""}, {""name"": ""Loại RAM"", ""value"": ""LPDDR5x-8533 Onboard""}, {""name"": ""Số khe ram"", ""value"": ""Không nâng cấp""}, {""name"": ""Ổ cứng"", ""value"": ""512GB SSD M.2 2242 PCIe 4.0x4 NVMe (Một ổ đĩa, tối đa 1TB M.2 2242 SSD)""}], ""Màn hình"": [{""name"": ""Tần số quét"", ""value"": ""120 Hz""}, {""name"": ""Chất liệu tấm nền"", ""value"": ""Tấm nền Oled""}, {""name"": ""Kích thước màn hình"", ""value"": ""14 inches""}, {""name"": ""Công nghệ màn hình"", ""value"": ""Độ sáng 1100nits (peak) / 500nits (typical)\nĐộ phủ màu 100% DCI-P3\nEyesafe\nDolby Vision\nDisplayHDR True Black 1000\nX-Rite\nPureSight Pro""}, {""name"": ""Độ phân giải màn hình"", ""value"": ""2880 x 1800 pixels""}], ""Âm thanh"": [{""name"": ""Công nghệ âm thanh"", ""value"": ""Âm thanh độ nét cao (HD)\nSoundWire\ncodec Cirrus Logic CS42L43\n4 loa âm thanh nổi, 2W x2 (loa trầm), 2W x2 (loa tweeter)\nDolby Atmos\nBộ khuếch đại thông minh (AMP)""}], ""Kích thước & Trọng lượng"": [{""name"": ""Chất liệu"", ""value"": ""Vỏ kim loại""}, {""name"": ""Chất liệu vỏ màn hình"", ""value"": ""Nhôm""}, {""name"": ""Chất liệu vỏ trên"", ""value"": ""Nhôm""}, {""name"": ""Chất liệu vỏ dưới"", ""value"": ""Nhôm""}, {""name"": ""Kích thước"", ""value"": ""312 x 219.3 x 13.9 mm (Dài x Rộng x Dày)""}, {""name"": ""Trọng lượng"", ""value"": ""1.19 kg""}], ""Tiện ích khác"": [{""name"": ""Tính năng đặc biệt"", ""value"": ""Nhận diện khuôn mặt, Màn hình Oled, Wi-Fi 7""}], ""Tính năng khác"": [{""name"": ""Loại đèn bàn phím"", ""value"": ""Backlit, English""}, {""name"": ""Bảo mật"", ""value"": ""Firmware TPM 2.0\nPhát hiện sự hiện diện của con người bằng sóng siêu âm\nE-shutter\nCamera hồng ngoại cho Windows Hello (nhận dạng khuôn mặt)""}, {""name"": ""Webcam"", ""value"": ""5.0MP + IR với màn trập điện tử""}, {""name"": ""Hệ điều hành"", ""value"": ""Windows 11 Home Single Language, English + Microsoft 365 Basic + Office Home 2024""}], ""Pin & công nghệ sạc"": [{""name"": ""Pin"", ""value"": ""70Wh, 65W USB-C Slim (2-pin, Wall-mount)""}], ""Cổng kết nối"": [{""name"": ""Wi-Fi"", ""value"": ""Wi-Fi 7, 802.11be 2x2""}, {""name"": ""Bluetooth"", ""value"": ""Bluetooth 5.4""}, {""name"": ""Cổng giao tiếp"", ""value"": ""1x USB-A (USB 5Gbps / USB 3.2 Gen 1), Luôn bật\n2x USB-C (Thunderbolt 4 / USB4 40Gbps), với USB PD 3.0 và DisplayPort 2.1\n1x HDMI 2.1, lên đến 4K/60Hz\n1x giắc cắm kết hợp tai nghe / micrô (3.5 mm)\n1x đầu đọc thẻ nhớ microSD""}]}","[""https://cdn2.cellphones.com.vn/x/media/catalog/product/l/a/laptop_lenovo_yoga_slim_7_14ill10_83jx0086vn_-_1.png"", ""https://cdn2.cellphones.com.vn/x/media/catalog/product/l/a/laptop_lenovo_yoga_slim_7_14ill10_83jx0086vn_-_2.png"", ""https://cdn2.cellphones.com.vn/x/media/catalog/product/l/a/laptop_lenovo_yoga_slim_7_14ill10_83jx0086vn_-_3.png""]","{""product_color_1"": {""color"": ""Xám"", ""image_url"": ""https://cellphones.com.vn/laptop-lenovo-yoga-slim-7-14ill10-83jx0086vn.html?product_id=108614"", ""price"": ""27.990.000₫""}}"
Laptop Lenovo IdeaPad Slim 5 OLED 14AKP10 83HX001KVN,laptop-lenovo-ideapad-slim-5-14akp10-83hx001kvn-ryzen-ai-5,23.090.000đ,21.990.000đ,"Đặc điểm nổi bật
Laptop Lenovo IdeaPad Slim 5 14AKP10 83HX001KVN Ryzen AI 5 sở hữu vi xử lý AMD Ryzen AI 5 340, tích hợp AMD Radeon 840M, RAM 24GB cùng SSD PCIe 4.0 512GB. Máy có thiết kế nhôm nguyên khối, nhiều cổng kết nối, sử dụng màn hình OLED 14 inch WUXGA. Laptop có kích thước 313.4 x 222 x 16.9 mm, nặng 1.39kg và trang bị pin 60Wh.
Nội dung chính
1. Laptop Lenovo IdeaPad Slim 5 14AKP10 83HX001KVN Ryzen AI 5 - Cánh cửa dẫn vào thế giới công nghệ AI thế hệ mới
1.1. Dung lượng bộ nhớ ấn tượng
1.2. Thiết kế tối giản, hiện đại
1.3. Hiệu xuất vượt trội với AMD Ryzen AI 5 340
1.4. Thời lượng pin dài, sạc nhanh
1.5. Trải nghiệm hình ảnh đỉnh cao
2. Mua ngay laptop Lenovo IdeaPad Slim 5 14AKP10 83HX001KVN Ryzen AI 5 chính hãng tại với giá thành hấp dẫn tại CellphoneS
Laptop Lenovo IdeaPad Slim 5 14AKP10 83HX001KVN Ryzen AI 5 - Cánh cửa dẫn vào thế giới công nghệ AI thế hệ mới
Laptop Lenovo IdeaPad Slim 5 14AKP10 83HX001KVN Ryzen AI 5 không chỉ là một chiếc laptop mỏng nhẹ mà còn là thiết bị tiên phong trong phân khúc AI PC. Mẫu laptop Lenovo IdeaPad này mở ra tương lai điện toán thông minh, đem đến trải nghiệm hài lòng cho nhiều đối tượng người dùng.
Dung lượng bộ nhớ ấn tượng
Laptop Lenovo IdeaPad Slim 5 14AKP10 83HX001KVN Ryzen AI 5 sở hữu 2 thanh RAM DDR5 dung lượng 12GB mỗi thanh, đạt tổng dung lượng RAM là 24GB. Đây là con số cực kỳ lý tưởng cho người dùng làm việc đa nhiệm, lập trình, thiết kế đồ họa hoặc vận hành nhiều phần mềm cùng lúc mà không xảy ra tình trạng giật lag. 
Với tốc độ RAM đạt chuẩn DDR5-4800 MHz, mọi thao tác khởi động phần mềm hay chuyển đổi cửa sổ đều diễn ra mượt mà, gần như ngay lập tức. Với thiết kế hai khe cắm RAM hỗ trợ kênh đôi, máy không chỉ tối ưu hiệu suất xử lý mà còn cho phép người dùng nâng cấp về sau nếu cần.
Lenovo trang bị cho mẫu laptop này ổ cứng SSD loại M.2 2242 dung lượng 512GB chuẩn PCIe 4.0x4 NVMe, cho tốc độ đọc ghi dữ liệu nhanh chóng đáng kinh ngạc. Chuẩn giao tiếp PCIe 4.0 hiện đại mang đến hiệu suất vượt trội, đồng thời cải thiện đáng kể khả năng phản hồi của toàn hệ thống.
Thiết kế tối giản, hiện đại
Laptop Lenovo IdeaPad Slim 5 14AKP10 83HX001KVN Ryzen AI 5 gây ấn tượng mạnh với vẻ ngoài thanh lịch nhờ thiết kế nguyên khối từ nhôm cao cấp cho cả mặt trên và mặt dưới. Bề mặt máy được xử lý bằng công nghệ anodizing sandblasting giúp tăng độ bền, hạn chế bám vân tay và trầy xước, mang đến vẻ ngoài luôn sạch sẽ, như mới theo thời gian.
Lenovo IdeaPad Slim 5 14AKP10 83HX001KVN sở hữu tông màu Luna Grey nhẹ nhàng, trung tính, dễ phối hợp trong mọi không gian từ bàn làm việc, quán cà phê đến văn phòng. Bàn phím có đèn nền hỗ trợ làm việc trong điều kiện thiếu sáng, còn touchpad diện tích lớn, cảm ứng nhạy và chính xác cũng góp phần tăng tính tiện dụng khi sử dụng lâu dài.
Với kích thước chỉ 313.4 x 222 x 16.9 mm và trọng lượng khoảng 1.39kg, chiếc laptop này lý tưởng cho người thường xuyên di chuyển, từ sinh viên đến doanh nhân. Đặc biệt, máy có độ mỏng chỉ 16.9mm nhưng vẫn đảm bảo đầy đủ các cổng kết nối quan trọng, cho thấy Lenovo đã tối ưu không gian rất tốt mà không đánh đổi tính tiện dụng.
Hiệu xuất vượt trội với AMD Ryzen AI 5 340
Sức mạnh xử lý của laptop Lenovo IdeaPad Slim 5 14AKP10 83HX001KVN Ryzen AI 5 đến từ bộ vi xử lý AMD Ryzen AI 5 340 mới, với 6 nhân 12 luồng, xung nhịp tối đa 4.8GHz. Đây là dòng chip thuộc phân khúc Copilot+ PC, tích hợp nhân xử lý AI (NPU) với công suất lên tới 50 TOPS, sẵn sàng hỗ trợ những tác vụ trí tuệ nhân tạo.
Máy laptop 14 inch được trang bị đồ họa tích hợp AMD Radeon 840M, đủ sức xử lý các tác vụ văn phòng, học tập, chỉnh sửa hình ảnh cơ bản, và thậm chí chơi một số tựa game eSports nhẹ. Nhờ GPU tích hợp này, người sử dụng không cần lo lắng về việc tiêu hao pin hay tỏa nhiệt nhiều như các dòng máy dùng card rời.
Thời lượng pin dài, sạc nhanh
Laptop Lenovo IdeaPad Slim 5 14AKP10 83HX001KVN Ryzen AI 5 trang bị viên pin 60Wh kết hợp cùng khả năng tối ưu điện năng từ dòng CPU Ryzen AI. Sản phẩm đi kèm bộ sạc 65W USB-C dạng gắn tường nhỏ gọn, hỗ trợ Power Delivery giúp sạc nhanh và tiện dụng hơn nhiều lần so với các sạc truyền thống.

Dù mỏng nhẹ, IdeaPad Slim 5 vẫn được trang bị đầy đủ các cổng kết nối hiện đại như 2 cổng USB-C 10Gbps hỗ trợ sạc và xuất hình ảnh, 2 cổng USB-A truyền thống. Máy còn có cổng HDMI 2.1 hỗ trợ xuất hình 4K, jack tai nghe 3.5mm, microSD card reader và kết nối Wi-Fi 7 cùng Bluetooth 5.4 cho tốc độ truyền tải dữ liệu cực nhanh.
Trải nghiệm hình ảnh đỉnh cao
Lenovo trang bị cho mẫu laptop Lenovo IdeaPad Slim 5 14AKP10 83HX001KVN Ryzen AI 5 màn hình OLED 14 inch WUXGA (1920x1200), độ sáng 400 nits. Màn hình này hỗ trợ chuẩn DisplayHDR True Black 500 và độ phủ màu 100% DCI-P3 giúp tái hiện hình ảnh chân thực đến từng chi tiết.
Lenovo IdeaPad Slim 5 14AKP10 83HX001KVN còn được trang bị cặp loa stereo 2W tích hợp công nghệ Dolby Audio mang đến trải nghiệm âm thanh đầy đặn và sống động. Camera IR 1080p tích hợp cảm biến ToF và nắp che vật lý giúp tăng độ an toàn và riêng tư, đồng thời hỗ trợ mở khóa bằng khuôn mặt qua Windows Hello tiện lợi.
Mua ngay laptop Lenovo IdeaPad Slim 5 14AKP10 83HX001KVN Ryzen AI 5 chính hãng tại với giá thành hấp dẫn tại CellphoneS
Laptop Lenovo IdeaPad Slim 5 14AKP10 83HX001KVN Ryzen AI 5 là sự đầu tư đáng giá để nâng cao hiệu suất làm việc cho nhiều đối tượng. Laptop này đang được phân phối tại CellphoneS với giá thành cạnh tranh, hỗ trợ trả góp lãi suất thấp. IdeaPad Slim 5 tại CellphoneS còn đi kèm bảo hành 24 tháng và chính sách đổi trả uy tín. Đội ngũ nhân viên tại đây luôn sẵn sàng giúp đỡ, giao hàng tận nơi, mang đến trải nghiệm mua sắm tiện lợi.","{""Bộ xử lý & Đồ họa"": [{""name"": ""Chip AI"", ""value"": ""AMD Ryzen AI, up to 50 TOPS""}, {""name"": ""Loại card đồ họa"", ""value"": ""AMD Radeon 840M Graphics""}, {""name"": ""Loại CPU"", ""value"": ""AMD Ryzen AI 5 340 (6 lõi / 12 luồng, 2.0 / 4.8GHz, 6MB L2 / 16MB L3)""}], ""Bộ nhớ RAM, Ổ cứng"": [{""name"": ""Dung lượng RAM"", ""value"": ""24GB""}, {""name"": ""Loại RAM"", ""value"": ""DDR5-4800""}, {""name"": ""Số khe ram"", ""value"": ""2 khe (2 x 12GB SO-DIMM DDR5-4800, tối đa 24GB)""}, {""name"": ""Ổ cứng"", ""value"": ""512GB SSD M.2 2242 PCIe 4.0x4 NVMe (Tối đa hai ổ đĩa, 2x M.2 SSD • M.2 2242 SSD lên đến 1TB)""}], ""Màn hình"": [{""name"": ""Chất liệu tấm nền"", ""value"": ""Tấm nền Oled""}, {""name"": ""Kích thước màn hình"", ""value"": ""14 inches""}, {""name"": ""Công nghệ màn hình"", ""value"": ""Độ sáng 400nits Glossy\nĐộ phủ màu 100% DCI-P3\nDisplayHDR True Black 500""}, {""name"": ""Độ phân giải màn hình"", ""value"": ""1920 x 1200 pixels (WUXGA)""}], ""Âm thanh"": [{""name"": ""Công nghệ âm thanh"", ""value"": ""Âm thanh độ nét cao (HD)\nLoa stereo, 2W x2\nDolby Audio""}], ""Cổng kết nối"": [{""name"": ""Khe đọc thẻ nhớ"", ""value"": ""Có""}, {""name"": ""Wi-Fi"", ""value"": ""Wi-Fi 7, 802.11be 2x2""}, {""name"": ""Bluetooth"", ""value"": ""Bluetooth 5.4""}, {""name"": ""Cổng giao tiếp"", ""value"": ""1x USB-A (5Gbps / 3.2 Gen 1)\n1x USB-A (5Gbps / 3.2 Gen 1), Luôn bật\n2x USB-C (10Gbps / 3.2 Gen 2), với USB PD 3.0 và DisplayPort 1.4\n1x HDMI 2.1, lên đến 4K/60Hz\n1x giắc cắm kết hợp tai nghe / micrô (3.5 mm)\n1x đầu đọc thẻ nhớ microSD""}], ""Kích thước & Trọng lượng"": [{""name"": ""Chất liệu"", ""value"": ""Vỏ kim loại""}, {""name"": ""Chất liệu vỏ màn hình"", ""value"": ""Nhôm""}, {""name"": ""Chất liệu vỏ trên"", ""value"": ""Nhôm""}, {""name"": ""Chất liệu vỏ dưới"", ""value"": ""Nhôm""}, {""name"": ""Kích thước"", ""value"": ""313.4 x 222 x 16.9 mm (Dài x Rộng x Dày)""}, {""name"": ""Trọng lượng"", ""value"": ""1.39 kg""}], ""Tiện ích khác"": [{""name"": ""Tính năng đặc biệt"", ""value"": ""Nhận diện khuôn mặt, Màn hình Oled, Wi-Fi 7""}], ""Tính năng khác"": [{""name"": ""Loại đèn bàn phím"", ""value"": ""Đèn nền, tiếng Anh""}, {""name"": ""Bảo mật"", ""value"": ""Microsoft Pluton TPM 2.0 Enabled\nCamera IR cho Windows Hello (nhận dạng khuôn mặt)""}, {""name"": ""Webcam"", ""value"": ""FHD 1080p + IR với Màn camera, Cảm biến ToF""}, {""name"": ""Hệ điều hành"", ""value"": ""Windows 11 Home Single Language, English""}], ""Pin & công nghệ sạc"": [{""name"": ""Pin"", ""value"": ""60Wh (65W USB-C Slim (Wall-mount))""}]}","[""https://cdn2.cellphones.com.vn/x/media/catalog/product/l/a/laptop_lenovo_ideapad_slim_5_14akp10_83hx001kvn_-_1.png"", ""https://cdn2.cellphones.com.vn/x/media/catalog/product/l/a/laptop_lenovo_ideapad_slim_5_14akp10_83hx001kvn_-_2.png"", ""https://cdn2.cellphones.com.vn/x/media/catalog/product/l/a/laptop_lenovo_ideapad_slim_5_14akp10_83hx001kvn_-_3.png""]","{""product_color_1"": {""color"": ""Xám"", ""image_url"": ""https://cellphones.com.vn/laptop-lenovo-ideapad-slim-5-14akp10-83hx001kvn-ryzen-ai-5.html?product_id=104185"", ""price"": ""21.990.000₫""}}"
Laptop Lenovo IdeaPad Slim 3 15ARP10 83K700EVVN,laptop-lenovo-ideapad-slim-3-15arp10-83k700evvn,28.990.000đ,21.990.000đ,"Đặc điểm nổi bật
Laptop Lenovo IdeaPad Slim 3 15ARP10 83K700EVVN trang bị sức mạnh từ bộ vi xử lý AMD Ryzen 7 7735HS 8 lõi kết hợp cùng với RAM 24GB chuẩn DDR5-4800. Máy hiển thị qua màn hình 15.3 inch WUXGA IPS 300 nits giảm chói, tần số quét 60Hz. Hệ thống kết nối đầy đủ cùng thiết kế nắp lưng nhôm gọn nhẹ chỉ 1.59 kg.
Nội dung chính
1. Laptop Lenovo IdeaPad Slim 3 15ARP10 83K700EVVN – Màn hình IPS giảm chói
1.1. Đa nhiệm vượt trội với bộ nhớ chuẩn DDR5 tốc độ cao
1.2. Ngoại hình thanh lịch tông màu Luna Grey
1.3. Hiệu năng mạnh mẽ từ vi xử lý AMD Ryzen 7
1.4. Kết nối toàn diện cùng viên pin 50Wh
1.5. Không gian hiển thị WUXGA sắc nét và chân thực
2. Mua ngay laptop Lenovo IdeaPad Slim 3 15ARP10 83K700EVVN chính hãng tại CellphoneS
Laptop Lenovo IdeaPad Slim 3 15ARP10 83K700EVVN – Màn hình IPS giảm chói
Laptop Lenovo IdeaPad Slim 3 15ARP10 83K700EVVN mang đến trải nghiệm làm việc và giải trí mượt mà nhờ thiết kế gọn nhẹ và bền bỉ. Thiết kế hiện đại kết hợp màu sắc tinh tế, chiếc máy này phù hợp cho cả văn phòng lẫn di chuyển hàng ngày.
Đa nhiệm vượt trội với bộ nhớ chuẩn DDR5 tốc độ cao
Model laptop Lenovo Ideapad này được trang bị sẵn dung lượng RAM lên tới 24GB, mang lại khả năng đa nhiệm ấn tượng cho mọi tác vụ công việc và giải trí. Loại RAM được sử dụng là DDR5-4800 hiện đại, giúp tăng tốc độ truyền tải dữ liệu và cải thiện hiệu suất tổng thể so với các thế hệ trước.
Hệ thống bộ nhớ hỗ trợ nâng cấp linh hoạt 
Cấu hình bộ nhớ của laptop Lenovo IdeaPad Slim 3 15ARP10 83K700EVVN bao gồm 8GB được hàn trực tiếp kết hợp cùng một thanh 16GB SODIMM cắm rời. Thiết kế chạy kênh đôi (dual-channel) này giúp tối ưu hóa băng thông hệ thống, góp phần duy trì sự ổn định khi chạy nhiều ứng dụng cùng lúc.
Về khả năng lưu trữ, máy sở hữu ổ cứng 512GB SSD M.2 2242 chuẩn PCIe 4.0x4 NVMe cho tốc độ khởi động và truy xuất dữ liệu cực nhanh. Người dùng cũng có thể dễ dàng nâng cấp dung lượng nhờ máy hỗ trợ tối đa hai ổ đĩa SSD M.2 với tổng dung lượng lên đến 1TB.
Ngoại hình thanh lịch tông màu Luna Grey
Lenovo IdeaPad Slim 3 sở hữu ngôn ngữ thiết kế tinh tế với nắp lưng làm từ nhôm dập anodized sang trọng và bền bỉ. Phần thân dưới được chế tác từ nhựa PC-ABS chất lượng cao cùng bề mặt xử lý Texture, tạo cảm giác cầm nắm chắc và hạn chế bám vân tay.
Ngoại hình thanh lịch với phong cách tinh tế 
Tính di động là điểm cộng lớn khi chiếc laptop Lenovo IdeaPad Slim 3 15ARP10 83K700EVVN 15.3 inch này chỉ có trọng lượng bắt đầu từ 1.59 kg. Kích thước tổng thể gọn gàng với độ mỏng dao động từ 16.9 đến 17.9 mm giúp người dùng dễ dàng mang theo máy di chuyển linh hoạt.
Máy được hoàn thiện với tông màu Luna Grey hiện đại, phù hợp với nhiều không gian làm việc chuyên nghiệp. Thiết bị đáp ứng 21 hạng mục kiểm tra theo tiêu chuẩn MIL-STD-810H, hỗ trợ tăng độ bền trong quá trình sử dụng.
Hiệu năng mạnh mẽ từ vi xử lý AMD Ryzen 7
Cung cấp sức mạnh cho hệ thống là bộ vi xử lý AMD Ryzen 7 7735HS với cấu trúc 8 lõi và 16 luồng mạnh mẽ. Con chip này hoạt động ở xung nhịp cơ bản 3.2GHz và có thể tăng tốc tối đa lên tới 4.75GHz để xử lý nhanh chóng các tác vụ nặng.
Hỗ trợ xử lý mượt mà cho nhiều tác vụ hằng ngày.
Bộ nhớ đệm của CPU bao gồm 4MB L2 và 16MB L3, giúp giảm thiểu độ trễ và tăng tốc độ phản hồi khi xử lý dữ liệu. Laptop Lenovo IdeaPad Slim 3 15ARP10 83K700EVVN được xây dựng trên nền tảng AMD SoC Platform giúp hỗ trợ tương thích tốt giữa các linh kiện.
Khả năng xử lý hình ảnh được đảm nhiệm bởi card đồ họa tích hợp AMD Radeon 680M Graphics. Sự kết hợp này mang lại hiệu suất đồ họa ổn định, đáp ứng tốt nhu cầu chỉnh sửa ảnh cơ bản hay giải trí với các nội dung đa phương tiện chất lượng cao.
Kết nối toàn diện cùng viên pin 50Wh
Laptop được trang bị viên pin dung lượng 50Wh, cung cấp thời lượng sử dụng đủ cho các nhu cầu làm việc và học tập hàng ngày. Laptop Lenovo IdeaPad Slim 3 15ARP10 83K700EVVN đi kèm bộ sạc 65W Round Tip chân tròn 3-pin, hỗ trợ nạp lại năng lượng cho thiết bị nhanh chóng và an toàn.
Cổng kết nối linh hoạt hỗ trợ xử lý ổn định nhiều tác vụ 
Hệ thống cổng kết nối vật lý rất đa dạng gồm hai cổng USB-A tốc độ cao, cổng HDMI 1.4 để xuất hình ảnh và khe đọc thẻ nhớ SD tiện dụng. Cổng USB-C đa năng hỗ trợ truyền dữ liệu, sạc PD 3.0 và xuất hình ảnh qua DisplayPort 1.2.
Về kết nối không dây, máy tích hợp công nghệ Wi-Fi 6 802.11ax 2x2 giúp duy trì đường truyền mạng ổn định và tốc độ cao. Máy còn được trang bị chuẩn Bluetooth 5.3 hiện đại cũng có mặt để mang lại khả năng kết nối liền mạch và tiết kiệm pin hơn với các thiết bị ngoại vi.
Không gian hiển thị WUXGA sắc nét và chân thực
Màn hình kích thước 15.3 inch với độ phân giải WUXGA (1920 x 1200 pixels) mang lại không gian làm việc rộng rãi và hình ảnh sắc nét. Tỷ lệ diện tích màn hình so với thân máy laptop Lenovo IdeaPad Slim 3 15ARP10 83K700EVVN ở mức 90.7%, giúp viền màn hình trở nên mỏng nhẹ hơn.
Màn hình rộng rãi giúp quan sát nội dung dễ dàng
Sử dụng tấm nền IPS với độ sáng 300 nits, màn hình cho góc nhìn rộng và khả năng hiển thị rõ ràng ở nhiều điều kiện ánh sáng. Công nghệ hạn chế chói Anti-glare được tích hợp giúp bảo vệ mắt và hạn chế hiện tượng lóa khi sử dụng ngoài trời hoặc dưới đèn mạnh.
Màn hình hỗ trợ tần số quét 60Hz tiêu chuẩn, giúp các chuyển động hình ảnh diễn ra mượt mà trong các tác vụ văn phòng. Thiết bị với độ phủ màu 45% NTSC, màu sắc được tái tạo ở mức trung thực, phù hợp cho nhu cầu sử dụng thông thường.
Mua ngay laptop Lenovo IdeaPad Slim 3 15ARP10 83K700EVVN chính hãng tại CellphoneS
Mua laptop Lenovo IdeaPad Slim 3 15ARP10 83K700EVVN tại CellphoneS, sản phẩm được phân phối chính hãng đi kèm chế độ bảo hành đầy đủ. CellphoneS luôn mang đến mức giá cạnh tranh cùng nhiều chương trình ưu đãi hấp dẫn.
Dịch vụ chăm sóc khách hàng tận tâm kết hợp tư vấn lựa chọn sản phẩm phù hợp với nhu cầu. Hệ thống cửa hàng rộng và dịch vụ giao hàng nhanh chóng giúp trải nghiệm mua sắm thuận tiện và an tâm.","{""Bộ xử lý & Đồ họa"": [{""name"": ""Loại card đồ họa"", ""value"": ""AMD Radeon 680M Graphics""}, {""name"": ""Loại CPU"", ""value"": ""AMD Ryzen 7 7735HS (8 lõi / 16 luồng, 3.2 / 4.75GHz, 4MB L2 / 16MB L3)""}], ""Bộ nhớ RAM, Ổ cứng"": [{""name"": ""Dung lượng RAM"", ""value"": ""24GB""}, {""name"": ""Loại RAM"", ""value"": ""DDR5-4800""}, {""name"": ""Số khe ram"", ""value"": ""2 khe (8GB Onboard + 16GB SODIMM, tối đa 24GB)""}, {""name"": ""Ổ cứng"", ""value"": ""512GB SSD M.2 2242 PCIe 4.0x4 NVMe (Tối đa hai ổ đĩa, up to 1TB)""}], ""Màn hình"": [{""name"": ""Tần số quét"", ""value"": ""60 Hz""}, {""name"": ""Chất liệu tấm nền"", ""value"": ""Tấm nền IPS""}, {""name"": ""Kích thước màn hình"", ""value"": ""15.3 inches""}, {""name"": ""Công nghệ màn hình"", ""value"": ""Độ sáng 300nits\nMàn hình chống chói\nĐộ phủ màu 45% NTSC""}, {""name"": ""Độ phân giải màn hình"", ""value"": ""1920 x 1200 pixels (WUXGA)""}], ""Âm thanh"": [{""name"": ""Công nghệ âm thanh"", ""value"": ""Âm thanh độ nét cao (HD)\nLoa stereo, 2W x2\nDolby Audio""}], ""Cổng kết nối"": [{""name"": ""Khe đọc thẻ nhớ"", ""value"": ""Có""}, {""name"": ""Wi-Fi"", ""value"": ""Wi-Fi 6, 802.11ax 2x2""}, {""name"": ""Bluetooth"", ""value"": ""Bluetooth 5.3""}, {""name"": ""Cổng giao tiếp"", ""value"": ""2x USB-A (USB 5Gbps / USB 3.2 Gen 1)\n1x USB-C (USB 5Gbps / USB 3.2 Gen 1, hỗ trợ PD 3.0 & DisplayPort 1.2)\n1x HDMI 1.4\n1x jack tai nghe/mic 3.5mm\n1x khe đọc thẻ SD\n1x cổng nguồn""}], ""Kích thước & Trọng lượng"": [{""name"": ""Chất liệu"", ""value"": ""Vỏ nhựa - nắp lưng kim loại""}, {""name"": ""Chất liệu vỏ màn hình"", ""value"": ""Dập nhôm anodized (trên), Texture (dưới)""}, {""name"": ""Chất liệu vỏ trên"", ""value"": ""Nhôm""}, {""name"": ""Chất liệu vỏ dưới"", ""value"": ""Nhựa""}, {""name"": ""Kích thước"", ""value"": ""343.4 x 239.5 x 16.9-17.9 mm (Dài x Rộng x Dày)""}, {""name"": ""Trọng lượng"", ""value"": ""1.59 kg""}], ""Tiện ích khác"": [{""name"": ""Tính năng đặc biệt"", ""value"": ""Wi-Fi 6""}], ""Tính năng khác"": [{""name"": ""Loại đèn bàn phím"", ""value"": ""Không""}, {""name"": ""Bảo mật"", ""value"": ""Microsoft Pluton TPM 2.0 Enabled""}, {""name"": ""Webcam"", ""value"": ""HD 720p với Màn trập camera""}, {""name"": ""Hệ điều hành"", ""value"": ""Windows 11 Home Single Language, English""}], ""Pin & công nghệ sạc"": [{""name"": ""Pin"", ""value"": ""50Wh, 65W Round Tip (3-pin)""}]}","[""https://cdn2.cellphones.com.vn/x/media/catalog/product/l/a/laptop_lenovo_ideapad_slim_3_15arp10_83k700evvn_-_1.png"", ""https://cdn2.cellphones.com.vn/x/media/catalog/product/l/a/laptop_lenovo_ideapad_slim_3_15arp10_83k700evvn_-_2.png"", ""https://cdn2.cellphones.com.vn/x/media/catalog/product/l/a/laptop_lenovo_ideapad_slim_3_15arp10_83k700evvn_-_3.png""]","{""product_color_1"": {""color"": ""Xám"", ""image_url"": ""https://cellphones.com.vn/laptop-lenovo-ideapad-slim-3-15arp10-83k700evvn.html?product_id=118504"", ""price"": ""21.990.000₫""}}"
Laptop Lenovo IdeadPad Slim 3 14IRH10 83K00007VN,laptop-lenovo-ideadpad-slim-3-14irh10-83k00007vn,22.990.000đ,21.490.000đ,"Đặc điểm nổi bật
Laptop Lenovo IdeadPad Slim 3 14IRH10 83K00007VN kiến tạo trải nghiệm người dùng tuyệt vời với hiệu năng vượt trội nhờ chip i7-13620H, 16GB RAM, SSD 512GB. Thế hệ laptop Lenovo Ideadpad này sở hữu màn hình 14.0 inch WUXGA, mang đến hình ảnh sống động. Cùng với đó là sắc xám tôn lên vẻ ngoài sang trọng, lý tưởng cho công việc, giải trí.
Nội dung chính
1. Laptop Lenovo IdeadPad Slim 3 14IRH10 83K00007VN - Tinh hoa công nghệ
1.1. Sức mạnh lưu trữ và đa tác vụ
1.2. Thanh lịch, tiện dụng
1.3. Sức mạnh đột phá
1.4. Linh hoạt và đa năng
1.5. Hiển thị sống động
2. Mua laptop Lenovo IdeadPad Slim 3 14IRH10 83K00007VN với giá tốt tại CellphoneS
Laptop Lenovo IdeadPad Slim 3 14IRH10 83K00007VN - Tinh hoa công nghệ
Laptop Lenovo IdeadPad Slim 3 14IRH10 83K00007VN kết hợp hiệu suất mạnh mẽ và thiết kế tinh tế, tối ưu cho cả công việc lẫn giải trí. Chiếc laptop khẳng định vị thế Lenovo trong phân khúc mỏng nhẹ, nơi hiệu năng và tính di động lên ngôi.
Sức mạnh lưu trữ và đa tác vụ
Laptop Lenovo IdeadPad Slim 3 14IRH10 83K00007VN sở hữu bộ nhớ RAM 16GB DDR5, đảm bảo hiệu năng đa nhiệm trơn tru, kể cả khi vận hành nhiều ứng dụng đồng thời. Ổ cứng SSD 512GB mang lại tốc độ truy xuất dữ liệu vượt trội, tối ưu hóa thời gian làm việc. Dung lượng lưu trữ dồi dào cho phép người dùng thoải mái lưu trữ tài liệu, phần mềm.
Với sự kết hợp của RAM DDR5 tiên tiến và ổ cứng SSD tốc độ cao, sản phẩm này mang đến hiệu suất vượt trội trong phân khúc laptop mỏng nhẹ. Khả năng phản hồi tức thì giúp máy tối đa hóa hiệu quả công việc, nâng tầm trải nghiệm người dùng. Với hiệu năng ấn tượng, độ ổn định cao, chiếc laptop này là sự lựa chọn không thể bỏ qua cho người dùng hiện đại.
Thanh lịch, tiện dụng
Thiết kế mỏng nhẹ cùng trọng lượng chỉ 1.43kg của laptop Lenovo IdeadPad Slim 3 14IRH10 83K00007VN giúp người dùng dễ dàng mang theo trong mọi hành trình. Màu xám Luna Grey thanh lịch kết hợp với phong cách tối giản mang lại vẻ ngoài chuyên nghiệp và hiện đại. Thiết kế của laptop này vừa tiện dụng, vừa thể hiện cá tính.
Ngoài sự nhỏ gọn đầy ấn tượng, thiết kế còn mang đến cảm giác cao cấp nhờ sự tỉ mỉ trong từng chi tiết thiết kế. Vẻ ngoài thanh lịch giúp chiếc máy dễ dàng thu hút mọi ánh nhìn trong công việc, cuộc sống. Sự cộng hưởng giữa vẻ đẹp tinh tế và tính di động ưu việt đã tạo nên dấu ấn đặc biệt cho dòng sản phẩm này.
Sức mạnh đột phá
Laptop Lenovo IdeadPad Slim 3 14IRH10 83K00007VN sở hữu bộ vi xử lý Intel Core i7-13620H với 10 nhân và 16 luồng đảm bảo khả năng xử lý nhanh nhạy. Card đồ họa tích hợp Intel UHD Graphics hỗ trợ nâng cao hiệu suất đồ họa, tối ưu hóa cho công việc, giải trí. Ưu điểm này của laptop giúp người dùng dễ dàng thực hiện các tác vụ đa nhiệm, xử lý dữ liệu phức tạp.
Với sức mạnh từ CPU cao cấp, sản phẩm này sẵn sàng xử lý mọi thử thách từ các tác vụ văn phòng đa nhiệm đến phần mềm nặng. Ngay cả các dữ liệu phức tạp cũng sẽ được laptop Lenovo Ideadpad này giải quyết nhanh chóng, giúp tiết kiệm tối đa thời gian, công sức.  
Sự phối hợp tuyệt vời giữa CPU mạnh mẽ và đồ họa tích hợp mang đến trải nghiệm vượt trội. Từ xử lý tài liệu, phân tích dữ liệu cho đến thưởng thức các nội dung giải trí chất lượng cao, chiếc laptop này đều đáp ứng trọn vẹn. Hiệu năng ổn định của laptop Lenovo IdeadPad Slim 3 14IRH10 83K00007VN này có thể chinh phục người dùng chuyên nghiệp.
Linh hoạt và đa năng
Với viên pin dung lượng 60Wh, sản phẩm đảm bảo hoạt động bền bỉ, giúp người dùng không gián đoạn khi làm việc, học tập. Laptop này còn được trang bị hệ thống cổng kết nối đa dạng, bao gồm USB-C, USB-A, HDMI và khe đọc thẻ SD, mang đến sự linh hoạt tối đa. Sự phong phú trong kết nối này hỗ trợ đắc lực cho việc tương tác với các thiết bị ngoại vi.
Thời lượng pin dài giúp laptop Lenovo IdeadPad Slim 3 14IRH10 83K00007VN phù hợp những buổi làm việc dài ngày hoặc di chuyển liên tục. Kèm theo đó là cổng kết nối đa dạng, giúp người dùng linh hoạt kết nối với nhiều thiết bị mà không gặp bất kỳ trở ngại nào. Đây là lựa chọn laptop phù hợp cho những ai yêu cầu tính di động và khả năng kết nối toàn diện.
Hiển thị sống động
Laptop Lenovo IdeadPad Slim3 14IRH10 83K00007VN mang đến trải nghiệm thị giác ấn tượng với màn hình 14 inch WUXGA IPS sắc nét, độ sáng 300 nits. Với tỷ lệ khung hình lý tưởng, màn hình mang đến không gian làm việc rộng rãi và trải nghiệm giải trí đắm chìm. Chất lượng hiển thị ấn tượng của laptop mang đến trải nghiệm hình ảnh chân thực.
Với tấm nền IPS, màn hình của chiếc laptop này tái tạo hình ảnh với góc nhìn rộng mở, màu sắc sống động như thật. Sự hòa quyện giữa độ sáng cao và độ phân giải WUXGA mang đến trải nghiệm thị giác đỉnh cao. Lenovo Ideadpad Slim 3 là sự lựa chọn hợp lý cho những ai đặt yêu cầu cao về độ chính xác, chi tiết của hình ảnh hiển thị.
Mua laptop Lenovo IdeadPad Slim 3 14IRH10 83K00007VN với giá tốt tại CellphoneS
Laptop Lenovo IdeadPad Slim 3 14IRH10 83K00007VN là sự lựa chọn lý tưởng cho người dùng chuyên nghiệp với hiệu năng mạnh mẽ. Đến với CellphoneS, khách hàng không chỉ rinh về một chiếc laptop mạnh mẽ, thiết kế thời thượng, mà còn tận hưởng vô vàn ưu đãi. Với cam kết chính hãng, bảo hành uy tín, CellphoneS là điểm đến lý tưởng để an tâm mua sắm. Trải nghiệm mua sắm đẳng cấp tại CellphoneS ngay hôm nay!","{""Bộ xử lý & Đồ họa"": [{""name"": ""Loại card đồ họa"", ""value"": ""Intel UHD Graphics""}, {""name"": ""Loại CPU"", ""value"": ""Intel Core i7-13620H, 10 lõi (6P + 4E) / 16 luồng, P-core 2.4 / 4.9GHz, E-core 1.8 / 3.6GHz, 24MB""}], ""Bộ nhớ RAM, Ổ cứng"": [{""name"": ""Dung lượng RAM"", ""value"": ""16GB""}, {""name"": ""Loại RAM"", ""value"": ""DDR5-4800""}, {""name"": ""Số khe ram"", ""value"": ""8GB Soldered DDR5-4800 + 8GB SO-DIMM DDR5-4800 (Tối đa 24GB (8GB Onboard + 16GB SO-DIMM) DDR5-4800)""}, {""name"": ""Ổ cứng"", ""value"": ""512GB SSD M.2 2242 PCIe 4.0x4 NVMe (Tối đa hai ổ đĩa, 2x M.2 SSD • M.2 2242 SSD lên đến 1TB)""}], ""Màn hình"": [{""name"": ""Chất liệu tấm nền"", ""value"": ""Tấm nền IPS""}, {""name"": ""Kích thước màn hình"", ""value"": ""14 inches""}, {""name"": ""Công nghệ màn hình"", ""value"": ""Độ sáng 300nits\nMàn hình chống chói\nĐộ phủ màu 45% NTSC""}, {""name"": ""Độ phân giải màn hình"", ""value"": ""1920 x 1200 pixels (WUXGA)""}], ""Âm thanh"": [{""name"": ""Công nghệ âm thanh"", ""value"": ""High Definition (HD) Audio\nStereo speakers, 2W x2\nDolby Audio""}], ""Cổng kết nối"": [{""name"": ""Khe đọc thẻ nhớ"", ""value"": ""Có""}, {""name"": ""Wi-Fi"", ""value"": ""Wi-Fi 6, 802.11ax 2x2""}, {""name"": ""Bluetooth"", ""value"": ""Bluetooth 5.2""}, {""name"": ""Cổng giao tiếp"", ""value"": ""2x USB-A (5Gbps / USB 3.2 Gen 1)\n1x USB-C (5Gbps / USB 3.2 Gen 1), với USB PD 3.0 và DisplayPort 1.2\n1x HDMI 1.4\n1x giắc cắm kết hợp tai nghe / micrô (3.5 mm)\n1x đầu đọc thẻ SD\n1x đầu nối nguồn""}], ""Kích thước & Trọng lượng"": [{""name"": ""Chất liệu vỏ màn hình"", ""value"": ""Nhôm""}, {""name"": ""Chất liệu vỏ trên"", ""value"": ""Nhôm""}, {""name"": ""Chất liệu vỏ dưới"", ""value"": ""Nhựa""}, {""name"": ""Kích thước"", ""value"": ""314.4 x 222.1 x 16.9-17.9 mm (Dài x Rộng x Dày)""}, {""name"": ""Trọng lượng"", ""value"": ""1.43 kg""}], ""Tiện ích khác"": [{""name"": ""Tính năng đặc biệt"", ""value"": ""Wi-Fi 6""}], ""Tính năng khác"": [{""name"": ""Loại đèn bàn phím"", ""value"": ""Không có đèn nền""}, {""name"": ""Bảo mật"", ""value"": ""Firmware TPM 2.0 Enabled""}, {""name"": ""Webcam"", ""value"": ""HD 720p với màn trập camera""}, {""name"": ""Hệ điều hành"", ""value"": ""Windows 11 Home Single Language, English""}], ""Pin & công nghệ sạc"": [{""name"": ""Pin"", ""value"": ""60Wh (Đầu tròn 65W (3 chân))""}]}","[""https://cdn2.cellphones.com.vn/x/media/catalog/product/l/a/laptop_lenovo_ideadpad_slim_3_14irh10_83k00007vn_-_1.png"", ""https://cdn2.cellphones.com.vn/x/media/catalog/product/l/a/laptop_lenovo_ideadpad_slim_3_14irh10_83k00007vn_-_2.png"", ""https://cdn2.cellphones.com.vn/x/media/catalog/product/l/a/laptop_lenovo_ideadpad_slim_3_14irh10_83k00007vn_-_3.png""]","{""product_color_1"": {""color"": ""Xám"", ""image_url"": ""https://cellphones.com.vn/laptop-lenovo-ideadpad-slim-3-14irh10-83k00007vn.html?product_id=102318"", ""price"": ""21.490.000₫""}}"
Laptop Lenovo IdeaPad Slim 3 14IRH10 83K0000AVN,laptop-lenovo-ideapad-slim-3-14irh10-83k0000avn,20.990.000đ,18.590.000đ,"Đặc điểm nổi bật
Laptop Lenovo Ideapad SLIM 3 14IRH10 83K0000AVN được trang bị chip Intel Core i5-13420H cùng RAM 24GB đảm bảo hiệu suất mạnh mẽ cho công việc và giải trí. Màn hình 14.0 inch WUXGA IPS kết hợp Windows 11 đem đến trải nghiệm xuyên suốt. Đặc biệt, công nghệ sạc nhanh 65W với thiết kế 17.9mm dễ dàng mang theo khi di chuyển.
Nội dung chính
1. Laptop Lenovo Ideapad SLIM 3 14IRH10 83K0000AVN - “Người bạn đồng hành” trong học tập và làm việc
1.1. Bộ nhớ RAM 24GB và DDR5-4800 - Trải nghiệm tối ưu với tốc độ vượt trội
1.2. Thiết kế mỏng nhẹ, linh hoạt và màu sắc thời thượng
1.3. Hiệu suất ổn định với vi xử lý Intel Core i5-13420H
1.4. Công nghệ sạc nhanh tiện lợi
1.5. Màn hình 14.0 inch WUXGA IPS tối ưu hình ảnh và màu sắc hiển thị
1.6. Windows 11 bản quyền mang đến sự hài lòng tối đa
1.7. Đối tượng sử dụng phù hợp
2. Mua ngay laptop Lenovo Ideapad SLIM 3 14IRH10 83K0000AVN chính hãng tại CellphoneS
Laptop Lenovo Ideapad SLIM 3 14IRH10 83K0000AVN - “Người bạn đồng hành” trong học tập và làm việc
Laptop Lenovo Ideapad SLIM 3 14IRH10 83K0000AVN được đánh giá cao nhờ thiết kế gọn nhẹ, cấu hình mạnh mẽ và hiệu suất ổn định. Chiếc laptop Lenovo Ideapad này hứa hẹn mang lại trải nghiệm xuyên suốt đồng thời là lựa chọn lý tưởng cho sinh viên và dân văn phòng.
Bộ nhớ RAM 24GB và DDR5-4800 - Trải nghiệm tối ưu với tốc độ vượt trội
Laptop Lenovo Ideapad SLIM 3 14IRH10 83K0000AVN trang bị 24GB RAM giúp xử lý các công việc đa nhiệm hiệu quả và mượt mà hơn. Đặc biệt, loại RAM DDR5-4800 giúp hệ thống khởi động gần như ngay lập tức, tiết kiệm thời gian cho người dùng.
Ngoài ra, Lenovo Ideapad SLIM 3 còn được trang bị ổ cứng 512GB SSD M.2 2242 PCIe, không chỉ cung cấp không gian lưu trữ rộng rãi mà còn giúp xử lý thông tin nhanh chóng. Tính năng này cực kỳ hữu ích cho những ai thường xuyên làm việc với các file dung lượng lớn hoặc cần truy xuất dữ liệu liên tục.
Thiết kế mỏng nhẹ, linh hoạt và màu sắc thời thượng
Laptop Lenovo Ideapad SLIM 3 14IRH10 83K0000AVN không chỉ mạnh mẽ về hiệu năng mà còn ghi điểm với thiết kế gọn nhẹ, thanh lịch. Độ dày chỉ khoảng 17.9mm với lớp vỏ màu xám tinh tế, đây là chiếc laptop vừa sang trọng, vừa dễ dàng mang theo bên mình. Người dùng có thể thoải mái bỏ vào balo hay túi xách mà không cảm thấy cồng kềnh hay nặng nề.
Đặc biệt, màn hình 14.0 inch WUXGA (1920x1200) IPS, 300nits là một điểm cộng lớn cho laptop Lenovo Ideapad SLIM 3. Không chỉ mang đến hình ảnh sắc nét mà màu sắc sống động với tỷ lệ khung hình 16:10 còn giúp tối ưu không gian làm việc.
Hiệu suất ổn định với vi xử lý Intel Core i5-13420H
Một trong những điểm đặc biệt của laptop Lenovo Ideapad SLIM 3 14IRH10 83K0000AVN là bộ vi xử lý Intel Core i5-13420H và card đồ hoạ Intel UHD Graphics. Con chip thế hệ thứ 13 này không chỉ mang đến tốc độ xử lý vượt trội mà còn giúp người dùng làm việc đa nhiệm và mượt mà. Dù là chơi game hay thao tác với các phần mềm văn phòng, chiếc laptop này đều có thể đáp ứng mọi nhu cầu.
Công nghệ sạc nhanh tiện lợi
Một điểm cộng không thể bỏ qua chính là thời lượng pin ấn tượng. Laptop Lenovo Ideapad SLIM 3 14IRH10 83K0000AVN sở hữu công nghệ sạc nhanh Rapid Charge 60Wh cho phép người dùng sử dụng trong nhiều giờ liền mà không cần sạc. 
Đặc biệt, cổng kết nối đa dạng: 2x USB-A, 1x USB-C, HDMI 1.4, giắc cắm tai nghe/mic 3.5mm, đầu đọc thẻ SD, đảm bảo sự linh hoạt cho mọi nhu cầu sử dụng. Điều này đặc biệt tiện lợi với những công việc yêu cầu tính di chuyển hoặc làm việc bên ngoài thường xuyên.
Màn hình 14.0 inch WUXGA IPS tối ưu hình ảnh và màu sắc hiển thị
Màn hình 14.0 inch WUXGA (1920x1200) IPS, 300nits là một điểm cộng lớn cho laptop Lenovo Ideapad SLIM 3. Điều này không chỉ mang đến trải nghiệm hình ảnh, màu sắc sống động, đồng nhất mà còn giúp tối ưu hiệu quả làm việc nhờ tỷ lệ màn hình 16:10.
Chưa dừng lại ở đó, công nghệ TÜV Rheinland® Low Blue Light, hạn chế tình trạng mỏi mắt khi sử dụng trong thời gian dài. Dù làm việc ban ngày hay ban đêm, với chiếc laptop này, chất lượng hiển thị vẫn rõ ràng, chân thực.
Windows 11 bản quyền mang đến sự hài lòng tối đa
Máy laptop Lenovo Ideapad SLIM 3 14IRH10 83K0000AVN được trang bị sẵn Windows 11 bản quyền, mang đến giao diện hiện đại, thân thiện và dễ sử dụng. Với nhiều tính năng thông minh, hệ điều hành này giúp người dùng làm việc hiệu quả hơn, nâng cao trải nghiệm đa nhiệm và tiết kiệm năng lượng tối ưu.
Đối tượng sử dụng phù hợp
Với những ưu điểm nổi bật trên, laptop Lenovo Ideapad SLIM 3 14IRH10 83K0000AVNlaptop Lenovo Ideapad SLIM 3 14IRH10 83K0000AVN là sự lựa chọn lý tưởng cho:
Nhân viên văn phòng – Cần một chiếc laptop mỏng nhẹ, hiệu suất cao để xử lý công việc mượt mà.
Sinh viên – Muốn có một chiếc máy đa năng phục vụ học tập, làm bài tập, xem phim giải trí.
Người dùng phổ thông – Cần một chiếc laptop bền bỉ, pin lâu, đáp ứng tốt nhu cầu sử dụng hàng ngày.
Mua ngay laptop Lenovo Ideapad SLIM 3 14IRH10 83K0000AVN chính hãng tại CellphoneS
Với những người dùng đang tìm kiếm một chiếc laptop bền bỉ – mạnh mẽ – thiết kế đẹp, laptop Lenovo Ideapad SLIM 3 14IRH10 83K0000AVN chắc chắn là lựa chọn lý tưởng. 
Không chỉ có mức giá ưu đãi, CellphoneS còn thường xuyên có các chương trình khuyến mãi, thu cũ đổi mới hấp dẫn cùng chính sách bảo hành minh bạch. Đặc biệt, đội ngũ tư vấn nhiệt tình và dịch vụ giao hàng nhanh chóng giúp CellphoneS trở thành điểm đến tin cậy của những tín đồ công nghệ.","{""Bộ xử lý & Đồ họa"": [{""name"": ""Loại card đồ họa"", ""value"": ""Intel UHD Graphics""}, {""name"": ""Loại CPU"", ""value"": ""Intel Core i5-13420H, 8 lõi (4P + 4E) / 12 luồng, P-core 2.1 / 4.6GHz, E-core 1.5 / 3.4GHz, 12MB""}], ""Bộ nhớ RAM, Ổ cứng"": [{""name"": ""Dung lượng RAM"", ""value"": ""24GB""}, {""name"": ""Loại RAM"", ""value"": ""DDR5-4800""}, {""name"": ""Số khe ram"", ""value"": ""2 khe (1 x 8GB Onboard + 1 x 16GB SO-DIMM, tối đa 24GB)""}, {""name"": ""Ổ cứng"", ""value"": ""512GB SSD M.2 2242 PCIe 4.0x4 NVMe (Tối đa hai ổ đĩa, nâng cấp lên đến 1TB)""}], ""Màn hình"": [{""name"": ""Chất liệu tấm nền"", ""value"": ""Tấm nền IPS""}, {""name"": ""Kích thước màn hình"", ""value"": ""14 inches""}, {""name"": ""Công nghệ màn hình"", ""value"": ""Độ sáng 300nits\nMàn hình chống chói\nĐộ phủ màu 45% NTSC""}, {""name"": ""Độ phân giải màn hình"", ""value"": ""1920 x 1200 pixels (WUXGA)""}], ""Âm thanh"": [{""name"": ""Công nghệ âm thanh"", ""value"": ""High Definition (HD) Audio\nLoa stereo, 2W x2\nDolby Audio""}], ""Cổng kết nối"": [{""name"": ""Khe đọc thẻ nhớ"", ""value"": ""Có""}, {""name"": ""Wi-Fi"", ""value"": ""Wi-Fi 6, 802.11ax 2x2""}, {""name"": ""Bluetooth"", ""value"": ""Bluetooth 5.2""}, {""name"": ""Cổng giao tiếp"", ""value"": ""2x USB-A (5Gbps / USB 3.2 Gen 1)\n1x USB-C (5Gbps / USB 3.2 Gen 1), với USB PD 3.0 và DisplayPort 1.2\n1x HDMI 1.4\n1x giắc cắm kết hợp tai nghe / micrô (3.5 mm)\n1x đầu đọc thẻ SD\n1x đầu nối nguồn""}], ""Kích thước & Trọng lượng"": [{""name"": ""Chất liệu"", ""value"": ""Vỏ nhựa - nắp lưng kim loại""}, {""name"": ""Chất liệu vỏ trên"", ""value"": ""Nhôm""}, {""name"": ""Chất liệu vỏ dưới"", ""value"": ""Nhựa""}, {""name"": ""Kích thước"", ""value"": ""314.4 x 222.1 x 16.9-17.9 mm (Dài x Rộng x Dày)""}, {""name"": ""Trọng lượng"", ""value"": ""1.43 kg""}], ""Tiện ích khác"": [{""name"": ""Tính năng đặc biệt"", ""value"": ""Wi-Fi 6""}], ""Tính năng khác"": [{""name"": ""Loại đèn bàn phím"", ""value"": ""Không có đèn nền""}, {""name"": ""Bảo mật"", ""value"": ""Firmware TPM 2.0 Enabled""}, {""name"": ""Webcam"", ""value"": ""HD 720p với màn trập camera""}, {""name"": ""Hệ điều hành"", ""value"": ""Windows 11 Home Single Language, English""}], ""Pin & công nghệ sạc"": [{""name"": ""Pin"", ""value"": ""60Wh (Đầu tròn 65W (3 chân))""}]}","[""https://cdn2.cellphones.com.vn/x/media/catalog/product/l/a/laptop_lenovo_ideapad_slim_3_14irh10_83k0000avn_-_1.png"", ""https://cdn2.cellphones.com.vn/x/media/catalog/product/l/a/laptop_lenovo_ideapad_slim_3_14irh10_83k0000avn_-_2.png"", ""https://cdn2.cellphones.com.vn/x/media/catalog/product/l/a/laptop_lenovo_ideapad_slim_3_14irh10_83k0000avn_-_3.png""]","{""product_color_1"": {""color"": ""Xám"", ""image_url"": ""https://cellphones.com.vn/laptop-lenovo-ideapad-slim-3-14irh10-83k0000avn.html?product_id=100679"", ""price"": ""18.590.000₫""}}"
Laptop Lenovo V14 G3 IAP 82TS00AYVN,laptop-lenovo-v14-g3-iap-82ts00ayvn,13.990.000đ,11.990.000đ,"Đặc điểm nổi bật
Laptop Lenovo V14 G3 IAP 82TS00AYVN trang bị chip Intel Core i5‑1235U thế hệ 12, kết hợp RAM 16GB và ổ SSD dung lượng đến 256GB giúp đa nhiệm mượt mà. Máy trang bị màn hình 14 inch Full HD, độ sáng 300 nits giúp hiển thị hình ảnh rõ ràng, chi tiết. Laptop Lenovo này hoạt động trên hệ điều hành Windows 11 mới và đầy đủ các cổng kết nối tiện lợi.
Nội dung chính
1. Laptop Lenovo V14 G3 IAP 82TS00AYVN - Vận hành mượt mà với vi xử lý Intel Core i5
1.1. Hiệu suất đa nhiệm mượt mà nhờ bộ nhớ RAM lớn
1.2. Thiết kế tối giản đi kèm gam màu xám tinh tế
1.3. Khả năng xử lý ấn tượng với chip Intel Core i5 đời mới
1.4. Thời lượng pin bền bỉ 38Wh, hỗ trợ cổng kết nối đa dạng
1.5. Màn hình 14 inches, tấm nền IPS hiển thị rõ nét
2. Mua laptop Lenovo V14 G3 IAP 82TS00AYVN chính hãng tại CellphoneS
Laptop Lenovo V14 G3 IAP 82TS00AYVN - Vận hành mượt mà với vi xử lý Intel Core i5
Laptop Lenovo V14 G3 IAP 82TS00AYVN là lựa chọn đáng cân nhắc cho những ai đang có nhu cầu học tập và làm việc hằng ngày. Kiểu dáng nhỏ gọn của sản phẩm laptop Lenovo V này cũng giúp người dùng thuận tiện mang theo đến bất cứ đâu mà không gây cồng kềnh khi di chuyển.
Hiệu suất đa nhiệm mượt mà nhờ bộ nhớ RAM lớn
Laptop Lenovo V14 G3 IAP 82TS00AYVN được trang bị 16GB RAM DDR4‑3200, cấu hình từ 8GB hàn trên bo mạch cộng thêm 8GB SO‑DIMM cho khả năng đa nhiệm mạnh mẽ. Với dung lượng RAM lớn, người dùng dễ dàng xử lý đa nhiệm mượt mà mà không bị giật, lag.
Bên cạnh đó, máy còn sở hữu ổ SSD 256GB chuẩn PCIe 3.0×4 NVMe, cho khả năng truy xuất dữ liệu nhanh chóng hơn nhiều so với ổ cứng HDD thông thường.
Thiết kế tối giản đi kèm gam màu xám tinh tế
Laptop Lenovo V14 G3 IAP 82TS00AYVN sở hữu thiết kế tinh giản với khung viền mỏng nhẹ, mang đến cảm giác thanh thoát. Máy sở hữu kiểu dáng gọn gàng, trọng lượng chỉ khoảng 1.43kg thích hợp để người dùng bỏ vào balo và dễ dàng mang theo đến bất cứ đâu.
Sản phẩm được hoàn thiện màu xám Iron Grey trang nhã, toát lên phong cách hiện đại và sang trọng, phù hợp cả môi trường văn phòng lẫn học tập. Vỏ ngoài được làm từ nhựa chất lượng cao, có độ hoàn thiện tốt và cảm giác cầm nắm chắc tay hơn trong quá trình sử dụng.
Khả năng xử lý ấn tượng với chip Intel Core i5 đời mới
Laptop Lenovo V14 G3 IAP 82TS00AYVN sử dụng bộ vi xử lý Intel Core i5‑1235U với 10 lõi, cho phép máy hoạt động linh hoạt khi xử lý đa nhiệm. Chip này sẽ cải thiện tốc độ xử lý, giúp máy vận hành ổn định khi thực hiện nhiều công việc cùng lúc. Sản phẩm là một lựa chọn phù hợp cho môi trường học tập, làm việc văn phòng và phải di chuyển thường xuyên.
Được tích hợp card đồ họa Intel Iris Xe Graphics, laptop hỗ trợ tốt các ứng dụng đồ họa nhẹ và chơi game ở mức cấu hình thấp. Iris Xe cải thiện rõ rệt trải nghiệm hình ảnh so với đồ họa tích hợp thế hệ trước giúp người dùng làm việc, học tập và giải trí luôn ổn định.
Thời lượng pin bền bỉ 38Wh, hỗ trợ cổng kết nối đa dạng
Sản phẩm được trang bị viên pin dung lượng lớn 38 Wh, mang lại thời lượng sử dụng dài lâu cho những tác vụ văn phòng nhẹ. Dung lượng pin này vẫn đủ đáp ứng nhu cầu di chuyển giữa các buổi học, họp hoặc làm việc ngắn trong ngày mà không cần sạc liên tục.
Laptop Lenovo V14 G3 IAP 82TS00AYVN có đầy đủ cổng kết nối gồm: USB 2.0, USB 3.2 Gen 1, USB-C 3.2 Gen 1 và DisplayPort, HDMI 1.4b, giắc cắm kết hợp tai nghe/micrô,...Sự đa dạng này giúp người dùng dễ dàng kết nối với máy chiếu, màn hình ngoài và phụ kiện như chuột, USB… mà không cần dùng đến hub, rất tiện lợi cho học tập và làm việc.
Ngoài ra, sản phẩm còn tích hợp hệ thống loa stereo công suất 1.5W x 2 chất lượng, hỗ trợ công nghệ âm thanh Dolby Audio™, mang lại trải nghiệm nghe rõ ràng và sống động. Nhờ khả năng tái tạo âm thanh tốt, chiếc máy này sẽ đáp ứng hiệu quả các nhu cầu giải trí cơ bản. Chẳng hạn như xem video, nghe nhạc hay gọi thoại trong không gian yên tĩnh.
Màn hình 14 inches, tấm nền IPS hiển thị rõ nét
Thiết bị sở hữu màn hình kích thước chuẩn 14 inch với tấm nền IPS Full HD, mang lại hình ảnh sắc nét và độ chính xác màu tốt. Nhờ tấm nền IPS, laptop Lenovo V14 này có khả năng hiển thị rõ nét ở nhiều góc nhìn khác nhau mà không sai lệch màu sắc. Đặc biệt, màn hình còn có độ sáng lên đến 300 nits, phù hợp sử dụng trong những môi trường có ánh sáng cao.
Laptop Lenovo V14 G3 IAP 82TS00AYVN được trang bị lớp phủ chống chói, giúp giảm hiện tượng phản xạ ánh sáng và hạn chế chói lóa khi sử dụng dưới nguồn sáng mạnh. Nhờ đó, người dùng có thể làm việc, học tập hoặc giải trí trong nhiều điều kiện ánh sáng khác nhau mà vẫn đảm bảo hình ảnh hiển thị rõ nét và không gây mỏi mắt khi sử dụng lâu.
Mua laptop Lenovo V14 G3 IAP 82TS00AYVN chính hãng tại CellphoneS
Nếu đang tìm kiếm một chiếc laptop bền bỉ, hiệu năng ổn định để học tập và làm việc, laptop Lenovo V14 G3 IAP 82TS00AYVN là lựa chọn đáng cân nhắc. Sản phẩm hiện đang được phân phối chính hãng tại hệ thống CellphoneS với mức giá vô cùng phải chăng.
Khi mua tại đây, khách hàng sẽ được hỗ trợ trả góp lãi suất 0%, giao hàng nhanh cùng nhiều khuyến mãi hấp dẫn. Nhanh chân đến cửa hàng CellphoneS gần nhất để mua sắm ngay!","{""Bộ xử lý & Đồ họa"": [{""name"": ""Loại card đồ họa"", ""value"": ""Intel Iris Xe Graphics""}, {""name"": ""Loại CPU"", ""value"": ""Intel Core i5-1235U, 10 lõi (2P + 8E) / 12 luồng, P-core 1.3 / 4.4GHz, E-core 0.9 / 3.3GHz, 12MB""}], ""Bộ nhớ RAM, Ổ cứng"": [{""name"": ""Dung lượng RAM"", ""value"": ""16GB""}, {""name"": ""Loại RAM"", ""value"": ""DDR4-3200""}, {""name"": ""Số khe ram"", ""value"": ""2 khe (8GB Onboard + 8GB SO-DIMM, tối đa 16GB)""}, {""name"": ""Ổ cứng"", ""value"": ""256GB SSD M.2 2242 PCIe 3.0x4 NVMe""}], ""Màn hình"": [{""name"": ""Chất liệu tấm nền"", ""value"": ""Tấm nền IPS""}, {""name"": ""Kích thước màn hình"", ""value"": ""14 inches""}, {""name"": ""Công nghệ màn hình"", ""value"": ""Độ sáng 300nits\nMàn hình chống chói""}, {""name"": ""Độ phân giải màn hình"", ""value"": ""1920 x 1080 pixels (FullHD)""}], ""Âm thanh"": [{""name"": ""Công nghệ âm thanh"", ""value"": ""Âm thanh độ nét cao (HD)\nBộ giải mã Realtek ALC3287\nLoa stereo, 1,5W x2\nDolby Audio""}], ""Kích thước & Trọng lượng"": [{""name"": ""Chất liệu"", ""value"": ""Vỏ nhựa""}, {""name"": ""Chất liệu vỏ trên"", ""value"": ""Nhựa""}, {""name"": ""Chất liệu vỏ dưới"", ""value"": ""Nhựa""}, {""name"": ""Kích thước"", ""value"": ""324 x 215 x 19.9 mm (Dài x Rộng x Dày)""}, {""name"": ""Trọng lượng"", ""value"": ""1.43 kg""}], ""Tính năng khác"": [{""name"": ""Bảo mật"", ""value"": ""Firmware TPM 2.0 Enabled""}, {""name"": ""Webcam"", ""value"": ""HD 720p với màn trập camera""}, {""name"": ""Hệ điều hành"", ""value"": ""Windows 11 Home Single Language, English""}], ""Pin & công nghệ sạc"": [{""name"": ""Pin"", ""value"": ""38Wh, 65W Round Tip (3-pin)""}], ""Cổng kết nối"": [{""name"": ""Wi-Fi"", ""value"": ""Wi-Fi 5, 802.11ac 2x2""}, {""name"": ""Bluetooth"", ""value"": ""Bluetooth 5.1""}, {""name"": ""Cổng giao tiếp"", ""value"": ""1x USB 2.0\n1x USB 3.2 Gen 1\n1x USB-C 3.2 Gen 1 (hỗ trợ truyền dữ liệu, Power Delivery (chỉ 20V) và DisplayPort 1.2)\n1x HDMI 1.4b\n1x giắc cắm kết hợp tai nghe/micrô (3.5mm)\n1x Ethernet (RJ-45)\n1x đầu nối nguồn""}]}","[""https://cdn2.cellphones.com.vn/x/media/catalog/product/l/a/laptop_lenovo_v14_g3_iap_82ts00ayvn_-_1.png"", ""https://cdn2.cellphones.com.vn/x/media/catalog/product/l/a/laptop_lenovo_v14_g3_iap_82ts00ayvn_-_2.png"", ""https://cdn2.cellphones.com.vn/x/media/catalog/product/l/a/laptop_lenovo_v14_g3_iap_82ts00ayvn_-_3.png""]","{""product_color_1"": {""color"": ""Xám"", ""image_url"": ""https://cellphones.com.vn/laptop-lenovo-v14-g3-iap-82ts00ayvn.html?product_id=106798"", ""price"": ""11.990.000₫""}}"
Laptop Lenovo IdeaPad Slim 3 14ARP10 83K6000AVN,laptop-lenovo-ideapad-slim-3-14arp10-83k6000avn,15.990.000đ,14.990.000đ,"Đặc điểm nổi bật
Laptop Lenovo IdeaPad Slim 3 14ARP10 83K6000AVN là mẫu ultrabook hiệu năng cao trang bị vi xử lý AMD Ryzen 5 7533HS và bộ nhớ RAM 16GB DDR5 tốc độ cao. Sản phẩm sở hữu màn hình 14 inch WUXGA sắc nét cùng ổ cứng SSD 512GB NVMe. Đặc biệt, thiết bị còn sở hữu thiết kế mỏng nhẹ và độ bền chuẩn quân đội MIL-STD-810H.
Nội dung chính
1. Laptop Lenovo IdeaPad Slim 3 14ARP10 83K6000AVN - Mỏng nhẹ di động, hiệu năng mạnh mẽ
1.1. Đa nhiệm mượt mà với RAM DDR5 và lưu trữ tốc độ cao
1.2. Thiết kế cao cấp, mỏng nhẹ và hiện đại
1.3. Hiệu năng mạnh mẽ từ CPU AMD Ryzen 5 HS-series
1.4. Pin dung lượng lớn và hệ thống cổng kết nối đa dạng
1.5. Màn hình WUXGA sắc nét với tỷ lệ khung hình chuẩn
2. Mua laptop Lenovo IdeaPad Slim 3 14ARP10 83K6000AVN chính hãng tại CellphoneS
Laptop Lenovo IdeaPad Slim 3 14ARP10 83K6000AVN - Mỏng nhẹ di động, hiệu năng mạnh mẽ
Slim 3 14ARP10 83K6000AVN là model laptop Lenovo Ideapad cao cấp sở hữu thiết kế linh hoạt và cấu hình phần cứng mạnh mẽ, tối ưu cho công việc và học tập. Những phân tích chi tiết dưới đây sẽ làm rõ giá trị cốt lõi mà sản phẩm này mang lại. 
Đa nhiệm mượt mà với RAM DDR5 và lưu trữ tốc độ cao
Với 16GB RAM DDR5, laptop Lenovo IdeaPad Slim 3 14ARP10 83K6000AVN cho phép xử lý đa nhiệm nhiều ứng dụng cùng lúc một cách trơn tru. Bộ nhớ này cung cấp băng thông vượt trội, mang lại trải nghiệm vận hành trơn tru và giảm thiểu đáng kể độ trễ. Khả năng nâng cấp tối đa lên đến 24GB còn mở ra tiềm năng hiệu suất lớn hơn trong tương lai.
Ổ cứng 512GB SSD M.2 NVMe chuẩn PCIe 4.0 mang lại tốc độ truy xuất dữ liệu cực nhanh. Thời gian khởi động hệ điều hành, mở phần mềm và truyền tải tập tin được rút ngắn đáng kể, nâng cao hiệu suất công việc.  
Thiết kế cao cấp, mỏng nhẹ và hiện đại
Laptop Lenovo IdeaPad Slim 3 14ARP10 83K6000AVN sở hữu thiết kế sang trọng với mặt trên được chế tác từ nhôm và xử lý bề mặt Anodized. Chất liệu này không chỉ mang lại vẻ ngoài cao cấp mà còn giúp tăng cường độ cứng cáp và hỗ trợ tản nhiệt tốt hơn. Lớp vỏ màu Xám Luna Grey tinh tế, phù hợp với môi trường từ học tập cho đến làm việc.
Với trọng lượng chỉ 1.43 kg và độ mỏng từ 16.9 mm, laptop có tính di động rất cao, dễ dàng bỏ vào balo và mang theo bên mình. Bàn di chuột Mylar kích thước lớn hỗ trợ đầy đủ các thao tác đa điểm của Precision TouchPad, mang lại trải nghiệm điều hướng chính xác và mượt mà. Kích thước tổng thể nhỏ gọn tối ưu cho việc di chuyển thường xuyên.
Hiệu năng mạnh mẽ từ CPU AMD Ryzen 5 HS-series
Laptop Lenovo IdeaPad Slim 3 14ARP10 83K6000AVN sở hữu sức mạnh từ vi xử lý AMD Ryzen 5 7533HS. Con chip 6 nhân 12 luồng và xung nhịp tối đa 4.45GHz này cung cấp hiệu năng mạnh mẽ cho tác vụ văn phòng, lập trình hay chỉnh sửa ảnh. Dòng chip HS-series tối ưu hiệu suất cho laptop mỏng nhẹ, đảm bảo sức mạnh mà vẫn tiết kiệm năng lượng.
Đồ họa tích hợp AMD Radeon 660M đáp ứng tốt các nhu cầu về giải trí và đồ họa cơ bản. Card đồ họa này đủ sức xử lý mượt mà các video độ phân giải cao, các ứng dụng thiết kế 2D và chơi các tựa game eSports phổ biến ở mức thiết lập phù hợp. Sự kết hợp giữa CPU và GPU tạo nên một hệ thống cân bằng, hiệu quả cho cả công việc và giải trí.
Pin dung lượng lớn và hệ thống cổng kết nối đa dạng
Laptop Lenovo IdeaPad Slim 3 14ARP10 83K6000AVN được trang bị viên pin dung lượng 60Wh. Dù thời gian thực tế sẽ thay đổi tùy thuộc vào tác vụ và cài đặt nhưng mức dung lượng pin lớn này đủ lớn để giúp người dùng tự tin làm việc, học tập ở bên ngoài. Đây là một lợi thế lý tưởng cho những ai thường xuyên làm việc ở nhiều địa điểm khác nhau.
Thiết bị được trang bị cổng kết nối vật lý đa dạng, đảm bảo tương thích tốt với nhiều loại phụ kiện và thiết bị ngoại vi phổ biến. Máy bao gồm một cổng USB-C 3.2 Gen 1 đa năng hỗ trợ sạc Power Delivery 3.0 và xuất hình ảnh DisplayPort 1.2. Bên cạnh đó là sự hiện diện của hai cổng USB-A 3.2 Gen 1, cổng HDMI 1.4, đầu đọc thẻ SD và jack cắm tai nghe 3.5mm.
Màn hình WUXGA sắc nét với tỷ lệ khung hình chuẩn
Màn hình 14 inch của laptop Lenovo IdeaPad Slim 3 14ARP10 83K6000AVN có độ phân giải WUXGA (1920x1200). Tỷ lệ khung hình chuẩn của máy cung cấp thêm không gian hiển thị theo chiều dọc, tối ưu cho việc đọc văn bản, lướt web hay làm việc. Viền màn hình mỏng giúp tỷ lệ màn hình so với thân máy đạt tới 90.1%, tạo ra một không gian làm việc rộng rãi và tập trung.
Công nghệ tấm nền IPS mang lại góc nhìn rộng và màu sắc trung thực, trong khi độ sáng 300 nits đảm bảo khả năng hiển thị rõ ràng ngay cả trong môi trường có ánh sáng phức tạp. Lớp phủ Anti-glare hạn chế màn hình bị bóng và giúp mắt đỡ mỏi khi nhìn lâu. Đây là những yếu tố quan trọng giúp nâng cao trải nghiệm và hiệu suất làm việc trong thời gian dài.
Mua laptop Lenovo IdeaPad Slim 3 14ARP10 83K6000AVN chính hãng tại CellphoneS
CellphoneS là địa chỉ uy tín để sở hữu laptop Lenovo IdeaPad Slim 3 14ARP10 83K6000AVN chính hãng với nhiều ưu đãi hấp dẫn. Sản phẩm được cam kết bảo hành chính hãng tại các trung tâm bảo hành ủy quyền. Đặc biệt, CellphoneS còn áp dụng chính sách 1 đổi 1 trong thời gian quy định nếu thiết bị phát sinh lỗi phần cứng từ nhà sản xuất. Liên hệ ngay với CellphoneS qua hotline để được tư vấn chi tiết và hỗ trợ nhanh chóng!","{""Bộ xử lý & Đồ họa"": [{""name"": ""Loại card đồ họa"", ""value"": ""AMD Radeon 660M Graphics""}, {""name"": ""Loại CPU"", ""value"": ""AMD Ryzen 5 7533HS (6 lõi / 12 luồng, 3.3 / 4.45GHz, 3MB L2 / 16MB L3)""}], ""Bộ nhớ RAM, Ổ cứng"": [{""name"": ""Dung lượng RAM"", ""value"": ""16GB""}, {""name"": ""Loại RAM"", ""value"": ""DDR5-4800""}, {""name"": ""Số khe ram"", ""value"": ""2 khe (8GB Onboard + 8GB SO-DIMM DDR5-4800, tối đa 24GB (8GB + 16GB))""}, {""name"": ""Ổ cứng"", ""value"": ""512GB SSD M.2 2242 PCIe 4.0x4 NVMe (Tối đa hai ổ đĩa, 2x SSD M.2 • SSD M.2 2242 lên đến 1TB)""}], ""Màn hình"": [{""name"": ""Chất liệu tấm nền"", ""value"": ""Tấm nền IPS""}, {""name"": ""Kích thước màn hình"", ""value"": ""14 inches""}, {""name"": ""Công nghệ màn hình"", ""value"": ""Độ sáng 300nits\nMàn hình chống chói\nĐộ phủ màu 45% NTSC""}, {""name"": ""Độ phân giải màn hình"", ""value"": ""1920 x 1200 pixels (WUXGA)""}], ""Âm thanh"": [{""name"": ""Công nghệ âm thanh"", ""value"": ""Âm thanh độ nét cao (HD)\nLoa stereo, 2W x2\nDolby Audio""}], ""Kích thước & Trọng lượng"": [{""name"": ""Chất liệu vỏ trên"", ""value"": ""Nhôm""}, {""name"": ""Chất liệu vỏ dưới"", ""value"": ""Nhựa""}, {""name"": ""Kích thước"", ""value"": ""314.4 x 222.1 x 16.9-17.9 mm (Dài x Rộng x Dày)""}, {""name"": ""Trọng lượng"", ""value"": ""1.43 kg""}], ""Tiện ích khác"": [{""name"": ""Tính năng đặc biệt"", ""value"": ""Wi-Fi 6""}], ""Tính năng khác"": [{""name"": ""Loại đèn bàn phím"", ""value"": ""Không có đèn nền""}, {""name"": ""Bảo mật"", ""value"": ""Microsoft Pluton TPM 2.0 Enabled""}, {""name"": ""Webcam"", ""value"": ""HD 720p với Màn trập camera""}, {""name"": ""Hệ điều hành"", ""value"": ""Windows 11 Home Single Language, English""}], ""Pin & công nghệ sạc"": [{""name"": ""Pin"", ""value"": ""60Wh, 65W Round Tip (3-pin)""}], ""Cổng kết nối"": [{""name"": ""Wi-Fi"", ""value"": ""Wi-Fi 6, 802.11ax 2x2""}, {""name"": ""Bluetooth"", ""value"": ""Bluetooth 5.3""}, {""name"": ""Cổng giao tiếp"", ""value"": ""2x USB-A (5Gbps / USB 3.2 Gen 1)\n1x USB-C (5Gbps / USB 3.2 Gen 1), với USB PD 3.0 và DisplayPort 1.2\n1x HDMI 1.4\n1x Giắc cắm kết hợp tai nghe/micrô (3.5mm)\n1x Đầu đọc thẻ SD\n1x Đầu nối nguồn""}]}","[""https://cdn2.cellphones.com.vn/x/media/catalog/product/l/a/laptop_lenovo_ideapad_slim_3_14arp10_83k6000avn_-_1.png"", ""https://cdn2.cellphones.com.vn/x/media/catalog/product/l/a/laptop_lenovo_ideapad_slim_3_14arp10_83k6000avn_-_2.png"", ""https://cdn2.cellphones.com.vn/x/media/catalog/product/l/a/laptop_lenovo_ideapad_slim_3_14arp10_83k6000avn_-_3.png""]","{""product_color_1"": {""color"": ""Xám"", ""image_url"": ""https://cellphones.com.vn/laptop-lenovo-ideapad-slim-3-14arp10-83k6000avn.html?product_id=111609"", ""price"": ""14.990.000₫""}}"
Laptop Lenovo Yoga Slim 7 14IMH9 83CV00AJVN,laptop-lenovo-yoga-slim-7-14imh9-83cv00ajvn,29.490.000đ,28.490.000đ,"Đặc điểm nổi bật
Laptop Lenovo Yoga Slim 7 14IMH9 83CV00AJVN được trang bị vi xử lý Intel Core Ultra 7 155H đi cùng ổ cứng SSD lên đến 1TB và bộ nhớ RAM dung lượng 32GB. Bên cạnh đó, mẫu laptop Lenovo này còn sở hữu màn hình 14 inch, tốc độ làm mới 60Hz. Mặt khác, dung lượng pin 65Wh cũng hỗ trợ máy vận hành liên tục trong thời gian dài.
Nội dung chính
1. Laptop Lenovo Yoga Slim 7 14IMH9 83CV00AJVN - Hiệu năng đỉnh cao
1.1. Tích hợp Intel AI Boost tiên tiến
1.2. RAM 32GB, ổ cứng thể rắn 1TB
1.3. Thiết kế mỏng nhẹ, màu đẹp
1.4. CPU mạnh mẽ, đồ họa Intel Arc
1.5. Pin 65Wh, cổng đa dạng
1.6. Màn hình rộng, tần số quét tốt
2. Mua laptop Lenovo Yoga Slim 7 14IMH9 83CV00AJVN giá tốt tại CellphoneS
Laptop Lenovo Yoga Slim 7 14IMH9 83CV00AJVN - Hiệu năng đỉnh cao
Lenovo Yoga Slim 7 14IMH9 83CV00AJVN là chiếc máy tính xách tay bền bỉ, chất lượng với các đặc điểm ưu trội. Mẫu laptop Lenovo AI này hứa hẹn sẽ đem đến trải nghiệm tuyệt vời cho người dùng.
Tích hợp Intel AI Boost tiên tiến
Laptop Lenovo Yoga Slim 7 14IMH9 83CV00AJVN tích hợp công nghệ Intel AI Boost vào phần cứng mang lại hiệu suất lên đến 11 TOPS. Thay vì chỉ phụ thuộc vào phần mềm, bộ xử lý AI chuyên biệt giúp xử lý các tác vụ trí tuệ nhân tạo nhanh và hiệu quả. Công nghệ này giúp kéo dài tuổi thọ pin bằng cách điều chỉnh năng lượng theo thời lượng sử dụng thực tế.
Máy có thể học hành vi người dùng, tối ưu hóa hiệu suất trong từng ứng dụng cụ thể, tự động điều chỉnh nhiệt độ, năng lượng và hiệu năng hệ thống theo thời gian thực. Công cụ học máy giúp đảm bảo quyền riêng tư mà vẫn đạt hiệu suất cao. Nhờ vậy, người dùng làm việc thông minh trên các ứng dụng với hiệu năng được cải thiện. 
RAM 32GB, ổ cứng thể rắn 1TB
Laptop Lenovo Yoga Slim 7 14IMH9 83CV00AJVN được trang bị RAM 32GB chuẩn LPDDR5x-7467. Băng thông xử lý được cải thiện giúp hỗ trợ đa nhiệm mượt mà dù đang sử dụng nhiều ứng dụng nặng. Với dung lượng này, việc xử lý đa tác vụ, mở hàng chục tab trình duyệt, chạy phần mềm đồ họa nặng hoặc giả lập trở nên mượt mà, hạn chế giật lag.
Hãng còn đầu tư cho thiết bị ổ cứng SSD M.2 dung lượng 1TB PCIe 4.0x4 NVMe, đem lại tốc độ cao. Đồng thời, linh kiện cũng hỗ trợ khởi động hệ điều hành và sao chép file lớn trong thời gian ngắn. Chuẩn PCIe 4.0 còn tối ưu hóa luồng công việc cho dân văn phòng, kỹ sư phần mềm hoặc nhà sáng tạo nội dung.
Thiết kế mỏng nhẹ, màu đẹp
Laptop Lenovo Yoga Slim 7 14IMH9 83CV00AJVN nổi bật với thiết kế thanh lịch và mỏng nhẹ. Chiếc laptop rất lý tưởng cho người dùng thường xuyên di chuyển mà vẫn muốn giữ phong cách và hiệu suất làm việc cao.
Phần khung máy được chế tác từ vật liệu cao cấp, mang lại cảm giác chắc chắn và thể hiện đẳng cấp của người sử dụng. Màu sắc của máy cũng là một điểm nhấn tinh tế, phù hợp với xu hướng tối giản, sang trọng.
CPU mạnh mẽ, đồ họa Intel Arc
Laptop Lenovo Yoga Slim 7 14IMH9 83CV00AJVN có bộ vi xử lý Intel Core Ultra 7 155H với kiến trúc 16 nhân và tổng cộng 22 luồng xử lý. Nhờ thiết kế này, máy đảm bảo hiệu năng vượt trội khi xử lý các tác vụ nặng, cũng như tối ưu điện năng khi thực hiện các chương trình cùng lúc. Đồng thời, máy tính có thể chạy các tựa game cấu hình trung bình mượt mà.
Đặc biệt, GPU Intel Arc đi kèm còn có khả năng xử lý những tác vụ văn phòng, hình ảnh, video hay dựng phim cơ bản. Card đồ hoạ này cũng hỗ trợ các API đồ họa hiện đại, nhằm tăng tốc phần cứng vượt trội cho các phần mềm sáng tạo.
Pin 65Wh, cổng đa dạng
Laptop Lenovo Yoga Slim 7 14IMH9 83CV00AJVN sở hữu viên pin dung lượng 65Wh, giúp máy hoạt động liên tục lên tùy theo mức cường độ sử dụng. Người dùng có thể mang theo laptop đi làm, học hoặc đi du lịch với hiệu suất hoạt động liền mạch.
Ngoài ra, laptop còn được trang bị cổng kết nối đủ để sử dụng với các thiết bị ngoại vi như màn hình ngoài, chuột, bàn phím, ổ cứng ngoài hoặc máy chiếu một cách dễ dàng. Nhờ đó, chiếc máy này có thể đáp ứng đa dạng nhu cầu khác nhau của người dùng. 
Màn hình rộng, tần số quét tốt
Laptop Lenovo Yoga Slim 7 14IMH9 83CV00AJVN sử dụng tấm nền OLED 14 inch với độ phân giải WUXGA 1920x1200 chất lượng. Cùng với đó, khung hình tỷ lệ 16:10 cho không gian hiển thị rộng rãi, phù hợp cho cả công việc văn phòng hay giải trí cơ bản. Màn hình của máy đạt chuẩn DisplayHDR True Black 500 cho phép thể hiện chi tiết rõ ràng, màu đen sâu.
Màn hình này đạt độ sáng 400 nits và hỗ trợ 100% dải màu DCI-P3 giúp tái hiện màu sắc sống động, tương phản hợp lý. Bên cạnh đó, công nghệ Dolby Vision và Eyesafe còn hạn chế ánh sáng xanh có hại cho mắt một cách hiệu quả. Ngoài ra, tần số quét 60Hz cũng thích hợp để đem đến chất lượng hiển thị tối ưu trong các khung hình chuyển động nhanh.
Mua laptop Lenovo Yoga Slim 7 14IMH9 83CV00AJVN giá tốt tại CellphoneS
Laptop Lenovo Yoga Slim 7 14IMH9 83CV00AJVN là lựa chọn tốt phổ thông với các tính năng hiện đại, thiết kế thời thượng cho dân văn phòng, sinh viên, học sinh. Sở hữu ngay mẫu laptop Lenovo  này với chất lượng chính hãng, giá phải chăng tại chi nhánh CellphoneS! Khi mua sắm, khách hàng sẽ nhận các chính sách ưu đãi hỗ trợ trả góp. Kèm theo đó là dịch vụ bảo hành đi kèm giúp người dùng an tâm hơn trong thời gian đầu sử dụng laptop.","{""Bộ xử lý & Đồ họa"": [{""name"": ""Chip AI"", ""value"": ""Intel AI Boost, up to 11 TOPS""}, {""name"": ""Loại card đồ họa"", ""value"": ""Intel Arc Graphics""}, {""name"": ""Loại CPU"", ""value"": ""Intel Core Ultra 7 155H, 16 lõi (6P + 8E + 2LPE) / 22 luồng, Max Turbo up to 4.8GHz, 24MB""}], ""Bộ nhớ RAM, Ổ cứng"": [{""name"": ""Dung lượng RAM"", ""value"": ""32GB""}, {""name"": ""Loại RAM"", ""value"": ""LPDDR5x-7467 Onboard""}, {""name"": ""Số khe ram"", ""value"": ""Không nâng cấp""}, {""name"": ""Ổ cứng"", ""value"": ""1TB SSD M.2 2242 PCIe 4.0x4 NVMe (Một ổ đĩa, tối đa 1TB M.2 2242 SSD)""}], ""Màn hình"": [{""name"": ""Tần số quét"", ""value"": ""60 Hz""}, {""name"": ""Chất liệu tấm nền"", ""value"": ""Tấm nền Oled""}, {""name"": ""Kích thước màn hình"", ""value"": ""14 inches""}, {""name"": ""Công nghệ màn hình"", ""value"": ""Độ sáng 400nits\nĐộ phủ màu 100% DCI-P3\nEyesafe\nDolby Vision\nDisplayHDR True Black 500""}, {""name"": ""Độ phân giải màn hình"", ""value"": ""1920 x 1200 pixels (WUXGA)""}], ""Âm thanh"": [{""name"": ""Công nghệ âm thanh"", ""value"": ""Âm thanh độ nét cao (HD)\nBộ giải mã Realtek ALC3306\nLoa stereo, 2W x4\nDolby Atmos\nBộ khuếch đại (AMP)""}], ""Kích thước & Trọng lượng"": [{""name"": ""Chất liệu"", ""value"": ""Vỏ kim loại""}, {""name"": ""Chất liệu vỏ màn hình"", ""value"": ""Nhôm""}, {""name"": ""Chất liệu vỏ trên"", ""value"": ""Nhôm""}, {""name"": ""Chất liệu vỏ dưới"", ""value"": ""Nhôm""}, {""name"": ""Kích thước"", ""value"": ""312 x 221 x 14.9 mm (Dài x Rộng x Dày)""}, {""name"": ""Trọng lượng"", ""value"": ""1.39 kg""}], ""Tiện ích khác"": [{""name"": ""Tính năng đặc biệt"", ""value"": ""Wi-Fi 6, Nhận diện khuôn mặt, Màn hình Oled""}], ""Tính năng khác"": [{""name"": ""Loại đèn bàn phím"", ""value"": ""Đèn nền, tiếng Anh""}, {""name"": ""Bảo mật"", ""value"": ""Firmware TPM 2.0\nCamera IR cho Windows Hello (nhận dạng khuôn mặt)""}, {""name"": ""Webcam"", ""value"": ""FHD 1080p + IR with E-shutter, ToF Sensor""}, {""name"": ""Hệ điều hành"", ""value"": ""Windows 11 Home Single Language, English + Microsoft 365 Basic + Office Home 2024""}], ""Pin & công nghệ sạc"": [{""name"": ""Pin"", ""value"": ""65Wh (65W USB-C Slim (Wall-mount))""}], ""Cổng kết nối"": [{""name"": ""Wi-Fi"", ""value"": ""Wi-Fi 6E, 802.11ax 2x2""}, {""name"": ""Bluetooth"", ""value"": ""Bluetooth 5.3""}, {""name"": ""Cổng giao tiếp"", ""value"": ""1x USB-A (5Gbps / USB 3.2 Gen 1), Luôn bật\n2x USB-C (Thunderbolt 4 / 40Gbps), với USB PD 3.1 và DisplayPort 1.4\n1x HDMI 2.1, lên đến 4K/60Hz\n1x giắc cắm kết hợp tai nghe / micrô (3.5 mm)""}]}","[""https://cdn2.cellphones.com.vn/x/media/catalog/product/l/a/laptop_lenovo_yoga_slim_7_14imh9_83cv00ajvn_-_1.png"", ""https://cdn2.cellphones.com.vn/x/media/catalog/product/l/a/laptop_lenovo_yoga_slim_7_14imh9_83cv00ajvn_-_2.png"", ""https://cdn2.cellphones.com.vn/x/media/catalog/product/l/a/laptop_lenovo_yoga_slim_7_14imh9_83cv00ajvn_-_3.png""]","{""product_color_1"": {""color"": ""Xám"", ""image_url"": ""https://cellphones.com.vn/laptop-lenovo-yoga-slim-7-14imh9-83cv00ajvn.html?product_id=106525"", ""price"": ""28.490.000₫""}}"
Laptop Lenovo IdeaPad Slim 3 14IAH8 83EQ0009VN,laptop-lenovo-ideapad-slim-3-14iah8-83eq0009vn,16.490.000đ,14.790.000đ,"Đặc điểm nổi bật
Laptop Lenovo IdeaPad Slim 3 14IAH8 83EQ0009VN được trang bị con chip Intel Core i5-12450H 8 nhân, 12 luồng cho tốc độ xung nhịp tối đa lên tới 4.40Hz. RAM máy chuẩn LPDDR5 dung lượng 16GB cùng bộ nhớ SSD M.2 1TB giúp chạy đa nhiệm trơn tru với không gian lưu trữ khổng lồ. Màn hình 14 inch FHD cùng độ sáng 300nits mang đến độ hiển thị sắc nét trong nhiều điều kiện ánh sáng khác nhau. Đặc biệt, thiết kế laptop Lenovo IdeaPad này vô cùng gọn nhẹ với trọng lượng chỉ 1.37 kg. 
Nội dung chính
1. Laptop Lenovo IdeaPad Slim 3 14IAH8 83EQ0009VN: đa nhiệm mượt mà, siêu linh hoạt
1.1. RAM 16GB thế hệ mới chạy đa nhiệm cực mượt 
1.2. Thiết kế chuẩn văn phòng - siêu gọn nhẹ
1.3. Bộ xử lý Core i5-12450H cho hiệu năng ấn tượng
1.4. Đa kết nối với các cổng thông dụng
1.5. Màn hình FHD hiển thị nội dung sắc nét 
2. Mua ngay laptop Lenovo IdeaPad Slim 3 14IAH8 83EQ0009VN giá tốt tại CellphoneS
Laptop Lenovo IdeaPad Slim 3 14IAH8 83EQ0009VN: đa nhiệm mượt mà, siêu linh hoạt
Laptop Lenovo Ideapad Slim 3 14IAH8 83EQ0009VN có thiết kế gọn nhẹ, trang nhã là sự lựa chọn lý tưởng cho học sinh, sinh viên hay dân văn phòng. Không những vậy, chiếc laptop tầm trung này còn ghi điểm nhờ trang bị cấu hình hiện đại cùng khả năng lưu trữ khủng. Sản phẩm có tính linh hoạt cao, dễ mang theo để phục vụ cho những buổi thuyết trình hay cuộc gặp mặt quan trọng.
RAM 16GB thế hệ mới chạy đa nhiệm cực mượt 
Laptop Lenovo IdeaPad Slim 3 14IAH8 83EQ0009VN sở hữu bộ RAM dung lượng 16GB chuẩn LPDDR5 cho phép truy cập dữ liệu nhanh hơn và xử lý đa nhiệm mượt mà. Đồng thời, dòng RAM thế hệ mới này còn hỗ trợ máy quản lý điện năng hiệu quả, nhờ đó, thời gian sử dụng IdeaPad Slim 3 được kéo dài và tốn ít năng lượng hơn. 
Bên cạnh đó, phiên bản IdeaPad Slim 3 này còn được trang bị ổ cứng SSD 1TB cung cấp không gian lưu trữ lớn và cho tốc độ đọc, ghi đáng kinh ngạc. Điều này giúp bạn tiết kiệm thời gian khi khởi động máy hoặc khi chờ mở tệp thư mục. 
Thiết kế chuẩn văn phòng - siêu gọn nhẹ
Laptop Lenovo IdeaPad Slim 3 14IAH8 83EQ0009VN được hoàn thiện bởi nhựa PC-ABS cao cấp với gam màu xám thanh lịch. Cùng với đó là kích thước máy nhỏ gọn 324.3*213.8*17.9mm và trọng lượng chỉ 1.37 kg để vừa nhiều loại balo và túi xách. Đây hứa hẹn sẽ là người trợ thủ đắc lực cho những ai thường xuyên phải đi xa và sử dụng laptop với tần suất cao.
Phần bản lề đặc trưng của dòng IdeaPad Slim 3 vẫn duy trì phong độ trên mẫu 14IAH8 83EQ0009VN với độ chắc chắn khi mở ra và gập lại. Tổng thể, máy mang đến cho người dùng một thiết kế linh hoạt, di động và thời trang. 
Bộ xử lý Core i5-12450H cho hiệu năng ấn tượng
Hiệu năng là điểm đáng ăn tiền ở chiếc laptop tầm trung nhà Lenovo này khi máy được trang bị con chip Intel Core i5-12450H với tốc độ xung nhịp lên đến 4.40Ghz. Điều này đảm bảo máy có thể xử lý tốt mọi tác vụ văn phòng cho tới hoạt động giải trí với các tựa game cơ thịnh hành hiện nay như LOL, PUBG mà không lo bị giật, lag. 
Đồng thời, máy tích hợp card đồ họa Intel UHD Graphics đáp ứng các tác vụ đồ hoạ thông thường một cách dễ dàng. Nếu nhu cầu đồ hoạ và giải trí chỉ ở mức trung bình, bạn không cần tốn thêm một khoản phí để lắp đặt thêm card rời. Do đó, IdeaPad Slim 3 14IAH8 83EQ0009VN chính là sự lựa chọn kinh tế và tiết kiệm cho người dùng phổ thông.
Đa kết nối với các cổng thông dụng
Mặc dù ở phân khúc giá trung cấp nhưng laptop Lenovo IdeaPad Slim 3 14IAH8 83EQ0009VN vẫn được nhà sản xuất trang bị đa dạng các cổng giao tiếp. Điển hình là USB type-A, USB type-C, Jack Audio 3.5, HDMI giúp kết nối thuận tiện hơn. Ngoài ra, đây cũng sẽ là sự lựa chọn lý tưởng cho những ai thường xuyên quay chụp và cần tải dữ liệu lên máy tính khi sản phẩm có tích hợp thêm đầu đọc SD Card rất tiện lợi.
Mặt khác, laptop Lenovo IdeaPad Slim 3 14IAH8 83EQ0009VN dùng pin 3 cells 47Wh. Điều này cho phép người dùng có thể xử lý các các tác vụ một cách liền mạch mà không cần phải cắm sạc liên tục, rất tiện khi làm việc ngoài trời.
Màn hình FHD hiển thị nội dung sắc nét 
IdeaPad Slim 3 14IAH8 83EQ0009VN sử dụng tấm nền công nghệ IPS có độ bền cao và duy trì màu sắc tốt với góc nhìn rộng hơn. Màn hình kích thước 14 inch cùng độ phân giải FHD (1920*1080) mang đến hình ảnh sắc nét và chân thực. Mức độ hiển thị của thiết bị ở mức khá, đáp ứng tốt nhu cầu làm việc, học tập và giải trí cơ bản với các nội dung giải trí như lướt web, cày phim của người dùng. 
Ngoài ra, màn hình máy có độ sáng ở mức tối đa là 300 nits - đây là độ sáng cao, được đánh giá là vượt bậc khi so sánh với các loại laptop bình dân. Đặc điểm này giúp bạn có thể dễ dàng theo dõi các nội dung trên IdeaPad Slim 3 14IAH8 83EQ0009VN ngay cả khi đang làm việc ngoài trời.
Mua ngay laptop Lenovo IdeaPad Slim 3 14IAH8 83EQ0009VN giá tốt tại CellphoneS
Laptop Lenovo IdeaPad Slim 3 14IAH8 83EQ0009VN không chỉ nhỏ gọn mà còn có hiệu năng vượt mong đợi ở mức giá tầm trung. Hãy đến ngay cửa hàng CellphoneS gần nhất để được tư vấn và sở hữu laptop Lenovo với giá tốt cùng bảo hành chính hãng 12 tháng. Ngoài ra, bạn có thể tham khảo các chương trình ưu đãi lên tới 2.5 triệu đồng khi mua sản phẩm Laptop Lenovo IdeaPad Slim 3 14IAH8 83EQ0009VN tại CellphoneS.","{""Bộ xử lý & Đồ họa"": [{""name"": ""Loại card đồ họa"", ""value"": ""Intel UHD Graphics""}, {""name"": ""Loại CPU"", ""value"": ""Intel Core i5-12450H (8 lõi (4P + 4E) / 12 luồng, P-core 2.0 / 4.4GHz, E-core 1.5 / 3.3GHz, 12MB)""}], ""Bộ nhớ RAM, Ổ cứng"": [{""name"": ""Dung lượng RAM"", ""value"": ""16GB""}, {""name"": ""Loại RAM"", ""value"": ""LPDDR5-4800 Onboard""}, {""name"": ""Số khe ram"", ""value"": ""Không hỗ trợ nâng cấp""}, {""name"": ""Ổ cứng"", ""value"": ""1TB SSD M.2 2242 PCIe 4.0x4 NVMe""}], ""Màn hình"": [{""name"": ""Chất liệu tấm nền"", ""value"": ""Tấm nền IPS""}, {""name"": ""Kích thước màn hình"", ""value"": ""14 inches""}, {""name"": ""Công nghệ màn hình"", ""value"": ""Màn hình chống chói\nĐộ sáng 300nits""}, {""name"": ""Độ phân giải màn hình"", ""value"": ""1920 x 1080 pixels (FullHD)""}], ""Âm thanh"": [{""name"": ""Công nghệ âm thanh"", ""value"": ""High Definition (HD) Audio\nLoa âm thanh nổi\n1.5W x2\nDolby Audio""}], ""Cổng kết nối"": [{""name"": ""Khe đọc thẻ nhớ"", ""value"": ""Có""}, {""name"": ""Wi-Fi"", ""value"": ""Wi-Fi 6, 11ax 2x2""}, {""name"": ""Bluetooth"", ""value"": ""Bluetooth 5.1""}, {""name"": ""Cổng giao tiếp"", ""value"": ""1x Đầu đọc thẻ\n1x HDMI 1.4\n1x Headphone / microphone combo jack (3.5mm)\n1x Đầu nối nguồn\n1x USB-C 3.2 Gen 1 (Truyền dữ liệu, sạc, Display Port 1.2)\n2x USB 3.2 Gen 1""}], ""Kích thước & Trọng lượng"": [{""name"": ""Chất liệu"", ""value"": ""Vỏ nhựa""}, {""name"": ""Kích thước"", ""value"": ""324.3 x 213.8 x 17.9 mm (W x D x H)""}, {""name"": ""Trọng lượng"", ""value"": ""1.37 kg""}], ""Tiện ích khác"": [{""name"": ""Tính năng đặc biệt"", ""value"": ""Wi-Fi 6, Bảo mật vân tay""}], ""Tính năng khác"": [{""name"": ""Bảo mật"", ""value"": ""Firmware TPM 2.0""}, {""name"": ""Webcam"", ""value"": ""FHD 1080p với màn trập camera""}, {""name"": ""Hệ điều hành"", ""value"": ""Windows 11 Home Single Language""}], ""Pin & công nghệ sạc"": [{""name"": ""Pin"", ""value"": ""47Wh""}]}","[""https://cdn2.cellphones.com.vn/x/media/catalog/product/l/a/laptop-lenovo-ideapad-slim-3-14iah8-83eq0009vn-10.png"", ""https://cdn2.cellphones.com.vn/x/media/catalog/product/t/e/text_ng_n_23__1_7.png"", ""https://cdn2.cellphones.com.vn/x/media/catalog/product/t/e/text_ng_n_25__1_8.png""]","{""product_color_1"": {""color"": ""Xám"", ""image_url"": ""https://cellphones.com.vn/laptop-lenovo-ideapad-slim-3-14iah8-83eq0009vn.html?product_id=71874"", ""price"": ""14.790.000₫""}}"
Laptop Lenovo 100E Gen 2 Celeron,laptop-lenovo-100e-gen-2-celeron,N/A,N/A,"Lenovo 100E Gen 2 Celeron là chiếc laptop mang đến thiết kế siêu nhỏ gọn, bền bỉ, đáp ứng nhu cầu sử dụng của nhiều người dùng. Cùng với cấu hình mạnh mẽ, dòng máy tính xách tay Lenovo này luôn chạy tốt các ứng dụng văn phòng, giúp bạn tối ưu được thời gian làm việc.
Nếu bạn đang tìm kiếm các mẫu laptop 12 inch thì Lenovo 100E Gen 2 Celeron chính là sự chọn lựa hoàn hảo. Dòng máy này còn được thiết kế với hệ thống màn hình rõ nét, giúp bảo vệ đôi mắt vượt trội cho nhiều người dùng.","{""Bộ xử lý & Đồ họa"": [{""name"": ""Loại card đồ họa"", ""value"": ""Intel UHD Graphics 600""}, {""name"": ""Loại CPU"", ""value"": ""Intel Celeron N4020 1.1 GHz (Tối đa 2.8 GHz, 2 nhân / 2 luồng, 4 MB Cache)""}], ""Bộ nhớ RAM, Ổ cứng"": [{""name"": ""Dung lượng RAM"", ""value"": ""4GB""}, {""name"": ""Loại RAM"", ""value"": ""4 GB, LPDDR4, 2400 MHz""}, {""name"": ""Ổ cứng"", ""value"": ""eMMC 64 GB""}], ""Màn hình"": [{""name"": ""Tần số quét"", ""value"": ""60Hz""}, {""name"": ""Chất liệu tấm nền"", ""value"": ""Tấm nền TN""}, {""name"": ""Kích thước màn hình"", ""value"": ""11.6 inches""}, {""name"": ""Công nghệ màn hình"", ""value"": ""LED\n250 nits\n100% DCI-P3""}, {""name"": ""Độ phân giải màn hình"", ""value"": ""1366 x 768 pixels""}], ""Kích thước & Trọng lượng"": [{""name"": ""Chất liệu"", ""value"": ""Vỏ nhựa""}, {""name"": ""Kích thước"", ""value"": ""290 x 204.7 x 19.9 mm""}, {""name"": ""Trọng lượng"", ""value"": ""1.21 kg""}], ""Tính năng khác"": [{""name"": ""Bảo mật"", ""value"": ""Mật khẩu""}, {""name"": ""Webcam"", ""value"": ""HD Webcam(720p Webcam)""}, {""name"": ""Hệ điều hành"", ""value"": ""Windows 10 Pro""}], ""Thông số khác"": [{""name"": ""Hãng sản xuất"", ""value"": ""Lenovo""}], ""Pin & công nghệ sạc"": [{""name"": ""Pin"", ""value"": ""3 Cell""}], ""Cổng kết nối"": [{""name"": ""Wi-Fi"", ""value"": ""802.11 ac""}, {""name"": ""Bluetooth"", ""value"": ""v5.1""}, {""name"": ""Cổng giao tiếp"", ""value"": ""1 Card reader\n1 HDMI\n1 Jack 3.5 mm\n1 Type C\n2 USB 3.0""}]}","[""https://cdn2.cellphones.com.vn/x/media/catalog/product/l/a/laptop_lenovo_100e_gen_2_celeron_1.png"", ""https://cdn2.cellphones.com.vn/x/media/catalog/product/2/_/2_219_2.png"", ""https://cdn2.cellphones.com.vn/x/media/catalog/product/5/_/5_176_2.png""]",{}
Laptop Lenovo Yoga Slim 7 Carbon 13IAP7 82U90044VN,laptop-lenovo-yoga-slim-7-carbon-13iap7-82u90044vn,N/A,N/A,"Đặc điểm nổi bật
Nội dung chính
1. Laptop Lenovo Yoga Slim 7 Carbon 13IAP7 82U90044VN – Chip set mạnh mẽ, ổn định
1.1. Thiết kế sang trọng, hiện đại
1.2. Chip set mạnh mẽ, ổn định
2. Mua laptop Lenovo Yoga Slim 7 Carbon 13IAP7 82U90044V giá rẻ tại CellphoneS
Laptop Lenovo Yoga Slim 7 Carbon 13IAP7 82U90044VN – Chip set mạnh mẽ, ổn định
Laptop Lenovo Yoga Slim 7 Carbon 13IAP7 82U90044VN có thiết kế ấn tượng và tính năng nổi trội. Người dùng đã đặt hàng từ lúc sản phẩm chưa tung ra thị trường, mới thấy được sức hút mà laptop này mang lại. Xem ngay thông tin hữu ích của laptop Lenovo Yoga trong bài viết sau đây!
Thiết kế sang trọng, hiện đại
Laptop Lenovo Yoga Slim 7 Carbon 13IAP7 82U90044VN có màu sắc hiện đại, lịch lãm, phù hợp với đa số người dùng bởi thiết kế dễ sử dụng với khách hàng đã từng dùng sản phẩm nhà Lenovo. Màn hình mỏng nhẹ, với chế độ chống chói và độ làm tươi cao, hạn chế chớp nháy khi sử dụng.
Máy có trọng lượng khá nhẹ chỉ 968g, có thể dễ dàng di chuyển từ nhà đến trường hay đến công sở mà không lo cồng kềnh, nặng nề. Kích thước vừa phải 300.98 x 206.03 x 14.8 mm. Chất liệu vỏ cao cấp, bền bỉ trong suốt quá trình sử dụng.
Chip set mạnh mẽ, ổn định
Laptop Lenovo Yoga Slim 7 Carbon 13IAP7 82U90044VN là chiếc laptop 13 inch được đánh giá cao từ người dùng nhờ hệ điều hành quen thuộc Windows 11. Thêm vào đó, chip set Intel Core i5 mạnh mẽ và giúp ổn định khi dùng cả ngày. Ngoài ra, sản phẩm còn có bộ nhớ khủng, lưu trữ nhiều tài liệu, app hay trò chơi hot nhất thời điểm hiện nay.
Người dùng có thể sử dụng sản phẩm nhiều giờ liền, với củ sạc nhanh khi sắp cạn pin, có thể nạp đầy để trở lại nhanh chóng.
Mua laptop Lenovo Yoga Slim 7 Carbon 13IAP7 82U90044V giá rẻ tại CellphoneS
Laptop Lenovo Yoga Slim 7 Carbon 13IAP7 82U90044VN hiện có bán tại các cửa hàng của CellphoneS, hàng chính hãng với giá tốt, nhân viên phục vụ chuyên nghiệp. Ngoài ra, người dùng còn có thể mua hàng trực tuyến, nhưng vẫn khuyến khích mua hàng trực tiếp để có trải nghiệm tốt nhất.","{""Bộ xử lý & Đồ họa"": [{""name"": ""Loại card đồ họa"", ""value"": ""Intel Iris Xe Graphics""}, {""name"": ""Loại CPU"", ""value"": ""Intel Core i5-1240P, 12 lõi/16 luồng, P-core 1.7/4.4GHz, E-core 1.2/3.3GHz, 12MB""}], ""Bộ nhớ RAM, Ổ cứng"": [{""name"": ""Dung lượng RAM"", ""value"": ""16GB""}, {""name"": ""Loại RAM"", ""value"": ""16GB Onboard LPDDR5 4800MHz""}, {""name"": ""Ổ cứng"", ""value"": ""512GB SSD M.2 2280 PCIe 4.0x4 NVMe\nCó thể tháo ra để nâng cấp tối đa 1TB""}], ""Màn hình"": [{""name"": ""Tần số quét"", ""value"": ""90H""}, {""name"": ""Chất liệu tấm nền"", ""value"": ""Tấm nền IPS""}, {""name"": ""Kích thước màn hình"", ""value"": ""13.3 inches""}, {""name"": ""Công nghệ màn hình"", ""value"": ""Độ sáng 400nits\nAnti-glare\nTần số quét 90Hz\nĐộ phủ màu 100% sRGB\nTÜV Low Blue Light\nEyesafe\nDolby Vision""}, {""name"": ""Độ phân giải màn hình"", ""value"": ""2560 x 1600 pixels (2K)""}], ""Âm thanh"": [{""name"": ""Công nghệ âm thanh"", ""value"": ""High Definition (HD) Audio\nRealtek ALC3287 codec\nLoa âm thanh nổi, 2W x2\nDolby Atmos\nAudio by Harman""}], ""Cổng kết nối"": [{""name"": ""Khe đọc thẻ nhớ"", ""value"": ""Không""}, {""name"": ""Wi-Fi"", ""value"": ""Wi-Fi 6E 11ax, 2x2""}, {""name"": ""Bluetooth"", ""value"": ""Bluetooth 5.1""}, {""name"": ""Cổng giao tiếp"", ""value"": ""1x USB-C 3.2 Gen 2 (Truyền dữ liệu, Power Delivery 3.0, DisplayPort 1.4)\n1x Thunderbolt 4 / USB4 40Gbps (Truyền dữ liệu, Power Delivery 3.0, DisplayPort 1.4)""}], ""Kích thước & Trọng lượng"": [{""name"": ""Chất liệu"", ""value"": ""Vỏ kim loại""}, {""name"": ""Kích thước"", ""value"": ""300.98 x 206.03 x 14.8 mm (W x D x H)""}, {""name"": ""Trọng lượng"", ""value"": ""968 g""}], ""Tiện ích khác"": [{""name"": ""Tính năng đặc biệt"", ""value"": ""Wi-Fi 6""}], ""Tính năng khác"": [{""name"": ""Loại đèn bàn phím"", ""value"": ""Có""}, {""name"": ""Bảo mật"", ""value"": ""Firmware TPM 2.0""}, {""name"": ""Webcam"", ""value"": ""ToF, HD 720p & IR với màn trập E-privacy""}, {""name"": ""Hệ điều hành"", ""value"": ""Windows 11 Home 64 Single Language""}], ""Pin & công nghệ sạc"": [{""name"": ""Pin"", ""value"": ""50Wh""}]}","[""https://cdn2.cellphones.com.vn/x/media/catalog/product/l/a/laptop_lenovo_yoga_slim_7_carbon_13iap7_82u90044vn.png"", ""https://cdn2.cellphones.com.vn/x/media/catalog/product/4/3/43_1_61_1.jpg"", ""https://cdn2.cellphones.com.vn/x/media/catalog/product/4/2/42_1_58_1.jpg""]",{}
Laptop Lenovo Thinkbook 14 G2 ARE,laptop-lenovo-thinkbook-14-g2-are,N/A,N/A,,"{""Bộ xử lý & Đồ họa"": [{""name"": ""Loại card đồ họa"", ""value"": ""AMD Radeon Graphics""}, {""name"": ""Loại CPU"", ""value"": ""AMD Ryzen 7 4700U 2.00 GHz (tối đa 4.10 GHz) / 8 nhân / 8 luồng / 8 MB""}], ""Bộ nhớ RAM, Ổ cứng"": [{""name"": ""Dung lượng RAM"", ""value"": ""8GB""}, {""name"": ""Loại RAM"", ""value"": ""DDR4 3200 MHz, hỗ trợ tối đa 32GB""}, {""name"": ""Số khe ram"", ""value"": ""1 khe trống""}, {""name"": ""Ổ cứng"", ""value"": ""SSD 512 GB M2. PCIe""}], ""Màn hình"": [{""name"": ""Tần số quét"", ""value"": ""60 Hz""}, {""name"": ""Chất liệu tấm nền"", ""value"": ""Tấm nền IPS""}, {""name"": ""Kích thước màn hình"", ""value"": ""14 inches""}, {""name"": ""Công nghệ màn hình"", ""value"": ""IPS LCD LED Backlit, True Tone 60 Hz, 250 nits, 45% NTSC""}, {""name"": ""Độ phân giải màn hình"", ""value"": ""1920 x 1080 pixels (FullHD)""}], ""Âm thanh"": [{""name"": ""Công nghệ âm thanh"", ""value"": ""Dolby Audio""}], ""Cổng kết nối"": [{""name"": ""Khe đọc thẻ nhớ"", ""value"": ""Có""}, {""name"": ""Wi-Fi"", ""value"": ""802.11 ax""}, {""name"": ""Bluetooth"", ""value"": ""v5.1""}], ""Tính năng khác"": [{""name"": ""Loại đèn bàn phím"", ""value"": ""6-row, multimedia Fn keys""}, {""name"": ""Bảo mật"", ""value"": ""HD Webcam (720p Webcam)""}, {""name"": ""Webcam"", ""value"": ""HD Webcam (720p Webcam)""}, {""name"": ""Hệ điều hành"", ""value"": ""Windows 10 Home""}], ""Thông số khác"": [{""name"": ""Hãng sản xuất"", ""value"": ""Lenovo""}], ""Pin & công nghệ sạc"": [{""name"": ""Pin"", ""value"": ""45W Lithium polyme""}], ""Kích thước & Trọng lượng"": [{""name"": ""Kích thước"", ""value"": ""323 x 217.5 x 17.9""}, {""name"": ""Trọng lượng"", ""value"": ""1.4""}]}","[""https://cdn2.cellphones.com.vn/x/media/catalog/product/l/a/laptop_lenovo_thinkbook_14_g2_are.png"", ""https://cdn2.cellphones.com.vn/x/media/catalog/product/2/_/2_243.png"", ""https://cdn2.cellphones.com.vn/x/media/catalog/product/4/_/4_210.png""]",{}
Laptop Lenovo Ideapad 5 14ITL05 82FG0129VN,laptop-lenovo-ideapad-5-14itl05-82fg0129vn,N/A,N/A,,"{""Bộ xử lý & Đồ họa"": [{""name"": ""Loại card đồ họa"", ""value"": ""Intel Iris Xe Graphics""}, {""name"": ""Loại CPU"", ""value"": ""Intel Core i5 1135G7""}], ""Bộ nhớ RAM, Ổ cứng"": [{""name"": ""Dung lượng RAM"", ""value"": ""8GB""}, {""name"": ""Loại RAM"", ""value"": ""DDR4 3200 MHz""}, {""name"": ""Ổ cứng"", ""value"": ""512GB SSD""}], ""Màn hình"": [{""name"": ""Chất liệu tấm nền"", ""value"": ""Tấm nền IPS""}, {""name"": ""Kích thước màn hình"", ""value"": ""15.6 inches""}, {""name"": ""Công nghệ màn hình"", ""value"": ""IPS LCD LED Backlit, True Tone, 60 Hz, 300 nits, 45% NTSC""}, {""name"": ""Độ phân giải màn hình"", ""value"": ""1920 x 1080 pixels (FullHD)""}], ""Âm thanh"": [{""name"": ""Công nghệ âm thanh"", ""value"": ""2 loa Dolby Audio""}], ""Tính năng khác"": [{""name"": ""Loại đèn bàn phím"", ""value"": ""LED""}, {""name"": ""Webcam"", ""value"": ""HD Webcam (720p Webcam)""}, {""name"": ""Hệ điều hành"", ""value"": ""Windows 10 Home""}], ""Thông số khác"": [{""name"": ""Hãng sản xuất"", ""value"": ""Lenovo""}], ""Pin & công nghệ sạc"": [{""name"": ""Pin"", ""value"": ""3 Cell Lithium polymer 45 W""}], ""Kích thước & Trọng lượng"": [{""name"": ""Kích thước"", ""value"": ""356.67 x 233.13 x 17.9""}, {""name"": ""Trọng lượng"", ""value"": ""1.66 kg""}], ""Cổng kết nối"": [{""name"": ""Wi-Fi"", ""value"": ""802.11 ax""}, {""name"": ""Bluetooth"", ""value"": ""v5.1""}]}","[""https://cdn2.cellphones.com.vn/x/media/catalog/product/1/_/1_349.png"", ""https://cdn2.cellphones.com.vn/x/media/catalog/product/2/_/2_328.png"", ""https://cdn2.cellphones.com.vn/x/media/catalog/product/5/_/5_242.png""]",{}
Laptop Lenovo Ideapad 5 15IIL05 81YK004WVN,laptop-lenovo-ideapad-5-15iil05-81yk004wvn,N/A,N/A,,"{""Bộ xử lý & Đồ họa"": [{""name"": ""Loại card đồ họa"", ""value"": ""Intel UHD Graphics""}, {""name"": ""Loại CPU"", ""value"": ""Intel Core i5 Ice Lake - 1035G1""}], ""Bộ nhớ RAM, Ổ cứng"": [{""name"": ""Dung lượng RAM"", ""value"": ""8GB""}, {""name"": ""Loại RAM"", ""value"": ""DDR4 3200 MHz""}, {""name"": ""Ổ cứng"", ""value"": ""SSD 256GB M.2 NVMe""}], ""Màn hình"": [{""name"": ""Chất liệu tấm nền"", ""value"": ""Tấm nền IPS""}, {""name"": ""Kích thước màn hình"", ""value"": ""15.6 inches""}, {""name"": ""Công nghệ màn hình"", ""value"": ""Tấm nền IPS, 60Hz""}, {""name"": ""Độ phân giải màn hình"", ""value"": ""1920 x 1080 pixels (FullHD)""}], ""Âm thanh"": [{""name"": ""Công nghệ âm thanh"", ""value"": ""Dolby Audio Premium""}], ""Cổng kết nối"": [{""name"": ""Khe đọc thẻ nhớ"", ""value"": ""Có""}, {""name"": ""Wi-Fi"", ""value"": ""802.11 a/b/g/n/ac""}, {""name"": ""Bluetooth"", ""value"": ""v5.0""}, {""name"": ""Cổng giao tiếp"", ""value"": ""USB Type-C (Power Delivery and DisplayPort)\nHDMI\n2 x USB 3.0""}], ""Kích thước & Trọng lượng"": [{""name"": ""Chất liệu"", ""value"": ""Vỏ nhựa""}, {""name"": ""Kích thước"", ""value"": ""357.4 - 233.17 - 17.9 mm""}, {""name"": ""Trọng lượng"", ""value"": ""1.7 Kg""}], ""Tiện ích khác"": [{""name"": ""Tính năng đặc biệt"", ""value"": ""Bảo mật vân tay""}], ""Tính năng khác"": [{""name"": ""Loại đèn bàn phím"", ""value"": ""Có""}, {""name"": ""Bảo mật"", ""value"": ""Bảo mật vân tay\nCông tắc khóa camera""}, {""name"": ""Webcam"", ""value"": ""HD webcam""}, {""name"": ""Hệ điều hành"", ""value"": ""Windows 10 Home SL""}], ""Thông số khác"": [{""name"": ""Hãng sản xuất"", ""value"": ""Lenovo""}], ""Pin & công nghệ sạc"": [{""name"": ""Pin"", ""value"": ""3-cell 45 Wh Li-ion""}]}","[""https://cdn2.cellphones.com.vn/x/media/catalog/product/l/a/laptop_lenovo_ideapad_5_15iil05_81yk004wvn.png"", ""https://cdn2.cellphones.com.vn/x/media/catalog/product/1/_/1_350.png"", ""https://cdn2.cellphones.com.vn/x/media/catalog/product/3/_/3_297.png""]",{}
Laptop Lenovo Gaming Legion 5 15IMH05 82AU00G9VN,laptop-lenovo-gaming-legion-5-15imh05-82au00g9vn,N/A,N/A,,"{""Bộ xử lý & Đồ họa"": [{""name"": ""Loại card đồ họa"", ""value"": ""NVIDIA GeForce GTX 1650Ti 4GB GDDR6\nIntel UHD Graphics""}, {""name"": ""Loại CPU"", ""value"": ""Intel Core i7-10750H (2.6 GHz - 5.0 GHz / 12MB / 6 nhân, 12 luồng)""}], ""Bộ nhớ RAM, Ổ cứng"": [{""name"": ""Dung lượng RAM"", ""value"": ""16GB""}, {""name"": ""Loại RAM"", ""value"": ""DDR4 3200MHz""}, {""name"": ""Số khe ram"", ""value"": ""2 Khe cắm, hỗ trợ tối đa 32GB""}, {""name"": ""Ổ cứng"", ""value"": ""512GB SSD M.2 NVMe""}], ""Màn hình"": [{""name"": ""Chất liệu tấm nền"", ""value"": ""Tấm nền IPS""}, {""name"": ""Kích thước màn hình"", ""value"": ""15.6 inches""}, {""name"": ""Độ phân giải màn hình"", ""value"": ""1920 x 1080 pixels (FullHD)""}], ""Tiện ích khác"": [{""name"": ""Tính năng đặc biệt"", ""value"": ""Wi-Fi 6""}], ""Tính năng khác"": [{""name"": ""Loại đèn bàn phím"", ""value"": ""RGB""}, {""name"": ""Webcam"", ""value"": ""HD webcam""}, {""name"": ""Hệ điều hành"", ""value"": ""Windows 10 Home SL""}], ""Pin & công nghệ sạc"": [{""name"": ""Pin"", ""value"": ""4 cell 60 Wh""}], ""Kích thước & Trọng lượng"": [{""name"": ""Kích thước"", ""value"": ""36.3 x 25.9 x 2.35 cm""}, {""name"": ""Trọng lượng"", ""value"": ""2.3 kg""}], ""Cổng kết nối"": [{""name"": ""Wi-Fi"", ""value"": ""WiFi 802.11ax (Wifi 6)""}, {""name"": ""Bluetooth"", ""value"": ""Bluetooth 5.0""}, {""name"": ""Cổng giao tiếp"", ""value"": ""1x USB Type C\n4 x USB 3.1\nLAN 1 Gb/s\n1 x HDMI""}]}","[""https://cdn2.cellphones.com.vn/x/media/catalog/product/4/_/4_33_5.png"", ""https://cdn2.cellphones.com.vn/x/media/catalog/product/l/a/laptop_lenovo_gaming_legion_5_15imh05_82au00g9vn_1.png"", ""https://cdn2.cellphones.com.vn/x/media/catalog/product/2/_/2_54_6.png""]",{}
Laptop Lenovo IdeaPad Slim 3 14ARP10 83K600A7VN,laptop-lenovo-ideapad-slim-3-14arp10-83k600a7vn,N/A,N/A,,"{""Bộ xử lý & Đồ họa"": [{""name"": ""Loại card đồ họa"", ""value"": ""AMD Radeon 680M Graphics""}, {""name"": ""Loại CPU"", ""value"": ""AMD Ryzen 7 7735HS (8 lõi / 16 luồng, 3.2 / 4.75GHz, 4MB L2 / 16MB L3)""}], ""Bộ nhớ RAM, Ổ cứng"": [{""name"": ""Dung lượng RAM"", ""value"": ""16GB""}, {""name"": ""Loại RAM"", ""value"": ""DDR5-4800""}, {""name"": ""Số khe ram"", ""value"": ""2 khe (8GB Soldered + 8GB SODIMM DDR5-4800, nâng cấp tối đa 24GB (8GB soldered + 16GB SODIMM))""}, {""name"": ""Ổ cứng"", ""value"": ""512GB SSD M.2 2242 PCIe 4.0x4 NVMe (Hai khe cắm M.2 2242 PCIe 4.0 x4, tối đa 1TB)""}], ""Màn hình"": [{""name"": ""Chất liệu tấm nền"", ""value"": ""Tấm nền IPS""}, {""name"": ""Kích thước màn hình"", ""value"": ""14 inches""}, {""name"": ""Công nghệ màn hình"", ""value"": ""Độ sáng 300nits\nMàn hình chống chói\nĐộ phủ màu 45% NTSC""}, {""name"": ""Độ phân giải màn hình"", ""value"": ""1920 x 1200 pixels (WUXGA)""}], ""Âm thanh"": [{""name"": ""Công nghệ âm thanh"", ""value"": ""Âm thanh độ nét cao (HD)\nLoa âm thanh nổi, 2W x2\nDolby Audio""}], ""Cổng kết nối"": [{""name"": ""Khe đọc thẻ nhớ"", ""value"": ""Có""}, {""name"": ""Wi-Fi"", ""value"": ""Wi-Fi 6, 802.11ax 2x2""}, {""name"": ""Bluetooth"", ""value"": ""Bluetooth 5.3""}, {""name"": ""Cổng giao tiếp"", ""value"": ""2 x USB-A (USB 3.2 Gen 1, 5Gbps)\n1 x USB-C (USB 3.2 Gen 1, 5Gbps, PD 45–65W, DisplayPort 1.2)\n1 x HDMI 1.4\n1 x Jack tai nghe/mic 3.5 mm\n1 x Khe thẻ SD\n1 x Cổng nguồn tròn""}], ""Kích thước & Trọng lượng"": [{""name"": ""Chất liệu"", ""value"": ""Vỏ nhựa - nắp lưng kim loại""}, {""name"": ""Chất liệu vỏ trên"", ""value"": ""Nhôm""}, {""name"": ""Chất liệu vỏ dưới"", ""value"": ""Nhựa""}, {""name"": ""Kích thước"", ""value"": ""314.4 x 222.1 x 16.9-17.9 mm (Dài x Rộng x Dày)""}, {""name"": ""Trọng lượng"", ""value"": ""1.39 kg""}], ""Tiện ích khác"": [{""name"": ""Tính năng đặc biệt"", ""value"": ""Wi-Fi 6, Nhận diện khuôn mặt""}], ""Tính năng khác"": [{""name"": ""Loại đèn bàn phím"", ""value"": ""Không có đèn nền""}, {""name"": ""Bảo mật"", ""value"": ""Firmware TPM 2.0 Enabled""}, {""name"": ""Webcam"", ""value"": ""FHD 1080p + Hồng ngoại với màn trập camera""}, {""name"": ""Hệ điều hành"", ""value"": ""Windows 11 Home Single Language, English""}], ""Pin & công nghệ sạc"": [{""name"": ""Pin"", ""value"": ""50Wh, 65W Round Tip (3-pin)""}]}","[""https://cdn2.cellphones.com.vn/x/media/catalog/product/l/a/laptop_lenovo_ideapad_slim_3_14arp10_83k600a7vn_-_1.png"", ""https://cdn2.cellphones.com.vn/x/media/catalog/product/l/a/laptop_lenovo_ideapad_slim_3_14arp10_83k600a7vn_-_2.png"", ""https://cdn2.cellphones.com.vn/x/media/catalog/product/l/a/laptop_lenovo_ideapad_slim_3_14arp10_83k600a7vn_-_3.png""]","{""product_color_1"": {""color"": ""Xám"", ""image_url"": ""https://cellphones.com.vn/laptop-lenovo-ideapad-slim-3-14arp10-83k600a7vn.html?product_id=129037"", ""price"": ""21.990.000₫""}}"
Laptop Lenovo Thinkpad X1 Carbon 7 20R1S01N00,laptop-lenovo-thinkpad-x1-carbon7-20r1s01n00,N/A,N/A,,"{""Bộ xử lý & Đồ họa"": [{""name"": ""Loại card đồ họa"", ""value"": ""Integrated Intel® UHD Graphics""}, {""name"": ""Loại CPU"", ""value"": ""10th Generation Intel\nCore I7-10510U Processor with vPro™ (1.80GHz upto 4.90GHz, 8MB, 4 nhân/8 luồng)""}], ""Bộ nhớ RAM, Ổ cứng"": [{""name"": ""Dung lượng RAM"", ""value"": ""8GB""}, {""name"": ""Loại RAM"", ""value"": ""LPDDR3 2133MHz""}, {""name"": ""Ổ cứng"", ""value"": ""256GB NVMe M.2 Solid State Drive""}], ""Màn hình"": [{""name"": ""Chất liệu tấm nền"", ""value"": ""Tấm nền IPS""}, {""name"": ""Kích thước màn hình"", ""value"": ""14 inches""}, {""name"": ""Công nghệ màn hình"", ""value"": ""IPS\nanti-glare\n300 nits""}, {""name"": ""Độ phân giải màn hình"", ""value"": ""2560 x 1440 pixels""}], ""Tính năng khác"": [{""name"": ""Webcam"", ""value"": ""720p HD Camera""}, {""name"": ""Hệ điều hành"", ""value"": ""Windows 10 Pro""}], ""Thông số khác"": [{""name"": ""Hãng sản xuất"", ""value"": ""Lenovo""}], ""Pin & công nghệ sạc"": [{""name"": ""Pin"", ""value"": ""4 cell 51Wh""}], ""Kích thước & Trọng lượng"": [{""name"": ""Kích thước"", ""value"": ""323 x 217 x 14.95 (mm)""}, {""name"": ""Trọng lượng"", ""value"": ""1.08 kg""}], ""Cổng kết nối"": [{""name"": ""Wi-Fi"", ""value"": ""Intel Dual-Band 9560 802.11 AC (2 x 2)\nWWAN Fibocom L850-GL 4G LTE""}, {""name"": ""Bluetooth"", ""value"": ""v5.0""}, {""name"": ""Cổng giao tiếp"", ""value"": ""2 x USB 3.1 (Gen 2) Type-C / Intel Thunderbolt™ 3 (DisplayPort, Data transfer)\n2 x USB 3.1 (Gen 1)** (1 luôn bật)\n1 x HDMI 1.4\n1x Headphone / mic combo""}]}","[""https://cdn2.cellphones.com.vn/x/media/catalog/product/l/a/laptop_lenovo_thinkpad_x1_carbon_7_20r1s01n00.png"", ""https://cdn2.cellphones.com.vn/x/media/catalog/product/4/_/4_28_2.png"", ""https://cdn2.cellphones.com.vn/x/media/catalog/product/1/_/1_68_3.png""]",{}
Laptop Lenovo ThinkPad E15 20RDS0DU00,laptop-lenovo-thinkpad-e15-20rds0du00,N/A,N/A,,"{""Bộ xử lý & Đồ họa"": [{""name"": ""Loại card đồ họa"", ""value"": ""AMD Radeon RX 640 2GB GDDR5""}, {""name"": ""Loại CPU"", ""value"": ""Intel® Core™ i7-10510U (1.80GHz upto 4.90GHz, 8MB cache, 4 cores 8 threads)""}], ""Bộ nhớ RAM, Ổ cứng"": [{""name"": ""Dung lượng RAM"", ""value"": ""8GB""}, {""name"": ""Loại RAM"", ""value"": ""DDR4 2666MHz""}, {""name"": ""Số khe ram"", ""value"": ""1 slots, tối đa 16GB""}, {""name"": ""Ổ cứng"", ""value"": ""512GB SSD PCIe (M.2 2242) – combo M.2 2242/ 2280""}], ""Màn hình"": [{""name"": ""Chất liệu tấm nền"", ""value"": ""Tấm nền IPS""}, {""name"": ""Kích thước màn hình"", ""value"": ""15.6 inches""}, {""name"": ""Công nghệ màn hình"", ""value"": ""Chống chói""}, {""name"": ""Độ phân giải màn hình"", ""value"": ""1920 x 1080 pixels (FullHD)""}], ""Tính năng khác"": [{""name"": ""Webcam"", ""value"": ""HD Webcamera""}, {""name"": ""Hệ điều hành"", ""value"": ""FreeDOS""}], ""Thông số khác"": [{""name"": ""Hãng sản xuất"", ""value"": ""Lenovo""}], ""Pin & công nghệ sạc"": [{""name"": ""Pin"", ""value"": ""3Cell, 45Wh""}], ""Kích thước & Trọng lượng"": [{""name"": ""Kích thước"", ""value"": ""36.8 x 24.5 x 1.89 cm""}, {""name"": ""Trọng lượng"", ""value"": ""1.8 kg""}], ""Cổng kết nối"": [{""name"": ""Wi-Fi"", ""value"": ""802.11 ax""}, {""name"": ""Bluetooth"", ""value"": ""v5.0""}, {""name"": ""Cổng giao tiếp"", ""value"": ""1 x USB 2.0\n2 x USB 3.1 Gen 1 Type-A\n1 x USB 3.1 Type-C\n1xHDMI\n1 x Headphone/Microphone combo jack""}]}","[""https://cdn2.cellphones.com.vn/x/media/catalog/product/l/a/laptop_lenovo_thinkpad_e15_20rds0du00q.png"", ""https://cdn2.cellphones.com.vn/x/media/catalog/product/4/_/4_45.jpg"", ""https://cdn2.cellphones.com.vn/x/media/catalog/product/2/_/2_69.jpg""]",{}
Laptop Lenovo Yoga Pro 7 15IPH11 83SN000BVN,laptop-lenovo-yoga-pro-7-15iph11-83sn000bvn,N/A,N/A,,"{""Bộ xử lý & Đồ họa"": [{""name"": ""Chip AI"", ""value"": ""Up to 50 TOPS""}, {""name"": ""Loại card đồ họa"", ""value"": ""NVIDIA GeForce RTX 5050 8GB GDDR7""}, {""name"": ""Loại CPU"", ""value"": ""Intel Core Ultra 7 356H, 16 lõi (4P + 8E + 4LPE) / 16 luồng, Max Turbo up to 4.7GHz, 18MB Intel Smart Cache""}], ""Bộ nhớ RAM, Ổ cứng"": [{""name"": ""Dung lượng RAM"", ""value"": ""32GB""}, {""name"": ""Loại RAM"", ""value"": ""Soldered LPDDR5X-8533""}, {""name"": ""Số khe ram"", ""value"": ""Không nâng cấp""}, {""name"": ""Ổ cứng"", ""value"": ""1TB SSD M.2 2242 PCIe 4.0x4 NVMe (Tối đa hai ổ đĩa, 2 ổ SSD M.2, dung lượng lên đến 2TB)""}], ""Màn hình"": [{""name"": ""Tần số quét"", ""value"": ""165 Hz""}, {""name"": ""Chất liệu tấm nền"", ""value"": ""Tấm nền Oled""}, {""name"": ""Kích thước màn hình"", ""value"": ""15.3 inches""}, {""name"": ""Công nghệ màn hình"", ""value"": ""Độ sáng 500 nits (typical), 1100 nits (peak)\nĐộ phủ màu 100% DCI-P3, 100% sRGB, 100% Adobe RGB\nEyesafe\nDolby Vision\nG-SYNC\nFlicker Free\nDisplayHDR True Black 1000\nHiệu chuẩn màu X-Rite\nPureSight Pro""}, {""name"": ""Độ phân giải màn hình"", ""value"": ""2560 x 1600 (WQXGA)""}], ""Âm thanh"": [{""name"": ""Công nghệ âm thanh"", ""value"": ""SoundWire, codec Realtek ALC3347\nHệ thống 4 loa stereo (2W x2 woofer, 2W x2 tweeter)\nDolby Atmos\nSmart Amplifier (AMP)""}], ""Cổng kết nối"": [{""name"": ""Khe đọc thẻ nhớ"", ""value"": ""Có""}, {""name"": ""Wi-Fi"", ""value"": ""Wi-Fi 7, 802.11be 2x2""}, {""name"": ""Bluetooth"", ""value"": ""Bluetooth 5.4""}, {""name"": ""Cổng giao tiếp"", ""value"": ""1 x USB-A (10Gbps, Always On)\n1 x USB-A (10Gbps)\n2 x Thunderbolt 4 (PD 65–100W, DisplayPort 2.1)\n1 x HDMI 2.1 (tối đa 8K/60Hz)\n1 x jack tai nghe/micro 3.5mm\n1 x khe thẻ SD (UHS-II)""}], ""Kích thước & Trọng lượng"": [{""name"": ""Chất liệu"", ""value"": ""Vỏ kim loại""}, {""name"": ""Chất liệu vỏ trên"", ""value"": ""Nhôm""}, {""name"": ""Chất liệu vỏ dưới"", ""value"": ""Nhôm""}, {""name"": ""Kích thước"", ""value"": ""347 x 242 x 16.7 mm (Dài x Rộng x Dày)""}, {""name"": ""Trọng lượng"", ""value"": ""1.59 kg""}], ""Tiện ích khác"": [{""name"": ""Tính năng đặc biệt"", ""value"": ""Nhận diện khuôn mặt, Màn hình Oled, Wi-Fi 7""}], ""Tính năng khác"": [{""name"": ""Loại đèn bàn phím"", ""value"": ""Đèn nền""}, {""name"": ""Bảo mật"", ""value"": ""Firmware TPM 2.0 Enabled""}, {""name"": ""Webcam"", ""value"": ""5.0MP + IR với E-shutter""}, {""name"": ""Hệ điều hành"", ""value"": ""Windows 11 Home Single Language, English + Microsoft 365 Basic + Office Home 2024 + Lenovo AI Now""}], ""Pin & công nghệ sạc"": [{""name"": ""Pin"", ""value"": ""84Wh, 140W USB-C Slim (3-pin)""}]}","[""https://cdn2.cellphones.com.vn/x/media/catalog/product/l/a/laptop_lenovo_yoga_pro_7_15iph11_83sn000bvn_-_1.png"", ""https://cdn2.cellphones.com.vn/x/media/catalog/product/l/a/laptop_lenovo_yoga_pro_7_15iph11_83sn000bvn_-_2.png"", ""https://cdn2.cellphones.com.vn/x/media/catalog/product/l/a/laptop_lenovo_yoga_pro_7_15iph11_83sn000bvn_-_3.png""]","{""product_color_1"": {""color"": ""Xám"", ""image_url"": ""https://cellphones.com.vn/laptop-lenovo-yoga-pro-7-15iph11-83sn000bvn.html?product_id=130730"", ""price"": ""77.990.000₫""}}"
