name,sku,base_price,sale_price,description,specifications,images,colors
Laptop ASUS Vivobook S 14 FLIP TP3402VA-LZ632W,laptop-asus-vivobook-s-14-flip-tp3402va-lz632w,23.990.000đ,21.490.000đ,"Đặc điểm nổi bật
Laptop ASUS Vivobook S 14 Flip TP3402VA-LZ632W sở hữu bộ CPU Intel Core i5-13420H đi cùng RAM 16GB chuẩn DDR4, cộng thêm ổ cứng 512GB M.2 PCIe 4.0. Mẫu laptop ASUS Vivobook này được trang bị màn hình có độ phân giải WUXGA với kích thước 14 inch. Bên cạnh đó, thiết kế Flip còn cho phép người dùng chuyển đổi laptop và tablet theo nhu cầu.
Nội dung chính
1. Laptop ASUS Vivobook S 14 Flip TP3402VA-LZ632W – Hiệu suất bền bỉ
1.1. RAM DDR4 16GB, ổ cứng SSD 512GB
1.2. Bản lề linh hoạt, màu hợp thời
1.3. CPU Intel Core i5-13420H, GPU chất lượng
1.4. Pin sử dụng lâu 50WHrs, kết nối tiện lợi
1.5. Màn hình 14 inch, tốc độ quét ổn
2. Mua laptop ASUS Vivobook S 14 Flip TP3402VA-LZ632W giá tốt tại CellphoneS
Laptop ASUS Vivobook S 14 Flip TP3402VA-LZ632W – Hiệu suất bền bỉ
Laptop ASUS Vivobook S 14 Flip TP3402VA-LZ632W là chiếc laptop 2 trong 1 có thể đáp ứng đa dạng nhu cầu của nhiều đối tượng. Qua các đặc điểm vượt trội, phiên bản này rất đáng cân nhắc để học tập, làm việc hay giải trí mỗi ngày.
RAM DDR4 16GB, ổ cứng SSD 512GB
Laptop ASUS Vivobook S 14 Flip TP3402VA-LZ632W được tích hợp RAM dung lượng 16GB có khả năng đa nhiệm ấn tượng. Người dùng Vivobook i5 có thể mở cùng lúc nhiều tab trình duyệt, chạy các ứng dụng nặng với hiệu suất ổn định. Chuẩn DDR4 tiên tiến của RAM xử lý tốt từ các tác vụ văn phòng đến nhu cầu sử dụng phần mềm đồ họa, chỉnh sửa video cơ bản. 
Bên cạnh đó, máy còn sở hữu ổ cứng SSD 512GB với chuẩn PCIe 4.0. Theo đó, tốc độ đọc ghi dữ liệu được cải thiện đáng kể nhằm giảm thời gian khởi động hệ điều hành, tải ứng dụng nhanh chóng và tối ưu hóa hiệu suất làm việc. Ổ cứng dung lượng lớn cũng mang lại không gian lưu trữ rộng rãi, đủ để cất giữ tài liệu, phim ảnh, phần mềm.
Bản lề linh hoạt, màu hợp thời
Laptop ASUS Vivobook S 14 Flip TP3402VA-LZ632W nổi bật với thiết kế mỏng nhẹ và thời thượng. Qua đó, người dùng có thể dễ dàng mang theo mọi lúc mọi nơi, thậm chí trong các chuyến công tác xa. Màu sắc của laptop vừa lịch lãm vừa cá tính, dễ dàng phối hợp với phong cách khác nhau của từng đối tượng người dùng. 
Bên cạnh đó, phiên bản có lớp vỏ kim loại chắc chắn, tạo nên sự bền bỉ nhưng vẫn giữ được sự thanh lịch. Các cạnh máy được bo tròn mềm mại, giúp cầm nắm thoải mái và hạn chế tình trạng trầy xước. Đặc biệt, thiết kế Flip của phiên bản cho phép chuyển đổi giữa các chế độ laptop, tablet một cách linh động theo nhu cầu.
CPU Intel Core i5-13420H, GPU chất lượng
Laptop ASUS Vivobook S 14 Flip TP3402VA-LZ632W sử dụng vi xử lý Intel Core i5-13420H Processor tiên tiến. Bộ CPU này có 8 nhân, 12 luồng giúp hệ thống có khả năng xử lý đa nhiệm xuất sắc, cũng như cân bằng giữa hiệu suất và mức tiêu thụ điện năng. Không những vậy, thiết bị laptop 14 inch còn có thể phục vụ nhu cầu giải trí như chơi các tựa game ở mức cấu hình trung bình.
Với xung nhịp cơ bản 2.1 GHz và khả năng tăng tốc lên đến 4.6 GHz, laptop có thể đáp ứng tốt các công việc lập trình, thiết kế đồ họa phổ thông, chỉnh sửa video. Thêm vào đó, GPU tích hợp Intel UHD Graphics đáp ứng tốt, cho hình ảnh sắc nét và màu sắc chân thực. Người dùng có thể xem các bộ phim chất lượng cao, không gặp trở ngại về tốc độ xử lý hình ảnh.
Pin sử dụng lâu 50WHrs, kết nối tiện lợi
Laptop ASUS Vivobook S 14 Flip TP3402VA-LZ632W trang bị pin 3-cell Li-ion, giúp máy hoạt động liên tục lâu dài. Với dung lượng pin 50Whrs, người dùng có thể thoải mái học tập, làm việc hoặc giải trí trong suốt hàng giờ tùy theo mức độ sử dụng và tác vụ xử lý. Thời lượng pin dài giúp người dùng yên tâm làm việc, đặc biệt trong các buổi họp dài hoặc khi di chuyển xa.
Không những vậy, laptop còn được thiết kế với đa dạng các cổng giao tiếp thông dụng. Ngoài ra, phiên bản được bổ sung các chuẩn kết nối kết nối không dây hiện đại Wi-Fi 6E và Bluetooth 5.3. Nhờ đó, máy tính có thể kết nối internet nhanh chóng và ổn định, đồng thời dễ dàng ghép nối với các thiết bị ngoại vi khác.
Màn hình 14 inch, tốc độ quét ổn
Laptop ASUS Vivobook S 14 Flip TP3402VA-LZ632W sở hữu màn hình 14 inch với độ phân giải WUXGA (1920 x 1200). Với thiết kế viền mỏng, máy tối ưu hóa diện tích hiển thị, giúp người dùng tận dụng không gian một cách hiệu quả mà không làm tăng kích thước tổng thể. Tỷ lệ khung hình 16:10 cũng giúp tối ưu hóa trải nghiệm đọc văn bản và xử lý tài liệu dễ dàng.
Cùng với đó, thiết bị có tần số quét 60Hz ổn định trong những cảnh quay chuyển động nhanh hay đồ họa cao. Màn hình của laptop còn đạt độ sáng tối đa 300 nits, cung cấp hình ảnh rõ ràng ngay cả khi sử dụng ngoài trời hoặc trong môi trường ánh sáng mạnh. Hơn thế nữa, phiên bản được hỗ trợ cảm ứng đa điểm khi sử dụng chế độ tablet giúp thao tác dễ dàng.
Mua laptop ASUS Vivobook S 14 Flip TP3402VA-LZ632W giá tốt tại CellphoneS
Laptop ASUS Vivobook S 14 Flip TP3402VA-LZ632W là sự lựa chọn tối ưu cho người dùng đàn tìm kiếm mẫu laptop đa năng, cấu hình tốt. Nhanh chân đến chi nhánh CellphoneS để sắm về chiếc laptop chính hãng ASUS, giá hợp lý. Không chỉ dừng lại ở đó, cửa hàng còn mang đến vô số quà tặng với chính sách hỗ trợ mua sắm đặc biệt. Ngoài ra, khi mua sản phẩm khách hàng sẽ nhận thêm quyền lợi bảo hành uy tín, dài hạn với đội ngũ nhân viên tận tâm.","{""Bộ xử lý & Đồ họa"": [{""name"": ""Loại card đồ họa"", ""value"": ""Intel UHD Graphics""}, {""name"": ""Loại CPU"", ""value"": ""Intel Core i5-13420H 2.1 GHz (12MB Cache, up to 4.6 GHz, 8 lõi, 12 luồng)""}], ""Bộ nhớ RAM, Ổ cứng"": [{""name"": ""Dung lượng RAM"", ""value"": ""16GB""}, {""name"": ""Loại RAM"", ""value"": ""DDR4""}, {""name"": ""Số khe ram"", ""value"": ""8GB DDR4 on board + 8GB DDR4 SO-DIMM (Có thể nâng cấp; Cần tháo vỏ dưới/trên)""}, {""name"": ""Ổ cứng"", ""value"": ""512GB M.2 NVMe PCIe 4.0 SSD""}], ""Màn hình"": [{""name"": ""Tần số quét"", ""value"": ""60Hz""}, {""name"": ""Chất liệu tấm nền"", ""value"": ""Tấm nền IPS""}, {""name"": ""Kích thước màn hình"", ""value"": ""14 inches""}, {""name"": ""Công nghệ màn hình"", ""value"": ""Độ sáng 300nits\nĐộ phủ màu 45% NTSC\nTÜV Rheinland-certified\nWith stylus support""}, {""name"": ""Độ phân giải màn hình"", ""value"": ""1920 x 1200 pixels (WUXGA)""}], ""Âm thanh"": [{""name"": ""Công nghệ âm thanh"", ""value"": ""Công nghệ Smart Amp\nLoa tích hợp\nMicrô mảng tích hợp\nharman/kardon (Chính thống)""}], ""Kích thước & Trọng lượng"": [{""name"": ""Chất liệu vỏ màn hình"", ""value"": ""Nhôm""}, {""name"": ""Chất liệu vỏ trên"", ""value"": ""Nhựa""}, {""name"": ""Chất liệu vỏ dưới"", ""value"": ""Nhựa""}, {""name"": ""Kích thước"", ""value"": ""31.32 x 22.76 x 1.89 ~ 1.89 cm (Dài x Rộng x Dày)""}, {""name"": ""Trọng lượng"", ""value"": ""1.50 kg""}], ""Tiện ích khác"": [{""name"": ""Tính năng đặc biệt"", ""value"": ""Màn hình cảm ứng""}], ""Tính năng khác"": [{""name"": ""Loại đèn bàn phím"", ""value"": ""Bàn phím Chiclet có đèn nền""}, {""name"": ""Bảo mật"", ""value"": ""McAfee\nMô-đun nền tảng đáng tin cậy (Phần mềm TPM)""}, {""name"": ""Webcam"", ""value"": ""1080p FHD với màn trập camera""}, {""name"": ""Hệ điều hành"", ""value"": ""Windows 11 Home""}], ""Pin & công nghệ sạc"": [{""name"": ""Pin"", ""value"": ""50WHrs, 3S1P, 3-cell Li-ion""}], ""Cổng kết nối"": [{""name"": ""Wi-Fi"", ""value"": ""Wi-Fi 6E(802.11ax) (Dual band) 2*2""}, {""name"": ""Bluetooth"", ""value"": ""Bluetooth 5.3""}, {""name"": ""Cổng giao tiếp"", ""value"": ""1x USB 2.0 Type-A (480Mbps)\n1x USB 3.2 Gen 2 Type-A (10Gbps)\n1x USB 3.2 Gen 2 Type-C hỗ trợ hiển thị/cung cấp điện (10Gbps)\n1x HDMI 2.1 TMDS\n1x Giắc cắm âm thanh kết hợp 3.5mm\n1x DC-in""}]}","[""https://cdn2.cellphones.com.vn/x/media/catalog/product/l/a/laptop_asus_vivobook_s_14_flip_tp3402va-lz632w_-_1.png"", ""https://cdn2.cellphones.com.vn/x/media/catalog/product/l/a/laptop_asus_vivobook_s_14_flip_tp3402va-lz632w_-_2.png"", ""https://cdn2.cellphones.com.vn/x/media/catalog/product/l/a/laptop_asus_vivobook_s_14_flip_tp3402va-lz632w_-_3.png""]","{""product_color_1"": {""color"": ""Bạc"", ""image_url"": ""https://cellphones.com.vn/laptop-asus-vivobook-s-14-flip-tp3402va-lz632w.html?product_id=102314"", ""price"": ""21.490.000₫""}}"
Laptop ASUS TUF Gaming F16 FX607VJ-RL034W,laptop-asus-tuf-gaming-f16-fx607vj-rl034w,24.490.000đ,22.490.000đ,"Đặc điểm nổi bật
Laptop ASUS TUF Gaming F16 FX607VJ-RL034W tối ưu trải nghiệm gaming với chip Intel Core 5 210H, kết hợp cùng màn hình 16"" FHD+ 144Hz và 16 GB RAM. Sản phẩm tích hợp hệ thống Wi-Fi 6 và cổng USB-C đa năng. Đặc biệt, mẫu laptop có thiết kế Mecha Gray bền bỉ cùng bàn phím RGB với phím Copilot tiện lợi.
Nội dung chính
1. Laptop ASUS TUF Gaming F16 FX607VJ-RL034W - Màn hình 144Hz, thiết kế hầm hố
1.1. Tích hợp AI tối ưu tác vụ
1.2. Sức mạnh hiệu năng vượt trội từ Intel Core 5 210H 
1.3. RAM và ổ cứng hiệu năng cao 
1.4. Thiết kế mạnh mẽ ấn tượng, màu sắc Gaming 
1.5. Màn hình 144Hz cân game nét mượt
1.6. Kết nối đa dạng
2. Mua laptop ASUS TUF Gaming F16 FX607VJ-RL034W chính hãng tại CellphoneS
Laptop ASUS TUF Gaming F16 FX607VJ-RL034W - Màn hình 144Hz, thiết kế hầm hố
ASUS TUF Gaming F16 FX607VJ-RL034W là lựa chọn laptop phù hợp cho game thủ tầm trung với cấu hình mạnh mẽ. Mẫu laptop Asus TUF Gaming này còn gây ấn tượng với màn hình mượt mà và thiết kế bền bỉ đặc trưng của dòng TUF. 
Tích hợp AI tối ưu tác vụ
Laptop ASUS TUF Gaming F16 FX607VJ-RL034W được tích hợp công nghệ khử tiếng ồn AI, giúp cải thiện chất lượng âm thanh trong các cuộc gọi hoặc ghi âm. Tính năng này lý tưởng khi chơi game hoặc làm việc ở những nơi nhiều tiếng ồn.
Hơn nữa, bàn phím của máy Asus TUF F16 có phím Copilot chuyên dụng, hỗ trợ truy cập nhanh vào trợ lý AI Copilot trên Windows 11 (đang trong giai đoạn thử nghiệm tại một số thị trường). Điều này giúp người dùng tối ưu hóa công việc với các gợi ý thông minh và tự động hóa tác vụ, nâng cao hiệu suất sử dụng.
Sức mạnh hiệu năng vượt trội từ Intel Core 5 210H 
Được trang bị vi xử lý Intel Core 5 210H, laptop ASUS TUF Gaming F16 FX607VJ-RL034W tự tin mang đến hiệu năng mạnh mẽ cho người dùng. Cấu hình 8 nhân 12 luồng, xung nhịp từ 2.2 GHz lên đến 4.8 GHz giúp máy xử lý mượt mà các tác vụ chơi game, chỉnh sửa video và đa nhiệm.
Card đồ họa NVIDIA GeForce RTX 3050 Laptop GPU với 6GB GDDR6 cung cấp khả năng xử lý đồ họa ấn tượng, hỗ trợ chơi các tựa game AAA ở cài đặt trung bình-cao. Ngoài ra, công nghệ MUX Switch và NVIDIA Advanced Optimus tối ưu hóa hiệu suất, kéo dài thời lượng pin mà vẫn đảm bảo sức mạnh đồ họa.
RAM và ổ cứng hiệu năng cao 
Laptop ASUS TUF Gaming F16 FX607VJ-RL034W được trang bị 16GB DDR4-3200 SO-DIMM, hỗ trợ công nghệ kênh đôi, mang lại tốc độ xử lý tốc độ cao. Khả năng nâng cấp RAM lên đến 64GB nhờ hai khe cắm SO-DIMM giúp máy Asus Gaming luôn đáp ứng được các tác vụ nặng và nhu cầu sử dụng trong tương lai.
Về lưu trữ, máy đi kèm 512GB PCIe 4.0 NVMe M.2 SSD, cung cấp tốc độ đọc/ghi vượt trội, giúp khởi động hệ thống và tải game cực nhanh. Hỗ trợ hai khe M.2 (tương thích SSD PCIe lên đến 2TB), laptop này cho phép mở rộng dung lượng lưu trữ linh hoạt, đảm bảo không gian rộng rãi cho dữ liệu và ứng dụng. 
Thiết kế mạnh mẽ ấn tượng, màu sắc Gaming 
Laptop ASUS TUF Gaming F16 FX607VJ-RL034W sở hữu thiết kế đậm chất gaming với màu Mecha Gray mạnh mẽ, mang lại vẻ ngoài hiện đại và bền bỉ. Kích thước gọn nhẹ và trọng lượng chỉ 2.2 kg giúp máy dễ dàng di chuyển, phù hợp cho cả chơi game tại nhà lẫn mang theo bên ngoài.
Bàn phím Chiclet có đèn nền RGB 1 vùng không chỉ tăng tính thẩm mỹ mà còn hỗ trợ sử dụng hiệu quả trong điều kiện thiếu sáng. Độ hoàn thiện của máy còn đạt chuẩn độ bền của dòng TUF, đảm bảo chịu được va chạm và sử dụng lâu dài trong môi trường khắc nghiệt.
Màn hình 144Hz cân game nét mượt
Màn hình 16 inch của laptop ASUS TUF Gaming F16 FX607VJ-RL034W hiển thị rực rỡ với độ phân giải FHD+ (1920 x 1200, WUXGA) với tỷ lệ 16:10. Tần số quét 144Hz kết hợp thời gian phản hồi 3ms (G2G) đặc biệt phù hợp với các tựa game hành động nhanh.
Bên cạnh đó, màn hình này sở hữu tấm nền IPS-level độ sáng 300 nits, cho phép hiển thị rõ nét với góc quan sát rộng. Lớp phủ chống chói giúp tăng cường trải nghiệm sử dụng, giảm mỏi mắt trong các phiên chơi game hoặc làm việc kéo dài.
Chưa hết, camera 720P HD tích hợp trên ASUS TUF Gaming F16 còn mang lại chất lượng hình ảnh sắc nét, đủ để đáp ứng nhu cầu gọi video hoặc livestream cơ bản. Máy còn được trang bị các tính năng nổi bật như hỗ trợ Dolby Atmos và chứng nhận Hi-Res cho tai nghe, mang đến trải nghiệm âm thanh sống động. 
Kết nối đa dạng
Laptop ASUS TUF Gaming F16 FX607VJ-RL034W lý tưởng cho chơi game online và truyền tải dữ liệu lớn nhờ trang bị Wi-Fi 6 (802.11ax) 2x2 và Bluetooth 5.3. Cổng LAN 10/100/1000 Mbps bổ sung thêm lựa chọn kết nối có dây đáng tin cậy cho các trận đấu yêu cầu độ trễ thấp.
Hệ thống cổng I/O đa dạng bao gồm 1x USB 3.2 Gen 2 Type-C (hỗ trợ DisplayPort và Power Delivery), 2x USB 3.2 Gen 1 Type-A, và 1x HDMI 2.1 FRL. Hệ thống này cho phép kết nối dễ dàng với màn hình ngoài, thiết bị ngoại vi và nguồn điện, đáp ứng nhu cầu sử dụng đa năng. 
Pin 56WHrs, 4-cell Li-ion của ASUS TUF Gaming F16 FX607VJ-RL034W mang lại thời lượng sử dụng ổn định. Hỗ trợ sạc qua USB-C (tối thiểu 45W, tối đa 100W) cùng bộ sạc 150W đi kèm đảm bảo cung cấp năng lượng hiệu quả, phù hợp cho cả di chuyển và sử dụng cố định.
Mua laptop ASUS TUF Gaming F16 FX607VJ-RL034W chính hãng tại CellphoneS
Laptop ASUS TUF Gaming F16 FX607VJ-RL034W chính hãng đã lên kệ tại CellphoneS. Nếu là thành viên Smember, khách hàng có cơ hội nhận ưu đãi hấp dẫn khi sắm mẫu laptop Gaming này. Bên cạnh đó, cửa hàng cũng thường tổ chức các chương trình ưu đãi dịp sale lớn như xả kho Tết, 20/10 hay 8/3. Liên hệ qua hotline 1800.2097 để được hỗ trợ mua laptop ASUS nhanh chóng!","{""Bộ xử lý & Đồ họa"": [{""name"": ""Loại card đồ họa"", ""value"": ""NVIDIA GeForce RTX 3050 6GB GDDR6\nIntel Iris Xe Graphics""}, {""name"": ""Loại CPU"", ""value"": ""Intel Core 5 210H 2.2 GHz (12MB Cache, up to 4.8 GHz, 8 lõi, 12 luồng)""}], ""Bộ nhớ RAM, Ổ cứng"": [{""name"": ""Dung lượng RAM"", ""value"": ""16GB""}, {""name"": ""Loại RAM"", ""value"": ""DDR4-3200 SO-DIMM""}, {""name"": ""Số khe ram"", ""value"": ""2 khe (1 x 16GB, nâng cấp tối đa 64GB)""}, {""name"": ""Ổ cứng"", ""value"": ""512GB PCIe 4.0 NVMe M.2 SSD (2 Khe cắm M.2 hỗ trợ SATA hoặc NVMe, tối đa 2TB)""}], ""Màn hình"": [{""name"": ""Tần số quét"", ""value"": ""144 Hz""}, {""name"": ""Chất liệu tấm nền"", ""value"": ""Tấm nền IPS""}, {""name"": ""Kích thước màn hình"", ""value"": ""16 inches""}, {""name"": ""Công nghệ màn hình"", ""value"": ""Độ sáng 300nits\nĐộ phủ màu NTSC 45%\nMàn hình chống chói""}, {""name"": ""Độ phân giải màn hình"", ""value"": ""1920 x 1200 pixels (WUXGA)""}], ""Âm thanh"": [{""name"": ""Công nghệ âm thanh"", ""value"": ""Hệ thống 2 loa\nCông nghệ chống ồn AI\nDolby Atmos\nChứng nhận Hi-Res (cho tai nghe)""}], ""Tiện ích khác"": [{""name"": ""Tính năng đặc biệt"", ""value"": ""Wi-Fi 6, MUX Switch""}], ""Tính năng khác"": [{""name"": ""Loại đèn bàn phím"", ""value"": ""Bàn phím Chiclet có đèn nền RGB 1 vùng Với phím Copilot\nMUX Switch + NVIDIA Advanced Optimus""}, {""name"": ""Bảo mật"", ""value"": ""Mật khẩu quản trị viên BIOS và bảo vệ mật khẩu người dùng\nKhe Kensington Security\nMô-đun nền tảng đáng tin cậy (Phần mềm TPM)""}, {""name"": ""Webcam"", ""value"": ""720P HD camera""}, {""name"": ""Hệ điều hành"", ""value"": ""Windows 11 Home""}], ""Pin & công nghệ sạc"": [{""name"": ""Pin"", ""value"": ""56WHrs, 4S1P, 4-cell Li-ion""}], ""Kích thước & Trọng lượng"": [{""name"": ""Kích thước"", ""value"": ""35.4 x 25.1 x 2.21 ~ 2.67 cm (Dài x Rộng x Dày)""}, {""name"": ""Trọng lượng"", ""value"": ""2.20 Kg""}], ""Cổng kết nối"": [{""name"": ""Wi-Fi"", ""value"": ""Wi-Fi 6(802.11ax) (Dual band) 2*2""}, {""name"": ""Bluetooth"", ""value"": ""Bluetooth 5.3""}, {""name"": ""Cổng giao tiếp"", ""value"": ""1x Cổng LAN RJ45\n1x USB 3.2 Gen 2 Type-C hỗ trợ DisplayPort / cấp nguồn (tốc độ dữ liệu lên đến 10Gbps)\n2x USB 3.2 Gen 1 Type-A (tốc độ dữ liệu lên đến 5Gbps)\n1x HDMI 2.1 FRL\n1x 3.5mm Combo Audio Jack""}]}","[""https://cdn2.cellphones.com.vn/x/media/catalog/product/l/a/laptop_asus_tuf_gaming_f16_fx607vj-rl034w_-_1.png"", ""https://cdn2.cellphones.com.vn/x/media/catalog/product/l/a/laptop_asus_tuf_gaming_f16_fx607vj-rl034w_-_3.png"", ""https://cdn2.cellphones.com.vn/x/media/catalog/product/l/a/laptop_asus_tuf_gaming_f16_fx607vj-rl034w_-_2.png""]","{""product_color_1"": {""color"": ""Xám"", ""image_url"": ""https://cellphones.com.vn/laptop-asus-tuf-gaming-f16-fx607vj-rl034w.html?product_id=106536"", ""price"": ""22.490.000₫""}}"
Laptop ASUS Gaming V16 V3607VU-RP343W,laptop-asus-gaming-v16-v3607vu-rp343w,26.990.000đ,24.190.000đ,"Đặc điểm nổi bật
Laptop ASUS Gaming V16 V3607VU-RP343W trang bị Intel Core 5-210H kết hợp với NVIDIA GeForce RTX 4050 cùng hệ thống tản nhiệt ASUS IceCool mạnh mẽ. Máy có RAM 16GB DDR5 và SSD 512GB PCIe 4.0, đảm bảo khả năng xử lý nhanh và linh hoạt. Bên cạnh đó, màn hình 16 inch WUXGA tần số quét 144Hz, mang lại trải nghiệm mượt mà.
Nội dung chính
1. Laptop ASUS Gaming V16 V3607VU-RP343W – Hiệu năng đỉnh cao cùng AI thông minh
1.1. Trí tuệ nhân tạo tăng tốc hiệu suất sáng tạo
1.2. CPU mạnh mẽ, GPU mượt mà và tản nhiệt ổn định
1.3. Tốc độ phản hồi nhanh và lưu trữ ổn định
1.4. Thiết kế cá tính, chất liệu bền bỉ
1.5. Màn hình rộng cho trải nghiệm sống động
2. Mua ngay laptop ASUS Gaming V16 V3607VU-RP343W chính hãng tại CellphoneS
Laptop ASUS Gaming V16 V3607VU-RP343W – Hiệu năng đỉnh cao cùng AI thông minh
Laptop ASUS Gaming V16 V3607VU-RP343W mang đến sức mạnh mạnh mẽ cho mọi trải nghiệm chơi game và tác vụ đồ họa chuyên sâu. Chiếc laptop ASUS Gaming này được thiết kế để xử lý mượt mà các tựa game đòi hỏi cấu hình cao cùng với hiệu năng ổn định trong thời gian dài.
Trí tuệ nhân tạo tăng tốc hiệu suất sáng tạo
Laptop ASUS Gaming V16 được tối ưu sức mạnh AI với sự hỗ trợ của NVIDIA GeForce RTX 4050 và nền tảng NVIDIA Studio, giúp tăng tốc các ứng dụng sáng tạo. Nhờ công nghệ AI DLSS 3, máy có thể tái tạo hình ảnh và video với độ chi tiết cao. Công nghệ này đồng thời cải thiện hiệu năng xử lý trong thời gian thực mà không tiêu tốn nhiều tài nguyên.
Không chỉ phục vụ cho các tác vụ sáng tạo chuyên sâu, tính năng AI trên laptop ASUS Gaming V16 V3607VU-RP343W còn góp phần nâng cao trải nghiệm chơi game và làm việc. AI trên laptop cho phép học thói quen sử dụng để tối ưu quạt tản nhiệt. Ngoài ra, khả năng khử tiếng ồn AI trong cuộc gọi thoại giúp tăng sự tiện lợi khi sử dụng.
CPU mạnh mẽ, GPU mượt mà và tản nhiệt ổn định
Laptop sử dụng Intel Core 5-210H, đây là dòng CPU thế hệ mới với 8 nhân 12 luồng, giúp tăng tốc các tác vụ đa nhiệm hay chơi game. Ngoài ra, xung nhịp tối đa đạt 4.8GHz đảm bảo tốc độ phản hồi nhanh, đồng thời tối ưu hiệu suất tổng thể của hệ thống khi xử lý đồng thời nhiều phần mềm.
Được trang bị card đồ họa rời NVIDIA RTX 4050, ASUS V16 có thể xử lý hình ảnh, video, các mô hình 3D hay hiệu ứng đồ họa nặng một cách mượt mà. GPU này cũng hỗ trợ Ray Tracing và DLSS 3, mang đến trải nghiệm thị giác sống động trong game. Bên cạnh đó, những công nghệ này còn tái hiện chính xác các hiệu ứng ánh sáng trong môi trường ảo.
Với thiết kế tản nhiệt IceCool gồm 2 quạt và 2 ống đồng, laptop ASUS Gaming V16 V3607VU-RP343W này duy trì nhiệt độ ổn định trong thời gian dài. Quạt IceBlade 79 cánh siêu mỏng làm từ LCP không chỉ hoạt động êm ái mà còn tăng hiệu suất tản nhiệt. Từ đó giúp người dùng yên tâm khi chơi game cường độ cao hoặc xử lý đồ họa liên tục.
Tốc độ phản hồi nhanh và lưu trữ ổn định
Laptop ASUS V16 sở hữu RAM 16GB DDR5 với tốc độ truy xuất cao, giúp xử lý đa nhiệm trơn tru. Chuẩn DDR5 không chỉ nhanh hơn đáng kể so với DDR4 mà còn tiêu thụ điện năng hiệu quả hơn, nhờ đó mang lại hiệu suất tổng thể tốt hơn. Bên trong máy là 2 khe cắm SO-DIMM, hỗ trợ người dùng nâng cấp bộ nhớ lên dung lượng cao hơn trong tương lai. 
ASUS trang bị cho máy ổ cứng SSD dung lượng 512GB theo chuẩn M.2 NVMe PCIe 4.0 x4, mang lại tốc độ đọc và ghi dữ liệu nhanh gấp nhiều lần so với ổ cứng SATA. Điều này giúp rút ngắn đáng kể thời gian khởi động hệ điều hành, mở ứng dụng hay truy xuất tệp tin. Chuẩn PCIe 4.0 đảm bảo hiệu suất ổn định khi thao tác đồng thời nhiều tác vụ nặng.
Thiết kế cá tính, chất liệu bền bỉ
Laptop ASUS Gaming V16 V3607VU-RP343W mang đến một diện mạo cứng cáp và hiện đại với lớp vỏ nhựa màu đen mờ, toát lên vẻ ngoài tối giản nhưng không kém phần nổi bật. Các chi tiết như logo ASUS tinh tế, đường vân chéo hai bên cạnh và cụm bàn phím LED xanh Turbo đều mang đậm dấu ấn game thủ.
Không chỉ đẹp mắt, laptop còn đạt chuẩn MIL-STD 810H về độ bền quân sự, giúp yên tâm khi sử dụng trong nhiều môi trường khác nhau. Thiết kế tổng thể cân đối với trọng lượng 1.95kg, dễ dàng mang theo khi cần di chuyển tại không gian làm việc hoặc chơi game.
Màn hình rộng cho trải nghiệm sống động
Màn hình ASUS V16 có kích thước 16.0 inch, độ phân giải WUXGA (1920 x 1200) và tỷ lệ 16:10, giúp mở rộng không gian hiển thị theo chiều dọc. Điều này rất hữu ích khi chỉnh sửa tài liệu, bảng tính hoặc biên tập video. Tấm nền LED có độ sáng 300 nits, kết hợp công nghệ anti-glare giúp giảm chói hiệu quả.
Điểm cộng nổi bật của laptop ASUS Gaming V16 V3607VU-RP343W là tần số quét 144Hz, mang lại chuyển động hình ảnh mượt mà hơn, hạn chế xé hình khi chơi các game FPS. Màn hình cũng đạt tỷ lệ screen-to-body 89%, cho cảm giác đắm chìm hơn khi giải trí hoặc sáng tạo nội dung.
Mua ngay laptop ASUS Gaming V16 V3607VU-RP343W chính hãng tại CellphoneS
Sở hữu ngay laptop ASUS Gaming V16 V3607VU-RP343W chính hãng tại CellphoneS – lựa chọn lý tưởng cho game thủ đam mê hiệu năng đỉnh cao và thiết kế mạnh mẽ! Khi mua tại CellphoneS, khách hàng sẽ được hưởng chính sách bảo hành chính hãng. Giá bán đã bao gồm VAT, không phát sinh chi phí ẩn, minh bạch khi thanh toán. Nhanh tay đặt hàng ngay hôm nay tại CellphoneS để không bỏ lỡ sản phẩm laptop gaming nổi bật hiện nay!","{""Bộ xử lý & Đồ họa"": [{""name"": ""Loại card đồ họa"", ""value"": ""NVIDIA GeForce RTX 4050 6GB GDDR6 (194 AI TOPs)\nIntel Graphics""}, {""name"": ""Loại CPU"", ""value"": ""Intel Core 5 210H 2.2 GHz (12MB Cache, up to 4.8 GHz, 8 lõi, 12 luồng)""}], ""Bộ nhớ RAM, Ổ cứng"": [{""name"": ""Dung lượng RAM"", ""value"": ""16GB""}, {""name"": ""Loại RAM"", ""value"": ""DDR5""}, {""name"": ""Số khe ram"", ""value"": ""Có thể nâng cấp; Cần tháo vỏ dưới/trên""}, {""name"": ""Ổ cứng"", ""value"": ""512GB M.2 NVMe PCIe 4.0 SSD""}], ""Màn hình"": [{""name"": ""Tần số quét"", ""value"": ""144Hz""}, {""name"": ""Kích thước màn hình"", ""value"": ""16 inches""}, {""name"": ""Công nghệ màn hình"", ""value"": ""Màn hình chống chói\nĐộ sáng 300nits\nĐộ phủ màu 45% NTSC""}, {""name"": ""Độ phân giải màn hình"", ""value"": ""1920 x 1200 pixels (WUXGA)""}], ""Âm thanh"": [{""name"": ""Công nghệ âm thanh"", ""value"": ""SonicMaster\nLoa tích hợp\nMicrô tích hợp""}], ""Kích thước & Trọng lượng"": [{""name"": ""Chất liệu"", ""value"": ""Vỏ nhựa""}, {""name"": ""Chất liệu vỏ màn hình"", ""value"": ""Nhựa""}, {""name"": ""Chất liệu vỏ trên"", ""value"": ""Nhựa""}, {""name"": ""Chất liệu vỏ dưới"", ""value"": ""Nhựa""}, {""name"": ""Kích thước"", ""value"": ""35.70 x 25.07 x 1.80 ~ 2.20 cm (Dài x Rộng x Dày)""}, {""name"": ""Trọng lượng"", ""value"": ""1.95 kg""}], ""Tiện ích khác"": [{""name"": ""Tính năng đặc biệt"", ""value"": ""Wi-Fi 6""}], ""Tính năng khác"": [{""name"": ""Loại đèn bàn phím"", ""value"": ""Bàn phím Chiclet có đèn nền với phím số""}, {""name"": ""Bảo mật"", ""value"": ""Mật khẩu người dùng thiết lập BIOS\nTrusted Platform Module (Firmware TPM)""}, {""name"": ""Webcam"", ""value"": ""1080p FHD với màn trập camera""}, {""name"": ""Hệ điều hành"", ""value"": ""Windows 11 Home""}], ""Pin & công nghệ sạc"": [{""name"": ""Pin"", ""value"": ""63WHrs, 3S1P, 3-cell Li-ion""}], ""Cổng kết nối"": [{""name"": ""Wi-Fi"", ""value"": ""Wi-Fi 6(802.11ax) (Dual band) 2*2""}, {""name"": ""Bluetooth"", ""value"": ""Bluetooth 5.3""}, {""name"": ""Cổng giao tiếp"", ""value"": ""1x USB 3.2 Gen 1 Type-C hỗ trợ hiển thị/sạc (5Gbps)\n2x USB 3.2 Gen 1 Type-A (5Gbps)\n1x HDMI 2.1 FRL\n1x Giắc cắm âm thanh kết hợp 3.5mm\n1x DC-in""}]}","[""https://cdn2.cellphones.com.vn/x/media/catalog/product/l/a/laptop_asus_gaming_v16_v3607vu-rp343w_-_1.png"", ""https://cdn2.cellphones.com.vn/x/media/catalog/product/l/a/laptop_asus_gaming_v16_v3607vu-rp343w_-_2.png"", ""https://cdn2.cellphones.com.vn/x/media/catalog/product/l/a/laptop_asus_gaming_v16_v3607vu-rp343w_-_3.png""]","{""product_color_1"": {""color"": ""Đen"", ""image_url"": ""https://cellphones.com.vn/laptop-asus-gaming-v16-v3607vu-rp343w.html?product_id=107709"", ""price"": ""24.190.000₫""}}"
Laptop ASUS ROG Strix G16 G615JMR-S5155W,laptop-asus-rog-strix-g16-g615jmr-s5155w,46.990.000đ,45.990.000đ,"Đặc điểm nổi bật
Laptop ASUS ROG Strix G16 G615JMR-S5155W được tích hợp chip Intel Core i7-14650HX có xung nhịp lên đến 5.2GHz, RAM 32GB kết hợp ổ cứng lưu trữ 1TB PCIe. Chiếc laptop ASUS ROG Strix này còn sở hữu màn hình 16 inch với tốc độ quét 240Hz. Ngoài ra, dung lượng pin 90WHrs của máy cũng cho thời lượng hoạt động liên tục nhiều giờ.
Nội dung chính
1. Laptop ASUS ROG Strix G16 G615JMR-S5155W – Thoải mái chiến game
1.1. Công nghệ giảm ồn AI thông minh
1.2. CPU chất lượng, GPU mượt mà
1.3. RAM dung lượng 32GB, ổ cứng rộng 1TB
1.4. Kiểu dáng mạnh mẽ, màu thời thượng
1.5. Màn hình Nebula 2.5K, quét tốc độ 120Hz
1.6. Pin 90WHrs, đa cổng giao tiếp
2. Mua laptop ASUS ROG Strix G16 G615JMR-S5155W giá tốt tại CellphoneS
Laptop ASUS ROG Strix G16 G615JMR-S5155W – Thoải mái chiến game
Laptop ASUS ROG Strix G16 G615JMR-S5155W hội tụ nhiều công nghệ, tính năng tiên tiến với thiết kế tinh tế. Mẫu laptop ASUS ROG Strix này có thể phục vụ tối ưu nhu cầu của game thủ hay người dùng chuyên nghiệp.
Công nghệ giảm ồn AI thông minh
Laptop ASUS ROG Strix G16 G615JMR-S5155W sử dụng công nghệ AI noise-canceling để lọc tiếng ồn ở micro và âm thanh đầu vào. Theo đó, tiếng ồn xung quanh khi gõ bàn phím, tiếng quạt sẽ được loại bỏ một cách ấn tượng.
Trí tuệ nhân tạo có thể giảm bớt những tạp âm từ môi trường bên ngoài khi người dùng giao tiếp trong game hoặc hội họp trực tuyến. Bên cạnh đó, AI còn duy trì sự rõ ràng và tự nhiên của giọng nói khi ra lệnh, thuyết trình hay thu âm với chất lượng âm thanh chuyên nghiệp.
CPU chất lượng, GPU mượt mà
Laptop ASUS ROG Strix G16 G615JMR-S5155W được trang bị Intel Core i7-14650HX mạnh mẽ. Cấu trúc 16 nhân và 24 luồng của CPU mang đến hiệu năng xử lý ổn định, phù hợp cho game nặng, biên tập video 4K lẫn dựng mô hình 3D. Với xung nhịp cơ bản 2.2 GHz và khả năng ép xung lên đến 5.2 GHz, máy có thể chạy mượt mà ở các tác vụ đa nhiệm.
Thêm vào đó, dung lượng cache lên đến 30MB giúp giảm thời gian truy xuất dữ liệu và tăng tốc phản hồi hệ thống. Card đồ họa Intel UHD Graphics còn hỗ trợ người dùng tiết kiệm năng lượng khi thực hiện các tác vụ nhẹ. Đồng thời, máy có thể duy trì hiệu suất tối ưu theo từng tình huống sử dụng.
RAM dung lượng 32GB, ổ cứng rộng 1TB
Laptop ASUS ROG Strix G16 G615JMR-S5155W sở hữu bộ nhớ RAM 32GB DDR5-5600, được chia đều trên hai khe SO-DIMM. Chuẩn RAM này mang đến băng thông nhanh để xử lý dữ liệu, đồng thời cải thiện hiệu năng tổng thể của hệ thống. Dù là game nặng, phần mềm mô phỏng 3D hay giả lập máy ảo, dung lượng này đủ sức đáp ứng mượt mà.
Không những vậy, laptop còn đi kèm ổ cứng SSD 1TB PCIe 4.0 nhằm mở rộng không gian lưu trữ và nâng cao tốc độ đọc/ghi. Máy cũng được thiết kế linh hoạt với hai khe cắm M.2, cho phép người dùng nâng cấp dung lượng lưu trữ lên đến 2TB nếu cần thiết. Ngoài ra, hệ thống tản nhiệt của máy được tối ưu hóa để ổ SSD hoạt động trong mức nhiệt độ an toàn.
Kiểu dáng mạnh mẽ, màu thời thượng
Laptop ASUS ROG Strix G16 G615JMR-S5155W kế thừa thiết kế đặc trưng của dòng ROG với các đường nét dứt khoát, dải đèn tinh tế chạy dọc khung máy. Phần bản lề được khắc họa tinh xảo, các khe tản nhiệt được bố trí khéo léo nhằm tạo điểm nhấn mạnh mẽ cho tổng thể.
Thiết bị sử dụng chất liệu cao cấp để cấu tạo lớp vỏ bên ngoài, giúp tăng độ bền và duy trì cảm giác gọn gàng, dễ dàng mang theo. Với màu sắc thời thượng, thiết bị mang lại sự tinh tế, bắt mắt. Hệ thống đèn RGB 4 vùng trên bàn phím giúp cá nhân hóa phong cách khi dùng laptop. Các phím được gia cố tỉ mỉ để duy trì độ nhạy cao và tuổi thọ lâu dài.
Màn hình Nebula 2.5K, quét tốc độ 120Hz
Laptop ASUS ROG Strix G16 G615JMR-S5155W nổi bật với màn hình Nebula Display cho độ phân giải 2.5K. Công nghệ này kết hợp độ phủ màu 100% DCI-P3 mang đến trải nghiệm hình ảnh sắc nét và sống động, giúp người dùng tận hưởng từng chi tiết nhỏ qua màn hình. Thêm vào đó, khung hình có tỷ lệ 16:10 còn tối ưu cho cả chơi game và làm việc.
Tần số quét 120Hz kết hợp cùng tốc độ phản hồi nhanh giúp hạn chế hiện tượng xé hình và giật lag trong các pha hành động tốc độ cao. Ngoài ra, công nghệ Anti-glare và độ sáng lên tới 500 nits cho phép thiết bị truyền tải hình ảnh tốt ở môi trường ngoài trời.
Pin 90WHrs, đa cổng giao tiếp
Laptop ASUS ROG Strix G16 G615JMR-S5155W được trang viên pin 90WHrs, 4-cell Li-ion. Nhờ tối ưu hóa hiệu suất năng lượng thông minh từ CPU, chiếc laptop này có thể vận hành nhiều tiếng liên tục. Tùy theo điều kiện và cường độ sử dụng, máy tính sẽ cung cấp thời lượng hoạt động khác nhau.
Thêm vào đó, thiết bị còn đem đến nhiều cổng kết nối tiện dụng, thiết yếu với đa dạng nhu cầu của người dùng. Công nghệ Wi-Fi 7 và Bluetooth 5.4 của máy cho tốc độ truyền tải không dây vượt trội và kết nối không dây mượt mà với các thiết bị ngoại vi.
Mua laptop ASUS ROG Strix G16 G615JMR-S5155W giá tốt tại CellphoneS
Laptop ASUS ROG Strix G16 G615JMR-S5155W là sự lựa chọn hợp lý để nâng cao trải nghiệm chơi game, làm việc hàng ngày. Đừng chần chờ đến CellphoneS sắm mẫu laptop gaming chính hãng, giá cả phải chăng. Tại các chi nhánh trong khu vực, khách hàng sẽ được nhận bảo hành uy tín khi mua sắm. Ngoài ra, một số voucher giá trị cũng được cửa hàng dành tặng kèm theo chính sách hỗ trợ trả góp.","{""Bộ xử lý & Đồ họa"": [{""name"": ""Loại card đồ họa"", ""value"": ""NVIDIA GeForce RTX 5060 8GB GDDR7\nIntel UHD Graphics""}, {""name"": ""Loại CPU"", ""value"": ""Intel Core i7 14650HX 2.2 GHz (30MB Cache, up to 5.2 GHz, 16 lõi, 24 luồng)""}], ""Bộ nhớ RAM, Ổ cứng"": [{""name"": ""Dung lượng RAM"", ""value"": ""32GB""}, {""name"": ""Loại RAM"", ""value"": ""DDR5-5600 SO-DIMM, tốc độ bộ nhớ của hệ thống thay đổi tùy theo CPU""}, {""name"": ""Số khe ram"", ""value"": ""2x SO-DIMM (Tối đa 64GB)""}, {""name"": ""Ổ cứng"", ""value"": ""1TB PCIe 4.0 NVMe M.2 SSD (2 Khe cắm M.2 hỗ trợ SATA hoặc NVMe, tối đa 2TB)""}], ""Màn hình"": [{""name"": ""Tần số quét"", ""value"": ""240 Hz""}, {""name"": ""Chất liệu tấm nền"", ""value"": ""Tấm nền IPS""}, {""name"": ""Kích thước màn hình"", ""value"": ""16 inches""}, {""name"": ""Công nghệ màn hình"", ""value"": ""Độ sáng 500nits\nĐộ phủ màu DCI-P3 100%\nMàn hình chống chói\nG-Sync\nROG Nebula Display\nDolby Vision HDR\nROG intelligent cooling""}, {""name"": ""Độ phân giải màn hình"", ""value"": ""2560 x 1600 (WQXGA)""}], ""Âm thanh"": [{""name"": ""Công nghệ âm thanh"", ""value"": ""Công nghệ chống ồn AI\nDolby Atmos\nChứng nhận Hi-Res (cho tai nghe)\nCông nghệ Smart Amp""}], ""Tiện ích khác"": [{""name"": ""Tính năng đặc biệt"", ""value"": ""Nhận diện khuôn mặt, Wi-Fi 7, MUX Switch""}], ""Tính năng khác"": [{""name"": ""Loại đèn bàn phím"", ""value"": ""Bàn phím Chiclet có đèn nền RGB 4 vùng Với phím Copilot\nAura Sync""}, {""name"": ""Bảo mật"", ""value"": ""Mật khẩu quản trị viên BIOS và bảo vệ mật khẩu người dùng\nMô-đun nền tảng đáng tin cậy (Phần mềm TPM)""}, {""name"": ""Webcam"", ""value"": ""1080P FHD IR Camera for Windows Hello""}, {""name"": ""Hệ điều hành"", ""value"": ""Windows 11 Home""}], ""Pin & công nghệ sạc"": [{""name"": ""Pin"", ""value"": ""90WHrs, 4S1P, 4-cell Li-ion""}], ""Kích thước & Trọng lượng"": [{""name"": ""Kích thước"", ""value"": ""35.4 x 26.8 x 2.28 ~ 3.08 cm (Dài x Rộng x Dày)""}, {""name"": ""Trọng lượng"", ""value"": ""2.65 kg""}], ""Cổng kết nối"": [{""name"": ""Wi-Fi"", ""value"": ""Wi-Fi 7(802.11be) (Triple band) 2*2""}, {""name"": ""Bluetooth"", ""value"": ""Bluetooth 5.4""}, {""name"": ""Cổng giao tiếp"", ""value"": ""1x LAN RJ45\n1x Thunderbolt 4 hỗ trợ DisplayPort / Sạc / G-SYNC (40Gbps)\n1x USB 3.2 Gen 2 Type-C hỗ trợ DisplayPort / Sạc (10Gbps)\n3x USB 3.2 Gen 2 Type-A (10Gbps)\n1x HDMI 2.1 FRL\n1x Giắc cắm âm thanh kết hợp 3.5mm""}]}","[""https://cdn2.cellphones.com.vn/x/media/catalog/product/l/a/laptop_asus_rog_strix_g16_g615jmr-s5155w_-_1_2.png"", ""https://cdn2.cellphones.com.vn/x/media/catalog/product/l/a/laptop_asus_rog_strix_g16_g615jmr-s5155w_-_2.png"", ""https://cdn2.cellphones.com.vn/x/media/catalog/product/l/a/laptop_asus_rog_strix_g16_g615lr-s5238w_-_6.png""]","{""product_color_1"": {""color"": ""Xám"", ""image_url"": ""https://cellphones.com.vn/laptop-asus-rog-strix-g16-g615jmr-s5155w.html?product_id=105184"", ""price"": ""45.990.000₫""}}"
Laptop ASUS Vivobook S14 S3407VA-LY146W,laptop-asus-vivobook-s14-s3407va-ly146w,22.990.000đ,20.390.000đ,"Đặc điểm nổi bật
Laptop ASUS Vivobook S14 S3407VA-LY146W trang bị vi xử lý Intel Core 5 210H, RAM 16GB DDR5, SSD 512GB cùng với màn hình 14 inch WUXGA sắc nét, chân thực. Máy có thiết kế mỏng nhẹ chỉ 1.4kg, vỏ kim loại bền bỉ, pin lớn 70Wh cho thời gian sử dụng dài. Hỗ trợ Wi-Fi 6, camera IR nhận diện khuôn mặt và bàn phím có đèn nền tích hợp phím Copilot.
Nội dung chính
1. Laptop ASUS Vivobook S14 S3407VA-LY146W – Hiệu năng vượt trội, tích hợp AI
1.1. RAM DDR5 hiệu suất cao và ổ cứng siêu tốc
1.2. Thiết kế mỏng nhẹ, màu bạc hiện đại
1.3. Hiệu năng ổn định từ Intel Core 5 210H và GPU tích hợp
1.4. Thời lượng pin lớn và cổng kết nối linh hoạt
1.5. Màn hình WUXGA sắc nét, tần số quét 60Hz ổn định
2. Mua ngay laptop ASUS Vivobook S14 S3407VA-LY146W chính hãng tại CellphoneS
Laptop ASUS Vivobook S14 S3407VA-LY146W – Hiệu năng vượt trội, tích hợp AI
Laptop ASUS Vivobook S14 S3407VA-LY146W là mẫu laptop ASUS Vivobook mỏng nhẹ, hiệu năng tốt, phù hợp cho học tập và làm việc. Máy nổi bật với thiết kế tối giản, pin lâu và nhiều tính năng hiện đại.
RAM DDR5 hiệu suất cao và ổ cứng siêu tốc
Laptop ASUS Vivobook S14 S3407VA-LY146W sở hữu tổng cộng 16GB RAM DDR5, bao gồm 8GB onboard và 8GB SO-DIMM, giúp máy vận hành mượt mà khi chạy đa nhiệm hoặc mở nhiều ứng dụng. Chuẩn RAM DDR5 hiện đại không chỉ nâng cao tốc độ truyền tải dữ liệu mà còn tiết kiệm điện năng hiệu quả. 
Ổ cứng 512GB SSD PCIe 4.0 cung cấp tốc độ khởi động máy và truy xuất dữ liệu cực nhanh, giúp mở file, chạy phần mềm chỉ trong vài giây. Dung lượng 512GB đủ rộng để lưu trữ tài liệu học tập, phần mềm và dữ liệu cá nhân thoải mái. 
Thiết kế mỏng nhẹ, màu bạc hiện đại
Laptop ASUS Vivobook S14 S3407VA-LY146W có ngoại hình gọn gàng, trọng lượng chỉ 1.4kg, thuận tiện mang theo bên mình trong balo hoặc túi xách hàng ngày. Với độ dày chỉ từ 1.59cm, máy phù hợp cho người dùng di chuyển nhiều hoặc làm việc linh hoạt tại nhiều địa điểm. Đây là điểm mạnh lớn trong môi trường làm việc năng động hiện nay.
ASUS Vivobook S14 sở hữu gam màu Cool Silver sang trọng, tinh tế và phù hợp với mọi đối tượng người dùng. Thiết kế kết hợp giữa vỏ nhôm và nhựa cao cấp, tạo cảm giác chắc chắn nhưng vẫn nhẹ tay. Nhìn tổng thể, Vivobook S14 mang kiểu dáng hiện đại, chuyên nghiệp nhưng không quá cứng nhắc.
Phần vỏ máy đạt tiêu chuẩn quân sự MIL-STD 810H, đảm bảo độ bền bỉ vượt trội trước các va đập, rung lắc và điều kiện môi trường khắc nghiệt. Laptop được trang bị bàn phím Chiclet có đèn nền, giúp làm việc hiệu quả trong điều kiện ánh sáng yếu. Đặc biệt, phím Copilot hỗ trợ thao tác nhanh, nâng cao trải nghiệm nhập liệu.
Hiệu năng ổn định từ Intel Core 5 210H và GPU tích hợp
Laptop ASUS Vivobook S14 S3407VA-LY146W được trang bị vi xử lý Intel Core 5 210H với 8 lõi 12 luồng, cho xung nhịp tối đa lên tới 4.8GHz. Đây là con chip hiệu năng tốt trong phân khúc tầm trung, giúp xử lý mượt mà các tác vụ học tập, văn phòng và lập trình cơ bản
Card đồ họa tích hợp Intel UHD Graphics tuy không dành cho game nặng hay thiết kế 3D, nhưng vẫn đủ dùng cho nhu cầu văn phòng, xem phim, chỉnh ảnh nhẹ nhàng. Máy không có GPU rời nên không phù hợp với game thủ chuyên nghiệp, nhưng đổi lại tiết kiệm điện và tối ưu tản nhiệt. Đây là lựa chọn cân bằng lý tưởng giữa hiệu năng ổn định và độ bền vượt trội.
Máy được cài sẵn hệ điều hành Windows 11 Home bản quyền, tích hợp các tính năng bảo mật tiên tiến như mã hóa thiết bị và quản lý quyền riêng tư. Ngoài ra, ASUS cũng cung cấp phần mềm McAfee dùng thử 30 ngày để bảo vệ máy khỏi các mối nguy hại.
Thời lượng pin lớn và cổng kết nối linh hoạt
Laptop ASUS Vivobook S14 S3407VA-LY146W trang bị viên pin 70Wh cho thời gian sử dụng lâu dài, đáp ứng tốt nhu cầu làm việc di động. Công nghệ quản lý pin thông minh kết hợp sạc nhanh qua cổng USB-C giúp tiết kiệm thời gian sạc. Máy đảm bảo hiệu suất ổn định dù dùng trong thời gian dài.
Hệ thống tản nhiệt hiệu quả giúp máy luôn mát khi sử dụng liên tục. Máy có 2 cổng USB 3.2 Gen 1 Type-A và 2 cổng USB 3.2 Gen 1 Type-C hỗ trợ hiển thị và cấp nguồn với tốc độ lên đến 5Gbps. Ngoài ra còn có cổng HDMI 1.4 và giắc cắm âm thanh 3.5mm, giúp kết nối dễ dàng với thiết bị ngoại vi và màn hình ngoài.
Laptop ASUS Vivobook S14 S3407VA-LY146W chuẩn kết nối Wi-Fi 6 và Bluetooth 5.3 cho tốc độ mạng nhanh, kết nối không dây ổn định. Đây là lợi thế lớn trong môi trường làm việc linh hoạt và di động hiện nay. Điểm trừ nhỏ là máy không có khe đọc thẻ nhớ nhưng không ảnh hưởng nhiều đến trải nghiệm văn phòng.
Màn hình WUXGA sắc nét, tần số quét 60Hz ổn định
Máy được trang bị màn hình 14 inch WUXGA (1920 x 1200) với tỷ lệ 16:10, mở rộng không gian hiển thị so với Full HD thông thường. Tấm nền IPS cho góc nhìn lớn, hình ảnh sắc nét ở nhiều góc độ. Màn hình đạt độ sáng 300 nits, hỗ trợ chống chói và đạt chứng nhận TÜV Rheinland, bảo vệ mắt khi làm việc lâu dài.
Laptop ASUS Vivobook S14 S3407VA-LY146W trang bị tần số quét 60Hz đủ dùng cho các tác vụ thường ngày như duyệt web, làm việc, học online hay xem phim. Webcam FHD tích hợp chức năng nhận diện khuôn mặt bằng hồng ngoại (Windows Hello). Sản phẩm còn đi kèm màn trập riêng tư, giúp bảo vệ sự riêng tư của người dùng khi không sử dụng camera.
Màn hình có độ phủ màu 45% NTSC, mang đến màu sắc trung thực, sắc nét, rất phù hợp cho các công việc văn phòng cũng như nhu cầu giải trí hàng ngày. Công nghệ chống chói giúp giảm thiểu phản xạ ánh sáng hiệu quả. Nhờ đó, người dùng có thể dễ dàng sử dụng máy trong nhiều môi trường sáng khác nhau mà không bị đau mắt.
Mua ngay laptop ASUS Vivobook S14 S3407VA-LY146W chính hãng tại CellphoneS
Laptop ASUS Vivobook S14 S3407VA-LY146W là lựa chọn lý tưởng cho công việc, học tập với thiết kế mỏng nhẹ, hiệu năng ổn định và nhiều tiện ích thông minh. Khi mua tại CellphoneS, khách hàng được cam kết hàng chính hãng và bảo hành minh bạch. Hệ thống hỗ trợ giao hàng nhanh chóng, thanh toán linh hoạt, trả góp 0% dễ dàng. Ngoài ra, đội ngũ tư vấn tận tình luôn sẵn sàng giúp chọn lựa sản phẩm phù hợp nhất.","{""Bộ xử lý & Đồ họa"": [{""name"": ""Loại card đồ họa"", ""value"": ""Intel UHD Graphics""}, {""name"": ""Loại CPU"", ""value"": ""Intel Core 5 210H 2.2 GHz (12MB Cache, up to 4.8 GHz, 8 lõi, 12 luồng)""}], ""Bộ nhớ RAM, Ổ cứng"": [{""name"": ""Dung lượng RAM"", ""value"": ""16GB""}, {""name"": ""Loại RAM"", ""value"": ""DDR5""}, {""name"": ""Số khe ram"", ""value"": ""2 khe (8GB DDR5 Onboard + 8GB DDR5 SO-DIMM)""}, {""name"": ""Ổ cứng"", ""value"": ""512GB M.2 NVMe PCIe 4.0 SSD""}], ""Màn hình"": [{""name"": ""Tần số quét"", ""value"": ""60 Hz""}, {""name"": ""Chất liệu tấm nền"", ""value"": ""Tấm nền IPS""}, {""name"": ""Kích thước màn hình"", ""value"": ""14 inches""}, {""name"": ""Công nghệ màn hình"", ""value"": ""Màn hình chống chói\nĐộ sáng 300nits\nĐộ phủ màu 45% NTSC""}, {""name"": ""Độ phân giải màn hình"", ""value"": ""1920 x 1200 pixels (WUXGA)""}], ""Âm thanh"": [{""name"": ""Công nghệ âm thanh"", ""value"": ""Loa tích hợp\nMicrô mảng tích hợp""}], ""Cổng kết nối"": [{""name"": ""Khe đọc thẻ nhớ"", ""value"": ""Không""}, {""name"": ""Wi-Fi"", ""value"": ""Wi-Fi 6(802.11ax) (Dual band) 2*2""}, {""name"": ""Bluetooth"", ""value"": ""Bluetooth 5.3""}, {""name"": ""Cổng giao tiếp"", ""value"": ""2x USB 3.2 Gen 1 Type-A (tốc độ dữ liệu lên đến 5Gbps)\n2x USB 3.2 Gen 1 Type-C hỗ trợ hiển thị/cấp nguồn (tốc độ dữ liệu lên đến 5Gbps)\n1x HDMI 1.4\n1x Giắc cắm âm thanh kết hợp 3.5mm""}], ""Kích thước & Trọng lượng"": [{""name"": ""Chất liệu"", ""value"": ""Vỏ nhựa - nắp lưng kim loại""}, {""name"": ""Chất liệu vỏ màn hình"", ""value"": ""Nhôm""}, {""name"": ""Chất liệu vỏ trên"", ""value"": ""Nhựa""}, {""name"": ""Chất liệu vỏ dưới"", ""value"": ""Nhôm""}, {""name"": ""Kích thước"", ""value"": ""31.52 x 22.34 x 1.59 ~ 1.79 cm (Dài x Rộng x Dày)""}, {""name"": ""Trọng lượng"", ""value"": ""1.40 kg""}], ""Tiện ích khác"": [{""name"": ""Tính năng đặc biệt"", ""value"": ""Wi-Fi 6, Nhận diện khuôn mặt""}], ""Tính năng khác"": [{""name"": ""Loại đèn bàn phím"", ""value"": ""Bàn phím Chiclet có đèn nền Với phím Copilot""}, {""name"": ""Bảo mật"", ""value"": ""Webcam hồng ngoại hỗ trợ Windows Hello\nMcAfee\nBảo vệ mật khẩu người dùng khi khởi động BIOS\nMật khẩu người dùng thiết lập BIOS\nMô-đun nền tảng đáng tin cậy (Phần mềm TPM)""}, {""name"": ""Webcam"", ""value"": ""Camera FHD có chức năng IR hỗ trợ Windows Hello; Có màn trập riêng tư""}, {""name"": ""Hệ điều hành"", ""value"": ""Windows 11 Home""}], ""Pin & công nghệ sạc"": [{""name"": ""Pin"", ""value"": ""70WHrs, 4S1P, 4-cell Li-ion""}]}","[""https://cdn2.cellphones.com.vn/x/media/catalog/product/l/a/laptop_asus_vivobook_s14_s3407va-ly146w_-_1.png"", ""https://cdn2.cellphones.com.vn/x/media/catalog/product/l/a/laptop_asus_vivobook_s14_s3407va-ly146w_-_2_1.png"", ""https://cdn2.cellphones.com.vn/x/media/catalog/product/l/a/laptop_asus_vivobook_s14_s3407va-ly146w_-_3.png""]","{""product_color_1"": {""color"": ""Bạc"", ""image_url"": ""https://cellphones.com.vn/laptop-asus-vivobook-s14-s3407va-ly146w.html?product_id=110866"", ""price"": ""20.390.000₫""}}"
Laptop ASUS Gaming Vivobook 16X K3605VC-RP431W,laptop-asus-vivobook-16x-k3605vc-rp431w,22.090.000đ,19.490.000đ,"Đặc điểm nổi bật
Laptop ASUS Vivobook 16X K3605VC-RP431W được trang bị vi xử lý Intel Core i5-13420H cho ra hiệu suất ổn định từ công việc cho đến nhu cầu giải trí. Mẫu ASUS Vivobook Gaming này có màn hình lên đến 16 inch cùng tần số quét 144Hz cung cấp hình ảnh sắc nét không bị vỡ. Card đồ hoạ NVIDIA GeForce RTX 3050 4GB GDDR6 là một điểm cộng lớn của dòng laptop này.
Nội dung chính
1. Laptop ASUS Vivobook 16X K3605VC-RP431W – Hiệu năng vượt trội
1.1. Hiệu năng mạnh mẽ, làm việc, chơi game thoải mái
1.2. Thoải mái đa nhiệm và lưu trữ
1.3. Thiết kế mạnh mẽ, thanh lịch
1.4. Màn hình hiển thị rộng rãi ở mọi góc độ
1.5. Dung lượng pin bền bỉ, kết nối đầy đủ
2. Mua laptop ASUS Vivobook 16X K3605VC-RP431W chính hãng tại CellphoneS
Laptop ASUS Vivobook 16X K3605VC-RP431W – Hiệu năng vượt trội
ASUS Vivobook 16X K3605VC-RP431W là một lựa chọn hấp dẫn dành cho học sinh, sinh viên, dân văn phòng và cả những người làm sáng tạo nội dung. Mẫu máy này mang lại sự cân bằng tuyệt vời giữa hiệu suất, tính di động và thiết kế hiện đại.
Hiệu năng mạnh mẽ, làm việc, chơi game thoải mái
Bộ vi xử lý Intel Core i5-13420H được trang bị trên ASUS Vivobook 16X K3605VC-RP431W giúp đáp ứng tất cả các nhu cầu của khách hàng. Con chip này có 8 nhân 12 luồng, mang lại khả năng xử lý mượt mà các tác vụ từ cơ bản đến nâng cao như làm đồ họa, lập trình hay chơi game. 
Đi kèm con chip mạnh mẽ là card đồ họa rời NVIDIA GeForce RTX 3050 4GB GDDR6, hỗ trợ công nghệ Ray Tracing, DLSS. Với VGA RTX 3050, người dùng có thể thoải mái chơi các tựa game. Các phần mềm về đồ hoạ, thiết kế kỹ thuật như Photoshop, AutoCAD, Premiere đều chạy mượt mà trên sản phẩm.
Laptop ASUS Vivobook 16X K3605VC-RP431W được trang bị công nghệ tản nhiệt ASUS IceCool Plus. Quạt làm mát IceBlade với thiết kế 87 cánh được làm từ tinh thể polymer mỏng, nhẹ giúp nâng cao khả năng lưu thông không khí. Kèm theo đó là hệ thống 3 ống dẫn nhiệt nâng cấp giúp truyền dẫn nhiệt hiệu quả.
Thoải mái đa nhiệm và lưu trữ
Vivobook 16X được trang bị sẵn 16GB RAM DDR4, đáp ứng tốt các nhu cầu tác vụ đa nhiệm, mở nhiều tab trình duyệt, chạy nhiều phần mềm cùng lúc mà không lo giật lag. Với 1 khe RAM hàn bo mạch và 1 khe SO-DIMM, người dùng vẫn có thể mở rộng dung lượng RAM theo nhu cầu thực tế.
Bên cạnh đó, máy Asus Vivobook core i5 sở hữu ổ cứng SSD 512GB tốc độ cao, giúp khởi động máy, mở ứng dụng và truyền tải dữ liệu cực nhanh. Nếu nhu cầu của người dùng cần lưu trữ cao hơn nữa thì cũng có thể dễ dàng thay ổ cứng có dung lượng nhiều hơn vào.
Thiết kế mạnh mẽ, thanh lịch
Laptop ASUS Vivobook 16X K3605VC-RP431W đã ghi điểm nhờ phong cách thiết kế trẻ trung, hiện đại với gam màu đen sang trọng. Viền màn hình được làm mỏng và logo Vivobook nổi bật ở nắp máy. Chất liệu cấu tạo nên máy là từ nhựa cap cấp, vừa bển bỉ vừa mang lại cảm giác hoà hợp mọi không gian.
Sản phẩm vẫn giữ được trọng lượng nhẹ chỉ khoảng 1.8kg, một con số rất ấn tượng với một chiếc laptop màn hình 16 inch. Bên cạnh đó, bản lề của máy có khả năng mở rộng 180 độ, giúp người dùng dễ dàng chia sẻ nội dung linh hoạt mọi góc độ.
Màn hình hiển thị rộng rãi ở mọi góc độ
Một trong những điểm cộng lớn nhất của Vivobook 16X chính là màn hình 16 inch với độ phân giải WUXGA (1920 x 1200). Tỷ lệ 16:10 cho không gian hiển thị rộng hơn so với màn hình 16:9 truyền thống. Màn hình này hỗ trợ tấm nền IPS với góc nhìn rộng 178 độ, độ sáng 300 nits và khả năng hiển thị màu sắc chính xác. 
Việc sở hữu màn hình lớn giúp tối ưu hiệu suất làm việc đa nhiệm, mở được nhiều cửa sổ cùng lúc. Màn hình laptop ASUS Vivobook 16X K3605VC-RP431W có độ phủ màu 45% NTSC sẽ hỗ trợ tốt các nhu cầu giải trí và công việc liên quan tới đô fhoaj.
Tần số quét của màn hình đạt đến 144Hz cho khả năng trải nghiệm mượt mà ở mọi lĩnh vực từ làm việc, giải trí, xem phim, chơi game. Với tần số quét cao, laptop sẽ không xảy ra tình trạng xé hình với các chuyển động tốc độ cao để mọi thao tác được trơn tru, rõ nét.
Dung lượng pin bền bỉ, kết nối đầy đủ
Laptop ASUS Vivobook 16X K3605VC-RP431W được trang bị viên pin Li-ion 3-cell 50Wh, hỗ trợ sạc nhanh thông qua bộ sạc 120W đi kèm. Điều này sẽ đảm bảo khả năng hoạt động ổn định để người dùng mang theo và sử dụng khi cần đi ra ngoài.
Laptop còn được trang bị đầy đủ cổng kết nối nhằm đảm bảo hỗ trợ khách hàng trong nhiều hoàn cảnh sử dụng khác nhau. ASUS đã trang bị cho mẫu Vivobook của hãng các cổng USB 3.2 Gen 1 Type-C, USB 3.2 Gen 1 Type-A, HDMI 2.1 TMDS, jack 3.5mm,...
Mua laptop ASUS Vivobook 16X K3605VC-RP431W chính hãng tại CellphoneS
Laptop ASUS Vivobook 16X K3605VC-RP431W hiện đang được trưng bày tại các cửa hàng thuộc hệ thống CellphoneS trên cả nước. Khách hàng có thể tới trực tiếp cửa hàng đến đây trải nghiệm và sở hữu laptop với mức giá hợp lý.
Mẫu laptop ASUS Vivobook này còn có chế độ bảo hành dài hạn, đổi trả uy tín. Kèm theo đó là các chiết khấu cho thành viên Smember, hỗ trợ giao hàng miễn phí,...giúp nâng cao trải nghiệm mua hàng tại CellphoneS.","{""Bộ xử lý & Đồ họa"": [{""name"": ""Loại card đồ họa"", ""value"": ""NVIDIA Geforce RTX 3050 4GB GDDR6\nIntel UHD Graphics""}, {""name"": ""Loại CPU"", ""value"": ""Intel Core i5-13420H 2.1 GHz (12MB Cache, up to 4.6 GHz, 8 lõi, 12 luồng)""}], ""Bộ nhớ RAM, Ổ cứng"": [{""name"": ""Dung lượng RAM"", ""value"": ""16GB""}, {""name"": ""Loại RAM"", ""value"": ""DDR4 SO-DIMM""}, {""name"": ""Số khe ram"", ""value"": ""2 khe (8GB DDR4 on board + 8GB DDR4 SO-DIMM)""}, {""name"": ""Ổ cứng"", ""value"": ""512GB M.2 NVMe PCIe 4.0 SSD""}], ""Màn hình"": [{""name"": ""Tần số quét"", ""value"": ""144 Hz""}, {""name"": ""Chất liệu tấm nền"", ""value"": ""Tấm nền IPS""}, {""name"": ""Kích thước màn hình"", ""value"": ""16 inches""}, {""name"": ""Công nghệ màn hình"", ""value"": ""Độ sáng 300nits\nĐộ phủ màu 45% NTSC\nMàn hình chống chói\nTÜV Rheinland-certified""}, {""name"": ""Độ phân giải màn hình"", ""value"": ""1920 x 1200 pixels (WUXGA)""}], ""Âm thanh"": [{""name"": ""Công nghệ âm thanh"", ""value"": ""SonicMaster\nLoa tích hợp\nMicrô mảng tích hợp""}], ""Cổng kết nối"": [{""name"": ""Khe đọc thẻ nhớ"", ""value"": ""Có""}, {""name"": ""Wi-Fi"", ""value"": ""Wi-Fi 6E(802.11ax) (Dual band) 2*2""}, {""name"": ""Bluetooth"", ""value"": ""Bluetooth 5.3""}, {""name"": ""Cổng giao tiếp"", ""value"": ""1x USB 3.2 Gen 1 Type-C hỗ trợ cấp nguồn (5Gbps)\n2x USB 3.2 Gen 1 Type-A (5Gbps)\n1x HDMI 2.1 TMDS\n1x Giắc cắm âm thanh kết hợp 3,5mm\n1x DC-in\nĐầu đọc thẻ SD 4.0""}], ""Kích thước & Trọng lượng"": [{""name"": ""Chất liệu"", ""value"": ""Vỏ nhựa""}, {""name"": ""Chất liệu vỏ màn hình"", ""value"": ""Nhôm""}, {""name"": ""Chất liệu vỏ trên"", ""value"": ""Nhựa""}, {""name"": ""Chất liệu vỏ dưới"", ""value"": ""Nhựa""}, {""name"": ""Kích thước"", ""value"": ""35.86 x 24.91 x 1.89 ~ 1.89 cm (Dài x Rộng x Dày)""}, {""name"": ""Trọng lượng"", ""value"": ""1.80 kg""}], ""Tiện ích khác"": [{""name"": ""Tính năng đặc biệt"", ""value"": ""Wi-Fi 6""}], ""Tính năng khác"": [{""name"": ""Loại đèn bàn phím"", ""value"": ""Bàn phím Chiclet có đèn nền với phím số""}, {""name"": ""Bảo mật"", ""value"": ""McAfee\nBIOS Booting User Password Protection\nMô-đun nền tảng đáng tin cậy (Phần mềm TPM)""}, {""name"": ""Webcam"", ""value"": ""HD 720p có màn trập camera""}, {""name"": ""Hệ điều hành"", ""value"": ""Windows 11 Home""}], ""Pin & công nghệ sạc"": [{""name"": ""Pin"", ""value"": ""50WHrs, 3S1P, 3-cell Li-ion""}]}","[""https://cdn2.cellphones.com.vn/x/media/catalog/product/l/a/laptop_asus_vivobook_16x_k3605vc-rp431w_-_1.png"", ""https://cdn2.cellphones.com.vn/x/media/catalog/product/l/a/laptop_asus_vivobook_16x_k3605vc-rp431w_-_2.png"", ""https://cdn2.cellphones.com.vn/x/media/catalog/product/l/a/laptop_asus_vivobook_16x_k3605vc-rp431w_-_3.png""]","{""product_color_1"": {""color"": ""Đen"", ""image_url"": ""https://cellphones.com.vn/laptop-asus-vivobook-16x-k3605vc-rp431w.html?product_id=105186"", ""price"": ""19.490.000₫""}}"
Laptop ASUS TUF Gaming F16 FX607VU-RL045W,laptop-asus-tuf-gaming-f16-fx607vu-rl045w,28.990.000đ,26.890.000đ,"Đặc điểm nổi bật
Laptop ASUS TUF Gaming F16 FX607VU-RL045W sở hữu CPU Intel Core 5 210H, GPU rời RTX 4050 công suất 140W, hỗ trợ MUX Switch cùng với Advanced Optimus. Màn hình với 16 inch tần số quét 144Hz, RAM DDR5 16GB, ổ SSD PCIe 4.0 dung lượng 512GB. Máy có hệ thống âm thanh Dolby Atmos, Wi-Fi 6, bàn phím RGB và pin 56Wh hỗ trợ sạc nhanh.
Nội dung chính
1. Laptop ASUS TUF Gaming F16 FX607VU-RL045W – Bền bỉ, hiệu năng mạnh mẽ
1.1. Trợ lý Copilot và công nghệ hỗ trợ thông minh
1.2. Sức mạnh ổn định, tản nhiệt mạnh mẽ
1.3. Khả năng nâng cấp linh hoạt
1.4. Đậm chất TUF gaming, bền bỉ lâu dài
1.5. Mượt mà và sắc nét trong từng khung ảnh
1.6. Hỗ trợ đa nhiệm tốt, mang tính tiện lợi cao
2. Mua ngay laptop ASUS TUF Gaming F16 FX607VU-RL045W chính hãng tại CellphoneS
Laptop ASUS TUF Gaming F16 FX607VU-RL045W – Bền bỉ, hiệu năng mạnh mẽ
Laptop ASUS TUF Gaming F16 FX607VU-RL045W là thiết bị mang lại trải nghiệm chơi game và xử lý tác vụ nặng. Thiết bị laptop ASUS TUF này với phần cứng mạnh mẽ, thiết kế để đáp ứng yêu cầu xử lý đồ họa chuyên sâu và hoạt động ổn định.
Trợ lý Copilot và công nghệ hỗ trợ thông minh
Laptop ASUS TUF Gaming F16 FX607VU-RL045W được tích hợp phím Copilot chuyên dụng, hỗ trợ truy cập nhanh vào tính năng trợ lý AI Copilot trong Windows 11. Tính năng này được cập nhật dần theo khu vực, mang lại sự tiện lợi trong tương tác hệ điều hành.
Ngoài ra, máy Asus TUF Gaming F16 còn trang bị công nghệ AI noise-canceling giúp lọc tạp âm hiệu quả khi gọi video, học trực tuyến hoặc giao tiếp trong game. Tính năng này hoạt động cả ở micro lẫn đầu ra âm thanh, cải thiện chất lượng hội thoại trong nhiều môi trường khác nhau.
Sức mạnh ổn định, tản nhiệt mạnh mẽ
Laptop này sở hữu sức mạnh từ xử lý đến từ vi xử lý Intel Core 5 210H với 8 nhân và 12 luồng đạt tốc độ tối đa 4.8GHz. CPU này đảm bảo khả năng xử lý các tác vụ phức tạp như chơi game, thiết kế đồ họa hoặc lập trình. Cấu trúc hiện đại cho phép sử dụng hiệu quả đa nhiệm, phù hợp với khối lượng công việc liên tục.
Laptop Asus Gaming còn được trang bị card đồ họa NVIDIA GeForce RTX 4050 công suất 140W, kết hợp MUX Switch và Advanced Optimus, giúp linh hoạt giữa card tích hợp và rời. GPU RTX 4050 mang đến khả năng xử lý đồ họa với hiệu suất AI 194 TOPs, hỗ trợ Ray Tracing và DLSS 3. Hệ thống tản nhiệt được thiết kế để duy trì hiệu suất ổn định trong thời gian dài.
Khả năng nâng cấp linh hoạt
Laptop ASUS TUF Gaming F16 FX607VU-RL045W sở hữu RAM DDR5 16GB tốc độ 5600MHz, hỗ trợ nâng cấp tối đa 64GB thông qua hai khe SO-DIMM. Bộ nhớ RAM tốc độ cao giúp rút ngắn thời gian tải game, cải thiện hiệu năng đa nhiệm. Bên cạnh đó, dung lượng RAM lớn cũng tăng cường độ ổn định khi chạy nhiều ứng dụng song song.
Bên cạnh đó, ổ cứng 512GB chuẩn PCIe 4.0 NVMe mang lại tốc độ truy xuất nhanh và khả năng phản hồi tốt. Thiết bị hỗ trợ hai khe M.2, tương thích với các tùy chọn SSD lên tới 2TB, cho phép người dùng mở rộng không gian lưu trữ. Điều này giúp người dùng dễ dàng khi cần lưu trữ nhiều dữ liệu hoặc cài đặt game dung lượng lớn.
Đậm chất TUF gaming, bền bỉ lâu dài
Laptop ASUS TUF Gaming F16 FX607VU-RL045W có lớp vỏ màu Mecha Gray mang phong cách công nghiệp mạnh mẽ. Các đường nét thiết kế dứt khoát, bản lề vững chắc và logo TUF nổi bật phía sau giúp tăng độ nhận diện của dòng laptop gaming. Máy đạt tiêu chuẩn bền quân sự MIL-STD-810H, giúp tăng cường độ bền khi sử dụng trong môi trường khắc nghiệt.
Kích thước laptop nhỏ gọn cùng với trọng lượng 2.2kg, phù hợp cho game thủ thường xuyên di chuyển. Bàn phím chiclet có đèn nền RGB 1 vùng, độ nảy tốt, hành trình phím hợp lý và bổ sung phím Copilot chuyên dụng để thao tác nhanh hơn trong Windows 11.
Mượt mà và sắc nét trong từng khung ảnh
Laptop ASUS TUF Gaming F16 FX607VU-RL045W sử dụng màn hình kích thước 16 inch độ phân giải FHD+ (1920 x 1200) tỷ lệ 16:10. Qua đó giúp màn hình hiển thị nhiều nội dung hơn trong cùng khung hình. Tấm nền IPS-Level có độ sáng 300 nits và góc nhìn rộng, hỗ trợ tốt trong điều kiện ánh sáng đa dạng.
Máy còn sở hữu màn hình với tần số quét 144Hz cùng thời gian phản hồi 7ms giúp giảm hiện tượng bóng mờ và xé hình. Công nghệ G-SYNC được hỗ trợ qua cổng USB-C, giúp đồng bộ hình ảnh khi kết nối màn hình ngoài. Điều này đặc biệt hữu ích với game thủ yêu cầu chuyển động nhanh và chính xác trong các tựa game hành động.
Hỗ trợ đa nhiệm tốt, mang tính tiện lợi cao
Máy sử dụng pin 4-cell dung lượng 56Wh, hỗ trợ sạc nhanh từ 0 đến 50% chỉ trong 30 phút với adapter 240W. Công nghệ tiết kiệm điện kết hợp với Advanced Optimus giúp cân bằng giữa hiệu năng và thời lượng sử dụng thực tế. Qua đó giúp laptop này phù hợp với làm việc di động hoặc chơi game trong thời gian dài.
Bên cạnh đó, laptop tích hợp Thunderbolt 4 tốc độ cao, USB-C hỗ trợ DisplayPort và G-SYNC, hai cổng USB-A, HDMI 2.1, LAN RJ45 và jack âm thanh 3.5mm. Wi-Fi 6 và Bluetooth 5.3 mang lại tốc độ truyền ổn định và khả năng kết nối không dây linh hoạt.
Mua ngay laptop ASUS TUF Gaming F16 FX607VU-RL045W chính hãng tại CellphoneS
Mua ngay laptop ASUS TUF Gaming F16 FX607VU-RL045W chính hãng tại CellphoneS để sở hữu cỗ máy chiến game hiệu năng mạnh mẽ! Sản phẩm được phân phối chính hãng, đi kèm chính sách bảo hành minh bạch, hỗ trợ 1 đổi 1 nếu lỗi từ nhà sản xuất. Giá bán đã bao gồm VAT, giúp người dùng yên tâm về chi phí khi mua sắm. Đừng bỏ lỡ lựa chọn hấp dẫn này tại CellphoneS!","{""Bộ xử lý & Đồ họa"": [{""name"": ""Loại card đồ họa"", ""value"": ""NVIDIA GeForce RTX 4050 6GB GDDR6 (194 AI TOPs) 2420MHz* at 140W (2370MHz Boost Clock+50MHz OC, 115W+25W Dynamic Boost)\nIntel Iris Xe Graphics""}, {""name"": ""Loại CPU"", ""value"": ""Intel Core 5 210H 2.2 GHz (12MB Cache, up to 4.8 GHz, 8 lõi, 12 luồng)""}], ""Bộ nhớ RAM, Ổ cứng"": [{""name"": ""Dung lượng RAM"", ""value"": ""16GB""}, {""name"": ""Loại RAM"", ""value"": ""DDR5-5600 SO-DIMM, tốc độ bộ nhớ của hệ thống thay đổi tùy theo CPU""}, {""name"": ""Số khe ram"", ""value"": ""2x SO-DIMM (Tối đa 64GB)""}, {""name"": ""Ổ cứng"", ""value"": ""512GB PCIe 4.0 NVMe M.2 SSD (2 Khe cắm M.2 hỗ trợ SATA hoặc NVMe, tối đa 2TB)""}], ""Màn hình"": [{""name"": ""Tần số quét"", ""value"": ""144 Hz""}, {""name"": ""Chất liệu tấm nền"", ""value"": ""Tấm nền IPS""}, {""name"": ""Kích thước màn hình"", ""value"": ""16 inches""}, {""name"": ""Công nghệ màn hình"", ""value"": ""Độ sáng 300nits\nĐộ phủ màu 45%\nMàn hình chống chói\nG-Sync""}, {""name"": ""Độ phân giải màn hình"", ""value"": ""1920 x 1200 pixels (FullHD+)""}], ""Âm thanh"": [{""name"": ""Công nghệ âm thanh"", ""value"": ""Công nghệ chống ồn AI\nDolby Atmos\nChứng nhận Hi-Res (cho tai nghe)""}], ""Tiện ích khác"": [{""name"": ""Tính năng đặc biệt"", ""value"": ""Wi-Fi 6, MUX Switch""}], ""Tính năng khác"": [{""name"": ""Loại đèn bàn phím"", ""value"": ""Bàn phím Chiclet có đèn nền RGB 1 vùng Với phím Copilot""}, {""name"": ""Bảo mật"", ""value"": ""Mật khẩu quản trị viên BIOS và bảo vệ mật khẩu người dùng\nKhe Kensington Security\nMô-đun nền tảng đáng tin cậy (Phần mềm TPM)""}, {""name"": ""Webcam"", ""value"": ""720P HD camera""}, {""name"": ""Hệ điều hành"", ""value"": ""Windows 11 Home""}], ""Pin & công nghệ sạc"": [{""name"": ""Pin"", ""value"": ""56WHrs, 4S1P, 4-cell Li-ion\nSạc lại từ 0-50% trong 30 phút""}], ""Kích thước & Trọng lượng"": [{""name"": ""Kích thước"", ""value"": ""35.4 x 25.1 x 2.21 ~ 2.67 cm (Dài x Rộng x Dày)""}, {""name"": ""Trọng lượng"", ""value"": ""2.20 kg""}], ""Cổng kết nối"": [{""name"": ""Wi-Fi"", ""value"": ""Wi-Fi 6(802.11ax) (Dual band) 2*2""}, {""name"": ""Bluetooth"", ""value"": ""Bluetooth 5.3""}, {""name"": ""Cổng giao tiếp"", ""value"": ""1x LAN RJ45\n1x Thunderbolt 4 hỗ trợ DisplayPort (40Gbps)\n1x USB 3.2 Gen 2 Type-C hỗ trợ DisplayPort / Sạc / G-SYNC (10Gbps)\n2x USB 3.2 Gen 1 Type-A (5Gbps)\n1x HDMI 2.1 FRL\n1x Giắc cắm âm thanh kết hợp 3.5mm\nMicrô mảng tích hợp""}]}","[""https://cdn2.cellphones.com.vn/x/media/catalog/product/l/a/laptop_asus_tuf_gaming_f16_fx607vu-rl045w_-_1.png"", ""https://cdn2.cellphones.com.vn/x/media/catalog/product/l/a/laptop_asus_tuf_gaming_f16_fx607vu-rl045w_-_3.png"", ""https://cdn2.cellphones.com.vn/x/media/catalog/product/l/a/laptop_asus_tuf_gaming_f16_fx607vu-rl045w_-_2.png""]","{""product_color_1"": {""color"": ""Xám"", ""image_url"": ""https://cellphones.com.vn/laptop-asus-tuf-gaming-f16-fx607vu-rl045w.html?product_id=105181"", ""price"": ""26.890.000₫""}}"
Laptop ASUS Vivobook 14 M1405NAQ-LY010W,laptop-asus-vivobook-14-m1405naq-ly010w,20.590.000đ,17.690.000đ,"Đặc điểm nổi bật
Laptop ASUS Vivobook 14 M1405NAQ-LY010W sở hữu màn hình 14 inch WUXGA, chip Ryzen 5 150 cùng RAM 16GB DDR5 và SSD PCIe 4.0 cho hiệu năng ổn định. Sản phẩm gây ấn tượng bởi sự cứng cáp khi đạt độ bền MIL-STD 810H. Sản phẩm phù hợp cho người cần chiếc laptop cân bằng giữa khả năng xử lý và hiển thị.
Nội dung chính
1. Laptop ASUS Vivobook 14 M1405NAQ-LY010W - Windows 11 cùng hệ sinh thái ứng dụng ASUS
1.1. AI Noise Canceling và các tiện ích tối ưu trải nghiệm
1.2. Tăng tốc trải nghiệm sử dụng với bộ nhớ và lưu trữ thế hệ mới
1.3. Thiết kế Cool Silver thanh lịch, dễ dàng mang theo
1.4. Pin bền bỉ và kết nối đầy đủ đa dạng nhu cầu
1.5. Màn hình đạt chuẩn TÜV Rheinland, an tâm sử dụng
2. Mua laptop ASUS Vivobook 14 M1405NAQ-LY010W giá tốt tại CellphoneS
Laptop ASUS Vivobook 14 M1405NAQ-LY010W - Windows 11 cùng hệ sinh thái ứng dụng ASUS
Laptop Vivobook 14 M1405NAQ-LY010W được thiết kế thanh lịch và đạt tiêu chuẩn bền bỉ. Thế hệ laptop Asus Vivobook nổi bật nhờ khả năng tối ưu trải nghiệm người dùng, thuận tiện khi di chuyển và sử dụng lâu dài.
AI Noise Canceling và các tiện ích tối ưu trải nghiệm
Laptop ASUS Vivobook 14 M1405NAQ-LY010W được cài sẵn Windows 11 Home, mang đến giao diện hiện đại và thao tác linh hoạt. Máy tích hợp bộ ứng dụng MyASUS, ScreenXpert và GlideX, giúp người dùng quản lý hệ thống. Các công cụ này hỗ trợ kết nối đa thiết bị, sắp xếp cửa sổ thông minh.
Hệ điều hành Windows 11 và tiện ích thông minh của ASUS
Thông qua MyASUS, người dùng có thể dễ dàng thực hiện chẩn đoán hệ thống, theo dõi tình trạng máy và cập nhật phần mềm nhanh chóng. Làm việc trực tuyến trở nên hiệu quả khi máy có tính năng khử nhiễu bằng AI. Thêm vào đó, người dùng có thể kiểm soát hệ thống thông qua điều chỉnh quạt tản nhiệt và chế độ bảo vệ pin.
Tăng tốc trải nghiệm sử dụng với bộ nhớ và lưu trữ thế hệ mới
Laptop ASUS Vivobook 14 M1405NAQ-LY010W được trang bị 16GB RAM DDR5, bao gồm 8GB onboard và 8GB RAM SO-DIMM, đáp ứng tốt nhu cầu đa nhiệm. Nhờ dual-channel, máy có thể tăng băng thông bộ nhớ, giúp các tác vụ diễn ra trơn tru. Để duy trì tốc độ xử lý, người dùng có thể nâng cấp thêm dung lượng RAM.
Xử lý nhanh nhờ RAM DDR5 kết hợp SSD PCIe 4.0
Về lưu trữ, máy sở hữu ổ cứng 512GB M.2 NVMe™ PCIe® 4.0 SSD, cho tốc độ đọc ghi nhanh, rút ngắn thời gian khởi động và truy xuất dữ liệu. Khe mở rộng M.2 2280 PCIe 4.0 x4 giúp người dùng dễ dàng nâng cấp dung lượng trong tương lai. Ổ cứng SSD kết hợp cùng RAM DDR5 giúp hệ thống vận hành giảm tình trạng giật lag.
Thiết kế Cool Silver thanh lịch, dễ dàng mang theo
Laptop ASUS Vivobook 14 M1405NAQ-LY010W sở hữu thiết kế khung máy bằng nhựa, trọng lượng chỉ 1.60kg mang lại sự nhẹ nhàng nhưng vẫn cứng cáp. Tông màu Cool Silver thanh lịch kết hợp bàn phím đen tạo cảm giác hiện đại. Máy đạt chuẩn US MIL-STD 810H, giúp an tâm hơn khi di chuyển và sử dụng hằng ngày.
Thiết kế gọn nhẹ, màu sắc hiện đại và độ bền cao
Thiết bị được trang bị AMD Ryzen™ 5 150 với 6 nhân 12 luồng, xung nhịp lên đến 4.55GHz, đáp ứng tốt các tác vụ đa nhiệm. Bộ nhớ đệm 18MB Cache giúp xử lý dữ liệu nhanh hơn trong quá trình sử dụng. Đi kèm là AMD Radeon™ Graphics tích hợp, hỗ trợ cho các công việc văn phòng, học tập và giải trí cơ bản.
Pin bền bỉ và kết nối đầy đủ đa dạng nhu cầu
Laptop ASUS Vivobook 14 M1405NAQ-LY010W được trang bị pin 42WHrs, đáp ứng tốt nhu cầu sử dụng học tập và làm việc. Công suất sạc yêu cầu từ 45W đến 68W giúp đạt hiệu suất cao trong quá trình sử dụng. Pin được thiết kế liền thân, góp phần giữ cho tổng thể máy gọn gàng hơn.
Pin 42WHrs và hệ thống kết nối sẵn sàng cho mọi tác vụ
Sản phẩm đầy đủ phương thức kết nối, từ xuất ảnh qua HDMI 1.4 đến truyền dữ liệu qua USB Type-C và Type-A. Trong đó, cổng USB Type-C hỗ trợ Power Delivery giúp việc sạc và truyền dữ liệu trở nên tiện hơn. Máy còn được trang bị camera HD 720p có nắp che riêng tư, giúp bảo vệ quyền riêng tư khi không sử dụng.
Màn hình đạt chuẩn TÜV Rheinland, an tâm sử dụng
Laptop ASUS Vivobook 14 M1405NAQ-LY010W trang bị màn hình WUXGA 14 inch, điểm nhấn là tỷ lệ 16:10 giúp tối ưu diện tích làm việc. Tấm nền IPS-level kết hợp đèn nền LED giúp hình ảnh hiển thị màu sắc đồng đều. Độ sáng 300 nits giúp màn hình máy vẫn giữ được độ rõ ràng khi sử dụng ở nơi có cường độ ánh sáng cao.
Hiển thị ổn định, giảm ánh sáng xanh cho mắt
Nhờ trang bị tần số quét 60Hz, các thao tác như lướt web hay chuyển đổi giữa các cửa sổ trở nên mượt mà. Thiết kế của máy trông thanh thoát hơn nhờ tỷ lệ màn hình chiếm 86% so với khung máy. Ngoài ra, chứng nhận TÜV Rheinland giúp giảm ánh sáng xanh, góp phần bảo vệ mắt trong quá trình sử dụng kéo dài.
Mua laptop ASUS Vivobook 14 M1405NAQ-LY010W giá tốt tại CellphoneS
Mua laptop ASUS Vivobook 14 M1405NAQ-LY010W tại CellphoneS, khách hàng được cam kết sản phẩm chính hãng, nguồn gốc rõ ràng và đầy đủ hóa đơn. Trải nghiệm mua sắm tại CellphoneS với mức giá hấp dẫn, quà tặng phong phú và hỗ trợ thanh toán đa kênh ngay!
Chính sách bảo hành minh bạch, hỗ trợ đổi trả nhanh chóng giúp khách hàng yên tâm trong quá trình sử dụng. Bên cạnh đó, đội ngũ tư vấn chuyên nghiệp sẵn sàng hỗ trợ để người mua chọn được chiếc laptop phù hợp với nhu cầu.","{""Bộ xử lý & Đồ họa"": [{""name"": ""Loại card đồ họa"", ""value"": ""AMD Radeon Graphics""}, {""name"": ""Loại CPU"", ""value"": ""AMD Ryzen 5 150 3.3GHz (18MB Cache, up to 4.55 GHz, 6 lõi, 12 luồng)""}], ""Bộ nhớ RAM, Ổ cứng"": [{""name"": ""Dung lượng RAM"", ""value"": ""16GB""}, {""name"": ""Loại RAM"", ""value"": ""8GB DDR5""}, {""name"": ""Số khe ram"", ""value"": ""2 khe (8GB DDR5 on board + 8GB DDR5 SO-DIMM, Có thể nâng cấp; Cần tháo vỏ dưới/trên)""}, {""name"": ""Ổ cứng"", ""value"": ""512GB M.2 NVMe PCIe 4.0 SSD""}], ""Màn hình"": [{""name"": ""Tần số quét"", ""value"": ""60Hz""}, {""name"": ""Chất liệu tấm nền"", ""value"": ""Tấm nền IPS""}, {""name"": ""Kích thước màn hình"", ""value"": ""14 inches""}, {""name"": ""Công nghệ màn hình"", ""value"": ""Độ sáng 300 nits\nĐộ phủ màu 45% NTSC\nMàn hình chống chói\nChứng nhận TÜV Rheinland""}, {""name"": ""Độ phân giải màn hình"", ""value"": ""1920 x 1200 pixels (WUXGA)""}], ""Âm thanh"": [{""name"": ""Công nghệ âm thanh"", ""value"": ""SonicMaster\nLoa tích hợp\nMic đa hướng tích hợp""}], ""Cổng kết nối"": [{""name"": ""Khe đọc thẻ nhớ"", ""value"": ""Không""}, {""name"": ""Wi-Fi"", ""value"": ""Wi-Fi 6(802.11ax) (Dual band) 2*2""}, {""name"": ""Bluetooth"", ""value"": ""Bluetooth 5.4""}, {""name"": ""Cổng giao tiếp"", ""value"": ""1 x USB 2.0 Type-A (tốc độ đến 480Mbps)\n1 x USB 3.2 Gen 1 Type-C (5Gbps)\n1 x USB 3.2 Gen 1 Type-C hỗ trợ Power Delivery (5Gbps)\n2 x USB 3.2 Gen 1 Type-A (5Gbps)\n1 x HDMI 1.4\n1 x Jack âm thanh 3.5mm combo""}], ""Kích thước & Trọng lượng"": [{""name"": ""Chất liệu"", ""value"": ""Vỏ nhựa""}, {""name"": ""Chất liệu vỏ màn hình"", ""value"": ""Nhựa""}, {""name"": ""Chất liệu vỏ trên"", ""value"": ""Nhựa""}, {""name"": ""Chất liệu vỏ dưới"", ""value"": ""Nhựa""}, {""name"": ""Kích thước"", ""value"": ""31.71 x 22.20 x 1.99 ~ 1.99 cm (Dài x Rộng x Dày)""}, {""name"": ""Trọng lượng"", ""value"": ""1.60 kg""}], ""Tiện ích khác"": [{""name"": ""Tính năng đặc biệt"", ""value"": ""Wi-Fi 6, Bảo mật vân tay""}], ""Tính năng khác"": [{""name"": ""Loại đèn bàn phím"", ""value"": ""Bàn phím Chiclet""}, {""name"": ""Bảo mật"", ""value"": ""Cảm biến vân tay tích hợp trong touchpad\nMcAfee\nBảo vệ mật khẩu người dùng khi khởi động BIOS\nMật khẩu người dùng trong thiết lập BIOS\nMô-đun TPM (Firmware TPM)""}, {""name"": ""Webcam"", ""value"": ""Camera HD 720p; Có màn trập camera""}, {""name"": ""Hệ điều hành"", ""value"": ""Windows 11 Home""}], ""Pin & công nghệ sạc"": [{""name"": ""Pin"", ""value"": ""42WHrs, 3S1P, 3-cell Li-ion""}]}","[""https://cdn2.cellphones.com.vn/x/media/catalog/product/l/a/laptop_asus_vivobook_14_m1405naq-ly010w_-_1.png"", ""https://cdn2.cellphones.com.vn/x/media/catalog/product/l/a/laptop_asus_vivobook_14_m1405naq-ly010w_-_2.png"", ""https://cdn2.cellphones.com.vn/x/media/catalog/product/l/a/laptop_asus_vivobook_14_m1405naq-ly010w_-_3.png""]","{""product_color_1"": {""color"": ""Bạc"", ""image_url"": ""https://cellphones.com.vn/laptop-asus-vivobook-14-m1405naq-ly010w.html?product_id=119281"", ""price"": ""17.690.000₫""}}"
Laptop ASUS TUF Gaming A15 FA506NCG-HN184W,laptop-asus-tuf-gaming-a15-fa506ncg-hn184w,23.690.000đ,21.990.000đ,"Đặc điểm nổi bật
laptop Asus TUF Gaming A15 FA506NCG-HN184W được trang bị vi xử lý AMD Ryzen 7 7445HS, mang lại hiệu năng mượt mà, phù hợp cho cả chơi game lẫn làm việc. Sở hữu tấm nền 15.6 inch FHD cùng tốc độ làm tươi 144Hz, mẫu laptop Asus TUF Gaming A15 này mang lại hình ảnh ổn định hơn. Sản phẩm có bàn phím Chiclet có đèn nền RGB 1 vùng sống động, giúp tăng thêm tính thẩm mỹ.
Nội dung chính
1. Laptop Asus TUF Gaming A15 FA506NCG-HN184W - Chiến game mượt mà
1.1. Khả năng xử lý thông minh với công nghệ AI khử ồn
1.2. Sức mạnh bứt phá từ vi xử lý AMD Ryzen 7 7445HS
1.3. Đa nhiệm mượt mà nhờ RAM 16GB và SSD 512GB PCIe 4.0
1.4. Thiết kế gaming chuẩn TUF với tông màu trung tính mạnh mẽ
1.5. Màn hình 15.6 inch Full HD cùng tốc độ làm tươi 144Hz
1.6. Pin 48Wh cùng hệ thống cổng kết nối Wi-Fi 6, USB-C, HDMI 2.1
2. Mua laptop Asus TUF Gaming A15 FA506NCG-HN184W chính hãng tại CellphoneS
Laptop Asus TUF Gaming A15 FA506NCG-HN184W - Chiến game mượt mà
Laptop Asus TUF Gaming A15 FA506NCG-HN184W đem lại cảm giác chơi game trơn tru và ổn định nhờ khả năng tối ưu hiệu năng. Sản phẩm này còn sở hữu thiết kế bền bỉ, cùng nhiều tính năng hỗ trợ giúp mọi người dùng hiện nay yên tâm chinh phục mọi thử thách.
Khả năng xử lý thông minh với công nghệ AI khử ồn
Laptop Asus TUF Gaming A15 FA506NCG-HN184W được trang bị công nghệ AI khử ồn hai chiều (AI Noise-Canceling). Tính năng này sẽ giúp lọc bỏ tạp âm hiệu quả từ cả micro và loa, mang lại âm thanh trong trẻo khi gọi điện, hội họp trực tuyến hoặc chơi game voice chat.
Công nghệ sử dụng thuật toán thông minh để nhận diện và loại bỏ tiếng ồn nền như tiếng quạt, tiếng bàn phím hay tiếng gõ cửa. Nhờ vậy, giọng nói sẽ luôn giữ được sự rõ ràng và tự nhiên trong mọi tình huống. Kết hợp với hệ thống loa hỗ trợ DTS Audio, dòng laptop này sẽ mang lại trải nghiệm âm thanh vòm sống động, tái tạo chi tiết tốt cho giải trí lẫn công việc.
Sức mạnh bứt phá từ vi xử lý AMD Ryzen 7 7445HS
Sức mạnh của laptop Asus TUF Gaming A15 FA506NCG-HN184W đến từ CPU AMD Ryzen 7 7445HS với 6 nhân 12 luồng cùng tốc độ cơ bản 3.2GHz. CPU này đảm bảo khả năng xử lý mượt mà các tác vụ đa nhiệm, chỉnh sửa video, render 3D và đặc biệt là trong gaming.
Về đồ họa, máy dùng card NVIDIA GeForce RTX 3050 4GB GDDR6, TGP 60W (tối đa 75W với Dynamic Boost) cho hiệu suất xử lý hình ảnh mạnh mẽ. Do đó, người dùng dễ dàng chiến mượt các game AAA cấu hình cao hoặc làm đồ họa 3D, dựng video chuyên nghiệp.
Đa nhiệm mượt mà nhờ RAM 16GB và SSD 512GB PCIe 4.0
Laptop Asus TUF Gaming A15 FA506NCG-HN184W tích hợp RAM 16GB DDR5-5600, mang lại băng thông cao và độ trễ thấp, giúp mở được ứng dụng cùng lúc. Với 2 khe SO-DIMM, người dùng có thể nâng cấp lên tối đa 64GB để đáp ứng nhu cầu xử lý dữ liệu lớn hơn.
Thiết bị còn sở hữu ổ cứng SSD PCIe 4.0 NVMe dung lượng 512GB cho tốc độ đọc ghi nhanh, rút ngắn thời gian khởi động hệ điều hành, mở ứng dụng và tải game. Công nghệ PCIe 4.0 mới giúp băng thông gấp đôi, tối ưu trải nghiệm làm việc và giải trí. Bộ nhớ dung lượng lớn mang đến không gian lưu trữ thoải mái cho phần mềm hay các tựa game nặng.
Thiết kế gaming chuẩn TUF với tông màu trung tính mạnh mẽ
Laptop Asus TUF Gaming A15 FA506NCG-HN184W giữ vững phong cách gaming đặc trưng với khung máy cứng cáp, các đường nét góc cạnh khỏe khoắn và logo TUF nổi bật. Máy có phiên bản màu đen mang lại vẻ hiện đại, nhưng vẫn đậm chất chiến binh cực kì mạnh mẽ.
Thiết bị sử dụng bàn phím full-size có cụm phím số, hành trình phím hợp lý, đèn nền RGB 1 vùng cho phép tùy chỉnh, tạo không gian làm việc và chơi game bắt mắt. Trọng lượng khoảng 2.3kg và độ dày hợp lý giúp dễ dàng mang theo nhưng vẫn giữ được độ bền chắc.
Màn hình 15.6 inch Full HD cùng tốc độ làm tươi 144Hz
Laptop Asus TUF Gaming A15 FA506NCG-HN184W sở hữu màn hình 15.6 inch độ phân giải Full HD với tấm nền IPS cho góc nhìn rộng, màu sắc ổn định. Màn hình có độ làm tươi 144Hz mang lại độ mượt tối đa, hữu ích khi chơi game FPS, MOBA hoặc đua xe tốc độ cao.
Thiết bị còn được tích hợp công nghệ Adaptive-Sync đồng bộ hóa tốc độ khung hình của GPU với màn hình, giảm hiện tượng xé hình và giật hình khi chơi game. Máy có độ sáng 250 nits kết hợp lớp phủ chống chói cho khả năng hiển thị rõ ràng ngay cả khi ở ngoài trời.
Pin 48Wh cùng hệ thống cổng kết nối Wi-Fi 6, USB-C, HDMI 2.1
Laptop Asus TUF Gaming A15 FA506NCG-HN184W được trang bị viên pin 48Wh 3-cell Li-ion, đáp ứng tốt nhu cầu sử dụng cơ bản nhiều giờ liên tục. Hơn nữa, máy còn tích hợp Wi-Fi 6 và Bluetooth 5.3, đảm bảo tốc độ truyền tải nhanh cùng kết nối không dây ổn định.
Các cổng kết nối gồm 1x USB 3.2 Gen 2 Type-C (tích hợp DisplayPort), 3x USB 3.2 Gen 1 Type-A, 1x HDMI 2.1, 1x LAN RJ45 và 1x 3.5mm Combo Audio Jack. Hệ thống cổng kết nối này giúp liên kết dễ dàng với màn hình phụ, phụ kiện và mạng có dây.
Mua laptop Asus TUF Gaming A15 FA506NCG-HN184W chính hãng tại CellphoneS
CellphoneS cung cấp laptop Asus TUF Gaming A15 FA506NCG-HN184W chính hãng, đầy đủ chế độ bảo hành theo tiêu chuẩn của ASUS Việt Nam. Khi mua sắm tại đây, khách hàng sẽ nhận sản phẩm nguyên seal 100%, đi kèm nhiều ưu đãi hấp dẫn cả về giá lẫn quà tặng. 
Bên cạnh đó, CellphoneS hỗ trợ mua trả góp 0% lãi suất, giúp việc sở hữu sản phẩm trở nên dễ dàng. Đừng bỏ lỡ cơ hội sở hữu ngay chiếc laptop gaming này tại cửa hàng CellphoneS gần nhất!","{""Bộ xử lý & Đồ họa"": [{""name"": ""Loại card đồ họa"", ""value"": ""NVIDIA GeForce RTX 3050 4GB GDDR6 Up to 1675MHz at 60W (75W with Dynamic Boost)\nAMD Radeon Graphics""}, {""name"": ""Loại CPU"", ""value"": ""AMD Ryzen 7 7445HS 3.2GHz (22MB Cache, up to 4.7GHz, 6 lõi, 12 luồng)""}], ""Bộ nhớ RAM, Ổ cứng"": [{""name"": ""Dung lượng RAM"", ""value"": ""16GB""}, {""name"": ""Loại RAM"", ""value"": ""DDR5-5600 SO-DIMM""}, {""name"": ""Số khe ram"", ""value"": ""2 khe (nâng cấp tối đa 64GB)""}, {""name"": ""Ổ cứng"", ""value"": ""512GB PCIe 4.0 NVMe M.2 SSD )2 Khe cắm M.2 hỗ trợ cả SATA hoặc NVMe, tối đa 1TB)""}], ""Màn hình"": [{""name"": ""Tần số quét"", ""value"": ""144 Hz""}, {""name"": ""Chất liệu tấm nền"", ""value"": ""Tấm nền IPS""}, {""name"": ""Kích thước màn hình"", ""value"": ""15.6 inches""}, {""name"": ""Công nghệ màn hình"", ""value"": ""Độ sáng 250nits\nĐộ phủ màu NTSC 45% / SRGB 62.5% / Adobe 47.34%\nMàn hình chống chói\nAdaptive-Sync""}, {""name"": ""Độ phân giải màn hình"", ""value"": ""1920 x 1080 pixels (FullHD)""}], ""Âm thanh"": [{""name"": ""Công nghệ âm thanh"", ""value"": ""Công nghệ chống ồn AI\nXử lý âm thanh DTS\nChứng nhận Hi-Res (cho tai nghe)""}], ""Tiện ích khác"": [{""name"": ""Tính năng đặc biệt"", ""value"": ""Wi-Fi 6""}], ""Tính năng khác"": [{""name"": ""Loại đèn bàn phím"", ""value"": ""Bàn phím Chiclet có đèn nền RGB 1 vùng""}, {""name"": ""Bảo mật"", ""value"": ""Mật khẩu Quản trị viên BIOS và Bảo vệ Mật khẩu Người dùng\nKhe Bảo mật Kensington\nMô-đun Nền tảng Đáng tin cậy (Phần mềm TPM)""}, {""name"": ""Webcam"", ""value"": ""720P HD camera""}, {""name"": ""Hệ điều hành"", ""value"": ""Windows 11 Home""}], ""Pin & công nghệ sạc"": [{""name"": ""Pin"", ""value"": ""48WHrs, 3S1P, 3-cell Li-ion""}], ""Kích thước & Trọng lượng"": [{""name"": ""Kích thước"", ""value"": ""35.9 x 25.6 x 2.28 ~ 2.45 cm (Dải x Rộng x Dày)""}, {""name"": ""Trọng lượng"", ""value"": ""2.30 Kg""}], ""Cổng kết nối"": [{""name"": ""Wi-Fi"", ""value"": ""Wi-Fi 6(802.11ax) (Dual band) 2*2""}, {""name"": ""Bluetooth"", ""value"": ""Bluetooth 5.3""}, {""name"": ""Cổng giao tiếp"", ""value"": ""1x cổng LAN RJ45\n1x cổng USB 3.2 Gen 2 Type-C hỗ trợ DisplayPort (tốc độ dữ liệu lên đến 10Gbps)\n3x cổng USB 3.2 Gen 1 Type-A (tốc độ dữ liệu lên đến 5Gbps)\n1x cổng HDMI 2.1 TMDS\n1x 3.5mm Combo Audio Jack""}]}","[""https://cdn2.cellphones.com.vn/x/media/catalog/product/l/a/laptop_asus_tuf_gaming_a15_fa506ncg-hn184w_-_1.png"", ""https://cdn2.cellphones.com.vn/x/media/catalog/product/l/a/laptop_asus_tuf_gaming_a15_fa506ncg-hn184w_-_2.png"", ""https://cdn2.cellphones.com.vn/x/media/catalog/product/l/a/laptop_asus_tuf_gaming_a15_fa506ncg-hn184w_-_3.png""]","{""product_color_1"": {""color"": ""Đen"", ""image_url"": ""https://cellphones.com.vn/laptop-asus-tuf-gaming-a15-fa506ncg-hn184w.html?product_id=110215"", ""price"": ""21.990.000₫""}}"
Laptop ASUS Zenbook A14 UX3407QA-QD299WS,laptop-asus-zenbook-a14-ux3407qa-qd299ws-copilot-x-plus,31.990.000đ,27.290.000đ,"Đặc điểm nổi bật
Laptop ASUS Zenbook A14 UX3407QA-QD299WS Copilot X Plus được trang bị bên trong vi xử lý Snapdragon X X1 26 100, cùng với card đồ hoạ Qualcomm Adreno GPU. Mẫu laptop Asus Zenbook này được trang bị 16GB Ram LPDDR5X, đi kèm là ổ cứng 512GB M.2 NVM PCIe 4.0. Màn hình rộng 14 inches tỉ lệ 16:10 có công nghệ TUV Rheinland-certified chống chói.
Nội dung chính
1. Laptop ASUS Zenbook A14 UX3407QA-QD299WS Copilot X Plus: Xử lý mọi tác vụ
1.1. Bộ xử lý Snapdragon X X1 26 100 – cân mọi tác vụ nhẹ nhàng
1.2. RAM 16GB đa nhiệm thoải mái – SSD công nghệ PCle truyền tải nhanh
1.3. Màn hình rộng 14 inches tỉ lệ 16:10 – Công nghệ chống chói hiện đại
1.4. Qualcomm Adreno GPU – Card đồ hoạ video mạnh mẽ, sắc nét
1.5. Pin 3Cell 70WHrs, 3S1P – Thời gian sử dụng và sự bền bỉ theo thời gian
1.6. Thiết kế hiện đại, bắt mắt – Âm thanh sống động – Trọng lượng lý tưởng
2. Mua laptop ASUS Zenbook A14 UX3407QA-QD299WS Copilot X Plus tại CellphoneS
Laptop ASUS Zenbook A14 UX3407QA-QD299WS Copilot X Plus: Xử lý mọi tác vụ
Máy tính có thiết kế thời trang, cấu hình ổn định, khả năng xử lý tác vụ, là nhu cầu mà đa số khách hàng đều lựa chọn. Laptop ASUS Zenbook A14 UX3407QA-QD299WS Copilot X Plus đến từ nhà ASUS sẽ đáp ứng được các yêu cầu trên.
Bộ xử lý Snapdragon X X1 26 100 – cân mọi tác vụ nhẹ nhàng
ASUS Zenbook A14 UX3407QA-QD299WS Copilot X Plus được trang bị Snapdragon X X1 26 100, xung nhịp của máy lên tới 2.97GHz, 30MB Cache, 8 lõi, 8 luồng khả năng đa nhiệm tốt. Máy còn cho phép người dùng sử dụng để giải trí, tác vụ văn phòng, học tập vô cùng mạnh mẽ.
Bên cạnh đó, card đồ họa Qualcomm Adreno GPU sẽ mang đến cho khách hàng trải nghiệm xem video siêu nét sau những giờ làm việc căng thẳng. Người dùng chắc chắn sẽ cảm thấy hài lòng với sản phẩm này.
RAM 16GB đa nhiệm thoải mái – SSD công nghệ PCle truyền tải nhanh
Laptop ASUS Zenbook A14 UX3407QA-QD299WS Copilot X Plus được gắn sẵn trong máy dung lượng 16GB RAM. Với dung lượng RAM có sẵn lớn này, thì laptop sẽ cung cấp một khả năng xử lý đa nhiệm rất mượt. Hệ thống ổ cứng 512GB M.2 NVME PCIe 4.0 kết hợp với RAM chuẩn LPDDR5X sẽ giúp máy tính hoạt động tốt hơn.
SSD được trang bị trên máy có chuẩn PCle 4.0 sẽ hỗ trợ truyền tải dữ liệu ở tốc độ cao nhờ bộ nhớ lên tới 512GB. Việc khởi động laptop sẽ dễ dàng trong thời gian ngắn và với chuẩn PCle 4.0 thì chia sẻ dữ liệu ở độ phân giải cao sẽ diễn ra trong tích tắc.
Màn hình rộng 14 inches tỉ lệ 16:10 – Công nghệ chống chói hiện đại
Sản phẩm laptop ASUS Zenbook A14 UX3407QA được ưu ái với màn hình rộng 14 inches tỉ lệ 16:10, tần số đạt 60Hz, độ phân giải 1920 x 1200 pixels, cho vùng hiển thị sắc nét. Đi kèm theo máy là rất nhiều công nghệ màn hình tiên tiến như: Độ sáng 400nits, độ sáng tối đa 600nits, công nghệ HDR, độ phủ màu 100% DCI-P3, HDR True Black 600.
Ngoài ra, màn hình còn có công nghệ giảm 70% ánh sáng xanh có hại cho mắt và TUV Rheinland-certified chống chói. Laptop hiển thị rực rỡ với 1.07 tỷ màu và bảo vệ, chăm sóc mắt theo chuẩn SGS.
Qualcomm Adreno GPU – Card đồ hoạ video mạnh mẽ, sắc nét
Qualcomm Adreno GPU trên laptop ASUS Zenbook A14 UX3407QA-QD299WS Copilot X Plus là một card xử lý đồ hoạ (GPU) được Qualcomm thiết kế. GPU này được tích hợp trong vi xử lý Snapdragon cho điện thoại, máy tính bảng. Việc đưa lên laptop sẽ giúp việc xem video của người dùng được cải thiện rõ, âm thanh hình ảnh sắc nét hơn.
(8) Tiến trình chip mới nên có thể không kết nối được với các thiết bị có driver cũ
Không chỉ dừng lại ở việc cải thiện chất lượng xem video, GPU này còn giúp tối ưu trải nghiệm chơi game và các ứng dụng 3D. Bên cạnh đó, card đồ hoạ Adreno rất tiết kiệm năng lượng, giúp máy tính có thời lượng sử dụng lâu hơn.
Pin 3Cell 70WHrs, 3S1P – Thời gian sử dụng và sự bền bỉ theo thời gian
Pin của máy là loại pin được ứng dụng bởi công nghệ Lithium-ion (Li-ion). Pin cho trải nghiệm thời gian sử dụng dài, mật độ năng lượng cao, tuổi thọ được kéo dài. Hai bên cạnh laptop ASUS Zenbook A14 UX3407QA-QD299WS Copilot X Plus được bố trí các cổng kết nối thông dụng, dễ dàng liên kết thiết bị khác. 
1 x USB 3.2 Gen 2 Type-A (tốc độ 10Gbps)
2 x USB 4.0 Gen 3 Type-C hỗ trợ hiển thị/sạc (tốc độ 40Gbps)
1 x HDMI 2.1 TMDS
1 x Giắc cắm âm thanh kết hợp 3.5mm
Thiết kế hiện đại, bắt mắt – Âm thanh sống động – Trọng lượng lý tưởng
ASUS Zenbook A14 UX3407QA-QD299WS có trọng lượng nhẹ chỉ 0.98kg, thích hợp cho việc mang đi di chuyển. Laptop ASUS Zenbook A14 UX3407QA-QD299WS Copilot X Plus được trang bị công nghệ kết nối không dây bluetooth 5.3 tiện lợi. Ngoài ra, Wi-Fi 6E(802.11ax) (Triple band) 2*2 của máy sẽ giúp truy cập mạng internet ở tốc độ cao ổn định.
Khi người dùng muốn giải trí với các tựa phim, MV âm nhạc thì hệ thống âm thanh của máy cũng sẽ đáp ứng đầy đủ. Việc gọi điện bằng video call cũng sẽ được rõ nét với Webcam FHD camera with IR function to support Windows Hello của laptop ASUS Zenbook.
Mua laptop ASUS Zenbook A14 UX3407QA-QD299WS Copilot X Plus tại CellphoneS
Laptop ASUS Zenbook A14 UX3407QA-QD299WS Copilot X Plus là một trong những lựa chọn phù hợp với đối tượng khách hàng là học sinh, sinh viên, dân văn phòng. Sản phẩm của Asus sở hữu thiết kế mỏng, hiệu năng mạnh mẽ, là trợ thủ đắc lực cho người dùng.
CellphoneS là cửa hàng luôn tổ chức nhiều chương trình. Đến đây, khách hàng sẽ được nhân viên chăm sóc tận tình và có thể mua được sản phẩm với hình thức trả góp. Đặc biệt hơn, khi mua online CellphoneS có cả dịch vụ giao hàng, hỗ trợ kỹ thuật.","{""Bộ xử lý & Đồ họa"": [{""name"": ""Chip AI"", ""value"": ""Qualcomm Hexagon NPU up to 45TOPS""}, {""name"": ""Loại card đồ họa"", ""value"": ""Qualcomm Adreno GPU\nTiến trình chip mới nên có thể không kết nối được với các thiết bị có driver cũ""}, {""name"": ""Loại CPU"", ""value"": ""Snapdragon X X1 26 100 (30MB Cache, up to 2.97GHz, 8 lõi, 8 luồng)""}], ""Bộ nhớ RAM, Ổ cứng"": [{""name"": ""Dung lượng RAM"", ""value"": ""16GB""}, {""name"": ""Loại RAM"", ""value"": ""LPDDR5X""}, {""name"": ""Số khe ram"", ""value"": ""Onboard""}, {""name"": ""Ổ cứng"", ""value"": ""512GB M.2 NVMe PCIe 4.0 SSD""}], ""Màn hình"": [{""name"": ""Tần số quét"", ""value"": ""60Hz""}, {""name"": ""Chất liệu tấm nền"", ""value"": ""Tấm nền Oled""}, {""name"": ""Kích thước màn hình"", ""value"": ""14 inches""}, {""name"": ""Công nghệ màn hình"", ""value"": ""Thời gian phản hồi 0.2ms\nĐộ sáng 400nits\nĐộ sáng tối đa 600nits HDR\nĐộ phủ màu 100% DCI-P3\nHDR True Black 600\n1.07 tỷ màu\nGiảm 70% ánh sáng xanh có hại\nTÜV Rheinland-certified\nMàn hình chăm sóc mắt SGS""}, {""name"": ""Độ phân giải màn hình"", ""value"": ""1920 x 1200 pixels (WUXGA)""}], ""Âm thanh"": [{""name"": ""Công nghệ âm thanh"", ""value"": ""Công nghệ Smart Amp\nLoa tích hợp\nMicrô mảng tích hợp""}], ""Kích thước & Trọng lượng"": [{""name"": ""Chất liệu"", ""value"": ""Vỏ kim loại""}, {""name"": ""Chất liệu vỏ màn hình"", ""value"": ""Mg-Al""}, {""name"": ""Chất liệu vỏ trên"", ""value"": ""Mg-Al""}, {""name"": ""Chất liệu vỏ dưới"", ""value"": ""Mg-Al""}, {""name"": ""Kích thước"", ""value"": ""31.07 x 21.39 x 1.34 ~ 1.59 cm (Dài x Rộng x Dày)""}, {""name"": ""Trọng lượng"", ""value"": ""0.98 kg""}], ""Tiện ích khác"": [{""name"": ""Tính năng đặc biệt"", ""value"": ""Wi-Fi 6, Nhận diện khuôn mặt, Màn hình Oled""}], ""Tính năng khác"": [{""name"": ""Loại đèn bàn phím"", ""value"": ""Bàn phím Chiclet có đèn nền""}, {""name"": ""Bảo mật"", ""value"": ""Webcam IR hỗ trợ Windows Hello\nMcAfee\nBIOS Booting User Password Protection\nBIOS setup user password\nMicrosoft Pluton security processor\nTrusted Platform Module (Firmware TPM)""}, {""name"": ""Webcam"", ""value"": ""Camera FHD có chức năng IR hỗ trợ Windows Hello""}, {""name"": ""Hệ điều hành"", ""value"": ""Windows 11 Home + Microsoft Office Home 2024 + Microsoft 365 Basic""}], ""Pin & công nghệ sạc"": [{""name"": ""Pin"", ""value"": ""70WHrs, 3S1P, 3-cell Li-ion""}], ""Cổng kết nối"": [{""name"": ""Wi-Fi"", ""value"": ""Wi-Fi 6E(802.11ax) (Triple band) 2*2""}, {""name"": ""Bluetooth"", ""value"": ""Bluetooth 5.3""}, {""name"": ""Cổng giao tiếp"", ""value"": ""1x USB 3.2 Gen 2 Type-A (10Gbps)\n2x USB 4.0 Gen 3 Type-C hỗ trợ hiển thị/sạc (40Gbps)\n1x HDMI 2.1 TMDS\n1x Giắc cắm âm thanh kết hợp 3.5mm""}]}","[""https://cdn2.cellphones.com.vn/x/media/catalog/product/l/a/laptop_asus_zenbook_14_ux3407qa-qd299ws_-_1_1.png"", ""https://cdn2.cellphones.com.vn/x/media/catalog/product/l/a/laptop_asus_zenbook_14_ux3407qa-qd299ws_-_2.png"", ""https://cdn2.cellphones.com.vn/x/media/catalog/product/l/a/laptop_asus_zenbook_14_ux3407qa-qd299ws_-_3_1.png""]","{""product_color_1"": {""color"": ""Be"", ""image_url"": ""https://cellphones.com.vn/laptop-asus-zenbook-a14-ux3407qa-qd299ws-copilot-x-plus.html?product_id=101153"", ""price"": ""27.290.000₫""}}"
Laptop ASUS Vivobook Go 15 E1504FA-BQ1150W,laptop-asus-vivobook-go-15-e1504fa-bq1150w,14.990.000đ,14.390.000đ,"Đặc điểm nổi bật
Laptop ASUS Vivobook Go 15 E1504FA-BQ1150W là chiếc máy tính xách tay di động được trang bị bộ vi xử lý AMD Ryzen 5 7520U và bộ nhớ 16GB LPDDR5 mạnh mẽ. Máy sở hữu màn hình FHD 15.6 inch sắc nét cùng ổ cứng 512GB SSD NVMe tốc độ cao. Tất cả những điều này được gói gọn trong thiết kế mỏng nhẹ, bền bỉ đạt chuẩn quân đội MIL-STD 810H.
Nội dung chính
1. Laptop ASUS Vivobook Go 15 E1504FA-BQ1150W - Hiệu năng xử lý vượt trội 
1.1. Công nghệ khử tiếng ồn AI, hỗ trợ đàm thoại rõ ràng
1.2. Đa nhiệm mượt mà với 16GB RAM LPDDR5
1.3. Thiết kế mỏng nhẹ, bền bỉ chỉ 1.63kg
1.4. Hiệu năng ổn định với chip AMD Ryzen 5 7520U
1.5. Pin 42WHrs, đầy đủ cổng kết nối hiện đại
1.6. Màn hình 15.6 inch FHD, tấm nền IPS-level chống lóa
2. Mua laptop ASUS Vivobook Go 15 E1504FA-BQ1150W chính hãng tại CellphoneS
Laptop ASUS Vivobook Go 15 E1504FA-BQ1150W - Hiệu năng xử lý vượt trội 
Laptop ASUS Vivobook Go 15 E1504FA-BQ1150W có sự cân bằng giữa hiệu suất làm việc và tính di động, được thiết kế để đáp ứng nhu cầu học tập và công việc hiện đại. Máy kết hợp các thành phần phần cứng tiên tiến cùng những công nghệ của ASUS.
Công nghệ khử tiếng ồn AI, hỗ trợ đàm thoại rõ ràng
Thế hệ laptop Asus Vivobook này được tích hợp công nghệ khử tiếng ồn AI hiện đại. Công nghệ này sử dụng thuật toán thông minh để nhận diện và lọc bỏ hiệu quả các tạp âm không mong muốn từ môi trường xung quanh. Điều này đảm bảo chất lượng âm thanh đầu ra và đầu vào trong trẻo, rõ ràng trong các cuộc gọi video hay họp trực tuyến.
Trải nghiệm giao tiếp từ đó được nâng lên một tầm cao mới, chuyên nghiệp và hiệu quả hơn. Người dùng có thể tự tin tham gia các cuộc thảo luận quan trọng mà không bị làm phiền bởi tiếng ồn từ quán cà phê, văn phòng hay không gian công cộng. Việc truyền đạt thông tin trở nên rõ ràng, giúp tăng cường sự tập trung và hiệu quả cho cả hai bên tham gia.
Đa nhiệm mượt mà với 16GB RAM LPDDR5
Sở hữu dung lượng RAM 16GB chuẩn LPDDR5, laptop ASUS Vivobook Go 15 E1504FA-BQ1150W mang đến khả năng đa nhiệm vượt trội. Nền tảng bộ nhớ thế hệ mới có tốc độ nhanh hơn và tiết kiệm điện năng hơn so với thế hệ trước. Nhờ đó, việc vận hành đồng thời nhiều phần mềm hay nhiều tab trình duyệt diễn ra mượt mà, không bị giật lag.
Dung lượng bộ nhớ dồi dào đảm bảo hệ thống luôn duy trì được sự phản hồi nhanh chóng, ngay cả khi xử lý các tác vụ nặng. Điều này tạo ra một quy trình làm việc không bị gián đoạn, cho phép chuyển đổi giữa các ứng dụng một cách trơn tru. Đối với các công việc đòi hỏi sự tập trung cao, khả năng này giúp duy trì hiệu suất làm việc ổn định trong thời gian dài.
Thiết kế mỏng nhẹ, bền bỉ chỉ 1.63kg
Laptop ASUS Vivobook Go 15 E1504FA-BQ1150W nổi bật với thiết kế thanh lịch, có trọng lượng chỉ 1.63 kg và độ mỏng 1.79 cm. Sự gọn nhẹ này giúp người dùng linh hoạt mang máy theo bên mình để học tập, xử lý công việc. Quan trọng hơn, sản phẩm đã vượt qua các bài kiểm tra nghiêm ngặt để đạt chứng nhận độ bền chuẩn quân đội Hoa Kỳ MIL-STD 810H.
Độ bền chuẩn quân đội thể hiện sự đảm bảo về khả năng chống chịu va đập, rung lắc và hoạt động ổn định trong các điều kiện môi trường khắc nghiệt của máy. Nhờ vậy, người dùng có thể tự tin sử dụng máy từ làm việc tại chỗ cho đến mang theo thường xuyên. Thiết kế vừa di động vừa bền bỉ giúp bảo vệ linh kiện bên trong và kéo dài tuổi thọ của thiết bị.
Hiệu năng ổn định với chip AMD Ryzen 5 7520U
Cung cấp sức mạnh cho laptop ASUS Vivobook Go 15 E1504FA-BQ1150W là bộ vi xử lý AMD Ryzen 5 7520U với cấu trúc 4 nhân 8 luồng. Con chip này có xung nhịp tối đa lên đến 4.3GHz, đi kèm card đồ họa tích hợp AMD Radeon Graphics mạnh mẽ. Sự kết hợp này mang lại hiệu năng ổn định, xử lý nhanh chóng và hiệu quả mọi tác vụ văn phòng cơ bản.
Hệ thống có khả năng đáp ứng tốt các ứng dụng làm việc như Microsoft Office, duyệt web với nhiều tab và xem video độ phân giải cao. Đồ họa tích hợp cũng đủ sức xử lý các công việc chỉnh sửa ảnh nhẹ nhàng hoặc chơi các tựa game không đòi hỏi cấu hình cao. Đây là một cấu hình cân bằng, tối ưu cho hiệu suất làm việc và tiết kiệm năng lượng.
Pin 42WHrs, đầy đủ cổng kết nối hiện đại
Laptop ASUS Vivobook Go 15 E1504FA-BQ1150W trang bị pin 3-cell 42WHrs, cung cấp thời lượng sử dụng đủ cho công việc và học tập. Máy hỗ trợ đầy đủ các cổng kết nối quan trọng giúp tối ưu hóa khả năng tương thích với thiết bị ngoại vi. Các cổng này bao gồm USB 3.2 Gen 1 Type-C, USB 3.2 Gen 1 Type-A, USB 2.0, HDMI 1.4 và jack âm thanh 3.5mm.
Sự đa dạng về cổng kết nối giúp loại bỏ sự phiền toái khi phải mang theo các bộ chuyển đổi phức tạp. Người dùng có thể dễ dàng trình chiếu nội dung lên màn hình lớn qua cổng HDMI, kết nối chuột, bàn phím và truyền dữ liệu tốc độ cao qua cổng USB Type-A và Type-C. Sự tiện lợi này làm tăng tính linh hoạt và hiệu quả trong mọi môi trường làm việc khác nhau.
Màn hình 15.6 inch FHD, tấm nền IPS-level chống lóa
Trải nghiệm thị giác trên laptop ASUS Vivobook Go 15 E1504FA-BQ1150W được đảm bảo nhờ màn hình 15.6 inch có độ phân giải Full HD (1920 x 1080). Tấm nền IPS-level cho góc nhìn rộng và màu sắc nhất quán, kết hợp lớp phủ chống lóa giúp giảm thiểu phản chiếu. Đặc biệt, viền màn hình siêu mỏng giúp mở rộng không gian hiển thị lên đến 84%.
Màn hình này còn đạt chứng nhận từ TUV Rheinland, giúp bảo vệ mắt và giảm mệt mỏi khi phải làm việc trong thời gian dài. Với độ sáng 250 nits và độ phủ màu 45% NTSC, chất lượng hiển thị đủ đáp ứng tốt nhu cầu xem phim, lướt web và làm việc với các tài liệu. Hình ảnh luôn được tái tạo một cách rõ ràng và chân thực.
Mua laptop ASUS Vivobook Go 15 E1504FA-BQ1150W chính hãng tại CellphoneS
CellphoneS là địa chỉ mua sắm đáng tin cậy để sở hữu laptop ASUS Vivobook Go 15 E1504FA-BQ1150W chính hãng với mức giá ưu đãi. Sản phẩm được cam kết bảo hành tại các trung tâm bảo hành chính hãng trên toàn quốc. Ngoài ra, hệ thống còn áp dụng chính sách 1 đổi 1 trong thời gian đầu nếu thiết bị phát sinh lỗi phần cứng từ nhà sản xuất. Hãy liên hệ ngay với CellphoneS qua tổng đài để được tư vấn và trải nghiệm sản phẩm.","{""Bộ xử lý & Đồ họa"": [{""name"": ""Loại card đồ họa"", ""value"": ""AMD Radeon Graphics""}, {""name"": ""Loại CPU"", ""value"": ""AMD Ryzen 5 7520U 2.8GHz (6MB Cache, up to 4.3GHz, 4 lõi, 8 luồng)""}], ""Bộ nhớ RAM, Ổ cứng"": [{""name"": ""Dung lượng RAM"", ""value"": ""16GB""}, {""name"": ""Loại RAM"", ""value"": ""LPDDR5 Onboard""}, {""name"": ""Ổ cứng"", ""value"": ""512GB M.2 NVMe PCIe 3.0 SSD""}], ""Màn hình"": [{""name"": ""Tần số quét"", ""value"": ""60 Hz""}, {""name"": ""Chất liệu tấm nền"", ""value"": ""Tấm nền IPS""}, {""name"": ""Kích thước màn hình"", ""value"": ""15.6 inches""}, {""name"": ""Công nghệ màn hình"", ""value"": ""Độ sáng 250nits\nĐộ phủ màu 45% NTSC\nMàn hình chống chói\nTÜV Rheinland-certified""}, {""name"": ""Độ phân giải màn hình"", ""value"": ""1920 x 1080 pixels (FullHD)""}], ""Âm thanh"": [{""name"": ""Công nghệ âm thanh"", ""value"": ""SonicMaster\nLoa tích hợp\nMicrô mảng tích hợp""}], ""Kích thước & Trọng lượng"": [{""name"": ""Chất liệu"", ""value"": ""Vỏ nhựa""}, {""name"": ""Chất liệu vỏ màn hình"", ""value"": ""Nhựa""}, {""name"": ""Chất liệu vỏ trên"", ""value"": ""Nhựa""}, {""name"": ""Chất liệu vỏ dưới"", ""value"": ""Nhựa""}, {""name"": ""Kích thước"", ""value"": ""36.03 x 23.25 x 1.79 ~ 1.79 cm (Dài x Rộng x Dày)""}, {""name"": ""Trọng lượng"", ""value"": ""1.63 kg""}], ""Tiện ích khác"": [{""name"": ""Tính năng đặc biệt"", ""value"": ""Wi-Fi 6, Bảo mật vân tay""}], ""Tính năng khác"": [{""name"": ""Loại đèn bàn phím"", ""value"": ""Bàn phím Chiclet""}, {""name"": ""Bảo mật"", ""value"": ""McAfee\nBảo vệ mật khẩu người dùng khi khởi động BIOS\nMô-đun Nền tảng đáng tin cậy (Phần mềm TPM)""}, {""name"": ""Webcam"", ""value"": ""Camera HD 720p; Có màn trập camera""}, {""name"": ""Hệ điều hành"", ""value"": ""Windows 11 Home""}], ""Pin & công nghệ sạc"": [{""name"": ""Pin"", ""value"": ""42WHrs, 3S1P, 3-cell Li-ion""}], ""Cổng kết nối"": [{""name"": ""Wi-Fi"", ""value"": ""Wi-Fi 6E(802.11ax) (Dual band) 1*1""}, {""name"": ""Bluetooth"", ""value"": ""Bluetooth 5.3""}, {""name"": ""Cổng giao tiếp"", ""value"": ""1x USB 2.0 Type-A (tốc độ dữ liệu lên đến 480Mbps)\n1x USB 3.2 Gen 1 Type-A (5Gbps)\n1x USB 3.2 Gen 1 Type-C (5Gbps)\n1x HDMI 1.4\n1x Jack âm thanh kết hợp 3.5mm\n1x DC-in""}]}","[""https://cdn2.cellphones.com.vn/x/media/catalog/product/l/a/laptop_asus_vivobook_go_15_e1504fa-bq1150w_-_1.png"", ""https://cdn2.cellphones.com.vn/x/media/catalog/product/l/a/laptop_asus_vivobook_go_15_e1504fa-bq1150w_-_2.png"", ""https://cdn2.cellphones.com.vn/x/media/catalog/product/l/a/laptop_asus_vivobook_go_15_e1504fa-bq1150w_-_3.png""]","{""product_color_1"": {""color"": ""Bạc"", ""image_url"": ""https://cellphones.com.vn/laptop-asus-vivobook-go-15-e1504fa-bq1150w.html?product_id=110213"", ""price"": ""14.390.000₫""}}"
Laptop ASUS TUF Gaming F16 FX608JMR-RV048W,laptop-asus-tuf-gaming-f16-fx608jmr-rv048w,40.990.000đ,37.890.000đ,"Đặc điểm nổi bật
Laptop Asus TUF Gamnig F16 FX608JMR-RV048W có hiệu năng tốt nhờ CPU Intel Core i7-14650HX, card đồ họa NVIDIA GeForce RTX 5060, RAM 32GB DDR5-5600. Máy trang bị ổ cứng SSD 1TB PCIe 4.0 NVM, màn hình 16 inch WUXGA 165Hz, và pin 90Wh. Cùng với đó là tông màu xám Jaeger Gray, thiết kế đạt chuẩn độ bền cao, hỗ trợ hàng loạt các cổng kết nối.
Nội dung chính
1. Laptop Asus TUF Gamnig F16 FX608JMR-RV048W - Sức mạnh xử lý ấn tượng
1.1. Hiệu năng tốt nhờ CPU i7-14650HX
1.2. RAM 32GB và ổ cứng lớn
1.3. Thiết kế mạnh mẽ, tiện lợi
1.4. Màn hình sắc nét, mượt mà
1.5. Viên pin lớn, nhiều kết nối
2. Mua ngay laptop Asus TUF Gamnig F16 FX608JMR-RV048W chính hãng tại CellphoneS
Laptop Asus TUF Gamnig F16 FX608JMR-RV048W - Sức mạnh xử lý ấn tượng
Asus TUF Gamnig F16 FX608JMR-RV048W là mẫu laptop ASUS TUF Gaming hiện đại, được thiết kế để đáp ứng nhu cầu chơi game và làm việc chuyên sâu. Với cấu hình mạnh mẽ và thiết kế bền bỉ, sản phẩm hứa hẹn sẽ mang đến trải nghiệm vượt trội cho người dùng.
Hiệu năng tốt nhờ CPU i7-14650HX
Laptop Asus TUF Gamnig F16 FX608JMR-RV048W có sức mạnh ấn tượng nhờ chip Intel Core i7-14650HX thuộc dòng H-series hiệu năng cao, với cấu trúc 16 nhân 24 luồng. CPU này có tốc độ xung nhịp tối đa lên đến 5.2GHz, mang đến khả năng xử lý mạnh mẽ và mượt mà, giúp máy đáp ứng tốt các tác vụ nặng như dựng video, chơi game AAA.
Song hành cùng CPU là card đồ họa rời NVIDIA® GeForce RTX 5060 với bộ nhớ VRAM 8GB GDDR7 mới, hỗ trợ công nghệ MUX Switch và NVIDIA Advanced Optimus. Sự kết hợp này không chỉ nâng cao hiệu suất hiển thị hình ảnh trên Asus TUF Gaming F16 mà còn giúp chuyển đổi linh hoạt giữa GPU tích hợp và GPU rời để tiết kiệm năng lượng, kéo dài thời lượng pin.
Hệ thống tản nhiệt của máy được nâng cấp với quạt Arc Flow hiện đại, giúp giải phóng nhiệt hiệu quả ở các linh kiện trọng yếu. Nhờ vậy, máy luôn duy trì mức nhiệt độ ổn định trong suốt quá trình sử dụng cường độ cao, góp phần bảo vệ tuổi thọ của CPU, GPU và nâng cao độ bền tổng thể của thiết bị.
RAM 32GB và ổ cứng lớn
Laptop Asus TUF Gamnig F16 FX608JMR-RV048W được trang bị 32GB RAM chuẩn DDR5-5600 SO-DIMM với tốc độ xử lý vượt trội. Bộ nhớ RAM thế hệ mới này không chỉ giúp tăng tốc độ phản hồi mà còn đảm bảo sự ổn định cho laptop Asus Gaming khi vận hành nhiều phần mềm nặng cùng lúc, mang lại trải nghiệm mượt mà.
Bên cạnh đó, laptop còn sở hữu ổ cứng SSD PCIe 4.0 NVMe™ M.2 dung lượng 1TB, cho tốc độ đọc ghi siêu nhanh, giúp giảm đáng kể thời gian khởi động máy và truy cập ứng dụng. Máy còn hỗ trợ thêm một khe cắm M.2 PCIe mở rộng, cho phép linh hoạt nâng cấp không gian lưu trữ khi cần, rất phù hợp với những ai làm việc với dữ liệu, game thủ.
Thiết kế mạnh mẽ, tiện lợi
Laptop Asus TUF Gamnig F16 FX608JMR-RV048W sở hữu thiết kế vuông vức, khỏe khoắn với gam màu xám Jaeger Gray chủ đạo, toát lên vẻ hiện đại chuyên nghiệp. Phần khung máy được chế tác từ vật liệu bền bỉ, đạt chuẩn độ bền cao, giúp thiết bị hoạt động ổn định trong những điều kiện môi trường khắc nghiệt.
Bàn phím Chiclet trên máy được trang bị hệ thống đèn nền RGB 1 vùng, đi kèm phím Copilot đặc trưng, giúp người dùng dễ dàng thao tác ban đêm và truy cập nhanh các tính năng. Touchpad có kích thước lớn, độ nhạy cao và khả năng phản hồi chính xác, mang đến trải nghiệm điều hướng mượt mà trong cả công việc văn phòng lẫn chơi game.
Màn hình sắc nét, mượt mà
Laptop Asus TUF Gamnig F16 FX608JMR-RV048W được trang bị màn hình kích thước 16 inch với độ phân giải WUXGA (1920 x 1200) trên tỷ lệ hiển thị 16:10. Tấm nền IPS cao cấp mang lại góc nhìn rộng lên 178 độ cùng khả năng hiển thị màu sắc chính xác với 100% dải màu sRGB, hỗ trợ tốt cho cả công việc sáng tạo lẫn nhu cầu giải trí.
Màn hình Asus TUF Gamnig F16 FX608JMR-RV048W có tần số quét 165Hz kết hợp công nghệ G-SYNC từ NVIDIA giúp loại bỏ hiện tượng xé hình và giảm thiểu độ trễ đầu vào. Độ sáng đạt 300 nits giúp hình ảnh hiển thị rõ ràng trong nhiều môi trường ánh sáng khác nhau, từ phòng tối đến không gian làm việc có ánh sáng tự nhiên mạnh.
Viên pin lớn, nhiều kết nối
Laptop Asus TUF Gamnig F16 FX608JMR-RV048W được trang bị viên pin 4-cell dung lượng lớn 90Wh, cung cấp thời lượng hoạt động khá ấn tượng. Ngoài ra, máy còn hỗ trợ sạc nhanh thông qua cổng USB-C với công suất lên đến 100W, rút ngắn đáng kể thời gian nạp đầy năng lượng và tối ưu hiệu quả làm việc lẫn giải trí.
Về khả năng kết nối, laptop hỗ trợ hàng loạt các cổng hiện đại như Thunderbolt 4 hỗ trợ DisplayPort/G-SYNC, USB 3.2 Gen 2 Type-C, ba cổng USB 3.2 Gen 2 Type-A. Bên cạnh đó, HDMI 2.1 FRL, cổng mạng LAN RJ45 và jack tai nghe 3.5mm tiện dụng cũng hỗ trơ máy kết nối tai nghe hoặc micro rời nhanh chóng, phục vụ tốt cho đa dạng nhu cầu.
Mua ngay laptop Asus TUF Gamnig F16 FX608JMR-RV048W chính hãng tại CellphoneS
Laptop Asus TUF Gamnig F16 FX608JMR-RV048W đang được phân phối chính hãng tại hệ thống CellphoneS với giá cạnh tranh. Đến với CellphoneS, khách hàng sẽ được hưởng bảo hành uy tín, hỗ trợ kỹ thuật tận tình và nhiều khuyến mãi hấp dẫn. CellphoneS còn cung cấp hỗ trợ giao hàng nhanh tận nơi, trả góp linh hoạt, tư vấn nhiệt tình. Do đó, đừng bỏ qua cơ hội rước về tay chiếc laptop gaming chất lượng này với giá phải chăng từ CellphoneS!","{""Bộ xử lý & Đồ họa"": [{""name"": ""Loại card đồ họa"", ""value"": ""NVIDIA GeForce RTX 5060 8GB GDDR7 115W (100W+15W)\nIntel UHD Graphics""}, {""name"": ""Loại CPU"", ""value"": ""Intel Core i7 14650HX 2.2 GHz (30MB Cache, up to 5.2 GHz, 16 lõi, 24 luồng)""}], ""Bộ nhớ RAM, Ổ cứng"": [{""name"": ""Dung lượng RAM"", ""value"": ""16GB""}, {""name"": ""Loại RAM"", ""value"": ""DDR5-5600 SO-DIMM""}, {""name"": ""Số khe ram"", ""value"": ""2 khe (1x 16GB, nâng cấp tối đa 32GB)""}, {""name"": ""Ổ cứng"", ""value"": ""1TB PCIe 4.0 NVMe M.2 SSD (2 Khe cắm M.2 tối đa 2TB)""}], ""Màn hình"": [{""name"": ""Tần số quét"", ""value"": ""165 Hz""}, {""name"": ""Chất liệu tấm nền"", ""value"": ""Tấm nền IPS""}, {""name"": ""Kích thước màn hình"", ""value"": ""16 inches""}, {""name"": ""Công nghệ màn hình"", ""value"": ""Độ sáng 300 nits\nĐộ phủ màu NTSC 72.00%, SRGB 100.00%, Adobe 75.35%\nMàn hình chống chói\nG-Sync""}, {""name"": ""Độ phân giải màn hình"", ""value"": ""1920 x 1200 pixels (WUXGA)""}], ""Âm thanh"": [{""name"": ""Công nghệ âm thanh"", ""value"": ""Công nghệ chống ồn AI\nDolby Atmos\nChứng nhận Hi-Res (cho tai nghe)""}], ""Tiện ích khác"": [{""name"": ""Tính năng đặc biệt"", ""value"": ""Wi-Fi 6, Nhận diện khuôn mặt, MUX Switch""}], ""Tính năng khác"": [{""name"": ""Loại đèn bàn phím"", ""value"": ""Bàn phím Chiclet có đèn nền RGB 1 vùng Với phím Copilot""}, {""name"": ""Bảo mật"", ""value"": ""Mật khẩu quản trị viên BIOS và bảo vệ mật khẩu người dùng\nMô-đun nền tảng đáng tin cậy (Phần mềm TPM)""}, {""name"": ""Webcam"", ""value"": ""Camera IR FHD 1080P cho Windows Hello""}, {""name"": ""Hệ điều hành"", ""value"": ""Windows 11 Home""}], ""Pin & công nghệ sạc"": [{""name"": ""Pin"", ""value"": ""90WHrs, 4S1P, 4-cell Li-ion""}], ""Kích thước & Trọng lượng"": [{""name"": ""Kích thước"", ""value"": ""35.4 x 26.9 x 1.79 ~ 2.73 cm (Dài x Rộng x Dày)""}, {""name"": ""Trọng lượng"", ""value"": ""2.20 kg""}], ""Cổng kết nối"": [{""name"": ""Wi-Fi"", ""value"": ""Wi-Fi 6E(802.11ax) (Triple band) 2*2""}, {""name"": ""Bluetooth"", ""value"": ""Bluetooth 5.3""}, {""name"": ""Cổng giao tiếp"", ""value"": ""1x Cổng LAN RJ45\n1x Thunderbolt 4 hỗ trợ DisplayPort / G-SYNC (40Gbps)\n1x USB 3.2 Gen 2 Type-C hỗ trợ DisplayPort / cung cấp điện (10Gbps)\n3x USB 3.2 Gen 2 Type-A (10Gbps)\n1x HDMI 2.1 FRL\n1x Giắc cắm âm thanh kết hợp 3.5mm""}]}","[""https://cdn2.cellphones.com.vn/x/media/catalog/product/l/a/laptop_asus_tuf_gaming_f16_fx608jmr-rv048w_-_1.png"", ""https://cdn2.cellphones.com.vn/x/media/catalog/product/l/a/laptop_asus_tuf_gaming_f16_fx608jmr-rv048w_-_3.png"", ""https://cdn2.cellphones.com.vn/x/media/catalog/product/l/a/laptop_asus_tuf_gaming_f16_fx608jmr-rv048w_-_2.png""]","{""product_color_1"": {""color"": ""Xám"", ""image_url"": ""https://cellphones.com.vn/laptop-asus-tuf-gaming-f16-fx608jmr-rv048w.html?product_id=106274"", ""price"": ""37.890.000₫""}}"
Laptop ASUS Vivobook 14 X1404VA-NK394W,laptop-asus-vivobook-14-x1404va-nk394w,13.490.000đ,12.890.000đ,"Đặc điểm nổi bật
Laptop Asus Vivobook 14 X1404VA-NK394W hoạt động mạnh với CPU Intel Core i3-1315U cùng với bộ nhớ RAM 8GB, ổ cứng 512GB PCIE. Laptop bền bỉ với chuẩn rơi vỡ MIL-STD 810H cùng với 1 trọng lượng nhẹ 1.40 kg. Sản phẩm laptop Asus Vivobook này mang lại khả năng hiển thị chất lượng với tần số quét 60Hz cùng với gam màu 45% NTSC cùng lớp phủ chống chói. 
Nội dung chính
1. Laptop Asus Vivobook 14 X1404VA-NK394W – Thiết kế bắt mắt, hoạt động ổn định
1.1. RAM DDR4 8GB đa nhiệm ổn cùng không gian lưu trữ rộng 512GB
1.2. Thiết kế bền bỉ chuẩn MIL-STD 810H, trọng lượng 1.4kg
1.3. Hoạt động ổn với CPU Intel i3-1315U
1.4. Pin 3cell 42 WHrs cùng cổng kết nối tối ưu
2. Mua laptop Asus Vivobook 14 X1404VA-NK394W chính hãng tại CellphoneS
Laptop Asus Vivobook 14 X1404VA-NK394W – Thiết kế bắt mắt, hoạt động ổn định
Vivobook là dòng laptop mỏng nhẹ cùng một cấu hình vừa phải cũng như giá bán phải chăng phù hợp với học sinh hay nhân viên văn phòng. Vậy Asus X1404VA-NK394W có những đặc điểm gì, tính năng ra sao thì hãy cùng tìm hiểu sau đây.
RAM DDR4 8GB đa nhiệm ổn cùng không gian lưu trữ rộng 512GB
Asus Vivobook 14 X1404VA-NK394W được trang bị bộ nhớ RAM 8GB chuẩn DDR4 giúp mang lại khả năng đa nhiệm tốt. Người sử dụng có thể vừa học tập và mở các tab để nghe nhạc hay xem phim cùng lúc. Bên cạnh đó là ổ cứng 512GB với chuẩn M.2 NVMe 4.0. Với dung lượng này giúp laptop có nhiều không gian cho người dùng lưu trữ tài liệu học tập, hình ảnh hay các video giải trí.
Thiết kế bền bỉ chuẩn MIL-STD 810H, trọng lượng 1.4kg
Laptop Asus X1404VA-NK394W sở hữu một vẻ ngoài mỏng nhẹ nhưng vô cùng bền bỉ với tiêu chuẩn US MIL-STD 810H. Với vỏ bọc màu bạc bắt mắt cùng độ mỏng chỉ 17.9mm cùng trọng lượng 1.4kg. Nhờ đó laptop Asus Vivobook core i3 mang lại tính di động cao, người dùng có thể mang theo dễ dàng mà không mất nhiều sức lực. Do đó máy rất phù hợp với đối tượng cần di chuyển nhiều như sinh viên hay nhân viên văn phòng.
Laptop vẫn sở hữu một thiết kế đặc trung của dòng Vivobook với logo Asus Vivobook nổi bật. Bên trong là bàn phím ASUS ErgoSense với độ sâu 0.2mm cùng khoảng cách giữa các phím là 19.05mm giúp mang lại trải nghiệm gõ chính xác và thoải mái. Hành trình phím 1.4mm trên laptop giúp người dùng có thể gõ chữ mà không cần sử dụng quá nhiều lực cũng như vòm cao su giúp mang lại độ nảy tốt.
Toupad trên laptop 14 inch được thiết kế với kích thước lớn với điểm nhấn là ASUS NumberPad 2.0. Một thiết kế thường chỉ có trên dòng cao cấp nhờ đó giúp tối ưu sử dụng với khả nhu cầu nhập liệu. Máy cũng được thiết kế định dạng vân tay giúp mang lại khả năng bảo mật tốt hơn cũng như mở khóa nhanh chóng.
Cùng với đó thì laptop Asus này còn được trang bị webcam với thiết kế nắp che. Nhờ đó người dùng có thể sử dụng họp video trực tuyến mà không cần thêm các phụ kiện hỗ trợ. Đặc biệt camera này còn được trang bị nắp che giúp đảm bảo sự riêng tư của người sử dụng.
Hoạt động ổn với CPU Intel i3-1315U
Laptop Asus Vivobook 14 X1404VA-NK394W còn sở hữu một khả năng hoạt động ổn định với chip Intel® Core™ i3-1315U. Con chip được thiết kế với 6 nhân, 8 luồng cùng với xung nhịp đỉnh có thể đến 4.5 GHz. Kết hợp với bộ nhớ cache 10MP giúp laptop có một khả năng hoạt động ổn định. Kết hợp với GPU Intel® UHD Graphics giúp tối ưu cho khả năng hiển thị hình ảnh.
Pin 3cell 42 WHrs cùng cổng kết nối tối ưu
Asus Vivobook 14 X1404VA-NK394W với viên pin 3 cell dung lượng tổng lên đến 42 WHrs giúp mang lại thời lượng sử dụng tốt. Không chỉ vậy, laptop còn được tối ưu việc bổ sung năng lượng nhờ sạc nhanh. Cụ thể, chỉ với 49 phút sạc laptop có thể bổ sung được 60% năng lượng.
Assu X1404VA-NK394W còn cho phép người dùng kết nối dễ dàng với hệ thống cổng I/O. Trong đó, sản phẩm sẽ được trang bị các cổng như USB-C 3.2, USB 2.0 hay HDMI và jack âm thanh. Nhờ đó mà người sử dụng có thể kết nối laptop với màn hình, bàn phím hay máy chiếu dễ dàng.
Mua laptop Asus Vivobook 14 X1404VA-NK394W chính hãng tại CellphoneS
Asus Vivobook 14 X1404VA-NK394W là dòng laptop mọng nhẹ, cấu hình phải chăng cùng với giá thành hợp lý. Nếu quan tâm đến mẫu laptop Asus Vivobook này thì khách hàng có thể tìm mua tại hệ thống cửa hàng CellphoneS. Tại đây, sản phẩm laptop đảm bảo chính hãng cùng với giá bán cũng như ưu đãi thanh toán vượt trội. Đặc biệt, CellphoneS còn có các chương trình như trả góp 0%, trải nghiệm demo sản phẩm dành cho khách mua hàng.","{""Bộ xử lý & Đồ họa"": [{""name"": ""Loại card đồ họa"", ""value"": ""Intel UHD Graphics""}, {""name"": ""Loại CPU"", ""value"": ""Intel Core i3-1315U 1.2 GHz (10MB Cache, up to 4.5 GHz, 6 lõi, 8 luồng)""}], ""Bộ nhớ RAM, Ổ cứng"": [{""name"": ""Dung lượng RAM"", ""value"": ""8GB""}, {""name"": ""Loại RAM"", ""value"": ""DDR4""}, {""name"": ""Số khe ram"", ""value"": ""8GB On board (Có thể nâng cấp, cần tháo vỏ dưới/trên)""}, {""name"": ""Ổ cứng"", ""value"": ""512GB M.2 NVMe PCIe 4.0 SSD""}], ""Màn hình"": [{""name"": ""Tần số quét"", ""value"": ""60 Hz""}, {""name"": ""Chất liệu tấm nền"", ""value"": ""Tấm nền IPS""}, {""name"": ""Kích thước màn hình"", ""value"": ""14 inches""}, {""name"": ""Công nghệ màn hình"", ""value"": ""Độ sáng 250nits\nĐộ phủ màu 45% NTSC\nMàn hình chống chói\nTÜV Rheinland-certified""}, {""name"": ""Độ phân giải màn hình"", ""value"": ""1920 x 1080 pixels (FullHD)""}], ""Âm thanh"": [{""name"": ""Công nghệ âm thanh"", ""value"": ""SonicMaster\nLoa tích hợp\nMicrô mảng tích hợp""}], ""Kích thước & Trọng lượng"": [{""name"": ""Chất liệu"", ""value"": ""Vỏ nhựa""}, {""name"": ""Chất liệu vỏ màn hình"", ""value"": ""Nhựa""}, {""name"": ""Chất liệu vỏ trên"", ""value"": ""Nhựa""}, {""name"": ""Chất liệu vỏ dưới"", ""value"": ""Nhựa""}, {""name"": ""Kích thước"", ""value"": ""32.49 x 21.39 x 1.79 ~ 1.79 cm (Dài x Rộng x Dày)""}, {""name"": ""Trọng lượng"", ""value"": ""1.40 kg""}], ""Tiện ích khác"": [{""name"": ""Tính năng đặc biệt"", ""value"": ""Wi-Fi 6, Bảo mật vân tay""}], ""Tính năng khác"": [{""name"": ""Loại đèn bàn phím"", ""value"": ""Bàn phím Chiclet""}, {""name"": ""Bảo mật"", ""value"": ""Cảm biến vân tay tích hợp với Touchpad\nMcAfee\nBIOS Booting User Password Protection\nBIOS setup user password\nTrusted Platform Module (Firmware TPM)""}, {""name"": ""Webcam"", ""value"": ""720p HD camera với màn trập camera""}, {""name"": ""Hệ điều hành"", ""value"": ""Windows 11 Home""}], ""Pin & công nghệ sạc"": [{""name"": ""Pin"", ""value"": ""42WHrs, 3S1P, 3-cell Li-ion""}], ""Cổng kết nối"": [{""name"": ""Wi-Fi"", ""value"": ""Wi-Fi 6E(802.11ax) (Dual band) 1*1""}, {""name"": ""Bluetooth"", ""value"": ""Bluetooth 5.3""}, {""name"": ""Cổng giao tiếp"", ""value"": ""1x USB 2.0 Type-A (data speed up to 480Mbps)\n1x USB 3.2 Gen 1 Type-C (data speed up to 5Gbps)\n2x USB 3.2 Gen 1 Type-A (data speed up to 5Gbps)\n1x HDMI 1.4\n1x 3.5mm Combo Audio Jack\n1x DC-in""}]}","[""https://cdn2.cellphones.com.vn/x/media/catalog/product/l/a/laptop_asus_vivobook_14_x1404va-nk394w_-_1.png"", ""https://cdn2.cellphones.com.vn/x/media/catalog/product/l/a/laptop_asus_vivobook_14_x1404va-nk394w_-_2.png"", ""https://cdn2.cellphones.com.vn/x/media/catalog/product/l/a/laptop_asus_vivobook_14_x1404va-nk394w_-_3.png""]","{""product_color_1"": {""color"": ""Bạc"", ""image_url"": ""https://cellphones.com.vn/laptop-asus-vivobook-14-x1404va-nk394w.html?product_id=95794"", ""price"": ""12.890.000₫""}}"
Laptop ASUS ZenBook 14 UX3405CA-ST628W,laptop-asus-zenbook-14-ux3405ca-st628w,31.990.000đ,27.590.000đ,"Đặc điểm nổi bật
Laptop ASUS ZenBook 14 UX3405CA-ST628W dùng chip Intel Core Ultra 5 225H với xung nhịp tăng tốc lên 4.9 GHz và RAM 16GB LPDDR5X vận hành hiệu quả. SSD PCIe 4.0 dung lượng 512GB tạo không gian rộng rãi và rút ngắn thời gian truy cập. Thiết bị có kích thước gọn nhẹ 1.2kg cùng pin 75WHrs dễ dàng làm việc mọi nơi.
Nội dung chính
1. Laptop ASUS ZenBook 14 UX3405CA-ST628W - Đa nhiệm mượt mà, nâng cao hiệu suất
1.1. Đa nhiệm mượt với RAM 16GB LPDDR5X
1.2. Vẻ ngoài màu xanh thanh lịch, thiết kế gọn nhẹ, bền chắc
1.3. Nâng cao hiệu suất với Intel Core Ultra 5 225H
1.4. Dùng linh hoạt nhờ pin 75WHrs và đầy đủ cổng kết nối
1.5. Thông tin trên màn hình 14 inch 3K OLED hiển thị rõ
2. Mua ngay laptop ASUS ZenBook 14 UX3405CA-ST628W chính hãng tại CellphoneS
Laptop ASUS ZenBook 14 UX3405CA-ST628W - Đa nhiệm mượt mà, nâng cao hiệu suất
Laptop ASUS Zenbook này sở hữu công nghệ AI tiên tiến cùng cấu hình mạnh mẽ, đáp ứng nhu cầu công việc hiện đại. Sản phẩm được phát triển để phục vụ người dùng cần thiết bị làm việc hiệu quả và di động cao.
Đa nhiệm mượt với RAM 16GB LPDDR5X
RAM 16GB chuẩn LPDDR5X gắn liền bo mạch chủ trên laptop ASUS ZenBook 14 UX3405CA-ST628W tạo ra băng thông truyền tải nhanh hơn đáng kể. Điều này cho phép laptop vận hành đồng thời nhiều chương trình nặng mà vẫn phản hồi nhanh nhạy.
Cấu hình RAM mạnh mẽ cho công việc đa tác vụ hiện đại
Nhờ vào SSD dung lượng 512GB theo chuẩn NVMe PCIe 4.0, chiếc laptop này có không gian lưu trữ rộng rãi và khả năng rút ngắn thời gian khởi động hệ điều hành. Từ đó, người dùng có thể thoải mái lưu giữ nhiều ứng dụng làm việc lẫn tài liệu cá nhân, đồng thời mở các tệp dung lượng lớn hay xử lý video chất lượng cao nhanh chóng. 
Vẻ ngoài màu xanh thanh lịch, thiết kế gọn nhẹ, bền chắc
Laptop ASUS ZenBook 14 UX3405CA-ST628W có vỏ ngoài được gia công từ nhôm bền chắc, giúp bảo vệ linh kiện tốt hơn, đồng thời hạn chế vết xước khi va chạm. Chứng nhận MIL-STD 810H từ quân đội Mỹ xác nhận thiết bị đã vượt qua các bài kiểm tra khắt khe, đảm bảo vận hành tin cậy trong nhiều môi trường khác nhau.
Thiết kế kim loại nhôm bền chắc với màu xanh thanh lịch
Bên cạnh đó, laptop ASUS này có khối lượng 1.2kg và độ mỏng chỉ 1.49cm, tạo điều kiện để người dùng bỏ vào túi xách khi di chuyển mà không cảm thấy nặng nề. Với kích thước 31.24 x 22.01cm cùng tông màu xanh mang phong cách chuyên nghiệp, thiết bị phù hợp để sử dụng ở hầu hết các không gian làm việc và học tập.
Nâng cao hiệu suất với Intel Core Ultra 5 225H
Laptop ASUS ZenBook 14 UX3405CA-ST628W là dòng thiết bị hiện đại với chip Intel AI Boost NPU công suất 13 TOPS mang khả năng xử lý tác vụ AI mạnh mẽ. Công nghệ này tăng tốc các chức năng AI như tự động lọc nhiễu âm thanh, hỗ trợ người dùng tăng năng suất hiệu quả trong các tác vụ công việc ngày nay.
Bộ xử lý tích hợp AI tăng hiệu suất công việc
Đồng thời, mẫu laptop còn được trang bị chip Intel Core Ultra 5 225H với kiến trúc 14 nhân cùng 14 luồng xử lý, giúp gia tăng đáng kể hiệu năng vận hành. Với xung nhịp khởi điểm 1.7 GHz và có khả năng đạt 4.9 GHz khi tải nặng, chiếc laptop sử dụng linh hoạt từ soạn thảo đến xử lý nội dung đa phương tiện.
GPU Intel Arc Graphics tích hợp trên sản phẩm cũng đáp ứng nhu cầu đồ họa hàng ngày của người dùng trong công việc và giải trí. Các tác vụ như biên tập clip độ phân giải Full HD, thiết kế hay chơi game thể loại nhẹ đều được vận hành ổn định.
Dùng linh hoạt nhờ pin 75WHrs và đầy đủ cổng kết nối
Laptop ASUS ZenBook 14 UX3405CA-ST628W sở hữu viên pin 4 cell Li-ion 75WHrs cung cấp năng lượng ổn cho buổi làm việc kéo dài. Wi-Fi 7 chuẩn 802.11be Tri-band 2x2 cùng Bluetooth 5.4 mang lại tốc độ kết nối Internet và các thiết bị vượt trội. Nhờ đó, người dùng có thể yên tâm sử dụng laptop tiện lợi, linh hoạt ở mọi nơi.
Kết nối không dây cáp tiện lợi và nguồn pin ổn định
Ngoài ra, ASUS đã trang bị cho mẫu laptop này đầy đủ các cổng kết nối thường gặp, từ đó tối ưu khả năng đáp ứng nhu cầu sử dụng đa dạng của người dùng. Cụ thể, hai cổng Thunderbolt 4 truyền dữ liệu với tốc độ 40Gbps, đồng thời hỗ trợ sạc pin và xuất hình sang màn hình phụ. 
Laptop được trang bị đầy đủ các cổng kết nối 
Cổng USB 3.2 Gen 1 Type-A đạt 5Gbps giúp người dùng kết nối thuận lợi với ổ cứng ngoài hay thiết bị cũ. Laptop có thể xuất hình ảnh ra TV hoặc máy chiếu phục vụ thuyết trình khi người sử dụng có nhu cầu thông qua cổng HDMI 2.1 TMDS. Cuối cùng là jack 3.5mm cắm tai nghe và mic để nghe nhạc hoặc đàm thoại riêng tư.
Thông tin trên màn hình 14 inch 3K OLED hiển thị rõ
Màn hình OLED 14 inch tỷ lệ 16:10 với độ phân giải 3K (2880 x 1800) trên laptop ASUS ZenBook 14 UX3405CA-ST628W mở rộng không gian hiển thị rõ nét. Tần số quét 120Hz kết hợp thời gian phản hồi 0.2ms giúp giảm bớt hiện tượng nhòe hình, tạo chuyển động mượt khi thao tác nhanh hay chơi game tốc độ cao.
Màn hình OLED 3K cho hiển thị rõ nét
Bên cạnh đó, màn hình có độ sáng cực đại lên đến 1000 nits hỗ trợ HDR giúp người dùng quan sát nội dung rõ ràng ngay cả khi làm việc ngoài trời. Gam màu DCI-P3 phủ 100% đảm bảo hiển thị màu sắc chính xác, hỗ trợ các tác vụ sáng tạo nội dung, thiết kế đồ họa,... được thuận lợi hơn.
Mua ngay laptop ASUS ZenBook 14 UX3405CA-ST628W chính hãng tại CellphoneS
CellphoneS phân phối laptop ASUS ZenBook 14 UX3405CA-ST628W chính hãng với bảo hành đầy đủ, minh bạch. Đội ngũ tư vấn giàu chuyên môn chủ động hỗ trợ khách hàng lựa chọn cấu hình phù hợp với nhu cầu. CellphoneS với nhiều ưu đãi và hình thức trả góp 0% tạo điều kiện sở hữu sản phẩm dễ dàng hơn. Khu vực demo và tư vấn cho phép người mua xem thực tế để đưa ra quyết định đầu tư phù hợp.","{""Bộ xử lý & Đồ họa"": [{""name"": ""Chip AI"", ""value"": ""Intel AI Boost NPU up to 13TOPS""}, {""name"": ""Loại card đồ họa"", ""value"": ""Intel Arc Graphics""}, {""name"": ""Loại CPU"", ""value"": ""Intel Core Ultra 5 225H 1.7 GHz (18MB Cache, up to 4.9 GHz, 14 lõi, 14 luồng)""}], ""Bộ nhớ RAM, Ổ cứng"": [{""name"": ""Dung lượng RAM"", ""value"": ""16GB""}, {""name"": ""Loại RAM"", ""value"": ""LPDDR5X on board""}, {""name"": ""Ổ cứng"", ""value"": ""512GB M.2 NVMe PCIe 4.0 SSD""}], ""Màn hình"": [{""name"": ""Tần số quét"", ""value"": ""120 Hz""}, {""name"": ""Chất liệu tấm nền"", ""value"": ""Tấm nền Oled""}, {""name"": ""Kích thước màn hình"", ""value"": ""14 inches""}, {""name"": ""Công nghệ màn hình"", ""value"": ""Độ sáng 500 nits\nĐộ sáng tối đa 1000 nits HDR\nĐộ phủ màu 100% DCI-P3\nTỷ lệ tương phản 1.000.000:1\nDisplay HDR True Black 1000\n1.07 tỷ màu\nGiảm 70% ánh sáng xanh có hại\nĐược chứng nhận bởi TÜV Rheinland\nSGS Eye Care Display""}, {""name"": ""Độ phân giải màn hình"", ""value"": ""2880 x 1800 pixels""}], ""Âm thanh"": [{""name"": ""Công nghệ âm thanh"", ""value"": ""Công nghệ Smart Amp\nLoa tích hợp\nMicrophone mảng tích hợp""}], ""Kích thước & Trọng lượng"": [{""name"": ""Chất liệu"", ""value"": ""Vỏ kim loại""}, {""name"": ""Chất liệu vỏ màn hình"", ""value"": ""Nhôm""}, {""name"": ""Chất liệu vỏ trên"", ""value"": ""Nhôm""}, {""name"": ""Chất liệu vỏ dưới"", ""value"": ""Nhôm""}, {""name"": ""Kích thước"", ""value"": ""31.24 x 22.01 x 1.49 ~ 1.49 cm (Dài x Rộng x Dày)""}, {""name"": ""Trọng lượng"", ""value"": ""1.20 kg""}], ""Tiện ích khác"": [{""name"": ""Tính năng đặc biệt"", ""value"": ""Nhận diện khuôn mặt, Màn hình Oled, Wi-Fi 7""}], ""Tính năng khác"": [{""name"": ""Loại đèn bàn phím"", ""value"": ""Bàn phím Chiclet có đèn nền""}, {""name"": ""Bảo mật"", ""value"": ""Webcam hồng ngoại (IR) hỗ trợ Windows Hello\nMcAfee\nMô-đun nền tảng tin cậy TPM (Firmware TPM)""}, {""name"": ""Webcam"", ""value"": ""Camera FHD với chức năng hồng ngoại hỗ trợ Windows Hello, có màn trập camera""}, {""name"": ""Hệ điều hành"", ""value"": ""Windows 11 Home""}], ""Pin & công nghệ sạc"": [{""name"": ""Pin"", ""value"": ""75WHrs, 2S2P, 4-cell Li-ion""}], ""Cổng kết nối"": [{""name"": ""Wi-Fi"", ""value"": ""Wi-Fi 7(802.11be) (Tri-band)2*2""}, {""name"": ""Bluetooth"", ""value"": ""Bluetooth 5.4""}, {""name"": ""Cổng giao tiếp"", ""value"": ""1 x USB 3.2 Gen 1 Type-A (tốc độ dữ liệu tối đa 5Gbps)\n2 x Thunderbolt 4 (hỗ trợ xuất hình / cấp nguồn, tốc độ dữ liệu tối đa 40Gbps)\n1 x HDMI 2.1 TMDS\n1 x Jack âm thanh 3.5 mm (tai nghe/micro)""}]}","[""https://cdn2.cellphones.com.vn/x/media/catalog/product/l/a/laptop_asus_zenbook_14_ux3405ca-st628w_-_1.png"", ""https://cdn2.cellphones.com.vn/x/media/catalog/product/l/a/laptop_asus_zenbook_14_ux3405ca-st628w_-_2.png"", ""https://cdn2.cellphones.com.vn/x/media/catalog/product/l/a/laptop_asus_zenbook_14_ux3405ca-st628w_-_3.png""]","{""product_color_1"": {""color"": ""Xanh"", ""image_url"": ""https://cellphones.com.vn/laptop-asus-zenbook-14-ux3405ca-st628w.html?product_id=123123"", ""price"": ""27.590.000₫""}}"
Laptop ASUS Vivobook Go 14 E1404FA-EB482W,laptop-asus-vivobook-go-14-e1404fa-eb482w,14.990.000đ,14.290.000đ,"Đặc điểm nổi bật
Laptop ASUS VivoBook Go 14 E1404FA-EB482W sở hữu màn hình 14 inch viền mỏng, bộ vi xử lý AMD Ryzen™ 5, RAM 16GB LPDDR5 và ổ cứng SSD 512GB tốc độ cao. Sản phẩm có trọng lượng chỉ 1,38 kg, lý tưởng để mang theo khi học tập, làm việc. Laptop này mỏng nhẹ tầm trung nổi bật nhờ thiết kế hiện đại và tính năng vượt trội trong tầm giá.
Nội dung chính
1. Laptop ASUS VivoBook Go 14 E1404FA-EB482W – Hiệu năng mạnh mẽ cho học tập
1.1. Bộ nhớ RAM và ổ cứng tối ưu cho hiệu suất bền bỉ
1.2. Mỏng nhẹ đầy tinh tế, đa sắc màu cá tính cho người năng động
1.3. Hiệu năng mạnh mẽ từ vi xử lý AMD, xử lý mượt mọi tác vụ
1.4. Pin sạc nhanh, cổng kết nối đa dạng, linh hoạt cho mọi nhu cầu
1.5. Màn hình viền mỏng sống động, tối ưu trải nghiệm thị giác
2. Mua ngay laptop ASUS VivoBook Go 14 E1404FA-EB482W giá rẻ tại CellphoneS
Laptop ASUS VivoBook Go 14 E1404FA-EB482W – Hiệu năng mạnh mẽ cho học tập
Laptop ASUS VivoBook Go 14 là sự kết hợp giữa hiệu suất vượt trội và tính di động linh hoạt cho người dùng hiện đại. Với cấu hình mạnh mẽ cùng thiết kế thời trang, mẫu laptop Asus VivoBook này là lựa chọn lý tưởng cho học sinh, sinh viên và nhân viên văn phòng.
Bộ nhớ RAM và ổ cứng tối ưu cho hiệu suất bền bỉ
Laptop ASUS VivoBook Go 14 E1404FA-EB482W sở hữu cấu hình bộ nhớ đáng chú ý trong phân khúc, giúp người dùng yên tâm sử dụng lâu dài mà không lo bị lạc hậu về hiệu năng. Với dung lượng RAM lên đến 16GB chuẩn LPDDR5, chiếc máy đáp ứng tốt nhu cầu xử lý đa tác vụ mà máy vẫn vận hành mượt mà.
RAM dung lượng lớn cũng giúp hạn chế hiện tượng tràn bộ nhớ, cải thiện tốc độ phản hồi và đảm bảo hiệu quả làm việc khi sử dụng trong thời gian dài. Bên cạnh đó, ổ cứng SSD chuẩn PCIe 3.0 dung lượng lên đến 512GB không chỉ cung cấp không gian lưu trữ rộng rãi.
Mỏng nhẹ đầy tinh tế, đa sắc màu cá tính cho người năng động
Laptop ASUS VivoBook Go 14 E1404FA-EB482W sở hữu ngôn ngữ thiết kế hiện đại, tối giản nhưng vẫn toát lên vẻ trẻ trung, phù hợp với phong cách sống năng động của giới trẻ. Laptop sở hữu thiết kế mỏng 17,9 mm và trọng lượng nhẹ 1,38 kg, phù hợp để mang theo từ lớp học, văn phòng đến các buổi thuyết trình. Không chỉ chú trọng vào thiết kế gọn gàng, ASUS còn mang đến sự lựa chọn đa dạng về màu sắc, giúp người dùng thể hiện rõ cá tính riêng.
Hiệu năng mạnh mẽ từ vi xử lý AMD, xử lý mượt mọi tác vụ
Laptop ASUS VivoBook Go 14 E1404FA-EB482W được trang bị bộ vi xử lý AMD Ryzen™ 5 – dòng chip nổi bật với khả năng xử lý đa luồng hiệu quả, mang lại hiệu năng ổn định. Nhờ kiến trúc tiên tiến của AMD cùng xung nhịp tối ưu, máy dễ dàng đáp ứng các nhu cầu học tập, soạn thảo văn bản, làm việc văn phòng, chỉnh sửa ảnh cơ bản.
Kết hợp với CPU mạnh mẽ là bộ nhớ RAM LPDDR5 dung lượng 16GB chuẩn RAM thế hệ mới cho tốc độ truyền tải dữ liệu nhanh vượt trội và mức tiêu thụ điện năng thấp hơn. Điều này không chỉ giúp cải thiện hiệu suất và kéo dài thời lượng pin – yếu tố cực kỳ quan trọng với người dùng thường xuyên di chuyển.
Pin sạc nhanh, cổng kết nối đa dạng, linh hoạt cho mọi nhu cầu
Laptop ASUS VivoBook Go 14 E1404FA-EB482W nổi bật với thiết kế nhỏ gọn mang đến sự linh hoạt vượt trội nhờ công nghệ sạc nhanh, giúp nạp 60% pin chỉ trong khoảng 49 phút. Tính năng này đặc biệt hữu ích cho người dùng thường xuyên di chuyển hoặc cần làm việc liên tục khi không có được nhiều khoảng thời gian để chờ sạc. 
Các cổng kết nối được tích hợp đầy đủ, hỗ trợ kết nối nhanh với thiết bị ngoại vi mà không cần dùng đến bộ chuyển đổi. Hệ thống cổng gồm USB-C® 3.2 Gen 1 tốc độ cao, USB 3.2 Gen 1 Type-A, USB 2.0 và các cổng thiết yếu khác, đảm bảo hỗ trợ tốt cho cả công việc lẫn giải trí.
Màn hình viền mỏng sống động, tối ưu trải nghiệm thị giác
Laptop ASUS VivoBook Go 14 E1404FA-EB482W được trang bị màn hình 14 inch chuẩn Full HD, mang đến hình ảnh sắc nét, màu sắc trung thực và độ sáng. Màn hình NanoEdge với viền siêu mỏng cho tầm nhìn mở rộng vượt trội, mang lại cho khách hàng những trải nghiệm hình ảnh sống động và chân thực.
Nhờ tỷ lệ màn hình so với thân máy lớn, người dùng sẽ có thêm không gian để thao tác đa nhiệm hiệu quả, từ chia đôi cửa sổ làm việc đến xem video hoặc tra cứu tài liệu song song. Đặc biệt, màn hình của máy đạt chứng nhận TÜV Rheinland về khả năng hạn chế ánh sáng xanh có hại.
Điều này giúp bảo vệ thị lực tốt hơn khi người dùng phải ngồi trước màn hình hàng giờ liên tục. Kết hợp với tần số quét 60Hz ổn định, VivoBook Go 14 đảm bảo mang lại trải nghiệm hình ảnh mượt mà khi lướt web, xem phim hoặc làm việc đa nhiệm.
Mua ngay laptop ASUS VivoBook Go 14 E1404FA-EB482W giá rẻ tại CellphoneS
Khi mua ASUS VivoBook Go 14 E1404FA-EB482W tại CellphoneS, khách hàng sẽ được sản phẩm chính hãng, đầy đủ tem niêm phong. CellphoneS thường xuyên có ưu đãi hấp dẫn và hỗ trợ trả góp 0% lãi suất cho khách hàng. Dịch vụ giao hàng nhanh và thanh toán linh hoạt giúp quá trình khách hàng mua sắm diễn ra thuận tiện. Ngoài ra, CellphoneS còn có nhiều chính sách hậu mãi tận tâm mang trải nghiệm mua sắm an toàn cho khách hàng.","{""Bộ xử lý & Đồ họa"": [{""name"": ""Loại card đồ họa"", ""value"": ""AMD Radeon Graphics""}, {""name"": ""Loại CPU"", ""value"": ""AMD Ryzen 5 7520U 2.8GHz (6MB Cache, up to 4.3GHz, 4 lõi, 8 luồng)""}], ""Bộ nhớ RAM, Ổ cứng"": [{""name"": ""Dung lượng RAM"", ""value"": ""16GB""}, {""name"": ""Loại RAM"", ""value"": ""LPDDR5 Onboard""}, {""name"": ""Ổ cứng"", ""value"": ""512GB M.2 NVMe PCIe 3.0 SSD""}], ""Màn hình"": [{""name"": ""Tần số quét"", ""value"": ""60 Hz""}, {""name"": ""Chất liệu tấm nền"", ""value"": ""Tấm nền IPS""}, {""name"": ""Kích thước màn hình"", ""value"": ""14 inches""}, {""name"": ""Công nghệ màn hình"", ""value"": ""Độ sáng 250 nits\nĐộ phủ màu 45% NTSC\nMàn hình chống chói""}, {""name"": ""Độ phân giải màn hình"", ""value"": ""1920 x 1080 pixels (FullHD)""}], ""Âm thanh"": [{""name"": ""Công nghệ âm thanh"", ""value"": ""SonicMaster\nLoa tích hợp\nMicrô mảng tích hợp""}], ""Kích thước & Trọng lượng"": [{""name"": ""Chất liệu"", ""value"": ""Vỏ nhựa""}, {""name"": ""Chất liệu vỏ màn hình"", ""value"": ""Nhựa""}, {""name"": ""Chất liệu vỏ trên"", ""value"": ""Nhựa""}, {""name"": ""Chất liệu vỏ dưới"", ""value"": ""Nhựa""}, {""name"": ""Kích thước"", ""value"": ""32.55 x 21.39 x 1.79 ~ 1.79 cm (Dài x Rộng x Dày)""}, {""name"": ""Trọng lượng"", ""value"": ""1.38 kg""}], ""Tiện ích khác"": [{""name"": ""Tính năng đặc biệt"", ""value"": ""Wi-Fi 6, Bảo mật vân tay""}], ""Tính năng khác"": [{""name"": ""Loại đèn bàn phím"", ""value"": ""Bàn phím Chiclet""}, {""name"": ""Bảo mật"", ""value"": ""Cảm biến vân tay tích hợp với Touchpad\nMcAfee\nBảo vệ mật khẩu người dùng khi khởi động BIOS\nMô-đun nền tảng đáng tin cậy (Phần mềm TPM)""}, {""name"": ""Webcam"", ""value"": ""Camera HD 720p với màn trập camera""}, {""name"": ""Hệ điều hành"", ""value"": ""Windows 11 Home""}], ""Pin & công nghệ sạc"": [{""name"": ""Pin"", ""value"": ""42WHrs, 3S1P, 3-cell Li-ion""}], ""Cổng kết nối"": [{""name"": ""Wi-Fi"", ""value"": ""Wi-Fi 6E(802.11ax) (Dual band) 1*1""}, {""name"": ""Bluetooth"", ""value"": ""Bluetooth 5.3""}, {""name"": ""Cổng giao tiếp"", ""value"": ""1x USB 2.0 Type-A (tốc độ dữ liệu lên đến 480Mbps)\n1x USB 3.2 Gen 1 Type-A (tốc độ dữ liệu lên đến 5Gbps)\n1x USB 3.2 Gen 1 Type-C (tốc độ dữ liệu lên đến 5Gbps)\n1x HDMI 1.4\n1x Jack âm thanh kết hợp 3.5mm\n1x DC-in""}]}","[""https://cdn2.cellphones.com.vn/x/media/catalog/product/l/a/laptop_asus_vivobook_go_14_e1404fa-eb482w_-_1.png"", ""https://cdn2.cellphones.com.vn/x/media/catalog/product/l/a/laptop_asus_vivobook_go_14_e1404fa-eb482w_-_2.png"", ""https://cdn2.cellphones.com.vn/x/media/catalog/product/l/a/laptop_asus_vivobook_go_14_e1404fa-eb482w_-_3.png""]","{""product_color_1"": {""color"": ""Bạc"", ""image_url"": ""https://cellphones.com.vn/laptop-asus-vivobook-go-14-e1404fa-eb482w.html?product_id=108987"", ""price"": ""14.290.000₫""}}"
Laptop ASUS VivoBook 15 M1502NAQ-BQ021W,laptop-asus-vivobook-15-m1502naq-bq021w,18.590.000đ,17.790.000đ,"Đặc điểm nổi bật
Laptop ASUS Vivobook 15 M1502NAQ-BQ021W sở hữu hiệu năng ổn định từ chip AMD Ryzen 5 150 mạnh mẽ cùng lớp vỏ đạt chuẩn quân đội MIL-STD 810H bền bỉ. Máy được trang bị bộ đôi 16GB RAM và SSD 512GB, hỗ trợ xử lý đa nhiệm mượt mà. Thiết bị sở hữu màn hình IPS-Level 15.6 inch rộng rãi với độ sắc nét cao.
Nội dung chính
1. Laptop ASUS Vivobook 15 M1502NAQ-BQ021W - Sức mạnh Ryzen 5 150 cùng 16GB RAM DDR5 vượt trội
1.1. Khử nhiễu AI tối ưu trải nghiệm đàm thoại trực tuyến
1.2. Vận hành đa nhiệm cùng RAM DDR5 và SSD PCIe 4.0
1.3. Vẻ đẹp thời thượng với độ bền chuẩn MIL-STD 810H
1.4. Hiệu năng Ryzen 5 150 mạnh mẽ cùng đồ họa Radeon
1.5. Năng lượng hoạt động ổn định đi kèm kết nối đa dạng
1.6. Thị giác sắc nét trên màn hình IPS-level FHD 15.6 inch
2. Mua laptop ASUS Vivobook 15 M1502NAQ-BQ021W chính hãng tại CellphoneS
Laptop ASUS Vivobook 15 M1502NAQ-BQ021W - Sức mạnh Ryzen 5 150 cùng 16GB RAM DDR5 vượt trội
Sự kết hợp giữa vi xử lý thế hệ mới và bộ nhớ hiện đại giúp laptop ASUS Vivobook này xử lý tác vụ phức tạp ổn định. Nền tảng phần cứng đột phá của máy không chỉ tối ưu hiệu suất làm việc mà còn duy trì trải nghiệm đa nhiệm mượt mà và ổn định.
Khử nhiễu AI tối ưu trải nghiệm đàm thoại trực tuyến
Công nghệ khử nhiễu AI trên laptop ASUS Vivobook 15 M1502NAQ-BQ021W có khả năng nhận diện và loại bỏ tạp âm nền từ môi trường xung quanh. Sự hỗ trợ này giúp giọng nói của người dùng giữ được độ trong trẻo và sắc nét, nâng cao chất lượng tương tác trong các buổi họp trực tuyến hoặc học tập từ xa.
Chiếc máy tính văn phòng tích hợp công nghệ tân tiến
Thiết bị còn sở hữu hệ thống micro mảng kết hợp cùng camera 720p HD có nắp che vật lý, giúp bảo vệ quyền riêng tư và tăng tính chuyên nghiệp cho người sử dụng. Ngoài ra, khả năng lọc âm thông minh cũng hỗ trợ duy trì môi trường giao tiếp ổn định, hạn chế các tác động gây xao nhãng từ không gian xung quanh.
Vận hành đa nhiệm cùng RAM DDR5 và SSD PCIe 4.0
Mẫu laptop ASUS Vivobook 15 M1502NAQ-BQ021W sở hữu dung lượng 16GB RAM DDR5 tiên tiến, mang lại khả năng xử lý đồng thời nhiều ứng dụng mượt mà. Đồng thời, băng thông bộ nhớ rộng còn hỗ trợ tốt các tác vụ văn phòng từ cơ bản đến nâng cao, hạn chế các hiện tượng giật lag đáng kể.
Máy hoạt động mượt mà và xử lý tác vụ ở tốc độ cao
Thêm vào đó, ổ cứng SSD 512GB PCIe 4.0 mang lại tốc độ truy xuất dữ liệu cao, hỗ trợ việc khởi động hệ thống cũng như ứng dụng diễn ra nhanh chóng. Đặc biệt, không gian lưu trữ này đủ rộng rãi để người dùng thoải mái cài đặt phần mềm và lưu trữ các tài liệu công việc quan trọng hàng ngày.
Vẻ đẹp thời thượng với độ bền chuẩn MIL-STD 810H
Với sắc bạc Cool Silver tinh tế, laptop ASUS Vivobook 15 M1502NAQ-BQ021W sở hữu vẻ ngoài thanh lịch và phù hợp với nhiều môi trường làm việc. Đồng thời, thiết kế vỏ nhựa cứng cáp được hoàn thiện tỉ mỉ, mang lại cảm giác cầm nắm vững chắc và hạn chế bám dấu vân tay.
Diện mạo thời thượng với độ bền cao
Không chỉ vậy, sản phẩm đã đạt độ bền MIL-STD 810H theo tiêu chuẩn của quân đội Mỹ, giúp chịu lực tốt trước các va đập nhẹ hoặc tác động từ môi trường. Ngoài ra, khung máy cứng cáp cũng mang đến sự ổn định lâu dài, giúp người sử dụng yên tâm hơn khi thường xuyên mang theo máy di chuyển bên ngoài.
Hiệu năng Ryzen 5 150 mạnh mẽ cùng đồ họa Radeon
Vi xử lý AMD Ryzen 5 150 trên laptop ASUS Vivobook 15 M1502NAQ-BQ021W mang đến hiệu năng mạnh mẽ, giúp giải quyết tốt khối lượng công việc phức tạp. Với cấu trúc tiên tiến 6 nhân và 12 luồng, chiếc máy tính xách tay này có thể duy trì hiệu suất vận hành ổn định trong suốt thời gian làm việc ở cường độ cao.
Sản phẩm sử dụng bộ vi xử lý thế hệ mới
Song song đó, nhân đồ họa AMD Radeon Graphics tích hợp sẵn còn giúp thiết bị xử lý hình ảnh mượt mà cho các tác vụ giải trí hoặc thiết kế đơn giản. Sự kết hợp phần cứng này đã góp phần tạo nên nền tảng hiệu năng cân bằng, đáp ứng linh hoạt nhu cầu học tập và làm việc đa dạng.
Năng lượng hoạt động ổn định đi kèm kết nối đa dạng
Chiếc laptop ASUS Vivobook 15 M1502NAQ-BQ021W này được trang bị pin 42Wh cùng tính năng sạc qua cổng USB-C Power Delivery vô cùng tiện lợi. Khả năng sạc linh hoạt qua bộ sạc nhỏ gọn giúp thiết bị luôn sẵn sàng hoạt động mọi nơi. Dù vậy, thời gian thực tế có thể dao động tùy theo cường độ làm việc của từng người dùng.
Thiết bị có đủ những cổng kết nối ngoại vi cần thiết
Hơn nữa, hệ thống cổng kết nối đa dạng từ USB 3.2 Gen 1 đến HDMI 1.4 còn cho phép truyền tải dữ liệu cũng như xuất hình ảnh sang màn hình rời dễ dàng. Đặc biệt, máy có thể kết nối Wi-Fi 6 thế hệ mới giúp đường truyền mạng luôn ổn định, đồng thời hỗ trợ tốt việc tra cứu và tải dữ liệu nhanh chóng.
Thị giác sắc nét trên màn hình IPS-level FHD 15.6 inch
Điểm nhấn khác của laptop ASUS Vivobook 15 M1502NAQ-BQ021W là màn hình 15.6 inch FHD, mang lại không gian hiển thị rộng rãi với độ chi tiết hình ảnh khá tốt. Tấm nền IPS-level đi kèm lớp phủ giảm thiểu độ chói giúp duy trì độ chi tiết của hình ảnh khi quan sát trong những môi trường ánh sáng khác nhau.
Tấm nền kích thước lớn với độ sắc nét ấn tượng
Bên cạnh đó, tỷ lệ màn hình so với thân máy đạt 82% không chỉ tạo hiệu ứng tràn viền mà còn giúp người dùng tập trung hơn vào công việc. Độ sáng 250 nits cùng góc nhìn rộng đặc trưng của tấm nền IPS-level cũng mang đến trải nghiệm xem phim và làm việc thoải mái trong thời gian dài, ít gây mỏi mắt.
Mua laptop ASUS Vivobook 15 M1502NAQ-BQ021W chính hãng tại CellphoneS
Khi sở hữu laptop ASUS Vivobook 15 M1502NAQ-BQ021W chính hãng tại CellphoneS, khách hàng sẽ được bảo hành đầy đủ theo chính sách. Các chính sách như thu cũ đổi mới hay trả góp 0% lãi suất tại hệ thống giúp người mua tiết kiệm đáng kể chi phí. Học sinh và sinh viên còn có chương trình trợ giá thiết thực khi mua sắm tại đây. Đến ngay CellphoneS để mua chiếc laptop hiện đại này với giá tốt!","{""Bộ xử lý & Đồ họa"": [{""name"": ""Loại card đồ họa"", ""value"": ""AMD Radeon Graphics""}, {""name"": ""Loại CPU"", ""value"": ""AMD Ryzen 5 150 3.3GHz (18MB Cache, up to 4.55 GHz, 6 lõi, 12 luồng)""}], ""Bộ nhớ RAM, Ổ cứng"": [{""name"": ""Dung lượng RAM"", ""value"": ""16GB""}, {""name"": ""Loại RAM"", ""value"": ""DDR5""}, {""name"": ""Số khe ram"", ""value"": ""2 khe (8GB DDR5 on board + 8GB DDR5 SO-DIMM, Có thể nâng cấp; Cần tháo vỏ dưới/trên)""}, {""name"": ""Ổ cứng"", ""value"": ""512GB M.2 NVMe PCIe 4.0 SSD""}], ""Màn hình"": [{""name"": ""Tần số quét"", ""value"": ""60 Hz""}, {""name"": ""Chất liệu tấm nền"", ""value"": ""Tấm nền IPS""}, {""name"": ""Kích thước màn hình"", ""value"": ""15.6 inches""}, {""name"": ""Công nghệ màn hình"", ""value"": ""Độ sáng 250nits\nĐộ phủ màu 45% NTSC\nMàn hình chống chói""}, {""name"": ""Độ phân giải màn hình"", ""value"": ""1920 x 1080 pixels (FullHD)""}], ""Âm thanh"": [{""name"": ""Công nghệ âm thanh"", ""value"": ""SonicMaster\nLoa tích hợp\nMicrophone mảng tích hợp""}], ""Kích thước & Trọng lượng"": [{""name"": ""Chất liệu"", ""value"": ""Vỏ nhựa""}, {""name"": ""Chất liệu vỏ màn hình"", ""value"": ""Nhựa""}, {""name"": ""Chất liệu vỏ trên"", ""value"": ""Nhựa""}, {""name"": ""Chất liệu vỏ dưới"", ""value"": ""Nhựa""}, {""name"": ""Kích thước"", ""value"": ""35.97 x 23.25 x 1.99 ~ 1.99 cm (Dài x Rộng x Dày)""}, {""name"": ""Trọng lượng"", ""value"": ""1.70 kg""}], ""Tiện ích khác"": [{""name"": ""Tính năng đặc biệt"", ""value"": ""Wi-Fi 6, Bảo mật vân tay""}], ""Tính năng khác"": [{""name"": ""Loại đèn bàn phím"", ""value"": ""Bàn phím Chiclet có phím số""}, {""name"": ""Bảo mật"", ""value"": ""Cảm biến vân tay tích hợp trên Touchpad\nPhần mềm bảo mật McAfee\nMật khẩu khởi động BIOS\nMật khẩu truy cập thiết lập BIOS\nMô-đun nền tảng tin cậy TPM (Firmware TPM)""}, {""name"": ""Webcam"", ""value"": ""Camera HD 720p, có màn trập camera""}, {""name"": ""Hệ điều hành"", ""value"": ""Windows 11 Home""}], ""Pin & công nghệ sạc"": [{""name"": ""Pin"", ""value"": ""42WHrs, 3S1P, 3-cell Li-ion""}], ""Cổng kết nối"": [{""name"": ""Wi-Fi"", ""value"": ""Wi-Fi 6(802.11ax) (Dual band) 2*2""}, {""name"": ""Bluetooth"", ""value"": ""Bluetooth 5.4""}, {""name"": ""Cổng giao tiếp"", ""value"": ""1 x USB 2.0 Type-A (480 Mbps)\n1 x USB 3.2 Gen 1 Type-C (5 Gbps)\n1 x USB 3.2 Gen 1 Type-C hỗ trợ Power Delivery (5 Gbps)\n2 x USB 3.2 Gen 1 Type-A (5 Gbps)\n1 x HDMI 1.4\n1 x Jack tai nghe/micro 3.5 mm""}]}","[""https://cdn2.cellphones.com.vn/x/media/catalog/product/l/a/laptop_asus_vivobook_15_m1502naq-bq021w_-_1.png"", ""https://cdn2.cellphones.com.vn/x/media/catalog/product/l/a/laptop_asus_vivobook_15_m1502naq-bq021w_-_2.png"", ""https://cdn2.cellphones.com.vn/x/media/catalog/product/l/a/laptop_asus_vivobook_15_m1502naq-bq021w_-_3.png""]","{""product_color_1"": {""color"": ""Bạc"", ""image_url"": ""https://cellphones.com.vn/laptop-asus-vivobook-15-m1502naq-bq021w.html?product_id=123111"", ""price"": ""17.790.000₫""}}"
Laptop ASUS Vivobook S14 S3407VA-LY053W,laptop-asus-vivobook-s14-s3407va-ly053w,25.990.000đ,22.390.000đ,"Đặc điểm nổi bật
Laptop ASUS Vivobook S14 S3407VA-LY053W sở hữu Intel Core i7-13620H 2.9GHz kết hợp bộ nhớ RAM DDR5 lên đến 16GB, kèm theo ổ cứng lưu trữ 512GB PCIe 4.0. Thêm vào đó, mẫu laptop ASUS Vivobook này còn sở hữu tần số quét 60Hz cho màn hình kích thước 14 inch. Mặt khác, dung lượng pin cao 70WHrs còn đem đến thời gian hoạt động dài lâu cho người dùng.
Nội dung chính
1. Laptop ASUS Vivobook S14 S3407VA-LY053W - Trải nghiệm ấn tượng
1.1. AI Noise Canceling, hỗ trợ Copilot
1.2. RAM chuẩn DDR5, ổ cứng 512GB 
1.3. Thiết kế hiện đại, màu đẹp
1.4. Bộ xử lý tốt, card đồ hoạ tiên tiến 
1.5. Pin dung lượng 70WHrs, cổng phong phú 
1.6. Màn hình 14 inch, tốc độ quét ổn 60Hz
2. Mua laptop ASUS Vivobook S14 S3407VA-LY053W giá tốt tại CellphoneS
Laptop ASUS Vivobook S14 S3407VA-LY053W - Trải nghiệm ấn tượng
ASUS Vivobook S14 S3407VA-LY053W là mẫu máy tính xách tay tốt dành cho dân văn phòng, sinh viên. Qua các đặc điểm ưu trội, chiếc laptop ASUS này có thể đáp ứng tối ưu nhu cầu công việc, giải trí mỗi ngày.
AI Noise Canceling, hỗ trợ Copilot
Laptop ASUS Vivobook S14 S3407VA-LY053W có khả năng lọc tạp âm thanh thông minh nhờ công nghệ AI Noise Canceling. Tính năng này hoạt động dựa vào thuật toán trí tuệ nhân tạo, nhằm hạn chế tiếng ồn xung quanh lẫn vào trong cuộc gọi. Từ đó, máy tính có thể cung cấp âm thanh rõ ràng, chất lượng cao đến người nghe một cách chuyên nghiệp.
Bên cạnh đó, thiết bị Vivobook core i7 cũng hỗ trợ tích hợp Copilot của Microsoft để người dùng dễ dàng tìm kiếm thông tin hay thực hiện các lệnh nhanh chóng. Sự kết hợp giữa phần cứng mạnh mẽ và phần mềm thông minh, có hỗ trợ AI này giúp tăng hiệu suất làm việc đáng kể trong môi trường công sở lẫn sáng tạo nội dung.
RAM chuẩn DDR5, ổ cứng 512GB 
Laptop ASUS Vivobook S14 S3407VA-LY053W được trang bị RAM 16GB chuẩn DDR5 cho băng thông lớn, tiêu thụ điện năng thấp và hiệu suất cao. Nhờ vậy, các công việc đa nhiệm sẽ được xử lý mượt mà, hiệu quả. Ngoài ra, người dùng có thể mở hàng chục tab trình duyệt, sử dụng các phần mềm văn phòng với hiệu suất ổn định. 
Không những vậy, ổ cứng SSD PCIe 4.0 dung lượng 512GB cũng giúp tăng tốc độ khởi động máy và truy xuất dữ liệu nhanh, tiết kiệm thời gian chờ đợi. Dung lượng này cũng đủ đáp ứng nhu cầu lưu trữ lớn cho tài liệu, hình ảnh, video hay phần mềm nặng của người dùng.
Thiết kế hiện đại, màu đẹp
Laptop ASUS Vivobook S14 S3407VA-LY053W thể hiện sự tinh tế trong thiết kế khi sở hữu vẻ ngoài gọn gàng, tinh xảo. Với trọng lượng nhẹ và độ dày tối ưu, người dùng có thể dễ dàng mang theo thiết bị đến nhiều nơi để làm việc, giải trí. 
Màu sắc của phiên bản toát lên sự trẻ trung, năng động đặc trưng của dòng Vivobook nhằm đáp ứng xu hướng thị hiếu tiêu dùng. Bàn phím được thiết kế khoa học với hành trình phím hợp lý, giúp cải thiện hiệu suất gõ phím một cách ấn tượng. Touchpad rộng cho phép thao tác đa điểm nhạy bén, nhằm tăng cường trải nghiệm người dùng.
Bộ xử lý tốt, card đồ hoạ tiên tiến 
Laptop ASUS Vivobook S14 S3407VA-LY053W nổi bật với bộ xử lý Intel Core i7-13620H có 10 nhân 16 luồng, xung nhịp cơ bản 2.9GHz. Thêm vào đó, bộ CPU này còn sở hữu bộ nhớ đệm 24MB với tốc độ xử lý lên đến 4.9GHz. Nhờ vậy mà máy có thể xử lý những tác vụ nâng cao và phân tích dữ liệu chuyên sâu nhanh chóng, hiệu suất ổn định. 
Bên cạnh đó, card đồ họa Intel UHD Graphics còn phục vụ tốt các nhu cầu đồ họa cơ bản, chỉnh sửa ảnh, dựng video nhẹ. Đặc biệt, GPU này còn có khả năng chinh phục một số tựa game phổ thông ở mức thiết lập hợp lý. Đối với người dùng không yêu cầu xử lý đồ họa chuyên sâu, cấu trúc này rất thích hợp để tiết kiệm năng lượng và kéo dài thời lượng pin.
Pin dung lượng 70WHrs, cổng phong phú 
Laptop ASUS Vivobook S14 S3407VA-LY053W sử dụng pin dung lượng lớn 70WHrs. Đây là một cải tiến đáng giá giúp máy tính nâng cao thời gian hoạt động lên đến nhiều giờ. Dù di chuyển nhiều hay cần làm việc liên tục, pin của máy vẫn có thể đủ sức đồng hành cùng người dùng trong nhiều hoạt động.
Mặt khác, laptop còn có hệ thống cổng kết nối đa dạng, hỗ trợ sạc và truyền dữ liệu tốc độ cao. Điều này giúp kết nối với các thiết bị ngoại vi như máy chiếu, màn hình rời, ổ cứng di động hay thiết bị âm thanh một cách thuận tiện. Ngoài ra, máy còn được tích hợp các tính năng tiện ích khác trong Windows 11, giúp nâng cao hiệu suất làm việc.
Màn hình 14 inch, tốc độ quét ổn 60Hz
Laptop ASUS Vivobook S14 S3407VA-LY053W sở hữu màn hình 14 inch đi kèm tấm nền IPS-Level cho góc nhìn rộng. Thêm vào đó, công nghệ này còn tái hiện màu sắc hài hoà giúp khung hình trở nên tự nhiên, sắc nét. Với độ sáng 300 nits, màn hình có thể sử dụng tốt trong nhiều điều kiện ánh sáng khác nhau.
Hơn thế nữa, tần số quét 60Hz còn mang đến độ mượt mà, ổn định khi truyền tải hình ảnh, nội dung chuyển động nhanh. Đặc biệt, khung viền mỏng cũng góp phần đem lại trải nghiệm rộng rãi khi quan sát cho người dùng.
Mua laptop ASUS Vivobook S14 S3407VA-LY053W giá tốt tại CellphoneS
Laptop ASUS Vivobook S14 S3407VA-LY053W là lựa chọn phổ thông trên thị trường với nhiều đặc điểm tuyệt vời. Đừng ngần ngại ghé CellphoneS để sắm về laptop ASUS chính hãng, giá ưu đãi. Ngoài ra, cửa hàng còn hỗ trợ bảo hành trong thời gian quy định với các chính sách quyền lợi hấp dẫn. Khách hàng sẽ được hưởng nhiều voucher, quà tặng khác khi đến đây mua sắm.","{""Bộ xử lý & Đồ họa"": [{""name"": ""Loại card đồ họa"", ""value"": ""Intel UHD Graphics""}, {""name"": ""Loại CPU"", ""value"": ""Intel Core i7-13620H 2.4 GHz (24MB Cache, up to 4.9 GHz, 10 lõi, 16 luồng)""}], ""Bộ nhớ RAM, Ổ cứng"": [{""name"": ""Dung lượng RAM"", ""value"": ""16GB""}, {""name"": ""Loại RAM"", ""value"": ""DDR5 SO-DIMM Onboard""}, {""name"": ""Ổ cứng"", ""value"": ""512GB M.2 NVMe PCIe 4.0 SSD""}], ""Màn hình"": [{""name"": ""Tần số quét"", ""value"": ""60 Hz""}, {""name"": ""Chất liệu tấm nền"", ""value"": ""Tấm nền IPS""}, {""name"": ""Kích thước màn hình"", ""value"": ""14 inches""}, {""name"": ""Công nghệ màn hình"", ""value"": ""Độ sáng 300nits\nĐộ phủ màu 45% NTSC\nMàn hình chống chói\nTÜV Rheinland-certified""}, {""name"": ""Độ phân giải màn hình"", ""value"": ""1920 x 1200 pixels (WUXGA)""}], ""Âm thanh"": [{""name"": ""Công nghệ âm thanh"", ""value"": ""Loa tích hợp\nMicrô mảng tích hợp""}], ""Kích thước & Trọng lượng"": [{""name"": ""Chất liệu vỏ màn hình"", ""value"": ""Nhôm""}, {""name"": ""Chất liệu vỏ trên"", ""value"": ""Nhựa""}, {""name"": ""Chất liệu vỏ dưới"", ""value"": ""Nhôm""}, {""name"": ""Kích thước"", ""value"": ""31.52 x 22.34 x 1.59 ~ 1.79 cm (Dài x Rộng x Dày)""}, {""name"": ""Trọng lượng"", ""value"": ""1.40 kg""}], ""Tiện ích khác"": [{""name"": ""Tính năng đặc biệt"", ""value"": ""Wi-Fi 6, Nhận diện khuôn mặt""}], ""Tính năng khác"": [{""name"": ""Loại đèn bàn phím"", ""value"": ""Bàn phím Chiclet có đèn nền Với phím Copilot""}, {""name"": ""Bảo mật"", ""value"": ""Webcam IR hỗ trợ Windows Hello\nMcAfee\nBIOS Booting User Password Protection\nBIOS setup user password\nTrusted Platform Module (Firmware TPM)""}, {""name"": ""Webcam"", ""value"": ""Camera FHD có chức năng IR hỗ trợ Windows Hello, có màn trập camera""}, {""name"": ""Hệ điều hành"", ""value"": ""Windows 11 Home""}], ""Pin & công nghệ sạc"": [{""name"": ""Pin"", ""value"": ""70WHrs, 4S1P, 4-cell Li-ion""}], ""Cổng kết nối"": [{""name"": ""Wi-Fi"", ""value"": ""Wi-Fi 6(802.11ax) (Dual band) 2*2""}, {""name"": ""Bluetooth"", ""value"": ""Bluetooth 5.3""}, {""name"": ""Cổng giao tiếp"", ""value"": ""2x USB 3.2 Gen 1 Type-A (tốc độ dữ liệu lên đến 5Gbps)\n2x USB 3.2 Gen 1 Type-C hỗ trợ hiển thị/cung cấp điện (tốc độ dữ liệu lên đến 5Gbps)\n1x HDMI 1.4\n1x Giắc cắm âm thanh kết hợp 3.5mm""}]}","[""https://cdn2.cellphones.com.vn/x/media/catalog/product/l/a/laptop_asus_vivobook_s14_s3407va-ly053w_-_1.png"", ""https://cdn2.cellphones.com.vn/x/media/catalog/product/l/a/laptop_asus_vivobook_s14_s3407va-ly053w_-_2.png"", ""https://cdn2.cellphones.com.vn/x/media/catalog/product/l/a/laptop_asus_vivobook_s14_s3407va-ly053w_-_3.png""]","{""product_color_1"": {""color"": ""Bạc"", ""image_url"": ""https://cellphones.com.vn/laptop-asus-vivobook-s14-s3407va-ly053w.html?product_id=106271"", ""price"": ""22.390.000₫""}}"
Laptop ASUS TUF Gaming F16 FX608JHR-RV037W,laptop-asus-tuf-gaming-f16-fx608jhr-rv037w,38.990.000đ,35.890.000đ,"Đặc điểm nổi bật
Laptop ASUS TUF Gaming F16 FX608JHR-RV037W được tích hợp một CPU Intel Core i7-14650HX 5.2 GHz, cùng với RAM 16GB và có bộ nhớ SSD lớn lên đến 1TB. Máy còn sở hữu VGA NVIDIA GeForce RTX 8GB kết hợp màn hình FHD+ 16 inch và có tần số quét 165Hz. Máy có màu Jaeger Gray, chỉ nặng 2.2 kg, với pin 90WHrs, phù hợp cho chơi game và làm việc.
Nội dung chính
1. Laptop ASUS TUF Gaming F16 FX608JHR-RV037W - Hiệu năng mạnh cho game thủ
1.1. Sức mạnh từ CPU và card đồ họa
1.2. Hiệu suất RAM và ổ cứng vượt trội
1.3. Màn hình sắc nét với tần số quét cao
1.4. Thiết kế bền bỉ và màu sắc nổi bật
1.5. Pin bền bỉ và cổng kết nối đa dạng
2. Mua laptop ASUS TUF Gaming F16 FX608JHR-RV037W chính hãng tại CellphoneS
Laptop ASUS TUF Gaming F16 FX608JHR-RV037W - Hiệu năng mạnh cho game thủ
Laptop ASUS TUF Gaming F16 mang đến trải nghiệm chơi game đỉnh cao nhờ cấu hình mạnh mẽ và thiết kế tối ưu. Sản phẩm Asus TUF Gaming F16 này đáp ứng nhu cầu đa dạng từ khả năng chơi game đến các công việc nặng nhưng vẫn đảm bảo hiệu suất ổn định và trải nghiệm mượt mà.
Sức mạnh từ CPU và card đồ họa
Laptop ASUS TUF Gaming F16 FX608JHR-RV037W sử dụng CPU Intel Core i7-14650HX với 16 nhân và tốc độ tối đa 5.2 GHz. Công nghệ MUX Switch kết hợp với NVIDIA Advanced Optimus giúp tối ưu hóa hiệu suất đồ họa và giảm độ trễ trong các tựa game nặng. CPU mạnh mẽ này đảm bảo khả năng xử lý nhanh chóng các tác vụ đòi hỏi hiệu năng cao.
Card đồ họa NVIDIA GeForce RTX 8GB trên laptop ASUS TUF Gaming này đem lại hình ảnh sắc nét và hỗ trợ các tựa game cần cấu hình cao. Công nghệ G-Sync đồng bộ khung hình giúp giảm hiện tượng xé hình và đem đến trải nghiệm mượt mà. Sản phẩm này sẽ phù hợp cho những ai cần hiệu năng cao để chơi game và chỉnh sửa đồ họa chuyên sâu.
Hiệu suất RAM và ổ cứng vượt trội
Hệ thống RAM 16GB DDR5-5600 trên Laptop ASUS TUF Gaming F16 FX608JHR-RV037W đảm bảo khả năng đa nhiệm mượt mà khi chạy nhiều ứng dụng cùng lúc. Hai khe SO-DIMM cho phép nâng cấp RAM dễ dàng để đáp ứng nhu cầu sử dụng lâu dài. Ổ cứng SSD 1TB PCIe 4.0 cung cấp tốc độ đọc và ghi vượt trội, giúp khởi động hệ thống và tải game nhanh.
Laptop ASUS TUF Gaming F16 này tích hợp hai khe M.2 hỗ trợ cả SATA và NVMe để tăng tính linh hoạt khi nâng cấp dung lượng. Dung lượng lưu trữ của Asus Gaming rộng rãi giúp người dùng dễ dàng cài đặt nhiều trò chơi và lưu trữ thông tin mà không bị giới hạn. Sản phẩm cam kết mang lại trải nghiệm mượt mà từ việc chơi game cho đến các công việc cần dung lượng lớn.
Màn hình sắc nét với tần số quét cao
Màn hình 16 inch FHD+ của Laptop ASUS TUF Gaming F16 FX608JHR-RV037W mang lại hình ảnh sống động và chi tiết trong từng khung hình. Tần số quét 165Hz đảm bảo chuyển động mượt mà, phù hợp cho các tựa game hành động nhanh và cần phản xạ tức thời. Công nghệ chống chói kết hợp độ sáng 300 nits giúp hiển thị rõ ràng từ văn phòng đến ngoài trời.
Laptop ASUS TUF Gaming F16 này sử dụng công nghệ G-Sync để giảm thiểu hiện tượng giật lag và nâng cao trải nghiệm thị giác. Tỷ lệ màn hình 16:10 mở rộng không gian hiển thị, hỗ trợ tốt cho cả chơi game và công việc sáng tạo nội dung. Sản phẩm mang lại sự cân bằng giữa chất lượng hình ảnh và hiệu suất, đáp ứng nhu cầu đa dạng của người dùng.
Thiết kế bền bỉ và màu sắc nổi bật
Laptop ASUS TUF Gaming F16 FX608JHR-RV037W sở hữu màu Jaeger Gray sang trọng, mang lại vẻ ngoài hiện đại và phù hợp với nhiều môi trường sử dụng. Trọng lượng 2.2 kg giúp máy dễ dàng mang theo, hỗ trợ người dùng di chuyển thường xuyên. Màu sắc tinh tế của thiết bị kết hợp với thiết kế gọn nhẹ sẽ tạo nên sự linh hoạt cho cả công việc và giải trí.
Laptop ASUS TUF Gaming F16 còn được sở hữu bàn phím Backlit Chiclet 1-Zone RGB với phím Copilot và công nghệ Aura Sync. Bàn phím này cho phép tùy chỉnh ánh sáng theo các phong cách riêng, tăng tính thẩm mỹ và hỗ trợ gõ phím chính xác trong điều kiện thiếu sáng. 
Pin bền bỉ và cổng kết nối đa dạng
Pin 90WHrs 4-cell Li-ion của Laptop ASUS TUF Gaming F16 FX608JHR-RV037W đem lại thời gian sử dụng dài, giúp chơi game và làm việc liên tục mà không cần sạc thường xuyên. Cổng USB-C với tính năng sạc nhanh giúp bổ sung năng lượng tiện lợi khi di chuyển. 
Laptop ASUS TUF Gaming F16 này tích hợp cổng Thunderbolt 4 với tốc độ truyền dữ liệu 40Gbps, hỗ trợ kết nối màn hình ngoài dễ dàng. Ba cổng USB 3.2 Gen 2 Type A cùng một cổng USB-C tích hợp DisplayPort đáp ứng yêu cầu kết nối phong phú. Nếu người dùng đang tìm kiếm một thiết bị linh hoạt và hiệu suất cao thì đây sẽ là gợi ý phù hợp không nên bỏ qua.
Mua laptop ASUS TUF Gaming F16 FX608JHR-RV037W chính hãng tại CellphoneS
Laptop ASUS TUF Gaming F16 FX608JHR-RV037W mang đến một hiệu năng vượt trội, đáp ứng nhu cầu chơi game và làm việc chuyên sâu. CellphoneS cung cấp sản phẩm chính hãng với giá cạnh tranh cùng các chương trình ưu đãi hấp dẫn. Dịch vụ giao hàng nhanh cùng đội ngũ hỗ trợ tận tâm đảm bảo trải nghiệm mua sắm tiện lợi. Laptop ASUS TUF Gaming F16 này tại CellphoneS được cam kết chất lượng và chính sách bảo hành đáng tin cậy.","{""Bộ xử lý & Đồ họa"": [{""name"": ""Loại card đồ họa"", ""value"": ""NVIDIA GeForce RTX 5050 8GB GDDR7 115W (100W+15W)\nIntel UHD Graphics""}, {""name"": ""Loại CPU"", ""value"": ""Intel Core i7 14650HX 2.2 GHz (30MB Cache, up to 5.2 GHz, 16 lõi, 24 luồng)""}], ""Bộ nhớ RAM, Ổ cứng"": [{""name"": ""Dung lượng RAM"", ""value"": ""16GB""}, {""name"": ""Loại RAM"", ""value"": ""DDR5-5600 SO-DIMM""}, {""name"": ""Số khe ram"", ""value"": ""2 khe (1 x 16GB, nâng cấp tối đa 32GB)""}, {""name"": ""Ổ cứng"", ""value"": ""1TB PCIe 4.0 NVMe M.2 SSD (2 Khe cắm M.2 hỗ trợ SATA hoặc NVMe, tối đa 2TB)""}], ""Màn hình"": [{""name"": ""Tần số quét"", ""value"": ""165 Hz""}, {""name"": ""Chất liệu tấm nền"", ""value"": ""Tấm nền IPS""}, {""name"": ""Kích thước màn hình"", ""value"": ""16 inches""}, {""name"": ""Công nghệ màn hình"", ""value"": ""Độ sáng 300 nits\nĐộ phủ màu NTSC 72.00%, SRGB 100.00%, Adobe 75.35%\nMàn hình chống chói\nG-Sync""}, {""name"": ""Độ phân giải màn hình"", ""value"": ""1920 x 1200 pixels (WUXGA)""}], ""Âm thanh"": [{""name"": ""Công nghệ âm thanh"", ""value"": ""Công nghệ chống ồn AI\nDolby Atmos\nChứng nhận Hi-Res (cho tai nghe)""}], ""Tiện ích khác"": [{""name"": ""Tính năng đặc biệt"", ""value"": ""Wi-Fi 6, Nhận diện khuôn mặt, MUX Switch""}], ""Tính năng khác"": [{""name"": ""Loại đèn bàn phím"", ""value"": ""Bàn phím Chiclet có đèn nền RGB 1 vùng Với phím Copilot\nAura Sync""}, {""name"": ""Bảo mật"", ""value"": ""Mật khẩu quản trị viên BIOS và bảo vệ mật khẩu người dùng\nMô-đun nền tảng đáng tin cậy (Phần mềm TPM)""}, {""name"": ""Webcam"", ""value"": ""Camera IR FHD 1080P cho Windows Hello""}, {""name"": ""Hệ điều hành"", ""value"": ""Windows 11 Home""}], ""Pin & công nghệ sạc"": [{""name"": ""Pin"", ""value"": ""90WHrs, 4S1P, 4-cell Li-ion""}], ""Kích thước & Trọng lượng"": [{""name"": ""Kích thước"", ""value"": ""35.4 x 26.9 x 1.79 ~ 2.73 cm (Dài x Rộng x Dày)""}, {""name"": ""Trọng lượng"", ""value"": ""2.20 kg""}], ""Cổng kết nối"": [{""name"": ""Wi-Fi"", ""value"": ""Wi-Fi 6E(802.11ax) (Triple band) 2*2""}, {""name"": ""Bluetooth"", ""value"": ""Bluetooth 5.3""}, {""name"": ""Cổng giao tiếp"", ""value"": ""1x Cổng LAN RJ45\n1x Thunderbolt 4 hỗ trợ DisplayPort / G-SYNC (40Gbps)\n1x USB 3.2 Gen 2 Type-C hỗ trợ DisplayPort / cung cấp điện (10Gbps)\n3x USB 3.2 Gen 2 Type-A (10Gbps)\n1x HDMI 2.1 FRL\n1x Giắc cắm âm thanh kết hợp 3.5mm""}]}","[""https://cdn2.cellphones.com.vn/x/media/catalog/product/l/a/laptop_asus_tuf_gaming_f16_fx608jhr-rv037w_-_1.png"", ""https://cdn2.cellphones.com.vn/x/media/catalog/product/l/a/laptop_asus_tuf_gaming_f16_fx608jhr-rv037w_-_3.png"", ""https://cdn2.cellphones.com.vn/x/media/catalog/product/l/a/laptop_asus_tuf_gaming_f16_fx608jhr-rv037w_-_2.png""]","{""product_color_1"": {""color"": ""Xám"", ""image_url"": ""https://cellphones.com.vn/laptop-asus-tuf-gaming-f16-fx608jhr-rv037w.html?product_id=106285"", ""price"": ""35.890.000₫""}}"
Laptop ASUS Vivobook S16 S3607VA-RP056W,laptop-asus-vivobook-s16-s3607va-rp056w,25.990.000đ,23.890.000đ,"Đặc điểm nổi bật
 Laptop ASUS Vivobook S16 S3607VA-RP056W chính là một cỗ máy hiệu năng cao được trang bị vi xử lý Intel Core i7-13620H mạnh mẽ cùng 16 GB RAM DDR5. Sản phẩm còn nổi bật với màn hình 16 inch 144Hz siêu mượt và ổ cứng 512GB SSD tốc độ cao. Ngoài ra, thiết kế cao cấp cùng độ bền chuẩn quân đội đáp ứng hiệu quả mọi nhu cầu di động.
Nội dung chính
1. Laptop ASUS Vivobook S16 S3607VA-RP056W - Hiệu năng vượt trội, màn hình rõ nét
1.1. Thông minh và an toàn với camera IR, công nghệ khử ồn AI
1.2. Đa nhiệm vượt trội với 16GB RAM DDR5, 512GB SSD PCIe 4.0
1.3. Thiết kế cao cấp, đạt chuẩn độ bền quân đội
1.4. Hiệu năng đỉnh cao với CPU Intel Core i7-13620H
1.5. Pin 70WHrs dung lượng lớn và cổng USB-C đa năng
1.6. Màn hình 16 inch 144Hz WUXGA cho trải nghiệm siêu mượt
2. Mua laptop ASUS Vivobook S16 S3607VA-RP056W chính hãng tại CellphoneS
Laptop ASUS Vivobook S16 S3607VA-RP056W - Hiệu năng vượt trội, màn hình rõ nét
Laptop ASUS Vivobook S16 S3607VA-RP056W là sự kết hợp vô cùng tinh tế giữa sức mạnh xử lý hàng đầu và một thiết kế di động, bền bỉ. Toàn bộ cấu hình máy được tinh chỉnh và tối ưu nhằm mang đến trải nghiệm toàn diện và mượt mà cho công việc lẫn giải trí.
Thông minh và an toàn với camera IR, công nghệ khử ồn AI
Thế hệ laptop Asus Vivobook này tích hợp camera hồng ngoại FHD cho phép mở khóa máy nhanh chóng và an toàn thông qua tính năng nhận diện khuôn mặt Windows Hello. Công nghệ thông minh này giúp truy cập vào hệ thống gần như ngay lập tức mà không cần nhập mật khẩu. Ngoài ra, camera còn đi kèm một màn trập riêng tư vật lý đảm bảo sự bảo mật khi không sử dụng.
Hệ thống âm thanh của máy còn được nâng cấp với công nghệ Khử tiếng ồn AI hai chiều từ ASUS. Tính năng ưu việt này sử dụng thuật toán thông minh để lọc bỏ các tạp âm không mong muốn. Nhờ đó, chất lượng của các cuộc gọi video, họp trực tuyến hay buổi học từ xa được đảm bảo rõ ràng và trong trẻo.
Đa nhiệm vượt trội với 16GB RAM DDR5, 512GB SSD PCIe 4.0
Laptop ASUS Vivobook S16 S3607VA-RP056W trang bị 16GB RAM DDR5 mang lại khả năng xử lý đa nhiệm mượt mà. Với dung lượng RAM lớn cùng tốc độ bus cao, máy vận hành trơn tru nhiều ứng dụng cùng lúc, từ trình duyệt web đến phần mềm đồ họa chuyên nghiệp. Điều này đảm bảo hiệu suất công việc ở mức cao mà không gặp hiện tượng giật lag.
Ổ cứng 512GB M.2 NVMe PCIe 4.0 SSD là một nâng cấp đáng giá, cung cấp tốc độ đọc ghi dữ liệu vượt trội so với các thế hệ trước. Điều này giúp rút ngắn đáng kể thời gian khởi động hệ điều hành Windows 11, mở ứng dụng và sao chép các tệp tin dung lượng lớn. Không gian lưu trữ 512GB cũng đủ rộng rãi để cài đặt phần mềm và lưu trữ tài liệu quan trọng.
Thiết kế cao cấp, đạt chuẩn độ bền quân đội
Laptop ASUS Vivobook S16 S3607VA-RP056W sở hữu vẻ ngoài sang trọng và hiện đại với phần nắp lưng và mặt đáy được chế tác từ nhôm cao cấp. Tông màu bạc thanh lịch bao phủ toàn bộ thân máy tạo nên một tổng thể hài hòa và chuyên nghiệp. Với trọng lượng được tối ưu ở mức 1.70 kg, chiếc laptop này rất linh hoạt cho công việc và học tập ở mọi nơi.
Đáng chú ý, chiếc laptop này đã vượt qua các bài kiểm tra nghiêm ngặt để đạt chứng nhận độ bền MIL-STD 810H. Tiêu chuẩn này đảm bảo máy có khả năng chống chịu tốt trước các tác động vật lý như va đập, rung lắc và hoạt động ổn định trong nhiều điều kiện môi trường khắc nghiệt. Nhờ vậy, người dùng có thể an tâm và tự tin hơn khi mang máy theo bên mình.
Hiệu năng đỉnh cao với CPU Intel Core i7-13620H
Laptop ASUS Vivobook S16 S3607VA-RP056W mang trong mình sức mạnh xử lý ấn tượng từ vi xử lý Intel Core i7-13620H thế hệ 13. Con chip này có cấu trúc 10 nhân 16 luồng và tốc độ tối đa lên đến 4.9 GHz, dễ dàng xử lý các tác vụ nặng đòi hỏi hiệu năng cao. Sức mạnh này cho phép máy chạy mượt mà các phần mềm lập trình, phân tích dữ liệu và sáng tạo.
Đi kèm với bộ vi xử lý mạnh mẽ này là card đồ họa tích hợp Intel UHD Graphics. Bộ xử lý đồ họa này đáp ứng tốt nhu cầu làm việc văn phòng, chỉnh sửa hình ảnh 2D, và phát video độ phân giải cao một cách vô cùng trơn tru. Sự kết hợp này tạo ra một hệ thống cân bằng giữa hiệu năng CPU và khả năng xử lý đồ họa hiệu quả cho các tác vụ hàng ngày.
Pin 70WHrs dung lượng lớn và cổng USB-C đa năng
Laptop ASUS Vivobook S16 S3607VA-RP056W được trang bị viên pin 4-cell với dung lượng lên đến 70WHrs, cung cấp thời lượng sử dụng bền bỉ. Nguồn năng lượng dồi dào này giúp người dùng làm việc và giải trí liên tục trong nhiều giờ mà không cần phụ thuộc vào nguồn sạc. Máy cũng đi kèm bộ sạc 65W nhỏ gọn, hỗ trợ sạc nhanh qua cổng USB-C tiện lợi.
Hệ thống cổng kết nối trên máy rất đa dạng, nổi bật với hai cổng USB 3.2 Gen 1 Type-C hỗ trợ đầy đủ các tính năng sạc và xuất hình ảnh. Bên cạnh đó là hai cổng USB 3.2 Gen 1 Type-A, một cổng HDMI 1.4 và jack cắm tai nghe 3.5mm. Sự đa dạng này đảm bảo chiếc laptop này có khả năng tương thích với hầu hết các thiết bị ngoại vi phổ biến hiện nay.
Màn hình 16 inch 144Hz WUXGA cho trải nghiệm siêu mượt
Laptop ASUS Vivobook S16 S3607VA-RP056W mang đến một không gian hiển thị xuất sắc với màn hình 16 inch có tần số quét 144Hz. Tần số quét cao này giúp mọi chuyển động trên màn hình từ cuộn trang web đến các cảnh hành động trong phim đều mượt mà và không bị xé hình. Đây là một lợi thế lớn giúp nâng cao đáng kể trải nghiệm của người dùng.
Màn hình được trang bị tấm nền IPS-level, độ phân giải WUXGA cùng tỷ lệ 16:10 tạo nên không gian làm việc tối ưu theo chiều dọc. Độ sáng 300 nits cùng lớp phủ kháng chói Anti-glare giúp hình ảnh hiển thị rõ nét ngay cả trong môi trường có nhiều ánh sáng. Tỷ lệ màn hình so với thân máy đạt 89% cũng góp phần tạo nên một trải nghiệm xem đắm chìm.
Mua laptop ASUS Vivobook S16 S3607VA-RP056W chính hãng tại CellphoneS
CellphoneS là địa chỉ uy tín hàng đầu để sở hữu laptop ASUS Vivobook S16 S3607VA-RP056W chính hãng với mức giá ưu đãi. Khi mua hàng, khách hàng sẽ nhận được sản phẩm mới 100%, nguyên hộp và đi kèm đầy đủ phụ kiện từ nhà sản xuất. Bên cạnh sản phẩm thì cả pin và bộ sạc đi kèm đều được bảo hành chính hãng. Hãy liên hệ ngay với CellphoneS để được tư vấn chi tiết và nhận những ưu đãi hấp dẫn!","{""Bộ xử lý & Đồ họa"": [{""name"": ""Loại card đồ họa"", ""value"": ""Intel UHD Graphics""}, {""name"": ""Loại CPU"", ""value"": ""Intel Core i7-13620H 2.4 GHz (24MB Cache, up to 4.9 GHz, 10 lõi, 16 luồng)""}], ""Bộ nhớ RAM, Ổ cứng"": [{""name"": ""Dung lượng RAM"", ""value"": ""16GB""}, {""name"": ""Loại RAM"", ""value"": ""DDR5""}, {""name"": ""Số khe ram"", ""value"": ""2 khe (8GB DDR5 Onboard + 8GB DDR5 SO-DIMM, Có thể nâng cấp; Cần tháo vỏ dưới/trên)""}, {""name"": ""Ổ cứng"", ""value"": ""512GB M.2 NVMe PCIe 4.0 SSD""}], ""Màn hình"": [{""name"": ""Tần số quét"", ""value"": ""144Hz""}, {""name"": ""Chất liệu tấm nền"", ""value"": ""Tấm nền IPS""}, {""name"": ""Kích thước màn hình"", ""value"": ""16 inches""}, {""name"": ""Công nghệ màn hình"", ""value"": ""Màn hình chống chói\nĐộ sáng 300nits\nĐộ phủ màu 45% NTSC""}, {""name"": ""Độ phân giải màn hình"", ""value"": ""1920 x 1200 pixels (WUXGA)""}], ""Âm thanh"": [{""name"": ""Công nghệ âm thanh"", ""value"": ""Loa tích hợp\nMicrô mảng tích hợp""}], ""Kích thước & Trọng lượng"": [{""name"": ""Chất liệu"", ""value"": ""Vỏ nhựa - nắp lưng kim loại""}, {""name"": ""Chất liệu vỏ màn hình"", ""value"": ""Nhôm""}, {""name"": ""Chất liệu vỏ trên"", ""value"": ""Nhựa""}, {""name"": ""Chất liệu vỏ dưới"", ""value"": ""Nhôm""}, {""name"": ""Kích thước"", ""value"": ""35.70 x 25.06 x 1.59 ~ 1.79 cm (Dài x Rộng x Dày)""}, {""name"": ""Trọng lượng"", ""value"": ""1.70 kg""}], ""Tiện ích khác"": [{""name"": ""Tính năng đặc biệt"", ""value"": ""Wi-Fi 6, Nhận diện khuôn mặt""}], ""Tính năng khác"": [{""name"": ""Loại đèn bàn phím"", ""value"": ""Bàn phím Chiclet có đèn nền với phím số""}, {""name"": ""Bảo mật"", ""value"": ""Webcam hồng ngoại hỗ trợ Windows Hello\nMcAfee\nBảo vệ mật khẩu người dùng khi khởi động BIOS\nMô-đun nền tảng đáng tin cậy (Phần mềm TPM)""}, {""name"": ""Webcam"", ""value"": ""Camera FHD có chức năng IR hỗ trợ Windows Hello; Có màn trập riêng tư""}, {""name"": ""Hệ điều hành"", ""value"": ""Windows 11 Home""}], ""Pin & công nghệ sạc"": [{""name"": ""Pin"", ""value"": ""70WHrs, 4S1P, 4-cell Li-ion""}], ""Cổng kết nối"": [{""name"": ""Wi-Fi"", ""value"": ""Wi-Fi 6(802.11ax) (Dual band) 2*2""}, {""name"": ""Bluetooth"", ""value"": ""Bluetooth 5.3""}, {""name"": ""Cổng giao tiếp"", ""value"": ""2x USB 3.2 Gen 1 Type-A (tốc độ dữ liệu lên đến 5Gbps)\n2x USB 3.2 Gen 1 Type-C hỗ trợ hiển thị/cấp nguồn (tốc độ dữ liệu lên đến 5Gbps)\n1x HDMI 1.4\n1x Giắc cắm âm thanh kết hợp 3.5mm""}]}","[""https://cdn2.cellphones.com.vn/x/media/catalog/product/l/a/laptop_asus_vivobook_s16_s3607va-rp056w_-_1.png"", ""https://cdn2.cellphones.com.vn/x/media/catalog/product/l/a/laptop_asus_vivobook_s16_s3607va-rp056w_-_2.png"", ""https://cdn2.cellphones.com.vn/x/media/catalog/product/l/a/laptop_asus_vivobook_s16_s3607va-rp056w_-_3.png""]","{""product_color_1"": {""color"": ""Bạc"", ""image_url"": ""https://cellphones.com.vn/laptop-asus-vivobook-s16-s3607va-rp056w.html?product_id=110944"", ""price"": ""23.890.000₫""}}"
Laptop ASUS ROG Flow Z13 GZ302EA-RU145WS,laptop-asus-rog-flow-z13-gz302ea-ru145ws,94.990.000đ,90.990.000đ,"Đặc điểm nổi bật
Laptop Asus ROG Flow Z13 GZ302EA-RU145WS sở hữu CPU AMD Ryzen AI MAX+ 395, RAM 128GB LPDDR5X, SSD 1TB PCIe 4.0, màn hình 13.4 inch 2.5K 180Hz 100% DCI-P3. Máy có thiết kế mỏng nhẹ, dạng Detachable với bàn phím rời RGB, Stylus đi kèm, trọng lượng chỉ 1.2kg. Máy đi kèm pin 70Wh, sạc nhanh 100W và hỗ trợ Dolby Vision, Wi-Fi 7.
Nội dung chính
1. Laptop Asus ROG Flow Z13 GZ302EA-RU145WS - Cấu hình xuất sắc cân mọi tác vụ
1.1. Hiệu suất xử lý AI vượt trội nhờ AMD XDNA NPU
1.2. Dung lượng RAM siêu khủng 128GB
1.3. Thiết kế lai tablet độc đáo
1.4. Trang bị CPU hiệu suất cao
1.5. Trang bị pin 70Wh, sạc nhanh
1.6. Màn hình nhỏ gọn sắc nét
2. Mua ngay laptop Asus ROG Flow Z13 GZ302EA-RU145WS chính hãng, giá tốt tại CellphoneS
Laptop Asus ROG Flow Z13 GZ302EA-RU145WS - Cấu hình xuất sắc cân mọi tác vụ
Asus ROG Flow Z13 GZ302EA-RU145WS là mẫu laptop Asus ROG Flow cao cấp với hiệu năng đầy ấn tượng. Đây là sản phẩm lý tưởng cho game thủ, nhà sáng tạo nội dung và dân công nghệ yêu cầu thiết bị tối ưu cả về hiệu suất lẫn tính linh hoạt.
Hiệu suất xử lý AI vượt trội nhờ AMD XDNA NPU
Laptop Asus ROG Flow Z13 GZ302EA-RU145WS không chỉ mạnh mẽ ở CPU mà còn đặc biệt ấn tượng với khả năng xử lý AI nhờ tích hợp nhân xử lý thần kinh AMD XDNA NPU. Với hiệu năng lên tới 50 TOPS, máy có thể đảm nhiệm các tác vụ AI phức tạp như nhận diện hình ảnh, xử lý ngôn ngữ tự nhiên và học máy ngay trên thiết bị.
Điều này không chỉ tăng tốc độ xử lý mà còn giúp tiết kiệm năng lượng hiệu quả. Đây là lựa chọn lý tưởng cho nhà phát triển AI, kỹ sư dữ liệu và người dùng yêu cầu cao về công nghệ trí tuệ nhân tạo.
Dung lượng RAM siêu khủng 128GB
Laptop Asus ROG Flow Z13 GZ302EA-RU145WS sở hữu dung lượng RAM khủng lên đến 128GB LPDDR5X – một con số hiếm thấy trong các dòng laptop thương mại hiện nay. Bộ nhớ này không chỉ đảm bảo khả năng đa nhiệm mượt mà mà còn hỗ trợ xử lý các tác vụ nặng như giả lập AI, dựng phim độ phân giải cao và làm việc với cơ sở dữ liệu lớn.
Máy còn được trang bị ổ cứng SSD 1TB PCIe Gen 4.0 dạng M.2 2230, mang đến tốc độ đọc ghi siêu nhanh, khởi động hệ điều hành và tải ứng dụng gần như tức thì. Dung lượng lớn kết hợp với công nghệ lưu trữ hiện đại giúp người dùng lưu trữ khối lượng lớn dữ liệu và thoải mái mở rộng công việc mà không lo bị đầy bộ nhớ.
Thiết kế lai tablet độc đáo
Laptop Asus ROG Flow Z13 GZ302EA-RU145WS sở hữu thiết kế độc đáo với kiểu dáng lai tablet có thể tháo rời bàn phím, mang lại sự linh hoạt tối đa cho cả làm việc lẫn giải trí. Với kích thước chỉ 30 x 20.4 x 1.3~1.49 cm và trọng lượng khoảng 1.2kg, chiếc laptop này dễ dàng bỏ vào balo và mang theo khắp nơi, phù hợp cho người thường di chuyển.
Toàn bộ vỏ máy được chế tác từ chất liệu cao cấp với màu đen 'Off Black' sang trọng, mang đậm phong cách Gaming hiện đại mà vẫn phù hợp trong môi trường chuyên nghiệp. Asus cũng trang bị bàn phím Chiclet RGB 1 vùng có thể tháo rời và Stylus cảm ứng đi kèm, cho phép người dùng sử dụng linh hoạt giữa chế độ laptop và tablet một cách mượt mà.
Trang bị CPU hiệu suất cao
Laptop Asus ROG Flow Z13 GZ302EA-RU145WS được trang bị bộ vi xử lý đột phá AMD Ryzen AI MAX+ 395 – con chip hiệu suất cao với 16 lõi, 32 luồng, xung nhịp tối đa 5.1GHz. Đây là dòng CPU mới tích hợp nhân NPU AMD XDNA cho khả năng xử lý tác vụ trí tuệ nhân tạo cực nhanh, với công suất lên tới 50 TOPS, phù hợp cho cả game, dựng video,...
Về mặt đồ họa, mẫu máy này sử dụng GPU tích hợp AMD Radeon, được tối ưu hóa tốt để xử lý mượt mà các tác vụ đồ họa trung – cao cấp như render ảnh, chỉnh màu, dựng video. Dù không có card rời, sự kết hợp giữa chip đồ họa tích hợp mạnh mẽ và RAM tốc độ cao vẫn đem lại trải nghiệm hình ảnh vượt xa kỳ vọng từ một chiếc laptop siêu di động.
Tản nhiệt của máy cũng được Asus đầu tư kỹ lưỡng với công nghệ tản nhiệt ROG tiên tiến, kết hợp buồng hơi thông minh và hệ thống khe tản nhiệt được thiết kế tối ưu. Dù máy có thiết kế nhỏ gọn, khả năng kiểm soát nhiệt độ tốt vẫn giúp máy hoạt động mượt và bền bỉ mà không gây khó chịu vì tiếng ồn hay nhiệt lượng dư thừa. 
Trang bị pin 70Wh, sạc nhanh
Laptop Asus ROG Flow Z13 GZ302EA-RU145WS được trang bị pin 70Wh, cho thời gian sử dụng khá ấn tượng và hỗ trợ sạc nhanh, đáp ứng tốt nhu cầu làm việc linh hoạt trong ngày. Bộ sạc đi kèm là adapter Type-C 100W hoặc nguồn 200W qua jack nguồn, giúp máy luôn sẵn sàng dù khách hàng ở văn phòng, quán cà phê hay trên đường di chuyển.
Về cổng kết nối, Asus trang bị đầy đủ các cổng hiện đại bao gồm 1x USB 3.2 Gen 2 Type-A, 2x USB 4 Type-C hỗ trợ DisplayPort và Power Delivery, 1x HDMI 2.1. Máy còn có khe đọc thẻ microSD tốc độ cao UHS-II, hỗ trợ Wi-Fi 7 chuẩn mới và Bluetooth 5.4, đảm bảo kết nối không dây siêu tốc và ổn định trong mọi tình huống.
Màn hình nhỏ gọn sắc nét
Laptop Asus ROG Flow Z13 GZ302EA-RU145WS là một điểm nhấn ấn tượng khi sở hữu kích thước 13.4 inch với độ phân giải 2.5K (2560x1600) và tần số quét lên đến 180Hz. Đây là một trong những màn hình nhỏ gọn nhưng mạnh mẽ hàng đầu hiện nay, giúp hiển thị hình ảnh mượt mà, chi tiết sắc nét và chuyển động cực kỳ trơn tru.
Ngoài ra, màn hình đạt 100% dải màu DCI-P3, có độ sáng lên tới 500 nits, độ tương phản 1500:1, hỗ trợ Dolby Vision và được chứng nhận Pantone – chất lượng màu sắc chính xác. Công nghệ ROG Nebula Display cùng khả năng cảm ứng và hỗ trợ stylus giúp nâng trải nghiệm thị giác lẫn thao tác của người dùng lên một tầm cao mới.
Mua ngay laptop Asus ROG Flow Z13 GZ302EA-RU145WS chính hãng, giá tốt tại CellphoneS
Hiện tại, CellphoneS đang phân phối laptop Asus ROG Flow Z13 GZ302EA-RU145WS chính hãng với chính sách bảo hành uy tín. Tại đây, khách hàng sẽ được mua máy với giá tốt, hỗ trợ trả góp 0% lãi suất và kèm quà tặng như túi đựng cao cấp. CellphoneS còn đem đến các ưu đãi hấp dẫn, hỗ trợ tư vấn tận tình cùng giao hàng chuyên nghiệp. Với đội ngũ nhân viên giàu kinh nghiệm, đây là địa chỉ đáng tin cậy để đầu tư chiếc laptop xứng tầm.","{""Bộ xử lý & Đồ họa"": [{""name"": ""Chip AI"", ""value"": ""AMD XDNA lên tới 50TOPS""}, {""name"": ""Loại card đồ họa"", ""value"": ""AMD Radeon Graphics""}, {""name"": ""Loại CPU"", ""value"": ""AMD Ryzen AI MAX+ 395 3.0GHz (80MB Cache, up to 5.1GHz, 16 lõi, 32 luồng)""}], ""Bộ nhớ RAM, Ổ cứng"": [{""name"": ""Dung lượng RAM"", ""value"": ""128GB""}, {""name"": ""Loại RAM"", ""value"": ""LPDDR5X 8000 On board""}, {""name"": ""Ổ cứng"", ""value"": ""1TB PCIe 4.0 NVMe M.2 SSD (2230)""}], ""Màn hình"": [{""name"": ""Tần số quét"", ""value"": ""180 Hz""}, {""name"": ""Chất liệu tấm nền"", ""value"": ""Tấm nền IPS""}, {""name"": ""Kích thước màn hình"", ""value"": ""13.4 inches""}, {""name"": ""Công nghệ màn hình"", ""value"": ""Độ sáng 500nits\nĐộ phủ màu DCI-P3 100%\nROG Nebula Display\nSupport Dolby Vision HDR""}, {""name"": ""Độ phân giải màn hình"", ""value"": ""2560 x 1600 (WQXGA)""}], ""Âm thanh"": [{""name"": ""Công nghệ âm thanh"", ""value"": ""2x 2W lực kép với Công nghệ Smart Amp\nDolby Atmos\nChứng nhận Hi-Res (cho tai nghe)\nCông nghệ Smart Amp""}], ""Tiện ích khác"": [{""name"": ""Tính năng đặc biệt"", ""value"": ""Màn hình cảm ứng, Wi-Fi 7""}], ""Tính năng khác"": [{""name"": ""Loại đèn bàn phím"", ""value"": ""Bàn phím Chiclet có đèn nền RGB 1 vùng\nAura Sync""}, {""name"": ""Bảo mật"", ""value"": ""Mật khẩu quản trị viên BIOS và bảo vệ mật khẩu người dùng\nMô-đun nền tảng đáng tin cậy (Phần mềm TPM)""}, {""name"": ""Webcam"", ""value"": ""Camera 13MP và camera IR 5MP""}, {""name"": ""Hệ điều hành"", ""value"": ""Windows 11 Home + Microsoft Office Home 2024 + Microsoft 365 Basic""}], ""Pin & công nghệ sạc"": [{""name"": ""Pin"", ""value"": ""70WHrs, 4S1P, 4-cell Li-ion\nSạc lại từ 0-50% trong 30 phút""}], ""Kích thước & Trọng lượng"": [{""name"": ""Kích thước"", ""value"": ""30.0 x 20.4 x 1.30 ~ 1.49 cm (Dài x Rộng x Dày)\nKích thước bàn phím: 30.0 x 20.6 x 0.55 cm""}, {""name"": ""Trọng lượng"", ""value"": ""1.20 kg\nTrọng lượng bàn phím: 0.39 Kg""}], ""Cổng kết nối"": [{""name"": ""Wi-Fi"", ""value"": ""Wi-Fi 7(802.11ab) (Triple band) 2*2""}, {""name"": ""Bluetooth"", ""value"": ""Bluetooth 5.4""}, {""name"": ""Cổng giao tiếp"", ""value"": ""1x USB 3.2 Gen 2 Type-A (10Gbps)\n2x Type-C USB 4 hỗ trợ DisplayPort / cung cấp điện (40Gbps)\n1x đầu đọc thẻ (microSD) (UHS-II)\n1x HDMI 2.1 FRL\n1x 3.5mm Combo Audio Jack Built-in 3-microphone array""}]}","[""https://cdn2.cellphones.com.vn/x/media/catalog/product/l/a/laptop_asus_rog_flow_z13_gz302ea-ru145ws_-_1.png"", ""https://cdn2.cellphones.com.vn/x/media/catalog/product/l/a/laptop_asus_rog_flow_z13_gz302ea-ru145ws_-_2.png"", ""https://cdn2.cellphones.com.vn/x/media/catalog/product/l/a/laptop_asus_rog_flow_z13_gz302ea-ru145ws_-_3.png""]","{""product_color_1"": {""color"": ""Đen"", ""image_url"": ""https://cellphones.com.vn/laptop-asus-rog-flow-z13-gz302ea-ru145ws.html?product_id=106885"", ""price"": ""90.990.000₫""}}"
Laptop ASUS ROG Strix G16 G614PH-S5101W,laptop-asus-rog-strix-g16-g614ph-s5101w,47.990.000đ,44.990.000đ,"Đặc điểm nổi bật
Laptop Asus Rog Strix G16 G614PH S5101W được trang bị chip AMD Ryzen 9 8940HX, card NVIDIA RTX 5050 8G mạnh mẽ sẵn sàng chinh phục nhiều tựa game. Khả năng đa nhiệm được đảm bảo nhờ 16GB RAM và SSD 512GB. Sản phẩm được tích hợp màn 16 inch 16:10 và công nghệ tản nhiệt hiện đại.
Nội dung chính
1. Laptop Asus Rog Strix G16 G614PH S5101W - Mạnh mẽ, cá tính
1.1. Tăng cường tích hợp tính năng AI
1.2. Sức mạnh khủng từ AMD Ryzen 9 và RTX 5050
1.3. Tản nhiệt ROG intelligent cooling 
1.4. Đa nhiệm tuyệt vời với 16GB DDR5 và SSD 512GB PCIe
1.5. Thiết kế mạnh mẽ màu Eclipse Gray cao cấp
1.6. Màn hình 16 inch, 2.5Km 240Hz, 100% DCI-P3
1.7. Bền bỉ với pin 4-cell Li-ion 90WHrs
1.8. Kết nối đa dạng và nhanh chóng với thiết bị ngoại vi
2. Mua laptop Asus Rog Strix G16 G614PH S5101W chính hãng tại CellphoneS
Laptop Asus Rog Strix G16 G614PH S5101W - Mạnh mẽ, cá tính
Asus Rog Strix G16 G614PH S5101W là một cỗ máy chiến đấu được thiết kế tỉ mỉ, đáp ứng kỳ vọng của đa số người dùng. Khám phá xem Asus đã đem đến cho người dùng những gì trên chiếc Laptop Asus Rog Strix này.
Tăng cường tích hợp tính năng AI
Laptop Asus Rog Strix G16 G614PH S5101W có khả năng khử ồn thông minh AI giúp cuộc họp hay livestream diễn ra chuyên nghiệp không lẫn tạp âm. Trải nghiệm âm thanh cũng được nâng cấp nhờ Dolby Atmos, Hi-Res certification và Smart Amp Technology.
Bàn phím tích hợp Copilot key.
Đặc biệt, bàn phím của máy được bổ sung Copilot key, mở ra cánh cửa truy cập và tìm kiếm thông tin bằng AI nhanh chóng. Với tính năng này người dùng có thể ngay lập tức điều hướng sử dụng AI để thực hiện các tác vụ tìm kiếm, tóm tắt thông tin hoặc quản lý hệ thống.
Sức mạnh khủng từ AMD Ryzen 9 và RTX 5050
Laptop Asus Rog Strix G16 G614PH S5101W sở hữu sức mạnh gaming vượt trội nhờ bộ vi xử lý AMD Ryzen 9 8940HX 16 nhân và 32 luồng. Con chip này có khả năng tăng tốc ấn tượng tới 5.3GHz, đây là chìa khóa giúp người dùng có thể chinh phục các tác vụ đa luồng nặng.
Thực tế sức mạnh của máy như thế nào?
Sức mạnh của máy còn được bổ trợ bởi card RTX 5050 8GB VRAM GDDR7. Thêm vào đó, công nghệ MUX Switch kết hợp NVIDIA Advanced Optimus, cho phép chuyển đổi linh hoạt giữa chế độ hiệu suất cao và tiết kiệm điện.
Tản nhiệt ROG intelligent cooling 
Kiểm soát nhiệt độ là yếu tố then chốt giúp laptop Asus Rog Strix G16 G614PH S5101W duy trì hiệu năng. Để thực hiện nhiệm vụ này, máy sử dụng tản nhiệt hiện đại ROG intelligent cooling.
Khả năng tản nhiệt của máy được tối ưu đáng kể.
Công nghệ này không chỉ đảm bảo nhiệt độ của các linh kiện chính ở mức tối ưu, mà còn giúp duy trì sự thoải mái ở bề mặt bàn phím. Từ đó, giữ ổn định hiệu suất, giúp người dùng tham gia các phiên gaming liên tục mà không lo lắng về hiện tượng giảm tốc do quá nhiệt.
Đa nhiệm tuyệt vời với 16GB DDR5 và SSD 512GB PCIe
Tốc độ làm việc được tăng tốc đáng kể nhờ sự góp mặt 16GB RAM DDR5-5200 SO-DIMM. Điều này cho phép máy xử lý đa nhiệm hiệu quả, đặc biệt khi người dùng vừa chơi game vừa livestream.
Tăng khả năng lưu trữ linh hoạt.
Laptop Asus Rog Strix G16 G614PH S5101W sở hữu ổ cứng 512GB, giúp hệ thống khởi động và tải ứng dụng chỉ trong chốc lát. Đặc biệt máy cung cấp khả năng nâng cấp linh hoạt khi trang bị 2 x SO-DIMM và 2 x M.2 PCIe.
Thiết kế mạnh mẽ màu Eclipse Gray cao cấp
Vẻ ngoài của Rog Strix G16 G614PH S5101W là sự hòa hợp giữa phong cách cá tính, mạnh mẽ cùng sự tinh tế chuyên nghiệp. Máy có màu Eclipse Gray cao cấp kết hợp cùng bàn phím RGB 4 vùng tạo nên không gian làm việc và giải trí cá tính, đậm màu sắc cá nhân.
Thiết kế hầm hồ nhưng không kém phần tinh tế.
Laptop Asus Rog Strix G16 G614PH S5101W có trọng lượng 2.50 kg và kích thước 35.4 x 26.4 x 2.26 ~ 3.04 cm. Thiết kế này vừa đảm bảo không gian rộng rãi chứa pin và bộ tản nhiệt vừa duy trì tính di động cần thiết cho người dùng thường xuyên di chuyển.
Màn hình 16 inch, 2.5Km 240Hz, 100% DCI-P3
Trải nghiệm hình ảnh trên Rog Strix G16 G614PH S5101W cực sắc nét nhờ màn hình 16 inch độ phân giải cao 2.5K (2560 x 1600) WQXGA, tỷ lệ khung hình 16:10. Nếu như người dùng là fan trung thành của các tựa game đối kháng thì sản phẩm là một món hời trong tầm giá khi được trang bị tần số quét 240Hz.
Màn hình màu sắc chân thực.
Với tốc độ làm tươi này kết hợp cùng thời gian phản hồi 3ms và công nghệ G-Sync, giúp loại bỏ hiện tượng xé hình tối đa. Điều này giúp laptop Asus Rog Strix G16 G614PH S5101W đóng vai trò là một chiến cơ, mang lại thế lớn khi người dùng chơi game. 
Sản phẩm còn có độ sáng 500 nits, độ tương phản 1200:1 và chuẩn màu 100% DCI-P3. Ngoài ra máy còn đạt chứng nhận Pantone Validated kết hợp cùng công nghệ ROG Nebula Display, đảm bảo màu sắc hiển thị chính xác, chuẩn mực.
Bền bỉ với pin 4-cell Li-ion 90WHrs
Với laptop gaming pin trâu là điểm cộng cực lớn. Laptop Asus Rog Strix G16 G614PH S5101W được trang bị pin 4-cell Li-ion 90WHrs mang lại thời lượng sử dụng đáng kể. Điều này cho phép người dùng làm việc hay giải trí ngay cả khi không có nguồn điện hỗ trợ.
Máy hoạt động bền bỉ không bị ngắt quãng.
Trong tình huống cần sạc năng lượng gấp máy cho khả năng sạc nhanh từ 0 - 50% chỉ trong 30 phút. Điều này có được là nhờ cục sạc có công suất tối đa 280W AC.
Kết nối đa dạng và nhanh chóng với thiết bị ngoại vi
Khả năng kết nối mạnh mẽ giúp laptop Asus Rog Strix G16 G614PH S5101W trở thành trạm điều khiển cho toàn bộ hệ sinh thái công nghệ. Người dùng có thể truyền và kết nối với các thiết bị khác qua 2 cổng USB Type-C 4.0 với tốc độ tối đa 40Gbps. 
Khả năng kết nối thiết bị khác ấn tượng.
Ngoài ra, sự xuất hiện của 2 x USB 3.2 Gen 2 Type-A, 1 x HDMI 2.1 FRL, 1 x mạng LAN RJ45 cho phép người dùng thoải mái xuất hình 4K hoặc kết nối nhanh chóng. Hơn nữa, các chuẩn ghép nối không dây như Wi-Fi 6E (802.11ax) băng tần kép và Bluetooth 5.3 đem lại nhiều sự tiện lợi cho người dùng.
Mua laptop Asus Rog Strix G16 G614PH S5101W chính hãng tại CellphoneS
Laptop Asus Rog Strix G16 G614PH S5101W đang được bán chính hãng với giá cực hời tại CellphoneS. Đối với các khách hàng là sinh viên, CellphoneS áp dụng voucher ưu đãi đặc biệt và chế độ trả góp 0% linh hoạt. Khi mua hàng, đội ngũ kỹ thuật viên còn hỗ trợ tư vấn chuyên sâu về cấu hình cũng như điểm mạnh, điểm yếu sản phẩm. Chế độ đổi trả 1:1 linh hoạt cũng được áp dụng đúng quy định.","{""Bộ xử lý & Đồ họa"": [{""name"": ""Loại card đồ họa"", ""value"": ""NVIDIA GeForce RTX 5050 8GB GDDR7\nAMD Radeon Graphics""}, {""name"": ""Loại CPU"", ""value"": ""AMD Ryzen 9 8940HX 2.4GHz (80MB Cache, up to 5.3GHz, 16 lõi, 32 luồng)""}], ""Bộ nhớ RAM, Ổ cứng"": [{""name"": ""Dung lượng RAM"", ""value"": ""16GB""}, {""name"": ""Loại RAM"", ""value"": ""DDR5-5200 SO-DIMM""}, {""name"": ""Số khe ram"", ""value"": ""2 khe (1 x 16GB, nâng cấp tối đa 64GB)""}, {""name"": ""Ổ cứng"", ""value"": ""512GB PCIe 4.0 NVMe M.2 SSD (2 Khe cắm M.2 hỗ trợ cả SATA hoặc NVMe, tối đa 2TB)""}], ""Màn hình"": [{""name"": ""Tần số quét"", ""value"": ""240 Hz""}, {""name"": ""Chất liệu tấm nền"", ""value"": ""Tấm nền IPS""}, {""name"": ""Kích thước màn hình"", ""value"": ""16 inches""}, {""name"": ""Công nghệ màn hình"", ""value"": ""Độ sáng 500 nits\nTỷ lệ tương phản 1200:1\nĐộ phủ màu DCI-P3 100%\nMàn hình chống chói\nCông nghệ Adaptive-Sync G-Sync\nChứng nhận Pantone Validated\nROG Nebula Display\nDolby Vision HDR\nTản nhiệt ROG Intelligent Cooling""}, {""name"": ""Độ phân giải màn hình"", ""value"": ""2560 x 1600 (WQXGA)""}], ""Âm thanh"": [{""name"": ""Công nghệ âm thanh"", ""value"": ""Hệ thống 2 loa với công nghệ khuếch đại thông minh\nCông nghệ khử ồn AI\nDolby Atmos\nChứng nhận Hi-Res (cho tai nghe)\nCông nghệ Smart Amp""}], ""Tiện ích khác"": [{""name"": ""Tính năng đặc biệt"", ""value"": ""Wi-Fi 6, MUX Switch""}], ""Tính năng khác"": [{""name"": ""Loại đèn bàn phím"", ""value"": ""Bàn phím Chiclet có đèn nền RGB 4 vùng Có phím Copilot\nAura Sync""}, {""name"": ""Bảo mật"", ""value"": ""Mật khẩu Quản trị viên BIOS và bảo vệ mật khẩu người dùng\nMô-đun TPM (Firmware TPM)""}, {""name"": ""Webcam"", ""value"": ""1080P FHD camera""}, {""name"": ""Hệ điều hành"", ""value"": ""Windows 11 Home""}], ""Pin & công nghệ sạc"": [{""name"": ""Pin"", ""value"": ""90WHrs, 4S1P, 4-cell Li-ion, Sạc từ 0-50% trong 30 phút""}], ""Kích thước & Trọng lượng"": [{""name"": ""Kích thước"", ""value"": ""35.4 x 26.4 x 2.26 ~ 3.04 cm (Dài x Rộng x Dày)""}, {""name"": ""Trọng lượng"", ""value"": ""2.50 kg""}], ""Cổng kết nối"": [{""name"": ""Wi-Fi"", ""value"": ""Wi-Fi 6E(802.11ax) (Triple band) 2*2""}, {""name"": ""Bluetooth"", ""value"": ""Bluetooth 5.3""}, {""name"": ""Cổng giao tiếp"", ""value"": ""1 x RJ45 LAN\n1 x USB 4 Type-C hỗ trợ DisplayPort / G-Sync (40Gbps)\n1 x USB 4 Type-C hỗ trợ DisplayPort / Power Delivery / G-Sync (40Gbps)\n2 x USB 3.2 Gen 2 Type-A (10Gbps)\n1 x HDMI 2.1 FRL\n1 x Jack âm thanh 3.5mm combo""}]}","[""https://cdn2.cellphones.com.vn/x/media/catalog/product/l/a/laptop_asus_rog_strix_g16_g614ph-s5101w_-_1.png"", ""https://cdn2.cellphones.com.vn/x/media/catalog/product/l/a/laptop_asus_rog_strix_g16_g614ph-s5101w_-_3.png"", ""https://cdn2.cellphones.com.vn/x/media/catalog/product/l/a/laptop_asus_rog_strix_g16_g614ph-s5101w_-_2.png""]","{""product_color_1"": {""color"": ""Xám"", ""image_url"": ""https://cellphones.com.vn/laptop-asus-rog-strix-g16-g614ph-s5101w.html?product_id=119224"", ""price"": ""44.990.000₫""}}"
Laptop ASUS Vivobook 14 X1404VA-EB509W,laptop-asus-vivobook-14-x1404va-eb509w,13.990.000đ,13.490.000đ,"Đặc điểm nổi bật
Laptop ASUS Vivobook 14 X1404VA-EB509W được trang bị con chip xử lý Intel Core i3-1315U cho hiệu năng ổn định, đa nhiệm mượt mà và tiết kiệm điện năng. Mẫu laptop ASUS Vivobook này sử dụng RAM 8GB kết hợp ổ cứng SSD 512GB, giúp tăng tốc độ truy cập và lưu trữ thoải mái. Màn hình 14 inch Full HD hiển thị sắc nét, màu sắc trung thực, đáp ứng nhu cầu sử dụng hằng ngày.
Nội dung chính
1. Laptop ASUS Vivobook 14 X1404VA-EB509W - Thiết kế gọn nhẹ
1.1. Tăng tốc mọi tác vụ, lưu trữ siêu nhanh
1.2. Thiết kế tinh gọn, sắc bạc thanh lịch
1.3. Xử lý ổn định tác vụ hàng ngày với Intel Core i3
1.4. Sẵn sàng cho mọi tác vụ với pin lâu, kết nối mạnh
1.5. Màn hình IPS giúp hiển thị ổn định
2. Mua laptop ASUS Vivobook 14 X1404VA-EB509W với giá tốt tại CellphoneS
Laptop ASUS Vivobook 14 X1404VA-EB509W - Thiết kế gọn nhẹ
Laptop ASUS Vivobook 14 X1404VA-EB509W là lựa chọn phù hợp cho sinh viên và nhân viên văn phòng nhờ sự cân bằng giữa hiệu suất và tính di động. Sản phẩm sở hữu thiết kế tinh tế, dễ sử dụng, phù hợp với nhiều môi trường làm việc và học tập.
Tăng tốc mọi tác vụ, lưu trữ siêu nhanh
Laptop ASUS Vivobook 14 X1404VA-EB509W được trang bị RAM 8GB DDR4 on board, mang lại khả năng xử lý đa nhiệm ổn định, giảm giật lag khi mở nhiều ứng dụng cùng lúc. Bộ nhớ RAM tích hợp phù hợp với nhu cầu học tập, làm việc văn phòng hay sử dụng phần mềm nhẹ một cách trơn tru, hiệu quả.
Ổ cứng SSD 512GB M.2 NVMe PCIe 4.0 giúp thiết bị truy xuất dữ liệu nhanh, khởi động và chạy ứng dụng mượt mà chỉ trong vài giây. Dung lượng lớn đảm bảo không gian lưu trữ thoải mái đồng thời tăng hiệu năng tổng thể, mang lại trải nghiệm mượt mà và liền mạch.
Thiết kế tinh gọn, sắc bạc thanh lịch
Laptop ASUS Vivobook 14 X1404VA-EB509W sở hữu thiết kế tinh giản với các đường nét vuông vức và tỉ lệ cân đối, tạo nên tổng thể hiện đại, thanh lịch và đầy chuyên nghiệp. Toàn bộ thân máy được hoàn thiện với lớp vỏ màu bạc sang trọng, dễ dàng hòa hợp với nhiều phong cách cá nhân cũng như không gian sử dụng khác nhau.
Với trọng lượng khoảng 1.4kg cùng độ mỏng vừa phải, chiếc laptop này là lựa chọn lý tưởng cho người dùng hay di chuyển như sinh viên, freelancer hoặc nhân viên văn phòng. Thiết kế nhỏ gọn không chỉ tiện lợi trong việc mang theo mỗi ngày mà còn mang lại cảm giác linh hoạt, thoải mái và chuyên nghiệp trong quá trình sử dụng lâu dài.
Laptop Vivobook 14 X1404VA-EB509W trang bị cảm biến vân tay trên touchpad, hỗ trợ mở khóa nhanh và an toàn chỉ bằng một cú chạm nhẹ. Bên cạnh đó, máy còn hỗ trợ TPM và các tính năng bảo mật BIOS như mật khẩu khi khởi động và truy cập thiết lập, giúp bảo vệ dữ liệu cá nhân hiệu quả và tăng cường độ tin cậy.
Máy còn được trang bị bàn phím chiclet kích thước tiêu chuẩn, mang lại cảm giác gõ phím êm ái và độ nảy tốt trong quá trình sử dụng. Các phím được bố trí hợp lý với khoảng cách phù hợp, hỗ trợ thao tác nhanh và hạn chế nhầm lẫn, thích hợp cho người làm việc với văn bản hoặc học tập lâu dài.
Xử lý ổn định tác vụ hàng ngày với Intel Core i3
Laptop ASUS Vivobook 14 X1404VA-EB509W trang bị vi xử lý Intel Core i3-1315U với 6 nhân, 8 luồng, giúp xử lý mượt các tác vụ văn phòng, học tập và làm việc online. Với tốc độ xung nhịp tối đa lên đến 4.5GHz, CPU này mang lại hiệu suất ổn định, phản hồi nhanh chóng ngay cả khi chạy nhiều ứng dụng cùng lúc.
Đi kèm với đó là GPU tích hợp Intel UHD Graphics, hỗ trợ tốt các tác vụ đồ họa cơ bản như chỉnh sửa ảnh nhẹ, xem video chất lượng cao hay trình chiếu nội dung trực tuyến. Nhờ khả năng xử lý hình ảnh ổn định, tiết kiệm điện năng và vận hành êm ái, máy mang lại trải nghiệm mượt mà, bền bỉ và đáp ứng tốt nhu cầu sử dụng hàng ngày.
Sẵn sàng cho mọi tác vụ với pin lâu, kết nối mạnh
Laptop ASUS Vivobook 14 X1404VA-EB509W trang bị pin 3-cell Li-ion dung lượng 42Wh, cho thời gian sử dụng ổn định với các tác vụ học tập, làm việc và giải trí trong nhiều giờ. Nhờ khả năng tối ưu hóa hiệu suất tiêu thụ điện từ vi xử lý, người dùng có thể yên tâm sử dụng máy cả ngày dài mà không cần lo lắng về việc sạc pin thường xuyên.
Thiết bị sở hữu đầy đủ cổng kết nối như USB 2.0, USB 3.2 Gen 1 Type-A, USB 3.2 Gen 1 Type-C, giúp truyền dữ liệu nhanh và kết nối dễ dàng với thiết bị ngoại vi. Ngoài ra, cổng HDMI 1.4 hỗ trợ xuất hình ảnh chất lượng cao, trong khi jack âm thanh 3.5mm và cổng DC-in mang đến trải nghiệm sử dụng liền mạch, tiện lợi trong mọi tình huống.
Về kết nối không dây, máy tích hợp Wi-Fi 6E (802.11ax) băng tần kép và Bluetooth 5.3, cho tốc độ truyền tải ổn định, độ trễ thấp và kết nối nhanh với nhiều thiết bị cùng lúc. Nhờ vậy, người dùng có thể thoải mái học online, họp trực tuyến hoặc chia sẻ dữ liệu không dây mượt mà, ngay cả trong môi trường mạng đông người và phức tạp.
Màn hình IPS giúp hiển thị ổn định
Laptop ASUS Vivobook 14 X1404VA-EB509W được trang bị màn hình 14.0 inch độ phân giải Full HD với tỷ lệ 16:9, mang đến hình ảnh chi tiết và không gian hiển thị cân đối. Tấm nền IPS cho góc nhìn rộng, giúp duy trì độ sáng, độ tương phản và màu sắc ổn định ở nhiều góc độ khác nhau, hỗ trợ tốt cho cả công việc cá nhân lẫn làm việc nhóm.
Với độ sáng 250 nits cùng độ phủ màu 45% NTSC, màn hình đáp ứng tốt nhu cầu sử dụng trong nhà như học tập, làm việc văn phòng hay giải trí nhẹ nhàng. NMnaf hình chống chói kết hợp tần số quét 60Hz giúp giảm phản xạ ánh sáng, hạn chế mỏi mắt và mang lại trải nghiệm hiển thị liền mạch, dễ chịu trong thời gian dài.
Mua laptop ASUS Vivobook 14 X1404VA-EB509W với giá tốt tại CellphoneS
Mua laptop ASUS Vivobook 14 X1404VA-EB509W tại CellphoneS để tận hưởng mức giá hấp dẫn cùng nhiều chính sách ưu đãi. Khi mua tại CellphoneS, khách hàng còn được đội ngũ nhân viên tư vấn, hỗ trợ lựa chọn cấu hình phù hợp. Ngoài ra, dịch vụ bảo hành dài hạn, chính sách đổi trả minh bạch giúp khách hàng luôn được đảo vệ quyền lợi khi mua hàng. Sắm ngay laptop ASUS Vivobook 14 trực tiếp trên website hoặc đến cửa hàng CellphoneS ngay hôm nay.","{""Bộ xử lý & Đồ họa"": [{""name"": ""Loại card đồ họa"", ""value"": ""Intel UHD Graphics""}, {""name"": ""Loại CPU"", ""value"": ""Intel Core i3-1315U 1.2 GHz (10MB Cache, up to 4.5 GHz, 6 lõi, 8 luồng)""}], ""Bộ nhớ RAM, Ổ cứng"": [{""name"": ""Dung lượng RAM"", ""value"": ""8GB""}, {""name"": ""Loại RAM"", ""value"": ""DDR4 on board""}, {""name"": ""Số khe ram"", ""value"": ""Có thể nâng cấp; Cần tháo vỏ dưới/trên""}, {""name"": ""Ổ cứng"", ""value"": ""512GB M.2 NVMe PCIe 4.0 SSD""}], ""Màn hình"": [{""name"": ""Tần số quét"", ""value"": ""60Hz""}, {""name"": ""Chất liệu tấm nền"", ""value"": ""Tấm nền IPS""}, {""name"": ""Kích thước màn hình"", ""value"": ""14 inches""}, {""name"": ""Công nghệ màn hình"", ""value"": ""Màn hình chống chói\nĐộ sáng 250nits\nĐộ phủ màu 45% NTSC""}, {""name"": ""Độ phân giải màn hình"", ""value"": ""1920 x 1080 pixels (FullHD)""}], ""Âm thanh"": [{""name"": ""Công nghệ âm thanh"", ""value"": ""SonicMaster\nLoa tích hợp\nMicrô mảng tích hợp""}], ""Kích thước & Trọng lượng"": [{""name"": ""Chất liệu"", ""value"": ""Vỏ nhựa""}, {""name"": ""Chất liệu vỏ màn hình"", ""value"": ""Nhựa""}, {""name"": ""Chất liệu vỏ trên"", ""value"": ""Nhựa""}, {""name"": ""Chất liệu vỏ dưới"", ""value"": ""Nhựa""}, {""name"": ""Kích thước"", ""value"": ""32.49 x 21.39 x 1.79 ~ 1.79 cm (Dài x Rộng x Dày)""}, {""name"": ""Trọng lượng"", ""value"": ""1.40 kg""}], ""Tiện ích khác"": [{""name"": ""Tính năng đặc biệt"", ""value"": ""Wi-Fi 6, Bảo mật vân tay""}], ""Tính năng khác"": [{""name"": ""Bảo mật"", ""value"": ""Cảm biến vân tay tích hợp với Touchpad\nMcAfee\nBảo vệ mật khẩu người dùng khi khởi động BIOS\nMật khẩu người dùng thiết lập BIOS\nMô-đun nền tảng đáng tin cậy (Phần mềm TPM)""}, {""name"": ""Webcam"", ""value"": ""Camera HD 720p; Có màn trập camera""}, {""name"": ""Hệ điều hành"", ""value"": ""Windows 11 Home""}], ""Pin & công nghệ sạc"": [{""name"": ""Pin"", ""value"": ""42WHrs, 3S1P, 3-cell Li-ion""}], ""Cổng kết nối"": [{""name"": ""Wi-Fi"", ""value"": ""Wi-Fi 6E(802.11ax) (Dual band) 1*1""}, {""name"": ""Bluetooth"", ""value"": ""Bluetooth 5.3""}, {""name"": ""Cổng giao tiếp"", ""value"": ""1x USB 2.0 Type-A (480Mbps)\n1x USB 3.2 Gen 1 Type-C (5Gbps)\n2x USB 3.2 Gen 1 Type-A (5Gbps)\n1x HDMI 1.4\n1x 3.5mm Combo Audio Jack\n1x DC-in""}]}","[""https://cdn2.cellphones.com.vn/x/media/catalog/product/l/a/laptop_asus_vivobook_14_x1404va-eb509w_-_1.png"", ""https://cdn2.cellphones.com.vn/x/media/catalog/product/l/a/laptop_asus_vivobook_14_x1404va-eb509w_-_2.png"", ""https://cdn2.cellphones.com.vn/x/media/catalog/product/l/a/laptop_asus_vivobook_14_x1404va-eb509w_-_3.png""]","{""product_color_1"": {""color"": ""Bạc"", ""image_url"": ""https://cellphones.com.vn/laptop-asus-vivobook-14-x1404va-eb509w.html?product_id=109985"", ""price"": ""13.490.000₫""}}"
Laptop ASUS Vivobook 16 A1607QA-MB067WS,laptop-asus-vivobook-16-a1607qa-mb067ws-snapdragon,20.990.000đ,17.990.000đ,"Đặc điểm nổi bật
Laptop ASUS Vivobook 16 A1607QA-MB067WS Snapdragon được trang bị CPU Snapdragon X X1 26 100 cao cấp, có chip AI Qualcomm Hexagon NPU hiệu suất cao. Thiết bị sở hữu màn hình rộng 16 inches, tần số quét 60Hz mang lại hình ảnh sắc nét. Với ngoại hình thanh lịch, sản phẩm laptop ASUS Vivobook này là lựa chọn lý tưởng cho sinh viên và nhân viên văn phòng.
Nội dung chính
1. Laptop ASUS Vivobook 16 A1607QA-MB067WS Snapdragon - Ổn định và mượt mà
1.1. Dung lượng RAM lớn, tính đa nhiệm cao
1.2. Thiết kế tinh gọn, trọng lượng nhẹ
1.3. Bộ vi xử lý tiên tiến, hiệu năng ổn định
1.4. Trang bị nhiều cổng kết nối, dung lượng pin lớn
1.5. Màn hình WUXGA 16.0 inches hiển thị rõ nét
2. Mua ngay laptop ASUS Vivobook 16 A1607QA-MB067WS giá tốt tại CellphoneS
Laptop ASUS Vivobook 16 A1607QA-MB067WS Snapdragon - Ổn định và mượt mà
Laptop ASUS Vivobook 16 A1607QA-MB067WS Snapdragon là dòng máy tính văn phòng có khả năng đa nhiệm ấn tượng, được nhiều người dùng yêu thích. Ngoài ra, thiết bị này còn sở hữu các điểm cộng tiêu biểu khác như dưới đây!
Dung lượng RAM lớn, tính đa nhiệm cao
Sản phẩm sử dụng loại RAM LPDDR5X Onboard có thể cải tiến hiệu suất và tiết kiệm năng lượng hiệu quả. Dung lượng RAM lên đến 16GB, đáp ứng tốt nhu cầu làm việc và giải trí của học sinh, sinh viên, nhân viên văn phòng.
Laptop ASUS Vivobook 16 A1607QA-MB067WS Snapdragon được trang bị ổ cứng M.2 NVMe PCIe 4.0 SSD. Ổ cứng SSD 512GB tăng tốc độ truy xuất dữ liệu, giúp khởi động nhanh hơn và hỗ trợ xử lý các tác vụ hiệu quả.
Thiết kế tinh gọn, trọng lượng nhẹ
Phiên bản này sở hữu gam màu bạc sang trọng, ngoại hình thanh lịch, là lựa chọn lý tưởng cho những người yêu thích phong cách tinh tế, tối giản. Sản phẩm có kích thước 35.70 x 25.06 x 1.79 ~ 1.99 cm và trọng lượng chỉ 1.88 kg, thuận tiện để mang theo.
Về phần chất liệu, phần vỏ máy và vỏ màn hình của laptop ASUS Vivobook 16 A1607QA-MB067WS Snapdragon được hoàn thiện bằng nhựa cao cấp. Ưu điểm của vật liệu này là góp phần làm giảm trọng lượng máy, đem đến cho khách hàng một sản phẩm nhẹ nhàng, có tính di động cao.
Bên cạnh đó, laptop sở hữu kiểu bàn phím Chiclet, mang lại trải nghiệm gõ êm ái. Bàn phím còn có hệ thống đèn nền hiện đại, giúp người dùng thao tác nhanh chóng dù trong điều kiện thiếu sáng.
Bộ vi xử lý tiên tiến, hiệu năng ổn định
Laptop ASUS Vivobook 16 A1607QA-MB067WS Snapdragon được tích hợp CPU Snapdragon X X1 26 100 8 lõi, 8 luồng. Bộ xử lý này giúp máy hoạt động mượt mà dù chạy nhiều file nặng và trình duyệt cùng lúc. Ngoài ra, CPU còn hỗ trợ chip AI Qualcomm Hexagon NPU có hiệu suất đến 45 TOPS.
(*) Tiến trình chip mới nên có thể không kết nối được với các thiết bị có driver cũ
Dòng chip hiện đại trên hỗ trợ xử lý AI, tối ưu hiệu suất đồ họa và tiết kiệm năng lượng. Sản phẩm sử dụng card đồ họa Qualcomm Adreno GPU cao cấp. Nhờ đó, thiết bị có hiệu suất xử lý đồ họa ổn định, đáp ứng tốt nhu cầu chỉnh sửa hình ảnh, video cơ bản và xem phim, chơi game hàng ngày.
Trang bị nhiều cổng kết nối, dung lượng pin lớn
Laptop ASUS Vivobook 16 A1607QA-MB067WS Snapdragon sở hữu đến 6 cổng kết nối, gồm cổng HDMI, giắc âm thanh và 4 cổng USB (2 Type-A, 2 Type-C). Máy có thể liên kết dễ dàng với các thiết bị ngoại vi, giúp truyền tải dữ liệu nhanh chóng và hỗ trợ người dùng làm việc hiệu quả hơn.
Laptop được trang bị viên pin 3-cell Li-ion có dung lượng lên đến 50 WHrs. Đây là mức pin ổn định, thường xuất hiện trên những dòng laptop văn phòng, đảm bảo khả năng vận hành liên tục, bền bỉ. Ngoài ra, máy còn hỗ trợ kết nối không dây với Wifi 6E và Bluetooth 5.3, hỗ trợ khách hàng liên kết mạng và các thiết bị ngoại vi nhanh chóng, dễ dàng hơn.
Màn hình WUXGA 16.0 inches hiển thị rõ nét
Phiên bản laptop ASUS Vivobook 16 A1607QA-MB067WS Snapdragon có màn hình rộng đến 16 inches, cho không gian hiển thị lớn và rõ ràng. Độ phân giải WUXGA 1920 x 1200 pixels giúp truyền tải hình ảnh sắc nét và sống động, phù hợp để xem phim, chỉnh sửa đồ họa cơ bản. Hãng sử dụng tấm nền IPS cao cấp, cho góc nhìn rộng và tái tạo màu sắc tốt.
Màn hình được phủ lớp chống chói, mang lại trải nghiệm thoải mái, dễ chịu, giảm tình trạng mỏi mắt khi làm việc trong thời gian dài. Độ sáng 300 nits là mức thích hợp để người mua làm việc, học tập trong nhà và môi trường có ánh sáng nhẹ, vừa phải. Màn hình có độ phủ màu 45% NTSC - mức lý tưởng để phục vụ nhu cầu làm việc và giải trí cơ bản.
Màn hình của laptop ASUS Vivobook 16 A1607QA-MB067WS Snapdragon có tần số quét 60Hz, đem đến trải nghiệm làm việc, lướt web mượt mà. Máy chạy hệ điều hành Windows 11 Home, có sẵn nhiều ứng dụng hiện đại, hữu ích. Bên cạnh đó, hãng cũng đề cao quyền riêng tư khi trang bị hệ thống bảo mật tiên tiến, ngăn chặn phần mềm, virus độc hại,...
Mua ngay laptop ASUS Vivobook 16 A1607QA-MB067WS giá tốt tại CellphoneS
Hãy nhanh tay đặt mua laptop ASUS Vivobook 16 A1607QA-MB067WS Snapdragon ngay hôm nay tại CellphoneS. Khách hàng sẽ nhận chế độ bảo hành chính hãng lên đến 24 tháng, riêng pin và bộ sạc được bảo hành 12 tháng. Ngoài ra, CellphoneS còn cung cấp dịch vụ giao hàng tại nhà và một số chương trình khuyến mãi hấp dẫn cho khách hàng thành viên Smember. Hãy đặt hàng ngay để được tận hưởng gói ưu đãi sớm!","{""Bộ xử lý & Đồ họa"": [{""name"": ""Chip AI"", ""value"": ""Qualcomm Hexagon NPU up to 45TOPS""}, {""name"": ""Loại card đồ họa"", ""value"": ""Qualcomm Adreno GPU\nTiến trình chip mới nên có thể không kết nối được với các thiết bị có driver cũ""}, {""name"": ""Loại CPU"", ""value"": ""Snapdragon X X1 26 100 (30MB Cache, up to 2.97GHz, 8 lõi, 8 luồng)""}], ""Bộ nhớ RAM, Ổ cứng"": [{""name"": ""Dung lượng RAM"", ""value"": ""16GB""}, {""name"": ""Loại RAM"", ""value"": ""LPDDR5X Onboard""}, {""name"": ""Ổ cứng"", ""value"": ""512GB M.2 NVMe PCIe 4.0 SSD""}], ""Màn hình"": [{""name"": ""Tần số quét"", ""value"": ""60Hz""}, {""name"": ""Chất liệu tấm nền"", ""value"": ""Tấm nền IPS""}, {""name"": ""Kích thước màn hình"", ""value"": ""16 inches""}, {""name"": ""Công nghệ màn hình"", ""value"": ""Độ sáng 300nits\nĐộ phủ màu 45% NTSC\nMàn hình chống chói""}, {""name"": ""Độ phân giải màn hình"", ""value"": ""1920 x 1200 pixels (WUXGA)""}], ""Âm thanh"": [{""name"": ""Công nghệ âm thanh"", ""value"": ""SonicMaster\nCông nghệ Smart Amp\nLoa tích hợp\nMicrô mảng tích hợp""}], ""Kích thước & Trọng lượng"": [{""name"": ""Chất liệu"", ""value"": ""Vỏ nhựa""}, {""name"": ""Chất liệu vỏ màn hình"", ""value"": ""Nhựa""}, {""name"": ""Chất liệu vỏ trên"", ""value"": ""Nhựa""}, {""name"": ""Chất liệu vỏ dưới"", ""value"": ""Nhựa""}, {""name"": ""Kích thước"", ""value"": ""35.70 x 25.06 x 1.79 ~ 1.99 cm (Dài x Rộng x Dày)""}, {""name"": ""Trọng lượng"", ""value"": ""1.88 kg""}], ""Tiện ích khác"": [{""name"": ""Tính năng đặc biệt"", ""value"": ""Wi-Fi 6""}], ""Tính năng khác"": [{""name"": ""Loại đèn bàn phím"", ""value"": ""Bàn phím Chiclet có đèn nền với phím số Với phím Copilot""}, {""name"": ""Bảo mật"", ""value"": ""Webcam IR hỗ trợ Windows Hello\nMcAfee\nBIOS Booting User Password Protection\nBIOS setup user password\nMicrosoft Pluton security processor\nTrusted Platform Module (Firmware TPM)""}, {""name"": ""Webcam"", ""value"": ""Camera FHD có chức năng IR hỗ trợ Windows Hello, có màn trập camera""}, {""name"": ""Hệ điều hành"", ""value"": ""Windows 11 Home + Microsoft Office Home 2024 + Microsoft 365 Basic""}], ""Pin & công nghệ sạc"": [{""name"": ""Pin"", ""value"": ""50WHrs, 3S1P, 3-cell Li-ion""}], ""Cổng kết nối"": [{""name"": ""Wi-Fi"", ""value"": ""Wi-Fi 6E(802.11ax) (Triple band) 2*2""}, {""name"": ""Bluetooth"", ""value"": ""Bluetooth 5.3""}, {""name"": ""Cổng giao tiếp"", ""value"": ""2x USB 3.2 Gen 1 Type-A (tốc độ dữ liệu lên đến 5Gbps)\n2x USB 4.0 Gen 3 Type-C hỗ trợ hiển thị/cung cấp điện (tốc độ dữ liệu lên đến 40Gbps)\n1x HDMI 2.1 TMDS\n1x Giắc cắm âm thanh kết hợp 3.5mm""}]}","[""https://cdn2.cellphones.com.vn/x/media/catalog/product/l/a/laptop_asus_vivobook_16_a1607qa-mb067ws_-_1.png"", ""https://cdn2.cellphones.com.vn/x/media/catalog/product/l/a/laptop_asus_vivobook_16_a1607qa-mb067ws_-_2.png"", ""https://cdn2.cellphones.com.vn/x/media/catalog/product/l/a/laptop_asus_vivobook_16_a1607qa-mb067ws_-_3.png""]","{""product_color_1"": {""color"": ""Bạc"", ""image_url"": ""https://cellphones.com.vn/laptop-asus-vivobook-16-a1607qa-mb067ws-snapdragon.html?product_id=101283"", ""price"": ""17.990.000₫""}}"
Laptop ASUS VivoBook Go 14 E1404FA-EB935W,laptop-asus-vivobook-go-14-e1404fa-eb935w,19.990.000đ,17.490.000đ,"Đặc điểm nổi bật
Laptop ASUS VivoBook Go 14 E1404FA-EB935W trang bị vi xử lý AMD Mendocino R5 cùng với RAM 16GB LPDDR5, mang lại hiệu năng ổn định cho các tác vụ. Sản phẩm sở hữu màn hình 14 inch FHD, cho không gian hiển thị vừa phải. Laptop được trang bị pin 42WHrs đi kèm sạc AC Adapter 45W cung cấp thời gian bền bỉ. 
Nội dung chính
1. Laptop ASUS VivoBook Go 14 E1404FA-EB935W - Hiệu suất mạnh, pin dài lâu
1.1. AI Noise Canceling lọc tiếng ồn
1.2. RAM 16GB LPDDR5, SSD 512GB
1.3. Độ bền quân đội Mỹ, nhựa cao cấp
1.4. AMD Mendocino R5 mạnh mẽ
1.5. Pin 42WHrs, đa dạng cổng hỗ trợ
1.6. Màn hình 14 inch, không gian hiển thị vừa phải
2. Mua ngay laptop ASUS VivoBook Go 14 E1404FA-EB935W chính hãng tại CellphoneS
Laptop ASUS VivoBook Go 14 E1404FA-EB935W - Hiệu suất mạnh, pin dài lâu
Thế hệ laptop ASUS VivoBook này là lựa chọn phù hợp cho người dùng cần sự gọn nhẹ nhưng vẫn có hiệu suất ổn định. Với cấu hình cân bằng cùng thời lượng pin đáp ứng tốt nhu cầu sử dụng, sản phẩm mang đến trải nghiệm tiện lợi.
AI Noise Canceling lọc tiếng ồn
Laptop ASUS VivoBook Go 14 E1404FA-EB935W được trang bị công nghệ AI Noise Canceling giúp nâng cao chất lượng âm thanh. Hệ thống AI này có thể nhận diện để loại bỏ các tạp âm phổ biến từ môi trường xung quanh như quạt, gõ phím và xe cộ. 
Máy có hỗ trợ AI Noise Canceling lọc tiếng ồn
Nhờ đó, những cuộc họp trực tuyến hay trao đổi công việc trở nên rõ ràng, liền mạch hơn. AI Noise Canceling còn hữu ích với học sinh, sinh viên hay nhân viên văn phòng thường xuyên làm việc từ xa. 
RAM 16GB LPDDR5, SSD 512GB
Laptop ASUS VivoBook Go 14 E1404FA-EB935W trang bị cấu hình đáp ứng tốt nhu cầu sử dụng lâu dài. RAM 16GB chuẩn LPDDR5 giúp hệ thống vận hành mượt mà, ngay cả khi mở nhiều ứng dụng khác nhau. Dung lượng RAM lớn cũng giúp hệ thống vận hành ổn định trong thời gian dài tránh hiện tượng giật lag.
Laptop có cấu hình RAM 16GB và SSD 512GB
Bên cạnh đó, thiết bị sử dụng ổ cứng 512GB M.2 NVMe PCIe 3.0 SSD, cho tốc độ đọc ghi nhanh. Máy còn hỗ trợ 1 khe mở rộng M.2 2280 PCIe 3.0x2, giúp người dùng linh hoạt nâng cấp dung lượng lưu trữ khi có nhu cầu trong tương lai.
Độ bền quân đội Mỹ, nhựa cao cấp
Laptop ASUS VivoBook Go 14 E1404FA-EB935W mang phong cách tối giản với tông màu Cool Silver hiện đại. Tất cả phần nắp máy, khung bàn phím hay mặt đáy được hoàn thiện từ chất liệu nhựa cao cấp. Nhờ thiết kế nhẹ 1.38kg, người dùng có thể mang máy theo hằng ngày mà không gây bất tiện.
Laptop mang phong cách tối giản với màu Bạc
Nhờ đạt tiêu chuẩn MIL-STD 810H, thiết bị có độ bền cao và duy trì khả năng hoạt động tốt trong nhiều điều kiện sử dụng. ASUS VivoBook Go 14 được cài đặt sẵn Windows 11 Home, hỗ trợ tối ưu hiệu năng cũng như thao tác hằng ngày.
ASUS VivoBook tích hợp cảm biến vân tay ngay trên bàn di chuột, giúp nâng cao tính bảo mật, rút ngắn thời gian đăng nhập. Máy sử dụng bàn phím Chiclet cho cảm giác gõ êm đi kèm Precision Touchpad hỗ trợ thao tác mượt mà, đáp ứng tốt nhu cầu làm việc hằng ngày.
AMD Mendocino R5 mạnh mẽ
Laptop ASUS VivoBook Go 14 E1404FA-EB935W được trang bị vi xử lý AMD Mendocino R5 cùng đồ họa tích hợp AMD Radeon Graphics. Qua đó, máy đáp ứng tốt các tác vụ học tập, công việc văn phòng hay những nhu cầu giải trí cơ bản.
Laptop được trang bị vi xử lý AMD Mendocino R5
Bên cạnh phần cứng, ASUS còn tích hợp bộ công cụ quản lý qua MyASUS, giúp người dùng dễ dàng tối ưu hệ thống:
System Diagnosis: Chẩn đoán nhanh lỗi phần cứng hay phần mềm.
Battery Health Charging: Quản lý mức sạc của pin.
Fan Profile: Tùy chỉnh chế độ quạt theo hiệu suất hoặc độ yên tĩnh.
Splendid: Hiệu chỉnh màu sắc cũng như chế độ hiển thị màn hình.
WiFi SmartConnect & TaskFirst: Tối ưu băng thông mạng.
Pin 42WHrs, đa dạng cổng hỗ trợ
Laptop ASUS VivoBook Go 14 E1404FA-EB935W được trang bị viên pin 42WHrs, 3-cell Li-ion, đáp ứng tốt nhu cầu làm việc, học tập và giải trí. Máy có bộ sạc AC Adapter 45W giúp nạp năng lượng ổn định thuận tiện cho người dùng thường xuyên di chuyển. 
Laptop sở hữu hệ thống cổng kết nối đa dạng
Ngoài ra, máy còn được trang bị hệ thống cổng kết nối phong phú, đáp ứng hiệu quả nhu cầu liên kết với các thiết bị ngoại vi. Các cổng bao gồm: 
1x USB 3.2 Gen 1 Type-C (5Gbps)
1x USB 3.2 Gen 1 Type-A (5Gbps)
1x USB 2.0 Type-A
1x HDMI 1.4
1x Jack tai nghe 3.5mm
1x DC-in
Ở kết nối không dây, laptop được trang bị WiFi 6E chuẩn 802.11ax ba băng tần, giúp cải thiện tốc độ truy cập mạng. Công nghệ Bluetooth 5.3 giúp kết nối phụ kiện không dây mượt mà, tiết kiệm điện năng, giảm độ trễ.
Màn hình 14 inch, không gian hiển thị vừa phải
Laptop ASUS VivoBook Go 14 E1404FA-EB935W có màn hình 14 inch Full HD (1920 x 1080) với tỷ lệ 16:9, cho hình ảnh hiển thị rõ nét. Tấm nền IPS-level cùng lớp phủ Anti-glare giúp hạn chế phản xạ ánh sáng, hỗ trợ quan sát tốt hơn trong nhiều điều kiện. 
Máy có màn hình 14 inch độ phân giải Full HD 
Màn hình có tần số quét 60Hz, độ sáng 250 nits cũng như dải màu 45% NTSC, đáp ứng tốt các nhu cầu sử dụng cơ bản. Webcam độ phân giải HD 720p hỗ trợ hiệu quả cho học tập từ xa, trong khi SonicMaster mang đến âm thanh trong trẻo, dễ nghe. 
Mua ngay laptop ASUS VivoBook Go 14 E1404FA-EB935W chính hãng tại CellphoneS
Laptop ASUS VivoBook Go 14 E1404FA-EB935W được phân phối tại CellphoneS với đầy đủ cam kết về sản phẩm chính hãng. Việc áp dụng nhiều chương trình khuyến mãi giúp khách hàng mua sản phẩm với chi phí hợp lý.
Hệ thống cửa hàng phủ rộng toàn quốc giúp các khách hàng dễ dàng trải nghiệm trực tiếp trước khi mua. Ngoài ra, đội ngũ tư vấn chuyên nghiệp tại CellphoneS sẵn sàng hỗ trợ để chọn sản phẩm phù hợp với nhu cầu sử dụng.","{""Bộ xử lý & Đồ họa"": [{""name"": ""Loại card đồ họa"", ""value"": ""AMD Radeon Graphics""}, {""name"": ""Loại CPU"", ""value"": ""AMD Ryzen 5 40 (Total 6MB, up to 4.30GHz)""}], ""Bộ nhớ RAM, Ổ cứng"": [{""name"": ""Dung lượng RAM"", ""value"": ""16GB""}, {""name"": ""Loại RAM"", ""value"": ""LPDDR5 Onboard""}, {""name"": ""Ổ cứng"", ""value"": ""512GB M.2 NVMe PCIe 3.0 SSD""}], ""Màn hình"": [{""name"": ""Tần số quét"", ""value"": ""60 Hz""}, {""name"": ""Chất liệu tấm nền"", ""value"": ""Tấm nền IPS""}, {""name"": ""Kích thước màn hình"", ""value"": ""14 inches""}, {""name"": ""Công nghệ màn hình"", ""value"": ""Độ sáng 250nits\nĐộ phủ màu 45% NTSC\nMàn hình chống chói""}, {""name"": ""Độ phân giải màn hình"", ""value"": ""1920 x 1080 pixels (FullHD)""}], ""Âm thanh"": [{""name"": ""Công nghệ âm thanh"", ""value"": ""SonicMaster\nLoa tích hợp\nMicrophone mảng tích hợp""}], ""Kích thước & Trọng lượng"": [{""name"": ""Chất liệu"", ""value"": ""Vỏ nhựa""}, {""name"": ""Chất liệu vỏ màn hình"", ""value"": ""Nhựa""}, {""name"": ""Chất liệu vỏ trên"", ""value"": ""Nhựa""}, {""name"": ""Chất liệu vỏ dưới"", ""value"": ""Nhựa""}, {""name"": ""Kích thước"", ""value"": ""32.55 x 21.39 x 1.79 ~ 1.79 cm (Dài x Rộng x Dày)""}, {""name"": ""Trọng lượng"", ""value"": ""1.38 kg""}], ""Tiện ích khác"": [{""name"": ""Tính năng đặc biệt"", ""value"": ""Wi-Fi 6, Bảo mật vân tay""}], ""Tính năng khác"": [{""name"": ""Loại đèn bàn phím"", ""value"": ""Bàn phím Chiclet""}, {""name"": ""Bảo mật"", ""value"": ""Cảm biến vân tay tích hợp trên bàn di chuột\nPhần mềm bảo mật McAfee\nBảo vệ mật khẩu người dùng khi khởi động BIOS\nMô-đun nền tảng tin cậy TPM (dạng firmware)""}, {""name"": ""Webcam"", ""value"": ""Camera HD 720p, có màn trập camera""}, {""name"": ""Hệ điều hành"", ""value"": ""Windows 11 Home""}], ""Pin & công nghệ sạc"": [{""name"": ""Pin"", ""value"": ""42WHrs, 3S1P, 3-cell Li-ion""}], ""Cổng kết nối"": [{""name"": ""Wi-Fi"", ""value"": ""Wi-Fi 6E(802.11ax) (Triple band) 1*1""}, {""name"": ""Bluetooth"", ""value"": ""Bluetooth 5.3""}, {""name"": ""Cổng giao tiếp"", ""value"": ""1 x USB 2.0 Type-A (tốc độ dữ liệu lên đến 480 Mbps)\n1 x USB 3.2 Gen 1 Type-A (tốc độ dữ liệu lên đến 5 Gbps)\n1 x USB 3.2 Gen 1 Type-C (tốc độ dữ liệu lên đến 5 Gbps)\n1 x HDMI 1.4\n1 x Jack tai nghe / micro 3.5 mm\n1 x Cổng nguồn DC-in""}]}","[""https://cdn2.cellphones.com.vn/x/media/catalog/product/l/a/laptop_asus_vivobook_go_14_e1404fa-eb935w_-_1.png"", ""https://cdn2.cellphones.com.vn/x/media/catalog/product/l/a/laptop_asus_vivobook_go_14_e1404fa-eb935w_-_2.png"", ""https://cdn2.cellphones.com.vn/x/media/catalog/product/l/a/laptop_asus_vivobook_go_14_e1404fa-eb935w_-_3.png""]","{""product_color_1"": {""color"": ""Bạc"", ""image_url"": ""https://cellphones.com.vn/laptop-asus-vivobook-go-14-e1404fa-eb935w.html?product_id=123067"", ""price"": ""17.490.000₫""}}"
Laptop ASUS TUF Gaming A14 FA401KM-RG010WS,laptop-asus-tuf-gaming-a14-fa401km-rg010ws-ryzen-ai-7,45.190.000đ,42.990.000đ,"Đặc điểm nổi bật
Laptop Asus TUF GAMING A14 FA401KM-RG010WS Ryzen AI 7 được trang bị CPU AMD Ryzen AI 7 350 Processor kết hợp cùng card đồ họa NVIDIA GeForce RTX 5060. Bên cạnh đó, mẫu laptop AI này còn sở hữu viên pin dung lượng 73WHrs, cho thời lượng sử dụng ấn tượng. Màn hình 14 inch với tần số quét 165Hz mang đến trải nghiệm hình ảnh sống động, mượt mà.
Nội dung chính
1. Laptop Asus TUF GAMING A14 FA401KM-RG010WS Ryzen AI 7 - Chiến game siêu mượt
1.1. Tối ưu các trải nghiệm công việc với hỗ trợ từ AI
1.2. Bộ xử lý tốt, VGA cao cấp
1.3. RAM dung lượng 32GB, ổ cứng 1TB PCIE
1.4. Thiết kế gaming, màu hiện đại
1.5. Không gian chơi game rộng rãi với góc nhìn ấn tượng
1.6. Pin dung lượng cao, nhiều cổng kết nối
2. Mua laptop Asus TUF GAMING A14 FA401KM-RG010WS Ryzen AI 7 giá tốt tại CellphoneS
Laptop Asus TUF GAMING A14 FA401KM-RG010WS Ryzen AI 7 - Chiến game siêu mượt
Laptop Asus TUF GAMING A14 FA401KM-RG010WS Ryzen AI 7 là một cỗ máy chiến game lý tưởng với hiệu năng mạnh mẽ và tính năng vượt trội. Chiếc laptop Asus TUF Gaming này là người bạn đồng hành lý tưởng, cùng game thủ chinh phục những trận đấu gay cấn để giành chiến thắng.
Tối ưu các trải nghiệm công việc với hỗ trợ từ AI
Laptop Asus TUF GAMING A14 FA401KM-RG010WS Ryzen AI 7 mang đến môi trường làm việc chuyên nghiệp qua công nghệ AI‑noise canceling. Khi người dùng trò chuyện trực tuyến, hệ thống sẽ tự động lọc tiếng ồn xung quanh để âm thanh trở nên rõ ràng. 
Không những vậy, khả năng xử lý giọng nói theo thời gian thực của ASUS TUF Gaming A14 giúp giảm thiểu tiếng ồn nền trong các cuộc đàm thoại. Nhờ hỗ trợ Windows Copilot - trợ lý AI tích hợp trong hệ điều hành, người dùng có thể thực hiện các tác vụ một cách hiệu quả. 
Với tính năng này, người dùng có thể ra lệnh bằng ngôn ngữ tự nhiên, lên lịch công việc, viết tài liệu, tra cứu nhanh hoặc tạo mã code bằng AI nhanh chóng. Nhờ đó, chiếc laptop này có thể phục vụ đắc lực cho công việc và học tập hàng ngày.
Bộ xử lý tốt, VGA cao cấp
Laptop Asus TUF GAMING A14 FA401KM-RG010WS Ryzen AI 7 tối ưu trải nghiệm thông qua CPU AMD Ryzen AI 7 350 Processor với xung cơ bản 2.0 GHz. Ngoài ra, AMD XDNA NPU tích hợp giúp máy xử lý mượt mà các tác vụ liên quan đến trí tuệ nhân tạo.
Bên cạnh đó, bộ card đồ họa RTX 5060 8GB trên chiếc laptop Asus Gaming này còn mang đến hình ảnh game sống động, chân thực. Bên cạnh đó, các hiệu ứng đồ họa sống động mở ra một thế giới game phong phú với những khung hình mượt mà, sắc nét. Những người dùng chuyên làm đồ họa 3D, dựng phim 4K hay thiết kế kỹ thuật số cũng có thể tận dụng được tối đa sức mạnh của GPU này.
RAM dung lượng 32GB, ổ cứng 1TB PCIE
Laptop Asus TUF GAMING A14 FA401KM-RG010WS Ryzen AI 7 sở hữu RAM 32GB, cho phép mở nhiều tab và ứng dụng cùng lúc một cách trơn tru. Qua đó, người dùng có thể làm việc đa nhiệm một cách tối ưu mà không cần phải lo lắng về tình trạng giật lag.
Với ổ cứng 1TB PCIe chuẩn SSD, thiết bị sở hữu một không gian lưu trữ thoải mái cho các tựa game nặng ký hay ứng dụng chuyên nghiệp. Nhờ vậy, người dùng có thể thực hiện các chương trình yêu cầu nhiều tài nguyên như project dựng phim, làm 3D,...một cách mượt mà, nhanh chóng.
Thiết kế gaming, màu hiện đại
Laptop Asus TUF GAMING A14 FA401KM-RG010WS Ryzen AI 7 gây ấn tượng bởi thiết kế độc đáo, bắt mắt. Phiên bản thừa hưởng từ dòng TUF với cấu trúc hiện đại, mang lại cảm giác vững chãi. Tông màu cá tính của máy góp phần tăng thêm vẻ sang trọng, không kém phần độc đáo để phù hợp với xu hướng của các game thủ.
Đặc biệt, bàn phím Backlit Chiclet với thiết kế phím tách rời, hành trình sâu, cho cảm giác gõ chắc tay và phản hồi nhanh. Ánh sáng nền đơn sắc tích hợp giúp thao tác gõ trở nên dễ dàng và nâng cao chất lượng cho trải nghiệm người dùng.
Không gian chơi game rộng rãi với góc nhìn ấn tượng
Laptop Asus TUF GAMING A14 FA401KM-RG010WS Ryzen AI 7 trang bị màn hình 14 inch với độ phân giải cao giúp hiển thị chi tiết, sắc nét. Bên cạnh đó, tấm nền IPS cho góc nhìn rộng, màu sắc chuẩn xác và độ tương phản cao, hỗ trợ cho các công việc liên quan đến đồ họa.
Hơn thế nữa, tần số quét lên đến 165 Hz kết hợp với thời gian phản hồi vượt bậc, hình ảnh sẽ được tái hiện ấn tượng hơn, đặc biệt là các chuyển động tốc độ cao. Các chuyển động trong game trở nên mượt hơn đồng thời giảm thiểu hiện tượng xé hình và lag trong những khung hình hành động tốc độ cao.
Pin dung lượng cao, nhiều cổng kết nối
Laptop Asus TUF GAMING A14 FA401KM-RG010WS Ryzen AI 7 sử dụng viên pin dung lượng 73WHrs cho trải nghiệm liền mạch và thoải mái. Nhờ sự tối ưu hiệu năng giữa phần cứng và phần mềm, máy có thể hoạt động liên tục tuỳ vào tác vụ sử dụng của người dùng.
Ngoài ra, thiết bị sở hữu nhiều cổng thông dụng để dễ dàng kết nối với nhiều thiết bị hỗ trợ khác, mang lại trải nghiệm ổn định cho khách hàng. Sự đa dạng này giúp người dùng linh hoạt ghép nối máy cùng các phụ kiện công nghệ tương thích, để phục vụ tốt nhu cầu của đa dạng đối tượng tiêu dùng.
Mua laptop Asus TUF GAMING A14 FA401KM-RG010WS Ryzen AI 7 giá tốt tại CellphoneS
Laptop Asus TUF GAMING A14 FA401KM-RG010WS Ryzen AI 7 là sản phẩm đáng tin cậy với hiệu năng bền bỉ, thiết kế đẹp mắt. Đừng ngần ngại rinh về ngay chiếc laptop gaming Asus chính hãng, giá hợp lý tại chi nhánh CellphoneS. Bên cạnh đó, CellphoneS còn mang lại trải nghiệm mua sắm online tiện lợi tại cellphones.com.vn Ngoài ra, chính sách bảo hành uy tín kèm theo vô vàn voucher khác cũng được dành tặng tại trang web cửa hàng.","{""Bộ xử lý & Đồ họa"": [{""name"": ""Chip AI"", ""value"": ""AMD XDNA NPU up to 50TOPS""}, {""name"": ""Loại card đồ họa"", ""value"": ""NVIDIA GeForce RTX 5060 8GB GDDR7\nAMD Radeon Graphics""}, {""name"": ""Loại CPU"", ""value"": ""AMD Ryzen AI 7 350 2.0GHz (24MB Cache, up to 5.0GHz, 8 lõi, 16 luồng)""}], ""Bộ nhớ RAM, Ổ cứng"": [{""name"": ""Dung lượng RAM"", ""value"": ""32GB""}, {""name"": ""Loại RAM"", ""value"": ""LPDDR5X""}, {""name"": ""Số khe ram"", ""value"": ""2 x 16GB LPDDR5X 7500 on board""}, {""name"": ""Ổ cứng"", ""value"": ""1TB PCIe 4.0 NVMe M.2 SSD (2 Khe cắm M.2 hỗ trợ SATA hoặc NVMe, tối đa 2TB)""}], ""Màn hình"": [{""name"": ""Tần số quét"", ""value"": ""165 Hz""}, {""name"": ""Chất liệu tấm nền"", ""value"": ""Tấm nền IPS""}, {""name"": ""Kích thước màn hình"", ""value"": ""14 inches""}, {""name"": ""Công nghệ màn hình"", ""value"": ""Độ sáng 400nits\nTỷ lệ tương phản 1000:1\nĐộ phủ màu SRGB 100,00%\nMàn hình chống chói\nG-Sync""}, {""name"": ""Độ phân giải màn hình"", ""value"": ""2560 x 1600 (WQXGA)""}], ""Âm thanh"": [{""name"": ""Công nghệ âm thanh"", ""value"": ""Công nghệ chống ồn AI\nDolby Atmos\nChứng nhận Hi-Res (cho tai nghe)""}], ""Tiện ích khác"": [{""name"": ""Tính năng đặc biệt"", ""value"": ""Wi-Fi 6, Nhận diện khuôn mặt, MUX Switch""}], ""Tính năng khác"": [{""name"": ""Loại đèn bàn phím"", ""value"": ""Bàn phím Chiclet có đèn nền Đèn đơn Với phím Copilot\nMUX Switch + NVIDIA Advanced Optimus""}, {""name"": ""Bảo mật"", ""value"": ""Mật khẩu quản trị viên BIOS và bảo vệ mật khẩu người dùng\nBộ xử lý bảo mật Pluton\nMáy tính lõi bảo mật (Cấp độ 3)""}, {""name"": ""Webcam"", ""value"": ""Camera IR FHD 1080P cho Windows Hello""}, {""name"": ""Hệ điều hành"", ""value"": ""Windows 11 Home + Microsoft Office Home 2024 + Microsoft 365 Basic""}], ""Pin & công nghệ sạc"": [{""name"": ""Pin"", ""value"": ""73WHrs, 4S1P, 4-cell Li-ion\nSạc lại từ 0-50% trong 30 phút""}], ""Kích thước & Trọng lượng"": [{""name"": ""Kích thước"", ""value"": ""31.1 x 22.7 x 1.69 ~ 1.99 cm (Dài x Rộng x Dày)""}, {""name"": ""Trọng lượng"", ""value"": ""1.46 Kg""}], ""Cổng kết nối"": [{""name"": ""Wi-Fi"", ""value"": ""Wi-Fi 6E(802.11ax) (Triple band) 2*2""}, {""name"": ""Bluetooth"", ""value"": ""Bluetooth 5.3""}, {""name"": ""Cổng giao tiếp"", ""value"": ""1x Type-C USB 4 hỗ trợ DisplayPort / Sạc (40Gbps)\n1x USB 3.2 Gen 2 Type-C hỗ trợ DisplayPort (10Gbps)\n2x USB 3.2 Gen 2 Type-A (10Gbps)\n1x đầu đọc thẻ (microSD) (UHS-II)\n1x HDMI 2.1 FRL\n1x Giắc cắm âm thanh kết hợp 3.5mm""}]}","[""https://cdn2.cellphones.com.vn/x/media/catalog/product/l/a/laptop_asus_tuf_gaming_a14_fa401km-rg010ws_-_1.png"", ""https://cdn2.cellphones.com.vn/x/media/catalog/product/l/a/laptop_asus_tuf_gaming_a14_fa401km-rg010ws_-_2_1.png"", ""https://cdn2.cellphones.com.vn/x/media/catalog/product/l/a/laptop_asus_tuf_gaming_a14_fa401km-rg010ws_-_3.png""]","{""product_color_1"": {""color"": ""Xám"", ""image_url"": ""https://cellphones.com.vn/laptop-asus-tuf-gaming-a14-fa401km-rg010ws-ryzen-ai-7.html?product_id=107072"", ""price"": ""42.990.000₫""}}"
Laptop ASUS Gaming V16 V3607VU-RP290W,laptop-asus-gaming-v16-v3607vu-rp290w,26.990.000đ,24.190.000đ,"Đặc điểm nổi bật
Laptop ASUS Gaming V16 V3607VU-RP290W trang bị vi xử lý Intel Core 5-210H mạnh mẽ, mang đến khả năng xử lý mượt mà. Máy được trang bị RAM 16GB DDR5 cùng ổ cứng SSD 512GB PCIe Gen 4 tốc độ cao, giúp khởi động nhanh và phản hồi tức thì. Card đồ họa RTX 4050 6GB trên laptop Asus Gaming này mang lại hiệu suất vượt trội khi chơi game và làm việc chuyên sâu.
Nội dung chính
1. Laptop ASUS Gaming V16 V3607VU-RP290W – Giải pháp lý tưởng cho game thủ và người dùng chuyên sâu
1.1. Hiệu năng AI thông minh – Tăng tốc mọi tác vụ
1.2. Không gian lưu trữ tốc độ cao, đa nhiệm mượt mà
1.3. Thiết kế hiện đại – Mỏng nhẹ, đậm chất gaming
1.4. Hiệu năng CPU vượt trội, đồ họa RTX ấn tượng
1.5.  Thời lượng pin bền bỉ, kết nối linh hoạt
1.6. Không gian hiển thị lý tưởng cho làm việc và giải trí
2. Mua ngay laptop ASUS Gaming V16 V3607VU-RP290W chính hãng tại CellphoneS
Laptop ASUS Gaming V16 V3607VU-RP290W – Giải pháp lý tưởng cho game thủ và người dùng chuyên sâu
Laptop ASUS Gaming V16 V3607VU-RP290W là trợ thủ đắc lực cho game thủ và người dùng làm việc cường độ cao. ASUS V16 sở hữu thiết kế đậm chất gaming, kết hợp với màn hình mượt mà, mang đến trải nghiệm trọn vẹn cho cả công việc và giải trí.
Hiệu năng AI thông minh – Tăng tốc mọi tác vụ
Laptop ASUS V16 V3607VU-RP290W tích hợp GPU NVIDIA GeForce RTX 4050 6GB GDDR6, hỗ trợ hiệu suất AI lên đến 194 TOPs. Nhờ hiệu năng vượt trội, thiết bị dễ dàng đáp ứng các tác vụ cao như học máy, xử lý video và hình ảnh bằng AI. Công nghệ hiện đại giúp đẩy nhanh tiến trình xử lý công việc và tối ưu hóa trải nghiệm trên hệ điều hành Windows 11.
Không chỉ mang đến trải nghiệm gaming mượt mà, AI còn nâng cao chất lượng hình ảnh, rút ngắn thời gian dựng video và cải thiện hiệu suất cho các công việc sáng tạo. Đây là lựa chọn tối ưu cho người dùng cần hiệu năng cao trong xử lý đồ họa kết hợp công nghệ AI. 
Không gian lưu trữ tốc độ cao, đa nhiệm mượt mà
Laptop ASUS Gaming V16 V3607VU-RP290W được trang bị RAM 16GB DDR5 SO-DIMM, mang lại khả năng xử lý đa nhiệm mượt mà. Người dùng có thể mở đồng thời nhiều ứng dụng như trình duyệt, phần mềm, công cụ đồ họa mà vẫn đảm bảo hoạt động mượt mà. Chuẩn RAM DDR5 giúp máy phản hồi nhanh và vận hành mượt mà hơn.
Ổ cứng SSD 512GB PCIe 4.0 hỗ trợ khởi động hệ thống và mở ứng dụng gần như tức thì. Dung lượng lưu trữ lớn đáp ứng tốt nhu cầu chứa tài liệu, hình ảnh và các tựa game nặng. Ngoài ra, máy ASUS V16 V3607VU-RP290W hỗ trợ nâng cấp RAM và ổ SSD, phù hợp với người dùng có nhu cầu mở rộng hiệu năng trong tương lai.
Thiết kế hiện đại – Mỏng nhẹ, đậm chất gaming
Laptop ASUS V16 V3607VU-RP290W sở hữu thiết kế hiện đại với gam màu đen nhám mạnh mẽ, dễ dàng tạo ấn tượng ngay từ cái nhìn đầu tiên. Vỏ máy bằng nhựa cao cấp giúp tối ưu trọng lượng nhưng vẫn đảm bảo sự cứng cáp cần thiết. Thiết kế được chăm chút đến từng chi tiết, phù hợp với gu thẩm mỹ của người dùng hiện đại.
Với trọng lượng chỉ 1.95kg và độ dày khoảng 2.2cm, ASUS Gaming V16 V3607VU-RP290W giúp người dùng dễ dàng mang theo khi di chuyển. Đây là lựa chọn hoàn hảo cho người dùng đang tìm kiếm một chiếc laptop có hiệu năng mạnh mẽ và khả năng thích ứng linh hoạt. Thiết kế tổng thể gọn gàng nhưng vẫn giữ được tinh thần gaming đúng chất ASUS.
Hiệu năng CPU vượt trội, đồ họa RTX ấn tượng
Laptop ASUS Gaming V16 V3607VU-RP290W trang bị vi xử lý Intel Core 5-210H mạnh mẽ, giúp xử lý mượt mà các tác vụ nặng. Cấu trúc 8 lõi 12 luồng giúp máy vận hành đa nhiệm mượt mà, từ học tập, làm việc đến giải trí. Hiệu năng ổn định hỗ trợ tối đa cho công việc thiết kế, lập trình hoặc biên tập video chuyên nghiệp.
Card đồ họa rời NVIDIA GeForce RTX 4050 6GB GDDR6 giúp xử lý các tác vụ đồ họa nâng cao một cách nhanh chóng. Máy sẵn sàng đáp ứng các tựa game AAA, phần mềm dựng hình 3D hay chỉnh sửa video nặng. Công nghệ Ray Tracing và DLSS cũng mang lại trải nghiệm hình ảnh chân thực và hiệu suất tối ưu trong quá trình chơi game hoặc làm việc.
 Thời lượng pin bền bỉ, kết nối linh hoạt
Laptop ASUS Gaming V16 V3607VU-RP290W sở hữu viên pin 63WHrs 3-cell, mang lại thời lượng sử dụng đủ lâu để làm việc hoặc học tập mà không cần cắm sạc liên tục. Đây là lợi thế cho người dùng thường xuyên di chuyển hoặc mang máy đến lớp, văn phòng, quán café.
Hệ thống cổng kết nối đa dạng gồm USB-C, USB-A, HDMI 2.1 và jack 3.5mm, cho phép người dùng dễ dàng kết nối với màn hình rời, bàn phím, tai nghe hay thiết bị lưu trữ. Chuẩn Wi-Fi 6 và Bluetooth 5.3 đảm bảo kết nối không dây ổn định, tốc độ cao trong mọi tình huống. 
Không gian hiển thị lý tưởng cho làm việc và giải trí
Laptop ASUS Gaming V16 được trang bị màn hình 16 inch WUXGA với độ phân giải 1920 x 1200 pixels, mang đến hình ảnh sắc nét và không gian hiển thị rộng. Tấm nền chống chói cùng độ sáng 300 nits hỗ trợ làm việc hiệu quả trong nhiều môi trường ánh sáng. Tỷ lệ khung hình 16:10 được thiết kế nâng cao để trải nghiệm khi học tập và sáng tạo nội dung.
Laptop ASUS Gaming V16 V3607VU-RP290W sở hữu tần số quét 144Hz giúp các chuyển động trên màn hình mượt mà, đặc biệt hữu ích khi chơi game tốc độ cao. Mọi thao tác cuộn trang, di chuyển cửa sổ hay hiển thị hiệu ứng đều diễn ra trơn tru, giảm thiểu hiện tượng xé hình. Trải nghiệm hình ảnh sống động góp phần nâng cao hiệu suất và chất lượng 
Mua ngay laptop ASUS Gaming V16 V3607VU-RP290W chính hãng tại CellphoneS
Đối với những ai đang tìm kiếm một chiếc laptop có hiệu năng mạnh mẽ, màn hình mượt mà và thiết kế hiện đại, ASUS Gaming V16 V3607VU-RP290W là lựa chọn đáng cân nhắc. Sản phẩm hiện được phân phối chính hãng tại hệ thống CellphoneS với mức giá ưu đãi cùng nhiều chương trình trả góp linh hoạt. Ngoài ra, người dùng còn được hưởng chính sách bảo hành uy tín và hậu mãi chu đáo khi mua sắm tại CellphoneS.","{""Bộ xử lý & Đồ họa"": [{""name"": ""Loại card đồ họa"", ""value"": ""NVIDIA GeForce RTX 4050 6GB GDDR6 (194 AI TOPs)\nIntel Graphics""}, {""name"": ""Loại CPU"", ""value"": ""Intel Core 5 210H 2.2 GHz (12MB Cache, up to 4.8 GHz, 8 lõi, 12 luồng)""}], ""Bộ nhớ RAM, Ổ cứng"": [{""name"": ""Dung lượng RAM"", ""value"": ""16GB""}, {""name"": ""Loại RAM"", ""value"": ""DDR5 SO-DIMM""}, {""name"": ""Số khe ram"", ""value"": ""Có thể nâng cấp; Cần tháo vỏ dưới/trên""}, {""name"": ""Ổ cứng"", ""value"": ""512GB M.2 NVMe PCIe 4.0 SSD""}], ""Màn hình"": [{""name"": ""Tần số quét"", ""value"": ""144Hz""}, {""name"": ""Kích thước màn hình"", ""value"": ""16 inches""}, {""name"": ""Công nghệ màn hình"", ""value"": ""Độ sáng 300nits\nĐộ phủ màu 45% NTSC\nMàn hình chống chói""}, {""name"": ""Độ phân giải màn hình"", ""value"": ""1920 x 1200 pixels (WUXGA)""}], ""Âm thanh"": [{""name"": ""Công nghệ âm thanh"", ""value"": ""SonicMaster\nLoa tích hợp\nMicrô tích hợp""}], ""Kích thước & Trọng lượng"": [{""name"": ""Chất liệu"", ""value"": ""Vỏ nhựa""}, {""name"": ""Chất liệu vỏ màn hình"", ""value"": ""Nhựa""}, {""name"": ""Chất liệu vỏ trên"", ""value"": ""Nhựa""}, {""name"": ""Chất liệu vỏ dưới"", ""value"": ""Nhựa""}, {""name"": ""Kích thước"", ""value"": ""35.70 x 25.07 x 1.80 ~ 2.20 cm (Dài x Rộng x Dày)""}, {""name"": ""Trọng lượng"", ""value"": ""1.95 kg""}], ""Tiện ích khác"": [{""name"": ""Tính năng đặc biệt"", ""value"": ""Wi-Fi 6""}], ""Tính năng khác"": [{""name"": ""Loại đèn bàn phím"", ""value"": ""Bàn phím Chiclet có đèn nền với phím số""}, {""name"": ""Bảo mật"", ""value"": ""Mật khẩu người dùng thiết lập BIOS\nTrusted Platform Module (Firmware TPM)""}, {""name"": ""Webcam"", ""value"": ""1080p FHD với màn trập camera""}, {""name"": ""Hệ điều hành"", ""value"": ""Windows 11 Home""}], ""Pin & công nghệ sạc"": [{""name"": ""Pin"", ""value"": ""63WHrs, 3S1P, 3-cell Li-ion""}], ""Cổng kết nối"": [{""name"": ""Wi-Fi"", ""value"": ""Wi-Fi 6(802.11ax) (Dual band) 2*2""}, {""name"": ""Bluetooth"", ""value"": ""Bluetooth 5.3""}, {""name"": ""Cổng giao tiếp"", ""value"": ""1x USB 3.2 Gen 1 Type-C hỗ trợ hiển thị/cung cấp điện (5Gbps)\n2x USB 3.2 Gen 1 Type-A (5Gbps)\n1x HDMI 2.1 FRL\n1x Giắc cắm âm thanh kết hợp 3.5mm\n1x DC-in""}]}","[""https://cdn2.cellphones.com.vn/x/media/catalog/product/l/a/laptop_asus_gaming_v16_v3607vu-rp290w_-_1.png"", ""https://cdn2.cellphones.com.vn/x/media/catalog/product/l/a/laptop_asus_gaming_v16_v3607vu-rp290w_-_2.png"", ""https://cdn2.cellphones.com.vn/x/media/catalog/product/l/a/laptop_asus_gaming_v16_v3607vu-rp290w_-_3.png""]","{""product_color_1"": {""color"": ""Đen"", ""image_url"": ""https://cellphones.com.vn/laptop-asus-gaming-v16-v3607vu-rp290w.html?product_id=106870"", ""price"": ""24.190.000₫""}}"
Laptop ASUS ExpertBook P1 P1403CVA-C5H16-63WS,laptop-asus-expertbook-p1-p1403cva-c5h16-63ws,26.990.000đ,25.990.000đ,"Đặc điểm nổi bật
Laptop ASUS ExpertBook P1 P1403CVA-C5H16-63WS sở hữu màn hình 14 inch kết hợp tấm nền IPS-level mang đến hình ảnh sắc nét, chân thực và góc nhìn rộng. Thiết bị được trang bị Intel Core 5 210H 2.2 GHz đảm bảo hiệu năng mượt mà. Laptop có khối lượng nhẹ 1,47 kg, lý tưởng cho người dùng cần đi lại nhiều.
Nội dung chính
1. Laptop ASUS ExpertBook P1 P1403CVA-C5H16-63WS - Trải nghiệm vượt trội
1.1. Họp online thông minh với AI ExpertMeet
1.2. Đa nhiệm mượt mà, thoải mái lưu trữ
1.3. Thiết kế thanh lịch, màu sắc tinh tế
1.4. Vi xử lý hiệu năng cao kết hợp card đồ hoạ
1.5. Dung lượng pin dài, kết nối linh hoạt
1.6. Màn hình sắc nét, trải nghiệm sống động
2. Mua laptop ASUS ExpertBook P1 P1403CVA-C5H16-63WS chất lượng tại CellphoneS
Laptop ASUS ExpertBook P1 P1403CVA-C5H16-63WS - Trải nghiệm vượt trội
Asus ExpertBook là mẫu laptop thông minh mang đến cho người dùng trải nghiệm làm việc mượt mà và ổn định. Với thiết kế gọn nhẹ, bền bỉ, sản phẩm phù hợp sử dụng trong môi trường văn phòng hoặc thường xuyên di chuyển. 
Họp online thông minh với AI ExpertMeet
Laptop ASUS ExpertBook P1 P1403CVA-C5H16-63WS tích hợp ứng dụng AI ExpertMeet trong MyASUS giúp tối ưu hóa trải nghiệm họp trực tuyến. Công nghệ AI hỗ trợ lọc tạp âm và tự động cân chỉnh khung hình giúp người dùng trải nghiệm cuộc gọi rõ ràng và chuyên nghiệp. 
AI ExpertMeet giúp tối ưu hóa trải nghiệm 
Với phiên bản RAM 16GB, các tính năng AI hoạt động mượt mà, nâng cao hiệu quả làm việc từ xa. Ngoài ra, công nghệ AI còn tối ưu trải nghiệm phần mềm MyASUS giúp người dùng dễ dàng sử dụng các công cụ thông minh. 
Đa nhiệm mượt mà, thoải mái lưu trữ
Được trang bị RAM DDR5 16GB, laptop ASUS ExpertBook P1 P1403CVA-C5H16-63WS xử lý đa nhiệm trơn tru hỗ trợ chạy nhiều ứng dụng. Do đó, người dùng có thể mở nhiều tab trình duyệt, phần mềm văn phòng làm việc liền mạch giúp tối ưu hiệu suất làm việc.
Không gian lưu trữ rộng rãi
Ngoài ra, laptop còn được tích hợp ổ cứng 512GB SSD PCIe 4.0 đảm bảo tốc độ khởi động hệ thống và truy xuất dữ liệu nhanh chóng. Nhờ vậy, ExpertBook P1 mang đến không gian lưu trữ rộng rãi và hiệu năng ổn định giúp đáp ứng tốt nhu cầu công việc và giải trí của người dùng. 
Thiết kế thanh lịch, màu sắc tinh tế
Laptop ASUS ExpertBook P1 P1403CVA-C5H16-63WS nổi bật với thiết kế gọn nhẹ, bền bỉ phù hợp cho người dùng hay di chuyển hằng ngày. Máy được hoàn thiện từ các chi tiết bằng nhựa chất lượng kết hợp gam màu Misty Grey mang đến vẻ ngoài sang trọng và hiện đại. 
Gam màu thanh lịch, tao nhã
Sản phẩm có kích thước 32,45 x 21,44x 1,97cm và trọng lượng chỉ 1,47kg nên người dùng dễ dàng mang theo mọi lúc mọi nơi. Sản phẩm hướng đến người dùng làm việc văn phòng, kinh doanh và có nhu cầu di chuyển thường xuyên.
Vi xử lý hiệu năng cao kết hợp card đồ hoạ
Laptop ASUS ExpertBook P1 P1403CVA-C5H16-63WS được trang bị Intel Core 5 210H 2.2 GHz mang đến khả năng xử lý ổn định cho các tác vụ cơ bản. Nhờ vậy, thiết bị vận hành trơn tru hơn khi mở nhiều ứng dụng hoạt động cùng lúc nên người dùng an tâm xử lý công việc hằng ngày mà không lo giật lag hay treo. 
Bộ vi xử lý CPU mạnh mẽ
Bên cạnh đó, laptop còn được tích hợp card đồ họa Intel Graphics với khả năng xử lý hình ảnh, video cơ bản và các tác vụ cơ bản khác. Thiết bị còn kết hợp cùng CPU hiệu năng cao nhằm đảm bảo trải nghiệm liền mạch đáp ứng các nhu cầu làm việc văn phòng cơ bản. 
Dung lượng pin dài, kết nối linh hoạt
Theo thông tin từ hãng, laptop ASUS ExpertBook P1 P1403CVA-C5H16-63WS sở hữu viên pin với dung lượng 63WHrs cho phép người dùng sử dụng cả ngày dài. Tuy nhiên, thời gian sử dụng phụ thuộc vào nhu cầu và thói quen của người sở hữu. Nhờ đó, người dùng có thể thoải mái làm việc liền mạch mà không cần tìm chỗ sạc. 
Đa dạng cổng kết nối
Thiết bị được trang bị đa dạng cổng kết nối gồm 2 USB-C, 2 USB-A, HDMI 1.4 và jack âm thanh 3.5 mm. Do đó, người dùng dễ dàng kết nối sử dụng với các thiết bị bên ngoài nhanh chóng. Ngoài ra, laptop còn được hỗ trợ kết nối Wifi 6 và Bluetooth 5.4 ổn định thích hợp cho người thường xuyên đi ra ngoài làm việc. 
Màn hình sắc nét, trải nghiệm sống động
Nổi bật với màn hình 14 inch FHD với tấm nền IPS-level, Laptop ASUS ExpertBook P1 P1403CVA-C5H16-63WS mang đến hình ảnh rõ nét và màu sắc chân thực. Thiết kế màn hình hợp lý giúp người sở hữu làm việc trong thời gian dài trở nên nhẹ nhàng, không gây mỏi mắt.
Hiển thị sắc nét, góc nhìn rộng
Ngoài ra, thiết bị còn được trang bị tần số quét 60Hz nên người dùng sẽ dễ dàng đắm chìm trong hình ảnh chuyển động mượt mà và hiển thị ổn định. Kết hợp với chất lượng hiển thị tốt, màn hình của laptop đảm bảo trải nghiệm thị giác thoải mái cho người dùng. 
Mua laptop ASUS ExpertBook P1 P1403CVA-C5H16-63WS chất lượng tại CellphoneS
Khi mua laptop ASUS ExpertBook P1 P1403CVA-C5H16-63WS tại CellphoneS, khách hàng yên tâm sản phẩm nguồn gốc chính hãng, đầy đủ bảo hành minh bạch. Hệ thống trải dài toàn quốc giúp người mua dễ dàng sở hữu sản phẩm với mức giá ưu đãi. Ngoài ra, CellphoneS còn hỗ trợ trả góp linh hoạt 0% lãi suất phù hợp nhiều nhu cầu tài chính. Đến ngay CellphoneS để mua sắm chiếc laptop này với giá tốt.","{""Bộ xử lý & Đồ họa"": [{""name"": ""Loại card đồ họa"", ""value"": ""Intel Graphics""}, {""name"": ""Loại CPU"", ""value"": ""Intel Core 5 210H 2.2 GHz (12MB Cache, up to 4.8 GHz, 8 lõi, 12 luồng)""}], ""Bộ nhớ RAM, Ổ cứng"": [{""name"": ""Dung lượng RAM"", ""value"": ""16GB""}, {""name"": ""Loại RAM"", ""value"": ""DDR5 SO-DIMM""}, {""name"": ""Số khe ram"", ""value"": ""Có thể nâng cấp; Cần tháo vỏ dưới/trên""}, {""name"": ""Ổ cứng"", ""value"": ""512GB SSD M.2 2280 NVMe PCIe 4.0\nKhe mở rộng lưu trữ SSD""}], ""Màn hình"": [{""name"": ""Tần số quét"", ""value"": ""60 Hz""}, {""name"": ""Chất liệu tấm nền"", ""value"": ""Tấm nền IPS""}, {""name"": ""Kích thước màn hình"", ""value"": ""14 inches""}, {""name"": ""Công nghệ màn hình"", ""value"": ""Màn hình chống chói\nĐộ phủ màu NTSC 45%\nĐộ sáng 300nits""}, {""name"": ""Độ phân giải màn hình"", ""value"": ""1920 x 1080 pixels (FullHD)""}], ""Âm thanh"": [{""name"": ""Công nghệ âm thanh"", ""value"": ""Âm thanh do Dirac cung cấp\nLoa tích hợp\nMicrophone mảng tích hợp""}], ""Kích thước & Trọng lượng"": [{""name"": ""Chất liệu"", ""value"": ""Vỏ nhựa""}, {""name"": ""Chất liệu vỏ màn hình"", ""value"": ""Nhựa""}, {""name"": ""Chất liệu vỏ trên"", ""value"": ""Nhựa""}, {""name"": ""Chất liệu vỏ dưới"", ""value"": ""Nhựa""}, {""name"": ""Kích thước"", ""value"": ""32.45 x 21.44 x 1.97 ~ 1.97 cm (Dài x Rộng x Dày)""}, {""name"": ""Trọng lượng"", ""value"": ""1.47 kg""}], ""Tiện ích khác"": [{""name"": ""Tính năng đặc biệt"", ""value"": ""Wi-Fi 6, Bảo mật vân tay""}], ""Tính năng khác"": [{""name"": ""Loại đèn bàn phím"", ""value"": ""Bàn phím Chiclet""}, {""name"": ""Bảo mật"", ""value"": ""Khe khóa bảo mật Kensington Nano (6 x 2.5 mm)\nBảo vệ bằng mật khẩu người dùng khi khởi động BIOS\nMật khẩu người dùng trong thiết lập BIOS\nBảo vệ và bảo mật ổ cứng bằng mật khẩu\nHỗ trợ Absolute Persistence 2.0 (Computrace)\nTPM 2.0""}, {""name"": ""Webcam"", ""value"": ""Camera HD 720p, có màn trập camera""}, {""name"": ""Hệ điều hành"", ""value"": ""Windows 11 Home + Microsoft Office Home 2024 + Microsoft 365 Basic""}], ""Pin & công nghệ sạc"": [{""name"": ""Pin"", ""value"": ""63WHrs, 3S1P, 3-cell Li-ion""}], ""Cổng kết nối"": [{""name"": ""Wi-Fi"", ""value"": ""Wi-Fi 6(802.11ax) (Dual band) 2*2""}, {""name"": ""Bluetooth"", ""value"": ""Bluetooth 5.4""}, {""name"": ""Cổng giao tiếp"", ""value"": ""2 x USB 3.2 Gen 1 Type-A\n2 x USB 3.2 Gen 2 Type-C (hỗ trợ xuất hình & cấp nguồn)\n1 x HDMI 1.4\n1 x Jack tai nghe / micro 3.5 mm\n1 x Cổng mạng RJ45 Gigabit Ethernet""}]}","[""https://cdn2.cellphones.com.vn/x/media/catalog/product/l/a/laptop_asus_expertbook_p1_p1403cva-c5h16-63ws_-_1.png"", ""https://cdn2.cellphones.com.vn/x/media/catalog/product/l/a/laptop_asus_expertbook_p1_p1403cva-c5h16-63ws_-_2.png"", ""https://cdn2.cellphones.com.vn/x/media/catalog/product/l/a/laptop_asus_expertbook_p1_p1403cva-c5h16-63ws_-_3.png""]","{""product_color_1"": {""color"": ""Xám"", ""image_url"": ""https://cellphones.com.vn/laptop-asus-expertbook-p1-p1403cva-c5h16-63ws.html?product_id=123049"", ""price"": ""25.990.000₫""}}"
Laptop ASUS Vivobook S14 S3407QA-SF043WS,laptop-asus-vivobook-s14-s3407qa-sf043ws,25.990.000đ,23.390.000đ,"Đặc điểm nổi bật
Laptop Asus Vivobook S14 S3407QA-SF043WS sở hữu CPU Snapdragon X X1-26-100, GPU Adreno tích hợp, RAM 16GB LPDDR5X cùng ổ cứng SSD 512GB PCIe 4.0. Máy trang bị Qualcomm Hexagon NPU với hiệu suất 45 TOPS, màn hình OLED 14 inch FHD+ 60Hz. Máy có trọng lượng nhẹ 1.35kg, pin 70Wh hỗ trợ sạc 65W, kèm nhiều cổng kết nối hiện đại.
Nội dung chính
1. Laptop Asus Vivobook S14 S3407QA-SF043WS - Chiếc laptop AI thế hệ mới, mỏng nhẹ, mạnh mẽ và thông minh vượt bậc
1.1. Hiệu suất AI bứt phá
1.2. Đa nhiệm tốt, ổ cứng lớn
1.3. Thiết kế mỏng nhẹ bền bỉ
1.4. CPU Snapdragon X X1-26-100 mạnh mẽ
1.5. Pin 70Wh, màn hình sắc nét
2. Mua ngay laptop Asus Vivobook S14 S3407QA-SF043WS chính hãng, ưu đãi lớn tại CellphoneS
Laptop Asus Vivobook S14 S3407QA-SF043WS - Chiếc laptop AI thế hệ mới, mỏng nhẹ, mạnh mẽ và thông minh vượt bậc
Laptop Asus Vivobook S14 S3407QA-SF043WS là mẫu laptop tiên phong tích hợp bộ xử lý thế hệ mới kết hợp cùng hiệu suất AI ấn tượng. Sản phẩm Asus Vivobook này sẽ là trợ thủ lý tưởng trong công việc với thiết kế mỏng nhẹ, màn hình OLED sống động và loạt tính năng thông minh 
Hiệu suất AI bứt phá
Điểm sáng lớn trên laptop Asus Vivobook S14 S3407QA-SF043WS chính là khả năng xử lý AI mạnh mẽ, nhờ tích hợp Qualcomm Hexagon NPU với hiệu suất lên đến 45 TOPS. Đây là bộ xử lý chuyên biệt cho các tác vụ AI như nhận diện giọng nói, hình ảnh, xử lý ngôn ngữ tự nhiên hay tối ưu hóa hiệu suất hệ thống theo thói quen người dùng.
Nhờ AI, chiếc laptop này còn được trang bị các tính năng hỗ trợ cực kỳ thông minh như Windows Copilot, hỗ trợ người dùng tìm kiếm, ra lệnh và xử lý tác vụ nhanh gọn. Hệ thống còn có khả năng tự động tối ưu hóa điện năng, điều chỉnh hiệu suất theo thời điểm sử dụng, giúp thiết bị hoạt động êm ái và tiết kiệm pin vượt trội.
Đa nhiệm tốt, ổ cứng lớn
Laptop Asus Vivobook S14 S3407QA-SF043WS sở hữu bộ nhớ 16GB RAM LPDDR5X được hàn trực tiếp trên bo mạch, nổi với tốc độ xử lý nhanh và tiết kiệm điện năng. Nhờ đó, máy có khả năng xử lý đa nhiệm, chạy đồng thời nhiều ứng dụng, tab trình duyệt hay phần mềm sáng tạo như Photoshop, Premiere đều rất mượt mà, không hề giật lag.
Ấn tượng không kém là ổ cứng 512GB M.2 NVMe PCIe 4.0 SSD mang lại khả năng đọc/ghi tốc độ cao, rút ngắn đáng kể thời gian khởi động máy, mở ứng dụng và truyền dữ liệu. Không gian lưu trữ rộng rãi này đủ để người dùng thoải mái cài đặt phần mềm, lưu trữ tài liệu học tập, hình ảnh, video hay các dự án cá nhân.
Thiết kế mỏng nhẹ bền bỉ
Laptop Asus Vivobook S14 S3407QA-SF043WS gây ấn tượng mạnh với thiết kế mỏng chỉ 1.59 – 1.79cm, và chiều dài x rộng là 31.52 x 22.34cm cùng trọng lượng chỉ 1.35kg. Sự gọn gàng của máy rất lý tưởng cho người dùng di chuyển thường xuyên như sinh viên, dân văn phòng hay người làm sáng tạo tự do.
Vỏ ngoài được hoàn thiện với mặt lưng và đáy bằng nhôm cao cấp, kết hợp phần kê tay bằng nhựa, mang đến tổng thể vừa sang trọng vừa nhẹ nhàng. Máy đạt tiêu chuẩn quân đội US MIL-STD 810H, bàn phím được tích hợp đèn nền và phím Copilot AI chuyên biệt, giúp tăng hiệu quả làm việc trong mọi điều kiện ánh sáng.
CPU Snapdragon X X1-26-100 mạnh mẽ
Laptop Asus Vivobook S14 S3407QA-SF043WS được trang bị Snapdragon X X1 26 100 Processor, sở hữu 8 nhân, 8 luồng, xung nhịp tối đa lên đến 2.97GHz, cùng cache 30MB. Đồng thời, CPU này được thiết kế tối ưu hóa cho nền tảng Windows on ARM, hứa hẹn mang lại hiệu năng ổn định cho hầu hết các tác vụ văn phòng, học tập, giải trí và AI. 
Đi kèm với CPU này là GPU tích hợp Qualcomm Adreno, đủ sức xử lý đồ họa 2D/3D cơ bản, chỉnh sửa ảnh, video nhẹ và chơi các tựa game phổ thông. Sự kết hợp giữa CPU và GPU thế hệ mới giúp máy chạy mát, êm và ổn định trong thời gian dài, đặc biệt phù hợp với các công việc sáng tạo cần sự linh hoạt, không gian yên tĩnh.
Pin 70Wh, màn hình sắc nét
Một trong những điểm nổi bật khác của laptop Asus Vivobook S14 S3407QA-SF043WS là viên pin dung lượng lớn 70Wh, cho thời gian sử dụng lên đến nhiều giờ liên tục. Máy sử dụng sạc nhanh 65W qua cổng USB-C, cho phép nạp đầy năng lượng trong thời gian ngắn, mang đến nhiều sự tiện lợi cho người dùng.
Về kết nối, Asus Vivobook S14 S3407QA-SF043WS trang bị các cổng hiện đại gồm: 2x USB 3.2 Gen 1 Type-A, 2x USB 4.0 Gen 3 Type-C, 1x HDMI 2.1 TMDS, cùng jack 3.5mm. Sự đa dạng này giúp khách hàng dễ dàng ghép nối với nhiều thiết bị ngoại vi như màn hình rời, ổ cứng di động, tai nghe, bàn phím mà không cần hub chuyển đổi.
Về khả năng hiển thị, màn hình máy sử dụng tấm nền OLED 14 inch với độ sắc nét FHD+ (1920 x 1200), tỷ lệ 16:10, mở ra không gian rộng rãi hơn so với tỷ lệ 16:9. Màn hình có độ sáng 300 nits, thời gian phản hồi cực nhanh chỉ 0.2ms, tần số quét 60Hz, độ phủ màu 95% DCI-P3 hỗ trợ hiển thị 1.07 tỷ màu, mang đến hình ảnh cực kỳ sống động.
Mua ngay laptop Asus Vivobook S14 S3407QA-SF043WS chính hãng, ưu đãi lớn tại CellphoneS
Khách hàng có thể dễ dàng sở hữu laptop Asus Vivobook S14 S3407QA-SF043WS chính hãng tại hệ thống CellphoneS trên toàn quốc. CellphoneS cam kết cung cấp laptop với đầy đủ phụ kiện, chính sách bảo hành, đổi trả uy tín và giá thành hợp lý. Khách hàng có thể trải nghiệm thực tế tại cửa hàng hoặc đặt online để nhận hàng tận nơi nhanh chóng. Đội ngũ nhân viên chuyên nghiệp và loạt ưu đãi tại đây sẽ đem đến trải nghiệm mua sắm hài lòng.","{""Bộ xử lý & Đồ họa"": [{""name"": ""Chip AI"", ""value"": ""Qualcomm Hexagon NPU up to 45TOPS""}, {""name"": ""Loại card đồ họa"", ""value"": ""Qualcomm Adreno GPU""}, {""name"": ""Loại CPU"", ""value"": ""Snapdragon X X1 26 100 (30MB Cache, up to 2.97GHz, 8 lõi, 8 luồng)""}], ""Bộ nhớ RAM, Ổ cứng"": [{""name"": ""Dung lượng RAM"", ""value"": ""16GB""}, {""name"": ""Loại RAM"", ""value"": ""LPDDR5X Onboard""}, {""name"": ""Ổ cứng"", ""value"": ""512GB M.2 NVMe PCIe 4.0 SSD""}], ""Màn hình"": [{""name"": ""Tần số quét"", ""value"": ""60 Hz""}, {""name"": ""Chất liệu tấm nền"", ""value"": ""Tấm nền Oled""}, {""name"": ""Kích thước màn hình"", ""value"": ""14 inches""}, {""name"": ""Công nghệ màn hình"", ""value"": ""Độ sáng 300 nits\nĐộ phủ màu 95% DCI-P3\nTỷ lệ tương phản 1.000.000:1\n1.07 tỷ màu\nMàn hình chống chói\ngiảm 70% ánh sáng xanh có hại\nĐược chứng nhận bởi TÜV Rheinland""}, {""name"": ""Độ phân giải màn hình"", ""value"": ""1920 x 1200 pixels""}], ""Âm thanh"": [{""name"": ""Công nghệ âm thanh"", ""value"": ""SonicMaster\nCông nghệ Smart Amp\nLoa tích hợp\nMicrô mảng tích hợp""}], ""Kích thước & Trọng lượng"": [{""name"": ""Chất liệu"", ""value"": ""Vỏ nhựa - nắp lưng kim loại""}, {""name"": ""Chất liệu vỏ màn hình"", ""value"": ""Nhôm""}, {""name"": ""Chất liệu vỏ trên"", ""value"": ""Nhựa""}, {""name"": ""Chất liệu vỏ dưới"", ""value"": ""Nhôm""}, {""name"": ""Kích thước"", ""value"": ""31.52 x 22.34 x 1.59 ~ 1.79 cm (Dài x Rộng x Dày)""}, {""name"": ""Trọng lượng"", ""value"": ""1.35 kg""}], ""Tiện ích khác"": [{""name"": ""Tính năng đặc biệt"", ""value"": ""Wi-Fi 6, Nhận diện khuôn mặt, Màn hình Oled""}], ""Tính năng khác"": [{""name"": ""Loại đèn bàn phím"", ""value"": ""Bàn phím Chiclet có đèn nền với phím Copilot""}, {""name"": ""Bảo mật"", ""value"": ""Webcam hồng ngoại hỗ trợ Windows Hello\nMcAfee\nBảo vệ mật khẩu người dùng khi khởi động BIOS\nMật khẩu người dùng thiết lập BIOS\nBộ xử lý bảo mật Microsoft Pluton\nMô-đun nền tảng đáng tin cậy (Phần mềm TPM)""}, {""name"": ""Webcam"", ""value"": ""Camera FHD có chức năng IR hỗ trợ Windows Hello; Có màn trập camera""}, {""name"": ""Hệ điều hành"", ""value"": ""Windows 11 Home + Microsoft Office Home 2024 + Microsoft 365 Basic""}], ""Pin & công nghệ sạc"": [{""name"": ""Pin"", ""value"": ""70WHrs, 3S1P, 3-cell Li-ion""}], ""Cổng kết nối"": [{""name"": ""Wi-Fi"", ""value"": ""Wi-Fi 6E(802.11ax) (Triple band) 2*2""}, {""name"": ""Bluetooth"", ""value"": ""Bluetooth 5.3""}, {""name"": ""Cổng giao tiếp"", ""value"": ""2x USB 3.2 Gen 1 Type-A (tốc độ dữ liệu lên đến 5Gbps)\n2x USB 4.0 Gen 3 Type-C hỗ trợ hiển thị/cấp nguồn (tốc độ dữ liệu lên đến 40Gbps)\n1x HDMI 2.1 TMDS\n1x Giắc cắm âm thanh kết hợp 3.5mm""}]}","[""https://cdn2.cellphones.com.vn/x/media/catalog/product/l/a/laptop_asus_vivobook_s14_s3407qa-sf043ws_-_1.png"", ""https://cdn2.cellphones.com.vn/x/media/catalog/product/l/a/laptop_asus_vivobook_s14_s3407qa-sf043ws_-_2.png"", ""https://cdn2.cellphones.com.vn/x/media/catalog/product/l/a/laptop_asus_vivobook_s14_s3407qa-sf043ws_-_3.png""]","{""product_color_1"": {""color"": ""Xám"", ""image_url"": ""https://cellphones.com.vn/laptop-asus-vivobook-s14-s3407qa-sf043ws.html?product_id=108985"", ""price"": ""23.390.000₫""}}"
Laptop ASUS ZenBook 14 UM3406GA-QD075WS,laptop-asus-zenbook-14-um3406ga-qd075ws,N/A,N/A,"Đặc điểm nổi bật
Laptop Asus Zenbook 14 UM3406GA-QD075WS sở hữu chip GORGON POINT 6C giúp xử lý các tác vụ thông minh trực tiếp trên máy và duy trì hiệu suất ổn định. Thiết bị có bộ nhớ 16GB RAM LPDDR5X và ổ cứng SSD 512GB PCIe 4.0 siêu tốc. Máy mang đến trải nghiệm hình ảnh ấn tượng trên màn hình 14 inch OLED WUXGA.
Nội dung chính
1. Laptop Asus Zenbook 14 UM3406GA-QD075WS - Mỏng nhẹ cao cấp
1.1. AMD XDNA NPU 50 TOPS hỗ trợ AI trên Windows 11
1.2. RAM LPDDR5X 16GB, SSD PCIe 4.0 512GB tốc độ cao
1.3. Gam màu Jade Black mạnh mẽ, trọng lượng nhẹ 1.2kg
1.4. Chip xử lý mạnh mẽ, hỗ trợ đa nhiệm mượt mà
1.5. Hệ thống cổng giao tiếp phong phú kết nối ổn định
1.6. Tấm nền OLED 14 inch WUXGA hiển thị ấn tượng
2. Mua laptop Asus Zenbook 14 UM3406GA-QD075WS chính hãng tại CellphoneS
Laptop Asus Zenbook 14 UM3406GA-QD075WS - Mỏng nhẹ cao cấp
Dòng laptop AI này phù hợp cho mọi nhu cầu làm việc và học tập linh hoạt. Sản phẩm hướng đến người dùng yêu cầu hiệu suất ổn định, tính di động cao và khả năng bắt kịp xu hướng AI trong môi trường số ngày nay.
AMD XDNA NPU 50 TOPS hỗ trợ AI trên Windows 11
Điểm nhấn đáng chú ý trên laptop Asus Zenbook 14 UM3406GA-QD075WS chính là sự hiện diện của kiến trúc AMD XDNA NPU mới. Nhờ khả năng xử lý cục bộ, hệ thống phản hồi nhanh hơn khi thực hiện các tính năng thông minh trên Windows 11.
Hiệu năng AI đạt 50 TOPS tối ưu cho Windows 11
Đồng thời, điều này giúp giảm tải cho CPU và GPU và duy trì hiệu suất ổn định khi làm việc đa nhiệm, họp trực tuyến hoặc ứng dụng thông minh. Người dùng còn có thể tận dụng Copilot để tóm tắt văn bản, tạo hình ảnh hoặc dịch thuật thời gian thực.
RAM LPDDR5X 16GB, SSD PCIe 4.0 512GB tốc độ cao
Nhằm xử lý khối lượng tác vụ lớn, Asus đã tích hợp cho thiết bị này 16GB RAM LPDDR5X. Đây là chuẩn RAM mang lại băng thông dữ liệu cực rộng và tốc độ truy xuất nhanh và tiết kiệm điện năng cho hệ thống. Người dùng có thể mở nhiều tab, vận hành các ứng dụng đồ họa 2D và xử lý bảng tính phức tạp đồng thời.
Bộ nhớ lớn đến 16GB RAM LPDDR5X
Đi kèm với laptop Asus Zenbook 14 UM3406GA-QD075WS là ổ cứng SSD 512GB chuẩn PCIe 4.0 tốc độ cao. Chuẩn giao tiếp này cho phép tốc độ đọc/ghi dữ liệu nhanh, giúp thời gian khởi động gần như tức thì. Dung lượng 512GB cũng vừa đủ để lưu trữ tài liệu quan trọng, thư viện ảnh chất lượng cao và các dự án sáng tạo.
Gam màu Jade Black mạnh mẽ, trọng lượng nhẹ 1.2kg
Máy trở thành hình ảnh đại diện cho vẻ cao cấp với phiên bản Jade Black. Sắc đen sâu thẳm kết hợp với lớp hoàn thiện tinh xảo tạo nên vẻ ngoài tinh tế và đầy quyền lực. Thiết kế của máy còn tuân theo triết lý tối giản với những đường cắt sắc sảo, phù hợp cho cả môi trường công sở lẫn các buổi gặp gỡ đối tác quan trọng.
Vẻ ngoài đẳng cấp nổi bật cùng sắc Jade Black
Laptop Asus Zenbook 14 UM3406GA-QD075WS chỉ nặng 1.2kg và có độ mỏng 14.9mm, giúp thiết bị dễ dàng nằm gọn trong túi xách hoặc balo khi di chuyển. Nhờ thiết kế gọn nhẹ, mẫu laptop này trở thành lựa chọn cho người thường xuyên di chuyển nhiều. Thiết bị còn đạt chuẩn US MIL-STD 810H, đảm bảo độ bền bỉ lâu dài.
Chip xử lý mạnh mẽ, hỗ trợ đa nhiệm mượt mà
Sức mạnh cốt lõi của máy đến từ chip GORGON POINT 6C với cấu trúc 6 nhân hiệu năng cao. Chipset này được thiết kế dựa trên tiến trình hiện đại, tối ưu hóa giữa sức mạnh vận hành và khả năng kiểm soát nhiệt lượng. Với cấu trúc đa nhân thực, máy xử lý mượt các tác vụ từ cơ bản cho đến nâng cao như render những video ngắn.
Con chip GORGON POINT 6C mạnh mẽ
Khả năng quản lý điện năng giúp laptop Asus Zenbook 14 UM3406GA-QD075WS duy trì sự mát mẻ và yên tĩnh ngay cả khi đang gánh khối lượng công việc lớn. Thiết bị cũng sở hữu GPU AMD Radeon đáp ứng tốt nhu cầu giải trí cơ bản hàng ngày.
Hệ thống cổng giao tiếp phong phú kết nối ổn định
Dòng máy này sở hữu hệ thống cổng giao tiếp đa dạng, đáp ứng hiệu quả mọi nhu cầu làm việc hiện nay. Laptop có USB 3.2 Gen 1 Type-A, USB 3.2 Gen 2 Type-C, USB 4.0 Gen 3 Type-C, HDMI 2.1 TMDS và jack âm thanh 3.5mm. Các cổng này giúp người sử dụng liên kết linh hoạt cùng màn hình rời, thiết bị lưu trữ và phụ kiện.
Hỗ trợ kết nối toàn diện cho công việc và giải trí
Bên cạnh đó, laptop Asus Zenbook 14 UM3406GA-QD075WS có chuẩn Wi-Fi 6E ba băng tần cùng Bluetooth 5.3 giúp duy trì kết nối không dây tốc độ cao. Nhờ đó, người dùng có thể làm việc, học tập và giải trí liền mạch mà không bị gián đoạn.
Tấm nền OLED 14 inch WUXGA hiển thị ấn tượng
Chiếc laptop Asus Zenbook này được tích hợp màn hình OLED 14 inch WUXGA tỷ lệ 16:10, giúp mở rộng không gian làm việc hiệu quả. Độ sáng 400 nits và lên đến 600 nits HDR peak brightness giúp hình ảnh rõ nét trong nhiều điều kiện ánh sáng.
Màn hình có kích thước 14 inch
Màn hình của laptop Asus Zenbook 14 UM3406GA-QD075WS đạt 100% DCI-P3, cho màu sắc sống động và chiều sâu ấn tượng. Độ trễ phản hồi 0.2ms cùng tần số quét 60Hz đem lại trải nghiệm hình ảnh liền mạch. Bên cạnh đó, công nghệ hạn chế ánh sáng xanh, chứng nhận TÜV Rheinland và SGS Eye Care hỗ trợ bảo vệ mắt.
Mua laptop Asus Zenbook 14 UM3406GA-QD075WS chính hãng tại CellphoneS
Khi chọn mua laptop Asus Zenbook 14 UM3406GA-QD075WS tại CellphoneS, khách hàng sẽ yên tâm với sản phẩm đầy đủ hóa đơn VAT và chế độ bảo hành. Đội ngũ nhân viên giàu kinh nghiệm tư vấn dòng laptop tối ưu cho nhu cầu làm việc cá nhân. 
Đặc biệt, CellphoneS liên tục triển khai nhiều chương trình ưu đãi rất thu hút. Hãy ghé cửa hàng gần đó để được tư vấn đầy đủ thông tin sản phẩm ngay hôm nay!","{""Bộ xử lý & Đồ họa"": [{""name"": ""Chip AI"", ""value"": ""AMD XDNA NPU up to 50TOPS""}, {""name"": ""Loại card đồ họa"", ""value"": ""AMD Radeon Graphics""}, {""name"": ""Loại CPU"", ""value"": ""AMD Ryzen AI 7 445""}], ""Bộ nhớ RAM, Ổ cứng"": [{""name"": ""Dung lượng RAM"", ""value"": ""16GB""}, {""name"": ""Loại RAM"", ""value"": ""LPDDR5X on board""}, {""name"": ""Ổ cứng"", ""value"": ""512GB M.2 NVMe PCIe 4.0 SSD""}], ""Màn hình"": [{""name"": ""Tần số quét"", ""value"": ""60 Hz""}, {""name"": ""Chất liệu tấm nền"", ""value"": ""Tấm nền Oled""}, {""name"": ""Kích thước màn hình"", ""value"": ""14 inches""}, {""name"": ""Công nghệ màn hình"", ""value"": ""Thời gian phản hồi 0.2ms\nĐộ sáng 400nits\nĐộ sáng tối đa 600nits (độ sáng tối đa HDR)\nĐộ phủ màu 100% DCI-P3\nTỷ lệ tương phản 1.000.000:1\nTrue Black 600\n1.07 tỷ màu\nGiảm 70% ánh sáng xanh có hại\nMàn hình SGS Eye Care""}, {""name"": ""Độ phân giải màn hình"", ""value"": ""1920 x 1200 pixels (WUXGA)""}], ""Âm thanh"": [{""name"": ""Công nghệ âm thanh"", ""value"": ""Công nghệ Smart Amp\nLoa tích hợp\nMicro đa hướng tích hợp""}], ""Kích thước & Trọng lượng"": [{""name"": ""Chất liệu"", ""value"": ""Vỏ kim loại""}, {""name"": ""Chất liệu vỏ màn hình"", ""value"": ""Nhôm""}, {""name"": ""Chất liệu vỏ trên"", ""value"": ""Nhôm""}, {""name"": ""Chất liệu vỏ dưới"", ""value"": ""Nhôm""}, {""name"": ""Kích thước"", ""value"": ""31.24 x 22.01 x 1.49 ~ 1.49 cm (Dài x Rộng x Dày)""}, {""name"": ""Trọng lượng"", ""value"": ""1.20 kg""}], ""Tiện ích khác"": [{""name"": ""Tính năng đặc biệt"", ""value"": ""Wi-Fi 6, Nhận diện khuôn mặt, Màn hình Oled""}], ""Tính năng khác"": [{""name"": ""Loại đèn bàn phím"", ""value"": ""Bàn phím Chiclet có đèn nền Với phím Copilot""}, {""name"": ""Bảo mật"", ""value"": ""Webcam hồng ngoại (IR) hỗ trợ Windows Hello\nMcAfee\nBảo vệ mật khẩu người dùng khi khởi động BIOS\nMật khẩu người dùng trong thiết lập BIOS\nBộ xử lý bảo mật Microsoft Pluton\nMô-đun nền tảng tin cậy TPM (Firmware TPM)""}, {""name"": ""Webcam"", ""value"": ""Camera FHD có chức năng IR hỗ trợ Windows Hello, với màn trập camera""}, {""name"": ""Hệ điều hành"", ""value"": ""Windows 11 Home + Microsoft Office Home 2024 + Microsoft 365 Basic""}], ""Pin & công nghệ sạc"": [{""name"": ""Pin"", ""value"": ""75WHrs, 4S1P, 4-cell Li-ion""}], ""Cổng kết nối"": [{""name"": ""Wi-Fi"", ""value"": ""Wi-Fi 6E(802.11ax) (Triple band) 2*2""}, {""name"": ""Bluetooth"", ""value"": ""Bluetooth 5.3""}, {""name"": ""Cổng giao tiếp"", ""value"": ""1 x USB 3.2 Gen 1 Type-A (5 Gbps)\n1 x USB 3.2 Gen 2 Type-C (hỗ trợ xuất hình & sạc, 10 Gbps)\n1 x USB 4.0 Gen 3 Type-C (hỗ trợ xuất hình & sạc, 40 Gbps)\n1 x HDMI 2.1 (TMDS)\n1 x Jack tai nghe / micro 3.5 mm""}]}","[""https://cdn2.cellphones.com.vn/x/media/catalog/product/l/a/laptop_asus_zenbook_14_um3406ga-qd075ws_-_1.png"", ""https://cdn2.cellphones.com.vn/x/media/catalog/product/l/a/laptop_asus_zenbook_14_um3406ga-qd075ws_-_2.png"", ""https://cdn2.cellphones.com.vn/x/media/catalog/product/l/a/laptop_asus_zenbook_14_um3406ga-qd075ws_-_3.png""]","{""product_color_1"": {""color"": ""Đen"", ""image_url"": ""https://cellphones.com.vn/laptop-asus-zenbook-14-um3406ga-qd075ws.html?product_id=123161"", ""price"": ""29.990.000₫""}}"
Laptop ASUS Zenbook 14 UX3405CA-PZ187WS,laptop-asus-zenbook-14-ux3405ca-pz187ws,31.990.000đ,28.690.000đ,"Đặc điểm nổi bật
Laptop Asus Zenbook 14 UX3405CA-PZ187WS sử dụng Intel Core Ultra 5 225H, RAM 16GB chuẩn DDR5 kết hợp cùng SSD 512GB PCIe 4.0, đảm bảo hiệu năng mạnh mẽ. Màn hình OLED 14 inch 3K, tần số quét 120Hz , thoả mãn mọi nhu cầu thị giác. Thiết kế kim loại mỏng nhẹ, cùng kết nối hiện đại với Wi-Fi 7, Bluetooth 5.4, Thunderbolt 4.
Nội dung chính
1. Laptop Asus Zenbook 14 UX3405CA-PZ187WS - Màn hình sống động, di động cao
1.1. Hiệu năng và lưu trữ ấn tượng
1.2. Thiết kế tinh tế, di động 
1.3. Intel Core Ultra 5 225H hỗ trợ xử lý mượt mà mọi tác vụ 
1.4. Trang bị đầy đủ cổng kết nối 
1.5. Trải nghiệm hình ảnh sống động trên màn hình OLED 14 inch
1.6. Trải nghiệm nhập liệu ngoài mong đợi 
2. Mua laptop Asus Zenbook 14 UX3405CA-PZ187WS chính hãng tại CellphoneS
Laptop Asus Zenbook 14 UX3405CA-PZ187WS - Màn hình sống động, di động cao
Asus Zenbook 14 UX3405CA-PZ187WS là một chiếc Ultrabook cao cấp, hướng đến người dùng cần một thiết bị linh hoạt nhưng vẫn đảm bảo hiệu suất ổn định. Dưới đây là thông số mẫu laptop Asus AI này mà khách hàng có thể tham khảo thêm.
Hiệu năng và lưu trữ ấn tượng
Laptop Asus Zenbook 14 UX3405CA-PZ187WS sở hữu RAM 16GB LPDDR5X Onboard, cho phép xử lý nhiều đa tác vụ mà không bị giật lag. Công nghệ RAM tiên tiến này còn giúp tiết kiệm pin, tăng thời lượng sử dụng so với các phiên bản tiền nhiệm.
Bên cạnh đó, ổ cứng SSD 512GB PCIe 4.0 NVMe cho tốc độ truy xuất dữ liệu trơn tru còn giúp máy khởi động gần như ngay lập tức. Nhờ đó, người dùng có thể trải nghiệm một chiếc laptop có hiệu suất tối ưu, hỗ trợ tốt cho công việc và giải trí hàng ngày.
Thiết kế tinh tế, di động 
Laptop Asus Zenbook 14 UX3405CA-PZ187WS gây ấn tượng với lớp vỏ kim loại xanh nhám cao cấp chống bám vân tay. Công nghệ cắt CNC chính xác giúp mang lại sự hoàn thiện tinh xảo, kết hợp với độ mỏng chỉ 1.49cm và trọng lượng 1.28kg, tạo nên một chiếc Ultrabook di động lý tưởng.
Phần bản lề cũng được thiết kế tối ưu, cho phép người dùng dễ dàng mở máy chỉ bằng một tay, mang đến sự tiện lợi trong quá trình sử dụng. Tổng thể thiết kế không chỉ mang lại cảm giác cao cấp mà còn đảm bảo tính linh hoạt cho những người dùng ưa thích sự di động.
Intel Core Ultra 5 225H hỗ trợ xử lý mượt mà mọi tác vụ 
Laptop Asus Zenbook 14 UX3405CA-PZ187WS được trang bị vi xử lý Intel Core Ultra 5 225H với 14 nhân, 16 luồng, đạt tốc độ tối đa lên đến 4.9GHz. Dù là công việc văn phòng hay chỉnh sửa hình ảnh, video cơ bản, chiếc Ultrabook này vẫn đảm bảo hiệu năng đa nhiệm mượt mà. 
Thêm vào sức mạnh đó là card đồ họa Intel Arc Graphics . Đây là mẫu VGA hiện đại, hỗ trợ cải thiện khả năng hiển thị, đáp ứng dễ dàng cho các ứng dụng thiết kế và sáng tạo nội dung.
Hệ thống tản nhiệt của Zenbook 14 cũng được tối ưu để máy vận hành ổn định trong hầu hết các tác vụ thông thường. Khi xử lý những công việc nặng, nhiệt độ có thể tăng nhẹ, nhưng điều này không ảnh hưởng nhiều đến trải nghiệm sử dụng. Bù lại, quạt tản nhiệt hoạt động êm ái, đảm bảo sự thoải mái khi làm việc lâu dài.
Trang bị đầy đủ cổng kết nối 
Laptop Asus Zenbook 14 UX3405CA-PZ187WS hỗ trợ Wi-Fi 7 (802.11be) Tri-band 2x2, mang đến tốc độ kết nối cực nhanh. Công nghệ này không chỉ nâng cao trải nghiệm lướt web mà còn tối ưu cho các tác vụ đòi hỏi băng thông lớn như truyền dữ liệu đám mây hay gọi video chất lượng cao.
Asus Zenbook 14 UX3405CA-PZ187WS cũng được trang bị Bluetooth 5.4. Không thể thiếu là 2 cổng Thunderbolt 4, cổng USB 3.2 Gen 1 Type-A, cổng HDMI 2.1 TMDS và jack cắm tai nghe tối ưu cho mọi trải nghiệm.
Trải nghiệm hình ảnh sống động trên màn hình OLED 14 inch
Laptop Asus Zenbook 14 UX3405CA-PZ187WS được trang bị màn hình OLED 14 inch với độ phân giải 3K (2880 x 1800) sống động. Màn hình tỉ lệ 16:10 cũng là lựa chọn lý tưởng cho công việc văn phòng và dựng video nhờ khả năng hiển thị rộng rãi và tối ưu. 
Bên cạnh chất lượng hiển thị xuất sắc, màn hình của Zenbook 14 còn hỗ trợ tần số quét 120Hz, cho trải nghiệm cuộn trang, làm việc và giải trí trở nên trơn tru hơn. Đặc biệt, máy còn sở hữu công nghệ TÜV Rheinland-certified giúp giảm ánh sáng xanh có hại, hạn chế mỏi mắt khi sử dụng lâu dài.
Ngoài ra, màn hình cảm ứng siêu nhạy trên Zenbook 14 còn hỗ trợ bút Stylus, giúp người dùng dễ dàng thao tác, ghi chú hoặc phác thảo ý tưởng một cách nhanh chóng. Đây hứa hẹn sẽ là một trong những mẫu Ultrabook đáng cân nhắc để thoả mãn nhu cầu hiển thị.
Trải nghiệm nhập liệu ngoài mong đợi 
Laptop Asus Zenbook 14 UX3405CA-PZ187WS được trang bị camera Full HD, mang đến chất lượng hình ảnh sắc nét và màu sắc trung thực. Nhờ đó, người dùng có thể thực hiện các cuộc họp trực tuyến, học online hay livestream với hình ảnh rõ ràng.
Bên cạnh đó, hệ thống loa sống động trên Zenbook 14 mang đến trải nghiệm âm thanh sống động. Âm bass chắc, dải âm cân bằng giúp nâng cao chất lượng khi nghe nhạc, xem phim hay họp trực tuyến. 
Mua laptop Asus Zenbook 14 UX3405CA-PZ187WS chính hãng tại CellphoneS
Tại CellphoneS, khách hàng có thể mua laptop Asus Zenbook 14 UX3405CA-PZ187WS chính hãng. Ngoài ra, các mẫu laptop Asus tại cửa hàng cũng thường được Sale trong các dịp lễ 8/3, xả kho, tựu trường…
Bên cạnh laptop Asus Zenbook 14 UX3405CA-PZ187WS, CellphoneS còn cung cấp đa dạng phụ kiện đi kèm như chuột, bàn phím, RAM, SSD… Đặc biệt, CellphoneS cũng hỗ trợ mua trả góp với lãi suất thấp cùng nhiều voucher cho thành viên Smember.","{""Bộ xử lý & Đồ họa"": [{""name"": ""Chip AI"", ""value"": ""Intel AI Boost NPU up to 13""}, {""name"": ""Loại card đồ họa"", ""value"": ""Intel Arc Graphics""}, {""name"": ""Loại CPU"", ""value"": ""Intel Core Ultra 5 225H 1.7 GHz (18MB Cache, up to 4.9 GHz, 14 lõi, 16 luồng)""}], ""Bộ nhớ RAM, Ổ cứng"": [{""name"": ""Dung lượng RAM"", ""value"": ""16GB""}, {""name"": ""Loại RAM"", ""value"": ""LPDDR5X on board""}, {""name"": ""Ổ cứng"", ""value"": ""512GB M.2 NVMe PCIe 4.0 SSD""}], ""Màn hình"": [{""name"": ""Tần số quét"", ""value"": ""120 Hz""}, {""name"": ""Chất liệu tấm nền"", ""value"": ""Tấm nền Oled""}, {""name"": ""Kích thước màn hình"", ""value"": ""14 inches""}, {""name"": ""Công nghệ màn hình"", ""value"": ""Thời gian phản hồi 0.2ms\nĐộ sáng 400nits\nĐộ sáng tối đa 500nits HDR\nĐộ phủ màu 100% DCI-P3\nGamut mapping\nHDR True Black 500\n1.07 tỷ màu\nGiảm 70% ánh sáng xanh có hại\nTÜV Rheinland-certified\nMàn hình chăm sóc mắt SGS""}, {""name"": ""Độ phân giải màn hình"", ""value"": ""2880 x 1800 pixels""}], ""Âm thanh"": [{""name"": ""Công nghệ âm thanh"", ""value"": ""Công nghệ Smart Amp\nLoa tích hợp\nMicrô mảng tích hợp""}], ""Kích thước & Trọng lượng"": [{""name"": ""Chất liệu"", ""value"": ""Vỏ kim loại""}, {""name"": ""Chất liệu vỏ màn hình"", ""value"": ""Nhôm""}, {""name"": ""Chất liệu vỏ trên"", ""value"": ""Nhôm""}, {""name"": ""Chất liệu vỏ dưới"", ""value"": ""Nhôm""}, {""name"": ""Kích thước"", ""value"": ""31.24 x 22.01 x 1.49 ~ 1.49 cm (Dài x Rộng x Dày)""}, {""name"": ""Trọng lượng"", ""value"": ""1.28 kg""}], ""Tiện ích khác"": [{""name"": ""Tính năng đặc biệt"", ""value"": ""Màn hình cảm ứng, Nhận diện khuôn mặt, Wi-Fi 7""}], ""Tính năng khác"": [{""name"": ""Loại đèn bàn phím"", ""value"": ""Bàn phím Chiclet có đèn nền""}, {""name"": ""Bảo mật"", ""value"": ""Webcam IR hỗ trợ Windows Hello\nMcAfee\nTrusted Platform Module (Phần mềm TPM)""}, {""name"": ""Webcam"", ""value"": ""Camera FHD có chức năng IR hỗ trợ Windows Hello\nCó màn trập camera""}, {""name"": ""Hệ điều hành"", ""value"": ""Windows 11 Home + Microsoft Office Home 2024 + Microsoft 365 Basic""}], ""Pin & công nghệ sạc"": [{""name"": ""Pin"", ""value"": ""75WHrs, 2S2P, 4-cell Li-ion""}], ""Cổng kết nối"": [{""name"": ""Wi-Fi"", ""value"": ""Wi-Fi 7(802.11be) (Tri-band)2*2""}, {""name"": ""Bluetooth"", ""value"": ""Bluetooth 5.4""}, {""name"": ""Cổng giao tiếp"", ""value"": ""1x USB 3.2 Gen 1 Type-A (tốc độ dữ liệu lên đến 5Gbps)\n2x Thunderbolt 4 hỗ trợ hiển thị/cung cấp điện (tốc độ dữ liệu lên đến 40Gbps)\n1x HDMI 2.1 TMDS\n1x Giắc cắm âm thanh kết hợp 3.5mm""}]}","[""https://cdn2.cellphones.com.vn/x/media/catalog/product/g/r/group_839.png"", ""https://cdn2.cellphones.com.vn/x/media/catalog/product/l/a/laptop_asus_zenbook_14_ux3405ca-pz187ws_-_2.png"", ""https://cdn2.cellphones.com.vn/x/media/catalog/product/l/a/laptop_asus_zenbook_14_ux3405ca-pz187ws_-_3.png""]","{""product_color_1"": {""color"": ""Xanh"", ""image_url"": ""https://cellphones.com.vn/laptop-asus-zenbook-14-ux3405ca-pz187ws.html?product_id=100871"", ""price"": ""28.690.000₫""}}"
Laptop ASUS VivoBook 15 M1502NAQ-BQ031W,laptop-asus-vivobook-15-m1502naq-bq031w,19.690.000đ,18.890.000đ,"Đặc điểm nổi bật
Laptop Asus Vivobook 15 M1502NAQ BQ031W nổi bật trong phân khúc nhờ hiệu năng AMD Ryzen 7 ổn định, RAM 16GB cùng SSD 512GB cho tốc độ xử lý tối ưu. Thiết kế Cool Silver tinh tế đi kèm hệ điều hành Windows 11 Home hiện đại. Card đồ họa AMD Radeon Graphics tích hợp, vừa đủ mạnh cho các tác vụ đa dạng.
Nội dung chính
1. Laptop Asus Vivobook 15 M1502NAQ BQ031W - Sức mạnh Ryzen cho đa nhiệm mượt mà
1.1. Bộ nhớ RAM 16GB lưu trữ tốc độ cao tối ưu đa nhiệm
1.2. Thiết kế gọn gàng cùng gam màu thanh lịch
1.3. CPU và card đồ họa tối ưu cho xử lý đa tác vụ
1.4. Pin bền bỉ và hệ thống cổng kết nối đầy đủ
1.5. Màn hình lớn sắc nét, tần số quét ổn định
2. Mua laptop Asus Vivobook 15 M1502NAQ BQ031W giá tốt tại CellphoneS
Laptop Asus Vivobook 15 M1502NAQ BQ031W - Sức mạnh Ryzen cho đa nhiệm mượt mà
Laptop Asus Vivobook 15 hướng đến người dùng cần một thiết bị ổn định cho học tập và công việc hằng ngày. Sự kết hợp giữa hiệu năng Ryzen, màn hình lớn và thiết kế gọn gàng giúp máy đáp ứng tốt nhiều nhu cầu sử dụng phổ biến.
Bộ nhớ RAM 16GB lưu trữ tốc độ cao tối ưu đa nhiệm
Laptop Asus Vivobook 15 M1502NAQ BQ031W được trang bị RAM 16GB DDR5, đáp ứng tốt các tác vụ đa nhiệm và xử lý dữ liệu liên tục. Dung lượng RAM lớn giúp hệ thống duy trì hiệu suất ổn định khi chạy đồng thời nhiều ứng dụng. Nhờ băng thông bộ nhớ cao, máy hạn chế tình trạng nghẽn cổ chai trong quá trình xử lý.
Dung lượng RAM lớn giúp xử lý đa nhiệm ổn định
Về lưu trữ, thiết bị sử dụng ổ cứng SSD 512GB chuẩn NVMe PCIe, cho tốc độ đọc ghi vượt trội so với SSD SATA truyền thống. Chuẩn NVMe giúp rút ngắn thời gian khởi động hệ điều hành và tải ứng dụng. Đồng thời, dung lượng 512GB đáp ứng tốt nhu cầu lưu trữ dữ liệu dài hạn trong môi trường làm việc số hóa.
Thiết kế gọn gàng cùng gam màu thanh lịch
Laptop Asus Vivobook 15 M1502NAQ BQ031W theo đuổi phong cách thiết kế hiện đại với hình khối vuông vắn và bề mặt hoàn thiện mịn. Các chi tiết được tối giản nhằm tạo tổng thể hài hòa, phù hợp cho môi trường học tập lẫn làm việc. Cách bố trí thân máy mang lại cảm giác cân đối và chắc chắn khi sử dụng.
Thiết kế gọn gàng với gam màu Cool Silver thanh lịch
Sản phẩm được phủ màu Cool Silver nhã nhặn, tạo ấn tượng tinh tế ngay từ cái nhìn đầu tiên. Tông màu sáng giúp thiết bị dễ phối với nhiều không gian và phong cách cá nhân. Sản phẩm là lựa chọn màu sắc mang tính trung tính, phù hợp sử dụng lâu dài.
CPU và card đồ họa tối ưu cho xử lý đa tác vụ
Laptop Asus Vivobook 15 M1502NAQ BQ031W sử dụng AMD Ryzen 7 170 Processor với 8 nhân 16 luồng, đáp ứng các tác vụ xử lý song song. CPU có xung nhịp cơ bản 3.20GHz và Max Boost lên đến 4.75GHz, cho khả năng điều chỉnh hiệu năng linh hoạt. Nhờ đó, hệ thống duy trì độ ổn định khi xử lý dữ liệu.
Sức mạnh xử lý từ nền tảng AMD Ryzen 7 thế hệ mới
Đi kèm là card đồ họa tích hợp AMD Radeon Graphics, được tối ưu để tăng tốc các tác vụ đồ họa cơ bản. GPU này hỗ trợ xử lý hình ảnh, video và hiển thị mượt mà trên nền tảng phần cứng đồng bộ.
Nhờ sự phối hợp chặt chẽ đó, hiệu năng tổng thể của hệ thống được cân bằng giữa sức mạnh tính toán và khả năng xử lý đồ họa. Sự kết hợp giữa CPU AMD Ryzen 7 đa nhân và GPU AMD Radeon Graphics giúp laptop đáp ứng tốt nhu cầu đa nhiệm, giải trí và xử lý nội dung hằng ngày.
Pin bền bỉ và hệ thống cổng kết nối đầy đủ
Laptop Asus Vivobook 15 M1502NAQ BQ031W được trang bị pin 3-cell dung lượng 42Wh, đáp ứng nhu cầu sử dụng liên tục trong ngày. Công nghệ quản lý năng lượng giúp tối ưu mức tiêu thụ điện năng theo từng tác vụ. Nhờ đó, máy duy trì thời gian hoạt động ổn định khi làm việc di động.
Trang bị pin đủ dùng cùng các cổng kết nối tiện lợi
Về kết nối, thiết bị hỗ trợ USB Type-C, USB 3.2, USB 2.0, HDMI cùng jack tai nghe 3.5mm, mang lại khả năng tương thích với nhiều thiết bị ngoại vi. Các cổng được bố trí hợp lý, thuận tiện cho thao tác sử dụng. Hệ thống kết nối đáp ứng tốt nhu cầu truyền dữ liệu và trình chiếu trong môi trường làm việc hiện đại.
Màn hình lớn sắc nét, tần số quét ổn định
Laptop Asus Vivobook 15 M1502NAQ BQ031W sở hữu màn hình 15.6 inch độ phân giải Full HD (1920x1080), mang lại không gian hiển thị rộng rãi cho mọi tác vụ. Tấm nền được tối ưu cho khả năng tái tạo hình ảnh rõ nét và độ chi tiết cao. Kích thước màn hình lớn giúp thao tác đa cửa sổ thuận tiện.
Màn hình lớn cho không gian hiển thị thoải mái
Thiết bị sử dụng tần số quét 60Hz, đảm bảo chuyển động hiển thị mượt mà trong các tác vụ thường ngày. Mức tần số này phù hợp cho làm việc văn phòng, học tập và xem nội dung đa phương tiện. Khả năng hiển thị ổn định giúp trải nghiệm hình ảnh liền mạch và dễ chịu.
Mua laptop Asus Vivobook 15 M1502NAQ BQ031W giá tốt tại CellphoneS
Khi mua laptop Asus Vivobook 15 M1502NAQ BQ031W tại CellphoneS, khách hàng được kiểm tra sản phẩm rõ ràng. CellphoneS cung cấp chính sách bảo hành chính hãng, hỗ trợ đổi trả linh hoạt theo điều kiện cụ thể. 
Đội ngũ tư vấn am hiểu sản phẩm giúp người mua lựa chọn cấu hình phù hợp nhu cầu thực tế. Ngoài ra, hệ thống cửa hàng rộng khắp cả nước giúp việc mua sắm trở nên thuận tiện.","{""Bộ xử lý & Đồ họa"": [{""name"": ""Loại card đồ họa"", ""value"": ""AMD Radeon Graphics""}, {""name"": ""Loại CPU"", ""value"": ""AMD Ryzen 7 170 3.2GHz (20MB Cache, up to 4.75 GHz, 8 lõi, 16 luồng)""}], ""Bộ nhớ RAM, Ổ cứng"": [{""name"": ""Dung lượng RAM"", ""value"": ""16GB""}, {""name"": ""Loại RAM"", ""value"": ""DDR5""}, {""name"": ""Số khe ram"", ""value"": ""2 khe (8GB DDR5 on board + 8GB DDR5 SO-DIMM, Có thể nâng cấp; Cần tháo vỏ dưới/trên)""}, {""name"": ""Ổ cứng"", ""value"": ""512GB M.2 NVMe PCIe 4.0 SSD""}], ""Màn hình"": [{""name"": ""Tần số quét"", ""value"": ""60 Hz""}, {""name"": ""Chất liệu tấm nền"", ""value"": ""Tấm nền IPS""}, {""name"": ""Kích thước màn hình"", ""value"": ""15.6 inches""}, {""name"": ""Công nghệ màn hình"", ""value"": ""Độ sáng 250nits\nĐộ phủ màu 45% NTSC\nMàn hình chống chói""}, {""name"": ""Độ phân giải màn hình"", ""value"": ""1920 x 1080 pixels (FullHD)""}], ""Âm thanh"": [{""name"": ""Công nghệ âm thanh"", ""value"": ""SonicMaster\nLoa tích hợp\nMicrophone mảng tích hợp""}], ""Kích thước & Trọng lượng"": [{""name"": ""Chất liệu"", ""value"": ""Vỏ nhựa""}, {""name"": ""Chất liệu vỏ màn hình"", ""value"": ""Nhựa""}, {""name"": ""Chất liệu vỏ trên"", ""value"": ""Nhựa""}, {""name"": ""Chất liệu vỏ dưới"", ""value"": ""Nhựa""}, {""name"": ""Kích thước"", ""value"": ""35.97 x 23.25 x 1.99 ~ 1.99 cm (Dài x Rộng x Dày)""}, {""name"": ""Trọng lượng"", ""value"": ""1.70 kg""}], ""Tiện ích khác"": [{""name"": ""Tính năng đặc biệt"", ""value"": ""Wi-Fi 6, Bảo mật vân tay""}], ""Tính năng khác"": [{""name"": ""Loại đèn bàn phím"", ""value"": ""Bàn phím Chiclet có phím số""}, {""name"": ""Bảo mật"", ""value"": ""Cảm biến vân tay tích hợp trên Touchpad\nPhần mềm bảo mật McAfee\nMật khẩu khởi động BIOS\nMật khẩu truy cập thiết lập BIOS\nMô-đun nền tảng tin cậy TPM (Firmware TPM)""}, {""name"": ""Webcam"", ""value"": ""Camera HD 720p, có màn trập camera""}, {""name"": ""Hệ điều hành"", ""value"": ""Windows 11 Home""}], ""Pin & công nghệ sạc"": [{""name"": ""Pin"", ""value"": ""42WHrs, 3S1P, 3-cell Li-ion""}], ""Cổng kết nối"": [{""name"": ""Wi-Fi"", ""value"": ""Wi-Fi 6(802.11ax) (Dual band) 2*2""}, {""name"": ""Bluetooth"", ""value"": ""Bluetooth 5.4""}, {""name"": ""Cổng giao tiếp"", ""value"": ""1 x USB 2.0 Type-A (480 Mbps)\n1 x USB 3.2 Gen 1 Type-C (5 Gbps)\n1 x USB 3.2 Gen 1 Type-C hỗ trợ Power Delivery (5 Gbps)\n2 x USB 3.2 Gen 1 Type-A (5 Gbps)\n1 x HDMI 1.4\n1 x Jack tai nghe/micro 3.5 mm""}]}","[""https://cdn2.cellphones.com.vn/x/media/catalog/product/l/a/laptop_asus_vivobook_15_m1502naq-bq031w_-_1.png"", ""https://cdn2.cellphones.com.vn/x/media/catalog/product/l/a/laptop_asus_vivobook_15_m1502naq-bq031w_-_2.png"", ""https://cdn2.cellphones.com.vn/x/media/catalog/product/l/a/laptop_asus_vivobook_15_m1502naq-bq031w_-_3.png""]","{""product_color_1"": {""color"": ""Bạc"", ""image_url"": ""https://cellphones.com.vn/laptop-asus-vivobook-15-m1502naq-bq031w.html?product_id=123114"", ""price"": ""18.890.000₫""}}"
Laptop ASUS Gaming V16 V3607VM-RP044W,laptop-asus-gaming-v16-v3607vm-rp044w,37.990.000đ,33.290.000đ,"Đặc điểm nổi bật
Laptop Asus Gaming V16 V3607VM-RP044W nổi bật với CPU Intel Core 7-240H và GPU NVIDIA® GeForce RTX™ 5060 giúp xử lý các tác vụ nặng một cách hiệu quả. Thiết bị sử dụng màn hình WUXGA 16 inch với tần số 144Hz mang đến trải nghiệm thị giác cực mượt. Ngoài ra, máy có trọng lượng chỉ 1.95kg, phù hợp cho người dùng cần di chuyển thường xuyên.
Nội dung chính
1. Laptop Asus Gaming V16 V3607VM-RP044W - Cấu hình đỉnh cao, thiết kế ấn tượng
1.1. Hiệu năng vượt trội trong mọi tác vụ
1.2. Đáp ứng tốt nhu cầu đa nhiệm và lưu trữ
1.3. Thiết kế Gaming đạt chuẩn quân đội MIL-STD 810H
1.4. Hiển thị mượt mà, sắc nét từng khung hình
1.5. Pin 63Wh kết hợp sạc nhanh 150W
1.6. Dễ dàng kết nối ngoại vi và truy cập internet tốc độ cao
2. Mua ngay laptop Asus Gaming V16 V3607VM-RP044W chính hãng tại CellphoneS
Laptop Asus Gaming V16 V3607VM-RP044W - Cấu hình đỉnh cao, thiết kế ấn tượng
Được thiết kế để phục vụ người dùng yêu cầu hiệu suất xử lý vượt trội, Asus Gaming V16 V3607VM-RP044W nổi bật nhờ sự kết hợp giữa phần cứng mạnh mẽ và thiết kế bền bỉ. Qua đó, sản phẩm laptop Asus Gaming này đảm bảo mang đến trải nghiệm toàn diện, tối ưu cho cả công việc lẫn giải trí.
Hiệu năng vượt trội trong mọi tác vụ
Laptop Asus Gaming V16 V3607VM-RP044W được trang bị bộ vi xử lý Intel® Core™ 7 Processor 240H với tốc độ cơ bản 2.5GHz, đạt tối đa 5.2GHz, 10 nhân 16 luồng. Đây là nền tảng vững chắc để laptop Asus có thể xử lý hiệu quả các tác vụ nặng như lập trình, biên tập video 4K hay dựng hình 3D.
Hỗ trợ cho CPU mạnh mẽ này là card đồ họa rời NVIDIA GeForce RTX 5060 sở hữu 8GB bộ nhớ GDDR7, giúp tái hiện các chi tiết đồ họa phức tạp với độ chính xác cao. Bên cạnh đó, GPU còn tích hợp kèm Intel Graphics, sẵn sàng đảm nhiệm các tác vụ nhẹ nhằm tối ưu điện năng. 
Không chỉ mạnh mẽ về phần cứng, máy còn được hỗ trợ phần mềm MyASUS giúp người dùng tùy chỉnh hiệu suất hệ thống theo từng tác vụ cụ thể. Với cấu hình như vậy, người sử dụng có thể làm việc liên tục nhiều giờ mà vẫn duy trì được tốc độ xử lý ổn định, kể cả trong các tình huống tải nặng liên tục.
Đáp ứng tốt nhu cầu đa nhiệm và lưu trữ
Laptop Asus Gaming V16 V3607VM-RP044W sở hữu bộ nhớ RAM 32GB chuẩn DDR5, giúp vận hành mượt mà khi mở đồng thời nhiều ứng dụng. Cấu trúc 2 khe SO-DIMM trên laptop cho phép người dùng có thể nâng cấp bộ nhớ dễ dàng nếu có nhu cầu làm việc với các tác vụ chuyên sâu hơn trong tương lai. 
Không chỉ sở hữu dung lượng RAM lớn, thiết bị còn được trang bị ổ cứng SSD dung lượng 1TB sử dụng giao tiếp PCIe Gen 4.0, cho tốc độ truy xuất dữ liệu nhanh vượt trội. Từ khởi động hệ điều hành cho đến sao chép file dung lượng lớn, tất cả đều có thể diễn ra tức thì trên Asus Gaming V16 V3607VM-RP044W. 
Bộ đôi RAM và SSD tốc độ cao này giúp hệ thống vận hành trơn tru trong nhiều tình huống khác nhau, từ làm việc văn phòng, xử lý ảnh, chạy máy ảo đến chơi game cấu hình cao. Với không gian lưu trữ rộng rãi và khả năng nâng cấp linh hoạt, người dùng sẽ không phải lo lắng về giới hạn dung lượng hay hiện tượng nghẽn bộ nhớ khi xử lý công việc phức tạp.
Thiết kế Gaming đạt chuẩn quân đội MIL-STD 810H
Không chỉ tập trung vào hiệu năng, laptop Asus Gaming V16 V3607VM-RP044W còn được chú trọng về độ bền với tiêu chuẩn MIL-STD 810H của quân đội Mỹ. Phần vỏ nhựa đen mờ của máy vừa tạo cảm giác cứng cáp vừa giảm bám vân tay, thích hợp cho người dùng thường xuyên di chuyển. 
Trọng lượng chỉ 1.95kg cũng cho phép người sử dụng mang theo laptop một cách linh hoạt dù màn hình lớn tới 16 inch. Việc đáp ứng tiêu chuẩn quân sự cũng cho thấy máy đã trải qua hàng loạt bài kiểm tra về nhiệt độ, độ rung và va đập. Nhờ vậy, người sử dụng có thể yên tâm trong quá trình làm việc ngoài trời hoặc khi di chuyển nhiều giữa các địa điểm.
Hiển thị mượt mà, sắc nét từng khung hình
Laptop Asus Gaming V16 V3607VM-RP044W sử dụng tấm nền WUXGA kích thước 16 inch với tỉ lệ 16:10, độ phân giải 1920 x 1200 pixel, mang lại không gian hiển thị rộng rãi. Tần số quét trên mẫu laptop này còn đạt tới 144Hz, giúp các chuyển động trong video, game trở nên trơn tru hơn hẳn, giảm đáng kể hiện tượng xé hình. 
Độ sáng 300 nits cùng lớp phủ chống chói của laptop Asus này cũng được đánh giá cao khi giúp hiển thị rõ trong nhiều điều kiện ánh sáng khác nhau. Kèm theo đó là dải màu 45% NTSC phù hợp với các công việc đồ họa cơ bản và giải trí. 
Đồng thời, viền máy được thiết kế mỏng, cho tỷ lệ hiển thị/thân máy lên tới 89%, tăng tính thẩm mỹ và giảm kích thước tổng thể của thiết bị. Với những thông số như vậy, người tiêu dùng có thể kỳ vọng vào trải nghiệm thị giác sống động và dễ chịu trên laptop Asus V16 V3607VM-RP044W.
Pin 63Wh kết hợp sạc nhanh 150W
Laptop Asus Gaming V16 V3607VM-RP044W được trang bị viên pin 63Wh, đủ để đáp ứng nhu cầu sử dụng liên tục trong nhiều giờ làm việc hoặc giải trí. Đi kèm theo đó là bộ sạc 150W có công suất lớn, giúp nạp đầy năng lượng trong thời gian ngắn, thuận tiện cho người dùng bận rộn. 
Ngoài ra, tính năng sạc thông minh trong ứng dụng MyASUS cũng giúp máy tăng tuổi thọ pin thông qua các chế độ sạc linh hoạt. Với những hỗ trợ về khả năng sạc và thời lượng pin này, người sử dụng có thể yên tâm đem theo laptop ra ngoài làm việc mà không cần quá bận tâm về nguồn điện.
Dễ dàng kết nối ngoại vi và truy cập internet tốc độ cao
Laptop Asus Gaming V16 V3607VM-RP044W được trang bị đầy đủ các cổng kết nối cần thiết cho học tập và làm việc. Cụ thể, hệ thống ghép nối này bao gồm 1 cổng USB-C, 2 cổng USB-A, HDMI 2.1, jack âm thanh 3.5mm và cổng sạc DC-in, giúp kết nối với các thiết bị ngoại vi một cách dễ dàng. 
Ngoài ra, máy còn hỗ trợ Wi-Fi 6 và Bluetooth 5.3, giúp truyền tải dữ liệu nhanh và ổn định hơn. Nhờ tốc độ mạng cao, người dùng có thể stream video chất lượng cao hoặc tải tệp lớn mà không gặp gián đoạn.
Việc tích hợp đầy đủ cả kết nối có dây lẫn không dây giúp máy hoạt động linh hoạt trong nhiều tình huống. Đây là lợi thế lớn cho những ai làm việc từ xa hoặc thường xuyên trình chiếu, thuyết trình.
Mua ngay laptop Asus Gaming V16 V3607VM-RP044W chính hãng tại CellphoneS
Khách hàng hiện đã có thể dễ dàng tìm mua laptop Asus Gaming V16 V3607VM-RP044W chính hãng tại hệ thống CellphoneS. Với nhiều năm kinh nghiệm, CellphoneS đảm bảo phân phối mặt hàng chính hãng cùng bảo hành rõ ràng. Tại đây, người dùng sẽ được tư vấn tận tình để chọn mua sản phẩm phù hợp nhu cầu. Không gian mua sắm hiện đại, dịch vụ chuyên nghiệp tại shop sẽ giúp khách hàng an tâm hơn khi sở hữu thiết bị công nghệ.","{""Bộ xử lý & Đồ họa"": [{""name"": ""Loại card đồ họa"", ""value"": ""NVIDIA GeForce RTX 5060 8GB GDDR7\nIntel Graphics""}, {""name"": ""Loại CPU"", ""value"": ""Intel Core 7 240H 2.5 GHz (24MB Cache, up to 5.2 GHz, 10 lõi, 16 luồng)""}], ""Bộ nhớ RAM, Ổ cứng"": [{""name"": ""Dung lượng RAM"", ""value"": ""16GB""}, {""name"": ""Loại RAM"", ""value"": ""DDR5 SO-DIMM""}, {""name"": ""Số khe ram"", ""value"": ""2 khe (1x 16GB, nâng cấp tối đa 32GB)""}, {""name"": ""Ổ cứng"", ""value"": ""1TB M.2 NVMe PCIe 4.0 SSD""}], ""Màn hình"": [{""name"": ""Tần số quét"", ""value"": ""144Hz""}, {""name"": ""Kích thước màn hình"", ""value"": ""16 inches""}, {""name"": ""Công nghệ màn hình"", ""value"": ""Độ sáng 300nits\nĐộ phủ màu 45% NTSC\nMàn hình chống chói""}, {""name"": ""Độ phân giải màn hình"", ""value"": ""1920 x 1200 pixels (WUXGA)""}], ""Âm thanh"": [{""name"": ""Công nghệ âm thanh"", ""value"": ""SonicMaster\nLoa tích hợp\nMicrô tích hợp""}], ""Kích thước & Trọng lượng"": [{""name"": ""Chất liệu"", ""value"": ""Vỏ nhựa""}, {""name"": ""Chất liệu vỏ màn hình"", ""value"": ""Nhựa""}, {""name"": ""Chất liệu vỏ trên"", ""value"": ""Nhựa""}, {""name"": ""Chất liệu vỏ dưới"", ""value"": ""Nhựa""}, {""name"": ""Kích thước"", ""value"": ""35.70 x 25.07 x 1.80 ~ 2.20 cm (Dài x Rộng x Dày)""}, {""name"": ""Trọng lượng"", ""value"": ""1.95 kg""}], ""Tiện ích khác"": [{""name"": ""Tính năng đặc biệt"", ""value"": ""Wi-Fi 6""}], ""Tính năng khác"": [{""name"": ""Loại đèn bàn phím"", ""value"": ""Bàn phím Chiclet có đèn nền với phím số""}, {""name"": ""Bảo mật"", ""value"": ""Mật khẩu người dùng thiết lập BIOS\nTrusted Platform Module (Firmware TPM)""}, {""name"": ""Webcam"", ""value"": ""1080p FHD với màn trập camera""}, {""name"": ""Hệ điều hành"", ""value"": ""Windows 11 Home""}], ""Pin & công nghệ sạc"": [{""name"": ""Pin"", ""value"": ""63WHrs, 3S1P, 3-cell Li-ion""}], ""Cổng kết nối"": [{""name"": ""Wi-Fi"", ""value"": ""Wi-Fi 6(802.11ax) (Dual band) 2*2""}, {""name"": ""Bluetooth"", ""value"": ""Bluetooth 5.3""}, {""name"": ""Cổng giao tiếp"", ""value"": ""1x USB 3.2 Gen 1 Type-C hỗ trợ hiển thị/cung cấp điện (5Gbps)\n2x USB 3.2 Gen 1 Type-A (tốc độ dữ liệu lên đến 5Gbps)\n1x HDMI 2.1 FRL\n1x Giắc cắm âm thanh kết hợp 3.5mm\n1x DC-in""}]}","[""https://cdn2.cellphones.com.vn/x/media/catalog/product/l/a/laptop_asus_gaming_v16_v3607vm-rp044w_-_1.png"", ""https://cdn2.cellphones.com.vn/x/media/catalog/product/l/a/laptop_asus_gaming_v16_v3607vm-rp044w_-_2_1.png"", ""https://cdn2.cellphones.com.vn/x/media/catalog/product/l/a/laptop_asus_gaming_v16_v3607vm-rp044w_-_3.png""]","{""product_color_1"": {""color"": ""Đen"", ""image_url"": ""https://cellphones.com.vn/laptop-asus-gaming-v16-v3607vm-rp044w.html?product_id=106249"", ""price"": ""33.290.000₫""}}"
Laptop ASUS Vivobook 15 X1504VA-BQ165W,laptop-asus-vivobook-15-x1504va-bq165w,N/A,N/A,"Đặc điểm nổi bật
Laptop Asus Vivobook 15 X1504VA-BQ165W được trang bị vi xử lý Intel Core 5 120U, kết hợp RAM 16GB và SSD 512GB, mang lại hiệu suất ổn định khi sử dụng. Máy có màn hình 15.6 inch Full HD cùng lớp phủ chống chói, giảm mỏi mắt khi làm việc lâu. Laptop ASUS Vivobook này còn hỗ trợ Wi-Fi 6, Bluetooth 5.2 cùng nhiều cổng kết nối thông dụng tiện lợi.
Nội dung chính
1. Laptop ASUS Vivobook 15 X1504VA-BQ165W - Hiệu năng ấn tượng, kiểu dáng hiện đại
1.1. Tích hợp công nghệ lọc tạp âm bằng AI hiện đại
1.2. Trang bị 16GB RAM đa nhiệm ổn định
1.3. Thiết kế gọn nhẹ, bản lề mở 180 độ tiện lợi
1.4. Chip xử lý Intel Core 5 120U cùng card đồ họa Intel Graphics
1.5. Thời lượng pin ổn định, đi kèm đa dạng cổng kết nối
1.6. Màn hình 15.6 inch FHD chống chói, tần số quét 60Hz
2. Mua laptop Asus Vivobook 15 X1504VA-BQ165W chính hãng tại CellphoneS
Laptop ASUS Vivobook 15 X1504VA-BQ165W - Hiệu năng ấn tượng, kiểu dáng hiện đại
Laptop Asus Vivobook 15 X1504VA-BQ165W là sự kết hợp hài hòa giữa hiệu năng ổn định và thiết kế hiện đại, thanh lịch với gam màu bạc. Đây là một lựa chọn phù hợp cho các sinh viên, nhân viên văn phòng hoặc người dùng cần một chiếc laptop đa dụng, dễ mang theo.
Tích hợp công nghệ lọc tạp âm bằng AI hiện đại
Laptop Asus Vivobook 15 X1504VA-BQ165W tích hợp công nghệ khử tiếng ồn AI tiên tiến, nhận diện và loại bỏ tạp âm xung quanh, giúp giọng nói rõ ràng hơn. Công nghệ này hữu ích trong các cuộc họp nhóm trực tuyến, học online hay gọi video. Điều này đảm bảo người dùng luôn nghe và truyền đạt thông tin mạch lạc, ngay cả khi đang ở nơi nhiều tiếng ồn.
Tính năng AI Noise-Canceling Microphone được tích hợp trong ứng dụng MyASUS cho phép lọc âm thanh nền hiệu quả, chỉ giữ lại giọng nói chính. Nhờ đó, người dùng có thể tập trung theo dõi cuộc họp mà không bị ảnh hưởng bởi âm thanh môi trường. Trải nghiệm âm thanh chất lượng cao này giúp tăng hiệu quả làm việc và học tập từ xa một cách đáng kể.
Trang bị 16GB RAM đa nhiệm ổn định
Laptop Asus Vivobook 15 X1504VA-BQ165W được trang bị lên đến 16GB RAM DDR4, dễ dàng xử lý đa nhiệm nặng như mở cùng lúc nhiều tab trình duyệt nặng. Đồng thời, laptop cũng có thể chạy ứng dụng đồ hoạ nhẹ, đảm bảo hiệu suất mượt mà. Việc hỗ trợ bộ nhớ hai ở hai khe giúp laptop tối ưu khả năng xử lý đồ hoạ và giảm tình trạng giật lag khi sử dụng.
Sản phẩm có ổ cứng tốc độ cao đến 512GB SSD mang lại không gian lưu trữ rộng, có khả năng khởi động chỉ trong vài giây và giảm thời gian chờ khi mở ứng dụng. Ngoài ra, khe M.2 PCIe 4.0 của laptop còn cho phép nâng cấp sau này nếu người dùng cần thêm dung lượng.
Thiết kế gọn nhẹ, bản lề mở 180 độ tiện lợi
Laptop Asus Vivobook 15 X1504VA-BQ165W có thiết kế thanh thoát, với trọng lượng nhẹ khoảng 1.7kg, đủ để người dùng dễ dàng cầm nắm và mang theo laptop mỗi ngày. Vỏ ngoài của máy là gam màu bạc Cool Silver, giúp tạo nên vẻ ngoài thời trang và hiện đại hơn.
Một trong những điểm nhấn của dòng máy chính là bản lề có thể mở phẳng 180 độ, tạo sự thuận tiện khi chia sẻ nội dung khi phải làm việc nhóm hoặc thuyết trình. Bên cạnh đó, thiết bị còn hỗ trợ một tấm chắn riêng tư tích hợp trượt qua webcam để đảm bảo quyền riêng tư.
Chip xử lý Intel Core 5 120U cùng card đồ họa Intel Graphics
Laptop Asus Vivobook 15 X1504VA-BQ165W sở hữu bộ vi xử lý Intel Core 5 120U, mang lại hiệu suất ổn định trong nhiều tác vụ phổ thông mà vẫn tối ưu điện năng tiêu thụ. Với tốc độ đạt 5GHz, bộ vi xử lý có thể xử lý trơn tru các tác vụ văn phòng. Đây cũng là lựa chọn phù hợp cho học tập trực tuyến, gọi video và xử lý hình ảnh bằng Canva hay Photoshop.
Máy sử dụng đồ họa tích hợp Intel Graphics, đem lại hiệu năng xử lý hình ảnh mạnh mẽ hơn dòng Intel UHD cơ bản. Dù không phục vụ cho các tác vụ nặng như render 3D mức độ cao, Iris Xe vẫn đủ sức đảm đương xem phim, chỉnh sửa hình ảnh, chơi các game nhẹ.
Thời lượng pin ổn định, đi kèm đa dạng cổng kết nối
Thiết bị này sở hữu viên pin dung lượng 42WHrs, đáp ứng tốt nhu cầu sử dụng cơ bản trong nhiều giờ liên tục. Đặc biệt, thiết bị còn hỗ trợ tính năng sạc nhanh, có khả năng lên 60% pin chỉ trong khoảng thời gian ngắn. Do đó, người dùng sẽ có thể tiết kiệm thời gian chờ đợi và nhanh chóng quay lại công việc hay học tập khi cần thiết hay thường xuyên di chuyển.
Laptop Asus Vivobook 15 X1504VA-BQ165W trang bị đầy đủ các cổng kết nối gồm: USB-C 3.2 Gen 1, DC-in, USB 2.0, HDMI và giắc cắm âm thanh 3.5mm. Sự đa dạng này giúp người dùng dễ dàng kết nối với nhiều thiết bị điện tử ngoại vi mà không cần đến hub chuyển đổi.
Màn hình 15.6 inch FHD chống chói, tần số quét 60Hz
Máy có màn hình 15.6 inch độ phân giải Full HD với thiết kế viền mỏng ba cạnh, mang đến không gian hiển thị rộng rãi. Tấm nền chống chói giúp giảm phản xạ ánh sáng, dễ dàng quan sát ngay cả trong môi trường có ánh sáng mạnh. Đồng thời, màn hình còn đạt chứng nhận TÜV Rheinland, hạn chế ánh sáng xanh, phù hợp với những ai thường xuyên làm việc lâu.
Laptop Asus Vivobook 15 X1504VA-BQ165W còn hỗ trợ tần số quét 60Hz, đủ để hiển thị mượt mà các tác vụ thường ngày như lướt web, xem phim hay làm việc văn phòng. Đây là mức tần số phổ biến, đảm bảo hình ảnh luôn ổn định và hạn chế hiện tượng xé hình.
Mua laptop Asus Vivobook 15 X1504VA-BQ165W chính hãng tại CellphoneS
Mua laptop Asus Vivobook 15 X1504VA-BQ165W tại CellphoneS là lựa chọn đáng cân nhắc dành cho những khách hàng đang cần một thiết bị học tập, làm việc. CellphoneS cam kết cung cấp sản phẩm chính hãng, nguyên seal và đầy đủ chế độ bảo hành minh bạch. 
Khi mua hàng tại đây khách hàng còn được hỗ trợ trả góp 0% lãi suất cùng nhiều chương trình khuyến mãi vô cùng hấp dẫn khác. Để biết thêm thông tin chi tiết, đến ngay cửa hàng gần nhất hoặc liên hệ đến hotline 1800.2097 được hỗ trợ!","{""Bộ xử lý & Đồ họa"": [{""name"": ""Loại card đồ họa"", ""value"": ""Intel Graphics""}, {""name"": ""Loại CPU"", ""value"": ""Intel Core 5 120U 1.4 GHz (12MB Cache, up to 5.0 GHz, 10 lõi, 12 luồng)""}], ""Bộ nhớ RAM, Ổ cứng"": [{""name"": ""Dung lượng RAM"", ""value"": ""16GB""}, {""name"": ""Loại RAM"", ""value"": ""DDR4""}, {""name"": ""Số khe ram"", ""value"": ""2 khe (8GB DDR4 Onboard + 8GB DDR4 SO-DIMM,Có thể nâng cấp; Cần tháo vỏ dưới/trên)""}, {""name"": ""Ổ cứng"", ""value"": ""512GB M.2 NVMe PCIe 4.0 SSD""}], ""Màn hình"": [{""name"": ""Tần số quét"", ""value"": ""60Hz""}, {""name"": ""Chất liệu tấm nền"", ""value"": ""Tấm nền IPS""}, {""name"": ""Kích thước màn hình"", ""value"": ""15.6 inches""}, {""name"": ""Công nghệ màn hình"", ""value"": ""Độ sáng 250nits\nĐộ phủ màu 45% NTSC\nMàn hình chống chói""}, {""name"": ""Độ phân giải màn hình"", ""value"": ""1920 x 1080 pixels (FullHD)""}], ""Âm thanh"": [{""name"": ""Công nghệ âm thanh"", ""value"": ""SonicMaster\nLoa tích hợp\nMicrô mảng tích hợp""}], ""Kích thước & Trọng lượng"": [{""name"": ""Chất liệu"", ""value"": ""Vỏ nhựa""}, {""name"": ""Chất liệu vỏ màn hình"", ""value"": ""Nhựa""}, {""name"": ""Chất liệu vỏ trên"", ""value"": ""Nhựa""}, {""name"": ""Chất liệu vỏ dưới"", ""value"": ""Nhựa""}, {""name"": ""Kích thước"", ""value"": ""35.97 x 23.25 x 1.79 ~ 1.79 cm (Dài x Rộng x Dày)""}, {""name"": ""Trọng lượng"", ""value"": ""1.70 kg""}], ""Tiện ích khác"": [{""name"": ""Tính năng đặc biệt"", ""value"": ""Wi-Fi 6, Bảo mật vân tay""}], ""Tính năng khác"": [{""name"": ""Loại đèn bàn phím"", ""value"": ""Bàn phím Chiclet""}, {""name"": ""Bảo mật"", ""value"": ""Cảm biến vân tay tích hợp với Touchpad\nMcAfee\nBIOS Booting User Password Protection\nTrusted Platform Module (Firmware TPM)""}, {""name"": ""Webcam"", ""value"": ""720p HD với màn trập camera""}, {""name"": ""Hệ điều hành"", ""value"": ""Windows 11 Home""}], ""Pin & công nghệ sạc"": [{""name"": ""Pin"", ""value"": ""42WHrs, 3S1P, 3-cell Li-ion""}], ""Cổng kết nối"": [{""name"": ""Wi-Fi"", ""value"": ""Wi-Fi 6(802.11ax) (Dual band) 1*1""}, {""name"": ""Bluetooth"", ""value"": ""Bluetooth 5.2""}, {""name"": ""Cổng giao tiếp"", ""value"": ""1x USB 2.0 Type-A (480Mbps)\n1x USB 3.2 Gen 1 Type-C (5Gbps)\n2x USB 3.2 Gen 1 Type-A (5Gbps)\n1x HDMI 1.4\n1x Giắc cắm âm thanh kết hợp 3.5mm\n1x DC-in""}]}","[""https://cdn2.cellphones.com.vn/x/media/catalog/product/l/a/laptop_asus_vivobook_15_x1504va-bq165w_-_1_1.png"", ""https://cdn2.cellphones.com.vn/x/media/catalog/product/l/a/laptop_asus_vivobook_15_x1504va-bq165w_-_2.png"", ""https://cdn2.cellphones.com.vn/x/media/catalog/product/l/a/laptop_asus_vivobook_15_x1504va-bq165w_-_3.png""]","{""product_color_1"": {""color"": ""Bạc"", ""image_url"": ""https://cellphones.com.vn/laptop-asus-vivobook-15-x1504va-bq165w.html?product_id=106909"", ""price"": ""18.990.000₫""}}"
Laptop ASUS Vivobook 14 M1405NAQ-LY011W,laptop-asus-vivobook-14-m1405naq-ly011w,21.690.000đ,18.790.000đ,"Đặc điểm nổi bật
Laptop Asus Vivobook 14 M1405NAQ-LY011W nổi bật với CPU AMD Ryzen 7 170 Processor, RAM 16GB cùng ổ cứng SSD 512GB cho khả năng xử lý nhanh và mượt mà. Màn hình 14 inch WUXGA sắc nét cùng thiết kế nhỏ gọn phù hợp nhiều mục đích sử dụng. Đây là lựa chọn hài hòa về hiệu năng, giá và độ bền.
Nội dung chính
1. Laptop Asus Vivobook 14 M1405NAQ-LY011W - Trải nghiệm mượt mà
1.1. Công nghệ mới kết hợp AI thông minh
1.2. RAM và bộ nhớ rộng rãi, nâng cấp dễ dàng
1.3. Thiết kế tinh gọn, tông màu trẻ trung
1.4. CPU xử lý tốc độ cao và card đồ họa sống động
1.5. Pin sạc nhanh bằng đầu Type-C, kết nối đa dạng
1.6. Màn hình rộng, tần số quét cao
2. Mua laptop Asus Vivobook 14 M1405NAQ-LY011W chính hãng tại CellphoneS
Laptop Asus Vivobook 14 M1405NAQ-LY011W - Trải nghiệm mượt mà
Hiệu năng mạnh mẽ là điều nổi bật ấn tượng trên Asus Vivobook 14. Điều này giúp máy xử lý tốt đa nhiệm, mở nhiều ứng dụng cùng lúc và đáp ứng nhu cầu làm việc văn phòng, học tập hay giải trí.
Công nghệ mới kết hợp AI thông minh
Laptop Asus Vivobook 14 M1405NAQ-LY011W tích hợp bộ công cụ MyASUS với nhiều tính năng thông minh hỗ trợ người dùng trong quá trình làm việc. Công nghệ AI Noise Canceling của mẫu laptop Asus Vivobook này giúp lọc tiếng ồn môi trường trong các cuộc gọi trực tuyến, nhờ đó âm thanh truyền đi trong trẻo, rõ ràng. 
Máy được tích hợp nhiều tính năng hiện đại tối ưu sử dụng
WiFi SmartConnect tự động lựa chọn mạng WiFi có tín hiệu tối ưu, giúp kết nối ổn định hơn. Ngoài ra, hệ thống còn có TaskFirst ưu tiên băng thông cho ứng dụng quan trọng, Splendid và Tru2Life tối ưu màu sắc hiển thị. Màn hình được chứng nhận TÜV Rheinland giúp giảm ánh sáng xanh, hạn chế mỏi mắt khi sử dụng lâu.
RAM và bộ nhớ rộng rãi, nâng cấp dễ dàng
Máy có dung lượng RAM 16GB DDR5 (bao gồm 8GB onboard và 8GB SO-DIMM), hỗ trợ chạy đa nhiệm mượt mà ngay cả khi mở nhiều ứng dụng cùng lúc. Với chuẩn DDR5 tốc độ cao, laptop Asus Vivobook 14 M1405NAQ-LY011W cho phản hồi nhanh hơn, đảm bảo ổn định trong thời gian dài sử dụng. 
Dung lượng ghi nhớ lớn, thoải mái khi lưu trữ
Ổ cứng SSD 512GB PCIe 4.0 mang lại tốc độ truy xuất dữ liệu vượt trội, giúp máy khởi động nhanh và đảm bảo dung lượng đủ lớn cho mọi loại tài liệu, phần mềm. Người dùng có thể thêm RAM mới tăng dung lượng với thao tác dễ dàng.
Thiết kế tinh gọn, tông màu trẻ trung
Laptop Asus Vivobook 14 M1405NAQ-LY011W sở hữu vẻ ngoài hiện đại với gam màu Cool Silver sang trọng. Thân máy sử dụng chất liệu nhựa và được hoàn thiện bền chắc, đáp ứng tiêu chuẩn độ bền quân đội US MIL-STD 810H, giúp hạn chế hư hỏng. 
Thiết kế máy tinh tế, hiện đại và bền bỉ
Trọng lượng máy 1.60 kg và độ mỏng chỉ 1.99 cm mang lại sự gọn nhẹ, phù hợp cho người dùng thường xuyên mang máy ra ngoài. Bàn phím chiclet có cảm giác bấm thoải mái, màu đen nổi bật trên nền bạc, kết hợp với touchpad tích hợp cảm biến vân tay giúp mở khóa nhanh và bảo mật hơn.
CPU xử lý tốc độ cao và card đồ họa sống động
Sức mạnh của laptop Asus Vivobook 14 M1405NAQ-LY011W đến từ bộ xử lý AMD Ryzen 7 170 với 8 nhân 16 luồng, xung nhịp tối đa 4.75GHz. CPU này xử lý mượt các tác vụ văn phòng, họp online, học trực tuyến, chỉnh ảnh nhẹ, lập trình cơ bản và mở nhiều tab duyệt web cùng lúc.
Hiệu năng xử lý ổn định, đáp ứng nhu cầu giải trí
Card đồ họa tích hợp AMD Radeon Graphics đáp ứng tốt nhu cầu giải trí, xem phim chất lượng cao, chỉnh sửa ảnh mức trung bình, chơi những tựa game eSports nhẹ. Dù không dành cho dân đồ họa chuyên nghiệp, nhưng hiệu năng chung của máy vẫn rất ổn.
Pin sạc nhanh bằng đầu Type-C, kết nối đa dạng
Laptop Asus Vivobook 14 M1405NAQ-LY011W được trang bị pin 42Wh đủ dùng suốt nhiều giờ liền, tùy mức độ sử dụng. Máy hỗ trợ sạc nhanh qua cổng Type-C công suất 68W, tiện lợi khi mang theo bên ngoài hoặc dùng chung củ sạc với các thiết bị khác. 
Hệ thống cổng kết nối đa dạng, dễ sử dụng
Laptop được trang bị đầy đủ các cổng gồm USB-C 3.2 Gen 1, nhiều cổng USB-A 3.2, USB 2.0, HDMI 1.4 và jack âm thanh 3.5mm. Kết nối không dây WiFi 6 và Bluetooth 5.4 của máy đảm bảo tốc độ cao và sự ổn định khi làm việc trực tuyến.
Màn hình rộng, tần số quét cao
Màn hình 14 inch WUXGA (1920×1200) với tỷ lệ 16:10 của laptop Asus Vivobook 14 M1405NAQ-LY011W mang lại không gian hiển thị rộng hơn. Tấm nền IPS-level cho góc nhìn rộng, độ sáng tối đa 300 nits đủ để sử dụng trong môi trường trong nhà. 
Màn hình lớn chiếm 86% diện tích mang cảm giác hiện đại
Công nghệ Antiglare giúp giảm phản chiếu, nhìn rõ hơn và tập trung tốt hơn. Thông số quét màn hình 60Hz mang lại trải nghiệm mượt mà khi làm việc và nhu cầu sử dụng hằng ngày. Viền mỏng cùng diện tích màn hình chiếm tới 86% cho cảm giác hiện đại, thoáng và đẹp mắt.
Mua laptop Asus Vivobook 14 M1405NAQ-LY011W chính hãng tại CellphoneS
Khi mua laptop Asus Vivobook 14 M1405NAQ-LY011W tại CellphoneS, khách hàng được đảm bảo sản phẩm chính hãng, bảo hành đúng tiêu chuẩn ASUS. Đội ngũ tư vấn bài bản hiểu rõ nhu cầu của khách hàng. Ngoài ra, trải nghiệm mua sắm tại CellphoneS luôn nhanh chóng, thân thiện. Với chế độ hậu mãi đáng tin cậy, khách hàng có thể hoàn toàn an tâm khi cần hỗ trợ sau khi mua máy.","{""Bộ xử lý & Đồ họa"": [{""name"": ""Loại card đồ họa"", ""value"": ""AMD Radeon Graphics""}, {""name"": ""Loại CPU"", ""value"": ""AMD Ryzen 7 170 3.2GHz (20MB Cache, up to 4.75 GHz, 8 lõi, 16 luồng)""}], ""Bộ nhớ RAM, Ổ cứng"": [{""name"": ""Dung lượng RAM"", ""value"": ""16GB""}, {""name"": ""Loại RAM"", ""value"": ""DDR5""}, {""name"": ""Số khe ram"", ""value"": ""2 khe (8GB DDR5 on board + 8GB DDR5 SO-DIMM, Có thể nâng cấp; Cần tháo vỏ dưới/trên)""}, {""name"": ""Ổ cứng"", ""value"": ""512GB M.2 NVMe PCIe 4.0 SSD""}], ""Màn hình"": [{""name"": ""Tần số quét"", ""value"": ""60 Hz""}, {""name"": ""Chất liệu tấm nền"", ""value"": ""Tấm nền IPS""}, {""name"": ""Kích thước màn hình"", ""value"": ""14 inches""}, {""name"": ""Công nghệ màn hình"", ""value"": ""Độ sáng 300 nits\nĐộ phủ màu 45% NTSC\nBề mặt màn hình chống loá\nChứng nhận TÜV Rheinland""}, {""name"": ""Độ phân giải màn hình"", ""value"": ""1920 x 1200 pixels (WUXGA)""}], ""Âm thanh"": [{""name"": ""Công nghệ âm thanh"", ""value"": ""SonicMaster\nLoa tích hợp\nMic đa hướng tích hợp""}], ""Kích thước & Trọng lượng"": [{""name"": ""Chất liệu"", ""value"": ""Vỏ nhựa""}, {""name"": ""Chất liệu vỏ màn hình"", ""value"": ""Nhựa""}, {""name"": ""Chất liệu vỏ trên"", ""value"": ""Nhựa""}, {""name"": ""Chất liệu vỏ dưới"", ""value"": ""Nhựa""}, {""name"": ""Kích thước"", ""value"": ""31.71 x 22.20 x 1.99 ~ 1.99 cm (Dài x Rộng x Dày))""}, {""name"": ""Trọng lượng"", ""value"": ""1.60 kg""}], ""Tiện ích khác"": [{""name"": ""Tính năng đặc biệt"", ""value"": ""Wi-Fi 6, Bảo mật vân tay""}], ""Tính năng khác"": [{""name"": ""Loại đèn bàn phím"", ""value"": ""Đèn nền LED""}, {""name"": ""Bảo mật"", ""value"": ""Cảm biến vân tay tích hợp trong touchpad\nMcAfee\nBảo vệ mật khẩu người dùng khi khởi động BIOS\nMật khẩu người dùng trong thiết lập BIOS\nMô-đun TPM (Firmware TPM)""}, {""name"": ""Webcam"", ""value"": ""Camera HD 720p; Có màn trập camera""}, {""name"": ""Hệ điều hành"", ""value"": ""Windows 11 Home""}], ""Pin & công nghệ sạc"": [{""name"": ""Pin"", ""value"": ""42WHrs, 3S1P, 3-cell Li-ion""}], ""Cổng kết nối"": [{""name"": ""Wi-Fi"", ""value"": ""Wi-Fi 6(802.11ax) (Dual band) 2*2""}, {""name"": ""Bluetooth"", ""value"": ""Bluetooth 5.4""}, {""name"": ""Cổng giao tiếp"", ""value"": ""1 x USB 2.0 Type-A (tốc độ đến 480Mbps)\n1 x USB 3.2 Gen 1 Type-C (5Gbps)\n1 x USB 3.2 Gen 1 Type-C hỗ trợ Power Delivery (5Gbps)\n2 x USB 3.2 Gen 1 Type-A (5Gbps)\n1 x HDMI 1.4\n1 x Jack âm thanh 3.5mm combo""}]}","[""https://cdn2.cellphones.com.vn/x/media/catalog/product/l/a/laptop_asus_vivobook_14_m1405naq-ly011w_-_1.png"", ""https://cdn2.cellphones.com.vn/x/media/catalog/product/l/a/laptop_asus_vivobook_14_m1405naq-ly011w_-_2.png"", ""https://cdn2.cellphones.com.vn/x/media/catalog/product/l/a/laptop_asus_vivobook_14_m1405naq-ly011w_-_3.png""]","{""product_color_1"": {""color"": ""Bạc"", ""image_url"": ""https://cellphones.com.vn/laptop-asus-vivobook-14-m1405naq-ly011w.html?product_id=119228"", ""price"": ""18.790.000₫""}}"
Laptop ASUS TUF Gaming F16 FX608JH-RV039W,laptop-asus-tuf-gaming-f16-fx608jh-rv039w,33.370.000đ,31.890.000đ,"Đặc điểm nổi bật
Laptop ASUS TUF Gaming F16 FX608JH-RV039W với bộ xử lý Intel Core i5-13450HX cùng VGA NVIDIA GeForce RTX 5050 sẽ sẵn sàng phục vụ mọi nhu cầu giải trí. Mẫu laptop này còn đem tới chất lượng hiển thị vượt trội với màn hình 16 inch 165Hz. Với viên pin 90Whrs, laptop sẽ sẵn sàng phục vụ người dùng ở bất cứ nơi đâu.
Nội dung chính
1. Laptop ASUS TUF Gaming F16 FX608JH-RV039W - Hiệu suất thay đổi cuộc chơi
1.1. Tích hợp tính năng AI mới
1.2. Hiệu năng mạnh mẽ, ổn định
1.3. Dung lượng RAM - ROM lớn cùng khả năng nâng cấp vượt trội
1.4. Thiết kế hướng tới sự cân bằng
1.5. Chất lượng hiển thị vượt trội
1.6. Viên pin lớn, kết nối tiện lợi
2. Mua laptop ASUS TUF Gaming F16 FX608JH-RV039W giá tốt tại CellphoneS
Laptop ASUS TUF Gaming F16 FX608JH-RV039W - Hiệu suất thay đổi cuộc chơi
ASUS TUF Gaming F16 FX608JH-RV039W với cấu hình mạnh mẽ sẽ mang tới cho người dùng trải nghiệm chơi game đáng kinh ngạc. Đi kèm sức mạnh ấn tượng là tính cơ động cao, thời lượng pin dài, giúp người dùng tiện lợi mang theo và sử dụng laptop ở bất cứ đâu. 
Tích hợp tính năng AI mới
Dù không được trang bị NPU chuyên biệt nhưng laptop ASUS TUF Gaming F16 FX608JH-RV039W vẫn sở hữu các tính năng AI. Các tính năng của Copilot trong Windows 11 sẽ hỗ trợ người dùng xuyên suốt quá trình thao tác, sáng tạo trên laptop. Người dùng còn có thể tiếp cận dễ dàng với các tính năng này thông qua phím tắt trên bàn phím.
Ngoài các tính năng AI Copilot, mẫu laptop ASUS TUF Gaming này còn sở hữu công nghệ khử tiếng ồn AI hai chiều tiên tiến. Công nghệ khử tiếng ồn này mang tới khả năng loại bỏ nhiễu từ chủ động để âm thanh luôn rõ ràng, không bị lẫn giữa các nguồn phát.
Hiệu năng mạnh mẽ, ổn định
Laptop ASUS TUF Gaming F16 FX608JH-RV039W đem tới cho người dùng sức mạnh ấn tượng khi được trang bị phiên bản chip Core i5-13450HX của Intel. Bộ vi xử lý Core-i5 thế hệ thứ 13 này với xung nhịp cực đại 4.6GHz sẽ mang tới hiệu suất vượt trội khi chơi game và xử lý các tác vụ nặng.
Mẫu laptop ASUS TUF Gaming F16 này còn sở hữu card đồ hoạ rời NVIDIA GeForce RTX 5050 để hỗ trợ quá trình chơi game. Với dung lượng bộ nhớ 8GB GDDR7 và các công nghệ tiên tiến như Ray Tracing, DLSS4,...thiết bị sẽ mang tới trải nghiệm đồ hoạ chân thực cho các trận đấu trong game.
Và để duy trì tính ổn định khi hoạt động ở hiệu suất cao, ASUS TUF Gaming F16 FX608JH-RV039W còn được trang bị thêm các quạt Arc Flow thế hệ thứ 2. Kèm theo đó là lỗ thông hơi được đặt ở phía sau theo chiều dài Asus Gaming giúp luồng khí bên trong laptop được giải phóng ra ngoài thuận lợi.
Dung lượng RAM - ROM lớn cùng khả năng nâng cấp vượt trội
Laptop ASUS TUF Gaming F16 FX608JH-RV039W có tới 2 khe DDR5 SO-DIMM và được trang bị sẵn 16GB RAM DDR5-5600. Tùy vào nhu cầu đa nhiệm thực tế, người dùng có thể nâng cấp bộ nhớ RAM của laptop lên tối đa 64GB.
Với ổ cứng SSD có dung lượng 1TB, chiếc laptop gaming này sẽ phục vụ tốt nhu cầu lưu trữ trong giải trí lẫn công việc của người dùng. Bo mạch chủ của laptop cũng sở hữu tới 2 khe M.2 PCIe có khả năng hỗ trợ nhiều loại ổ cứng 512GB, 1TB và 2TB. Nhờ đó, laptop dễ dàng đáp ứng các yêu cầu lưu trữ chuyên sâu.
Thiết kế hướng tới sự cân bằng
Laptop ASUS TUF Gaming F16 FX608JH-RV039W được thiết kế để hướng tới sự cân bằng trong trải nghiệm sử dụng. Phần nắp nhôm cùng tông màu Jaeger Gray mang tới sự tối giản cùng vẻ ngoài mạnh mẽ, lôi cuốn.
Không chỉ có vẻ ngoài thu hút, laptop còn có độ bền vượt trội cùng tính cơ động cao. Với trọng lượng khoảng 2.2kg và độ dày 1.79 ~ 2.73cm, người dùng có thể dễ dàng cất ASUS TUF Gaming F16 FX608JH-RV039W trong nhiều loại túi xách, balo.
Để tối ưu hóa trải nghiệm chơi game, ASUS còn trang bị cho laptop TUF Gaming F16 FX608JH-RV039W bộ bàn phím Fullsize tích hợp đèn nền 1-Zone RGB. Với hành trình phím 1.7mm, bàn phím sẽ mang tới trải nghiệm gõ chính xác, mượt mà.
Chất lượng hiển thị vượt trội
Laptop ASUS TUF Gaming F16 FX608JH-RV039W sở hữu chất lượng hiển thị vượt trội khi được trang bị màn hình 16 inch sử dụng tấm nền IPS. Không chỉ có kích thước lớn, việc sử dụng tỷ lệ hiển thị 16:10 còn giúp laptop hiển thị nhiều nội dung hơn trên màn hình 16 inch.
Màn hình hỗ trợ tần số quét 165Hz giúp hiển thị mượt mà, hạn chế giật lag khi chơi game. Với NVIDIA G-Sync, tốc độ làm mới mà màn hình sở hữu sẽ được đồng bộ hóa với card đồ hoạ để giảm thiểu độ trễ, tình trạng giật lag, rách hình.
Viên pin lớn, kết nối tiện lợi
Tính cơ động của laptop ASUS TUF Gaming F16 FX608JH-RV039W còn được thể hiện ở thời lượng pin. Viên pin 90WHrs cung cấp năng lượng đủ để người dùng chơi game, làm việc trong quá trình di chuyển. Kèm theo đó là tính năng sạc nhanh, cho phép laptop nạp đầy 50% dung lượng pin chỉ trong khoảng 30 phút.
Laptop TUF Gaming F16 FX608JH-RV039W còn sở hữu khả năng kết nối đa dạng để phục vụ cho nhu cầu công việc và chơi game. Cổng USB-C của laptop không chỉ có chức năng truyền dữ liệu mà còn hỗ trợ DisplayPort và Power Delivery. Cổng Thunderbolt 4 được tối ưu cho nhu cầu xuất hình ảnh khi hỗ trợ DisplayPort và G-Sync.
Kèm theo đó là các cổng kết nối phổ biến như USB-A 3.2 Gen 2, cổng LAN RJ45, HDMI 2.1 FRL và jack âm thanh. Về khả năng kết nối không dây, ASUS TUF Gaming F16 FX608JH-RV039W được tích hợp các công nghệ Wi-Fi 6E và Bluetooth 5.3.
Mua laptop ASUS TUF Gaming F16 FX608JH-RV039W giá tốt tại CellphoneS
Laptop ASUS TUF Gaming F16 FX608JH-RV039W hiện có thể trải nghiệm tại khu vực demo sản phẩm của các cửa hàng CellphoneS. Với nhiều chương trình ưu đãi, chiết khấu Smember, S-Student,...mẫu laptop ASUS này còn có giá bán cạnh tranh.
Các chương trình trả góp, thu cũ lên đời tại CellphoneS giúp việc đưa ra quyết định lựa chọn laptop trở nên dễ dàng hơn. Khách hàng còn được nhận thêm gói bảo hành dài hạn và hỗ trợ giao hàng miễn phí để khách hàng có trải nghiệm mua sắm tiện lợi.","{""Bộ xử lý & Đồ họa"": [{""name"": ""Loại card đồ họa"", ""value"": ""NVIDIA GeForce RTX 5050 8GB GDDR7\nIntel UHD Graphics""}, {""name"": ""Loại CPU"", ""value"": ""13th Gen Intel Core i5-13450HX 2.4 GHz (20M Cache, up to 4.6 GHz, 10 lõi: 6 P-cores and 4 E-cores)""}], ""Bộ nhớ RAM, Ổ cứng"": [{""name"": ""Dung lượng RAM"", ""value"": ""16GB""}, {""name"": ""Loại RAM"", ""value"": ""DDR5""}, {""name"": ""Số khe ram"", ""value"": ""2 khe (Nâng cấp tối đa 64GB)""}, {""name"": ""Ổ cứng"", ""value"": ""1TB PCIe 4.0 NVMe M.2 SSD (2 Khe cắm M.2 hỗ trợ SATA hoặc NVMe, tối đa 2TB)""}], ""Màn hình"": [{""name"": ""Tần số quét"", ""value"": ""165 Hz""}, {""name"": ""Chất liệu tấm nền"", ""value"": ""Tấm nền IPS""}, {""name"": ""Kích thước màn hình"", ""value"": ""16 inches""}, {""name"": ""Công nghệ màn hình"", ""value"": ""Độ sáng 300\nTỷ lệ tương phản 1000:1\nĐộ phủ màu NTSC 72,00% / SRGB 100,00% / Adobe 75,35%\nMàn hình chống chói\nG-Sync""}, {""name"": ""Độ phân giải màn hình"", ""value"": ""1920 x 1200 pixels (WUXGA)""}], ""Âm thanh"": [{""name"": ""Công nghệ âm thanh"", ""value"": ""Công nghệ chống ồn AI\nDolby Atmos\nChứng nhận Hi-Res (cho tai nghe)""}], ""Tiện ích khác"": [{""name"": ""Tính năng đặc biệt"", ""value"": ""Wi-Fi 6, Nhận diện khuôn mặt, MUX Switch""}], ""Tính năng khác"": [{""name"": ""Loại đèn bàn phím"", ""value"": ""Bàn phím Chiclet có đèn nền RGB 1 vùng Với phím Copilot\nMUX Switch + NVIDIA Advanced Optimus""}, {""name"": ""Bảo mật"", ""value"": ""Mật khẩu quản trị viên BIOS và bảo vệ mật khẩu người dùng\nMô-đun nền tảng đáng tin cậy (Phần mềm TPM)""}, {""name"": ""Webcam"", ""value"": ""Camera IR FHD 1080P cho Windows Hello""}, {""name"": ""Hệ điều hành"", ""value"": ""Windows 11 Home""}], ""Pin & công nghệ sạc"": [{""name"": ""Pin"", ""value"": ""90WHrs, 4S1P, 4-cell Li-ion""}], ""Kích thước & Trọng lượng"": [{""name"": ""Kích thước"", ""value"": ""35.4 x 26.9 x 1.79 ~ 2.73 cm (Dài x Rộng x Dày)""}, {""name"": ""Trọng lượng"", ""value"": ""2.20 Kg""}], ""Cổng kết nối"": [{""name"": ""Wi-Fi"", ""value"": ""Wi-Fi 6E(802.11ax) (Triple band) 2*2""}, {""name"": ""Bluetooth"", ""value"": ""Bluetooth 5.3""}, {""name"": ""Cổng giao tiếp"", ""value"": ""1x Cổng LAN RJ45\n1x Thunderbolt 4 hỗ trợ DisplayPort / G-SYNC (40Gbps)\n1x USB 3.2 Gen 2 Type-C hỗ trợ DisplayPort / Sạc (10Gbps)\n3x USB 3.2 Gen 2 Type-A (10Gbps)\n1x HDMI 2.1 FRL\n1x Giắc cắm âm thanh kết hợp 3.5mm""}]}","[""https://cdn2.cellphones.com.vn/x/media/catalog/product/l/a/laptop_asus_tuf_gaming_f16_fx608jh-rv039w_-_1.png"", ""https://cdn2.cellphones.com.vn/x/media/catalog/product/l/a/laptop_asus_tuf_gaming_f16_fx608jh-rv039w_-_3.png"", ""https://cdn2.cellphones.com.vn/x/media/catalog/product/l/a/laptop_asus_tuf_gaming_f16_fx608jh-rv039w_-_2.png""]","{""product_color_1"": {""color"": ""Xám"", ""image_url"": ""https://cellphones.com.vn/laptop-asus-tuf-gaming-f16-fx608jh-rv039w.html?product_id=107075"", ""price"": ""31.890.000₫""}}"
Laptop ASUS VivoBook 14 X1407CA-LY008W,laptop-asus-vivobook-14-x1407ca-ly008w,25.990.000đ,21.890.000đ,"Đặc điểm nổi bật
Laptop ASUS VivoBook 14 X1407CA-LY008W là mẫu máy tính sở hữu bộ vi xử lý Intel Core Ultra 5 Processor 225H tích hợp nhân NPU Intel AI Boost mạnh mẽ. RAM 16GB DDR5 cùng SSD 512GB giúp máy vận hành đa nhiệm ổn định. Màn hình 14 inch WUXGA 16:10 cùng độ bền đạt chuẩn quân đội Mỹ cho trải nghiệm bền bỉ.
Nội dung chính
1. Laptop ASUS VivoBook 14 X1407CA-LY008W - Năng suất xử lý ấn tượng
1.1. Công nghệ Intel AI Boost 13TOPS xử lý thông minh
1.2. Bộ nhớ DDR5 16GB kết hợp SSD 512GB xử lý trơn tru
1.3. Màu Cool Silver sang trọng đạt độ bền quân đội
1.4. Hiệu suất xử lý nâng cao với Intel Core Ultra 5 225H
1.5. Sạc Type-C 65W cùng đa dạng cổng kết nối nhanh
1.6. Trải nghiệm rõ nét từ màn hình WUXGA 14 inch 16:10
2. Mua ngay laptop ASUS VivoBook 14 X1407CA-LY008W chính hãng tại CellphoneS
Laptop ASUS VivoBook 14 X1407CA-LY008W - Năng suất xử lý ấn tượng
Mẫu laptop ASUS AI này hứa hẹn mang đến những trải nghiệm làm việc hiện đại cho người dùng văn phòng nhờ tích hợp nhiều công nghệ mới. Thiết bị sở hữu sự hài hòa giữa khả năng xử lý thông minh cùng phong cách thiết kế tinh tế.
Công nghệ Intel AI Boost 13TOPS xử lý thông minh
Laptop ASUS VivoBook 14 X1407CA-LY008W trang bị nhân Intel AI Boost NPU mang lại hiệu suất xử lý trí tuệ nhân tạo đạt 13 TOPS. Bộ xử lý chuyên dụng này giúp tối ưu hóa thời gian thực hiện các tác vụ thông minh và nâng cao hiệu quả làm việc cho người dùng.
Nhân xử lý NPU thông minh hỗ trợ tăng tốc tác vụ AI
Sản phẩm tích hợp phím bấm Copilot riêng biệt giúp kích hoạt trợ lý ảo hỗ trợ quy trình làm việc nhanh chóng. Camera FHD hồng ngoại kết hợp nắp che bảo mật giúp bảo vệ quyền riêng tư và nhận diện khuôn mặt tiện lợi. Tính năng AI Noise Canceling giúp lọc bỏ tiếng ồn môi trường nâng cao chất lượng cuộc họp trực tuyến.
Bộ nhớ DDR5 16GB kết hợp SSD 512GB xử lý trơn tru
Laptop ASUS VivoBook 14 X1407CA-LY008W sở hữu sẵn dung lượng RAM 16GB DDR5 mang lại khả năng vận hành hệ thống ổn định. Máy còn tích hợp thêm một khe cắm DDR5 SO-DIMM trống hỗ trợ người dùng linh hoạt nâng cấp bộ nhớ khi khối lượng công việc tăng cao.
Bộ nhớ RAM DDR5 xử lý đa nhiệm ứng dụng mượt
Ổ cứng 512GB M.2 NVMe PCIe 4.0 SSD cho phép người dùng lưu trữ nhiều tệp và ứng dụng cần thiết. Nhờ tốc độ truy xuất được cải thiện, các thao tác khởi động và mở ứng dụng diễn ra gọn gàng. Sự kết hợp giữa bộ nhớ RAM và SSD thế hệ mới giúp quy trình làm việc luôn giữ được sự liền mạch.
Màu Cool Silver sang trọng đạt độ bền quân đội
Laptop ASUS VivoBook 14 X1407CA-LY008W khoác lên mình lớp vỏ màu Cool Silver đầy sang trọng phù hợp với nhiều không gian làm việc. Sản phẩm đạt tiêu chuẩn độ bền quân đội Mỹ US MIL-STD 810H giúp hạn chế hỏng hóc do các tác động bên ngoài.
Vỏ màu bạc sang trọng đạt tiêu chuẩn độ bền quân đội
Trọng lượng máy chỉ 1.46 kg hỗ trợ người dùng mang theo thiết bị đến mọi nơi một cách dễ dàng và thuận tiện. Kích thước mỏng nhẹ kết hợp cùng đường nét hoàn thiện tỉ mỉ tạo nên vẻ ngoài thời thượng cho sản phẩm văn phòng. Thiết kế bàn phím Chiclet có đèn nền hỗ trợ người dùng dễ dàng nhập liệu ở nơi thiếu sáng.
Hiệu suất xử lý nâng cao với Intel Core Ultra 5 225H
Laptop ASUS VivoBook 14 X1407CA-LY008W vận hành mạnh mẽ nhờ sức mạnh từ bộ vi xử lý Intel Core Ultra 5 225H. Với cấu trúc 14 nhân và 14 luồng, thiết bị có khả năng xử lý tốt các khối lượng công việc phức tạp hằng ngày.
Cấu trúc nhiều nhân, luồng hỗ trợ vận hành đa tác vụ ổn
Đồ họa Intel Graphics tích hợp hỗ trợ người dùng thực hiện các nhu cầu về hình ảnh và xem video rõ nét. Xung nhịp xử lý tối đa lên đến 4.9 GHz giúp các thao tác trên máy phản hồi nhanh chóng. Nền tảng phần cứng hiện đại giúp duy trì năng suất làm việc ổn định cho người dùng trong suốt thời gian sử dụng.
Sạc Type-C 65W cùng đa dạng cổng kết nối nhanh
Laptop ASUS VivoBook 14 X1407CA-LY008W trang bị viên pin 42WHrs 3-cell Li-ion cung cấp nguồn năng lượng ổn định cho các nhu cầu làm việc văn phòng. Khả năng sạc qua cổng Type-C với công suất tối đa 65W giúp nạp lại pin nhanh chóng và tiết kiệm thời gian cho người sử dụng.
Cổng kết nối USB Type-C hỗ trợ truyền dữ liệu và sạc
Hệ thống kết nối gồm 2 cổng USB Type-C hỗ trợ xuất hình ảnh và truyền tải dữ liệu ở tốc độ cao. Các cổng USB Type-A và HDMI 1.4 đi kèm giúp máy dễ dàng liên kết với nhiều loại thiết bị ngoại vi khác. Công nghệ Wi-Fi 6 tích hợp giúp duy trì tốc độ kết nối mạng luôn giữ được sự ổn định và liên tục khi làm việc.
Trải nghiệm rõ nét từ màn hình WUXGA 14 inch 16:10
Laptop ASUS VivoBook 14 X1407CA-LY008W sở hữu màn hình 14 inch độ phân giải WUXGA mang đến những khung hình hiển thị chi tiết và chân thực. Không gian hiển thị dọc được mở rộng nhờ tỷ lệ khung hình 16:10, hỗ trợ quan sát nhiều thông tin hơn.
Màn hình độ phân giải cao hiển thị nội dung chi tiết rõ
Độ sáng 300 nits cùng lớp phủ hạn chế chói hỗ trợ quan sát rõ thông tin dưới các nguồn ánh sáng mạnh. Tấm nền IPS-level hỗ trợ hiển thị màu sắc trung thực và hạn chế biến đổi màu khi nhìn nghiêng. Thiết kế viền mỏng giúp tỉ lệ màn hình so với thân máy đạt mức 87% tạo cảm giác nhìn đắm chìm và hiện đại.
Mua ngay laptop ASUS VivoBook 14 X1407CA-LY008W chính hãng tại CellphoneS
Khách hàng đang tìm mua laptop ASUS VivoBook 14 X1407CA-LY008W chính hãng có thể đến ngay hệ thống CellphoneS để nhận mức giá tốt. Nhân viên CellphoneS sẽ hỗ trợ khách hàng trải nghiệm thực tế sản phẩm mới và giải đáp mọi thắc mắc về các tính năng đi kèm.
Bên cạnh mức giá cạnh tranh, khách hàng còn nhận được nhiều ưu đãi từ chương trình Smember và giải pháp trả góp tài chính vô cùng đơn giản. Hệ thống CellphoneS triển khai nhiều hình thức thanh toán, mang lại sự linh hoạt trong quá trình giao dịch.","{""Bộ xử lý & Đồ họa"": [{""name"": ""Chip AI"", ""value"": ""Intel AI Boost NPU up to 13TOPS""}, {""name"": ""Loại card đồ họa"", ""value"": ""Intel Graphics""}, {""name"": ""Loại CPU"", ""value"": ""Intel Core Ultra 5 225H 1.7 GHz (18MB Cache, up to 4.9 GHz, 14 lõi, 14 luồng)""}], ""Bộ nhớ RAM, Ổ cứng"": [{""name"": ""Dung lượng RAM"", ""value"": ""16GB""}, {""name"": ""Loại RAM"", ""value"": ""DDR5 on board""}, {""name"": ""Ổ cứng"", ""value"": ""512GB M.2 NVMe PCIe 4.0 SSD""}], ""Màn hình"": [{""name"": ""Tần số quét"", ""value"": ""60 Hz""}, {""name"": ""Chất liệu tấm nền"", ""value"": ""Tấm nền IPS""}, {""name"": ""Kích thước màn hình"", ""value"": ""14 inches""}, {""name"": ""Công nghệ màn hình"", ""value"": ""Màn hình chống chói\nĐộ phủ màu 45% NTSC\nĐộ sáng 300nits""}, {""name"": ""Độ phân giải màn hình"", ""value"": ""1920 x 1200 pixels (WUXGA)""}], ""Âm thanh"": [{""name"": ""Công nghệ âm thanh"", ""value"": ""SonicMaster\nLoa tích hợp\nMicrophone mảng tích hợp""}], ""Kích thước & Trọng lượng"": [{""name"": ""Chất liệu"", ""value"": ""Vỏ nhựa""}, {""name"": ""Chất liệu vỏ màn hình"", ""value"": ""Nhựa""}, {""name"": ""Chất liệu vỏ trên"", ""value"": ""Nhựa""}, {""name"": ""Chất liệu vỏ dưới"", ""value"": ""Nhựa""}, {""name"": ""Kích thước"", ""value"": ""31.52 x 22.34 x 1.79 ~ 1.99 cm (Dài x Rộng x Dày)""}, {""name"": ""Trọng lượng"", ""value"": ""1.46 kg""}], ""Tiện ích khác"": [{""name"": ""Tính năng đặc biệt"", ""value"": ""Wi-Fi 6, Nhận diện khuôn mặt""}], ""Tính năng khác"": [{""name"": ""Loại đèn bàn phím"", ""value"": ""Bàn phím Chiclet có đèn nền Với phím Copilot""}, {""name"": ""Bảo mật"", ""value"": ""McAfee (phần mềm bảo mật)\nBảo vệ bằng mật khẩu người dùng khi khởi động BIOS\nMô-đun nền tảng tin cậy TPM (Firmware TPM)""}, {""name"": ""Webcam"", ""value"": ""Camera FHD với chức năng hồng ngoại hỗ trợ Windows Hello; Có màn che bảo mật""}, {""name"": ""Hệ điều hành"", ""value"": ""Windows 11 Home""}], ""Pin & công nghệ sạc"": [{""name"": ""Pin"", ""value"": ""42WHrs, 3S1P, 3-cell Li-ion""}], ""Cổng kết nối"": [{""name"": ""Wi-Fi"", ""value"": ""Wi-Fi 6(802.11ax) (Dual band) 1*1""}, {""name"": ""Bluetooth"", ""value"": ""Bluetooth 5.2""}, {""name"": ""Cổng giao tiếp"", ""value"": ""2 x USB 3.2 Gen 1 Type-A (tốc độ truyền dữ liệu lên đến 5Gbps)\n2 x USB 3.2 Gen 1 Type-C (hỗ trợ xuất hình ảnh và cấp nguồn, tốc độ lên đến 5Gbps)\n1 x HDMI 1.4\n1 x Jack tai nghe / micro 3.5mm (combo)""}]}","[""https://cdn2.cellphones.com.vn/x/media/catalog/product/l/a/laptop_asus_vivobook_14_x1407ca-ly008w_-_1.png"", ""https://cdn2.cellphones.com.vn/x/media/catalog/product/l/a/laptop_asus_vivobook_14_x1407ca-ly008w_-_2.png"", ""https://cdn2.cellphones.com.vn/x/media/catalog/product/l/a/laptop_asus_vivobook_14_x1407ca-ly008w_-_3.png""]","{""product_color_1"": {""color"": ""Bạc"", ""image_url"": ""https://cellphones.com.vn/laptop-asus-vivobook-14-x1407ca-ly008w.html?product_id=122980"", ""price"": ""21.890.000₫""}}"
Laptop ASUS Zenbook S 16 UM5606KA-RK127WS,laptop-asus-zenbook-s-16-um5606ka-rk127ws-ryzen-ai-7,42.990.000đ,40.990.000đ,"Đặc điểm nổi bật
Laptop Asus Zenbook S 16 UM5606KA-RK127WS Ryzen AI 7 trang bị bộ vi xử lý AMD Ryzen™ AI 7 350 mang lại hiệu năng vượt trội trong thời gian dài sử dụng. Laptop còn sở hữu dung lượng RAM LPDDR5X lên đến 24GB giúp tăng tốc độ truyền tải dữ liệu cho máy. Máy cũng tương đối nhẹ nhờ trọng lượng chỉ 1.50 kg nhờ đó mang đến sự linh hoạt tối ưu và dễ dàng mang theo khi di chuyển.
Nội dung chính
1. Laptop Asus Zenbook S 16 UM5606KA-RK127WS Ryzen AI 7 - Tính năng nổi trội và thiết kế hiện đại
1.1. Hiệu suất mạnh mẽ, xử lý đa nhiệm mượt mà nhờ chip AMD Ryzen™ AI 7 350 
1.2. Dung lượng bộ nhớ lớn đến 1TB
1.3. Thiết kế gọn nhẹ và màu sắc hiện đại
1.4. Đồ họa sống động và hệ điều hành tối ưu
1.5. Thời lượng pin 78WHrs bền bỉ
1.6. Màn hình OLED sắc nét, hiển thị chân thực
2. Laptop Asus Zenbook S 16 UM5606KA-RK127WS Ryzen AI 7 uy tín tại CellphoneS
Laptop Asus Zenbook S 16 UM5606KA-RK127WS Ryzen AI 7 - Tính năng nổi trội và thiết kế hiện đại
Laptop Asus Zenbook S 16 UM5606KA-RK127WS Ryzen AI 7 mang đến thiết kế tinh tế cùng hiệu năng mạnh mẽ, đáp ứng nhu cầu làm việc và giải trí. Với công nghệ tiên tiến, sản phẩm laptop AI này hứa hẹn mang lại trải nghiệm mượt mà và tối ưu cho người dùng.
Hiệu suất mạnh mẽ, xử lý đa nhiệm mượt mà nhờ chip AMD Ryzen™ AI 7 350 
Laptop có bộ vi xử lý AMD Ryzen™ AI 7 350 mang đến hiệu suất ấn tượng với tốc độ xung nhịp cơ bản 2.0GHz và có thể tăng lên đến 5.0GHz. Với 8 lõi và 16 luồng xử lý, CPU của laptop hỗ trợ tối ưu hóa khả năng đa nhiệm và làm việc hiệu quả với nhiều tác vụ cùng lúc. 
Bộ nhớ đệm 24MB giúp tăng tốc độ truy xuất dữ liệu, giảm độ trễ khi xử lý các tác vụ nặng như chỉnh sửa video, lập trình hay chơi game. Laptop Asus Zenbook S 16 UM5606KA-RK127WS Ryzen AI 7 được trang bị AMD XDNA™ NPU với khả năng xử lý lên đến 50TOPS hỗ trợ các tác vụ trí tuệ nhân tạo nhanh chóng.
Dung lượng bộ nhớ lớn đến 1TB
Dung lượng máy đến 24GB LPDDR5X trên bo mạch, mang lại tốc độ xử lý dữ liệu nhanh chóng và khả năng vận hành mượt mà ngay cả khi chạy nhiều ứng dụng cùng lúc. Ổ cứng 1TB M.2 NVMe™ PCIe® 4.0 SSD của thiết bị sẽ làm tăng tốc độ đọc/ghi dữ liệu, rút ngắn thời gian khởi động máy và truy xuất tập tin. 
Máy được tích hợp ổ cứng 1TB M.2 NVMe™ PCIe® 4.0 SSD, giúp tăng tốc độ khởi động hệ thống và truy xuất dữ liệu nhanh chóng. Ngoài ra, laptop Asus Zenbook S 16 UM5606KA-RK127WS Ryzen AI 7 còn có khe cắm mở rộng M.2 2280 PCIe 4.0x4 cho phép nâng cấp thêm dung lượng lưu trữ khi cần thiết. 
Thiết kế gọn nhẹ và màu sắc hiện đại
Với trọng lượng chỉ 1.50 kg, chiếc laptop này mang lại sự tiện lợi khi di chuyển, phù hợp cho công việc và học tập. Kích thước 35.36 x 24.30 cm với độ mỏng chỉ từ 1.19 đến 1.29 cm mang đến sự gọn nhẹ và tinh tế.
Với gam màu trắng hiện đại mang đến vẻ ngoài sang trọng, laptop Asus Zenbook S 16 UM5606KA-RK127WS Ryzen AI 7 dễ dàng phù hợp với nhiều phong cách khác nhau. Laptop còn có bàn phím Chiclet có đèn nền, cho phép người dùng dễ dàng thao tác ngay cả trong điều kiện thiếu sáng. 
Đồ họa sống động và hệ điều hành tối ưu
Máy được trang bị card đồ họa AMD Radeon™, mang đến khả năng xử lý hình ảnh mạnh mẽ, phù hợp cho công việc đồ họa, chỉnh sửa video hay chơi game giải trí. Nhờ công nghệ tiên tiến, hình ảnh hiển thị sắc nét, màu sắc chân thực, mang lại trải nghiệm thị giác sống động. 
Thiết bị chạy trên hệ điều hành Windows 11 Home, mang đến giao diện thân thiện và các tính năng tối ưu hóa năng suất. Laptop Asus Zenbook S 16 UM5606KA-RK127WS Ryzen AI 7 còn đạt tiêu chuẩn quân đội US MIL-STD 810H, đảm bảo độ bền cao và khả năng chống chịu tốt hơn.
Thời lượng pin 78WHrs bền bỉ
Viên pin 78WHrs, 4-cell Li-ion, laptop mang lại thời lượng sử dụng ấn tượng, đáp ứng tốt nhu cầu làm việc và giải trí trong thời gian dài. Công nghệ pin tiên tiến giúp laptop tối ưu hóa hiệu suất và kéo dài tuổi thọ pin, hạn chế tình trạng sạc nhiều lần trong ngày. 
Laptop Asus Zenbook S 16 UM5606KA-RK127WS Ryzen AI 7 còn mang đến nhiều cổng kết nối hiện đại giúp mở rộng khả năng kết nối với các thiết bị ngoại vi. Cổng USB 3.2 Gen 2 Type-A hỗ trợ tốc độ truyền tải dữ liệu lên đến 10Gbps cho phép sao chép tệp nhanh chóng.
Màn hình OLED sắc nét, hiển thị chân thực
Laptop sở hữu màn hình OLED 16 inch với tỷ lệ khung hình 16:10, mang đến không gian hiển thị rộng rãi, phù hợp cho cả công việc lẫn giải trí. Độ phân giải 3K (2880 x 1800) kết hợp cùng dải màu DCI-P3 100% cho hình ảnh sắc nét, màu sắc sống động và chân thực đến từng chi tiết. 
Với thời gian đáp ứng lên đến 0,2ms và tần số quét 120Hz, màn hình laptop Asus Zenbook S 16 UM5606KA-RK127WS Ryzen AI 7 cho phép hiển thị mượt mà, không bị bóng mờ. Độ sáng tối đa của màn hình lên đến 500 nits cùng tỷ lệ tương phản 1,000,000:1 đảm bảo hiển thị rõ nét ngay cả trong môi trường ánh sáng mạnh.
Laptop Asus Zenbook S 16 UM5606KA-RK127WS Ryzen AI 7 uy tín tại CellphoneS
Mua laptop Asus Zenbook S 16 UM5606KA-RK127WS Ryzen AI 7 chính hãng tại CellphoneS với mức giá cạnh tranh và chất lượng đảm bảo. Đội ngũ nhân viên tận tình luôn sẵn sàng hỗ trợ khách hàng chọn lựa sản phẩm phù hợp. 
Hệ thống mua sắm thuận tiện cả online lẫn tại cửa hàng, mang đến trải nghiệm mua sắm dễ dàng. Nếu có bất kỳ thắc mắc nào, người mua có thể nhắn tin trực tiếp qua khung chat để được tư vấn nhanh chóng.","{""Bộ xử lý & Đồ họa"": [{""name"": ""Chip AI"", ""value"": ""AMD XDNA NPU up to 50TOPS""}, {""name"": ""Loại card đồ họa"", ""value"": ""AMD Radeon Graphics""}, {""name"": ""Loại CPU"", ""value"": ""AMD Ryzen AI 7 350 2.0GHz (24MB Cache, up to 5.0GHz, 8 lõi, 16 luồng)""}], ""Bộ nhớ RAM, Ổ cứng"": [{""name"": ""Dung lượng RAM"", ""value"": ""24GB""}, {""name"": ""Loại RAM"", ""value"": ""LPDDR5X Onboard""}, {""name"": ""Ổ cứng"", ""value"": ""1TB M.2 NVMe PCIe 4.0 SSD""}], ""Màn hình"": [{""name"": ""Tần số quét"", ""value"": ""120 Hz""}, {""name"": ""Chất liệu tấm nền"", ""value"": ""Tấm nền Oled""}, {""name"": ""Kích thước màn hình"", ""value"": ""16 inches""}, {""name"": ""Công nghệ màn hình"", ""value"": ""Thời gian phản hồi 0.2ms\nĐộ sáng 400nits\nĐộ sáng tối đa 500nits HDR\nĐộ phủ màu 100% DCI-P3\nHDR True Black 500\n1.07 tỷ màu\nGiảm 70% ánh sáng xanh có hại\nTÜV Rheinland-certified\nSGS Eye Care Display""}, {""name"": ""Độ phân giải màn hình"", ""value"": ""2880 x 1800 pixels""}], ""Âm thanh"": [{""name"": ""Công nghệ âm thanh"", ""value"": ""Công nghệ Smart Amp\nLoa tích hợp\nMicrô mảng tích hợp""}], ""Cổng kết nối"": [{""name"": ""Khe đọc thẻ nhớ"", ""value"": ""Có""}, {""name"": ""Wi-Fi"", ""value"": ""Wi-Fi 7(802.11be) (Tri-band)2*2""}, {""name"": ""Bluetooth"", ""value"": ""Bluetooth 5.4""}, {""name"": ""Cổng giao tiếp"", ""value"": ""1x USB 3.2 Gen 2 Type-A (10Gbps)\n2x USB 4.0 Gen 3 Type-C hỗ trợ hiển thị/cung cấp điện (40Gbps)\n1x HDMI 2.1 TMDS\n1x Giắc cắm âm thanh kết hợp 3.5mm\nĐầu đọc thẻ SD 4.0""}], ""Kích thước & Trọng lượng"": [{""name"": ""Chất liệu"", ""value"": ""Vỏ kim loại""}, {""name"": ""Chất liệu vỏ màn hình"", ""value"": ""Nhôm""}, {""name"": ""Chất liệu vỏ trên"", ""value"": ""Nhôm""}, {""name"": ""Chất liệu vỏ dưới"", ""value"": ""Nhôm""}, {""name"": ""Kích thước"", ""value"": ""35.36 x 24.30 x 1.19 ~ 1.29 cm (Dài x Rộng x Dày)""}, {""name"": ""Trọng lượng"", ""value"": ""1.50 kg""}], ""Tiện ích khác"": [{""name"": ""Tính năng đặc biệt"", ""value"": ""Nhận diện khuôn mặt, Màn hình Oled, Wi-Fi 7""}], ""Tính năng khác"": [{""name"": ""Loại đèn bàn phím"", ""value"": ""Bàn phím Chiclet có đèn nền với phím Copilot""}, {""name"": ""Bảo mật"", ""value"": ""Webcam IR hỗ trợ Windows Hello\nBộ xử lý bảo mật Microsoft Pluton\nMô-đun nền tảng đáng tin cậy (Phần mềm TPM)""}, {""name"": ""Webcam"", ""value"": ""Camera FHD có chức năng IR hỗ trợ Windows Hello""}, {""name"": ""Hệ điều hành"", ""value"": ""Windows 11 Home + Microsoft Office Home 2024 + Microsoft 365 Basic""}], ""Pin & công nghệ sạc"": [{""name"": ""Pin"", ""value"": ""78WHrs, 2S2P, 4-cell Li-ion""}]}","[""https://cdn2.cellphones.com.vn/x/media/catalog/product/l/a/laptop_asus_zenbook_s_16_um5606ka-rk127ws_-_1.png"", ""https://cdn2.cellphones.com.vn/x/media/catalog/product/l/a/laptop_asus_zenbook_s_16_um5606ka-rk127ws_-_2.png"", ""https://cdn2.cellphones.com.vn/x/media/catalog/product/l/a/laptop_asus_zenbook_s_16_um5606ka-rk127ws_-_3.png""]","{""product_color_1"": {""color"": ""Trắng"", ""image_url"": ""https://cellphones.com.vn/laptop-asus-zenbook-s-16-um5606ka-rk127ws-ryzen-ai-7.html?product_id=102625"", ""price"": ""40.990.000₫""}}"
Laptop ASUS VivoBook S14 M3407HA-SF480W,laptop-asus-vivobook-s14-m3407ha-sf480w,25.490.000đ,22.890.000đ,"Đặc điểm nổi bật
Laptop ASUS Vivobook S14 M3407HA-SF480W trang bị màn hình 14 inch OLED WUXGA, bộ xử lý Ryzen 5 220 tốc độ 3.2GHz với 6 lõi 12 luồng và 22MB cache. Máy có RAM 16GB DDR5 và lưu trữ 512GB SSD M.2 NVMe PCIe 4.0. Laptop còn có viên pin 70Wh sạc 65W Type-C cùng với kết nối Wi-Fi 6 và Bluetooth 5.3.
Nội dung chính
1. Laptop ASUS Vivobook S14 M3407HA-SF480W – Mỏng nhẹ nhưng mạnh mẽ
1.1. Bộ nhớ RAM và lưu trữ SSD thích hợp cho đa nhiệm
1.2. Thiết kế hiện đại, bền bỉ lâu dài
1.3. Hiệu năng mạnh mẽ, đáp ứng nhu cầu cơ bản
1.4. Hỗ trợ làm việc lâu dài và đầy đủ cổng kết nối
1.5. Màn hình sắc nét, làm việc hiệu quả
1.6. Bàn phím tiện lợi, bảo mật nâng cao
2. Mua ngay laptop ASUS Vivobook S14 M3407HA-SF480W chính hãng tại CellphoneS
Laptop ASUS Vivobook S14 M3407HA-SF480W – Mỏng nhẹ nhưng mạnh mẽ
Laptop ASUS Vivobook S14 M3407HA-SF480W mang đến sự cân bằng giữa tính di động và khả năng xử lý công việc. Qua đó, thiết bị phù hợp cho người dùng văn phòng hoặc sinh viên cần thiết bị dễ dàng mang theo mà vẫn đáp ứng nhu cầu đa nhiệm.
Bộ nhớ RAM và lưu trữ SSD thích hợp cho đa nhiệm
Với 16GB DDR5 Onboard, mẫu laptop ASUS Vivobook này hỗ trợ chạy mượt mà các ứng dụng văn phòng, duyệt web đa tab mà không gặp tình trạng gián đoạn. Bộ nhớ này kết hợp chặt chẽ với hệ thống, giúp khởi động máy nhanh chóng và liền mạch.
RAM 16GB và SSD 512GB
Laptop ASUS Vivobook S14 M3407HA-SF480W trang bị ổ cứng 512GB SSD M.2 NVMe PCIe 4.0 mang lại tốc độ đọc ghi cao. Nhờ đó, người dùng có thể truy cập file lớn trong thời gian ngắn và cài đặt phần mềm nhanh hơn. Người dùng có thể nâng cấp qua khe M.2 2280 PCIe 4.0x4, giúp tùy chỉnh dung lượng theo nhu cầu lưu trữ.
Thiết kế hiện đại, bền bỉ lâu dài
Thiết kế của laptop ASUS Vivobook S14 sử dụng vật liệu nhôm cho nắp máy và đáy, kết hợp nhựa cho phần bàn phím, tạo nên vẻ ngoài tinh tế. Ngoài ra, máy cũng có độ bền cao theo chuẩn MIL-STD 810H. Kích thước mỏng cùng trọng lượng 1.4kg giúp thiết bị dễ dàng bỏ vào balo hoặc túi xách.
Laptop có thiết kế tinh tế, thẩm mỹ cao
Màu Xám Matte (Matte Gray) mang đến sự chuyên nghiệp và hiện đại, giảm thiểu dấu vân tay trong quá trình sử dụng hàng ngày. Phần bàn phím đen kết hợp hài hòa với tổng thể, tạo cảm giác thoải mái khi làm việc lâu dài. Điều này giúp nâng tầm thẩm mỹ cho không gian làm việc cá nhân hoặc văn phòng.
Hiệu năng mạnh mẽ, đáp ứng nhu cầu cơ bản
Laptop ASUS Vivobook S14 M3407HA-SF480W trang bị bộ xử lý AMD Ryzen 5 220 với 6 lõi 12 luồng và tốc độ lên đến 4.9GHz. Nhờ vậy, laptop cung cấp khả năng xử lý đa nhiệm hiệu quả, từ soạn thảo văn bản đến chỉnh sửa hình ảnh cơ bản. Cache 22MB hỗ trợ truy xuất dữ liệu nhanh, giúp máy phản hồi tốt trong các tác vụ tính toán.
Mạnh mẽ và ổn định với Ryzen 5 220
Đồ họa tích hợp AMD chia sẻ tài nguyên hệ thống, đủ sức hỗ trợ chỉnh sửa video chất lượng cao hoặc chơi game ở mức cài đặt trung bình. Điều này đảm bảo trải nghiệm mượt mà cho người dùng sáng tạo nội dung hoặc giải trí mà không cần đến card rời.
Hỗ trợ làm việc lâu dài và đầy đủ cổng kết nối
Pin 70Wh 4-cell Li-ion trên chiếc laptop này hỗ trợ sử dụng liên tục lên đến hàng giờ liền cho công việc văn phòng hoặc duyệt web, tùy thuộc vào mức độ sử dụng. Sạc Type-C 65W cho phép laptop ASUS Vivobook S14 M3407HA-SF480W nạp năng lượng nhanh chóng, giúp duy trì hoạt động suốt nhiều giờ liền.
Laptop có đầy đủ kết nối thông dụng
Ngoài ra, laptop cũng hỗ trợ đầy đủ các cổng kết nối như USB 3.2 Gen 1 Type-A, USB 3.2 Gen 1 Type-C, HDMI 2.1 cùng jack âm thanh 3.5mm. Wi-Fi 6 và Bluetooth 5.3 bổ sung kết nối không dây ổn định, phù hợp cho làm việc trực tuyến.
Màn hình sắc nét, làm việc hiệu quả
Laptop ASUS Vivobook S14 M3407HA-SF480W trang bị màn hình 14 inch OLED WUXGA tỷ lệ 16:10 mang đến không gian hiển thị rộng rãi cho làm việc đa tài liệu. Độ sáng 300 nits kết hợp gam màu 95% DCI-P3 đảm bảo màu sắc sống động và chi tiết rõ nét, hỗ trợ tốt cho thiết kế đồ họa hoặc chỉnh sửa ảnh.
Màn hình 14 inch OLED sắc nét
Thời gian phản hồi 0.2ms và tỷ lệ tương phản 1.000.000:1 tạo nên hình ảnh mượt mà, đặc biệt khi xem video hoặc chơi game nhẹ. Chứng nhận TÜV Rheinland giúp giảm mỏi mắt trong thời gian sử dụng dài. Tỷ lệ màn hình so với thân máy 86% mang đến trải nghiệm đắm chìm hơn cho người dùng.
Bàn phím tiện lợi, bảo mật nâng cao
Bàn phím chiclet có đèn nền trên laptop mang lại trải nghiệm gõ phím thoải mái ngay cả trong điều kiện ánh sáng yếu. Hành trình phím hợp lý kết hợp với bố cục chuẩn giúp người dùng làm việc lâu dài mà không bị mỏi tay. Phím Copilot tích hợp giúp người dùng truy cập nhanh trợ lý AI trên Windows.
Bàn phím tích hợp Copilot
Về bảo mật, máy trang bị camera FHD IR hỗ trợ đăng nhập Windows Hello bằng nhận diện khuôn mặt, kết hợp cửa trập vật lý để bảo vệ quyền riêng tư. Ngoài ra, laptop ASUS Vivobook S14 M3407HA-SF480W còn có nhiều bảo mật BIOS, giúp bảo vệ dữ liệu cá nhân toàn diện hơn.
Mua ngay laptop ASUS Vivobook S14 M3407HA-SF480W chính hãng tại CellphoneS
Hãy mua ngay laptop ASUS Vivobook S14 M3407HA-SF480W tại CellphoneS để yên tâm về nguồn gốc sản phẩm và chất lượng dịch vụ. Khi mua hàng tại đây, khách hàng được đảm bảo hàng chính hãng, đầy đủ hóa đơn và bảo hành. Bên cạnh đó, cửa hàng có hệ thống khắp toàn quốc và nhiều chương trình ưu đãi linh hoạt. Điều này giúp quá trình mua sắm trở nên thuận tiện, nhanh chóng và đáng tin cậy hơn!","{""Bộ xử lý & Đồ họa"": [{""name"": ""Loại card đồ họa"", ""value"": ""AMD Radeon Graphics""}, {""name"": ""Loại CPU"", ""value"": ""AMD Ryzen 5 220 3.2GHz (22MB Cache, up to 4.9GHz, 6 lõi, 12 luồng)""}], ""Bộ nhớ RAM, Ổ cứng"": [{""name"": ""Dung lượng RAM"", ""value"": ""16GB""}, {""name"": ""Loại RAM"", ""value"": ""DDR5 on board""}, {""name"": ""Ổ cứng"", ""value"": ""512GB M.2 NVMe PCIe 4.0 SSD""}], ""Màn hình"": [{""name"": ""Tần số quét"", ""value"": ""60 Hz""}, {""name"": ""Chất liệu tấm nền"", ""value"": ""Tấm nền Oled""}, {""name"": ""Kích thước màn hình"", ""value"": ""14 inches""}, {""name"": ""Công nghệ màn hình"", ""value"": ""Độ sáng 300nits\nĐộ phủ màu 95% DCI-P3\n1.07 tỷ màu""}, {""name"": ""Độ phân giải màn hình"", ""value"": ""1920 x 1200 pixels (WUXGA)""}], ""Âm thanh"": [{""name"": ""Công nghệ âm thanh"", ""value"": ""Loa tích hợp\nMicrophone mảng tích hợp""}], ""Kích thước & Trọng lượng"": [{""name"": ""Chất liệu"", ""value"": ""Vỏ nhựa - nắp lưng kim loại""}, {""name"": ""Chất liệu vỏ màn hình"", ""value"": ""Nhôm""}, {""name"": ""Chất liệu vỏ trên"", ""value"": ""Nhựa""}, {""name"": ""Chất liệu vỏ dưới"", ""value"": ""Nhôm""}, {""name"": ""Kích thước"", ""value"": ""31.52 x 22.34 x 1.59 ~ 1.79 cm (Dài x Rộng x Dày)""}, {""name"": ""Trọng lượng"", ""value"": ""1.40 kg""}], ""Tiện ích khác"": [{""name"": ""Tính năng đặc biệt"", ""value"": ""Wi-Fi 6, Nhận diện khuôn mặt, Màn hình Oled""}], ""Tính năng khác"": [{""name"": ""Loại đèn bàn phím"", ""value"": ""Bàn phím Chiclet có đèn nền Với phím Copilot""}, {""name"": ""Bảo mật"", ""value"": ""McAfee\nMật khẩu người dùng khi khởi động BIOS\nMật khẩu thiết lập BIOS\nMô-đun nền tảng tin cậy TPM (Firmware TPM)""}, {""name"": ""Webcam"", ""value"": ""Camera FHD với chức năng hồng ngoại hỗ trợ Windows Hello, có màn trập camera""}, {""name"": ""Hệ điều hành"", ""value"": ""Windows 11 Home""}], ""Pin & công nghệ sạc"": [{""name"": ""Pin"", ""value"": ""70WHrs, 4S1P, 4-cell Li-ion""}], ""Cổng kết nối"": [{""name"": ""Wi-Fi"", ""value"": ""Wi-Fi 6(802.11ax) (Dual band) 2*2""}, {""name"": ""Bluetooth"", ""value"": ""Bluetooth 5.3""}, {""name"": ""Cổng giao tiếp"", ""value"": ""2 x USB 3.2 Gen 1 Type-A (tốc độ 5Gbps)\n2 x USB 3.2 Gen 1 Type-C (hỗ trợ xuất hình & sạc, tốc độ 5Gbps)\n1 x HDMI 2.1 TMDS\n1 x Jack âm thanh 3.5mm (tai nghe/micro)""}]}","[""https://cdn2.cellphones.com.vn/x/media/catalog/product/l/a/laptop_asus_vivobook_s14_m3407ha-sf480w_-_1.png"", ""https://cdn2.cellphones.com.vn/x/media/catalog/product/l/a/laptop_asus_vivobook_s14_m3407ha-sf480w_-_2.png"", ""https://cdn2.cellphones.com.vn/x/media/catalog/product/l/a/laptop_asus_vivobook_s14_m3407ha-sf480w_-_3.png""]","{""product_color_1"": {""color"": ""Xám"", ""image_url"": ""https://cellphones.com.vn/laptop-asus-vivobook-s14-m3407ha-sf480w.html?product_id=123116"", ""price"": ""22.890.000₫""}}"
Laptop ASUS Vivobook S16 S3607QA-SH040WS,laptop-asus-vivobook-s16-s3607qa-sh040ws,23.490.000đ,19.090.000đ,"Đặc điểm nổi bật
Laptop ASUS Vivobook S16 S3607QA SH040WS trang bị bộ xử lý Snapdragon® X X1 26 100 cùng RAM 16GB LPDDR5X và ổ cứng SSD 512GB PCIe® 4.0 cho hiệu suất cao. Đồng thời, laptop ASUS này sở hữu màn hình 16 inch WUXGA với tần số quét 60Hz tái hiện hình ảnh sắc nét. Thiết bị ASUS Vivobook còn tích hợp bộ xử lý AI giúp tối ưu hiệu suất cho mọi tác vụ chuyên nghiệp.
Nội dung chính
1. Laptop ASUS Vivobook S16 S3607QA SH040WS - Thông minh hơn, năng suất cả ngày dài
1.1. Bộ xử lý AI giúp tối ưu thao tác và công việc thông minh
1.2. Trải nghiệm lưu trữ thoải mái, hiệu năng xử lý mạnh mẽ
1.3. Thiết kế thời thượng, mỏng nhẹ cho hoạt động hàng ngày
1.4. Trải nghiệm đắm chìm từng hình ảnh mượt mà và sắc nét
1.5. Tiện lợi với pin cho cả ngày dài, cổng kết nối đa dạng hơn
1.6. Hiển thị chân thật với tần số quét ổn định, công nghệ tiên tiến
2. Mua ngay laptop ASUS Vivobook S16 S3607QA SH040WS chính hãng tại CellphoneS
Laptop ASUS Vivobook S16 S3607QA SH040WS - Thông minh hơn, năng suất cả ngày dài
Laptop ASUS Vivobook S16 S3607QA SH040WS sở hữu thiết kế hiện đại cùng cấu hình mạnh mẽ, phù hợp cho công việc chuyên sâu. Tích hợp AI và công nghệ vượt trội, thiết bị hỗ trợ tối đa từ tác vụ văn phòng đến các hoạt động sáng tạo, giải trí.
Bộ xử lý AI giúp tối ưu thao tác và công việc thông minh
Thiết bị được trang bị bộ xử lý AI Qualcomm® Hexagon™ NPU với khả năng xử lý lên đến 45TOPS, mang lại trải nghiệm sử dụng công nghệ AI vượt trội trong từng tác vụ. Bộ xử lý này của laptop ASUS Vivobook S16 S3607QA SH040WS hỗ trợ tối ưu hiệu suất theo thời gian thực dựa trên hành vi sử dụng.
Nhờ vào công nghệ AI tiên tiến, laptop ASUS Vivobook S16 tự động phân bổ tài nguyên hệ thống một cách thông minh, giúp tăng tốc xử lý các ứng dụng và tiết kiệm pin hiệu quả. Người dùng có thể trải nghiệm mượt mà khi chạy đồng thời nhiều phần mềm nặng hay tăng tốc tác vụ tự động thông minh mà không gặp tình trạng giật lag, quá tải hệ thống.
Trải nghiệm lưu trữ thoải mái, hiệu năng xử lý mạnh mẽ
RAM 16GB LPDDR5X được tích hợp sẵn trên bo mạch chủ của laptop ASUS Vivobook S16 S3607QA SH040WS mang lại băng thông xử lý vượt trội với tốc độ truy xuất nhanh chóng. Nhờ vào bộ nhớ RAM dung lượng cao, người dùng dễ dàng mở nhiều tab trình duyệt cùng lúc, vận hành hiệu quả các phần mềm thiết kế và xử lý các tác vụ dữ liệu phức tạp.
Ổ cứng SSD M.2 NVMe™ PCIe® 4.0 512GB mang lại không gian lưu trữ thoải mái cùng khả năng đọc ghi nhanh, đáp ứng nhu cầu xử lý dữ liệu hiệu quả. Chuẩn PCIe 4.0 giúp khởi động máy nhanh và truy xuất dữ liệu hiệu quả.
Thiết kế thời thượng, mỏng nhẹ cho hoạt động hàng ngày
Với kích thước 35.70 x 25.07 x 1.59-1.79 cm và trọng lượng chỉ 1.74kg, laptop ASUS Vivobook S16 S3607QA SH040WS có thể dễ dàng mang theo trong túi xách hay ba lô. Nhờ vậy, người dùng có thể linh hoạt mang thiết bị đi nhiều nơi mà không tạo cảm giác nặng nề. 
Màu xám mờ kết hợp cùng bàn phím đen tạo nên vẻ ngoài tinh tế, sang trọng, phù hợp với cả môi trường văn phòng chuyên nghiệp lẫn không gian sáng tạo. Bề mặt chiếc laptop được hoàn thiện dạng nhám vừa tạo cảm giác chắc tay khi cầm nắm vừa giúp thiết bị luôn sạch sẽ, ít bám vân tay sau thời gian dài sử dụng.
Trải nghiệm đắm chìm từng hình ảnh mượt mà và sắc nét
Laptop ASUS Vivobook S16 S3607QA SH040WS sử dụng vi xử lý Snapdragon® X X1 26 100 hiện đại, gồm 8 nhân, 8 luồng với tốc độ tối đa đạt 2.97GHz. Đồng thời, thiết bị còn được tích hợp bộ nhớ đệm 30MB mang lại hiệu suất xử lý mạnh mẽ. 
Bên cạnh đó, card đồ họa tích hợp Qualcomm® Adreno™ GPU giúp chiếc laptop đảm nhiệm việc xử lý hình ảnh và video một cách mượt mà. GPU này cũng hỗ trợ tăng tốc các ứng dụng đồ họa như Photoshop, Illustrator với hiệu suất ổn định. Nhờ vậy, người dùng có thể trải nghiệm chơi game, xem phim và làm việc với hình ảnh sắc nét. 
Tiện lợi với pin cho cả ngày dài, cổng kết nối đa dạng hơn
Viên pin Li-ion 3 cell dung lượng 70WHrs cung cấp thời gian hoạt động liên tục cho cả ngày dài làm việc. Công nghệ pin thông minh của laptop ASUS Vivobook S16 S3607QA SH040WS giúp tối ưu hóa việc sử dụng năng lượng, đảm bảo thiết bị hoạt động ổn định lâu bền.
Mẫu laptop ASUS này sở hữu hệ thống cổng kết nối đa dạng, hỗ trợ hiệu quả cho cả công việc lẫn giải trí hàng ngày. Các cổng gồm 2 cổng USB 3.2 Gen 1 Type-A với tốc độ truyền tải lên đến 5Gbps, 2 cổng USB 4.0 Gen 3 Type-C hỗ trợ hiển thị và sạc với tốc độ đạt đến 40Gbps. Nhờ đó, người dùng với nhu cầu kết nối nhiều có thể sử dụng tiện lợi và hiệu quả. 
Đồng thời, laptop còn được trang bị cổng HDMI 2.1 TMDS kết nối màn hình ngoài và giắc âm thanh 3.5mm cho cả tai nghe lẫn mic. Cấu hình cổng này đáp ứng đầy đủ nhu cầu kết nối thiết bị ngoại vi mà không cần hub mở rộng, giúp người dùng sử dụng tiện lợi hơn trong cả công việc lẫn giải trí.
Hiển thị chân thật với tần số quét ổn định, công nghệ tiên tiến
Laptop ASUS Vivobook S16 S3607QA SH040WS có màn hình 16.0 inch độ phân giải WUXGA (1920 x 1200) hiển thị hình ảnh sắc nét trong không gian rộng rãi. Với độ sáng 300 nits, màn hình vẫn đảm bảo nội dung hiển thị rõ ràng ngay cả khi sử dụng ở nơi có nguồn sáng cao hoặc ngoài trời.
Đồng thời, công nghệ màn hình với dải màu 95% DCI-P3 tái hiện màu sắc chính xác, sống động phù hợp với nhu cầu thiết kế đồ họa chuyên nghiệp. Công nghệ giảm 70% ánh sáng xanh có hại giúp bảo vệ mắt người dùng trong quá trình sử dụng dài. Kết hợp với tần số quét 60Hz, thiết bị cho người dùng trải nghiệm thị giác mượt mà, giảm hiện tượng giật hình.
Mua ngay laptop ASUS Vivobook S16 S3607QA SH040WS chính hãng tại CellphoneS
Laptop ASUS Vivobook S16 S3607QA SH040WS là giải pháp hoàn hảo cho người dùng cần một chiếc máy tính mạnh mẽ, thông minh với thiết kế hiện đại. Chiếc máy hiện đã được bán tại hệ thống CellphoneS với giá hợp lý và nhiều ưu đãi đi kèm. Người dùng có thể xem trực tiếp sản phẩm tại khu vực demo và chọn mua với hình thức trả góp 0%. Đội ngũ nhân viên luôn hỗ trợ khách hàng tận tình, đảm bảo trải nghiệm tư vấn chuyên nghiệp và chu đáo.","{""Bộ xử lý & Đồ họa"": [{""name"": ""Chip AI"", ""value"": ""Qualcomm Hexagon NPU up to 45TOPS""}, {""name"": ""Loại card đồ họa"", ""value"": ""Qualcomm Adreno GPU""}, {""name"": ""Loại CPU"", ""value"": ""Snapdragon X X1 26 100 (30MB Cache, up to 2.97GHz, 8 lõi, 8 luồng)""}], ""Bộ nhớ RAM, Ổ cứng"": [{""name"": ""Dung lượng RAM"", ""value"": ""16GB""}, {""name"": ""Loại RAM"", ""value"": ""LPDDR5X Onboard""}, {""name"": ""Ổ cứng"", ""value"": ""512GB M.2 NVMe PCIe 4.0 SSD""}], ""Màn hình"": [{""name"": ""Tần số quét"", ""value"": ""60 Hz""}, {""name"": ""Kích thước màn hình"", ""value"": ""16 inches""}, {""name"": ""Công nghệ màn hình"", ""value"": ""Độ sáng 300 nits\nĐộ phủ màu 95% DCI-P3\nTỷ lệ tương phản 1.000.000:1\n1.07 tỷ màu\nMàn hình chống chói\ngiảm 70% ánh sáng xanh có hại\nĐược chứng nhận bởi TÜV Rheinland""}, {""name"": ""Độ phân giải màn hình"", ""value"": ""1920 x 1200 pixels (WUXGA)""}], ""Âm thanh"": [{""name"": ""Công nghệ âm thanh"", ""value"": ""Công nghệ Smart Amp\nLoa tích hợp\nMicrô mảng tích hợp""}], ""Kích thước & Trọng lượng"": [{""name"": ""Chất liệu"", ""value"": ""Vỏ nhựa - nắp lưng kim loại""}, {""name"": ""Chất liệu vỏ màn hình"", ""value"": ""Nhôm""}, {""name"": ""Chất liệu vỏ trên"", ""value"": ""Nhựa""}, {""name"": ""Chất liệu vỏ dưới"", ""value"": ""Nhôm""}, {""name"": ""Kích thước"", ""value"": ""35.70 x 25.07 x 1.59 ~ 1.79 cm (Dài x Rộng x Dày)""}, {""name"": ""Trọng lượng"", ""value"": ""1.74 kg""}], ""Tiện ích khác"": [{""name"": ""Tính năng đặc biệt"", ""value"": ""Wi-Fi 6, Nhận diện khuôn mặt""}], ""Tính năng khác"": [{""name"": ""Loại đèn bàn phím"", ""value"": ""Bàn phím Chiclet có đèn nền với phím số Với phím Copilot""}, {""name"": ""Bảo mật"", ""value"": ""Webcam hồng ngoại hỗ trợ Windows Hello\nMcAfee\nBảo vệ mật khẩu người dùng khi khởi động BIOS\nMật khẩu người dùng thiết lập BIOS\nBộ xử lý bảo mật Microsoft Pluton\nMô-đun nền tảng đáng tin cậy (Phần mềm TPM)""}, {""name"": ""Webcam"", ""value"": ""Camera FHD 1080p; Có màn trập camera""}, {""name"": ""Hệ điều hành"", ""value"": ""Windows 11 Home + Microsoft Office Home 2024 + Microsoft 365 Basic""}], ""Pin & công nghệ sạc"": [{""name"": ""Pin"", ""value"": ""70WHrs, 3S1P, 3-cell Li-ion""}], ""Cổng kết nối"": [{""name"": ""Wi-Fi"", ""value"": ""Wi-Fi 6E(802.11ax) (Triple band) 2*2""}, {""name"": ""Bluetooth"", ""value"": ""Bluetooth 5.3""}, {""name"": ""Cổng giao tiếp"", ""value"": ""2x USB 3.2 Gen 1 Type-A (tốc độ dữ liệu lên đến 5Gbps)\n2x USB 4.0 Gen 3 Type-C hỗ trợ hiển thị/cấp nguồn (tốc độ dữ liệu lên đến 40Gbps)\n1x HDMI 2.1 TMDS\n1x Giắc cắm âm thanh kết hợp 3.5mm""}]}","[""https://cdn2.cellphones.com.vn/x/media/catalog/product/l/a/laptop_asus_vivobook_s16_s3607qa-sh040ws_-_1.png"", ""https://cdn2.cellphones.com.vn/x/media/catalog/product/l/a/laptop_asus_vivobook_s16_s3607qa-sh040ws_-_2.png"", ""https://cdn2.cellphones.com.vn/x/media/catalog/product/l/a/laptop_asus_vivobook_s16_s3607qa-sh040ws_-_3.png""]","{""product_color_1"": {""color"": ""Xám"", ""image_url"": ""https://cellphones.com.vn/laptop-asus-vivobook-s16-s3607qa-sh040ws.html?product_id=108983"", ""price"": ""19.090.000₫""}}"
Laptop ASUS Vivobook S14 S5406SA-PP168WS,laptop-asus-vivobook-s14-s5406sa-pp168ws,28.490.000đ,25.990.000đ,"Đặc điểm nổi bật
Laptop ASUS Vivobook S14 S5406SA PP168WS trang bị chip Intel Core Ultra 5 226V kết hợp AI NPU đạt tốc độ 40TOPS cùng RAM 16GB LPDDR5X và ổ cứng 512GB. Màn hình OLED 14 inch đạt tần số quét 120Hz và độ sáng 600 nits cho hiển thị rực rỡ. Với trọng lượng chỉ 1.3kg và vỏ nhôm mỏng nhẹ, thiết bị mang lại sự tiện lợi khi di chuyển.
Nội dung chính
1. Laptop ASUS Vivobook S14 S5406SA PP168WS - Trải nghiệm mượt mà, hiển thị vượt trội
1.1. Thoải mái lưu trữ, xử lý mượt mà với dung lượng ổn định
1.2. Thiết kế mỏng nhẹ, gam màu thanh lịch và chuyên nghiệp
1.3. Bộ vi xử lý thông minh với card đồ hoạ tiên tiến
1.4. Pin lớn và cổng kết nối đa dạng cho trải nghiệm tiện lợi
1.5. Hình ảnh nét, hiển thị rực rỡ giúp làm việc và giải trí hiệu quả
2. Mua ngay laptop ASUS Vivobook S14 S5406SA PP168WS chính hãng tại CellphoneS
Laptop ASUS Vivobook S14 S5406SA PP168WS - Trải nghiệm mượt mà, hiển thị vượt trội
Laptop ASUS Vivobook S14 S5406SA PP168WS đánh dấu bước tiến mới trong công nghệ laptop thông minh với khả năng xử lý tiên tiến. Thiết bị laptop Asus Vivobook này được phát triển nhằm đáp ứng nhu cầu cao của người dùng về hiệu suất xử lý, chất lượng hiển thị của máy tính xách tay.
Thoải mái lưu trữ, xử lý mượt mà với dung lượng ổn định
Laptop ASUS Vivobook S14 S5406SA PP168WS có hệ thống RAM LPDDR5X dung lượng 16GB được gắn liền với bo mạch chủ mang lại hiệu quả xử lý vượt trội. Với cấu hình này, việc vận hành đồng thời nhiều ứng dụng trở nên dễ dàng hơn bao giờ hết. Người dùng có thể làm việc với các phần mềm phức tạp, mở nhiều cửa sổ trình duyệt mà không chậm trễ.
Bên cạnh đó, ổ cứng SSD 512GB chuẩn M.2 NVMe PCIe 4.0 giúp người dùng truy cập dữ liệu nhanh và ổn định hơn. Nhờ đó, người dùng có thể khởi động máy với thời gian rút ngắn còn vài giây, các chương trình nặng được mở gần như tức thì. Dung lượng lưu trữ này đủ rộng để chứa các tệp tin quan trọng, dự án làm việc và nội dung giải trí cá nhân.
Thiết kế mỏng nhẹ, gam màu thanh lịch và chuyên nghiệp
Lớp vỏ ngoài của laptop ASUS Vivobook S14 S5406SA PP168WS được gia công từ chất liệu nhôm cao cấp tạo nên độ cứng cáp và khả năng tỏa nhiệt tối ưu. Vật liệu này không chỉ chống chịu tốt với va đập mà còn mang lại cảm giác sang trọng khi sờ chạm cho người dùng.
Tông màu đen trung tính tạo nên vẻ ngoài thanh lịch, phù hợp với nhiều không gian làm việc khác nhau. Đồng thời, máy tính được hoàn thiện với khối lượng chỉ 1.3kg khiến việc mang theo trở nên nhẹ nhàng, không gây áp lực cho vai gáy khi di chuyển. Độ mỏng chỉ từ 1.39 đến 1.59cm giúp máy dễ dàng đặt gọn trong cặp sách hay túi xách.
Bộ vi xử lý thông minh với card đồ hoạ tiên tiến
Laptop ASUS Vivobook S14 S5406SA PP168WS có công nghệ Intel AI Boost NPU với khả năng tính toán tới 40TOPS đánh dấu công nghệ hiện đại ở lĩnh vực máy tính thông minh. Những tính năng AI hỗ trợ mang lại giá trị thực tiễn cao cho các chuyên gia công nghệ, nhà phân tích dữ liệu và những người làm việc với khối lượng thông tin lớn.
Đồng thời, laptop còn sở hữu chip Intel Core Ultra 5 226V sở hữu 8 lõi, 8 luồng với tần số cơ bản 2.1GHz và có thể tăng tốc lên tới 4.5GHz khi cần thiết. Bộ nhớ đệm 8MB hỗ trợ thiết bị tăng tốc truy xuất, mang lại trải nghiệm làm việc trơn tru.
Card đồ họa Intel Arc Graphics tích hợp cho hiệu năng xử lý hình ảnh mạnh mẽ hơn so với giải pháp truyền thống. Với kiến trúc hiện đại, card đồ họa này xử lý tốt các tác vụ đồ họa cơ bản, hỗ trợ chơi game và dựng video độ phân giải cao. 
Pin lớn và cổng kết nối đa dạng cho trải nghiệm tiện lợi
Viên pin 75WHrs với công nghệ 4-cell Li-ion cho phép người dùng sử dụng laptop ASUS Vivobook S14 S5406SA PP168WS liên tục trong thời gian dài. Hệ thống quản lý điện năng được tối ưu hóa giúp kéo dài thời lượng pin dựa trên mức độ sử dụng thực tế của từng cá nhân.
Bên cạnh đó, laptop còn được tích hợp bộ cổng kết nối phong phú với 2 cổng USB 3.2 Gen 1 Type-A hỗ trợ kết nối các thiết bị ngoại vi phổ biến. Cặp cổng Thunderbolt 4 với tốc độ truyền tải 40Gbps cho phép kết nối màn hình độ phân giải cao và sạc nhanh thiết bị.
Cổng HDMI 2.1 TMDS cho phép truyền hình ảnh sắc nét lên màn hình ngoài hoặc TV. Jack cắm tai nghe 3.5mm và khe đọc thẻ Micro SD mang đến sự thuận tiện cho người dùng có nhu cầu làm việc với âm thanh và lưu trữ di động. 
Hình ảnh nét, hiển thị rực rỡ giúp làm việc và giải trí hiệu quả
Laptop ASUS Vivobook S14 S5406SA PP168WS trang bị màn hình OLED 14 inch đạt chuẩn 3K (2880 x 1800) giúp tái hiện màu sắc chân thực và độ nét cao. Tần số quét 120Hz đảm bảo chuyển động liền mạch khi duyệt web, xem phim hoặc tham gia các hoạt động giải trí. 
Đồng thời, màn hình còn được trang bị các công nghệ hiển thị tiên tiến như độ sáng đỉnh 600nits cho phép người dùng quan sát nội dung cả trong môi trường có ánh sáng mạnh. Khả năng hiển thị 100% màu DCI-P3 tái hiện màu sắc chính xác, phù hợp với công việc thiết kế chuyên nghiệp.
Kết hợp với tính năng giảm ánh sáng xanh 70%, máy tính bảo vệ thị giác của người dùng khỏi mỏi mệt khi sử dụng kéo dài. Chứng nhận VESA Display HDR True Black 600 đảm bảo trải nghiệm chất lượng cao với độ tương phản sâu của công nghệ OLED.
Mua ngay laptop ASUS Vivobook S14 S5406SA PP168WS chính hãng tại CellphoneS
Laptop ASUS Vivobook S14 S5406SA PP168WS kết hợp vượt trội giữa công nghệ tiên tiến, màn hình OLED chất lượng cao và thiết kế cao cấp. CellphoneS đem lại trải nghiệm mua sắm an toàn với hàng chính hãng, chi phí và bảo hành rõ ràng. Quý khách có thể tham khảo chi tiết và xem trực tiếp sản phẩm tại khu vực demo của cửa hàng. Đặc biệt, các chương trình ưu đãi trả góp 0% lãi suất và giảm giá đặc biệt giúp việc sở hữu laptop thuận tiện hơn.","{""Bộ xử lý & Đồ họa"": [{""name"": ""Chip AI"", ""value"": ""Intel AI Boost NPU up to 40TOPS""}, {""name"": ""Loại card đồ họa"", ""value"": ""Intel Arc Graphics""}, {""name"": ""Loại CPU"", ""value"": ""Intel Core Ultra 5 226V 16GB 2.1 GHz (8MB Cache, up to 4.5 GHz, 8 lõi, 8 luồng)""}], ""Bộ nhớ RAM, Ổ cứng"": [{""name"": ""Dung lượng RAM"", ""value"": ""16GB""}, {""name"": ""Loại RAM"", ""value"": ""LPDDR5X 16GB""}, {""name"": ""Ổ cứng"", ""value"": ""512GB M.2 NVMe PCIe 4.0 SSD""}], ""Màn hình"": [{""name"": ""Tần số quét"", ""value"": ""120 Hz""}, {""name"": ""Chất liệu tấm nền"", ""value"": ""Tấm nền Oled""}, {""name"": ""Kích thước màn hình"", ""value"": ""14 inches""}, {""name"": ""Công nghệ màn hình"", ""value"": ""Độ sáng 400 nits\nĐộ sáng tối đa 600 nits HDR\nĐộ phủ màu 100% DCI-P3\nÁnh xạ gam màu\nTỷ lệ tương phản 1.000.000:1\nMàn hình HDR được chứng nhận VESA\nHDR True Black 600\n1.07 tỷ màu\nGiảm 70% ánh sáng xanh có hại""}, {""name"": ""Độ phân giải màn hình"", ""value"": ""2880 x 1800 pixels""}], ""Âm thanh"": [{""name"": ""Công nghệ âm thanh"", ""value"": ""Công nghệ Smart Amp\nLoa tích hợp\nMicrô tích hợp\nMicrô mảng tích hợp\nHarman/Kardon (Mainstream)""}], ""Cổng kết nối"": [{""name"": ""Khe đọc thẻ nhớ"", ""value"": ""Có""}, {""name"": ""Wi-Fi"", ""value"": ""Wi-Fi 7(802.11be) (Tri-band)2*2""}, {""name"": ""Bluetooth"", ""value"": ""Bluetooth 5.4""}, {""name"": ""Cổng giao tiếp"", ""value"": ""2x USB 3.2 Gen 1 Type-A (5Gbps)\n2x Thunderbolt 4 hỗ trợ hiển thị/cấp nguồn (40Gbps)\n1x HDMI 2.1 TMDS\n1x Jack âm thanh kết hợp 3.5mm\nĐầu đọc thẻ nhớ Micro SD""}], ""Kích thước & Trọng lượng"": [{""name"": ""Chất liệu"", ""value"": ""Vỏ kim loại""}, {""name"": ""Chất liệu vỏ màn hình"", ""value"": ""Nhôm""}, {""name"": ""Chất liệu vỏ trên"", ""value"": ""Nhôm""}, {""name"": ""Chất liệu vỏ dưới"", ""value"": ""Nhôm""}, {""name"": ""Kích thước"", ""value"": ""31.05 x 22.19 x 1.39 ~ 1.59 cm (Dài x Rộng x Dày)""}, {""name"": ""Trọng lượng"", ""value"": ""1.30 kg""}], ""Tiện ích khác"": [{""name"": ""Tính năng đặc biệt"", ""value"": ""Nhận diện khuôn mặt, Màn hình Oled, Wi-Fi 7""}], ""Tính năng khác"": [{""name"": ""Loại đèn bàn phím"", ""value"": ""Bàn phím Chiclet có đèn nền RGB 1 vùng, không có phím số Có phím Copilot""}, {""name"": ""Bảo mật"", ""value"": ""Webcam hồng ngoại hỗ trợ Windows Hello\nMcAfee\nBộ xử lý bảo mật Microsoft Pluton\nMô-đun Nền tảng Đáng tin cậy (Phần mềm TPM)""}, {""name"": ""Webcam"", ""value"": ""Camera FHD có chức năng IR hỗ trợ Windows Hello, có màn trập camera""}, {""name"": ""Hệ điều hành"", ""value"": ""Windows 11 Home + Microsoft Office Home 2024 + Microsoft 365 Basic""}], ""Pin & công nghệ sạc"": [{""name"": ""Pin"", ""value"": ""75WHrs, 4S1P, 4-cell Li-ion""}]}","[""https://cdn2.cellphones.com.vn/x/media/catalog/product/l/a/laptop_asus_vivobook_s14_s5406sa-pp168ws_-_1.png"", ""https://cdn2.cellphones.com.vn/x/media/catalog/product/l/a/laptop_asus_vivobook_s14_s5406sa-pp168ws_-_2.png"", ""https://cdn2.cellphones.com.vn/x/media/catalog/product/l/a/laptop_asus_vivobook_s14_s5406sa-pp168ws_-_3.png""]","{""product_color_1"": {""color"": ""Đen"", ""image_url"": ""https://cellphones.com.vn/laptop-asus-vivobook-s14-s5406sa-pp168ws.html?product_id=112400"", ""price"": ""25.990.000₫""}}"
Laptop ASUS Vivobook S16 S3607CA-SH082WS,laptop-asus-vivobook-s16-s3607ca-sh082ws,23.990.000đ,22.090.000đ,"Đặc điểm nổi bật
Laptop Asus Vivobook S16 S3607CA SH082WS sở hữu cấu hình mạnh mẽ với chip Intel Core Ultra 5 225H, cùng bộ nhớ RAM 16GB DDR5 và SSD 512GB tốc độ cao. Máy sở hữu màn hình 16 inch OLED độ phân giải 1920 x 1200 pixels, tần số quét 60Hz mang đến chuyển động hình ảnh trơn tru. Mẫu màn hình Asus Vivobook này còn trang bị đầy đủ cổng kết nối, đi kèm webcam FHD hỗ trợ mở khóa khuôn mặt.
Nội dung chính
1. Laptop Asus Vivobook S16 S3607CA SH082WS - Thiết kế mỏng nhẹ, đậm chất thời trang
1.1. Ứng dụng AI mới giúp cải thiện quá trình xử lý công việc
1.2. RAM 16GB cùng ổ cứng SSD 512GB tốc độ cao, xử lý mượt mà
1.3. Thiết kế mỏng nhẹ, màu sắc hiện đại phù hợp xu hướng
1.4. Chip Intel Core Ultra 5 225H, GPU Intel Arc Graphics
1.5. Dung lượng pin 70Wh, sạc nhanh và kết nối đa dạng
1.6. Sử dụng màn hình 16 inch lớn, hỗ trợ hiển thị mượt 60Hz
2. Mua laptop Asus Vivobook S16 S3607CA SH082WS chính hãng tại CellphoneS
Laptop Asus Vivobook S16 S3607CA SH082WS - Thiết kế mỏng nhẹ, đậm chất thời trang
Laptop Asus Vivobook S16 S3607CA SH082WS là lựa chọn nên cân nhắc cho những người dùng đang cần một thiết bị đáp ứng tốt từ công việc đến giải trí. Sự kết hợp giữa công nghệ mới và khả năng vận hành ổn định mang lại trải nghiệm sử dụng mượt mà, đáng tin cậy.
Ứng dụng AI mới giúp cải thiện quá trình xử lý công việc
Laptop Asus Vivobook S16 S3607CA SH082WS được tích hợp loạt tính năng AI thông minh, giúp nâng cao hiệu suất làm việc và trải nghiệm sử dụng hàng ngày. Đặc biệt, máy có sẵn phím tắt Microsoft Copilot, cho phép người dùng truy cập nhanh trợ lý ảo AI. Điều này giúp việc tìm kiếm thông tin, tóm tắt văn bản hay sắp xếp công việc nhanh chỉ với một lần nhấn.
Bên cạnh đó, dòng laptop này còn đi kèm NPU Intel AI Boost, hỗ trợ tốt các tác vụ AI như khử ồn, chỉnh sáng tự động hay nhận diện khuôn mặt qua camera IR. Nhờ đó, mọi thao tác từ học tập, họp hành đến sáng tạo nội dung của người dùng đều tiện lợi và mượt mà hơn.
RAM 16GB cùng ổ cứng SSD 512GB tốc độ cao, xử lý mượt mà
Laptop Asus Vivobook S16 S3607CA SH082WS trang bị bộ nhớ RAM 16GB DDR5, giúp xử lý đa tác vụ nhanh chóng, kể cả khi mở nhiều tab trình duyệt cùng lúc. Thiết bị này rất thích hợp cho người dùng cần xử lý văn bản, làm đồ họa hoặc làm việc với khối dữ liệu lớn.
Cùng với đó, ổ cứng SSD dung lượng 512GB chuẩn PCIe Gen 4.0 đáp ứng nhu cầu lưu trữ thoải mái. Đồng thời, máy cũng có thể khởi động nhanh, truy cập ứng dụng tức thì và rút ngắn đáng kể thời gian chờ. Với bộ đôi RAM và SSD cao cấp này, người dùng có thể yên tâm sử dụng chiếc laptop này trong khoảng thời gian dài mà không lo bị chậm hay giật lag.
Thiết kế mỏng nhẹ, màu sắc hiện đại phù hợp xu hướng
Laptop Asus Vivobook S16 S3607CA SH082WS có thiết kế mỏng nhẹ với độ dày chỉ 1.59cm và trọng lượng 1.7kg, thuận tiện cho ai thường xuyên di chuyển. Máy được hoàn thiện từ chất liệu cao cấp, mang đến cảm giác chắc chắn nhưng vẫn giữ được nét thanh lịch.
Logo ASUS Vivobook được dập nổi trên mặt lưng, góp phần tăng nhận diện thương hiệu cho sản phẩm. Phiên bản màu Matte Gray (Xám) mang phong cách tối giản hiện đại, phù hợp với cả những người trẻ năng động lẫn nhân viên văn phòng chuyên nghiệp. Đây là một mẫu laptop không chỉ mạnh mẽ bên trong mà còn bắt mắt và hợp thời trang ở bên ngoài hiện nay.
Chip Intel Core Ultra 5 225H, GPU Intel Arc Graphics
Hiệu năng của laptop Asus Vivobook S16 S3607CA SH082WS đến từ con chip Intel Core Ultra 5 225H thế hệ mới. Bộ vi xử lý này sở hữu 14 nhân 14 luồng cùng với xung nhịp tối đa lên đến 4.9GHz, cho khả năng xử lý mạnh mẽ nhưng vẫn tiết kiệm điện năng hiệu quả.
Kết hợp cùng với đó là GPU Intel Arc Graphics, máy có thể xử lý tốt các tác vụ đồ họa như chỉnh sửa ảnh, video, dựng clip nhẹ hay thậm chí chơi một số tựa game phổ biến. Ví dụ như: Valorant, Liên Minh Huyền Thoại hay CS:GO. Đây là một cấu hình thích hợp cho những ai đang tìm kiếm một chiếc laptop đủ mạnh để đáp ứng các nhu cầu công việc đa nhiệm.
Dung lượng pin 70Wh, sạc nhanh và kết nối đa dạng
Laptop Asus Vivobook S16 S3607CA SH082WS sở hữu viên pin dung lượng lớn 70Wh, một con số ấn tượng đối với một mẫu laptop mỏng nhẹ. Nhờ vậy, máy có thể hoạt động liên tục nhiều giờ mà không cần sạc lại, đáp ứng nhu cầu làm việc hoặc học tập cả ngày dài. Đặc biệt, tính năng sạc nhanh sẽ giúp laptop đạt được 60% pin chỉ trong vòng 49 phút rất tiện lợi.
Bên cạnh thời lượng pin, máy còn được trang bị hệ thống cổng kết nối đa dạng gồm 2 cổng USB Type-C, 2 cổng USB-A 3.2 Type-A, 1 cổng HDMI 1.4 và jack tai nghe 3.5mm. Kết nối không dây ổn định với Wi-Fi 6 và Bluetooth 5.3, mang lại trải nghiệm truyền tải dữ liệu nhanh chóng và mượt mà.
Sử dụng màn hình 16 inch lớn, hỗ trợ hiển thị mượt 60Hz
Điểm thu hút của laptop Asus Vivobook S16 S3607CA SH082WS chính là màn hình 16 inch với độ phân giải 1920 x 1200 pixels. Nhờ kích thước lớn, màn hình này mang đến không gian hiển thị rộng rãi và trực quan hơn so với nhiều thiết bị khác. Nhờ tấm nền OLED, hình ảnh được tái hiện sống động, màu sắc chân thực, phù hợp cho cả làm việc lẫn giải trí.
Đặc biệt, tần số quét lên đến 60Hz giúp hình ảnh chuyển động mượt mà hơn, thích hợp khi lướt web, xem video hoặc chơi game nhẹ. Ngoài ra, màn hình còn có độ sáng cao lên đến 300nits, giúp người dùng làm việc tốt ngay cả trong những môi trường ánh sáng mạnh.
Mua laptop Asus Vivobook S16 S3607CA SH082WS chính hãng tại CellphoneS
Laptop Asus Vivobook S16 S3607CA SH082WS hiện đã có mặt tại CellphoneS với mức giá vô cùng phải chăng và cam kết hàng chính hãng 100%. Khi mua tại đây, khách hàng sẽ được hưởng chính sách bảo hành rõ ràng cùng nhiều ưu đãi hấp dẫn theo từng thời điểm.
CellphoneS còn có chương trình trả góp 0% lãi suất, hỗ trợ khách hàng tiếp cận sản phẩm dễ dàng. Đặt mua sản phẩm này nhanh chóng tại website hoặc cửa hàng gần khu vực nhất!","{""Bộ xử lý & Đồ họa"": [{""name"": ""Chip AI"", ""value"": ""Intel AI Boost NPU up to 13TOPS""}, {""name"": ""Loại card đồ họa"", ""value"": ""Intel Arc Graphics""}, {""name"": ""Loại CPU"", ""value"": ""Intel Core Ultra 5 225H 1.7 GHz (18MB Cache, up to 4.9 GHz, 14 lõi, 14 luồng)""}], ""Bộ nhớ RAM, Ổ cứng"": [{""name"": ""Dung lượng RAM"", ""value"": ""16GB""}, {""name"": ""Loại RAM"", ""value"": ""DDR5""}, {""name"": ""Số khe ram"", ""value"": ""Có thể nâng cấp; Cần tháo vỏ dưới/trên""}, {""name"": ""Ổ cứng"", ""value"": ""512GB M.2 NVMe PCIe 4.0 SSD""}], ""Màn hình"": [{""name"": ""Tần số quét"", ""value"": ""60Hz""}, {""name"": ""Chất liệu tấm nền"", ""value"": ""Tấm nền Oled""}, {""name"": ""Kích thước màn hình"", ""value"": ""16 inches""}, {""name"": ""Công nghệ màn hình"", ""value"": ""Độ sáng 300 nits\nĐộ sáng tối đa 500 nits\nĐộ phủ màu 95% DCI-P3\nTỷ lệ tương phản 1.000.000:1\n1.07 tỷ màu\nMàn hình chống chói\nÁnh sáng xanh thấp, giảm 70% ánh sáng xanh có hại""}, {""name"": ""Độ phân giải màn hình"", ""value"": ""1920 x 1200 pixels""}], ""Âm thanh"": [{""name"": ""Công nghệ âm thanh"", ""value"": ""Loa tích hợp\nMicrô mảng tích hợp""}], ""Kích thước & Trọng lượng"": [{""name"": ""Chất liệu"", ""value"": ""Vỏ nhựa - nắp lưng kim loại""}, {""name"": ""Chất liệu vỏ màn hình"", ""value"": ""Nhôm""}, {""name"": ""Chất liệu vỏ trên"", ""value"": ""Nhựa""}, {""name"": ""Chất liệu vỏ dưới"", ""value"": ""Nhôm""}, {""name"": ""Kích thước"", ""value"": ""35.70 x 25.06 x 1.59 ~ 1.79 cm (Dài x Rộng x Dày)""}, {""name"": ""Trọng lượng"", ""value"": ""1.70 kg""}], ""Tiện ích khác"": [{""name"": ""Tính năng đặc biệt"", ""value"": ""Wi-Fi 6, Nhận diện khuôn mặt, Màn hình Oled""}], ""Tính năng khác"": [{""name"": ""Loại đèn bàn phím"", ""value"": ""Bàn phím Chiclet có đèn nền với phím số""}, {""name"": ""Bảo mật"", ""value"": ""Webcam hồng ngoại hỗ trợ Windows Hello\nMcAfee\nBảo vệ mật khẩu người dùng khi khởi động BIOS\nMô-đun nền tảng đáng tin cậy (Phần mềm TPM)""}, {""name"": ""Webcam"", ""value"": ""Camera FHD có chức năng IR hỗ trợ Windows Hello; Có màn trập riêng tư""}, {""name"": ""Hệ điều hành"", ""value"": ""Windows 11 Home + Microsoft Office Home 2024 + Microsoft 365 Basic""}], ""Pin & công nghệ sạc"": [{""name"": ""Pin"", ""value"": ""70WHrs, 4S1P, 4-cell Li-ion""}], ""Cổng kết nối"": [{""name"": ""Wi-Fi"", ""value"": ""Wi-Fi 6(802.11ax) (Dual band) 2*2""}, {""name"": ""Bluetooth"", ""value"": ""Bluetooth 5.3""}, {""name"": ""Cổng giao tiếp"", ""value"": ""2x USB 3.2 Gen 1 Type-A (tốc độ dữ liệu lên đến 5Gbps)\n2x USB 3.2 Gen 1 Type-C hỗ trợ hiển thị/cấp nguồn (tốc độ dữ liệu lên đến 5Gbps)\n1x HDMI 1.4\n1x Giắc cắm âm thanh kết hợp 3.5mm""}]}","[""https://cdn2.cellphones.com.vn/x/media/catalog/product/l/a/laptop_asus_vivobook_s16_s3607ca-sh082ws_-_1.png"", ""https://cdn2.cellphones.com.vn/x/media/catalog/product/l/a/laptop_asus_vivobook_s16_s3607ca-sh082ws_-_2.png"", ""https://cdn2.cellphones.com.vn/x/media/catalog/product/l/a/laptop_asus_vivobook_s16_s3607ca-sh082ws_-_3.png""]","{""product_color_1"": {""color"": ""Xám"", ""image_url"": ""https://cellphones.com.vn/laptop-asus-vivobook-s16-s3607ca-sh082ws.html?product_id=108974"", ""price"": ""22.090.000₫""}}"
Laptop ASUS ZenBook 14 UX3405CA-ST648W,laptop-asus-zenbook-14-ux3405ca-st648w,41.990.000đ,37.090.000đ,"Đặc điểm nổi bật
Laptop ASUS ZenBook 14 UX3405CA-ST648W trang bị Intel® AI Boost NPU với hiệu suất lên đến 13 TOPS, hỗ trợ xử lý các tác vụ AI trực tiếp trên thiết bị. Laptop có khối lượng nhẹ khoảng 1.20 kg, phù hợp mang theo khi di chuyển. Mẫu laptop Asus Zenbook này còn sở hữu pin lên đến 75Wh, đáp ứng thời lượng sử dụng ổn định cho làm việc và giải trí. 
Nội dung chính
1. Laptop ASUS ZenBook 14 UX3405CA-ST648W - Hướng đến hiệu suất và tính di động
1.1. Tính năng AI hỗ trợ làm việc trực tuyến
1.2. Dung lượng RAM 32GB và SSD 1TB cho hiệu suất vượt trội
1.3. Ngoại hình mỏng nhẹ, thuận tiện mang theo
1.4. Cấu hình xử lý & card đồ họa cho đa nhiệm linh hoạt
1.5. Nguồn sạc linh hoạt và các cổng kết nối đa dạng
1.6. Màn hình OLED 3K cho hiển thị chân thực, rõ nét
2. Mua ngay laptop ASUS ZenBook 14 UX3405CA-ST648W tại CellphoneS
Laptop ASUS ZenBook 14 UX3405CA-ST648W - Hướng đến hiệu suất và tính di động
Laptop ASUS ZenBook 14 mang đến sự cân đối giữa thiết kế mỏng nhẹ, cấu hình hiện đại và trải nghiệm hiển thị chất lượng cao. ASUS ZenBook 14 UX3405CA-ST648W thích hợp với người dùng cần chiếc laptop gọn nhẹ, đáp ứng tốt hiệu năng làm việc hằng ngày. 
Tính năng AI hỗ trợ làm việc trực tuyến
Laptop ASUS ZenBook 14 UX3405CA-ST648W được trang bị Intel® AI Boost NPU đạt 13 TOPS, hỗ trợ xử lý AI trực tiếp trên máy mà không phụ thuộc vào đám mây. ZenBook 14 còn hỗ trợ AI Noise Canceling, giúp loại bỏ tạp âm nền trong thời gian thực khi gọi video hoặc họp trực tuyến.
Hiệu năng hiện đại với tính năng AI hỗ trợ 
Camera FHD của máy tích hợp cảm biến hồng ngoại (IR) kết hợp tính năng AI giúp nhận diện khuôn mặt và đăng nhập bằng Windows Hello nhanh chóng và an toàn. Các tính năng này được quản lý qua phần mềm MyASUS, cho phép người dùng tùy chỉnh hiệu năng và các ưu tiên AI khác theo nhu cầu sử dụng cá nhân. 
Dung lượng RAM 32GB và SSD 1TB cho hiệu suất vượt trội
ASUS ZenBook 14 UX3405CA-ST648W được trang bị 32GB RAM LPDDR5X onboard, đáp ứng hiệu quả các tác vụ nặng và đa nhiệm. Với dung lượng 32GB, hệ thống cho phép xử lý đồng thời nhiều ứng dụng chuyên sâu mà vẫn duy trì sự ổn định trong quá trình sử dụng.
Lưu trữ tốc độ cao với SSD 1TB
ZenBook 14 trang bị ổ cứng SSD M.2 NVMe PCIe 4.0 dung lượng 1TB, giúp tăng tốc độ đọc ghi và rút ngắn thời gian phản hồi ứng dụng. Ổ SSD PCIe 4.0 góp phần nâng cao tốc độ khởi động hệ điều hành, chuyển file có dung lượng lớn. 
Ngoại hình mỏng nhẹ, thuận tiện mang theo
Laptop ASUS ZenBook 14 UX3405CA-ST648W sở hữu thiết kế mỏng nhẹ với trọng lượng khoảng 1.20 kg, phù hợp cho nhu cầu làm việc và di chuyển hằng ngày. Khung máy sử dụng chất liệu nhôm, góp phần tăng độ cứng cáp cho thiết bị. Các đường nét tối giản tạo nên tổng thể hài hòa, phù hợp với nhiều môi trường làm việc.
Tổng thể hài hòa với kiểu dáng mỏng nhẹ 
Laptop có màu Ponder Blue đồng bộ trên nắp máy, thân và mặt đáy, góp phần tạo nên vẻ ngoài hiện đại và tinh tế. ZenBook 14 còn đạt tiêu chuẩn độ bền US MIL-STD 810H, giúp tăng khả năng chịu tác động trong điều kiện sử dụng thực tế. Bàn phím Chiclet còn tích hợp đèn nền hỗ trợ thao tác dễ hơn trong điều kiện ánh sáng yếu.
Cấu hình xử lý & card đồ họa cho đa nhiệm linh hoạt
Laptop ASUS ZenBook 14 sử dụng Intel® Arc™ Graphics tích hợp, mang lại hiệu suất xử lý hình ảnh và video tốt hơn so với đồ họa tích hợp truyền thống. GPU Intel Arc được tối ưu để đáp ứng các tác vụ đồ họa phổ thông như xem video chất lượng cao, chỉnh sửa hình ảnh, đồng thời tiết kiệm điện năng hiệu quả. 
Làm việc đa nhiệm với đồ họa mạnh mẽ 
Bên cạnh đó, ASUS ZenBook còn sử dụng bộ vi xử lý Intel® Core™ Ultra 9 Processor 285H, thuộc thế hệ Intel Core Ultra mới. Bộ xử lý này có 16 nhân 16 luồng, xung nhịp tối đa 5.4 GHz và bộ nhớ đệm 24 MB, mang lại hiệu quả nhiều tác vụ từ làm việc văn phòng đến sáng tạo nội dung. 
Nguồn sạc linh hoạt và các cổng kết nối đa dạng
Laptop ASUS ZenBook 14 UX3405CA-ST648W được trang bị pin dung lượng 75Wh, mang lại thời lượng sử dụng thoải mái khi làm việc hoặc giải trí liên tục. ZenBook 14 hỗ trợ sạc qua cổng USB-C với công suất tối đa 65W, cho phép người dùng sạc nhanh bằng adapter đi kèm hoặc qua các bộ sạc USB-C tương thích.
Hiệu năng pin ổn định và kết nối thiết bị phong phú
ASUS ZenBook 14 còn cung cấp 1 cổng USB 3.2 Gen 1 Type-A, hỗ trợ sử dụng các thiết bị ngoại vi. Ngoài ra, máy còn có 2 cổng Thunderbolt™ 4 với tốc độ 40Gbps, 1 cổng HDMI 2.1 TMDS và 1 jack tai nghe 3.5mm combo. Sự đa dạng của các cổng này, hỗ trợ kết nối linh hoạt với nhiều thiết bị khác mà không cần hub mở rộng. 
Màn hình OLED 3K cho hiển thị chân thực, rõ nét
Laptop ASUS ZenBook 14 UX3405CA-ST648W sở hữu màn hình sắc nét OLED 14.0 inch với độ phân giải 3K (2880 × 1800) với tỷ lệ diện tích hiển thị rộng rãi 16:10. Màn hình này hỗ trợ dải màu DCI-P3 với 1.07 tỷ màu, cho khả năng tái tạo màu chính xác, phù hợp chỉnh sửa hình ảnh, đồ họa và giải trí chất lượng cao.
Tần số quét cao cho phản hồi nhanh chóng
ASUS ZenBook 14 còn nổi bật với tần số quét 120Hz cùng thời gian phản hồi 0.2ms, mang lại trải nghiệm hiển thị nhanh chóng. Màn hình còn đạt độ sáng 500 nits tiêu chuẩn và 1000 nits ở chế độ HDR, giúp hiển thị rõ ràng ở môi trường sáng và giữ chi tiết nổi bật ở vùng sáng và tối.
Mua ngay laptop ASUS ZenBook 14 UX3405CA-ST648W tại CellphoneS
Khách hàng có thể tin tưởng mua laptop ASUS ZenBook 14 UX3405CA-ST648W chính hãng tại CellphoneS. Tại CellphoneS, các mặt hàng bày bán đều là có nguồn gốc chính hãng đi kèm bảo hành đầy đủ. Ngoài ra, hệ thống luôn có các chính sách hỗ trợ khách hàng như thu cũ đổi mới, giao hàng toàn quốc. Hơn thế nữa, CellphoneS luôn đưa ra các ưu đãi cùng mức giá cực hời cho quý khách hàng.","{""Bộ xử lý & Đồ họa"": [{""name"": ""Chip AI"", ""value"": ""Intel AI Boost NPU up to 13TOPS""}, {""name"": ""Loại card đồ họa"", ""value"": ""Intel Arc Graphics""}, {""name"": ""Loại CPU"", ""value"": ""Intel Core Ultra 9 285H 2.9 GHz (24MB Cache, up to 5.4 GHz, 16 lõi, 16 luồng)""}], ""Bộ nhớ RAM, Ổ cứng"": [{""name"": ""Dung lượng RAM"", ""value"": ""32GB""}, {""name"": ""Loại RAM"", ""value"": ""LPDDR5X on board""}, {""name"": ""Ổ cứng"", ""value"": ""1TB M.2 NVMe PCIe 4.0 SSD""}], ""Màn hình"": [{""name"": ""Tần số quét"", ""value"": ""120 Hz""}, {""name"": ""Chất liệu tấm nền"", ""value"": ""Tấm nền Oled""}, {""name"": ""Kích thước màn hình"", ""value"": ""14 inches""}, {""name"": ""Công nghệ màn hình"", ""value"": ""Độ sáng 500 nits\nĐộ sáng tối đa 1000 nits HDR\nĐộ phủ màu 100% DCI-P3\nTỷ lệ tương phản 1.000.000:1\nDisplay HDR True Black 1000\n1.07 tỷ màu\nGiảm 70% ánh sáng xanh có hại\nĐược chứng nhận bởi TÜV Rheinland\nSGS Eye Care Display""}, {""name"": ""Độ phân giải màn hình"", ""value"": ""2880 x 1800 pixels""}], ""Âm thanh"": [{""name"": ""Công nghệ âm thanh"", ""value"": ""Công nghệ Smart Amp\nLoa tích hợp\nMicrophone mảng tích hợp""}], ""Kích thước & Trọng lượng"": [{""name"": ""Chất liệu"", ""value"": ""Vỏ kim loại""}, {""name"": ""Chất liệu vỏ màn hình"", ""value"": ""Nhôm""}, {""name"": ""Chất liệu vỏ trên"", ""value"": ""Nhôm""}, {""name"": ""Chất liệu vỏ dưới"", ""value"": ""Nhôm""}, {""name"": ""Kích thước"", ""value"": ""31.24 x 22.01 x 1.49 ~ 1.49 cm (Dài x Rộng x Dày)""}, {""name"": ""Trọng lượng"", ""value"": ""1.20 kg""}], ""Tiện ích khác"": [{""name"": ""Tính năng đặc biệt"", ""value"": ""Nhận diện khuôn mặt, Màn hình Oled, Wi-Fi 7""}], ""Tính năng khác"": [{""name"": ""Loại đèn bàn phím"", ""value"": ""Bàn phím Chiclet có đèn nền""}, {""name"": ""Bảo mật"", ""value"": ""Webcam hồng ngoại (IR) hỗ trợ Windows Hello\nMcAfee\nMô-đun nền tảng tin cậy TPM (Firmware TPM)""}, {""name"": ""Webcam"", ""value"": ""Camera FHD với chức năng hồng ngoại hỗ trợ Windows Hello, có màn trập camera""}, {""name"": ""Hệ điều hành"", ""value"": ""Windows 11 Home""}], ""Pin & công nghệ sạc"": [{""name"": ""Pin"", ""value"": ""75WHrs, 2S2P, 4-cell Li-ion""}], ""Cổng kết nối"": [{""name"": ""Wi-Fi"", ""value"": ""Wi-Fi 7(802.11be) (Tri-band)2*2""}, {""name"": ""Bluetooth"", ""value"": ""Bluetooth 5.4""}, {""name"": ""Cổng giao tiếp"", ""value"": ""1 x USB 3.2 Gen 1 Type-A (tốc độ dữ liệu tối đa 5Gbps)\n2 x Thunderbolt 4 (hỗ trợ xuất hình / cấp nguồn, tốc độ dữ liệu tối đa 40Gbps)\n1 x HDMI 2.1 TMDS\n1 x Jack âm thanh 3.5 mm (tai nghe/micro)""}]}","[""https://cdn2.cellphones.com.vn/x/media/catalog/product/l/a/laptop_asus_zenbook_14_ux3405ca-st648w_-_1.png"", ""https://cdn2.cellphones.com.vn/x/media/catalog/product/l/a/laptop_asus_zenbook_14_ux3405ca-st648w_-_2.png"", ""https://cdn2.cellphones.com.vn/x/media/catalog/product/l/a/laptop_asus_zenbook_14_ux3405ca-st648w_-_3.png""]","{""product_color_1"": {""color"": ""Xanh"", ""image_url"": ""https://cellphones.com.vn/laptop-asus-zenbook-14-ux3405ca-st648w.html?product_id=123133"", ""price"": ""37.090.000₫""}}"
Laptop ASUS ROG Zephyrus G14 GA403WM-QS051WS,laptop-asus-rog-zephyrus-g14-ga403wm-qs051ws-ryzen-ai-9,56.940.000đ,55.990.000đ,"Đặc điểm nổi bật
Laptop ASUS ROG Zephyrus G14 GA403WM-QS051WS Ryzen AI 9 được trang bị VGA NVIDIA GeForce RTX 5060, mang lại khả năng xử lý đồ họa và hiệu ứng mượt mà không thua kém PC. Mẫu laptop ASUS ROG Zephyrus này còn sở hữu 32GB RAM LPDDR5X, hỗ trợ đa nhiệm mượt mà và hiệu quả. Màn hình ROG Nebula 14 inch 3K mở ra thế giới giải trí đẹp mắt cho game thủ. 
Nội dung chính
1. Laptop ASUS ROG Zephyrus G14 GA403WM-QS051WS Ryzen AI 9 - Mở ra kỷ nguyên hiệu năng mới
1.1. Nâng cao khả năng xử lý AI
1.2. Hiệu năng đột phá cùng hệ thống làm mát thông minh
1.3. Bộ nhớ RAM lớn, lưu trữ thoải mái với dung lượng 1TB
1.4. Thiết kế mảnh mai, điều khiển dễ dàng
1.5. Hiển thị đẹp mắt với màn hình ROG Nebula
1.6. Viên pin dùng cả ngày, kết nối mạnh mẽ
2. Mua laptop ASUS ROG Zephyrus G14 GA403WM-QS051WS Ryzen AI 9 giá tốt tại CellphoneS
Laptop ASUS ROG Zephyrus G14 GA403WM-QS051WS Ryzen AI 9 - Mở ra kỷ nguyên hiệu năng mới
Laptop ASUS ROG Zephyrus G14 GA403WM-QS051WS với cấu hình vượt trội sẽ là lựa chọn phù hợp cho cả công việc lẫn nhu cầu giải trí. Kích thước nhỏ gọn cùng thiết kế thanh mảnh giúp mẫu laptop ROG Zephyrus này gây ấn tượng ngay từ cái nhìn đầu tiên.
Nâng cao khả năng xử lý AI
Laptop ASUS ROG Zephyrus G14 GA403WM-QS051WS Ryzen AI 9 tích hợp AMD SDNA NPU - bộ xử lý chuyên dụng cho các tác vụ AI. Nhờ điều này, mẫu laptop ROG Zephyrus của ASUS có được khả năng lọc tiếng ồn, trò chuyện với trợ lý ảo, tự động lấy nét,...mà không cần trang bị thêm phần cứng.
Hiệu suất lên tới 50TOPS của NPU thậm chí còn vượt xa tiêu chuẩn yêu cầu của Microsoft cho Windows Copilot+. Điều đó đồng nghĩa với việc ASUS ROG Zephyrus G14 GA403WM-QS051WS có thể tiếp cận với các tính năng AI do Windows. Laptop còn được trang bị nút bấm Copilot trên bàn phím, giúp người dùng truy cập nhanh các tính năng AI.
Hiệu năng đột phá cùng hệ thống làm mát thông minh
Với bộ xử lý AMD Ryzen AI 9 HX 370, laptop ASUS ROG Zephyrus G14 còn mở ra một kỷ nguyên mới về hiệu năng. Con chip 12 nhân, 24 luồng do AMD phát triển sở hữu xung nhịp tối đa lên tới 5.1GHz cùng bộ nhớ đệm 36MB. Nhờ đó, mọi tác vụ đều được chip Ryzen AI 9 HX 370 thực hiện nhanh chóng, hiệu quả.
Laptop ASUS ROG Zephyrus G14 còn sở hữu card đồ hoạ rời GeForce RTX 5060. Mẫu VGA RTX 50 Series này mang lại khả năng xử lý đồ họa mượt mà cùng hiệu ứng ray tracing sắc nét, sánh ngang với PC. Từ đó, game thủ và nhà sáng tạo có thể sử dụng laptop cho mọi nhu cầu làm việc, giải trí.
Laptop ROG Zephyrus G14 còn được ASUS trang bị hệ thống làm mát ROG Intelligence Cooling. Thông qua 3 quạt Arc Flow Fan thế hệ thứ 2, keo kim loại lỏng và đường thoát khí được tái thiết kế, nhiệt độ sẽ luôn duy trì ở mức ổn định và không tạo tiếng ồn lớn.
Bộ nhớ RAM lớn, lưu trữ thoải mái với dung lượng 1TB
Phiên bản ASUS ROG Zephyrus G14 này được trang bị sẵn RAM LPDDR5X 7500 on board có dung lượng 32GB. Dù khe RAM chỉ hỗ trợ tối đa 32GB, nhưng mức dung lượng này vẫn đủ để đảm bảo khả năng đa nhiệm mạnh mẽ cho ASUS ROG Zephyrus.
Laptop ASUS ROG Zephyrus G14 GA403WM-QS051WS Ryzen AI 9 có một ổ cứng SSD dung lượng lên tới 1TB để mang tới khả năng lưu trữ, truy cập dữ liệu nhanh chóng. Người dùng có thể nâng cấp dung lượng ổ cứng lên tối đa 2TB để thoải mái hơn trong việc cài đặt trò chơi, lưu trữ dữ liệu trong công việc.
Thiết kế mảnh mai, điều khiển dễ dàng
Laptop ASUS ROG Zephyrus G14 GA403WM-QS051WS Ryzen AI 9 với vẻ ngoài hiện đại, mảnh mai sẽ gây ấn tượng với người dùng ngay từ lần tiếp xúc đầu tiên. Phần khung hợp kim nhôm của laptop được gia công CNC để có độ bền cao và sự chính xác trong từng chi tiết. Nắp máy được tích hợp thêm dải đèn chạy chéo để tạo nên tính độc đáo cho sản phẩm.
Với trọng lượng khoảng 1.5kg và độ dày 1.59 ~ 1.63cm, mẫu laptop gaming của ASUS còn có được tính cơ động cao, dễ dàng theo người dùng tới bất kỳ đâu. Phần bản lề được thiết kế ẩn, mang lại sự liền mạch cho tổng thể thiết kế, dù ở trạng thái đóng hay mở.
ASUS ROG Zephyrus G14 GA403WM-QS051WS còn được trang bị bộ bàn phím cải tiến, với hành trình phím nhằm mang tới trải nghiệm gõ hiệu quả hơn. Kích thước mũ phím cũng được tăng thêm để quá trình gõ diễn ra chính xác, mượt mà. Khu vực bàn di chuột cũng có cảm ứng cực lớn để thao tác cuộn diễn ra dễ dàng.
Hiển thị đẹp mắt với màn hình ROG Nebula
Laptop ASUS ROG Zephyrus G14 GA403WM-QS051WS Ryzen AI 9 đem đến chất lượng hiển thị ấn tượng với màn hình ROG Nebula sử dụng công nghệ OLED. Màn hình 14 inch của mẫu laptop ROG Zephyrus này sở hữu độ phân giải lên tới 3K. Mật độ pixel lớn kết hợp với kích thước màn hình vừa phải giúp mọi nội dung hiển thị sắc nét.
Màn hình ROG Nebula của laptop ASUS ROG Zephyrus G14 GA403WM-QS051WS còn hỗ trợ tần số làm mới 120Hz và công nghệ G-Sync. Nhờ vậy mà mọi chuyển động đều trở nên mượt mà như lụa. Độ sáng màn hình 500 nits cùng công nghệ OLED giúp laptop có thể hiển thị tốt trong mọi điều kiện ánh sáng.
Viên pin dùng cả ngày, kết nối mạnh mẽ
Laptop ASUS ROG Zephyrus G14 GA403WM-QS051WS cung cấp thời lượng hoạt động bền bỉ cả ngày với viên pin 73WHrs. Với tính năng sạc nhanh từ 0% đến 50% trong 30 phút, mẫu laptop gaming ASUS này sẽ luôn trong trạng thái sẵn sàng hoạt động. 
Đi kèm với hiệu năng ấn tượng, tính di động cao là khả năng kết nối mạnh mẽ. 2 cổng USB-C trên ASUS ROG Zephyrus G14 không chỉ có thể chia sẻ dữ liệu mà còn hỗ trợ Power Delivery 3.0 và DisplayPort 2.1. Ngoài ra, máy còn được trang bị HDMI 2.1, USB 3.2 Gen 2 Type-A, đầu đọc MicroSD (UHS-II) và jack 3.5mm.
Mua laptop ASUS ROG Zephyrus G14 GA403WM-QS051WS Ryzen AI 9 giá tốt tại CellphoneS
Laptop ASUS ROG Zephyrus G14 GA403WM-QS051WS Ryzen AI 9 đã có mặt tại khu vực trưng bày của các cửa hàng CellphoneS. Với nhiều ưu đãi thanh toán và chính sách chiết khấu cho hội viên Smember, mẫu laptop ASUS này có mức giá vô cùng hấp dẫn.
Sản phẩm được hỗ trợ bảo hành chính hãng dài hạn cũng như đi kèm đầy đủ phụ kiện từ nhà sản xuất. Ngoài ra, khách hàng sẽ còn nhận được thêm các ưu đãi liên quan khi mua laptop kèm các loại balo, túi xách, chuột,...","{""Bộ xử lý & Đồ họa"": [{""name"": ""Chip AI"", ""value"": ""AMD XDNA NPU up to 50TOPS""}, {""name"": ""Loại card đồ họa"", ""value"": ""NVIDIA GeForce RTX 5060 8GB GDDR7\nAMD Radeon Graphics""}, {""name"": ""Loại CPU"", ""value"": ""AMD Ryzen AI 9 HX 370 2.0GHz (36MB Cache, up to 5.1GHz, 12 lõi, 24 luồng)""}], ""Bộ nhớ RAM, Ổ cứng"": [{""name"": ""Dung lượng RAM"", ""value"": ""32GB""}, {""name"": ""Loại RAM"", ""value"": ""LPDDR5X 7500 Onboard""}, {""name"": ""Ổ cứng"", ""value"": ""1TB PCIe 4.0 NVMe M.2 SSD (1 Khe cắm M.2 hỗ trợ SATA hoặc NVMe, tối đa 2TB)""}], ""Màn hình"": [{""name"": ""Tần số quét"", ""value"": ""120 Hz""}, {""name"": ""Chất liệu tấm nền"", ""value"": ""Tấm nền Oled""}, {""name"": ""Kích thước màn hình"", ""value"": ""14 inches""}, {""name"": ""Công nghệ màn hình"", ""value"": ""Độ sáng 500nits\nTỷ lệ tương phản 1000000:1\nĐộ phủ màu DCI-P3 100%\nG-Sync / Adaptive-Sync\nMàn hình Nebula ROG Nebula Display\nDolby Vision HDR\nTản nhiệt thông minh ROG""}, {""name"": ""Độ phân giải màn hình"", ""value"": ""2880 x 1800 pixels""}], ""Âm thanh"": [{""name"": ""Công nghệ âm thanh"", ""value"": ""Hệ thống 4 loa (loa trầm lực kép) với Công nghệ Smart Amply, 2 loa Tweeter\nCông nghệ chống ồn AI\nDolby Atmos\nChứng nhận Hi-Res (cho tai nghe)\nCông nghệ Smart Amply""}], ""Tiện ích khác"": [{""name"": ""Tính năng đặc biệt"", ""value"": ""Nhận diện khuôn mặt, Màn hình Oled, Wi-Fi 7, MUX Switch""}], ""Tính năng khác"": [{""name"": ""Loại đèn bàn phím"", ""value"": ""Bàn phím Chiclet có đèn nền RGB 1 vùng Với phím Copilot\nAura Sync\nMUX Switch + NVIDIA Advanced Optimus""}, {""name"": ""Bảo mật"", ""value"": ""Mật khẩu quản trị viên BIOS và bảo vệ mật khẩu người dùng\nBộ xử lý bảo mật Pluton\nMáy tính lõi bảo mật (Cấp độ 3)""}, {""name"": ""Webcam"", ""value"": ""Camera IR FHD 1080P cho Windows Hello""}, {""name"": ""Hệ điều hành"", ""value"": ""Windows 11 Home + Microsoft Office Home 2024 + Microsoft 365 Basic""}], ""Pin & công nghệ sạc"": [{""name"": ""Pin"", ""value"": ""73WHrs, 4S1P, 4-cell Li-ion\nSạc lại từ 0-50% trong 30 phút""}], ""Kích thước & Trọng lượng"": [{""name"": ""Kích thước"", ""value"": ""31.1 x 22.0 x 1.59 ~ 1.63 cm (Dài x Rộng x Dày)""}, {""name"": ""Trọng lượng"", ""value"": ""1.50 kg""}], ""Cổng kết nối"": [{""name"": ""Wi-Fi"", ""value"": ""Wi-Fi 7(802.11be) (Triple band) 2*2""}, {""name"": ""Bluetooth"", ""value"": ""Bluetooth 5.4""}, {""name"": ""Cổng giao tiếp"", ""value"": ""1x USB Type-C 4 hỗ trợ DisplayPort / Sạc (40Gbps)\n1x USB 3.2 Gen 2 Type-C hỗ trợ DisplayPort / Sạc / G-SYNC (10Gbps)\n2x USB 3.2 Gen 2 Type-A (10Gbps)\n1x đầu đọc thẻ (microSD) (UHS-II)\n1x HDMI 2.1 FRL\n1x Giắc cắm âm thanh kết hợp 3.5mm""}]}","[""https://cdn2.cellphones.com.vn/x/media/catalog/product/l/a/laptop_asus_rog_zephyrus_g14_ga403wm-qs051ws_-_1.png"", ""https://cdn2.cellphones.com.vn/x/media/catalog/product/l/a/laptop_asus_rog_zephyrus_g14_ga403wm-qs051ws_-_3.png"", ""https://cdn2.cellphones.com.vn/x/media/catalog/product/l/a/laptop_asus_rog_zephyrus_g14_ga403wm-qs051ws_-_2.png""]","{""product_color_1"": {""color"": ""Xám"", ""image_url"": ""https://cellphones.com.vn/laptop-asus-rog-zephyrus-g14-ga403wm-qs051ws-ryzen-ai-9.html?product_id=107080"", ""price"": ""55.990.000₫""}}"
Laptop ASUS ZenBook 14 UX3405CA-ST629W,laptop-asus-zenbook-14-ux3405ca-st629w,38.690.000đ,34.090.000đ,"Đặc điểm nổi bật
Laptop ASUS ZenBook 14 UX3405CA-ST629W sở hữu màn hình 14 inch 3K OLED 120Hz, Intel Core Ultra 7 255H cùng thiết kế kim loại mỏng nhẹ 1.2kg cao cấp. Máy trang bị RAM 32GB LPDDR5X kết hợp SSD 512GB cho khả năng đa nhiệm mượt mà. Nhờ Intel AI Boost NPU cùng pin 75Wh, máy vận hành mượt mà, dùng bền bỉ.
Nội dung chính
1. Laptop ASUS ZenBook 14 UX3405CA-ST629W – Mỏng nhẹ, tối ưu hiệu suất AI
1.1. Tối ưu đa nhiệm với bộ nhớ tốc độ cao
1.2. Hoàn thiện cao cấp, sắc Ponder Blue sang trọng
1.3. Tăng tốc công việc với vi xử lý Intel mới
1.4. Pin lớn bền bỉ đi kèm hệ cổng đa dụng
1.5. Trải nghiệm hình ảnh 3K OLED 120Hz sống động
1.6. Trải nghiệm hội họp an toàn, âm thanh rõ nét
2. Mua laptop ASUS ZenBook 14 UX3405CA-ST629W chính hãng tại CellphoneS
Laptop ASUS ZenBook 14 UX3405CA-ST629W – Mỏng nhẹ, tối ưu hiệu suất AI
Asus Zenbook hướng đến trải nghiệm làm việc linh hoạt với thiết kế mỏng nhẹ, cấu hình mạnh và khả năng tối ưu AI hiện đại. Đây là lựa chọn lý tưởng cho người làm việc linh hoạt, cần hiệu suất cao trong một thân máy nhỏ gọn.
Tối ưu đa nhiệm với bộ nhớ tốc độ cao
Laptop ASUS ZenBook 14 UX3405CA-ST629W được trang bị RAM 32GB LPDDR5X on board, cho khả năng xử lý đa nhiệm mượt cả khi mở nhiều ứng dụng. Dung lượng RAM lớn cũng giúp hạn chế tình trạng giật lag khi làm việc với các tác vụ nặng như chỉnh sửa ảnh, xử lý dữ liệu hay chạy nhiều tab trình duyệt.

RAM 32GB, SSD PCIe 4.0 cho đa nhiệm mượt
Bên cạnh đó, ổ cứng SSD 512GB M.2 NVMe PCIe 4.0 cho tốc độ truy xuất nhanh, rút ngắn thời gian khởi động máy và mở ứng dụng. Không gian lưu trữ đủ rộng để lưu trữ tài liệu, file công việc và nội dung đa phương tiện, đáp ứng tốt nhu cầu sử dụng lâu dài.
Hoàn thiện cao cấp, sắc Ponder Blue sang trọng
Laptop ASUS ZenBook 14 UX3405CA-ST629W sở hữu thiết kế vỏ kim loại cao cấp với các mặt nhôm liền khối chắc chắn, bền bỉ với trọng lượng nhẹ chỉ 1.2kg. Kiểu dáng mỏng gọn, thuận tiện để bỏ vào balo hoặc túi xách và sử dụng mọi lúc mọi nơi.

Thiết kế nhôm cao cấp, gọn nhẹ chỉ 1.2kg
Tông màu Ponder Blue xanh lam trầm tạo điểm nhấn sang trọng và hiện đại, phù hợp với nhiều không gian làm việc khác nhau. Bên cạnh yếu tố thẩm mỹ, sản phẩm còn đáp ứng tiêu chuẩn US MIL-STD 810H, cho độ bền đáng tin cậy trong quá trình sử dụng lâu dài.
Tăng tốc công việc với vi xử lý Intel mới
Laptop ASUS ZenBook 14 UX3405CA-ST629W sử dụng bộ vi xử lý Intel Core Ultra 7 255H với 16 nhân 16 luồng, xung nhịp tối đa 5.1GHz. Hiệu năng ổn định giúp xử lý tốt các tác vụ văn phòng nâng cao và công việc sáng tạo hằng ngày như chỉnh sửa hình ảnh hay chạy các ứng dụng yêu cầu CPU cao.

Xử lý ổn định với Core Ultra thế hệ mới
Đi kèm là đồ họa tích hợp Intel Arc Graphics, mang lại khả năng xử lý hình ảnh và video tốt hơn so với các thế hệ iGPU trước. Sự kết hợp này giúp Zenbook 14 cân bằng giữa hiệu năng và mức tiêu thụ điện năng, phù hợp cho nhu cầu làm việc linh hoạt và giải trí nhẹ nhàng.
Laptop ASUS ZenBook 14 UX3405CA-ST629W được trang bị Intel AI Boost NPU với hiệu năng lên đến 13 TOPS, hỗ trợ tăng tốc tác vụ liên quan đến trí tuệ nhân tạo. Nhờ có NPU chuyên biệt, các ứng dụng AI có thể hoạt động hiệu quả hơn mà không gây áp lực lớn lên CPU, đồng thời tối ưu mức tiêu thụ điện năng khi sử dụng.

Tăng tốc tác vụ AI, tối ưu hiệu suất thông minh
Nền tảng AI này mang lại lợi thế rõ rệt trong các tác vụ hằng ngày như họp trực tuyến, xử lý hình ảnh, lọc ồn hay cải thiện chất lượng video. Cùng với Windows 11 và hệ sinh thái ứng dụng ngày càng mở rộng, Zenbook 14 sẵn sàng đáp ứng xu hướng làm việc thông minh, linh hoạt và bền bỉ hơn.
Pin lớn bền bỉ đi kèm hệ cổng đa dụng
Laptop ASUS ZenBook 14 UX3405CA-ST629W được trang bị viên pin dung lượng 75Wh, cho phép đáp ứng tốt nhu cầu làm việc và giải trí trong thời gian dài. Nhờ cân bằng mức tiêu thụ điện hợp lý, máy đảm bảo trải nghiệm ổn định khi làm việc liên tục suốt cả ngày dài.

Pin bền bỉ cho thời lượng làm việc cả ngày dài
Ngoài 2 cổng Thunderbolt 4, máy còn có USB Type-A, HDMI 2.1 và jack 3.5mm, hỗ trợ kết nối tiện lợi với nhiều thiết bị. Wi-Fi 7 kết hợp Bluetooth 5.4 giúp truy cập internet nhanh hơn, đồng thời ghép nối thiết bị không dây mượt mà.
Trải nghiệm hình ảnh 3K OLED 120Hz sống động
Laptop ASUS ZenBook 14 UX3405CA-ST629W sở hữu màn hình 14 inch 3K (2880 x 1800) với tấm nền OLED cao cấp, mang lại hình ảnh sắc nét. Độ tương phản cao giúp tái hiện màu đen sâu, cho trải nghiệm xem phim và làm việc trực quan hơn.

Màn hình 3K OLED sắc nét, mượt mà
Màn hình có độ sáng 500 nits, đạt đỉnh 1000 nits ở chế độ HDR và độ phủ màu 100% DCI-P3. Tần số quét 120Hz mang lại trải nghiệm hiển thị “đã mắt”, khung hình chuyển đổi liên tục và liền mạch hơn. Đồng thời công nghệ giảm ánh sáng xanh được chứng nhận TÜV Rheinland cũng hỗ trợ bảo vệ mắt khi sử dụng lâu dài.
Trải nghiệm hội họp an toàn, âm thanh rõ nét
Laptop ASUS ZenBook 14 UX3405CA-ST629W được trang bị hệ thống loa tích hợp với công nghệ Smart Amp, mang lại âm thanh cân bằng khi hội họp hoặc giải trí. Microphone mảng hỗ trợ thu âm tốt hơn, hạn chế nhiễu và giữ âm thanh tự nhiên, mang lại trải nghiệm đàm thoại rõ ràng hơn.

Âm thanh rõ nét, webcam IR bảo mật
Webcam FHD tích hợp hồng ngoại (IR) hỗ trợ đăng nhập nhanh bằng Windows Hello, đồng thời có màn trập vật lý giúp bảo vệ quyền riêng tư khi không sử dụng. Các tính năng bảo mật này mang đến sự an tâm và tiện lợi cho môi trường làm việc hiện đại, đặc biệt với người thường xuyên làm việc online.
Mua laptop ASUS ZenBook 14 UX3405CA-ST629W chính hãng tại CellphoneS
Laptop ASUS ZenBook 14 UX3405CA-ST629W chính hãng đã có mặt tại CellphoneS với thiết kế mỏng nhẹ và hiệu năng AI vượt trội. Sản phẩm được bảo chứng chất lượng bởi chế độ bảo hành chính hãng cùng chính sách hỗ trợ kỹ thuật chuyên nghiệp. CellphoneS cam kết quy trình mua sắm nhanh gọn, hỗ trợ 1 đổi 1 trong 30 ngày nếu có lỗi phần cứng. Đến CellphoneS trải nghiệm ngay hôm nay!","{""Bộ xử lý & Đồ họa"": [{""name"": ""Chip AI"", ""value"": ""Intel AI Boost NPU up to 13TOPS""}, {""name"": ""Loại card đồ họa"", ""value"": ""Intel Arc Graphics""}, {""name"": ""Loại CPU"", ""value"": ""Intel Core Ultra 7 255H 2.0 GHz (24MB Cache, up to 5.1 GHz, 16 lõi, 16 luồng)""}], ""Bộ nhớ RAM, Ổ cứng"": [{""name"": ""Dung lượng RAM"", ""value"": ""32GB""}, {""name"": ""Loại RAM"", ""value"": ""LPDDR5X on board""}, {""name"": ""Ổ cứng"", ""value"": ""512GB M.2 NVMe PCIe 4.0 SSD""}], ""Màn hình"": [{""name"": ""Tần số quét"", ""value"": ""120 Hz""}, {""name"": ""Chất liệu tấm nền"", ""value"": ""Tấm nền Oled""}, {""name"": ""Kích thước màn hình"", ""value"": ""14 inches""}, {""name"": ""Công nghệ màn hình"", ""value"": ""Độ sáng 500 nits\nĐộ sáng tối đa 1000 nits HDR\nĐộ phủ màu 100% DCI-P3\nTỷ lệ tương phản 1.000.000:1\nDisplay HDR True Black 1000\n1.07 tỷ màu\nGiảm 70% ánh sáng xanh có hại\nĐược chứng nhận bởi TÜV Rheinland\nSGS Eye Care Display""}, {""name"": ""Độ phân giải màn hình"", ""value"": ""2880 x 1800 pixels""}], ""Âm thanh"": [{""name"": ""Công nghệ âm thanh"", ""value"": ""Công nghệ Smart Amp\nLoa tích hợp\nMicrophone mảng tích hợp""}], ""Kích thước & Trọng lượng"": [{""name"": ""Chất liệu"", ""value"": ""Vỏ kim loại""}, {""name"": ""Chất liệu vỏ màn hình"", ""value"": ""Nhôm""}, {""name"": ""Chất liệu vỏ trên"", ""value"": ""Nhôm""}, {""name"": ""Chất liệu vỏ dưới"", ""value"": ""Nhôm""}, {""name"": ""Kích thước"", ""value"": ""31.24 x 22.01 x 1.49 ~ 1.49 cm (Dài x Rộng x Dày)""}, {""name"": ""Trọng lượng"", ""value"": ""1.20 kg""}], ""Tiện ích khác"": [{""name"": ""Tính năng đặc biệt"", ""value"": ""Nhận diện khuôn mặt, Màn hình Oled, Wi-Fi 7""}], ""Tính năng khác"": [{""name"": ""Loại đèn bàn phím"", ""value"": ""Bàn phím Chiclet có đèn nền""}, {""name"": ""Bảo mật"", ""value"": ""Webcam hồng ngoại (IR) hỗ trợ Windows Hello\nMcAfee\nMô-đun nền tảng tin cậy TPM (Firmware TPM)""}, {""name"": ""Webcam"", ""value"": ""Camera FHD với chức năng hồng ngoại hỗ trợ Windows Hello, có màn trập camera""}, {""name"": ""Hệ điều hành"", ""value"": ""Windows 11 Home""}], ""Pin & công nghệ sạc"": [{""name"": ""Pin"", ""value"": ""75WHrs, 2S2P, 4-cell Li-ion""}], ""Cổng kết nối"": [{""name"": ""Wi-Fi"", ""value"": ""Wi-Fi 7(802.11be) (Tri-band)2*2""}, {""name"": ""Bluetooth"", ""value"": ""Bluetooth 5.4""}, {""name"": ""Cổng giao tiếp"", ""value"": ""1 x USB 3.2 Gen 1 Type-A (tốc độ dữ liệu tối đa 5Gbps)\n2 x Thunderbolt 4 (hỗ trợ xuất hình / cấp nguồn, tốc độ dữ liệu tối đa 40Gbps)\n1 x HDMI 2.1 TMDS\n1 x Jack âm thanh 3.5 mm (tai nghe/micro)""}]}","[""https://cdn2.cellphones.com.vn/x/media/catalog/product/l/a/laptop_asus_zenbook_14_ux3405ca-st629w_-_1.png"", ""https://cdn2.cellphones.com.vn/x/media/catalog/product/l/a/laptop_asus_zenbook_14_ux3405ca-st629w_-_2.png"", ""https://cdn2.cellphones.com.vn/x/media/catalog/product/l/a/laptop_asus_zenbook_14_ux3405ca-st629w_-_3.png""]","{""product_color_1"": {""color"": ""Xanh"", ""image_url"": ""https://cellphones.com.vn/laptop-asus-zenbook-14-ux3405ca-st629w.html?product_id=123131"", ""price"": ""34.090.000₫""}}"
Laptop ASUS Gaming V16 V3607VJ-RP071W,laptop-asus-gaming-v16-v3607vj-rp071w,29.990.000đ,26.190.000đ,"Đặc điểm nổi bật
Laptop ASUS Gaming V16 V3607VJ-RP071W được trang bị CPU Intel Core 5 210H, cùng GPU rời RTX 3050 6GB GDDR6 mang lại hiệu năng mạnh mẽ. RAM 16GB chuẩn DDR5 giúp các thao tác sử dụng được nhanh chóng. Cùng với đó, ổ cứng SSD 512GB NVMe PCIe 4.0 cho không gian lưu trữ vượt trội.
Nội dung chính
1. Laptop ASUS Gaming V16 V3607VJ-RP071W - Hiệu năng gaming ổn định trong phân khúc
1.1. 16GB RAM hỗ trợ đa nhiệm nhanh chóng
1.2. Thiết kế trực quan, bền bỉ trong nhiều điều kiện
1.3. CPU Intel Core 5 210H đem lại hiệu năng ổn định
1.4. Màn hình WUXGA giúp thể hiện hình ảnh sắc nét
1.5. Pin 3-cell 63WHrs, đa dạng cổng kết nối
2. Mua ngay laptop ASUS Gaming V16 V3607VJ-RP071W giá tốt tại CellphoneS
Laptop ASUS Gaming V16 V3607VJ-RP071W - Hiệu năng gaming ổn định trong phân khúc
ASUS Gaming V16 V3607VJ-RP071W sẽ là lựa chọn hoàn hảo dành cho học sinh - sinh viên, và nhiều game thủ khi sở hữu cấu hình vượt trội. Thiết kế laptop ASUS gaming tối giản, nhỏ gọn biến chiếc laptop này trở thành “bạn đồng hành” cùng người dùng đến bất cứ đâu.
16GB RAM hỗ trợ đa nhiệm nhanh chóng
Laptop ASUS Gaming V16 V3607VJ-RP071W sở hữu RAM với dung lượng 16GB chuẩn DDR5. Ngoài việc hỗ trợ laptop đa nhiệm mạnh mẽ, điều này còn giúp hạn chế tình trạng giật lag làm giảm trải nghiệm của nhiều game thủ.
Phản hồi nhạy, xử lý trơn tru đa dạng tác vụ
Từ những tác vụ đơn giản đến khó nhằn, ổ cứng PCIe 4.0 SSD đều đáp ứng dễ dàng với tốc độ ghi và truyền dữ liệu nhanh chóng. Đồng thời, dung lượng bộ nhớ còn gây ấn tượng khi lên đến 512GB. Qua đó, người dùng được thoải mái lưu trữ dữ liệu và nhiều tựa game yêu thích trên thiết bị.
Thiết kế trực quan, bền bỉ trong nhiều điều kiện
Dù được định danh là một chiếc laptop gaming nhưng ASUS V16 V3607VJ-RP071W lại khoác lên mình vẻ ngoài hiện đại và tinh tế. Phần vỏ máy được làm từ nhựa và có màu đen làm tăng thêm vẻ sang trọng. Khung máy được gia công cứng cáp, bản lề chắc chắn cho phép người dùng gập mở máy dễ dàng.
Thiết kế tối giản làm toát lên sự cao cấp 
Đèn nền bàn phím giúp việc đánh máy tốt hơn trong điều kiện thiếu ánh sáng và giảm mỏi mắt. Cụm phím WASD và các nút mũi tên được làm nổi bật, thuận tiện trong những pha giao tranh mà không lo bấm hụt. Phần touchpad cũng được hoàn thiện tỉ mỉ tạo sự thoải mái, mượt mà khi thao tác vuốt, trượt.
Laptop ASUS Gaming V16 V3607VJ-RP071W còn có thể cùng đồng hành với người dùng đến bất cứ đâu khi trọng lượng 1.95 kg. Không chỉ vậy, máy còn đạt độ bền theo chuẩn quân đội Mỹ MIL-STD 810H. Ưu điểm này giúp sản phẩm chịu va đập, rung lắc tốt ở nhiều điều kiện môi trường.
CPU Intel Core 5 210H đem lại hiệu năng ổn định
ASUS V16 V3607VJ-RP071W gây được nhiều ấn tượng so với các dòng máy khác trong phân khúc giá khi được trang bị CPU Intel Core 5 210H. Bộ vi xử lý gồm 8 nhân, 12 luồng và xung nhịp tối đa đạt 4.8 GHz. Điều này giúp xử lý mượt mà từ các tác vụ văn phòng, xem phim đến edit video, thiết kế đồ họa.
Cấu hình mang đến trải nghiệm gaming mượt mà
Đồng thời, laptop còn sở hữu GPU rời NVIDIA GeForce RTX 3050 6GB. Công nghệ Ray-Tracing và DLSS được tích hợp vừa cải thiện tốc độ xử lý khung hình, vừa mang đến trải nghiệm hình ảnh chất lượng. Nhờ đó, người dùng có thể tận hưởng Liên Minh Huyền Thoại, Valorant, GTA V,... ổn ở mức thiết lập thích hợp. 
Màn hình WUXGA giúp thể hiện hình ảnh sắc nét
Laptop ASUS Gaming V16 V3607VJ-RP071W sở hữu màn hình có kích thước 16 inch, tỉ lệ màn hình trên thân máy tới 89% và độ phân giải 1920 x 1200 pixels. Dù độ phủ màu của máy chỉ đạt 45% NTSC nhưng nội dung hiển thị vẫn chi tiết và rõ ràng. Nhờ đó, người dùng được đắm chìm trong từng khung hình khi làm việc và giải trí.
Trải nghiệm thị giác chân thật với độ phân giải cao
Đi kèm với đó là tần số quét 144Hz giúp các chi tiết hiển thị chính xác, giảm xé, nhòe hình, hỗ trợ chơi game thêm trơn tru và trọn vẹn nhất. Công nghệ màn hình Anti-Glare giúp bảo vệ thị lực người dùng, hạn chế mỏi mắt, mang lại trải nghiệm thoải mái hơn.
Pin 3-cell 63WHrs, đa dạng cổng kết nối
Bên trong laptop ASUS Gaming V16 V3607VJ-RP071W được tích hợp pin Li-ion 3-cell có dung lượng 63 63WHrs. Nhờ đó, người dùng có thể làm việc với hiệu suất cao và chơi game không lo gián đoạn. Laptop còn sở hữu đầy đủ cổng nguồn giúp kết nối được với nhiều thiết bị cùng lúc.
Đáp ứng trọn vẹn yêu cầu kết nối nhanh chóng
Sản phẩm được trang bị 1 cổng nguồn DC-in, 1 cổng HDMI, Jack tai nghe 3.5mm, 2 cổng USB Type-A , 1 cổng USB Type-C hỗ trợ Power Delivery và kết nối DisplayPort. Kết nối không dây còn hỗ trợ chuẩn Wi-Fi 6 (802.11ax) hoạt động trên cả hai băng tần, và Bluetooth 5.3 giúp kết nối ổn định và linh hoạt hơn.
Đặc biệt hơn, với ứng dụng MyASUS, người dùng có thể liên hệ trực tiếp với chuyên gia của hãng để giải đáp các vấn đề gặp phải. Trong quá trình sử dụng ASUS V16 V3607VJ-RP071W, người dùng có thể cá nhân hóa trải nghiệm của bản thân với nhiều tính năng tùy chỉnh tiện lợi.
Mua ngay laptop ASUS Gaming V16 V3607VJ-RP071W giá tốt tại CellphoneS
Hãy đến cửa hàng CellphoneS gần nhất trải nghiệm laptop ASUS Gaming V16 V3607VJ-RP071W chính hãng ngay. Khi mua sắm tại đây, khách hàng sẽ được hỗ trợ chính sách mua trả góp 0%, thu cũ đổi mới hấp dẫn.
Song song với đó, học sinh - sinh viên, thành viên Smember còn được tặng thêm ưu đãi khuyến mãi. Nhanh tay liên hệ CellphoneS để được hỗ trợ tư vấn và chốt đơn chiếc laptop gaming này với giá tốt trong hôm nay.","{""Bộ xử lý & Đồ họa"": [{""name"": ""Loại card đồ họa"", ""value"": ""NVIDIA GeForce RTX 3050 6GB 6GB GDDR6\nIntel Graphics""}, {""name"": ""Loại CPU"", ""value"": ""Intel Core 5 210H 2.2 GHz (12MB Cache, up to 4.8 GHz, 8 lõi, 12 luồng)""}], ""Bộ nhớ RAM, Ổ cứng"": [{""name"": ""Dung lượng RAM"", ""value"": ""16GB""}, {""name"": ""Loại RAM"", ""value"": ""DDR5-5600 SO-DIMM""}, {""name"": ""Số khe ram"", ""value"": ""Có thể nâng cấp; Cần tháo vỏ dưới/trên.""}, {""name"": ""Ổ cứng"", ""value"": ""512GB M.2 NVMe PCIe 4.0 SSD""}], ""Màn hình"": [{""name"": ""Tần số quét"", ""value"": ""144 Hz""}, {""name"": ""Kích thước màn hình"", ""value"": ""16 inches""}, {""name"": ""Công nghệ màn hình"", ""value"": ""Độ sáng 300nits\nĐộ phủ màu 45% NTSC\nMàn hình chống chói""}, {""name"": ""Độ phân giải màn hình"", ""value"": ""1920 x 1200 pixels (WUXGA)""}], ""Âm thanh"": [{""name"": ""Công nghệ âm thanh"", ""value"": ""SonicMaster\nLoa tích hợp\nMicro tích hợp""}], ""Cổng kết nối"": [{""name"": ""Khe đọc thẻ nhớ"", ""value"": ""Không""}, {""name"": ""Wi-Fi"", ""value"": ""Wi-Fi 6(802.11ax) (Dual band) 2*2""}, {""name"": ""Bluetooth"", ""value"": ""Bluetooth 5.3""}, {""name"": ""Cổng giao tiếp"", ""value"": ""1 x USB 3.2 Gen 1 Type-C (hỗ trợ xuất hình & sạc, tốc độ 5Gbps)\n2 x USB 3.2 Gen 1 Type-A (tốc độ 5Gbps)\n1 x HDMI 2.1 FRL\n1 x Jack âm thanh 3.5mm (Headphone/Microphone)\n1 x Cổng nguồn DC-in""}], ""Kích thước & Trọng lượng"": [{""name"": ""Chất liệu"", ""value"": ""Vỏ nhựa""}, {""name"": ""Chất liệu vỏ màn hình"", ""value"": ""Nhựa""}, {""name"": ""Chất liệu vỏ trên"", ""value"": ""Nhựa""}, {""name"": ""Chất liệu vỏ dưới"", ""value"": ""Nhựa""}, {""name"": ""Kích thước"", ""value"": ""35.70 x 25.07 x 1.80 ~ 2.20 cm (Dài x Rộng x Dày)""}, {""name"": ""Trọng lượng"", ""value"": ""1.95 kg""}], ""Tiện ích khác"": [{""name"": ""Tính năng đặc biệt"", ""value"": ""Wi-Fi 6""}], ""Tính năng khác"": [{""name"": ""Loại đèn bàn phím"", ""value"": ""Bàn phím Chiclet có đèn nền và phím số""}, {""name"": ""Bảo mật"", ""value"": ""BIOS setup user password\nTrusted Platform Module (Firmware TPM)""}, {""name"": ""Webcam"", ""value"": ""Camera FHD 1080p; Có màn trập camera""}, {""name"": ""Hệ điều hành"", ""value"": ""Windows 11 Home""}], ""Pin & công nghệ sạc"": [{""name"": ""Pin"", ""value"": ""63WHrs, 3S1P, 3-cell Li-ion""}]}","[""https://cdn2.cellphones.com.vn/x/media/catalog/product/l/a/laptop_asus_gaming_v16_v3607vj-rp071w_-_1.png"", ""https://cdn2.cellphones.com.vn/x/media/catalog/product/l/a/laptop_asus_gaming_v16_v3607vj-rp071w_-_2.png"", ""https://cdn2.cellphones.com.vn/x/media/catalog/product/l/a/laptop_asus_gaming_v16_v3607vj-rp071w_-_3.png""]","{""product_color_1"": {""color"": ""Đen"", ""image_url"": ""https://cellphones.com.vn/laptop-asus-gaming-v16-v3607vj-rp071w.html?product_id=121613"", ""price"": ""26.190.000₫""}}"
Laptop ASUS Gaming V16 V3607VU-RP216W,laptop-asus-gaming-v16-v3607vu-rp216w,30.690.000đ,28.990.000đ,"Đặc điểm nổi bật
Laptop Asus Gaming V16 V3607VU RP216W là dòng máy xách tay cao cấp được trang bị CPU Intel Core i7 240H mạnh mẽ, hỗ trợ xử lý tác vụ nhanh, mượt mà. GPU NVIDIA RTX 4050 6GB GDDR6 nâng cao trải nghiệm đồ họa và chơi game mượt mà. Màn hình 16 inch WUXGA 144Hz đảm bảo hiển thị sắc nét, sống động cho công việc, giải trí.
Nội dung chính
1. Laptop Asus Gaming V16 V3607VU RP216W – Hiệu năng vượt trội, tối ưu cho gamer
1.1. Xử lý hình ảnh và tác vụ thông minh với GPU hỗ trợ AI
1.2. Hiệu năng xử lý mạnh mẽ, chơi game siêu mượt
1.3. Bộ nhớ hỗ trợ truy xuất nhanh, dễ dàng nâng cấp
1.4. Thiết kế bền bỉ, đẹp mắt với màu Matte Black
1.5. Chất lượng hình ảnh mượt mà, tỷ lệ 16:10 tối ưu hiển thị
1.6. Pin 63Wh, cổng kết nối đa dạng
2. Mua laptop Asus Gaming V16 V3607VU RP216W chính hãng tại CellphoneS
Laptop Asus Gaming V16 V3607VU RP216W – Hiệu năng vượt trội, tối ưu cho gamer
Asus Gaming V16 V3607VU RP216W đáp ứng tốt hầu hết mọi nhu cầu chơi game và xử lý đồ họa của người dùng nhờ sở hữu cấu hình mạnh mẽ. Mẫu laptop Asus gaming này còn được tích hợp nhiều công nghệ hiện đại, giúp tăng cường trải nghiệm sử dụng mỗi ngày.
Xử lý hình ảnh và tác vụ thông minh với GPU hỗ trợ AI
GPU RTX 4050 trên laptop Asus Gaming V16 V3607VU RP216W mang lại khả năng xử lý đồ họa ấn tượng nhờ tích hợp công nghệ AI đạt tới 194 TOPs. Ưu điểm này giúp người dùng dễ dàng biên tập video, xử lý hình ảnh chuyên nghiệp với hiệu suất cao. 
Công nghệ Ray Tracing đi kèm cũng giúp tái hiện hiệu ứng ánh sáng chân thực, nâng cao trải nghiệm chơi game sống động hơn. Chưa hết, sản phẩm còn được tối ưu cho các tác vụ như chỉnh sửa ảnh, dựng mô hình 3D ứng dụng AI.
Việc tích hợp AI vào GPU giúp laptop giảm tải đáng kể cho CPU khi xử lý đồ họa phức tạp. Nhờ đó, máy hoạt động ổn định, hạn chế tình trạng giật lag khi làm việc với các tác vụ đồ họa hoặc chơi game cường độ cao.
Hiệu năng xử lý mạnh mẽ, chơi game siêu mượt
Laptop Asus Gaming V16 V3607VU RP216W sử dụng chip Intel Core i7 240H với 10 nhân, 16 luồng, tốc độ xung nhịp đạt tới 5.2GHz, giúp đáp ứng tốt các nhu cầu đa nhiệm. Nhờ sở hữu vi xử lý thế hệ mới này, người dùng có thể chạy đồng thời nhiều ứng dụng, tab trình duyệt mà không lo hiện tượng giật, đứng máy. 
Kèm theo đó là GPU RTX 4050 hỗ trợ mạnh mẽ, tối ưu hóa hiệu suất chơi game với mức đồ họa cao. Việc kết hợp này giúp tăng tốc các tác vụ đồ họa và dựng phim, phù hợp với cả những ứng dụng chuyên nghiệp. 
Khách hàng sẽ cảm nhận rõ sự khác biệt khi chuyển đổi linh hoạt giữa các ứng dụng từ văn phòng, sáng tạo nội dung đến chơi game. Dù thường xuyên hoạt động ở mức hiệu suất cao nhưng máy vẫn đảm bảo khả năng vận hành ổn định, tiết kiệm năng lượng hiệu quả.
Bộ nhớ hỗ trợ truy xuất nhanh, dễ dàng nâng cấp
Laptop Asus Gaming V16 V3607VU RP216W trang bị RAM DDR5 16GB cùng ổ cứng SSD PCIe 4.0 dung lượng 512GB, mang đến khả năng truy xuất dữ liệu cực kỳ nhanh chóng. Với RAM DDR5 tốc độ cao, máy xử lý tốt đa nhiệm, hỗ trợ tải game và ứng dụng mượt mà. 
Kèm theo đó là ổ cứng SSD PCIe Gen 4 giúp tốc độ đọc/ghi dữ liệu nhanh vượt trội, rút ngắn thời gian khởi động máy và mở ứng dụng đáng kể. Máy còn thiết kế sẵn khe mở rộng RAM và SSD, hỗ trợ nâng cấp dễ dàng, phù hợp với nhu cầu sử dụng lâu dài. 
Thiết kế bền bỉ, đẹp mắt với màu Matte Black
Về mặt thiết kế bên ngoài, laptop Asus Gaming V16 V3607VU RP216W dễ dàng ghi điểm nhờ sở hữu thiết kế đạt chuẩn quân đội MIL-STD 810H, đảm bảo độ bền vượt trội. Điểm cộng này giúp khách hàng yên tâm hơn khi sử dụng máy trong điều kiện môi trường khắc nghiệt hoặc thường xuyên di chuyển. 
Phần vỏ bên ngoài của Asus Gaming V16 V3607VU RP216W được hoàn thiện bằng nhựa cao cấp, trọng lượng chỉ 1.95 kg, tiện lợi cho việc mang theo bên mình hàng ngày. Đồng thời, màu sắc Matte Black tinh tế, sang trọng của laptop này cũng phù hợp với nhiều phong cách khác nhau của người sử dụng. 
Chưa hết, bàn phím Chiclet với đèn nền hỗ trợ làm việc trong môi trường thiếu sáng. Nhìn chung, thiết kế máy không chỉ chú trọng về độ bền mà còn hướng tới tính thẩm mỹ cao, tạo sự ấn tượng cho người dùng ngay từ cái nhìn đầu tiên.
Chất lượng hình ảnh mượt mà, tỷ lệ 16:10 tối ưu hiển thị
Laptop Asus Gaming V16 V3607VU RP216W được trang bị màn hình 16 inch với độ sắc nét đạt chuẩn WUXGA cùng tần số quét 144 Hz, cho trải nghiệm hình ảnh rõ nét, mượt mà. Tỷ lệ màn hình 16:10 cung cấp không gian hiển thị rộng hơn, tối ưu hóa hiệu suất làm việc đa nhiệm, thuận tiện khi chơi game hoặc xử lý đồ họa. 
Bên cạnh đó, laptop Asus này còn sở hữu công nghệ màn hình chống chói, giúp người dùng làm việc hiệu quả ngay cả dưới ánh sáng mạnh. Đồng thời, độ sáng 300 nits của máy cũng đảm bảo hiển thị sắc nét, sống động trong nhiều môi trường ánh sáng khác nhau. 
Cùng với đó là tỉ lệ màn hình trên thân máy đạt tới 89%, giúp mở rộng không gian hiển thị tối đa. Nhờ vậy mà người dùng có được trải nghiệm thị giác chân thực, phù hợp cho cả giải trí, công việc và sáng tạo nội dung.
Pin 63Wh, cổng kết nối đa dạng
Laptop Asus Gaming V16 V3607VU RP216W sử dụng pin 63Wh cho thời gian hoạt động kéo dài, đáp ứng nhu cầu làm việc và giải trí liên tục. Với Adapter sạc nhanh, công suất 150W, máy có thể nhanh chóng được nạp đầy lại năng lượng. 
Ấn tượng hơn, laptop Asus này còn được trang bị kèm đa dạng cổng kết nối. Nổi bật phải kể tới là USB Type-C hỗ trợ hiển thị và sạc nhanh, HDMI 2.1, USB 3.2 Type-A, giúp khách hàng kết nối dễ dàng với các thiết bị ngoại vi khác. 
Camera FHD có màn trập bảo mật giúp đảm bảo riêng tư cho người dùng khi họp trực tuyến. Kèm theo đó là kết nối Wi-Fi 6 và Bluetooth 5.3 ổn định, tốc độ cao, hỗ trợ làm việc từ xa hiệu quả hơn. 
Mua laptop Asus Gaming V16 V3607VU RP216W chính hãng tại CellphoneS
Laptop Asus Gaming V16 V3607VU RP216W hiện được phân phối chính hãng tại hệ thống CellphoneS trên toàn quốc. CellphoneS cam kết phân phối mặt hàng đầy đủ bảo hành theo tiêu chuẩn Asus, chính hãng 100%. Khách hàng dễ dàng đặt mua online hoặc trải nghiệm trực tiếp tại hơn 100 cửa hàng CellphoneS trên toàn quốc. Nhiều ưu đãi hấp dẫn và dịch vụ hỗ trợ trả góp 0% giúp khách hàng dễ dàng sở hữu laptop chất lượng này.","{""Bộ xử lý & Đồ họa"": [{""name"": ""Loại card đồ họa"", ""value"": ""NVIDIA GeForce RTX 4050 6GB GDDR6 (194 AI TOPs)\nIntel Graphics""}, {""name"": ""Loại CPU"", ""value"": ""Intel Core 7 240H 2.5 GHz (24MB Cache, up to 5.2 GHz, 10 lõi, 16 luồng)""}], ""Bộ nhớ RAM, Ổ cứng"": [{""name"": ""Dung lượng RAM"", ""value"": ""16GB""}, {""name"": ""Loại RAM"", ""value"": ""DDR5 SO-DIMM""}, {""name"": ""Số khe ram"", ""value"": ""Có thể nâng cấp; Cần tháo vỏ dưới/trên""}, {""name"": ""Ổ cứng"", ""value"": ""512GB M.2 NVMe PCIe 4.0 SSD""}], ""Màn hình"": [{""name"": ""Tần số quét"", ""value"": ""144 Hz""}, {""name"": ""Kích thước màn hình"", ""value"": ""16 inches""}, {""name"": ""Công nghệ màn hình"", ""value"": ""Độ sáng 300nits\nMàn hình chống chói\nĐộ phủ màu 45% NTSC""}, {""name"": ""Độ phân giải màn hình"", ""value"": ""1920 x 1200 pixels (WUXGA)""}], ""Âm thanh"": [{""name"": ""Công nghệ âm thanh"", ""value"": ""SonicMaster\nLoa tích hợp\nMicrô tích hợp""}], ""Kích thước & Trọng lượng"": [{""name"": ""Chất liệu"", ""value"": ""Vỏ nhựa""}, {""name"": ""Chất liệu vỏ màn hình"", ""value"": ""Nhựa""}, {""name"": ""Chất liệu vỏ trên"", ""value"": ""Nhựa""}, {""name"": ""Chất liệu vỏ dưới"", ""value"": ""Nhựa""}, {""name"": ""Kích thước"", ""value"": ""35.70 x 25.07 x 1.80 ~ 2.20 cm (Dài x Rộng x Dày)""}, {""name"": ""Trọng lượng"", ""value"": ""1.95 kg""}], ""Tiện ích khác"": [{""name"": ""Tính năng đặc biệt"", ""value"": ""Wi-Fi 6""}], ""Tính năng khác"": [{""name"": ""Loại đèn bàn phím"", ""value"": ""Bàn phím Chiclet có đèn nền với phím số""}, {""name"": ""Bảo mật"", ""value"": ""Mật khẩu người dùng thiết lập BIOS\nTrusted Platform Module (Firmware TPM)""}, {""name"": ""Webcam"", ""value"": ""Camera FHD 1080p; Có màn trập camera""}, {""name"": ""Hệ điều hành"", ""value"": ""Windows 11 Home""}], ""Pin & công nghệ sạc"": [{""name"": ""Pin"", ""value"": ""63WHrs, 3S1P, 3-cell Li-ion""}], ""Cổng kết nối"": [{""name"": ""Wi-Fi"", ""value"": ""Wi-Fi 6(802.11ax) (Dual band) 2*2""}, {""name"": ""Bluetooth"", ""value"": ""Bluetooth 5.3""}, {""name"": ""Cổng giao tiếp"", ""value"": ""1x USB 3.2 Gen 1 Type-C hỗ trợ hiển thị/cung cấp điện (tốc độ dữ liệu lên đến 5Gbps)\n2x USB 3.2 Gen 1 Type-A (tốc độ dữ liệu lên đến 5Gbps)\n1x HDMI 2.1 FRL\n1x Giắc cắm âm thanh kết hợp 3.5mm\n1x DC-in""}]}","[""https://cdn2.cellphones.com.vn/x/media/catalog/product/l/a/laptop_asus_gaming_v16_v3607vu-rp216w_-_1.png"", ""https://cdn2.cellphones.com.vn/x/media/catalog/product/l/a/laptop_asus_gaming_v16_v3607vu-rp216w_-_2.png"", ""https://cdn2.cellphones.com.vn/x/media/catalog/product/l/a/laptop_asus_gaming_v16_v3607vu-rp216w_-_3.png""]","{""product_color_1"": {""color"": ""Đen"", ""image_url"": ""https://cellphones.com.vn/laptop-asus-gaming-v16-v3607vu-rp216w.html?product_id=108016"", ""price"": ""28.990.000₫""}}"
Laptop ASUS Vivobook S14 S3407CA-LY095WS,laptop-asus-vivobook-s14-s3407ca-ly095ws,27.990.000đ,23.690.000đ,"Đặc điểm nổi bật
Laptop ASUS Vivobook S14 S3407CA-LY095WS có kích thước 31.52 x 22.34 x 1.59 ~ 1.79 cm, trọng lượng 1.4kg gọn nhẹ cùng độ bền chuẩn quân đội MIL-STD 810H. Mẫu laptop ASUS Vivobook này được trang bị bộ xử lý Intel Core Ultra 5 225H cùng GPU Intel UHD tích hợp. Ổ cứng SSD 512GB có tốc độ đọc - ghi dữ liệu nhanh và RAM 16GB chạy đa nhiệm hiệu quả.
Nội dung chính
1. Laptop ASUS Vivobook S14 S3407CA-LY095WS - Bảo mật tối ưu với AI
1.1. Tính năng AI gia tăng trải nghiệm và bảo mật
1.2. Xử lý mượt mà với 16GB RAM và ổ cứng SSD 512GB
1.3. Thiết kế tối giản thời thượng và độ bền vượt trội chuẩn quân đội
1.4. Trang bị bộ xử lý Intel mạnh mẽ cùng GPU tích hợp
1.5. Duy trì thời lượng trải nghiệm kéo dài, kết nối ngoại vi liền mạch
1.6. Đắm chìm trong hiển thị sắc nét và màu sắc rực rỡ
2. Mua laptop ASUS Vivobook S14 S3407CA-LY095WS giá tốt tại CellphoneS
Laptop ASUS Vivobook S14 S3407CA-LY095WS - Bảo mật tối ưu với AI
ASUS Vivobook S14 S3407CA-LY095WS là mẫu laptop lý tưởng cho nhiều đối tượng người dùng với hiệu năng khỏe, thiết kế bền bỉ. Máy đáp ứng tốt đa dạng nhu cầu từ các tác vụ văn phòng, học tập đến giải trí cơ bản, là người bạn đồng hành đa năng.
Tính năng AI gia tăng trải nghiệm và bảo mật
Laptop ASUS Vivobook S14 S3407CA-LY095WS đem đến những trải nghiệm mang tính xu hướng với công nghệ AI tiên tiến. Cụ thể, máy có những tính năng:
Microsoft Copilot hỗ trợ người dùng sử dụng các tính năng trên laptop một cách dễ dàng hơn, tạo văn bản, bảng tính, bài thuyết trình,...theo yêu cầu. Bên cạnh đó, công cụ AI này còn giúp quản lý công việc, phân tích dữ liệu, tối ưu hiệu suất công việc
Camera AI giúp nhận diện khuôn mặt chuẩn xác, tăng cường bảo mật cho laptop cùng khả năng mờ dần khi người sử dụng máy quay đi để đảm bảo tính riêng tư.
NPU Intel AI Boost giúp tối ưu các tính năng AI, tăng tốc độ xử lý và khả năng học máy, hỗ trợ trên nhiều tác vụ và ứng dụng. NPU AI còn giúp tiết kiệm pin hiệu quả để cho thời lượng duy trì lâu hơn
Bên cạnh đó, laptop còn hỗ trợ người dùng sử dụng máy tính hiệu quả hơn với phần mềm MyASUS. Các bộ công cụ tiện ích sẽ giúp khai thác sức mạnh của thiết bị, đồng thời với Screen Xpert quản lý các cửa sổ ứng dụng hiệu quả, liền mạch.
Xử lý mượt mà với 16GB RAM và ổ cứng SSD 512GB
Laptop ASUS Vivobook S14 S3407CA-LY095WS sở hữu thanh RAM onboard có dung lượng 16GB. Vì vậy, máy sẽ có khả năng chạy đa nhiệm trơn tru, chuyển đổi tab hay ứng dụng mượt mà, giảm tình trạng giật lag khi sử dụng đa tác vụ.
Đi kèm với đó, laptop ASUS cũng được trang bị ổ cứng SSD có dung lượng là 512GB cho tốc độ đọc - ghi dữ liệu nhanh chóng. Thời gian khởi động của thiết bị và ứng dụng cũng được tăng tốc, duy trì hiệu suất mạnh mẽ cho máy.
Thiết kế tối giản thời thượng và độ bền vượt trội chuẩn quân đội
Laptop ASUS Vivobook S14 S3407CA-LY095WS có ngoại hình tối giản, kích thước gọn gàng cùng trọng lượng chỉ 1.4kg thuận tiện di chuyển. Máy siêu mỏng và được hoàn thiện từ chất liệu hợp kim nhôm kết hợp nhựa cứng tăng cường độ bền bỉ.
Với độ bền chuẩn quân đội MIL-STD 810H, laptop còn đem đến sự yên tâm khi sử dụng trong nhiều điều kiện môi trường. Tông màu Matte Grey giúp sản phẩm thể hiện được sự sang trọng, thời thượng của chủ sở hữu.
Trang bị bộ xử lý Intel mạnh mẽ cùng GPU tích hợp
Sức mạnh của laptop ASUS Vivobook S14 S3407CA-LY095WS được cung cấp bởi bộ xử lý Intel Core Ultra 5 225H 14 lõi, 16 luồng. Chipset này có xung nhịp tối đa đến 4.9GHz mang tới sự ổn định trong các trải nghiệm, và giúp các tác vụ được thực hiện một cách linh hoạt.
Ngoài ra, với GPU tích hợp Intel UHD Graphics, laptop còn có được khả năng xử lý đồ họa mượt mà, giúp người dùng có thể sử dụng máy để chỉnh sửa ảnh, video cơ bản. Bên cạnh đó, thiết bị còn hỗ trợ để người dùng trải nghiệm các tựa game phổ biến mà không lo bị gián đoạn.
Duy trì thời lượng trải nghiệm kéo dài, kết nối ngoại vi liền mạch
Laptop ASUS Vivobook S14 S3407CA-LY095WS cho năng suất ấn tượng với pin 70WHrs có thời lượng đạt đến 20 giờ (theo điều kiện thí nghiệm, thực tế có thể thay đổi). Điều này giúp laptop luôn trong trạng thái sẵn sàng để phục vụ các nhu cầu công việc, giải trí trong ngày kể cả khi không sử dụng sạc.
Mẫu laptop ASUS Vivobook này cũng được trang bị hệ thống cổng giao tiếp linh hoạt, với 2x USB-A 3.2 Gen 1 5Gbps, 2x USB-C 3.2 Gen 1 5Gbps, 1x HDMI 1.4, 1x Audio 3.5mm. Người dùng sẽ thoải mái sử dụng phụ kiện yêu thích mà không cần thêm bộ chuyển đổi hay cổng dongle.
Đắm chìm trong hiển thị sắc nét và màu sắc rực rỡ
Laptop ASUS Vivobook S14 S3407CA-LY095WS sẽ đem lại những trải nghiệm thị giác tuyệt hảo với màn hình 14 inches và tần số quét 60Hz. Tỉ lệ 16:10, chất lượng WUXGA (1920x1200) cùng lớp phủ chống lóa mang đến những khung hình rõ nét và sự dễ chịu cho người dùng.
Độ sáng màn hình đến 300 nits giúp laptop có thể hiển thị rõ nét cả ở môi trường ngoài trời hay dưới cường độ ánh sáng cao. Bên cạnh đó, với tấm nền IPS, ASUS Vivobook còn giúp duy trì chất lượng hình ảnh ổn định ở mọi góc nhìn. 
Mua laptop ASUS Vivobook S14 S3407CA-LY095WS giá tốt tại CellphoneS
Laptop ASUS Vivobook S14 S3407CA-LY095WS đang được trưng bày tại các cửa hàng CellphoneS trên khắp cả nước. Khách hàng có thể đến ngay CellphoneS để sở hữu sản phẩm chính hãng với nhiều ưu đãi hấp dẫn. CellphoneS còn có nhiều quà tặng khuyến mãi, các voucher siêu hời cùng chính sách trả góp rất tốt cho khách hàng mua ASUS Vivobook. Ngoài ra, sản phẩm còn được hỗ trợ giao hàng miễn phí tới mọi tỉnh, thành phố để giúp việc mua hàng tiện lợi hơn.","{""Bộ xử lý & Đồ họa"": [{""name"": ""Chip AI"", ""value"": ""Intel AI Boost NPU up to 13TOPS""}, {""name"": ""Loại card đồ họa"", ""value"": ""Intel UHD Graphics""}, {""name"": ""Loại CPU"", ""value"": ""Intel Core Ultra 5 225H 1.7 GHz (18MB Cache, up to 4.9 GHz, 14 lõi, 16 luồng)""}], ""Bộ nhớ RAM, Ổ cứng"": [{""name"": ""Dung lượng RAM"", ""value"": ""16GB""}, {""name"": ""Loại RAM"", ""value"": ""DDR5 Onboard""}, {""name"": ""Ổ cứng"", ""value"": ""512GB M.2 NVMe PCIe 4.0 SSD""}], ""Màn hình"": [{""name"": ""Tần số quét"", ""value"": ""60 Hz""}, {""name"": ""Chất liệu tấm nền"", ""value"": ""Tấm nền IPS""}, {""name"": ""Kích thước màn hình"", ""value"": ""14 inches""}, {""name"": ""Công nghệ màn hình"", ""value"": ""Độ sáng 300nits\nĐộ phủ màu 45% NTSC\nMàn hình chống chói""}, {""name"": ""Độ phân giải màn hình"", ""value"": ""1920 x 1200 pixels (WUXGA)""}], ""Âm thanh"": [{""name"": ""Công nghệ âm thanh"", ""value"": ""Loa tích hợp\nMicrô mảng tích hợp""}], ""Kích thước & Trọng lượng"": [{""name"": ""Chất liệu"", ""value"": ""Vỏ nhựa - nắp lưng kim loại""}, {""name"": ""Chất liệu vỏ màn hình"", ""value"": ""Nhôm""}, {""name"": ""Chất liệu vỏ trên"", ""value"": ""Nhựa""}, {""name"": ""Chất liệu vỏ dưới"", ""value"": ""Nhôm""}, {""name"": ""Kích thước"", ""value"": ""31.52 x 22.34 x 1.59 ~ 1.79 cm (Dài x Rộng x Dày)""}, {""name"": ""Trọng lượng"", ""value"": ""1.40 kg""}], ""Tiện ích khác"": [{""name"": ""Tính năng đặc biệt"", ""value"": ""Wi-Fi 6, Nhận diện khuôn mặt""}], ""Tính năng khác"": [{""name"": ""Loại đèn bàn phím"", ""value"": ""Bàn phím Chiclet có đèn nền Với phím Copilot""}, {""name"": ""Bảo mật"", ""value"": ""Webcam IR hỗ trợ Windows Hello\nMcAfee\nBIOS Booting User Password Protection\nBIOS setup user password\nTrusted Platform Module (Firmware TPM)""}, {""name"": ""Webcam"", ""value"": ""Camera FHD có chức năng IR hỗ trợ Windows Hello; Có màn trập camera""}, {""name"": ""Hệ điều hành"", ""value"": ""Windows 11 Home + Microsoft Office Home 2024 + Microsoft 365 Basic""}], ""Pin & công nghệ sạc"": [{""name"": ""Pin"", ""value"": ""70WHrs, 4S1P, 4-cell Li-ion""}], ""Cổng kết nối"": [{""name"": ""Wi-Fi"", ""value"": ""Wi-Fi 6(802.11ax) (Dual band) 2*2""}, {""name"": ""Bluetooth"", ""value"": ""Bluetooth 5.3""}, {""name"": ""Cổng giao tiếp"", ""value"": ""2x USB 3.2 Gen 1 Type-A (tốc độ dữ liệu lên đến 5Gbps)\n2x USB 3.2 Gen 1 Type-C hỗ trợ hiển thị/Sạc (tốc độ dữ liệu lên đến 5Gbps)\n1x HDMI 1.4\n1x Giắc cắm âm thanh kết hợp 3.5mm""}]}","[""https://cdn2.cellphones.com.vn/x/media/catalog/product/l/a/laptop_asus_vivobook_s14_s3407ca-ly095ws_-_1.png"", ""https://cdn2.cellphones.com.vn/x/media/catalog/product/l/a/laptop_asus_vivobook_s14_s3407ca-ly095ws_-_2.png"", ""https://cdn2.cellphones.com.vn/x/media/catalog/product/l/a/laptop_asus_vivobook_s14_s3407ca-ly095ws_-_3.png""]","{""product_color_1"": {""color"": ""Xám"", ""image_url"": ""https://cellphones.com.vn/laptop-asus-vivobook-s14-s3407ca-ly095ws.html?product_id=105203"", ""price"": ""23.690.000₫""}}"
Laptop ASUS ZenBook 14 UM3406GA-QD073WS,laptop-asus-zenbook-14-um3406ga-qd073ws,39.990.000đ,36.390.000đ,"Đặc điểm nổi bật
Laptop ASUS Zenbook 14 UM3406GA-QD073WS được trang bị chipset GORGON POINT 6C (GPT3) xử lý hiệu quả, cùng card đồ họa AMD Radeon Graphics hiện đại. Mẫu laptop ASUS này còn đi cùng RAM 32GB và ổ cứng dung lượng 1TB. Hơn thế nữa, thiết kế màn hình 14 inch cũng cho phép quan sát thoải mái.
Nội dung chính
1. Laptop ASUS Zenbook 14 UM3406GA-QD073WS – Hiệu suất tốt, bộ nhớ cao
1.1. Hỗ trợ Copilot, tối ưu đa nhu cầu
1.2. RAM LPDDR5X 32GB, dung lượng ổ cứng 1TB
1.3. Thiết kế gọn đẹp, màu thời thượng
1.4. Bộ xử lý mạnh, card đồ họa tiên tiến
1.5. Pin 75WHrs, cổng giao tiếp đa dạng
1.6. Màn hình WUXGA, tần số quét 60Hz ổn định
2. Mua laptop ASUS Zenbook 14 UM3406GA-QD073WS giá tốt tại CellphoneS
Laptop ASUS Zenbook 14 UM3406GA-QD073WS – Hiệu suất tốt, bộ nhớ cao
ASUS Zenbook 14 UM3406GA-QD073WS là chiếc laptop hướng đến người dùng yêu cầu thiết bị bền và đẹp. Với các đặc điểm vượt trội, dòng laptop AI này có thể mang lại trải nghiệm ấn tượng khi sử dụng.
Hỗ trợ Copilot, tối ưu đa nhu cầu
Laptop ASUS Zenbook 14 UM3406GA-QD073WS được xây dựng xoay quanh trải nghiệm làm việc thông minh nhờ tích hợp Copilot. Điều này giúp người dùng tiếp cận nhanh các công cụ hỗ trợ bằng AI, từ gợi ý nội dung, tối ưu quy trình làm việc đến hỗ trợ đa nhiệm hiệu quả. 
Laptop mang đến trải nghiệm tốt
Đây cũng là lợi thế lớn trong bối cảnh công việc hiện đại yêu cầu xử lý thông tin nhanh, chính xác và linh hoạt. Không chỉ phục vụ công việc văn phòng, phiên bản còn tối ưu cho nhiều nhu cầu khác nhau như học tập trực tuyến, sáng tạo nội dung cơ bản hay giải trí hàng ngày. 
RAM LPDDR5X 32GB, dung lượng ổ cứng 1TB
Laptop ASUS Zenbook 14 UM3406GA-QD073WS được tích hợp RAM có dung lượng lên đến 32GB. Người dùng có thể thoải mái chạy đa nhiệm nhiều tab trình duyệt, phần mềm văn phòng. Chuẩn LPDDR5X của RAM này đem lại băng thông cao và giúp máy duy trì hiệu suất ổn định trong thời gian dài. 
Phiên bản có bộ nhớ dung lượng ấn tượng
Thêm vào đó, ổ cứng 1TB M.2 NVMe PCIe 4.0 SSD đi cùng còn nâng cao tốc độ truy xuất dữ liệu. Việc khởi động hệ điều hành, mở ứng dụng nặng hay sao chép các tệp dung lượng lớn có thể diễn ra nhanh chóng và mượt mà. Không gian lưu trữ 1TB còn giúp lưu giữ tài liệu công việc, dự án sáng tạo một cách thoải mái. 
Thiết kế gọn đẹp, màu thời thượng
Laptop ASUS Zenbook 14 UM3406GA-QD073WS nổi bật với kiểu dáng sang trọng đặc trưng của dòng Zenbook. Thân máy mỏng nhẹ, các đường cắt sắc sảo và bề mặt hoàn thiện cao cấp mang đến cảm giác chắc chắn khi cầm nắm. Màu sắc trung tính cũng giúp chiếc laptop phù hợp với nhiều phong cách người dùng.
Máy sở hữu màu sắc thanh lịch
Không những vậy, chiếc laptop này còn được chứng nhận tiêu chuẩn độ bền quân đội Mỹ US MIL-STD 810H. Với những người thường xuyên di chuyển, làm việc linh hoạt ở nhiều môi trường khác nhau, đây được xem là lựa chọn đồng hành đáng tin cậy trong công việc.
Bộ xử lý mạnh, card đồ họa tiên tiến
Laptop ASUS Zenbook 14 UM3406GA-QD073WS sở hữu chip GORGON POINT 6C (GPT3) mang lại khả năng xử lý vượt trội. Kiến trúc mới giúp CPU hoạt động hiệu quả, tối ưu cả hiệu năng đơn nhân lẫn đa nhân. Nhờ vậy, máy có thể đáp ứng tốt các tác vụ từ cơ bản đến nâng cao với khả năng phản hồi nhanh nhạy.
Laptop có hiệu năng cao
Bên cạnh đó, card đồ họa AMD Radeon Graphics cũng đủ mạnh để xử lý tác vụ đồ họa phổ thông và hỗ trợ hiển thị mượt mà trên màn hình độ phân giải cao. ASUS còn tích hợp neural AMD XDNA NPU với hiệu năng lên đến 50 TOPS, mở ra khả năng xử lý AI trực tiếp trên thiết bị. 
Pin 75WHrs, cổng giao tiếp đa dạng
Laptop ASUS Zenbook 14 UM3406GA-QD073WS được tích hợp pin có dung lượng 75WHrs, cấu hình 4S1P, 4-cell Li-ion. Dung lượng pin lớn giúp máy đáp ứng tốt nhiều giờ làm việc, từ họp trực tuyến, soạn thảo tài liệu đến xử lý công việc sáng tạo. 
Dung lượng pin lớn cho thời lượng dài
Tuy nhiên, thời lượng của laptop có thể thay đổi dựa theo tần suất và nhu cầu sử dụng. Sự kết hợp giữa phần cứng tiết kiệm điện và pin dung lượng cao mang lại trải nghiệm sử dụng liền mạch.
Mặt khác, phiên bản còn trang bị hệ thống cổng giao tiếp đa dạng, giúp kết nối với các thiết bị ngoại vi trở nên thuận tiện. Người dùng có thể dễ dàng kết nối màn hình ngoài, ổ cứng, chuột, bàn phím hay các thiết bị trình chiếu.
Màn hình WUXGA, tần số quét 60Hz ổn định
Laptop ASUS Zenbook 14 UM3406GA-QD073WS sở hữu màn hình OLED WUXGA, độ phân giải 1920 x 1200. Tỷ lệ khung hình 16:10 mang lại không gian hiển thị rộng rãi, hữu ích khi làm việc với văn bản hay chỉnh sửa nội dung. Công nghệ OLED cũng giúp hình ảnh có độ tương phản cao, màu đen sâu và màu sắc sống động.
Màn hình hiển thị nội dung nét
Không chỉ dừng lại ở đó, màn hình còn đạt 100% DCI-P3 color gamut đảm bảo khả năng tái tạo màu sắc chính xác, phù hợp cho công việc sáng tạo. Ngoài ra, tần số quét 60Hz cũng đủ mượt cho các tác vụ thường ngày và giúp tiết kiệm điện năng.
Mua laptop ASUS Zenbook 14 UM3406GA-QD073WS giá tốt tại CellphoneS
Khách hàng có thể đến với chi nhánh CellphoneS để mua laptop ASUS Zenbook 14 UM3406GA-QD073WS giá phải chăng. Đây là hệ thống bán lẻ uy tín, mang đến sản phẩm chính hãng cùng chính sách bảo hành rõ ràng, dài hạn. 
Đội ngũ tư vấn chuyên nghiệp tại đây còn giải đáp những thắc mắc trước và sau khi mua. Bên cạnh đó, cửa hàng cũng đem đến chế độ trả góp linh hoạt, phù hợp với sinh viên và người đi làm.","{""Bộ xử lý & Đồ họa"": [{""name"": ""Chip AI"", ""value"": ""AMD XDNA NPU up to 50TOPS""}, {""name"": ""Loại card đồ họa"", ""value"": ""AMD Radeon Graphics""}, {""name"": ""Loại CPU"", ""value"": ""AMD Ryzen AI 7 445""}], ""Bộ nhớ RAM, Ổ cứng"": [{""name"": ""Dung lượng RAM"", ""value"": ""32GB""}, {""name"": ""Loại RAM"", ""value"": ""LPDDR5X on board""}, {""name"": ""Ổ cứng"", ""value"": ""1TB M.2 NVMe PCIe 4.0 SSD""}], ""Màn hình"": [{""name"": ""Tần số quét"", ""value"": ""60 Hz""}, {""name"": ""Chất liệu tấm nền"", ""value"": ""Tấm nền Oled""}, {""name"": ""Kích thước màn hình"", ""value"": ""14 inches""}, {""name"": ""Công nghệ màn hình"", ""value"": ""Thời gian phản hồi 0.2ms\nĐộ sáng 400nits\nĐộ sáng tối đa 600nits (độ sáng tối đa HDR)\nĐộ phủ màu 100% DCI-P3\nTỷ lệ tương phản 1.000.000:1\nTrue Black 600\n1.07 tỷ màu\nGiảm 70% ánh sáng xanh có hại\nMàn hình SGS Eye Care""}, {""name"": ""Độ phân giải màn hình"", ""value"": ""1920 x 1200 pixels (WUXGA)""}], ""Âm thanh"": [{""name"": ""Công nghệ âm thanh"", ""value"": ""Công nghệ Smart Amp\nLoa tích hợp\nMicro đa hướng tích hợp""}], ""Kích thước & Trọng lượng"": [{""name"": ""Chất liệu"", ""value"": ""Vỏ kim loại""}, {""name"": ""Chất liệu vỏ màn hình"", ""value"": ""Nhôm""}, {""name"": ""Chất liệu vỏ trên"", ""value"": ""Nhôm""}, {""name"": ""Chất liệu vỏ dưới"", ""value"": ""Nhôm""}, {""name"": ""Kích thước"", ""value"": ""31.24 x 22.01 x 1.49 ~ 1.49 cm (Dài x Rộng x Dày)""}, {""name"": ""Trọng lượng"", ""value"": ""1.20 kg""}], ""Tiện ích khác"": [{""name"": ""Tính năng đặc biệt"", ""value"": ""Wi-Fi 6, Nhận diện khuôn mặt, Màn hình Oled""}], ""Tính năng khác"": [{""name"": ""Loại đèn bàn phím"", ""value"": ""Bàn phím Chiclet có đèn nền Với phím Copilot""}, {""name"": ""Bảo mật"", ""value"": ""Webcam hồng ngoại (IR) hỗ trợ Windows Hello\nMcAfee\nBảo vệ mật khẩu người dùng khi khởi động BIOS\nMật khẩu người dùng trong thiết lập BIOS\nBộ xử lý bảo mật Microsoft Pluton\nMô-đun nền tảng tin cậy TPM (Firmware TPM)""}, {""name"": ""Webcam"", ""value"": ""Camera FHD có chức năng IR hỗ trợ Windows Hello, với màn trập camera""}, {""name"": ""Hệ điều hành"", ""value"": ""Windows 11 Home + Microsoft Office Home 2024 + Microsoft 365 Basic""}], ""Pin & công nghệ sạc"": [{""name"": ""Pin"", ""value"": ""75WHrs, 4S1P, 4-cell Li-ion""}], ""Cổng kết nối"": [{""name"": ""Wi-Fi"", ""value"": ""Wi-Fi 6E(802.11ax) (Triple band) 2*2""}, {""name"": ""Bluetooth"", ""value"": ""Bluetooth 5.3""}, {""name"": ""Cổng giao tiếp"", ""value"": ""1 x USB 3.2 Gen 1 Type-A (5 Gbps)\n1 x USB 3.2 Gen 2 Type-C (hỗ trợ xuất hình & sạc, 10 Gbps)\n1 x USB 4.0 Gen 3 Type-C (hỗ trợ xuất hình & sạc, 40 Gbps)\n1 x HDMI 2.1 (TMDS)\n1 x Jack tai nghe / micro 3.5 mm""}]}","[""https://cdn2.cellphones.com.vn/x/media/catalog/product/l/a/laptop_asus_zenbook_14_um3406ga-qd073ws_-_1.png"", ""https://cdn2.cellphones.com.vn/x/media/catalog/product/l/a/laptop_asus_zenbook_14_um3406ga-qd073ws_-_2.png"", ""https://cdn2.cellphones.com.vn/x/media/catalog/product/l/a/laptop_asus_zenbook_14_um3406ga-qd073ws_-_3.png""]","{""product_color_1"": {""color"": ""Đen"", ""image_url"": ""https://cellphones.com.vn/laptop-asus-zenbook-14-um3406ga-qd073ws.html?product_id=123163"", ""price"": ""36.390.000₫""}}"
Laptop ASUS Vivobook 14 X1404VA-EB355W,laptop-asus-vivobook-14-x1404va-eb355w,25.990.000đ,22.290.000đ,"Đặc điểm nổi bật
Laptop ASUS Vivobook 14 X1404VA-EB355W được trang bị CPU Intel Core 7 Processor 150U, RAM 16GB DDR5 xử lý nhanh các tác vụ như học tập và làm việc. Màn hình 14 inch với tấm nền IPS hạn chế chói, đạt tiêu chuẩn hiển thị an toàn cho mắt. Đây là chiếc laptop bền, nhẹ, đa dụng trong tầm giá dễ tiếp cận với người dùng.
Nội dung chính
1. Laptop ASUS Vivobook 14 X1404VA-EB355W -Cấu hình mạnh mẽ trong thiết kế mỏng nhẹ hiện đại
1.1. RAM DDR5 tốc độ cao và SSD PCIe 4.0 dung lượng lớn
1.2. Thiết kế bạc thanh lịch và kiểu dáng gọn nhẹ tiện di chuyển
1.3. Sức mạnh từ Intel Core 7 Processor 150U card Intel Graphics
1.4. Gập 180 độ linh hoạt và hệ thống cổng kết nối tiện dụng  
1.5. Màn hình 14 inch FullHD chống chói, hiển thị rõ ràng
1.6. Bảo mật và âm thanh SonicMaster sống động
2. Mua Laptop ASUS Vivobook 14 X1404VA-EB355W chính hãng tại CellphoneS
Laptop ASUS Vivobook 14 X1404VA-EB355W -Cấu hình mạnh mẽ trong thiết kế mỏng nhẹ hiện đại
ASUS Vivobook 14 sở hữu cấu hình mạnh trong thân máy gọn nhẹ, giúp xử lý mượt các tác vụ văn phòng và học tập hằng ngày. Sự tối ưu giữa hiệu năng, thiết kế và tính di động được tích hợp trên Laptop ASUS Vivobook mang lại trải nghiệm sử dụng tiện lợi và ổn định lâu dài.
RAM DDR5 tốc độ cao và SSD PCIe 4.0 dung lượng lớn
Laptop ASUS Vivobook 14 X1404VA-EB355W được trang bị 16GB RAM DDR5, mang lại tốc độ truyền dữ liệu cao hơn so với thế hệ DDR4 trước đây. Nhờ đó, máy xử lý tốt các tác vụ đa nhiệm như mở nhiều tab trình duyệt hay các phần mềm học tập mà vẫn giữ được độ mượt cần thiết. 
Đa nhiệm mượt mà, làm việc liền mạch mỗi ngày
Cấu hình RAM gồm 8GB DDR5 onboard và 8GB DDR5 SO-DIMM, giúp hệ thống hoạt động ổn định ngay từ khi sử dụng ban đầu. Ngoài ra, thiết kế này còn cho phép người dùng nâng cấp RAM trong tương lai nếu nhu cầu công việc tăng cao. 
Laptop ASUS Vivobook 14 X1404VA-EB355W được trang bị ổ M.2 NVMe PCIe 4.0 với dung lượng 512GB, cho khả năng đọc ghi nhanh và lưu trữ lớn. Việc khởi động hệ điều hành, mở phần mềm hay sao chép dữ liệu đều diễn ra trong thời gian ngắn, giúp tiết kiệm thời gian làm việc tối đa. 
Thiết kế bạc thanh lịch và kiểu dáng gọn nhẹ tiện di chuyển
ASUS Vivobook 14 sở hữu thiết kế theo phong cách tối giản, tập trung vào tính thực dụng và dễ sử dụng. Tông màu bạc trung tính giúp máy trông thanh lịch, phù hợp với nhiều không gian như văn phòng hay trường học. Thiết kế này cũng giúp máy giữ được vẻ ngoài trang nhã theo thời gian, không bị lỗi mốt.
Dễ mang theo, phù hợp học tập và làm việc mọi nơi
Với trọng lượng chỉ 1.4kg và độ dày khoảng 17.9mm, laptop ASUS Vivobook 14 X1404VA-EB355W mang lại sự tiện lợi tối đa cho người dùng. Kích thước 32.49 x 21.39 cm gọn gàng, không chiếm nhiều diện tích khi sử dụng trên bàn làm việc. Đây là ưu điểm lớn với người dùng thường xuyên di chuyển.
Sức mạnh từ Intel Core 7 Processor 150U card Intel Graphics
ASUS Vivobook 14 được trang bị Intel Core 7 150U, bộ vi xử lý tiết kiệm điện nhưng vẫn đảm bảo hiệu năng tốt cho các tác vụ văn phòng. CPU có 10 lõi 12 luồng, xung nhịp cơ bản 1.8GHz và có thể tăng tốc lên đến 5.4GHz, giúp xử lý nhanh các thao tác nhập liệu, tính toán và xử lý dữ liệu.
Xử lý mượt tác vụ văn phòng, học tập và đa nhiệm hằng ngày
Nhờ cấu trúc đa nhân, laptop ASUS Vivobook 14 X1404VA-EB355W hoạt động ổn định khi chạy nhiều ứng dụng cùng lúc, hạn chế tình trạng quá tải. Đây là mức hiệu năng phù hợp cho người dùng văn phòng, giáo viên, sinh viên hoặc cần làm việc với dữ liệu thường xuyên.
Xem video Full HD, chỉnh sửa cơ bản và làm việc lâu dài
Đồ họa tích hợp Intel Graphics phù hợp cho xem nội dung FullHD và xử lý hình ảnh ở mức cơ bản. Dù không hướng đến đồ họa chuyên sâu, GPU tích hợp vẫn đủ để phục vụ các tác vụ giải trí nhẹ và công việc văn phòng thông thường.
Gập 180 độ linh hoạt và hệ thống cổng kết nối tiện dụng  
Laptop ASUS Vivobook 14 X1404VA-EB355W có thiết kế bản lề gập 180 độ cho người dùng điều chỉnh góc làm việc linh hoạt. Laptop còn được trang bị pin 42Wh, đáp ứng tốt nhu cầu sử dụng liên tục trong nhiều giờ làm việc. CPU dòng U vận hành tiết kiệm điện, hỗ trợ máy hoạt động bền bỉ hơn trong suốt ngày làm việc.
Làm việc linh hoạt, dễ dàng kết nối các thiết bị
Máy sở hữu hệ thống cổng kết nối đa dạng gồm USB-A, USB-C, HDMI 1.4 và jack âm thanh 3.5mm. Việc trình chiếu và kết nối thiết bị làm việc trở nên thuận tiện hơn nhờ các cổng kết nối đa dạng.
Màn hình 14 inch FullHD chống chói, hiển thị rõ ràng
Laptop ASUS Vivobook 14 X1404VA-EB355W sở hữu màn hình 14 inch độ phân giải FullHD, hình ảnh rõ nét và không gian hiển thị vừa đủ cho công việc văn phòng. Kích thước màn hình giúp cân bằng tốt giữa trải nghiệm quan sát và tính di động khi mang theo.
Trải nghiệm hình ảnh dịu mắt cho làm việc mỗi ngày
Màn hình có độ sáng 250 nits, độ phủ màu 45% NTSC cùng bề mặt chống chói, hỗ trợ làm việc hiệu quả trong nhiều điều kiện ánh sáng. Chứng nhận TÜV Rheinland giúp giảm ánh sáng xanh, hạn chế mỏi mắt khi sử dụng máy trong thời gian dài.
Bảo mật và âm thanh SonicMaster sống động
Người dùng có thể mở khóa Laptop ASUS Vivobook 14 X1404VA-EB355W thuận tiện và an tâm hơn nhờ cảm biến vân tay trên touchpad. Ngoài ra, các tính năng bảo mật như TPM, bảo vệ BIOS và phần mềm McAfee giúp người dùng yên tâm hơn khi lưu trữ dữ liệu cá nhân và công việc.
Họp online rõ ràng, bảo mật và tiện lợi hơn
ASUS Vivobook 14 X1404VA-EB355W có hệ thống âm thanh SonicMaster kết hợp loa và micro đa hướng tích hợp mang lại chất lượng âm thanh rõ ràng. Webcam HD 720p có màn trập vật lý giúp tăng tính riêng tư khi không sử dụng.
Mua Laptop ASUS Vivobook 14 X1404VA-EB355W chính hãng tại CellphoneS
Với laptop ASUS Vivobook 14 X1404VA-EB355W, CellphoneS mang đến giải pháp mua sắm đơn giản và dễ tiếp cận cho khách hàng văn phòng. CellphoneS cung cấp đầy đủ thông tin, giúp khách hàng dễ dàng đưa ra quyết định phù hợp với nhu cầu. Quy trình mua nhanh gọn cùng nhiều phương thức thanh toán hỗ trợ trải nghiệm thuận tiện hơn. Đến ngay CellphoneS để mua Laptop ASUS Vivobook 14 giá tốt!","{""Bộ xử lý & Đồ họa"": [{""name"": ""Loại card đồ họa"", ""value"": ""Intel Graphics""}, {""name"": ""Loại CPU"", ""value"": ""Intel Core 7 150U 1.8 GHz (12MB Cache, up to 5.4 GHz, 10 lõi, 12 luồng)""}], ""Bộ nhớ RAM, Ổ cứng"": [{""name"": ""Dung lượng RAM"", ""value"": ""16GB""}, {""name"": ""Loại RAM"", ""value"": ""DDR5""}, {""name"": ""Số khe ram"", ""value"": ""2 khe (8GB DDR5 on board + 8GB DDR5 SO-DIMM, Có thể nâng cấp; Cần tháo vỏ dưới/trên)""}, {""name"": ""Ổ cứng"", ""value"": ""512GB M.2 NVMe PCIe 4.0 SSD""}], ""Màn hình"": [{""name"": ""Tần số quét"", ""value"": ""60 Hz""}, {""name"": ""Chất liệu tấm nền"", ""value"": ""Tấm nền IPS""}, {""name"": ""Kích thước màn hình"", ""value"": ""14 inches""}, {""name"": ""Công nghệ màn hình"", ""value"": ""Độ sáng 250 nits\nĐộ phủ màu 45% NTSC\nBề mặt màn hình chống loá\nChứng nhận TÜV Rheinland""}, {""name"": ""Độ phân giải màn hình"", ""value"": ""1920 x 1080 pixels (FullHD)""}], ""Âm thanh"": [{""name"": ""Công nghệ âm thanh"", ""value"": ""SonicMaster\nLoa tích hợp\nMic đa hướng tích hợp""}], ""Kích thước & Trọng lượng"": [{""name"": ""Chất liệu"", ""value"": ""Vỏ nhựa""}, {""name"": ""Chất liệu vỏ màn hình"", ""value"": ""Nhựa""}, {""name"": ""Chất liệu vỏ trên"", ""value"": ""Nhựa""}, {""name"": ""Chất liệu vỏ dưới"", ""value"": ""Nhựa""}, {""name"": ""Kích thước"", ""value"": ""32.49 x 21.39 x 1.79 ~ 1.79 cm (Dài x Rộng x Dày)""}, {""name"": ""Trọng lượng"", ""value"": ""1.40 kg""}], ""Tiện ích khác"": [{""name"": ""Tính năng đặc biệt"", ""value"": ""Wi-Fi 6, Bảo mật vân tay""}], ""Tính năng khác"": [{""name"": ""Loại đèn bàn phím"", ""value"": ""Bàn phím Chiclet""}, {""name"": ""Bảo mật"", ""value"": ""Cảm biến vân tay tích hợp trong touchpad\nMcAfee\nBảo vệ mật khẩu người dùng khi khởi động BIOS\nMô-đun TPM (Firmware TPM)""}, {""name"": ""Webcam"", ""value"": ""Camera HD 720p; Có màn trập camera""}, {""name"": ""Hệ điều hành"", ""value"": ""Windows 11 Home""}], ""Pin & công nghệ sạc"": [{""name"": ""Pin"", ""value"": ""42WHrs, 3S1P, 3-cell Li-ion""}], ""Cổng kết nối"": [{""name"": ""Wi-Fi"", ""value"": ""Wi-Fi 6(802.11ax) (Dual band) 1*1""}, {""name"": ""Bluetooth"", ""value"": ""Bluetooth 5.2""}, {""name"": ""Cổng giao tiếp"", ""value"": ""1 x USB 2.0 Type-A (tốc độ đến 480Mbps)\n1 x USB 3.2 Gen 1 Type-C (tốc độ đến 5Gbps)\n2 x USB 3.2 Gen 1 Type-A (tốc độ đến 5Gbps)\n1 x HDMI 1.4\n1 x Jack âm thanh 3.5mm combo\n1 x Cổng sạc DC-in""}]}","[""https://cdn2.cellphones.com.vn/x/media/catalog/product/l/a/laptop_asus_vivobook_14_x1404va-eb355w_-_1.png"", ""https://cdn2.cellphones.com.vn/x/media/catalog/product/l/a/laptop_asus_vivobook_14_x1404va-eb355w_-_2.png"", ""https://cdn2.cellphones.com.vn/x/media/catalog/product/l/a/laptop_asus_vivobook_14_x1404va-eb355w_-_3.png""]","{""product_color_1"": {""color"": ""Bạc"", ""image_url"": ""https://cellphones.com.vn/laptop-asus-vivobook-14-x1404va-eb355w.html?product_id=119277"", ""price"": ""22.290.000₫""}}"
Laptop ASUS VivoBook 14 M1407GA-LY270W,laptop-asus-vivobook-14-m1407ga-ly270w,26.990.000đ,24.290.000đ,"Đặc điểm nổi bật
Laptop ASUS Vivobook 14 M1407GA - LY270W được trang bị vi xử lý GORGON POINT 6C (GPT3) mang lại hiệu năng mạnh mẽ cho công việc văn phòng hiện đại. Máy có thiết kế gọn nhẹ và NPU được tối ưu cho nhiều loại tác vụ. Máy còn trang bị 16GB RAM DDR5 hỗ trợ nâng cấp linh hoạt để tăng khả năng đa nhiệm.
Nội dung chính
1. Laptop ASUS Vivobook 14 M1407GA - LY270W - Hiệu năng mạnh mẽ đột phá
1.1. RAM DDR5 16GB và SSD PCIe 4.0 - Vận hành ổn định
1.2. Thiết kế mỏng nhẹ với màu sắc hiện đại
1.3. Hiệu năng AI mạnh với chip GORGON POINT 6C (GPT3)
1.4. Các cổng kết nối tiện lợi và pin ổn định
1.5. Màn hình WUXGA sắc nét với khả năng hiển thị ổn định
1.6. Âm thanh SonicMaster và micro khử ồn AI trên MyASUS
2. Mua sản phẩm laptop ASUS Vivobook 14 M1407GA - LY270W chính hãng tại CellphoneS
Laptop ASUS Vivobook 14 M1407GA - LY270W - Hiệu năng mạnh mẽ đột phá
ASUS Vivobook 14 M1407GA - LY270W là mẫu laptop AI mới sở hữu thiết kế màu bạc sang trọng. Sản phẩm là lựa chọn phù hợp cho người dùng đang tìm kiếm một chiếc laptop AI gọn nhẹ và đáp ứng ổn định các yêu cầu xử lý tác vụ công sở. 
RAM DDR5 16GB và SSD PCIe 4.0 - Vận hành ổn định
Với 16GB RAM DDR5 onboard tích hợp sẵn, thiết bị dễ dàng xử lý nhiều tab trình duyệt cùng lúc. Ngoài ra, laptop ASUS Vivobook 14 M1407GA - LY270W còn trang bị khe SO-DIMM rời, cho phép mở rộng tổng dung lượng bộ nhớ lên tối đa 32GB. Cấu hình này phù hợp cho người dùng có nhu cầu nâng cấp trong quá trình sử dụng lâu dài.
RAM DDR5 16GB và SSD PCIe 4.0 cho hiệu suất ổn định
Ổ cứng SSD dung lượng 512GB chuẩn NVMe PCIe 4.0 giúp thiết bị rút ngắn thời gian khởi động máy và xử lý các tập tin một cách hiệu quả. Không gian lưu trữ của ASUS Vivobook 14 M1407GA - LY270W đáp ứng tốt nhu cầu lưu trữ dữ liệu công việc và giải trí cá nhân. 
Thiết kế mỏng nhẹ với màu sắc hiện đại
Lớp vỏ nhựa cao cấp phủ tông màu bạc tinh tế tạo nên vẻ ngoài sang trọng, giúp thiết bị hòa nhập xuất sắc với mọi không gian làm việc công sở hiện đại. Sở hữu trọng lượng chỉ 1.46 kg, laptop ASUS Vivobook 14 M1407GA - LY270W mang lại sự linh hoạt cho người dùng cần thay đổi không gian làm việc liên tục.
Kiểu dáng gọn nhẹ với màn hình 14 inch, độ phân giải rõ nét
Hiệu năng AI mạnh với chip GORGON POINT 6C (GPT3)
ASUS Vivobook 14 M1407GA - LY270W được trang bị vi xử lý AI mới, tối ưu hiệu suất và khả năng tiết kiệm điện năng. Bộ vi xử lý GORGON POINT 6C (GPT3) được trang bị đa nhân đa luồng, đạt xung nhịp ấn tượng. Cấu hình này giúp máy vận hành ổn định các tác vụ văn phòng, làm việc đa nhiệm và quản lý dữ liệu hiệu quả. 
Chip GORGON POINT 6C (GPT3) giúp tối ưu trải nghiệm làm việc
Chip GORGON POINT 6C (GPT3) sở hữu NPU với hiệu suất lên đến 50 TOPS giúp xử lý các tác vụ AI mượt mà. Hệ thống có khả năng tối ưu hóa các tính năng AI trên Windows. Sản phẩm hỗ trợ tốt các tác vụ chỉnh sửa ảnh, video đơn giản và phần mềm đồ họa tích hợp AI.
Các cổng kết nối tiện lợi và pin ổn định
Máy sở hữu 2 cổng USB Type-C hỗ trợ sạc Power Delivery và xuất hình ảnh chất lượng lên màn hình rời. Các cổng USB 3.2 và micro HDMI cũng được bố trí hợp lý ở hai bên cạnh máy để phục vụ công việc. Laptop ASUS Vivobook 14 M1407GA - LY270W mang đến sự linh hoạt cho nhu cầu thuyết trình hay truyền tải dữ liệu.
Tối ưu trải nghiệm sử dụng an toàn mỗi ngày
ASUS Vivobook 14 sở hữu pin 3 cell với dung lượng 42Wh được thiết kế liền khối mang lại sự mỏng nhẹ cho tổng thể máy. Bộ sạc Type-C công suất 68W đi kèm giúp máy tính tối ưu tốc độ sạc. Công nghệ này duy trì trạng thái hoạt động ổn định và đáp ứng tốt nhu cầu làm việc liên tục trong nhiều giờ.
Màn hình WUXGA sắc nét với khả năng hiển thị ổn định
Màn hình 14 inch của laptop ASUS Vivobook 14 M1407GA - LY270W sở hữu độ phân giải WUXGA cùng tỉ lệ 16:10 mang lại không gian hiển thị dọc rộng rãi. Thiết kế này giúp tra cứu thông tin trên trình duyệt web dễ dàng hơn. Thiết kế màn hình đem lại trải nghiệm hình ảnh rõ ràng và duy trì sự ổn định cho mọi tác vụ văn phòng.
Thiết bị cho hình ảnh ổn định dưới nhiều môi trường đa dạng
Lớp phủ giảm chói cùng độ sáng 300nits hỗ trợ khả năng hiển thị tốt trong các môi trường ánh sáng khác nhau. Công nghệ này giúp bảo vệ thị lực của người dùng khi phải sử dụng máy tính liên tục trong nhiều giờ. Ngoài ra, dải màu 45% NTSC mang đến chất lượng màu sắc phù hợp cho các nhu cầu trình chiếu và giải trí cơ bản.
Âm thanh SonicMaster và micro khử ồn AI trên MyASUS
Bên cạnh hiệu năng AI, laptop ASUS Vivobook 14 M1407GA - LY270W còn được trang bị hệ thống âm thanh tinh chỉnh bởi công nghệ SonicMaster. Thông qua đó, máy đem tới trải nghiệm sống động nhưng vẫn hạn chế hiện tượng rè hay méo tiếng. 
Trải nghiệm âm thanh ổn định trong nhiều môi trường 
Tính năng lọc tiếng ồn thông minh hỗ trợ loại bỏ các tạp âm từ môi trường xung quanh. Hệ thống này cho phép các cuộc hội thoại trực tuyến diễn ra chuyên nghiệp và hiệu quả hơn. Hệ thống mảng micro tích hợp kết hợp với công nghệ AI giúp người dùng trải nghiệm chất lượng âm thanh ổn định. 
Mua sản phẩm laptop ASUS Vivobook 14 M1407GA - LY270W chính hãng tại CellphoneS
Nếu khách hàng đang tìm kiếm địa chỉ mua laptop ASUS Vivobook 14 M1407GA - LY270W, CellphoneS chính là lựa chọn phù hợp. Đến với CellphoneS, khách hàng nhận được sản phẩm có nguồn gốc rõ ràng và đầy đủ hóa đơn. CellphoneS có các chính sách minh bạch về chế độ bảo hành, đi kèm dịch vụ hỗ trợ kỹ thuật nhiệt tình. Nhờ đó, người mua có thể yên tâm lựa chọn và trải nghiệm dịch vụ hậu mãi lâu dài.","{""Bộ xử lý & Đồ họa"": [{""name"": ""Chip AI"", ""value"": ""AMD XDNA NPU up to 50TOPS""}, {""name"": ""Loại card đồ họa"", ""value"": ""AMD Radeon Graphics""}, {""name"": ""Loại CPU"", ""value"": ""AMD Ryzen AI 7 445 ( 2.0 GHz - 4.6 GHz / 8MB / 6 nhân, 12 luồng ), GORGON POINT 6C (GPT3)""}], ""Bộ nhớ RAM, Ổ cứng"": [{""name"": ""Dung lượng RAM"", ""value"": ""16GB""}, {""name"": ""Loại RAM"", ""value"": ""DDR5 on board""}, {""name"": ""Ổ cứng"", ""value"": ""512GB M.2 NVMe PCIe 4.0 SSD""}], ""Màn hình"": [{""name"": ""Tần số quét"", ""value"": ""60 Hz""}, {""name"": ""Chất liệu tấm nền"", ""value"": ""Tấm nền IPS""}, {""name"": ""Kích thước màn hình"", ""value"": ""14 inches""}, {""name"": ""Công nghệ màn hình"", ""value"": ""Màn hình chống chói\nĐộ phủ màu 45% NTSC\nĐộ sáng 300nits""}, {""name"": ""Độ phân giải màn hình"", ""value"": ""1920 x 1200 pixels (WUXGA)""}], ""Âm thanh"": [{""name"": ""Công nghệ âm thanh"", ""value"": ""SonicMaster\nLoa tích hợp\nMicrophone mảng tích hợp""}], ""Kích thước & Trọng lượng"": [{""name"": ""Chất liệu"", ""value"": ""Vỏ nhựa""}, {""name"": ""Chất liệu vỏ màn hình"", ""value"": ""Nhựa""}, {""name"": ""Chất liệu vỏ trên"", ""value"": ""Nhựa""}, {""name"": ""Chất liệu vỏ dưới"", ""value"": ""Nhựa""}, {""name"": ""Kích thước"", ""value"": ""31.52 x 22.34 x 1.79 ~ 1.99 cm (Dài x Rộng x Dày)""}, {""name"": ""Trọng lượng"", ""value"": ""1.46 kg""}], ""Tiện ích khác"": [{""name"": ""Tính năng đặc biệt"", ""value"": ""Wi-Fi 6, Nhận diện khuôn mặt""}], ""Tính năng khác"": [{""name"": ""Loại đèn bàn phím"", ""value"": ""Bàn phím Chiclet có đèn nền""}, {""name"": ""Bảo mật"", ""value"": ""Webcam hồng ngoại (IR) hỗ trợ Windows Hello\nPhần mềm bảo mật McAfee\nBảo vệ khởi động bằng mật khẩu người dùng BIOS\nBộ xử lý bảo mật Microsoft Pluton\nMô-đun nền tảng tin cậy TPM (Firmware TPM)""}, {""name"": ""Webcam"", ""value"": ""Camera FHD với chức năng hồng ngoại hỗ trợ Windows Hello; Có màn che bảo mật""}, {""name"": ""Hệ điều hành"", ""value"": ""Windows 11 Home""}], ""Pin & công nghệ sạc"": [{""name"": ""Pin"", ""value"": ""42WHrs, 3S1P, 3-cell Li-ion""}], ""Cổng kết nối"": [{""name"": ""Wi-Fi"", ""value"": ""Wi-Fi 6(802.11ax) (Dual band) 2*2""}, {""name"": ""Bluetooth"", ""value"": ""Bluetooth 5.3""}, {""name"": ""Cổng giao tiếp"", ""value"": ""2 x USB 3.2 Gen 1 Type-A (tốc độ lên đến 5Gbps)\n2 x USB 3.2 Gen 1 Type-C (hỗ trợ xuất hình và sạc, tốc độ lên đến 5Gbps)\n1 x micro HDMI 2.1 (TMDS)\n1 x Jack âm thanh 3.5 mm (Headphone/Microphone combo)""}]}","[""https://cdn2.cellphones.com.vn/x/media/catalog/product/l/a/laptop_asus_vivobook_14_m1407ga-ly270w_-_1.png"", ""https://cdn2.cellphones.com.vn/x/media/catalog/product/l/a/laptop_asus_vivobook_14_m1407ga-ly270w_-_2.png"", ""https://cdn2.cellphones.com.vn/x/media/catalog/product/l/a/laptop_asus_vivobook_14_m1407ga-ly270w_-_3.png""]","{""product_color_1"": {""color"": ""Bạc"", ""image_url"": ""https://cellphones.com.vn/laptop-asus-vivobook-14-m1407ga-ly270w.html?product_id=122975"", ""price"": ""24.290.000₫""}}"
Laptop ASUS Gaming V16 V3607VH-RP025W,laptop-asus-gaming-v16-v3607vh-rp025w,33.990.000đ,31.990.000đ,"Đặc điểm nổi bật
Laptop ASUS Gaming V16 V3607VH-RP025W có màn hình WUXGA 16 inch (1920 x 1200), tỷ lệ 16:10 cho không gian hiển thị rộng, nâng cao trải nghiệm chơi game. Máy được trang bị vi xử lý Intel Core 7 240H, RAM DDR5 16GB và SSD PCIe 4.0 cho phản hồi nhanh và đa nhiệm mượt. Vỏ máy đen mờ và bàn phím đèn nền giúp máy vừa mạnh mẽ, vừa nổi bật.
Nội dung chính
1. Laptop ASUS Gaming V16 V3607VH-RP025W - Sức mạnh bứt phá
1.1. Âm thanh chuyên nghiệp nhờ AI khử tiếng ồn
1.2. Tăng tốc hiệu suất Intel Core 7 240H
1.3. RAM DDR5 và ổ SSD PCIe 4.0
1.4. Đen mờ đẳng cấp, phong cách thời thượng
1.5. WUXGA 144Hz cho hình ảnh sống động
1.6. Pin 63WHrs, đầy đủ cổng kết nối
2. Mua laptop ASUS Gaming V16 V3607VH-RP025W với giá tốt tại CellphoneS
Laptop ASUS Gaming V16 V3607VH-RP025W - Sức mạnh bứt phá
Laptop ASUS Gaming V16 V3607VH-RP025W thu hút người dùng bởi thiết kế tinh tế, hiện đại và đầy cá tính, tạo ấn tượng mạnh ngay từ cái nhìn đầu tiên. Sản phẩm laptop  ASUS Gaming này hướng đến sự cân bằng trong trải nghiệm, phù hợp với nhiều phong cách sử dụng khác nhau.
Âm thanh chuyên nghiệp nhờ AI khử tiếng ồn
Công nghệ khử tiếng ồn AI tích hợp trên laptop ASUS Gaming V16 V3607VH-RP025W giúp loại bỏ hiệu quả âm thanh không mong muốn trong họp trực tuyến và livestream. Các thuật toán AI tiên tiến phân tích và lọc âm thanh theo thời gian thực, đảm bảo chất lượng âm thanh rõ ràng và chuyên nghiệp cho mọi cuộc trò chuyện quan trọng.
Giải pháp này giúp lọc hiệu quả các tiếng ồn như bàn phím, tiếng quạt hay âm thanh môi trường một cách tinh tế. Người dùng có thể yên tâm trò chuyện, thuyết trình hoặc trao đổi công việc với âm thanh trong trẻo và chuyên nghiệp, dù đang làm việc tại nhà hay văn phòng.
Tăng tốc hiệu suất Intel Core 7 240H
Bộ vi xử lý Intel Core 7 240H với 10 nhân 16 luồng, xung nhịp tối đa 5.2 GHz giúp laptop ASUS Gaming V16 V3607VH-RP025W xử lý mạnh mẽ, đáp ứng tốt công việc nặng. Kiến trúc tiên tiến giúp tối ưu khả năng phản hồi nhanh, xử lý đồng thời nhiều tác vụ phức tạp mà vẫn giữ được độ ổn định và hiệu suất cao trong suốt quá trình sử dụng.
Kết hợp với đó là đồ họa tích hợp Intel Graphics và card đồ họa rời GN22-X2 mang lại khả năng hiển thị mượt mà và xử lý hình ảnh ấn tượng. Sự kết hợp giữa CPU hiệu năng cao và GPU tối ưu giúp nâng cao trải nghiệm sử dụng hàng ngày, kể cả khi làm việc với nội dung đa phương tiện hay chơi game nhẹ nhàng.
RAM DDR5 và ổ SSD PCIe 4.0
RAM DDR5 16GB với 2 khe SO-DIMM trên laptop ASUS Gaming V16 V3607VH-RP025W cho phép nâng cấp dễ dàng và mang đến tốc độ xử lý dữ liệu vượt trội. Công nghệ DDR5 tiên tiến giúp tăng băng thông và giảm độ trễ, đảm bảo hiệu suất đa nhiệm mượt mà cho mọi tác vụ từ gaming đến sáng tạo nội dung.
Ổ SSD M.2 NVMe PCIe 4.0 dung lượng 512GB mang lại tốc độ đọc/ghi siêu nhanh, giúp khởi động hệ thống, mở ứng dụng và tải game nặng chỉ trong vài giây, tối ưu trải nghiệm. Chuẩn PCIe 4.0 thế hệ mới cung cấp băng thông truyền dữ liệu gấp đôi so với PCIe 3.0, đảm bảo trải nghiệm gaming liền mạch, tốc độ cao và không có thời gian chờ đợi khó chịu.
Đen mờ đẳng cấp, phong cách thời thượng
Laptop ASUS Gaming V16 V3607VH-RP025W sở hữu thiết kế nổi bật với lớp vỏ đen mờ cuốn hút, mang lại vẻ ngoài sang trọng, hiện đại và đậm chất gaming chuyên nghiệp. Bề mặt máy có kết cấu nhẵn mượt cao cấp, tạo cảm giác cầm nắm thoải mái và góp phần tôn lên diện mạo mạnh mẽ, tinh tế cho người dùng theo đuổi phong cách cá tính.
Bàn phím trang bị đèn nền với phong cách hiện đại đậm chất công nghệ, giúp quan sát phím dễ dàng trong môi trường thiếu sáng và tăng vẻ thời thượng cho máy. Các phím WASD và mũi tên trong suốt với tông màu neon nổi bật giúp thao tác nhanh, chính xác và thể hiện cá tính mạnh mẽ, hỗ trợ tối đa trong từng pha hành động gay cấn.
Logo ASUS trên laptop ASUS Gaming V16 V3607VH-RP025W được thiết kế tinh tế và sắc nét, tạo điểm nhấn nổi bật trên tổng thể mạnh mẽ. Sự kết hợp giữa đường nét thanh mảnh, hiện đại tạo nên vẻ ngoài cuốn hút, đậm chất công nghệ. Mặt bên được hoàn thiện với họa tiết vân chéo độc đáo, hút sáng theo từng góc nhìn, mang lại hiệu ứng thị giác sinh động. 
WUXGA 144Hz cho hình ảnh sống động
Màn hình 16 inch với độ phân giải WUXGA tỷ lệ 16:10 trên laptop ASUS Gaming V16 V3607VH-RP025W mang đến không gian hiển thị rộng rãi hơn so với màn hình 16:9. Với tần số quét 144Hz, mọi chuyển động trên màn hình đều trở nên siêu mượt, loại bỏ tình trạng xé hình, giật lag giúp trải nghiệm chơi game và giải trí trở nên sống động, liền mạch.
Độ sáng 300 nits cung cấp hình ảnh rõ nét, sắc màu chân thực và độ tương phản tốt, đảm bảo hiển thị rõ ràng ngay cả trong điều kiện ánh sáng mạnh hoặc ngoài trời. Với tỷ lệ khung hình 16:10, màn hình sẽ có không gian hiển thị rộng hơn đáng kể giúp người dùng xem được nhiều nội dung hơn và có góc nhìn thoải mái hơn.
Pin 63WHrs, đầy đủ cổng kết nối
Viên pin 63WHrs trên laptop ASUS Gaming V16 V3607VH-RP025W cung cấp thời gian sử dụng kéo dài cho cả công việc và giải trí, đảm bảo năng suất làm việc liên tục khi di chuyển. Thiết kế pin bền bỉ và hiệu quả giúp duy trì hiệu suất ổn định trong suốt thời gian sử dụng, mang lại sự an tâm và tin cậy cho người dùng chuyên nghiệp trong mọi hoàn cảnh.
Với các cổng USB 3.2 Gen 1 Type-C, hai cổng USB 3.2 Gen 1 Type-A và HDMI 2.1, hệ thống này mang lại khả năng kết nối và mở rộng tuyệt vời. Cổng 3.5mm combo audio jack và DC-in hoàn thiện bộ kết nối đa dạng, đáp ứng mọi nhu cầu từ gaming đến thuyết trình chuyên nghiệp.
Mua laptop ASUS Gaming V16 V3607VH-RP025W với giá tốt tại CellphoneS
Laptop ASUS Gaming V16 V3607VH-RP025W hiện đang được phân phối chính hãng với mức giá tốt tại hệ thống CellphoneS. CellphoneS luôn mang đến nhiều khuyến mãi hấp dẫn, trả góp linh hoạt với lãi suất ưu đãi cùng quà tặng giá trị dành cho các dòng laptop gaming. Khách hàng có thể đặt mua online hoặc đến trực tiếp cửa hàng để trải nghiệm sản phẩm thực tế. Còn chần chờ gì mà không đặt ngay chiếc laptop gaming cấu hình cao này.","{""Bộ xử lý & Đồ họa"": [{""name"": ""Loại card đồ họa"", ""value"": ""NVIDIA GeForce RTX 5050 8GB GDDR7\nIntel Graphics""}, {""name"": ""Loại CPU"", ""value"": ""Intel Core 7 240H 2.5 GHz (24MB Cache, up to 5.2 GHz, 10 lõi, 16 luồng)""}], ""Bộ nhớ RAM, Ổ cứng"": [{""name"": ""Dung lượng RAM"", ""value"": ""16GB""}, {""name"": ""Loại RAM"", ""value"": ""DDR5 SO-DIMM""}, {""name"": ""Số khe ram"", ""value"": ""Có thể nâng cấp; Cần tháo vỏ dưới/trên""}, {""name"": ""Ổ cứng"", ""value"": ""512GB M.2 NVMe PCIe 4.0 SSD""}], ""Màn hình"": [{""name"": ""Tần số quét"", ""value"": ""144 Hz""}, {""name"": ""Kích thước màn hình"", ""value"": ""16 inches""}, {""name"": ""Công nghệ màn hình"", ""value"": ""Độ sáng 300nits\nMàn hình chống chói\nĐộ phủ màu 45% NTSC""}, {""name"": ""Độ phân giải màn hình"", ""value"": ""1920 x 1200 pixels (WUXGA)""}], ""Âm thanh"": [{""name"": ""Công nghệ âm thanh"", ""value"": ""SonicMaster\nLoa tích hợp\nMicrô tích hợp""}], ""Kích thước & Trọng lượng"": [{""name"": ""Chất liệu"", ""value"": ""Vỏ nhựa""}, {""name"": ""Chất liệu vỏ màn hình"", ""value"": ""Nhựa""}, {""name"": ""Chất liệu vỏ trên"", ""value"": ""Nhựa""}, {""name"": ""Chất liệu vỏ dưới"", ""value"": ""Nhựa""}, {""name"": ""Kích thước"", ""value"": ""35.70 x 25.07 x 1.80 ~ 2.20 cm (Dài x Rộng x Dày)""}, {""name"": ""Trọng lượng"", ""value"": ""1.95 kg""}], ""Tiện ích khác"": [{""name"": ""Tính năng đặc biệt"", ""value"": ""Wi-Fi 6""}], ""Tính năng khác"": [{""name"": ""Loại đèn bàn phím"", ""value"": ""Bàn phím Chiclet có đèn nền với phím số""}, {""name"": ""Bảo mật"", ""value"": ""Mật khẩu người dùng thiết lập BIOS\nTrusted Platform Module (Firmware TPM)""}, {""name"": ""Webcam"", ""value"": ""Camera FHD 1080p; Có màn trập camera""}, {""name"": ""Hệ điều hành"", ""value"": ""Windows 11 Home""}], ""Pin & công nghệ sạc"": [{""name"": ""Pin"", ""value"": ""63WHrs, 3S1P, 3-cell Li-ion""}], ""Cổng kết nối"": [{""name"": ""Wi-Fi"", ""value"": ""Wi-Fi 6(802.11ax) (Dual band) 2*2""}, {""name"": ""Bluetooth"", ""value"": ""Bluetooth 5.3""}, {""name"": ""Cổng giao tiếp"", ""value"": ""1x USB 3.2 Gen 1 Type-C hỗ trợ hiển thị/cung cấp điện (tốc độ dữ liệu lên đến 5Gbps)\n2x USB 3.2 Gen 1 Type-A (tốc độ dữ liệu lên đến 5Gbps)\n1x HDMI 2.1 FRL\n1x Giắc cắm âm thanh kết hợp 3.5mm\n1x DC-in""}]}","[""https://cdn2.cellphones.com.vn/x/media/catalog/product/l/a/laptop_asus_gaming_v16_v3607vh-rp025w_-_1.png"", ""https://cdn2.cellphones.com.vn/x/media/catalog/product/l/a/laptop_asus_gaming_v16_v3607vh-rp025w_-_2.png"", ""https://cdn2.cellphones.com.vn/x/media/catalog/product/l/a/laptop_asus_gaming_v16_v3607vh-rp025w_-_3.png""]","{""product_color_1"": {""color"": ""Đen"", ""image_url"": ""https://cellphones.com.vn/laptop-asus-gaming-v16-v3607vh-rp025w.html?product_id=108018"", ""price"": ""31.990.000₫""}}"
Laptop ASUS TUF Gaming A16 FA608UM‑RV266W,laptop-asus-tuf-gaming-a16-fa608um-rv266w,44.990.000đ,42.790.000đ,,"{""Bộ xử lý & Đồ họa"": [{""name"": ""Chip AI"", ""value"": ""AMD XDNA NPU up to 16TOPS""}, {""name"": ""Loại card đồ họa"", ""value"": ""NVIDIA GeForce RTX 5060 8GB GDDR7\nAMD Radeon 780M Graphics""}, {""name"": ""Loại CPU"", ""value"": ""AMD Ryzen 7 260 3.8GHz (24MB Cache, up to 5.1 GHz, 8 lõi, 16 luồng)""}], ""Bộ nhớ RAM, Ổ cứng"": [{""name"": ""Dung lượng RAM"", ""value"": ""16GB""}, {""name"": ""Loại RAM"", ""value"": ""DDR5-5600 SO-DIMM""}, {""name"": ""Số khe ram"", ""value"": ""2 khe (Nâng cấp tối đa 64GB)""}, {""name"": ""Ổ cứng"", ""value"": ""512GB PCIe 4.0 NVMe M.2 SSD (2 khe cắm M.2 hỗ trợ cả SATA hoặc NVMe, tối đa 2TB)""}], ""Màn hình"": [{""name"": ""Tần số quét"", ""value"": ""165 Hz""}, {""name"": ""Chất liệu tấm nền"", ""value"": ""Tấm nền IPS""}, {""name"": ""Kích thước màn hình"", ""value"": ""16 inches""}, {""name"": ""Công nghệ màn hình"", ""value"": ""Thời gian phản hồi 3 ms\nGóc nhìn: 85°/85°/85°/85°\nĐộ sáng 300 nits\nĐộ tương phản 1000:1\nĐộ phủ màu: 72% NTSC / 100% sRGB / 75.35% AdobeRGB\nMàn hình chống chói\nNVIDIA G-Sync""}, {""name"": ""Độ phân giải màn hình"", ""value"": ""1920 x 1200 pixels (WUXGA)""}], ""Âm thanh"": [{""name"": ""Công nghệ âm thanh"", ""value"": ""Công nghệ khử ồn AI\nDolby Atmos\nChứng nhận Hi-Res Audio (cho tai nghe)""}], ""Tiện ích khác"": [{""name"": ""Tính năng đặc biệt"", ""value"": ""Wi-Fi 6, Nhận diện khuôn mặt, MUX Switch""}], ""Tính năng khác"": [{""name"": ""Loại đèn bàn phím"", ""value"": ""Bàn phím Chiclet có đèn nền RGB 1 vùng Với phím Copilot\nAura Sync\nMUX Switch + NVIDIA Advanced Optimus""}, {""name"": ""Bảo mật"", ""value"": ""Mật khẩu BIOS (quản trị viên & người dùng)\nBộ xử lý bảo mật Pluton\nSecured-core PC (Cấp độ 3)""}, {""name"": ""Webcam"", ""value"": ""Camera hồng ngoại FHD 1080P dành cho Windows Hello""}, {""name"": ""Hệ điều hành"", ""value"": ""Windows 11 Home""}], ""Pin & công nghệ sạc"": [{""name"": ""Pin"", ""value"": ""90WHrs, 4S1P, 4-cell Li-ion, sạc từ 0-50% trong 30 phút""}], ""Kích thước & Trọng lượng"": [{""name"": ""Kích thước"", ""value"": ""35.4 x 26.9 x 1.79 ~ 2.57 cm (Dài x Rộng x Dày)""}, {""name"": ""Trọng lượng"", ""value"": ""2.20 kg""}], ""Cổng kết nối"": [{""name"": ""Wi-Fi"", ""value"": ""Wi-Fi 6E(802.11ax) (Triple band) 2*2""}, {""name"": ""Bluetooth"", ""value"": ""Bluetooth 5.3""}, {""name"": ""Cổng giao tiếp"", ""value"": ""1 x RJ45 LAN\n1 x USB 2.0 Type-A (480Mbps)\n1 x USB 3.2 Gen 2 Type-C (DisplayPort, Power Delivery, G-SYNC, 10Gbps)\n2 x USB 3.2 Gen 2 Type-A (10Gbps)\n1 x USB-C USB 4 (DisplayPort, 40Gbps)\n1 x HDMI 2.1 FRL\n1x 3.5mm Combo Audio Jack""}]}","[""https://cdn2.cellphones.com.vn/x/media/catalog/product/l/a/laptop_asus_tuf_gaming_a16_fa608um_rv266w_-_1.png"", ""https://cdn2.cellphones.com.vn/x/media/catalog/product/l/a/laptop_asus_tuf_gaming_a16_fa608um_rv266w_-_2.png"", ""https://cdn2.cellphones.com.vn/x/media/catalog/product/l/a/laptop_asus_tuf_gaming_a16_fa608um_rv266w_-_3.png""]","{""product_color_1"": {""color"": ""Xám"", ""image_url"": ""https://cellphones.com.vn/laptop-asus-tuf-gaming-a16-fa608um-rv266w.html?product_id=127427"", ""price"": ""42.790.000₫""}}"
Laptop ASUS Vivobook S16 S3607CA-SH083WS,laptop-asus-vivobook-s16-s3607ca-sh083ws,26.990.000đ,26.090.000đ,"Đặc điểm nổi bật
Laptop ASUS Vivobook S16 S3607CA-SH083WS được trang bị bộ vi xử lý Intel Core Ultra 7 255H kết hợp GPU Intel Arc Graphics, cho hiệu suất xử lý mạnh mẽ. Nhờ thiết kế tối ưu với trọng lượng 1.7 kg người dùng có thể mang theo thiết bị mọi lúc mọi nơi. Máy sở hữu màn hình OLED 16 inch FHD+ (1920 x 1200), hỗ trợ 95% DCI-P3 và độ sáng tối đa 500 nits. 
Nội dung chính
1. Laptop ASUS Vivobook S16 S3607CA-SH083WS - Hiệu năng mạnh mẽ, màn hình sắc nét
1.1. Sức mạnh AI hiện đại với Intel AI Boost NPU
1.2. Sở hữu RAM DDR5 16GB và ổ SSD chuẩn PCIe 512GB
1.3. Thiết kế sang trọng, trọng lượng chỉ 1,7kg
1.4. Sức mạnh chip Intel Core Ultra 7 với GPU Intel Arc
1.5. Pin bền bỉ 70Wh, kết nối linh hoạt với USB-C và HDMI
1.6. Màn hình OLED 16 inch sắc nét, gam màu chuẩn điện ảnh
2. Mua ngay laptop ASUS Vivobook S16 S3607CA-SH083WS chính hãng tại CellphoneS
Laptop ASUS Vivobook S16 S3607CA-SH083WS - Hiệu năng mạnh mẽ, màn hình sắc nét
ASUS Vivobook S16 S3607CA-SH083WS là mẫu laptop sở hữu thiết kế sang trọng, phù hợp với nhiều nhu cầu sử dụng. Với hiệu suất vượt trội cùng màn hình OLED chất lượng cao, mẫu laptop ASUS Vivobook này là lựa chọn đáng cân nhắc cho người dùng. 
Sức mạnh AI hiện đại với Intel AI Boost NPU
Laptop ASUS Vivobook S16 S3607CA-SH083WS được trang bị nhân xử lý chuyên biệt Intel AI Boost (NPU). Nhờ đó, thiết bị mang lại khả năng xử lý các tác vụ trí tuệ nhân tạo vượt trội như chỉnh sửa ảnh thông minh, nhận diện giọng nói hay tự động tối ưu hiệu suất hệ thống.
Bên cạnh đó, máy còn hỗ trợ tính năng khử tiếng ồn AI thông qua phần mềm MyASUS, giúp loại bỏ tạp âm hiệu quả trong các cuộc họp hay học trực tuyến. Đây là công cụ hữu ích cho người dùng hiện đại muốn khai thác công nghệ AI nhằm tối ưu hiệu suất làm việc và giải trí hàng ngày.
Sở hữu RAM DDR5 16GB và ổ SSD chuẩn PCIe 512GB
Laptop ASUS Vivobook S16 S3607CA-SH083WS sử dụng RAM 16GB chuẩn DDR5 thế hệ mới, cho tốc độ xử lý nhanh và khả năng đa nhiệm ổn định. Nhờ đó, người dùng có thể dễ dàng xử lý các tác vụ nặng như làm đồ họa, chỉnh sửa video hoặc mở nhiều ứng dụng cùng lúc mà không lo giật lag.
Thêm vào đó, máy sử dụng ổ SSD 512GB chuẩn M.2 PCIe Gen 4, giúp cải thiện tốc độ mở máy và xử lý tập tin. Nhờ có dung lượng bộ nhớ lớn, người dùng có thể lưu trữ mọi dữ liệu cần thiết từ tài liệu, ứng dụng cho đến các file đa phương tiện.
Thiết kế sang trọng, trọng lượng chỉ 1,7kg
Máy có kích thước tổng thể 35.70 x 25.06 x 1.59 ~ 1.79 cm, mang đến thiết kế mỏng nhẹ, hiện đại. Vỏ máy sử dụng chất liệu nhôm cho phần mặt lưng và đáy, kết hợp cùng phần thân trên bằng nhựa cao cấp, tạo nên sự cân đối giữa độ bền và trọng lượng.
Toàn bộ thiết bị được phủ lớp sơn màu xám Matte Gray thanh lịch, dễ dàng phù hợp với môi trường văn phòng chuyên nghiệp lẫn không gian sáng tạo cá nhân. Laptop ASUS Vivobook S16 S3607CA-SH083WS có trọng lượng khá nhẹ chỉ 1.70kg, lý tưởng cho những ai cần mang theo máy mỗi ngày. 
Sức mạnh chip Intel Core Ultra 7 với GPU Intel Arc
Laptop ASUS Vivobook S16 S3607CA-SH083WS được trang bị bộ vi xử lý Intel Core Ultra 7 255H, có xung nhịp tối đa lên đến 5.1GHz và sở hữu 16 nhân, 16 luồng. Với bộ nhớ đệm lên đến 24MB, con chip này mang đến hiệu suất cao trong các tác vụ đa nhiệm hay xử lý dữ liệu.
Máy còn được tích hợp đồ họa Intel Arc, mang lại trải nghiệm hiển thị ổn định và hỗ trợ xử lý các nội dung hình ảnh hiệu quả hơn. Nhờ sự kết hợp giữa CPU hiệu suất cao và GPU tích hợp tối ưu, ASUS Vivobook S16 là lựa chọn đáng cân nhắc cho người dùng cơ bản và sáng tạo nội dung nhẹ.
Pin bền bỉ 70Wh, kết nối linh hoạt với USB-C và HDMI
Laptop ASUS Vivobook S16 S3607CA-SH083WS sử dụng pin Li-ion 4 cell dung lượng 70Wh, cho thời lượng sử dụng bền bỉ suốt ngày dài. Nhờ sở hữu viên pin dung lượng cao, thiết bị cho phép người dùng làm việc và giải trí liền mạch mà không cần sạc nhiều lần. 
Máy đi kèm bộ sạc USB-C công suất 65W, hỗ trợ sạc nhanh và tương thích với nhiều chuẩn điện áp. Ngoài ra, máy còn sở hữu nhiều cổng kết nối thông dụng, đáp ứng tốt nhu cầu kết nối với các thiết bị ngoại vi. Cụ thể gồm: 2 cổng USB 3.2 Gen 1 Type-A, 2 cổng USB 3.2 Gen 1 Type-C hỗ trợ sạc và xuất hình ảnh, 1 cổng HDMI 1.4 và 1 jack âm thanh 3.5mm.
Màn hình OLED 16 inch sắc nét, gam màu chuẩn điện ảnh
Laptop ASUS Vivobook S16 S3607CA-SH083WS sở hữu màn hình 16 inch độ phân giải Full HD+ (1920 x 1200) theo tỷ lệ 16:10, cho không gian hiển thị rộng rãi. Màn hình sử dụng tấm nền OLED, nổi bật với khả năng tái tạo màu sắc sinh động, hiển thị chi tiết rõ nét và mức tương phản vượt trội.
Màn hình có độ phủ màu đạt 95% DCI-P3 và độ sâu màu 1.07 tỷ màu, phù hợp với công việc sáng tạo nội dung, chỉnh sửa ảnh hoặc video. Ngoài ra, thiết bị có tốc độ phản hồi 0.2ms, tần số quét 60Hz, đảm bảo hình ảnh hiển thị mượt mà trong quá trình sử dụng hằng ngày.
Mua ngay laptop ASUS Vivobook S16 S3607CA-SH083WS chính hãng tại CellphoneS
CellphoneS đang phân phối laptop ASUS Vivobook S16 S3607CA-SH083WS chính hãng với mức giá hấp dẫn. Tất cả sản phẩm mua tại đây còn được bảo hành, giúp khách hàng yên tâm trong quá trình sử dụng lâu dài. Hệ thống hỗ trợ đa dạng hình thức thanh toán, đi kèm dịch vụ giao hàng nhanh chóng. Ngoài ra, đội ngũ nhân viên CellphoneS luôn sẵn sàng hỗ trợ tư vấn khách hàng miễn phí để chọn được sản phẩm phù hợp nhất.","{""Bộ xử lý & Đồ họa"": [{""name"": ""Chip AI"", ""value"": ""Intel AI Boost NPU up to 13TOPS""}, {""name"": ""Loại card đồ họa"", ""value"": ""Intel Arc Graphics""}, {""name"": ""Loại CPU"", ""value"": ""Intel Core Ultra 7 255H 2.0 GHz (24MB Cache, up to 5.1 GHz, 16 lõi, 16 luồng)""}], ""Bộ nhớ RAM, Ổ cứng"": [{""name"": ""Dung lượng RAM"", ""value"": ""16GB""}, {""name"": ""Loại RAM"", ""value"": ""DDR5""}, {""name"": ""Số khe ram"", ""value"": ""Có thể nâng cấp; Cần tháo vỏ dưới/trên""}, {""name"": ""Ổ cứng"", ""value"": ""512GB M.2 NVMe PCIe 4.0 SSD""}], ""Màn hình"": [{""name"": ""Tần số quét"", ""value"": ""60Hz""}, {""name"": ""Chất liệu tấm nền"", ""value"": ""Tấm nền Oled""}, {""name"": ""Kích thước màn hình"", ""value"": ""16 inches""}, {""name"": ""Công nghệ màn hình"", ""value"": ""Độ sáng 300 nits\nĐộ sáng tối đa 500 nits\nĐộ phủ màu 95% DCI-P3\nTỷ lệ tương phản 1.000.000:1\n1.07 tỷ màu\nMàn hình chống chói\nÁnh sáng xanh thấp, giảm 70% ánh sáng xanh có hại""}, {""name"": ""Độ phân giải màn hình"", ""value"": ""1920 x 1200 pixels""}], ""Âm thanh"": [{""name"": ""Công nghệ âm thanh"", ""value"": ""Loa tích hợp\nMicrô mảng tích hợp""}], ""Kích thước & Trọng lượng"": [{""name"": ""Chất liệu"", ""value"": ""Vỏ nhựa - nắp lưng kim loại""}, {""name"": ""Chất liệu vỏ màn hình"", ""value"": ""Nhôm""}, {""name"": ""Chất liệu vỏ trên"", ""value"": ""Nhựa""}, {""name"": ""Chất liệu vỏ dưới"", ""value"": ""Nhôm""}, {""name"": ""Kích thước"", ""value"": ""35.70 x 25.06 x 1.59 ~ 1.79 cm (Dài x Rộng x Dày)""}, {""name"": ""Trọng lượng"", ""value"": ""1.70 kg""}], ""Tiện ích khác"": [{""name"": ""Tính năng đặc biệt"", ""value"": ""Wi-Fi 6, Nhận diện khuôn mặt, Màn hình Oled""}], ""Tính năng khác"": [{""name"": ""Loại đèn bàn phím"", ""value"": ""Bàn phím Chiclet có đèn nền với phím số""}, {""name"": ""Bảo mật"", ""value"": ""Webcam hồng ngoại hỗ trợ Windows Hello\nMcAfee\nBảo vệ mật khẩu người dùng khi khởi động BIOS\nMô-đun nền tảng đáng tin cậy (Phần mềm TPM)""}, {""name"": ""Webcam"", ""value"": ""Camera FHD có chức năng IR hỗ trợ Windows Hello; Có màn trập riêng tư""}, {""name"": ""Hệ điều hành"", ""value"": ""Windows 11 Home + Microsoft Office Home 2024 + Microsoft 365 Basic""}], ""Pin & công nghệ sạc"": [{""name"": ""Pin"", ""value"": ""70WHrs, 4S1P, 4-cell Li-ion""}], ""Cổng kết nối"": [{""name"": ""Wi-Fi"", ""value"": ""Wi-Fi 6(802.11ax) (Dual band) 2*2""}, {""name"": ""Bluetooth"", ""value"": ""Bluetooth 5.3""}, {""name"": ""Cổng giao tiếp"", ""value"": ""2x USB 3.2 Gen 1 Type-A (tốc độ dữ liệu lên đến 5Gbps)\n2x USB 3.2 Gen 1 Type-C hỗ trợ hiển thị/cấp nguồn (tốc độ dữ liệu lên đến 5Gbps)\n1x HDMI 1.4\n1x Giắc cắm âm thanh kết hợp 3.5mm""}]}","[""https://cdn2.cellphones.com.vn/x/media/catalog/product/l/a/laptop_asus_vivobook_s16_s3607ca-sh083ws_-_1.png"", ""https://cdn2.cellphones.com.vn/x/media/catalog/product/l/a/laptop_asus_vivobook_s16_s3607ca-sh083ws_-_2.png"", ""https://cdn2.cellphones.com.vn/x/media/catalog/product/l/a/laptop_asus_vivobook_s16_s3607ca-sh083ws_-_3.png""]","{""product_color_1"": {""color"": ""Xám"", ""image_url"": ""https://cellphones.com.vn/laptop-asus-vivobook-s16-s3607ca-sh083ws.html?product_id=108976"", ""price"": ""26.090.000₫""}}"
Laptop ASUS VivoBook 16 X1607CA-MB980W,laptop-asus-vivobook-16-x1607ca-mb980w,25.990.000đ,21.990.000đ,"Đặc điểm nổi bật
Laptop ASUS VivoBook 16 X1607CA-MB980W được trang bị bộ vi xử lý Intel Core Ultra 5 225H, tích hợp Intel AI Boost NPU hỗ trợ các tác vụ AI trên Windows. Máy đi kèm RAM 16GB DDR5 và ổ cứng 512GB SSD giúp đa nhiệm mượt mà. Máy có pin 42Wh và đầy đủ cổng kết nối phục vụ tốt cho công việc và học tập hàng ngày.
Nội dung chính
1. Laptop ASUS VivoBook 16 X1607CA-MB980W – Nền tảng làm việc linh hoạt
1.1. RAM DDR5 và SSD PCIe Gen 4 hỗ trợ đa nhiệm chuyên sâu
1.2. Thiết kế gọn gàng, màu sắc phù hợp mọi đối tượng
1.3. Hiệu năng Intel Core Ultra 5 cho trải nghiệm cân bằng
1.4. Pin lớn và hệ thống cổng kết nối linh hoạt
1.5. Màn hình 16 inch mở rộng không gian hiển thị
2. Mua ngay laptop ASUS VivoBook 16 X1607CA-MB980W chính hãng tại CellphoneS
Laptop ASUS VivoBook 16 X1607CA-MB980W – Nền tảng làm việc linh hoạt
Laptop ASUS VivoBook 16 X1607CA-MB980W hướng đến người dùng cần một chiếc laptop màn hình lớn và khả năng vận hành ổn định. Sự kết hợp giữa phần cứng, bộ nhớ DDR5 và thiết kế tinh gọn giúp thiết bị phù hợp cho mọi nhu cầu.
RAM DDR5 và SSD PCIe Gen 4 hỗ trợ đa nhiệm chuyên sâu
Mẫu laptop ASUS VivoBook này được trang bị sẵn RAM 16GB, mang lại băng thông cao và khả năng xử lý dữ liệu hiệu quả hơn so với các thế hệ RAM trước. Điều này giúp hệ thống vận hành ổn định khi xử lý công việc phức tạp. Người dùng cũng có thể làm việc mượt mà với phần mềm văn phòng hoặc đồ hoạ.
Máy có 16GB RAM và 512GB SSD
Laptop ASUS VivoBook 16 X1607CA-MB980W trang bị ổ cứng 512GB SSD M.2 NVMe PCIe Gen 4 giúp nâng cao tốc độ phản hồi tổng thể của hệ thống. Thời gian khởi động và mở ứng dụng được rút ngắn rõ rệt, giúp tiết kiệm thời gian. Dung lượng lưu trữ này cũng đáp ứng tốt nhu cầu lưu trữ dữ liệu cá nhân và phần mềm.
Thiết kế gọn gàng, màu sắc phù hợp mọi đối tượng
Laptop ASUS VivoBook 16 sở hữu thiết kế hướng đến sự tinh gọn và thực dụng, với các đường nét đơn giản phù hợp cho nhu cầu sử dụng khác nhau. Kích thước gọn cùng trọng lượng 1.88kg được tối ưu để người dùng dễ dàng mang theo.
Kích thước gọn gàng, hiện đại
Gam màu Cool Silver của máy mang lại cảm giác hiện đại, trung tính và dễ kết hợp với các phụ kiện công nghệ khác. Bên cạnh yếu tố thẩm mỹ, máy còn đạt tiêu chuẩn độ bền quân đội, giúp tăng mức độ ổn định trong quá trình sử dụng hàng ngày. Điều này đặc biệt hữu ích với người dùng có cường độ làm việc cao.
Hiệu năng Intel Core Ultra 5 cho trải nghiệm cân bằng
Laptop ASUS VivoBook 16 X1607CA-MB980W sử dụng Intel Core Ultra 5 225H, dòng vi xử lý được tích hợp Intel AI Boost NPU. Điều này giúp các tác vụ liên quan đến trí tuệ nhân tạo diễn ra nhanh chóng hơn. Nền tảng này giúp máy duy trì hiệu suất ổn định cho các công việc văn phòng nâng cao và xử lý dữ liệu.
Hiệu năng mượt mà với Core Ultra 5
Bên cạnh đó, GPU Intel Graphics tích hợp đáp ứng tốt các nhu cầu đồ họa phổ thông như chỉnh sửa hình ảnh cơ bản, thiết kế và chơi game cơ bản. Sự kết hợp giữa CPU và GPU mang lại trải nghiệm sử dụng hài hòa, phù hợp cho người dùng.
Pin lớn và hệ thống cổng kết nối linh hoạt
Laptop được trang bị pin dung lượng 42Wh, đáp ứng tốt nhu cầu làm việc và học tập trong ngày với các tác vụ văn phòng thông thường. Khả năng quản lý điện năng của nền tảng Core Ultra giúp máy duy trì thời gian sử dụng ổn định. Người dùng có thể sử dụng máy trong khoảng nửa ngày mà không cần dùng đến sạc đi kèm.
Cổng kết nối đa dạng
Về kết nối, laptop ASUS VivoBook 16 X1607CA-MB980W sở hữu hệ thống cổng gồm USB Type-C, USB Type-A, HDMI và jack âm thanh 3.5mm. Qua đó cho phép kết nối dễ dàng với màn hình ngoài, chuột, bàn phím và các thiết bị ngoại vi khác. Ngoài ra, chuẩn Wi-Fi 6 và Bluetooth 5.2 mang lại kết nối không dây ổn định.
Màn hình 16 inch mở rộng không gian hiển thị
Laptop được trang bị màn hình 16 inch độ phân giải WUXGA với tỉ lệ 16:10, cho không gian hiển thị rộng hơn so với chuẩn Full HD truyền thống. Tỉ lệ này đặc biệt phù hợp cho soạn thảo, xử lý bảng tính, giúp hiển thị nhiều nội dung hơn.
Laptop ASUS VivoBook 16 X1607CA-MB980W sử dụng tấm nền IPS-level, mang lại góc nhìn rộng và chất lượng hiển thị ổn định. Với độ sáng 300 nits, màn hình đáp ứng tốt nhu cầu sử dụng trong môi trường có ánh sáng tự nhiên.
Màn hình 16 inch WUXGA sắc nét
Màn hình đạt 45% NTSC, phù hợp cho các công việc văn phòng, học tập, xem nội dung đa phương tiện và chỉnh sửa hình ảnh cơ bản. Bề mặt Anti-glare giúp hạn chế hiện tượng phản chiếu ánh sáng, hỗ trợ làm việc liên tục trong thời gian dài.
Mua ngay laptop ASUS VivoBook 16 X1607CA-MB980W chính hãng tại CellphoneS
Đến CellphoneS để sở hữu laptop ASUS VivoBook 16 X1607CA-MB980W chính hãng để yên tâm về nguồn gốc sản phẩm và chất lượng dịch vụ. CellphoneS cam kết cung cấp sản phẩm chính hãng, đầy đủ hóa đơn và chế độ bảo hành minh bạch. 
CellphoneS còn mang đến nhiều chính sách mua hàng linh hoạt như trả góp 0%, chương trình ưu đãi theo từng thời điểm và quyền lợi cho Smember. Khách hàng có thể mua sắm trực tiếp tại cửa hàng hoặc đặt hàng online thuận tiện. Trải nghiệm ngay chiếc laptop ấn tượng này tại CellphoneS!","{""Bộ xử lý & Đồ họa"": [{""name"": ""Chip AI"", ""value"": ""Intel AI Boost NPU up to 13TOPS""}, {""name"": ""Loại card đồ họa"", ""value"": ""Intel Graphics""}, {""name"": ""Loại CPU"", ""value"": ""Intel Core Ultra 5 225H 1.7 GHz (18MB Cache, up to 4.9 GHz, 14 lõi, 14 luồng)""}], ""Bộ nhớ RAM, Ổ cứng"": [{""name"": ""Dung lượng RAM"", ""value"": ""16GB""}, {""name"": ""Loại RAM"", ""value"": ""DDR5 on board""}, {""name"": ""Ổ cứng"", ""value"": ""512GB M.2 NVMe PCIe 4.0 SSD""}], ""Màn hình"": [{""name"": ""Tần số quét"", ""value"": ""60 Hz""}, {""name"": ""Chất liệu tấm nền"", ""value"": ""Tấm nền IPS""}, {""name"": ""Kích thước màn hình"", ""value"": ""16 inches""}, {""name"": ""Công nghệ màn hình"", ""value"": ""Độ sáng 300nits\nĐộ phủ màu 45% NTSC\nMàn hình chống chói""}, {""name"": ""Độ phân giải màn hình"", ""value"": ""1920 x 1200 pixels (WUXGA)""}], ""Âm thanh"": [{""name"": ""Công nghệ âm thanh"", ""value"": ""SonicMaster\nLoa tích hợp\nMicrophone mảng tích hợp""}], ""Kích thước & Trọng lượng"": [{""name"": ""Chất liệu"", ""value"": ""Vỏ nhựa""}, {""name"": ""Chất liệu vỏ màn hình"", ""value"": ""Nhựa""}, {""name"": ""Chất liệu vỏ trên"", ""value"": ""Nhựa""}, {""name"": ""Chất liệu vỏ dưới"", ""value"": ""Nhựa""}, {""name"": ""Kích thước"", ""value"": ""35.70 x 25.06 x 1.79 ~ 1.99 cm (Dài x Rộng x Dày)""}, {""name"": ""Trọng lượng"", ""value"": ""1.88 kg""}], ""Tiện ích khác"": [{""name"": ""Tính năng đặc biệt"", ""value"": ""Wi-Fi 6, Nhận diện khuôn mặt""}], ""Tính năng khác"": [{""name"": ""Loại đèn bàn phím"", ""value"": ""Bàn phím Chiclet có đèn nền và phím số""}, {""name"": ""Bảo mật"", ""value"": ""Webcam hồng ngoại (IR) hỗ trợ đăng nhập Windows Hello\nPhần mềm bảo mật McAfee\nBảo vệ mật khẩu người dùng khi khởi động BIOS\nMô-đun nền tảng tin cậy TPM (Firmware TPM)""}, {""name"": ""Webcam"", ""value"": ""Camera FHD với chức năng hồng ngoại hỗ trợ Windows Hello, có màn trập camera""}, {""name"": ""Hệ điều hành"", ""value"": ""Windows 11 Home""}], ""Pin & công nghệ sạc"": [{""name"": ""Pin"", ""value"": ""42WHrs, 3S1P, 3-cell Li-ion""}], ""Cổng kết nối"": [{""name"": ""Wi-Fi"", ""value"": ""Wi-Fi 6(802.11ax) (Dual band) 1*1""}, {""name"": ""Bluetooth"", ""value"": ""Bluetooth 5.2""}, {""name"": ""Cổng giao tiếp"", ""value"": ""2 x USB 3.2 Gen 1 Type-A (tốc độ dữ liệu lên đến 5Gbps)\n2 x USB 3.2 Gen 1 Type-C (hỗ trợ xuất hình ảnh và sạc, tốc độ dữ liệu lên đến 5Gbps)\n1 x HDMI 1.4\n1 x Jack âm thanh 3.5 mm (tai nghe / micro)""}]}","[""https://cdn2.cellphones.com.vn/x/media/catalog/product/l/a/laptop_asus_vivobook_16_x1607ca-mb980w_-_1.png"", ""https://cdn2.cellphones.com.vn/x/media/catalog/product/l/a/laptop_asus_vivobook_16_x1607ca-mb980w_-_2.png"", ""https://cdn2.cellphones.com.vn/x/media/catalog/product/l/a/laptop_asus_vivobook_16_x1607ca-mb980w_-_3.png""]","{""product_color_1"": {""color"": ""Bạc"", ""image_url"": ""https://cellphones.com.vn/laptop-asus-vivobook-16-x1607ca-mb980w.html?product_id=123085"", ""price"": ""21.990.000₫""}}"
Laptop ASUS TUF Gaming F16 FX608JMI‑TU241W,laptop-asus-tuf-gaming-f16-fx608jmi-tu241w,44.990.000đ,42.090.000đ,,"{""Bộ xử lý & Đồ họa"": [{""name"": ""Loại card đồ họa"", ""value"": ""NVIDIA GeForce RTX 5060 8GB GDDR7\nIntel UHD Graphics""}, {""name"": ""Loại CPU"", ""value"": ""Intel Core i7 14650HX 2.2 GHz (30MB Cache, up to 5.2 GHz, 16 lõi, 24 luồng)""}], ""Bộ nhớ RAM, Ổ cứng"": [{""name"": ""Dung lượng RAM"", ""value"": ""16GB""}, {""name"": ""Loại RAM"", ""value"": ""DDR5-5600 SO-DIMM""}, {""name"": ""Số khe ram"", ""value"": ""2 khe (Nâng cấp tối đa 64GB)""}, {""name"": ""Ổ cứng"", ""value"": ""512GB PCIe 4.0 NVMe M.2 SSD (2 Khe cắm M.2 hỗ trợ cả SATA hoặc NVMe, tối đa 2TB)""}], ""Màn hình"": [{""name"": ""Tần số quét"", ""value"": ""144 Hz""}, {""name"": ""Chất liệu tấm nền"", ""value"": ""Tấm nền IPS""}, {""name"": ""Kích thước màn hình"", ""value"": ""16 inches""}, {""name"": ""Công nghệ màn hình"", ""value"": ""Độ sáng 400 nits\nĐộ tương phản 1000:1\nĐộ phủ màu: 72% NTSC / 100% sRGB / 75.35% AdobeRGB\nMàn hình chống chói\nNVIDIA G-Sync""}, {""name"": ""Độ phân giải màn hình"", ""value"": ""1920 x 1200 pixels (WUXGA)""}], ""Âm thanh"": [{""name"": ""Công nghệ âm thanh"", ""value"": ""Công nghệ khử ồn AI\nDolby Atmos\nChứng nhận Hi-Res Audio (cho tai nghe)""}], ""Cổng kết nối"": [{""name"": ""Khe đọc thẻ nhớ"", ""value"": ""Không""}, {""name"": ""Wi-Fi"", ""value"": ""Wi-Fi 6E(802.11ax) (Triple band) 2*2""}, {""name"": ""Bluetooth"", ""value"": ""Bluetooth 5.4""}, {""name"": ""Cổng giao tiếp"", ""value"": ""1 x RJ45 LAN\n1 x USB 3.2 Gen 2 Type-C (DisplayPort, Power Delivery, 10Gbps)\n3 x USB 3.2 Gen 2 Type-A (10Gbps)\n1 x HDMI 2.1 FRL\n1 x Jack tai nghe/mic 3.5 mm""}], ""Tiện ích khác"": [{""name"": ""Tính năng đặc biệt"", ""value"": ""Wi-Fi 6, MUX Switch""}], ""Tính năng khác"": [{""name"": ""Loại đèn bàn phím"", ""value"": ""Bàn phím Chiclet có đèn nền RGB 1 vùng Với phím Copilot\nAura Sync\nMUX Switch + NVIDIA Advanced Optimus""}, {""name"": ""Bảo mật"", ""value"": ""Bảo vệ bằng mật khẩu quản trị BIOS và mật khẩu người dùng\nMô-đun nền tảng đáng tin cậy (Phần mềm TPM)""}, {""name"": ""Webcam"", ""value"": ""1080P FHD Camera""}, {""name"": ""Hệ điều hành"", ""value"": ""Windows 11 Home""}], ""Pin & công nghệ sạc"": [{""name"": ""Pin"", ""value"": ""70WHrs, 4S1P, 4-cell Li-ion""}], ""Kích thước & Trọng lượng"": [{""name"": ""Kích thước"", ""value"": ""35.4 x 26.9 x 1.79 ~ 2.73 cm (Dài x Rộng x Dày)""}, {""name"": ""Trọng lượng"", ""value"": ""2.20 Kg""}]}","[""https://cdn2.cellphones.com.vn/x/media/catalog/product/l/a/laptop_asus_tuf_gaming_f16_fx608jmi_tu241w_-_1.png"", ""https://cdn2.cellphones.com.vn/x/media/catalog/product/l/a/laptop_asus_tuf_gaming_f16_fx608jmi_tu241w_-_3.png"", ""https://cdn2.cellphones.com.vn/x/media/catalog/product/l/a/laptop_asus_tuf_gaming_f16_fx608jmi_tu241w_-_2.png""]","{""product_color_1"": {""color"": ""Xám"", ""image_url"": ""https://cellphones.com.vn/laptop-asus-tuf-gaming-f16-fx608jmi-tu241w.html?product_id=129632"", ""price"": ""42.090.000₫""}}"
Laptop ASUS Vivobook Go 15 E1504FA-BQ340W,laptop-asus-vivobook-go-15-e1504fa-bq340w,19.990.000đ,17.590.000đ,,"{""Bộ xử lý & Đồ họa"": [{""name"": ""Loại card đồ họa"", ""value"": ""AMD Radeon Graphics""}, {""name"": ""Loại CPU"", ""value"": ""AMD Ryzen 5 40 (2.8 GHz - 4.3 GHz/ 4MB/ 4 lõi, 8 luồng)""}], ""Bộ nhớ RAM, Ổ cứng"": [{""name"": ""Dung lượng RAM"", ""value"": ""16GB""}, {""name"": ""Loại RAM"", ""value"": ""LPDDR5 on board""}, {""name"": ""Ổ cứng"", ""value"": ""512GB M.2 NVMe PCIe 3.0 SSD""}], ""Màn hình"": [{""name"": ""Tần số quét"", ""value"": ""60 Hz""}, {""name"": ""Chất liệu tấm nền"", ""value"": ""Tấm nền IPS""}, {""name"": ""Kích thước màn hình"", ""value"": ""15.6 inches""}, {""name"": ""Công nghệ màn hình"", ""value"": ""Độ sáng 250 nits\nĐộ phủ màu 45% NTSC\nMàn hình chống chói\nTÜV Rheinland""}, {""name"": ""Độ phân giải màn hình"", ""value"": ""1920 x 1080 pixels (FullHD)""}], ""Âm thanh"": [{""name"": ""Công nghệ âm thanh"", ""value"": ""SonicMaster\nLoa tích hợp\nMicrophone mảng tích hợp""}], ""Cổng kết nối"": [{""name"": ""Khe đọc thẻ nhớ"", ""value"": ""Không""}, {""name"": ""Wi-Fi"", ""value"": ""Wi-Fi 6E(802.11ax) (Triple band) 1*1""}, {""name"": ""Bluetooth"", ""value"": ""Bluetooth 5.3""}, {""name"": ""Cổng giao tiếp"", ""value"": ""1x USB-A 2.0 (480Mbps)\n1x USB-A 3.2 Gen 1 (5Gbps)\n1x USB-C 3.2 Gen 1 (5Gbps)\n1x HDMI 1.4\n1x jack tai nghe/mic 3.5mm\n1x cổng nguồn DC-in""}], ""Kích thước & Trọng lượng"": [{""name"": ""Chất liệu"", ""value"": ""Vỏ nhựa""}, {""name"": ""Chất liệu vỏ màn hình"", ""value"": ""Nhựa""}, {""name"": ""Chất liệu vỏ trên"", ""value"": ""Nhựa""}, {""name"": ""Chất liệu vỏ dưới"", ""value"": ""Nhựa""}, {""name"": ""Kích thước"", ""value"": ""36.03 x 23.25 x 1.79 ~ 1.79 cm (Dài x Rộng x Dày)""}, {""name"": ""Trọng lượng"", ""value"": ""1.63 kg""}], ""Tiện ích khác"": [{""name"": ""Tính năng đặc biệt"", ""value"": ""Wi-Fi 6, Bảo mật vân tay""}], ""Tính năng khác"": [{""name"": ""Loại đèn bàn phím"", ""value"": ""Bàn phím Chiclet""}, {""name"": ""Bảo mật"", ""value"": ""McAfee\nBảo vệ mật khẩu người dùng khi khởi động BIOS\nMô-đun nền tảng đáng tin cậy (Phần mềm TPM)""}, {""name"": ""Webcam"", ""value"": ""Camera HD 720p với màn trập camera""}, {""name"": ""Hệ điều hành"", ""value"": ""Windows 11 Home""}], ""Pin & công nghệ sạc"": [{""name"": ""Pin"", ""value"": ""42WHrs, 3S1P, 3-cell Li-ion""}]}","[""https://cdn2.cellphones.com.vn/x/media/catalog/product/l/a/laptop_asus_vivobook_go_15_e1504fa-bq340w_-_1.png"", ""https://cdn2.cellphones.com.vn/x/media/catalog/product/l/a/laptop_asus_vivobook_go_15_e1504fa-bq340w_-_2.png"", ""https://cdn2.cellphones.com.vn/x/media/catalog/product/l/a/laptop_asus_vivobook_go_15_e1504fa-bq340w_-_3.png""]","{""product_color_1"": {""color"": ""Bạc"", ""image_url"": ""https://cellphones.com.vn/laptop-asus-vivobook-go-15-e1504fa-bq340w.html?product_id=128695"", ""price"": ""17.590.000₫""}}"
Laptop ASUS Vivobook S14 S3407CA-LY096WS,laptop-asus-vivobook-s14-s3407ca-ly096ws,30.990.000đ,27.890.000đ,"Đặc điểm nổi bật
Laptop ASUS Vivobook S14 S3407CA-LY096WS sở hữu màn hình WUXGA 14 inch 300 nits và vi xử lý Intel Core Ultra 7 255H và nhân xử lý AI Boost NPU 13 TOPS. Máy được trang bị RAM 16GB đi kèm ổ cứng SSD PCIe 4.0 512GB giúp đa tác vụ mượt mà. Máy có viên pin 70Wh và nhiều cổng kết nối USB-C, USB-A, HDMI, mang lại trải nghiệm liền mạch cho người dùng.
Nội dung chính
1. Laptop ASUS Vivobook S14 S3407CA-LY096WS – Mỏng nhẹ và hiệu năng mạnh mẽ
1.1. Tăng tốc tác vụ bằng NPU Intel AI Boost
1.2. Tối ưu hóa xử lý và lưu trữ với RAM và ổ cứng lớn
1.3. Nhôm nguyên khối, mỏng nhẹ và cứng cáp
1.4. Hiệu năng mạnh mẽ cho giải trí và làm việc
1.5. Linh hoạt cho nhu cầu di chuyển lâu dài
1.6. Hình ảnh sắc nét, chống chói hiệu quả
2. Mua ngay laptop ASUS Vivobook S14 S3407CA-LY096WS chất lượng tại CellphoneS
Laptop ASUS Vivobook S14 S3407CA-LY096WS – Mỏng nhẹ và hiệu năng mạnh mẽ
Laptop ASUS Vivobook S14 S3407CA-LY096WS tích hợp cấu hình phần cứng tối ưu, mang lại khả năng xử lý mượt mà các tác vụ hàng ngày. Thiết kế laptop ASUS Vivobook này mỏng nhẹ cùng thời lượng pin đáng kể giúp laptop hỗ trợ linh hoạt trong việc di chuyển của người dùng.
Tăng tốc tác vụ bằng NPU Intel AI Boost
ASUS Vivobook S14 được tích hợp nhân xử lý AI Boost NPU, mang lại khả năng tính toán AI lên đến 13 TOPS. Điều này hỗ trợ máy xử lý hiệu quả các tác vụ liên quan đến học máy, nhận diện hình ảnh và phân tích dữ liệu theo thời gian thực. Tính năng còn đồng bộ tốt với các phần mềm trong Windows 11 có hỗ trợ AI, giúp tối ưu hóa hiệu suất khi chạy đa nhiệm.
Việc tích hợp AI không chỉ giúp nâng cao hiệu suất tổng thể mà còn tối ưu hóa thời lượng pin và phân bổ tài nguyên thông minh. Người dùng có thể tận dụng sức mạnh AI để tăng tốc các lệnh thông minh qua phím Copilot chuyên dụng trên bàn phím.
Tối ưu hóa xử lý và lưu trữ với RAM và ổ cứng lớn
Laptop ASUS Vivobook S14 S3407CA-LY096WS trang bị sẵn 16GB RAM DDR5 tốc độ cao, giúp máy xử lý trơn tru các tác vụ đa nhiệm. Chuẩn RAM DDR5 này còn mang đến tốc độ truyền dữ liệu cao hơn. Ngoài ra, điều này cũng cải thiện hiệu suất khi chạy các phần mềm nặng hoặc mở nhiều ứng dụng cùng lúc.
Ổ cứng SSD PCIe 4.0 dung lượng 512GB hỗ trợ truy xuất dữ liệu nhanh và khởi động hệ điều hành chỉ trong vài giây. Với dung lượng này, máy đủ sức đáp ứng nhu cầu lưu trữ các tập tin công việc, dữ liệu đa phương tiện và phần mềm chuyên dụng. Kết hợp cùng chuẩn PCIe Gen 4.0, người dùng có thể trải nghiệm tốc độ truyền tải ổn định trong thời gian dài.
Nhôm nguyên khối, mỏng nhẹ và cứng cáp
Thiết kế của ASUS Vivobook S14 sử dụng chất liệu nhôm cho mặt lưng và đáy, mang lại cảm giác chắc tay và giảm trọng lượng tổng thể. Máy đạt tiêu chuẩn độ bền quân đội cho khả năng chống va đập và thích nghi tốt với môi trường làm việc linh hoạt. Tông màu xám mờ tạo nên vẻ ngoài hiện đại, phù hợp với phong cách công sở.
Phần khung máy được cắt gọt hợp lý với độ dày chỉ 1.79 cm, kết hợp trọng lượng 1.4kg giúp dễ dàng mang theo hàng ngày. Bàn phím được trang bị đèn nền hỗ trợ làm việc ban đêm, cùng phím Copilot hỗ trợ truy cập nhanh vào các tính năng AI của Windows 11.
Hiệu năng mạnh mẽ cho giải trí và làm việc
Bên trong laptop ASUS Vivobook S14 S3407CA-LY096WS là Intel Core Ultra 7 255H thuộc dòng chip mới của Intel với 16 nhân, 16 luồng, xung nhịp tối đa 5.1GHz. Đây là vi xử lý hướng đến hiệu năng cân bằng giữa hiệu suất xử lý và khả năng tiết kiệm điện. Chip cũng phù hợp cho nhu cầu văn phòng nâng cao, chỉnh sửa ảnh nhẹ, lập trình và giải trí.
Card đồ họa tích hợp Intel UHD Graphics mang lại khả năng hiển thị tốt trong các tác vụ cơ bản và hỗ trợ video 4K. Dù không có GPU rời, nhờ tối ưu kiến trúc của chip Ultra 7, máy vẫn đảm bảo xử lý ổn định các tác vụ đa nhiệm trong thời gian dài.
Linh hoạt cho nhu cầu di chuyển lâu dài
ASUS Vivobook S14 sở hữu viên pin dung lượng 70Wh, cho thời gian sử dụng lên đến 20 giờ cùng với bộ sạc công suất 65W giúp sạc nhanh và tiện lợi. Pin Li-ion 4 cell được tích hợp sâu trong máy, tối ưu không gian và giảm trọng lượng tổng thể.
Máy hỗ trợ nhiều cổng kết nối gồm 2 cổng USB 3.2 Gen 1 Type-A, 2 cổng USB 3.2 Gen 1 Type-C hỗ trợ Power Delivery và DisplayPort, 1 cổng HDMI 1.4. Bên cạnh đó, máy cũng có cổng jack tai nghe 3.5mm, mang lại sự tiện lợi. Sự đa dạng này hỗ trợ tốt cho các thiết bị ngoại vi như chuột, màn hình ngoài, thiết bị lưu trữ và tai nghe.
Hình ảnh sắc nét, chống chói hiệu quả
Màn hình của laptop ASUS Vivobook S14 S3407CA-LY096WS có kích thước 14 inch, độ phân giải WUXGA tỉ lệ 16:10 giúp mở rộng không gian hiển thị theo chiều dọc. Đây là lợi thế rõ rệt khi làm việc với văn bản, bảng tính hoặc khi chia đôi cửa sổ. Tấm nền IPS-level giúp hiển thị màu sắc ổn định ở nhiều góc nhìn, phù hợp cho làm việc nhóm.
Màn hình có độ sáng 300 nits, phủ chống chói giúp sử dụng hiệu quả trong điều kiện ánh sáng mạnh như ngoài trời hoặc gần cửa sổ. Tần số quét 60Hz đáp ứng tốt cho các tác vụ xem video, học tập trực tuyến và làm việc mà không gây mỏi mắt sau thời gian dài sử dụng.
Mua ngay laptop ASUS Vivobook S14 S3407CA-LY096WS chất lượng tại CellphoneS
Mua ngay laptop ASUS Vivobook S14 S3407CA-LY096WS chất lượng tại CellphoneS – địa chỉ uy tín cho người dùng công nghệ hiện đại. Sản phẩm được bảo hành chính hãng, hỗ trợ 1 đổi 1 theo chính sách, giúp yên tâm sử dụng dài lâu. Giá bán đã bao gồm thuế VAT, minh bạch và rõ ràng. Đặt mua dễ dàng, giao hàng nhanh chóng, hỗ trợ trả góp linh hoạt tại CellphoneS!","{""Bộ xử lý & Đồ họa"": [{""name"": ""Chip AI"", ""value"": ""Intel AI Boost NPU up to 13TOPS""}, {""name"": ""Loại card đồ họa"", ""value"": ""Intel UHD Graphics""}, {""name"": ""Loại CPU"", ""value"": ""Intel Core Ultra 7 255H 2.0 GHz (24MB Cache, up to 5.1 GHz, 16 lõi, 16 luồng)""}], ""Bộ nhớ RAM, Ổ cứng"": [{""name"": ""Dung lượng RAM"", ""value"": ""16GB""}, {""name"": ""Loại RAM"", ""value"": ""DDR5 Onboard""}, {""name"": ""Ổ cứng"", ""value"": ""512GB M.2 NVMe PCIe 4.0 SSD""}], ""Màn hình"": [{""name"": ""Tần số quét"", ""value"": ""60 Hz""}, {""name"": ""Chất liệu tấm nền"", ""value"": ""Tấm nền IPS""}, {""name"": ""Kích thước màn hình"", ""value"": ""14 inches""}, {""name"": ""Công nghệ màn hình"", ""value"": ""Độ sáng 300nits\nĐộ phủ màu 45% NTSC\nMàn hình chống chói""}, {""name"": ""Độ phân giải màn hình"", ""value"": ""1920 x 1200 pixels (WUXGA)""}], ""Âm thanh"": [{""name"": ""Công nghệ âm thanh"", ""value"": ""Loa tích hợp\nMicrô mảng tích hợp""}], ""Kích thước & Trọng lượng"": [{""name"": ""Chất liệu"", ""value"": ""Vỏ nhựa - nắp lưng kim loại""}, {""name"": ""Chất liệu vỏ màn hình"", ""value"": ""Nhôm""}, {""name"": ""Chất liệu vỏ trên"", ""value"": ""Nhựa""}, {""name"": ""Chất liệu vỏ dưới"", ""value"": ""Nhôm""}, {""name"": ""Kích thước"", ""value"": ""31.52 x 22.34 x 1.59 ~ 1.79 cm (Dài x Rộng x Dày)""}, {""name"": ""Trọng lượng"", ""value"": ""1.40 kg""}], ""Tiện ích khác"": [{""name"": ""Tính năng đặc biệt"", ""value"": ""Wi-Fi 6, Nhận diện khuôn mặt""}], ""Tính năng khác"": [{""name"": ""Loại đèn bàn phím"", ""value"": ""Bàn phím Chiclet có đèn nền Với phím Copilot""}, {""name"": ""Bảo mật"", ""value"": ""Webcam IR hỗ trợ Windows Hello\nMcAfee\nBIOS Booting User Password Protection\nBIOS setup user password\nTrusted Platform Module (Firmware TPM)""}, {""name"": ""Webcam"", ""value"": ""Camera FHD có chức năng IR hỗ trợ Windows Hello; Có màn trập camera""}, {""name"": ""Hệ điều hành"", ""value"": ""Windows 11 Home + Microsoft Office Home 2024 + Microsoft 365 Basic""}], ""Pin & công nghệ sạc"": [{""name"": ""Pin"", ""value"": ""70WHrs, 4S1P, 4-cell Li-ion""}], ""Cổng kết nối"": [{""name"": ""Wi-Fi"", ""value"": ""Wi-Fi 6(802.11ax) (Dual band) 2*2""}, {""name"": ""Bluetooth"", ""value"": ""Bluetooth 5.3""}, {""name"": ""Cổng giao tiếp"", ""value"": ""2x USB 3.2 Gen 1 Type-A (tốc độ dữ liệu lên đến 5Gbps)\n2x USB 3.2 Gen 1 Type-C hỗ trợ hiển thị/Sạc (tốc độ dữ liệu lên đến 5Gbps)\n1x HDMI 1.4\n1x Giắc cắm âm thanh kết hợp 3.5mm""}]}","[""https://cdn2.cellphones.com.vn/x/media/catalog/product/l/a/laptop_asus_vivobook_s14_s3407ca-ly096ws_-_1.png"", ""https://cdn2.cellphones.com.vn/x/media/catalog/product/l/a/laptop_asus_vivobook_s14_s3407ca-ly096ws_-_2.png"", ""https://cdn2.cellphones.com.vn/x/media/catalog/product/l/a/laptop_asus_vivobook_s14_s3407ca-ly096ws_-_3.png""]","{""product_color_1"": {""color"": ""Xám"", ""image_url"": ""https://cellphones.com.vn/laptop-asus-vivobook-s14-s3407ca-ly096ws.html?product_id=105205"", ""price"": ""27.890.000₫""}}"
Laptop ASUS Vivobook S14 M3407KA-SF034WS,laptop-asus-vivobook-s14-m3407ka-sf034ws-ryzen-ai-5,24.990.000đ,23.790.000đ,"Đặc điểm nổi bật
Laptop Asus Vivobook S14 M3407KA-SF034WS Ryzen AI 5 sở hữu màn hình OLED WUXGA 14inch với độ phủ màu 95% DCI-P3, mang lại hình ảnh sống động, sắc nét. Thiết kế đạt chuẩn độ bền quân đội, giúp người dùng yên tâm khi mang theo làm việc hay học tập. Kèm theo đó là ổ cứng 512GB và RAM 16GB, nâng cấp khả năng lưu trữ, đa nhiệm.
Nội dung chính
1. Laptop Asus Vivobook S14 M3407KA-SF034WS Ryzen AI 5 - Mạnh mẽ, đa dụng 
1.1. Sức mạnh AI vượt trội, lên tới 50TOPS
1.2. RAM DDR5 16GB và ổ cứng SSD 512GB siêu tốc 
1.3. Thiết kế mỏng nhẹ, đạt chuẩn quân đội, màu sắc tinh tế
1.4. Hiệu năng tính toán, xử lý đồ họa mạnh mẽ 
1.5. Pin 70WHrs bền bỉ, cổng kết nối đa dạng
1.6. Màn hình OLED sắc nét, phủ màu 95% DCI-P3
2. Mua laptop Asus Vivobook S14 M3407KA-SF034WS Ryzen AI 5 chính hãng tại CellphoneS
Laptop Asus Vivobook S14 M3407KA-SF034WS Ryzen AI 5 - Mạnh mẽ, đa dụng 
Asus Vivobook S14 M3407KA-SF034WS Ryzen AI 5 là lựa chọn phù hợp cho người dùng yêu thích sự cân bằng giữa thiết kế thời trang, hiệu năng mạnh mẽ. Mẫu laptop AI này không chỉ tập trung vào cấu hình cao mà còn đảm bảo trải nghiệm sử dụng bền bỉ, tiện ích đa dạng. 
Sức mạnh AI vượt trội, lên tới 50TOPS
Laptop Asus Vivobook S14 M3407KA-SF034WS Ryzen AI 5 được tích hợp bộ xử lý AI AMD XDNA NPU với hiệu suất lên tới 50TOPS, hỗ trợ tối ưu hóa các tác vụ AI phức tạp. Nhờ khả năng này, người dùng có thể trải nghiệm các ứng dụng chỉnh sửa hình ảnh, video hay nhận diện khuôn mặt nhanh và chính xác hơn. 
Công nghệ AI không chỉ giúp tăng tốc các tác vụ mà còn giảm tải cho CPU và GPU, tiết kiệm điện năng hiệu quả. Tính năng này rất hữu ích khi làm việc đa nhiệm, họp trực tuyến hoặc xử lý dữ liệu lớn. Máy còn tích hợp các phần mềm như Copilot AI hỗ trợ thao tác thông minh, giúp tăng cường trải nghiệm làm việc hiện đại. 
RAM DDR5 16GB và ổ cứng SSD 512GB siêu tốc 
Laptop Asus Vivobook S14 M3407KA-SF034WS Ryzen AI 5 sở hữu bộ nhớ RAM 16GB DDR5 cho khả năng xử lý đa nhiệm mượt mà, ổn định. Khi vận hành cùng ổ cứng SSD PCIe 4.0 dung lượng 512GB, sản phẩm đáp ứng nhanh nhu cầu khởi động hệ thống và mở ứng dụng chỉ trong vài giây. 
Cụ thể, bộ nhớ RAM DDR5 không chỉ có tốc độ cao hơn so với DDR4 mà còn tiết kiệm điện năng hiệu quả, phù hợp với laptop mỏng nhẹ. Trong khi đó, ổ cứng SSD PCIe 4.0 mang lại tốc độ đọc ghi vượt trội so với chuẩn PCIe 3.0 truyền thống, hỗ trợ người dùng lưu trữ dữ liệu lớn và truy xuất nhanh chóng.
Thiết kế mỏng nhẹ, đạt chuẩn quân đội, màu sắc tinh tế
Laptop Asus Vivobook S14 M3407KA-SF034WS Ryzen AI 5 hoàn thiện từ với lớp vỏ nhôm Cool Silver kết hợp khung máy mỏng nhẹ chỉ 1.4kg, mang lại sự linh hoạt khi di chuyển. Sản phẩm đạt tiêu chuẩn độ bền quân đội US MIL-STD 810H, đảm bảo khả năng vận hành ổn định trong môi trường khắc nghiệt và chống va đập, rung lắc tốt. 
Bề mặt máy được xử lý tinh tế, hạn chế bám vân tay tốt, giữ cho ngoại hình sáng bóng và hiện đại. Viền màn hình mỏng cùng tỷ lệ màn hình trên thân máy đạt 87% giúp tổng thể máy gọn gàng, dễ dàng bỏ túi xách hoặc balo. 
Bàn phím Chiclet có đèn nền giúp người dùng thao tác thuận tiện trong điều kiện thiếu sáng, đồng thời tích hợp phím Copilot hỗ trợ AI Windows 11. Thiết kế tổng thể của máy mang lại sự thanh lịch, phù hợp cho nhiều môi trường học tập, làm việc khác nhau. 
Hiệu năng tính toán, xử lý đồ họa mạnh mẽ 
Laptop Asus Vivobook S14 M3407KA-SF034WS Ryzen AI 5 trang bị chip AMD KRACKAN-4C/BGA mạnh mẽ, hỗ trợ tối ưu cho các tác vụ văn phòng và chính sửa cơ bản. Đi kèm với đó là GPU tích hợp AMD Radeon Graphics giúp người dùng thoải mái làm việc với các phần mềm chỉnh sửa ảnh, xem video 4K hay chơi game nhẹ. 
Cấu hình này cho phép vận hành ổn định nhiều ứng dụng cùng lúc mà không gặp tình trạng giật lag hay đứng máy. Ngoài ra, hệ thống tản nhiệt thông minh trên Vivobook S14 còn đảm bảo máy luôn duy trì hiệu suất cao mà vẫn giữ mức nhiệt ổn định.
Vi xử lý cùng GPU tích hợp không chỉ tiết kiệm năng lượng mà còn phù hợp với xu hướng laptop mỏng nhẹ ngày nay. Người tiêu dùng sẽ có được trải nghiệm mượt mà từ công việc đến giải trí đa phương tiện. 
Pin 70WHrs bền bỉ, cổng kết nối đa dạng
Laptop Asus Vivobook S14 M3407KA-SF034WS Ryzen AI 5 được trang bị viên pin dung lượng 70WHrs, mang lại thời gian sử dụng lâu dài cho người dùng trong suốt ngày dài. Sản phẩm hỗ trợ sạc nhanh qua cổng USB-C công suất 65W, giúp tiết kiệm thời gian sạc và tối ưu hiệu suất pin. 
Bên cạnh đó, máy sở hữu đầy đủ các cổng kết nối phổ biến như 2x USB 3.2 Gen 1 Type-A, 2x USB 3.2 Gen 1 Type-C, HDMI 2.1 TMDS, jack 3.5mm. Hệ thống cổng kết nối này giúp người dùng dễ dàng ghép nối với nhiều thiết bị ngoại vi như màn hình, chuột, bàn phím hay tai nghe. 
Màn hình OLED sắc nét, phủ màu 95% DCI-P3
Laptop Asus Vivobook S14 M3407KA-SF034WS Ryzen AI 5 sở hữu màn hình OLED 14 inch độ phân giải WUXGA, mang đến không gian hiển thị rộng rãi và hình ảnh chi tiết. Tấm nền OLED với độ phủ màu 95% DCI-P3 cho màu sắc chính xác, độ tương phản cao, phục vụ tốt cho công việc thiết kế, chỉnh sửa hình ảnh chuyên nghiệp. 
Màn hình đạt độ sáng 300 nits và tốc độ phản hồi chỉ 0.2ms, đảm bảo trải nghiệm xem video, lướt web mượt mà không bị hiện tượng bóng mờ. Đồng thời, viền màn hình cũng khá mỏng, giúp tối ưu kích thước tổng thể máy và tăng diện tích hiển thị. 
Đặc biệt, màn hình có khả năng tái hiện 1.07 tỷ màu cùng tỷ lệ tương phản 1.000.000:1, giúp hình ảnh sống động và chân thực hơn bao giờ hết. Qua đó, người tiêu dùng sẽ hài lòng với chất lượng hiển thị vượt trội khi trải nghiệm xử lý công việc, chỉnh sửa, thiết kế đồ họa trên model laptop Asus này. 
Mua laptop Asus Vivobook S14 M3407KA-SF034WS Ryzen AI 5 chính hãng tại CellphoneS
Khách hàng có thể dễ dàng sở hữu laptop Asus Vivobook S14 M3407KA-SF034WS Ryzen AI 5 chính hãng tại CellphoneS. Tại đây, toàn bộ mặt hàng đều là hàng chính hãng, đầy đủ giấy tờ xuất xứ rõ ràng và tem bảo hành. Người dùng được hưởng nhiều ưu đãi như trả góp 0% lãi suất và hỗ trợ bảo hành minh bạch. Ngoài ra, đội ngũ nhân viên CellphoneS luôn sẵn sàng tư vấn tận tình, giúp khách hàng chọn mua mặt hàng phù hợp với yêu cầu sử dụng.","{""Bộ xử lý & Đồ họa"": [{""name"": ""Chip AI"", ""value"": ""AMD XDNA NPU up to 50TOPS""}, {""name"": ""Loại card đồ họa"", ""value"": ""AMD Radeon Graphics""}, {""name"": ""Loại CPU"", ""value"": ""AMD Ryzen AI 5 330""}], ""Bộ nhớ RAM, Ổ cứng"": [{""name"": ""Dung lượng RAM"", ""value"": ""16GB""}, {""name"": ""Loại RAM"", ""value"": ""DDR5 Onboard""}, {""name"": ""Ổ cứng"", ""value"": ""512GB M.2 NVMe PCIe 4.0 SSD""}], ""Màn hình"": [{""name"": ""Tần số quét"", ""value"": ""60 Hz""}, {""name"": ""Chất liệu tấm nền"", ""value"": ""Tấm nền Oled""}, {""name"": ""Kích thước màn hình"", ""value"": ""14 inches""}, {""name"": ""Công nghệ màn hình"", ""value"": ""Độ sáng 300 nits\nĐộ phủ màu 95% DCI-P3\nTỷ lệ tương phản 1.000.000:1\n1.07 tỷ màu\nMàn hình chống chói""}, {""name"": ""Độ phân giải màn hình"", ""value"": ""1920 x 1200 pixels (WUXGA)""}], ""Âm thanh"": [{""name"": ""Công nghệ âm thanh"", ""value"": ""Loa tích hợp\nMicrô mảng tích hợp""}], ""Kích thước & Trọng lượng"": [{""name"": ""Chất liệu"", ""value"": ""Vỏ nhựa - nắp lưng kim loại""}, {""name"": ""Chất liệu vỏ màn hình"", ""value"": ""Nhôm""}, {""name"": ""Chất liệu vỏ trên"", ""value"": ""Nhựa""}, {""name"": ""Chất liệu vỏ dưới"", ""value"": ""Nhôm""}, {""name"": ""Kích thước"", ""value"": ""31.52 x 22.34 x 1.59 ~ 1.86 cm (Dài x Rộng x Dày)""}, {""name"": ""Trọng lượng"", ""value"": ""1.40 kg""}], ""Tiện ích khác"": [{""name"": ""Tính năng đặc biệt"", ""value"": ""Wi-Fi 6, Nhận diện khuôn mặt, Màn hình Oled""}], ""Tính năng khác"": [{""name"": ""Loại đèn bàn phím"", ""value"": ""Bàn phím Chiclet có đèn nền Với phím Copilot""}, {""name"": ""Bảo mật"", ""value"": ""Webcam hồng ngoại hỗ trợ Windows Hello\nMcAfee\nBảo vệ mật khẩu người dùng khi khởi động BIOS\nMật khẩu người dùng thiết lập BIOS\nBộ xử lý bảo mật Microsoft Pluton\nMô-đun nền tảng đáng tin cậy (Phần mềm TPM)""}, {""name"": ""Webcam"", ""value"": ""Camera FHD có chức năng IR hỗ trợ Windows Hello; Có màn trập camera""}, {""name"": ""Hệ điều hành"", ""value"": ""Windows 11 Home + Microsoft Office Home 2024 + Microsoft 365 Basic""}], ""Pin & công nghệ sạc"": [{""name"": ""Pin"", ""value"": ""70WHrs, 4S1P, 4-cell Li-ion""}], ""Cổng kết nối"": [{""name"": ""Wi-Fi"", ""value"": ""Wi-Fi 6(802.11ax) (Dual band) 2*2""}, {""name"": ""Bluetooth"", ""value"": ""Bluetooth 5.3""}, {""name"": ""Cổng giao tiếp"", ""value"": ""2x USB 3.2 Gen 1 Type-A (tốc độ dữ liệu lên đến 5Gbps)\n2x USB 3.2 Gen 1 Type-C hỗ trợ hiển thị/cấp nguồn (tốc độ dữ liệu lên đến 5Gbps)\n1x HDMI 2.1 TMDS\n1x Giắc cắm âm thanh kết hợp 3.5mm""}]}","[""https://cdn2.cellphones.com.vn/x/media/catalog/product/l/a/laptop_asus_vivobook_s14_m3407ka-sf034ws_-_1.png"", ""https://cdn2.cellphones.com.vn/x/media/catalog/product/l/a/laptop_asus_vivobook_s14_m3407ka-sf034ws_-_2.png"", ""https://cdn2.cellphones.com.vn/x/media/catalog/product/l/a/laptop_asus_vivobook_s14_m3407ka-sf034ws_-_3.png""]","{""product_color_1"": {""color"": ""Bạc"", ""image_url"": ""https://cellphones.com.vn/laptop-asus-vivobook-s14-m3407ka-sf034ws-ryzen-ai-5.html?product_id=108991"", ""price"": ""23.790.000₫""}}"
Laptop ASUS Vivobook S14 M3407HA-SF490W,laptop-asus-vivobook-s14-m3407ha-sf490w,27.690.000đ,24.890.000đ,,"{""Bộ xử lý & Đồ họa"": [{""name"": ""Chip AI"", ""value"": ""AMD XDNA NPU up to 16TOPS""}, {""name"": ""Loại card đồ họa"", ""value"": ""AMD Radeon Graphics""}, {""name"": ""Loại CPU"", ""value"": ""AMD Ryzen 7 260 3.8GHz (24MB Cache, up to 5.1 GHz, 8 lõi, 16 luồng)""}], ""Bộ nhớ RAM, Ổ cứng"": [{""name"": ""Dung lượng RAM"", ""value"": ""16GB""}, {""name"": ""Loại RAM"", ""value"": ""DDR5 on board""}, {""name"": ""Ổ cứng"", ""value"": ""512GB M.2 NVMe PCIe 4.0 SSD""}], ""Màn hình"": [{""name"": ""Tần số quét"", ""value"": ""60Hz""}, {""name"": ""Chất liệu tấm nền"", ""value"": ""Tấm nền Oled""}, {""name"": ""Kích thước màn hình"", ""value"": ""14 inches""}, {""name"": ""Công nghệ màn hình"", ""value"": ""Thời gian phản hồi 0.2 ms\nĐộ sáng 300 nits\nĐộ phủ màu 95% DCI-P3\nĐộ tương phản: 1.000.000:1\n1.07 tỷ màu\nChứng nhận TÜV Rheinland""}, {""name"": ""Độ phân giải màn hình"", ""value"": ""1920 x 1200 pixels (WUXGA)""}], ""Âm thanh"": [{""name"": ""Công nghệ âm thanh"", ""value"": ""Loa tích hợp\nMicro tích hợp (array)""}], ""Kích thước & Trọng lượng"": [{""name"": ""Chất liệu"", ""value"": ""Vỏ nhựa - nắp lưng kim loại""}, {""name"": ""Chất liệu vỏ màn hình"", ""value"": ""Nhôm""}, {""name"": ""Chất liệu vỏ trên"", ""value"": ""Nhựa""}, {""name"": ""Chất liệu vỏ dưới"", ""value"": ""Nhôm""}, {""name"": ""Kích thước"", ""value"": ""31.52 x 22.34 x 1.59 ~ 1.79 cm (Dài x Rộng x Dày)""}, {""name"": ""Trọng lượng"", ""value"": ""1.40 kg""}], ""Tiện ích khác"": [{""name"": ""Tính năng đặc biệt"", ""value"": ""Wi-Fi 6, Nhận diện khuôn mặt, Màn hình Oled""}], ""Tính năng khác"": [{""name"": ""Loại đèn bàn phím"", ""value"": ""Bàn phím Chiclet có đèn nền Với phím Copilot""}, {""name"": ""Bảo mật"", ""value"": ""Webcam hồng ngoại (IR) hỗ trợ Windows Hello\nMcAfee\nMật khẩu khởi động BIOS\nMật khẩu thiết lập BIOS\nTPM (Firmware TPM)""}, {""name"": ""Webcam"", ""value"": ""Camera FHD với chức năng hồng ngoại hỗ trợ Windows Hello; Có màn trập camera""}, {""name"": ""Hệ điều hành"", ""value"": ""Windows 11 Home""}], ""Pin & công nghệ sạc"": [{""name"": ""Pin"", ""value"": ""70WHrs, 4S1P, 4-cell Li-ion""}], ""Cổng kết nối"": [{""name"": ""Wi-Fi"", ""value"": ""Wi-Fi 6(802.11ax) (Dual band) 2*2""}, {""name"": ""Bluetooth"", ""value"": ""Bluetooth 5.3""}, {""name"": ""Cổng giao tiếp"", ""value"": ""2 x USB 3.2 Gen 1 Type-A (5Gbps)\n2 x USB 3.2 Gen 1 Type-C (Display/Power Delivery, 5Gbps)\n1 x HDMI 2.1\n1 x jack tai nghe/mic 3.5 mm""}]}","[""https://cdn2.cellphones.com.vn/x/media/catalog/product/l/a/laptop_asus_vivobook_s14_m3407ha-sf490w_-_1.png"", ""https://cdn2.cellphones.com.vn/x/media/catalog/product/l/a/laptop_asus_vivobook_s14_m3407ha-sf490w_-_2.png"", ""https://cdn2.cellphones.com.vn/x/media/catalog/product/l/a/laptop_asus_vivobook_s14_m3407ha-sf490w_-_3.png""]","{""product_color_1"": {""color"": ""Xám"", ""image_url"": ""https://cellphones.com.vn/laptop-asus-vivobook-s14-m3407ha-sf490w.html?product_id=127220"", ""price"": ""24.890.000₫""}}"
Laptop ASUS VivoBook 16 M3607GA-SH034W,laptop-asus-vivobook-16-m3607ga-sh034w-ryzen-ai-7,30.990.000đ,27.990.000đ,"Đặc điểm nổi bật
Laptop ASUS Vivobook 16 M3607GA-SH034W Ryzen AI 7 là mẫu máy tính xách tay thế hệ mới trang bị bộ vi xử lý AMD Ryzen AI 7 445 với NPU đạt đến 50 TOPS. Máy sở hữu dung lượng RAM 16GB chuẩn DDR5 và ổ cứng lưu trữ 512GB SSD PCIe 4.0. Mẫu máy này trang bị viên pin 70Wh bên trong một thiết kế có khối lượng 1.7kg.
Nội dung chính
1. Laptop ASUS Vivobook 16 M3607GA-SH034W Ryzen AI 7 - Trải nghiệm trí tuệ nhân tạo hiện đại
1.1. Công nghệ - tính năng AI vượt trội trên thiết bị mới
1.2. RAM - Ổ cứng: Đa nhiệm và lưu trữ tốc độ cao
1.3. Diện mạo tinh tế cùng độ bền đạt chuẩn quân sự
1.4. CPU - Card đồ họa: Hiệu năng Ryzen AI 7 445
1.5. Pin bền bỉ cùng kết nối đa năng
1.6. Hình ảnh được tái hiện rõ nét với màu sắc tự nhiên
2. So sánh laptop ASUS Vivobook 16 M3607GA-SH034W Ryzen AI 7 với ASUS Vivobook 16 M1607KA
3. Mua laptop ASUS Vivobook 16 M3607GA-SH034W Ryzen AI 7 chính hãng tại CellphoneS
Laptop ASUS Vivobook 16 M3607GA-SH034W Ryzen AI 7 - Trải nghiệm trí tuệ nhân tạo hiện đại
Vivobook 16 M3607GA thu hút sự quan tâm nhờ phong cách thiết kế thanh lịch cùng hệ thống tiện ích thông minh. Lớp vỏ kim loại màu xám đen sang trọng tạo nên vẻ ngoài chuyên nghiệp phù hợp cho môi trường văn phòng.
Công nghệ - tính năng AI vượt trội trên thiết bị mới
Laptop ASUS Vivobook 16 M3607GA-SH034W Ryzen AI 7 tích hợp bộ xử lý thần kinh NPU có hiệu suất cao hỗ trợ tối ưu cho các tác vụ trí tuệ nhân tạo. Công nghệ ASUS 3DNR hỗ trợ cải thiện chất lượng hình ảnh từ webcam giúp khuôn mặt rạng rỡ ngay cả trong điều kiện thiếu sáng. 
Tích hợp bộ xử lý thần kinh NPU có hiệu suất cao
Công nghệ AI Noise Canceling hỗ trợ lọc bớt các âm thanh nhiễu từ môi trường, giúp quá trình trao đổi qua giọng nói trở nên rõ ràng hơn. Tính năng Adaptive Lock treeh laptop AI này tự động khóa máy khi vắng mặt góp phần bảo vệ thông tin cá nhân hiệu quả hơn cho người dùng.
Sự góp mặt của trợ lý Copilot giúp việc tìm kiếm thông tin và xử lý dữ liệu trở nên nhanh chóng và thuận tiện hơn bao giờ hết. Các ứng dụng AI chuyên sâu giúp tối ưu hóa hiệu suất làm việc và tiết kiệm thời gian đáng kể cho người sử dụng thường xuyên.
RAM - Ổ cứng: Đa nhiệm và lưu trữ tốc độ cao
Cung cấp bộ nhớ RAM 16GB DDR5, laptop ASUS Vivobook 16 M3607GA-SH034W Ryzen AI 7, cho phép chạy nhiều ứng dụng cùng lúc mà không xảy ra hiện tượng giật lag. Khả năng mở rộng bộ nhớ linh hoạt được duy trì nhờ một khe cắm SO-DIMM còn trống phục vụ việc nâng cấp sau này. 
Không gian lưu trữ rộng rãi để chứa các tập tin cần thiết
Ngoài ra, ổ cứng SSD 512GB chuẩn PCIe 4.0 giúp tăng tốc độ xử lý dữ liệu và rút ngắn thời gian chờ khi khởi động máy. Không gian lưu trữ này đủ rộng rãi để chứa các tập tin công việc và phần mềm cần thiết cho nhu cầu học tập. Trang bị chuẩn RAM DDR5 mới giúp tăng băng thông dữ liệu và giảm thiểu điện năng tiêu thụ.
Diện mạo tinh tế cùng độ bền đạt chuẩn quân sự
Laptop ASUS Vivobook 16 M3607GA-SH034W Ryzen AI 7 sở hữu ngoại hình mỏng nhẹ với độ dày chỉ 1.59cm giúp việc mang theo bên mình trở nên dễ dàng. Màu sắc Matte Gray mang lại cảm giác hiện đại và hạn chế tối đa việc bám dấu vân tay trong quá trình sử dụng. 
Sở hữu ngoại hình mỏng nhẹ mang theo dễ dàng
Việc đạt chuẩn độ bền MIL-STD 810H của quân đội Mỹ giúp thiết bị duy trì khả năng vận hành ổn định trước các tác động từ môi trường bên ngoài. Cấu trúc khung gầm được gia công tỉ mỉ mang đến sự cứng cáp và tin cậy khi di chuyển thường xuyên. 
Bản lề có độ hoàn thiện cao cho phép mở góc rộng giúp việc chia sẻ nội dung trên màn hình với những người xung quanh trở nên thuận tiện. Trọng lượng nhẹ nhàng kết hợp cùng độ mỏng ấn tượng tạo nên một tổng thể hài hòa và chuyên nghiệp cho thiết bị di động.
CPU - Card đồ họa: Hiệu năng Ryzen AI 7 445
Sử dụng vi xử lý AMD Ryzen AI 7 445 xây dựng trên tiến trình tiên tiến, laptop ASUS Vivobook 16 M3607GA-SH034W Ryzen AI 7 giúp tối ưu năng lượng. Chip đồ họa AMD Radeon Graphics tích hợp cung cấp khả năng xử lý hình ảnh ổn định cho các ứng dụng đồ họa cơ bản. 
Xây dựng trên tiến trình tiên tiến giúp tối ưu năng lượng
Cấu hình này hỗ trợ tốt việc cắt ghép video ngắn hoặc chỉnh sửa hình ảnh độ phân giải cao một cách trơn tru. Hệ thống tản nhiệt hoạt động hiệu quả giúp duy trì mức nhiệt độ ổn định khi máy xử lý các tác vụ nặng liên tục.
Vi xử lý 6 nhân 12 luồng mạnh mẽ giúp máy xử lý nhanh các tác vụ văn phòng từ đơn giản đến phức tạp mà không tốn nhiều năng lượng. Khả năng vận hành êm ái của máy giúp người dùng tập trung tối đa vào công việc trong môi trường yên tĩnh.
Pin bền bỉ cùng kết nối đa năng
Laptop ASUS Vivobook 16 M3607GA-SH034W Ryzen AI 7 trang bị viên pin 70Wh giúp kéo dài thời gian làm việc mà không cần cắm sạc thường xuyên. Hệ thống cổng kết nối đa dạng bao gồm USB Type-C hỗ trợ sạc nhanh và xuất hình ảnh chất lượng cao lên màn hình ngoài. 
Trang bị viên pin 70Wh giúp kéo dài thời gian làm việc
Cổng HDMI 2.1 hiện đại cho phép kết nối dễ dàng với máy chiếu phục vụ cho các buổi thuyết trình chuyên nghiệp. Tiêu chuẩn Wi-Fi 6 giúp thiết bị đạt tốc độ truyền tải dữ liệu nhanh và giữ được sự ổn định khi kết nối tại các địa điểm công cộng.
Khả năng sạc nhanh qua cổng Type-C giúp nạp lại pin hiệu quả trong những khoảng thời gian nghỉ ngắn. Các cổng USB Type-A vẫn được giữ lại nhằm duy trì tính tương thích với các thiết bị ngoại vi truyền thống một cách thuận tiện.
Hình ảnh được tái hiện rõ nét với màu sắc tự nhiên
Sử dụng màn hình OLED kích thước 16 inch với tỷ lệ khung hình 16:10, laptop ASUS Vivobook 16 M3607GA-SH034W Ryzen AI 7 giúp mở rộng không gian. Độ phủ màu 95% DCI-P3 tái tạo màu sắc chân thực phù hợp cho các công việc liên quan đến sáng tạo nội dung số. 
Màn hình OLED kích thước 16 inch với tỷ lệ 16:10
Thời gian phản hồi siêu nhanh 0.2ms giúp các hình ảnh chuyển động trở nên sắc nét và giảm thiểu tình trạng bóng mờ. Công nghệ giảm ánh sáng xanh bảo vệ thị lực giúp làm việc trong thời gian dài mà ít gây mỏi mắt.
Độ sáng cao lên tới 500 nits ở chế độ HDR giúp màn hình hiển thị rõ ràng ngay cả khi sử dụng trong môi trường có ánh sáng mạnh. Độ tương phản cực cao mang lại sắc đen sâu thẳm giúp các chi tiết trong vùng tối được hiển thị rõ nét và chân thực.
So sánh laptop ASUS Vivobook 16 M3607GA-SH034W Ryzen AI 7 với ASUS Vivobook 16 M1607KA
Việc đặt hai thế hệ laptop ASUS Vivobook 16 M3607GA-SH034W Ryzen AI 7 lên bàn cân hỗ trợ người dùng nhận thấy sự thay đổi vượt bậc về công nghệ. Mỗi dòng thiết bị đều sở hữu những đặc điểm cấu hình riêng biệt nhằm đáp ứng các nhu cầu xử lý dữ liệu khác nhau.
Thông số
Laptop ASUS Vivobook 16 M1607KA-MB091WS
Chip AI
AMD XDNA NPU up to 50TOPS
Loại card đồ họa
AMD Radeon Graphics
Dung lượng RAM
16GB
Loại RAM
DDR5 Onboard
Ổ cứng
512GB M.2 NVMe PCIe 4.0 SSD
Kích thước màn hình
16 inches
Công nghệ màn hình
Độ sáng 300nits
Độ phủ màu 45% NTSC
Màn hình chống chói
Pin
42WHrs, 3S1P, 3-cell Li-ion
Hệ điều hành
Windows 11 Home + Microsoft Office Home 2024 + Microsoft 365 Basic
Độ phân giải màn hình
1920 x 1200 pixels (WUXGA)
Loại CPU
AMD Ryzen AI 7 350 2.0GHz (24MB Cache, up to 5.0GHz, 8 lõi, 16 luồng)
Cổng giao tiếp
2x USB 3.2 Gen 1 Type-A (tốc độ dữ liệu lên đến 5Gbps)
2x USB 3.2 Gen 1 Type-C hỗ trợ hiển thị / Sạc (tốc độ dữ liệu lên đến 5Gbps)
1x HDMI 2.1 TMDS
1x Giắc cắm âm thanh kết hợp 3.5mm
Sự thay đổi vượt bậc về công nghệ trí tuệ nhân tạo
Thế hệ M3607GA mang đến sự cải tiến về hiệu suất xử lý tác vụ thông minh và chất lượng hiển thị nhờ tấm nền OLED hiện đại. Dung lượng pin được mở rộng đáng kể kết hợp cùng trọng lượng nhẹ hỗ trợ tối ưu tính linh động. Sự thay đổi về chuẩn RAM và tốc độ ổ cứng giúp máy vận hành ổn định và có tốc độ phản hồi nhanh hơn.
Mua laptop ASUS Vivobook 16 M3607GA-SH034W Ryzen AI 7 chính hãng tại CellphoneS
Hệ thống bán lẻ CellphoneS là địa chỉ uy tín để sở hữu laptop ASUS Vivobook 16 M3607GA-SH034W Ryzen AI 7 với mức giá cạnh tranh. Người dùng có thể trải nghiệm trực tiếp máy tại cửa hàng trước khi quyết định mua để được tư vấn chuyên sâu. Dịch vụ chăm sóc khách hàng chu đáo cùng thời hạn bảo hành từ nhà sản xuất giúp hỗ trợ xử lý kịp thời các vấn đề phát sinh trong suốt thời gian vận hành máy.","{""Bộ xử lý & Đồ họa"": [{""name"": ""Chip AI"", ""value"": ""AMD XDNA NPU up to 50TOPS""}, {""name"": ""Loại card đồ họa"", ""value"": ""AMD Radeon Graphics""}, {""name"": ""Loại CPU"", ""value"": ""AMD Ryzen AI 7 445""}], ""Bộ nhớ RAM, Ổ cứng"": [{""name"": ""Dung lượng RAM"", ""value"": ""16GB""}, {""name"": ""Loại RAM"", ""value"": ""DDR5 on board""}, {""name"": ""Số khe ram"", ""value"": ""Có thể nâng cấp; Cần tháo vỏ dưới/trên""}, {""name"": ""Ổ cứng"", ""value"": ""512GB M.2 NVMe PCIe 4.0 SSD""}], ""Màn hình"": [{""name"": ""Tần số quét"", ""value"": ""60Hz""}, {""name"": ""Chất liệu tấm nền"", ""value"": ""Tấm nền Oled""}, {""name"": ""Kích thước màn hình"", ""value"": ""16 inches""}, {""name"": ""Công nghệ màn hình"", ""value"": ""Thời gian phản hồi 0.2ms\nĐộ sáng 300nits\nĐộ sáng tối đa 500nits (độ sáng tối đa HDR)\nĐộ phủ màu 95% DCI-P3\nTỷ lệ tương phản 1.000.000:1\n1.07 tỷ màu\nGiảm 70% ánh sáng xanh có hại""}, {""name"": ""Độ phân giải màn hình"", ""value"": ""1920 x 1200 pixels""}], ""Âm thanh"": [{""name"": ""Công nghệ âm thanh"", ""value"": ""Loa tích hợp\nMicrophone mảng tích hợp""}], ""Kích thước & Trọng lượng"": [{""name"": ""Chất liệu"", ""value"": ""Vỏ nhựa - nắp lưng kim loại""}, {""name"": ""Chất liệu vỏ màn hình"", ""value"": ""Nhôm""}, {""name"": ""Chất liệu vỏ trên"", ""value"": ""Nhựa""}, {""name"": ""Chất liệu vỏ dưới"", ""value"": ""Nhôm""}, {""name"": ""Kích thước"", ""value"": ""35.70 x 25.06 x 1.59 ~ 1.79 cm (Dài x Rộng x Dày)""}, {""name"": ""Trọng lượng"", ""value"": ""1.80 kg""}], ""Tiện ích khác"": [{""name"": ""Tính năng đặc biệt"", ""value"": ""Wi-Fi 6, Nhận diện khuôn mặt, Màn hình Oled""}], ""Tính năng khác"": [{""name"": ""Loại đèn bàn phím"", ""value"": ""Bàn phím Chiclet có đèn nền và phím số""}, {""name"": ""Bảo mật"", ""value"": ""Webcam hồng ngoại (IR) hỗ trợ Windows Hello\nMcAfee\nBảo mật mật khẩu khởi động BIOS\nMật khẩu truy cập BIOS Setup\nTrusted Platform Module (Firmware TPM)""}, {""name"": ""Webcam"", ""value"": ""Camera FHD với chức năng hồng ngoại hỗ trợ Windows Hello, có màn trập camera""}, {""name"": ""Hệ điều hành"", ""value"": ""Windows 11 Home""}], ""Pin & công nghệ sạc"": [{""name"": ""Pin"", ""value"": ""70WHrs, 4S1P, 4-cell Li-ion""}], ""Cổng kết nối"": [{""name"": ""Wi-Fi"", ""value"": ""Wi-Fi 6(802.11ax) (Dual band) 2*2""}, {""name"": ""Bluetooth"", ""value"": ""Bluetooth 5.4""}, {""name"": ""Cổng giao tiếp"", ""value"": ""2 x USB 3.2 Gen 1 Type-A (5Gbps)\n2 x USB 3.2 Gen 1 Type-C (hỗ trợ xuất hình & sạc, 5Gbps)\n1 x HDMI 2.1 (TMDS)\n1 x Jack tai nghe/micro 3,5mm""}]}","[""https://cdn2.cellphones.com.vn/x/media/catalog/product/l/a/laptop_asus_vivobook_16_m3607ga-sh034w_-_1.png"", ""https://cdn2.cellphones.com.vn/x/media/catalog/product/l/a/laptop_asus_vivobook_16_m3607ga-sh034w_-_2.png"", ""https://cdn2.cellphones.com.vn/x/media/catalog/product/l/a/laptop_asus_vivobook_16_m3607ga-sh034w_-_3.png""]","{""product_color_1"": {""color"": ""Xám"", ""image_url"": ""https://cellphones.com.vn/laptop-asus-vivobook-16-m3607ga-sh034w-ryzen-ai-7.html?product_id=124959"", ""price"": ""27.990.000₫""}}"
Laptop ASUS VivoBook S14 M3407GA-SF030W,laptop-asus-vivobook-s14-m3407ga-sf030w,30.990.000đ,25.490.000đ,"Đặc điểm nổi bật
Laptop ASUS Vivobook S14 M3407GA-SF030W nổi bật nhờ màn hình OLED 14 inch WUXGA sắc nét cùng khả năng AI tiên tiến với NPU AMD XDNA lên đến 50 TOPS. Máy sở hữu RAM 16GB DDR5 xử lý trơn tru tác vụ đa nhiệm. Pin 70Wh và hệ thống kết nối hiện đại phù hợp cho tác vụ học tập, làm việc.
Nội dung chính
1. Laptop ASUS Vivobook S14 M3407GA-SF030W - Mỏng nhẹ AI, màn hình OLED chuẩn màu
1.1. Khả năng AI thông minh với NPU AMD XDNA lên đến 50 TOPS
1.2. Bộ nhớ DDR5 16GB tối ưu tốc độ và khả năng mở rộng
1.3. Thiết kế mỏng nhẹ, trải nghiệm tối ưu
1.4. Hiệu năng AMD thế hệ mới, đồ họa tích hợp tối ưu
1.5. Pin 70Wh dung lượng lớn, kết nối hiện đại
1.6. Màn hình OLED sắc nét, trải nghiệm hiển thị nâng cao
2. Mua laptop ASUS Vivobook S14 M3407GA-SF030W giá hấp dẫn tại CellphoneS
Laptop ASUS Vivobook S14 M3407GA-SF030W - Mỏng nhẹ AI, màn hình OLED chuẩn màu
ASUS Vivobook hướng đến người dùng cần một chiếc laptop gọn nhẹ nhưng sở hữu hiệu suất mạnh mẽ. Điểm nhấn của máy nằm ở nền tảng AI thế hệ mới, bộ nhớ DDR5 dung lượng lớn và màn hình OLED sắc nét.
Khả năng AI thông minh với NPU AMD XDNA lên đến 50 TOPS
Laptop ASUS Vivobook S14 M3407GA-SF030W được trang bị NPU AMD XDNA với hiệu năng AI lên đến 50 TOPS. Nền tảng này giúp tăng tốc xử lý các ứng dụng AI như nhận diện giọng nói, xử lý hình ảnh, phụ đề thời gian thực (Live Captions) và trợ lý Copilot.
Hiệu suất xử lý AI lên đến 50 TOPS
Bên cạnh hiệu năng, AI còn góp phần nâng cao trải nghiệm sử dụng thông qua các tính năng như khử tiếng ồn AI, tối ưu hiệu suất hệ thống. Nhờ đó, máy duy trì độ ổn định khi làm việc đa nhiệm, đồng thời phù hợp xu hướng ứng dụng AI trong học tập và sáng tạo nội dung hiện đại.
Bộ nhớ DDR5 16GB tối ưu tốc độ và khả năng mở rộng
Laptop ASUS Vivobook S14 M3407GA-SF030W được trang bị RAM DDR5 16GB on-board, mang lại băng thông cao, góp phần nâng cao khả năng đa nhiệm. Cấu hình bộ nhớ này giúp máy xử lý mượt các tác vụ đa nhiệm, chỉnh sửa nội dung và làm việc với nhiều ứng dụng cùng lúc mà không bị gián đoạn.
Bộ nhớ RAM DDR5 16GB đáp ứng đa nhiệm mạnh mẽ 
ASUS Vivobook S14 M3407GA-SF030W cũng cung cấp tốc độ truy xuất dữ liệu nhanh nhờ ổ cứng 512GB SSD NVMe PCIe 4.0. Khe mở rộng M.2 PCIe 4.0 cho phép nâng cấp lưu trữ khi nhu cầu tăng cao, đáp ứng tốt yêu cầu sử dụng lâu dài và quản lý dữ liệu lớn.
Thiết kế mỏng nhẹ, trải nghiệm tối ưu
Laptop ASUS Vivobook S14 M3407GA-SF030W sở hữu thiết kế hiện đại nhờ mặt lưng và đáy máy bằng nhôm, kết hợp khung thân gọn nhẹ chỉ khoảng 1.4 kg. Tông màu Matte Gray mang phong cách tối giản, dễ dàng thích ứng với từng người dùng.
Tỷ lệ màn hình trên thân máy đạt 86% giúp tổng thể laptop gọn gàng hơn, tối ưu không gian hiển thị. Tiêu chuẩn độ bền quân đội MIL-STD-810H giúp máy chịu được rung lắc, va đập nhẹ và nâng cao độ tin cậy trong quá trình di chuyển.
Thiết kế laptop hiện đại và sang trọng
Bàn phím Chiclet trên ASUS Vivobook S14 M3407GA-SF030W có hành trình phím ổn định và bố cục hợp lý. Touchpad kích thước lớn sử dụng chuẩn Precision giúp thao tác cuộn, zoom và điều hướng chính xác hơn, mang lại trải nghiệm điều khiển mượt mà và trực quan.
Hiệu năng AMD thế hệ mới, đồ họa tích hợp tối ưu
Laptop ASUS Vivobook S14 M3407GA-SF030W sử dụng nền tảng AMD thế hệ mới với kiến trúc Gorgon Point. Bộ vi xử lý đa nhân giúp máy đáp ứng tốt các tác vụ văn phòng, học tập, lập trình và chỉnh sửa nội dung cơ bản mà vẫn duy trì độ ổn định khi làm việc liên tục.
Xử lý mượt mà với CPU AMD thế hệ mới
Ngoài ra, card đồ họa tích hợp AMD Radeon Graphics tối ưu cho hiển thị hình ảnh và xử lý đồ họa nhẹ. GPU này hỗ trợ tốt các tác vụ thiết kế cơ bản và giải trí đa phương tiện, đồng thời tận dụng hiệu quả bộ nhớ DDR5 để cải thiện hiệu suất tổng thể.
Pin 70Wh dung lượng lớn, kết nối hiện đại
Laptop ASUS Vivobook S14 M3407GA-SF030W được trang bị pin dung lượng 70Wh, thuộc nhóm pin lớn trong phân khúc laptop 14 inch mỏng nhẹ. Dung lượng pin lớn giúp người dùng duy trì hiệu quả làm việc và học tập, giảm thiểu gián đoạn.
Pin 70Wh duy trì nhịp độ làm việc liên tục
Hệ thống kết nối đa dạng với USB Type-C hỗ trợ sạc và xuất hình ảnh, HDMI 2.1 cùng nhiều cổng USB Type-A đáp ứng tốt nhu cầu kết nối thiết bị ngoại vi. Chuẩn Wi-Fi 6 băng thông cao và Bluetooth 5.4 giúp tốc độ truyền dữ liệu ổn định, giảm độ trễ trong môi trường mạng phức tạp.
Màn hình OLED sắc nét, trải nghiệm hiển thị nâng cao
Laptop ASUS Vivobook S14 M3407GA-SF030W ghi điểm với màn hình OLED kèm độ phân giải WUXGA (1920 × 1200) cùng tỷ lệ 16:10. Dải màu rộng 95% DCI-P3 và độ tương phản cao giúp hình ảnh có chiều sâu, phù hợp cho công việc sáng tạo nội dung và nhu cầu giải trí chất lượng cao.
Với tần số quét 60Hz và thời gian phản hồi 0.2ms, màn hình đảm bảo độ mượt khi hiển thị nội dung chuyển động như cuộn trang hay phát video. Tỷ lệ tương phản lên tới 1.000.000:1 cùng độ sâu màu 1.07 tỷ màu mang lại hình ảnh có độ chuyển màu mượt, vùng sáng – tối rõ ràng.
Màn hình OLED hiển thị rực rỡ 
Đặc biệt, camera FHD trên màn hình tích hợp cảm biến hồng ngoại hỗ trợ đăng nhập Windows Hello. Hệ thống loa và micro được tối ưu cho trải nghiệm hội họp online cũng như các nhu cầu giải trí hằng ngày.
Mua laptop ASUS Vivobook S14 M3407GA-SF030W giá hấp dẫn tại CellphoneS
Tại CellphoneS, laptop ASUS Vivobook S14 M3407GA-SF030W được phân phối với mức giá tốt. Người dùng còn có cơ hội nhận nhiều ưu đãi hấp dẫn theo từng thời điểm, giúp tối ưu chi phí đầu tư. Ngoài ra, CellphoneS hỗ trợ đặt cọc online tiện lợi, đảm bảo giữ hàng nhanh chóng và an tâm mua sắm. Nhờ chính sách hậu mãi uy tín, người dùng có thể an tâm đầu tư vào sản phẩm.","{""Bộ xử lý & Đồ họa"": [{""name"": ""Chip AI"", ""value"": ""AMD XDNA NPU up to 50TOPS""}, {""name"": ""Loại card đồ họa"", ""value"": ""AMD Radeon Graphics""}, {""name"": ""Loại CPU"", ""value"": ""AMD Ryzen AI 7 445""}], ""Bộ nhớ RAM, Ổ cứng"": [{""name"": ""Dung lượng RAM"", ""value"": ""16GB""}, {""name"": ""Loại RAM"", ""value"": ""DDR5 on board""}, {""name"": ""Ổ cứng"", ""value"": ""512GB M.2 NVMe PCIe 4.0 SSD""}], ""Màn hình"": [{""name"": ""Tần số quét"", ""value"": ""60 Hz""}, {""name"": ""Chất liệu tấm nền"", ""value"": ""Tấm nền Oled""}, {""name"": ""Kích thước màn hình"", ""value"": ""14 inches""}, {""name"": ""Công nghệ màn hình"", ""value"": ""Thời gian phản hồi 0.2ms\nĐộ sáng: 300 nits\nĐộ phủ màu 95% DCI-P3\nTỷ lệ tương phản 1.000.000:1\n1.07 tỷ màu""}, {""name"": ""Độ phân giải màn hình"", ""value"": ""1920 x 1200 pixels (WUXGA)""}], ""Âm thanh"": [{""name"": ""Công nghệ âm thanh"", ""value"": ""Loa tích hợp sẵn\nMicrophone mảng tích hợp""}], ""Kích thước & Trọng lượng"": [{""name"": ""Chất liệu"", ""value"": ""Vỏ kim loại""}, {""name"": ""Chất liệu vỏ màn hình"", ""value"": ""Nhôm""}, {""name"": ""Chất liệu vỏ trên"", ""value"": ""Nhôm""}, {""name"": ""Chất liệu vỏ dưới"", ""value"": ""Nhôm""}, {""name"": ""Kích thước"", ""value"": ""31.52 x 22.34 x 1.59 ~ 1.79 cm (Dài x Rộng x Dày)""}, {""name"": ""Trọng lượng"", ""value"": ""1.40 kg""}], ""Tiện ích khác"": [{""name"": ""Tính năng đặc biệt"", ""value"": ""Wi-Fi 6, Nhận diện khuôn mặt, Màn hình Oled""}], ""Tính năng khác"": [{""name"": ""Loại đèn bàn phím"", ""value"": ""Bàn phím Chiclet có đèn nền""}, {""name"": ""Bảo mật"", ""value"": ""Webcam hồng ngoại (IR) hỗ trợ Windows Hello\nPhần mềm bảo mật McAfee\nBảo vệ mật khẩu khởi động BIOS\nMật khẩu người dùng trong BIOS\nMô-đun nền tảng tin cậy TPM (Firmware TPM)""}, {""name"": ""Webcam"", ""value"": ""Camera FHD với chức năng hồng ngoại hỗ trợ Windows Hello, có màn trập camera""}, {""name"": ""Hệ điều hành"", ""value"": ""Windows 11 Home""}], ""Pin & công nghệ sạc"": [{""name"": ""Pin"", ""value"": ""70WHrs, 4S1P, 4-cell Li-ion""}], ""Cổng kết nối"": [{""name"": ""Wi-Fi"", ""value"": ""Wi-Fi 6(802.11ax) (Dual band) 2*2""}, {""name"": ""Bluetooth"", ""value"": ""Bluetooth 5.4""}, {""name"": ""Cổng giao tiếp"", ""value"": ""2 x USB 3.2 Gen 1 Type-A (5Gbps)\n2 x USB 3.2 Gen 1 Type-C hỗ trợ xuất hình ảnh / cấp nguồn (5Gbps)\n1 x HDMI 2.1 TMDS\n1 x cổng âm thanh combo 3.5 mm""}]}","[""https://cdn2.cellphones.com.vn/x/media/catalog/product/l/a/laptop_asus_vivobook_s14_m3407ga-sf030w_-_1.png"", ""https://cdn2.cellphones.com.vn/x/media/catalog/product/l/a/laptop_asus_vivobook_s14_m3407ga-sf030w_-_2.png"", ""https://cdn2.cellphones.com.vn/x/media/catalog/product/l/a/laptop_asus_vivobook_s14_m3407ga-sf030w_-_3.png""]","{""product_color_1"": {""color"": ""Xám"", ""image_url"": ""https://cellphones.com.vn/laptop-asus-vivobook-s14-m3407ga-sf030w.html?product_id=123165"", ""price"": ""25.490.000₫""}}"
Laptop ASUS Vivobook S14 S3407AA-SF032W,laptop-asus-vivobook-s14-s3407aa-sf032w,33.990.000đ,32.990.000đ,,"{""Bộ xử lý & Đồ họa"": [{""name"": ""Chip AI"", ""value"": ""Intel NPU up to 49TOPS""}, {""name"": ""Loại card đồ họa"", ""value"": ""Intel Graphics""}, {""name"": ""Loại CPU"", ""value"": ""Intel Core Ultra 7 355 2.3 GHz (12MB Cache, up to 4.7 GHz, 8 lõi, 8 luồng)""}], ""Bộ nhớ RAM, Ổ cứng"": [{""name"": ""Dung lượng RAM"", ""value"": ""16GB""}, {""name"": ""Loại RAM"", ""value"": ""DDR5 Onboard""}, {""name"": ""Ổ cứng"", ""value"": ""512GB M.2 NVMe PCIe 4.0 SSD""}], ""Màn hình"": [{""name"": ""Tần số quét"", ""value"": ""60 Hz""}, {""name"": ""Chất liệu tấm nền"", ""value"": ""Tấm nền Oled""}, {""name"": ""Kích thước màn hình"", ""value"": ""14 inches""}, {""name"": ""Công nghệ màn hình"", ""value"": ""Thời gian phản hồi: 0.2 ms\nĐộ sáng 300 nits\nĐộ phủ màu 95% DCI-P3\nĐộ tương phản: 1.000.000:1\n1.07 tỷ màu\nMàn hình chống chói & chống phản xạ (AGLR)\nGiảm 70% ánh sáng xanh có hại\nChứng nhận TÜV Rheinland""}, {""name"": ""Độ phân giải màn hình"", ""value"": ""1920 x 1200 pixels (WUXGA)""}], ""Âm thanh"": [{""name"": ""Công nghệ âm thanh"", ""value"": ""Loa tích hợp\nMicrophone mảng tích hợp""}], ""Cổng kết nối"": [{""name"": ""Khe đọc thẻ nhớ"", ""value"": ""Không""}, {""name"": ""Wi-Fi"", ""value"": ""Wi-Fi 6(802.11ax) (Dual band) 2*2""}, {""name"": ""Bluetooth"", ""value"": ""Bluetooth 5.4""}, {""name"": ""Cổng giao tiếp"", ""value"": ""2 x USB 3.2 Gen 1 Type-A (5Gbps)\n2 x USB 3.2 Gen 1 Type-C (Display/Power Delivery, 5Gbps)\n1 x HDMI 2.1\n1 x Jack tai nghe/mic 3.5 mm""}], ""Kích thước & Trọng lượng"": [{""name"": ""Chất liệu"", ""value"": ""Vỏ nhựa - nắp lưng kim loại""}, {""name"": ""Chất liệu vỏ màn hình"", ""value"": ""Nhôm""}, {""name"": ""Chất liệu vỏ trên"", ""value"": ""Nhựa""}, {""name"": ""Chất liệu vỏ dưới"", ""value"": ""Nhôm""}, {""name"": ""Kích thước"", ""value"": ""31.52 x 22.34 x 1.59 ~ 1.79 cm (Dài x Rộng x Dày)""}, {""name"": ""Trọng lượng"", ""value"": ""1.40 kg""}], ""Tiện ích khác"": [{""name"": ""Tính năng đặc biệt"", ""value"": ""Wi-Fi 6, Nhận diện khuôn mặt, Màn hình Oled""}], ""Tính năng khác"": [{""name"": ""Loại đèn bàn phím"", ""value"": ""Bàn phím Chiclet có đèn nền""}, {""name"": ""Bảo mật"", ""value"": ""McAfee\nMật khẩu khởi động BIOS\nMật khẩu thiết lập BIOS\nTPM (Firmware TPM)""}, {""name"": ""Webcam"", ""value"": ""Camera FHD với chức năng hồng ngoại hỗ trợ Windows Hello; Có màn trập camera""}, {""name"": ""Hệ điều hành"", ""value"": ""Windows 11 Home""}], ""Pin & công nghệ sạc"": [{""name"": ""Pin"", ""value"": ""70WHrs, 4S1P, 4-cell Li-ion""}]}","[""https://cdn2.cellphones.com.vn/x/media/catalog/product/l/a/laptop_asus_vivobook_s14_s3407aa-sf032w_-_1.png"", ""https://cdn2.cellphones.com.vn/x/media/catalog/product/l/a/laptop_asus_vivobook_s14_s3407aa-sf032w_-_2.png"", ""https://cdn2.cellphones.com.vn/x/media/catalog/product/l/a/laptop_asus_vivobook_s14_s3407aa-sf032w_-_3.png""]","{""product_color_1"": {""color"": ""Xám"", ""image_url"": ""https://cellphones.com.vn/laptop-asus-vivobook-s14-s3407aa-sf032w.html?product_id=129047"", ""price"": ""32.990.000₫""}}"
Laptop ASUS VivoBook S14 S3407CA-SF923W,laptop-asus-vivobook-s14-s3407ca-sf923w,31.990.000đ,27.090.000đ,"Đặc điểm nổi bật
Laptop ASUS Vivobook S14 S3407CA-SF923W sở hữu chip Intel Core Ultra 7 255H cùng nhân NPU AI Boost hỗ trợ xử lý các tác vụ thông minh đạt hiệu quả cao. Cấu hình gồm 16GB DDR5 và SSD 512GB, mang lại khả năng xử lý và phản hồi tốt. Màn hình OLED 14 inch và viên pin 70WHrs duy trì trải nghiệm làm việc, giải trí ổn định.
Nội dung chính
1. Laptop ASUS Vivobook S14 S3407CA-SF923W - Hiệu năng AI đột phá
1.1. Tối ưu hiệu suất thông minh với nhân NPU Intel AI Boost
1.2. RAM 16GB DDR5 và SSD 512GB giúp xử lý nhiều tác vụ
1.3. Thiết kế màu Matte Gray sang trọng
1.4. Hiệu suất được nâng cao nhờ Intel Core Ultra 7 255H
1.5. Viên pin 70WHrs và hệ thống cổng kết nối đa dạng
1.6. OLED 14 inch chuẩn WUXGA cho trải nghiệm hiển thị rõ ràng
2. Mua laptop ASUS Vivobook S14 S3407CA-SF923W chính hãng tại CellphoneS
Laptop ASUS Vivobook S14 S3407CA-SF923W - Hiệu năng AI đột phá
Sản phẩm ASUS Vivobook thể hiện xu hướng máy tính hiện đại khi tích hợp AI cùng cấu hình hiệu năng cao. Đây là lựa chọn phù hợp cho giới văn phòng và sinh viên cần thiết bị mỏng nhẹ để xử lý công việc hiệu quả.
Tối ưu hiệu suất thông minh với nhân NPU Intel AI Boost
Laptop ASUS Vivobook S14 S3407CA-SF923W trang bị nhân xử lý Intel AI Boost NPU với hiệu suất 13TOPS. Công nghệ này giúp hệ thống điều phối tài nguyên hiệu quả, hỗ trợ các tính năng AI như xóa phông khi video call, khử nhiễu âm thanh và tăng tốc các ứng dụng sáng tạo.
Nhân NPU Intel AI Boost có hiệu suất 13 TOPS
Phím cứng Copilot trên bàn phím cho phép người dùng truy cập nhanh trợ lý ảo để giải quyết công việc nhanh chóng. Trí tuệ nhân tạo tích hợp giúp tăng năng suất lao động, mang lại trải nghiệm cá nhân hóa từ việc quản lý pin đến cải thiện chất lượng hình ảnh qua webcam FHD IR.
RAM 16GB DDR5 và SSD 512GB giúp xử lý nhiều tác vụ
Thiết bị cung cấp không gian lưu trữ và khả năng xử lý dữ liệu hiệu quả nhờ hệ thống linh kiện thế hệ mới. Laptop ASUS Vivobook S14 S3407CA-SF923W trang bị 16GB RAM DDR5, cung cấp băng thông rộng để vận hành nhiều ứng dụng. Cấu hình này giúp máy hoạt động mượt mà, giảm thiểu tình trạng lag hoặc gián đoạn.
Sản phẩm trang bị RAM 16GB DDR5
Ổ cứng SSD 512GB chuẩn PCIe 4.0 giúp thiết bị đọc ghi dữ liệu nhanh chóng, phục vụ tốt nhu cầu lưu trữ và cài đặt phần mềm. Tốc độ đọc ghi của ổ cứng giúp giảm thời gian chờ khi khởi động máy và tải ứng dụng.
Thiết kế màu Matte Gray sang trọng
Sản phẩm sở hữu vẻ ngoài hiện đại với tông màu Matte Gray, phù hợp cho không gian làm việc chuyên nghiệp. Laptop ASUS Vivobook S14 S3407CA-SF923W kết hợp vật liệu nhôm ở mặt lưng, mặt đáy và nhựa bền bỉ tại khu vực bàn phím. Thiết kế hướng đến độ bền cao nhưng vẫn tối ưu khối lượng khoảng 1.4kg. 
Sản phẩm có vẻ ngoài mỏng nhẹ và độ bền chuẩn quân đội
Thiết bị đạt chứng nhận độ bền quân đội Mỹ US MIL-STD 810H, hỗ trợ chịu va đập và vận hành ổn định trong nhiều điều kiện môi trường. Với độ mỏng chỉ từ 1.59 cm, máy nằm gọn trong balo, sẵn sàng đồng hành cùng người dùng trong các buổi họp hay những chuyến công tác xa.
Hiệu suất được nâng cao nhờ Intel Core Ultra 7 255H
Laptop ASUS Vivobook S14 S3407CA-SF923W trang bị chip Intel Core Ultra 7 255H với 16 nhân và 16 luồng. Cấu trúc này hỗ trợ xử lý dữ liệu tốc độ cao, giúp máy vận hành mượt mà các bảng tính phức tạp hay phần mềm chuyên dụng.
Cấu hình mạnh mẽ từ dòng chip Ultra thế hệ mới 
Card đồ họa Intel Graphics tích hợp giúp xử lý hình ảnh sắc nét và ổn định. Sự kết hợp này hỗ trợ tốt các tác vụ thiết kế đồ họa 2D, biên tập video và đáp ứng nhu cầu giải trí.
Hệ thống phần cứng thế hệ mới giúp điều phối nguồn lực hợp lý để duy trì hiệu suất làm việc cao. Khả năng vận hành êm ái giúp người dùng tập trung hoàn thành các dự án chuyên sâu mà không bị xao nhãng bởi tiếng ồn động cơ.
Viên pin 70WHrs và hệ thống cổng kết nối đa dạng
Laptop ASUS Vivobook S14 S3407CA-SF923W sở hữu viên pin dung lượng 70WHrs, hỗ trợ hoạt động liên tục đối với các tác vụ di động. Bộ sạc Type-C 65W nhỏ gọn đi kèm giúp nạp năng lượng thuận tiện. Công nghệ Power Delivery tích hợp hỗ trợ người dùng sạc pin tiện lợi qua các cổng chuẩn USB-C trên máy.
Sản phẩm trang bị viên pin dung lượng 70WHrs
Máy được trang bị đa dạng cổng kết nối, bao gồm USB Type-A, USB Type-C và HDMI 1.4, hỗ trợ truyền tải dữ liệu ổn định. Các chuẩn kết nối này cho phép người dùng dễ dàng kết nối với màn hình rời hoặc máy chiếu, đáp ứng linh hoạt các buổi thuyết trình và hội thảo.
Sự đa dạng của các cổng I/O cho phép kết nối chuột, bàn phím hay ổ cứng rời mà không cần sử dụng bộ chuyển đổi. Cách bố trí cổng cắm hợp lý ở hai bên thân máy giúp giữ cho không gian làm việc gọn gàng và mang lại sự linh hoạt trong suốt quá trình sử dụng.
OLED 14 inch chuẩn WUXGA cho trải nghiệm hiển thị rõ ràng
Tỷ lệ 16:10 giúp màn hình OLED hiển thị được nhiều nội dung hơn, hỗ trợ xử lý công việc thuận tiện. Laptop ASUS Vivobook S14 S3407CA-SF923W sở hữu độ phân giải WUXGA cùng dải màu 95% DCI-P3, hỗ trợ độ chính xác màu sắc cao. Thông số này đáp ứng tốt các yêu cầu trong lĩnh vực thiết kế đồ họa và in ấn.
Màn hình OLED mang đến độ tương phản cao 
Thời gian phản hồi 0.2ms cho phép các chuyển động hiển thị mượt mà, hạn chế hiện tượng bóng ma khi thưởng thức phim hành động hoặc chơi game. Tận dụng ưu thế của công nghệ OLED, các vùng tối được tái hiện với độ sâu ấn tượng và độ chi tiết sắc nét. 
Bên cạnh đó, máy sở hữu chứng nhận TÜV Rheinland hỗ trợ giảm 70% ánh sáng xanh có hại. Đặc điểm này giúp bảo vệ thị lực cho người dùng khi làm việc liên tục trước máy tính trong thời gian dài.
Mua laptop ASUS Vivobook S14 S3407CA-SF923W chính hãng tại CellphoneS
Ghé ngay CellphoneS để sở hữu laptop ASUS Vivobook S14 S3407CA-SF923W. CellphoneS hiện là nơi tin cậy để khách hàng chọn mua sản phẩm chính hãng với mức giá hấp dẫn. Khi mua hàng tại đây, khách hàng sẽ được hưởng chính sách bảo hành rõ ràng cùng nhiều ưu đãi hấp dẫn, đặc biệt thành viên Smember.
Khách hàng hãy truy cập ngay website CellphoneS hoặc đến trực tiếp các cửa hàng trên toàn quốc để trải nghiệm và mua sắm sản phẩm. CellphoneS hỗ trợ trả góp 0% lãi suất cùng dịch vụ giao hàng nhanh chóng, giúp khách hàng sớm sở hữu chiếc laptop này để phục vụ cho công việc và học tập.","{""Bộ xử lý & Đồ họa"": [{""name"": ""Chip AI"", ""value"": ""Intel AI Boost NPU up to 13TOPS""}, {""name"": ""Loại card đồ họa"", ""value"": ""Intel Graphics""}, {""name"": ""Loại CPU"", ""value"": ""Intel Core Ultra 7 255H 2.0 GHz (24MB Cache, up to 5.1 GHz, 16 lõi, 16 luồng)""}], ""Bộ nhớ RAM, Ổ cứng"": [{""name"": ""Dung lượng RAM"", ""value"": ""16GB""}, {""name"": ""Loại RAM"", ""value"": ""DDR5 on board""}, {""name"": ""Ổ cứng"", ""value"": ""512GB M.2 NVMe PCIe 4.0 SSD""}], ""Màn hình"": [{""name"": ""Tần số quét"", ""value"": ""60 Hz""}, {""name"": ""Chất liệu tấm nền"", ""value"": ""Tấm nền Oled""}, {""name"": ""Kích thước màn hình"", ""value"": ""14 inches""}, {""name"": ""Công nghệ màn hình"", ""value"": ""Độ sáng 300 nits\nĐộ phủ màu 95% DCI-P3\nTỷ lệ tương phản 1.000.000:1\n1.07 tỷ màu\nGiảm 70% ánh sáng xanh có hại\nChứng nhận TÜV Rheinland""}, {""name"": ""Độ phân giải màn hình"", ""value"": ""1920 x 1200 pixels (WUXGA)""}], ""Âm thanh"": [{""name"": ""Công nghệ âm thanh"", ""value"": ""Loa tích hợp\nMicro mảng tích hợp""}], ""Kích thước & Trọng lượng"": [{""name"": ""Chất liệu"", ""value"": ""Vỏ nhựa - nắp lưng kim loại""}, {""name"": ""Chất liệu vỏ màn hình"", ""value"": ""Nhôm""}, {""name"": ""Chất liệu vỏ trên"", ""value"": ""Nhựa""}, {""name"": ""Chất liệu vỏ dưới"", ""value"": ""Nhôm""}, {""name"": ""Kích thước"", ""value"": ""31.52 x 22.34 x 1.59 ~ 1.79 cm (Dài x Rộng x Dày)""}, {""name"": ""Trọng lượng"", ""value"": ""1.40 kg""}], ""Tiện ích khác"": [{""name"": ""Tính năng đặc biệt"", ""value"": ""Wi-Fi 6, Nhận diện khuôn mặt, Màn hình Oled""}], ""Tính năng khác"": [{""name"": ""Loại đèn bàn phím"", ""value"": ""Bàn phím Chiclet có đèn nền Với phím Copilot""}, {""name"": ""Bảo mật"", ""value"": ""Webcam IR hỗ trợ Windows Hello\nMcAfee\nBảo vệ mật khẩu khởi động BIOS\nMật khẩu thiết lập BIOS\nTrusted Platform Module (Firmware TPM)""}, {""name"": ""Webcam"", ""value"": ""Camera FHD với chức năng hồng ngoại hỗ trợ Windows Hello; Có màn trập camera""}, {""name"": ""Hệ điều hành"", ""value"": ""Windows 11 Home""}], ""Pin & công nghệ sạc"": [{""name"": ""Pin"", ""value"": ""70WHrs, 4S1P, 4-cell Li-ion""}], ""Cổng kết nối"": [{""name"": ""Wi-Fi"", ""value"": ""Wi-Fi 6(802.11ax) (Dual band) 2*2""}, {""name"": ""Bluetooth"", ""value"": ""Bluetooth 5.3""}, {""name"": ""Cổng giao tiếp"", ""value"": ""2 x USB-A (USB 3.2 Gen 1, 5Gbps)\n2 x USB-C (USB 3.2 Gen 1, 5Gbps, hỗ trợ Display / Power Delivery)\n1 x HDMI 1.4\n1 x Jack tai nghe/micro 3,5mm""}]}","[""https://cdn2.cellphones.com.vn/x/media/catalog/product/l/a/laptop_asus_vivobook_s14_s3407ca-sf923w_-_1.png"", ""https://cdn2.cellphones.com.vn/x/media/catalog/product/l/a/laptop_asus_vivobook_s14_s3407ca-sf923w_-_2.png"", ""https://cdn2.cellphones.com.vn/x/media/catalog/product/l/a/laptop_asus_vivobook_s14_s3407ca-sf923w_-_3.png""]","{""product_color_1"": {""color"": ""Xám"", ""image_url"": ""https://cellphones.com.vn/laptop-asus-vivobook-s14-s3407ca-sf923w.html?product_id=126957"", ""price"": ""27.090.000₫""}}"
Laptop ASUS ExpertBook P5 P5405CSA-NZ0017W,laptop-asus-expertbook-p5-p5405csa-nz0017w,N/A,N/A,"Đặc điểm nổi bật
Laptop ASUS Expertbook P5 P5405CSA-NZ0017W hoạt động mạnh mẽ với vi xử lý Intel Core Ultra 7, kết hợp RAM lên đến 32GB cùng ổ cứng SSD lưu trữ 1TB. Cộng thêm, màn hình 14 inch của laptop sở hữu tốc độ làm mới tối đa 144Hz và độ phân giải 2.5K. Ngoài ra, chiếc laptop ASUS Expertbook này còn cung cấp hiệu năng AI đỉnh cao nhờ công nghệ ASUS AI ExpertMeet.
Nội dung chính
1. Laptop ASUS Expertbook P5 P5405CSA-NZ0017W – Tăng hiệu suất công việc
1.1. RAM tối ưu, ổ cứng chuyên dụng
1.2. Thiết kế bền bỉ, màu đẹp
1.3. CPU mạnh mẽ, GPU mượt
1.4. Pin lớn, kết nối phong phú
1.5. Màn hình chống lóa, quét tốc độ cao 
2. Mua laptop ASUS Expertbook P5 P5405CSA-NZ0017W giá tốt tại CellphoneS
Laptop ASUS Expertbook P5 P5405CSA-NZ0017W – Tăng hiệu suất công việc
Laptop ASUS Expertbook P5 P5405CSA-NZ0017W là lựa chọn laptop văn phòng lý tưởng cho mọi đối tượng sử dụng. Qua đa dạng đặc điểm ưu trội, mẫu laptop ASUS này sẽ mang đến hiệu quả tối ưu trong những nhu cầu hàng ngày.
RAM tối ưu, ổ cứng chuyên dụng
Laptop ASUS Expertbook P5 P5405CSA-NZ0017W nổi bật với bộ RAM dung lượng cao 32 GB chuẩn LPDDR5X trên bo mạch, nhằm đáp ứng cho công việc và sử dụng đa nhiệm. Đồng thời, phục vụ các tác vụ đòi hỏi hiệu suất cao và tăng cường khả năng xử lý dữ liệu nhanh chóng. 
Cùng với đó, ổ cứng SSD 4.0 PCIe của laptop cũng được nâng cấp dung lượng lên tới 1 TB. Nhờ vậy, máy có thể lưu trữ tài liệu, phần mềm và dữ liệu quan trọng với tốc độ đọc/ghi nhanh. Ngoài ra, thời gian khởi động ứng dụng cũng được giảm đáng kể nhằm nâng cao hiệu suất của laptop.
Thiết kế bền bỉ, màu đẹp
Laptop ASUS Expertbook P5 P5405CSA-NZ0017W gây ấn tượng qua thiết kế bền bỉ, tinh tế cùng trọng lượng gọn nhẹ. Tổng thể của máy hài hòa phối hợp gam màu thanh lịch, tạo nên vẻ ngoài đầy tính hiện đại, chuyên nghiệp. Với khung máy làm từ kim loại, chiếc máy tính xách tay này hoàn toàn đạt chuẩn độ bền quân đội Hoa Kỳ. Từ đó, laptop có khả năng chịu đựng va đập tốt trong quá trình di chuyển thường xuyên. 
CPU mạnh mẽ, GPU mượt
Laptop ASUS Expertbook P5 P5405CSA-NZ0017W sử dụng sức mạnh từ chip Intel Core Ultra 7 với hiệu năng AI ấn tượng. Theo đó, bộ vi xử lý này được áp dụng cùng NPU lên đến 47 TOPS cho phép trải nghiệm các tác vụ văn phòng mượt mà. Đồng thời tương thích với loạt ISV cơ bản. Không những vậy, cấu trúc ExpertCool tản nhiệt mới cung cấp khả năng làm mát tốt và tạo sự nhất quán trong các phiên sử dụng liên tục.
Đi cùng là bộ GPU mới có thể tăng tốc XMX, nhằm đem lại hiệu suất hoàn hảo trong quá trình xử lý hay đồ họa nặng. Thêm vào đó, trợ lý ASUS AI ExpertMeet còn cải thiện các hoạt động trải nghiệm của người dùng cới đa dạng tiện ích AI thông minh. Sự kết hợp này đủ mạnh để hỗ trợ các công việc liên quan đến thiết kế, chỉnh sửa video, đặc biệt là trong môi trường làm việc đa nhiệm. 
Pin lớn, kết nối phong phú
Laptop ASUS Expertbook P5 P5405CSA-NZ0017W trang bị pin 3-cell Li-ion với dung lượng 63WHrs. Qua đó, chiếc laptop này cho thời gian sử dụng kéo dài kèm theo công nghệ tiết kiệm năng lượng, giúp đảm bảo máy hoạt động bền bỉ. 
Bên cạnh đó, phiên bản còn hỗ trợ các cổng USB 3.2 Type A, HDMI mang lại sự tiện lợi tối ưu. Ngoài ra, các cổng giao tiếp LAN Gigabit Ethernet và Wi-Fi 6E cũng góp phần phục vụ tốt nhu cầu truyền tải dữ liệu.
Màn hình chống lóa, quét tốc độ cao 
Laptop ASUS Expertbook P5 P5405CSA-NZ0017W có màn hình kích thước 14 inch với chất lượng chi tiết, sắc nét qua độ phân giải cao. Đặc biệt, lớp phủ chống lóa ở màn hình còn giảm thiểu mỏi mắt, giữ chất lượng hình ảnh ở ánh sáng mạnh. Hơn thế nữa, tần số làm mới tối đa 144Hz cũng cho khả năng hiển thị mượt mọi chuyên động hay thao tác trên màn hình laptop. Kể cả trong những tác vụ yêu cầu đồ họa cao, chiếc laptop này vẫn đảm bảo duy trì độ nét của hình ảnh một cách chuyên nghiệp.
Mua laptop ASUS Expertbook P5 P5405CSA-NZ0017W giá tốt tại CellphoneS
Laptop ASUS Expertbook P5 P5405CSA-NZ0017W rất thích hợp để nâng tầm những giây phút làm việc, giải trí của người dùng với hiệu năng hàng đầu, tiện ích AI đỉnh cao. Đến chi nhánh CellphoneS gần đây để nhận tư vấn và sắm về mẫu laptop ASUS chính hãng, giá phải chăng. Cùng với sản phẩm là dịch vụ bảo hành lâu dài kèm theo ưu đãi giá trị, đãi ngộ phong phú dành tặng khách hàng mua sắm tại hệ thống.","{""Bộ xử lý & Đồ họa"": [{""name"": ""Chip AI"", ""value"": ""Intel AI Boost NPU up to 47 TOPS""}, {""name"": ""Loại card đồ họa"", ""value"": ""Intel Arc 140V GPU""}, {""name"": ""Loại CPU"", ""value"": ""Intel Core Ultra 7 258V 32GB 1.8 GHz (12MB Cache, up to 4.8 GHz, 8 lõi, 8 luồng)""}], ""Bộ nhớ RAM, Ổ cứng"": [{""name"": ""Dung lượng RAM"", ""value"": ""32GB""}, {""name"": ""Loại RAM"", ""value"": ""LPDDR5X Onboard""}, {""name"": ""Ổ cứng"", ""value"": ""1TB M.2 2280 NVMe PCIe 4.0 SSD""}], ""Màn hình"": [{""name"": ""Tần số quét"", ""value"": ""144 Hz""}, {""name"": ""Chất liệu tấm nền"", ""value"": ""Tấm nền WVA""}, {""name"": ""Kích thước màn hình"", ""value"": ""14 inches""}, {""name"": ""Công nghệ màn hình"", ""value"": ""Độ sáng 400nits\nMàn hình chống chói\nĐộ phủ màu sRGB: 100%\nGóc nhìn 178/178""}, {""name"": ""Độ phân giải màn hình"", ""value"": ""2560 x 1600 (WQXGA)""}], ""Âm thanh"": [{""name"": ""Công nghệ âm thanh"", ""value"": ""Dolby Atmos\nCông nghệ Smart Amp\nMicrô mảng tích hợp""}], ""Cổng kết nối"": [{""name"": ""Khe đọc thẻ nhớ"", ""value"": ""Không""}, {""name"": ""Wi-Fi"", ""value"": ""Wi-Fi 6E(802.11ax) (Dual band) 2*2""}, {""name"": ""Bluetooth"", ""value"": ""Bluetooth 5.3""}, {""name"": ""Cổng giao tiếp"", ""value"": ""2x USB 3.2 Gen 2 Type-A\n2x Thunderbolt 4, tương thích với USB4, hỗ trợ display / sạc\n1x HDMI 2.1\n1x 3.5mm Combo Audio Jack""}], ""Kích thước & Trọng lượng"": [{""name"": ""Chất liệu"", ""value"": ""Vỏ kim loại""}, {""name"": ""Chất liệu vỏ màn hình"", ""value"": ""Nhôm""}, {""name"": ""Chất liệu vỏ trên"", ""value"": ""Nhôm""}, {""name"": ""Chất liệu vỏ dưới"", ""value"": ""Nhôm""}, {""name"": ""Kích thước"", ""value"": ""31.20 x 22.32 x 1.49 ~ 1.64 cm (W x H x D)""}, {""name"": ""Trọng lượng"", ""value"": ""1.27 kg""}], ""Tiện ích khác"": [{""name"": ""Tính năng đặc biệt"", ""value"": ""Wi-Fi 6, Bảo mật vân tay, Nhận diện khuôn mặt""}], ""Tính năng khác"": [{""name"": ""Loại đèn bàn phím"", ""value"": ""Bàn phím Chiclet có đèn nền""}, {""name"": ""Bảo mật"", ""value"": ""Cảm biến vân tay tích hợp với Power Key\nCamera hồng ngoại hỗ trợ Windows Hello\nKensington Nano Security Slot (6x 2.5mm)\nTrusted Platform Module (TPM)""}, {""name"": ""Webcam"", ""value"": ""Camera FHD 1080p có chức năng IR hỗ trợ Windows Hello\nCó màn trập camera""}, {""name"": ""Hệ điều hành"", ""value"": ""Windows 11 Home""}], ""Pin & công nghệ sạc"": [{""name"": ""Pin"", ""value"": ""63WHrs, 3S1P, 3-cell Li-ion""}]}","[""https://cdn2.cellphones.com.vn/x/media/catalog/product/t/e/text_ng_n_5__7_117.png"", ""https://cdn2.cellphones.com.vn/x/media/catalog/product/t/e/text_ng_n_6__2_160.png"", ""https://cdn2.cellphones.com.vn/x/media/catalog/product/t/e/text_ng_n_13__6_107.png""]","{""product_color_1"": {""color"": ""Xám"", ""image_url"": ""https://cellphones.com.vn/laptop-asus-expertbook-p5-p5405csa-nz0017w.html?product_id=93368"", ""price"": ""38.990.000₫""}}"
Laptop ASUS ExpertBook P5 P5405CSA-NZ0016W,laptop-asus-expertbook-p5-p5405csa-nz0016w,N/A,N/A,"Đặc điểm nổi bật
Laptop Asus ExpertBook P5 P5405CSA-NZ0016W trang bị màn hình 14 inch WQXGA 144Hz, sRGB 100% với bộ vi xử lý Intel Core Ultra 5 và 16GB RAM LPDDR5X. Máy sở hữu ổ cứng 512GB SSD PCIe 4.0 và GPU tích hợp Intel Arc 130V, khối lượng 1.27 kg. Laptop có pin dung lượng 63WHrs, sạc 65W qua cổng Type-C và nhiều cổng kết nối hiện đại. 
Nội dung chính
1. Laptop Asus ExpertBook P5 P5405CSA-NZ0016W - Lựa chọn phù hợp cho doanh nhân hiện đại
1.1. RAM 16GB mạnh mẽ kết hợp SSD 512GB cho hiệu suất tối ưu
1.2. Ngoại hình gọn nhẹ và sang trọng với gam màu Misty Grey
1.3. Sức mạnh ấn tượng nhờ Intel Core Ultra 5, Intel Arc 130V
1.4. Pin dung lượng 63WHrs, màn hình 14 inch WQXGA 144Hz 
2. Mua ngay laptop Asus ExpertBook P5 P5405CSA-NZ0016W chất lượng cao, giá ưu đãi tại CellphoneS
Laptop Asus ExpertBook P5 P5405CSA-NZ0016W - Lựa chọn phù hợp cho doanh nhân hiện đại
Laptop Asus ExpertBook P5 P5405CSA-NZ0016W là một lựa chọn lý tưởng dành cho doanh nhân, với thiết kế tinh tế và hiệu năng mạnh mẽ. Được trang bị CPU Intel Core Ultra 5, màn hình WQXGA và tính năng bảo mật tiên tiến, phân khúc laptop Asus ExpertBook này hứa hẹn sẽ mang đến trải nghiệm sử dụng tối ưu cho người dùng.
RAM 16GB mạnh mẽ kết hợp SSD 512GB cho hiệu suất tối ưu
Laptop Asus ExpertBook P5 P5405CSA-NZ0016W được trang bị 16GB RAM LPDDR5X, đem đến sức mạnh xử lý đa nhiệm ấn tượng. RAM LPDDR5X giúp tiết kiệm điện năng hơn so với các loại RAM truyền thống, đồng thời tăng cường tốc độ truyền dữ liệu. Điều này giúp cho máy hoạt động ổn định kể cả khi khách hàng mở nhiều phần mềm cùng lúc hoặc xử lý các tác vụ phức tạp.
Máy sở hữu ổ cứng SSD 512GB M.2 PCIe 4.0 NVMe, mang lại tốc độ truy cập dữ liệu nhanh hơn so với ổ cứng HDD truyền thống. Với dung lượng lớn, người dùng có thể dễ dàng lưu trữ các tệp tin công việc, dữ liệu quan trọng mà không lo lắng về việc thiếu không gian. Bên cạnh đó, ổ SSD giúp máy khởi động và mở các ứng dụng chỉ trong tích tắc, cải thiện hiệu quả công việc một cách rõ rệt.
Ngoại hình gọn nhẹ và sang trọng với gam màu Misty Grey
Laptop Asus ExpertBook P5 P5405CSA-NZ0016W gây ấn tượng với thiết kế gọn nhẹ và độ dày chỉ từ 1.49 cm đến 1.64 cm, nặng khoảng 1.27 kg. Toàn bộ vỏ máy được làm từ chất liệu nhôm cao cấp với gam màu Xám sương mờ thanh lịch, toát lên được vẻ đẹp hiện đại. Thiết kế này không chỉ tôn lên vẻ ngoài sang trọng mà còn đáp ứng tiêu chuẩn quân sự Mỹ MIL-STD 810H, đảm bảo khả năng chịu va đập và sử dụng bền bỉ vượt thời gian.
Sức mạnh ấn tượng nhờ Intel Core Ultra 5, Intel Arc 130V
Sức mạnh của laptop Asus ExpertBook P5 P5405CSA-NZ0016W đến từ bộ vi xử lý Intel Core Ultra 5 thế hệ mới, tốc độ xung nhịp lên đến 4.5 GHz. Với 8 nhân và 8 luồng xử lý, CPU này giúp máy xử lý tốt mọi tác vụ văn phòng, từ làm việc với văn bản, quản lý email đến việc chạy các phần mềm nặng. Đặc biệt, công nghệ Intel AI Boost NPU giúp cải thiện hiệu suất xử lý các tác vụ trí tuệ nhân tạo, đem đến trải nghiệm thông minh.
Laptop được trang bị GPU tích hợp Intel Arc 130V, hỗ trợ tốt các công việc đồ họa cơ bản như edit ảnh, thiết kế đồ họa hoặc xem phim 4K. Tuy là card đồ họa tích hợp, Intel Arc 130V vẫn đủ sức mạnh để xử lý các nhu cầu đồ họa hàng ngày của doanh nhân. Từ việc làm thuyết trình có hình ảnh sắc nét đến việc chạy các phần mềm đồ họa nhẹ nhàng, laptop đều có thể đáp ứng thoải mái nhu cầu đa dạng của người dùng.
Pin dung lượng 63WHrs, màn hình 14 inch WQXGA 144Hz 
Laptop Asus ExpertBook P5 P5405CSA-NZ0016W được trang bị pin Li-ion 3-cell dung lượng 63WHrs, giúp máy hoạt động được trong thời gian dài. Kết hợp với công nghệ tiết kiệm năng lượng của Intel Core Ultra 5, máy giúp kéo dài thời gian sử dụng, đáp ứng tốt nhu cầu làm việc di động. Bên cạnh đó, máy sử dụng cổng sạc Type-C hiện đại với công suất sạc đến 65W, giúp quá trình nạp năng lượng trở nên cực kỳ nhanh.
Asus ExpertBook P5 cung cấp các cổng kết nối hiện đại bao gồm 2 cổng USB 3.2 Gen 2 Type-A, 2 cổng Thunderbolt 4, cổng HDMI 2.1,... Ấn tượng hơn, laptop trang bị màn hình 14 inch WQXGA (2560 x 1600) có tỷ lệ 16:10, tần số quét 144Hz và độ sáng 400 nits. Nhờ đó, máy mở ra không gian hiển thị rõ nét, màu sắc chính xác với độ phủ màu sRGB 100%, lý tưởng cho công việc chỉnh sửa ảnh, thiết kế hoặc thuyết trình.
Mua ngay laptop Asus ExpertBook P5 P5405CSA-NZ0016W chất lượng cao, giá ưu đãi tại CellphoneS
Laptop Asus ExpertBook P5 P5405CSA-NZ0016W hiện đang được phân phối chính hãng tại CellphoneS với nhiều ưu đãi hấp dẫn. Khách hàng có thể rước về tay chiếc laptop tuyệt vời này trực tiếp tại cửa hàng hoặc đặt hàng online với dịch vụ giao hàng tận nơi chuyên nghiệp. CellphoneS còn mang đến chính sách bảo hành, đổi trả uy tín dành cho Asus ExpertBook P5 P5405CSA-NZ0016W, giúp khách hàng yên tâm khi mua sắm.","{""Bộ xử lý & Đồ họa"": [{""name"": ""Chip AI"", ""value"": ""Intel AI Boost NPU up to 40 TOPS""}, {""name"": ""Loại card đồ họa"", ""value"": ""Intel Arc 130V GPU""}, {""name"": ""Loại CPU"", ""value"": ""Intel Core Ultra 5 226V 16GB 1.6 GHz (8MB Cache, up to 4.5 GHz, 8 lõi, 8 luồng)""}], ""Bộ nhớ RAM, Ổ cứng"": [{""name"": ""Dung lượng RAM"", ""value"": ""16GB""}, {""name"": ""Loại RAM"", ""value"": ""LPDDR5X Onboard""}, {""name"": ""Ổ cứng"", ""value"": ""512GB M.2 2280 NVMe PCIe 4.0 SSD""}], ""Màn hình"": [{""name"": ""Tần số quét"", ""value"": ""144 Hz""}, {""name"": ""Chất liệu tấm nền"", ""value"": ""Tấm nền WVA""}, {""name"": ""Kích thước màn hình"", ""value"": ""14 inches""}, {""name"": ""Công nghệ màn hình"", ""value"": ""Độ sáng 400nits\nMàn hình chống chói\nĐộ phủ màu sRGB: 100%\nGóc nhìn 178/178""}, {""name"": ""Độ phân giải màn hình"", ""value"": ""2560 x 1600 (WQXGA)""}], ""Âm thanh"": [{""name"": ""Công nghệ âm thanh"", ""value"": ""Dolby Atmos\nCông nghệ Smart Amp\nMicrô mảng tích hợp""}], ""Cổng kết nối"": [{""name"": ""Khe đọc thẻ nhớ"", ""value"": ""Không""}, {""name"": ""Wi-Fi"", ""value"": ""Wi-Fi 6E(802.11ax) (Dual band) 2*2""}, {""name"": ""Bluetooth"", ""value"": ""Bluetooth 5.3""}, {""name"": ""Cổng giao tiếp"", ""value"": ""2x USB 3.2 Gen 2 Type-A\n2x Thunderbolt 4, tương thích với USB4, hỗ trợ display / sạc\n1x HDMI 2.1\n1x 3.5mm Combo Audio Jack""}], ""Kích thước & Trọng lượng"": [{""name"": ""Chất liệu"", ""value"": ""Vỏ kim loại""}, {""name"": ""Chất liệu vỏ màn hình"", ""value"": ""Nhôm""}, {""name"": ""Chất liệu vỏ trên"", ""value"": ""Nhôm""}, {""name"": ""Chất liệu vỏ dưới"", ""value"": ""Nhôm""}, {""name"": ""Kích thước"", ""value"": ""31.20 x 22.32 x 1.49 ~ 1.64 cm (W x H x D)""}, {""name"": ""Trọng lượng"", ""value"": ""1.27 kg""}], ""Tiện ích khác"": [{""name"": ""Tính năng đặc biệt"", ""value"": ""Wi-Fi 6, Bảo mật vân tay, Nhận diện khuôn mặt""}], ""Tính năng khác"": [{""name"": ""Loại đèn bàn phím"", ""value"": ""Bàn phím Chiclet có đèn nền""}, {""name"": ""Bảo mật"", ""value"": ""Cảm biến vân tay tích hợp với Power Key\nCamera hồng ngoại hỗ trợ Windows Hello\nKensington Nano Security Slot (6x 2.5mm)\nTrusted Platform Module (TPM)""}, {""name"": ""Webcam"", ""value"": ""Camera FHD 1080p có chức năng IR hỗ trợ Windows Hello\nCó màn trập camera""}, {""name"": ""Hệ điều hành"", ""value"": ""Windows 11 Home""}], ""Pin & công nghệ sạc"": [{""name"": ""Pin"", ""value"": ""63WHrs, 3S1P, 3-cell Li-ion""}]}","[""https://cdn2.cellphones.com.vn/x/media/catalog/product/t/e/text_ng_n_1__6_130.png"", ""https://cdn2.cellphones.com.vn/x/media/catalog/product/t/e/text_ng_n_2__6_140.png"", ""https://cdn2.cellphones.com.vn/x/media/catalog/product/t/e/text_ng_n_3__5_128.png""]","{""product_color_1"": {""color"": ""Xám"", ""image_url"": ""https://cellphones.com.vn/laptop-asus-expertbook-p5-p5405csa-nz0016w.html?product_id=93366"", ""price"": ""30.990.000₫""}}"
Laptop ASUS VivoBook S14 S3407CA-SF913W,laptop-asus-vivobook-s14-s3407ca-sf913w,29.990.000đ,24.890.000đ,"Đặc điểm nổi bật
Laptop Asus Vivobook S14 S3407CA-SF913W được trang bị con chip Intel Core Ultra 5 225H cho khả năng xử lý ổn định cũng như hỗ trợ tác vụ AI hiệu quả. Máy sở hữu màn OLED 14-inch WUXGA đem đến hình ảnh rõ ràng sống động. Mẫu Asus Vivobook này còn có cổng kết nối đa dạng giúp sử dụng mượt mà, linh hoạt.
Nội dung chính
1. Laptop Asus Vivobook S14 S3407CA-SF913W - Sức mạnh AI vượt trội, kiểu dáng gọn nhẹ
1.1. Công nghệ Intel AI Boost NPU xử lý thông minh
1.2. RAM 16GB DDR5 cùng SSD 512GB PCIe 4.0
1.3. Thiết kế cao cấp với sắc xám tinh tế
1.4. Chip Intel Core Ultra 5 225H đi kèm Intel Graphics
1.5. Pin 70Wh dùng lâu, hỗ trợ sạc nhanh Type-C
1.6. Bứt phá trải nghiệm thị giác nhờ màn OLED 14 inch
2. Mua laptop ASUS VivoBook S14 S3407CA-SF913W chính hãng tại CellphoneS
Laptop Asus Vivobook S14 S3407CA-SF913W - Sức mạnh AI vượt trội, kiểu dáng gọn nhẹ
Laptop Asus Vivobook S14 S3407CA-SF913W hướng đến những người cần một chiếc laptop cân bằng giữa hiệu năng và tính di động. Sản phẩm đem tới trải nghiệm linh hoạt, đáp ứng nhu cầu học tập, làm việc và giải trí mỗi ngày.
Công nghệ Intel AI Boost NPU xử lý thông minh
Sản phẩm được tích hợp Intel AI Boost NPU với khả năng xử lý lên đến 13 TOPS, giúp tăng tốc các tác vụ liên quan đến trí tuệ nhân tạo. Công nghệ giúp cải thiện hiệu suất khi chạy phần mềm liên quan đến AI. 
Ví dụ như chỉnh sửa hình ảnh, xử lý video hay nhận diện giọng nói, giảm tải cho CPU để hệ thống hoạt động mượt mà hơn. Người dùng sẽ dễ dàng tận hưởng các tính năng thông minh trên Windows 11 nhanh chóng.
Intel AI Boost NPU tối ưu hóa hiệu suất xử lý AI
RAM 16GB DDR5 cùng SSD 512GB PCIe 4.0
Máy được tích hợp sẵn 16GB RAM DDR5 onboard giúp đa nhiệm trơn tru với đa dạng ứng dụng. Chuẩn RAM DDR5 giúp cải thiện băng thông và tốc độ xử lý dữ liệu, từ đó nâng cao hiệu suất tổng thể trong các tác vụ văn phòng, học tập hay giải trí.
Bộ nhớ DDR5 cho tốc độ ấn tượng
Đi kèm là ổ cứng 512GB M.2 NVMe PCIe 4.0 SSD cho tốc độ đọc ghi nhanh, rút ngắn thời gian khởi động máy và truy xuất dữ liệu. Khả năng lưu trữ ấn tượng đáp ứng nhu cầu lưu giữ nội dung đa phương tiện.
Thiết kế cao cấp với sắc xám tinh tế
Thiết kế thời thượng cùng sắc xám tinh tế giúp chiếc laptop Asus Vivobook phù hợp với đa dạng người dùng. Phần nắp máy trên cùng với phần đáy đều làm từ nhôm, tăng độ chắc chắn và khả năng chịu va chạm khi sử dụng. Khu vực chiếu nghỉ tay sử dụng chất liệu nhựa, mang lại cảm giác thoải mái khi làm việc trong thời gian dài.
Khung máy kim loại cứng cáp đạt chuẩn quân đội
Đặc biệt, laptop Asus Vivobook S14 S3407CA-SF913W đạt chuẩn độ bền quân đội Mỹ MIL-STD 810H, giúp máy vận hành ổn định trong nhiều môi trường khác nhau. Trọng lượng của thiết bị này chỉ khoảng 1.4kg giúp người dùng thuận tiện mang theo bên mình khi di chuyển.
Chip Intel Core Ultra 5 225H đi kèm Intel Graphics
Sức mạnh của máy đến từ bộ vi xử lý Intel Core Ultra 5 225H với 14 nhân và 14 luồng, cho khả năng xử lý linh hoạt nhiều tác vụ từ cơ bản đến nâng cao. Xung nhịp tối đa lên đến 4.9 GHz giúp tăng tốc hiệu năng các ứng dụng nhanh khi cần thiết.
Hiệu suất ấn tượng đến từ Intel Core Ultra 5
Intel Graphics được tích hợp trên laptop Asus Vivobook S14 S3407CA-SF913W đáp ứng mọi nhu cầu làm việc văn phòng cơ bản. Nhờ sự kết hợp giữa CPU và GPU, máy có thể đa nhiệm hiệu quả mà vẫn tiết kiệm năng lượng. Kiến trúc mới của dòng Intel Core Ultra còn tối ưu khả năng vận hành và hỗ trợ tốt cho các tác vụ hiện đại.
Pin 70Wh dùng lâu, hỗ trợ sạc nhanh Type-C
Sản phẩm này trang bị viên pin dung lượng 70Wh, đáp ứng tốt nhu cầu dùng trong nhiều giờ liên tục. Chính vì thế, người dùng sẽ có thể yên tâm trải nghiệm mọi tác vụ mà không lo gián đoạn do hết pin. Hơn nữa, máy còn hỗ trợ sạc pin qua cổng Type-C phổ biến với công suất 65W tiện lợi khi dùng chung với nhiều thiết bị khác.
Tối ưu trải nghiệm sạc với chuẩn Type-C
Hệ thống cổng kết nối gồm 2x USB 3.2 Gen 1 Type-A và 2x USB 3.2 Gen 1 Type-C hỗ trợ xuất hình ảnh, sạc nhanh tiện lợi. Laptop Asus Vivobook S14 S3407CA-SF913W còn trang bị HDMI 1.4 và jack 3.5mm. Điều này đáp ứng nhu cầu kết nối màn hình ngoài, tai nghe và các thiết bị ngoại vi phổ biến.
Bứt phá trải nghiệm thị giác nhờ màn OLED 14 inch
Sản phẩm này sở hữu màn hình 14 inch độ phân giải WUXGA (1920 x 1200) tỷ lệ 16:10 cho diện tích hiển thị rộng rãi. Tấm nền OLED giúp tái tạo màu sắc sống động với dải màu 95% DCI-P3 và độ tương phản 1.000.000:1 cho hình ảnh sắc nét hơn.
Màn OLED sống động chân thực
Độ sáng 300 nits của laptop Asus Vivobook S14 S3407CA-SF913W cho khả năng sử dụng trong nhiều điều kiện ánh sáng khác nhau. Với tốc độ phản hồi 0.2ms, các chuyển động hiển thị trơn tru và giảm đáng kể tình trạng nhòe hình. Màn hình đạt chứng nhận TÜV Rheinland giúp giảm tới 70% ánh sáng xanh, hỗ trợ bảo vệ thị lực.
Mua laptop ASUS VivoBook S14 S3407CA-SF913W chính hãng tại CellphoneS
CellphoneS là lựa chọn đáng tin cậy khi muốn mua laptop ASUS VivoBook S14 S3407CA-SF913W chính hãng với nguồn gốc rõ ràng. Hệ thống hiện cung cấp mức giá cạnh tranh, nhiều chương trình ưu đãi hấp dẫn cùng hỗ trợ trả góp linh hoạt. 
Đội ngũ hỗ trợ am hiểu sản phẩm giúp khách hàng có trải nghiệm mua sắm tiện lợi hơn. Truy cập website CellphoneS để tham khảo và mua laptop ASUS VivoBook S14 S3407CA-SF913W chính hãng cùng nhiều ưu đãi hấp dẫn.","{""Bộ xử lý & Đồ họa"": [{""name"": ""Chip AI"", ""value"": ""Intel AI Boost NPU up to 13TOPS""}, {""name"": ""Loại card đồ họa"", ""value"": ""Intel Graphics""}, {""name"": ""Loại CPU"", ""value"": ""Intel Core Ultra 5 225H 1.7 GHz (18MB Cache, up to 4.9 GHz, 14 lõi, 14 luồng)""}], ""Bộ nhớ RAM, Ổ cứng"": [{""name"": ""Dung lượng RAM"", ""value"": ""16GB""}, {""name"": ""Loại RAM"", ""value"": ""DDR5 on board""}, {""name"": ""Ổ cứng"", ""value"": ""512GB M.2 NVMe PCIe 4.0 SSD""}], ""Màn hình"": [{""name"": ""Tần số quét"", ""value"": ""60 Hz""}, {""name"": ""Chất liệu tấm nền"", ""value"": ""Tấm nền Oled""}, {""name"": ""Kích thước màn hình"", ""value"": ""14 inches""}, {""name"": ""Công nghệ màn hình"", ""value"": ""Độ sáng 300 nits\nĐộ phủ màu 95% DCI-P3\nTỷ lệ tương phản 1.000.000:1\n1.07 tỷ màu\nGiảm 70% ánh sáng xanh có hại\nChứng nhận TÜV Rheinland""}, {""name"": ""Độ phân giải màn hình"", ""value"": ""1920 x 1200 pixels (WUXGA)""}], ""Âm thanh"": [{""name"": ""Công nghệ âm thanh"", ""value"": ""Loa tích hợp\nMicro mảng tích hợp""}], ""Kích thước & Trọng lượng"": [{""name"": ""Chất liệu"", ""value"": ""Vỏ nhựa - nắp lưng kim loại""}, {""name"": ""Chất liệu vỏ màn hình"", ""value"": ""Nhôm""}, {""name"": ""Chất liệu vỏ trên"", ""value"": ""Nhựa""}, {""name"": ""Chất liệu vỏ dưới"", ""value"": ""Nhôm""}, {""name"": ""Kích thước"", ""value"": ""31.52 x 22.34 x 1.59 ~ 1.79 cm (Dài x Rộng x Dày)""}, {""name"": ""Trọng lượng"", ""value"": ""1.40 kg""}], ""Tiện ích khác"": [{""name"": ""Tính năng đặc biệt"", ""value"": ""Wi-Fi 6, Nhận diện khuôn mặt, Màn hình Oled""}], ""Tính năng khác"": [{""name"": ""Loại đèn bàn phím"", ""value"": ""Bàn phím Chiclet có đèn nền Với phím Copilot""}, {""name"": ""Bảo mật"", ""value"": ""Webcam IR hỗ trợ Windows Hello\nMcAfee\nBảo vệ mật khẩu khởi động BIOS\nMật khẩu thiết lập BIOS\nTrusted Platform Module (Firmware TPM)""}, {""name"": ""Webcam"", ""value"": ""Camera FHD với chức năng hồng ngoại hỗ trợ Windows Hello; Có màn trập camera""}, {""name"": ""Hệ điều hành"", ""value"": ""Windows 11 Home""}], ""Pin & công nghệ sạc"": [{""name"": ""Pin"", ""value"": ""70WHrs, 4S1P, 4-cell Li-ion""}], ""Cổng kết nối"": [{""name"": ""Wi-Fi"", ""value"": ""Wi-Fi 6(802.11ax) (Dual band) 2*2""}, {""name"": ""Bluetooth"", ""value"": ""Bluetooth 5.3""}, {""name"": ""Cổng giao tiếp"", ""value"": ""2 x USB-A (USB 3.2 Gen 1, 5Gbps)\n2 x USB-C (USB 3.2 Gen 1, 5Gbps, hỗ trợ Display / Power Delivery)\n1 x HDMI 1.4\n1 x Jack tai nghe/micro 3,5mm""}]}","[""https://cdn2.cellphones.com.vn/x/media/catalog/product/l/a/laptop_asus_vivobook_s14_s3407ca-sf913w_-_1.png"", ""https://cdn2.cellphones.com.vn/x/media/catalog/product/l/a/laptop_asus_vivobook_s14_s3407ca-sf913w_-_2.png"", ""https://cdn2.cellphones.com.vn/x/media/catalog/product/l/a/laptop_asus_vivobook_s14_s3407ca-sf913w_-_3.png""]","{""product_color_1"": {""color"": ""Xám"", ""image_url"": ""https://cellphones.com.vn/laptop-asus-vivobook-s14-s3407ca-sf913w.html?product_id=126955"", ""price"": ""24.890.000₫""}}"
Laptop ASUS TUF Gaming A14 FA401EA‑RG034W,laptop-asus-tuf-gaming-a14-fa401ea-rg034w,64.990.000đ,63.990.000đ,,"{""Bộ xử lý & Đồ họa"": [{""name"": ""Chip AI"", ""value"": ""AMD XDNA NPU up to 50TOPS""}, {""name"": ""Loại card đồ họa"", ""value"": ""AMD Radeon 8060S Graphics""}, {""name"": ""Loại CPU"", ""value"": ""AMD Ryzen AI MAX+ 392 3.2GHz (80MB Cache, up to 5.0GHz, 12 lõi, 24 luồng)""}], ""Bộ nhớ RAM, Ổ cứng"": [{""name"": ""Dung lượng RAM"", ""value"": ""64GB""}, {""name"": ""Loại RAM"", ""value"": ""LPDDR5X 8533 on board""}, {""name"": ""Ổ cứng"", ""value"": ""1TB PCIe 4.0 NVMe M.2 SSD (1 Khe cắm M.2 hỗ trợ cả SATA hoặc NVMe, tối đa 2TB)""}], ""Màn hình"": [{""name"": ""Tần số quét"", ""value"": ""165 Hz""}, {""name"": ""Chất liệu tấm nền"", ""value"": ""Tấm nền IPS""}, {""name"": ""Kích thước màn hình"", ""value"": ""14 inches""}, {""name"": ""Công nghệ màn hình"", ""value"": ""Độ sáng 400 nits\nĐộ tương phản 1000:1\nĐộ phủ màu 100% sRGB\nMàn hình chống chói (AG)""}, {""name"": ""Độ phân giải màn hình"", ""value"": ""2560 x 1600 (WQXGA)""}], ""Âm thanh"": [{""name"": ""Công nghệ âm thanh"", ""value"": ""Công nghệ khử ồn AI\nDolby Atmos\nChứng nhận Hi-Res Audio (cho tai nghe)""}], ""Tiện ích khác"": [{""name"": ""Tính năng đặc biệt"", ""value"": ""Wi-Fi 6, Nhận diện khuôn mặt""}], ""Tính năng khác"": [{""name"": ""Loại đèn bàn phím"", ""value"": ""Bàn phím Chiclet có đèn nền đơn Với phím Copilot""}, {""name"": ""Bảo mật"", ""value"": ""Bảo vệ mật khẩu quản trị BIOS và mật khẩu người dùng""}, {""name"": ""Webcam"", ""value"": ""Camera hồng ngoại FHD 1080P dành cho Windows Hello""}, {""name"": ""Hệ điều hành"", ""value"": ""Windows 11 Home""}], ""Pin & công nghệ sạc"": [{""name"": ""Pin"", ""value"": ""73WHrs, 4S1P, 4-cell Li-ion""}], ""Kích thước & Trọng lượng"": [{""name"": ""Kích thước"", ""value"": ""31.1 x 22.7 x 1.69 ~ 1.99 cm (Dài x Rộng x Dày)""}, {""name"": ""Trọng lượng"", ""value"": ""1.48 Kg""}], ""Cổng kết nối"": [{""name"": ""Wi-Fi"", ""value"": ""Wi-Fi 6E(802.11ax) (Triple band) 2*2""}, {""name"": ""Bluetooth"", ""value"": ""Bluetooth 5.3""}, {""name"": ""Cổng giao tiếp"", ""value"": ""1 x USB-C USB 4 (DisplayPort, Sạc, 40Gbps)\n1 x USB-C 3.2 Gen 2 (DisplayPort, 10Gbps)\n2 x USB 3.2 Gen 2 Type-A (10Gbps)\n1 x khe thẻ microSD (UHS-II, 312MB/s)\n1 x HDMI 2.1 FRL\n1 x Jack tai nghe/mic 3.5 mm""}]}","[""https://cdn2.cellphones.com.vn/x/media/catalog/product/l/a/laptop_asus_tuf_gaming_a14_fa401ea_rg034w_-_1.png"", ""https://cdn2.cellphones.com.vn/x/media/catalog/product/l/a/laptop_asus_tuf_gaming_a14_fa401ea_rg034w_-_2.png"", ""https://cdn2.cellphones.com.vn/x/media/catalog/product/l/a/laptop_asus_tuf_gaming_a14_fa401ea_rg034w_-_3.png""]","{""product_color_1"": {""color"": ""Xám"", ""image_url"": ""https://cellphones.com.vn/laptop-asus-tuf-gaming-a14-fa401ea-rg034w.html?product_id=129599"", ""price"": ""63.990.000₫""}}"
Laptop ASUS ROG Zephyrus G14 GA403GM-SY004W,laptop-asus-rog-zephyrus-g14-ga403gm-sy004w-ryzen-ai-9,65.990.000đ,63.990.000đ,,"{""Bộ xử lý & Đồ họa"": [{""name"": ""Chip AI"", ""value"": ""AMD XDNA NPU up to 50TOPS""}, {""name"": ""Loại card đồ họa"", ""value"": ""NVIDIA GeForce RTX 5060 8GB GDDR7\nAMD Radeon 890M Graphics""}, {""name"": ""Loại CPU"", ""value"": ""AMD Ryzen AI 9 465 2.0GHz (34MB Cache, up to 5.0GHz, 10 lõi, 20 luồng)""}], ""Bộ nhớ RAM, Ổ cứng"": [{""name"": ""Dung lượng RAM"", ""value"": ""32GB""}, {""name"": ""Loại RAM"", ""value"": ""LPDDR5X 7500 on board""}, {""name"": ""Số khe ram"", ""value"": ""Không nâng cấp""}, {""name"": ""Ổ cứng"", ""value"": ""1TB PCIe 4.0 NVMe M.2 SSD (1 Khe cắm M.2 hỗ trợ cả SATA hoặc NVMe, tối đa 2TB)""}], ""Màn hình"": [{""name"": ""Tần số quét"", ""value"": ""120 Hz""}, {""name"": ""Chất liệu tấm nền"", ""value"": ""Tấm nền Oled""}, {""name"": ""Kích thước màn hình"", ""value"": ""14 inches""}, {""name"": ""Công nghệ màn hình"", ""value"": ""Góc nhìn 85/85\nĐộ sáng HDR 1000 nits\nTỷ lệ tương phản 1.000.000:1\nMàn hình chống chói\nG-SYNC\nROG Nebula HDR Display\nDolby Vision HDR""}, {""name"": ""Độ phân giải màn hình"", ""value"": ""2880 x 1800 pixels""}], ""Âm thanh"": [{""name"": ""Công nghệ âm thanh"", ""value"": ""Hệ thống 4 loa (loa trầm lực kép) với công nghệ khuếch đại thông minh, 2 loa tweeter\nCông nghệ khử tiếng ồn bằng AI\nDolby Atmos\nChứng nhận Hi-Res (cho tai nghe)\nCông nghệ Smart Amp""}], ""Cổng kết nối"": [{""name"": ""Khe đọc thẻ nhớ"", ""value"": ""Có""}, {""name"": ""Wi-Fi"", ""value"": ""Wi-Fi 7(802.11be) (Triple band) 2*2""}, {""name"": ""Bluetooth"", ""value"": ""Bluetooth 5.4""}, {""name"": ""Cổng giao tiếp"", ""value"": ""1x USB-C USB4 (40Gbps, hỗ trợ DisplayPort & sạc)\n1x USB-C 3.2 Gen 2 (10Gbps, hỗ trợ DisplayPort, sạc & G-SYNC)\n2x USB-A 3.2 Gen 2 (10Gbps)\n1x khe thẻ microSD (UHS-II)\n1x HDMI 2.1 FRL\n1x jack tai nghe/mic 3.5mm""}], ""Tiện ích khác"": [{""name"": ""Tính năng đặc biệt"", ""value"": ""Nhận diện khuôn mặt, Màn hình Oled, Wi-Fi 7, MUX Switch""}], ""Tính năng khác"": [{""name"": ""Loại đèn bàn phím"", ""value"": ""Bàn phím Chiclet có đèn nền RGB 1 vùng Với phím Copilot\nAura Sync\nMUX Switch + NVIDIA Advanced Optimus""}, {""name"": ""Bảo mật"", ""value"": ""Bảo vệ bằng mật khẩu quản trị BIOS và mật khẩu người dùng\nBộ xử lý bảo mật Pluton\nMáy tính lõi bảo mật (Cấp độ 3)""}, {""name"": ""Webcam"", ""value"": ""Camera hồng ngoại FHD 1080P dành cho Windows Hello""}, {""name"": ""Hệ điều hành"", ""value"": ""Windows 11 Home""}], ""Pin & công nghệ sạc"": [{""name"": ""Pin"", ""value"": ""73WHrs, 4S1P, 4-cell Li-ion""}], ""Kích thước & Trọng lượng"": [{""name"": ""Kích thước"", ""value"": ""31.1 x 22.0 x 1.59 ~ 1.63 cm (Dài x Rộng x Dày)""}, {""name"": ""Trọng lượng"", ""value"": ""1.50 kg""}]}","[""https://cdn2.cellphones.com.vn/x/media/catalog/product/l/a/laptop_asus_rog_zephyrus_g14_ga403gm-sy004w_-_1_1.png"", ""https://cdn2.cellphones.com.vn/x/media/catalog/product/l/a/laptop_asus_rog_zephyrus_g14_ga403gm-sy004w_-_3.png"", ""https://cdn2.cellphones.com.vn/x/media/catalog/product/l/a/laptop_asus_rog_zephyrus_g14_ga403gm-sy004w_-_2.png""]","{""product_color_1"": {""color"": ""Xám"", ""image_url"": ""https://cellphones.com.vn/laptop-asus-rog-zephyrus-g14-ga403gm-sy004w-ryzen-ai-9.html?product_id=128691"", ""price"": ""63.990.000₫""}}"
Laptop ASUS VivoBook 14 X1407AA-LY360W,laptop-asus-vivobook-14-x1407aa-ly360w,26.990.000đ,23.990.000đ,,"{"""": [{""name"": """", ""value"": """"}]}","[""https://cdn2.cellphones.com.vn/x/media/catalog/product/l/a/laptop_asus_vivobook_14_x1407aa-ly360w_-_1.png"", ""https://cdn2.cellphones.com.vn/x/media/catalog/product/l/a/laptop_asus_vivobook_14_x1407aa-ly360w_-_2.png"", ""https://cdn2.cellphones.com.vn/x/media/catalog/product/l/a/laptop_asus_vivobook_14_x1407aa-ly360w_-_3.png""]","{""product_color_1"": {""color"": ""Bạc"", ""image_url"": ""https://cellphones.com.vn/laptop-asus-vivobook-14-x1407aa-ly360w.html?product_id=129494"", ""price"": ""23.990.000₫""}}"
,laptop-asus-vivobook-15-x1502va-bq886w,N/A,N/A,N/A,{},[],{}
Laptop ASUS Vivobook 15 X1502VA-BQ886W,laptop-asus-zenbook-s-14-oled-ux5406sa-pv140ws,21.990.000đ,20.990.000đ,"Đặc điểm nổi bật
Laptop ASUS Vivobook 15 X1502VA-BQ886W là chiếc laptop mạnh mẽ với Intel Core i7-13620H, RAM 16GB DDR4 và ổ cứng SSD 512GB chạy trên Windows 11 Home. Thiết kế nhựa, tone màu bạc cùng trọng lượng nhẹ 1.7kg, đạt chuẩn quân đội. Laptop còn sở hữu màn hình 15.6 inch FHD tích hợp Wi-Fi 6E, Bluetooth 5.3 và và pin 42WHrs, mang lại sự tiện lợi khi dùng.
Nội dung chính
1. Laptop ASUS Vivobook 15 X1502VA-BQ886W – Sức mạnh bền bỉ, đồng hành mọi tác vụ
1.1. Bộ nhớ linh hoạt và lưu trữ tốc độ cao
1.2. Phong cách đơn giản với độ bền đáng tin cậy
1.3. Sức mạnh ổn định từ Intel Core i7 thế hệ mới
1.4. Thời lượng sử dụng thực tế và kết nối đa dạng
1.5. Hiển thị rõ nét với khả năng bảo vệ mắt
1.6. Công cụ tiện ích và an toàn dữ liệu đáng chú ý
2. Mua ngay laptop ASUS Vivobook 15 X1502VA-BQ886W chính hãng tại CellphoneS!
Laptop ASUS Vivobook 15 X1502VA-BQ886W – Sức mạnh bền bỉ, đồng hành mọi tác vụ
Laptop ASUS Vivobook 15 X1502VA-BQ886W là một lựa chọn đáng cân nhắc trong phân khúc laptop tầm trung. Dòng laptop Asus Vivobook này với thiết kế gọn nhẹ và cấu hình mạnh mẽ, đảm bảo khả năng đa nhiệm mượt mà và sự linh hoạt cho người dùng.
Bộ nhớ linh hoạt và lưu trữ tốc độ cao
ASUS Vivobook 15 được trang bị 16GB RAM DDR4, gồm 8GB tích hợp trên bo mạch và 8GB gắn qua khe SO-DIMM. Thiết kế này cho phép người dùng nâng cấp bộ nhớ trong tương lai. RAM DDR4 đủ để hỗ trợ tốt các công việc hoặc mở nhiều tab trình duyệt cùng lúc, hỗ trợ đa nhiệm ổn định.
Bên cạnh đó, ổ cứng 512GB M.2 NVMe PCIe 4.0 SSD của máy Asus Vivobook core i7 mang lại tốc độ đọc/ghi ấn tượng, giúp khởi động máy và mở ứng dụng nhanh chóng. Dung lượng 512GB đủ để lưu trữ hệ điều hành, phần mềm cơ bản và dữ liệu cá nhân. Khe M.2 2280 PCIe 4.0x4 cũng hỗ trợ nâng cấp SSD, tăng tính linh hoạt cho người dùng.
Phong cách đơn giản với độ bền đáng tin cậy
Laptop ASUS Vivobook 15 X1502VA-BQ886W có thiết kế nhựa toàn phần với màu bạc nhẹ nhàng, tạo cảm giác hiện đại mà không quá phô trương. Trọng lượng 1.7kg và độ dày 1.99cm giúp máy dễ mang theo trong balo. Với chuẩn quân đội US MIL-STD 810H, laptop có khả năng chịu va đập, rung lắc trong quá trình di chuyển.
Chất liệu nhựa tuy không mang lại vẻ ngoài cao cấp nhưng vẫn đảm bảo độ chắc chắn và giảm trọng lượng tổng thể. Bàn phím Chiclet tích hợp phím số tiện lợi cho nhập liệu, trong khi touchpad hỗ trợ đa điểm mang lại trải nghiệm mượt mà.
Sức mạnh ổn định từ Intel Core i7 thế hệ mới
Bộ vi xử lý Intel Core i7-13620H với 10 nhân, 16 luồng và tốc độ tối đa 4.9 GHz mang lại hiệu năng đáng kể cho ASUS Vivobook 15. Kết hợp với Intel UHD Graphics, máy hỗ trợ chơi game nhẹ hoặc làm việc với phần mềm đồ họa cơ bản.
Hệ điều hành Windows 11 Home tận dụng tốt phần cứng, mang lại giao diện mượt mà và khả năng đa nhiệm ổn định với 16GB RAM. Đây là lựa chọn hợp lý cho người cần một chiếc laptop mạnh mẽ trong công việc hàng ngày và giải trí.
Thời lượng sử dụng thực tế và kết nối đa dạng
Pin 42WHrs 3-cell Li-ion trên laptop ASUS Vivobook 15 X1502VA-BQ886W cung cấp thời lượng sử dụng nhiều giờ cho các tác vụ cơ bản với độ sáng màn hình vừa phải. Đi kèm adapter 65W, máy sạc lại khá nhanh. Tính năng Battery Health Charging cho phép điều chỉnh mức sạc để kéo dài tuổi thọ pin.
ASUS Vivobook 15 còn tích hợp 1 USB 2.0 Type-A, 2 USB 3.2 Gen 1 Type-A, 1 USB 3.2 Gen 1 Type-C, 1 HDMI 1.4 và jack tai nghe 3.5mm. Wi-Fi 6E cùng Bluetooth 5.3 đảm bảo tốc độ mạng không dây nhanh và ổn định, phù hợp với xu hướng kết nối hiện đại. Các cổng này đáp ứng tốt nhu cầu kết nối, mang lại sự tiện lợi trong sử dụng.
Hiển thị rõ nét với khả năng bảo vệ mắt
Màn hình 15.6 inch FHD của ASUS Vivobook 15 sử dụng tấm nền IPS, mang lại góc nhìn rộng và độ chi tiết tốt cho công việc hoặc giải trí. Tỷ lệ màn hình 82% so với thân máy tạo không gian hiển thị thoải mái. Lớp phủ chống chói và chứng nhận TÜV Rheinland giúp giảm mỏi mắt khi làm việc lâu.
Độ sáng 250 nits và tần số quét 60Hz giúp người dùng có trải nghiệm ổn định hơn. Độ phủ màu 45% NTSC cho khả năng tái tạo màu sắc tốt, phù hợp để xem phim và lướt web. Laptop còn có webcam độ phân giải 720p HD tích hợp nắp che tăng tính riêng tư cho người dùng.
Công cụ tiện ích và an toàn dữ liệu đáng chú ý
Laptop ASUS Vivobook 15 X1502VA-BQ886W tích hợp ứng dụng MyASUS, mang lại nhiều tiện ích. Những tính năng trên ứng dụng giúp người dùng tối ưu hóa hiệu suất máy theo từng nhu cầu cụ thể.
Laptop còn hỗ trợ TPM dạng firmware, cùng tùy chọn mật khẩu khởi động BIOS, giúp bảo vệ dữ liệu cá nhân trước các nguy cơ truy cập trái phép. Các biện pháp bảo mật này đáp ứng tốt nhu cầu cơ bản, kết hợp giữa phần cứng và phần mềm hiệu quả.
Mua ngay laptop ASUS Vivobook 15 X1502VA-BQ886W chính hãng tại CellphoneS!
Đặt mua ngay laptop ASUS Vivobook 15 X1502VA-BQ886W chính hãng tại CellphoneS để nhận ưu đãi hấp dẫn! Laptop được bảo hành 24 tháng tại trung tâm bảo hành chính hãng ASUS và hỗ trợ 1 đổi 1 trong 30 ngày nếu phát sinh lỗi phần cứng. Giá bán tại cửa hàng đã bao gồm VAT, đảm bảo minh bạch và không phát sinh chi phí. Liên hệ ngay hotline CellphoneS hoặc đến trực tiếp hệ thống cửa hàng trên toàn quốc để được tư vấn nhé!","{""Bộ xử lý & Đồ họa"": [{""name"": ""Loại card đồ họa"", ""value"": ""Intel UHD Graphics""}, {""name"": ""Loại CPU"", ""value"": ""Intel Core i7-13620H 2.4 GHz (24MB Cache, up to 4.9 GHz, 10 cores, 16 Threads)""}], ""Bộ nhớ RAM, Ổ cứng"": [{""name"": ""Dung lượng RAM"", ""value"": ""16GB""}, {""name"": ""Loại RAM"", ""value"": ""DDR4 SO-DIMM""}, {""name"": ""Số khe ram"", ""value"": ""8GB DDR4 on board + 8GB DDR4 SO-DIMM (Có thể nâng cấp; Cần tháo vỏ dưới/trên)""}, {""name"": ""Ổ cứng"", ""value"": ""512GB M.2 NVMe PCIe 4.0 SSD""}], ""Màn hình"": [{""name"": ""Tần số quét"", ""value"": ""60Hz""}, {""name"": ""Chất liệu tấm nền"", ""value"": ""Tấm nền IPS""}, {""name"": ""Kích thước màn hình"", ""value"": ""15.6 inches""}, {""name"": ""Công nghệ màn hình"", ""value"": ""Độ sáng 250nits\nMàn hình chống chói\nĐộ phủ màu 45% NTSC\nTÜV Rheinland-certified""}, {""name"": ""Độ phân giải màn hình"", ""value"": ""1920 x 1080 pixels (FullHD)""}], ""Âm thanh"": [{""name"": ""Công nghệ âm thanh"", ""value"": ""SonicMaster\nLoa tích hợp\nMicrô tích hợp""}], ""Kích thước & Trọng lượng"": [{""name"": ""Chất liệu"", ""value"": ""Vỏ nhựa""}, {""name"": ""Chất liệu vỏ màn hình"", ""value"": ""Nhựa""}, {""name"": ""Chất liệu vỏ trên"", ""value"": ""Nhựa""}, {""name"": ""Chất liệu vỏ dưới"", ""value"": ""Nhựa""}, {""name"": ""Kích thước"", ""value"": ""35.97 x 23.25 x 1.99 ~ 1.99 cm (Dài x Rộng x Dày)""}, {""name"": ""Trọng lượng"", ""value"": ""1.70 kg""}], ""Tiện ích khác"": [{""name"": ""Tính năng đặc biệt"", ""value"": ""Wi-Fi 6""}], ""Tính năng khác"": [{""name"": ""Loại đèn bàn phím"", ""value"": ""Bàn phím Chiclet có phím số""}, {""name"": ""Bảo mật"", ""value"": ""McAfee\nBIOS Booting User Password Protection\nBIOS setup user password\nTrusted Platform Module (Firmware TPM)""}, {""name"": ""Webcam"", ""value"": ""720p HD với màn trập camera""}, {""name"": ""Hệ điều hành"", ""value"": ""Windows 11 Home""}], ""Pin & công nghệ sạc"": [{""name"": ""Pin"", ""value"": ""42WHrs, 3S1P, 3-cell Li-ion""}], ""Cổng kết nối"": [{""name"": ""Wi-Fi"", ""value"": ""Wi-Fi 6E(802.11ax) (Dual band) 1*1""}, {""name"": ""Bluetooth"", ""value"": ""Bluetooth 5.3""}, {""name"": ""Cổng giao tiếp"", ""value"": ""1x USB 2.0 Type-A (tốc độ dữ liệu lên đến 480Mbps)\n1x USB 3.2 Gen 1 Type-C hỗ trợ cấp nguồn (tốc độ dữ liệu lên đến 5Gbps)\n2x USB 3.2 Gen 1 Type-A (tốc độ dữ liệu lên đến 5Gbps)\n1x HDMI 1.4\n1x Giắc cắm âm thanh kết hợp 3.5mm\n1x DC-in""}]}","[""https://cdn2.cellphones.com.vn/x/media/catalog/product/l/a/laptop_asus_vivobook_15_x1502va-bq886w_-_1_2.png"", ""https://cdn2.cellphones.com.vn/x/media/catalog/product/l/a/laptop_asus_vivobook_15_x1502va-bq886w_-_2_2.png"", ""https://cdn2.cellphones.com.vn/x/media/catalog/product/l/a/laptop_asus_vivobook_15_x1502va-bq886w_-_3.png""]","{""product_color_1"": {""color"": ""Bạc"", ""image_url"": ""https://cellphones.com.vn/laptop-asus-vivobook-15-x1502va-bq886w.html?product_id=102141"", ""price"": ""20.990.000₫""}}"
Laptop ASUS Zenbook S 14 OLED UX5406SA-PV140WS,laptop-asus-zenbook-s-14-ux5406aa-su415ws,44.990.000đ,40.690.000đ,"Đặc điểm nổi bật
Laptop ASUS Zenbook S 14 OLED UX5406SA PV140WS là một chiếc laptop cao cấp nổi bật với màn hình 14 inch và bộ vi xử lý Core™ Ultra 7 ấn tượng. Zenbook S14 được thiết kế gọn gàng, dễ dàng mang theo. Màn hình 14 inch OLED có độ phân giải 3K mang đến màu sắc sống động và độ tương phản cao, lý tưởng cho việc xem phim và chỉnh sửa hình ảnh. Máy còn đi kèm với RAM 32GB LPDDR5X và bộ nhớ SSD lớn, cho khả năng lưu trữ và truy cập nhanh.
Nội dung chính
1. Laptop ASUS Zenbook S 14 OLED UX5406SA PV140WS – Thiết kế tinh tế và hiệu năng mạnh mẽ
1.1. RAM 32GB và ổ cứng SSD dung lượng lớn
1.2. Thiết kế sang trọng
1.3. CPU hiện đại và card đồ họa tích hợp ấn tượng
1.4. Thời lượng pin lớn - cổng kết nối đa dạng
1.5. Màn hình OLED với tần số quét 3K
2. Mua laptop ASUS Zenbook S14 OLED UX5406SA PV140WS chính hãng tại CellphoneS
Laptop ASUS Zenbook S 14 OLED UX5406SA PV140WS – Thiết kế tinh tế và hiệu năng mạnh mẽ
Laptop ASUS Zenbook S 14 OLED UX5406SA PV140WS nổi bật với hiệu năng mạnh mẽ, đáp ứng tốt nhu cầu đa dạng của người dùng. Mẫu laptop ASUS Zenbook này là lựa chọn hoàn hảo cho những ai tìm kiếm một chiếc laptop mạnh mẽ, linh hoạt và đáng tin cậy cho cả công việc lẫn giải trí.
RAM 32GB và ổ cứng SSD dung lượng lớn
Laptop ASUS Zenbook S 14 OLED UX5406SA PV140WS còn sở hữu hiệu suất mạnh mẽ, đáp ứng tốt cả nhu cầu công việc lẫn giải trí. Được trang bị bộ nhớ RAM 32GB LPDDR5, Zenbook S 14 cung cấp tốc độ xử lý nhanh vượt trội và hiệu quả năng lượng cao hơn nhiều so với các phiên bản trước. RAM LPDDR5 là một trong những công nghệ RAM tiên tiến nhất, giảm tiêu thụ năng lượng, tăng khả năng truyền tải dữ liệu với tốc độ cao.
Ngoài ra, ổ cứng SSD PCIe NVMe với dung lượng lên đến 1TB cung cấp không gian lưu trữ rộng rãi cho các tệp lớn như video 4K, dự án đồ họa hoặc các ứng dụng nặng. So với các ổ cứng SATA, ổ cứng SSD PCIe NVMe cải thiện tốc độ đọc/ghi nhanh hơn đáng kể. Người dùng thực hiện các tác vụ nặng hay chạy nhiều ứng dụng cùng lúc mà không gặp hiện tượng lag hoặc chậm.
Thiết kế sang trọng
Laptop ASUS Zenbook S 14 OLED UX5406SA PV140WS sở hữu vẻ ngoài sang trọng và tinh tế, phù hợp với cả công việc và phong cách sống hiện đại. Với độ dày khoảng 1.19 ~ 1.29 cm và trọng lượng chỉ khoảng 1.2 kg, Zenbook S 14 rất gọn nhẹ, dễ dàng mang theo khi di chuyển. Bề mặt của Zenbook S 14 được hoàn thiện tinh tế từ nhôm nguyên khối, mang đến cảm giác cầm nắm chắc chắn và cao cấp. 
Đặc biệt, logo ASUS nổi bật trên nắp máy cùng với các chi tiết được gia công tỉ mỉ, làm nổi bật phong cách tối giản nhưng đầy quyến rũ. Bàn phím của Zenbook S14 cũng được thiết kế với độ nảy và phản hồi tốt, giúp người dùng thoải mái khi gõ phím. Với đèn nền tích hợp, dòng máy laptop 14 inch này vẫn có thể được sử dụng ngay cả trong điều kiện thiếu sáng.
CPU hiện đại và card đồ họa tích hợp ấn tượng
Laptop ASUS Zenbook S 14 OLED UX5406SA PV140WS đi kèm bộ vi xử lý Core™ Ultra 7, mang lại hiệu suất mạnh mẽ và khả năng xử lý đa nhiệm xuất sắc. Với kiến trúc hybrid, CPU kết hợp giữa các nhân hiệu suất cao và nhân tiết kiệm năng lượng, cho phép máy chạy mượt mà nhiều ứng dụng cùng lúc mà không gặp hiện tượng lag. Việc này cần thiết cho những người dùng yêu cầu hiệu năng tính toán lớn.
Laptop ASUS Zenbook S 14 OLED UX5406SA PV140WS còn sở hữu card đồ họa Intel® Arc™ Graphics tích hợp, giúp xử lý đồ họa hiệu quả. Intel® Arc™ Graphics tích hợp cung cấp khả năng xử lý đồ họa tốt, cho phép người dùng thực hiện các tác vụ như chỉnh sửa hình ảnh, thiết kế đồ họa và chơi game nhẹ một cách hiệu quả. Sự kết hợp này đảm bảo hiệu suất cao, đồng thời tiết kiệm năng lượng, kéo dài thời gian sử dụng pin.
Thời lượng pin lớn - cổng kết nối đa dạng
Laptop ASUS Zenbook S 14 OLED UX5406SA PV140WS được trang bị pin có thời lượng ấn tượng. Công nghệ pin tiên tiến giúp tối ưu hóa năng lượng, cho phép người dùng thoải mái làm việc hoặc giải trí mà không cần lo lắng về việc sạc thường xuyên. Máy được hãng trang bị hầu hết các cổng kết nối hiện đại hiện nay như USB-C (Thunderbolt 4), USB-A 3.2, HDMI 2.1,...
Màn hình OLED với tần số quét 3K
Laptop ASUS Zenbook S 14 OLED UX5406SA PV140WS được trang bị màn hình 14 inch OLED với độ phân giải 2880 x 1800 (3K), mang đến trải nghiệm hình ảnh sống động và sắc nét. Tấm nền OLED không chỉ cho màu sắc rực rỡ mà còn cung cấp độ tương phản cao, giúp hiển thị chi tiết tối ưu trong các cảnh sáng và tối. Màn hình OLED của máy hỗ trợ tần số quét từ 120Hz, giúp giảm thiểu hiện tượng giật lag khi sử dụng các ứng dụng đa phương tiện.
Mua laptop ASUS Zenbook S14 OLED UX5406SA PV140WS chính hãng tại CellphoneS
CellphoneS là cửa hàng uy tín tại Việt Nam chuyên cung cấp các thiết bị điện tử chính hãng với chất lượng tốt đi đôi và giá cả hợp lý. Khi quý khách mua hàng tại CellphoneS, nhân viên sẽ tư vấn tận tâm để khách hàng có thể lựa chọn sản phẩm phù hợp cùng với chế độ bảo hành đầy đủ sau khi mua. Chần chừ gì mà không ghé ngay CellphoneS để sở hữu một chiếc laptop ASUS Zenbook S14 OLED UX5406SA PV140WS sang trọng với giá phải chăng.","{""Bộ xử lý & Đồ họa"": [{""name"": ""Chip AI"", ""value"": ""Intel AI Boost NPU lên đến 47 TOPs, tổng hiệu năng AI lên đến 120 TOPS""}, {""name"": ""Loại card đồ họa"", ""value"": ""Intel Arc Graphics""}, {""name"": ""Loại CPU"", ""value"": ""Intel Core Ultra 7-258V 32GB 1.8 GHz (12MB Cache, up to 4.8 GHz, 8 lõi, 8 luồng)""}], ""Bộ nhớ RAM, Ổ cứng"": [{""name"": ""Dung lượng RAM"", ""value"": ""32GB""}, {""name"": ""Loại RAM"", ""value"": ""LPDDR5X Onboard""}, {""name"": ""Ổ cứng"", ""value"": ""1TB M.2 NVMe PCIe 4.0 SSD""}], ""Màn hình"": [{""name"": ""Tần số quét"", ""value"": ""120 Hz""}, {""name"": ""Chất liệu tấm nền"", ""value"": ""Tấm nền Oled""}, {""name"": ""Kích thước màn hình"", ""value"": ""14 inches""}, {""name"": ""Công nghệ màn hình"", ""value"": ""Thời gian phản hồi 0.2ms\nĐộ sáng tối đa 500nits HDR\nĐộ phủ màu 100% DCI-P3\nDisplay HDR True Black 500\n1.07 tỷ màu\nGiảm ánh sáng xanh 70%\nTÜV Rheinland-certified\nSGS Eye Care Display""}, {""name"": ""Độ phân giải màn hình"", ""value"": ""2880 x 1800 pixels""}], ""Âm thanh"": [{""name"": ""Công nghệ âm thanh"", ""value"": ""Công nghệ Smart Amp\nLoa tích hợp\nMicrô mảng tích hợp\nharman/kardon (Cao cấp)""}], ""Kích thước & Trọng lượng"": [{""name"": ""Chất liệu"", ""value"": ""Vỏ kim loại""}, {""name"": ""Chất liệu vỏ màn hình"", ""value"": ""Nhôm""}, {""name"": ""Chất liệu vỏ trên"", ""value"": ""Nhôm""}, {""name"": ""Chất liệu vỏ dưới"", ""value"": ""Nhôm""}, {""name"": ""Kích thước"", ""value"": ""31.03 x 21.47 x 1.19 ~ 1.29 cm (W x H x D)""}, {""name"": ""Trọng lượng"", ""value"": ""1.20 kg""}], ""Tiện ích khác"": [{""name"": ""Tính năng đặc biệt"", ""value"": ""Nhận diện khuôn mặt, Màn hình Oled, Wi-Fi 7""}], ""Tính năng khác"": [{""name"": ""Loại đèn bàn phím"", ""value"": ""Bàn phím Chiclet có đèn nền với phím Copilot""}, {""name"": ""Bảo mật"", ""value"": ""Webcam IR hỗ trợ Windows Hello\nBộ xử lý bảo mật Microsoft Pluton\nMô-đun nền tảng đáng tin cậy (Phần mềm TPM)""}, {""name"": ""Webcam"", ""value"": ""Camera FHD có chức năng IR hỗ trợ Windows Hello""}, {""name"": ""Hệ điều hành"", ""value"": ""Windows 11 Home\nMicrosoft Office Home & Student 2021 + Microsoft 365 Basic""}], ""Pin & công nghệ sạc"": [{""name"": ""Pin"", ""value"": ""72WHrs, 2S2P, 4-cell Li-ion""}], ""Cổng kết nối"": [{""name"": ""Wi-Fi"", ""value"": ""Wi-Fi 7(802.11be) (Tri-band)2*2""}, {""name"": ""Bluetooth"", ""value"": ""Bluetooth 5.4""}, {""name"": ""Cổng giao tiếp"", ""value"": ""1x USB 3.2 Gen 2 Type-A\n2x Thunderbolt 4 (display / Sạc)\n1x HDMI 2.1 TMDS\n1x 3.5mm Combo Audio Jack""}]}","[""https://cdn2.cellphones.com.vn/x/media/catalog/product/g/r/group_602_1.png"", ""https://cdn2.cellphones.com.vn/x/media/catalog/product/t/e/text_ng_n_4__6_98.png"", ""https://cdn2.cellphones.com.vn/x/media/catalog/product/t/e/text_ng_n_5__7_91.png""]","{""product_color_1"": {""color"": ""Trắng"", ""image_url"": ""https://cellphones.com.vn/laptop-asus-zenbook-s-14-oled-ux5406sa-pv140ws.html?product_id=91667"", ""price"": ""40.690.000₫""}}"
Laptop ASUS ZenBook S 14 UX5406AA SU415WS,laptop-asus-rog-zephyrus-g14-ga403ww-qs145ws-ryzen-ai-9,52.990.000đ,48.590.000đ,,"{""Bộ xử lý & Đồ họa"": [{""name"": ""Chip AI"", ""value"": ""Intel NPU up to 50TOPS""}, {""name"": ""Loại card đồ họa"", ""value"": ""Intel Graphics""}, {""name"": ""Loại CPU"", ""value"": ""Intel Core Ultra 9 386H 2.1 GHz (18MB Cache, up to 4.9 GHz, 16 lõi, 16 luồng)""}], ""Bộ nhớ RAM, Ổ cứng"": [{""name"": ""Dung lượng RAM"", ""value"": ""32GB""}, {""name"": ""Loại RAM"", ""value"": ""LPDDR5X Onboard""}, {""name"": ""Số khe ram"", ""value"": ""Không nâng cấp""}, {""name"": ""Ổ cứng"", ""value"": ""512GB M.2 NVMe PCIe 4.0 SSD""}], ""Màn hình"": [{""name"": ""Tần số quét"", ""value"": ""120 Hz""}, {""name"": ""Chất liệu tấm nền"", ""value"": ""Tấm nền Oled""}, {""name"": ""Kích thước màn hình"", ""value"": ""14 inches""}, {""name"": ""Công nghệ màn hình"", ""value"": ""Độ sáng 500 nits\nĐộ sáng HDR tối đa 1100 nits\nĐộ phủ màu 100% DCI-P3\nGamut mapping\nĐộ tương phản 1.000.000:1\nVESA DisplayHDR True Black 1000\n1.07 tỷ màu\nGiảm 70% ánh sáng xanh có hại\nSGS Eye Care Display""}, {""name"": ""Độ phân giải màn hình"", ""value"": ""2880 x 1800 pixels""}], ""Âm thanh"": [{""name"": ""Công nghệ âm thanh"", ""value"": ""Công nghệ Smart Amp\nLoa tích hợp\nMicrophone mảng tích hợp""}], ""Cổng kết nối"": [{""name"": ""Khe đọc thẻ nhớ"", ""value"": ""Không""}, {""name"": ""Wi-Fi"", ""value"": ""Wi-Fi 7(802.11be) (Triple band) 2*2""}, {""name"": ""Bluetooth"", ""value"": ""Bluetooth 6.0""}, {""name"": ""Cổng giao tiếp"", ""value"": ""1 x USB 3.2 Gen 2 Type-A (10Gbps)\n2 x Thunderbolt 4 (Display/Power Delivery, 40Gbps)\n1 x HDMI 2.1\n1 x jack tai nghe/mic 3.5 mm""}], ""Kích thước & Trọng lượng"": [{""name"": ""Chất liệu"", ""value"": ""Vỏ kim loại""}, {""name"": ""Chất liệu vỏ màn hình"", ""value"": ""Nhôm""}, {""name"": ""Chất liệu vỏ trên"", ""value"": ""Nhôm""}, {""name"": ""Chất liệu vỏ dưới"", ""value"": ""Nhôm""}, {""name"": ""Kích thước"", ""value"": ""31.03 x 21.47 x 1.19 ~ 1.29 cm (Dài x Rộng x Dày)""}, {""name"": ""Trọng lượng"", ""value"": ""1.20 kg""}], ""Tiện ích khác"": [{""name"": ""Tính năng đặc biệt"", ""value"": ""Nhận diện khuôn mặt, Màn hình Oled, Wi-Fi 7""}], ""Tính năng khác"": [{""name"": ""Loại đèn bàn phím"", ""value"": ""Bàn phím Chiclet có đèn nền""}, {""name"": ""Bảo mật"", ""value"": ""Webcam hồng ngoại hỗ trợ Windows Hello\nBộ xử lý bảo mật Microsoft Pluton\nMô-đun nền tảng đáng tin cậy (Phần mềm TPM)""}, {""name"": ""Webcam"", ""value"": ""Camera FHD tích hợp chức năng hồng ngoại, hỗ trợ Windows Hello""}, {""name"": ""Hệ điều hành"", ""value"": ""Windows 11 Home + Microsoft Office Home 2024 + Microsoft 365 Basic""}], ""Pin & công nghệ sạc"": [{""name"": ""Pin"", ""value"": ""77WHrs, 4S1P, 4-cell Li-ion""}]}","[""https://cdn2.cellphones.com.vn/x/media/catalog/product/l/a/laptop_asus_zenbook_s_14_ux5406aa_su415ws_-_1.png"", ""https://cdn2.cellphones.com.vn/x/media/catalog/product/l/a/laptop_asus_zenbook_s_14_ux5406aa_su415ws_-_2.png"", ""https://cdn2.cellphones.com.vn/x/media/catalog/product/l/a/laptop_asus_zenbook_s_14_ux5406aa_su415ws_-_3.png""]","{""product_color_1"": {""color"": ""Trắng"", ""image_url"": ""https://cellphones.com.vn/laptop-asus-zenbook-s-14-ux5406aa-su415ws.html?product_id=127255"", ""price"": ""48.590.000₫""}}"
Laptop ASUS ROG Zephyrus G14 GA403WW-QS145WS,laptop-asus-zenbook-14-ux3405ca-pz188ws,84.990.000đ,82.490.000đ,"Đặc điểm nổi bật
Laptop ASUS ROG Zephyrus G14 GA403WW-QS145WS Ryzen AI 9 được trang bị card đồ họa mạnh mẽ, cho người dùng chiến game, giải trí thả ga cả ngày dài. Với tấm màn 3K OLED cùng tốc độ làm mới 120Hz, thiết bị cho hình ảnh hiển thị rực rỡ. Máy có nhiều cổng kết nối đa năng, phù hợp với mọi kiểu sử dụng của người dùng.
Nội dung chính
1. Laptop ASUS ROG Zephyrus G14 GA403WW-QS145WS Ryzen AI 9 - Hiệu suất đỉnh cao
1.1. CPU mạnh, chip AI thông minh, tản nhiệt tốt
1.2. 32GB RAM loại LPDDR5X 8000, ổ SSD rộng 2TB
1.3. Thiết kế phong cách, sang trọng, mỏng nhẹ
1.4. Tấm màn OLED 14 inch kèm tốc độ làm mới 120Hz
1.5. Pin 73WHrs bền, sạc nhanh, nhiều cổng liên kết
2. Mua ngay laptop ASUS ROG Zephyrus G14 GA403WW-QS145WS Ryzen AI 9 nguyên seal, giá tốt tại CellphoneS
Laptop ASUS ROG Zephyrus G14 GA403WW-QS145WS Ryzen AI 9 - Hiệu suất đỉnh cao
ASUS ROG Zephyrus là một trong những dòng laptop được thiết kế chuyên dụng để người dùng chơi game hay thực hiện các chương trình đòi hỏi hiệu suất cao. Đi kèm mức giá tương đối ổn, thiết bị xứng đáng được nhiều người dùng để ý và lựa chọn.
CPU mạnh, chip AI thông minh, tản nhiệt tốt
Máy sở hữu CPU AMD Ryzen AI 9 HX 370 12 nhân 24 luồng với xung nhịp cơ bản 2.0GHz cùng khả năng boost 5.1GHz, đem đến sức mạnh xử lý tác vụ vượt trội. Nhờ bộ nhớ đệm 36MB, laptop ASUS ROG Zephyrus G14 GA403WW-QS145WS Ryzen AI 9 hỗ trợ các chương trình khởi chạy ngay tức thì.
Máy dùng chip AI và CPU mạnh, tối ưu hiệu quả đa nhiệm
Được trang bị chip AI AMD XDNA NPU 50 TOPS, máy được tối ưu hóa hiệu năng, đáp ứng mọi ứng dụng được vận hành thông minh và hiệu quả hơn. Công nghệ hiện đại của model laptop Asus ROG Zephyrus này cũng góp phần tạo nên trải nghiệm thao tác liền mạch cho người dùng.
Về đồ họa, máy sử dụng NVIDIA GeForce RTX 5080 16GB GDDR7, mang đến khả năng xử lý hình ảnh mạnh mẽ cho cả game thủ lẫn người làm sáng tạo. Nhờ đó, các tác vụ từ chơi game nặng đến dựng hình chuyên sâu của người dùng đều được vận hành mượt mà và ổn định.
Máy sở hữu tản nhiệt ROG, hạn chế nóng khi tải nặng
Máy được trang bị hệ thống tản nhiệt thông minh ROG, giúp kiểm soát nhiệt độ hiệu quả ngay cả khi vận hành ở công suất cao. Nhờ khả năng làm mát tối ưu, laptop ASUS ROG Zephyrus G14 GA403WW-QS145WS Ryzen AI 9 giữ được hiệu năng bền bỉ và độ ổn định lâu dài.
32GB RAM loại LPDDR5X 8000, ổ SSD rộng 2TB
Thiết bị đi kèm 32GB RAM LPDDR5X 8000, cung cấp không gian lưu trữ tạm thời rộng rãi, giúp các chương trình đang chạy được trơn tru hơn. Với khe RAM hàn cứng, máy mang lại hiệu suất ổn định trong suốt quá trình sử dụng, hỗ trợ người dùng học tập và làm việc đồng thời mà không giật lag.
Hiệu suất ổn với 32GB RAM, lưu trữ rộng nhờ 2TB SSD
Laptop ASUS ROG Zephyrus G14 GA403WW-QS145WS Ryzen AI 9 có ổ cứng 2TB PCIe 4.0 NVMe M.2 SSD, cho tốc độ truy xuất dữ liệu cao và mở ứng dụng nhanh. Dung lượng lớn cũng cho phép người dùng thoải mái lưu lại các tựa game yêu thích, bộ sưu tập media sống động hay các tệp công việc quan trọng.
Thiết kế phong cách, sang trọng, mỏng nhẹ
Chiếc laptop ASUS này nổi bật với thiết kế mỏng, hiện đại cùng các đường nét tinh xảo, tạo nên vẻ đẹp sang trọng và đẳng cấp. Với tone màu xám Eclipse bên ngoài, thiết bị làm bật lên phong cách của mọi game thủ dù ở bất kỳ môi trường nào.
Thiết kế mỏng nhưng đẳng cấp, chuẩn gaming
Có kích thước 31.1x22x1.59~1.83cm, laptop ASUS ROG Zephyrus G14 GA403WW-QS145WS Ryzen AI 9 vừa vặn để người dùng đặt trong balo, túi xách. Nhờ trọng lượng chỉ 1,57kg, thiết bị vừa tạo độ vững tay cho người dùng khi cầm, vừa giữ sự gọn nhẹ để mang theo mà không hề nặng nề.
Tấm màn OLED 14 inch kèm tốc độ làm mới 120Hz
Laptop ASUS này được trang bị màn hình 14 inch OLED với độ phân giải 2880x1800 pixels, giúp tái hiện từng trận game với màu sắc chi tiết, chân thực. Với độ sáng 500 nits, tỷ lệ tương phản 1.000.000:1 cùng độ phủ màu DCI-P3 100%, mọi khung hình đều xuất hiện rõ ràng và rực rỡ trong mọi môi trường.
Tấm nền OLED 14 inch, tái tạo hình ảnh rực rỡ
Sở hữu tần số quét 120Hz kết hợp G-Sync/Adaptive-Sync, máy cho hình ảnh chuyển động mượt mà, giảm xé hình khi người sử dụng chơi game hay xem phim. Nhờ đạt chuẩn Pantone Validated, ROG Nebula Display và Dolby Vision HDR, màu sắc hiện lên một cách nổi bật, chính xác ở cả vùng sáng lẫn tối.
Pin 73WHrs bền, sạc nhanh, nhiều cổng liên kết
Laptop ASUS ROG Zephyrus G14 GA403WW-QS145WS Ryzen AI 9 có viên pin 73WHrs, mang đến thời gian thao tác ổn định cho người dùng để làm việc, giải trí. Đặc biệt, thiết bị còn hỗ trợ sạc nhanh từ 0-50% chỉ trong 30 phút, giúp người dùng nhanh chóng trở lại công việc mà không mất nhiều thời gian chờ.
Máy trang bị loạt cổng kết nối hữu dụng cho người dùng
Về kết nối, laptop ASUS được tích hợp cổng giao tiếp đa dạng gồm USB 4 Type-C, USB 3.2 Gen 2 Type-C, USB Type-A, HDMI 2.1 FRL và jack 3.5mm. Ngoài ra, máy còn có đầu đọc thẻ microSD và hỗ trợ XG Mobile GC34, đáp ứng linh hoạt nhu cầu kết nối, mở rộng và xuất hình tốc độ cao của người dùng.
Mua ngay laptop ASUS ROG Zephyrus G14 GA403WW-QS145WS Ryzen AI 9 nguyên seal, giá tốt tại CellphoneS
Laptop ASUS ROG Zephyrus G14 GA403WW-QS145WS Ryzen AI 9 đang được bán với giá cả hấp dẫn tại CellphoneS. Với chế độ bảo hành uy tín, dịch vụ hỗ trợ chuyên sâu, CellphoneS cam kết đem đến cho khách hàng quy trình mua sắm thuận tiện. Khi khách hàng mua qua website, laptop ASUS sẽ được giao đến tận nhà. Ngoài ra, khi trở thành Smember, khách hàng sẽ được sở hữu thiết bị với mức giá nhẹ nhàng hơn!","{""Bộ xử lý & Đồ họa"": [{""name"": ""Chip AI"", ""value"": ""AMD XDNA NPU up to 50TOPS""}, {""name"": ""Loại card đồ họa"", ""value"": ""NVIDIA GeForce RTX 5080 16GB GDDR7\nAMD Radeon Graphics""}, {""name"": ""Loại CPU"", ""value"": ""AMD Ryzen AI 9 HX 370 2.0GHz (36MB Cache, up to 5.1GHz, 12 lõi, 24 luồng)""}], ""Bộ nhớ RAM, Ổ cứng"": [{""name"": ""Dung lượng RAM"", ""value"": ""32GB""}, {""name"": ""Loại RAM"", ""value"": ""LPDDR5X 8000""}, {""name"": ""Số khe ram"", ""value"": ""Onboard (Không nâng cấp)""}, {""name"": ""Ổ cứng"", ""value"": ""2TB PCIe 4.0 NVMe M.2 SSD""}], ""Màn hình"": [{""name"": ""Tần số quét"", ""value"": ""120 Hz""}, {""name"": ""Chất liệu tấm nền"", ""value"": ""Tấm nền Oled""}, {""name"": ""Kích thước màn hình"", ""value"": ""14 inches""}, {""name"": ""Công nghệ màn hình"", ""value"": ""Độ sáng 500 nits\nTỷ lệ tương phản 1,000,000:1\nĐộ phủ màu DCI-P3 100%\nCông nghệ G-Sync / Adaptive-Sync\nChứng nhận Pantone Validated\nMàn hình ROG Nebula Display\nHỗ trợ Dolby Vision HDR\nTản nhiệt ROG Intelligent Cooling""}, {""name"": ""Độ phân giải màn hình"", ""value"": ""2880 x 1800 pixels""}], ""Âm thanh"": [{""name"": ""Công nghệ âm thanh"", ""value"": ""Hệ thống 4 loa (woofer kép lực cao) với công nghệ khuếch đại thông minh, kèm 2 tweeter\nCông nghệ khử ồn AI\nDolby Atmos\nChứng nhận Hi-Res (cho tai nghe)\nCông nghệ Smart Amp""}], ""Cổng kết nối"": [{""name"": ""Khe đọc thẻ nhớ"", ""value"": ""Có""}, {""name"": ""Wi-Fi"", ""value"": ""Wi-Fi 7(802.11be) (Triple band) 2*2""}, {""name"": ""Bluetooth"", ""value"": ""Bluetooth 5.4""}, {""name"": ""Cổng giao tiếp"", ""value"": ""1 x USB 4 Type-C (DisplayPort / Sạc / 40Gbps)\n1 x USB 3.2 Gen 2 Type-C (DisplayPort / Sạc / G-Sync / 10Gbps)\n2 x USB 3.2 Gen 2 Type-A (10Gbps)\n1 x Đầu đọc thẻ microSD\nHỗ trợ XG Mobile GC34\n1 x HDMI 2.1 FRL\n1 x Jack 3.5mm combo""}], ""Tiện ích khác"": [{""name"": ""Tính năng đặc biệt"", ""value"": ""Nhận diện khuôn mặt, Màn hình Oled, Wi-Fi 7, MUX Switch""}], ""Tính năng khác"": [{""name"": ""Loại đèn bàn phím"", ""value"": ""Bàn phím Chiclet RGB 1 vùng có đèn nền Có phím Copilot\nAura Sync""}, {""name"": ""Bảo mật"", ""value"": ""Mật khẩu Quản trị viên BIOS và bảo vệ mật khẩu người dùng\nBộ xử lý bảo mật Pluton\nMáy tính Secured-core (Mức 3)""}, {""name"": ""Webcam"", ""value"": ""Camera hồng ngoại FHD 1080P dành cho Windows Hello""}, {""name"": ""Hệ điều hành"", ""value"": ""Windows 11 Home + Microsoft Office Home 2024 + Microsoft 365 Basic""}], ""Pin & công nghệ sạc"": [{""name"": ""Pin"", ""value"": ""73WHrs, 4S1P, 4-cell Li-ion, Sạc từ 0-50% trong 30 phút""}], ""Kích thước & Trọng lượng"": [{""name"": ""Kích thước"", ""value"": ""31.1 x 22.0 x 1.59 ~ 1.83 cm (Dài x Rộng x Dày)""}, {""name"": ""Trọng lượng"", ""value"": ""1.57 kg""}]}","[""https://cdn2.cellphones.com.vn/x/media/catalog/product/l/a/laptop_asus_rog_zephyrus_g14_ga403ww-qs145ws_-_1.png"", ""https://cdn2.cellphones.com.vn/x/media/catalog/product/l/a/laptop_asus_rog_zephyrus_g14_ga403ww-qs145ws_-_3.png"", ""https://cdn2.cellphones.com.vn/x/media/catalog/product/l/a/laptop_asus_rog_zephyrus_g14_ga403ww-qs145ws_-_2.png""]","{""product_color_1"": {""color"": ""Xám"", ""image_url"": ""https://cellphones.com.vn/laptop-asus-rog-zephyrus-g14-ga403ww-qs145ws-ryzen-ai-9.html?product_id=119270"", ""price"": ""82.490.000₫""}}"
Laptop ASUS Zenbook 14 UX3405CA-PZ188WS,laptop-asus-zenbook-14-um3406ka-pp113ws-ryzen-ai-7,35.990.000đ,33.190.000đ,"Đặc điểm nổi bật
Laptop ASUS Zenbook 14 UX3405CA-PZ188WS sử dụng vi xử lý Intel Core Ultra 7 kết hợp RAM 32GB LPDDR5X, cho hiệu năng xử lý vượt trội và đa nhiệm mượt mà. ản phẩm nổi bật với màn hình OLED 3K cảm ứng, hỗ trợ tần số quét 120Hz. Sản phẩm latop AI Asus có thiết kế kim loại chuẩn quân sự, đi kèm pin 75Wh và cổng kết nối hiện đại.
Nội dung chính
1. Laptop ASUS Zenbook 14 UX3405CA-PZ188WS - Hiển thị sắc nét, cấu hình lý tưởng 
1.1. Tăng tốc trải nghiệm AI vượt trội với Intel AI Boost NPU
1.2. Sức mạnh xử lý và lưu trữ chuẩn cao cấp
1.3. Thiết kế kim loại nguyên khối
1.4. Hiệu năng mạnh mẽ, thiết kế mỏng nhẹ
1.5. Linh hoạt mọi kết nối hiện đại 
1.6. Màn OLED 3K cảm ứng 120Hz
2. Mua laptop ASUS Zenbook 14 UX3405CA-PZ188WS chính hãng tại CellphoneS
Laptop ASUS Zenbook 14 UX3405CA-PZ188WS - Hiển thị sắc nét, cấu hình lý tưởng 
Laptop ASUS Zenbook 14 UX3405CA-PZ188WS là lựa chọn lý tưởng cho người dùng cần một chiếc máy mỏng nhẹ nhưng mạnh mẽ. Đây là mẫu laptop hướng tới người dùng cao cấp đề cao tính di động, hiệu suất và phong cách. 
Tăng tốc trải nghiệm AI vượt trội với Intel AI Boost NPU
Laptop ASUS Zenbook 14 UX3405CA-PZ188WS được trang bị bộ xử lý tích hợp AI Boost NPU với hiệu năng xử lý lên tới 13 TOPS. Nhờ đó, máy có thể tối ưu hóa hiệu suất, tăng tốc các tác vụ AI như nhận diện hình ảnh, xử lý ngôn ngữ tự nhiên hay lọc tiếng ồn thông minh hiệu quả.
Khả năng này không chỉ giúp cải thiện tốc độ phản hồi trong các ứng dụng hiện đại, mà còn mở ra tiềm năng lớn khi làm việc với các phần mềm AI đang ngày càng phổ biến. Đồng thời, người dùng có thể tận hưởng trải nghiệm mượt mà hơn trong xử lý đa nhiệm, họp trực tuyến và ứng dụng trí tuệ nhân tạo cá nhân.
Sức mạnh xử lý và lưu trữ chuẩn cao cấp
Về bộ nhớ, laptop ASUS Zenbook 14 UX3405CA-PZ188WS được trang bị 32GB LPDDR5X, hoạt động ở chế độ dual-channel, đảm bảo băng thông cao và hiệu năng ổn định. LPDDR5X thể hiện sự ưu việt cả về hiệu suất lẫn hiệu quả năng lượng, góp phần quan trọng vào việc gia tăng thời gian hoạt động của thiết bị.
Máy sử dụng ổ cứng SSD 1TB M.2 NVMe PCIe 4.0 với tốc độ cao gấp nhiều lần so với chuẩn SATA. Nhờ đó, việc khởi động máy và ứng dụng chỉ mất vài giây. Kết hợp giữa RAM lớn và SSD tốc độ cao, ASUS Zenbook 14 UX3405CA-PZ188WS hoàn toàn đủ sức đáp ứng cả người dùng chuyên nghiệp, lẫn lập trình viên.
Thiết kế kim loại nguyên khối
Laptop ASUS Zenbook 14 UX3405CA-PZ188WS gây ấn tượng ngay từ cái nhìn đầu tiên nhờ thiết kế vỏ nhôm nguyên khối, phủ màu Ponder Blue. Toàn bộ nắp máy, đáy máy và khu vực kê tay đều sử dụng cùng một tông màu, tạo nên tổng thể hài hòa và cao cấp.
Không chỉ đẹp mắt, ASUS Zenbook 14 UX3405CA-PZ188WS còn đạt tiêu chuẩn độ bền quân sự US MIL-STD 810H. Với trọng lượng chỉ khoảng 1.28 kg, đây là lựa chọn lý tưởng cho giới văn phòng, doanh nhân hoặc sinh viên thường xuyên di chuyển.
Hiệu năng mạnh mẽ, thiết kế mỏng nhẹ
Laptop ASUS Zenbook 14 UX3405CA-PZ188WS mang sức mạnh từ bộ vi xử lý mới nhất Intel Core Ultra 7 255H, gồm 16 nhân 16 luồng, tốc độ tối đa lên tới 5.1GHz. Dòng chip này không chỉ nâng cao hiệu suất xử lý tác vụ nặng mà còn cải thiện rõ rệt khả năng đa nhiệm và tối ưu điện năng. 
Về đồ họa, ASUS Zenbook 14 UX3405CA-PZ188WS sử dụng Intel Arc Graphics – dòng GPU tích hợp hiệu suất cao, hỗ trợ tốt cho các tác vụ đồ họa. Với cấu hình này, mẫu laptop không chỉ phục vụ tốt cho công việc văn phòng và học tập, mà còn đủ sức đồng hành trong các lĩnh vực đòi hỏi hiệu năng cao.
Linh hoạt mọi kết nối hiện đại 
Laptop ASUS Zenbook 14 UX3405CA-PZ188WS sở hữu viên pin 75Wh với công nghệ 4-cell Li-ion. Kết hợp với vi xử lý Intel Core Ultra tiết kiệm điện và RAM LPDDR5X, máy mang lại trải nghiệm mượt mà mà vẫn duy trì được thời lượng pin ổn định. 
ASUS Zenbook 14 được trang bị sạc nhanh USB-C 65W hỗ trợ Power Delivery, mang lại khả năng sạc nhanh chóng và tiện lợi. Với yêu cầu sạc tối thiểu chỉ 45W, người dùng dễ dàng sử dụng sạc dự phòng công suất cao hoặc bộ sạc GaN nhỏ gọn khi cần thiết.
Về kết nối, mẫu laptop được trang bị đầy đủ cổng I/O hiện đại: 2 cổng Thunderbolt 4, 1 cổng USB-A 3.2 Gen 1, HDMI 2.1 TMDS và jack tai nghe 3.5mm. Ngoài ra, kết nối không dây trên ASUS Zenbook 14 UX3405CA-PZ188WS cũng được nâng cấp lên chuẩn Wi-Fi 7 và Bluetooth 5.4.
Màn OLED 3K cảm ứng 120Hz
Sở hữu tấm nền OLED cao cấp, màn hình 14 inch của laptop ASUS Zenbook 14 UX3405CA-PZ188WS mang đến độ phân giải 3K sắc nét. Màn hình này hỗ trợ cảm ứng đa điểm và tương thích bút stylus, giúp người dùng linh hoạt hơn trong thao tác trực tiếp. 
Khả năng hiển thị của máy được đánh giá rất cao nhờ vào độ phủ màu 100% DCI-P3, hỗ trợ hiển thị 1.07 tỷ màu, đạt chuẩn VESA DisplayHDR True Black 500. Độ sáng tối đa lên tới 500 nits khi hiển thị nội dung HDR giúp hình ảnh sắc nét, màu đen sâu thẳm, phù hợp cho người làm đồ họa, chỉnh sửa ảnh chuyên nghiệp. 
Với tốc độ làm tươi 120Hz và thời gian phản hồi chỉ 0.2ms, mọi chuyển động trên màn hình đều mượt mà, thích hợp cho cả công việc lẫn giải trí đa phương tiện. Ngoài ra, màn hình laptop ASUS Zenbook 14 UX3405CA-PZ188WS còn tích hợp công nghệ gamut mapping, đảm bảo độ chính xác màu cao trong mọi môi trường sử dụng.
Bên cạnh khả năng hiển thị vượt trội, ASUS Zenbook 14 còn được trang bị hệ thống âm thanh Smart Amp với loa kép tích hợp cùng microphone. Dù không phải là laptop giải trí chuyên nghiệp, chất lượng loa vẫn đủ để phục vụ tốt cho các cuộc gọi video, học online hay xem phim thường ngày.
Mua laptop ASUS Zenbook 14 UX3405CA-PZ188WS chính hãng tại CellphoneS
Laptop ASUS Zenbook 14 UX3405CA-PZ188WS chính hãng đã có mặt tại CellphoneS. Những chương trình như xả kho, dịp lễ Tết hay Black Friday mang đến cơ hội mua sắm laptop với mức giá hấp dẫn. CellphoneS còn dành tặng nhiều voucher giá trị cho các hội viên thân thiết. Đặc biệt, cửa hàng bố trí khu vực trải nghiệm riêng, giúp khách hàng dùng thử các mẫu laptop trước khi mua.","{""Bộ xử lý & Đồ họa"": [{""name"": ""Chip AI"", ""value"": ""Intel AI Boost NPU up to 13TOPS""}, {""name"": ""Loại card đồ họa"", ""value"": ""Intel Arc Graphics""}, {""name"": ""Loại CPU"", ""value"": ""Intel Core Ultra 7 255H 2.0 GHz (24MB Cache, up to 5.1 GHz, 16 lõi, 16 luồng)""}], ""Bộ nhớ RAM, Ổ cứng"": [{""name"": ""Dung lượng RAM"", ""value"": ""32GB""}, {""name"": ""Loại RAM"", ""value"": ""LPDDR5X on board""}, {""name"": ""Ổ cứng"", ""value"": ""1TB M.2 NVMe PCIe 4.0 SSD""}], ""Màn hình"": [{""name"": ""Tần số quét"", ""value"": ""120 Hz""}, {""name"": ""Chất liệu tấm nền"", ""value"": ""Tấm nền Oled""}, {""name"": ""Kích thước màn hình"", ""value"": ""14 inches""}, {""name"": ""Công nghệ màn hình"", ""value"": ""Thời gian phản hồi 0.2ms\nĐộ sáng 400nits\nĐộ sáng tối đa 500nits HDR\nĐộ phủ màu 100% DCI-P3\nGamut mapping\nHDR True Black 500\n1.07 tỷ màu\nGiảm 70% ánh sáng xanh có hại\nTÜV Rheinland-certified\nMàn hình chăm sóc mắt SGS""}, {""name"": ""Độ phân giải màn hình"", ""value"": ""2880 x 1800 pixels""}], ""Âm thanh"": [{""name"": ""Công nghệ âm thanh"", ""value"": ""Công nghệ Smart Amp\nLoa tích hợp\nMicrô mảng tích hợp""}], ""Kích thước & Trọng lượng"": [{""name"": ""Chất liệu"", ""value"": ""Vỏ kim loại""}, {""name"": ""Chất liệu vỏ màn hình"", ""value"": ""Nhôm""}, {""name"": ""Chất liệu vỏ trên"", ""value"": ""Nhôm""}, {""name"": ""Chất liệu vỏ dưới"", ""value"": ""Nhôm""}, {""name"": ""Kích thước"", ""value"": ""31.24 x 22.01 x 1.49 ~ 1.49 cm (Dài x Rộng x Dày)""}, {""name"": ""Trọng lượng"", ""value"": ""1.28 kg""}], ""Tiện ích khác"": [{""name"": ""Tính năng đặc biệt"", ""value"": ""Màn hình cảm ứng, Nhận diện khuôn mặt, Wi-Fi 7""}], ""Tính năng khác"": [{""name"": ""Loại đèn bàn phím"", ""value"": ""Bàn phím Chiclet có đèn nền""}, {""name"": ""Bảo mật"", ""value"": ""Webcam IR hỗ trợ Windows Hello\nMcAfee\nTrusted Platform Module (Phần mềm TPM)""}, {""name"": ""Webcam"", ""value"": ""Camera FHD có chức năng IR hỗ trợ Windows Hello\nCó màn trập camera""}, {""name"": ""Hệ điều hành"", ""value"": ""Windows 11 Home + Microsoft Office Home 2024 + Microsoft 365 Basic""}], ""Pin & công nghệ sạc"": [{""name"": ""Pin"", ""value"": ""75WHrs, 2S2P, 4-cell Li-ion""}], ""Cổng kết nối"": [{""name"": ""Wi-Fi"", ""value"": ""Wi-Fi 7(802.11be) (Tri-band)2*2""}, {""name"": ""Bluetooth"", ""value"": ""Bluetooth 5.4""}, {""name"": ""Cổng giao tiếp"", ""value"": ""1x USB 3.2 Gen 1 Type-A (tốc độ dữ liệu lên đến 5Gbps)\n2x Thunderbolt 4 hỗ trợ hiển thị/cung cấp điện (tốc độ dữ liệu lên đến 40Gbps)\n1x HDMI 2.1 TMDS\n1x Giắc cắm âm thanh kết hợp 3.5mm""}]}","[""https://cdn2.cellphones.com.vn/x/media/catalog/product/g/r/group_873.png"", ""https://cdn2.cellphones.com.vn/x/media/catalog/product/l/a/laptop_asus_zenbook_14_ux3405ca-pz188ws_-_2.png"", ""https://cdn2.cellphones.com.vn/x/media/catalog/product/l/a/laptop_asus_zenbook_14_ux3405ca-pz188ws_-_3.png""]","{""product_color_1"": {""color"": ""Xanh"", ""image_url"": ""https://cellphones.com.vn/laptop-asus-zenbook-14-ux3405ca-pz188ws.html?product_id=106957"", ""price"": ""33.190.000₫""}}"
Laptop ASUS Zenbook 14 UM3406KA-PP113WS,laptop-asus-expertbook-p1-p1503cva-c5h16-63ws,28.990.000đ,27.090.000đ,"Đặc điểm nổi bật
 Laptop ASUS Zenbook 14 UM3406KA-PP113WS Ryzen AI 7 sở hữu vi xử lý AMD Ryzen AI 7 350 tích hợp nhân xử lý XDNA NPU đạt hiệu suất lên đến 50 TOPS. Máy sở hữu màn hình OLED 14 inch độ phân giải 3K, tần số quét 120Hz và độ sáng tối đa 600 nits. Bên cạnh đó, laptop trang bị RAM 16GB và ổ cứng SSD 512GB PCIe 4.0, giúp đa nhiệm mượt mà.
Nội dung chính
1. Laptop ASUS Zenbook 14 UM3406KA-PP113WS Ryzen AI 7 – Khẳng định phong cách công nghệ
1.1. Sức mạnh đến từ nền tảng AMD XDNA
1.2. Tối ưu hóa tốc độ và khả năng lưu trữ
1.3. Gọn nhẹ, tinh tế trong từng chi tiết
1.4. Hiệu năng xử lý mạnh mẽ từ Ryzen AI 7
1.5. Thời lượng pin dài và cổng kết nối đa dạng
1.6. Màn hình OLED sắc nét, màu sắc chuẩn điện ảnh
2. Mua ngay laptop ASUS Zenbook 14 UM3406KA-PP113WS Ryzen AI 7 chất lượng tại CellphoneS!
Laptop ASUS Zenbook 14 UM3406KA-PP113WS Ryzen AI 7 – Khẳng định phong cách công nghệ
Laptop ASUS Zenbook 14 UM3406KA-PP113WS Ryzen AI 7 mang đến hiệu năng mạnh mẽ cho các tác vụ đa nhiệm và sáng tạo. Thiết kế mỏng nhẹ, tinh tế của dòng  ASUS Zenbook này kết hợp cùng sức mạnh của nền tảng AMD hứa hẹn trải nghiệm di động linh hoạt.
Sức mạnh đến từ nền tảng AMD XDNA
ASUS Zenbook 14 được tích hợp nhân xử lý thần kinh AMD XDNA NPU, hỗ trợ khả năng xử lý AI đạt đến 50 TOPS. Công nghệ này cho phép thiết bị thực hiện các tác vụ AI như nhận diện giọng nói, tối ưu hóa hình ảnh. Qua đó giúp xử lý đa nhiệm một cách liền mạch mà không phụ thuộc vào Cloud.
Sự hiện diện của AI giúp tăng hiệu quả làm việc và tiết kiệm năng lượng nhờ khả năng phân bổ tài nguyên theo thời gian thực. Ngoài ra, hệ điều hành Windows 11 với tính năng Copilot AI tích hợp sẵn hỗ trợ người dùng điều hướng và truy cập nhanh các chức năng.
Tối ưu hóa tốc độ và khả năng lưu trữ
Laptop ASUS Zenbook 14 UM3406KA-PP113WS Ryzen AI 7 được trang bị RAM LPDDR5X dung lượng 16GB hàn trực tiếp trên bo mạch. Từ đó mang lại tốc độ truyền tải nhanh, độ trễ thấp và hiệu suất ổn định khi chạy đa nhiệm hoặc các phần mềm chuyên sâu. Đây là một con số đủ để laptop đáp ứng các nhu cầu từ cơ bản đến nâng cao.
Bên cạnh đó, ổ cứng SSD 512GB chuẩn PCIe 4.0 giúp rút ngắn thời gian khởi động hệ điều hành, truy cập dữ liệu, và cài đặt ứng dụng. Tốc độ đọc ghi cao hỗ trợ tối ưu trải nghiệm làm việc lẫn giải trí không bị gián đoạn.
Gọn nhẹ, tinh tế trong từng chi tiết
ASUS Zenbook 14 mang thiết kế tinh giản với lớp vỏ bằng kim loại nguyên khối, hoàn thiện với màu đen Jade Black sang trọng. Từng đường cắt sắc nét và lớp vỏ nhôm tạo cảm giác cứng cáp, đồng thời giữ được sự thanh thoát của một mẫu laptop di động.
Với trọng lượng chỉ 1.2kg và độ dày 14.9mm, thiết bị dễ dàng đồng hành trong mọi hành trình. Thiết kế đạt chuẩn độ bền quân đội MIL-STD 810H, đảm bảo khả năng hoạt động ổn định trong nhiều điều kiện khắc nghiệt như rung lắc, thay đổi nhiệt độ hay độ ẩm cao.
Hiệu năng xử lý mạnh mẽ từ Ryzen AI 7
Laptop ASUS Zenbook 14 UM3406KA-PP113WS Ryzen AI 7 trang bị vi xử lý AMD Ryzen AI 7 350 sở hữu 8 nhân 16 luồng, tốc độ tối đa lên tới 5.0GHz. CPU thế hệ mới cung cấp khả năng xử lý đa nhiệm mạnh mẽ, phù hợp cho các tác vụ nặng. Qua đó giúp các tác vụ như xử lý dữ liệu lớn, lập trình hoặc chỉnh sửa video 4K trở nên đơn giản.
Đồ họa tích hợp AMD Radeon cho hiệu năng ổn định với các tác vụ đồ họa phổ thông, chơi game nhẹ và hỗ trợ các phần mềm sáng tạo. Sự kết hợp giữa CPU và GPU giúp tối ưu năng lượng và duy trì hiệu suất cao trong thời gian dài.
Thời lượng pin dài và cổng kết nối đa dạng
ASUS Zenbook 14 được trang bị viên pin 75Wh, cung cấp thời gian sử dụng kéo dài cho cả ngày làm việc. Công nghệ sạc nhanh qua cổng USB-C giúp tiết kiệm thời gian, thuận tiện cho những người thường xuyên di chuyển.
Hệ thống cổng kết nối bao gồm USB 3.2 Gen 1, USB 3.2 Gen 2 Type-C, USB 4.0 Gen 3, HDMI 2.1 và jack âm thanh 3.5mm. Sự đa dạng này mang đến khả năng kết nối linh hoạt với nhiều thiết bị ngoại vi. Từ màn hình rời cho tới ổ cứng gắn ngoài hoặc thiết bị âm thanh chuyên dụng, tất cả đều kết nối dễ dàng.
Màn hình OLED sắc nét, màu sắc chuẩn điện ảnh
Laptop ASUS Zenbook 14 UM3406KA-PP113WS Ryzen AI 7 đem lại cho người dùng màn hình OLED 14 inch độ phân giải 3K (2880 x 1800) hiển thị chi tiết sắc nét. Ngoài ra, độ sáng cao lên đến 600 nits giúp người dùng dễ dàng làm việc trong môi trường thiếu sáng. Công nghệ HDR True Black 600 cùng tỷ lệ tương phản 1,000,000:1 giúp tăng chiều sâu hình ảnh.
Tấm nền OLED đạt 100% dải màu DCI-P3 và được chứng nhận từ TÜV Rheinland, giảm ánh sáng xanh đến 70% để bảo vệ mắt. Với thời gian phản hồi 0.2ms và tần số quét 120Hz, màn hình đảm bảo độ mượt và giảm hiện tượng bóng mờ khi làm việc hoặc chơi game.
Mua ngay laptop ASUS Zenbook 14 UM3406KA-PP113WS Ryzen AI 7 chất lượng tại CellphoneS!
Mua ngay laptop ASUS Zenbook 14 UM3406KA-PP113WS Ryzen AI 7 chất lượng tại CellphoneS để trải nghiệm hiệu năng mạnh mẽ và thiết kế sang trọng! Sản phẩm được bảo hành chính hãng và hỗ trợ 1 đổi 1 trong 30 ngày nếu có lỗi phần cứng. Bên cạnh đó, giá bán đã bao gồm VAT, đảm bảo minh bạch và tiện lợi khi thanh toán. Nhanh ghé CellphoneS để trải nghiệm ngay hôm nay!","{""Bộ xử lý & Đồ họa"": [{""name"": ""Chip AI"", ""value"": ""AMD XDNA™ NPU up to 50TOPS""}, {""name"": ""Loại card đồ họa"", ""value"": ""AMD Radeon Graphics""}, {""name"": ""Loại CPU"", ""value"": ""AMD Ryzen AI 7 350 2.0GHz (24MB Cache, up to 5.0GHz, 8 lõi, 16 luồng)""}], ""Bộ nhớ RAM, Ổ cứng"": [{""name"": ""Dung lượng RAM"", ""value"": ""16GB""}, {""name"": ""Loại RAM"", ""value"": ""LPDDR5X""}, {""name"": ""Số khe ram"", ""value"": ""Onboard""}, {""name"": ""Ổ cứng"", ""value"": ""512GB M.2 NVMe PCIe 4.0 SSD""}], ""Màn hình"": [{""name"": ""Tần số quét"", ""value"": ""120 Hz""}, {""name"": ""Chất liệu tấm nền"", ""value"": ""Tấm nền Oled""}, {""name"": ""Kích thước màn hình"", ""value"": ""14 inches""}, {""name"": ""Công nghệ màn hình"", ""value"": ""Độ sáng 400nits\nĐộ sáng đỉnh HDR 600nits\nĐộ phủ màu 100% DCI-P3\nVESA CERTIFIED Display HDR True Black 600\n1.07 tỷ màu\nÁnh sáng xanh ít gây hại hơn 70%\nTÜV Rheinland-certified\nSGS Eye Care Display""}, {""name"": ""Độ phân giải màn hình"", ""value"": ""2880 x 1800 pixels""}], ""Âm thanh"": [{""name"": ""Công nghệ âm thanh"", ""value"": ""Công nghệ Smart Amp\nLoa tích hợp\nMicrô mảng tích hợp""}], ""Kích thước & Trọng lượng"": [{""name"": ""Chất liệu"", ""value"": ""Vỏ kim loại""}, {""name"": ""Chất liệu vỏ màn hình"", ""value"": ""Nhôm""}, {""name"": ""Chất liệu vỏ trên"", ""value"": ""Nhôm""}, {""name"": ""Chất liệu vỏ dưới"", ""value"": ""Nhôm""}, {""name"": ""Kích thước"", ""value"": ""31.24 x 22.01 x 1.49 ~ 1.49 cm (Dài x Rộng x Dày)""}, {""name"": ""Trọng lượng"", ""value"": ""1.20 kg""}], ""Tiện ích khác"": [{""name"": ""Tính năng đặc biệt"", ""value"": ""Wi-Fi 6, Nhận diện khuôn mặt, Màn hình Oled""}], ""Tính năng khác"": [{""name"": ""Loại đèn bàn phím"", ""value"": ""Bàn phím Chiclet có đèn nền Với phím Copilot""}, {""name"": ""Bảo mật"", ""value"": ""Webcam IR hỗ trợ Windows Hello\nMcAfee\nBIOS Booting User Password Protection\nBIOS setup user password\nMicrosoft Pluton security processor\nTrusted Platform Module (Firmware TPM)""}, {""name"": ""Webcam"", ""value"": ""Camera FHD có chức năng IR hỗ trợ Windows Hello; Có màn trập camera""}, {""name"": ""Hệ điều hành"", ""value"": ""Windows 11 Home + Microsoft Office Home 2024 + Microsoft 365 Basic""}], ""Pin & công nghệ sạc"": [{""name"": ""Pin"", ""value"": ""75WHrs, 4S1P, 4-cell Li-ion""}], ""Cổng kết nối"": [{""name"": ""Wi-Fi"", ""value"": ""Wi-Fi 6E(802.11ax) (Dual band) 2*2""}, {""name"": ""Bluetooth"", ""value"": ""Bluetooth 5.3""}, {""name"": ""Cổng giao tiếp"", ""value"": ""1x USB 3.2 Gen 1 Type-A (5Gbps)\n1x USB 3.2 Gen 2 Type-C hỗ trợ hiển thị/cung cấp điện (10Gbps)\n1x USB 4.0 Gen 3 Type-C hỗ trợ hiển thị/cung cấp điện (40Gbps)\n1x HDMI 2.1 TMDS\n1x Giắc cắm âm thanh kết hợp 3.5mm""}]}","[""https://cdn2.cellphones.com.vn/x/media/catalog/product/g/r/group_827_1_.png"", ""https://cdn2.cellphones.com.vn/x/media/catalog/product/g/r/group_827_2.png"", ""https://cdn2.cellphones.com.vn/x/media/catalog/product/l/a/laptop_asus_zenbook_14_um3406ka-pp113ws_-_3.png""]","{""product_color_1"": {""color"": ""Đen"", ""image_url"": ""https://cellphones.com.vn/laptop-asus-zenbook-14-um3406ka-pp113ws-ryzen-ai-7.html?product_id=104524"", ""price"": ""27.090.000₫""}}"
Laptop ASUS ExpertBook P1 P1503CVA-C5H16-63WS,laptop-asus-zenbook-14-um3406ka-pp590ws-ryzen-ai-7,21.190.000đ,20.690.000đ,"Đặc điểm nổi bật
Laptop ASUS ExpertBook P1 P1503CVA-C5H16-63WS vận hành mạnh mẽ trên nền tảng vi xử lý Intel Core 5 210H phối hợp cùng bộ nhớ RAM 16GB DDR5 thế hệ mới. Máy trang bị ổ SSD 512GB, kết hợp màn hình lớn 15.6 inch Full HD. Thiết bị tích hợp viên pin 63Wh đảm bảo duy trì cường độ làm việc bền bỉ suốt ngày dài.
Nội dung chính
1. Laptop ASUS ExpertBook P1 P1503CVA-C5H16-63WS: Trợ thủ đắc lực cho kỷ nguyên số
1.1. Cấu hình bộ nhớ tối ưu cho đa nhiệm
1.2. Diện mạo thanh lịch cùng sắc xám chuyên nghiệp
1.3. Sức mạnh lõi Intel Core 5 và đồ họa tích hợp mượt mà
1.4. Pin 3-cell 63Wh và kết nối USB Type-C hỗ trợ sạc
1.5. Màn hình 15.6 inch FHD 60Hz tích hợp công nghệ Anti-glare
2. Mua laptop ASUS ExpertBook P1 P1503CVA-C5H16-63WS giá tốt tại CellphoneS
Laptop ASUS ExpertBook P1 P1503CVA-C5H16-63WS: Trợ thủ đắc lực cho kỷ nguyên số
Laptop ASUS ExpertBook là dòng máy tính chuyên nghiệp dành riêng cho phân khúc doanh nghiệp và văn phòng. Sản phẩm quy tụ thông số đời mới cùng ngôn ngữ thiết kế tối giản nhằm tối ưu hóa mọi trải nghiệm trong môi trường văn phòng.
Cấu hình bộ nhớ tối ưu cho đa nhiệm
Laptop ASUS ExpertBook P1 P1503CVA-C5H16-63WS ghi điểm nhờ trang bị sẵn 16GB RAM DDR5 thế hệ mới với băng thông cực rộng. Người dùng có thể tự tin xử lý hàng chục tab trình duyệt hay các bảng tính Excel nặng nề mà không lo đối mặt với tình trạng giật lag.
Bộ nhớ thế hệ mới hỗ trợ đa nhiệm mượt
Bên cạnh đó, sản phẩm còn trang bị Ổ cứng SSD NVMe dung lượng 512GB, giúp mọi thao tác khởi động hệ thống diễn ra chỉ trong vài giây. Kết hợp cùng RAM 16GB có sẵn, máy đáp ứng tốt các tác vụ đa nhiệm và nhu cầu làm việc ổn định hằng ngày.
Diện mạo thanh lịch cùng sắc xám chuyên nghiệp
Laptop ASUS ExpertBook P1 P1503CVA-C5H16-63WS mang trên mình lớp vỏ màu Misty Grey trung tính, tạo nên vẻ ngoài thanh lịch. Với trọng lượng chỉ 1.68kg, chiếc máy này trở thành người đồng hành lý tưởng cho những ai thường xuyên phải di chuyển.
 Diện mạo gọn nhẹ hỗ trợ làm việc di động
Thân máy tuy mỏng nhẹ nhưng được gia công vô cùng tỉ mỉ, giúp thiết bị đứng vững trước những va chạm không đáng có. Sự tinh tế còn thể hiện qua hệ thống bàn phím có hành trình sâu, mang lại cảm giác gõ phím chắc chắn và êm ái cho người dùng. 
Nhờ đó, người dùng có thể hoàn thành các bộ tài liệu dài hàng chục trang mà vẫn giữ được sự thoải mái cho đầu ngón tay. Ngay phía dưới khu vực phím số của Laptop ASUS ExpertBook P1 P1503CVA-C5H16-63WS là cảm biến vân tay hiện đại, hỗ trợ người dùng truy cập nhanh.
Bàn phím hỗ trợ nhập liệu dễ dàng 
Giải pháp bảo mật sinh trắc học này giúp lược bỏ bước nhập mật khẩu rườm rà, đồng thời bảo vệ dữ liệu cá nhân một cách an toàn. Bên cạnh đó, webcam được bố trí gọn gàng ở cạnh trên màn hình, đáp ứng tốt nhu cầu họp trực tuyến và trao đổi công việc.
Sức mạnh lõi Intel Core 5 và đồ họa tích hợp mượt mà
Linh hồn của laptop ASUS ExpertBook P1 P1503CVA-C5H16-63WS chính là bộ vi xử lý Intel Core 5 210H sở hữu cấu trúc 8 nhân 12 luồng. Sản phẩm xử lý gọn gàng các tệp dữ liệu lớn hay phần mềm quản trị nhờ mức xung nhịp tối đa đạt ngưỡng 4.8GHz. 
Đủ mạnh để thực hiện các tác vụ
Chiếc laptop này còn mang lại trải nghiệm hình ảnh mượt mà khi tích hợp nhân đồ họa Intel Graphics, hỗ trợ tốt cho việc trình chiếu dữ liệu. Sự kết hợp giữa con chip dòng Raptor Lake và hệ thống tản nhiệt thông minh giúp máy duy trì hiệu suất ổn định suốt ngày dài.
Pin 3-cell 63Wh và kết nối USB Type-C hỗ trợ sạc
Laptop ASUS ExpertBook P1 P1503CVA-C5H16-63WS sở hữu viên pin dung lượng 63Wh giúp duy trì thời gian làm việc bền bỉ suốt nhiều giờ liên tục. Sản phẩm được trang bị đầy đủ các cổng giao tiếp hiện đại như HDMI, USB Type-A, USB Type C, Jack 3.5mm để đảm bảo kết nối thiết bị ngoại vi dễ dàng.
Pin cho phép làm việc trong nhiều khung giờ
Trong đó, cổng USB Type-C tích hợp tính năng truyền dữ liệu và sạc nhanh giúp tối ưu hóa sự tiện lợi khi sử dụng cùng các thiết bị ngoại vi đời mới. Ngoài ra, sản phẩm còn trang bị chuẩn Wi-Fi 6 thế hệ 6 giúp cải thiện tốc độ truy cập mạng.
Màn hình 15.6 inch FHD 60Hz tích hợp công nghệ Anti-glare
Laptop ASUS ExpertBook P1 P1503CVA-C5H16-63WS sở hữu không gian hiển thị rộng rãi với độ phân giải Full HD giúp mọi chi tiết hình ảnh trở nên sắc nét. Sản phẩm sử dụng lớp phủ Anti-glare nhằm tán xạ ánh sáng phản chiếu, hỗ trợ người dùng quan sát nội dung rõ ràng trong nhiều điều kiện môi trường.
Quan sát rõ nét dù ở môi trường ánh sáng mạnh
Chiếc laptop này duy trì tốc độ khung hình ổn định thông qua tần số quét 60Hz để các chuyển động trên màn hình diễn ra mượt mà hơn. Điều này giúp người dùng có thể xử lý dữ liệu liên tục mà vẫn cảm thấy dễ chịu, hạn chế tình trạng nhức mỏi mắt.
Mua laptop ASUS ExpertBook P1 P1503CVA-C5H16-63WS giá tốt tại CellphoneS
CellphoneS cung cấp laptop ASUS ExpertBook P1 P1503CVA-C5H16-63WS chính hãng với mức giá ưu đãi và chính sách bảo hành uy tín. Quý khách được trực tiếp kiểm tra máy và nhận tư vấn chuyên sâu từ đội ngũ giàu kinh nghiệm. Máy sẽ được nhân viên trang bị cấu hình cơ bản trước khi đưa đến tay khách hàng. Đặc biệt, CellphoneS còn có chương trình thu cũ đổi mới giúp cân đối chi phí mua sắm.","{""Bộ xử lý & Đồ họa"": [{""name"": ""Loại card đồ họa"", ""value"": ""Intel Graphics""}, {""name"": ""Loại CPU"", ""value"": ""Intel Core 5 210H 2.2 GHz (12MB Cache, up to 4.8 GHz, 8 lõi, 12 luồng)""}], ""Bộ nhớ RAM, Ổ cứng"": [{""name"": ""Dung lượng RAM"", ""value"": ""16GB""}, {""name"": ""Loại RAM"", ""value"": ""DDR5 SO-DIMM""}, {""name"": ""Số khe ram"", ""value"": ""Có thể nâng cấp; Cần tháo vỏ dưới/trên""}, {""name"": ""Ổ cứng"", ""value"": ""512GB SSD M.2 2280 NVMe PCIe 4.0\nKhe mở rộng lưu trữ SSD""}], ""Màn hình"": [{""name"": ""Tần số quét"", ""value"": ""60 Hz""}, {""name"": ""Chất liệu tấm nền"", ""value"": ""Tấm nền IPS""}, {""name"": ""Kích thước màn hình"", ""value"": ""15.6 inches""}, {""name"": ""Công nghệ màn hình"", ""value"": ""Màn hình chống chói\nĐộ phủ màu NTSC 45%\nĐộ sáng 300nits""}, {""name"": ""Độ phân giải màn hình"", ""value"": ""1920 x 1080 pixels (FullHD)""}], ""Âm thanh"": [{""name"": ""Công nghệ âm thanh"", ""value"": ""Âm thanh do Dirac cung cấp\nLoa tích hợp\nMicrophone mảng tích hợp""}], ""Kích thước & Trọng lượng"": [{""name"": ""Chất liệu"", ""value"": ""Vỏ nhựa""}, {""name"": ""Chất liệu vỏ màn hình"", ""value"": ""Nhựa""}, {""name"": ""Chất liệu vỏ trên"", ""value"": ""Nhựa""}, {""name"": ""Chất liệu vỏ dưới"", ""value"": ""Nhựa""}, {""name"": ""Kích thước"", ""value"": ""35.95 x 23.22 x 1.99 ~ 1.99 cm (Dài x Rộng x Dày)""}, {""name"": ""Trọng lượng"", ""value"": ""1.68 kg""}], ""Tiện ích khác"": [{""name"": ""Tính năng đặc biệt"", ""value"": ""Wi-Fi 6, Bảo mật vân tay""}], ""Tính năng khác"": [{""name"": ""Loại đèn bàn phím"", ""value"": ""Bàn phím Chiclet có phím số""}, {""name"": ""Bảo mật"", ""value"": ""Khe khóa bảo mật Kensington Nano (6 x 2.5 mm)\nBảo vệ bằng mật khẩu người dùng khi khởi động BIOS\nMật khẩu người dùng trong thiết lập BIOS\nBảo vệ và bảo mật ổ cứng bằng mật khẩu\nHỗ trợ Absolute Persistence 2.0 (Computrace)\nTPM 2.0""}, {""name"": ""Webcam"", ""value"": ""Camera HD 720p, có màn trập camera""}, {""name"": ""Hệ điều hành"", ""value"": ""Windows 11 Home + Microsoft Office Home 2024 + Microsoft 365 Basic""}], ""Pin & công nghệ sạc"": [{""name"": ""Pin"", ""value"": ""63WHrs, 3S1P, 3-cell Li-ion""}], ""Cổng kết nối"": [{""name"": ""Wi-Fi"", ""value"": ""Wi-Fi 6(802.11ax) (Dual band) 2*2""}, {""name"": ""Bluetooth"", ""value"": ""Bluetooth 5.4""}, {""name"": ""Cổng giao tiếp"", ""value"": ""2 x USB 3.2 Gen 1 Type-A\n2 x USB 3.2 Gen 2 Type-C (hỗ trợ xuất hình & cấp nguồn)\n1 x HDMI 1.4\n1 x Jack tai nghe / micro 3.5 mm\n1 x Cổng mạng RJ45 Gigabit Ethernet""}]}","[""https://cdn2.cellphones.com.vn/x/media/catalog/product/l/a/laptop_asus_expertbook_p1_p1503cva-c5h16-63ws_-_1.png"", ""https://cdn2.cellphones.com.vn/x/media/catalog/product/l/a/laptop_asus_expertbook_p1_p1503cva-c5h16-63ws_-_2.png"", ""https://cdn2.cellphones.com.vn/x/media/catalog/product/l/a/laptop_asus_expertbook_p1_p1503cva-c5h16-63ws_-_3.png""]","{""product_color_1"": {""color"": ""Xám"", ""image_url"": ""https://cellphones.com.vn/laptop-asus-expertbook-p1-p1503cva-c5h16-63ws.html?product_id=123054"", ""price"": ""20.690.000₫""}}"
Laptop ASUS Zenbook 14 UM3406KA-PP590WS,laptop-asus-tuf-gaming-a14-fa401gm-rg013w-ryzen-ai-9,34.990.000đ,32.390.000đ,"Đặc điểm nổi bật
Laptop ASUS Zenbook 14 UM3406KA-PP590WS Ryzen AI 7 được trang bị NPU AMD XDNA với hiệu suất 50 TOPS, hỗ trợ xử lý các tác vụ AI hiệu quả, từ đó nâng cao hiệu suất tổng thể khi làm việc. Mẫu laptop AI này còn đem đến chất lượng hiển thị chuẩn điện ảnh với màn hình 14 inch 3K 120Hz. Trọng lượng chỉ 1.2kg cùng thiết kế thanh mảnh giúp laptop dễ dàng mang theo, phù hợp cho người dùng thường xuyên di chuyển.
Nội dung chính
1. Laptop ASUS Zenbook 14 UM3406KA-PP590WS Ryzen AI 7 - Năng lực xử lý vượt trội
1.1. Xử lý tác vụ AI hiệu quả với AMD XDNA
1.2. Dung lượng RAM, ổ cứng đáp ứng nhu cầu chuyên sâu
1.3. Thiết kế siêu mỏng nhẹ, tiện dụng
1.4. Năng lực xử lý vượt trội hơn
1.5. Giải trí liên tục với viên pin lớn, cổng kết nối đa dạng
1.6. Không gian hiển thị chuẩn điện ảnh với màn hình OLED 3K 120Hz
2. Mua ngay laptop ASUS Zenbook 14 UM3406KA-PP590WS Ryzen AI 7 chính hãng tại CellphoneS
Laptop ASUS Zenbook 14 UM3406KA-PP590WS Ryzen AI 7 - Năng lực xử lý vượt trội
Với cấu hình mạnh mẽ và khả năng xử lý AI vượt trội, ASUS Zenbook 14 UM3406KA-PP590WS sẽ trở thành trợ thủ đắc lực cho người dùng trong công việc. Thiết kế thanh lịch cùng tính cơ động cao giúp người dùng dễ dàng mang theo trong mọi hành trình.
Xử lý tác vụ AI hiệu quả với AMD XDNA
Laptop ASUS Zenbook 14 UM3406KA-PP590WS Ryzen AI 7 được trang bị thêm NPU AMD XDNA để hỗ trợ xử lý các tác vụ AI. Với khả năng thực hiện 50 nghìn tỷ phép tính mỗi giây (50TOPS), mọi tác vụ liên quan đến AI trên mẫu laptop này đều được xử lý nhanh chóng.
Hiệu suất 50TOPS của ASUS Zenbook 14 UM3406KA-PP590WS còn vượt xa tiêu chuẩn tối thiểu 40TOPS do Microsoft đề ra cho các mẫu PC Copilot+. Nhờ vậy, thiết bị có thể tận dụng trọn vẹn các tính năng AI Copilot trên Windows 11 như chỉnh sửa hình ảnh nâng cao, tìm kiếm thông tin, tạo nội dung,...
Dung lượng RAM, ổ cứng đáp ứng nhu cầu chuyên sâu
Laptop ASUS Zenbook 14 UM3406KA-PP590WS Ryzen AI 7 sở hữu 32GB RAM LPDDR5X on board. Mặc dù không hỗ trợ nâng cấp, nhưng 32GB RAM trên laptop vẫn đáp ứng tốt nhu cầu đa nhiệm chuyên sâu.
ASUS còn trang bị cho mẫu laptop Zenbook 14 một ổ cứng SSD có dung lượng 1TB. Ổ cứng SSD dung lượng lớn giúp lưu trữ thoải mái mà không lo máy giật lag hay thiếu dung lượng. Kèm theo đó là khả năng đọc - ghi nhanh chóng, giúp tối ưu thời gian khởi động laptop, mở các phần mềm.
Thiết kế siêu mỏng nhẹ, tiện dụng
Laptop ASUS Zenbook 14 UM3406KA-PP590WS Ryzen AI 7 sở hữu tính di động cao khi có trọng lượng 1.2kg và độ dày 1.49cm. Thiết kế thanh mảnh, gọn nhẹ này giúp người dùng có thể cất laptop trong nhiều loại balo, túi xách. Sản phẩm đạt tiêu chuẩn độ bền quân đội Mỹ US MIL-STD 810H, đảm bảo hoạt động ổn định trong nhiều điều kiện khắc nghiệt.
Phần nắp lưng khắc hoạ tiết vát kim cương cùng tông màu Jade Black tạo nên điểm nhấn hiện đại và thu hút cho thiết bị. Để tăng cường sự thoải mái cho người dùng, laptop Zenbook 14 còn được trang bị bàn phím ASUS ErgoSense với hành trình phím dài cùng tiếng ồn thấp.
Kèm theo đó là bàn di chuột có kích thước lớn, được phủ lớp kỵ nước, chống vân tay để mang tới phản hồi vuốt, chạm mượt mà. Bàn di chuột còn được tích hợp bàn phím số ASUS Numberpad 2.,0 và hỗ trợ các cử chỉ đa chạm.
Năng lực xử lý vượt trội hơn
Laptop ASUS Zenbook 14 UM3406KA-PP590WS Ryzen AI 7 được trang bị bộ xử lý AMD Ryzen AI 7 350 để có được năng lực xử lý vượt trội. Với 8 nhân, 16 luồng, con chip AI của AMD này có khả năng ép xung cực đại 5.0GHz. Đi kèm với bộ nhớ đệm 24MB, Ryzen AI 7 350 sẽ thực hiện các tác vụ xử lý chuyên sâu một cách nhanh chóng, dễ dàng.
Đi kèm với bộ xử lý Ryzen AI 7 350 là GPU tích hợp AMD Radeon Graphics. Nhờ vậy, mẫu laptop ASUS Zenbook này có thể xử lý các tác vụ đồ họa cơ bản mà không cần đến card đồ họa rời.
Giải trí liên tục với viên pin lớn, cổng kết nối đa dạng
Với viên pin 75WHrs, laptop ASUS Zenbook 14 UM3406KA-PP590WS Ryzen AI 7 có thể hoạt động liên tục trong nhiều giờ mà không cần phụ thuộc vào ổ điện. Kèm theo đó là tính năng sạc nhanh qua cổng Type-C cùng khả năng hỗ trợ công suất tối đa 65W.
Các cổng kết nối của ASUS Zenbook 14 Ryzen AI 7 mang lại sự linh hoạt cho công việc và giải trí. Hai cổng USB-C của laptop đều hỗ trợ truyền tải dữ liệu tốc độ cao, sạc nhanh và xuất hình ảnh. Laptop còn được tích hợp các cổng kết nối truyền thống như USB-A, HDMI và jack âm thanh 3.5mm.
Công nghệ Wi-Fi 6E và Bluetooth 5.3 giúp laptop thực hiện kết nối không dây với mạng và các thiết bị ngoại vi mượt mà, ổn định. Webcam của ASUS Zenbook 14 UM3406KA-PP590WS tích hợp cảm biến IR, hỗ trợ đăng nhập bằng khuôn mặt, nâng cao tính bảo mật.
Không gian hiển thị chuẩn điện ảnh với màn hình OLED 3K 120Hz
Laptop ASUS Zenbook 14 UM3406KA-PP590WS Ryzen AI 7 mang tới không gian hiển thị chuẩn điện ảnh với màn hình OLED 14 inch 3K. Công nghệ OLED hỗ trợ độ sáng lên tới 600 nits cùng độ tương phản cao, dải màu 100% DCI-P3 giúp hình luôn có được độ chân thực.
Tốc độ làm mới 120Hz giúp giảm thiểu hiện tượng giật lag khi cuộn trang, xem video và mang lại chuyển động hình ảnh mượt mà. Với chứng nhận TUV Rheinland, màn hình ASUS Zenbook 14 UM3406KA-PP590WS còn giảm tới 70% lượng ánh sáng xanh phát ra và bảo vệ mắt người dùng hiệu quả hơn.
Mua ngay laptop ASUS Zenbook 14 UM3406KA-PP590WS Ryzen AI 7 chính hãng tại CellphoneS
Laptop ASUS Zenbook 14 UM3406KA-PP590WS Ryzen AI 7 đã có thể trải nghiệm tại khu vực trưng bày sản phẩm của các cửa hàng CellphoneS. Với các chương trình ưu đãi, chiết khấu S-Student, Smember,...mẫu laptop ASUS này còn có giá bán cạnh tranh.
Gói bảo hành dài hạn đi kèm laptop giúp khách hàng luôn được hỗ trợ kịp thời trong quá trình trải nghiệm laptop. Với chính sách trả góp, thu cũ lên đời và giao hàng miễn phí, khách hàng sẽ dễ dàng sở hữu chiếc laptop Zenbook này.","{""Bộ xử lý & Đồ họa"": [{""name"": ""Chip AI"", ""value"": ""AMD XDNA NPU up to 50TOPS""}, {""name"": ""Loại card đồ họa"", ""value"": ""AMD Radeon Graphics""}, {""name"": ""Loại CPU"", ""value"": ""AMD Ryzen AI 7 350 2.0GHz (24MB Cache, up to 5.0GHz, 8 lõi, 16 luồng)""}], ""Bộ nhớ RAM, Ổ cứng"": [{""name"": ""Dung lượng RAM"", ""value"": ""32GB""}, {""name"": ""Loại RAM"", ""value"": ""LPDDR5X Onboard""}, {""name"": ""Ổ cứng"", ""value"": ""1TB M.2 NVMe PCIe 4.0 SSD""}], ""Màn hình"": [{""name"": ""Tần số quét"", ""value"": ""120Hz""}, {""name"": ""Chất liệu tấm nền"", ""value"": ""Tấm nền Oled""}, {""name"": ""Kích thước màn hình"", ""value"": ""14 inches""}, {""name"": ""Công nghệ màn hình"", ""value"": ""Độ sáng 400nits\nĐộ sáng cực đại 600nits HDR\nĐộ phủ màu 100% DCI-P3\nTỷ lệ tương phản 1.000.000:1\nHDR True Black 600\n1.07 tỷ màu\nÁnh sáng xanh thấp ít hơn 70%\nTÜV Rheinland\nMàn hình chăm sóc mắt SGS""}, {""name"": ""Độ phân giải màn hình"", ""value"": ""2880 x 1800 pixels""}], ""Âm thanh"": [{""name"": ""Công nghệ âm thanh"", ""value"": ""Công nghệ Smart Amp\nLoa tích hợp\nMicrô mảng tích hợp""}], ""Kích thước & Trọng lượng"": [{""name"": ""Chất liệu"", ""value"": ""Vỏ kim loại""}, {""name"": ""Chất liệu vỏ màn hình"", ""value"": ""Nhôm""}, {""name"": ""Chất liệu vỏ trên"", ""value"": ""Nhôm""}, {""name"": ""Chất liệu vỏ dưới"", ""value"": ""Nhôm""}, {""name"": ""Kích thước"", ""value"": ""31.24 x 22.01 x 1.49 ~ 1.49 cm (Dài x Rộng x Dày)""}, {""name"": ""Trọng lượng"", ""value"": ""1.20 kg""}], ""Tiện ích khác"": [{""name"": ""Tính năng đặc biệt"", ""value"": ""Wi-Fi 6, Nhận diện khuôn mặt, Màn hình Oled""}], ""Tính năng khác"": [{""name"": ""Loại đèn bàn phím"", ""value"": ""Bàn phím Chiclet có đèn nền Với phím Copilot""}, {""name"": ""Bảo mật"", ""value"": ""Webcam IR hỗ trợ Windows Hello\nMcAfee\nBIOS Booting User Password Protection\nBIOS setup user password\nMicrosoft Pluton security processor\nTrusted Platform Module (Firmware TPM)""}, {""name"": ""Webcam"", ""value"": ""Camera FHD có chức năng IR hỗ trợ Windows Hello; Có màn trập camera""}, {""name"": ""Hệ điều hành"", ""value"": ""Windows 11 Home + Microsoft Office Home 2024 + Microsoft 365 Basic""}], ""Pin & công nghệ sạc"": [{""name"": ""Pin"", ""value"": ""75WHrs, 4S1P, 4-cell Li-ion""}], ""Cổng kết nối"": [{""name"": ""Wi-Fi"", ""value"": ""Wi-Fi 6E(802.11ax) (Dual band) 2*2""}, {""name"": ""Bluetooth"", ""value"": ""Bluetooth 5.3""}, {""name"": ""Cổng giao tiếp"", ""value"": ""1x USB 3.2 Gen 1 Type-A (5Gbps)\n1x USB 3.2 Gen 2 Type-C hỗ trợ hiển thị/Sạc (10Gbps)\n1x USB 4.0 Gen 3 Type-C hỗ trợ hiển thị/Sạc (40Gbps)\n1x HDMI 2.1 TMDS\n1x Giắc cắm âm thanh kết hợp 3.5mm""}]}","[""https://cdn2.cellphones.com.vn/x/media/catalog/product/l/a/laptop_asus_zenbook_14_um3406ka-pp590ws_-_1.png"", ""https://cdn2.cellphones.com.vn/x/media/catalog/product/l/a/laptop_asus_zenbook_14_um3406ka-pp590ws_-_2.png"", ""https://cdn2.cellphones.com.vn/x/media/catalog/product/l/a/laptop_asus_zenbook_14_um3406ka-pp590ws_-_3.png""]","{""product_color_1"": {""color"": ""Đen"", ""image_url"": ""https://cellphones.com.vn/laptop-asus-zenbook-14-um3406ka-pp590ws-ryzen-ai-7.html?product_id=106950"", ""price"": ""32.390.000₫""}}"
Laptop ASUS TUF Gaming A14 FA401GM-RG013W,laptop-asus-zenbook-14-ux3405ca-pz204ws,57.990.000đ,53.490.000đ,"Đặc điểm nổi bật
Laptop Asus TUF Gaming A14 FA401GM-RG013W Ryzen AI 9 gây ấn tượng với sức mạnh AI 50 TOPS kết hợp RTX 5060, đáp ứng tốt nhu cầu làm việc và giải trí. Laptop sở hữu màn hình 2.5K 165Hz giúp hình ảnh hiển thị rõ và sắc nét. Ngoài ra, màu Jaeger Gray hiện đại của máy tạo nên tổng thể mạnh mẽ và tinh tế.
Nội dung chính
1. Laptop Asus TUF Gaming A14 FA401GM-RG013W Ryzen AI 9 - Hiệu năng AI vượt trội, mạnh mẽ
1.1. Công nghệ xử lý AI mới với NPU 50 TOPS mạnh mẽ
1.2. Bứt phá hiệu năng với Ryzen AI 9 và đồ họa RTX 5060
1.3. Xử lý đa nhiệm với RAM 32GB và 1TB lưu trữ
1.4. Thiết kế gọn nhẹ với màu sắc Jaeger Gray sang trọng
1.5. Màn hình 2.5K sắc nét cùng tần số quét cao 165Hz
1.6. Pin 73Wh sạc nhanh bền bỉ với cổng USB 4 hiện đại
2. Mua laptop Asus TUF Gaming A14 FA401GM-RG013W Ryzen AI 9 chính hãng tại CellphoneS
Laptop Asus TUF Gaming A14 FA401GM-RG013W Ryzen AI 9 - Hiệu năng AI vượt trội, mạnh mẽ
Mẫu laptop Asus TUF này mang đến trải nghiệm gaming mượt mà cùng khả năng đa nhiệm ổn định nhờ sức mạnh AI kết hợp đồ họa hiệu suất cao. Thiết kế gọn nhẹ cùng các tính năng ưu việt giúp người dùng làm việc và giải trí hiệu quả.
Công nghệ xử lý AI mới với NPU 50 TOPS mạnh mẽ
Laptop Asus TUF Gaming A14 FA401GM-RG013W Ryzen AI 9 sở hữu bộ xử lý NPU AMD XDNA đạt hiệu năng ấn tượng lên đến 50 TOPS. Đây là nền tảng đột phá giúp xử lý các tác vụ trí tuệ nhân tạo thế hệ mới thông minh và nhanh chóng.
Laptop có khả năng xử lý AI mạnh mẽ
Máy tính được tích hợp camera 1080P FHD IR hỗ trợ Windows Hello, giúp nhận diện khuôn mặt an toàn. Sản phẩm được trang bị lọc tiếng ồn AI kết hợp Dolby Atmos, mang lại chất lượng đàm thoại và giải trí chân thực. Hệ thống Mic Array trên máy giúp thu âm rõ nét trong nhiều môi trường khác nhau.
Bứt phá hiệu năng với Ryzen AI 9 và đồ họa RTX 5060
Laptop Asus TUF Gaming A14 FA401GM-RG013W Ryzen AI 9 được tích hợp chip AMD Ryzen AI 9 465 Processor với 10 nhân và 20 luồng mạnh mẽ. Với xung nhịp lên tới 5.0GHz, máy có thể xử lý mượt mà từ các ứng dụng đồ họa nặng đến chơi game chuyên nghiệp.
Máy tính có hiệu năng cao cho phép xử lý đồ họa nặng
Máy sử dụng card NVIDIA GeForce RTX 5060 8GB GDDR7 công suất 105W, góp phần nâng cao hiệu suất đồ họa. Công nghệ MUX Switch kết hợp Optimus giúp tối ưu khung hình và tiết kiệm điện năng hiệu quả.
Xử lý đa nhiệm với RAM 32GB và 1TB lưu trữ
Laptop Asus TUF Gaming A14 FA401GM-RG013W Ryzen AI 9 có bộ nhớ 32GB LPDDR5X onboard chạy kênh đôi, mang đến khả năng đa nhiệm ấn tượng. Người dùng có thể xử lý đồng thời nhiều tác vụ nặng với độ phản hồi nhanh, hạn chế tình trạng giật lag.
Laptop cho khả năng xử lý nhiều tác vụ mượt mà
Máy được trang bị 1TB dung lượng lưu trữ, đáp ứng tốt nhu cầu cài đặt ứng dụng và lưu trữ dữ liệu. Ngoài ra, thiết bị còn sở hữu hai khe M.2 PCIe, hỗ trợ nâng cấp bộ nhớ khi cần thiết. Nhờ đó, người dùng có thể thoải mái lưu trữ tài liệu, game hay nội dung đa phương tiện mà ít khi phải lo lắng về dung lượng bộ nhớ.
Thiết kế gọn nhẹ với màu sắc Jaeger Gray sang trọng
Laptop Asus TUF Gaming A14 FA401GM-RG013W Ryzen AI 9 có khối lượng 1.46 kg, thuộc nhóm laptop gaming 14 inch nhỏ gọn. Nhờ kiểu dáng tiện lợi, máy dễ dàng được mang theo khi cần. Bàn phím Chiclet tích hợp phím Copilot riêng biệt, giúp người dùng thao tác nhanh và nâng cao trải nghiệm.
Laptop có trọng lượng nhẹ tiện mang theo di chuyển
Lớp vỏ Jaeger Gray tinh tế với độ mỏng 1.69 cm tạo nên vẻ ngoài sang trọng và chuyên nghiệp. Phần mặt lưng được thiết kế tối ưu nhằm nâng cao hiệu quả tản nhiệt cho thiết bị. Qua đó, tổng thể thiết kế vừa có tính thẩm mỹ cao, vừa duy trì hiệu suất bền bỉ trong quá trình sử dụng.
Màn hình 2.5K sắc nét cùng tần số quét cao 165Hz
Laptop Asus TUF Gaming A14 FA401GM-RG013W Ryzen AI 9 trang bị màn hình 14 inch 2.5K tỷ lệ 16:10, mang đến khả năng hiển thị chi tiết. Tấm nền IPS-level với mức sáng 400 nits giúp hình ảnh được thể hiện rõ nét. Lớp phủ hạn chế lóa góp phần giảm mỏi mắt khi ngồi máy tính lâu.
Độ phân giải màn hình 2.5K cho ảnh hiển thị rõ nét
Tần số quét 165Hz kết hợp công nghệ NVIDIA G-Sync giúp hạn chế hiện tượng xé hình khi chơi các tựa game tốc độ cao. Độ phủ màu chuẩn sRGB hỗ trợ tái hiện màu sắc chân thực, phù hợp cho thiết kế và sáng tạo nội dung. Vì vậy, màn hình mang lại trải nghiệm tối ưu cho game thủ cũng như người làm đồ họa.
Pin 73Wh sạc nhanh bền bỉ với cổng USB 4 hiện đại
Laptop Asus TUF Gaming A14 FA401GM-RG013W Ryzen AI 9 sử dụng pin 73WHrs, hỗ trợ tốt cho các hoạt động làm việc lẫn giải trí. Công nghệ sạc nhanh cho phép nạp khoảng 50% pin trong 30 phút, giúp hạn chế gián đoạn khi dùng. Tuy nhiên, thời gian sạc pin có thể nhanh hoặc chậm tùy theo tình trạng pin thực tế.
Thiết bị sở hữu pin bền bỉ cho ngày dài sử dụng
Laptop có cổng USB 4 tốc độ cao 40Gbps hỗ trợ xuất hình DisplayPort và sạc năng lượng tiện lợi. Kết nối Wi-Fi 6E ba băng tần cùng Bluetooth 5.3 mang lại đường truyền internet ổn định. Ngoài ra, các cổng HDMI 2.1 và USB 3.2 Gen 2 cho phép kết nối linh hoạt, dễ dàng tương thích với đa dạng thiết bị ngoại vi.
Mua laptop Asus TUF Gaming A14 FA401GM-RG013W Ryzen AI 9 chính hãng tại CellphoneS
Laptop Asus TUF Gaming A14 FA401GM-RG013W Ryzen AI 9 chính hãng hiện đã có mặt tại CellphoneS với mức giá cạnh tranh. Khi chọn mua tại đây, quý khách không chỉ nhận sản phẩm mới nguyên seal mà còn được hưởng nhiều ưu đãi hấp dẫn cùng quà tặng giá trị đi kèm.
Ngoài ra, CellphoneS có hỗ trợ đổi mới 1:1 khi sản phẩm gặp lỗi kỹ thuật từ nhà sản xuất. Đồng thời, chính sách trả góp 0% lãi suất giúp việc sở hữu chiếc laptop AI hiệu năng cao trở nên đơn giản hơn.","{""Bộ xử lý & Đồ họa"": [{""name"": ""Chip AI"", ""value"": ""AMD XDNA NPU up to 50TOPS""}, {""name"": ""Loại card đồ họa"", ""value"": ""NVIDIA GeForce RTX 5060 8GB GDDR7\nAMD Radeon Graphics""}, {""name"": ""Loại CPU"", ""value"": ""AMD Ryzen AI 9 465 2.0GHz (34MB Cache, up to 5.0GHz, 10 lõi, 20 luồng)""}], ""Bộ nhớ RAM, Ổ cứng"": [{""name"": ""Dung lượng RAM"", ""value"": ""32GB""}, {""name"": ""Loại RAM"", ""value"": ""LPDDR5X on board""}, {""name"": ""Số khe ram"", ""value"": ""2 khe (2 x 16GB, không nâng cấp)""}, {""name"": ""Ổ cứng"", ""value"": ""1TB PCIe 4.0 NVMe M.2 SSD (2 Khe cắm M.2 hỗ trợ cả SATA hoặc NVMe, tối đa 2TB)""}], ""Màn hình"": [{""name"": ""Tần số quét"", ""value"": ""165 Hz""}, {""name"": ""Chất liệu tấm nền"", ""value"": ""Tấm nền IPS""}, {""name"": ""Kích thước màn hình"", ""value"": ""14 inches""}, {""name"": ""Công nghệ màn hình"", ""value"": ""Độ sáng 400 nits\nTỷ lệ tương phản 1000:1\nĐộ phủ màu SRGB 100%\nMàn hình chống chói\nG-Sync""}, {""name"": ""Độ phân giải màn hình"", ""value"": ""2560 x 1600 pixels (2.5K)""}], ""Âm thanh"": [{""name"": ""Công nghệ âm thanh"", ""value"": ""Công nghệ khử ồn AI\nDolby Atmos\nChứng nhận Hi-Res Audio (cho tai nghe)\nHỗ trợ Microsoft Cortana gần/xa (dịch vụ đã ngừng từ 2023)""}], ""Tiện ích khác"": [{""name"": ""Tính năng đặc biệt"", ""value"": ""Wi-Fi 6, Nhận diện khuôn mặt, MUX Switch""}], ""Tính năng khác"": [{""name"": ""Loại đèn bàn phím"", ""value"": ""Bàn phím Chiclet có đèn nền đơn Với phím Copilot\nMUX Switch + Optimus""}, {""name"": ""Bảo mật"", ""value"": ""Bảo mật mật khẩu BIOS (quản trị viên & người dùng)\nSecured-core PC (Cấp độ 3)\nTrusted Platform Module (Firmware TPM)""}, {""name"": ""Webcam"", ""value"": ""Camera hồng ngoại FHD 1080P dành cho Windows Hello""}, {""name"": ""Hệ điều hành"", ""value"": ""Windows 11 Home""}], ""Pin & công nghệ sạc"": [{""name"": ""Pin"", ""value"": ""73WHrs, 4S1P, 4-cell Li-ion\nSạc từ 0-50% trong 30 phút""}], ""Kích thước & Trọng lượng"": [{""name"": ""Kích thước"", ""value"": ""31.1 x 22.7 x 1.69 ~ 1.99 cm (Dài x Rộng x Dày)""}, {""name"": ""Trọng lượng"", ""value"": ""1.46 kg""}], ""Cổng kết nối"": [{""name"": ""Wi-Fi"", ""value"": ""Wi-Fi 6E(802.11ax) (Triple band) 2*2""}, {""name"": ""Bluetooth"", ""value"": ""Bluetooth 5.3""}, {""name"": ""Cổng giao tiếp"", ""value"": ""1 x USB-C USB 4 (DisplayPort, Power Delivery, 40Gbps)\n1 x USB-C 3.2 Gen 2 (DisplayPort, G-SYNC, 10Gbps)\n2 x USB 3.2 Gen 2 Type-A (10Gbps)\n1 x microSD UHS-II (312MB/s)\n1 x HDMI 2.1 FRL\n1 x jack âm thanh 3.5 mm\nMicro tích hợp""}]}","[""https://cdn2.cellphones.com.vn/x/media/catalog/product/l/a/laptop_asus_tuf_gaming_a14_fa401gm-rg013w_-_1.png"", ""https://cdn2.cellphones.com.vn/x/media/catalog/product/l/a/laptop_asus_tuf_gaming_a14_fa401gm-rg013w_-_2.png"", ""https://cdn2.cellphones.com.vn/x/media/catalog/product/l/a/laptop_asus_tuf_gaming_a14_fa401gm-rg013w_-_3.png""]","{""product_color_1"": {""color"": ""Xám"", ""image_url"": ""https://cellphones.com.vn/laptop-asus-tuf-gaming-a14-fa401gm-rg013w-ryzen-ai-9.html?product_id=125925"", ""price"": ""53.490.000₫""}}"
Laptop ASUS Zenbook 14 UX3405CA-PZ204WS,laptop-asus-vivobook-s14-m3407ka-sf032ws-ryzen-ai-7,40.290.000đ,34.890.000đ,"Đặc điểm nổi bật
Laptop ASUS Zenbook 14 UX3405CA-PZ204WS sở hữu vi xử lý Intel Core Ultra 9 285H mạnh mẽ, RAM 32GB và SSD 1TB đảm bảo hiệu suất mạnh mẽ, vượt trội. Máy trang bị màn hình OLED 14 inch 3K, tần số quét 120Hz, hỗ trợ cảm ứng với bút stylus. Với trọng lượng chỉ 1.28 kg, pin 75Wh và Wi-Fi 7, đây là lựa chọn lý tưởng cho công việc di động.
Nội dung chính
1. Laptop ASUS Zenbook 14 UX3405CA-PZ204WS - Thời thượng, đẳng cấp, ổn định
1.1. Mạnh mẽ và siêu tốc với RAM khủng SSD tối ưu hiệu năng
1.2. Phong cách hiện đại, làm nên dấu ấn riêng
1.3. Hiệu suất đỉnh cao, chinh phục mọi tác vụ trong chớp mắt
1.4. Pin bền bỉ, kết nối toàn diện – Sẵn sàng cho mọi tác vụ
1.5. Màn hình OLED 3K đỉnh cao, siêu mượt với 120Hz
2. Mua laptop ASUS Zenbook 14 UX3405CA-PZ204WS chính hãng tại CellphoneS
Laptop ASUS Zenbook 14 UX3405CA-PZ204WS - Thời thượng, đẳng cấp, ổn định
Laptop ASUS Zenbook 14 UX3405CA-PZ204WS sở hữu thiết kế tinh tế, gọn nhẹ, mang đến sự tiện lợi khi di chuyển. Màn hình cảm ứng đi kèm bút stylus giúp nâng cao hiệu suất làm việc và khả năng sáng tạo. Thiết bị laptop ASUS Zenbook này hiệu quả và linh hoạt cho mọi hoạt động, tình huống.
Mạnh mẽ và siêu tốc với RAM khủng SSD tối ưu hiệu năng
Với dung lượng RAM 32GB, laptop ASUS Zenbook 14 UX3405CA-PZ204WS mang đến khả năng đa nhiệm ấn tượng, giúp người dùng làm việc trên nhiều ứng dụng cùng lúc. Từ chỉnh sửa đồ họa, lập trình đến chạy máy ảo, mọi thao tác đều diễn ra nhanh chóng và mượt mà, tối ưu hiệu suất làm việc, không lo giật lag.
Ngoài ra, với SSD 1TB PCIe NVMe, chiếc laptop này không chỉ mang đến dung lượng lưu trữ dồi dào mà còn đảm bảo tốc độ đọc/ghi siêu nhanh. Hệ điều hành khởi động trong giây lát, ứng dụng mở ngay tức thì, giúp người dùng tiết kiệm thời gian và nâng cao hiệu suất công việc.
Phong cách hiện đại, làm nên dấu ấn riêng
Laptop ASUS Zenbook 14 UX3405CA-PZ204WS sở hữu thiết kế siêu mỏng với độ hoàn thiện cao, mang đến vẻ ngoài hiện đại và chuyên nghiệp. Với trọng lượng chỉ 1.28 kg, máy dễ dàng bỏ gọn vào balo, thuận tiện cho di chuyển. Các đường nét tinh xảo, kết hợp bản lề ErgoLift giúp góc gõ phím thoải mái hơn, mang lại trải nghiệm sử dụng tối ưu.
Sắc xanh thời thượng không chỉ tôn lên vẻ ngoài sang trọng mà còn thể hiện cá tính riêng biệt và đẳng cấp của người sở hữu. Chất liệu kim loại cao cấp tăng cường độ bền, đồng thời mang đến cảm giác cầm nắm sang trọng và chắc chắn. Đây là sự lựa chọn lý tưởng cho những ai đề cao sự tinh tế, độc đáo nhưng đảm bảo tính tiện dụng trong trải nghiệm.
Hiệu suất đỉnh cao, chinh phục mọi tác vụ trong chớp mắt
Laptop ASUS Zenbook 14 UX3405CA-PZ204WS sở hữu vi xử lý Intel Core Ultra 9 285H, mang đến hiệu năng mạnh mẽ, sẵn sàng chinh phục mọi tác vụ một cách mượt mà. Dù làm việc văn phòng, lập trình hay xử lý đồ họa nặng, con chip này vẫn đảm bảo tốc độ xử lý nhanh chóng, mượt mà và ổn định. 
Laptop ASUS Zenbook 14 UX3405CA-PZ204WS sử dụng GPU Intel Arc Graphics, cho khả năng xử lý hình ảnh, video và các tác vụ đồ họa một cách hiệu quả. Card đồ họa này hỗ trợ tốt cho các nhà sáng tạo nội dung, từ chỉnh sửa ảnh chuyên nghiệp đến thiết kế 3D, dựng phim nhẹ nhàng.
Sự kết hợp giữa Intel Core Ultra 9 và GPU Intel Arc Graphics giúp chiếc laptop trở thành một công cụ tuyệt vời cho cả công việc lẫn giải trí. Dù chạy đa nhiệm hay xử lý các phần mềm chuyên dụng, máy vẫn vận hành mượt mà, hạn chế giật lag. Đây là người bạn đồng hành lý tưởng cho ai cần một chiếc laptop đa năng, đáp ứng mọi yêu cầu công việc, giải trí.
Pin bền bỉ, kết nối toàn diện – Sẵn sàng cho mọi tác vụ
Laptop ASUS Zenbook 14 UX3405CA-PZ204WS được trang bị viên pin 75Wh dung lượng cao, giúp làm việc và giải trí suốt nhiều giờ mà không lo gián đoạn. Công nghệ sạc nhanh giúp bổ sung năng lượng nhanh chóng, đảm bảo thiết bị luôn sẵn sàng cho mọi công việc. Dù là làm việc hay di chuyển liên tục, chiếc laptop vẫn duy trì hiệu suất ổn định cả ngày.
Dù sở hữu thiết kế mỏng nhẹ, Zenbook 14 vẫn được trang bị đầy đủ các cổng kết nối hiện đại như Thunderbolt 4, USB-A, HDMI và jack tai nghe 3.5mm. Điều này giúp người dùng dễ dàng kết nối với nhiều thiết bị ngoại vi, từ truyền dữ liệu tốc độ cao đến xuất hình ảnh ra màn hình ngoài mà không cần thêm bộ chuyển đổi.
Ngoài ra, Wi-Fi 7 tiên tiến mang lại tốc độ mạng vượt trội, giúp làm việc mượt mà, không lo gián đoạn khi họp trực tuyến hay tải dữ liệu lớn. Nhờ công nghệ kết nối không dây mới nhất, Zenbook 14 đảm bảo trải nghiệm làm việc linh hoạt và hiệu quả trong mọi tình huống.
Màn hình OLED 3K đỉnh cao, siêu mượt với 120Hz
Laptop ASUS Zenbook 14 UX3405CA-PZ204WS sở hữu màn hình OLED 14 inch độ phân giải 3K, mang đến chất lượng hiển thị tuyệt vời. Màn hình sở hữu gam màu rực rỡ và khả năng tái tạo màu sắc cực kỳ chính xác. Nhờ công nghệ OLED tiên tiến, mọi hình ảnh đều trở nên sống động và chân thực, giúp trải nghiệm xem phim, làm việc thật tuyệt vời.
Với tần số quét 120Hz, màn hình Zenbook 14 mang đến chuyển động mượt mà, hạn chế tối đa hiện tượng xé hình và giật lag, nâng cao trải nghiệm thị giác. Đặc biệt hữu ích khi lướt web, chỉnh sửa video hay chơi game đem lại trải nghiệm trên cả tuyệt vời. Kết hợp với khả năng cảm ứng linh hoạt và bút stylus đi kèm giúp tối ưu cho công việc sáng tạo.
Mua laptop ASUS Zenbook 14 UX3405CA-PZ204WS chính hãng tại CellphoneS
Laptop ASUS Zenbook 14 UX3405CA-PZ204WS đảm bảo hiệu suất mạnh mẽ, đáp ứng tốt nhu cầu làm việc và giải trí. Tại CellPhoneS, người dùng sẽ yên tâm với sản phẩm bảo hành đầy đủ từ ASUS. Sự hỗ trợ tận tâm từ đội ngũ chăm sóc khách hàng CellphoneS sẽ mang đến cho bạn trải nghiệm sử dụng một cách an tâm nhất. Hãy đến ngay CellphoneS nhé !","{""Bộ xử lý & Đồ họa"": [{""name"": ""Chip AI"", ""value"": ""Intel AI Boost NPU up to 13""}, {""name"": ""Loại card đồ họa"", ""value"": ""Intel Arc Graphics""}, {""name"": ""Loại CPU"", ""value"": ""Intel Core Ultra 9 285H 2.9 GHz (24MB Cache, up to 5.4 GHz, 16 lõi, 16 luồng)""}], ""Bộ nhớ RAM, Ổ cứng"": [{""name"": ""Dung lượng RAM"", ""value"": ""32GB""}, {""name"": ""Loại RAM"", ""value"": ""LPDDR5X on board""}, {""name"": ""Ổ cứng"", ""value"": ""1TB M.2 NVMe PCIe 4.0 SSD""}], ""Màn hình"": [{""name"": ""Tần số quét"", ""value"": ""120 Hz""}, {""name"": ""Chất liệu tấm nền"", ""value"": ""Tấm nền Oled""}, {""name"": ""Kích thước màn hình"", ""value"": ""14 inches""}, {""name"": ""Công nghệ màn hình"", ""value"": ""Thời gian phản hồi 0.2ms\nĐộ sáng 400nits\nĐộ sáng tối đa 500nits HDR\nĐộ phủ màu 100% DCI-P3\nGamut mapping\nHDR True Black 500\n1.07 tỷ màu\nGiảm 70% ánh sáng xanh có hại\nTÜV Rheinland-certified\nMàn hình chăm sóc mắt SGS""}, {""name"": ""Độ phân giải màn hình"", ""value"": ""2880 x 1800 pixels""}], ""Âm thanh"": [{""name"": ""Công nghệ âm thanh"", ""value"": ""Công nghệ Smart Amp\nLoa tích hợp\nMicrô mảng tích hợp""}], ""Kích thước & Trọng lượng"": [{""name"": ""Chất liệu"", ""value"": ""Vỏ kim loại""}, {""name"": ""Chất liệu vỏ màn hình"", ""value"": ""Nhôm""}, {""name"": ""Chất liệu vỏ trên"", ""value"": ""Nhôm""}, {""name"": ""Chất liệu vỏ dưới"", ""value"": ""Nhôm""}, {""name"": ""Kích thước"", ""value"": ""31.24 x 22.01 x 1.49 ~ 1.49 cm (Dài x Rộng x Dày)""}, {""name"": ""Trọng lượng"", ""value"": ""1.28 kg""}], ""Tiện ích khác"": [{""name"": ""Tính năng đặc biệt"", ""value"": ""Màn hình cảm ứng, Nhận diện khuôn mặt, Wi-Fi 7""}], ""Tính năng khác"": [{""name"": ""Loại đèn bàn phím"", ""value"": ""Bàn phím Chiclet có đèn nền""}, {""name"": ""Bảo mật"", ""value"": ""Webcam IR hỗ trợ Windows Hello\nMcAfee\nTrusted Platform Module (Phần mềm TPM)""}, {""name"": ""Webcam"", ""value"": ""Camera FHD có chức năng IR hỗ trợ Windows Hello\nCó màn trập camera""}, {""name"": ""Hệ điều hành"", ""value"": ""Windows 11 Home + Microsoft Office Home 2024 + Microsoft 365 Basic""}], ""Pin & công nghệ sạc"": [{""name"": ""Pin"", ""value"": ""75WHrs, 2S2P, 4-cell Li-ion""}], ""Cổng kết nối"": [{""name"": ""Wi-Fi"", ""value"": ""Wi-Fi 7(802.11be) (Tri-band)2*2""}, {""name"": ""Bluetooth"", ""value"": ""Bluetooth 5.4""}, {""name"": ""Cổng giao tiếp"", ""value"": ""1x USB 3.2 Gen 1 Type-A (tốc độ dữ liệu lên đến 5Gbps)\n2x Thunderbolt 4 hỗ trợ hiển thị/cung cấp điện (tốc độ dữ liệu lên đến 40Gbps)\n1x HDMI 2.1 TMDS\n1x Giắc cắm âm thanh kết hợp 3.5mm""}]}","[""https://cdn2.cellphones.com.vn/x/media/catalog/product/l/a/laptop_asus_zenbook_14_ux3405ca-pz204ws_-_2.png"", ""https://cdn2.cellphones.com.vn/x/media/catalog/product/l/a/laptop_asus_zenbook_14_ux3405ca-pz204ws_-_3.png"", ""https://cdn2.cellphones.com.vn/x/media/catalog/product/t/e/text_ng_n_29__9_22_1_1.png""]","{""product_color_1"": {""color"": ""Xanh"", ""image_url"": ""https://cellphones.com.vn/laptop-asus-zenbook-14-ux3405ca-pz204ws.html?product_id=100874"", ""price"": ""34.890.000₫""}}"
Laptop ASUS Vivobook S14 M3407KA-SF032WS,laptop-asus-vivobook-go-15-e1504fa-nj454w,25.990.000đ,24.390.000đ,"Đặc điểm nổi bật
Laptop Asus Vivobook S14 M3407KA-SF032WS Ryzen AI 7 trang bị bộ nhớ RAM 32GB DDR5 gồm 16GB onboard và 16GB SO-DIMM, cho khả năng đa nhiệm ổn định. Với ổ cứng SSD M.2 NVMe PCIe 4.0 dung lượng 512GB, máy mang lại khả năng truy xuất dữ liệu nhanh. Màn hình OLED 14 inch của thiết bị có độ sáng 300 nits rõ nét và sống động.
Nội dung chính
1. Laptop Asus Vivobook S14 M3407KA-SF032WS Ryzen AI 7 - Hiệu năng mạnh mẽ và ổn định
1.1. Trang bị công nghệ AI hiện đại
1.2. Dung lượng lưu trữ lớn
1.3. Thiết kế tinh tế, hiện đại
1.4. Đồ họa sắc nét và hiệu năng ổn định
1.5. Viên pin lớn đến 70Wh và đa dạng cổng kết nối
1.6. Màn hình với độ phân giải cao
2. Mua laptop Asus Vivobook S14 M3407KA-SF032WS Ryzen AI 7 chính hãng tại CellphoneS
Laptop Asus Vivobook S14 M3407KA-SF032WS Ryzen AI 7 - Hiệu năng mạnh mẽ và ổn định
Laptop Asus Vivobook S14 M3407KA-SF032WS Ryzen AI 7 gây ấn tượng với thiết kế hiện đại cùng cấu hình mạnh mẽ, đáp ứng nhu cầu sử dụng đa dạng. Sự kết hợp giữa công nghệ tiên tiến và hiệu suất tối ưu giúp thiết bị vận hành mượt mà trong nhiều tình huống.
Trang bị công nghệ AI hiện đại
M3407KA-SF032WS Ryzen AI 7 sử dụng bộ vi xử lý AMD Ryzen™ AI 7 350 với 8 nhân và 16 luồng cùng chỉ số NPU đạt tới 50TOPS. Bộ nhớ đệm của dòng laptop AI này là 24MB giúp tăng khả năng phản hồi và cải thiện hiệu quả khi xử lý dữ liệu phức tạp.
Laptop Asus Vivobook S14 M3407KA-SF032WS Ryzen AI 7 tích hợp tính năng 'Chống ồn AI"", giúp lọc âm thanh hiệu quả trong các cuộc gọi và hội họp trực tuyến. Nhờ đó, người dùng có thể làm việc trong môi trường ồn ào mà vẫn đảm bảo chất lượng giao tiếp rõ ràng.
Dung lượng lưu trữ lớn
Thiết bị được trang bị tổng dung lượng bộ nhớ 32GB DDR5, gồm 16GB tích hợp và 16GB dạng SO-DIMM, mang lại hiệu suất ổn định trong quá trình xử lý đa nhiệm. Nhờ ứng dụng bộ nhớ thế hệ mới, thiết bị cải thiện rõ rệt khả năng phản hồi khi chạy các phần mềm nặng và đẩy nhanh tốc độ truyền tải dữ liệu.
Về lưu trữ, laptop Asus Vivobook S14 M3407KA-SF032WS Ryzen AI 7 sử dụng ổ cứng SSD chuẩn M.2 NVMe™ PCIe® 4.0 dung lượng 512GB, đảm bảo tốc độ truy xuất cao. Không gian lưu trữ này đáp ứng tốt cho việc cài đặt hệ điều hành, phần mềm cũng như lưu trữ dữ liệu cá nhân. 
Thiết kế tinh tế, hiện đại
Thiết bị sở hữu thiết kế gọn gàng với kích thước 31.52 x 22.34 x 1.59 ~ 1.86 cm, dễ dàng bỏ vừa balo hoặc túi xách để di chuyển. Trọng lượng khi có pin chỉ khoảng 1.40 kg, còn khi không có pin chỉ còn 1.14 kg, giúp tăng tính linh hoạt cho người sử dụng. 
Bàn phím dạng Chiclet được tích hợp đèn nền hỗ trợ tốt khi làm việc trong điều kiện thiếu sáng, đồng thời có phím Copilot hỗ trợ các tính năng thông minh trong Windows. Laptop Asus Vivobook S14 M3407KA-SF032WS Ryzen AI 7 với tính năng Copilot đang được triển khai thông qua các bản cập nhật mới, mang lại trải nghiệm số hiện đại hơn. 
Phần vỏ màn hình LCD và bàn phím đều được phủ sắc bạc đồng nhất, mang lại cảm giác thẩm mỹ hài hòa. Vỏ của máy được chế tạo từ chất liệu nhôm bền chắc chắn, giúp tăng độ bền và tản nhiệt hiệu quả. 
Đồ họa sắc nét và hiệu năng ổn định
Laptop sở hữu GPU tích hợp AMD Radeon™ Graphics, mang đến khả năng hiển thị hình ảnh mượt mà và ổn định trong nhiều tác vụ. Hiệu năng đồ họa vượt trội nên laptop Asus Vivobook S14 M3407KA-SF032WS Ryzen AI 7 đáp ứng tốt nhu cầu học tập, làm việc và giải trí hàng ngày.
Ngoài ra, bộ xử lý thần kinh AMD XDNA™ NPU của laptop còn hỗ trợ xử lý AI với hiệu suất lên đến 50 TOPS. Tính năng này giúp tăng cường trải nghiệm khi sử dụng các ứng dụng trí tuệ nhân tạo hiện đại.
Viên pin lớn đến 70Wh và đa dạng cổng kết nối
ASUS Vivobook S14 được trang bị pin dung lượng 70Wh, cho thời lượng sử dụng lên đến hàng giờ liên tục, đáp ứng nhu cầu học tập và làm việc trong suốt cả ngày. Laptop Asus Vivobook S14 M3407KA-SF032WS Ryzen AI 7 còn được trang bị công nghệ tiết kiệm điện năng kết hợp với bộ vi xử lý tối ưu giúp nâng cao hiệu quả sử dụng pin. 
Tính năng sạc nhanh giúp thiết bị dễ dàng nạp đầy pin chỉ trong thời gian ngắ, tiết kiệm thời gian và luôn sẵn sàng cho các nhu cầu sử dụng. Tuổi thọ pin của máy được cải thiện lên đến 1,2 lần so với thế hệ trước, kéo dài thời gian sử dụng tổng thể. 
Ngoài pin mạnh mẽ, Asus Vivobook S14 M3407KA-SF032WS Ryzen AI 7 còn tích hợp đầy đủ cổng kết nối như 2 cổng USB 3.2 Gen 1 Type-A. Bên cạnh đó còn có 2 cổng USB 3.2 Gen 1 Type-C hỗ trợ sạc và trình chiếu, HDMI 2.1 TMDS và jack tai nghe 3.5mm. 
Màn hình với độ phân giải cao
Thiết bị được trang bị màn hình OLED 14.0 inch có độ phân giải WUXGA (1920 x 1200) cùng tỷ lệ khung hình 16:10, mang đến không gian hiển thị rộng rãi và sắc nét. Laptop Asus Vivobook S14 M3407KA-SF032WS Ryzen AI 7 với tấm nền có tốc độ phản hồi chỉ 0.2ms và tần số quét 60Hz, đảm bảo hình ảnh chuyển động mượt mà hơn.
Màn hình đạt độ sáng 300 nit và bao phủ 95% dải màu DCI-P3, giúp tái tạo màu sắc chính xác và rực rỡ trong nhiều điều kiện ánh sáng. Tỷ lệ tương phản đạt 1.000.000:1 kết hợp độ sâu màu 1.07 tỷ màu, mang lại chiều sâu hình ảnh và độ chi tiết cao. Màn hình laptop chiếm 87% diện tích so với thân máy, góp phần tạo nên thiết kế viền mỏng hiện đại.
Mua laptop Asus Vivobook S14 M3407KA-SF032WS Ryzen AI 7 chính hãng tại CellphoneS
Mua laptop Asus Vivobook S14 M3407KA-SF032WS Ryzen AI 7 chính hãng tại CellphoneS giúp tiếp cận sản phẩm được bảo hành minh bạch. Hệ thống cung cấp giá bán hợp lý đi kèm nhiều ưu đãi hấp dẫn trong từng giai đoạn khuyến mãi. Nhân viên tại shop luôn nhiệt tình hỗ trợ và sẵn sàng giải đáp thắc mắc của người mua. Quy trình mua sắm đơn giản, nhanh chóng, cùng đánh giá tích cực từ khách hàng giúp củng cố uy tín của cửa hàng.","{""Bộ xử lý & Đồ họa"": [{""name"": ""Chip AI"", ""value"": ""AMD XDNA NPU up to 50TOPS""}, {""name"": ""Loại card đồ họa"", ""value"": ""AMD Radeon Graphics""}, {""name"": ""Loại CPU"", ""value"": ""AMD Ryzen AI 7 350 2.0GHz (24MB Cache, up to 5.0GHz, 8 lõi, 16 luồng)""}], ""Bộ nhớ RAM, Ổ cứng"": [{""name"": ""Dung lượng RAM"", ""value"": ""32GB""}, {""name"": ""Loại RAM"", ""value"": ""DDR5""}, {""name"": ""Số khe ram"", ""value"": ""2 khe (16GB Onboard + 16GB DDR5 SO-DIMM)""}, {""name"": ""Ổ cứng"", ""value"": ""512GB M.2 NVMe PCIe 4.0 SSD""}], ""Màn hình"": [{""name"": ""Tần số quét"", ""value"": ""60 Hz""}, {""name"": ""Chất liệu tấm nền"", ""value"": ""Tấm nền Oled""}, {""name"": ""Kích thước màn hình"", ""value"": ""14 inches""}, {""name"": ""Công nghệ màn hình"", ""value"": ""Độ sáng 300 nits\nĐộ phủ màu 95% DCI-P3\nTỷ lệ tương phản 1.000.000:1\n1.07 tỷ màu\nMàn hình chống chói""}, {""name"": ""Độ phân giải màn hình"", ""value"": ""1920 x 1200 pixels (WUXGA)""}], ""Âm thanh"": [{""name"": ""Công nghệ âm thanh"", ""value"": ""Loa tích hợp\nMicrô mảng tích hợp""}], ""Kích thước & Trọng lượng"": [{""name"": ""Chất liệu"", ""value"": ""Vỏ nhựa - nắp lưng kim loại""}, {""name"": ""Chất liệu vỏ màn hình"", ""value"": ""Nhôm""}, {""name"": ""Chất liệu vỏ trên"", ""value"": ""Nhựa""}, {""name"": ""Chất liệu vỏ dưới"", ""value"": ""Nhôm""}, {""name"": ""Kích thước"", ""value"": ""31.52 x 22.34 x 1.59 ~ 1.86 cm (Dài x Rộng x Dày)""}, {""name"": ""Trọng lượng"", ""value"": ""1.40 kg""}], ""Tiện ích khác"": [{""name"": ""Tính năng đặc biệt"", ""value"": ""Wi-Fi 6, Nhận diện khuôn mặt, Màn hình Oled""}], ""Tính năng khác"": [{""name"": ""Loại đèn bàn phím"", ""value"": ""Bàn phím Chiclet có đèn nền Với phím Copilot""}, {""name"": ""Bảo mật"", ""value"": ""Webcam hồng ngoại hỗ trợ Windows Hello\nMcAfee\nBảo vệ mật khẩu người dùng khi khởi động BIOS\nMật khẩu người dùng thiết lập BIOS\nBộ xử lý bảo mật Microsoft Pluton\nMô-đun nền tảng đáng tin cậy (Phần mềm TPM)""}, {""name"": ""Webcam"", ""value"": ""Camera FHD có chức năng IR hỗ trợ Windows Hello; Có màn trập camera""}, {""name"": ""Hệ điều hành"", ""value"": ""Windows 11 Home + Microsoft Office Home 2024 + Microsoft 365 Basic""}], ""Pin & công nghệ sạc"": [{""name"": ""Pin"", ""value"": ""70WHrs, 4S1P, 4-cell Li-ion""}], ""Cổng kết nối"": [{""name"": ""Wi-Fi"", ""value"": ""Wi-Fi 6(802.11ax) (Dual band) 2*2""}, {""name"": ""Bluetooth"", ""value"": ""Bluetooth 5.3""}, {""name"": ""Cổng giao tiếp"", ""value"": ""2x USB 3.2 Gen 1 Type-A (tốc độ dữ liệu lên đến 5Gbps)\n2x USB 3.2 Gen 1 Type-C hỗ trợ hiển thị/cấp nguồn (tốc độ dữ liệu lên đến 5Gbps)\n1x HDMI 2.1 TMDS\n1x Giắc cắm âm thanh kết hợp 3.5mm""}]}","[""https://cdn2.cellphones.com.vn/x/media/catalog/product/l/a/laptop_asus_vivobook_s14_m3407ka-sf032ws_-_1.png"", ""https://cdn2.cellphones.com.vn/x/media/catalog/product/l/a/laptop_asus_vivobook_s14_m3407ka-sf032ws_-_2.png"", ""https://cdn2.cellphones.com.vn/x/media/catalog/product/l/a/laptop_asus_vivobook_s14_m3407ka-sf032ws_-_3.png""]","{""product_color_1"": {""color"": ""Bạc"", ""image_url"": ""https://cellphones.com.vn/laptop-asus-vivobook-s14-m3407ka-sf032ws-ryzen-ai-7.html?product_id=108989"", ""price"": ""24.390.000₫""}}"
Laptop ASUS Vivobook GO 15 E1504FA-NJ454W,laptop-asus-tuf-gaming-f16-fx608jpr-rv044w,14.490.000đ,13.990.000đ,"Đặc điểm nổi bật
Laptop Asus Vivobook Go 15 E1504FA-NJ454W được hoàn thiện với phần vỏ cứng cáp từ vật liệu cao cấp cùng màn hình FHD rộng 15.6 inch, chuẩn tỉ lệ 16:9. Máy sở hữu con chip Ryzen 5 7520U 4 lõi, 8 luồng cho xung nhịp tối đa lên tới 4.3GHz. Cùng với đó là RAM 16GB LPDDR5 16GB và bộ nhớ trong dung lượng 512GB thoải mái lưu trữ. Sản phẩm laptop Asus Vivobook trang bị các cổng kết nối thông dụng như Type-C, USB 2.0 và USB 3.2,...
Nội dung chính
1. Laptop Asus Vivobook Go 15 E1504FA-NJ454W: Đa nhiệm mượt mà, pin xài thả ga
1.1. RAM 16GB xử lý dữ liệu nhanh chóng
1.2. Thiết kế năng động, bền bỉ chuẩn quân đội Mỹ
1.3. Chiến game đã mắt với card Radeon Graphics
1.4. Làm việc liền mạch với viên pin ưu việt
1.5. Giải trí với màn hình FHD chống chói
2. Mua laptop Asus Vivobook Go 15 E1504FA-NJ454W chính hãng tại CellphoneS
Laptop Asus Vivobook Go 15 E1504FA-NJ454W: Đa nhiệm mượt mà, pin xài thả ga
Nối tiếp thành công của Vivobook Go 14, ASUS tiếp tục cho ra mắt mẫu Vivobook Go 15 duy trì ưu điểm mỏng nhẹ và bổ sung thêm nhiều công nghệ hiện đại. Mặc dù thuộc phân khúc laptop phổ thông nhưng Go 15 vẫn có thể đáp ứng tốt nhu cầu chơi game giải trí của người dùng nhờ hiệu năng ổn định. 
RAM 16GB xử lý dữ liệu nhanh chóng
Vivobook Go 15 được trang bị RAM dung lượng 16GB chuẩn LPDDR5 mang tới tốc độ truyền tải dữ liệu cao, đồng thời giảm lượng lớn mức tiêu thụ điện năng. Nhờ đó, chiếc laptop này sẽ là người đồng hành lý tưởng cho những ai thường xuyên phải mở nhiều tab cùng lúc mà vẫn đảm bảo tốc độ xử lý nhanh chóng, trơn tru. 
Sản phẩm sử dụng ổ cứng SSD 512GB PCIe 3.0 cho không gian lưu trữ lớn. Với dung lượng này, bạn có thể tải nhiều ứng dụng hay lưu tài liệu, ảnh, video số lượng lớn mà không lo bị đầy bộ nhớ. 
Thiết kế năng động, bền bỉ chuẩn quân đội Mỹ
Go 15 E1504FA-NJ454W giữ vững tinh thần mỏng nhẹ của dòng laptop Vivobook với độ dày chỉ 17.9mm cùng trọng lượng 1.8kg. Điều này giúp tăng khả năng di động cho sản phẩm, cho phép bạn mang theo máy linh hoạt mà không tốn nhiều công sức. Việc kết nối và chia sẻ nội dung trực tiếp chưa bao giờ dễ dàng tới vậy nhờ bản lề có thể duỗi thẳng tới 180 độ. 
Mặt khác, Vivobook Go 15 mang tới trải nghiệm gõ vô cùng thoải mái với bàn phím ErgoSense. Cấu trúc phím mới mẻ nhưng không làm giảm hiệu quả khi tốc độ gõ lên tới 112 từ mỗi phút (thực hiện trên MonkeyType). Asus bố trí bề mặt cảm ứng nhỏ gọn để ngón tay không bị mất độ bám như trên bề mặt kính. Máy quét vân tay ở góc tăng cường bảo mật sinh trắc học với Window Hello. 
Chiến game đã mắt với card Radeon Graphics
Không chỉ hoàn thành tốt các tác vụ cơ bản, Vivobook Go 15 E1504FA-NJ454W còn có thể chơi game mượt mà nhờ tích hợp con chip Ryzen 5 7520U. Bộ xử lý siêu luồng này không chỉ mang tới hiệu năng mạnh mẽ mà còn tối ưu hóa năng lượng, tăng cường trải nghiệm hình ảnh khi phát trực tuyến hoặc chơi game cấu hình cao. 
Kết hợp cùng card AMD Radeon Graphics, Vivobook Go 15 có thể chơi tốt các tựa game thịnh hành hiện nay. Không chỉ dừng lại ở mức giải trí, card đồ hoạ này cũng là người bạn thân thiết của dân chuyên edit bởi khả năng xử lý hình ảnh và render video với tốc độ đáng kinh ngạc. 
Làm việc liền mạch với viên pin ưu việt
Vivobook Go 15 sử dụng viên pin 3-cell Li-ion nhỏ, đảm bảo thiết máy gọn gàng mà vẫn mang tới thời lượng sử dụng lâu. Với pin chỉ 42WHr, bạn có thể sử dụng máy trong nhiều tiếng. Mặc dù mức không quá vượt trội như người anh em Vivobook 15X OLED, nhưng đây là sản phẩm có thời gian sử dụng vượt trội.
Giải trí với màn hình FHD chống chói
Màn hình FHD 15.6 inch cùng viền mỏng 3 cạnh NanoEdge cho vùng hiển thị lớn. Điều này giúp bạn thưởng thức phim ảnh thoải mái hoặc thiết kế các tác phẩm có độ chi tiết cao dễ dàng. Đồng thời, Vivobook Go 15 còn trang bị màn hình chống chói, đạt chứng nhận chăm sóc mắt từ TÜV Rheinland, hạn chế nguy cơ các bệnh về mắt khi làm việc trong thời gian dài. 
Mua laptop Asus Vivobook Go 15 E1504FA-NJ454W chính hãng tại CellphoneS
Laptop Asus Vivobook Go 15 E1504FA-NJ454W là mẫu máy văn phòng đáng đầu tư với kiểu dáng mỏng, nhẹ kèm hiệu năng mạnh mẽ trong tầm giá. Nếu bạn có nhu cầu tìm mua sản phẩm này, hãy đến ngay cửa hàng CellphoneS gần nhất để được tư vấn và sở hữu laptop ASUS giá tốt.
Ngoài Vivobook Go 15, CellphoneS hiện đang cung cấp rất nhiều mẫu laptop từ các thương hiệu khác nhau với mức giá đa dạng. Sản phẩm tại đây luôn đặt chất lượng lên hàng đầu, đảm bảo nguồn gốc, xuất xứ minh bạch kèm theo nhiều ưu đãi hấp dẫn. Bạn hoàn toàn có thể đặt trọn niềm tin khi mua laptop tại CellphoneS với bảo hành uy tín và chính sách đổi trả rõ ràng.","{""Bộ xử lý & Đồ họa"": [{""name"": ""Loại card đồ họa"", ""value"": ""AMD Radeon Graphics""}, {""name"": ""Loại CPU"", ""value"": ""AMD Ryzen 5 7520U (4 lõi / 8 luồng, 4MB cache, up to 4.3 GHz max boost)""}], ""Bộ nhớ RAM, Ổ cứng"": [{""name"": ""Dung lượng RAM"", ""value"": ""16GB""}, {""name"": ""Loại RAM"", ""value"": ""LPDDR5 Onboard""}, {""name"": ""Ổ cứng"", ""value"": ""512GB M.2 NVMe PCIe 3.0 SSD""}], ""Màn hình"": [{""name"": ""Tần số quét"", ""value"": ""60 Hz""}, {""name"": ""Kích thước màn hình"", ""value"": ""15.6 inches""}, {""name"": ""Công nghệ màn hình"", ""value"": ""Độ sáng 250 nits\nĐộ phủ màu 45% NTSC\nMàn hình chống chói\nTÜV Rheinland-certified""}, {""name"": ""Độ phân giải màn hình"", ""value"": ""1920 x 1080 pixels (FullHD)""}], ""Âm thanh"": [{""name"": ""Công nghệ âm thanh"", ""value"": ""SonicMaster\nLoa tích hợp\nMicrô mảng tích hợp""}], ""Kích thước & Trọng lượng"": [{""name"": ""Chất liệu"", ""value"": ""Vỏ nhựa""}, {""name"": ""Kích thước"", ""value"": ""36.03 x 23.25 x 1.79 ~ 1.79 cm (W x H x D)""}, {""name"": ""Trọng lượng"", ""value"": ""1.80 kg""}], ""Tiện ích khác"": [{""name"": ""Tính năng đặc biệt"", ""value"": ""Wi-Fi 6, Bảo mật vân tay""}], ""Tính năng khác"": [{""name"": ""Bảo mật"", ""value"": ""McAfee LiveSafe dùng thử miễn phí 30 ngày miễn phí\nMcAfee LiveSafe\nKhởi động BIOS Bảo vệ mật khẩu người dùng\nMô-đun nền tảng đáng tin cậy (Firmware TPM)""}, {""name"": ""Webcam"", ""value"": ""720p HD với màn trập camera""}, {""name"": ""Hệ điều hành"", ""value"": ""Windows 11 Home""}], ""Pin & công nghệ sạc"": [{""name"": ""Pin"", ""value"": ""42WHrs, 3S1P, 3-cell Li-ion""}], ""Cổng kết nối"": [{""name"": ""Wi-Fi"", ""value"": ""Wi-Fi 6E(802.11ax) (Dual band) 1*1""}, {""name"": ""Bluetooth"", ""value"": ""Bluetooth 5""}, {""name"": ""Cổng giao tiếp"", ""value"": ""1x USB 2.0 Type-A\n1x USB 3.2 Gen 1 Type-A\n1x USB 3.2 Gen 1 Type-C\n1x HDMI 1.4\n1x 3.5mm Combo Audio Jack 1x DC-in""}]}","[""https://cdn2.cellphones.com.vn/x/media/catalog/product/l/a/laptop_asus_vivobook_go_15_e1504fa-nj454w_-_1.png"", ""https://cdn2.cellphones.com.vn/x/media/catalog/product/l/a/laptop_asus_vivobook_go_15_e1504fa-nj454w_-_2.png"", ""https://cdn2.cellphones.com.vn/x/media/catalog/product/l/a/laptop_asus_vivobook_go_15_e1504fa-nj454w_-_3.png""]","{""product_color_1"": {""color"": ""Bạc"", ""image_url"": ""https://cellphones.com.vn/laptop-asus-vivobook-go-15-e1504fa-nj454w.html?product_id=72680"", ""price"": ""13.990.000₫""}}"
Laptop ASUS TUF Gaming F16 FX608JPR-RV044W,laptop-asus-vivobook-15-oled-a1505va-ma468w,45.190.000đ,42.290.000đ,"Đặc điểm nổi bật
Laptop ASUS TUF Gaming F16 FX608JPR-RV044W nâng tầm trải nghiệm chơi game với chip Intel Core i7-14650HX, màn hình 16 inch FHD+ 165 Hz và GPU RTX 5070. Ngoài ra, máy được trang bị 16GB RAM DDR5, SSD 1TB PCIe 4.0, kết nối Wi-Fi 6E cùng thiết kế cứng cáp. Bàn phím 1 vùng RGB tích hợp phím Copilot và công nghệ khử ồn AI. 
Nội dung chính
1. Laptop ASUS TUF Gaming F16 FX608JPR-RV044W - Mạnh mẽ, hiệu năng đỉnh cao
1.1. Hỗ trợ AI nâng tầm sử dụng
1.2. Sức mạnh vượt trội từ Intel Core i7-14650HX và RTX 5070
1.3. Bộ nhớ RAM và ổ cứng tốc độ cao
1.4. Thiết kế mạnh mẽ, đậm chất gaming
1.5. Màn hình sắc nét, tần số quét 165Hz
1.6. Kết nối đa dạng, pin bền bỉ cho mọi tác vụ
2. Mua ngay laptop ASUS TUF Gaming F16 FX608JPR-RV044W chính hãng, giá tốt tại CellphoneS
Laptop ASUS TUF Gaming F16 FX608JPR-RV044W - Mạnh mẽ, hiệu năng đỉnh cao
ASUS TUF Gaming F16 FX608JPR-RV044W là mẫu laptop phù hợp cho các game thủ nhờ được trang bị vi xử lý Intel Core i7 và GPU RTX 5070 cho hiệu năng mạnh mẽ. Mẫu laptop Asus TUF này còn nổi bật với màn hình 165Hz siêu mượt và thiết kế đậm chất gaming. 
Hỗ trợ AI nâng tầm sử dụng
Laptop ASUS TUF Gaming F16 FX608JPR-RV044W được trang bị công nghệ khử tiếng ồn AI, giúp lọc tạp âm hiệu quả. Tính năng này đặc biệt hữu ích khi sử dụng ở môi trường nhiều tiếng ồn, mang lại trải nghiệm âm thanh rõ ràng và chuyên nghiệp. 
Ngoài ra, máy Asus TUF Gaming F16 được tích hợp phím tắt Copilot riêng biệt, cho phép người dùng mở nhanh trợ lý AI trên nền tảng Windows 11 Home. Tính năng này giúp người dùng khai thác AI hiệu quả để tóm tắt nội dung, soạn thảo nhanh và nâng cao hiệu suất làm việc hằng ngày. 
Sức mạnh vượt trội từ Intel Core i7-14650HX và RTX 5070
Mẫu laptop ASUS TUF Gaming F16 FX608JPR-RV044W sở hữu bộ vi xử lý Intel Core i7-14650HX hiệu năng cao với 16 nhân, 24 luồng. Nhờ đó, máy có thể xử lý trơn tru các tác vụ từ chơi game, dựng video đến làm việc đa nhiệm chuyên sâu. 
Về đồ họa, laptop Asus Gaming tích hợp GPU NVIDIA GeForce RTX 5070 với 8GB GDDR7, hỗ trợ công nghệ Ray Tracing và DLSS 3, đem đến trải nghiệm mượt mà. Công nghệ chuyển GPU thông minh từ MUX Switch kết hợp với NVIDIA Advanced Optimus cho phép tối ưu hóa về sức mạnh xử lý. 
Hệ thống tản nhiệt tối ưu với thiết kế khe hút gió lớn và nhiều ống đồng giúp giữ nhiệt độ ổn định trong quá trình chơi game hay chạy các phần mềm nặng. 
Bộ nhớ RAM và ổ cứng tốc độ cao
Laptop ASUS TUF Gaming F16 FX608JPR-RV044W được trang bị sẵn 16GB DDR5-5600 SO-DIMM, hỗ trợ công nghệ kênh đôi (dual-channel). Nhờ đó, máy có tốc độ truyền tải dữ liệu vượt trội, lý tưởng cho cả chơi game lẫn làm việc đa tác vụ mượt mà. Laptop còn hỗ trợ nâng cấp tối đa lên đến 64GB thông qua hai khe cắm SO-DIMM. 
Đối với lưu trữ, laptop đi kèm ổ SSD PCIe 4.0 NVMe M.2 dung lượng 1TB, cho tốc độ đọc ghi nhanh, khởi động hệ điều hành và game chỉ trong tích tắc. Ngoài ra, ASUS cũng trang bị thêm 2 khe M.2 hỗ trợ ổ SSD dung lượng lên đến 2TB, giúp người dùng thoải mái lưu trữ dữ liệu mà không lo thiếu không gian. 
Thiết kế mạnh mẽ, đậm chất gaming
Laptop ASUS TUF Gaming F16 FX608JPR-RV044W gây ấn tượng với thiết kế đậm chất gaming, nổi bật với màu xám mạnh mẽ và cứng cáp. Máy có trọng lượng khoảng 2.2kg và độ dày từ 1.79 đến 2.73 cm, mang lại sự linh hoạt khi mang theo. 
Bàn phím Chiclet trang bị đèn nền RGB 1 vùng cùng phím Copilot chuyên dụng giúp thao tác thuận tiện trong mọi điều kiện ánh sáng. Thiết kế này không chỉ nâng cao tính thẩm mỹ mà còn thể hiện nét đặc trưng của dòng TUF Gaming.
Màn hình sắc nét, tần số quét 165Hz
Máy được trang bị tấm nền 16 inch chuẩn FHD+ cùng tỷ lệ 16:10, mở rộng góc nhìn và hỗ trợ hiển thị nhiều nội dung hơn trên cùng một khung hình. Tần số quét lên đến 165Hz kết hợp cùng công nghệ Adaptive-Sync giúp giảm thiểu hiện tượng xé hình. Nhờ đó, máy sẽ mang đến trải nghiệm mượt mà và phản hồi nhanh trong từng chuyển động. 
Laptop ASUS TUF Gaming F16 FX608JPR-RV044W được trang bị tấm nền IPS-level độ sáng 300 nits, độ phủ màu 100% sRGB giúp hình ảnh hiển thị rõ ràng. Tính năng chống chói trên màn hình giúp duy trì chất lượng hiển thị ổn định và hạn chế cảm giác mỏi mắt sau thời gian dài làm việc.
Không chỉ vậy, laptop còn hỗ trợ công nghệ Dolby Atmos và đạt chuẩn Hi-Res Audio khi sử dụng tai nghe. Webcam 1080p FHD tích hợp hỗ trợ Windows Hello giúp gọi video rõ nét và đăng nhập bảo mật dễ dàng. 
Kết nối đa dạng, pin bền bỉ cho mọi tác vụ
Laptop ASUS TUF Gaming F16 FX608JPR-RV044W sở hữu kết nối hiện đại với Wifi 6E và Bluetooth 5.3, mang lại đường truyền ổn định. Ngoài ra, máy còn hỗ trợ cổng LAN 1Gbps và hệ thống cổng I/O đa dạng gồm Thunderbolt 4, USB-C hỗ trợ Power Delivery, HDMI 2.1 và nhiều cổng USB-A.
Máy được trang bị viên pin 90Wh cho thời gian sử dụng bền bỉ. Bộ sạc công suất lớn 280W giúp nạp năng lượng nhanh, đảm bảo máy luôn sẵn sàng cho mọi nhu cầu học tập, làm việc và giải trí. 
Mua ngay laptop ASUS TUF Gaming F16 FX608JPR-RV044W chính hãng, giá tốt tại CellphoneS
Sở hữu mẫu laptop ASUS TUF Gaming F16 FX608JPR-RV044W chính hãng ngay tại CellphoneS. Thiết bị sử dụng vi xử lý Intel Core i7-14650HX kết hợp cùng GPU RTX 5070, mang đến hiệu suất mạnh mẽ cho mọi tác vụ. Khi mua sản phẩm, bạn sẽ được hưởng giá tốt, chế độ bảo hành từ hãng và nhiều quyền lợi hấp dẫn dành cho thành viên Smember. Đừng bỏ lỡ cơ hội sở hữu cỗ máy chiến game đỉnh cao tại CellphoneS.","{""Bộ xử lý & Đồ họa"": [{""name"": ""Loại card đồ họa"", ""value"": ""NVIDIA GeForce RTX 5070 8GB GDDR7\nIntel UHD Graphics""}, {""name"": ""Loại CPU"", ""value"": ""Intel Core i7 14650HX 2.2 GHz (30MB Cache, up to 5.2 GHz, 16 lõi, 24 luồng)""}], ""Bộ nhớ RAM, Ổ cứng"": [{""name"": ""Dung lượng RAM"", ""value"": ""16GB""}, {""name"": ""Loại RAM"", ""value"": ""DDR5 16GB""}, {""name"": ""Số khe ram"", ""value"": ""2 khe (1 x 16GB, nâng cấp tối đa 64GB)""}, {""name"": ""Ổ cứng"", ""value"": ""1TB PCIe 4.0 NVMe M.2 SSD (2 Khe cắm M.2 hỗ trợ SATA hoặc NVMe, nâng cấp tối đa 2TB)""}], ""Màn hình"": [{""name"": ""Tần số quét"", ""value"": ""165 Hz""}, {""name"": ""Chất liệu tấm nền"", ""value"": ""Tấm nền IPS""}, {""name"": ""Kích thước màn hình"", ""value"": ""16 inches""}, {""name"": ""Công nghệ màn hình"", ""value"": ""Độ sáng 300 nits\nTỷ lệ tương phản 1000:1\nĐộ phủ màu NTSC 72.00% / SRGB 100.00% / Adobe 75.35%\nMàn hình chống chói\nG-Sync""}, {""name"": ""Độ phân giải màn hình"", ""value"": ""1920 x 1200 pixels (WUXGA)""}], ""Âm thanh"": [{""name"": ""Công nghệ âm thanh"", ""value"": ""Công nghệ chống ồn AI\nDolby Atmos\nChứng nhận Hi-Res (cho tai nghe)""}], ""Tiện ích khác"": [{""name"": ""Tính năng đặc biệt"", ""value"": ""Wi-Fi 6, Nhận diện khuôn mặt, MUX Switch""}], ""Tính năng khác"": [{""name"": ""Loại đèn bàn phím"", ""value"": ""Bàn phím Chiclet có đèn nền RGB 1 vùng Với phím Copilot\nAura Sync""}, {""name"": ""Bảo mật"", ""value"": ""Mật khẩu quản trị viên BIOS và bảo vệ mật khẩu người dùng\nMô-đun nền tảng đáng tin cậy (Phần mềm TPM)""}, {""name"": ""Webcam"", ""value"": ""1080P FHD IR Camera for Windows Hello""}, {""name"": ""Hệ điều hành"", ""value"": ""Windows 11 Home""}], ""Pin & công nghệ sạc"": [{""name"": ""Pin"", ""value"": ""90WHrs, 4S1P, 4-cell Li-ion""}], ""Kích thước & Trọng lượng"": [{""name"": ""Kích thước"", ""value"": ""35.4 x 26.9 x 1.79 ~ 2.73 cm (Dài x Rộng x Dày)""}, {""name"": ""Trọng lượng"", ""value"": ""2.20 Kg""}], ""Cổng kết nối"": [{""name"": ""Wi-Fi"", ""value"": ""Wi-Fi 6E(802.11ax) (Triple band) 2*2""}, {""name"": ""Bluetooth"", ""value"": ""Bluetooth 5.3""}, {""name"": ""Cổng giao tiếp"", ""value"": ""1x Cổng LAN RJ45\n1x Thunderbolt 4 hỗ trợ DisplayPort / G-SYNC (40Gbps)\n1x USB 3.2 Gen 2 Type-C hỗ trợ DisplayPort / cung cấp điện (10Gbps)\n3x USB 3.2 Gen 2 Type-A (10Gbps)\n1x HDMI 2.1 FRL\n1x 3.5mm Combo Audio Jack""}]}","[""https://cdn2.cellphones.com.vn/x/media/catalog/product/l/a/laptop_asus_tuf_gaming_f16_fx608jpr-rv044w_-_1.png"", ""https://cdn2.cellphones.com.vn/x/media/catalog/product/l/a/laptop_asus_tuf_gaming_f16_fx608jpr-rv044w_-_3.png"", ""https://cdn2.cellphones.com.vn/x/media/catalog/product/l/a/laptop_asus_tuf_gaming_f16_fx608jpr-rv044w_-_2.png""]","{""product_color_1"": {""color"": ""Xám"", ""image_url"": ""https://cellphones.com.vn/laptop-asus-tuf-gaming-f16-fx608jpr-rv044w.html?product_id=108537"", ""price"": ""42.290.000₫""}}"
Laptop ASUS Vivobook 15 OLED A1505VA MA468W,laptop-asus-vivobook-s-16-oled-s5606ma-mx051w,20.990.000đ,20.490.000đ,"Đặc điểm nổi bật
Laptop ASUS Vivobook 15 OLED A1505VA MA468W trang bị bộ vi xử lý Intel® Core™ thế hệ 13 mới nhất, card đồ họa Intel Iris Xe xử lý mượt mà mọi tác vụ. Dung lượng pin 50Whrs đủ để người dùng làm việc hay giải trí cả ngày. Với trọng lượng nhẹ 1.7 kg, ASUS Vivobook 15 OLED rất tiện lợi để người dùng mang theo bên mình.
Nội dung chính
1. Laptop ASUS Vivobook 15 OLED A1505VA MA468W - Thiết kế ấn tượng, hiệu năng vượt trội
1.1. RAM mạnh mẽ tích hợp ổ cứng SSD hiện đại
1.2. Thiết kế hiện đại, chắc chắn với lớp vỏ nhựa
1.3. Bộ vi xử lý Intel Core i5-13500H thế hệ mới nhất - Card đồ họa Intel Iris Xe
1.4. Dung lượng pin lớn, cổng kết nối đa dạng
1.5. Màn hình OLED 2.8K chân thật, sống động
2. Mua laptop ASUS Vivobook 15 OLED A1505VA MA468W giá tốt tại CellphoneS
Laptop ASUS Vivobook 15 OLED A1505VA MA468W - Thiết kế ấn tượng, hiệu năng vượt trội
Laptop ASUS Vivobook 15 OLED A1505VA MA468W là một sản phẩm nổi bật trong phân khúc laptop tầm trung của ASUS. Với thiết kế hiện đại, màn hình OLED sắc nét, hiệu năng mạnh mẽ và nhiều tính năng hữu ích, chiếc laptop Asus Vivobook này mang lại trải nghiệm vượt trội cho người dùng. 
RAM mạnh mẽ tích hợp ổ cứng SSD hiện đại
Khả năng đa nhiệm là một điểm nổi bật của laptop ASUS Vivobook 15 OLED A1505VA MA468W . ASUS Vivobook 15 OLED được trang bị RAM 16GB DDR4 có khả năng xử lý mượt mà các tác vụ đa nhiệm. Người dùng có thể giải quyết một lần nhiều tác vụ mà không gặp bất kỳ trở ngại nào.
Laptop ASUS Vivobook 15 OLED còn có ổ cứng SSD 512GB. Ổ cứng SSD có hiệu suất truy xuất dữ liệu nhanh, độ bền cao hơn và khả năng khởi động máy tính nhanh chóng hơn so với ổ cứng truyền thống. Điều này đặc biệt hữu ích khi cần truy cập dữ liệu nhanh như chỉnh sửa video, xử lý tệp lớn hay chơi game đòi hỏi tốc độ phản hồi cao.
Thiết kế hiện đại, chắc chắn với lớp vỏ nhựa
Một trong những điểm nổi bật của laptop ASUS Vivobook 15 OLED A1505VA MA468W là vỏ ngoài bằng nhựa chắc chắn. Lớp vỏ Asus Vivobook core i5 không chỉ mang lại độ bền cao mà còn tạo cảm giác chắc tay khi cầm nắm.
Thiết kế của laptop Vivobook 15 OLED toát lên vẻ sang trọng với các đường nét gọn gàng, tinh tế. Các cạnh của máy đem lại cảm giác mềm mại, nhẹ nhàng nhưng vẫn rất chắc chắn bởi thiết kế bo tròn các góc. Sự kết hợp giữa các đường cắt sắc sảo và bề mặt mịn màng tạo nên một tổng thể hài hòa, thu hút mọi ánh nhìn.
Laptop ASUS Vivobook 15 OLED A1505VA MA468W không chỉ chú trọng đến tổng thể thiết kế mà còn chăm chút từng chi tiết nhỏ. Logo ASUS được đặt trang trọng, tạo điểm nhấn tinh tế và khẳng định thương hiệu. Bản lề của máy được thiết kế chắc chắn, cho phép mở nắp máy dễ dàng và giữ ổn định ở nhiều góc độ khác nhau.
Bộ vi xử lý Intel Core i5-13500H thế hệ mới nhất - Card đồ họa Intel Iris Xe
Laptop ASUS Vivobook 15 OLED A1505VA MA468W tích hợp bộ vi xử lý Intel Core i5-13500H thế hệ mới nhất. Điều này không chỉ tiết kiệm năng lượng mà còn cải thiện hiệu suất hoạt động tốt. Đi kèm với đó là card đồ họa Intel Iris Xe - một trong những cải tiến quan trọng của Intel, cung cấp hiệu năng đồ họa vượt trội so với các thế hệ trước đó. 
Với Intel Core i5-13500H, ASUS Vivobook 15 OLED có khả năng xử lý mạnh mẽ hoàn thành mọi tác vụ một cách nhanh chóng và hiệu quả. Khả năng đa nhiệm của i5-13500H cũng được cải thiện đáng kể. Người dùng laptop văn phòng này có thể cùng lúc giải trí nhẹ nhàng hoặc xử lý các tác vụ nặng mà không gặp bất kỳ tình trạng giật lag nào.
Một trong những điểm mạnh của Intel Core i5-13500H là khả năng tiết kiệm năng lượng vượt trội. Bộ vi xử lý này được thiết kế để tối ưu hóa hiệu năng sử dụng pin, giúp kéo dài thời gian sử dụng của laptop. Điều này đặc biệt hữu ích cho những người thường xuyên di chuyển và cần một thiết bị có thể hoạt động lâu dài mà không cần sạc.
Dung lượng pin lớn, cổng kết nối đa dạng
Laptop ASUS Vivobook 15 OLED A1505VA MA468W sở hữu viên pin dung lượng lớn. Điều này đủ để người dùng sử dụng trong nhiều giờ. ASUS Vivobook 15 OLED còn có công nghệ sạc nhanh, giúp không làm gián đoạn công việc của người dùng.
Laptop ASUS Vivobook 15 OLED A1505VA MA468W có gần như toàn bộ các cổng kết nối hiện đại bao gồm USB Type-C, USB 3.2, HDMI,... Điều này đem đến sự tiện lợi trong việc kết nối các thiết bị ngoại vi. Ngoài ra, laptop còn hỗ trợ Wi-Fi 6E và Bluetooth 5.3 kết nối mạng ổn định và tốc độ truyền tải dữ liệu nhanh chóng.
Màn hình OLED 2.8K chân thật, sống động
Laptop ASUS Vivobook 15 OLED A1505VA MA468W sở hữu màn hình OLED độ phân giải 2.8K 15.6 inch. Vì thế, màn hình ASUS Vivobook 15 OLED cung cấp hình ảnh sắc nét, chân thật hơn. Màu sắc được tái tạo chân thực, từ các gam màu sắc sáng đến tối, giúp hình ảnh trở nên sinh động hơn bao giờ hết.
Đặc biệt, màn hình OLED của ASUS Vivobook 15 có tần số quét lên đến 120Hz. Điều này có tác dụng nâng cấp chất lượng hiển thị khiến hình ảnh mượt mà hơn, hạn chế việc nhòe, mất nét. Đây là một điểm cộng lớn cho những ai yêu thích xem phim, chơi game hay làm việc với các ứng dụng đồ họa.
Mua laptop ASUS Vivobook 15 OLED A1505VA MA468W giá tốt tại CellphoneS
Hiện tại, CellphoneS đang mở bán laptop ASUS Vivobook 15 OLED A1505VA MA468W với mức giá hợp lý. Tại các cửa hàng Cellphone trên toàn quốc luôn có các chương trình khuyến mãi siêu hấp dẫn dành cho sinh viên, học sinh. Ghé CellphoneS để mua ngay cho mình một em laptop ASUS Vivobook 15 OLED A1505VA MA468W này nhé.","{""Bộ xử lý & Đồ họa"": [{""name"": ""Loại card đồ họa"", ""value"": ""Intel Iris Xe Graphics""}, {""name"": ""Loại CPU"", ""value"": ""Intel Core I5-13500H 2.6 GHz (18MB Cache, up to 4.7 GHz, 12 lõi, 16 luồng)""}], ""Bộ nhớ RAM, Ổ cứng"": [{""name"": ""Dung lượng RAM"", ""value"": ""16GB""}, {""name"": ""Loại RAM"", ""value"": ""DDR4 (8GB onboard + 8GB SO-DIMM)""}, {""name"": ""Số khe ram"", ""value"": ""1 khe DDR4 SO-DIMM""}, {""name"": ""Ổ cứng"", ""value"": ""512GB M.2 NVMe PCIe 3.0 SSD""}], ""Màn hình"": [{""name"": ""Tần số quét"", ""value"": ""120Hz""}, {""name"": ""Chất liệu tấm nền"", ""value"": ""Tấm nền Oled""}, {""name"": ""Kích thước màn hình"", ""value"": ""15.6 inches""}, {""name"": ""Công nghệ màn hình"", ""value"": ""16:9\nĐộ sáng tối đa HDR 600 nits\nĐộ phủ màu 100% DCI-P3\ntỷ lệ tương phản 1.000.000:1\nHDR True Black 600\n1.07 tỷ màu\nÁnh sáng xanh ít gây hại hơn 70%\nChứng nhận TÜV Rheinland\nSGS Màn hình chăm sóc mắt""}, {""name"": ""Độ phân giải màn hình"", ""value"": ""2880 x 1620 pixels""}], ""Âm thanh"": [{""name"": ""Công nghệ âm thanh"", ""value"": ""SonicMaster\nBuilt-in speaker\nBuilt-in array microphone""}], ""Cổng kết nối"": [{""name"": ""Khe đọc thẻ nhớ"", ""value"": ""Không""}, {""name"": ""Wi-Fi"", ""value"": ""Wi-Fi 6E(802.11ax) (Dual band) 1*1""}, {""name"": ""Bluetooth"", ""value"": ""Bluetooth 5.3""}, {""name"": ""Cổng giao tiếp"", ""value"": ""1x USB 2.0 Type-A\n1x USB 3.2 Gen 1 Type-C (Hỗ trợ sạc)\n2x USB 3.2 Gen 1 Type-A\n1x HDMI 1.4\n1x 3.5mm Combo Audio Jack\n1x DC-in""}], ""Kích thước & Trọng lượng"": [{""name"": ""Chất liệu"", ""value"": ""Vỏ nhựa""}, {""name"": ""Chất liệu vỏ màn hình"", ""value"": ""Nhựa""}, {""name"": ""Chất liệu vỏ trên"", ""value"": ""Nhựa""}, {""name"": ""Chất liệu vỏ dưới"", ""value"": ""Nhựa""}, {""name"": ""Kích thước"", ""value"": ""35.68 x 22.76 x 1.99 ~ 1.99 cm (W x H x D)""}, {""name"": ""Trọng lượng"", ""value"": ""1.70 kg""}], ""Tiện ích khác"": [{""name"": ""Tính năng đặc biệt"", ""value"": ""Wi-Fi 6, Bảo mật vân tay, Màn hình Oled""}], ""Tính năng khác"": [{""name"": ""Bảo mật"", ""value"": ""Mở khóa bằng vân tay\nMcAfee Dùng thử miễn phí 30 ngày\nMcAfee\nBIOS Khởi động bằng mật khẩu người dùng Bảo vệ mật khẩu người dùng\nThiết lập BIOS mật khẩu người dùng\nMô-đun nền tảng đáng tin cậy (Firmware TPM)""}, {""name"": ""Webcam"", ""value"": ""720p HD camera với màn trập camera""}, {""name"": ""Hệ điều hành"", ""value"": ""Windows 11 Home""}], ""Pin & công nghệ sạc"": [{""name"": ""Pin"", ""value"": ""50WHrs, 3S1P, 3-cell Li-ion""}]}","[""https://cdn2.cellphones.com.vn/x/media/catalog/product/l/a/laptop_asus_vivobook_15_oled_a1505va_ma468w_-_1.png"", ""https://cdn2.cellphones.com.vn/x/media/catalog/product/l/a/laptop_asus_vivobook_15_oled_a1505va_ma468w_-_2_1.png"", ""https://cdn2.cellphones.com.vn/x/media/catalog/product/l/a/laptop_asus_vivobook_15_oled_a1505va_ma468w_-_3.png""]","{""product_color_1"": {""color"": ""Đen"", ""image_url"": ""https://cellphones.com.vn/laptop-asus-vivobook-15-oled-a1505va-ma468w.html?product_id=82807"", ""price"": ""20.490.000₫""}}"
Laptop ASUS VivoBook S 16 OLED S5606MA-MX051W,laptop-asus-vivobook-15-oled-a1505va-l1688w,29.990.000đ,26.990.000đ,"Đặc điểm nổi bật
Laptop Asus Vivobook S 16 OLED S5606MA-MX051W cung cấp hiệu suất mạnh mẽ với con chip Intel Core Ultra 7 155H, cùng card đồ họa Intel Arc Graphics. Tận hưởng trải nghiệm choáng ngợp với màn hình 16 inch 3.2K 120Hz. Bên cạnh đó, sản phẩm laptop Aus Vivobook có thiết kế mỏng nhẹ kết hợp bàn phím tích hợp đèn nền tối ưu hiệu suất làm việc. 
Nội dung chính
1. Laptop Asus Vivobook S 16 OLED S5606MA-MX051W - Mỏng nhẹ, màn hình trải nghiệm đã mắt
1.1. RAM 16GB chạy ứng dụng mượt mà 
1.2. Thiết kế mỏng nhẹ 
1.3. Chip Intel Core Ultra 7 hơn cả mong đợi 
1.4. Kết nối linh hoạt 
1.5. Đắm chìm màn hình OLED 3.2K siêu sắc nét 
1.6. Thời lượng pin tốt
2. Mua laptop Asus Vivobook S 16 OLED S5606MA-MX051W chính hãng tại CellphoneS
Laptop Asus Vivobook S 16 OLED S5606MA-MX051W - Mỏng nhẹ, màn hình trải nghiệm đã mắt
Laptop Asus Vivobook S 16 OLED S5606MA-MX051W đủ mạnh mẽ để xử lý các nhiệm vụ đa nhiệm với bộ xử lý Intel Core Ultra 7 155H. Sản phẩm làm hài lòng người dùng đòi hỏi khả năng hiển thị hình ảnh chất lượng cao nhờ màn hình OLED 16 inch 3.2K cực nét. 
RAM 16GB chạy ứng dụng mượt mà 
Laptop Asus Vivobook S 16 OLED S5606MA-MX051W sở hữu bộ nhớ RAM 16GB. Với mức dung lượng này, người dùng có thể mở nhiều ứng dụng và tác vụ cùng một lúc trên chiếc Vivobook mà không gặp bất kỳ trở ngại nào.
Ổ cứng SSD 512GB trên Asus Vivobook S 16 OLED S5606MA-MX051W cung cấp cho người dùng không gian lưu trữ rộng rãi. Ngoài ra, SSD còn giúp chiếc Vivobook tăng tốc độ restart hệ thống và tăng cường hiệu suất làm việc chung của máy. 
Thiết kế mỏng nhẹ 
Asus Vivobook S 16 OLED S5606MA-MX051W là dòng laptop AI có kiểu dáng hiện đại và thanh lịch với gam màu trung tính sang trọng. Với kích thước 35.36 x 24.69 x 1.39 cm và cân nặng chỉ 1.50 kg, máy dễ dàng mang theo bên mình mà không gây cảm giác nặng nề hay cồng kềnh. 
Đặc biệt, độ mỏng của chiếc Asus Vivobook S 16 OLED S5606MA-MX051W chỉ 1.59 cm khiến cho nó trở thành một trong những sản phẩm ấn tượng trên thị trường hiện nay. Thiết kế mỏng nhẹ của chiếc Vivobook giúp người dùng cảm thấy thoải mái hơn khi sử dụng trong thời gian dài.
Chip Intel Core Ultra 7 hơn cả mong đợi 
Chiếc laptop Asus Vivobook S 16 OLED S5606MA-MX051W cho hiệu năng ổn định với bộ vi xử lý Intel Core Ultra 7 155H dựa trên tiến trình tiên tiến. Con chip có tốc độ xung nhịp cơ bản 1.4 GHz và tăng tốc lên đến 4.8 GHz, đi kèm với bộ nhớ đệm lên đến 24MB. 
Với 16 lõi và 22 luồng, bộ vi xử lý này cung cấp cho Asus Vivobook S 16 OLED S5606MA-MX051W khả năng xử lý các tác vụ đa nhiệm yêu cầu cao. Kết hợp với đó là trợ thủ NPU Intel AI Boost cho phép chiếc Vivobook vận hành mạnh mẽ mà vẫn tiết kiệm điện năng.
Đặc biệt, máy laptop văn phòng cũng sử dụng kết hợp card đồ họa Intel Arc Graphics. Đây là lý do chiếc Vivobook có thể cân mọi tựa game nhẹ hay tác dụng đồ hoạ thông thường mà không gặp trở ngại nào.
Kết nối linh hoạt 
Chiếc laptop Asus Vivobook S 16 OLED S5606MA-MX051W được trang bị các tính năng kết nối không dây hiện đại nhất bao gồm Wi-Fi 6E với băng tần kép và Bluetooth 5.3.
Về cổng kết nối có dây, Asus Vivobook S 16 OLED S5606MA-MX051W có 2 cổng USB 3.2 thế hệ 1 Loại A cho việc kết nối với các thiết bị ngoại vi. Đặc biệt, 2 cổng Thunderbolt 4 hỗ trợ hiển thị và cấp nguồn giúp kết nối với các thiết bị ngoại vi. Thêm vào đó, Vivobook được trang bị cổng HDMI 2.1, cổng âm thanh 3,5 mm và đầu đọc Micro SD rất tiện dụng.
Đắm chìm màn hình OLED 3.2K siêu sắc nét 
Laptop Asus Vivobook S 16 OLED S5606MA-MX051W gây choáng ngợp cho người dùng với màn hình OLED tiên tiến. Với kích thước 16 inch đi kèm độ phân giải cao 3.2K (3200 x 2000) pixels, mức độ sắc nét và chi tiết mà màn hình của chiếc Vivobook này mang lại khiến người dùng không thể rời mắt.
Đặc biệt, độ sáng cao lên đến 400nits giúp Asus Vivobook S 16 OLED S5606MA-MX051W hiển thị rõ ràng ngay cả trong điều kiện ánh sáng mạnh. Sự hỗ trợ của 100% DCI-P3 cung cấp phổ màu rộng, làm cho mọi nội dung trên chiếc màn hình trở nên chân thực hơn bao giờ hết.
Ngoài ra, Laptop Asus Vivobook S 16 OLED S5606MA-MX051W còn sử dụng camera công nghệ FHD sắc nét phục vụ gọi video. Đặc biệt, tính năng Windows Hello mang lại sự tiện lợi cao khi đăng nhập vào hệ thống. 
Thời lượng pin tốt
Laptop Asus Vivobook S 16 OLED S5606MA-MX051W đi kèm viên pin 75Wh, đảm bảo thời lượng dùng lâu dài cho người dùng. Bàn phím của máy được thiết kế theo kiểu Chiclet với đèn nền RGB cho trải nghiệm gõ phím tốt và khả năng tùy biến độc đáo. Đặc biệt hơn cả là trang bị Copilot AI vô cùng tiện ích. Đây là phím cứng giúp người dùng truy cập nhanh chóng vào các tính năng trợ lý thông minh, tăng cường hiệu suất trong quá trình làm việc.
Mua laptop Asus Vivobook S 16 OLED S5606MA-MX051W chính hãng tại CellphoneS
Tại CellphoneS, bạn có thể mua laptop Asus Vivobook S 16 OLED S5606MA-MX051W chính hãng với đầy đủ các ưu đãi và dịp khuyến mãi hấp dẫn. Ngoài ra, bạn sẽ được bảo hành chính hãng từ Asus với thời gian dài.
Khi mua laptop Asus Vivobook, bạn còn có cơ hội nhận nhiều ưu đãi đặc biệt trong các dịp sale laptop, lễ 8/3, Black Friday và nhiều dịp lễ khác. Bên cạnh laptop Asus Vivobook S 16 OLED S5606MA-MX051W, CellphoneS còn cung cấp đa dạng phụ kiện đi kèm như chuột, bàn phím, RAM, SSD cho bạn lựa chọn.","{""Bộ xử lý & Đồ họa"": [{""name"": ""Loại card đồ họa"", ""value"": ""Intel Arc Graphics""}, {""name"": ""Loại CPU"", ""value"": ""Intel Core Ultra 7 155H 1.4 GHz (24MB Cache, up to 4.8 GHz, 16 lõi, 22 luồng)""}], ""Bộ nhớ RAM, Ổ cứng"": [{""name"": ""Dung lượng RAM"", ""value"": ""16GB""}, {""name"": ""Loại RAM"", ""value"": ""LPDDR5X Onboard""}, {""name"": ""Ổ cứng"", ""value"": ""512GB M.2 NVMe PCIe 4.0 SSD""}], ""Màn hình"": [{""name"": ""Tần số quét"", ""value"": ""120Hz""}, {""name"": ""Chất liệu tấm nền"", ""value"": ""Tấm nền Oled""}, {""name"": ""Kích thước màn hình"", ""value"": ""16 inches""}, {""name"": ""Công nghệ màn hình"", ""value"": ""Độ sáng tối đa 600nits HDR\nGam màu 100% DCI-P3\nTỷ lệ tương phản 1.000.000:1\nÁnh sáng xanh ít gây hại hơn 70%\nTÜV Rheinland-certified\n1.07 tỷ màu""}, {""name"": ""Độ phân giải màn hình"", ""value"": ""3200 x 2000 pixel (WQHD+)""}], ""Âm thanh"": [{""name"": ""Công nghệ âm thanh"", ""value"": ""Smart Amp Technology, harman/kardon""}], ""Cổng kết nối"": [{""name"": ""Khe đọc thẻ nhớ"", ""value"": ""Có""}, {""name"": ""Wi-Fi"", ""value"": ""Wi-Fi 6E(802.11ax) (Dual band) 2*2""}, {""name"": ""Bluetooth"", ""value"": ""Bluetooth 5.3""}, {""name"": ""Cổng giao tiếp"", ""value"": ""2x USB 3.2 Gen 1 Type-A\n2x Thunderbolt™ 4 supports display / power delivery\n1x HDMI 2.1 TMDS\n1x 3.5mm Combo Audio Jack\nĐầu đọc thẻ Micro SD""}], ""Kích thước & Trọng lượng"": [{""name"": ""Chất liệu"", ""value"": ""Vỏ kim loại""}, {""name"": ""Chất liệu vỏ màn hình"", ""value"": ""Nhôm""}, {""name"": ""Chất liệu vỏ trên"", ""value"": ""Nhôm""}, {""name"": ""Chất liệu vỏ dưới"", ""value"": ""Nhôm""}, {""name"": ""Kích thước"", ""value"": ""35.36 x 24.69 x 1.39 ~ 1.59 cm (13.92\"" x 9.72\"" x 0.55\"" ~ 0.63\"")""}, {""name"": ""Trọng lượng"", ""value"": ""1.50 kg""}], ""Tiện ích khác"": [{""name"": ""Tính năng đặc biệt"", ""value"": ""Wi-Fi 6, Màn hình Oled""}], ""Tính năng khác"": [{""name"": ""Loại đèn bàn phím"", ""value"": ""RGB 1 vùng""}, {""name"": ""Bảo mật"", ""value"": ""McAfee 30 ngày dùng thử miễn phí\nWebcam IR với Windows Hello\nMcAfee\nBIOS thiết lập mật khẩu người dùng\nMô-đun nền tảng đáng tin cậy (Firmware TPM)""}, {""name"": ""Webcam"", ""value"": ""Camera FHD có chức năng IR hỗ trợ Windows Hello\nMàn trập camera""}, {""name"": ""Hệ điều hành"", ""value"": ""Windows 11 Home""}], ""Pin & công nghệ sạc"": [{""name"": ""Pin"", ""value"": ""75WHrs, 4S1P, 4-cell Li-ion""}]}","[""https://cdn2.cellphones.com.vn/x/media/catalog/product/l/a/laptop_asus_vivobook_s_16_oled_s5606ma-mx051w_-_1.png"", ""https://cdn2.cellphones.com.vn/x/media/catalog/product/l/a/laptop_asus_vivobook_s_16_oled_s5606ma-mx051w_-_2.png"", ""https://cdn2.cellphones.com.vn/x/media/catalog/product/l/a/laptop_asus_vivobook_s_16_oled_s5606ma-mx051w_-_3.png""]","{""product_color_1"": {""color"": ""Xanh"", ""image_url"": ""https://cellphones.com.vn/laptop-asus-vivobook-s-16-oled-s5606ma-mx051w.html?product_id=82012"", ""price"": ""26.990.000₫""}}"
Laptop ASUS Vivobook 15 OLED A1505VA-L1688W,laptop-asus-vivobook-s16-s5606ca-ri171ws,22.990.000đ,21.890.000đ,"Đặc điểm nổi bật
Laptop Asus Vivobook 15 OLED A1505VA-L1688W được trang bị màn hình OLED 15.6 inch độ phân giải FHD, chip Intel Core i7-13620H 10 lõi, 16 luồng và RAM 16GB. Máy sở hữu SSD 512GB PCIe 4.0, hỗ trợ Wi-Fi 6E, Bluetooth 5.3 và nhiều cổng kết nối. Máy có trọng lượng chỉ 1.7kg, độ dày 1.99cm, đạt chuẩn độ bền quân đội và được trang bị viên pin 3-cell 50Wh.
Nội dung chính
1. Laptop Asus Vivobook 15 OLED A1505VA-L1688W - Cân bằng mạnh mẽ giữa hiệu năng và trải nghiệm thị giác
1.1. Sức mạnh xử lý mạnh mẽ
1.2. Đa nhiệm tốt nhờ RAM 16GB
1.3. Thiết kế thanh lịch, bền bỉ
1.4. Màn hình OLED 15.6inch rực rỡ
1.5. Pin 50Wh, nhiều cổng kết nối
2. Mua ngay laptop Asus Vivobook 15 OLED A1505VA-L1688W chính hãng tại CellphoneS
Laptop Asus Vivobook 15 OLED A1505VA-L1688W - Cân bằng mạnh mẽ giữa hiệu năng và trải nghiệm thị giác
Laptop Asus Vivobook 15 OLED A1505VA-L1688W là mẫu laptop đầy ấn tượng với hiệu năng ổn định, màn hình đỉnh cao và độ bền tốt. Mẫu laptop Asus Vivobook đời mới sở hữu màn hình OLED sống động, là lựa chọn lý tưởng cho cả công việc lẫn giải trí đa phương tiện.
Sức mạnh xử lý mạnh mẽ
Laptop Asus Vivobook 15 OLED A1505VA-L1688W được trang bị vi xử lý Intel Core i7-13620H thế hệ 13, sở hữu tới 10 nhân và 16 luồng, giúp xử lý trơn tru hầu hết tác vụ. Với xung nhịp tối đa lên tới 4.9GHz và bộ nhớ đệm 24MB, con chip này mang lại hiệu năng vượt trội trong tầm giá, đáp ứng mọi nhu cầu từ cơ bản tới nâng cao.
Cấu hình laptop văn phòng này đặc biệt phù hợp cho những người dùng cần hiệu suất cao nhưng vẫn muốn duy trì mức giá hợp lý và tính di động. CPU i7 H-series đủ để gánh tốt các phần mềm nặng như AutoCAD, Photoshop hay Premiere ở mức cấu hình trung bình.
Thêm vào đó, khả năng tản nhiệt ổn định của Vivobook 15 OLED cùng hệ thống quạt tối ưu, phần mềm Fan Profile trong MyASUS, hỗ trợ làm mát hiệu quả. Phần mềm này cho phép người dùng tự điều chỉnh hiệu suất quạt để cân bằng giữa hiệu năng và độ ồn tùy theo môi trường sử dụng.
Đa nhiệm tốt nhờ RAM 16GB
Laptop Asus Vivobook 15 OLED A1505VA-L1688W gồm tổng cộng 16GB RAM DDR4, với 8GB hàn chết và 8GB lắp rời qua khe SO-DIMM, cho phép nâng cấp trong tương lai. Bộ nhớ RAM của Asus Vivobook i7 có dung lượng lớn đảm bảo laptop xử lý tốt các tác vụ đồng thời, giúp người dùng mở hàng chục tab Chrome, chạy phần mềm chỉnh sửa ảnh, trình chiếu slide mượt mà.
Bên cạnh RAM mạnh, máy còn sở hữu ổ cứng SSD 512GB M.2 NVMe với chuẩn kết nối PCIe 4.0 tân tiến, đem lại tốc độ đọc/ghi vượt trội so với chuẩn SSD cũ. Dung lượng 512GB cũng đủ để lưu trữ hàng ngàn tài liệu văn phòng, vài trăm video HD và vô số ảnh chất lượng cao mà không cần lo lắng về không gian trống. 
Thiết kế thanh lịch, bền bỉ
Laptop Asus Vivobook 15 OLED A1505VA-L1688W mang phong cách tối giản nhưng tinh tế với gam màu Cool Silver thanh lịch, vỏ ngoài bằng nhựa cao cấp được hoàn thiện tốt. Dù không làm từ kim loại, chất liệu này vẫn cho cảm giác cứng cáp và dễ dàng vệ sinh khi sử dụng lâu dài, đồng thời tạo cảm giác chắc tay và sang trọng. 
Điểm nổi bật của thiết kế là khả năng đạt chuẩn độ bền quân đội US MIL-STD 810H, cho thấy máy đã vượt qua nhiều bài kiểm tra khắc nghiệt như rung lắc, độ ẩm, nhiệt độ. Mặc dù sở hữu màn hình 15.6 inch, chiếc laptop này chỉ dày 1.99cm và nặng 1.7kg, giúp khách hàng dễ dàng mang theo trong balo khi đi làm, đi học hoặc công tác xa. 
Màn hình OLED 15.6inch rực rỡ
Một trong những điểm sáng trên laptop Asus Vivobook 15 OLED A1505VA-L1688W là màn hình OLED 15.6 inch có độ sắc nét Full HD (1920 x 1080) với tỷ lệ 16:9. Tấm nền OLED cao cấp có tốc độ phản hồi chỉ 0.2ms, độ sáng đỉnh lên tới 600 nits, hỗ trợ chuẩn VESA DisplayHDR True Black 600, đảm bảo màu đen sâu, sắc nét.
Màn hình cũng đạt chuẩn màu 100% DCI-P3, được chứng nhận PANTONE Validated và giảm 70% ánh sáng xanh có hại – phù hợp cho cả dân thiết kế màu sắc chuyên nghiệp. Hơn nữa, Asus không chỉ chú trọng chất lượng hiển thị mà còn tích hợp hàng loạt công nghệ giúp bảo vệ mắt như TUV Rheinland, SGS Eye Care, và MyASUS OLED Care. 
Pin 50Wh, nhiều cổng kết nối
Laptop Asus Vivobook 15 OLED A1505VA-L1688W được trang bị viên pin 3-cell 50Wh, giúp duy trì thời gian hoạt động trong nhiều giờ đồng hồ khi sử dụng các tác vụ cơ bản. Với khả năng tiết kiệm năng lượng của chip Intel thế hệ 13 và màn hình OLED, người dùng hoàn toàn có thể yên tâm sử dụng máy trong cả ngày dài mà không cần sạc liên tục.
Dù có thân hình mỏng nhẹ, Vivobook 15 OLED vẫn có đầy đủ các cổng kết nối cần thiết, như USB-C 3.2 Gen 1, 2x USB-A 3.2 Gen 1, USB-A 2.0, HDMI 1.4, jack 3.5mm và DC-in. Bên cạnh đó, laptop cũng hỗ trợ Wi-Fi 6E và Bluetooth 5.3, đảm bảo đường truyền tốt, nhanh chóng trong môi trường làm việc hiện đại với nhiều thiết bị kết nối.
Mua ngay laptop Asus Vivobook 15 OLED A1505VA-L1688W chính hãng tại CellphoneS
Hiện nay, laptop Asus Vivobook 15 OLED A1505VA-L1688W đã có mặt tại hệ thống bán lẻ CellphoneS với cam kết hàng chính hãng. Khách hàng có thể trải nghiệm trực tiếp tại cửa hàng hoặc đặt mua online để nhận được nhiều ưu đãi hấp dẫn. Đặc biệt, CellphoneS còn hỗ trợ trả góp 0% lãi suất, giao hàng tận nơi nhanh chóng trên toàn quốc. Đừng bỏ qua thời điểm vàng này để rước về tay chiếc laptop mạnh mẽ, hiện đại và tối ưu cho mọi nhu cầu.","{""Bộ xử lý & Đồ họa"": [{""name"": ""Loại card đồ họa"", ""value"": ""Intel UHD Graphics""}, {""name"": ""Loại CPU"", ""value"": ""Intel Core i7-13620H 2.4 GHz (24MB Cache, up to 4.9 GHz, 10 lõi, 16 luồng)""}], ""Bộ nhớ RAM, Ổ cứng"": [{""name"": ""Dung lượng RAM"", ""value"": ""16GB""}, {""name"": ""Loại RAM"", ""value"": ""DDR4""}, {""name"": ""Số khe ram"", ""value"": ""2 khe (8GB DDR4 on board + 8GB DDR4 SO-DIMM)""}, {""name"": ""Ổ cứng"", ""value"": ""512GB M.2 NVMe PCIe 4.0 SSD""}], ""Màn hình"": [{""name"": ""Tần số quét"", ""value"": ""60Hz""}, {""name"": ""Chất liệu tấm nền"", ""value"": ""Tấm nền Oled""}, {""name"": ""Kích thước màn hình"", ""value"": ""15.6 inches""}, {""name"": ""Công nghệ màn hình"", ""value"": ""Thời gian phản hồi 0.2ms\nĐộ sáng tối đa 600nits HDR\nĐộ phủ màu 100% DCI-P3\nGamut mapping\nHDR True Black 600\n1.07 tỷ màu\nGiảm 70% ánh sáng xanh có hại\nĐược chứng nhận bởi TÜV Rheinland\nMàn hình chăm sóc mắt SGS""}, {""name"": ""Độ phân giải màn hình"", ""value"": ""1920 x 1080 pixels (FullHD)""}], ""Âm thanh"": [{""name"": ""Công nghệ âm thanh"", ""value"": ""SonicMaster\nLoa tích hợp\nMicrô mảng tích hợp""}], ""Kích thước & Trọng lượng"": [{""name"": ""Chất liệu"", ""value"": ""Vỏ nhựa""}, {""name"": ""Chất liệu vỏ màn hình"", ""value"": ""Nhựa""}, {""name"": ""Chất liệu vỏ trên"", ""value"": ""Nhựa""}, {""name"": ""Chất liệu vỏ dưới"", ""value"": ""Nhựa""}, {""name"": ""Kích thước"", ""value"": ""35.68 x 22.76 x 1.99 ~ 1.99 cm (Dài x Rộng x Dày)""}, {""name"": ""Trọng lượng"", ""value"": ""1.70 kg""}], ""Tiện ích khác"": [{""name"": ""Tính năng đặc biệt"", ""value"": ""Wi-Fi 6, Màn hình Oled""}], ""Tính năng khác"": [{""name"": ""Loại đèn bàn phím"", ""value"": ""Bàn phím Chiclet có phím số""}, {""name"": ""Bảo mật"", ""value"": ""McAfee\nBIOS Booting User Password Protection\nBIOS setup user password\nTrusted Platform Module (Firmware TPM)""}, {""name"": ""Webcam"", ""value"": ""Camera HD 720p có màn trập camera""}, {""name"": ""Hệ điều hành"", ""value"": ""Windows 11 Home""}], ""Pin & công nghệ sạc"": [{""name"": ""Pin"", ""value"": ""50WHrs, 3S1P, 3-cell Li-ion""}], ""Cổng kết nối"": [{""name"": ""Wi-Fi"", ""value"": ""Wi-Fi 6E(802.11ax) (Dual band) 1*1 +""}, {""name"": ""Bluetooth"", ""value"": ""Bluetooth 5.3""}, {""name"": ""Cổng giao tiếp"", ""value"": ""1x USB 2.0 Type-A (tốc độ dữ liệu lên đến 480Mbps)\n1x USB 3.2 Gen 1 Type-C hỗ trợ cấp nguồn (tốc độ dữ liệu lên đến 5Gbps)\n2x USB 3.2 Gen 1 Type-A (tốc độ dữ liệu lên đến 5Gbps)\n1x HDMI 1.4\n1x Giắc cắm âm thanh kết hợp 3.5mm\n1x DC-in""}]}","[""https://cdn2.cellphones.com.vn/x/media/catalog/product/g/r/group_919_1_.png"", ""https://cdn2.cellphones.com.vn/x/media/catalog/product/g/r/group_920.png"", ""https://cdn2.cellphones.com.vn/x/media/catalog/product/l/a/laptop_asus_vivobook_15_oled_a1505va-l1688w_-_3.png""]","{""product_color_1"": {""color"": ""Bạc"", ""image_url"": ""https://cellphones.com.vn/laptop-asus-vivobook-15-oled-a1505va-l1688w.html?product_id=105687"", ""price"": ""21.890.000₫""}}"
Laptop ASUS Vivobook S16 S5606CA-RI171WS,laptop-asus-vivobook-s-16-oled-m5606ka-ri016ws-ryzen-ai-7,31.410.000đ,28.890.000đ,"Đặc điểm nổi bật
Laptop ASUS Vivobook S16 S5606CA-RI171WS sở hữu màn hình 16 inch 3K OLED, với tần số quét cao 120Hz và bộ vi xử lý Intel Core Ultra 7 255H mạnh mẽ. Máy tích hợp RAM 16GB LPDDR5X, ổ cứng SSD 512GB PCIe 4.0 và card đồ họa Intel Arc Graphics. Máy có thiết kế vỏ nhôm màu Mist Blue, trọng lượng 1.5kg và đạt tiêu chuẩn độ bền quân sự MIL-STD 810H.
Nội dung chính
1. Laptop ASUS Vivobook S16 S5606CA-RI171WS - Hiệu năng mạnh mẽ với công nghệ AI
1.1. Tăng tốc xử lý với công nghệ AI
1.2. Hiệu suất bộ nhớ vượt trội
1.3. Thiết kế tinh tế với màu sắc độc đáo
1.4. Sức mạnh vượt trội nhờ Core Ultra 7 255H
1.5. Pin bền bỉ và cổng kết nối đa dạng
1.6. Màn hình OLED sống động với tần số quét cao
2. Mua laptop ASUS Vivobook S16 S5606CA-RI171WS chính hãng tại CellphoneS
Laptop ASUS Vivobook S16 S5606CA-RI171WS - Hiệu năng mạnh mẽ với công nghệ AI
Dòng laptop ASUS Vivobook S16 này mang đến trải nghiệm vượt trội nhờ tích hợp công nghệ AI hiện đại. Mẫu laptop ASUS Vivobook này phù hợp cho công việc sáng tạo nội dung, chơi game và xử lý tác vụ nặng.
Tăng tốc xử lý với công nghệ AI
Laptop ASUS Vivobook S16 S5606CA-RI171WS tích hợp Intel AI Boost NPU đạt hiệu suất lên đến 13 TOPS, hỗ trợ tăng cường hiệu suất xử lý vượt trội. Công nghệ này tăng tốc xử lý các tác vụ học máy, chỉnh sửa video và render đồ họa một cách mượt mà hơn. Hiệu quả xử lý được cải thiện đáng kể, giúp tiết kiệm thời gian quý báu cho người dùng trong công việc.
Công nghệ AI tiên tiến trên máy hỗ trợ phân tích dữ liệu nhanh chóng, nâng cao trải nghiệm người dùng một cách hiệu quả. Dòng laptop ASUS Vivobook S16 này đảm bảo hiệu suất ổn định khi vận hành các phần mềm đòi hỏi tài nguyên lớn liên tục. Ngoài ra, tính năng này đặc biệt phù hợp cho những người thiết kế chuyên nghiệp và game thủ đam mê công nghệ.
Hiệu suất bộ nhớ vượt trội
Laptop ASUS Vivobook S16 S5606CA-RI171WS trang bị RAM 16GB LPDDR5X tốc độ cao, đáp ứng tốt nhu cầu đa nhiệm mượt mà và hiệu quả. Ổ cứng SSD 512GB M.2 NVMe PCIe 4.0 đem đến tốc độ đọc và ghi nhanh và tiết kiệm thời gian khởi động ứng dụng. Dung lượng lưu trữ rộng rãi, đủ dùng cho các phần mềm và dữ liệu lớn trong công việc.
Hệ thống lưu trữ PCIe 4.0 trên thiết bị đảm bảo truy xuất dữ liệu nhanh chóng và mượt mà trong mọi tình huống. Tốc độ truyền tải vượt trội giúp người dùng xử lý các tệp tin nặng một cách hiệu quả hơn đáng kể. Tổng quan, dòng laptop ASUS Vivobook S16 này mang lại trải nghiệm liền mạch khi làm việc với các dự án phức tạp, đòi hỏi tài nguyên cao.
Thiết kế tinh tế với màu sắc độc đáo
Laptop ASUS Vivobook S16 S5606CA-RI171WS sở hữu thiết kế vỏ nhôm với màu Mist Blue sang trọng và trọng lượng chỉ khoảng 1.5kg, dễ mang theo mọi nơi. Độ bền đạt chuẩn quân sự MIL-STD 810H, đảm bảo chịu lực tốt trong nhiều điều kiện sử dụng khác nhau. Vẻ ngoài hiện đại rất phù hợp với những người dùng năng động và yêu thích phong cách thời thượng.
Màu sắc Mist Blue trên dòng laptop ASUS Vivobook S16 này tạo điểm nhấn thời thượng và cuốn hút, nổi bật trong đám đông với phong cách độc đáo. Thiết kế mỏng nhẹ giúp dễ dàng mang theo khi di chuyển trong công việc hàng ngày một cách tiện lợi hơn. Bàn phím màu xanh đồng bộ mang lại cảm giác thẩm mỹ cao cấp, tinh tế hơn và nâng tầm trải nghiệm.
Sức mạnh vượt trội nhờ Core Ultra 7 255H
Laptop ASUS Vivobook S16 S5606CA-RI171WS sử dụng Intel Core Ultra 7 255H, tốc độ tối đa 5.1GHz, với 16 nhân và 16 luồng, mạnh mẽ vượt trội. Hiệu năng này đáp ứng tốt các tác vụ nặng như dựng hình 3D và chơi game AAA ở mức thiết lập trung bình. Card đồ họa Intel Arc Graphics đảm bảo hình ảnh sắc nét, hiển thị chất lượng cao và sống động.
Hệ thống đồ hoạ của thiết bị cung cấp hình ảnh rõ ràng, chân thực, tạo ra trải nghiệm tối ưu cho người dùng. Người dùng có thể tham gia vào các trò chơi hiện đại mà không phải lo lắng về việc bị gián đoạn hoặc giật lag trong quá trình chơi. Cấu hình mạnh mẽ của dòng laptop ASUS Vivobook S16 này phù hợp cho cả công việc sáng tạo và giải trí đa dạng.
Pin bền bỉ và cổng kết nối đa dạng
Laptop ASUS Vivobook S16 S5606CA-RI171WS tích hợp viên pin lên đến 75WHrs, đảm bảo thời gian sử dụng dài cho công việc liên tục và ổn định hàng ngày. Máy hỗ trợ sạc nhanh qua cổng Type-C 65W, tiện lợi khi di chuyển trong các chuyến công tác hoặc học tập. Các cổng kết nối bao gồm Thunderbolt 4, USB 3.2 Gen 1, HDMI 2.1 và Micro SD card reader.
Cổng Thunderbolt 4 cho tốc độ truyền dữ liệu vượt trội lên đến 40Gbps, nhanh chóng và ổn định. Người dùng dễ dàng kết nối với màn hình ngoài hoặc các thiết bị ngoại vi hiện đại một cách thuận tiện. Ngoài ra, cổng Micro SD card reader trên dòng laptop ASUS Vivobook S16 này bổ sung khả năng mở rộng lưu trữ linh hoạt, tiện ích cho nhiều nhu cầu sử dụng.
Màn hình OLED sống động với tần số quét cao
Laptop ASUS Vivobook S16 S5606CA-RI171WS sở hữu màn hình 16 inch OLED, với độ phân giải 3K và tỷ lệ 16:10, hiển thị sắc nét và chi tiết. Tần số quét lên đến 120Hz mang lại hình ảnh mượt mà, lý tưởng cho game và video chất lượng cao. Độ sáng 400nits và đạt mức 600nits ở chế độ HDR, hiển thị màu sắc chân thực, rõ ràng hơn và thu hút người dùng.
Màn hình của thiết bị đạt chứng nhận TÜV Rheinland, giảm 70% ánh sáng xanh, hỗ trợ bảo vệ mắt của người dùng hiệu quả trong thời gian dài. Tỷ lệ màn hình so với thân máy 89% tạo trải nghiệm thị giác rộng rãi, thoải mái hơn khi sử dụng. Công nghệ hiển thị 1.07 tỷ màu trên dòng laptop ASUS Vivobook S16 này đáp ứng nhu cầu chỉnh sửa ảnh chuyên nghiệp.
Mua laptop ASUS Vivobook S16 S5606CA-RI171WS chính hãng tại CellphoneS
Laptop ASUS Vivobook S16 S5606CA-RI171WS mang lại hiệu năng mạnh mẽ và thiết kế hiện đại, lý tưởng cho công việc và giải trí. CellphoneS cung cấp sản phẩm chính hãng với giá cạnh tranh và hỗ trợ trả góp linh hoạt. Dịch vụ giao hàng nhanh chóng khi mua online, cùng đội ngũ nhân viên tư vấn tận tâm. Dòng laptop ASUS Vivobook S16 này tại CellphoneS luôn kèm ưu đãi hấp dẫn.","{""Bộ xử lý & Đồ họa"": [{""name"": ""Chip AI"", ""value"": ""Intel AI Boost NPU up to 13TOPS""}, {""name"": ""Loại card đồ họa"", ""value"": ""Intel Arc Graphics""}, {""name"": ""Loại CPU"", ""value"": ""Intel Core Ultra 7 255H 2.0 GHz (24MB Cache, up to 5.1 GHz, 16 lõi, 16 luồng); Intel AI Boost NPU up to 13TOPS""}], ""Bộ nhớ RAM, Ổ cứng"": [{""name"": ""Dung lượng RAM"", ""value"": ""16GB""}, {""name"": ""Loại RAM"", ""value"": ""LPDDR5X Onboard""}, {""name"": ""Ổ cứng"", ""value"": ""512GB M.2 NVMe PCIe 4.0 SSD""}], ""Màn hình"": [{""name"": ""Tần số quét"", ""value"": ""120Hz""}, {""name"": ""Chất liệu tấm nền"", ""value"": ""Tấm nền Oled""}, {""name"": ""Kích thước màn hình"", ""value"": ""16 inches""}, {""name"": ""Công nghệ màn hình"", ""value"": ""Độ sáng 400nits\nĐộ sáng tối đa 600nits HDR\nĐộ phủ màu 100% DCI-P3\nÁnh xạ gam màu\nHDR True Black 600\n1.07 tỷ màu\nÍt hơn 70% ánh sáng xanh có hại\nTÜV Rheinland""}, {""name"": ""Độ phân giải màn hình"", ""value"": ""2880 x 1800 pixels""}], ""Âm thanh"": [{""name"": ""Công nghệ âm thanh"", ""value"": ""Công nghệ Smart Amp\nLoa tích hợp\nMicrô tích hợp\nMicrô mảng tích hợp\nharman/kardon (Chính thống)""}], ""Kích thước & Trọng lượng"": [{""name"": ""Chất liệu"", ""value"": ""Vỏ kim loại""}, {""name"": ""Chất liệu vỏ màn hình"", ""value"": ""Nhôm""}, {""name"": ""Chất liệu vỏ trên"", ""value"": ""Nhôm""}, {""name"": ""Chất liệu vỏ dưới"", ""value"": ""Nhôm""}, {""name"": ""Kích thước"", ""value"": ""35.36 x 24.69 x 1.39 ~ 1.59 cm (Dài x Rộng x Dày)""}, {""name"": ""Trọng lượng"", ""value"": ""1.50 kg""}], ""Tiện ích khác"": [{""name"": ""Tính năng đặc biệt"", ""value"": ""Nhận diện khuôn mặt, Màn hình Oled, Wi-Fi 7""}], ""Tính năng khác"": [{""name"": ""Loại đèn bàn phím"", ""value"": ""Bàn phím Chiclet có đèn nền RGB 1 vùng với phím số""}, {""name"": ""Bảo mật"", ""value"": ""Webcam IR có hỗ trợ Windows Hello\nMcAfee\nMật khẩu người dùng thiết lập BIOS\nTrusted Platform Module (Firmware TPM)""}, {""name"": ""Webcam"", ""value"": ""Camera FHD có chức năng IR hỗ trợ Windows Hello; Có màn trập camera""}, {""name"": ""Hệ điều hành"", ""value"": ""Windows 11 Home + Microsoft Office Home 2024 + Microsoft 365 Basic""}], ""Pin & công nghệ sạc"": [{""name"": ""Pin"", ""value"": ""75WHrs, 4S1P, 4-cell Li-ion""}], ""Cổng kết nối"": [{""name"": ""Wi-Fi"", ""value"": ""Wi-Fi 7(802.11be) (Tri-band)2*2""}, {""name"": ""Bluetooth"", ""value"": ""Bluetooth 5.4""}, {""name"": ""Cổng giao tiếp"", ""value"": ""2x USB 3.2 Gen 1 Type-A (5Gbps)\n2x Thunderbolt 4 hỗ trợ hiển thị/cung cấp điện (40Gbps)\n1x HDMI 2.1 TMDS\n1x Giắc cắm âm thanh kết hợp 3.5mm\nĐầu đọc thẻ Micro SD""}]}","[""https://cdn2.cellphones.com.vn/x/media/catalog/product/l/a/laptop_asus_vivobook_s16_s5606ca-ri171ws_-_1.png"", ""https://cdn2.cellphones.com.vn/x/media/catalog/product/l/a/laptop_asus_vivobook_s16_s5606ca-ri171ws_-_2.png"", ""https://cdn2.cellphones.com.vn/x/media/catalog/product/l/a/laptop_asus_vivobook_s16_s5606ca-ri171ws_-_3.png""]","{""product_color_1"": {""color"": ""Xanh"", ""image_url"": ""https://cellphones.com.vn/laptop-asus-vivobook-s16-s5606ca-ri171ws.html?product_id=107952"", ""price"": ""28.890.000₫""}}"
Laptop ASUS Vivobook S 16 OLED M5606KA-RI016WS,laptop-asus-vivobook-s-16-s5606ca-ri114ws,30.990.000đ,28.990.000đ,"Đặc điểm nổi bật
Laptop ASUS Vivobook S 16 OLED M5606KA-RI016WS RYZEN AI 7 mang đến hiệu năng mạnh mẽ nhờ vi xử lý AMD Ryzen AI 7 350, kết hợp RAM 24GB và SSD 512GB PCIe. Màn hình OLED 16'' độ phân giải 3K, tần số quét 120Hz giúp máy hiển thị hình ảnh khá chi tiết. Laptop còn được tích hợp sẵn Windows 11 Microsoft Office, sẵn sàng sử dụng ngay khi mở máy. 
Nội dung chính
1. Laptop ASUS Vivobook S 16 OLED M5606KA-RI016WS RYZEN AI 7 - Thiết kế sang trọng, hiệu năng mạnh mẽ
1.1. Hiệu suất vượt trội, khả năng lưu trữ lớn 
1.2. Kiểu dáng tinh tế, hoàn thiện từ kim loại cao cấp
1.3. Hiệu năng ấn tượng với CPU Ryzen AI và đồ họa Radeon
1.4. Pin bền bỉ, kết nối đa dạng đáp ứng mọi nhu cầu
1.5. Màn hình OLED 16 inch sắc nét, màu sắc sống động
2. Mua laptop ASUS Vivobook S 16 OLED M5606KA-RI016WS RYZEN AI 7 chính hãng,  tại CellphoneS
Laptop ASUS Vivobook S 16 OLED M5606KA-RI016WS RYZEN AI 7 - Thiết kế sang trọng, hiệu năng mạnh mẽ
Laptop ASUS Vivobook S 16 OLED M5606KA-RI016WS RYZEN AI 7 nổi bật với thiết kế hiện đại, lớp vỏ kim loại cứng cáp, mang đến sự bền bỉ và vẻ ngoài cao cấp. Đây hứa hẹn sẽ là lựa chọn phù hợp cho những ai muốn sở hữu một chiếc laptop vừa đẹp mắt vừa mạnh mẽ.
Hiệu suất vượt trội, khả năng lưu trữ lớn 
Laptop ASUS Vivobook S 16 OLED M5606KA-RI016WS RYZEN AI 7 được trang bị RAM 24GB LPDDR5X, mang lại khả năng xử lý đa nhiệm nhanh chóng và tiết kiệm điện năng. Bộ nhớ RAM này được hàn trực tiếp trên bo mạch (Onboard) giúp máy tối ưu thiết kế gọn nhẹ, nhưng không hỗ trợ nâng cấp thêm.
Về lưu trữ, mẫu laptop AI này sử dụng ổ cứng SSD 512GB M.2 NVMe PCIe 4.0, cho tốc độ đọc/ghi dữ liệu ấn tượng, giúp khởi động hệ điều hành, mở ứng dụng và sao chép tệp tin nhanh hơn. Dung lượng lớn cùng hiệu suất cao cỉa máy cho phép người dùng lưu trữ tài liệu, cài đặt phần mềm và làm việc mượt mà mà không lo giật lag.
Kiểu dáng tinh tế, hoàn thiện từ kim loại cao cấp
Laptop ASUS Vivobook S 16 OLED M5606KA-RI016WS RYZEN AI 7 sở hữu thiết kế tinh tế với vỏ kim loại nguyên khối, mang lại sự cứng cáp và độ bền cao trong quá trình sử dụng. Phần vỏ, màn hình, mặt trên và mặt đáy đều làm từ nhôm cao cấp, giúp tăng khả năng tản nhiệt, hạn chế bám vân tay và giữ máy luôn sạch đẹp.
Với kích thước 35.36 x 24.69 x 1.39 ~ 1.59 cm và trọng lượng chỉ 1.50kg, dòng laptop này có thiết kế nhỏ gọn, thuận tiện mang theo khi di chuyển. Sự hài hòa giữa độ bền, vẻ đẹp và tính linh hoạt giúp chiếc laptop này trở thành lựa chọn phù hợp cho người dùng cần hiệu năng cao mà vẫn gọn nhẹ.
Hiệu năng ấn tượng với CPU Ryzen AI và đồ họa Radeon
Laptop được trang bị vi xử lý AMD Ryzen AI 7 350 với 8 lõi, 16 luồng, mang đến hiệu suất cao cho các tác vụ từ công việc văn phòng đến chỉnh sửa đồ họa. Với xung nhịp cơ bản 2.0GHz và có thể tăng tối đa lên 5.0GHz, bộ vi xử lý này đảm bảo tốc độ xử lý nhanh, phản hồi nhạy và tiết kiệm năng lượng hiệu quả.
Về đồ họa, máy sử dụng GPU tích hợp AMD Radeon Graphics, cung cấp chất lượng hiển thị sắc nét, hỗ trợ tốt các công việc chỉnh sửa hình ảnh, thiết kế cơ bản và chơi game nhẹ. Ngoài ra, laptop còn tích hợp chip AI AMD XDNA NPU với khả năng tính toán lên đến 50 TOPS, tối ưu hiệu suất trong các tác vụ trí tuệ nhân tạo như nhận diện hình ảnh.
Pin bền bỉ, kết nối đa dạng đáp ứng mọi nhu cầu
Laptop ASUS Vivobook S 16 OLED M5606KA-RI016WS RYZEN AI 7 được trang bị viên pin 75WHrs, 4-cell Li-ion, cho thời gian sử dụng dài, giúp bạn làm việc và giải trí liên tục. Kết hợp với lượng pin ấn tượng này là công suất sạc cao, giúp máy nhanh chóng nạp lại năng lượng, mang đến sự tiện lợi khi di chuyển.
Về kết nối, máy được trang bị đầy đủ các cổng giao tiếp tiên tiến, đảm bảo khả năng kết nối linh hoạt với nhiều thiết bị ngoại vi. Laptop sở hữu 1 cổng USB 3.2 Gen 1 Type-C (5Gbps) và 1 cổng USB 4.0 Gen 3 Type-C (40Gbps) với khả năng xuất hình và sạc nhanh. Ngoài ra, còn có 2 cổng USB 3.2 Gen 1 Type-A (5Gbps) hỗ trợ chuột, bàn phím và các phụ kiện khác. 
Màn hình OLED 16 inch sắc nét, màu sắc sống động
Laptop sở hữu màn hình OLED 16 inch với độ phân giải 2880 x 1800 pixels, mang đến chất lượng hiển thị sắc nét, màu sắc sống động và độ tương phản ấn tượng. Tần số quét 120Hz giúp các chuyển động được laptop tái tạo trên màn hình trở nên cực kỳ mượt mà. Qua đó, nó giúp giảm hiện tượng giật lag, đặc biệt hữu ích khi xem video, chơi game hoặc làm việc với nội dung đồ họa.
Về công nghệ hiển thị, màn hình có độ sáng tiêu chuẩn 400 nits và đạt 600 nits khi hiển thị nội dung HDR, đảm bảo hình ảnh rõ ràng ngay cả trong môi trường có ánh sáng mạnh. Bên cạnh đó, với 100% dải màu DCI-P3 cùng công nghệ Gamut Mapping, laptop ASUS Vivobook S 16 OLED M5606KA-RI016WS RYZEN AI 7 cũng giúp tái tạo màu sắc chính xác. 
Ngoài chất lượng hình ảnh vượt trội, màn hình còn đạt chứng nhận TÜV Rheinland nhờ khả năng giảm 70% ánh sáng xanh có hại, giúp bảo vệ mắt khi sử dụng lâu dài. Kèm theo đó là công nghệ Display HDR True Black 500 cũng góp phần hiển thị màu đen sâu hơn, tăng cường độ tương phản, mang lại trải nghiệm hình ảnh chân thực và sắc nét.
Mua laptop ASUS Vivobook S 16 OLED M5606KA-RI016WS RYZEN AI 7 chính hãng,  tại CellphoneS
Laptop ASUS Vivobook S 16 OLED M5606KA-RI016WS RYZEN AI 7 mang đến hiệu năng mạnh mẽ, phù hợp cho cả công việc lẫn giải trí. Sản phẩm đang được phân phối chính hãng tại CellphoneS và đi kèm nhiều ưu đãi hấp dẫn cùng chế độ bảo hành uy tín.
Mua sắm tại CellphoneS, bạn sẽ được hưởng mức giá tốt, hỗ trợ trả góp linh hoạt và dịch vụ chăm sóc khách hàng tận tình. Đặt mua ngay để trải nghiệm laptop với chất lượng cao cấp với hiệu năng ấn tượng!","{""Bộ xử lý & Đồ họa"": [{""name"": ""Chip AI"", ""value"": ""AMD XDNA NPU up to 50TOPS""}, {""name"": ""Loại card đồ họa"", ""value"": ""AMD Radeon Graphics""}, {""name"": ""Loại CPU"", ""value"": ""AMD Ryzen AI 7 350 2.0GHz (24MB Cache, up to 5.0GHz, 8 lõi, 16 luồng)""}], ""Bộ nhớ RAM, Ổ cứng"": [{""name"": ""Dung lượng RAM"", ""value"": ""24GB""}, {""name"": ""Loại RAM"", ""value"": ""LPDDR5X""}, {""name"": ""Số khe ram"", ""value"": ""Onboard""}, {""name"": ""Ổ cứng"", ""value"": ""512GB M.2 NVMe PCIe 4.0 SSD""}], ""Màn hình"": [{""name"": ""Tần số quét"", ""value"": ""120Hz""}, {""name"": ""Chất liệu tấm nền"", ""value"": ""Tấm nền Oled""}, {""name"": ""Kích thước màn hình"", ""value"": ""16 inches""}, {""name"": ""Công nghệ màn hình"", ""value"": ""Độ sáng 400nits\nĐộ sáng tối đa 600nits HDR\nĐộ phủ màu 100% DCI-P3\nGamut mapping\nDisplay HDR True Black 500\n1.07 tỷ màu\nGiảm 70% ánh sáng xanh có hại\nTÜV Rheinland-certified""}, {""name"": ""Độ phân giải màn hình"", ""value"": ""2880 x 1800 pixels""}], ""Âm thanh"": [{""name"": ""Công nghệ âm thanh"", ""value"": ""Công nghệ Smart Amp\nLoa tích hợp\nMicrô mảng tích hợp\nharman/kardon (Chính thống)""}], ""Cổng kết nối"": [{""name"": ""Khe đọc thẻ nhớ"", ""value"": ""Có""}, {""name"": ""Wi-Fi"", ""value"": ""Wi-Fi 6E(802.11ax) (Dual band) 2*2""}, {""name"": ""Bluetooth"", ""value"": ""Bluetooth 5.3""}, {""name"": ""Cổng giao tiếp"", ""value"": ""1x USB 3.2 Gen 1 Type-C hỗ trợ hiển thị/sạc (5Gbps)\n1x USB 4.0 Gen 3 Type-C hỗ trợ hiển thị/sạc (40Gbps)\n2x USB 3.2 Gen 1 Type-A (5Gbps)\n1x HDMI 2.1 TMDS\n1x Giắc cắm âm thanh kết hợp 3.5mm\nĐầu đọc thẻ Micro SD""}], ""Kích thước & Trọng lượng"": [{""name"": ""Chất liệu"", ""value"": ""Vỏ kim loại""}, {""name"": ""Chất liệu vỏ màn hình"", ""value"": ""Nhôm""}, {""name"": ""Chất liệu vỏ trên"", ""value"": ""Nhôm""}, {""name"": ""Chất liệu vỏ dưới"", ""value"": ""Nhôm""}, {""name"": ""Kích thước"", ""value"": ""35.36 x 24.69 x 1.39 ~ 1.59 cm (Dài x Rộng x Dày)""}, {""name"": ""Trọng lượng"", ""value"": ""1.50 kg""}], ""Tiện ích khác"": [{""name"": ""Tính năng đặc biệt"", ""value"": ""Wi-Fi 6, Nhận diện khuôn mặt, Màn hình Oled""}], ""Tính năng khác"": [{""name"": ""Loại đèn bàn phím"", ""value"": ""Bàn phím Chiclet có đèn nền RGB 1 vùng không có phím số Với phím Copilot""}, {""name"": ""Bảo mật"", ""value"": ""Webcam IR hỗ trợ Windows Hello\nMcAfee\nSecurity Lock\nBộ xử lý bảo mật Microsoft Pluton\nTrusted Platform Module (Phần mềm TPM)""}, {""name"": ""Webcam"", ""value"": ""Camera FHD có chức năng IR hỗ trợ Windows Hello; Có màn trập camera""}, {""name"": ""Hệ điều hành"", ""value"": ""Windows 11 Home + Microsoft Office Home 2024 + Microsoft 365 Basic""}], ""Pin & công nghệ sạc"": [{""name"": ""Pin"", ""value"": ""75WHrs, 4S1P, 4-cell Li-ion""}]}","[""https://cdn2.cellphones.com.vn/x/media/catalog/product/l/a/laptop_asus_vivobook_s_16_oled_m5606ka-ri016ws_-_1.png"", ""https://cdn2.cellphones.com.vn/x/media/catalog/product/l/a/laptop_asus_vivobook_s_16_oled_m5606ka-ri016ws_-_2.png"", ""https://cdn2.cellphones.com.vn/x/media/catalog/product/l/a/laptop_asus_vivobook_s_16_oled_m5606ka-ri016ws_-_3.png""]","{""product_color_1"": {""color"": ""Đen"", ""image_url"": ""https://cellphones.com.vn/laptop-asus-vivobook-s-16-oled-m5606ka-ri016ws-ryzen-ai-7.html?product_id=101163"", ""price"": ""28.990.000₫""}}"
Laptop ASUS Vivobook S 16 S5606CA-RI114WS,laptop-asus-vivobook-14-oled-a1405za-km263w,28.990.000đ,25.990.000đ,"Đặc điểm nổi bật
Laptop Asus Vivobook S16 S5606CA RI11WS có sức mạnh ấn tượng với 16GB ram cùng 512GB bộ nhớ SSD, chất lượng hình ảnh được đánh giá cao với độ phân giải 3K. Hơn nữa, vi xử lý Intel Core U-225H kết hợp với GPU Intel Arc Graphics giúp laptop xử lý tốt các tác vụ văn phòng và chỉnh sửa ảnh. Kích thước laptop Asus Vivobook này cho thao tác thoải mái, tối ưu.
Nội dung chính
1. Laptop Asus Vivobook S16 S5606CA RI11WS - hiệu năng xử lý công việc tối ưu
1.1. RAM 16GB đa nhiệm mạnh mẽ
1.2. Thiết kế sang trọng, chắc chắn
1.3. Xử lý công việc nhanh với Intel Core Ultra
1.4. Kết nối và chia sẻ dữ liệu siêu tiện lợi, siêu nhanh
1.5. Màn hình chuẩn 100% DCI-P3
2. Mua laptop Asus Vivobook S16 S5606CA RI11WS chính hãng tại CellphoneS
Laptop Asus Vivobook S16 S5606CA RI11WS - hiệu năng xử lý công việc tối ưu
Ngoại hình mỏng nhẹ cùng sức mạnh phần cứng tối ưu giúp cho Asus Vivobook S16 S5606CA RI11WS có thể đồng hành cùng bạn trong mọi chuyến công tác. Kết hợp cùng NPU thế hệ mới, người dùng sẽ tối ưu hóa hiệu suất làm việc với sự hỗ trợ đắc lực từ AI.
RAM 16GB đa nhiệm mạnh mẽ
Để có thể linh hoạt hơn trong việc xử lý cùng lúc nhiều tác vụ laptop Asus Vivobook S16 S5606CA RI11WS trang bị đến 16GB ram onboard. Với mức dung lượng này, người dùng có thể chia đôi màn hình sử dụng cùng lúc hai phần mềm hay mở nhiều tab trình duyệt tra cứu thông tin mà vẫn đảm bảo hoạt động mượt mà.
Nhằm tối ưu hóa thời gian khởi động ứng dụng cũng như mở máy Asus Vivobook S16 sử dụng chuẩn SSD 512GB M.2 NVMe. Không chỉ có tốc độ đọc ghi dữ liệu vượt trội, SSD NVMe còn cung cấp không gian lưu trữ tối ưu cho công việc cũng như giải trí.
Thiết kế sang trọng, chắc chắn
Ấn tượng đầu tiên khi nhìn vào phong cách thiết kế của Asus Vivobook S16 S5606CA RI11WS chính là sự chắc chắn, thanh lịch. Máy sử dụng chất liệu nhôm cao cấp kết hợp với tông màu xanh chủ đạo tạo vừa giúp giảm trọng lượng xuống chỉ còn 1.5kg cũng như tạo cảm giác cứng cáp hơn khi cầm trên tay.
Với một chiếc laptop văn phòng như Vivobook S16 S5606CA RI11WS, bàn phím có đèn nền cùng hành trình phím sâu sẽ mang lại trải nghiệm gõ tốt hơn. Cũng như cho phép sử dụng cả vào ban đêm. Máy cũng tối ưu hóa khả năng tản nhiệt với hệ thống khe hút gió được đặt ở mặt sau giúp cho hiệu năng hoạt động luôn ổn định trong suốt quá trình sử dụng.
Xử lý công việc nhanh với Intel Core Ultra
Laptop Asus Vivobook S16 S5606CA RI11WS sở hữu lợi thế trong khả năng xử lý các file phức tạp có dung lượng cao nhờ vi xử lý Intel Core U5-225H. Sở hữu 14 nhân, 16 luồng và khả năng đẩy xung nhịp đến 4.9Ghz ở chế độ turbo U5-225H cho tốc độ tải file ấn tượng cũng như xử lý tốt các tác vụ nặng.
Intel AI Boost NPU là một nâng cấp đáng kể trên Asus Vivobook S16, cho phép tận dụng tối đa sức mạnh AI trong công việc cũng như các tác vụ đòi hỏi tính toán liên tục. Nhờ đó thời gian xử lý trong các tác vụ AI được giảm đi khá nhiều so với các dòng CPU cũ.
Điểm cộng nữa đến từ Intel Arc Graphics, dòng GPU thế hệ mới cho phép thỏa sức sửa ảnh, cắt ghép video cơ bản phục vụ cho ngành marketing hay content vô cùng hiệu quả. Không chỉ hỗ trợ xử lý công việc tốt hơn mà thao tác cũng thuận tiện, tối ưu hơn.
Kết nối và chia sẻ dữ liệu siêu tiện lợi, siêu nhanh
Nhằm đáp ứng tốt nhu cầu làm việc mọi lúc mọi nơi, Asus Vivobook S16 được trang bị viên pin dung lượng cao 4 cell 75Whrs cho phép hoạt động liên tục nhiều giờ liền. Đi kèm với đó là bộ sạc 65W chuẩn Type-C giúp người dùng nhanh chóng nạp lại pin khi cần thiết.
Là một dòng laptop văn phòng, laptop Asus Vivobook S16 S5606CA RI11WS có thể kết nối với nhiều thiết bị như máy in, máy chiếu hay chia sẻ dữ liệu… thông qua cổng USB 3.2 Gen 1, thunderbolt 4, HDMI 2.1 và 1 cổng 3.5mm để kết nối với loa, tai nghe. Ngoài ra nếu cần chia sẻ hình ảnh, laptop còn hỗ trợ một khe đọc thẻ Micro SD.
Màn hình chuẩn 100% DCI-P3
Điểm nhấn trên sản phẩm chính là chiếc màn hình công nghệ cao, sử dụng tấm nền OLED chất lượng và độ phân giải lên đến 3K. Màn hình có kích thước lớn 15 inch kết hợp với độ sáng 400 nits giúp cho mọi hình ảnh đều hiển thị chi tiết khi làm việc cũng như lúc giải trí.
Bên cạnh độ nét cao, tốc độ làm mới 120Hz còn giúp hiển thị mượt mà hơn khi xem video và làm việc trên phần mềm đồ họa. Ngoài ra ở mặt trước của sản phẩm, Asus cũng đã trang bị một Webcam với độ phân giải FHD cho phép video call, học online mọi lúc mọi nơi.
Không chỉ phù hợp để làm văn phòng Laptop Asus Vivobook S16 S5606CA RI11WS còn có độ chính xác màu lên đến 100% DCI-P3 đáp ứng tốt mọi tác vụ đồ họa. Màn hình của máy còn đạt chứng chỉ TUV Rheinland cho mức độ ánh sáng anh ít hơn đến 70%, bảo vệ thị lực của người dùng tốt hơn trong quá trình làm việc. 
Mua laptop Asus Vivobook S16 S5606CA RI11WS chính hãng tại CellphoneS
Laptop Asus Vivobook S16 S5606CA RI11WS nổi bật trong phân khúc cho dân văn phòng với thiết kế chắc chắn, hiệu năng ổn định cùng khả năng hỗ trợ AI tuyệt vời. Sản phẩm hiện đang là một trong những dòng laptop Asus có mặt tại CellphoneS với mức giá tốt cùng nhiều chương trình khuyến mãi đi kèm. Cùng với chính sách trả góp 0% và chương trình sale lẽ, sale cuối tuần người dùng có thể sở hữu máy với mức chi phí tiết kiệm hơn đáng kể.","{""Bộ xử lý & Đồ họa"": [{""name"": ""Chip AI"", ""value"": ""Intel AI Boost NPU up to 13""}, {""name"": ""Loại card đồ họa"", ""value"": ""Intel Arc Graphics""}, {""name"": ""Loại CPU"", ""value"": ""Intel Core Ultra 5 225H 1.7 GHz (18MB Cache, up to 4.9 GHz, 14 lõi, 16 luồng)""}], ""Bộ nhớ RAM, Ổ cứng"": [{""name"": ""Dung lượng RAM"", ""value"": ""16GB""}, {""name"": ""Loại RAM"", ""value"": ""LPDDR5X Onboard""}, {""name"": ""Ổ cứng"", ""value"": ""512GB M.2 NVMe PCIe 4.0 SSD""}], ""Màn hình"": [{""name"": ""Tần số quét"", ""value"": ""120Hz""}, {""name"": ""Chất liệu tấm nền"", ""value"": ""Tấm nền Oled""}, {""name"": ""Kích thước màn hình"", ""value"": ""16 inches""}, {""name"": ""Công nghệ màn hình"", ""value"": ""Độ sáng 400nits\nĐộ sáng tối đa 600nits HDR\nĐộ phủ màu 100% DCI-P3\nGamut mapping\nDisplay HDR True Black 600\n1.07 tỷ màu\nGiảm 70% ánh sáng xanh có hại\nTÜV Rheinland-certified""}, {""name"": ""Độ phân giải màn hình"", ""value"": ""2880 x 1800 pixels""}], ""Âm thanh"": [{""name"": ""Công nghệ âm thanh"", ""value"": ""Công nghệ Smart Amp\nLoa tích hợp\nMicrô tích hợp\nMicrô mảng tích hợp\nharman/kardon (Chính thống)""}], ""Cổng kết nối"": [{""name"": ""Khe đọc thẻ nhớ"", ""value"": ""Có""}, {""name"": ""Wi-Fi"", ""value"": ""Wi-Fi 7(802.11be) (Tri-band)2*2""}, {""name"": ""Bluetooth"", ""value"": ""Bluetooth 5.4""}, {""name"": ""Cổng giao tiếp"", ""value"": ""2x USB 3.2 Gen 1 Type-A (tốc độ dữ liệu lên đến 5Gbps)\n2x Thunderbolt 4 hỗ trợ hiển thị/cung cấp điện (tốc độ dữ liệu lên đến 40Gbps)\n1x HDMI 2.1 TMDS\n1x Giắc cắm âm thanh kết hợp 3.5mm\nĐầu đọc thẻ Micro SD""}], ""Kích thước & Trọng lượng"": [{""name"": ""Chất liệu"", ""value"": ""Vỏ kim loại""}, {""name"": ""Chất liệu vỏ màn hình"", ""value"": ""Nhôm""}, {""name"": ""Chất liệu vỏ trên"", ""value"": ""Nhôm""}, {""name"": ""Chất liệu vỏ dưới"", ""value"": ""Nhôm""}, {""name"": ""Kích thước"", ""value"": ""35.36 x 24.69 x 1.39 ~ 1.59 cm (Dài x Rộng x Dày)""}, {""name"": ""Trọng lượng"", ""value"": ""1.50 kg""}], ""Tiện ích khác"": [{""name"": ""Tính năng đặc biệt"", ""value"": ""Nhận diện khuôn mặt, Màn hình Oled, Wi-Fi 7""}], ""Tính năng khác"": [{""name"": ""Loại đèn bàn phím"", ""value"": ""Bàn phím Chiclet có đèn nền RGB 1 vùng với phím số""}, {""name"": ""Bảo mật"", ""value"": ""Webcam IR có hỗ trợ Windows Hello\nMcAfee\nMật khẩu người dùng thiết lập BIOS\nTrusted Platform Module (Firmware TPM)""}, {""name"": ""Webcam"", ""value"": ""Camera FHD có chức năng IR hỗ trợ Windows Hello\nCó màn trập camera""}, {""name"": ""Hệ điều hành"", ""value"": ""Windows 11 Home + Microsoft Office Home 2024 + Microsoft 365 Basic""}], ""Pin & công nghệ sạc"": [{""name"": ""Pin"", ""value"": ""75WHrs, 4S1P, 4-cell Li-ion""}]}","[""https://cdn2.cellphones.com.vn/x/media/catalog/product/l/a/laptop_asus_vivobook_s_16_s5606ca-ri114ws_-_1.png"", ""https://cdn2.cellphones.com.vn/x/media/catalog/product/l/a/laptop_asus_vivobook_s_16_s5606ca-ri114ws_-_2.png"", ""https://cdn2.cellphones.com.vn/x/media/catalog/product/l/a/laptop_asus_vivobook_s_16_s5606ca-ri114ws_-_3.png""]","{""product_color_1"": {""color"": ""Xanh"", ""image_url"": ""https://cellphones.com.vn/laptop-asus-vivobook-s-16-s5606ca-ri114ws.html?product_id=101285"", ""price"": ""25.990.000₫""}}"
Laptop ASUS Vivobook 14 OLED A1405ZA-KM263W,laptop-asus-vivobook-14-a1407ca-ly008ws,20.490.000đ,16.990.000đ,"Đặc điểm nổi bật
Laptop Asus Vivobook 14 OLED A1405ZA-KM263W sở hữu một cấu hình với chip Intel® Core™ i7-12700H với bộ nhớ đệm đến 24M cùng xung nhịp đỉnh 4.7Ghz. Cùng với đó laptop Asus Vivobook này còn được trang bị 16GB RAM chuẩn DDR4 cùng ổ cứng SSD chuẩn NVMe™ PCIe® 3.0 với dung lượng 512GB. Laptop còn sở hữu khả năng hiển thị vượt trội với màn hình OLED 2.8K với kích thước 14 inch cùng độ phủ màu 100% DCI-P3 sống động.
Nội dung chính
1. Laptop Asus Vivobook 14 OLED A1405ZA-KM263W – Laptop mỏng nhẹ cấu hình cao
1.1. Đa nhiệm mượt với 16GB DDR4 cùng SSD chuẩn PCIe 3.0 512GB
1.2. Thiết kế mỏng nhẹ, bàn phím ASUS ErgoSense trải nghiệm gõ thoải mái
1.3. Hoạt động mượt với Intel® Core™ i7-12700H
1.4. Pin 50WHrs 3 cell cùng hệ thống cổng kết nối đa dạng
2. Mua laptop Asus Vivobook 14 OLED A1405ZA-KM263W chính hãng tại CellphoneS
Laptop Asus Vivobook 14 OLED A1405ZA-KM263W – Laptop mỏng nhẹ cấu hình cao
Asus Vivobook 14 OLED A1405ZA-KM263W với cấu hình mạnh cùng thiết kế mỏng nhẹ tối ưu thích với đa dạng nhu cầu dùng. Cùng với đó laptop Asus này còn sở hữu pin lớn cùng trọng lượng nhẹ thích hợp mang theo, sử dụng dễ dàng.
Đa nhiệm mượt với 16GB DDR4 cùng SSD chuẩn PCIe 3.0 512GB
Laptop Asus Vivobook 14 OLED A1405ZA-KM263W với dung lượng RAM lớn với dung lượng tổng đến 16GB hỗ trợ đa nhiệm ổn định với nhiều tác vụ. Trong đó, máy Asus Vivobook i7 sở hữu 8GB RAM DDR4 board và 8GB SO-DIMM. Kết hợp với dung lượng RAM này là ổ cứng thể rắn SSD chuẩn M.2 NVMe™ PCIe® 3.0 với dung lượng 512GB. Nhờ đó mà laptop mang lại khả năng lưu trữ thoải mái cũng như các trải nghiệm dùng mượt mà đến với người dùng.
Thiết kế mỏng nhẹ, bàn phím ASUS ErgoSense trải nghiệm gõ thoải mái
Asus Vivobook 14 OLED A1405ZA-KM263W được trang bị một thiết kế tối ưu với độ mỏng 1.99 cm cùng trọng lượng chỉ 1.6kg giúp tối ưu cho quá trình di chuyển. Máy với tone màu bạc sang trọng cùng độ bền cao, chuẩn quân đội Mỹ MIL-STD-810H. Nhờ đó người dùng có thể cất balo và mang thiết bị theo để làm việc hay học tập mà không sợ xóc nảy, hư hỏng trong quá trình di chuyển.
Bàn phím laptop với công nghệ ASUS ErgoSense cùng khoảng cách giữa hai tâm 19.05mm tối ưu cho các trải nghiệm gõ. Mũ phím được thiết kế lún 0.2mm theo hình dạng đầu ngón tay nhờ đó mà người dùng sẽ có những trải nghiệm gõ thoải mái. Bàn phím laptop Asus A1405ZA-KM263W với hành trình phím 1.4mm cùng vòm cao su cho độ nảy vừa phải.
Touchpad trên máy với ASUS NumberPad 2.0, công nghệ thường chỉ thấy trên các dòng Asus cao cấp. Cụ thể ASUS NumberPad 2.0 cho phép người dùng có thể nhập số dễ dàng hơn với khu phím số ảo. Máy cũng sở hữu cảm biến vân tay được đặt trên góc phải Touchpad hỗ trợ mở khóa nhanh chóng. Bên cạnh đó là bảo mật Windows Hello tiện dụng.
Hoạt động mượt với Intel® Core™ i7-12700H
Về cấu hình phần cứng, laptop với con chip Asus Vivobook 14 OLED A1405ZA-KM263W với 14 nhân cùng khả năng ép xung lên đến 4.7GHz ấn tượng. Cùng với đó con chip với bộ nhớ cache 24M hỗ trợ máy hoạt động ổn định. Con chip dòng H thế hệ 13 của Intel tối ưu hiệu năng lại tiết kiệm năng lượng nhờ đó mang lại những trải nghiệm tác vụ mượt mà đến với người dùng. Máy cũng đáp ứng được tốt các nhu cầu làm việc cũng như các trải nghiệm hình ảnh cơ bản nhờ card đồ họa Intel Iris Xᵉ Graphics.
Pin 50WHrs 3 cell cùng hệ thống cổng kết nối đa dạng
Asus Vivobook 14 OLED A1405ZA-KM263W được trang bị pin 3 cell với dung lượng 50WHrs nhờ đó hỗ trợ mang lại thời lượng sử dụng ấn tượng. Không chỉ vậy, laptop còn được trang bị công nghệ sạc nhanh nhờ đó mà người dùng có thể nạp được 60% năng lượng cho thiết bị chỉ trong 49 phút ấn tượng.
Cùng với đó laptop với sự đa dạng cổng kết nối từ USB-A chuẩn 2.0 và 3.2 cho đến cổng USB-C chuẩn 3.2 cũng như HDMI 1.4, cổng tai nghe và sạc. Nhờ đó mà người dùng có thể sử dụng laptop Asus này với các thiết bị chuột, bàn phím hay tai nghe đồng thời tối ưu quá trình sử dụng.
Mua laptop Asus Vivobook 14 OLED A1405ZA-KM263W chính hãng tại CellphoneS
Asus Vivobook 14 OLED A1405ZA-KM263W là mẫu laptop siêu mỏng nhẹ tối ưu sử dụng nhờ cấu hình mạnh. Laptop Asus chính hãng này được bán tại hệ thống CellphoneS với giá bán rẻ cùng với đó là chất lượng chính hãng. Tại đây không chỉ đảm bảo chất lượng sản phẩm mà người mua còn nhận được nhiều ưu đãi mua hàng giá trị cũng như ưu đãi cho khách hàng thành viên. Không chỉ vậy, hệ thống còn có khu trưng bày sản phẩm cho khách hàng trải nghiệm cũng như hệ thống cửa hàng rộng khắp dễ dàng mua hàng.","{""Bộ xử lý & Đồ họa"": [{""name"": ""Loại card đồ họa"", ""value"": ""Intel Iris Xe Graphics""}, {""name"": ""Loại CPU"", ""value"": ""Intel Core i7-12700H 2.3 GHz (24M Cache, up to 4.7 GHz, 6P+8E cores)""}], ""Bộ nhớ RAM, Ổ cứng"": [{""name"": ""Dung lượng RAM"", ""value"": ""16GB""}, {""name"": ""Loại RAM"", ""value"": ""DDR4""}, {""name"": ""Số khe ram"", ""value"": ""8GB DDR4 on board + 8GB DDR4 SO-DIMM""}, {""name"": ""Ổ cứng"", ""value"": ""512GB M.2 NVMe PCIe 3.0 SSD""}], ""Màn hình"": [{""name"": ""Tần số quét"", ""value"": ""90Hz""}, {""name"": ""Chất liệu tấm nền"", ""value"": ""Tấm nền Oled""}, {""name"": ""Kích thước màn hình"", ""value"": ""14 inches""}, {""name"": ""Công nghệ màn hình"", ""value"": ""Thời gain phản hồi 0.2ms\nĐộ sáng 600nits HDR peak brightness\nĐộ phủ màu 100% DCI-P3\nGamut mapping\nHDR True Black 600\n1.07 tỷ màu\nSGS Eye Care Display\nGiảm 70% ánh sáng xanh có hại""}, {""name"": ""Độ phân giải màn hình"", ""value"": ""2880 x 1800 pixels""}], ""Âm thanh"": [{""name"": ""Công nghệ âm thanh"", ""value"": ""SonicMaster\nLoa tích hợp\nMicrô mảng tích hợp""}], ""Kích thước & Trọng lượng"": [{""name"": ""Chất liệu"", ""value"": ""Vỏ nhựa""}, {""name"": ""Chất liệu vỏ màn hình"", ""value"": ""Nhựa""}, {""name"": ""Chất liệu vỏ trên"", ""value"": ""Nhựa""}, {""name"": ""Chất liệu vỏ dưới"", ""value"": ""Nhựa""}, {""name"": ""Kích thước"", ""value"": ""31.71 x 22.20 x 1.99 ~ 1.99 cm (W x H x D)""}, {""name"": ""Trọng lượng"", ""value"": ""1.60 kg""}], ""Tiện ích khác"": [{""name"": ""Tính năng đặc biệt"", ""value"": ""Wi-Fi 6, Bảo mật vân tay""}], ""Tính năng khác"": [{""name"": ""Bảo mật"", ""value"": ""Cảm biến vân tay tích hợp với Touchpad\nMcAfee\nBIOS Booting User Password Protection\nBIOS setup user password\nTrusted Platform Module (Firmware TPM)""}, {""name"": ""Webcam"", ""value"": ""Camera HD 720p với màn trập camera""}, {""name"": ""Hệ điều hành"", ""value"": ""Windows 11 Home""}], ""Pin & công nghệ sạc"": [{""name"": ""Pin"", ""value"": ""50WHrs, 3S1P, 3-cell Li-ion""}], ""Cổng kết nối"": [{""name"": ""Wi-Fi"", ""value"": ""Wi-Fi 6(802.11ax) (Dual band) 2*2""}, {""name"": ""Bluetooth"", ""value"": ""Bluetooth 5.3""}, {""name"": ""Cổng giao tiếp"", ""value"": ""1x USB 2.0 Type-A\n1x USB 3.2 Gen 1 Type-C\n2x USB 3.2 Gen 1 Type-A\n1x HDMI 1.4\n1x Headphone out\n1x DC-in""}]}","[""https://cdn2.cellphones.com.vn/x/media/catalog/product/d/e/demo_latop_-_t_th_ng_tin_1__1_4.png"", ""https://cdn2.cellphones.com.vn/x/media/catalog/product/t/e/text_ng_n_14__6_33.png"", ""https://cdn2.cellphones.com.vn/x/media/catalog/product/t/e/text_ng_n_9__4_99.png""]","{""product_color_1"": {""color"": ""Bạc"", ""image_url"": ""https://cellphones.com.vn/laptop-asus-vivobook-14-oled-a1405za-km263w.html?product_id=88239"", ""price"": ""16.990.000₫""}}"
Laptop ASUS Vivobook 14 A1407CA-LY008WS,laptop-asus-rog-strix-g16-g615jhr-s5069w,22.490.000đ,20.990.000đ,"Đặc điểm nổi bật
Laptop ASUS Vivobook 14 A1407CA-LY008WS sở hữu chip xử lý U5-225H với 14 lõi và 16 luồng, cùng với dung lượng RAM 16GB cho khả năng đa nhiệm mạnh mẽ. Sản phẩm có ổ cứng SSD 512GB với chuẩn kết nối PCIe 4.0. Máy tính xách tay ASUS này trang bị màn hình 14 inches, độ phân giải 1920x1200 pixels và độ phủ màu 100% sRGB ấn tượng.
Nội dung chính
1. Laptop ASUS Vivobook 14 A1407CA-LY008WS - Cấu hình mạnh mẽ, hiệu suất vượt trội
1.1. 16GB bức phá mọi giới hạn, cùng khả năng lưu trữ 512GB
1.2. Kiểu dáng thời thượng, cổng kết nối đa dạng
1.3. Khả năng đồ họa mượt mà với Intel Core Ultra 5 225H, đồ họa ấn tượng
1.4. Màn hình WUXGA sắc nét, thời lượng pin sử dụng bền bỉ
1.5. Hình ảnh chân thực với 100% sRGB cùng với tần số quét ổn định
1.6. Đắm chìm trong công nghệ âm thanh SonicMaster 
2. Mua ngay laptop ASUS Vivobook 14 A1407CA-LY008WS chính hãng tại CellphoneS
Laptop ASUS Vivobook 14 A1407CA-LY008WS - Cấu hình mạnh mẽ, hiệu suất vượt trội
ASUS Vivobook 14 A1407CA-LY008WS, một chiếc laptop lý tưởng, đáp ứng hoàn hảo cả nhu cầu văn phòng và học tập. Sản phẩm laptop ASUS Vivobook này sở hữu sức mạnh hiệu năng đỉnh cao nhờ vào vi xử lý và dung lượng RAM lớn, đáp ứng mọi nhu cầu của người dùng.
16GB bức phá mọi giới hạn, cùng khả năng lưu trữ 512GB
Laptop ASUS Vivobook 14 sở hữu dung lượng RAM 16GB chuẩn DDR5 thế hệ mới, mang đến tốc độ truyền tải dữ liệu vượt trội. Nhờ tốc độ dữ liệu gấp đôi so với DDR4, chiếc laptop này có thể đáp ứng tốt các tác vụ đồ họa thông dụng, thực hiện đa nhiệm tác vụ một cách dễ dàng.
Dòng ASUS Vivobook 14 này sở hữu ổ cứng 512GB mang lại không gian lưu trữ thoải mái, phù hợp cho việc lưu trữ dữ liệu học tập, tài liệu,....Ngoài ra, sản phẩm có trang bị ổ cứng thuộc dòng SSD M.2 PCIe 4.0 cho tốc độ truy xuất dữ liệu vượt trội.
Kiểu dáng thời thượng, cổng kết nối đa dạng
Laptop ASUS Vivobook 14 A1407CA-LY008WS gây ấn tượng với thiết kế gọn nhẹ, tinh tế. Chiếc laptop này có trọng lượng chưa đến 1,5kg với kích thước 31.52 x 22.34 x 1.79 cm. Phần chất liệu thân ngoài của máy được làm từ nhựa và tông màu bạc sang trọng khiến chiếc laptop trở nên thu hút. 
ASUS Vivobook 14 A1407CA-LY008WS được trang bị nhiều cổng kết nối giúp người dùng đáp ứng tốt các nhu cầu. Chiếc laptop này được trang bị 2 cổng USB 3.2 Gen 1 Type-A (tốc độ dữ liệu lên đến 5Gbps), 2 cổng USB 3.2 Gen 1 Type-C, 1 cổng HDMI 1.4, 1 cổng jack cắm âm thanh kết hợp 3.5mm.
Khả năng đồ họa mượt mà với Intel Core Ultra 5 225H, đồ họa ấn tượng
Laptop ASUS Vivobook 14 vẫn có khả năng đáp ứng được các tác vụ đồ họa cơ bản nhờ vào chip xử lý Intel Core Ultra 5 225H với 14 lõi và 16 luồng mạnh mẽ. CPU này có xung nhịp cơ bản là 1.7 Hz và xung nhịp tối đa lên đến 4.9 Hz, hoàn toàn tự tin đảm nhiệm các tác vụ phức tạp.
Thuộc dòng laptop văn phòng nhưng ASUS Vivobook 14 A1407CA-LY008WS lại được trang bị VGA (Video Graphics Adaptor) mạnh mẽ. Máy được trang bị card đồ họa Intel Arc Graphics giúp người dùng thỏa sức đắm chìm trong những tựa game với hình ảnh mượt mà, đồng thời xử lý trơn tru các tác vụ đồ họa thông dụng như chỉnh sửa ảnh, video cơ bản.
Màn hình WUXGA sắc nét, thời lượng pin sử dụng bền bỉ
Không chỉ có hiệu năng và thiết kế, mẫu máy tính xách tay này còn được người dùng chú ý đến nhờ vào khả năng hiển thị ấn tượng. Sản phẩm mang lại góc nhìn không giới hạn, hình ảnh sắc nét với màn hình IPS với độ phân giải 1920x1200 pixels.
Về thời lượng pin, dòng máy tính xách tay ASUS Vivobook 14 sở hữu pin 3-cell Li-ion 42 WHrs. Dòng laptop ASUS này có dung lượng pin không quá nổi bật nhưng với con số này người dùng có thể đảm bảo thời gian sử dụng cho các hoạt động thường nhật.
Hình ảnh chân thực với 100% sRGB cùng với tần số quét ổn định
Laptop ASUS Vivobook 14 A1407CA-LY008WS có kích thước 14 inches, kèm theo đó là độ phủ màu 100% sRGB cho khả năng hiển thị màu sắc chính xác đến tuyệt đối. Độ sáng 400 nits của ASUS Vivobook 14 cho phép người dùng có thể thoải mái sử dụng và làm việc ở những nơi có điều kiện ánh sáng mạnh.
Dòng máy tính xách tay ASUS này có tần số quét tiêu chuẩn 60Hz, một lựa chọn tốt cho nhu cầu sử dụng thông thường. Sản phẩm đảm bảo độ ổn định khi thực hiện các hoạt động như xem phim, lướt web, làm việc văn phòng và đồ họa cơ bản.
Đắm chìm trong công nghệ âm thanh SonicMaster 
Ngoài các hiệu năng nổi bật, công nghệ âm thanh SonicMaster của ASUS Vivobook 14 là một trong những yếu tố giúp mang đến trải nghiệm âm thanh hoàn hảo. Công nghệ âm thanh SonicMaster của chiếc laptop này có khả năng loại bỏ tạp âm và nhiễu, mang lại những âm thanh trong trẻo.
Hệ thống âm thanh của laptop ASUS Vivobook 14 còn được trang bị công nghệ loa tích hợp tiên tiến, mang đến âm thanh vòm sống động, kết hợp với micrô mảng thông minh, lọc tiếng ồn hiệu quả, cho trải nghiệm âm thanh hoàn hảo.
Mua ngay laptop ASUS Vivobook 14 A1407CA-LY008WS chính hãng tại CellphoneS
Laptop ASUS Vivobook 14 A1407CA-LY008W là người bạn đồng hành hoàn hảo cho những người vừa có nhu cầu về đồ họa cơ bản và làm việc văn phòng. Nhanh tay sở hữu ngay sản phẩm cùng với nhiều ưu đãi hấp dẫn đang chờ đợi. 
CellphoneS - Hệ thống bán lẻ chính hãng các sản phẩm laptop ASUS, Lenovo, Dell,... với hơn 100 cửa hàng trên toàn quốc. Ngoài ra, CellphoneS có chính sách trả góp 3 KHÔNG khi mua laptop tại đây, ghé ngay cửa hàng CellphoneS gần nhất để biết thêm chi tiết.","{""Bộ xử lý & Đồ họa"": [{""name"": ""Chip AI"", ""value"": ""Intel AI Boost NPU up to 13""}, {""name"": ""Loại card đồ họa"", ""value"": ""Intel Arc Graphics""}, {""name"": ""Loại CPU"", ""value"": ""Intel Core Ultra 5 225H 1.7 GHz (18MB Cache, up to 4.9 GHz, 14 lõi, 16 luồng)""}], ""Bộ nhớ RAM, Ổ cứng"": [{""name"": ""Dung lượng RAM"", ""value"": ""16GB""}, {""name"": ""Loại RAM"", ""value"": ""DDR5 on board""}, {""name"": ""Ổ cứng"", ""value"": ""512GB M.2 NVMe PCIe 4.0 SSD""}], ""Màn hình"": [{""name"": ""Tần số quét"", ""value"": ""60Hz""}, {""name"": ""Chất liệu tấm nền"", ""value"": ""Tấm nền IPS""}, {""name"": ""Kích thước màn hình"", ""value"": ""14 inches""}, {""name"": ""Công nghệ màn hình"", ""value"": ""Độ sáng 400nits\nĐộ phủ màu 100% sRGB\nMàn hình chống chói""}, {""name"": ""Độ phân giải màn hình"", ""value"": ""1920 x 1200 pixels (WUXGA)""}], ""Âm thanh"": [{""name"": ""Công nghệ âm thanh"", ""value"": ""SonicMaster\nLoa tích hợp\nMicrô mảng tích hợp""}], ""Kích thước & Trọng lượng"": [{""name"": ""Chất liệu"", ""value"": ""Vỏ nhựa""}, {""name"": ""Chất liệu vỏ màn hình"", ""value"": ""Nhựa""}, {""name"": ""Chất liệu vỏ trên"", ""value"": ""Nhựa""}, {""name"": ""Chất liệu vỏ dưới"", ""value"": ""Nhựa""}, {""name"": ""Kích thước"", ""value"": ""31.52 x 22.34 x 1.79 ~ 1.79 cm (Dài x Rộng x Dày)""}, {""name"": ""Trọng lượng"", ""value"": ""1.46 kg""}], ""Tiện ích khác"": [{""name"": ""Tính năng đặc biệt"", ""value"": ""Wi-Fi 6""}], ""Tính năng khác"": [{""name"": ""Loại đèn bàn phím"", ""value"": ""Bàn phím Chiclet có đèn nền với phím Copilot""}, {""name"": ""Bảo mật"", ""value"": ""McAfee\nBIOS Booting User Password Protection\nMô-đun nền tảng đáng tin cậy (Phần mềm TPM)""}, {""name"": ""Webcam"", ""value"": ""1080p FHD với màn trập camera""}, {""name"": ""Hệ điều hành"", ""value"": ""Windows 11 Home + Microsoft Office Home 2024 + Microsoft 365 Basic""}], ""Pin & công nghệ sạc"": [{""name"": ""Pin"", ""value"": ""42WHrs, 3S1P, 3-cell Li-ion""}], ""Cổng kết nối"": [{""name"": ""Wi-Fi"", ""value"": ""Wi-Fi 6(802.11ax) (Dual band) 1*1""}, {""name"": ""Bluetooth"", ""value"": ""Bluetooth 5.2""}, {""name"": ""Cổng giao tiếp"", ""value"": ""2x USB 3.2 Gen 1 Type-A (tốc độ dữ liệu lên đến 5Gbps)\n2x USB 3.2 Gen 1 Type-C hỗ trợ hiển thị / Sạc (tốc độ dữ liệu lên đến 5Gbps)\n1x HDMI 1.4\n1x Giắc cắm âm thanh kết hợp 3.5mm""}]}","[""https://cdn2.cellphones.com.vn/x/media/catalog/product/l/a/laptop_asus_vivobook_14_a1407ca-ly008ws_-_1.png"", ""https://cdn2.cellphones.com.vn/x/media/catalog/product/l/a/laptop_asus_vivobook_14_a1407ca-ly008ws_-_2.png"", ""https://cdn2.cellphones.com.vn/x/media/catalog/product/l/a/laptop_asus_vivobook_14_a1407ca-ly008ws_-_3.png""]","{""product_color_1"": {""color"": ""Bạc"", ""image_url"": ""https://cellphones.com.vn/laptop-asus-vivobook-14-a1407ca-ly008ws.html?product_id=100859"", ""price"": ""20.990.000₫""}}"
Laptop ASUS ROG Strix G16 G615JHR-S5069W,laptop-asus-vivobook-16-m1607ka-mb091ws-ryzen-ai-7,44.170.000đ,43.990.000đ,"Đặc điểm nổi bật
Laptop ASUS ROG Strix G16 G615JHR-S5069W được tích hợp CPU Intel Core i7 14650HX, đi kèm bộ RAM DDR5 dung lượng 32GB và ổ cứng chuẩn PCIe 1TB. Thêm vào đó, laptop có màn hình kích thước 16 inch kết hợp tần số quét lên đến 240Hz. Mặt khác, dung lượng pin 90WHrs cho phép laptop hoạt động liên tục nhiều giờ.
Nội dung chính
1. Laptop ASUS ROG Strix G16 G615JHR-S5069W - Giải trí liền mạch
1.1. AI-noise canceling, hỗ trợ Copilot
1.2. CPU cao cấp, công nghệ Tri-Fan
1.3. RAM 32GB, ổ cứng 1TB PCIe
1.4. Kiểu dáng mạnh mẽ, màu cá tính
1.5. Màn hình 16 inch, tốc độ quét 240Hz
1.6. Pin 90WHrs, đa cổng giao tiếp
2. Mua laptop ASUS ROG Strix G16 G615JHR-S5069W giá tốt tại CellphoneS
Laptop ASUS ROG Strix G16 G615JHR-S5069W - Giải trí liền mạch
Laptop ASUS ROG Strix G16 G615JHR-S5069W là mẫu máy tính xách tay hiện đại, đậm chất cá nhân. Qua các đặc điểm nổi bật, chiếc laptop ASUS ROG Strix này hứa hẹn làm hài lòng về hiệu năng, ngoại hình lẫn trải nghiệm sử dụng dài lâu
AI-noise canceling, hỗ trợ Copilot
Laptop ASUS ROG Strix G16 G615JHR-S5069W có khả năng lọc tiếng ồn thông minh bằng trí tuệ nhân tạo. Công nghệ AI noise-canceling của ASUS hoạt động trên cả loa và micro, giúp loại tạp âm từ môi trường xung quanh. Tính năng này cho phép người dùng làm việc từ xa và giao tiếp trực tuyến hàng ngày hiệu quả.
Phiên bản này được tối ưu để hoạt động mượt mà với Microsoft Copilot tích hợp trong Windows 11 Home. Với Copilot, người dùng có thể tìm kiếm thông tin, soạn thảo nội dung, tổng hợp báo cáo hoặc thậm chí điều khiển các tính năng bằng câu lệnh ngôn ngữ tự nhiên. Công cụ này hỗ trợ đắc lực cho đa dạng đối tượng trong các hoạt động trên máy.
CPU cao cấp, công nghệ Tri-Fan
Laptop ASUS ROG Strix G16 G615JHR-S5069W sở hữu bộ CPU Intel Core i7 Processor 14650HX, mang đến hiệu suất cao. Theo đó, chip được thiết kế 16 nhân, 24 luồng nhằm xử lý đa luồng xuất sắc, từ gaming AAA nặng đến chạy giả lập phức tạp. Laptop có xung nhịp đạt tới 5.2 GHz còn giúp các tác vụ đa nhiệm, ứng dụng nặng được xử lý nhanh chóng.
Không những vậy, card đồ họa Intel UHD Graphics và NVIDIA GeForce RTX 5050 8GB GDDR7 cho phép người dùng tận hưởng đồ họa chân thực và tốc độ khung hình ổn định. Ngoài ra, hệ thống Tri-Fan trang bị bên trong giúp kiểm soát nhiệt độ hiệu quả, ngay cả khi hệ thống hoạt động tối đa công suất. Thiết kế này giúp máy vận hành êm ái và kéo dài tuổi thọ linh kiện.
RAM 32GB, ổ cứng 1TB PCIe
Laptop ASUS ROG Strix G16 G615JHR-S5069W nổi bật với RAM 32GB tốc độ cao. Chuẩn DDR5 có băng thông vượt trội và điện năng tiêu thụ thấp, cho phép xử lý đa nhiệm mượt mà. Nhờ vậy khi mở nhiều tab, phần mềm đồ hoạ hoặc giả lập máy ảo, thiết bị có thể duy trì hiệu năng ổn định. 
Bên cạnh đó, máy còn trang bị ổ cứng SSD PCIe 4.0 dung lượng 1TB, giúp giảm thời gian khởi động hệ điều hành, mở ứng dụng hay sao chép dữ liệu lớn. Đây là lựa chọn lý tưởng cho cả người làm việc chuyên nghiệp lẫn game thủ sở hữu thư viện game đồ sộ.
Kiểu dáng mạnh mẽ, màu cá tính
Laptop ASUS ROG Strix G16 G615JHR-S5069W có diện mạo mạnh mẽ, đậm chất gaming. Khung máy cứng cáp với những đường cắt vát sắc sảo, tạo điểm nhấn cá tính. Toàn bộ thân máy được hoàn thiện tinh tế với tông màu sang trọng, phù hợp đa dạng phong cách.
Máy được thiết kế với kích thước hợp lý và trọng lượng khoảng 2.65kg, đủ để mang theo trong balo gaming chuyên dụng. Viền màn hình siêu mỏng giúp thu gọn tổng thể nhưng vẫn giữ được vẻ ngoài hoành tráng đặc trưng của dòng ROG.
Màn hình 16 inch, tốc độ quét 240Hz
Laptop ASUS ROG Strix G16 G615JHR-S5069W được trang bị tấm nền IPS với kích thước 16 inch. Qua đó, màn hình có thể hạn chế biến đổi màu khi nhìn từ nhiều góc độ, lý tưởng cho việc chia sẻ nội dung với người khác hoặc khi cần phối hợp nhóm. Hơn thế nữa, laptop sở hữu độ phân giải 2.5K với tỷ lệ khung hình 16:10, giúp tối ưu không gian hiển thị đáng kể. 
Với tần số quét lên đến 240Hz, phiên bản này mang đến khả năng phản hồi nhanh cho các chuyển động trên màn hình. Trong điều kiện ánh sáng mạnh, độ sáng 500 nits giúp khung hình hiển thị tốt chất lượng nội dung. Công nghệ Anti-Glare cũng góp phần hỗ trợ hiển thị hình ảnh sắc nét, màu sắc trung thực và sống động. 
Pin 90WHrs, đa cổng giao tiếp
Laptop ASUS ROG Strix G16 G615JHR-S5069W có viên pin 4-cell Li-ion với dung lượng lên đến 90WHrs. Từ đó, hệ thống có thể làm việc hay giải trí liên tục nhiều giờ qua một lần sạc. Tuy nhiên, thời lượng laptop hoạt động sẽ thay đổi phụ thuộc vào cường độ sử dụng khác nhau của người dùng. 
Máy còn được trang bị hàng loạt cổng kết nối hiện đại, đáp ứng nhu cầu sử dụng đa dạng. Trong đó, cổng Thunderbolt 4 hỗ trợ kết nối màn hình và truyền dữ liệu ổn định. Việc hỗ trợ chuẩn kết nối mới nhất giúp người dùng dễ dàng mở rộng không gian làm việc hoặc giải trí với vài thao tác đơn giản.
Mua laptop ASUS ROG Strix G16 G615JHR-S5069W giá tốt tại CellphoneS
Laptop ASUS ROG Strix G16 G615JHR-S5069W là mẫu laptop gaming lý tưởng với hiệu năng ưu trội, thiết kế đẹp mắt. Đừng bỏ lỡ cơ hội sở hữu chiếc laptop ASUS chính hãng tại CellphoneS. Bên cạnh đó, cửa hàng còn hỗ trợ trả góp với chính sách mua sắm độc đáo. Ngoài ra, các quà tặng hấp dẫn và voucher giá trị cũng được dành tặng cho khách hàng.","{""Bộ xử lý & Đồ họa"": [{""name"": ""Loại card đồ họa"", ""value"": ""NVIDIA GeForce RTX 5050 8GB GDDR7\nIntel UHD Graphics""}, {""name"": ""Loại CPU"", ""value"": ""Intel Core i7 14650HX 2.2 GHz (30MB Cache, up to 5.2 GHz, 16 lõi, 24 luồng)""}], ""Bộ nhớ RAM, Ổ cứng"": [{""name"": ""Dung lượng RAM"", ""value"": ""32GB""}, {""name"": ""Loại RAM"", ""value"": ""DDR5""}, {""name"": ""Số khe ram"", ""value"": ""2 khe (2 x 16GB, nâng cấp tối đa 64GB)""}, {""name"": ""Ổ cứng"", ""value"": ""1TB PCIe 4.0 NVMe M.2 SSD (2 Khe cắm M.2 hỗ trợ SATA hoặc NVMe, tối đa 2TB)""}], ""Màn hình"": [{""name"": ""Tần số quét"", ""value"": ""240 Hz""}, {""name"": ""Chất liệu tấm nền"", ""value"": ""Tấm nền IPS""}, {""name"": ""Kích thước màn hình"", ""value"": ""16 inches""}, {""name"": ""Công nghệ màn hình"", ""value"": ""Độ sáng 500nits\nTỷ lệ tương phản 1200:1\nĐộ phủ màu DCI-P3 100%\nMàn hình chống chói\nG-Sync\nMàn hình Nebula ROG Nebula Display\nDolby Vision HDR\nTản nhiệt thông minh ROG""}, {""name"": ""Độ phân giải màn hình"", ""value"": ""2560 x 1600 (WQXGA)""}], ""Âm thanh"": [{""name"": ""Công nghệ âm thanh"", ""value"": ""Công nghệ chống ồn AI\nDolby Atmos\nChứng nhận Hi-Res (cho tai nghe)\nCông nghệ Smart Amp""}], ""Tiện ích khác"": [{""name"": ""Tính năng đặc biệt"", ""value"": ""Nhận diện khuôn mặt, Wi-Fi 7, MUX Switch""}], ""Tính năng khác"": [{""name"": ""Loại đèn bàn phím"", ""value"": ""Bàn phím Chiclet có đèn nền RGB 4 vùng Với phím Copilot\nMUX Switch + NVIDIA Advanced Optimus""}, {""name"": ""Bảo mật"", ""value"": ""Mật khẩu quản trị viên BIOS và bảo vệ mật khẩu người dùng\nMô-đun nền tảng đáng tin cậy (Phần mềm TPM)""}, {""name"": ""Webcam"", ""value"": ""Camera IR FHD 1080P cho Windows Hello""}, {""name"": ""Hệ điều hành"", ""value"": ""Windows 11 Home""}], ""Pin & công nghệ sạc"": [{""name"": ""Pin"", ""value"": ""90WHrs, 4S1P, 4-cell Li-ion""}], ""Kích thước & Trọng lượng"": [{""name"": ""Kích thước"", ""value"": ""35.4 x 26.8 x 2.28 ~ 3.08 cm (Dài x Rộng x Dày)""}, {""name"": ""Trọng lượng"", ""value"": ""2.65 kg""}], ""Cổng kết nối"": [{""name"": ""Wi-Fi"", ""value"": ""Wi-Fi 7(802.11be) (Triple band) 2*2""}, {""name"": ""Bluetooth"", ""value"": ""Bluetooth 5.4""}, {""name"": ""Cổng giao tiếp"", ""value"": ""1x Cổng LAN RJ45\n1x Thunderbolt 4 hỗ trợ DisplayPort / Sạc / G-SYNC (40Gbps)\n1x USB 3.2 Gen 2 Type-C hỗ trợ DisplayPort / Sạc (10Gbps)\n3x USB 3.2 Gen 2 Type-A (10Gbps)\n1x HDMI 2.1 FRL\n1x Giắc cắm âm thanh kết hợp 3.5mm""}]}","[""https://cdn2.cellphones.com.vn/x/media/catalog/product/l/a/laptop_asus_rog_strix_g16_g615jhr-s5069w_-_1_2.png"", ""https://cdn2.cellphones.com.vn/x/media/catalog/product/l/a/laptop_asus_rog_strix_g16_g615jhr-s5069w_-_2_2.png"", ""https://cdn2.cellphones.com.vn/x/media/catalog/product/l/a/laptop_asus_rog_strix_g16_g615jhr-s5069w_-_3.png""]","{""product_color_1"": {""color"": ""Xám"", ""image_url"": ""https://cellphones.com.vn/laptop-asus-rog-strix-g16-g615jhr-s5069w.html?product_id=107078"", ""price"": ""43.990.000₫""}}"
Laptop ASUS Vivobook 16 M1607KA-MB091WS,laptop-asus-tuf-gaming-a15-fa506nfr-hn075w,22.990.000đ,20.990.000đ,"Đặc điểm nổi bật
Laptop Asus Vivobook 16 M1607KA-MB091WS Ryzen AI 7 sở hữu chipset AMD Ryzen AI 7 mạnh mẽ, kết hợp với bộ nhớ 16GB RAM DDR5 giúp xử lý đa nhiệm mượt mà. Kèm theo đó là màn hình 16.0 inch WUXGA sắc nét mang lại trải nghiệm hiển thị sống động. Đồng thời, máy còn sở hữu ổ cứng 512GB, giúp khởi động máy và truy xuất dữ liệu nhanh chóng.
Nội dung chính
1. Laptop Asus Vivobook 16 M1607KA-MB091WS Ryzen AI 7 - Thiết kế gọn nhẹ, hiệu năng mạnh mẽ
1.1. Hiệu suất đa nhiệm mạnh mẽ, khả năng lưu trữ nhanh
1.2. Thiết kế hiện đại, màu sắc gọn nhẹ, thanh lịch
1.3. Sức mạnh xử lý vượt trội tới từ chipset AMD Ryzen AI 7
1.4. Pin dung lượng lớn, cùng công nghệ sạc nhanh lên tới 65W
1.5. Màn hình hiển thị rõ nét, tần số quét 60Hz cực mượt mà
1.6. Hệ thống cổng kết nối ngoại vi đa dạng, hiện đại
2. Mua ngay laptop Asus Vivobook 16 M1607KA-MB091WS Ryzen AI 7 giá ưu đãi tại CellphoneS
Laptop Asus Vivobook 16 M1607KA-MB091WS Ryzen AI 7 - Thiết kế gọn nhẹ, hiệu năng mạnh mẽ
Vị thế của Asus trên thị trường laptop phổ thông tiếp tục được khẳng định khi cho ra mắt Vivobook 16 M1607KA-MB091WS Ryzen AI 7. Thế hệ laptop này hứa hẹn đáp ứng cả nhu cầu làm việc, học tập lẫn giải trí của người dùng với những công nghệ hiện đại hàng đầu.
Hiệu suất đa nhiệm mạnh mẽ, khả năng lưu trữ nhanh
Laptop Asus Vivobook 16 M1607KA-MB091WS Ryzen AI 7 được trang bị thông số RAM ấn tượng, lên tới 16GB DDR5 on-board. Với bộ nhớ RAM ổn định này, mẫu laptop AI này đảm bảo cung cấp băng thông lớn hơn so với DDR4, giúp tăng tốc độ phản hồi của hệ thống ngay cả khi mở nhiều ứng dụng đồng thời.
Bên cạnh đó, ổ cứng 512GB SSD PCIe 4.0 trên máy còn mang đến tốc độ truy xuất dữ liệu nhanh chóng, giảm thời gian khởi động hệ điều hành và tăng hiệu suất tổng thể. Người dùng có thể dễ dàng mở rộng bộ nhớ nhờ khe M.2 PCIe 4.0x4 bổ sung, đáp ứng nhu cầu lưu trữ cao hơn trong tương lai. 
Thiết kế hiện đại, màu sắc gọn nhẹ, thanh lịch
Ngoại hình là một trong những yếu tố quan trọng khi lựa chọn laptop, và Asus đã tối ưu thiết kế của Vivobook 16 M1607KA-MB091WS Ryzen AI 7 để phù hợp với xu hướng hiện đại. Cụ thể, dòng máy này có thân hình mỏng nhẹ với độ dày chỉ từ 1.79 ~ 1.99 cm và trọng lượng khoảng 1.88kg, giúp dễ dàng mang theo trong các buổi họp, học tập hoặc di chuyển xa.
Bề mặt của laptop Asus Vivobook 16 M1607KA-MB091WS Ryzen AI 7 được thiết kế với gam màu thanh lịch, tối giản nhưng vẫn tạo điểm nhấn sang trọng. Tỷ lệ màn hình/thân máy lên đến 89% giúp không gian hiển thị tối ưu hơn mà vẫn giữ được kiểu dáng nhỏ gọn. 
Nhìn chung, Asus Vivobook 16 không chỉ sở hữu vẻ ngoài hiện đại mà còn mang đến cảm giác cứng cáp, bền bỉ, Nhờ vậy mà phân khúc laptop Asus này luôn chiếm trọn được sự yêu thích của nhiều đối tượng người dùng từ học sinh, sinh viên đến dân văn phòng.
Sức mạnh xử lý vượt trội tới từ chipset AMD Ryzen AI 7
Một trong những điểm nổi bật của laptop Asus Vivobook 16 M1607KA-MB091WS Ryzen AI 7 chính là sức mạnh xử lý đến từ vi xử lý AMD Ryzen AI 7 với 8 nhân 16 luồng. Chipset cao cấp trên laptop Asus này luôn được đánh giá cao trên thang điểm xếp hàng CPU.
Qua đó, nó đảm bảo đem tới hiệu năng vượt trội để xử lý cùng lúc nhiều tác vụ. Không chỉ hỗ trợ tốt cho công việc văn phòng, lập trình mà chipset này còn có thể đáp ứng nhu cầu chơi game và chỉnh sửa đồ họa nhờ vào card đồ họa tích hợp AMD Radeon Graphics.
Ngoài ra, với sự xuất hiện của AMD XDNA NPU, laptop có khả năng xử lý AI lên đến 50 TOPS, giúp tối ưu hóa các tác vụ liên quan đến trí tuệ nhân tạo. Nhờ vậy mà máy giúp cải thiện hiệu suất làm việc với các ứng dụng AI, edit ảnh và video. Đây là điểm cộng lớn, đặc biệt là với người dùng đang làm việc trong lĩnh vực sáng tạo nội dung hoặc IT.
Pin dung lượng lớn, cùng công nghệ sạc nhanh lên tới 65W
Thời lượng pin là một yếu tố quan trọng, đặc biệt đối với những người thường xuyên di chuyển và làm việc liên tục. Về tiêu chí này, laptop Asus Vivobook 16 M1607KA-MB091WS Ryzen AI 7 được trang bị viên pin 42WHrs, 3-cell Li-ion. Nó cho phép thiết bị có thể hoạt động liên tục trong nhiều giờ, phù hợp với nhu cầu học tập, làm việc và giải trí.
Một trong những điểm nổi bật khác của mẫu laptop này chính là công nghệ sạc nhanh Type-C 65W, giúp người dùng rút ngắn thời gian chờ đợi khi sạc. Chỉ trong khoảng một giờ, máy có thể nạp lại năng lượng đủ để tiếp tục sử dụng trong thời gian dài, giúp duy trì sự liền mạch trong công việc.
Ngoài ra, với khả năng sạc qua cổng USB Type-C, người dùng cũng có thể sử dụng chung bộ sạc với điện thoại, máy tính bảng, tạo sự tiện lợi tối đa trong những chuyến đi xa. Sự kết hợp giữa dung lượng pin ổn định và công nghệ sạc nhanh giúp laptop Vivobook này trở thành lựa chọn đáng cân nhắc cho những ai cần 1 chiếc laptop bền bỉ, hiệu suất cao.
Màn hình hiển thị rõ nét, tần số quét 60Hz cực mượt mà
Asus trang bị cho laptop Asus Vivobook 16 M1607KA-MB091WS Ryzen AI 7 màn hình IPS-level 16.0 inch WUXGA (1920x1200) với tỷ lệ 16:10. Nhờ vậy mà không gian hiển thị theo chiều dọc của máy sẽ được tăng cường đáng kể, phù hợp cho công việc văn phòng và giải trí.
Bên cạnh đó, tần số quét 60Hz của laptop cũng hỗ trợ chuyển động trên màn hình trở nên mượt mà, đủ để đáp ứng nhu cầu xem phim, làm việc và chơi game nhẹ. Độ sáng của màn hình cũng đạt tới 300nits, giúp hiển thị tốt ngay cả trong môi trường có nhiều ánh sáng, đồng thời giảm thiểu hiện tượng mỏi mắt khi sử dụng trong thời gian dài.
Hệ thống cổng kết nối ngoại vi đa dạng, hiện đại
Một trong những điểm mạnh khác của laptop Asus Vivobook 16 M1607KA-MB091WS Ryzen AI 7 chính là hệ thống kết nối đa dạng, đáp ứng tốt cho nhu cầu học tập và làm việc. Cụ thể, máy được trang bị 2 cổng USB 3.2 Gen 1 Type-A và 2 cổng USB 3.2 Gen 1 Type-C, hỗ trợ truyền dữ liệu tốc độ cao và sạc nhanh.
Ngoài ra, laptop còn có HDMI 2.1 TMDS, cho phép xuất hình ảnh ra màn hình ngoài với chất lượng cao, phù hợp với công việc phải làm việc trên nhiều màn hình cùng lúc. Kết nối không dây trên Vivobook 16 M1607KA-MB091WS Ryzen AI 7 cũng được nâng cấp với Wi-Fi 6 và Bluetooth 5.3, mang tới sự ổn định, mượt mà trong tốc độ gửi, nhận tín hiệu.
Mua ngay laptop Asus Vivobook 16 M1607KA-MB091WS Ryzen AI 7 giá ưu đãi tại CellphoneS
Nếu đang tìm kiếm một địa điểm mua sắm laptop chính hãng với giá tốt, CellphoneS chính là lựa chọn đáng cân nhắc. Hệ thống này cung cấp laptop Asus Vivobook 16 M1607KA-MB091WS Ryzen AI 7 với chính sách bảo hành chính hãng, hỗ trợ trả góp linh hoạt và giao hàng nhanh chóng. 
Ngoài ra, khách hàng còn có thể tận hưởng nhiều chương trình khuyến mãi hấp dẫn, giúp tiết kiệm chi phí mua sắm đáng kể. Đến ngay CellphoneS để sở hữu chiếc laptop này với mức giá tốt nhé!","{""Bộ xử lý & Đồ họa"": [{""name"": ""Chip AI"", ""value"": ""AMD XDNA NPU up to 50TOPS""}, {""name"": ""Loại card đồ họa"", ""value"": ""AMD Radeon Graphics""}, {""name"": ""Loại CPU"", ""value"": ""AMD Ryzen AI 7 350 2.0GHz (24MB Cache, up to 5.0GHz, 8 lõi, 16 luồng)""}], ""Bộ nhớ RAM, Ổ cứng"": [{""name"": ""Dung lượng RAM"", ""value"": ""16GB""}, {""name"": ""Loại RAM"", ""value"": ""DDR5 Onboard""}, {""name"": ""Ổ cứng"", ""value"": ""512GB M.2 NVMe PCIe 4.0 SSD""}], ""Màn hình"": [{""name"": ""Tần số quét"", ""value"": ""60 Hz""}, {""name"": ""Chất liệu tấm nền"", ""value"": ""Tấm nền IPS""}, {""name"": ""Kích thước màn hình"", ""value"": ""16 inches""}, {""name"": ""Công nghệ màn hình"", ""value"": ""Độ sáng 300nits\nĐộ phủ màu 45% NTSC\nMàn hình chống chói""}, {""name"": ""Độ phân giải màn hình"", ""value"": ""1920 x 1200 pixels (WUXGA)""}], ""Âm thanh"": [{""name"": ""Công nghệ âm thanh"", ""value"": ""SonicMaster\nLoa tích hợp\nMicrô mảng tích hợp""}], ""Kích thước & Trọng lượng"": [{""name"": ""Chất liệu"", ""value"": ""Vỏ nhựa""}, {""name"": ""Chất liệu vỏ màn hình"", ""value"": ""Nhựa""}, {""name"": ""Chất liệu vỏ trên"", ""value"": ""Nhựa""}, {""name"": ""Chất liệu vỏ dưới"", ""value"": ""Nhựa""}, {""name"": ""Kích thước"", ""value"": ""35.70 x 25.06 x 1.79 ~ 1.99 cm (Dài x Rộng x Dày)""}, {""name"": ""Trọng lượng"", ""value"": ""1.88 kg""}], ""Tiện ích khác"": [{""name"": ""Tính năng đặc biệt"", ""value"": ""Wi-Fi 6, Nhận diện khuôn mặt""}], ""Tính năng khác"": [{""name"": ""Loại đèn bàn phím"", ""value"": ""Bàn phím Chiclet có đèn nền với phím số""}, {""name"": ""Bảo mật"", ""value"": ""Webcam IR hỗ trợ Windows Hello\nMcAfee\nBIOS Booting User Password Protection\nBộ xử lý bảo mật Microsoft Pluton\nTrusted Platform Module (Firmware TPM)""}, {""name"": ""Webcam"", ""value"": ""Camera FHD có chức năng IR hỗ trợ Windows Hello\nCó màn trập camera""}, {""name"": ""Hệ điều hành"", ""value"": ""Windows 11 Home + Microsoft Office Home 2024 + Microsoft 365 Basic""}], ""Pin & công nghệ sạc"": [{""name"": ""Pin"", ""value"": ""42WHrs, 3S1P, 3-cell Li-ion""}], ""Cổng kết nối"": [{""name"": ""Wi-Fi"", ""value"": ""Wi-Fi 6(802.11ax) (Dual band) 2*2""}, {""name"": ""Bluetooth"", ""value"": ""Bluetooth 5.3""}, {""name"": ""Cổng giao tiếp"", ""value"": ""2x USB 3.2 Gen 1 Type-A (tốc độ dữ liệu lên đến 5Gbps)\n2x USB 3.2 Gen 1 Type-C hỗ trợ hiển thị / Sạc (tốc độ dữ liệu lên đến 5Gbps)\n1x HDMI 2.1 TMDS\n1x Giắc cắm âm thanh kết hợp 3.5mm""}]}","[""https://cdn2.cellphones.com.vn/x/media/catalog/product/l/a/laptop_asus_vivobook_16_m1607ka-mb091ws_-_1.png"", ""https://cdn2.cellphones.com.vn/x/media/catalog/product/l/a/laptop_asus_vivobook_16_m1607ka-mb091ws_-_4.png"", ""https://cdn2.cellphones.com.vn/x/media/catalog/product/l/a/laptop_asus_vivobook_16_m1607ka-mb091ws_-_3.png""]","{""product_color_1"": {""color"": ""Bạc"", ""image_url"": ""https://cellphones.com.vn/laptop-asus-vivobook-16-m1607ka-mb091ws-ryzen-ai-7.html?product_id=100863"", ""price"": ""20.990.000₫""}}"
Laptop ASUS TUF Gaming A15 FA506NFR-HN075W,laptop-asus-expertbook-b1402cva-nk0157w,22.990.000đ,17.590.000đ,"Đặc điểm nổi bật
Laptop Asus Tuf Gaming A15 FA506NFR HN075W sử dụng AMD Ryzen™ 7 7435HS của AMD và GPU GeForce RTX 2050 của NVIDIA mang đến hiệu suất và sức mạnh ổn định. Laptop có thể nhanh chóng xử lý dữ liệu nhờ thanh RAM 16GB và có thể nới rộng lên đến 32GB. Ổ nhớ 512GB tạo cho người dùng không gian lưu trữ lớn và tốc độ sao lưu nhanh, ổn định. Màn hình laptop có độ sáng 250 nits, độ phủ màu khả cao cùng chất lượng hiển thị FHD và tần số quét 144Hz.
Nội dung chính
1. Laptop Asus Tuf Gaming A15 FA506NFR HN075W cấu hình, hiệu suất ổn định phù hợp tầm giá
1.1. GPU của NVIDIA kết hợp cùng CPU của AMD
1.2. Đẩy nhanh tốc độ xử lý công việc với thanh RAM 16GB
1.3. Sức hút từ sự cá tính và sắc đen sâu thẳm
1.4. Trải nghiệm khung hình với khả năng hiển thị ổn định, liền mạch
1.5. Phục vụ tốt cho mọi nhu cầu với hệ thống cổng kết nối quen thuộc
2. Mua laptop Asus Tuf Gaming A15 FA506NFR HN075W tại CellphoneS
Laptop Asus Tuf Gaming A15 FA506NFR HN075W cấu hình, hiệu suất ổn định phù hợp tầm giá
Asus - thương hiệu laptop thân quen với thị trường Việt Nam. Bên cạnh laptop gaming đắt xắt ra miếng thì Asus vẫn có những dòng laptop Asus gaming với mức giá tầm trung nhưng vẫn đủ chất lượng để phục vụ tốt cho nhu cầu chơi game hoặc thiết kế, lập trình.
Xem thêm","{""Bộ xử lý & Đồ họa"": [{""name"": ""Loại card đồ họa"", ""value"": ""NVIDIA GeForce RTX 2050 4GB GDDR6""}, {""name"": ""Loại CPU"", ""value"": ""AMD Ryzen 7 7435HS 3.1GHz (20MB Cache, up to 4.5 GHz, 8 lõi, 16 luồng)""}], ""Bộ nhớ RAM, Ổ cứng"": [{""name"": ""Dung lượng RAM"", ""value"": ""16GB""}, {""name"": ""Loại RAM"", ""value"": ""DDR5-5600 SO-DIMM""}, {""name"": ""Số khe ram"", ""value"": ""2x SO-DIMM (2x 8GB, nâng cấp tối đa 32GB)""}, {""name"": ""Ổ cứng"", ""value"": ""512GB PCIe 4.0 NVMe M.2 SSD (Nâng cấp tối đa 1TB)""}], ""Màn hình"": [{""name"": ""Tần số quét"", ""value"": ""144 Hz""}, {""name"": ""Chất liệu tấm nền"", ""value"": ""Tấm nền IPS""}, {""name"": ""Kích thước màn hình"", ""value"": ""15.6 inches""}, {""name"": ""Công nghệ màn hình"", ""value"": ""Tỷ lệ 16:9\nĐộ sáng 250 nits\nĐộ tương phản 1000:1\nĐộ phủ màu 45% NTSC\nĐộ phủ màu 62.5% sRGB\nAdobe 47.34%\nMàn hình chống chói\nAdaptive-Sync""}, {""name"": ""Độ phân giải màn hình"", ""value"": ""1920 x 1080 pixels (FullHD)""}], ""Âm thanh"": [{""name"": ""Công nghệ âm thanh"", ""value"": ""Hệ thống 2 loa\nCông nghệ chống ồn AI\nPhần mềm DTS\nChứng nhận Hi-Res""}], ""Cổng kết nối"": [{""name"": ""Khe đọc thẻ nhớ"", ""value"": ""Không""}, {""name"": ""Wi-Fi"", ""value"": ""Wi-Fi 6(802.11ax) (Dual band) 2*2""}, {""name"": ""Bluetooth"", ""value"": ""Bluetooth 5.3""}, {""name"": ""Cổng giao tiếp"", ""value"": ""1x RJ45 LAN\n1x USB 3.2 Gen 2 Type-C support DisplayPort\n3x USB 3.2 Gen 1 Type-A\n1x HDMI 2.1 TMDS\n1x 3.5mm Combo Audio Jack""}], ""Tiện ích khác"": [{""name"": ""Tính năng đặc biệt"", ""value"": ""Wi-Fi 6""}], ""Tính năng khác"": [{""name"": ""Loại đèn bàn phím"", ""value"": ""Bàn phím Chiclet có đèn nền RGB 1 vùng""}, {""name"": ""Bảo mật"", ""value"": ""Bảo vệ mật khẩu quản trị viên BIOS và mật khẩu người dùng\nKhe bảo mật Kensington\nMô-đun nền tảng đáng tin cậy (Firmware TPM)""}, {""name"": ""Webcam"", ""value"": ""720P HD camera""}, {""name"": ""Hệ điều hành"", ""value"": ""Windows 11 Home""}], ""Pin & công nghệ sạc"": [{""name"": ""Pin"", ""value"": ""48WHrs, 3S1P, 3-cell Li-ion""}], ""Kích thước & Trọng lượng"": [{""name"": ""Kích thước"", ""value"": ""35.9 x 25.6 x 2.28 ~ 2.45 cm""}, {""name"": ""Trọng lượng"", ""value"": ""2.30 Kg""}]}","[""https://cdn2.cellphones.com.vn/x/media/catalog/product/d/e/demo_latop_-_msi_4.png"", ""https://cdn2.cellphones.com.vn/x/media/catalog/product/l/a/laptop_msi_2__3.png"", ""https://cdn2.cellphones.com.vn/x/media/catalog/product/l/a/laptop_msi_1__3.png""]","{""product_color_1"": {""color"": ""Đen"", ""image_url"": ""https://cellphones.com.vn/laptop-asus-tuf-gaming-a15-fa506nfr-hn075w.html?product_id=86220"", ""price"": ""17.590.000₫""}}"
Laptop ASUS ExpertBook B1402CVA-NK0157W,laptop-asus-tuf-gaming-a15-fa506nf-hn005w,18.490.000đ,13.990.000đ,"Đặc điểm nổi bật
Laptop Asus ExpertBook B1402CVA-NK0157W là một chiếc laptop mạnh mẽ với bộ vi xử lý Intel Core i7 cùng với RAM 8GB và ổ cứng SSD 512GB, mang lại hiệu năng mạnh mẽ. Với màn hình 14 inch độ phân giải Full HD, máy tính này mang đến trải nghiệm xem phim và làm việc rõ nét. Thiết kế laptop Asus ExpertBook chắc chắn và bền bỉ của máy cùng các tính năng bảo mật giúp bảo vệ thông tin cá nhân của người dùng. Laptop Asus ExpertBook B1402CVA-NK0157W cũng hỗ trợ Wi-Fi 6 và có pin lên đến 42WHrs, giúp bạn sử dụng laptop thoải mái trong thời gian dài mà không lo tình trạng hết pin.
Nội dung chính
1. Laptop Asus ExpertBook B1402CVA-NK0157W – Giá cả hợp lý, chất lượng tuyệt vời
1.1. Trang bị sẵn 8GB RAM và 512GB SSD, mang lại hiệu suất ổn định
1.2. Thiết kế tinh tế sang trọng, độ bền chuẩn quân đội Mỹ
1.3. Đáp ứng nhu cầu cơ bản với Intel Core i7
1.4. Màn hình 14 inch chất lượng cao, đi kèm nhiều tính năng
2. Mua ngay laptop Asus ExpertBook B1402CVA-NK0157W chính hãng tại CellphoneS
Laptop Asus ExpertBook B1402CVA-NK0157W – Giá cả hợp lý, chất lượng tuyệt vời
Với thiết kế mỏng nhẹ, hiệu suất mạnh mẽ và tính di động cao, laptop Asus ExpertBook B1402CVA-NK0157W là một sự lựa chọn lý tưởng cho những người làm việc chuyên nghiệp cũng như những người dùng cá nhân đòi hỏi sự linh hoạt và hiệu suất.
Trang bị sẵn 8GB RAM và 512GB SSD, mang lại hiệu suất ổn định
Với thanh RAM 8GB có sẵn, giúp laptop xử lý đa nhiệm mượt mà, đảm bảo khả năng chạy đồng thời nhiều ứng dụng mà không gặp trục trặc. Đồng thời, ổ cứng SSD 512GB cung cấp không chỉ khả năng lưu trữ lớn, mà còn tăng tốc độ truy cập dữ liệu đáng kể. 
Với ổ cứng SSD, thời gian khởi động và tải ứng dụng được rút ngắn đáng kể, mang lại trải nghiệm sử dụng mượt mà và nhanh chóng. Cùng với đó là bộ nhớ RAM 8GB đáp ứng đủ khả năng đa nhiệm cho nhu cầu sử dụng cơ bản.
Thiết kế tinh tế sang trọng, độ bền chuẩn quân đội Mỹ
Laptop có một chiếc viền mỏng, mang đến cho laptop một tỷ lệ màn hình so với thân máy rất cao, tạo ra một diện tích hiển thị lớn hơn trong một hình dáng gọn nhẹ. Điều này không chỉ mang lại trải nghiệm xem ấn tượng hơn, mà còn làm cho máy tính trở nên di động và dễ dàng mang theo bên mình.
Thiết kế vỏ nhựa cao cấp của laptop Asus ExpertBook B1402CVA-NK0157W tạo ra một vẻ ngoài sang trọng và chất lượng. Lapotp còn được trang bị độ bền cao chuẩn Hoa Kỳ MIL-STD 810H nhờ đó người dùng có thể tự tin mang theo trong các chuyến đi.
Đáp ứng nhu cầu cơ bản với Intel Core i7
Laptop được trang bị bộ vi xử lý Intel Core i7-1355U, một sự lựa chọn mạnh mẽ cho hiệu suất vượt trội. Với tốc độ xung nhịp 1.7 GHz và khả năng tăng tốc lên đến 5.0 GHz, CPU này cung cấp sự mạnh mẽ và đáng tin cậy để xử lý mọi tác vụ.
Với card đồ họa tích hợp Intel UHD Graphics, laptop cung cấp khả năng xử lý đồ họa cơ bản và hiển thị hình ảnh mượt mà. Mặc dù không phải là một card đồ họa cao cấp dành cho chơi game và công việc đồ họa chuyên nghiệp, nhưng nó vẫn đáp ứng tốt cho các nhu cầu giải trí, lướt web, xem phim và chỉnh sửa ảnh cơ bản.
Màn hình 14 inch chất lượng cao, đi kèm nhiều tính năng
Màn hình trên chiếc laptop này thực sự đáng chú ý với kích thước 14 inch và độ phân giải Full HD. Nó mang lại một trải nghiệm xem ấn tượng với độ nét cao và hình ảnh sắc nét. Nhờ công nghệ LED Backlit, màn hình này cung cấp màu sắc sống động và độ tương phản tốt, tạo ra hình ảnh rực rỡ và chân thực.
Đặc biệt, màn hình của laptop Asus ExpertBook B1402CVA-NK0157W được thiết kế chống chói. Điều này làm tăng tính tiện dụng và độ phù hợp của máy tính này cho việc sử dụng di động và làm việc trong các điều kiện ánh sáng khác nhau.
Mua ngay laptop Asus ExpertBook B1402CVA-NK0157W chính hãng tại CellphoneS
Hãy mua ngay laptop Asus ExpertBook B1402CVA-NK0157W chính hãng tại CellphoneS để trải nghiệm sự tuyệt vời của sản phẩm này. Với bảo hành 24 tháng tại trung tâm bảo hành chính hãng, bạn hoàn toàn yên tâm về chất lượng và sự tin cậy của máy tính này. Tại đây, khách hàng còn được mua hàng trả góp lãi suất 0% cùng nhiều ưu đãi cho khách hàng thành viên và Học sinh sinh viên. Nhanh tay sở hữu ngay chiếc laptop này tại CellphoneS nhé!","{""Bộ xử lý & Đồ họa"": [{""name"": ""Loại card đồ họa"", ""value"": ""Intel UHD Graphics""}, {""name"": ""Loại CPU"", ""value"": ""Intel Core i7-1355U (1.7 GHz, 12M Cache, up to 5.0 GHz, 10 lõi)""}], ""Bộ nhớ RAM, Ổ cứng"": [{""name"": ""Dung lượng RAM"", ""value"": ""8GB""}, {""name"": ""Loại RAM"", ""value"": ""DDR4 Onboard + 1 khe DDR4 (nâng cấp tối đa 40GB)""}, {""name"": ""Ổ cứng"", ""value"": ""512GB M.2 2280 NVMe PCIe 4.0 SSD""}], ""Màn hình"": [{""name"": ""Tần số quét"", ""value"": ""60 Hz""}, {""name"": ""Chất liệu tấm nền"", ""value"": ""Tấm nền TN""}, {""name"": ""Kích thước màn hình"", ""value"": ""14 inches""}, {""name"": ""Công nghệ màn hình"", ""value"": ""LED Backlit\nĐộ sáng 250nits\nĐộ phủ màu NTSC: 45%\nGóc nhìn (H/V) 90/65\nThời gian phản hồi (Typ/Max) (ms) 10/20\nĐộ tương phản 500:1\nMàn hình 16:9\nMàn hình chống chói""}, {""name"": ""Độ phân giải màn hình"", ""value"": ""1920 x 1080 pixels (FullHD)""}], ""Âm thanh"": [{""name"": ""Công nghệ âm thanh"", ""value"": ""Âm thanh Dirac\nLoa tích hợp""}], ""Kích thước & Trọng lượng"": [{""name"": ""Chất liệu"", ""value"": ""Vỏ nhựa""}, {""name"": ""Chất liệu vỏ màn hình"", ""value"": ""Nhựa""}, {""name"": ""Chất liệu vỏ trên"", ""value"": ""Nhựa""}, {""name"": ""Chất liệu vỏ dưới"", ""value"": ""Nhựa""}, {""name"": ""Kích thước"", ""value"": ""32.69 x 21.45 x 1.99 cm (W x H x D)""}, {""name"": ""Trọng lượng"", ""value"": ""1.46 kg""}], ""Tiện ích khác"": [{""name"": ""Tính năng đặc biệt"", ""value"": ""Wi-Fi 6, Bảo mật vân tay""}], ""Tính năng khác"": [{""name"": ""Bảo mật"", ""value"": ""Cảm biến vân tay\nKhe bảo mật Kensington Nano (6x 2,5mm)\nKhởi động BIOS Bảo vệ mật khẩu người dùng\nMật khẩu người dùng thiết lập BIOS\nMáy tính đã sẵn sàng từ BIOS\nBảo vệ và bảo mật mật khẩu người dùng HDD\nMô-đun nền tảng (TPM) 2.0""}, {""name"": ""Webcam"", ""value"": ""720p HD với màn trập camera""}, {""name"": ""Hệ điều hành"", ""value"": ""Windows 11 Home""}], ""Pin & công nghệ sạc"": [{""name"": ""Pin"", ""value"": ""42WHrs, 3S1P, 3-cell Li-ion""}], ""Cổng kết nối"": [{""name"": ""Wi-Fi"", ""value"": ""Wi-Fi 6 (802.11ax)""}, {""name"": ""Bluetooth"", ""value"": ""Bluetooth 5.2""}, {""name"": ""Cổng giao tiếp"", ""value"": ""1x USB 2.0 Type-A\n1x USB 3.2 Gen 1 Type-A\n1x USB 3.2 Gen 1 Type-C\n1x USB 3.2 Gen 2 Type-C\n1x HDMI\n1x Jack cắm âm thanh\n1x RJ45 Gigabit Ethernet""}]}","[""https://cdn2.cellphones.com.vn/x/media/catalog/product/l/a/laptop_asus_expertbook_b1402cva-nk0157w_-_1.png"", ""https://cdn2.cellphones.com.vn/x/media/catalog/product/l/a/laptop_asus_expertbook_b1402cva-nk0157w_-_2.png"", ""https://cdn2.cellphones.com.vn/x/media/catalog/product/l/a/laptop_asus_expertbook_b1402cva-nk0157w_-_3.png""]","{""product_color_1"": {""color"": ""Đen"", ""image_url"": ""https://cellphones.com.vn/laptop-asus-expertbook-b1402cva-nk0157w.html?product_id=80290"", ""price"": ""13.990.000₫""}}"
Laptop ASUS TUF Gaming A15 FA506NF-HN005W,laptop-asus-vivobook-14-x1404va-eb609w,19.990.000đ,15.490.000đ,"Đặc điểm nổi bật
Laptop Asus TUF gaming A15 FA506NF-HN005W là mẫu laptop gaming với con chip AMD Ryzen™ 5 7535HS xung nhịp tới 4.5Ghz cùng card đồ họa NVIDIA® GeForce RTX™ 2050. Laptop với màn hình IPS 15.6 inch cùng tần số quét 144Hz mượt mà. Asus A15 FA506NF-HN005W với RAM 8GB chuẩn DDR5 và ổ cứng SSD 512GB PCIe® 4.0 vượt trội.
Nội dung chính
1. Laptop Asus TUF gaming A15 FA506NF-HN005W – Hiệu năng vượt trội
1.1. Cấu hình với chip R5-7535HS cùng VGA 4GB RTX2050
1.2. RAM - ổ cứng DDR5 cùng ổ cứng SSD 512GB PCIe® 4.0
1.3. Thiết kế hầm hố đậm chất gaming, màu đen sang trọng
1.4. Màn hình IPS 15,6 inch cùng tần số quét tới 144Hz mượt mà
1.5. Pin dung lượng lớn cùng cổng kết nối đa dạng
2. Mua ngay laptop Asus TUF gaming A15 FA506NF-HN005W chính hãng tại CellphoneS
Laptop Asus TUF gaming A15 FA506NF-HN005W – Hiệu năng vượt trội
Laptop Asus TUF gaming A15 FA506NF-HN005W được trang bị một cấu hình mạnh đáp ứng tốt các nhu cầu sử dụng từ chơi game đến làm việc. Vậy chính xác cấu hình laptop Asus Tuf này có gì, có đáng để mua hay không thì cùng tìm hiểu ngay sau đây.
Cấu hình với chip R5-7535HS cùng VGA 4GB RTX2050
Asus TUF gaming A15 FA506NF-HN005W được trang bị một cấu hình phần cứng đáp ứng tốt các trải nghiệm gaming của người dùng. Máy được trang bị con chip AMD Ryzen™ 5 7535HS, con chip với 6 nhân và 12 luồng mang lại xung nhịp tối đa có thể lên tới 4.55 GHz. Cùng với đó là bộ nhớ đệm 19MB hỗ trợ hoạt động tối ưu.
Bên cạnh TUF A15, bạn có thể khám phá thêm mẫu Asus TUF A14 mang thiết kế mạnh mẽ kết hợp cùng cấu hình đột phá đã mang đến những trải nghiệm nâng cấp, mượt mà cho người dùng. Cùng với công nghệ AI thông minh giúp xử lý các tác vụ một cách hiệu quả, nhanh chóng.
Không chỉ sở hữu một con chip mạnh, laptop Asus Tuf Gaming A15 còn được trang bị card đồ họa rời ấn tượng - NVIDIA® GeForce RTX™ 2050. Nhờ đó, laptop có thể hiển thị hay chơi tốt các tựa game đòi hỏi cấu hình đồ họa cao.
Asus TUF gaming A15 FA506NF-HN005W còn sở hữu hệ thống tản nhiệt chất lượng với quạt Arc Flow Fans 84 cánh. Thiết kế giúp laptop có thể thoát nhiệt nhanh chóng, hỗ trợ duy trì nhiệt độ thiết bị ôn ổn định, không làm ảnh hưởng đến trải nghiệm.
RAM - ổ cứng DDR5 cùng ổ cứng SSD 512GB PCIe® 4.0
Bên cạnh một cấu mình vượt trội, máy Asus Gaming này còn sở hữu bộ nhớ RAM 8GB hỗ trợ mang lại trải nghiệm đa nhiệm vượt trội. Đặc biệt, laptop gaming này với 2 khe RAM, nhờ đó người dùng có thể nâng cấp tối đa lên tới 32GB ấn tượng.
Về khả năng lưu trữ, laptop Asus A15 FA506NF-HN005W được trang bị ổ cứng SSD PCIe® 4.0 NVMe™ M.2 với dung lượng 512GB. Nhờ đó các trải nghiệm trên laptop diễn ra mượt mà, thời gian mở máy và mở ứng dụng diễn ra một cách nhanh chóng
Thiết kế hầm hố đậm chất gaming, màu đen sang trọng
Asus A15 FA506NF-HN005W sở hữu một vẻ ngoài cứng cáp đậm chất một sản phẩm gaming. Với thiết kế khe thoát nhiệt lớn, hỗ trợ quá trình tản nhiệt nhanh chóng. Cùng với đó là một tone màu đen sang trọng, bền bỉ khi sử dụng.
Tuy là một sản phẩm gaming nhưng laptop không quá nặng nề. Cụ thể, laptop với trọng lượng chỉ khoảng 2,3kg giúp người dùng dễ dàng mang theo thiết bị.
Cùng với đó, Asus A15 FA506NF-HN005W còn được trang bị bàn phím full size cùng đèn LED RGB. Bàn phím với hành trình 1,7 mm giúp mang lại trải nghiệm gõ phím thoải mái.
Màn hình IPS 15,6 inch cùng tần số quét tới 144Hz mượt mà
Laptop Asus TUF gaming A15 FA506NF-HN005W sở hữu một màn hình với khung viền siêu mỏng cùng kích thước 15.6 inch hỗ trợ mang lại không gian hiển thị lớn. Màn hình với tấm nền IPS cùng với độ phân giải FHD, tần số quét 144Hz mang lại những trải nghiệm hình ảnh mượt mà với độ sắc nét cao.
Màn hình laptop với khả năng hiển thị màu rộng với 45% NTSC, 62.5% SRGB và 47.34% Adobe cùng độ sáng tối đa lên tới 250nits.
Pin dung lượng lớn cùng cổng kết nối đa dạng
Asus TUF gaming A15 FA506NF-HN005W với viên pin 3 cell cùng dung lượng tới 48 Whrs mang lại thời gian sử dụng vượt trội. Bên cạnh đó, thiết bị còn sở hữu công nghệ sạc nhanh vượt trội với công suất lên đến 150W.
Về khả năng kết nối, Asus TUF gaming A15 FA506NF-HN005W sở hữu hệ thống cổng kết nối đa dạng từ LAN RJ45, USB-A, USB-C đến HDMI.
Mua ngay laptop Asus TUF gaming A15 FA506NF-HN005W chính hãng tại CellphoneS
Asus TUF gaming A15 FA506NF-HN005W là mẫu laptop gaming sở hữu một cấu hình vượt trội đáp ứng được nhiều nhu cầu sử dụng khác nhau của người dùng. Nếu quan tâm đến laptop Asus gaming chất lượng này, đến với CellphoneS để trải nghiệm và mua ngay với giá bán ưu đãi. Khi mua laptop tại CellphoneS, khách hàng sẽ có cơ hội mua trả góp với lãi suất 0% ấn tượng. Cùng với đó hệ thống còn nhiều chương trình ưu đãi học sinh – sinh viên hấp dẫn để khách hàng có thể sở hữu laptop chất lượng với giá bán siêu hời.","{""Bộ xử lý & Đồ họa"": [{""name"": ""Loại card đồ họa"", ""value"": ""NVIDIA® GeForce RTX™ 2050""}, {""name"": ""Loại CPU"", ""value"": ""AMD Ryzen™ 5 7535HS Processor 3.3GHz (19MB Cache, up to 4.55 GHz, 6 Nhân, 12 Luồng)""}], ""Bộ nhớ RAM, Ổ cứng"": [{""name"": ""Dung lượng RAM"", ""value"": ""8GB""}, {""name"": ""Loại RAM"", ""value"": ""8GB DDR5-4800MHz""}, {""name"": ""Số khe ram"", ""value"": ""2 khe SO-DIMM (Nâng cấp tối đa 32GB)""}, {""name"": ""Ổ cứng"", ""value"": ""512GB PCIe® 4.0 NVMe™ M.2 SSD""}], ""Màn hình"": [{""name"": ""Tần số quét"", ""value"": ""144 Hz""}, {""name"": ""Chất liệu tấm nền"", ""value"": ""Tấm nền IPS""}, {""name"": ""Kích thước màn hình"", ""value"": ""15.6 inches""}, {""name"": ""Công nghệ màn hình"", ""value"": ""Tần số quét 144Hz\nĐộ sáng 250nits\nĐộ phủ màu: NTSC 45%, SRGB 62.5%, Adobe 47.34%\nMàn hình chống chói\nAdaptive-Sync""}, {""name"": ""Độ phân giải màn hình"", ""value"": ""1920 x 1080 pixels (FullHD)""}], ""Âm thanh"": [{""name"": ""Công nghệ âm thanh"", ""value"": ""2 loa\nCông nghệ chống ồn trí tuệ nhân tạo (AI)\nPhần mềm DTS\nChứng nhận Hi-Res""}], ""Tiện ích khác"": [{""name"": ""Tính năng đặc biệt"", ""value"": ""Wi-Fi 6""}], ""Tính năng khác"": [{""name"": ""Loại đèn bàn phím"", ""value"": ""Bàn phím Chiclet có đèn nền, hỗ trợ 1 vùng màu RGB""}, {""name"": ""Bảo mật"", ""value"": ""Mật khẩu quản trị BIOS và Bảo vệ mật khẩu người dùng\nKhe an toàn Kensington Security Slot™\nModule Nền tảng Tin cậy (TPM Firmware)""}, {""name"": ""Webcam"", ""value"": ""720P HD camera""}, {""name"": ""Hệ điều hành"", ""value"": ""Windows 11 Home""}], ""Thông số khác"": [{""name"": ""Hãng sản xuất"", ""value"": ""ASUS""}], ""Pin & công nghệ sạc"": [{""name"": ""Pin"", ""value"": ""48WHrs, 3S1P, 3-cell Li-ion""}], ""Kích thước & Trọng lượng"": [{""name"": ""Kích thước"", ""value"": ""35.9 x 25.6 x 2.28 ~ 2.45 cm (W x D x H)""}, {""name"": ""Trọng lượng"", ""value"": ""2.30 kg""}], ""Cổng kết nối"": [{""name"": ""Wi-Fi"", ""value"": ""Wi-Fi 6 (802.11ax) (Dual band) 2*2""}, {""name"": ""Bluetooth"", ""value"": ""Bluetooth 5.3""}, {""name"": ""Cổng giao tiếp"", ""value"": ""1x Cổng LAN RJ45\n1x Cổng USB 3.2 Gen 2 Type-C hỗ trợ DisplayPort™\n3x Cổng USB 3.2 Gen 2 Type-A""}]}","[""https://cdn2.cellphones.com.vn/x/media/catalog/product/l/a/laptop_asus_tuf_gaming_a15_fa506nf-hn005w.png"", ""https://cdn2.cellphones.com.vn/x/media/catalog/product/l/a/laptop-asus-tuf-gaming-a15-fa506nf-hn005w-1.jpg"", ""https://cdn2.cellphones.com.vn/x/media/catalog/product/l/a/laptop-asus-tuf-gaming-a15-fa506nf-hn005w-1_1_.jpg""]","{""product_color_1"": {""color"": ""Đen"", ""image_url"": ""https://cellphones.com.vn/laptop-asus-tuf-gaming-a15-fa506nf-hn005w.html?product_id=75943"", ""price"": ""15.490.000₫""}}"
Laptop ASUS VivoBook 14 X1404VA-EB609W,laptop-asus-vivobook-x1502za-bq127w,17.990.000đ,15.490.000đ,"Đặc điểm nổi bật
Laptop ASUS VivoBook 14 X1404VA-EB609W sở hữu vi xử lý Intel thế hệ mới, RAM DDR5 8GB có thể nâng cấp và ổ cứng SSD NVMe PCIe 4.0 dung lượng 512GB. Màn hình 14 inch Full HD thỏa mãn giải trí cơ bản với tấm nền IPS-level. Thiết kế VivoBook gọn nhẹ tối ưu cho văn phòng cùng hệ thống kết nối đầy đủ.
Nội dung chính
1. Laptop ASUS VivoBook 14 X1404VA-EB609W - Mỏng nhẹ chuẩn bền, hiệu năng ổn định
1.1. Nền tảng tốc độ cho đa nhiệm với bộ nhớ DDR5
1.2. Thiết kế Cool Silver tối giản, bền bỉ
1.3. Hiệu năng Core 3 thế hệ mới, tối ưu điện năng
1.4. Hệ thống cổng kết nối đa dạng
1.5. Màn hình FHD IPS-level dễ chịu khi sử dụng lâu
2. Mua laptop ASUS VivoBook 14 X1404VA-EB609W giá tốt, chính xác tại CellphoneS
Laptop ASUS VivoBook 14 X1404VA-EB609W - Mỏng nhẹ chuẩn bền, hiệu năng ổn định
ASUS VivoBook hướng đến người dùng cần một chiếc laptop gọn nhẹ nhưng vẫn đảm bảo tốc độ xử lý và độ ổn định lâu dài. Không chỉ tối ưu hiệu năng, dòng VivoBook còn chú trọng tính di động và thẩm mỹ sử dụng.
Nền tảng tốc độ cho đa nhiệm với bộ nhớ DDR5
ASUS VivoBook 14 X1404VA-EB609W được trang bị RAM 8GB DDR5 on-board. Khe DDR5 SO-DIMM mở rộng giúp người dùng linh hoạt nâng cấp bộ nhớ, duy trì hiệu năng ổn định khi nhu cầu sử dụng tăng lên.
Đa nhiệm ổn định với RAM 8GB DDR5
Kết hợp với đó, ổ cứng 512GB SSD NVMe PCIe 4.0 đảm bảo hiệu suất đọc ghi ổn định, giúp quá trình vận hành hệ thống và ứng dụng diễn ra nhanh chóng. Dung lượng lưu trữ này không chỉ đáp ứng nhu cầu dữ liệu cá nhân mà còn tối ưu trải nghiệm làm việc trong các tác vụ thường xuyên và đa nhiệm.
Thiết kế Cool Silver tối giản, bền bỉ
Laptop ASUS VivoBook 14 X1404VA-EB609W sở hữu tông màu Cool Silver hiện đại. Kiểu dáng tối giản kết hợp trọng lượng chỉ khoảng 1,4 kg giúp máy dễ dàng mang theo khi di chuyển, đáp ứng nhu cầu làm việc linh hoạt.
Khung máy đạt chuẩn độ bền US MIL-STD 810H, tăng khả năng chịu va đập và độ ổn định trong quá trình sử dụng lâu dài. Bề mặt hoàn thiện tinh gọn giúp chiếc laptop giữ được vẻ ngoài thanh lịch trong môi trường làm việc chuyên nghiệp.
Thiết kế laptop tinh gọn với độ bền chuẩn quân đội
Bàn phím của ASUS VivoBook 14 X1404VA-EB609W được thiết kế theo phong cách hiện đại, bố cục phím khoa học. Hành trình phím vừa phải, độ nảy tốt, phù hợp cho cả công việc văn phòng, học tập lẫn soạn thảo văn bản.
Ngoài ra, Touchpad được thiết kế với diện tích lớn, bề mặt trơn mịn và độ phản hồi tốt, giúp thao tác đa điểm chính xác. Trên ASUS VivoBook 14 X1404VA-EB609W, các thao tác vuốt, chạm hay phóng to, thu nhỏ đều diễn ra trơn tru.
Hiệu năng Core 3 thế hệ mới, tối ưu điện năng
Laptop ASUS VivoBook 14 X1404VA-EB609W sử dụng con chip Intel Core 3 100U với 6 nhân 8 luồng, cùng xung nhịp tối đa 4.7 GHz. Kiến trúc CPU tối ưu hiệu suất giúp máy duy trì tốc độ xử lý ổn định, trơn tru mà vẫn tiết kiệm điện năng.
CPU Intel Core 3 thế hệ mới tiết kiệm năng lượng
GPU tích hợp Intel Graphics mang đến khả năng hiển thị ổn định, phù hợp cho các tác vụ đồ họa nhẹ, xem video độ phân giải cao và chỉnh sửa hình ảnh cơ bản. Sự cân bằng giữa CPU và GPU giúp VivoBook 14 X1404VA-EB609W vận hành ổn định trong môi trường làm việc liên tục.
Hệ thống cổng kết nối đa dạng
Laptop ASUS VivoBook 14 X1404VA-EB609W đáp ứng nhu cầu sử dụng cơ bản trong một ngày làm việc hoặc học tập với viên pin 42Wh tích hợp. Khả năng quản lý năng lượng của nền tảng Intel giúp tối ưu thời lượng pin, giảm tình trạng hao hụt khi đa nhiệm.
Về kết nối, ASUS VivoBook 14 X1404VA-EB609W hỗ trợ Wi-Fi 6 và Bluetooth 5.2 với độ ổn định cao. Điều này giúp cải thiện trải nghiệm làm việc trực tuyến, học online và truyền dữ liệu không dây.
Hệ thống kết nối đa dạng 
Bên cạnh đó, ASUS VivoBook 14 được trang bị đầy đủ cổng USB-A, USB-C, HDMI và jack âm thanh 3.5mm. Bố cục cổng hợp lý giúp người dùng dễ dàng mở rộng không gian làm việc, đặc biệt trong môi trường văn phòng và học tập.
Màn hình FHD IPS-level dễ chịu khi sử dụng lâu
Laptop ASUS VivoBook 14 X1404VA-EB609W sử dụng màn hình 14 inch có tần số quét 60Hz cùng độ phân giải Full HD (1920 × 1080). Nhờ tấm nền IPS-level, màn hình duy trì độ ổn định màu sắc và độ tương phản tốt ở nhiều góc nhìn, giúp trải nghiệm hiển thị nhất quán ở nhiều vị trí quan sát.
Độ sáng 250 nits kết hợp bề mặt kháng chói giúp màn hình dễ nhìn trong điều kiện ánh sáng văn phòng hoặc không gian có nguồn sáng mạnh. Chứng nhận TÜV Rheinland cho phép màn hình kiểm soát ánh sáng xanh hiệu quả, mang lại trải nghiệm sử dụng dễ chịu hơn trong thời gian dài.
Màn hình IPS-level với chứng nhận TÜV Rheinland
Để nâng tầm giải trí, VivoBook 14 X1404VA-EB609W được trang bị hệ thống âm thanh SonicMaster đặc trưng của ASUS, mang lại chất âm rõ ràng. Loa tích hợp kết hợp micro đa hướng giúp cải thiện chất lượng đàm thoại, họp trực tuyến và học online.
Mua laptop ASUS VivoBook 14 X1404VA-EB609W giá tốt, chính xác tại CellphoneS
Khi mua laptop ASUS VivoBook 14 X1404VA-EB609W tại CellphoneS, khách hàng có thể tiếp cận mức giá cạnh tranh cùng nhiều ưu đãi hấp dẫn. Ngoài ra, khách hàng còn được hỗ trợ thủ tục thanh toán đơn giản. Ngoài ra, chính sách đặt hàng online tiện lợi giúp nhận máy nhanh chóng, tiện lợi. CellphoneS cũng đảm bảo laptop chính hãng, chế độ bảo hành rõ ràng và dịch vụ hậu mãi uy tín.","{""Bộ xử lý & Đồ họa"": [{""name"": ""Loại card đồ họa"", ""value"": ""Intel Graphics""}, {""name"": ""Loại CPU"", ""value"": ""Intel Core 3 100U 1.2 GHz (10MB Cache, up to 4.7 GHz, 6 lõi, 8 luồng)""}], ""Bộ nhớ RAM, Ổ cứng"": [{""name"": ""Dung lượng RAM"", ""value"": ""8GB""}, {""name"": ""Loại RAM"", ""value"": ""DDR5 on board""}, {""name"": ""Số khe ram"", ""value"": ""Có thể nâng cấp; Cần tháo vỏ dưới/trên""}, {""name"": ""Ổ cứng"", ""value"": ""512GB M.2 NVMe PCIe 4.0 SSD""}], ""Màn hình"": [{""name"": ""Tần số quét"", ""value"": ""60 Hz""}, {""name"": ""Chất liệu tấm nền"", ""value"": ""Tấm nền IPS""}, {""name"": ""Kích thước màn hình"", ""value"": ""14 inches""}, {""name"": ""Công nghệ màn hình"", ""value"": ""Độ sáng 250nits\nĐộ phủ màu 45% NTSC\nMàn hình chống chói""}, {""name"": ""Độ phân giải màn hình"", ""value"": ""1920 x 1080 pixels (FullHD)""}], ""Âm thanh"": [{""name"": ""Công nghệ âm thanh"", ""value"": ""SonicMaster\nLoa tích hợp\nMicrophone mảng tích hợp""}], ""Kích thước & Trọng lượng"": [{""name"": ""Chất liệu"", ""value"": ""Vỏ nhựa""}, {""name"": ""Chất liệu vỏ màn hình"", ""value"": ""Nhựa""}, {""name"": ""Chất liệu vỏ trên"", ""value"": ""Nhựa""}, {""name"": ""Chất liệu vỏ dưới"", ""value"": ""Nhựa""}, {""name"": ""Kích thước"", ""value"": ""32.49 x 21.39 x 1.79 ~ 1.79 cm (Dài x Rộng x Dày)""}, {""name"": ""Trọng lượng"", ""value"": ""1.40 kg""}], ""Tiện ích khác"": [{""name"": ""Tính năng đặc biệt"", ""value"": ""Wi-Fi 6, Bảo mật vân tay""}], ""Tính năng khác"": [{""name"": ""Loại đèn bàn phím"", ""value"": ""Bàn phím Chiclet""}, {""name"": ""Bảo mật"", ""value"": ""Cảm biến vân tay tích hợp trên bàn di chuột\nPhần mềm bảo mật McAfee\nBảo vệ mật khẩu người dùng khi khởi động BIOS\nMô-đun nền tảng tin cậy TPM (TPM firmware)""}, {""name"": ""Webcam"", ""value"": ""Camera HD 720p, có màn trập camera""}, {""name"": ""Hệ điều hành"", ""value"": ""Windows 11 Home""}], ""Pin & công nghệ sạc"": [{""name"": ""Pin"", ""value"": ""42WHrs, 3S1P, 3-cell Li-ion""}], ""Cổng kết nối"": [{""name"": ""Wi-Fi"", ""value"": ""Wi-Fi 6(802.11ax) (Dual band) 1*1""}, {""name"": ""Bluetooth"", ""value"": ""Bluetooth 5.2""}, {""name"": ""Cổng giao tiếp"", ""value"": ""1 x USB 2.0 Type-A (tốc độ dữ liệu lên đến 480 Mbps)\n1 x USB 3.2 Gen 1 Type-C (tốc độ dữ liệu lên đến 5 Gbps)\n2 x USB 3.2 Gen 1 Type-A (tốc độ dữ liệu lên đến 5 Gbps)\n1 x HDMI 1.4\n1 x Jack tai nghe / micro combo 3.5 mm\n1 x DC-in""}]}","[""https://cdn2.cellphones.com.vn/x/media/catalog/product/l/a/laptop_asus_vivobook_14_x1404va-eb609w_-_1.png"", ""https://cdn2.cellphones.com.vn/x/media/catalog/product/l/a/laptop_asus_vivobook_14_x1404va-eb609w_-_2.png"", ""https://cdn2.cellphones.com.vn/x/media/catalog/product/l/a/laptop_asus_vivobook_14_x1404va-eb609w_-_3.png""]","{""product_color_1"": {""color"": ""Bạc"", ""image_url"": ""https://cellphones.com.vn/laptop-asus-vivobook-14-x1404va-eb609w.html?product_id=123069"", ""price"": ""15.490.000₫""}}"
Laptop ASUS VivoBook X1502ZA-BQ127W,laptop-asus-vivobook-14-a415ea,16.500.000đ,13.990.000đ,"Đặc điểm nổi bật
Nội dung chính
1. Laptop Asus VivoBook X1502ZA BQ127W - Hiệu năng mạnh mẽ
1.1. Thiết kế tinh tế và năng động, màn hình với độ phân giải cao
1.2. Wifi 6 ổn định, nhiều cổng kết nối tiện dụng
2. Mua laptop Asus VivoBook X1502ZA BQ127W tại hệ thống CellphoneS đảm bảo uy tín, chất lượng
Laptop Asus VivoBook X1502ZA BQ127W - Hiệu năng mạnh mẽ
Laptop Asus VivoBook X1502ZA BQ127W được ra mắt với nhiều tính năng nổi bật và được thiết kế đẹp mắt. Laptop hứa hẹn mang lại trải nghiệm sử dụng ổn định thích hợp với người dùng là học sinh sinh viên hoặc nhân viên văn phòng.
Thiết kế tinh tế và năng động, màn hình với độ phân giải cao
Chiếc laptop ASUS VivoBook X1502ZA BQ127W được thiết kế với kiểu dáng tinh tế và năng động.
Ngoài ra, laptop ASUS VivoBook X1502ZA BQ127W còn được trang bị màn hình lớn có độ phân giải FHD. Màn hình của dòng laptop giá rẻ cho sinh viên này được thiết kế với màu sắc hiển thị rõ ràng, chân thực, tạo cảm giác thích thú cho người xem.
Wifi 6 ổn định, nhiều cổng kết nối tiện dụng
ASUS VivoBook X1502ZA BQ127W hoạt động trên vi xử lý Intel Core i5 cùng bộ nhớ RAM 8GB mang lại trải nghiệm dùng ổn định và mượt mà.
Laptop ASUS VivoBook X1502ZA BQ127W được nhà sản xuất hỗ trợ thêm Wi-Fi 6 băng tần kép giúp tăng tốc độ sử dụng mạng và có thể giúp giảm được độ trễ của laptop.
Ngoài ra, chiếc laptop Asus VivoBook X1502ZA BQ127W còn được trang bị thêm nhiều cổng kết nối như: USB 3.2 Gen 1 Type-C, USB 3.2 Gen 1 Type-A, HDMI 1.4 giúp lưu trữ và sao chép dữ liệu tốt hơn.
Mua laptop Asus VivoBook X1502ZA BQ127W tại hệ thống CellphoneS đảm bảo uy tín, chất lượng
Đến với CellphoneS lựa chọn chiếc laptop ASUS VivoBook X1502ZA BQ127W với mức giá ưu đãi. Khi mua tại đây bạn sẽ được cửa hàng đảm bảo cung cấp sản phẩm uy tín và chất lượng với bảo hành lâu dài lên đến hai năm.","{""Bộ xử lý & Đồ họa"": [{""name"": ""Loại card đồ họa"", ""value"": ""Intel Iris Xe Graphics""}, {""name"": ""Loại CPU"", ""value"": ""Intel Core i5-1240P""}], ""Bộ nhớ RAM, Ổ cứng"": [{""name"": ""Dung lượng RAM"", ""value"": ""8GB""}, {""name"": ""Loại RAM"", ""value"": ""DDR4""}, {""name"": ""Số khe ram"", ""value"": ""1 khe DDR4 trống""}, {""name"": ""Ổ cứng"", ""value"": ""512GB M.2 NVMe™ PCIe® 3.0 SSD""}], ""Màn hình"": [{""name"": ""Chất liệu tấm nền"", ""value"": ""Tấm nền IPS""}, {""name"": ""Kích thước màn hình"", ""value"": ""15.6 inches""}, {""name"": ""Công nghệ màn hình"", ""value"": ""Màn hình chống loá, bảo vệ mắt tiêu chuẩn TÜV Rheinland-certified, độ sáng 250 nit, độ phủ màu 45% NTSC""}, {""name"": ""Độ phân giải màn hình"", ""value"": ""1920 x 1080 pixels (FullHD)""}], ""Âm thanh"": [{""name"": ""Công nghệ âm thanh"", ""value"": ""Loa kép, công nghệ SonicMaster""}], ""Kích thước & Trọng lượng"": [{""name"": ""Chất liệu"", ""value"": ""Vỏ kim loại""}, {""name"": ""Kích thước"", ""value"": ""35.97 x 23.25 x 1.99 ~ 1.99 cm""}, {""name"": ""Trọng lượng"", ""value"": ""1.7 kg""}], ""Tiện ích khác"": [{""name"": ""Tính năng đặc biệt"", ""value"": ""Viền màn hình siêu mỏng, Wi-Fi 6""}], ""Tính năng khác"": [{""name"": ""Bảo mật"", ""value"": ""Bảo mật BIOS\nChip bảo mật TPM\nCảm biến vân tay""}, {""name"": ""Webcam"", ""value"": ""720P""}, {""name"": ""Hệ điều hành"", ""value"": ""Windows 11 Home SL""}], ""Pin & công nghệ sạc"": [{""name"": ""Pin"", ""value"": ""42WHrs, 3S1P, 3-cell Li-ion""}], ""Cổng kết nối"": [{""name"": ""Wi-Fi"", ""value"": ""Wi-Fi 6(802.11ax) (Dual band) 2*2""}, {""name"": ""Bluetooth"", ""value"": ""v5.0""}, {""name"": ""Cổng giao tiếp"", ""value"": ""1x HDMI 1.4\n1x 3.5mm Combo Audio Jack\n1x DC-in//1x USB 2.0 Type-A\n1x USB 3.2 Gen 1 Type-C\n2x USB 3.2 Gen 1 Type-A""}]}","[""https://cdn2.cellphones.com.vn/x/media/catalog/product/g/a/gaming_003_8__2.png"", ""https://cdn2.cellphones.com.vn/x/media/catalog/product/_/0/_0005_w800.jpg"", ""https://cdn2.cellphones.com.vn/x/media/catalog/product/_/0/_0002_w800_3_.jpg""]","{""product_color_1"": {""color"": ""Xanh"", ""image_url"": ""https://cellphones.com.vn/laptop-asus-vivobook-x1502za-bq127w.html?product_id=47902"", ""price"": ""13.990.000₫""}}"
Laptop ASUS VivoBook 14 A415EA-EB360T,laptop-asus-vivobook-slate-t3304ga-lq021ws,N/A,N/A,"Nội dung chính
1. ASUS VivoBook 14 A415EA – Laptop phổ thông cho dân văn phòng và sinh viên
1.1. Trọng lượng chỉ 1.4kg, màn hình NanoEdge 14 inches
1.2. Sở hữu hiệu năng tốt: Intel Core-i5, VGA Iris Xe Graphics, 8GB RAM
1.3. Hành trình phím đạt 1.4mm, kết nối đa dạng
1.4. Viên pin 3 Cells 42WHrs, tăng cường âm thanh bởi Sonic Master
2. Mua laptop ASUS VivoBook A415EA chính hãng, chất lượng tốt tại CellphoneS
ASUS VivoBook 14 A415EA – Laptop phổ thông cho dân văn phòng và sinh viên
Bạn đang cần một chiếc laptop để hỗ trợ cho việc học, chuyên thực hiện gõ Word, làm trình chiếu PowerPoint hay bạn là dân văn phòng chỉ thực hiện thao tác Excel và cũng thường xuyên lướt web, xem tin tức hoặc giải trí bằng một số tựa phim, thì hãy tham khảo ngay laptop ASUS VivoBook 14 A415EA.
Trọng lượng chỉ 1.4kg, màn hình NanoEdge 14 inches
Laptop ASUS VivoBook 14 A415EA vẫn mang điểm đặc trưng của sản phẩm với trọng lượng chỉ đạt 1.4 kg. Trọng lượng được tối giản, giúp người dùng có thể mang nó đi đến khắp mọi nơi, đặc biệt là có thể cầm chỉ bằng một tay di chuyển từ phòng này sang phòng khác.
Bên cạnh đó, chiếc máy được hoàn thiện nguyên khối chắc chắn. Màn hình của laptop ASUS VivoBook 14 A415EA sử dụng công nghệ NanoEdge quen thuộc, nó giúp tối ưu phần viền đến mức giúp bạn chìm đắm hoàn toàn vào trong khung hình, tạo nên hình ảnh chân thực nhất.
Màn hình có kích thước 14 inches, độ phân giải đạt FullHD tạo những chất lượng chi tiết nhất. Cộng thêm với tấm nền IPS cho góc nhìn tốt, màu sắc trung thực, hỗ trợ thực hiện những công việc chỉnh sửa ảnh tuyệt vời. Trên màn hình được trang bị công nghệ Anti-Glare giúp quan sát tốt ở ngoài trời nắng.
>>> Trải nghiệm thử mẫu laptop ASUS Vivobook 15 S533EA BN115T thanh lịch đẳng cấp.
Sở hữu hiệu năng tốt: Intel Core-i5, VGA Iris Xe Graphics, 8GB RAM
Tuy chỉ là chiếc laptop phân khúc tầm trung nhưng nó được nhà sản xuất chăm chút về hiệu năng. Bằng chứng CPU được cung cấp bởi Intel Core i5-1135G7 đi kèm với VGA Iris Xe Graphics tạo nên khả năng xử lý dữ liệu mượt mà nhất.
Cùng với đó là 8GB RAM mang đến khả năng xử lý đa nhiệm tốt, tức bạn có thể mở và cùng lúc sử dụng nhiều ứng dụng hoặc mở nhiều tab trong Chrome mà không sợ bị thoát hay giật lag chương trình. Bên cạnh đó, nhà sản xuất còn cho ổ cứng 512 GB SSD M.2 PCIE G3X4 cho phép lưu trữ và xử lý tốc độ ghi/ đọc dữ liệu nhanh chóng.
Hành trình phím đạt 1.4mm, kết nối đa dạng
Bàn phím trên ASUS VivoBook A415EA thuộc dạng fullsize, tức được trang bị tất cả phím mà bạn cần. Đồng thời, nó được thiết kế nguyên khối và hành trình phím đạt 1.4mm mang lại trải nghiệm đánh máy thoải mái, độ nảy tốt, phù hợp cho mọi tác vụ văn phòng, thường xuyên gõ bàn phím.
ASUS VivoBook 14 A415EA được trang bị cổng USB 3.2 Gen 1 Type-C cho phép đảo chiều cho việc kết nối các thiết bị dễ dàng hơn, điều này có lẽ học hỏi từ Macbook. Máy cũng được trang bị thêm cổng USB 3.2 Gen 1, USB 2.0, HDMI và cả khe để đọc thẻ microSD, giúp cho việc kết nối với các thiết bị ngoại vi như: máy chiếu, màn hình lớn hơn.
Viên pin 3 Cells 42WHrs, tăng cường âm thanh bởi Sonic Master
Ngay trên laptop ASUS VivoBook 14 A415EA này, nhà sản xuất đã trang bị cho nó viên pin 3 Cells 42 WHrs, từ đó, hỗ trợ công tác làm việc lâu dài và thoải mái trong vòng một ngày. Chưa hết, khả năng sạc nhanh chỉ với 50 phút sẽ đạt được 60%. Qủa là ấn tượng khi được mang đến sự hiệu quả trong công việc, sắp xếp công việc nhanh gọn.
Ngoài màn hình, hiệu năng, để giúp trải nghiệm giải trí tốt nhất, VivoBook 14 A415EA sử dụng thêm công nghệ ASUS SonicMaster cho phép phát ra những âm thanh sống động nhất. Bằng cách kết hợp giữa phần cứng và phần mềm, nó giúp lọc bớt tạp âm để mang đến âm thanh trong trẻo.
Mua laptop ASUS VivoBook A415EA chính hãng, chất lượng tốt tại CellphoneS
Laptop ASUS VivoBook 14 A415EA được phát triển để phù hợp cho những dân văn phòng, những sinh viên thường xuyên thực hiện công tác soạn thảo. Hiện nay chiếc VivoBook 14 A415EA đang được kinh doanh chính hãng tại khắp các trung tâm CellphoneS giúp cho khách hàng dễ dàng tìm thấy sản phẩm.
Ngoài laptop, chúng tôi còn cung cấp điện thoại, máy tính bảng, laptop đa dạng thương hiệu, đảm bảo 100% chính hãng, chất lượng cao đi kèm mức giá hợp lý kèm với nhiều chương trình khuyến mại hấp dẫn.","{""Bộ xử lý & Đồ họa"": [{""name"": ""Loại card đồ họa"", ""value"": ""Intel Iris Xe Graphics""}, {""name"": ""Loại CPU"", ""value"": ""Intel Core i5-1135G7 0.9GHz up to 4.2GHz 8MB""}], ""Bộ nhớ RAM, Ổ cứng"": [{""name"": ""Dung lượng RAM"", ""value"": ""8GB""}, {""name"": ""Loại RAM"", ""value"": ""DDR4 2666MHz, không hỗ trợ nâng cấp""}, {""name"": ""Ổ cứng"", ""value"": ""512GB SSD M.2 PCIE G3X4 (Còn trống 1 khe SSD M.2 PCIE)""}], ""Cổng kết nối"": [{""name"": ""Khe đọc thẻ nhớ"", ""value"": ""Có""}, {""name"": ""Wi-Fi"", ""value"": ""802.11 AX (2x2)""}, {""name"": ""Bluetooth"", ""value"": ""v5.0""}, {""name"": ""Cổng giao tiếp"", ""value"": ""1 x Type-A USB 3.2 Gen 1, 1 x Type-C USB 3.2, 2 x USB 2.0 port(s), 1 x HDMI 1.4""}], ""Tiện ích khác"": [{""name"": ""Tính năng đặc biệt"", ""value"": ""Viền màn hình siêu mỏng, Wi-Fi 6, Bảo mật vân tay""}], ""Màn hình"": [{""name"": ""Kích thước màn hình"", ""value"": ""14 inches""}, {""name"": ""Công nghệ màn hình"", ""value"": ""Anti-Glare with 45% NTSC, NanoEdge""}, {""name"": ""Độ phân giải màn hình"", ""value"": ""1920 x 1080 pixels (FullHD)""}], ""Pin & công nghệ sạc"": [{""name"": ""Pin"", ""value"": ""3 Cells 42WHrs""}], ""Tính năng khác"": [{""name"": ""Hệ điều hành"", ""value"": ""Windows 10 Home SL""}], ""Kích thước & Trọng lượng"": [{""name"": ""Kích thước"", ""value"": ""324 x 215 x 17.9 mm""}, {""name"": ""Trọng lượng"", ""value"": ""1.4 kg""}], ""Loại máy & Chức năng"": [{""name"": ""Loại máy"", ""value"": ""In Laser đen trắng""}]}","[""https://cdn2.cellphones.com.vn/x/media/catalog/product/l/a/laptop_asus_vivobook_a515ea-bq498t_3__1.jpg"", ""https://cdn2.cellphones.com.vn/x/media/catalog/product/l/a/laptop_asus_vivobook_a515ea-bq498t_4__1.jpg"", ""https://cdn2.cellphones.com.vn/x/media/catalog/product/l/a/laptop_asus_vivobook_a515ea-bq498t_5__1.jpg""]",{}
Laptop ASUS Vivobook Slate OLED T3304GA-LQ021WS,laptop-asus-gaming-rog-zephyrus-duo-16-gx650pz-nm031w,19.990.000đ,12.990.000đ,"Đặc điểm nổi bật
Nội dung chính
1. Laptop Asus Vivobook Slate Oled T3304 tiện lợi, linh hoạt, ổn định
1.1. Thiết kế mỏng nhẹ, sang trọng lịch lãm
1.2. Màn hình cảm ứng OLed chất lượng cho trải nghiệm tối ưu
1.3. Kết nối tiện ích, công nghệ siêu đỉnh
1.4. Hiệu suất Asu T3304 được tối ưu vượt trội
1.5. Âm thanh trên chiếc Asus T3304 chất lượng, thoải mái giải trí
2. Mua ngay laptop Asus Vivobook Slate Oled T3304 giá rẻ tại CellphoneS
Laptop Asus Vivobook Slate Oled T3304 tiện lợi, linh hoạt, ổn định
Asus Vivobook Slate Oled T3304 là mẫu laptop vô cùng sang trọng và tiện lợi. Nhờ sở hữu thiết kế siêu đỉnh cùng rất nhiều những trang bị hấp dẫn. Chắc chắn, mẫu laptop Asus Vivobook này sẽ mang tới cho người dùng trải nghiệm tiện ích và ổn định nhất. Cùng khám phá những điều tuyệt vời xung quanh chiếc laptop siêu đỉnh nhà Asus này.
Thiết kế mỏng nhẹ, sang trọng lịch lãm
Laptop Asus Vivobook Slate Oled T3304 mang trên mình thiết kế vô cùng sang trọng và lịch lãm. Với cấu trúc mỏng nhẹ cùng chất liệu và màu sắc đen bóng bẩy sẽ thu hút được sự chú ý của mọi người nhìn.
Laptop Asus T3304 với thiết kế tháo rời độc đáo người dùng có thể biến hoá nhanh chóng để chúng gọn nhẹ như chiếc máy tính bảng. Từ đó mang tới sự dễ dàng, linh hoạt và tràn đầy cảm hứng trong quá trình làm việc.
Màn hình cảm ứng OLed chất lượng cho trải nghiệm tối ưu
Asus Vivobook Slate Oled T3304 mang tới trải nghiệm tối ưu nhờ màn hình cảm ứng siêu chất lượng. Dòng laptop 15 triệu này được trang bị màn hình Oled cho màu sắc hiển thị vô cùng tươi mới và đó giúp người xem được đắm chìm trong mọi hình ảnh.
Đặc biệt, độ sáng màn hình Asus T3304 cao nhất lên đến 550 nits. Bên ngoài được bao phủ và bảo vệ bởi hệ thống kính cường lực Corning® Gorilla® Glass siêu chất lượng.
Ngoài ra, khi sử dụng laptop Asus Vivobook Slate Oled T3304, bạn cũng hoàn toàn yên tâm nhờ công nghệ chống ánh sáng xanh. Do đó, khi sử dụng trong mọi điều kiện ánh sáng khác nhau cũng không ảnh hưởng. Hoặc bạn cũng không cần lo về tình trạng dấu vân tay giúp máy tính luôn được sạch như mới.
Kết nối tiện ích, công nghệ siêu đỉnh
Laptop Asus Vivobook Slate T3304 cho phép người dùng thoải mái kết nối với các thiết bị ngoại vi mà không giới hạn bởi không gian và thời gian. Nhờ sở hữu đầy đủ các cổng kết nối giúp cho mọi nhu cầu của bạn được chủ động và đáp ứng tối ưu nhất.
Trên laptop Asus T3304 này, hãng còn mang tới các công nghệ kết nối không dây vô cùng hoàn hảo. Chế độ WiFi 6 cùng công nghệ hiện đại cho phép WiFi được kết nối một cách ổn định. Đồng thời, hạn chế tối đa tình trạng nhiễu sóng và giúp tốc độ kết nối vượt trội hơn. 
Hiệu suất Asu T3304 được tối ưu vượt trội
Hiệu suất cũng là yếu tố được đánh giá cao trên Asus Vivobook Slate Oled T3304. Máy được trang bộ vi xử lý khá mạnh mẽ cho tốc độ hoạt động được ổn định nhất. Bên cạnh đó là card đồ họa tích hợp Intel UHD Graphics chuyên dụng. Mẫu laptop tiện ích hai trong một này giúp mọi công việc đều được xử lý mượt mà và trơn tru nhất.
Ngoài ra, laptop Asus T3304 còn được cung cấp ổ cứng SSD dung lượng lớn. Từ đó, khả năng lưu trữ của thiết bị trở nên vượt trội. Mọi dữ liệu, thông tin cần thiết của bạn đều có thể thoải mái lưu trữ một cách tối đa.
Đặc biệt hơn nữa, laptop Asus Vivobook Slate Oled có thể dễ dàng truy cập vào tài nguyên của Asus với ứng dụng MyASUS. Với tính năng Link to MyASUS hoàn toàn mới, bạn hoàn toàn có thể thao tác dễ dàng trên điện thoại để gửi đi cũng như trao đổi các tệp tin cần thiết.
Âm thanh trên chiếc Asus T3304 chất lượng, thoải mái giải trí
Laptop Asus Vivobook Slate Oled T3304 còn được trang bị công nghệ âm thanh cực chất giúp bạn trải nghiệm mọi thứ được trở nên trọn vẹn hơn. Để mang tới các tính năng âm thanh vượt trội, đội ngũ kiến trúc sư của ASUS đã nghiên cứu để mang tới sản phẩm cho trải nghiệm loa âm thanh nổi chất lượng cao. Đồng thời, hiệu ứng âm thanh vòm của máy mang lại cho bạn chất lượng âm thanh chuẩn như điện ảnh. 
Bên cạnh đó, bộ khuếch đại thông minh trên chiếc Asus Vivobook Slate Oled T3304 đặc biệt đảm bảo âm lượng tối đa với độ méo tiếng được tối giản một cách tối thiểu. Từ đó mang tới cho âm thanh trong trẻo, mạnh mẽ vô cùng vượt trội. Chắc chắn với những gì được trang bị, đây sẽ là mẫu laptop vô cùng tuyệt vời giúp mang đến cho người dùng âm thanh thanh tuyệt vời nhất từ mọi góc độ.
Mua ngay laptop Asus Vivobook Slate Oled T3304 giá rẻ tại CellphoneS
Laptop Asus Vivobook Slate Oled T3304 là mẫu laptop cao cấp, sang trọng với nhiều tiện ích vượt trội. Bên cạnh đó là hiệu năng ổn định cùng nhiều tính năng hiện đại giúp người dùng có những giây phút trải nghiệm cực chất.
Hiện tại, laptop Asus Vivobook Slate Oled T3304 đã được phân phối chính hãng tại các cửa hàng của hệ thống CellphoneS trên toàn quốc. Bạn có thể đến bất kỳ địa chỉ nào gần nhất để xem, trải nghiệm và sở hữu. Hoặc bạn cũng có thể mua hàng online qua hệ thống kênh bán hàng chính thức của hàng. Từ đó mang tới sự tiện lợi và tiết kiệm thời gian nhất. Với chính sách bán hàng ấn tượng, nhiều ưu đãi hấp dẫn, chắc chắn đây sẽ là địa chỉ hàng đầu giúp bạn có thể sở hữu sản phẩm chính hãng với giá thành tốt nhất. Còn chần chừ gì nữa gọi ngay tới số hotline của hệ thống để được tư vấn và hỗ trợ tốt nhất.","{""Bộ xử lý & Đồ họa"": [{""name"": ""Loại card đồ họa"", ""value"": ""Intel® UHD Graphics""}, {""name"": ""Loại CPU"", ""value"": ""Intel® Core™ i3-N300 Processor 0.8 GHz (6MB Cache, up to 3.8 GHz, 8 cores, 8 Threads)""}], ""Bộ nhớ RAM, Ổ cứng"": [{""name"": ""Dung lượng RAM"", ""value"": ""8GB""}, {""name"": ""Loại RAM"", ""value"": ""8GB LPDDR5""}, {""name"": ""Ổ cứng"", ""value"": ""256GB UFS 2.1""}], ""Màn hình"": [{""name"": ""Chất liệu tấm nền"", ""value"": ""Tấm nền OLED/AMOLED""}, {""name"": ""Kích thước màn hình"", ""value"": ""13.3 inches""}, {""name"": ""Công nghệ màn hình"", ""value"": ""Tần số quét 60HZ, 550nits HDR, 100% DCI-P3, 1.07 tỷ màu""}, {""name"": ""Độ phân giải màn hình"", ""value"": ""1920 x 1080 pixels (FullHD)""}], ""Tiện ích khác"": [{""name"": ""Tính năng đặc biệt"", ""value"": ""Wi-Fi 6, Màn hình Oled""}], ""Tính năng khác"": [{""name"": ""Webcam"", ""value"": ""1080p FHD camera""}, {""name"": ""Hệ điều hành"", ""value"": ""Windows 11 Home""}], ""Pin & công nghệ sạc"": [{""name"": ""Pin"", ""value"": ""50WHrs, 2S1P, 2-cell Li-ion""}], ""Kích thước & Trọng lượng"": [{""name"": ""Kích thước"", ""value"": ""30.99 x 19.00 x 0.89 ~ 0.89 cm""}, {""name"": ""Trọng lượng"", ""value"": ""0.82 kg""}], ""Cổng kết nối"": [{""name"": ""Wi-Fi"", ""value"": ""Wi-Fi 6(802.11ax)""}, {""name"": ""Bluetooth"", ""value"": ""v5.0""}, {""name"": ""Cổng giao tiếp"", ""value"": ""2x USB 3.2 Gen 2 Type-C\n1x 3.5mm Combo Audio Jack\nMicro SD card reader""}]}","[""https://cdn2.cellphones.com.vn/x/media/catalog/product/l/a/laptop_asus_vivobook_slate_oled_t3304ga-lq021ws.png"", ""https://cdn2.cellphones.com.vn/x/media/catalog/product/r/t/rtytu_9_.jpg"", ""https://cdn2.cellphones.com.vn/x/media/catalog/product/r/t/rtytu.jpg""]","{""product_color_1"": {""color"": ""Đen"", ""image_url"": ""https://cellphones.com.vn/laptop-asus-vivobook-slate-t3304ga-lq021ws.html?product_id=60758"", ""price"": ""12.990.000₫""}}"
Laptop Asus Gaming ROG Zephyrus DUO 16 GX650PZ-NM031W,laptop-asus-gaming-tuf-fx506hcb-hn1138w,N/A,N/A,"Đặc điểm nổi bật
Nội dung chính
1. Laptop ASUS Gaming ROG Zephyrus Duo 16 GX650PZ-NM031W - Nâng tầm trải nghiệm chơi game
1.1. Vi xử lý hiệu suất cao, đồ họa mạnh mẽ
2. Mua ngay laptop ASUS Gaming ROG Zephyrus Duo 16 GX650PZ-NM031W giá tốt tại CellphoneS
Laptop ASUS Gaming ROG Zephyrus Duo 16 GX650PZ-NM031W - Nâng tầm trải nghiệm chơi game
Laptop ASUS Gaming ROG Zephyrus Duo 16 GX650PZ-NM031W nâng tầm trải nghiệm cho các game thủ với thiết kế 2 màn hình với khả năng xử lý đồ họa mượt mà. Hiệu năng máy đảm bảo mượt mà khi chiến game cấu hình cao. Cùng CellphoneS khám phá nhiều hơn về laptop Asus Gaming trong bài viết giới thiệu sau nhé!
Vi xử lý hiệu suất cao, đồ họa mạnh mẽ
Laptop ASUS Gaming ROG Zephyrus Duo 16 GX650PZ-NM031W được thiết kế dành để chơi game hoặc sáng tạo nội dung với CPU AMD Ryzen 9 7945HX thế hệ mới. Sở hữu khả năng đa luồng mạnh mẽ, kết hợp cùng công nghệ ép xung cho trải nghiệm gaming mượt mà.
Chiếc Asus Rog còn được trang bị card đồ họa NVIDIA GeForce RTX 4080 với TGP lên đến 175W nhờ Dynamic Boost. Do đó, trong thời gian dài, GPU có thể tăng tốc sức mạnh với công suất cao, khai thác tối đa hiệu năng, đảm bảo tốc độ khung hình ổn định ngay cả trong tựa game AAA.
Đa nhiệm hiệu quả, SSD Gen 4 với tốc độ tải nhanh 
Laptop Asus Rog Zephyrus Gaming dòng Duo 16 GX650PZ-NM031W mang đến khả năng đa nhiệm nhanh và hiệu quả với chuẩn RAM DDR5. Từ đó, bạn có thể dùng máy để chạy đa nhiệm các ứng dụng mà không cần quan tâm đến hiệu suất.
Mặt khác, máy còn sở hữu 2 ASUS Gaming ROG Zephyrus Duo 16 GX650PZ-NM031Wkhe SSD NVM Express, hỗ trợ thời gian tải nhanh hơn và ít phải chờ đợi. Dung lượng 1TB đủ lớn để lưu trữ được mọi dự án và tải về các tựa game AAA mới hiện nay.
Mua ngay laptop ASUS Gaming ROG Zephyrus Duo 16 GX650PZ-NM031W giá tốt tại CellphoneS
Laptop ASUS Gaming ROG Zephyrus Duo 16 GX650PZ-NM031W mang đến lối thiết kế mới với hiệu suất gaming vượt trội. Do đó, bạn hãy nhanh tay sở hữu ngay để nâng cao trải nghiệm với mức giá ưu đãi tại CellphoneS nhé!","{""Bộ xử lý & Đồ họa"": [{""name"": ""Loại card đồ họa"", ""value"": ""NVIDIA GeForce RTX 4080""}, {""name"": ""Loại CPU"", ""value"": ""AMD Ryzen 9 7945HX (64MB L3 cache, up to 5.4GHz, 16 lõi / 32 luồng)""}], ""Bộ nhớ RAM, Ổ cứng"": [{""name"": ""Dung lượng RAM"", ""value"": ""32GB""}, {""name"": ""Loại RAM"", ""value"": ""DDR5""}, {""name"": ""Số khe ram"", ""value"": ""2 khe (nâng cấp tối đa 64GB)""}, {""name"": ""Ổ cứng"", ""value"": ""1TB PCIe 4.0 NVMe M.2""}], ""Màn hình"": [{""name"": ""Tần số quét"", ""value"": ""240Hz""}, {""name"": ""Chất liệu tấm nền"", ""value"": ""Tấm nền OLED/AMOLED""}, {""name"": ""Kích thước màn hình"", ""value"": ""16 inches""}, {""name"": ""Công nghệ màn hình"", ""value"": ""Thời gian phản hồi 3ms\nĐộ sáng tối đa 1100nits\nĐộ phủ màu DCI-P3 100%\nMàn hình chống chói""}, {""name"": ""Độ phân giải màn hình"", ""value"": ""2560 x 1600 pixel (2K)""}], ""Âm thanh"": [{""name"": ""Công nghệ âm thanh"", ""value"": ""Công nghệ khuếch đại thông minh, Công nghệ khử tiếng ồn""}], ""Cổng kết nối"": [{""name"": ""Khe đọc thẻ nhớ"", ""value"": ""Không""}, {""name"": ""Wi-Fi"", ""value"": ""Wi-Fi 6E(802.11ax) (Triple band) 2x2""}, {""name"": ""Bluetooth"", ""value"": ""Bluetooth 5.2""}, {""name"": ""Cổng giao tiếp"", ""value"": ""2x Khe cắm M.2\n2x Khe cắm DDR5 SO-DIMM\n2x PCIe\n1x Cổng LAN 2.5G\n2x USB 3.2 Gen 2 Type-C\n2x USB 3.2 Gen 2 Type-A\n1x đầu đọc thẻ (microSD)\n1x HDMI 2.1 FRL\n1x Jack cắm tai nghe""}], ""Kích thước & Trọng lượng"": [{""name"": ""Chất liệu"", ""value"": ""Vỏ kim loại""}, {""name"": ""Kích thước"", ""value"": ""35.5 x 26.6 x 2.05 ~ 2.97 cm (W x H x D)""}, {""name"": ""Trọng lượng"", ""value"": ""2.67 kg""}], ""Tiện ích khác"": [{""name"": ""Tính năng đặc biệt"", ""value"": ""Wi-Fi 6""}], ""Tính năng khác"": [{""name"": ""Loại đèn bàn phím"", ""value"": ""Bàn phím Chiclet có đèn nền Per-Key RGB""}, {""name"": ""Webcam"", ""value"": ""FHD 1080P 30FPS""}, {""name"": ""Hệ điều hành"", ""value"": ""Windows 11 Home""}], ""Pin & công nghệ sạc"": [{""name"": ""Pin"", ""value"": ""90WHrs, 4S1P, 4-cell Li-ion""}]}","[""https://cdn2.cellphones.com.vn/x/media/catalog/product/l/a/laptop-asus-gaming-rog-zephyrus-duo-16-gx650pz-nm031w.png"", ""https://cdn2.cellphones.com.vn/x/media/catalog/product/l/a/laptop-asus-gaming-rog-zephyrus-duo-16-gx650pz-nm031w-1.png"", ""https://cdn2.cellphones.com.vn/x/media/catalog/product/l/a/laptop-asus-gaming-rog-zephyrus-duo-16-gx650pz-nm031w-2.png""]",{}
Laptop ASUS Gaming TUF FX506HCB-HN1138W,laptop-asus-vivobook-x509ja-ej247t,N/A,N/A,"Laptop ASUS Gaming TUF FX506HCB-HN1138W chính là dòng laptop Asus Tuf mang một hiệu năng tiên tiến, vượt trội nhằm gia tăng trải nghiệm tốt cho người dùng, giúp bạn có thể thoải mái chơi các tựa game. 
Chiếc Asus Tuf F15 này luôn mang đến thiết kế cá tính, hiện đại, đúng chuẩn gaming để bạn dễ dàng chiến game hiệu quả. Nhờ đó, dòng laptop này tạo nên một tổng thể nổi bật, bắt mắt, tăng sức hấp dẫn trong suốt quá trình chơi game.
Dòng Asus Gaming này còn được thiết kế với bàn phím rộng, hành trình phím sâu, giúp quá trình thao tác diễn ra thuận tiện, hiệu quả hơn. Bên cạnh đó, các phím còn được trang bị hệ thống đèn Led có thể thay đổi theo sở thích, góp phần nâng cao hiệu quả chơi game.","{""Bộ xử lý & Đồ họa"": [{""name"": ""Loại card đồ họa"", ""value"": ""NVIDIA GeForce RTX 3050 4GB; Intel UHD Graphics""}, {""name"": ""Loại CPU"", ""value"": ""Intel Core i5 11400H""}], ""Bộ nhớ RAM, Ổ cứng"": [{""name"": ""Dung lượng RAM"", ""value"": ""8GB""}, {""name"": ""Loại RAM"", ""value"": ""DDR4, 3200 MHz""}, {""name"": ""Số khe ram"", ""value"": ""2 khe rời (1 khe trống)""}, {""name"": ""Ổ cứng"", ""value"": ""SSD 512 GB""}], ""Màn hình"": [{""name"": ""Chất liệu tấm nền"", ""value"": ""Tấm nền IPS""}, {""name"": ""Kích thước màn hình"", ""value"": ""15.6 inches""}, {""name"": ""Công nghệ màn hình"", ""value"": ""IPS, 144 Hz, 250 nits, Anti-glare LED-backlit, 45% NTSC""}, {""name"": ""Độ phân giải màn hình"", ""value"": ""1920 x 1080 pixels (FullHD)""}], ""Âm thanh"": [{""name"": ""Công nghệ âm thanh"", ""value"": ""Asus SonicMaster stereo""}], ""Kích thước & Trọng lượng"": [{""name"": ""Chất liệu"", ""value"": ""Vỏ kim loại""}, {""name"": ""Kích thước"", ""value"": ""359 x 256 x 24.4 mm""}, {""name"": ""Trọng lượng"", ""value"": ""2.3 kg""}], ""Tính năng khác"": [{""name"": ""Loại đèn bàn phím"", ""value"": ""LED""}, {""name"": ""Hệ điều hành"", ""value"": ""Windows 11 Home Single Language""}], ""Thông số khác"": [{""name"": ""Hãng sản xuất"", ""value"": ""ASUS""}], ""Pin & công nghệ sạc"": [{""name"": ""Pin"", ""value"": ""3 Cell 180 W Lithium-ion""}], ""Cổng kết nối"": [{""name"": ""Wi-Fi"", ""value"": ""802.11 ax""}, {""name"": ""Bluetooth"", ""value"": ""v5.2""}, {""name"": ""Cổng giao tiếp"", ""value"": ""1 DC-in jack\n1 HDMI\n1 Jack 3.5 mm\n1 Type C\n3 USB 3.0""}]}","[""https://cdn2.cellphones.com.vn/x/media/catalog/product/2/_/2_254.png"", ""https://cdn2.cellphones.com.vn/x/media/catalog/product/3/_/3_233.png"", ""https://cdn2.cellphones.com.vn/x/media/catalog/product/5/_/5_203.png""]",{}
Laptop ASUS Vibobook X509JA EJ247T,laptop-asus-vivobook-a515ea-l11970w,N/A,N/A,,"{""Bộ xử lý & Đồ họa"": [{""name"": ""Loại card đồ họa"", ""value"": ""Intel UHD Graphics 620""}, {""name"": ""Loại CPU"", ""value"": ""Intel Core i3 1005G1""}], ""Bộ nhớ RAM, Ổ cứng"": [{""name"": ""Dung lượng RAM"", ""value"": ""8GB""}, {""name"": ""Loại RAM"", ""value"": ""DDR4 2666 MHz, hỗ trợ ẩm tối đa 20GB""}, {""name"": ""Số khe ram"", ""value"": ""1 khe rời""}, {""name"": ""Ổ cứng"", ""value"": ""SSD 512GB""}], ""Màn hình"": [{""name"": ""Chất liệu tấm nền"", ""value"": ""Tấm nền TN""}, {""name"": ""Kích thước màn hình"", ""value"": ""15.6 inches""}, {""name"": ""Công nghệ màn hình"", ""value"": ""TN, 60 Hz, 200 nits, Anti - Glare""}, {""name"": ""Độ phân giải màn hình"", ""value"": ""1920 x 1080 pixels (FullHD)""}], ""Âm thanh"": [{""name"": ""Công nghệ âm thanh"", ""value"": ""Asus SonicMaster stereo""}], ""Tính năng khác"": [{""name"": ""Loại đèn bàn phím"", ""value"": ""Không""}, {""name"": ""Webcam"", ""value"": ""HD Webcam (720p Webcam)""}, {""name"": ""Hệ điều hành"", ""value"": ""Windows 10 Home""}], ""Thông số khác"": [{""name"": ""Hãng sản xuất"", ""value"": ""ASUS""}], ""Pin & công nghệ sạc"": [{""name"": ""Pin"", ""value"": ""Lithium-ion 33 W""}], ""Kích thước & Trọng lượng"": [{""name"": ""Kích thước"", ""value"": ""360 x 235 x 22.9""}, {""name"": ""Trọng lượng"", ""value"": ""1.9 kg""}], ""Cổng kết nối"": [{""name"": ""Wi-Fi"", ""value"": ""802.11 ac""}, {""name"": ""Bluetooth"", ""value"": ""v4.1""}]}","[""https://cdn2.cellphones.com.vn/x/media/catalog/product/1/_/1_337.png"", ""https://cdn2.cellphones.com.vn/x/media/catalog/product/2/_/2_317.png"", ""https://cdn2.cellphones.com.vn/x/media/catalog/product/5/_/5_234.png""]",{}
Laptop ASUS Vivobook A515EA-L11970W,laptop-asus-vivobook-a415ea-eb1749w,N/A,N/A,,"{""Bộ xử lý & Đồ họa"": [{""name"": ""Loại card đồ họa"", ""value"": ""Intel Iris Xe Graphics""}, {""name"": ""Loại CPU"", ""value"": ""Intel Core i5 1135G7""}], ""Bộ nhớ RAM, Ổ cứng"": [{""name"": ""Dung lượng RAM"", ""value"": ""8GB""}, {""name"": ""Loại RAM"", ""value"": ""DDR4""}, {""name"": ""Ổ cứng"", ""value"": ""512GB SSD""}], ""Màn hình"": [{""name"": ""Chất liệu tấm nền"", ""value"": ""Tấm nền OLED/AMOLED""}, {""name"": ""Kích thước màn hình"", ""value"": ""15.6 inches""}, {""name"": ""Công nghệ màn hình"", ""value"": ""60 Hz OLED, 100% DCI-P3, 400 nits""}, {""name"": ""Độ phân giải màn hình"", ""value"": ""1920 x 1200 pixels (FullHD+)""}], ""Âm thanh"": [{""name"": ""Công nghệ âm thanh"", ""value"": ""Asus SonicMaster stereo""}], ""Kích thước & Trọng lượng"": [{""name"": ""Chất liệu"", ""value"": ""Vỏ kim loại""}, {""name"": ""Kích thước"", ""value"": ""359 x 235 x 17.9 mm""}, {""name"": ""Trọng lượng"", ""value"": ""1.8 kg""}], ""Tiện ích khác"": [{""name"": ""Tính năng đặc biệt"", ""value"": """"}], ""Tính năng khác"": [{""name"": ""Loại đèn bàn phím"", ""value"": ""Không""}, {""name"": ""Webcam"", ""value"": ""HD Webcam (720p Webcam)""}, {""name"": ""Hệ điều hành"", ""value"": ""Windows 11 Home""}], ""Thông số khác"": [{""name"": ""Hãng sản xuất"", ""value"": ""ASUS""}], ""Pin & công nghệ sạc"": [{""name"": ""Pin"", ""value"": ""3 Cell 65W Lithium-ion""}], ""Cổng kết nối"": [{""name"": ""Wi-Fi"", ""value"": ""802.11 ax""}, {""name"": ""Bluetooth"", ""value"": ""v5.0""}, {""name"": ""Cổng giao tiếp"", ""value"": ""1 Card reader\n1 DC-in jack\n1 HDMI\n1 Jack 3.5 mm\n1 Type C\n1 USB 3.0\n2 USB 2.0""}]}","[""https://cdn2.cellphones.com.vn/x/media/catalog/product/1/_/1_273_2.png"", ""https://cdn2.cellphones.com.vn/x/media/catalog/product/2/_/2_249.png"", ""https://cdn2.cellphones.com.vn/x/media/catalog/product/4/_/4_216.png""]",{}
Laptop ASUS Vivobook A415EA-EB1749W,laptop-asus-vivobook-a515ea-bn1360t,N/A,N/A,,"{""Bộ xử lý & Đồ họa"": [{""name"": ""Loại card đồ họa"", ""value"": ""Intel UHD Graphics""}, {""name"": ""Loại CPU"", ""value"": ""Intel Core i3 1125G4""}], ""Bộ nhớ RAM, Ổ cứng"": [{""name"": ""Dung lượng RAM"", ""value"": ""8GB""}, {""name"": ""Loại RAM"", ""value"": ""DDR4""}, {""name"": ""Ổ cứng"", ""value"": ""SSD 512GB""}], ""Màn hình"": [{""name"": ""Chất liệu tấm nền"", ""value"": ""Tấm nền IPS""}, {""name"": ""Kích thước màn hình"", ""value"": ""14 inches""}, {""name"": ""Công nghệ màn hình"", ""value"": ""60 Hz, IPS LCD, 250 nits, 45% NTSC""}, {""name"": ""Độ phân giải màn hình"", ""value"": ""1920 x 1200 pixels (FullHD+)""}], ""Âm thanh"": [{""name"": ""Công nghệ âm thanh"", ""value"": ""Asus SonicMaster stereo""}], ""Kích thước & Trọng lượng"": [{""name"": ""Chất liệu"", ""value"": ""Vỏ kim loại""}, {""name"": ""Kích thước"", ""value"": ""1.4 kg""}, {""name"": ""Trọng lượng"", ""value"": ""17.9 x 324 x 215.6 mm""}], ""Tính năng khác"": [{""name"": ""Loại đèn bàn phím"", ""value"": ""Không""}, {""name"": ""Webcam"", ""value"": ""VGA Webcam (480p Webcam)""}, {""name"": ""Hệ điều hành"", ""value"": ""Windows 11""}], ""Thông số khác"": [{""name"": ""Hãng sản xuất"", ""value"": ""ASUS""}], ""Pin & công nghệ sạc"": [{""name"": ""Pin"", ""value"": ""3 Cell 42W Lithium-ion""}], ""Cổng kết nối"": [{""name"": ""Wi-Fi"", ""value"": ""802.11 ax""}, {""name"": ""Bluetooth"", ""value"": ""v5.0""}, {""name"": ""Cổng giao tiếp"", ""value"": ""1 HDMI\n1 Jack 3.5 mm""}]}","[""https://cdn2.cellphones.com.vn/x/media/catalog/product/1/_/1_275_2.png"", ""https://cdn2.cellphones.com.vn/x/media/catalog/product/3/_/3_230.png"", ""https://cdn2.cellphones.com.vn/x/media/catalog/product/4/_/4_218.png""]",{}
Laptop ASUS Vivobook A515EA -BN1360T,laptop-asus-vivobook-x515ea-bq993t,N/A,N/A,,"{""Bộ xử lý & Đồ họa"": [{""name"": ""Loại card đồ họa"", ""value"": ""Intel UHD Graphics""}, {""name"": ""Loại CPU"", ""value"": ""Intel Core i3-1115G4""}], ""Bộ nhớ RAM, Ổ cứng"": [{""name"": ""Dung lượng RAM"", ""value"": ""8GB""}, {""name"": ""Loại RAM"", ""value"": ""8GB RAM DDR4""}, {""name"": ""Ổ cứng"", ""value"": ""SSD 256 GB""}], ""Màn hình"": [{""name"": ""Chất liệu tấm nền"", ""value"": ""Tấm nền IPS""}, {""name"": ""Kích thước màn hình"", ""value"": ""15.6 inches""}, {""name"": ""Độ phân giải màn hình"", ""value"": ""1920 x 1080 pixels (FullHD)""}], ""Cổng kết nối"": [{""name"": ""Khe đọc thẻ nhớ"", ""value"": ""Không""}, {""name"": ""Wi-Fi"", ""value"": ""Wi-Fi 6 (802.11ax)""}, {""name"": ""Bluetooth"", ""value"": ""v5.0""}, {""name"": ""Cổng giao tiếp"", ""value"": ""USB Type C\nUSB 3.0\nHDMI\nJack 3.5mm""}], ""Kích thước & Trọng lượng"": [{""name"": ""Chất liệu"", ""value"": ""Vỏ nhựa""}, {""name"": ""Trọng lượng"", ""value"": ""1.8 kg""}], ""Tiện ích khác"": [{""name"": ""Tính năng đặc biệt"", ""value"": ""Wi-Fi 6""}], ""Thông số khác"": [{""name"": ""Hãng sản xuất"", ""value"": ""ASUS""}], ""Tính năng khác"": [{""name"": ""Hệ điều hành"", ""value"": ""Windows 10""}]}","[""https://cdn2.cellphones.com.vn/x/media/catalog/product/f/k/fk.png"", ""https://cdn2.cellphones.com.vn/x/media/catalog/product/b/v/bv_.png"", ""https://cdn2.cellphones.com.vn/x/media/catalog/product/3/_/3_177_2_2.png""]",{}
Laptop Asus Vivobook X515EA-BQ993T,laptop-asus-vivobook-a515ea-l11970t,N/A,N/A,,"{""Bộ xử lý & Đồ họa"": [{""name"": ""Loại card đồ họa"", ""value"": ""Intel Iris Xe Graphics""}, {""name"": ""Loại CPU"", ""value"": ""Intel Core i5-1135G7""}], ""Bộ nhớ RAM, Ổ cứng"": [{""name"": ""Dung lượng RAM"", ""value"": ""8GB""}, {""name"": ""Loại RAM"", ""value"": ""DDR4""}, {""name"": ""Ổ cứng"", ""value"": ""512GB SSD""}], ""Màn hình"": [{""name"": ""Chất liệu tấm nền"", ""value"": ""Tấm nền IPS""}, {""name"": ""Kích thước màn hình"", ""value"": ""15.6 inches""}, {""name"": ""Công nghệ màn hình"", ""value"": ""IPS 250 nits, Anti-glare LED-backlit, 45% NTSC,""}, {""name"": ""Độ phân giải màn hình"", ""value"": ""1920 x 1080 pixels (FullHD)""}], ""Âm thanh"": [{""name"": ""Công nghệ âm thanh"", ""value"": ""Asus SonicMaster stereo""}], ""Kích thước & Trọng lượng"": [{""name"": ""Chất liệu"", ""value"": ""Vỏ nhựa""}, {""name"": ""Kích thước"", ""value"": ""360 x 235 x 19.9 mm""}, {""name"": ""Trọng lượng"", ""value"": ""1.8 kg""}], ""Tiện ích khác"": [{""name"": ""Tính năng đặc biệt"", ""value"": ""Bảo mật vân tay""}], ""Tính năng khác"": [{""name"": ""Bảo mật"", ""value"": ""Mở khóa vân tay\nMật khẩu""}, {""name"": ""Hệ điều hành"", ""value"": ""Windows 10""}], ""Thông số khác"": [{""name"": ""Hãng sản xuất"", ""value"": ""ASUS""}], ""Pin & công nghệ sạc"": [{""name"": ""Pin"", ""value"": ""2 Cell, 37 W""}], ""Cổng kết nối"": [{""name"": ""Wi-Fi"", ""value"": ""802.11 ac""}, {""name"": ""Bluetooth"", ""value"": ""v4.1""}, {""name"": ""Cổng giao tiếp"", ""value"": ""1x DC-in jack\n1x HDMI\n1 xJack 3.5 mm\n1 xType C\n2 x USB 2.0""}]}","[""https://cdn2.cellphones.com.vn/x/media/catalog/product/1/_/1_214_3.png"", ""https://cdn2.cellphones.com.vn/x/media/catalog/product/2/_/2_189_2.png"", ""https://cdn2.cellphones.com.vn/x/media/catalog/product/4/_/4_165_1.png""]",{}
Laptop ASUS Vivobook A515EA-L11970T,laptop-asus-flip-br1100fka-bp0660t,N/A,N/A,,"{""Bộ xử lý & Đồ họa"": [{""name"": ""Loại card đồ họa"", ""value"": ""Intel Iris Xe Graphics""}, {""name"": ""Loại CPU"", ""value"": ""Intel Core i5 1135G7""}], ""Bộ nhớ RAM, Ổ cứng"": [{""name"": ""Dung lượng RAM"", ""value"": ""8GB""}, {""name"": ""Loại RAM"", ""value"": ""DDR4""}, {""name"": ""Ổ cứng"", ""value"": ""SSD 512 GB""}], ""Màn hình"": [{""name"": ""Chất liệu tấm nền"", ""value"": ""Tấm nền OLED/AMOLED""}, {""name"": ""Kích thước màn hình"", ""value"": ""15.6 inches""}, {""name"": ""Công nghệ màn hình"", ""value"": ""OLED""}, {""name"": ""Độ phân giải màn hình"", ""value"": ""1920 x 1080 pixels (FullHD)""}], ""Âm thanh"": [{""name"": ""Công nghệ âm thanh"", ""value"": ""Harman Kardon speakers""}], ""Cổng kết nối"": [{""name"": ""Khe đọc thẻ nhớ"", ""value"": ""Không""}, {""name"": ""Wi-Fi"", ""value"": ""802.11 ax""}, {""name"": ""Bluetooth"", ""value"": ""v5.0""}, {""name"": ""Cổng giao tiếp"", ""value"": ""1 Card reader\n1 HDMI\n1 Jack 3.5 mm\n1 Type C\n1 USB 3.0\n2 USB 2.0""}], ""Kích thước & Trọng lượng"": [{""name"": ""Chất liệu"", ""value"": ""Vỏ nhựa""}, {""name"": ""Trọng lượng"", ""value"": ""1.8 kg""}], ""Tiện ích khác"": [{""name"": ""Tính năng đặc biệt"", ""value"": ""Bảo mật vân tay""}], ""Tính năng khác"": [{""name"": ""Loại đèn bàn phím"", ""value"": ""Không""}, {""name"": ""Bảo mật"", ""value"": ""Mở khóa vân tay\nMật khẩu""}, {""name"": ""Hệ điều hành"", ""value"": ""Windows 10""}], ""Thông số khác"": [{""name"": ""Hãng sản xuất"", ""value"": ""ASUS""}], ""Pin & công nghệ sạc"": [{""name"": ""Pin"", ""value"": ""Lithium-ion 3 Cell""}]}","[""https://cdn2.cellphones.com.vn/x/media/catalog/product/1/_/1_220_4.png"", ""https://cdn2.cellphones.com.vn/x/media/catalog/product/2/_/2_197.png"", ""https://cdn2.cellphones.com.vn/x/media/catalog/product/3/_/3_177_2.png""]",{}
Laptop ASUS Flip BR1100FKA-BP0660T,laptop-asus-vivobook-a415ea-eb1750w-52663,N/A,N/A,,"{""Bộ xử lý & Đồ họa"": [{""name"": ""Loại card đồ họa"", ""value"": ""Intel UHD Graphics""}, {""name"": ""Loại CPU"", ""value"": ""Intel Pentium N6000""}], ""Bộ nhớ RAM, Ổ cứng"": [{""name"": ""Dung lượng RAM"", ""value"": ""4GB""}, {""name"": ""Loại RAM"", ""value"": ""DDR4, 3200 MHz""}, {""name"": ""Ổ cứng"", ""value"": ""eMMC 128GB SSD""}], ""Màn hình"": [{""name"": ""Chất liệu tấm nền"", ""value"": ""Tấm nền IPS""}, {""name"": ""Kích thước màn hình"", ""value"": ""11.6 inches""}, {""name"": ""Công nghệ màn hình"", ""value"": ""IPS, 60 Hz, 250 nits, Anti-glare LED-backlit, 45% NTSC""}, {""name"": ""Độ phân giải màn hình"", ""value"": ""1366 x 768 pixels (HD+)""}], ""Âm thanh"": [{""name"": ""Công nghệ âm thanh"", ""value"": ""Asus SonicMaster stereo""}], ""Kích thước & Trọng lượng"": [{""name"": ""Chất liệu"", ""value"": ""Vỏ nhựa""}, {""name"": ""Kích thước"", ""value"": ""296.9 x 204.7 x 20 mm""}, {""name"": ""Trọng lượng"", ""value"": ""1.4 kg""}], ""Tiện ích khác"": [{""name"": ""Tính năng đặc biệt"", ""value"": ""Màn hình cảm ứng, Xoay gập 360 độ (2 in 1)""}], ""Tính năng khác"": [{""name"": ""Loại đèn bàn phím"", ""value"": ""Không""}, {""name"": ""Hệ điều hành"", ""value"": ""Windows 10 Home""}], ""Thông số khác"": [{""name"": ""Hãng sản xuất"", ""value"": ""ASUS""}], ""Pin & công nghệ sạc"": [{""name"": ""Pin"", ""value"": ""3 Cell 45 W Lithium-ion""}], ""Cổng kết nối"": [{""name"": ""Wi-Fi"", ""value"": ""802.11 ax""}, {""name"": ""Bluetooth"", ""value"": ""v5.0""}, {""name"": ""Cổng giao tiếp"", ""value"": ""1 DC-in jack\n1 HDMI\n1 Jack 3.5 mm\n1 Type C\n1 USB 3.0""}]}","[""https://cdn2.cellphones.com.vn/x/media/catalog/product/2/_/2_255.png"", ""https://cdn2.cellphones.com.vn/x/media/catalog/product/4/_/4_222.png"", ""https://cdn2.cellphones.com.vn/x/media/catalog/product/5/_/5_204.png""]",{}
Laptop ASUS Vivobook A415EA-EB1750W,laptop-asus-flip-br1100fka-bp0531t,N/A,N/A,,"{""Bộ xử lý & Đồ họa"": [{""name"": ""Loại card đồ họa"", ""value"": ""Intel UHD Graphics""}, {""name"": ""Loại CPU"", ""value"": ""Intel Core i3-1125G4 thế hệ thứ 11""}], ""Bộ nhớ RAM, Ổ cứng"": [{""name"": ""Dung lượng RAM"", ""value"": ""8GB""}, {""name"": ""Loại RAM"", ""value"": ""DDR4""}, {""name"": ""Ổ cứng"", ""value"": ""256GB SSD""}], ""Màn hình"": [{""name"": ""Chất liệu tấm nền"", ""value"": ""Tấm nền IPS""}, {""name"": ""Kích thước màn hình"", ""value"": ""14 inches""}, {""name"": ""Công nghệ màn hình"", ""value"": ""Full HD IPS không cảm ứng""}, {""name"": ""Độ phân giải màn hình"", ""value"": ""1920 x 1080 pixels (FullHD)""}], ""Kích thước & Trọng lượng"": [{""name"": ""Chất liệu"", ""value"": ""Vỏ kim loại""}, {""name"": ""Kích thước"", ""value"": ""32.4 x 21.5 x 1.79 cm""}, {""name"": ""Trọng lượng"", ""value"": ""1.4 kg""}], ""Tiện ích khác"": [{""name"": ""Tính năng đặc biệt"", ""value"": ""Wi-Fi 6, Bảo mật vân tay""}], ""Tính năng khác"": [{""name"": ""Loại đèn bàn phím"", ""value"": ""Không đèn""}, {""name"": ""Bảo mật"", ""value"": ""Bảo mật vân tay""}, {""name"": ""Webcam"", ""value"": ""HD webcam""}, {""name"": ""Hệ điều hành"", ""value"": ""Windows 11 Home""}], ""Thông số khác"": [{""name"": ""Hãng sản xuất"", ""value"": ""ASUS""}], ""Pin & công nghệ sạc"": [{""name"": ""Pin"", ""value"": ""3 cell 42 Wh""}], ""Cổng kết nối"": [{""name"": ""Wi-Fi"", ""value"": ""802.11ax (Wifi 6)""}, {""name"": ""Bluetooth"", ""value"": ""v5.0""}, {""name"": ""Cổng giao tiếp"", ""value"": ""1 x HDMI\n1 x USB 3.2 Type C\n3 x USB 2.0\n1 x micro SD card slot""}]}","[""https://cdn2.cellphones.com.vn/x/media/catalog/product/1/_/1_276_1.png"", ""https://cdn2.cellphones.com.vn/x/media/catalog/product/2/_/2_252.png"", ""https://cdn2.cellphones.com.vn/x/media/catalog/product/4/_/4_219.png""]",{}
Laptop ASUS Flip BR1100FKA-BP0531T,laptop-asus-vivobook-a415ea-eb556t,N/A,N/A,,"{""Bộ xử lý & Đồ họa"": [{""name"": ""Loại card đồ họa"", ""value"": ""Intel UHD Graphics""}, {""name"": ""Loại CPU"", ""value"": ""Intel Celeron N4500""}], ""Bộ nhớ RAM, Ổ cứng"": [{""name"": ""Dung lượng RAM"", ""value"": ""4GB""}, {""name"": ""Loại RAM"", ""value"": ""DDR4""}, {""name"": ""Ổ cứng"", ""value"": ""eMMC 128 GB""}], ""Màn hình"": [{""name"": ""Chất liệu tấm nền"", ""value"": ""Tấm nền IPS""}, {""name"": ""Kích thước màn hình"", ""value"": ""11.6 inches""}, {""name"": ""Công nghệ màn hình"", ""value"": ""Anti-glare LED-backlit""}, {""name"": ""Độ phân giải màn hình"", ""value"": ""1920 x 1080 pixels (FullHD)""}], ""Âm thanh"": [{""name"": ""Công nghệ âm thanh"", ""value"": ""Asus SonicMaster stereo""}], ""Cổng kết nối"": [{""name"": ""Khe đọc thẻ nhớ"", ""value"": ""Không""}, {""name"": ""Wi-Fi"", ""value"": ""802.11 ax""}, {""name"": ""Bluetooth"", ""value"": ""v5.0""}, {""name"": ""Cổng giao tiếp"", ""value"": ""1 DC-in jack\n1 HDMI\n1 Jack 3.5 mm\n1 Type C\n1 USB 2.0\n1 USB 3.0\n1 VGA""}], ""Kích thước & Trọng lượng"": [{""name"": ""Chất liệu"", ""value"": ""Vỏ nhựa""}, {""name"": ""Kích thước"", ""value"": ""296.9 x 204.7 x 20 mm""}, {""name"": ""Trọng lượng"", ""value"": ""1.35 kg""}], ""Tiện ích khác"": [{""name"": ""Tính năng đặc biệt"", ""value"": ""Màn hình cảm ứng, Xoay gập 360 độ (2 in 1)""}], ""Tính năng khác"": [{""name"": ""Loại đèn bàn phím"", ""value"": ""Không""}, {""name"": ""Hệ điều hành"", ""value"": ""Windows 10""}], ""Thông số khác"": [{""name"": ""Hãng sản xuất"", ""value"": ""ASUS""}], ""Pin & công nghệ sạc"": [{""name"": ""Pin"", ""value"": ""Lithium-ion 3 Cell""}]}","[""https://cdn2.cellphones.com.vn/x/media/catalog/product/1/_/1_220_3.png"", ""https://cdn2.cellphones.com.vn/x/media/catalog/product/2/_/2_196_1.png"", ""https://cdn2.cellphones.com.vn/x/media/catalog/product/3/_/3_177_1.png""]",{}
Laptop ASUS Vivobook A415EA-EB556T,laptop-asus-vivobook-14-x409ma,N/A,N/A,,"{""Bộ xử lý & Đồ họa"": [{""name"": ""Loại card đồ họa"", ""value"": ""Intel UHD Graphics""}, {""name"": ""Loại CPU"", ""value"": ""Intel Core i3 1115G4""}], ""Bộ nhớ RAM, Ổ cứng"": [{""name"": ""Dung lượng RAM"", ""value"": ""8GB""}, {""name"": ""Loại RAM"", ""value"": ""DDR4""}, {""name"": ""Ổ cứng"", ""value"": ""SSD 512GB""}], ""Màn hình"": [{""name"": ""Chất liệu tấm nền"", ""value"": ""Tấm nền IPS""}, {""name"": ""Kích thước màn hình"", ""value"": ""14 inches""}, {""name"": ""Công nghệ màn hình"", ""value"": ""Anti-glare LED-backlit, 60 Hz IPS, 45% NTSC 250 nits""}, {""name"": ""Độ phân giải màn hình"", ""value"": ""1920 x 1200 pixels (FullHD+)""}], ""Âm thanh"": [{""name"": ""Công nghệ âm thanh"", ""value"": ""Harman Kardon speakers""}], ""Kích thước & Trọng lượng"": [{""name"": ""Chất liệu"", ""value"": ""Vỏ nhựa""}, {""name"": ""Kích thước"", ""value"": ""1.4 kg""}, {""name"": ""Trọng lượng"", ""value"": ""324 x 216 x 17.9 mm""}], ""Tính năng khác"": [{""name"": ""Loại đèn bàn phím"", ""value"": ""Không""}, {""name"": ""Webcam"", ""value"": ""HD Webcam (720p Webcam)""}, {""name"": ""Hệ điều hành"", ""value"": ""Windows 10 Home""}], ""Thông số khác"": [{""name"": ""Hãng sản xuất"", ""value"": ""ASUS""}], ""Pin & công nghệ sạc"": [{""name"": ""Pin"", ""value"": ""3 Cell Lithium-ion""}], ""Cổng kết nối"": [{""name"": ""Wi-Fi"", ""value"": ""802.11 ax""}, {""name"": ""Bluetooth"", ""value"": ""v5.0""}, {""name"": ""Cổng giao tiếp"", ""value"": ""1 HDMI\n1 Jack 3.5 mm\n1 Type C\n2 USB 2.0""}]}","[""https://cdn2.cellphones.com.vn/x/media/catalog/product/1/_/1_274_3.png"", ""https://cdn2.cellphones.com.vn/x/media/catalog/product/2/_/2_250.png"", ""https://cdn2.cellphones.com.vn/x/media/catalog/product/4/_/4_217.png""]",{}
Laptop ASUS VivoBook 14 X409MA-BV260T,laptop-asus-gaming-rog-zephyrus-g15-ryzen-9-ram-16gb-240hz,N/A,N/A,"Nội dung chính
1. Laptop ASUS Vivobook 14 X409MA - Laptop sinh viên với hiệu năng mạnh mẽ
1.1. Kích thước nhỏ gọn & hình dáng thanh lịch, màn hình 14 inch HD đáp ứng đủ nhu cầu
1.2. Vi xử lý Intel Pentium Silver N5030, 4 GB RAM + 256 GB SSD cho hiệu năng tốt
1.3. Tích hợp sẵn Windows 10 64-bit cùng tính năng bảo mật vân tay hiện đại
1.4. Âm thanh sống động với ASUS SonicMaster, thời lượng pin ấn tượng kèm sạc nhanh
2. Mua laptop ASUS VivoBook X409MA chính hãng với giá tốt tại CellphoneS
Laptop ASUS Vivobook 14 X409MA - Laptop sinh viên với hiệu năng mạnh mẽ
Với những người dùng mong muốn chiếc laptop giá phổ thông với cấu hình tốt, laptop ASUS VivoBook X409MA chính là sản phẩm hoàn hảo. Trang bị chip xử lý Intel Pentium N5030, 256 GB lưu trữ cùng màn hình 14 inch FHD, ASUS VivoBook 14 sẽ luôn bên bạn cho mọi công việc.
Kích thước nhỏ gọn & hình dáng thanh lịch, màn hình 14 inch HD đáp ứng đủ nhu cầu
Laptop ASUS VivoBook 14 X409MA là một chiếc laptop hoàn hảo cho học sinh, sinh viên nhờ thiết kế thanh lịch & sang trọng, cùng kích thước nhỏ gọn và trọng lượng chỉ 1.5kg cho phép người dùng mang theo tiện lợi bất cứ lúc nào.
Lớp vỏ màu bạc tinh tế cũng góp phần tạo cảm giác sang trọng cho một chiếc laptop phổ thông.
Laptop ASUS VivoBook 14 X409MA trang bị màn hình có kích thước 14 inch đảm bảo người dùng làm việc & học tập một cách thoải mái với hình ảnh sắc nét.
Ngoài ra, ASUS còn mang lên laptop VivoBook14 X409MA công nghệ NanoEdge viền siêu mỏng giúp tăng tỷ lệ hiển thị của màn hình và công nghệ chống chói, tạo nên trải nghiệm hình ảnh chân thực & sống động.
>>> Khám phá thêm chiếc Laptop ASUS VivoBook 14 A415EA ấn tượng độc đáo mà bạn không nên bỏ qua.
Vi xử lý Intel Pentium Silver N5030, 4 GB RAM + 256 GB SSD cho hiệu năng tốt
Để đáp ứng những công việc đơn giản như soạn thảo văn bản, thiết lập bảng tính, làm slide trình chiếu hoặc lướt web, ASUS VivoBook 14 X409MA được trang bị bên trong bộ vi xử lý Intel Pentium Silver N5030 4 lõi với tần số 1.1 GHz ~ 3.1 GHz.
Với chip Pentium N5030, người dùng có thể học tập và làm việc mượt mà trên laptop mà không hề bị giật lag. Pentium N5030 còn cho phép người dùng làm việc đa nhiệm và giải trí với những tựa game cơ bản sau những giờ làm việc căng thẳng.
Bên trong laptop VivoBook 14 X409MA còn được lắp thanh RAM DDR4 2666MHz dung lượng 4 GB, và ổ cứng SSD dung lượng 256 GB góp phần tăng tốc độ xử lý của hệ thống, giúp nâng cao hiệu suất công việc.
Ngoài ra VivoBook 14 X409MA còn sử dụng công nghệ WiFi 802.11 giúp máy kết nối tín hiệu internet với tốc độ vững chắc.
Tích hợp sẵn Windows 10 64-bit cùng tính năng bảo mật vân tay hiện đại
Đi kèm bên trong laptop ASUS VivoBook 14 X409MA là hệ điều hành Windows 10 Home SL 64-bit. Với Windows 10 64-bit, người dùng sẽ được tiếp cận không chỉ bộ phần mềm Microsoft Office giúp ích cho công việc, mà còn cả nhiều tính năng bổ trợ hữu ích khác chỉ có trên Windows 10.
ASUS VivoBook 14 X409MA còn được trang bị tính năng bảo mật vân tay hiện đại - một tính năng hiếm thấy ở các dòng laptop phổ thông. Kết hợp với Windows Hello, người dùng chỉ cần chạm ngón tay vào vùng quét và máy tính sẽ tự đăng nhập một cách nhanh chóng.
Âm thanh sống động với ASUS SonicMaster, thời lượng pin ấn tượng kèm sạc nhanh
Nếu bạn mong muốn âm thanh sống động cho những bài hát hoặc bộ phim ưa thích, ASUS VivoBook 14 X409MA hoàn toàn đáp ứng tốt nhu cầu ấy thông qua công nghệ ASUS SonicMaster.
Sử dụng SonicMaster, người dùng có thể tùy chỉnh âm thanh theo tác vụ, lọc tiếng ồn và giữ lại âm thanh trong trẻo nhất, giúp tạo nên trải nghiệm giải trí & thư giãn khó quên trên laptop.
Trang bị bên trong ASUS VivoBook 14 X409MA còn là viên pin 2 cell 32Wh mang đến thời lượng sử dụng gần 6 giờ liên tục. Kèm với đó là công nghệ sạc nhanh ASUS sẽ đảm bảo laptop có được 60% pin chỉ với 49 phút sạc.
Mua laptop ASUS VivoBook X409MA chính hãng với giá tốt tại CellphoneS
Các bạn học sinh, sinh viên có nhu cầu trang bị laptop học tập giá rẻ hãy đến với CellphoneS và sắm ngay laptop ASUS Vivobook 14 X409MA chính hãng. Hệ thống CellphoneS phân phối các thiết bị laptop, smartphone, máy tính bảng cùng loạt phụ kiện chính hãng với giá hấp dẫn.
Ngoài ra, bạn còn có cơ hội tham gia những khuyến mãi và ưu đãi chỉ dành cho khách hàng mua sắm tại CellphoneS. Để tham khảo thêm thông tin, bạn hãy liên hệ ngay tổng đài 1800.2097 để được tư vấn viên hỗ trợ.","{""Bộ xử lý & Đồ họa"": [{""name"": ""Loại card đồ họa"", ""value"": ""Intel UHD Graphics 605""}, {""name"": ""Loại CPU"", ""value"": ""Intel Pentium Silver N5030 Processor (4 x 1.10 GHz)""}], ""Bộ nhớ RAM, Ổ cứng"": [{""name"": ""Ổ cứng"", ""value"": ""256GB SSD PCIe (M.2 2280)""}], ""Màn hình"": [{""name"": ""Kích thước màn hình"", ""value"": ""14 inches""}, {""name"": ""Công nghệ màn hình"", ""value"": ""14.0\"" inch (16:9) LED-backlit HD (1366 x 768) 60Hz, Anti-glare""}, {""name"": ""Độ phân giải màn hình"", ""value"": ""1920 x 1080 pixels (FullHD)""}], ""Pin & công nghệ sạc"": [{""name"": ""Pin"", ""value"": ""Battery Type 2 Cell Int (32Wh)""}], ""Tính năng khác"": [{""name"": ""Hệ điều hành"", ""value"": ""Windows 10 Home SL""}], ""Kích thước & Trọng lượng"": [{""name"": ""Kích thước"", ""value"": ""32.5 x 21.6 x 2.29 cm (W x D x H)""}, {""name"": ""Trọng lượng"", ""value"": ""1.413 kg""}], ""Cổng kết nối"": [{""name"": ""Wi-Fi"", ""value"": ""802.11 ac""}, {""name"": ""Bluetooth"", ""value"": ""Bluetooth 5.0""}, {""name"": ""Cổng giao tiếp"", ""value"": ""2 x USB 3.1 Gen 1 ; 1 x USB 2.0 ; 1 x HDMI ; 1 x RJ45 ; 1 x Microphone-in/Headphone-out combo jack ; 1 x SATA31 x USB 3.1 Gen 1 Type-C ; 1 x USB 3.1 Gen 1 Type-A ; 2 x USB 2.0 ; 1 x HDMI ; 1 x Headphone/Microphone combo jack ; 1 x SATA3 (no cable)""}], ""Loại máy & Chức năng"": [{""name"": ""Loại máy"", ""value"": ""In Laser đen trắng""}]}","[""https://cdn2.cellphones.com.vn/x/media/catalog/product/l/a/laptop_asus_x409ma-bv260t_2__1.jpg"", ""https://cdn2.cellphones.com.vn/x/media/catalog/product/l/a/laptop_asus_x409ma-bv260t_5__1.jpg"", ""https://cdn2.cellphones.com.vn/x/media/catalog/product/l/a/laptop_asus_x409ma-bv260t_6__1.jpg""]",{}
Laptop ASUS Gaming ROG Zephyrus G15 GA502IV-AZ079T,laptop-asus-vivobook-a515ep-bq194t,39.990.000đ,35.490.000đ,"Laptop ASUS ROG Zephyrus G15 GA502IV-AZ079T thiết kế siêu mỏng, nhỏ gọn nhưng vẫn đảm bảo mang đến một trải nghiệm mượt mà cho người dùng. Với cấu hình mạnh mẽ cùng công nghệ làm mát thông minh, chiếc máy giúp cho quá trình chinh phục các tựa game nặng trở nên dễ dàng hơn.
Cùng khám phá thêm mẫu Laptop ASUS Gaming ROG Zephyrus Duo 15 SE GX551QS-HF103T hoạt động mạnh mẽ cùng card đồ họa ấn tượng","{""Bộ xử lý & Đồ họa"": [{""name"": ""Loại card đồ họa"", ""value"": ""NVIDIA GeForce RTX™ 2060 6GB GDDR6 with Max-Q Design (ROG Boost)""}, {""name"": ""Loại CPU"", ""value"": ""AMD Ryzen 9 4900HS 3.0GHz up to 4.3GHz 12MB""}], ""Bộ nhớ RAM, Ổ cứng"": [{""name"": ""Dung lượng RAM"", ""value"": ""16GB""}, {""name"": ""Ổ cứng"", ""value"": ""512GB SSD PCIE G3X4""}], ""Cổng kết nối"": [{""name"": ""Khe đọc thẻ nhớ"", ""value"": ""Có""}, {""name"": ""Wi-Fi"", ""value"": ""Intel Wi-Fi 6 with Gig+ performance (802.11AX) (2*2 AX)""}, {""name"": ""Bluetooth"", ""value"": ""v5.0""}, {""name"": ""Cổng giao tiếp"", ""value"": ""3x USB 3.2, 1x USB 3.2 Type-C with DisplayPort, HDMI, RJ-45""}], ""Tiện ích khác"": [{""name"": ""Tính năng đặc biệt"", ""value"": ""Viền màn hình siêu mỏng, Wi-Fi 6""}], ""Màn hình"": [{""name"": ""Kích thước màn hình"", ""value"": ""15.6 inches""}, {""name"": ""Công nghệ màn hình"", ""value"": ""15.6\"" FHD (1920 x 1080) Non-Glare, IPS, 240Hz, 3ms, 72% NTSC, 100% sRGB, Pantone Validated, adaptive sync""}, {""name"": ""Độ phân giải màn hình"", ""value"": ""1920 x 1080 pixels (FullHD)""}], ""Pin & công nghệ sạc"": [{""name"": ""Pin"", ""value"": ""4 Cell 76WHr""}], ""Tính năng khác"": [{""name"": ""Hệ điều hành"", ""value"": ""Windows 10 Home 64""}], ""Kích thước & Trọng lượng"": [{""name"": ""Kích thước"", ""value"": ""36 x 25.2 x 1.99 ~ 1.99 cm""}, {""name"": ""Trọng lượng"", ""value"": ""2.1 kg""}], ""Loại máy & Chức năng"": [{""name"": ""Loại máy"", ""value"": ""In Laser đen trắng""}], ""Tiện ích"": [{""name"": ""Tính năng khác"", ""value"": ""2x1W Speakers with Smart AMP Technology""}]}","[""https://cdn2.cellphones.com.vn/x/media/catalog/product/l/a/laptop-asus-gaming-rog-zephyrus-g15-ryzen-9-ram-16gb-240hz_1_.jpg"", ""https://cdn2.cellphones.com.vn/x/media/catalog/product/l/a/laptop-asus-gaming-rog-zephyrus-g15-ryzen-9-ram-16gb-240hz_4_.jpg"", ""https://cdn2.cellphones.com.vn/x/media/catalog/product/l/a/laptop-asus-gaming-rog-zephyrus-g15-ryzen-9-ram-16gb-240hz_3_.jpg""]",{}
Laptop Asus VivoBook A515EP-BQ194T,laptop-asus-gaming-fa506ic-hn024t,N/A,N/A,,"{""Bộ xử lý & Đồ họa"": [{""name"": ""Loại card đồ họa"", ""value"": ""NVIDIA GeForce MX330, 2 GB""}, {""name"": ""Loại CPU"", ""value"": ""Intel Core i5 Tiger Lake - 1135G7""}], ""Bộ nhớ RAM, Ổ cứng"": [{""name"": ""Dung lượng RAM"", ""value"": ""8GB""}, {""name"": ""Ổ cứng"", ""value"": ""512 GB SSD NVMe PCIe\nHỗ trợ khe cắm HDD SATA""}], ""Màn hình"": [{""name"": ""Chất liệu tấm nền"", ""value"": ""Tấm nền IPS""}, {""name"": ""Kích thước màn hình"", ""value"": ""15.6 inches""}, {""name"": ""Công nghệ màn hình"", ""value"": ""60Hz\nTấm nền IPS\nLED Backlit\neDP Wide View Angle""}, {""name"": ""Độ phân giải màn hình"", ""value"": ""1920 x 1080 pixels (FullHD)""}], ""Âm thanh"": [{""name"": ""Công nghệ âm thanh"", ""value"": ""Audio by Harman/Kardon""}], ""Cổng kết nối"": [{""name"": ""Khe đọc thẻ nhớ"", ""value"": ""Có""}, {""name"": ""Wi-Fi"", ""value"": ""Wi-Fi 6 (802.11ax)""}, {""name"": ""Bluetooth"", ""value"": ""v5.0""}, {""name"": ""Cổng giao tiếp"", ""value"": ""HDMI\nUSB 3.1\n2 x USB 2.0\nUSB Type-C""}], ""Kích thước & Trọng lượng"": [{""name"": ""Chất liệu"", ""value"": ""Vỏ nhựa""}, {""name"": ""Kích thước"", ""value"": ""359 x 235 x 17.9 mm""}, {""name"": ""Trọng lượng"", ""value"": ""1.8 kg""}], ""Tiện ích khác"": [{""name"": ""Tính năng đặc biệt"", ""value"": ""Wi-Fi 6, Bảo mật vân tay""}], ""Tính năng khác"": [{""name"": ""Bảo mật"", ""value"": ""Bảo mật vân tay""}, {""name"": ""Webcam"", ""value"": ""HD webcam""}, {""name"": ""Hệ điều hành"", ""value"": ""Windows 10 Home SL""}], ""Thông số khác"": [{""name"": ""Hãng sản xuất"", ""value"": ""ASUS""}], ""Pin & công nghệ sạc"": [{""name"": ""Pin"", ""value"": ""3-cell Li-ion, 42 Wh""}]}","[""https://cdn2.cellphones.com.vn/x/media/catalog/product/a/s/asus-vivobook-a515ep-i5-bq194t-2-org.jpg"", ""https://cdn2.cellphones.com.vn/x/media/catalog/product/a/s/asus-vivobook-a515ep-i5-bq194t-4-org.jpg"", ""https://cdn2.cellphones.com.vn/x/media/catalog/product/a/s/asus-vivobook-a515ep-i5-bq194t-1-org.jpg""]",{}
Laptop ASUS Gaming FA506IC-HN024T,laptop-asus-vivobook-x515ea-br2044w,N/A,N/A,"Laptop ASUS Gaming FA506IC-HN024T là dòng Asus TUF mạnh mẽ, hiệu năng vượt trội góp phần mang đến trải nghiệm chơi game hoàn hảo cho bạn. Bên cạnh đó, dòng laptop này còn mang đến một thiết kế nổi bật, tinh tế góp phần gia tăng trải nghiệm chơi game vượt trội cho bạn.
Chiếc máy Asus TUF A15 này được trang bị màn hình với kích thước rộng, góp phần hiển thị hình ảnh một cách rõ nét, tạo trải nghiệm ấn tượng và hoàn hảo cho bạn khi giải trí, chơi game. Bên cạnh đó, là chế độ hiển thị hình ảnh sắc nét, góp phần nâng cao quá trình sử dụng cho người dùng.
Nếu bạn đang cần mua một chiếc máy Asus Gaming thì FA506IC-HN024T chính là sự chọn lựa hoàn hảo. Dòng máy này sẽ giúp đảm bảo hiệu quả công việc, vừa góp phần tiết kiệm chi phí tối đa cho bạn.","{""Bộ xử lý & Đồ họa"": [{""name"": ""Loại card đồ họa"", ""value"": ""NVIDIA RTX 3050""}, {""name"": ""Loại CPU"", ""value"": ""Ryzen 7 4800U""}], ""Bộ nhớ RAM, Ổ cứng"": [{""name"": ""Dung lượng RAM"", ""value"": ""4GB""}, {""name"": ""Loại RAM"", ""value"": ""DDR4 SDRAM""}, {""name"": ""Ổ cứng"", ""value"": ""512 GB SSD""}], ""Màn hình"": [{""name"": ""Kích thước màn hình"", ""value"": ""15.6 inches""}, {""name"": ""Độ phân giải màn hình"", ""value"": ""1080 x 1920 pixels (FullHD)""}], ""Tính năng khác"": [{""name"": ""Hệ điều hành"", ""value"": ""Windows 10""}]}","[""https://cdn2.cellphones.com.vn/x/media/catalog/product/6/1/61bx2ixogol._ac_sx679_.jpg""]",{}
Laptop ASUS Vivobook X515EA-BR2044W,laptop-asus-x509fa-871t,N/A,N/A,,"{""Bộ xử lý & Đồ họa"": [{""name"": ""Loại card đồ họa"", ""value"": ""Intel UHD Graphics""}, {""name"": ""Loại CPU"", ""value"": ""Intel Core i3 Tiger Lake - 1115G4""}], ""Bộ nhớ RAM, Ổ cứng"": [{""name"": ""Dung lượng RAM"", ""value"": ""8GB""}, {""name"": ""Loại RAM"", ""value"": ""DDR4 3200 MHz, hỗ trợ RAM tối đa 24GB""}, {""name"": ""Ổ cứng"", ""value"": ""SSD 512GB""}], ""Màn hình"": [{""name"": ""Chất liệu tấm nền"", ""value"": ""Tấm nền IPS""}, {""name"": ""Kích thước màn hình"", ""value"": ""15.6 inches""}, {""name"": ""Công nghệ màn hình"", ""value"": ""Tấm nền IPS\nChống chói Anti Glare\nLED Backlit\n250 nits\n60Hz""}, {""name"": ""Độ phân giải màn hình"", ""value"": ""1920 x 1080 pixels (FullHD)""}], ""Âm thanh"": [{""name"": ""Công nghệ âm thanh"", ""value"": ""Sonic Master audio""}], ""Kích thước & Trọng lượng"": [{""name"": ""Chất liệu"", ""value"": ""Vỏ nhựa""}, {""name"": ""Kích thước"", ""value"": ""Dài 360 mm - Rộng 235 mm - Dày 19.9 mm""}, {""name"": ""Trọng lượng"", ""value"": ""1.8 kg""}], ""Tiện ích khác"": [{""name"": ""Tính năng đặc biệt"", ""value"": ""Bảo mật vân tay""}], ""Tính năng khác"": [{""name"": ""Loại đèn bàn phím"", ""value"": ""Không""}, {""name"": ""Bảo mật"", ""value"": ""Bảo mật vân tay""}, {""name"": ""Webcam"", ""value"": ""VGA Webcam""}, {""name"": ""Hệ điều hành"", ""value"": ""Windows 11 Home SL""}], ""Thông số khác"": [{""name"": ""Hãng sản xuất"", ""value"": ""ASUS""}], ""Pin & công nghệ sạc"": [{""name"": ""Pin"", ""value"": ""2-cell Li-ion, 37 Wh""}], ""Cổng kết nối"": [{""name"": ""Wi-Fi"", ""value"": ""Wi-Fi 802.11 a/b/g/n/ac""}, {""name"": ""Bluetooth"", ""value"": ""v4.1""}, {""name"": ""Cổng giao tiếp"", ""value"": ""1 x USB 3.2\nJack tai nghe 3.5 mm\nHDMI\n2 x USB 2.0\nUSB Type-C""}]}","[""https://cdn2.cellphones.com.vn/x/media/catalog/product/2/_/2_330.png"", ""https://cdn2.cellphones.com.vn/x/media/catalog/product/1/_/1_351.png"", ""https://cdn2.cellphones.com.vn/x/media/catalog/product/3/_/3_298.png""]",{}
Laptop Asus Vivobook X509FA EJ871T,laptop-asus-vivobook-14-a415ep,N/A,N/A,"Laptop Asus Vivobook X509FA mang đến một thiết kế đơn giản những vẫn toát lên được nét đẹp sang trọng, cao cấp. Cùng với đó là màn hình rộng rãi giúp hiển thị chi tiết hình ảnh sắc nét, ấn tượng, tạo nên trải nghiệm vượt trội cho người dùng trong suốt quá trình sử dụng.
Laptop Asus Vivobook X509FA i3 không chỉ có thiết kế bắt mắt mà còn có hiệu năng ổn định. Góp phần đáp ứng đầy đủ nhu cầu sử dụng của người dùng, đảm bảo xử lý các tác vụ một cách nhanh chóng, mượt mà.
Tham khảo thêm: Laptop Asus X407MA mang thiết kế mỏng nhẹ, cấu hình mượt mà","{""Bộ xử lý & Đồ họa"": [{""name"": ""Loại card đồ họa"", ""value"": ""Card tích hợp\nIntel UHD 620""}, {""name"": ""Loại CPU"", ""value"": ""8145U\nIntel Core i3""}], ""Bộ nhớ RAM, Ổ cứng"": [{""name"": ""Dung lượng RAM"", ""value"": ""4GB""}, {""name"": ""Loại RAM"", ""value"": ""DDR4 SDRAM 2400Mhz""}, {""name"": ""Ổ cứng"", ""value"": ""SSD 512GB""}], ""Âm thanh"": [{""name"": ""Công nghệ âm thanh"", ""value"": ""Sonic Master""}], ""Cổng kết nối"": [{""name"": ""Khe đọc thẻ nhớ"", ""value"": ""Có""}, {""name"": ""Wi-Fi"", ""value"": ""802.11ac""}, {""name"": ""Bluetooth"", ""value"": ""v4.1""}, {""name"": ""Cổng giao tiếp"", ""value"": ""2 x USB 2.0, 1 x HDMI""}], ""Kích thước & Trọng lượng"": [{""name"": ""Chất liệu"", ""value"": ""Vỏ nhựa""}, {""name"": ""Kích thước"", ""value"": ""36.0 x 23.5 x 2.29 ~ 2.29 cm""}, {""name"": ""Trọng lượng"", ""value"": ""1.9 kg""}], ""Tiện ích khác"": [{""name"": ""Tính năng đặc biệt"", ""value"": ""Bảo mật vân tay""}], ""Tính năng khác"": [{""name"": ""Bảo mật"", ""value"": ""Bảo mật vân tay""}, {""name"": ""Webcam"", ""value"": ""Không""}, {""name"": ""Hệ điều hành"", ""value"": ""Windows 10 Home""}], ""Thông số khác"": [{""name"": ""Hãng sản xuất"", ""value"": ""ASUS""}], ""Màn hình"": [{""name"": ""Kích thước màn hình"", ""value"": ""15.6 inches""}, {""name"": ""Công nghệ màn hình"", ""value"": ""60Hz\nTấm nền TN\nChống chói Anti-Glare""}, {""name"": ""Độ phân giải màn hình"", ""value"": ""1920 x 1080 pixels (FullHD)""}], ""Pin & công nghệ sạc"": [{""name"": ""Pin"", ""value"": ""2 cell""}]}","[""https://cdn2.cellphones.com.vn/x/media/catalog/product/l/a/lap_n_troi.png"", ""https://cdn2.cellphones.com.vn/x/media/catalog/product/1/2/123.png"", ""https://cdn2.cellphones.com.vn/x/media/catalog/product/1/2/122_1__2.png""]",{}
Laptop ASUS VivoBook A415EP-EB116T,laptop-asus-vivobook-slate-t3300ka-lq038w-43409,18.390.000đ,17.790.000đ,"Laptop Asus Vivobook A415EP chiếc laptop văn phòng mang một thiết kế thời thượng cùng hiệu năng hoạt động vô cùng ấn tượng, hiệu quả. Được thiết kế với một không gian lưu trữ lớn cùng tốc độ xử lý nhanh chóng, chiếc máy mang lại những trải nghiệm công việc vô cùng ổn định, hiệu quả.
Đây là dòng laptop Asus Vivobook chất lượng, được nhiều người dùng yêu thích và đánh giá cao, luôn mang đến những trải nghiệm vượt trội cho người dùng. Để biết chất lượng của máy Asus Vivobook A415EB thế nào, bạn hãy đến ngay CellphoneS để trải nghiệm nhé!
Bạn cũng có thể tìm hiểu thêm mẫu Asus Vivobook A412DA giá rẻ, chính hãng. Một trong các thế hệ laptop mới, mang đến nhiều tính năng ưu Việt vượt trội.","{""Bộ xử lý & Đồ họa"": [{""name"": ""Loại card đồ họa"", ""value"": ""NVIDIA® GeForce® MX330 2GB GDDR5""}, {""name"": ""Loại CPU"", ""value"": ""Intel® Core I5-1135G7, upto 4.20GHz, 4 cores 8 threads, 8MB Cache""}], ""Bộ nhớ RAM, Ổ cứng"": [{""name"": ""Ổ cứng"", ""value"": ""512GB PCIe® Gen3 x2 SSD M.2""}], ""Màn hình"": [{""name"": ""Kích thước màn hình"", ""value"": ""14 inches""}, {""name"": ""Công nghệ màn hình"", ""value"": ""14.0 inch (16:9) Đèn LED nền FHD (1920x1080) 60Hz Chống lóa Tấm nền với 45% NTSC""}, {""name"": ""Độ phân giải màn hình"", ""value"": ""1920 x 1080 pixels (FullHD)""}], ""Pin & công nghệ sạc"": [{""name"": ""Pin"", ""value"": ""3 Cell, 42 Wh""}], ""Tính năng khác"": [{""name"": ""Hệ điều hành"", ""value"": ""Windows 10 Home SL""}], ""Kích thước & Trọng lượng"": [{""name"": ""Kích thước"", ""value"": ""324.9 x 215 x 17.9 mm (WxDxH)""}, {""name"": ""Trọng lượng"", ""value"": ""1.45Kg""}], ""RAM & lưu trữ"": [{""name"": ""Khe cắm thẻ nhớ"", ""value"": ""1 x Thẻ micro SD""}], ""Cổng kết nối"": [{""name"": ""Wi-Fi"", ""value"": ""Tích hợp Wi-Fi 5 (802.11 ac)""}, {""name"": ""Bluetooth"", ""value"": ""Bluetooth® 5.0""}, {""name"": ""Cổng giao tiếp"", ""value"": ""2 cổng USB 2.0, 1 x Kiểu A USB 3.1 (Thế hệ 1), 1 x Kiểu C USB3.0 (USB3.1 thế hệ 1), 1 x HDMI, 1 giắc cắm âm thanh COMBO""}], ""Loại máy & Chức năng"": [{""name"": ""Loại máy"", ""value"": ""In Laser đen trắng""}]}","[""https://cdn2.cellphones.com.vn/x/media/catalog/product/l/a/laptop-asus-vivobook-14-a415ep_5_.jpg"", ""https://cdn2.cellphones.com.vn/x/media/catalog/product/l/a/laptop-asus-vivobook-14-a415ep_4_.jpg"", ""https://cdn2.cellphones.com.vn/x/media/catalog/product/l/a/laptop-asus-vivobook-14-a415ep_2_.jpg""]",{}
Laptop ASUS Vivobook Slate T3300,laptop-asus-vivobook-s530ua-bq072t,17.790.000đ,16.490.000đ,,"{""Bộ xử lý & Đồ họa"": [{""name"": ""Loại card đồ họa"", ""value"": ""Intel UHD Graphics""}, {""name"": ""Loại CPU"", ""value"": ""Intel Pentium Silver N6000""}], ""Bộ nhớ RAM, Ổ cứng"": [{""name"": ""Dung lượng RAM"", ""value"": ""8GB""}, {""name"": ""Loại RAM"", ""value"": ""LPDDR4X""}, {""name"": ""Ổ cứng"", ""value"": ""256GB M.2 NVMe™ PCIe® 3.0 SSD""}], ""Màn hình"": [{""name"": ""Chất liệu tấm nền"", ""value"": ""Tấm nền OLED/AMOLED""}, {""name"": ""Kích thước màn hình"", ""value"": ""13.3 inches""}, {""name"": ""Độ phân giải màn hình"", ""value"": ""1920 x 1080 pixels (FullHD)""}], ""Cổng kết nối"": [{""name"": ""Khe đọc thẻ nhớ"", ""value"": ""Có""}, {""name"": ""Wi-Fi"", ""value"": ""Wi-Fi 6(802.11ax)""}, {""name"": ""Bluetooth"", ""value"": ""v5.2""}, {""name"": ""Cổng giao tiếp"", ""value"": ""2x USB 3.2 Gen 2 Type-C\n1x 3.5mm Combo Audio Jack\n1x Micro SD card reader""}], ""Kích thước & Trọng lượng"": [{""name"": ""Chất liệu"", ""value"": ""Vỏ nhựa""}, {""name"": ""Kích thước"", ""value"": ""30.99 x 19.00 x 0.79 ~ 0.79 cm""}, {""name"": ""Trọng lượng"", ""value"": ""0.78 kg""}], ""Tiện ích khác"": [{""name"": ""Tính năng đặc biệt"", ""value"": ""Wi-Fi 6, Màn hình cảm ứng, Xoay gập 360 độ (2 in 1)""}], ""Tính năng khác"": [{""name"": ""Webcam"", ""value"": ""HD 720p""}, {""name"": ""Hệ điều hành"", ""value"": ""Windows 11 Home SL""}], ""Pin & công nghệ sạc"": [{""name"": ""Pin"", ""value"": ""50WHrs, 3S1P, 3-cell Li-ion""}]}","[""https://cdn2.cellphones.com.vn/x/media/catalog/product/l/a/laptop-asus-vivobook-slate-t3300ka-lq038w-2.jpg"", ""https://cdn2.cellphones.com.vn/x/media/catalog/product/l/a/laptop-asus-vivobook-slate-t3300ka-lq038w-6.jpg"", ""https://cdn2.cellphones.com.vn/x/media/catalog/product/l/a/laptop-asus-vivobook-slate-t3300ka-lq038w-1.jpg""]",{}
Laptop ASUS Vivobook S530UA-BQ072T,laptop-asus-s533ea-bn293t,N/A,N/A,,"{""Bộ xử lý & Đồ họa"": [{""name"": ""Loại card đồ họa"", ""value"": ""Intel UHD Graphics 620""}, {""name"": ""Loại CPU"", ""value"": ""Intel Core i3 8130U""}], ""Bộ nhớ RAM, Ổ cứng"": [{""name"": ""Dung lượng RAM"", ""value"": ""4GB""}, {""name"": ""Loại RAM"", ""value"": ""DDR4""}, {""name"": ""Ổ cứng"", ""value"": ""HDD 1 TB""}], ""Màn hình"": [{""name"": ""Chất liệu tấm nền"", ""value"": ""Tấm nền IPS""}, {""name"": ""Kích thước màn hình"", ""value"": ""15.6 inches""}, {""name"": ""Công nghệ màn hình"", ""value"": ""Anti-glare LED-backlit""}, {""name"": ""Độ phân giải màn hình"", ""value"": ""1920 x 1080 pixels (FullHD)""}], ""Âm thanh"": [{""name"": ""Công nghệ âm thanh"", ""value"": ""Asus SonicMaster stereo""}], ""Cổng kết nối"": [{""name"": ""Khe đọc thẻ nhớ"", ""value"": ""Không""}, {""name"": ""Wi-Fi"", ""value"": ""802.11 a/b/g/n""}, {""name"": ""Bluetooth"", ""value"": ""v4.2""}, {""name"": ""Cổng giao tiếp"", ""value"": ""1 Card reader\n1 DC-in jack\n1 HDMI\n1 Jack 3.5 mm\n1 Type C\n1 USB 3.0\n2 USB 2.0""}], ""Kích thước & Trọng lượng"": [{""name"": ""Chất liệu"", ""value"": ""Vỏ kim loại""}, {""name"": ""Kích thước"", ""value"": ""361 x 243 x 18 mm""}, {""name"": ""Trọng lượng"", ""value"": ""1.8 kg""}], ""Tính năng khác"": [{""name"": ""Loại đèn bàn phím"", ""value"": ""LED""}, {""name"": ""Bảo mật"", ""value"": ""Mật khẩu""}, {""name"": ""Webcam"", ""value"": ""HD Webcam (720p Webcam)""}, {""name"": ""Hệ điều hành"", ""value"": ""Windows 10""}], ""Thông số khác"": [{""name"": ""Hãng sản xuất"", ""value"": ""ASUS""}], ""Pin & công nghệ sạc"": [{""name"": ""Pin"", ""value"": ""Lithium-ion 3 Cell""}]}","[""https://cdn2.cellphones.com.vn/x/media/catalog/product/1/_/1_213_5.png"", ""https://cdn2.cellphones.com.vn/x/media/catalog/product/2/_/2_188.png"", ""https://cdn2.cellphones.com.vn/x/media/catalog/product/3/_/3_171_2.png""]",{}
Laptop ASUS S533EA BN293T,laptop-asus-vivobook-15-x1502va-bq885w,N/A,N/A,,"{""Bộ xử lý & Đồ họa"": [{""name"": ""Loại card đồ họa"", ""value"": ""Intel Iris Xe Graphics""}, {""name"": ""Loại CPU"", ""value"": ""Intel Core i5 1135G7""}], ""Bộ nhớ RAM, Ổ cứng"": [{""name"": ""Dung lượng RAM"", ""value"": ""8GB""}, {""name"": ""Loại RAM"", ""value"": ""DDR4, 3200 MHz""}, {""name"": ""Ổ cứng"", ""value"": ""SSD 512GB""}], ""Màn hình"": [{""name"": ""Chất liệu tấm nền"", ""value"": ""Tấm nền IPS""}, {""name"": ""Kích thước màn hình"", ""value"": ""15.6 inches""}, {""name"": ""Công nghệ màn hình"", ""value"": ""IPS, 60 Hz, 300 nits, Anti-glare LED-backlit, 100% sRGB""}, {""name"": ""Độ phân giải màn hình"", ""value"": ""1920 x 1080 pixels (FullHD)""}], ""Âm thanh"": [{""name"": ""Công nghệ âm thanh"", ""value"": ""Asus SonicMaster stereo""}], ""Kích thước & Trọng lượng"": [{""name"": ""Chất liệu"", ""value"": ""Vỏ kim loại""}, {""name"": ""Kích thước"", ""value"": ""359 x 233 x 16.1 mm""}, {""name"": ""Trọng lượng"", ""value"": ""1.8 kg""}], ""Tiện ích khác"": [{""name"": ""Tính năng đặc biệt"", ""value"": """"}], ""Tính năng khác"": [{""name"": ""Loại đèn bàn phím"", ""value"": ""Đèn LED trắng""}, {""name"": ""Webcam"", ""value"": ""HD Webcam (720p Webcam)""}, {""name"": ""Hệ điều hành"", ""value"": ""Windows 10 Home Single Language""}], ""Thông số khác"": [{""name"": ""Hãng sản xuất"", ""value"": ""ASUS""}], ""Pin & công nghệ sạc"": [{""name"": ""Pin"", ""value"": ""3 Cell 65 W Lithium-ion""}], ""Cổng kết nối"": [{""name"": ""Wi-Fi"", ""value"": ""802.11 ax""}, {""name"": ""Bluetooth"", ""value"": ""v5.0""}, {""name"": ""Cổng giao tiếp"", ""value"": ""1 Card reader\n1 DC-in jack\n1 HDMI\n1 Jack 3.5 mm\n1 Thunderbolt\n1 Type C\n1 USB 3.0\n2 USB 2.0""}]}","[""https://cdn2.cellphones.com.vn/x/media/catalog/product/2/_/2_253.png"", ""https://cdn2.cellphones.com.vn/x/media/catalog/product/3/_/3_232.png"", ""https://cdn2.cellphones.com.vn/x/media/catalog/product/1/_/1_277_1.png""]",{}
Laptop ASUS Vivobook 15 X1502VA-BQ885W,laptop-asus-gaming-v16-v3607vh-rp024w,16.990.000đ,16.890.000đ,"Đặc điểm nổi bật
Laptop Asus Vivobook 15 X1502VA-BQ885W được trang bị ổ cứng SSD dung lượng 512GB và bộ vi xử lý Intel Core i5-13420H giúp xử lý tốt tác vụ đa nhiệm. Thiết bị có trọng lượng khoảng 1.7 kg và độ dày chỉ 1.99 cm, thuận tiện khi mang theo bên ngoài. Máy được trang bị màn hình 15.6 inch độ phân giải Full HD tích hợp tấm nền IPS, hỗ trợ hiển thị hình ảnh rõ nét hơn.
Nội dung chính
1. Laptop Asus Vivobook 15 X1502VA-BQ885W - Thiết kế hiện đại và dung lượng pin lớn
1.1. Trang bị dung lượng RAM lớn đến 16GB chuẩn DDR4
1.2. Thiết kế hiện đại và gọn nhẹ
1.3. Đồ họa sống động và CPU Core i5-13420H tân tiến
1.4. Viên pin 42WHrs hỗ trợ cả ngày dài
1.5. Màn hình 15,6 inch sắc nét và mượt mà
1.6. Cổng kết nối đa dạng và âm thanh sống động
2. Mua laptop Asus Vivobook 15 X1502VA-BQ885W chính hãng tại CellphoneS
Laptop Asus Vivobook 15 X1502VA-BQ885W - Thiết kế hiện đại và dung lượng pin lớn
Laptop Asus Vivobook 15 X1502VA-BQ885W là mẫu laptop mang thiết kế hiện đại, đáp ứng đa dạng nhu cầu sử dụng trong học tập, làm việc và giải trí. Sự kết hợp giữa hiệu năng ổn định và tính di động cao giúp laptop Asus Vivobook này trở thành lựa chọn đáng cân nhắc cho người dùng.
Trang bị dung lượng RAM lớn đến 16GB chuẩn DDR4
Máy sở hữu cấu hình mạnh mẽ với RAM 16GB DDR4, hỗ trợ xử lý đa nhiệm mượt mà. Nhờ sự kết hợp này, máy phù hợp cho các tác vụ nặng như dựng phim, thiết kế đồ họa hoặc mở cùng lúc nhiều ứng dụng.
Bên cạnh đó, laptop Asus Vivobook 15 X1502VA-BQ885W có ổ cứng SSD dung lượng 512GB chuẩn M.2 NVMe PCIe 4.0, mang lại tốc độ đọc ghi vượt trội. Máy có tốc độ phản hồi nhanh hơn khi khởi động hệ điều hành, hỗ trợ trải nghiệm mượt mà và ổn định trong mọi môi trường làm việc.
Thiết kế hiện đại và gọn nhẹ
Thiết bị laptop Asus Vivobook i5 có kích thước tổng thể lần lượt là 35.97 x 23.25 x 1.99 cm, mang đến thiết kế cân đối và hiện đại. Phần vỏ ngoài màu bạc tạo cảm giác sang trọng, phù hợp với nhiều không gian làm việc khác nhau. 
Thân máy được chế tác từ nhựa cao cấp, cho cảm giác cầm nắm chắc tay đồng thời giúp trọng lượng tổng thể nhẹ hơn, thuận tiện khi dùng. Khối lượng của laptop Asus Vivobook 15 X1502VA-BQ885W khi bao gồm pin là 1.70 kg, còn khi tháo pin sẽ nhẹ hơn, chỉ còn 1.50 kg. 
Đồ họa sống động và CPU Core i5-13420H tân tiến
Sản phẩm laptop văn phòng được trang bị Intel Core i5-13420H với xung nhịp cơ bản 2.1 GHz và có thể tăng tốc tối đa lên đến 4.6 GHz. Vi xử lý của thiết bị sở hữu 8 lõi và 12 luồng, cùng bộ nhớ đệm 12MB, giúp cải thiện tốc độ phản hồi trong các tác vụ như xử lý văn bản, lướt web hay chỉnh sửa hình ảnh nhẹ.
Laptop Asus Vivobook 15 X1502VA-BQ885W có đồ họa tích hợp Intel HD Graphics hỗ trợ hiển thị mượt mà trên các nền tảng đa phương tiện thông thường. Nhờ sự kết hợp giữa CPU đa nhân và GPU tích hợp, thiết bị đáp ứng được nhu cầu sử dụng trong môi trường làm việc văn phòng hoặc học tập trực tuyến một cách hiệu quả.
Viên pin 42WHrs hỗ trợ cả ngày dài
Thiết bị đi kèm bộ đổi nguồn AC công suất 65W, hỗ trợ dải điện áp vào từ 100 đến 240V ở tần số 50/60Hz, tương thích với nhiều tiêu chuẩn điện lưới hiện hành. Bộ sạc của laptop có đầu ra 19V DC với dòng điện 3.42A, cung cấp năng lượng ổn định cho hệ thống hoạt động hiệu quả. 
Nguồn pin của laptop trang bị dạng Li-ion 3 cell với dung lượng 42WHrs, thiết kế theo cấu trúc 3S1P, cân bằng giữa thời lượng sử dụng và trọng lượng tổng thể. Việc sử dụng công nghệ pin lithium-ion cũng giúp laptop Asus Vivobook 15 X1502VA-BQ885W cải thiện độ bền và giảm hiện tượng chai pin theo thời gian.
Màn hình 15,6 inch sắc nét và mượt mà
Màn hình của sản phẩm có kích thước 15,6 inch, độ phân giải Full HD 1920 x 1080 với tỷ lệ khung hình 16:9, mang đến không gian hiển thị rõ nét và cân đối. Laptop có tấm nền IPS, hỗ trợ góc nhìn rộng và màu sắc ổn định ở nhiều hướng khác nhau.
Công nghệ đèn nền LED hỗ trợ laptop Asus Vivobook 15 X1502VA-BQ885W tối ưu điện năng tiêu thụ và duy trì độ sáng ổn định trong quá trình sử dụng. Tần số quét 60Hz giúp laptop phù hợp với các tác vụ hằng ngày như làm việc văn phòng, giải trí nhẹ và học tập.
Thiết bị có gam màu 45% NTSC đủ dùng cho các nhu cầu cơ bản liên quan đến hình ảnh. Màn hình được phủ lớp chống chói giúp giảm lóa khi làm việc gần nguồn sáng mạnh. Sản phẩm đạt chứng nhận TÜV Rheinland, hỗ trợ giảm ánh sáng xanh, góp phần bảo vệ thị lực khi sử dụng liên tục.
Cổng kết nối đa dạng và âm thanh sống động
Laptop còn có các cổng USB, bao gồm 1 cổng USB 2.0 Type-A với tốc độ truyền tải dữ liệu lên đến 480Mbps. Bên cạnh đó, sản phẩm với 2 cổng USB 3.2 Gen 1 Type-A và 1 cổng USB 3.2 Gen 1 Type-C hỗ trợ công nghệ truyền tải điện năng, với tốc độ dữ liệu lên đến 5Gbps. 
Về âm thanh, laptop được trang bị công nghệ SonicMaster, mang đến trải nghiệm âm thanh rõ ràng và sống động. Các loa tích hợp trên laptop giúp người dùng thưởng thức nhạc, video hoặc tham gia các cuộc gọi trực tuyến với chất lượng âm thanh tốt. 
Mua laptop Asus Vivobook 15 X1502VA-BQ885W chính hãng tại CellphoneS
CellphoneS hiện phân phối laptop Asus Vivobook 15 X1502VA-BQ885W chính hãng với đầy đủ chế độ bảo hành từ nhà sản xuất. Sản phẩm được cam kết nguồn gốc rõ ràng, hỗ trợ khách hàng yên tâm khi sử dụng.
Hệ thống cung cấp đa dạng hình thức thanh toán và giao hàng nhanh trên toàn quốc. Đội ngũ nhân viên sẵn sàng tư vấn chi tiết, giúp chọn lựa cấu hình phù hợp với nhu cầu cá nhân của bản thân.","{""Bộ xử lý & Đồ họa"": [{""name"": ""Loại card đồ họa"", ""value"": ""Intel HD Graphics""}, {""name"": ""Loại CPU"", ""value"": ""Intel Core i5-13420H 2.1 GHz (12MB Cache, up to 4.6 GHz, 8 lõi, 12 luồng)""}], ""Bộ nhớ RAM, Ổ cứng"": [{""name"": ""Dung lượng RAM"", ""value"": ""16GB""}, {""name"": ""Loại RAM"", ""value"": ""DDR4""}, {""name"": ""Số khe ram"", ""value"": ""2 khe (8GB DDR4 on board + 8GB DDR4 SO-DIMM, Có thể nâng cấp; Cần tháo vỏ dưới/trên)""}, {""name"": ""Ổ cứng"", ""value"": ""512GB M.2 NVMe PCIe 4.0 SSD""}], ""Màn hình"": [{""name"": ""Tần số quét"", ""value"": ""60Hz""}, {""name"": ""Chất liệu tấm nền"", ""value"": ""Tấm nền IPS""}, {""name"": ""Kích thước màn hình"", ""value"": ""15.6 inches""}, {""name"": ""Công nghệ màn hình"", ""value"": ""Độ sáng 250nits\nĐộ phủ màu 45% NTSC\nMàn hình chống chói\nTÜV Rheinland-certified""}, {""name"": ""Độ phân giải màn hình"", ""value"": ""1920 x 1080 pixels (FullHD)""}], ""Âm thanh"": [{""name"": ""Công nghệ âm thanh"", ""value"": ""SonicMaster\nLoa tích hợp\nMicrô tích hợp""}], ""Kích thước & Trọng lượng"": [{""name"": ""Chất liệu"", ""value"": ""Vỏ nhựa""}, {""name"": ""Chất liệu vỏ màn hình"", ""value"": ""Nhựa""}, {""name"": ""Chất liệu vỏ trên"", ""value"": ""Nhựa""}, {""name"": ""Chất liệu vỏ dưới"", ""value"": ""Nhựa""}, {""name"": ""Kích thước"", ""value"": ""35.97 x 23.25 x 1.99 ~ 1.99 cm (Dài x Rộng x Dày)""}, {""name"": ""Trọng lượng"", ""value"": ""1.70 kg""}], ""Tiện ích khác"": [{""name"": ""Tính năng đặc biệt"", ""value"": ""Wi-Fi 6""}], ""Tính năng khác"": [{""name"": ""Loại đèn bàn phím"", ""value"": ""Bàn phím Chiclet có phím số""}, {""name"": ""Bảo mật"", ""value"": ""McAfee\nBIOS Booting User Password Protection\nBIOS setup user password\nTrusted Platform Module (Firmware TPM)""}, {""name"": ""Webcam"", ""value"": ""720p HD camera với màn trập""}, {""name"": ""Hệ điều hành"", ""value"": ""Windows 11 Home""}], ""Pin & công nghệ sạc"": [{""name"": ""Pin"", ""value"": ""42WHrs, 3S1P, 3-cell Li-ion""}], ""Cổng kết nối"": [{""name"": ""Wi-Fi"", ""value"": ""Wi-Fi 6E(802.11ax) (Dual band) 1*1""}, {""name"": ""Bluetooth"", ""value"": ""Bluetooth 5.3""}, {""name"": ""Cổng giao tiếp"", ""value"": ""1x USB 2.0 Type-A (480Mbps)\n1x USB 3.2 Gen 1 Type-C hỗ trợ cấp nguồn (5Gbps)\n2x USB 3.2 Gen 1 Type-A (5Gbps)\n1x HDMI 1.4\n1x Giắc cắm âm thanh kết hợp 3.5mm\n1x DC-in""}]}","[""https://cdn2.cellphones.com.vn/x/media/catalog/product/g/r/group_903_1_.png"", ""https://cdn2.cellphones.com.vn/x/media/catalog/product/g/r/group_902.png"", ""https://cdn2.cellphones.com.vn/x/media/catalog/product/l/a/laptop_asus_vivobook_15_x1502va-bq885w_-_3.png""]","{""product_color_1"": {""color"": ""Bạc"", ""image_url"": ""https://cellphones.com.vn/laptop-asus-vivobook-15-x1502va-bq885w.html?product_id=104142"", ""price"": ""16.890.000₫""}}"
Laptop ASUS Gaming V16 V3607VH-RP024W,laptop-asus-tuf-gaming-f16-fx608jh-rv131w,28.990.000đ,25.890.000đ,"Đặc điểm nổi bật
Laptop ASUS Gaming V16 V3607VH-RP024W cung cấp hiệu năng và đồ hoạ ấn tượng khi được trang bị chip Intel Core 5 cùng VGA GeForce RTX 5050 8GB GDDR7. Mẫu laptop ASUS Gaming này còn sở hữu thiết kế tinh xảo cùng bàn phím nổi bật và touchpad siêu lớn. Màn hình 16 inch hỗ trợ tốc độ làm mới 144Hz sẽ phục vụ tốt các nhu cầu giải trí trên laptop.
Nội dung chính
1. Laptop ASUS Gaming V16 V3607VH-RP024W - Đắm chìm trong hiệu năng ấn tượng
1.1. Hiệu năng đột phá, hệ thống làm mát tiên tiến
1.2. Bộ nhớ lớn, hỗ trợ nâng cấp theo nhu cầu thực tế
1.3. Thiết kế tinh xảo và khác biệt
1.4. Màn hình 16 inch tối ưu chất lượng hiển thị
1.5. Thời lượng pin lớn, kết nối ổn định, nhanh chóng
2. Mua laptop ASUS Gaming V16 V3607VH-RP024W giá tốt tại CellphoneS
Laptop ASUS Gaming V16 V3607VH-RP024W - Đắm chìm trong hiệu năng ấn tượng
ASUS Gaming V16 V3607VH-RP024W là thiết bị toàn năng, giúp người dùng có được trải nghiệm tốt trong hoạt động sáng tạo và chơi game. Mẫu laptop ASUS này còn sở hữu thiết kế độc đáo, pha trộn giữa sự sắc sảo, tỉ mi và phong cách tương lai.
Hiệu năng đột phá, hệ thống làm mát tiên tiến
Laptop ASUS Gaming V16 V3607VH-RP024W được trang bị thế hệ chip Intel Core 5 210H với 8 nhân và 12 luồng. Con chip này mang tới khả năng ép xung cơ bản 2.2GHz và ép xung nâng cao ở mức 4.8GHz nhằm giúp laptop xử lý dữ liệu một cách nhẹ nhàng, nhanh chóng.
Ngoài GPU tích hợp Intel Graphics, ASUS Gaming V16 V3607VH-RP024W còn sở hữu card đồ hoạ rời NVIDIA GeForce RTX 5050 (Mã: GN22-X2). Với các công nghệ DLSS và dò tia thế hệ mới, laptop mang tới trải nghiệm hình ảnh chân thực. Bộ nhớ 8GB GDDR7 của VGA giúp laptop thực hiện khối lượng lớn tác vụ đồ hoạ mà không xảy ra giật lag.
Để đảm bảo được khả năng vận hành ổn định, ASUS còn trang bị thêm cho mẫu laptop gaming này hệ thống tản nhiệt IceCool bao gồm 2 quạt, 2 ống dẫn nhiệt và 2 khe. Quạt làm mát của laptop được thiết kế gồm 79 cánh và chế tạo từ chất liệu LCP siêu mỏng. Điều này giúp quạt giảm thiết độ rung để có độ ồn dưới 40dBA ở chế độ tiêu chuẩn.
Bộ nhớ lớn, hỗ trợ nâng cấp theo nhu cầu thực tế
Bo mạch chủ của ASUS Gaming V16 V3607VH-RP024W sở hữu 2 khe DDR5 SO-DIMM và 1 khe M.2 2280 PCIe 4.0x4. Nhờ đó việc không sử dụng loại RAM hàn bo mạch, người dùng sẽ có thể dễ dàng mở rộng bộ nhớ của laptop theo nhu cầu thực tế.
Mẫu laptop gaming này được ASUS trang bị sẵn 16GB RAM DDR5 để có khả năng làm việc đa nhiệm mượt mà. Mỗi khe RAM của laptop có thể mở rộng tối đa 16GB nhằm đáp ứng cả các nhu cầu làm đồ hoạ, giải trí nâng cao. Ổ cứng SSD 512GB của ASUS Gaming V16 V3607VH-RP024W cung cấp không gian đủ lớn để người dùng lưu trữ một cách thoải mái. 
Thiết kế tinh xảo và khác biệt
Laptop ASUS Gaming V16 V3607VH-RP024W sở hữu vẻ ngoài tinh tế, tối giản để phù hợp với thị hiếu người dùng hiện nay. Lớp hoàn thiện đen mờ, logo ASUS sắc nét cùng nắp màn hình trơn toát lên sự thu hút và cao cấp. Cạnh bên điện thoại sử dụng hoạ tiết vân chéo đem tới sự biến tấu độc đáo, giúp laptop hút ánh sáng từ các góc khác nhau.
Bàn phím của laptop còn được ASUS tích hợp hệ thống đèn nền xanh Turbo để tạo nên sự phá cách, mang hơi hướng tương lai. Các phím mũi tên điều hướng và cụm phím WASD được làm trong suốt nhằm có được sự nổi bật với dải màu xanh neon. Touchpad của laptop được mở rộng tới 40% sẽ giúp thao tác điều khiển được thoải mái hơn.
Laptop ASUS V16 V3607VH-RP024W còn được hoàn thiện theo tiêu chuẩn MIL-STD 810H khắt khe của quân đội. Sản phẩm đã trải qua nhiều bài thử nghiệm để có được khả năng hoạt động bền bỉ trong nhiều điều kiện môi trường khắc nghiệt.
Màn hình 16 inch tối ưu chất lượng hiển thị
Để tối ưu trải nghiệm của các game thủ, laptop ASUS Gaming V16 V3607VH-RP024W còn được trang bị màn hình có kích thước 16 inch cùng tỷ lệ hiển thị 16:10. Độ phân giải WUXGA (1920 x 1200) giúp duy trì độ sắc nét cho mọi loại nội dung được hiển thị, dù là hình ảnh hay văn bản.
Với tỷ lệ màn hình trên thân máy 89%, laptop mang tới trải nghiệm chơi game, xem video mãn nhãn nhưng không mất đi tính di động. Độ sáng 300 nits cùng khả năng chống loá giúp màn hình ASUS Gaming V16 V3607VH-RP024W duy trì chất lượng hiển thị tốt cả khi sử dụng ngoài trời.
Laptop ASUS V16 V3607VH-RP024W còn hỗ trợ tốc độ làm mới lên tới 144Hz. Tốc độ làm mới này giúp màn hình laptop giảm độ trễ, tình trạng giật, xé hình để quá trình chơi game diễn ra mỹ mãn.
Thời lượng pin lớn, kết nối ổn định, nhanh chóng
Laptop ASUS Gaming V16 V3607VH-RP024W sở hữu viên pin có dung lượng 63WHrs. Dung lượng pin lớn đảm bảo laptop có được khả năng sử dụng trong thời gian dài mà không gặp gián đoạn. Bộ sạc đi kèm thiết bị có công suất lên tới 150W sẽ tối ưu thời gian sạc pin, điều rất hữu ích cho người dùng trong các chuyến đi.
Mẫu laptop gaming của ASUS này còn sở hữu khả năng kết nối nhanh chóng, linh hoạt. ASUS đã tích hợp cho laptop hệ thống các cổng giao tiếp:
1x USB-C 3.2 Gen 1
2x USB-A 3.2 Gen 1
1x HDMI 2.1 FRL
1x jack audio 3.5mm
Laptop ASUS V16 V3607VH-RP024W còn đảm bảo khả năng truy cập internet không dây tốc độ cao nhờ sở hữu công nghệ Wi-Fi 6. Kèm theo đó là Bluetooth 5.3 Wireless Card giúp laptop có thể kết nối cùng lúc nhiều thiết bị ngoại vi không dây một cách ổn định.
Mua laptop ASUS Gaming V16 V3607VH-RP024W giá tốt tại CellphoneS
Laptop ASUS Gaming V16 V3607VH-RP024W đã có thể trải nghiệm tại nhiều cửa hàng thuộc hệ thống CellphoneS. Mẫu laptop ASUS này còn có giá bán ưu đãi trong các chương trình giảm giá đặc biệt như ngày tựu trường, Black Friday, 8/3, Tết Nguyên Đán,...
Thông qua các chính sách trả góp, chiết khấu S-Student, S-Teacher, Smember,,...khách hàng cũng sẽ dễ dàng hơn khi đưa ra quyết định lựa chọn laptop. CellphoneS còn mang tới cho khách hàng trải nghiệm mua sắm tiện lợi khi hỗ trợ giao hàng khắp toàn quốc.","{""Bộ xử lý & Đồ họa"": [{""name"": ""Loại card đồ họa"", ""value"": ""NVIDIA GeForce RTX 5050 8GB GDDR7\nIntel Graphics""}, {""name"": ""Loại CPU"", ""value"": ""Intel Core 5 210H 2.2 GHz (12MB Cache, up to 4.8 GHz, 8 lõi, 12 luồng)""}], ""Bộ nhớ RAM, Ổ cứng"": [{""name"": ""Dung lượng RAM"", ""value"": ""16GB""}, {""name"": ""Loại RAM"", ""value"": ""DDR5 SO-DIMM""}, {""name"": ""Số khe ram"", ""value"": ""Có thể nâng cấp; Cần tháo vỏ dưới/trên""}, {""name"": ""Ổ cứng"", ""value"": ""512GB M.2 NVMe PCIe 4.0 SSD""}], ""Màn hình"": [{""name"": ""Tần số quét"", ""value"": ""144Hz""}, {""name"": ""Kích thước màn hình"", ""value"": ""16 inches""}, {""name"": ""Công nghệ màn hình"", ""value"": ""Độ sáng 300nits\nĐộ phủ màu 45% NTSC\nMàn hình chống chói""}, {""name"": ""Độ phân giải màn hình"", ""value"": ""1920 x 1200 pixels (WUXGA)""}], ""Âm thanh"": [{""name"": ""Công nghệ âm thanh"", ""value"": ""SonicMaster\nLoa tích hợp\nMicrô tích hợp""}], ""Kích thước & Trọng lượng"": [{""name"": ""Chất liệu"", ""value"": ""Vỏ nhựa""}, {""name"": ""Chất liệu vỏ màn hình"", ""value"": ""Nhựa""}, {""name"": ""Chất liệu vỏ trên"", ""value"": ""Nhựa""}, {""name"": ""Chất liệu vỏ dưới"", ""value"": ""Nhựa""}, {""name"": ""Kích thước"", ""value"": ""35.70 x 25.07 x 1.80 ~ 2.20 cm (Dài x Rộng x Dày)""}, {""name"": ""Trọng lượng"", ""value"": ""1.95 kg""}], ""Tiện ích khác"": [{""name"": ""Tính năng đặc biệt"", ""value"": ""Wi-Fi 6""}], ""Tính năng khác"": [{""name"": ""Loại đèn bàn phím"", ""value"": ""Bàn phím Chiclet có đèn nền với phím số""}, {""name"": ""Bảo mật"", ""value"": ""Mật khẩu người dùng thiết lập BIOS\nTrusted Platform Module (Firmware TPM)""}, {""name"": ""Webcam"", ""value"": ""1080p FHD với màn trập camera""}, {""name"": ""Hệ điều hành"", ""value"": ""Windows 11 Home""}], ""Pin & công nghệ sạc"": [{""name"": ""Pin"", ""value"": ""63WHrs, 3S1P, 3-cell Li-ion""}], ""Cổng kết nối"": [{""name"": ""Wi-Fi"", ""value"": ""Wi-Fi 6(802.11ax) (Dual band) 2*2""}, {""name"": ""Bluetooth"", ""value"": ""Bluetooth 5.3""}, {""name"": ""Cổng giao tiếp"", ""value"": ""1x USB 3.2 Gen 1 Type-C hỗ trợ hiển thị/cung cấp điện (5Gbps)\n2x USB 3.2 Gen 1 Type-A (tốc độ dữ liệu lên đến 5Gbps)\n1x HDMI 2.1 FRL\n1x Giắc cắm âm thanh kết hợp 3.5mm\n1x DC-in""}]}","[""https://cdn2.cellphones.com.vn/x/media/catalog/product/l/a/laptop_asus_gaming_v16_v3607vh-rp024w_-_1.png"", ""https://cdn2.cellphones.com.vn/x/media/catalog/product/l/a/laptop_asus_gaming_v16_v3607vh-rp024w_-_2.png"", ""https://cdn2.cellphones.com.vn/x/media/catalog/product/l/a/laptop_asus_gaming_v16_v3607vh-rp024w_-_3.png""]","{""product_color_1"": {""color"": ""Đen"", ""image_url"": ""https://cellphones.com.vn/laptop-asus-gaming-v16-v3607vh-rp024w.html?product_id=106244"", ""price"": ""25.890.000₫""}}"
Laptop ASUS TUF Gaming F16 FX608JH-RV131W,laptop-asus-vivobook-16x-k3605vc-rp491w,32.990.000đ,30.590.000đ,"Đặc điểm nổi bật
Laptop ASUS TUF Gaming F16 FX608JH-RV131W được trang bị bộ vi xử lý Intel Core i5-13450HX mạnh mẽ kết hợp cùng viên pin 4-cell dung lượng lớn 90WHrs. Máy sở hữu màn hình 16 inch tần số quét 165Hz và công nghệ G-Sync giúp hiển thị hình ảnh mượt mà. Sản phẩm tích hợp sẵn 32GB RAM DDR5 cùng ổ cứng 512GB.
Nội dung chính
1. Laptop ASUS TUF Gaming F16 FX608JH-RV131W - Hiệu năng mạnh mẽ, thiết kế độc đáo
1.1. Tích hợp phím Copilot và công nghệ khử ồn AI hai chiều
1.2. Hiệu năng vượt trội với bộ vi xử lý Intel Core i5-13450HX
1.3. Đa nhiệm mượt mà với 32GB RAM DDR5 tốc độ cao
1.4. Thiết kế Jaeger Gray mạnh mẽ cùng bàn phím RGB 1 vùng
1.5. Màn hình 16 inch 165Hz chuẩn màu 100% sRGB
1.6. Pin 90WHrs bền bỉ và cổng kết nối Thunderbolt 4 đa năng
2. Mua laptop ASUS TUF Gaming F16 FX608JH-RV131W chính hãng tại CellphoneS
Laptop ASUS TUF Gaming F16 FX608JH-RV131W - Hiệu năng mạnh mẽ, thiết kế độc đáo
ASUS TUF Gaming F16 hội tụ đầy đủ các công nghệ hiện đại từ phần cứng xử lý tốc độ cao đến hệ thống hiển thị sắc nét. Thiết bị đáp ứng tốt nhu cầu sử dụng phức tạp nhờ sự kết hợp giữa sức mạnh tính toán và khả năng kết nối đa dạng.
Tích hợp phím Copilot và công nghệ khử ồn AI hai chiều
Laptop ASUS TUF Gaming F16 FX608JH-RV131W trang bị phím Copilot chuyên dụng giúp kích hoạt nhanh các tính năng hỗ trợ thông minh của Windows 11. Sự hiện diện của phím chức năng này giúp tối ưu hóa quy trình làm việc và tra cứu thông tin một cách tiện lợi ngay trên thiết bị.
Laptop tích hợp phím Copilot cùng công nghệ khử ồn AI.
Công nghệ AI noise-canceling áp dụng cho cả âm thanh đầu vào và đầu ra giúp lọc bỏ tạp âm môi trường khi giao tiếp trực tuyến. Công nghệ này hoạt động cùng hệ thống 2 loa hỗ trợ Dolby Atmos và chứng nhận Hi-Res Audio dành cho tai nghe. Trải nghiệm hội họp nhờ đó trở nên rõ ràng và giúp thông tin truyền tải chính xác hơn.
Hiệu năng vượt trội với bộ vi xử lý Intel Core i5-13450HX
Laptop ASUS TUF Gaming F16 FX608JH-RV131W trang bị bộ vi xử lý 13th Gen Intel Core i5-13450HX trên nền tảng chipset Mobile Intel HM770 Express. Con chip sở hữu kiến trúc lai 10 nhân, gồm 6 P-cores và 4 E-cores. Tốc độ xung nhịp cơ bản 2.4 GHz và tăng tốc tối đa 4.6 GHz giúp xử lý mượt mà các yêu cầu phức tạp.
Máy được trang bị vi xử lý Intel Core i5-13450HX 10 nhân.
Sức mạnh đồ họa đến từ card rời NVIDIA GeForce RTX 5050 Laptop GPU tích hợp bộ nhớ 8GB chuẩn GDDR7. Linh kiện hoạt động với công suất TGP tối đa 115W (100W cơ bản cộng 15W Dynamic Boost) để khai thác hiệu suất phần cứng. Nhờ đó, máy xử lý tốt các tác vụ dựng hình 3D hoặc ứng dụng giải trí đòi hỏi tài nguyên lớn.
Card đồ họa RTX 5050 8GB GDDR7 xử lý mượt mà các tác vụ
Hệ thống dùng MUX Switch kết hợp NVIDIA Advanced Optimus để quản lý luồng dữ liệu giữa GPU rời và Intel UHD Graphics. Cơ chế cho phép tín hiệu hình ảnh xuất trực tiếp từ card rời ra màn hình, giúp giảm độ trễ và tăng tốc độ khung hình. Quá trình chuyển đổi diễn ra tự động nhằm cân bằng giữa hiệu năng và năng lượng.
Đa nhiệm mượt mà với 32GB RAM DDR5 tốc độ cao
Bộ nhớ laptop ASUS TUF Gaming F16 FX608JH-RV131W có tổng dung lượng 32GB DDR5, sử dụng thanh nhớ 16GB DDR5-5600 SO-DIMM hỗ trợ kênh đôi. Dung lượng RAM lớn giúp thiết bị vận hành nhiều ứng dụng phức tạp mà không gặp quá tải hệ thống. Người dùng có thể nâng cấp tối đa lên 64GB qua 2 khe cắm SO-DIMM.
Máy trang bị 32GB RAM DDR5 cùng ổ cứng tốc độ cao.
Máy trang bị ổ cứng 512GB PCIe 4.0 NVMe M.2 SSD giúp rút ngắn thời gian khởi động hệ điều hành và sao chép dữ liệu. Thiết bị cung cấp 2 khe cắm M.2 hỗ trợ SATA hoặc NVMe để mở rộng không gian lưu trữ khi cần thiết. Sản phẩm có các tùy chọn nâng cấp ổ cứng M.2 PCIe SSD với dung lượng 512GB, 1TB hoặc 2TB.
Thiết kế Jaeger Gray mạnh mẽ cùng bàn phím RGB 1 vùng
Laptop ASUS TUF Gaming F16 FX608JH-RV131W có lớp vỏ màu Jaeger Gray cùng kích thước 35.4 x 26.9 x 1.79 ~ 2.73 cm. Máy có trọng lượng 2.20 kg rất di động cho người dùng thường xuyên mang theo. Thiết kế này giúp thiết bị có vẻ ngoài cứng cáp nhưng vẫn gọn gàng, phù hợp xu hướng thẩm mỹ hiện đại.
Laptop có thiết kế Jaeger Gray cứng cáp và hiện đại.
Bàn phím Backlit Chiclet tích hợp đèn nền 1-Zone RGB hỗ trợ gõ chính xác trong môi trường thiếu sáng và tạo điểm nhấn cá nhân hóa. Bố cục phím sắp xếp hợp lý giúp người dùng dễ làm quen và thực hiện tổ hợp phím nhanh chóng. Touchpad có diện tích vừa phải, hỗ trợ điều hướng mượt mà khi không sử dụng chuột rời.
Màn hình 16 inch 165Hz chuẩn màu 100% sRGB
Màn hình laptop ASUS TUF Gaming F16 FX608JH-RV131W có kích thước 16 inch, độ phân giải FHD+ và sử dụng tấm nền IPS-level. Tần số quét 165Hz kết hợp công nghệ G-Sync giúp loại bỏ hiện tượng xé hình khi hiển thị chuyển động nhanh. Không gian hiển thị rộng theo chiều dọc hỗ trợ tốt việc quan sát nội dung và chi tiết đồ họa.
Màn hình 16 inch 165Hz cho trải nghiệm hình ảnh mượt mà.
Chất lượng màu sắc đạt 100% sRGB và 75.35% Adobe RGB, mang lại hình ảnh trung thực cho các tác vụ. Độ sáng 300 nits cùng bề mặt Anti-glare giúp duy trì khả năng quan sát tốt dưới nguồn sáng mạnh. Góc nhìn rộng 85/85/85/85 giúp màu sắc và độ tương phản ít bị thay đổi khi nhìn từ các hướng khác nhau.
Pin 90WHrs bền bỉ và cổng kết nối Thunderbolt 4 đa năng
Laptop ASUS TUF Gaming F16 FX608JH-RV131W sử dụng viên pin 4-cell Li-ion 90WHrs, cung cấp năng lượng ổn định. Bộ nguồn đi kèm là Adapter 280W AC (20V DC), đồng thời máy hỗ trợ sạc Type-C với công suất từ 45W đến 100W. Sự linh hoạt trong phương thức cấp nguồn giúp thiết bị luôn sẵn sàng hoạt động khi di chuyển.
Viên pin 90WHrs dung lượng lớn hỗ trợ sạc Type-C linh hoạt.
Cổng Thunderbolt 4 tích hợp truyền dữ liệu 40Gbps và hỗ trợ xuất hình qua DisplayPort hoặc G-SYNC. Các kết nối gồm HDMI 2.1 FRL, 1 cổng USB 3.2 Gen 2 Type-C, 3 cổng USB 3.2 Gen 2 Type-A và RJ45 LAN. Wi-Fi 6E ba băng tần cùng Bluetooth 5.4 giúp duy trì đường truyền mạng và ghép nối thiết bị ổn định.
Mua laptop ASUS TUF Gaming F16 FX608JH-RV131W chính hãng tại CellphoneS
Khách hàng có thể an tâm lựa chọn laptop ASUS TUF Gaming F16 FX608JH-RV131W tại hệ thống cửa hàng CellphoneS uy tín. Sản phẩm được đảm bảo nguyên hộp, đầy đủ phụ kiện từ nhà sản xuất và hưởng chính sách bảo hành chính hãng trong thời gian cam kết. CellphoneS còn có mức giá tiết kiệm hơn cho thành viên Smember. Nhanh tay đặt hàng để sở hữu ngay mẫu laptop mạnh mẽ này.","{""Bộ xử lý & Đồ họa"": [{""name"": ""Loại card đồ họa"", ""value"": ""NVIDIA GeForce RTX 5050 8GB GDDR7\nIntel UHD Graphics""}, {""name"": ""Loại CPU"", ""value"": ""Intel Core i5-13450HX 2.4 GHz (20M Cache, up to 4.6 GHz, 10 lõi: 6 P-cores and 4 E-cores)""}], ""Bộ nhớ RAM, Ổ cứng"": [{""name"": ""Dung lượng RAM"", ""value"": ""32GB""}, {""name"": ""Loại RAM"", ""value"": ""DDR5-5600""}, {""name"": ""Số khe ram"", ""value"": ""2 khe (2 x 16GB, nâng cấp tối đa 64GB)""}, {""name"": ""Ổ cứng"", ""value"": ""512GB PCIe 4.0 NVMe M.2 SSD (2 Khe cắm M.2 hỗ trợ cả SATA hoặc NVMe, tối đa 2TB)""}], ""Màn hình"": [{""name"": ""Tần số quét"", ""value"": ""165 Hz""}, {""name"": ""Chất liệu tấm nền"", ""value"": ""Tấm nền IPS""}, {""name"": ""Kích thước màn hình"", ""value"": ""16 inches""}, {""name"": ""Công nghệ màn hình"", ""value"": ""Độ sáng 300 nits\nTỷ lệ tương phản 1000:1\nĐộ phủ màu NTSC 72% / sRGB 100% / Adobe 75.35%\nMàn hình chống chói\nG-Sync""}, {""name"": ""Độ phân giải màn hình"", ""value"": ""1920 x 1200 pixels (WUXGA)""}], ""Âm thanh"": [{""name"": ""Công nghệ âm thanh"", ""value"": ""Hệ thống 2 loa\nCông nghệ khử ồn AI\nDolby Atmos\nChứng nhận Hi-Res (cho tai nghe)\nHỗ trợ Microsoft Cortana gần / xa (dịch vụ Microsoft đã ngừng từ mùa xuân 2023)""}], ""Tiện ích khác"": [{""name"": ""Tính năng đặc biệt"", ""value"": ""Wi-Fi 6, Nhận diện khuôn mặt, MUX Switch""}], ""Tính năng khác"": [{""name"": ""Loại đèn bàn phím"", ""value"": ""Bàn phím Chiclet RGB 1 vùng có đèn nền Có phím Copilot\nAura Sync""}, {""name"": ""Bảo mật"", ""value"": ""Mật khẩu Quản trị viên BIOS và bảo vệ mật khẩu người dùng\nMô-đun TPM (Firmware TPM)""}, {""name"": ""Webcam"", ""value"": ""Camera hồng ngoại FHD 1080P dành cho Windows Hello""}, {""name"": ""Hệ điều hành"", ""value"": ""Windows 11 Home""}], ""Pin & công nghệ sạc"": [{""name"": ""Pin"", ""value"": ""90WHrs, 4S1P, 4-cell Li-ion""}], ""Kích thước & Trọng lượng"": [{""name"": ""Kích thước"", ""value"": ""35.4 x 26.9 x 1.79 ~ 2.73 cm (Dài x Rộng x Dày)""}, {""name"": ""Trọng lượng"", ""value"": ""2.20 kg""}], ""Cổng kết nối"": [{""name"": ""Wi-Fi"", ""value"": ""Wi-Fi 6E(802.11ax) (Triple band) 2*2""}, {""name"": ""Bluetooth"", ""value"": ""Bluetooth 5.4""}, {""name"": ""Cổng giao tiếp"", ""value"": ""1 x RJ45 LAN\n1 x Thunderbolt 4 hỗ trợ DisplayPort / G-Sync (40Gbps)\n1 x USB 3.2 Gen 2 Type-C hỗ trợ DisplayPort / Power Delivery (10Gbps)\n3 x USB 3.2 Gen 2 Type-A (10Gbps)\n1 x HDMI 2.1 FRL\n1 x Jack âm thanh 3.5mm combo""}]}","[""https://cdn2.cellphones.com.vn/x/media/catalog/product/l/a/laptop_asus_tuf_gaming_f16_fx608jh-rv131w_-_1.png"", ""https://cdn2.cellphones.com.vn/x/media/catalog/product/l/a/laptop_asus_tuf_gaming_f16_fx608jh-rv131w_-_3.png"", ""https://cdn2.cellphones.com.vn/x/media/catalog/product/l/a/laptop_asus_tuf_gaming_f16_fx608jh-rv131w_-_2.png""]","{""product_color_1"": {""color"": ""Xám"", ""image_url"": ""https://cellphones.com.vn/laptop-asus-tuf-gaming-f16-fx608jh-rv131w.html?product_id=119226"", ""price"": ""30.590.000₫""}}"
Laptop ASUS Vivobook 16X K3605VC-RP491W,laptop-asus-vivobook-16-x1607ca-mb990w,22.990.000đ,21.990.000đ,"Đặc điểm nổi bật
Laptop ASUS Vivobook 16X K3605VC-RP491W là laptop hiệu năng cao tích hợp bộ vi xử lý Intel Core i7-13620H và card đồ họa rời NVIDIA GeForce RTX 3050. Màn hình 16 inch của máy có tần số quét 144Hz, mang lại sự mượt mà trong từng khung hình. Hơn nữa, cấu hình này càng được hoàn thiện với 16GB RAM DDR4 cùng ổ cứng 512GB SSD NVMe PCIe 4.0.
Nội dung chính
1. Laptop ASUS Vivobook 16X K3605VC-RP491W - Sức mạnh xử lý vượt trội
1.1. Giao tiếp chuyên nghiệp với công nghệ khử ồn AI
1.2. Hiệu năng vượt trội với Core i7-13620H và RTX 3050
1.3. Đa nhiệm mượt mà và khởi động siêu tốc
1.4. Thiết kế bền bỉ chuẩn quân đội, thanh lịch
1.5. Màn hình 16-inch 144Hz siêu mượt và bảo vệ mắt
1.6. Pin 50WHrs và bộ cổng kết nối đa dạng
2. Mua laptop ASUS Vivobook 16X K3605VC-RP491W chính hãng tại CellphoneS
Laptop ASUS Vivobook 16X K3605VC-RP491W - Sức mạnh xử lý vượt trội
Laptop ASUS Vivobook 16X K3605VC-RP491W là sự kết hợp giữa phần cứng mạnh mẽ và các công nghệ hỗ trợ thông minh. Các đặc điểm từ hiệu năng, chất lượng hiển thị đến độ bền của máy đều được tối ưu hóa để đáp ứng nhu cầu khắt khe của người dùng.
Giao tiếp chuyên nghiệp với công nghệ khử ồn AI
Model laptop Asus Vivobook Gaming này sở hữu công nghệ khử tiếng ồn AI 2 chiều tích hợp sẵn trong ứng dụng MyASUS. Công nghệ này sử dụng thuật toán thông minh để lọc bỏ hiệu quả các tạp âm không mong muốn từ cả đầu vào micro và âm thanh đầu ra từ loa. Nhờ đó, chất lượng âm thanh trong các cuộc gọi video luôn có được trong trẻo và rõ ràng.
Tính năng AI thông minh này trên Asus Vivobook core i7 có vai trò đặc biệt quan trọng trong môi trường làm việc khi người dùng cần xuất hiện với hình ảnh chuyên nghiệp. Micrô tích hợp có khả năng thu âm giọng nói chính xác, đồng thời loại bỏ tiếng ồn xung quanh. Điều này đảm bảo mọi thông điệp được truyền tải một cách mạch lạc và không bị gián đoạn, nâng cao hiệu quả giao tiếp.
Hiệu năng vượt trội với Core i7-13620H và RTX 3050
Sức mạnh của laptop ASUS Vivobook 16X K3605VC-RP491W đến từ sự kết hợp của bộ vi xử lý Intel Core i7-13620H và GPU NVIDIA GeForce RTX 3050 4GB. Sự phối hợp này cung cấp khả năng xử lý vượt trội cho các tác vụ sáng tạo nội dung cũng như chơi game. Bộ xử lý với 8 nhân và 12 luồng cho phép vận hành trơn tru các phần mềm đòi hỏi tài nguyên cao.
Card đồ họa rời RTX 3050 không chỉ tối ưu cho các tựa game mà còn tăng tốc đáng kể các ứng dụng đồ họa chuyên dụng. Nền tảng phần cứng này được hỗ trợ bởi khả năng tùy chỉnh tốc độ quạt trong MyASUS giúp hệ thống duy trì hiệu suất cao. Nhờ vậy, cấu hình mạnh mẽ này đã biến chiếc laptop trở thành một công cụ làm việc và giải trí đa năng thực thụ.
Đa nhiệm mượt mà và khởi động siêu tốc
Laptop ASUS Vivobook 16X K3605VC-RP491W đảm bảo khả năng đa nhiệm liền mạch với 8GB tích hợp và một thanh 8GB SO-DIMM. Cấu hình bộ nhớ này cho phép đa nhiệm mượt mà và hiệu quả khi vận hành đồng thời nhiều phần mềm hay các tab trình duyệt. Tốc độ phản hồi hệ thống được duy trì ở mức tối ưu giúp quy trình làm việc không bị gián đoạn.
Tốc độ khởi động hệ điều hành và các ứng dụng trên máy được quyết định bởi ổ cứng 512GB M.2 NVMe PCIe 4.0 SSD. Chuẩn PCIe 4.0 cung cấp băng thông truyền dữ liệu cao gấp đôi so với thế hệ trước, giúp giảm thiểu thời gian chờ đợi một cách đáng kể. Nhờ vậy, các thao tác từ bật máy, mở phần mềm đến sao chép dữ liệu đều diễn ra gần như tức thì.
Thiết kế bền bỉ chuẩn quân đội, thanh lịch
Laptop ASUS Vivobook 16X K3605VC-RP491W sở hữu một thiết kế vừa thanh lịch vừa bền bỉ, đã đạt tiêu chuẩn cấp quân đội Mỹ MIL-STD 810H. Độ bền này đảm bảo máy có thể chống chịu tốt trước các va đập, rung lắc và điều kiện nhiệt độ khắc nghiệt trong quá trình sử dụng hàng ngày. Với trọng lượng chỉ 1.80 kg, thiết bị đảm bảo được tính di động cao.
Lớp vỏ ngoài màu đen Indie mang đến một vẻ ngoài hiện đại, tối giản nhưng không kém phần chuyên nghiệp và phù hợp với nhiều môi trường làm việc. Thiết kế tổng thể không chỉ tập trung vào thẩm mỹ mà còn tối ưu cho sự bền bỉ, mang lại sự an tâm cho người dùng. Sự kết hợp giữa độ bền và phong cách thiết kế đã làm nên giá trị khác biệt cho dòng máy này.
Màn hình 16-inch 144Hz siêu mượt và bảo vệ mắt
Laptop ASUS Vivobook 16X K3605VC-RP491W được trang bị màn hình 16 inch độ phân giải WUXGA với tần số quét lên đến 144Hz. Tần số quét cao này mang lại trải nghiệm cực kỳ mượt mà, loại bỏ hiện tượng xé hình khi chơi game hoặc xem nội dung có chuyển động nhanh. Tấm nền IPS cũng đảm bảo chất lượng hình ảnh sắc nét và màu sắc sống động.
Tỷ lệ khung hình 16:10 cung cấp không gian hiển thị rộng hơn theo chiều dọc, tối ưu cho các công việc văn phòng và duyệt web. Màn hình còn được chứng nhận bởi TUV Rheinland về khả năng phát ánh sáng xanh thấp và công nghệ chống chói, giúp bảo vệ mắt và giảm mỏi mắt khi phải làm việc. Đây thực sự là một màn hình lý tưởng cho cả công việc lẫn giải trí.
Pin 50WHrs và bộ cổng kết nối đa dạng
Để đáp ứng nhu cầu di động, laptop ASUS Vivobook 16X K3605VC-RP491W tích hợp viên pin 3-cell dung lượng 50WHrs. Mức dung lượng này cung cấp thời gian sử dụng đủ dài cho một ngày làm việc và học tập mà không cần cắm sạc liên tục. Bộ nguồn 120W đi kèm cũng hỗ trợ sạc nhanh giúp nạp lại năng lượng cho thiết bị một cách hiệu quả và nhanh chóng.
Thiết bị cung cấp một hệ thống cổng kết nối cực kỳ toàn diện, bao gồm một cổng USB 3.2 Gen 1 Type-C hỗ trợ sạc Power Delivery. Bên cạnh đó là 2 cổng USB 3.2 Gen 1 Type-A, một cổng HDMI 2.1 TMDS, giắc cắm âm thanh 3.5mm và một đầu đọc thẻ SD 4.0 tốc độ cao. Sự đa dạng này đảm bảo khả năng tương thích với hầu hết các thiết bị ngoại vi hiện có.
Mua laptop ASUS Vivobook 16X K3605VC-RP491W chính hãng tại CellphoneS
Để sở hữu laptop ASUS Vivobook 16X K3605VC-RP491W chính hãng với mức giá cạnh tranh, hệ thống bán lẻ CellphoneS chính là điểm đến đáng tin cậy. Tại CellphoneS, sản phẩm được cam kết nguyên hộp và được bảo hành tại các trung tâm bảo hành chính hãng. Thêm vào đó, chính sách 1 đổi 1 nếu có lỗi phần cứng từ nhà sản xuất mang lại sự an tâm cho người dùng. Hãy liên hệ ngay với CellphoneS để được hỗ trợ và nhận các ưu đãi hiện có.","{""Bộ xử lý & Đồ họa"": [{""name"": ""Loại card đồ họa"", ""value"": ""NVIDIA GeForce RTX3050 4GB GDDR6\nIntel UHD Graphics""}, {""name"": ""Loại CPU"", ""value"": ""Intel Core i7-13620H 2.4 GHz (24MB Cache, up to 4.9 GHz, 10 lõi, 16 luồng)""}], ""Bộ nhớ RAM, Ổ cứng"": [{""name"": ""Dung lượng RAM"", ""value"": ""16GB""}, {""name"": ""Loại RAM"", ""value"": ""DDR4""}, {""name"": ""Số khe ram"", ""value"": ""2 khe (8GB DDR4 on board + 8GB DDR4 SO-DIMM)""}, {""name"": ""Ổ cứng"", ""value"": ""512GB M.2 NVMe PCIe 4.0 SSD""}], ""Màn hình"": [{""name"": ""Tần số quét"", ""value"": ""144Hz""}, {""name"": ""Chất liệu tấm nền"", ""value"": ""Tấm nền IPS""}, {""name"": ""Kích thước màn hình"", ""value"": ""16 inches""}, {""name"": ""Công nghệ màn hình"", ""value"": ""Độ sáng 300nits\nĐộ phủ màu 45% NTSC\nMàn hình chống chói\nTÜV Rheinland""}, {""name"": ""Độ phân giải màn hình"", ""value"": ""1920 x 1200 pixels (WUXGA)""}], ""Âm thanh"": [{""name"": ""Công nghệ âm thanh"", ""value"": ""SonicMaster\nLoa tích hợp\nMicrô mảng tích hợp""}], ""Cổng kết nối"": [{""name"": ""Khe đọc thẻ nhớ"", ""value"": ""Có""}, {""name"": ""Wi-Fi"", ""value"": ""Wi-Fi 6E(802.11ax) (Dual band) 2*2""}, {""name"": ""Bluetooth"", ""value"": ""Bluetooth 5.3""}, {""name"": ""Cổng giao tiếp"", ""value"": ""1x USB 3.2 Gen 1 Type-C hỗ trợ cấp nguồn (5Gbps)\n2x USB 3.2 Gen 1 Type-A (5Gbps)\n1x HDMI 2.1 TMDS\n1x Giắc cắm âm thanh kết hợp 3.5mm\n1x DC-in\nĐầu đọc thẻ SD 4.0""}], ""Kích thước & Trọng lượng"": [{""name"": ""Chất liệu"", ""value"": ""Vỏ nhựa""}, {""name"": ""Chất liệu vỏ màn hình"", ""value"": ""Nhôm""}, {""name"": ""Chất liệu vỏ trên"", ""value"": ""Nhựa""}, {""name"": ""Chất liệu vỏ dưới"", ""value"": ""Nhựa""}, {""name"": ""Kích thước"", ""value"": ""35.86 x 24.91 x 1.89 ~ 1.89 cm (Dài x Rộng x Dày)""}, {""name"": ""Trọng lượng"", ""value"": ""1.80 kg""}], ""Tiện ích khác"": [{""name"": ""Tính năng đặc biệt"", ""value"": ""Wi-Fi 6""}], ""Tính năng khác"": [{""name"": ""Loại đèn bàn phím"", ""value"": ""Bàn phím Chiclet có đèn nền với phím số""}, {""name"": ""Bảo mật"", ""value"": ""Khởi động BIOS Bảo vệ mật khẩu người dùng\nMô-đun nền tảng đáng tin cậy (Phần mềm TPM)\nMcAfee""}, {""name"": ""Webcam"", ""value"": ""720p HD với màn trập camera""}, {""name"": ""Hệ điều hành"", ""value"": ""Windows 11 Home""}], ""Pin & công nghệ sạc"": [{""name"": ""Pin"", ""value"": ""50WHrs, 3S1P, 3-cell Li-ion""}]}","[""https://cdn2.cellphones.com.vn/x/media/catalog/product/l/a/laptop_asus_vivobook_16x_k3605vc-rp491w_-_1.png"", ""https://cdn2.cellphones.com.vn/x/media/catalog/product/l/a/laptop_asus_vivobook_16x_k3605vc-rp491w_-_2.png"", ""https://cdn2.cellphones.com.vn/x/media/catalog/product/l/a/laptop_asus_vivobook_16x_k3605vc-rp491w_-_3.png""]","{""product_color_1"": {""color"": ""Đen"", ""image_url"": ""https://cellphones.com.vn/laptop-asus-vivobook-16x-k3605vc-rp491w.html?product_id=106973"", ""price"": ""21.990.000₫""}}"
Laptop ASUS VivoBook 16 X1607CA-MB990W,laptop-asus-tuf-gaming-a15-fa506ncr-hn047w,27.990.000đ,24.790.000đ,,"{"""": [{""name"": """", ""value"": """"}, {""name"": """", ""value"": """"}, {""name"": """", ""value"": """"}]}","[""https://cdn2.cellphones.com.vn/x/media/catalog/product/l/a/laptop_asus_vivobook_16_x1607ca-mb990w_-_1.png"", ""https://cdn2.cellphones.com.vn/x/media/catalog/product/l/a/laptop_asus_vivobook_16_x1607ca-mb990w_-_2.png"", ""https://cdn2.cellphones.com.vn/x/media/catalog/product/l/a/laptop_asus_vivobook_16_x1607ca-mb990w_-_3.png""]","{""product_color_1"": {""color"": ""Bạc"", ""image_url"": ""https://cellphones.com.vn/laptop-asus-vivobook-16-x1607ca-mb990w.html?product_id=128685"", ""price"": ""24.790.000₫""}}"
Laptop ASUS TUF Gaming A15 FA506NCR-HN047W,laptop-asus-vivobook-s14-s3407va-ly046w,23.490.000đ,18.990.000đ,"Đặc điểm nổi bật
Laptop Asus TUF Gaming A15 FA506NCR HN047W sử dụng bộ xử lý AMD Ryzen 7 7435HS Mobile Processor 3.1GHz kết hợp card đồ họa NVIDIA GeForce RTX 3050 mạnh mẽ. Sản phẩm sở hữu RAM DDR5 16GB cùng dung lượng ổ cứng SSD 512GB chuẩn kết nối tốc độ cao PCIe cho khả năng đa nhiệm tuyệt vời. Màn hình lớn 15.6 inch FullHD 144Hz chống loá mang tới chất lượng hình ảnh sắc nét và mượt mà trong từng chuyển động. 
Nội dung chính
1. Laptop Asus TUF Gaming A15 FA506NCR HN047W đa nhiệm đỉnh cao, màn hình 144Hz
1.1. Hiệu năng vượt trội từ bộ xử lý AMD Ryzen 7 7435HS
1.2. Đa tác vụ hiệu quả với combo RAM 16GB - SSD 512GB
1.3. Thiết kế góc cạnh, hoàn thiện từng chi tiết
1.4. Màn hình 15.6’ FullHD 144Hz chiến game mượt mà
1.5. Pin 48WHrs 3S1P 3 -cell Li-ion bền bỉ
2. Mua laptop Asus TUF Gaming A15 FA506NCR HN047W hàng chuẩn chính hãng, giá hấp dẫn tại CellphoneS
Laptop Asus TUF Gaming A15 FA506NCR HN047W đa nhiệm đỉnh cao, màn hình 144Hz
Nếu bạn đang tìm kiếm máy tính chơi game có hiệu năng ấn tượng cùng chất lượng hình ảnh vượt trội thì đừng bỏ qua Asus TUF Gaming A15 FA506NCR HN047W. Mẫu laptop Asus TUF gaming đến từ nhà Asus này được giới game thủ đánh giá tốt bởi sở hữu cấu hình hiện đại cùng thiết kế chắc chắn. Layout bàn phím dạng full-size bao gồm cả bộ gõ số tích hợp đèn LED RGB đặc biệt phù hợp khi chơi game. 

Xem thêm","{""Bộ xử lý & Đồ họa"": [{""name"": ""Loại card đồ họa"", ""value"": ""NVIDIA GeForce RTX 3050 4GB GDDR6\nAMD Radeon Graphics""}, {""name"": ""Loại CPU"", ""value"": ""AMD Ryzen 7 7435HS 3.1GHz (20MB Cache, up to 4.5 GHz, 8 lõi, 16 luồng)""}], ""Bộ nhớ RAM, Ổ cứng"": [{""name"": ""Dung lượng RAM"", ""value"": ""16GB""}, {""name"": ""Loại RAM"", ""value"": ""DDR5-5600 SO-DIMM""}, {""name"": ""Số khe ram"", ""value"": ""2x SO-DIMM (Nâng cấp tối đa 32GB)""}, {""name"": ""Ổ cứng"", ""value"": ""512GB PCIe 4.0 NVMe M.2 SSD (2 khe cắm M.2 hỗ trợ SATA hoặc NVMe, Nâng cấp tối đa 1TB)""}], ""Màn hình"": [{""name"": ""Tần số quét"", ""value"": ""144 Hz""}, {""name"": ""Chất liệu tấm nền"", ""value"": ""Tấm nền IPS""}, {""name"": ""Kích thước màn hình"", ""value"": ""15.6 inches""}, {""name"": ""Công nghệ màn hình"", ""value"": ""Độ sáng 250nits\nĐộ phủ màu NTSC 45%, SRGB 62.5%, Adobe 47.34%\nMàn hình chống chói\nAdaptive-Sync""}, {""name"": ""Độ phân giải màn hình"", ""value"": ""1920 x 1080 pixels (FullHD)""}], ""Âm thanh"": [{""name"": ""Công nghệ âm thanh"", ""value"": ""Công nghệ chống ồn AI\nPhần mềm DTS\nChứng nhận Hi-Res (cho tai nghe)""}], ""Tiện ích khác"": [{""name"": ""Tính năng đặc biệt"", ""value"": ""Wi-Fi 6""}], ""Tính năng khác"": [{""name"": ""Loại đèn bàn phím"", ""value"": ""Bàn phím Chiclet có đèn nền RGB 1 vùng""}, {""name"": ""Bảo mật"", ""value"": ""Mật khẩu quản trị viên BIOS và bảo vệ mật khẩu người dùng\nKhe Kensington Security\nMô-đun nền tảng đáng tin cậy (Phần mềm TPM)""}, {""name"": ""Webcam"", ""value"": ""720P HD camera""}, {""name"": ""Hệ điều hành"", ""value"": ""Windows 11 Home""}], ""Pin & công nghệ sạc"": [{""name"": ""Pin"", ""value"": ""48WHrs, 3S1P, 3-cell Li-ion\nSạc lại từ 0-50% trong 30 phút""}], ""Kích thước & Trọng lượng"": [{""name"": ""Kích thước"", ""value"": ""35.9 x 25.6 x 2.28 ~ 2.45 cm (W x D x H)""}, {""name"": ""Trọng lượng"", ""value"": ""2.30 Kg""}], ""Cổng kết nối"": [{""name"": ""Wi-Fi"", ""value"": ""Wi-Fi 6(802.11ax) (Dual band) 2*2""}, {""name"": ""Bluetooth"", ""value"": ""Bluetooth 5.3""}, {""name"": ""Cổng giao tiếp"", ""value"": ""1x RJ45 LAN\n1x USB 3.2 Gen 2 Type-C hỗ trợ DisplayPort\n3x USB 3.2 Gen 1 Type-A\n1x HDMI 2.1 TMDS\n1x Giắc cắm âm thanh kết hợp 3.5 mm""}]}","[""https://cdn2.cellphones.com.vn/x/media/catalog/product/t/e/text_ng_n_97__1_5.png"", ""https://cdn2.cellphones.com.vn/x/media/catalog/product/t/e/text_ng_n_96__1_7.png"", ""https://cdn2.cellphones.com.vn/x/media/catalog/product/t/e/text_ng_n_99__1_6.png""]","{""product_color_1"": {""color"": ""Đen"", ""image_url"": ""https://cellphones.com.vn/laptop-asus-tuf-gaming-a15-fa506ncr-hn047w.html?product_id=91455"", ""price"": ""18.990.000₫""}}"
,laptop-asus-zenbook-14-oled-ux3405ma-pp151w,N/A,N/A,N/A,{},[],{}
Laptop ASUS Vivobook S14 S3407VA-LY046W,laptop-asus-tuf-gaming-f16-fx608jhi-tu209w,19.990.000đ,18.490.000đ,"Đặc điểm nổi bật
Laptop ASUS Vivobook S14 S3407VA-LY046W sở hữu màn hình 14 inch IPS sắc nét, với sức mạnh từ chip Intel Core i5-13420H, kết hợp cùng RAM 16GB DDR5. Máy đi kèm đồ họa tích hợp Intel UHD, pin 70Wh 4-cell và cảm biến vân tay tích hợp. Ngoài ra, máy trang bị đầy đủ cổng kết nối và chạy Windows 11 Home bản quyền.
Nội dung chính
1. Laptop ASUS Vivobook S14 S3407VA-LY046W - Gọn nhẹ, màn hình sắc nét
1.1. Xử lý trơn tru, đa nhiệm ấn tượng
1.2. Thiết kế mỏng nhẹ với trọng lượng 1.39 kg
1.3. Sức mạnh ưu việt từ Intel Core i5-13420H
1.4. Kết nối linh hoạt cùng pin bền bỉ
1.5. Trải nghiệm hình ảnh được tối ưu
1.6. Bảo mật cao cho nhu cầu cá nhân hay văn phòng
2. Mua laptop ASUS Vivobook S14 S3407VA-LY046W chính hãng tại CellphoneS
Laptop ASUS Vivobook S14 S3407VA-LY046W - Gọn nhẹ, màn hình sắc nét
Laptop ASUS Vivobook S14 S3407VA-LY046W là lựa chọn lý tưởng cho người dùng cần một chiếc laptop mỏng nhẹ, hiệu năng cao và tích hợp các tính năng bảo mật cao. Với mức giá hợp lý, đây là một trong những mẫu laptop ASUS Vivobook đáng lựa chọn trong phân khúc tầm trung. 
Xử lý trơn tru, đa nhiệm ấn tượng
Laptop ASUS Vivobook S14 S3407VA-LY046W được trang bị 16GB RAM DDR5 tốc độ cao và tiêu thụ ít điện năng. Nhờ RAM mạnh mẽ này, máy dễ dàng xử lý các tác vụ nặng như chỉnh sửa ảnh, chạy phần mềm văn phòng, hoặc đa nhiệm với trình duyệt và ứng dụng nền.
Về bộ nhớ trong, ASUS Vivobook S14 S3407VA-LY046W sử dụng ổ cứng SSD PCIe 4.0 dung lượng 512GB. Dung lượng này cũng đủ để lưu trữ nhiều tài liệu, phần mềm và tệp đa phương tiện mà không lo bị đầy bộ nhớ quá nhanh, phù hợp với cả sinh viên lẫn dân văn phòng.
Thiết kế mỏng nhẹ với trọng lượng 1.39 kg
Laptop ASUS Vivobook S14 S3407VA-LY046W gây ấn tượng với thiết kế siêu mỏng nhẹ chỉ khoảng 1.39 kg, dễ dàng mang theo khi di chuyển. Máy Vivobook i5 có kiểu dáng tinh tế, phần nắp lưng phủ kim loại tạo cảm giác chắc chắn và cao cấp, đồng thời vẫn giữ được sự năng động đặc trưng của dòng Vivobook. Thiết kế gọn gàng, hiện đại kết hợp cùng bàn phím full-size và hành trình phím tối ưu cho trải nghiệm gõ thoải mái, kể cả khi thao tác trong thời gian dài.
Sức mạnh ưu việt từ Intel Core i5-13420H
Laptop ASUS Vivobook S14 S3407VA-LY046W sử dụng vi xử lý Intel Core i5-13420H với kiến trúc 8 nhân 12 luồng, tốc độ tối đa lên đến 4.6 GHz. Đây là dòng chip hiệu năng cao thuộc thế hệ thứ 13 của Intel, phù hợp cho cả nhu cầu học tập, làm việc văn phòng lẫn các tác vụ bán chuyên như lập trình, chỉnh sửa ảnh, video nhẹ.
Ngoài ra, đồ họa tích hợp Intel UHD Graphics trên laptop 14 inch cũng mang lại khả năng xử lý hình ảnh ưu việt. Hiệu năng tổng thể mạnh mẽ, đáp ứng mượt mà các tác vụ học tập, làm việc văn phòng và giải trí hàng ngày, từ chỉnh sửa ảnh, dựng video cơ bản đến chơi một số tựa game nhẹ.
Kết nối linh hoạt cùng pin bền bỉ
Laptop ASUS Vivobook S14 S3407VA-LY046W sở hữu đầy đủ các cổng kết nối thiết yếu. Máy có 2 cổng USB 3.2 Gen 1 Type-A để kết nối thiết bị ngoại vi thông thường, cùng với 2 cổng USB 3.2 Gen 1 Type-C hỗ trợ DisplayPort 1.2 và Power Delivery 3.0.
Ngoài kết nối vật lý, máy laptop văn phòng còn hỗ trợ Wi-Fi 6 và Bluetooth 5.3, đảm bảo tốc độ mạng ổn định và kết nối nhanh chóng với các phụ kiện không dây. Nhờ đó, người dùng có thể thoải mái học tập, hội họp trực tuyến hay truyền dữ liệu mà không lo gián đoạn. 
Laptop ASUS Vivobook S14 S3407VA-LY046W được trang bị pin 4-cell Li-ion dung lượng 70Wh, cho thời gian sử dụng kéo dài nhiều giờ với các tác vụ văn phòng cơ bản. Đây là mức pin ổn cho một mẫu laptop hiệu năng cao có thiết kế mỏng nhẹ.
Trải nghiệm hình ảnh được tối ưu
Sở hữu màn hình IPS 14 inch WUXGA (1920 x 1200) tỷ lệ 16:10, ASUS Vivobook S14 S3407VA-LY046W mang đến trải nghiệm hình ảnh sống động. Công nghệ OLED tiên tiến cho độ tương phản vượt trội, màu đen sâu thẳm, dải màu rộng 45% NTSC và độ sáng ấn tượng 300 nits.
Không chỉ đẹp, màn hình còn đạt chứng nhận tần số ánh sáng xanh thấp từ TÜV Rheinland, giúp hạn chế mỏi mắt khi sử dụng lâu. Với viền mỏng ở cả 4 cạnh, trải nghiệm hình ảnh trở nên chân thực và ấn tượng hơn trong mọi tình huống sử dụng.
Bảo mật cao cho nhu cầu cá nhân hay văn phòng
Laptop ASUS Vivobook S14 S3407VA-LY046W được trang bị khả năng đăng nhập nhanh chóng và an toàn với Windows Hello. Đây là tính năng hữu ích giúp người dùng bảo vệ dữ liệu cá nhân mà không cần nhập mật khẩu thủ công.
Bên cạnh đó, laptop còn được tích hợp các giải pháp bảo mật phần mềm từ Windows 11 như BitLocker, mã hóa thiết bị, và tường lửa Defender. Các tiện ích bảo mật tích hợp giúp ngăn chặn truy cập trái phép, bảo vệ người dùng khi duyệt web và xử lý thông tin nhạy cảm.
Mua laptop ASUS Vivobook S14 S3407VA-LY046W chính hãng tại CellphoneS
Laptop ASUS Vivobook S14 S3407VA-LY046W chính hãng đã có mặt tại CellphoneS. CellphoneS thường xuyên có các chương trình khuyến mãi lớn như xả kho, Black Friday, lễ Tết... giúp khách hàng có cơ hội sở hữu sản phẩm với giá ưu đãi. Ngoài ra, tại khu vực demo, khách hàng có thể đến để dùng thử mẫu laptop. CellphoneS còn cung cấp nhiều voucher hấp dẫn cho thành viên đăng ký.","{""Bộ xử lý & Đồ họa"": [{""name"": ""Loại card đồ họa"", ""value"": ""Intel UHD Graphics""}, {""name"": ""Loại CPU"", ""value"": ""Intel Core i5-13420H 2.1 GHz (12MB Cache, up to 4.6 GHz, 8 lõi, 12 luồng)""}], ""Bộ nhớ RAM, Ổ cứng"": [{""name"": ""Dung lượng RAM"", ""value"": ""16GB""}, {""name"": ""Loại RAM"", ""value"": ""DDR5""}, {""name"": ""Số khe ram"", ""value"": ""2 khe (8GB DDR5 on board + 8GB DDR5 SO-DIMM""}, {""name"": ""Ổ cứng"", ""value"": ""512GB M.2 NVMe PCIe 4.0 SSD""}], ""Màn hình"": [{""name"": ""Tần số quét"", ""value"": ""60 Hz""}, {""name"": ""Chất liệu tấm nền"", ""value"": ""Tấm nền IPS""}, {""name"": ""Kích thước màn hình"", ""value"": ""14 inches""}, {""name"": ""Công nghệ màn hình"", ""value"": ""Độ sáng 300nits\nĐộ phủ màu 45% NTSC\nMàn hình chống chói\nTÜV Rheinland-certified""}, {""name"": ""Độ phân giải màn hình"", ""value"": ""1920 x 1200 pixels (WUXGA)""}], ""Âm thanh"": [{""name"": ""Công nghệ âm thanh"", ""value"": ""Loa tích hợp\nMicrô mảng tích hợp""}], ""Kích thước & Trọng lượng"": [{""name"": ""Chất liệu"", ""value"": ""Vỏ nhựa - nắp lưng kim loại""}, {""name"": ""Chất liệu vỏ màn hình"", ""value"": ""Nhôm""}, {""name"": ""Chất liệu vỏ trên"", ""value"": ""Nhựa""}, {""name"": ""Chất liệu vỏ dưới"", ""value"": ""Nhôm""}, {""name"": ""Kích thước"", ""value"": ""31.52 x 22.34 x 1.59 ~ 1.79 cm (Dài x Rộng x Dày)""}, {""name"": ""Trọng lượng"", ""value"": ""1.39 kg""}], ""Tiện ích khác"": [{""name"": ""Tính năng đặc biệt"", ""value"": ""Wi-Fi 6, Nhận diện khuôn mặt""}], ""Tính năng khác"": [{""name"": ""Loại đèn bàn phím"", ""value"": ""Bàn phím Chiclet có đèn nền Với phím Copilot""}, {""name"": ""Bảo mật"", ""value"": ""Webcam IR hỗ trợ Windows Hello\nMcAfee\nBIOS Booting User Password Protection\nBIOS setup user password\nTrusted Platform Module (Firmware TPM)""}, {""name"": ""Webcam"", ""value"": ""Camera FHD có chức năng IR hỗ trợ Windows Hello; Có màn trập camera""}, {""name"": ""Hệ điều hành"", ""value"": ""Windows 11 Home""}], ""Pin & công nghệ sạc"": [{""name"": ""Pin"", ""value"": ""70WHrs, 4S1P, 4-cell Li-ion""}], ""Cổng kết nối"": [{""name"": ""Wi-Fi"", ""value"": ""Wi-Fi 6(802.11ax) (Dual band) 2*2""}, {""name"": ""Bluetooth"", ""value"": ""Bluetooth 5.3""}, {""name"": ""Cổng giao tiếp"", ""value"": ""2x USB 3.2 Gen 1 Type-A (tốc độ dữ liệu lên đến 5Gbps)\n2x USB 3.2 Gen 1 Type-C hỗ trợ hiển thị/Sạc (tốc độ dữ liệu lên đến 5Gbps)\n1x HDMI 1.4\n1x Giắc cắm âm thanh kết hợp 3.5mm""}]}","[""https://cdn2.cellphones.com.vn/x/media/catalog/product/l/a/laptop_asus_vivobook_s14_s3407va-ly046w_-_1.png"", ""https://cdn2.cellphones.com.vn/x/media/catalog/product/l/a/laptop_asus_vivobook_s14_s3407va-ly046w_-_2.png"", ""https://cdn2.cellphones.com.vn/x/media/catalog/product/l/a/laptop_asus_vivobook_s14_s3407va-ly046w_-_3.png""]","{""product_color_1"": {""color"": ""Bạc"", ""image_url"": ""https://cellphones.com.vn/laptop-asus-vivobook-s14-s3407va-ly046w.html?product_id=105207"", ""price"": ""18.490.000₫""}}"
Laptop ASUS Zenbook 14 Oled UX3405MA-PP151W,laptop-asus-vivobook-14-m1407ka-ly849w-ryzen-ai-5,28.990.000đ,25.490.000đ,"Đặc điểm nổi bật
Laptop Asus Zenbook 14 OLED UX3405MA-PP151W cung cấp hiệu suất xử lý đột phá nhờ được trang bị chipset hàng đầu của nhà Intel CPU Intel Core Ultra 5 125H. Đi kèm với thông số hiệu năng này của laptop Asus Zenbook là khả năng đa nhiệm, lưu trữ ấn tượng thông qua 16GB RAM LPDDR5X và ổ cứng SSD 512GB. Đồng thời, mẫu laptop Asus Zenbook này còn đi kèm với dung lượng pin 75WHrs, cho phép hoạt động ổn định suốt nhiều giờ liên tục mà không cần thiết phải sạc lại. 
Nội dung chính
1. Laptop Asus Zenbook 14 OLED UX3405MA-PP151W - Cấu hình vượt trội, thời lượng pin bền bỉ
1.1. Hiệu năng đột phá với chipset Intel cao cấp cùng card màn hình hiện đại
1.2. Đa nhiệm, lưu trữ ổn định hơn với thông số bộ nhớ ấn tượng
1.3. Tạo hình hiện đại, sang trọng trong từng đường nét thiết kế
1.4. Chất lượng hiển thị siêu thực trên tấm nền OLED cao cấp
1.5. Viên pin dung lượng 75WHr, cung cấp trải nghiệm suốt ngày dài
2. Mua laptop Asus Zenbook 14 OLED UX3405MA-PP151W tại CellphoneS
Laptop Asus Zenbook 14 OLED UX3405MA-PP151W - Cấu hình vượt trội, thời lượng pin bền bỉ
Laptop Asus Zenbook 14 OLED UX3405MA-PP151W được xem là một đột phá trên thị trường laptop nhờ được trang bị cấu hình và thiết kế đỉnh cao. Với trọng lượng siêu nhẹ chỉ 1.2 kg, máy hứa hẹn đem tới cho người sử dụng sự nhẹ nhàng và tiện lợi trong quá trình di chuyển. Dưới này là một vài điểm nhấn nổi bật được nhiều người tiêu dùng đánh giá cao trên thế hệ laptop Asus Zenbook này mà bạn có thể tham khảo thêm nhé!
Hiệu năng đột phá với chipset Intel cao cấp cùng card màn hình hiện đại
Để nâng cao trải nghiệm người dùng lên một tầm cao mới, Asus đã đặc biệt tích hợp cho Zenbook 14 OLED UX3405MA-PP151W công nghệ xử lý đa nhiệm AI tăng cường. Công nghệ xử lý cao cấp này đã được thiết kế sẵn trong bộ vi xử lý Intel Core Ultra 5 125H và VGA Intel Arc Graphics - điều mà nhiều dòng laptop cùng phân khúc chưa làm được. 
Nhờ đó mà hiệu suất xử lý trên phân khúc laptop AI Asus Zenbook này thực sự vượt trội hơn hẳn so với các thế hệ tiền nhiệm. Nó cho phép trải nghiệm giải trí, giải quyết công việc với hiệu năng vượt trội và cực kỳ mượt mà.
Đa nhiệm, lưu trữ ổn định hơn với thông số bộ nhớ ấn tượng
Cung cấp khả năng đa nhiệm không giới hạn cho laptop Asus Zenbook 14 OLED UX3405MA-PP151W là thông số RAM đạt tới 16GB và bộ nhớ trong 512GB SSD. Khi được kết hợp với hệ thống AI được tích hợp kèm trong bộ vi xử lý và card màn hình, máy có thể dễ dàng khai thác được toàn bộ sức mạnh trong cấu hình vượt trội này để giúp bạn làm việc mượt mà mà không gặp bất kỳ trở ngại nào. 
Bên cạnh đó, dòng laptop này cũng sẽ sở hữu kết nối Wi-Fi 6E thế hệ mới, cung cấp tốc độ kết nối nhanh chóng, làm cho mọi công việc trở nên mượt mà và linh hoạt một cách ấn tượng.
Tạo hình hiện đại, sang trọng trong từng đường nét thiết kế
Asus Zenbook 14 OLED UX3405MA-PP151W không chỉ mạnh mẽ về mặt cấu hình mà còn là biểu tượng của sự tinh tế trong tạo hình bên ngoài. Với thiết kế mảnh mai, độ mỏng 14.9mm và trọng lượng siêu nhẹ, chỉ từ 1.2kg, dòng laptop này đã trở thành người bạn đồng hành lý tưởng cho những người thường xuyên phải di chuyển liên tục trong công việc và trong cuộc sống hàng ngày. 
Nhờ được chế tác từ kim loại chắc chắn, chiếc Zenbook 14 OLED này không chỉ đẹp mắt mà còn vô cùng bền bỉ. Do đó, bạn có thể thoải mái khám phá thế giới mà không phải lo lắng về trọng lượng và tình trạng hư hỏng trong quá trình trải nghiệm. Ngoài ra, với đầy đủ cổng kết nối, từ giắc cắm âm thanh đến cổng USB-C, Zenbook 14 OLED cũng mang đến trải nghiệm kết nối siêu mượt mà và thuận tiện cho người dùng, giúp giảm bớt gánh nặng trong công việc và giải trí.
Chất lượng hiển thị siêu thực trên tấm nền OLED cao cấp
Ngoài những điểm nhấn ấn tượng trên thì chiếc laptop này còn chinh phục người dùng với màn hình hiển thị chất lượng tốt. Theo đó, máy sẽ sở hữu màn hình ASUS Lumina OLED 2880 x 1800 cao cấp, khiến mọi hình ảnh được thể hiện tới thị giác người dùng đều trở nên vô cùng sống động và chân thực. 
Bên cạnh đó, các thông số hiển thị của dòng laptop này còn đi kèm với độ sáng 400-nit, tỷ lệ khung hình 16:10 và tỷ lệ màn hình trên thân máy 87%. Nó làm cho trải nghiệm xem video, làm việc và giải trí của người dùng trên laptop Asus Zenbook 14 OLED UX3405MA-PP151W trở nên thực sự tuyệt vời. Công nghệ Adaptive Sync tự động điều chỉnh tần số làm mới, giúp hình ảnh luôn mượt mà và không có hiện tượng giật lag.
Viên pin dung lượng 75WHr, cung cấp trải nghiệm suốt ngày dài
Sự di động của Asus Zenbook 14 OLED UX3405MA-PP151W không chỉ dừng lại ở trọng lượng và thiết kế, mà còn nằm ở viên pin dung lượng lớn. Với thời lượng pin 75WHrs bền bỉ suốt cả ngày, người dùng không còn phải lo lắng về việc mang theo sạc. Việc sạc pin trở nên dễ dàng hơn bao giờ hết, với công nghệ sạc USB-C Easy Charge, giúp bạn tiết kiệm thời gian và nhanh chóng trở lại công việc một cách thuận lợi.
Mua laptop Asus Zenbook 14 OLED UX3405MA-PP151W tại CellphoneS
Nếu bạn đang tìm kiếm sự hoàn hảo trong hiệu năng, thiết kế và trải nghiệm người dùng, thì laptop Asus Zenbook 14 OLED UX3405MA-PP151W sẽ là sự lựa chọn không nên bỏ lỡ. Và để sở hữu ngay chiếc laptop này với giá thành ưu đãi thì cửa hàng CellphoneS là địa chỉ mua sắm mà bạn nên ghé qua. Tại đây, các dòng sản phẩm được phân phối tới tay người tiêu dùng luôn đảm bảo chính hãng 100% và có chế độ bảo hành đầy đủ từ nhà sản xuất. Liên hệ thêm tới đường dây nóng 1800 2097 để nhận thêm thông tin và được hỗ trợ đặt mua sớm thế hệ laptop Asus Zenbook này ngay trong hôm nay bạn nhé!","{""Bộ xử lý & Đồ họa"": [{""name"": ""Loại card đồ họa"", ""value"": ""Intel® Arc Graphics""}, {""name"": ""Loại CPU"", ""value"": ""Intel® Core™ Ultra 5 125H 1.2 GHz (18MB Cache, tối đa 4.5 GHz, 14 nhân, 18 luồng); Intel® AI Boost NPU""}], ""Bộ nhớ RAM, Ổ cứng"": [{""name"": ""Dung lượng RAM"", ""value"": ""16GB""}, {""name"": ""Loại RAM"", ""value"": ""LPDDR5X on board""}, {""name"": ""Số khe ram"", ""value"": ""Không hỗ trợ nâng cấp""}, {""name"": ""Ổ cứng"", ""value"": ""512GB M.2 NVMe PCIe 4.0 SSD""}], ""Màn hình"": [{""name"": ""Tần số quét"", ""value"": ""Tần số quét 120Hz""}, {""name"": ""Chất liệu tấm nền"", ""value"": ""Tấm nền Oled""}, {""name"": ""Kích thước màn hình"", ""value"": ""14 inches""}, {""name"": ""Công nghệ màn hình"", ""value"": ""Tỷ lệ 16:10\nĐộ sáng tối đa 600 nits, bao phủ 100% DCI-P3\nĐạt chuẩn DisplayHDR™ True Black 600""}, {""name"": ""Độ phân giải màn hình"", ""value"": ""2880 x 1800 pixels""}], ""Âm thanh"": [{""name"": ""Công nghệ âm thanh"", ""value"": ""Smart Amp\nharman/kardon""}], ""Kích thước & Trọng lượng"": [{""name"": ""Chất liệu"", ""value"": ""Vỏ kim loại""}, {""name"": ""Kích thước"", ""value"": ""31.24 x 22.01 x 1.49 ~ 1.49 cm""}, {""name"": ""Trọng lượng"", ""value"": ""1.20 kg""}], ""Tiện ích khác"": [{""name"": ""Tính năng đặc biệt"", ""value"": ""Wi-Fi 6""}], ""Tính năng khác"": [{""name"": ""Loại đèn bàn phím"", ""value"": ""Backlit keyboard""}, {""name"": ""Bảo mật"", ""value"": ""McAfee® 30 days free trial\nIR webcam with Windows Hello support\nMcAfee®\nTrusted Platform Module (TPM) 2.0""}, {""name"": ""Webcam"", ""value"": ""FHD IR / 3DNR / ACS camera - nhận diện khuôn mặt""}, {""name"": ""Hệ điều hành"", ""value"": ""Windows 11 Home""}], ""Pin & công nghệ sạc"": [{""name"": ""Pin"", ""value"": ""75WHrs, 2S2P, 4-cell Li-ion""}], ""Cổng kết nối"": [{""name"": ""Wi-Fi"", ""value"": ""Wi-Fi 6E(802.11ax) (Dual band) 2*2""}, {""name"": ""Bluetooth"", ""value"": ""Bluetooth® 5.3""}, {""name"": ""Cổng giao tiếp"", ""value"": ""2 x Thunderbolt™ 4 Type-C®\n1 x USB 3.2 Gen 1 Type-A\n1 x HDMI® 2.1 (TMDS)\n1 x Audio jack""}]}","[""https://cdn2.cellphones.com.vn/x/media/catalog/product/l/a/laptop_asus_zenbook_14_oled_ux3405ma-pp151w_1_.png"", ""https://cdn2.cellphones.com.vn/x/media/catalog/product/a/s/asus-zenbook-14-oled-ux3405ma-ultra-5-pp151w-3.jpg"", ""https://cdn2.cellphones.com.vn/x/media/catalog/product/a/s/asus-zenbook-14-oled-ux3405ma-ultra-5-pp151w-2.jpg""]","{""product_color_1"": {""color"": ""Xanh dương"", ""image_url"": ""https://cellphones.com.vn/laptop-asus-zenbook-14-oled-ux3405ma-pp151w.html?product_id=74285"", ""price"": ""25.490.000₫""}}"
Laptop ASUS TUF Gaming F16 FX608JHI-TU209W,laptop-asus-zenbook-s16-um5606ga-ss384ws-ryzen-ai-9,42.990.000đ,40.090.000đ,,"{""Bộ xử lý & Đồ họa"": [{""name"": ""Loại card đồ họa"", ""value"": ""NVIDIA GeForce RTX 5050 8GB GDDR7\nIntel UHD Graphics""}, {""name"": ""Loại CPU"", ""value"": ""Intel Core i7 14650HX 2.2 GHz (30MB Cache, up to 5.2 GHz, 16 lõi, 24 luồng)""}], ""Bộ nhớ RAM, Ổ cứng"": [{""name"": ""Dung lượng RAM"", ""value"": ""16GB""}, {""name"": ""Loại RAM"", ""value"": ""DDR5-5600 SO-DIMM""}, {""name"": ""Số khe ram"", ""value"": ""2 khe (Nâng cấp tối đa 64GB)""}, {""name"": ""Ổ cứng"", ""value"": ""512GB PCIe 4.0 NVMe M.2 SSD (2 Khe cắm M.2 hỗ trợ cả SATA hoặc NVMe, tối đa 2TB)""}], ""Màn hình"": [{""name"": ""Tần số quét"", ""value"": ""144 Hz""}, {""name"": ""Chất liệu tấm nền"", ""value"": ""Tấm nền IPS""}, {""name"": ""Kích thước màn hình"", ""value"": ""16 inches""}, {""name"": ""Công nghệ màn hình"", ""value"": ""Độ sáng 400 nits\nĐộ tương phản 1000:1\nĐộ phủ màu: 72% NTSC / 100% sRGB / 75.35% AdobeRGB\nMàn hình chống chói\nNVIDIA G-Sync""}, {""name"": ""Độ phân giải màn hình"", ""value"": ""1920 x 1200 pixels (WUXGA)""}], ""Âm thanh"": [{""name"": ""Công nghệ âm thanh"", ""value"": ""Công nghệ khử ồn AI\nDolby Atmos\nChứng nhận Hi-Res Audio (cho tai nghe)""}], ""Cổng kết nối"": [{""name"": ""Khe đọc thẻ nhớ"", ""value"": ""Không""}, {""name"": ""Wi-Fi"", ""value"": ""Wi-Fi 6E(802.11ax) (Triple band) 2*2""}, {""name"": ""Bluetooth"", ""value"": ""Bluetooth 5.4""}, {""name"": ""Cổng giao tiếp"", ""value"": ""1 x RJ45 LAN\n1 x USB 3.2 Gen 2 Type-C (DisplayPort, Power Delivery, 10Gbps)\n3 x USB 3.2 Gen 2 Type-A (10Gbps)\n1 x HDMI 2.1 FRL\n1 x Jack tai nghe/mic 3.5 mm""}], ""Tiện ích khác"": [{""name"": ""Tính năng đặc biệt"", ""value"": ""Wi-Fi 6, MUX Switch""}], ""Tính năng khác"": [{""name"": ""Loại đèn bàn phím"", ""value"": ""Bàn phím Chiclet có đèn nền RGB 1 vùng Với phím Copilot\nAura Sync\nMUX Switch + NVIDIA Advanced Optimus""}, {""name"": ""Bảo mật"", ""value"": ""Bảo vệ bằng mật khẩu quản trị BIOS và mật khẩu người dùng\nMô-đun nền tảng đáng tin cậy (Phần mềm TPM)""}, {""name"": ""Webcam"", ""value"": ""1080P FHD Camera""}, {""name"": ""Hệ điều hành"", ""value"": ""Windows 11 Home""}], ""Pin & công nghệ sạc"": [{""name"": ""Pin"", ""value"": ""70WHrs, 4S1P, 4-cell Li-ion""}], ""Kích thước & Trọng lượng"": [{""name"": ""Kích thước"", ""value"": ""35.4 x 26.9 x 1.79 ~ 2.73 cm (Dài x Rộng x Dày)""}, {""name"": ""Trọng lượng"", ""value"": ""2.20 Kg""}]}","[""https://cdn2.cellphones.com.vn/x/media/catalog/product/l/a/laptop_asus_tuf_gaming_f16_fx608jhi-tu209w_-_1.png"", ""https://cdn2.cellphones.com.vn/x/media/catalog/product/l/a/laptop_asus_tuf_gaming_f16_fx608jhi-tu209w_-_3.png"", ""https://cdn2.cellphones.com.vn/x/media/catalog/product/l/a/laptop_asus_tuf_gaming_f16_fx608jhi-tu209w_-_2.png""]","{""product_color_1"": {""color"": ""Xám"", ""image_url"": ""https://cellphones.com.vn/laptop-asus-tuf-gaming-f16-fx608jhi-tu209w.html?product_id=129648"", ""price"": ""40.090.000₫""}}"
Laptop ASUS VivoBook 14 M1407KA-LY849W,laptop-asus-zenbook-duo-ux8406ca-pz109ws,24.990.000đ,21.490.000đ,,"{"""": [{""name"": """", ""value"": """"}]}","[""https://cdn2.cellphones.com.vn/x/media/catalog/product/l/a/laptop_asus_vivobook_14_m1407ka-ly849w_-_1.png"", ""https://cdn2.cellphones.com.vn/x/media/catalog/product/l/a/laptop_asus_vivobook_14_m1407ka-ly849w_-_2.png"", ""https://cdn2.cellphones.com.vn/x/media/catalog/product/l/a/laptop_asus_vivobook_14_m1407ka-ly849w_-_3.png""]","{""product_color_1"": {""color"": ""Bạc"", ""image_url"": ""https://cellphones.com.vn/laptop-asus-vivobook-14-m1407ka-ly849w-ryzen-ai-5.html?product_id=129597"", ""price"": ""21.490.000₫""}}"
Laptop ASUS ZenBook S16 UM5606GA-SS384WS,laptop-asus-zenbook-ux425ea-bm069t,52.990.000đ,48.490.000đ,"Đặc điểm nổi bật
Laptop ASUS Zenbook S16 UM5606GA-SS384WS Ryzen AI 9 nổi bật với màn hình OLED 3K 120Hz, RAM 32 GB LPDDR5X, đại diện cho dòng laptop AI thế hệ mới. Máy có RAM 32GB LPDDR5X, SSD 1TB PCIe 4.0 và thiết kế nhôm hiện đại. Trọng lượng laptop chỉ 1,5kg kết hợp phần khung vỏ đạt chuẩn MIL-STD 810H.
Nội dung chính
1. Laptop ASUS Zenbook S16 UM5606GA-SS384WS Ryzen AI 9 - Siêu phẩm laptop thế hệ mới
1.1. Nền tảng AI với NPU 50 TOPS vượt trội
1.2. 32GB LPDDR5X kèm SSD 1TB PCIe G4 hiệu suất cao
1.3. Thiết kế màu Trắng Scandinavian tinh tế
1.4. CPU Ryzen AI 9 và GPU AMD Radeon 880M mạnh mẽ
1.5. Pin 83Wh và tích hợp các cổng kết nối toàn diện
1.6. Màn hình OLED 120Hz và âm thanh Smart Amp
2. Mua laptop ASUS Zenbook S16 UM5606GA-SS384WS Ryzen AI 9 tại CellphoneS
Laptop ASUS Zenbook S16 UM5606GA-SS384WS Ryzen AI 9 - Siêu phẩm laptop thế hệ mới
Laptop AI này gây ấn tượng với người dùng bởi sức mạnh vận hành và phong cách thiết kế sang trọng. Zenbook S16 còn là dòng laptop AI cao cấp của ASUS, được thiết kế hướng đến nhóm người làm việc có nhu cầu sáng tạo nội dung chất lượng.
Nền tảng AI với NPU 50 TOPS vượt trội
Laptop ASUS Zenbook S16 UM5606GA-SS384WS Ryzen AI 9 được trang bị bộ xử lý AI AMD XDNA NPU, đáp ứng tốt các tác vụ trí tuệ nhân tạo đòi hỏi độ xử lý cao. Nhờ đó, thiết bị không hề phụ thuộc vào đám mây, thay vào đó đã trực tiếp xử lý những tác vụ AI trên máy.
Trang bị NPU 50 TOPS vượt trội
Máy còn tích hợp tính năng AI Noise Canceling thông qua phần mềm MyASUS, giúp lọc tiếng ồn xung quanh trong các cuộc họp trực tuyến. Bàn phím được trang bị phím Copilot, hỗ trợ kết nối nhanh đến trợ lý AI trên Windows 11. Tổ hợp công nghệ AI của máy tính còn giúp nâng cao trải nghiệm làm việc thông minh hàng ngày.
32GB LPDDR5X kèm SSD 1TB PCIe G4 hiệu suất cao
Laptop ASUS Zenbook S16 UM5606GA-SS384WS Ryzen AI 9 được trang bị RAM 32GB LPDDR5X hàn trực tiếp trên bo mạch chủ. Nhờ đó, việc truy xuất dữ liệu của máy được nâng cấp với tốc độ cao hơn. RAM cao giúp thiết bị có thể vận hành nhiều tiến trình đồng thời, thỏa mãn yêu cầu đa nhiệm hằng ngày.
Máy đáp ứng nhu cầu làm việc đa nhiệm của người dùng
Bộ nhớ 1TB chuẩn M.2 NVMe PCIe Gen4 mang lại băng thông vượt trội, rút ngắn thời gian mở máy và truy cập phần mềm. Khe M.2 2280 PCIe 4.0 x4 giúp thực hiện mở rộng dung lượng lưu trữ trong tương lai khi người dùng cần. Cấu hình bộ nhớ tổng thể của máy còn đáp ứng tốt nhu cầu lưu trữ lâu dài cho công việc hoặc giải trí.
Thiết kế màu Trắng Scandinavian tinh tế
Laptop ASUS Zenbook S16 UM5606GA-SS384WS Ryzen AI 9 sở hữu thiết kế nhôm với màu trắng Scandinavian thanh lịch, trải dài đến mặt đáy của thiết bị. Trọng lượng máy chỉ 1.5kg và dày từ 1.19-1.29cm có thể mang theo một cách dễ dàng. Độ mỏng nhẹ của laptop kết hợp vật liệu nhôm cao cấp mang lại một vẻ ngoài hiện đại.
Zenbook S16 có sở hữu thiết kế nhôm sang trọng
Thiết bị đáp ứng tiêu chuẩn quân sự MIL-STD 810H Hoa Kỳ, vận hành bền bỉ khi chịu đa dạng tác động môi trường. Bàn phím Chiclet màu trắng có đèn nền, hòa hợp với tổng thể màu sắc của máy. Màn hình có tỷ lệ màn hình/thân máy lên đến 90%, tạo cảm giác rộng rãi và hiện đại khi sử dụng.
CPU Ryzen AI 9 và GPU AMD Radeon 880M mạnh mẽ
Laptop ASUS Zenbook S16 UM5606GA-SS384WS Ryzen AI 9 được vận hành bởi CPU GORGON POINT 10C (GPT1) với kiến trúc xử lý nhiều nhân hiện đại. Chip xử lý được tinh chỉnh tối ưu để máy có thể xử lý các tác vụ nặng hiệu quả hơn. Hiệu suất CPU của laptop bền bỉ, đảm bảo hiệu quả xử lý dữ liệu liên tục suốt nhiều giờ.
Siêu phẩm laptop AI thế hệ mới mạnh mẽ
GPU AMD Radeon 880M tích hợp cung cấp hiệu năng đồ họa đủ để xử lý tác vụ đa phương tiện và thiết kế cơ bản. Card đồ họa dùng chung bộ nhớ với RAM hệ thống, giúp tối ưu năng lượng trong quá trình sử dụng. ASUS Zenbook S16 UM5606GA-SS384WS phù hợp với người làm văn phòng, người sáng tạo nội dung.
Pin 83Wh và tích hợp các cổng kết nối toàn diện
Laptop ASUS Zenbook S16 UM5606GA-SS384WS Ryzen AI 9 được trang bị pin 83Wh 4 cell, cung cấp thời lượng sử dụng lâu dài cho người dùng. Máy hỗ trợ sạc qua cổng USB Type-C với adapter 68W, giúp nạp pin nhanh chóng và tiện lợi. Tuổi thọ pin của thiết bị được tối ưu thêm thông qua tính năng Battery Health Charging.
Thiết kế mỏng nhẹ, tích hợp cổng kết nối đa dạng
Hệ thống cổng kết nối gồm 1 USB 3.2 Gen 2 Type-A, 2 USB 4.0 Gen 3 Type-C hỗ trợ xuất hình và sạc, 1 HDMI 2.1 và 1 jack âm thanh 3,5mm. Ngoài ra còn có đầu đọc thẻ SD 4.0, tiện lợi cho người làm việc với máy ảnh và thiết bị ngoại vi. Kết nối không dây của laptop gồm Wi-Fi 7 ba băng tần và tích hợp Bluetooth 5.4 hiện đại.
Màn hình OLED 120Hz và âm thanh Smart Amp
Laptop ASUS ZenBook S16 UM5606GA-SS384WS Ryzen AI 9 sở hữu tấm nền OLED 16 inch chuẩn 3K (2880x1800). Tốc độ làm mới đạt 120Hz cùng độ trễ hiển thị chỉ 0.2ms. Màn hình được chứng nhận VESA Display HDR True Black 1000, độ sáng cực đại 1000 nits và bao phủ trọn vẹn 100% gam màu DCI-P3.
Màn hình OLED 3K của ASUS Zenbook S16 hiện đại
Máy được tích hợp giải pháp hạn chế 70% ánh sáng xanh gây hại, đáp ứng tiêu chuẩn TÜV Rheinland và SGS Eye Care, giảm mỏi mắt khi làm việc thời gian dài. Công nghệ Smart Amp kết hợp micro đa hướng tích hợp tái tạo âm thanh trong trẻo, chi tiết và rõ ràng hơn.
Mua laptop ASUS Zenbook S16 UM5606GA-SS384WS Ryzen AI 9 tại CellphoneS
Tư vấn viên của CellphoneS luôn luôn sẵn sàng hỗ trợ khách hàng lựa chọn dòng máy có cấu hình phù hợp. Hãy trải nghiệm sản phẩm trực tiếp tại các cửa hàng CellphoneS trên toàn quốc hoặc đặt hàng trực tuyến để được giao hàng tận nơi.
Khách hàng có thể mua laptop ASUS Zenbook S16 UM5606GA-SS384WS Ryzen AI 9 tại CellphoneS với chính sách giá tốt kèm nhiều ưu đãi hấp dẫn. CellphoneS cung cấp các dòng máy tính chính hãng và hỗ trợ khách hàng trả góp linh hoạt.","{""Bộ xử lý & Đồ họa"": [{""name"": ""Chip AI"", ""value"": ""AMD XDNA NPU up to 50TOPS""}, {""name"": ""Loại card đồ họa"", ""value"": ""AMD Radeon 880M Graphics""}, {""name"": ""Loại CPU"", ""value"": ""CPU AMD Ryzen AI 9 465 (2.0 GHz - 5.0 GHz/ 24MB/ 10 nhân, 20 luồng)""}], ""Bộ nhớ RAM, Ổ cứng"": [{""name"": ""Dung lượng RAM"", ""value"": ""32GB""}, {""name"": ""Loại RAM"", ""value"": ""LPDDR5X on board""}, {""name"": ""Ổ cứng"", ""value"": ""1TB M.2 NVMe PCIe 4.0 SSD""}], ""Màn hình"": [{""name"": ""Tần số quét"", ""value"": ""120Hz""}, {""name"": ""Chất liệu tấm nền"", ""value"": ""Tấm nền Oled""}, {""name"": ""Kích thước màn hình"", ""value"": ""16 inches""}, {""name"": ""Công nghệ màn hình"", ""value"": ""Độ sáng 500 nits\nĐộ sáng đỉnh HDR 1000 nits\nĐộ phủ màu 100% DCI-P3\nGamut mapping\nTỷ lệ tương phản: 1.000.000:1\nVESA DisplayHDR True Black 1000\n1.07 tỷ màu\nGiảm 70% ánh sáng xanh\nSGS Eye Care Display""}, {""name"": ""Độ phân giải màn hình"", ""value"": ""2880 x 1800 pixels""}], ""Âm thanh"": [{""name"": ""Công nghệ âm thanh"", ""value"": ""Công nghệ Smart Amp\nLoa tích hợp\nMicro tích hợp (array microphone)""}], ""Kích thước & Trọng lượng"": [{""name"": ""Chất liệu"", ""value"": ""Vỏ kim loại""}, {""name"": ""Chất liệu vỏ màn hình"", ""value"": ""Nhôm""}, {""name"": ""Chất liệu vỏ trên"", ""value"": ""Nhôm""}, {""name"": ""Chất liệu vỏ dưới"", ""value"": ""Nhôm""}, {""name"": ""Kích thước"", ""value"": ""35.36 x 24.30 x 1.19 ~ 1.29 cm (Dài x Rộng x Dày)""}, {""name"": ""Trọng lượng"", ""value"": ""1.50 kg""}], ""Tiện ích khác"": [{""name"": ""Tính năng đặc biệt"", ""value"": ""Nhận diện khuôn mặt, Màn hình Oled, Wi-Fi 7""}], ""Tính năng khác"": [{""name"": ""Loại đèn bàn phím"", ""value"": ""Bàn phím Chiclet có đèn nền Với phím Copilot""}, {""name"": ""Bảo mật"", ""value"": ""Webcam hồng ngoại (IR) hỗ trợ Windows Hello\nBộ xử lý bảo mật Microsoft Pluton\nTrusted Platform Module (Firmware TPM)""}, {""name"": ""Webcam"", ""value"": ""Camera FHD tích hợp chức năng hồng ngoại, hỗ trợ Windows Hello""}, {""name"": ""Hệ điều hành"", ""value"": ""Windows 11 Home""}], ""Pin & công nghệ sạc"": [{""name"": ""Pin"", ""value"": ""83WHrs, 4S1P, 4-cell Li-ion""}], ""Cổng kết nối"": [{""name"": ""Wi-Fi"", ""value"": ""Wi-Fi 7(802.11be) (Tri-band)2*2""}, {""name"": ""Bluetooth"", ""value"": ""Bluetooth 5.4""}, {""name"": ""Cổng giao tiếp"", ""value"": ""1 x USB 3.2 Gen 2 Type-A (10Gbps)\n2 x USB 4.0 Gen 3 Type-C (40Gbps, hỗ trợ xuất hình & Power Delivery)\n1 x HDMI 2.1 (TMDS)\n1 x Jack tai nghe/micro 3,5mm\n1 x Khe đọc thẻ SD 4.0""}]}","[""https://cdn2.cellphones.com.vn/x/media/catalog/product/l/a/laptop_asus_zenbook_s16_um5606ga-ss384ws_-_1.png"", ""https://cdn2.cellphones.com.vn/x/media/catalog/product/l/a/laptop_asus_zenbook_s16_um5606ga-ss384ws_-_2.png"", ""https://cdn2.cellphones.com.vn/x/media/catalog/product/l/a/laptop_asus_zenbook_s16_um5606ga-ss384ws_-_3_1.png""]","{""product_color_1"": {""color"": ""Trắng"", ""image_url"": ""https://cellphones.com.vn/laptop-asus-zenbook-s16-um5606ga-ss384ws-ryzen-ai-9.html?product_id=125008"", ""price"": ""48.490.000₫""}}"
Laptop ASUS Zenbook DUO UX8406CA-PZ109WS,laptop-asus-gaming-rog-strix-g531gt-al030t,61.990.000đ,55.890.000đ,"Đặc điểm nổi bật
Laptop ASUS Zenbook DUO UX8406CA-PZ109WS được đánh giá cao bởi bộ vi xử lý U9-285H, dung lượng RAM 32GB, màn hình 14 inch giúp tối ưu trải nghiệm sử dụng. Mẫu laptop ASUS AI này còn nổi bật với cấu trúc màn hình kép tăng cường năng suất làm việc. Tần số quét lên đến 120 Hz cho chất lượng hình ảnh tuyệt vời và tối ưu các chuyển động.
Nội dung chính
1. Laptop ASUS Zenbook DUO UX8406CA-PZ109WS - Hiệu suất mạnh mẽ, màn hình kép hiện đại
1.1. Hoạt động mượt mà với RAM, bộ nhớ lớn
1.2. Thiết kế và màu sắc kết hợp hoàn hảo
1.3. Pin laptop bền bỉ, kết nối linh hoạt
1.4. Màn hình OLED ASUS sống động, chất lượng hiển thị vượt trội
2. Mua ngay laptop ASUS Zenbook DUO UX8406CA-PZ109WS chính hãng tại CellphoneS
Laptop ASUS Zenbook DUO UX8406CA-PZ109WS - Hiệu suất mạnh mẽ, màn hình kép hiện đại
ASUS Zenbook DUO cung cấp trải nghiệm làm việc tốt nhất với thiết kế hai màn hình OLED độc đáo, độ linh hoạt cao và công nghệ hiện đại tích hợp. Hãy cùng tham khảo chi tiết các ưu điểm của laptop ngay trong bài viết dưới đây!
Hoạt động mượt mà với RAM, bộ nhớ lớn
Laptop ASUS Zenbook DUO UX8406CA-PZ109WS sở hữu hiệu suất vượt trội nhờ bộ nhớ RAM lên tới 32GB, giúp xử lý đa nhiệm mượt mà, ổn định. Nhờ vậy, các ứng dụng có khả năng hoạt động cùng thời điểm mà không bị giật lag. Công việc sáng tạo, lập trình hay chỉnh sửa nội dung chuyên nghiệp của người dùng từ đó trở nên hiệu quả và ổn định hơn.
Bên cạnh đó, ổ cứng SSD 1TB tốc độ cao được tích hợp không chỉ giúp máy khởi động nhanh, mà còn đảm bảo truy xuất dữ liệu tức thì. Do vậy, các tác vụ từ lưu trữ đến xử lý công việc được diễn ra nhanh chóng hơn, nâng cấp hoàn toàn trải nghiệm người dùng.
Thiết kế và màu sắc kết hợp hoàn hảo
Thiết bị ASUS Zenbook DUO đặc trưng bởi thiết kế hiện đại, đường viền máy tinh xảo và độ hoàn thiện cao. Với kiểu dáng mỏng nhẹ, laptop vừa dễ mang theo vừa tạo cảm giác chuyên nghiệp. Phần bản lề máy chế tác vô cùng chắc chắn, đảm bảo tốt trải nghiệm khi sử dụng màn hình kép.
Điểm nhấn tiếp theo của laptop ASUS Zenbook DUO UX8406CA-PZ109WS là màu sắc, vừa thanh lịch vừa cao cấp. Lớp vỏ kim loại máy cấu tạo tỉ mỉ, tăng độ sang trọng nhưng vẫn đảm bảo độ bền bỉ. Tuy sở hữu hệ thống màn hình kép nhưng mẫu laptop Asus này vânx duy trì được sự cơ động.
Pin laptop bền bỉ, kết nối linh hoạt
ASUS Zenbook DUO UX8406CA-PZ109WS sở hữu viên pin dung lượng đỉnh, đảm bảo máy hoạt động ổn định trong nhiều giờ. Công nghệ tiết kiệm năng lượng thông minh tích hợp giúp tăng cường thời gian sử dụng và hạn chế tần suất sạc pin trong ngày. 
Laptop ASUS Zenbook DUO UX8406CA-PZ109WS có đầy đủ cổng kết nối hiện đại, tăng cường tiện lợi. Cổng USB-C hỗ trợ Thunderbolt 4 đem lại tốc độ truyền dữ liệu nhanh, có khả năng kết nối với màn hình rời hay ổ cứng ngoài dễ dàng. 
Máy còn sở hữu cổng kết nối HDMI cho phép xuất hình ảnh sắc nét, hỗ trợ làm việc và giải trí hiệu quả hơn. Mặt khác, sản phẩm được trang bị jack tai nghe 3.5mm cùng nhiều cổng USB khác, đáp ứng tốt nhu cầu sử dụng đa dạng.
Hệ thống âm thanh Harman Kardon của laptop ASUS Zenbook DUO UX8406CA-PZ109WS cũng là một trong những ưu điểm tuyệt vời của thiết bị. Công nghệ Dolby Atmos được trang bị giúp tái tạo âm thanh vòm chân thực, mang lại trải nghiệm giải trí như xem phim hay nghe nhạc ấn tượng.
Phần loa kép laptop ASUS Zenbook DUO UX8406CA-PZ109WS được tinh chỉnh hỗ trợ âm thanh thêm to rõ, hạn chế méo tiếng ngay cả ở mức âm lượng cao. Dù làm việc hay giải trí, người dùng vẫn có thể tận hưởng chất âm trong trẻo, êm ái nhất.
Màn hình OLED ASUS sống động, chất lượng hiển thị vượt trội
Laptop ASUS Zenbook DUO UX8406CA-PZ109WS có cấu trúc màn hình OLED chất lượng cao, cung cấp hình ảnh sống động với độ chính xác màu vượt trội. Công nghệ OLED của màn hình giúp tăng cường độ tương phản, cho màu đen sâu và màu hiển thị rực rỡ hơn so với màn hình LCD truyền thống. 
Nhờ độ phân giải 3K, mọi chi tiết màn hình đều rõ ràng, giúp trải nghiệm xem phim, làm việc và sáng tạo nội dung trở nên ấn tượng hơn. Độ sáng cao, dải màu rộng cũng góp phần cải thiện chất lượng hiển thị trong các điều kiện ánh sáng riêng biệt.
Tần số quét máy lên đến 120 Hz, giúp tối ưu các chuyển động hỗ trợ các tác vụ mượt mà hơn. Điều này đặc biệt quan trọng đối với người dùng thường xuyên làm việc trong lĩnh vực đồ họa, chỉnh sửa video hoặc chơi game. 
Hệ thống tần số quét của laptop ASUS Zenbook DUO UX8406CA-PZ109WS còn giúp giảm hiện tượng giật lag, tăng trải nghiệm sử dụng. Vì vậy, các thao tác laptop như cuộn trang, chuyển đổi ứng dụng, xem video đều rất trơn tru, không gặp tình trạng trễ hình.
Mua ngay laptop ASUS Zenbook DUO UX8406CA-PZ109WS chính hãng tại CellphoneS
Laptop ASUS Zenbook DUO UX8406CA-PZ109WS gây ấn tượng với thiết kế hiện đại, màn hình sống động, hiệu năng mạnh mẽ. Đây là dòng máy tính xách tay đáng sở hữu để tối ưu các tác vụ hàng ngày. CellphoneS hiện đang là nhà cung cấp sản phẩm với ưu đãi trả góp 0% trong 12 tháng.
Hãy nhanh tay sở hữu ASUS Zenbook DUO chính hãng với mức giá ưu đãi. Đặt hàng ngay tại website hoặc đến CellphoneS gần nhất để nhận ưu đãi nhé!","{""Bộ xử lý & Đồ họa"": [{""name"": ""Chip AI"", ""value"": ""Intel AI Boost NPU up to 13""}, {""name"": ""Loại card đồ họa"", ""value"": ""Intel Arc Graphics""}, {""name"": ""Loại CPU"", ""value"": ""Intel Core Ultra 9 285H 2.9 GHz (24MB Cache, up to 5.4 GHz, 16 lõi, 16 luồng)""}], ""Bộ nhớ RAM, Ổ cứng"": [{""name"": ""Dung lượng RAM"", ""value"": ""32GB""}, {""name"": ""Loại RAM"", ""value"": ""LPDDR5X Onboard""}, {""name"": ""Ổ cứng"", ""value"": ""1TB M.2 NVMe PCIe 4.0 SSD""}], ""Màn hình"": [{""name"": ""Tần số quét"", ""value"": ""120 Hz""}, {""name"": ""Kích thước màn hình"", ""value"": ""14 inches""}, {""name"": ""Công nghệ màn hình"", ""value"": ""Thời gian phản hồi 0.2ms\nĐộ sáng 400nits\nĐộ sáng tối đa 500nits HDR\nĐộ phủ màu 100% DCI-P3\nGamut mapping\nHDR True Black 500\n1.07 tỷ màu\nGiảm 70% ánh sáng xanh có hại""}, {""name"": ""Độ phân giải màn hình"", ""value"": ""2880 x 1800 pixels""}], ""Âm thanh"": [{""name"": ""Công nghệ âm thanh"", ""value"": ""Công nghệ Smart Amp\nLoa tích hợp\nMicrô mảng tích hợp""}], ""Kích thước & Trọng lượng"": [{""name"": ""Chất liệu"", ""value"": ""Vỏ kim loại""}, {""name"": ""Chất liệu vỏ màn hình"", ""value"": ""Mg-Al""}, {""name"": ""Chất liệu vỏ trên"", ""value"": ""Mg-Al""}, {""name"": ""Chất liệu vỏ dưới"", ""value"": ""Mg-Al""}, {""name"": ""Kích thước"", ""value"": ""31.35 x 21.79 x 1.46 ~ 1.99 cm (Dài x Rộng x Dày)\nKích thước cho bàn phím: 31.28 x 20.90 x 0.51 ~ 0.53 cm""}, {""name"": ""Trọng lượng"", ""value"": ""1.65 kg\nTrọng lượng máy: 1.35 kg\nTrọng lượng của bàn phím: 0.30 kg""}], ""Tiện ích khác"": [{""name"": ""Tính năng đặc biệt"", ""value"": ""Màn hình cảm ứng, Nhận diện khuôn mặt, Màn hình Oled, Wi-Fi 7""}], ""Tính năng khác"": [{""name"": ""Loại đèn bàn phím"", ""value"": ""Bàn phím mềm""}, {""name"": ""Bảo mật"", ""value"": ""Webcam IR hỗ trợ Windows Hello\nTrusted Platform Module (Phần mềm TPM)""}, {""name"": ""Webcam"", ""value"": ""Camera FHD có chức năng IR hỗ trợ Windows Hello""}, {""name"": ""Hệ điều hành"", ""value"": ""Windows 11 Home + Microsoft Office Home 2024 + Microsoft 365 Basic""}], ""Pin & công nghệ sạc"": [{""name"": ""Pin"", ""value"": ""75WHrs, 4S1P, 4-cell Li-ion""}], ""Cổng kết nối"": [{""name"": ""Wi-Fi"", ""value"": ""Wi-Fi 7(802.11be) (Tri-band)2*2""}, {""name"": ""Bluetooth"", ""value"": ""Bluetooth 5.4""}, {""name"": ""Cổng giao tiếp"", ""value"": ""1x USB 3.2 Gen 1 Type-A (tốc độ dữ liệu lên đến 5Gbps)\n2x Thunderbolt 4 hỗ trợ hiển thị/cung cấp điện (tốc độ dữ liệu lên đến 40Gbps)\n1x HDMI 2.1 TMDS\n1x Giắc cắm âm thanh kết hợp 3.5mm""}]}","[""https://cdn2.cellphones.com.vn/x/media/catalog/product/l/a/laptop_asus_zenbook_duo_ux8406ca-pz109ws_-_1.png"", ""https://cdn2.cellphones.com.vn/x/media/catalog/product/l/a/laptop_asus_zenbook_duo_ux8406ca-pz109ws_-_2.png"", ""https://cdn2.cellphones.com.vn/x/media/catalog/product/l/a/laptop_asus_zenbook_duo_ux8406ca-pz109ws_-_3.png""]","{""product_color_1"": {""color"": ""Xám"", ""image_url"": ""https://cellphones.com.vn/laptop-asus-zenbook-duo-ux8406ca-pz109ws.html?product_id=101119"", ""price"": ""55.890.000₫""}}"
,laptop-asus-vivobook-s16-s3607aa-sh043w,N/A,N/A,N/A,{},[],{}
Laptop ASUS Zenbook UX425EA BM069T,laptop-asus-gaming-rog-strix-g512-ihn281t,N/A,N/A,,"{""Bộ xử lý & Đồ họa"": [{""name"": ""Loại card đồ họa"", ""value"": ""Intel Iris Xe Graphics""}, {""name"": ""Loại CPU"", ""value"": ""Intel Core i5 Tiger Lake - 1135G7""}], ""Bộ nhớ RAM, Ổ cứng"": [{""name"": ""Dung lượng RAM"", ""value"": ""8GB""}, {""name"": ""Loại RAM"", ""value"": ""LPDDR4X (On board)""}, {""name"": ""Ổ cứng"", ""value"": ""512 GB SSD NVMe PCIe""}], ""Màn hình"": [{""name"": ""Tần số quét"", ""value"": ""60Hz""}, {""name"": ""Chất liệu tấm nền"", ""value"": ""Tấm nền IPS""}, {""name"": ""Kích thước màn hình"", ""value"": ""14 inches""}, {""name"": ""Công nghệ màn hình"", ""value"": ""Chống chói Anti Glare\nTấm nền IPS\nLED Backlit""}, {""name"": ""Độ phân giải màn hình"", ""value"": ""1920 x 1080 pixels (FullHD)""}], ""Âm thanh"": [{""name"": ""Công nghệ âm thanh"", ""value"": ""Audio by Harman/Kardon""}], ""Cổng kết nối"": [{""name"": ""Khe đọc thẻ nhớ"", ""value"": ""Có""}, {""name"": ""Wi-Fi"", ""value"": ""WiFi 6 (802.11ax)""}, {""name"": ""Bluetooth"", ""value"": ""v5.0""}, {""name"": ""Cổng giao tiếp"", ""value"": ""1 x USB 3.2\n2 x Thunderbolt 4 USB-C\nHDMI""}], ""Kích thước & Trọng lượng"": [{""name"": ""Chất liệu"", ""value"": ""Vỏ kim loại""}, {""name"": ""Kích thước"", ""value"": ""319 mm x 208 mm x13.9 mm""}, {""name"": ""Trọng lượng"", ""value"": ""1.17 kg""}], ""Tiện ích khác"": [{""name"": ""Tính năng đặc biệt"", ""value"": ""Wi-Fi 6, Nhận diện khuôn mặt""}], ""Tính năng khác"": [{""name"": ""Webcam"", ""value"": ""Camera HD với chức năng IR để hỗ trợ Windows Hello""}, {""name"": ""Hệ điều hành"", ""value"": ""Windows 10 Home SL""}], ""Thông số khác"": [{""name"": ""Hãng sản xuất"", ""value"": ""ASUS""}], ""Pin & công nghệ sạc"": [{""name"": ""Pin"", ""value"": ""4-cell Li-ion""}]}","[""https://cdn2.cellphones.com.vn/x/media/catalog/product/l/a/laptop_asus_zenbook_ux425ea_bm069t.png"", ""https://cdn2.cellphones.com.vn/x/media/catalog/product/1/3/13_5_24_2.jpg"", ""https://cdn2.cellphones.com.vn/x/media/catalog/product/9/_/9_9_26_2.jpg""]",{}
Laptop ASUS Gaming ROG Strix G531GT-AL030T,laptop-asus-rog-strix-g16-g614pp-ts112w,N/A,N/A,"ROG Strix G531GT-AL030T được đánh giá là dòng máy Asus Rog có bộ xử lý mạnh mẽ, dung lượng ổ cứng cao góp phần gia tăng tốc độ, mang lại tình trạng mượt mà cho bạn trong suốt quá trình chơi game. Cùng với màn hình 144hz luôn mang lại khả năng mang lại hình ảnh sắc nét, chi tiết, gia tăng trải nghiệm cho người dùng.","{""Bộ xử lý & Đồ họa"": [{""name"": ""Loại card đồ họa"", ""value"": ""NVIDIA GeForce GTX 1650 4GB GDDR5 + Intel UHD Graphics 630""}, {""name"": ""Loại CPU"", ""value"": ""Intel Core i7-9750H 2.6GHz up to 4.5GHz 12MB""}], ""Bộ nhớ RAM, Ổ cứng"": [{""name"": ""Dung lượng RAM"", ""value"": ""8GB""}, {""name"": ""Loại RAM"", ""value"": ""DDR4""}, {""name"": ""Số khe ram"", ""value"": ""2 khe (Hỗ trợ tối đa 32GB)""}, {""name"": ""Ổ cứng"", ""value"": ""1TB HDD - 256GB SSD""}], ""Màn hình"": [{""name"": ""Tần số quét"", ""value"": ""144Hz""}, {""name"": ""Chất liệu tấm nền"", ""value"": ""Tấm nền IPS""}, {""name"": ""Kích thước màn hình"", ""value"": ""15.6 inches""}, {""name"": ""Công nghệ màn hình"", ""value"": ""15.6\"" FHD (1920 x 1080) IPS, Wide View, Narrow Bezel""}, {""name"": ""Độ phân giải màn hình"", ""value"": ""1920 x 1080 pixels (FullHD)""}], ""Âm thanh"": [{""name"": ""Công nghệ âm thanh"", ""value"": ""Smart AMP""}], ""Cổng kết nối"": [{""name"": ""Khe đọc thẻ nhớ"", ""value"": ""Có""}, {""name"": ""Wi-Fi"", ""value"": ""Intel® 802.11AX (2x2)""}, {""name"": ""Bluetooth"", ""value"": ""v5.0""}, {""name"": ""Cổng giao tiếp"", ""value"": ""3x USB 3.1, HDMI, RJ-45""}], ""Kích thước & Trọng lượng"": [{""name"": ""Chất liệu"", ""value"": ""Vỏ nhựa""}, {""name"": ""Kích thước"", ""value"": ""360 x 275 x 21~25.8 (mm)""}, {""name"": ""Trọng lượng"", ""value"": ""2.4 kg""}], ""Tính năng khác"": [{""name"": ""Webcam"", ""value"": ""HD webcam""}, {""name"": ""Hệ điều hành"", ""value"": ""Windows 10 Home SL""}], ""Thông số khác"": [{""name"": ""Hãng sản xuất"", ""value"": ""ASUS""}], ""Pin & công nghệ sạc"": [{""name"": ""Pin"", ""value"": ""3 Cell 48WHr""}], ""Loại máy & Chức năng"": [{""name"": ""Loại máy"", ""value"": ""In Laser đen trắng""}]}","[""https://cdn2.cellphones.com.vn/x/media/catalog/product/l/a/laptop_asus_gaming_rog_strix_g531gt-al030t.png"", ""https://cdn2.cellphones.com.vn/x/media/catalog/product/l/a/laptop-asus-gaming-rog-strix-g531gt_3__2.jpg"", ""https://cdn2.cellphones.com.vn/x/media/catalog/product/l/a/laptop-asus-gaming-rog-strix-g531gt_2__3.jpg""]",{}
