name,sku,base_price,sale_price,description,specifications,images,colors
iPhone 17 Pro 256GB | Chính hãng,iphone-17-pro,,,,,"[""https://cdn2.cellphones.com.vn/x/media/catalog/product/i/p/iphone-17-pro-2_1_1.jpg"", ""https://cdn2.cellphones.com.vn/x/media/catalog/product/i/p/iphone-17-pro-3_1_1.jpg"", ""https://cdn2.cellphones.com.vn/x/media/catalog/product/i/p/iphone-17-pro-4_1.jpg"", ""https://cdn2.cellphones.com.vn/x/media/catalog/product/i/p/iphone-17-pro-5_1.jpg"", ""https://cdn2.cellphones.com.vn/x/media/catalog/product/i/p/iphone-17-pro-6_1.jpg"", ""https://cdn2.cellphones.com.vn/x/media/catalog/product/i/p/iphone-17-pro-7_1.jpg"", ""https://cdn2.cellphones.com.vn/x/media/catalog/product/i/p/iphone-17-pro-8_1.jpg"", ""https://cdn2.cellphones.com.vn/x/media/catalog/product/i/p/iphone-17-pro-9_1.jpg""]","{""product_color_1"": {""color"": ""Xanh Đậm"", ""image_url"": ""https://cdn2.cellphones.com.vn/insecure/rs:fill:50:50/q:90/plain/https://cellphones.com.vn/media/catalog/product/i/p/iphone-17-pro-2.jpg"", ""image_url_display"": ""https://cellphones.com.vn/media/catalog/product/i/p/iphone-17-pro-2.jpg"", ""product_url"": ""https://cellphones.com.vn/iphone-17-pro.html?product_id=112599"", ""price"": ""33.890.000₫""}, ""product_color_2"": {""color"": ""Cam Vũ Trụ"", ""image_url"": ""https://cdn2.cellphones.com.vn/insecure/rs:fill:50:50/q:90/plain/https://cellphones.com.vn/media/catalog/product/i/p/iphone-17-pro-cam.jpg"", ""image_url_display"": ""https://cellphones.com.vn/media/catalog/product/i/p/iphone-17-pro-cam.jpg"", ""product_url"": ""https://cellphones.com.vn/iphone-17-pro.html?product_id=112597"", ""price"": ""33.790.000₫""}, ""product_color_3"": {""color"": ""Bạc"", ""image_url"": ""https://cdn2.cellphones.com.vn/insecure/rs:fill:50:50/q:90/plain/https://cellphones.com.vn/media/catalog/product/i/p/iphone-17-pro-3.jpg"", ""image_url_display"": ""https://cellphones.com.vn/media/catalog/product/i/p/iphone-17-pro-3.jpg"", ""product_url"": ""https://cellphones.com.vn/iphone-17-pro.html?product_id=112596"", ""price"": ""33.890.000₫""}}"
iPhone 17 Pro Max 256GB | Chính hãng,iphone-17-pro-max,,,,,"[""https://cdn2.cellphones.com.vn/x/media/catalog/product/i/p/iphone-17-pro-max-2_1_1.jpg"", ""https://cdn2.cellphones.com.vn/x/media/catalog/product/i/p/iphone-17-pro-max-3.jpg"", ""https://cdn2.cellphones.com.vn/x/media/catalog/product/i/p/iphone-17-pro-max-4.jpg"", ""https://cdn2.cellphones.com.vn/x/media/catalog/product/i/p/iphone-17-pro-max-5.jpg"", ""https://cdn2.cellphones.com.vn/x/media/catalog/product/i/p/iphone-17-pro-max-6.jpg"", ""https://cdn2.cellphones.com.vn/x/media/catalog/product/i/p/iphone-17-pro-max-7.jpg"", ""https://cdn2.cellphones.com.vn/x/media/catalog/product/i/p/iphone-17-pro-max-8.jpg"", ""https://cdn2.cellphones.com.vn/x/media/catalog/product/i/p/iphone-17-pro-max-9.jpg""]","{""product_color_1"": {""color"": ""Cam Vũ Trụ"", ""image_url"": ""https://cdn2.cellphones.com.vn/insecure/rs:fill:50:50/q:90/plain/https://cellphones.com.vn/media/catalog/product/i/p/iphone-17-pro-max.jpg"", ""image_url_display"": ""https://cellphones.com.vn/media/catalog/product/i/p/iphone-17-pro-max.jpg"", ""product_url"": ""https://cellphones.com.vn/iphone-17-pro-max.html?product_id=112615"", ""price"": ""36.890.000₫""}, ""product_color_2"": {""color"": ""Bạc"", ""image_url"": ""https://cdn2.cellphones.com.vn/insecure/rs:fill:50:50/q:90/plain/https://cellphones.com.vn/media/catalog/product/i/p/iphone-17-pro-max-2.jpg"", ""image_url_display"": ""https://cellphones.com.vn/media/catalog/product/i/p/iphone-17-pro-max-2.jpg"", ""product_url"": ""https://cellphones.com.vn/iphone-17-pro-max.html?product_id=112613"", ""price"": ""36.990.000₫""}, ""product_color_3"": {""color"": ""Xanh đậm"", ""image_url"": ""https://cdn2.cellphones.com.vn/insecure/rs:fill:50:50/q:90/plain/https://cellphones.com.vn/media/catalog/product/i/p/iphone-17-pro-max-1.jpg"", ""image_url_display"": ""https://cellphones.com.vn/media/catalog/product/i/p/iphone-17-pro-max-1.jpg"", ""product_url"": ""https://cellphones.com.vn/iphone-17-pro-max.html?product_id=112617"", ""price"": ""36.890.000₫""}}"
iPhone 17 256GB | Chính hãng,iphone-17-256gb,,,,,"[""https://cdn2.cellphones.com.vn/x/media/catalog/product/i/p/iphone-17-256gb-2.jpg"", ""https://cdn2.cellphones.com.vn/x/media/catalog/product/i/p/iphone-17-256gb-3.jpg"", ""https://cdn2.cellphones.com.vn/x/media/catalog/product/i/p/iphone-17-256gb-4.jpg"", ""https://cdn2.cellphones.com.vn/x/media/catalog/product/i/p/iphone-17-256gb-5.jpg"", ""https://cdn2.cellphones.com.vn/x/media/catalog/product/i/p/iphone-17-256gb-6.jpg"", ""https://cdn2.cellphones.com.vn/x/media/catalog/product/i/p/iphone-17-256gb-7.jpg"", ""https://cdn2.cellphones.com.vn/x/media/catalog/product/i/p/iphone-17-256gb-8.jpg"", ""https://cdn2.cellphones.com.vn/x/media/catalog/product/i/p/iphone-17-256gb-9.jpg""]","{""product_color_1"": {""color"": ""Xanh Lá Xô Thơm"", ""image_url"": ""https://cdn2.cellphones.com.vn/insecure/rs:fill:50:50/q:90/plain/https://cellphones.com.vn/media/catalog/product/i/p/iphone_17_sage_pdp_image_position_1_sage_color__vn-vi_1.jpg"", ""image_url_display"": ""https://cellphones.com.vn/media/catalog/product/i/p/iphone_17_sage_pdp_image_position_1_sage_color__vn-vi_1.jpg"", ""product_url"": ""https://cellphones.com.vn/iphone-17-256gb.html?product_id=112602"", ""price"": ""23.690.000₫""}, ""product_color_2"": {""color"": ""Đen"", ""image_url"": ""https://cdn2.cellphones.com.vn/insecure/rs:fill:50:50/q:90/plain/https://cellphones.com.vn/media/catalog/product/i/p/iphone_17_256gb_2.jpg"", ""image_url_display"": ""https://cellphones.com.vn/media/catalog/product/i/p/iphone_17_256gb_2.jpg"", ""product_url"": ""https://cellphones.com.vn/iphone-17-256gb.html?product_id=112595"", ""price"": ""23.990.000₫""}, ""product_color_3"": {""color"": ""Xanh Lam Khói"", ""image_url"": ""https://cdn2.cellphones.com.vn/insecure/rs:fill:50:50/q:90/plain/https://cellphones.com.vn/media/catalog/product/i/p/iphone_17_256gb-2.jpg"", ""image_url_display"": ""https://cellphones.com.vn/media/catalog/product/i/p/iphone_17_256gb-2.jpg"", ""product_url"": ""https://cellphones.com.vn/iphone-17-256gb.html?product_id=112600"", ""price"": ""23.990.000₫""}, ""product_color_4"": {""color"": ""Tím Oải Hương"", ""image_url"": ""https://cdn2.cellphones.com.vn/insecure/rs:fill:50:50/q:90/plain/https://cellphones.com.vn/media/catalog/product/i/p/iphone_17_256gb-3.jpg"", ""image_url_display"": ""https://cellphones.com.vn/media/catalog/product/i/p/iphone_17_256gb-3.jpg"", ""product_url"": ""https://cellphones.com.vn/iphone-17-256gb.html?product_id=112601"", ""price"": ""23.990.000₫""}, ""product_color_5"": {""color"": ""Trắng"", ""image_url"": ""https://cdn2.cellphones.com.vn/insecure/rs:fill:50:50/q:90/plain/https://cellphones.com.vn/media/catalog/product/2/5/256gb_2.jpg"", ""image_url_display"": ""https://cellphones.com.vn/media/catalog/product/2/5/256gb_2.jpg"", ""product_url"": ""https://cellphones.com.vn/iphone-17-256gb.html?product_id=112598"", ""price"": ""23.990.000₫""}}"
iPhone Air 256GB | Chính hãng,iphone-air-256gb,,,,,"[""https://cdn2.cellphones.com.vn/x/media/catalog/product/i/p/iphone-air-256gb-2.jpg"", ""https://cdn2.cellphones.com.vn/x/media/catalog/product/i/p/iphone-air-256gb-3.jpg"", ""https://cdn2.cellphones.com.vn/x/media/catalog/product/i/p/iphone-air-256gb-4.jpg"", ""https://cdn2.cellphones.com.vn/x/media/catalog/product/i/p/iphone-air-256gb-5.jpg"", ""https://cdn2.cellphones.com.vn/x/media/catalog/product/i/p/iphone-air-256gb-6.jpg"", ""https://cdn2.cellphones.com.vn/x/media/catalog/product/i/p/iphone-air-256gb-7.jpg"", ""https://cdn2.cellphones.com.vn/x/media/catalog/product/i/p/iphone-air-256gb-8.jpg"", ""https://cdn2.cellphones.com.vn/x/media/catalog/product/i/p/iphone-air-256gb-9.jpg""]","{""product_color_1"": {""color"": ""Trắng Mây"", ""image_url"": ""https://cdn2.cellphones.com.vn/insecure/rs:fill:50:50/q:90/plain/https://cellphones.com.vn/media/catalog/product/i/p/iphone_17_256gb-4.jpg"", ""image_url_display"": ""https://cellphones.com.vn/media/catalog/product/i/p/iphone_17_256gb-4.jpg"", ""product_url"": ""https://cellphones.com.vn/iphone-air-256gb.html?product_id=112636"", ""price"": ""22.890.000₫""}, ""product_color_2"": {""color"": ""Vàng Nhạt"", ""image_url"": ""https://cdn2.cellphones.com.vn/insecure/rs:fill:50:50/q:90/plain/https://cellphones.com.vn/media/catalog/product/i/p/iphone_17_256gb-5.jpg"", ""image_url_display"": ""https://cellphones.com.vn/media/catalog/product/i/p/iphone_17_256gb-5.jpg"", ""product_url"": ""https://cellphones.com.vn/iphone-air-256gb.html?product_id=112638"", ""price"": ""22.890.000₫""}, ""product_color_3"": {""color"": ""Đen Không Gian"", ""image_url"": ""https://cdn2.cellphones.com.vn/insecure/rs:fill:50:50/q:90/plain/https://cellphones.com.vn/media/catalog/product/i/p/iphone_air-2.jpg"", ""image_url_display"": ""https://cellphones.com.vn/media/catalog/product/i/p/iphone_air-2.jpg"", ""product_url"": ""https://cellphones.com.vn/iphone-air-256gb.html?product_id=112634"", ""price"": ""22.890.000₫""}, ""product_color_4"": {""color"": ""Xanh Da Trời"", ""image_url"": ""https://cdn2.cellphones.com.vn/insecure/rs:fill:50:50/q:90/plain/https://cellphones.com.vn/media/catalog/product/i/p/iphone_air.jpg"", ""image_url_display"": ""https://cellphones.com.vn/media/catalog/product/i/p/iphone_air.jpg"", ""product_url"": ""https://cellphones.com.vn/iphone-air-256gb.html?product_id=112639"", ""price"": ""22.890.000₫""}}"
Điện thoại iPhone 16 Pro Max 256GB,iphone-16-pro-max,,,,,"[""https://cdn2.cellphones.com.vn/x/media/catalog/product/i/p/iphone-16-pro-max-4.png"", ""https://cdn2.cellphones.com.vn/x/media/catalog/product/i/p/iphone-16-pro-max-5.png"", ""https://cdn2.cellphones.com.vn/x/media/catalog/product/i/p/iphone-16-pro-max-6.png"", ""https://cdn2.cellphones.com.vn/x/media/catalog/product/i/p/iphone-16-pro-max-7.png"", ""https://cdn2.cellphones.com.vn/x/media/catalog/product/i/p/iphone-16-pro-max-8.png"", ""https://cdn2.cellphones.com.vn/x/media/catalog/product/i/p/iphone-16-pro-max-10.png"", ""https://cdn2.cellphones.com.vn/x/media/catalog/product/i/p/iphone-16-pro-max-9.png""]","{""product_color_1"": {""color"": ""Titan Đen"", ""image_url"": ""https://cdn2.cellphones.com.vn/insecure/rs:fill:50:50/q:90/plain/https://cellphones.com.vn/media/catalog/product/i/p/iphone-16-pro-max-titan-den.png"", ""image_url_display"": ""https://cellphones.com.vn/media/catalog/product/i/p/iphone-16-pro-max-titan-den.png"", ""product_url"": ""https://cellphones.com.vn/iphone-16-pro-max.html?product_id=90169"", ""price"": ""30.990.000₫""}, ""product_color_2"": {""color"": ""Titan Trắng"", ""image_url"": ""https://cdn2.cellphones.com.vn/insecure/rs:fill:50:50/q:90/plain/https://cellphones.com.vn/media/catalog/product/i/p/iphone-16-pro-max-titan-trang.png"", ""image_url_display"": ""https://cellphones.com.vn/media/catalog/product/i/p/iphone-16-pro-max-titan-trang.png"", ""product_url"": ""https://cellphones.com.vn/iphone-16-pro-max.html?product_id=90170"", ""price"": ""30.990.000₫""}, ""product_color_3"": {""color"": ""Titan Sa Mạc"", ""image_url"": ""https://cdn2.cellphones.com.vn/insecure/rs:fill:50:50/q:90/plain/https://cellphones.com.vn/media/catalog/product/i/p/iphone-16-pro-max-titan-sa-mac.png"", ""image_url_display"": ""https://cellphones.com.vn/media/catalog/product/i/p/iphone-16-pro-max-titan-sa-mac.png"", ""product_url"": ""https://cellphones.com.vn/iphone-16-pro-max.html?product_id=90172"", ""price"": ""30.990.000₫""}, ""product_color_4"": {""color"": ""Titan Tự Nhiên"", ""image_url"": ""https://cdn2.cellphones.com.vn/insecure/rs:fill:50:50/q:90/plain/https://cellphones.com.vn/media/catalog/product/i/p/iphone-16-pro-max-titan-tu-nhien.png"", ""image_url_display"": ""https://cellphones.com.vn/media/catalog/product/i/p/iphone-16-pro-max-titan-tu-nhien.png"", ""product_url"": ""https://cellphones.com.vn/iphone-16-pro-max.html?product_id=90171"", ""price"": ""30.990.000₫""}}"
iPhone 15 128GB | Chính hãng VN/A,iphone-15,,,,,"[""https://cdn2.cellphones.com.vn/x/media/catalog/product/v/n/vn1b93_1_2.jpg"", ""https://cdn2.cellphones.com.vn/x/media/catalog/product/v/n/vn_iphone_15_pink_pdp_image_position-5_colors_2.jpg"", ""https://cdn2.cellphones.com.vn/x/media/catalog/product/v/n/vn_iphone_15_pink_pdp_image_position-6_dynamic_island_2.jpg"", ""https://cdn2.cellphones.com.vn/x/media/catalog/product/v/n/vn_iphone_15_pink_pdp_image_position-7_features_specs_2.jpg"", ""https://cdn2.cellphones.com.vn/x/media/catalog/product/v/n/vn_iphone_15_pink_pdp_image_position-9_accessory_2.jpg"", ""https://cdn2.cellphones.com.vn/x/media/catalog/product/v/n/vn_iphone_15_pink_pdp_image_position-8_usb-c_charge_cable_2.jpg""]","{""product_color_1"": {""color"": ""Hồng"", ""image_url"": ""https://cdn2.cellphones.com.vn/insecure/rs:fill:50:50/q:90/plain/https://cellphones.com.vn/media/catalog/product/i/p/iphone-15-hong.png"", ""image_url_display"": ""https://cellphones.com.vn/media/catalog/product/i/p/iphone-15-hong.png"", ""product_url"": ""https://cellphones.com.vn/iphone-15.html?product_id=68892"", ""price"": ""17.690.000₫""}, ""product_color_2"": {""color"": ""Đen"", ""image_url"": ""https://cdn2.cellphones.com.vn/insecure/rs:fill:50:50/q:90/plain/https://cellphones.com.vn/media/catalog/product/i/p/iphone-15-128-gbden.png"", ""image_url_display"": ""https://cellphones.com.vn/media/catalog/product/i/p/iphone-15-128-gbden.png"", ""product_url"": ""https://cellphones.com.vn/iphone-15.html?product_id=68894"", ""price"": ""17.690.000₫""}, ""product_color_3"": {""color"": ""Xanh dương"", ""image_url"": ""https://cdn2.cellphones.com.vn/insecure/rs:fill:50:50/q:90/plain/https://cellphones.com.vn/media/catalog/product/i/p/iphone-15-128gb-xanh-duong.png"", ""image_url_display"": ""https://cellphones.com.vn/media/catalog/product/i/p/iphone-15-128gb-xanh-duong.png"", ""product_url"": ""https://cellphones.com.vn/iphone-15.html?product_id=68887"", ""price"": ""17.690.000₫""}, ""product_color_4"": {""color"": ""Xanh lá"", ""image_url"": ""https://cdn2.cellphones.com.vn/insecure/rs:fill:50:50/q:90/plain/https://cellphones.com.vn/media/catalog/product/i/p/iphone-15-128gb-xanh-la.png"", ""image_url_display"": ""https://cellphones.com.vn/media/catalog/product/i/p/iphone-15-128gb-xanh-la.png"", ""product_url"": ""https://cellphones.com.vn/iphone-15.html?product_id=68889"", ""price"": ""17.690.000₫""}, ""product_color_5"": {""color"": ""Vàng"", ""image_url"": ""https://cdn2.cellphones.com.vn/insecure/rs:fill:50:50/q:90/plain/https://cellphones.com.vn/media/catalog/product/i/p/iphone-15-128gb-vang.png"", ""image_url_display"": ""https://cellphones.com.vn/media/catalog/product/i/p/iphone-15-128gb-vang.png"", ""product_url"": ""https://cellphones.com.vn/iphone-15.html?product_id=68893"", ""price"": ""17.690.000₫""}}"
iPhone 17e 256GB | Chính hãng,iphone-17e,,,,,"[""https://cdn2.cellphones.com.vn/x/media/catalog/product/i/p/iphone_17e_pink_4.png"", ""https://cdn2.cellphones.com.vn/x/media/catalog/product/i/p/iphone_17e_pink_5.png"", ""https://cdn2.cellphones.com.vn/x/media/catalog/product/i/p/iphone_17e_pink_6.png"", ""https://cdn2.cellphones.com.vn/x/media/catalog/product/i/p/iphone_17e_pink_7.png"", ""https://cdn2.cellphones.com.vn/x/media/catalog/product/i/p/iphone_17e_pink_8.png""]","{""product_color_1"": {""color"": ""Đen"", ""image_url"": ""https://cdn2.cellphones.com.vn/insecure/rs:fill:50:50/q:90/plain/https://cellphones.com.vn/media/catalog/product/i/p/iphone_17e-2_2.jpg"", ""image_url_display"": ""https://cellphones.com.vn/media/catalog/product/i/p/iphone_17e-2_2.jpg"", ""product_url"": ""https://cellphones.com.vn/iphone-17e.html?product_id=125582"", ""price"": ""17.390.000₫""}, ""product_color_2"": {""color"": ""Trắng"", ""image_url"": ""https://cdn2.cellphones.com.vn/insecure/rs:fill:50:50/q:90/plain/https://cellphones.com.vn/media/catalog/product/i/p/iphone_17e-2-2_2.jpg"", ""image_url_display"": ""https://cellphones.com.vn/media/catalog/product/i/p/iphone_17e-2-2_2.jpg"", ""product_url"": ""https://cellphones.com.vn/iphone-17e.html?product_id=125583"", ""price"": ""17.390.000₫""}, ""product_color_3"": {""color"": ""Hồng"", ""image_url"": ""https://cdn2.cellphones.com.vn/insecure/rs:fill:50:50/q:90/plain/https://cellphones.com.vn/media/catalog/product/i/p/iphone_17e-2-1_2.jpg"", ""image_url_display"": ""https://cellphones.com.vn/media/catalog/product/i/p/iphone_17e-2-1_2.jpg"", ""product_url"": ""https://cellphones.com.vn/iphone-17e.html?product_id=125584"", ""price"": ""17.390.000₫""}}"
iPhone 16 Pro Max 512GB | Chính hãng VN/A,iphone-16-pro-max-512gb,,,,,"[""https://cdn2.cellphones.com.vn/x/media/catalog/product/i/p/iphone-16-pro-max-4_1.png"", ""https://cdn2.cellphones.com.vn/x/media/catalog/product/i/p/iphone-16-pro-max-5_1.png"", ""https://cdn2.cellphones.com.vn/x/media/catalog/product/i/p/iphone-16-pro-max-6_1.png"", ""https://cdn2.cellphones.com.vn/x/media/catalog/product/i/p/iphone-16-pro-max-7_1_1.png"", ""https://cdn2.cellphones.com.vn/x/media/catalog/product/i/p/iphone-16-pro-max-8_1.png"", ""https://cdn2.cellphones.com.vn/x/media/catalog/product/i/p/iphone-16-pro-max-9_1.png"", ""https://cdn2.cellphones.com.vn/x/media/catalog/product/i/p/iphone-16-pro-max-10_1.png""]","{""product_color_1"": {""color"": ""Titan Trắng"", ""image_url"": ""https://cdn2.cellphones.com.vn/insecure/rs:fill:50:50/q:90/plain/https://cellphones.com.vn/media/catalog/product/i/p/iphone-16-pro-max-titan-trang_1.png"", ""image_url_display"": ""https://cellphones.com.vn/media/catalog/product/i/p/iphone-16-pro-max-titan-trang_1.png"", ""product_url"": ""https://cellphones.com.vn/iphone-16-pro-max-512gb.html?product_id=90175"", ""price"": ""37.990.000₫""}, ""product_color_2"": {""color"": ""Titan Đen"", ""image_url"": ""https://cdn2.cellphones.com.vn/insecure/rs:fill:50:50/q:90/plain/https://cellphones.com.vn/media/catalog/product/i/p/iphone-16-pro-max-titan-den_1.png"", ""image_url_display"": ""https://cellphones.com.vn/media/catalog/product/i/p/iphone-16-pro-max-titan-den_1.png"", ""product_url"": ""https://cellphones.com.vn/iphone-16-pro-max-512gb.html?product_id=90174"", ""price"": ""37.990.000₫""}, ""product_color_3"": {""color"": ""Titan Tự Nhiên"", ""image_url"": ""https://cdn2.cellphones.com.vn/insecure/rs:fill:50:50/q:90/plain/https://cellphones.com.vn/media/catalog/product/i/p/iphone-16-pro-max-titan-tu-nhien_1.png"", ""image_url_display"": ""https://cellphones.com.vn/media/catalog/product/i/p/iphone-16-pro-max-titan-tu-nhien_1.png"", ""product_url"": ""https://cellphones.com.vn/iphone-16-pro-max-512gb.html?product_id=90176"", ""price"": ""37.990.000₫""}, ""product_color_4"": {""color"": ""Titan Sa Mạc"", ""image_url"": ""https://cdn2.cellphones.com.vn/insecure/rs:fill:50:50/q:90/plain/https://cellphones.com.vn/media/catalog/product/i/p/iphone-16-pro-max-titan-sa-mac_1.png"", ""image_url_display"": ""https://cellphones.com.vn/media/catalog/product/i/p/iphone-16-pro-max-titan-sa-mac_1.png"", ""product_url"": ""https://cellphones.com.vn/iphone-16-pro-max-512gb.html?product_id=90177"", ""price"": ""38.990.000₫""}}"
iPhone 17 Pro Max 512GB | Chính hãng,iphone-17-pro-max-512gb,,,,,"[""https://cdn2.cellphones.com.vn/x/media/catalog/product/i/p/iphone-17-pro-max-2_1_2.jpg"", ""https://cdn2.cellphones.com.vn/x/media/catalog/product/i/p/iphone-17-pro-max-3_1.jpg"", ""https://cdn2.cellphones.com.vn/x/media/catalog/product/i/p/iphone-17-pro-max-4_1.jpg"", ""https://cdn2.cellphones.com.vn/x/media/catalog/product/i/p/iphone-17-pro-max-5_1.jpg"", ""https://cdn2.cellphones.com.vn/x/media/catalog/product/i/p/iphone-17-pro-max-6_1.jpg"", ""https://cdn2.cellphones.com.vn/x/media/catalog/product/i/p/iphone-17-pro-max-7_1.jpg"", ""https://cdn2.cellphones.com.vn/x/media/catalog/product/i/p/iphone-17-pro-max-8_1.jpg"", ""https://cdn2.cellphones.com.vn/x/media/catalog/product/i/p/iphone-17-pro-max-9_1.jpg""]","{""product_color_1"": {""color"": ""Cam Vũ Trụ"", ""image_url"": ""https://cdn2.cellphones.com.vn/insecure/rs:fill:50:50/q:90/plain/https://cellphones.com.vn/media/catalog/product/i/p/iphone-17-pro-max_1.jpg"", ""image_url_display"": ""https://cellphones.com.vn/media/catalog/product/i/p/iphone-17-pro-max_1.jpg"", ""product_url"": ""https://cellphones.com.vn/iphone-17-pro-max-512gb.html?product_id=112623"", ""price"": ""42.790.000₫""}, ""product_color_2"": {""color"": ""Bạc"", ""image_url"": ""https://cdn2.cellphones.com.vn/insecure/rs:fill:50:50/q:90/plain/https://cellphones.com.vn/media/catalog/product/i/p/iphone-17-pro-max-2_1.jpg"", ""image_url_display"": ""https://cellphones.com.vn/media/catalog/product/i/p/iphone-17-pro-max-2_1.jpg"", ""product_url"": ""https://cellphones.com.vn/iphone-17-pro-max-512gb.html?product_id=112621"", ""price"": ""42.790.000₫""}, ""product_color_3"": {""color"": ""Xanh Đậm"", ""image_url"": ""https://cdn2.cellphones.com.vn/insecure/rs:fill:50:50/q:90/plain/https://cellphones.com.vn/media/catalog/product/i/p/iphone-17-pro-max-1_1.jpg"", ""image_url_display"": ""https://cellphones.com.vn/media/catalog/product/i/p/iphone-17-pro-max-1_1.jpg"", ""product_url"": ""https://cellphones.com.vn/iphone-17-pro-max-512gb.html?product_id=112624"", ""price"": ""42.790.000₫""}}"
iPhone 16 Pro Max 1TB | Chính hãng VN/A,iphone-16-pro-max-1tb,,,,,"[""https://cdn2.cellphones.com.vn/x/media/catalog/product/i/p/iphone-16-pro-max-4_2.png"", ""https://cdn2.cellphones.com.vn/x/media/catalog/product/i/p/iphone-16-pro-max-5_2.png"", ""https://cdn2.cellphones.com.vn/x/media/catalog/product/i/p/iphone-16-pro-max-6_2.png"", ""https://cdn2.cellphones.com.vn/x/media/catalog/product/i/p/iphone-16-pro-max-7_2.png"", ""https://cdn2.cellphones.com.vn/x/media/catalog/product/i/p/iphone-16-pro-max-8_2.png"", ""https://cdn2.cellphones.com.vn/x/media/catalog/product/i/p/iphone-16-pro-max-10_2.png"", ""https://cdn2.cellphones.com.vn/x/media/catalog/product/i/p/iphone-16-pro-max-9_2.png""]","{""product_color_1"": {""color"": ""Titan Tự Nhiên"", ""image_url"": ""https://cdn2.cellphones.com.vn/insecure/rs:fill:50:50/q:90/plain/https://cellphones.com.vn/media/catalog/product/i/p/iphone-16-pro-max-titan-tu-nhien_2.png"", ""image_url_display"": ""https://cellphones.com.vn/media/catalog/product/i/p/iphone-16-pro-max-titan-tu-nhien_2.png"", ""product_url"": ""https://cellphones.com.vn/iphone-16-pro-max-1tb.html?product_id=90180"", ""price"": ""42.990.000₫""}, ""product_color_2"": {""color"": ""Titan Trắng"", ""image_url"": ""https://cdn2.cellphones.com.vn/insecure/rs:fill:50:50/q:90/plain/https://cellphones.com.vn/media/catalog/product/i/p/iphone-16-pro-max-titan-trang_2.png"", ""image_url_display"": ""https://cellphones.com.vn/media/catalog/product/i/p/iphone-16-pro-max-titan-trang_2.png"", ""product_url"": ""https://cellphones.com.vn/iphone-16-pro-max-1tb.html?product_id=90179"", ""price"": ""42.990.000₫""}, ""product_color_3"": {""color"": ""Titan Đen"", ""image_url"": ""https://cdn2.cellphones.com.vn/insecure/rs:fill:50:50/q:90/plain/https://cellphones.com.vn/media/catalog/product/i/p/iphone-16-pro-max-titan-den_2.png"", ""image_url_display"": ""https://cellphones.com.vn/media/catalog/product/i/p/iphone-16-pro-max-titan-den_2.png"", ""product_url"": ""https://cellphones.com.vn/iphone-16-pro-max-1tb.html?product_id=90178"", ""price"": ""42.990.000₫""}, ""product_color_4"": {""color"": ""Titan Sa Mạc"", ""image_url"": ""https://cdn2.cellphones.com.vn/insecure/rs:fill:50:50/q:90/plain/https://cellphones.com.vn/media/catalog/product/i/p/iphone-16-pro-max-titan-sa-mac_2.png"", ""image_url_display"": ""https://cellphones.com.vn/media/catalog/product/i/p/iphone-16-pro-max-titan-sa-mac_2.png"", ""product_url"": ""https://cellphones.com.vn/iphone-16-pro-max-1tb.html?product_id=90181"", ""price"": ""42.990.000₫""}}"
iPhone 16 128GB | Chính hãng VN/A,iphone-16,,,,,"[""https://cdn2.cellphones.com.vn/x/media/catalog/product/i/p/iphone-16-4.png"", ""https://cdn2.cellphones.com.vn/x/media/catalog/product/i/p/iphone-16-5.png"", ""https://cdn2.cellphones.com.vn/x/media/catalog/product/i/p/iphone-16-6.png"", ""https://cdn2.cellphones.com.vn/x/media/catalog/product/i/p/iphone-16-7.png"", ""https://cdn2.cellphones.com.vn/x/media/catalog/product/i/p/iphone-16-8.png"", ""https://cdn2.cellphones.com.vn/x/media/catalog/product/i/p/iphone-16-9.png"", ""https://cdn2.cellphones.com.vn/x/media/catalog/product/i/p/iphone-16-10.png""]","{""product_color_1"": {""color"": ""Hồng"", ""image_url"": ""https://cdn2.cellphones.com.vn/insecure/rs:fill:50:50/q:90/plain/https://cellphones.com.vn/media/catalog/product/i/p/iphone-16-hong.png"", ""image_url_display"": ""https://cellphones.com.vn/media/catalog/product/i/p/iphone-16-hong.png"", ""product_url"": ""https://cellphones.com.vn/iphone-16.html?product_id=90124"", ""price"": ""20.590.000₫""}, ""product_color_2"": {""color"": ""Xanh Mòng Két"", ""image_url"": ""https://cdn2.cellphones.com.vn/insecure/rs:fill:50:50/q:90/plain/https://cellphones.com.vn/media/catalog/product/i/p/iphone-16-xanh-mong-ket.png"", ""image_url_display"": ""https://cellphones.com.vn/media/catalog/product/i/p/iphone-16-xanh-mong-ket.png"", ""product_url"": ""https://cellphones.com.vn/iphone-16.html?product_id=90125"", ""price"": ""20.590.000₫""}, ""product_color_3"": {""color"": ""Xanh Lưu Ly"", ""image_url"": ""https://cdn2.cellphones.com.vn/insecure/rs:fill:50:50/q:90/plain/https://cellphones.com.vn/media/catalog/product/i/p/iphone-16-xanh-luu-ly.png"", ""image_url_display"": ""https://cellphones.com.vn/media/catalog/product/i/p/iphone-16-xanh-luu-ly.png"", ""product_url"": ""https://cellphones.com.vn/iphone-16.html?product_id=90126"", ""price"": ""20.590.000₫""}, ""product_color_4"": {""color"": ""Đen"", ""image_url"": ""https://cdn2.cellphones.com.vn/insecure/rs:fill:50:50/q:90/plain/https://cellphones.com.vn/media/catalog/product/i/p/iphone-16-den.png"", ""image_url_display"": ""https://cellphones.com.vn/media/catalog/product/i/p/iphone-16-den.png"", ""product_url"": ""https://cellphones.com.vn/iphone-16.html?product_id=90122"", ""price"": ""20.590.000₫""}, ""product_color_5"": {""color"": ""Trắng"", ""image_url"": ""https://cdn2.cellphones.com.vn/insecure/rs:fill:50:50/q:90/plain/https://cellphones.com.vn/media/catalog/product/i/p/iphone-16-trang.png"", ""image_url_display"": ""https://cellphones.com.vn/media/catalog/product/i/p/iphone-16-trang.png"", ""product_url"": ""https://cellphones.com.vn/iphone-16.html?product_id=90123"", ""price"": ""20.590.000₫""}}"
iPhone 14 128GB | Chính hãng VN/A,iphone-14,,,,,"[""https://cdn2.cellphones.com.vn/x/media/catalog/product/i/p/iphone_14_blue_pdp_image_position-3_camera_vn.png"", ""https://cdn2.cellphones.com.vn/x/media/catalog/product/i/p/iphone_14_blue_pdp_image_position-4_lineup_vn.png"", ""https://cdn2.cellphones.com.vn/x/media/catalog/product/i/p/iphone_14_blue_pdp_image_position-5_colors__vn.png"", ""https://cdn2.cellphones.com.vn/x/media/catalog/product/i/p/iphone_14_blue_pdp_image_position-6_size_comparison__vn.png"", ""https://cdn2.cellphones.com.vn/x/media/catalog/product/i/p/iphone_14_blue_pdp_image_position-7_features_specs__vn.png"", ""https://cdn2.cellphones.com.vn/x/media/catalog/product/i/p/iphone_14_blue_pdp_image_position-8_accessory_vn.png"", ""https://cdn2.cellphones.com.vn/x/media/catalog/product/i/p/iphone_14_blue_pdp_image_position-9_typec_lightning_cable_vn.png""]","{""product_color_1"": {""color"": ""Đen"", ""image_url"": ""https://cdn2.cellphones.com.vn/insecure/rs:fill:50:50/q:90/plain/https://cellphones.com.vn/media/catalog/product/p/h/photo_2022-09-28_21-58-57_2.jpg"", ""image_url_display"": ""https://cellphones.com.vn/media/catalog/product/p/h/photo_2022-09-28_21-58-57_2.jpg"", ""product_url"": ""https://cellphones.com.vn/iphone-14.html?product_id=52376"", ""price"": ""13.990.000₫""}, ""product_color_2"": {""color"": ""Trắng"", ""image_url"": ""https://cdn2.cellphones.com.vn/insecure/rs:fill:50:50/q:90/plain/https://cellphones.com.vn/media/catalog/product/p/h/photo_2022-09-28_21-58-48_1.jpg"", ""image_url_display"": ""https://cellphones.com.vn/media/catalog/product/p/h/photo_2022-09-28_21-58-48_1.jpg"", ""product_url"": ""https://cellphones.com.vn/iphone-14.html?product_id=52380"", ""price"": ""13.990.000₫""}, ""product_color_3"": {""color"": ""Xanh"", ""image_url"": ""https://cdn2.cellphones.com.vn/insecure/rs:fill:50:50/q:90/plain/https://cellphones.com.vn/media/catalog/product/p/h/photo_2022-09-28_21-58-51_1.jpg"", ""image_url_display"": ""https://cellphones.com.vn/media/catalog/product/p/h/photo_2022-09-28_21-58-51_1.jpg"", ""product_url"": ""https://cellphones.com.vn/iphone-14.html?product_id=52353"", ""price"": ""13.990.000₫""}, ""product_color_4"": {""color"": ""Tím"", ""image_url"": ""https://cdn2.cellphones.com.vn/insecure/rs:fill:50:50/q:90/plain/https://cellphones.com.vn/media/catalog/product/p/h/photo_2022-09-28_21-58-56_1.jpg"", ""image_url_display"": ""https://cellphones.com.vn/media/catalog/product/p/h/photo_2022-09-28_21-58-56_1.jpg"", ""product_url"": ""https://cellphones.com.vn/iphone-14.html?product_id=52379"", ""price"": ""13.990.000₫""}, ""product_color_5"": {""color"": ""Đỏ"", ""image_url"": ""https://cdn2.cellphones.com.vn/insecure/rs:fill:50:50/q:90/plain/https://cellphones.com.vn/media/catalog/product/p/h/photo_2022-09-28_21-58-54_1.jpg"", ""image_url_display"": ""https://cellphones.com.vn/media/catalog/product/p/h/photo_2022-09-28_21-58-54_1.jpg"", ""product_url"": ""https://cellphones.com.vn/iphone-14.html?product_id=52377"", ""price"": ""13.990.000₫""}, ""product_color_6"": {""color"": ""Vàng"", ""image_url"": ""https://cdn2.cellphones.com.vn/insecure/rs:fill:50:50/q:90/plain/https://cellphones.com.vn/media/catalog/product/i/p/iphone-14-storage-select-202209-6-1inch-y889_1.jpg"", ""image_url_display"": ""https://cellphones.com.vn/media/catalog/product/i/p/iphone-14-storage-select-202209-6-1inch-y889_1.jpg"", ""product_url"": ""https://cellphones.com.vn/iphone-14.html?product_id=60934"", ""price"": ""13.990.000₫""}}"
iPhone 14 Pro Max 128GB | Chính hãng VN/A,iphone-14-pro-max,,,,,"[""https://cdn2.cellphones.com.vn/x/media/catalog/product/x/_/x_m_24.png"", ""https://cdn2.cellphones.com.vn/x/media/catalog/product/2/5/2522.png"", ""https://cdn2.cellphones.com.vn/x/media/catalog/product/8/9/896_2.png"", ""https://cdn2.cellphones.com.vn/x/media/catalog/product/2/5/25.9_2.png"", ""https://cdn2.cellphones.com.vn/x/media/catalog/product/2/5/25.7_5.png"", ""https://cdn2.cellphones.com.vn/x/media/catalog/product/2/5/25.10_2.png"", ""https://cdn2.cellphones.com.vn/x/media/catalog/product/2/5/25.6_5.png"", ""https://cdn2.cellphones.com.vn/x/media/catalog/product/2/5/25.4_3.png"", ""https://cdn2.cellphones.com.vn/x/media/catalog/product/2/6/26.3_2.png"", ""https://cdn2.cellphones.com.vn/x/media/catalog/product/2/5/25.2_5.png"", ""https://cdn2.cellphones.com.vn/x/media/catalog/product/2/5/25.8_2.png"", ""https://cdn2.cellphones.com.vn/x/media/catalog/product/2/1/21.5_1__2.png""]","{""product_color_1"": {""color"": ""Vàng"", ""image_url"": ""https://cdn2.cellphones.com.vn/insecure/rs:fill:50:50/q:90/plain/https://cellphones.com.vn/media/catalog/product/v/_/v_ng_18_1.png"", ""image_url_display"": ""https://cellphones.com.vn/media/catalog/product/v/_/v_ng_18_1.png"", ""product_url"": ""https://cellphones.com.vn/iphone-14-pro-max.html?product_id=54508"", ""price"": ""25.590.000₫""}, ""product_color_2"": {""color"": ""Đen"", ""image_url"": ""https://cdn2.cellphones.com.vn/insecure/rs:fill:50:50/q:90/plain/https://cellphones.com.vn/media/catalog/product/x/_/x_m_25.png"", ""image_url_display"": ""https://cellphones.com.vn/media/catalog/product/x/_/x_m_25.png"", ""product_url"": ""https://cellphones.com.vn/iphone-14-pro-max.html?product_id=52336"", ""price"": ""25.590.000₫""}, ""product_color_3"": {""color"": ""Tím"", ""image_url"": ""https://cdn2.cellphones.com.vn/insecure/rs:fill:50:50/q:90/plain/https://cellphones.com.vn/media/catalog/product/t/_/t_m_19.png"", ""image_url_display"": ""https://cellphones.com.vn/media/catalog/product/t/_/t_m_19.png"", ""product_url"": ""https://cellphones.com.vn/iphone-14-pro-max.html?product_id=52338"", ""price"": ""25.590.000₫""}, ""product_color_4"": {""color"": ""Bạc"", ""image_url"": ""https://cdn2.cellphones.com.vn/insecure/rs:fill:50:50/q:90/plain/https://cellphones.com.vn/media/catalog/product/b/_/b_c_1_10.png"", ""image_url_display"": ""https://cellphones.com.vn/media/catalog/product/b/_/b_c_1_10.png"", ""product_url"": ""https://cellphones.com.vn/iphone-14-pro-max.html?product_id=52337"", ""price"": ""25.590.000₫""}}"
iPhone 17 Pro 512GB | Chính hãng,iphone-17-pro-512gb,,,,,"[""https://cdn2.cellphones.com.vn/x/media/catalog/product/i/p/iphone-17-pro-2_1_2.jpg"", ""https://cdn2.cellphones.com.vn/x/media/catalog/product/i/p/iphone-17-pro-3_1_2.jpg"", ""https://cdn2.cellphones.com.vn/x/media/catalog/product/i/p/iphone-17-pro-4_1_1.jpg"", ""https://cdn2.cellphones.com.vn/x/media/catalog/product/i/p/iphone-17-pro-5_1_1.jpg"", ""https://cdn2.cellphones.com.vn/x/media/catalog/product/i/p/iphone-17-pro-6_1_1.jpg"", ""https://cdn2.cellphones.com.vn/x/media/catalog/product/i/p/iphone-17-pro-7_1_1.jpg"", ""https://cdn2.cellphones.com.vn/x/media/catalog/product/i/p/iphone-17-pro-8_1_1.jpg"", ""https://cdn2.cellphones.com.vn/x/media/catalog/product/i/p/iphone-17-pro-9_1_1.jpg""]","{""product_color_1"": {""color"": ""Bạc"", ""image_url"": ""https://cdn2.cellphones.com.vn/insecure/rs:fill:50:50/q:90/plain/https://cellphones.com.vn/media/catalog/product/i/p/iphone-17-pro-3_1.jpg"", ""image_url_display"": ""https://cellphones.com.vn/media/catalog/product/i/p/iphone-17-pro-3_1.jpg"", ""product_url"": ""https://cellphones.com.vn/iphone-17-pro-512gb.html?product_id=112603"", ""price"": ""39.890.000₫""}, ""product_color_2"": {""color"": ""Cam Vũ Trụ"", ""image_url"": ""https://cdn2.cellphones.com.vn/insecure/rs:fill:50:50/q:90/plain/https://cellphones.com.vn/media/catalog/product/i/p/iphone-17-pro-cam_1.jpg"", ""image_url_display"": ""https://cellphones.com.vn/media/catalog/product/i/p/iphone-17-pro-cam_1.jpg"", ""product_url"": ""https://cellphones.com.vn/iphone-17-pro-512gb.html?product_id=112604"", ""price"": ""39.890.000₫""}, ""product_color_3"": {""color"": ""Xanh Đậm"", ""image_url"": ""https://cdn2.cellphones.com.vn/insecure/rs:fill:50:50/q:90/plain/https://cellphones.com.vn/media/catalog/product/i/p/iphone-17-pro-2_1.jpg"", ""image_url_display"": ""https://cellphones.com.vn/media/catalog/product/i/p/iphone-17-pro-2_1.jpg"", ""product_url"": ""https://cellphones.com.vn/iphone-17-pro-512gb.html?product_id=112605"", ""price"": ""39.890.000₫""}}"
iPhone 17 Pro Max 1TB | Chính hãng,iphone-17-pro-max-1tb,,,,,"[""https://cdn2.cellphones.com.vn/x/media/catalog/product/i/p/iphone-17-pro-max-2_1_3.jpg"", ""https://cdn2.cellphones.com.vn/x/media/catalog/product/i/p/iphone-17-pro-max-3_2.jpg"", ""https://cdn2.cellphones.com.vn/x/media/catalog/product/i/p/iphone-17-pro-max-4_2.jpg"", ""https://cdn2.cellphones.com.vn/x/media/catalog/product/i/p/iphone-17-pro-max-5_2.jpg"", ""https://cdn2.cellphones.com.vn/x/media/catalog/product/i/p/iphone-17-pro-max-6_2.jpg"", ""https://cdn2.cellphones.com.vn/x/media/catalog/product/i/p/iphone-17-pro-max-7_2.jpg"", ""https://cdn2.cellphones.com.vn/x/media/catalog/product/i/p/iphone-17-pro-max-8_2.jpg"", ""https://cdn2.cellphones.com.vn/x/media/catalog/product/i/p/iphone-17-pro-max-9_2.jpg""]","{""product_color_1"": {""color"": ""Bạc"", ""image_url"": ""https://cdn2.cellphones.com.vn/insecure/rs:fill:50:50/q:90/plain/https://cellphones.com.vn/media/catalog/product/i/p/iphone-17-pro-max-2_3.jpg"", ""image_url_display"": ""https://cellphones.com.vn/media/catalog/product/i/p/iphone-17-pro-max-2_3.jpg"", ""product_url"": ""https://cellphones.com.vn/iphone-17-pro-max-1tb.html?product_id=112629"", ""price"": ""49.790.000₫""}, ""product_color_2"": {""color"": ""Cam Vũ Trụ"", ""image_url"": ""https://cdn2.cellphones.com.vn/insecure/rs:fill:50:50/q:90/plain/https://cellphones.com.vn/media/catalog/product/i/p/iphone-17-pro-max_1_2.jpg"", ""image_url_display"": ""https://cellphones.com.vn/media/catalog/product/i/p/iphone-17-pro-max_1_2.jpg"", ""product_url"": ""https://cellphones.com.vn/iphone-17-pro-max-1tb.html?product_id=112630"", ""price"": ""49.790.000₫""}, ""product_color_3"": {""color"": ""Xanh Đậm"", ""image_url"": ""https://cdn2.cellphones.com.vn/insecure/rs:fill:50:50/q:90/plain/https://cellphones.com.vn/media/catalog/product/i/p/iphone-17-pro-max-1_3.jpg"", ""image_url_display"": ""https://cellphones.com.vn/media/catalog/product/i/p/iphone-17-pro-max-1_3.jpg"", ""product_url"": ""https://cellphones.com.vn/iphone-17-pro-max-1tb.html?product_id=112632"", ""price"": ""49.790.000₫""}}"
iPhone 13 128GB | Chính hãng VN/A,iphone-13,,,,,"[""https://cdn2.cellphones.com.vn/x/media/catalog/product/i/p/iphone_13_pdp_position-3_camera__vn.png"", ""https://cdn2.cellphones.com.vn/x/media/catalog/product/i/p/iphone_13_pdp_position-4_design__vn.png"", ""https://cdn2.cellphones.com.vn/x/media/catalog/product/i/p/iphone_13_pdp_position-5_colors__vn.png"", ""https://cdn2.cellphones.com.vn/x/media/catalog/product/i/p/iphone_13_pdp_position-6_cinematic_mode__vn.png"", ""https://cdn2.cellphones.com.vn/x/media/catalog/product/i/p/iphone_13_pdp_position-7_features_specs__vn.png"", ""https://cdn2.cellphones.com.vn/x/media/catalog/product/i/p/iphone_13_pdp_position-8_accessory__vn.png"", ""https://cdn2.cellphones.com.vn/x/media/catalog/product/i/p/iphone_13_pdp_position-9_typec_lightning_cable__vn.png""]","{""product_color_1"": {""color"": ""Trắng"", ""image_url"": ""https://cdn2.cellphones.com.vn/insecure/rs:fill:50:50/q:90/plain/https://cellphones.com.vn/media/catalog/product/t/r/tr_ng_5.jpg"", ""image_url_display"": ""https://cellphones.com.vn/media/catalog/product/t/r/tr_ng_5.jpg"", ""product_url"": ""https://cellphones.com.vn/iphone-13.html?product_id=36520"", ""price"": ""11.990.000₫""}, ""product_color_2"": {""color"": ""Đen"", ""image_url"": ""https://cdn2.cellphones.com.vn/insecure/rs:fill:50:50/q:90/plain/https://cellphones.com.vn/media/catalog/product/_/e/_en_2_5.jpg"", ""image_url_display"": ""https://cellphones.com.vn/media/catalog/product/_/e/_en_2_5.jpg"", ""product_url"": ""https://cellphones.com.vn/iphone-13.html?product_id=36527"", ""price"": ""11.990.000₫""}, ""product_color_3"": {""color"": ""Hồng"", ""image_url"": ""https://cdn2.cellphones.com.vn/insecure/rs:fill:50:50/q:90/plain/https://cellphones.com.vn/media/catalog/product/h/_/h_ng_4.jpg"", ""image_url_display"": ""https://cellphones.com.vn/media/catalog/product/h/_/h_ng_4.jpg"", ""product_url"": ""https://cellphones.com.vn/iphone-13.html?product_id=36523"", ""price"": ""12.190.000₫""}, ""product_color_4"": {""color"": ""Xanh dương"", ""image_url"": ""https://cdn2.cellphones.com.vn/insecure/rs:fill:50:50/q:90/plain/https://cellphones.com.vn/media/catalog/product/d/_/d_ng_3.jpg"", ""image_url_display"": ""https://cellphones.com.vn/media/catalog/product/d/_/d_ng_3.jpg"", ""product_url"": ""https://cellphones.com.vn/iphone-13.html?product_id=36524"", ""price"": ""12.090.000₫""}, ""product_color_5"": {""color"": ""Xanh lá"", ""image_url"": ""https://cdn2.cellphones.com.vn/insecure/rs:fill:50:50/q:90/plain/https://cellphones.com.vn/media/catalog/product/x/n/xnnah_kas_3.png"", ""image_url_display"": ""https://cellphones.com.vn/media/catalog/product/x/n/xnnah_kas_3.png"", ""product_url"": ""https://cellphones.com.vn/iphone-13.html?product_id=44643"", ""price"": ""12.090.000₫""}, ""product_color_6"": {""color"": ""Đỏ"", ""image_url"": ""https://cdn2.cellphones.com.vn/insecure/rs:fill:50:50/q:90/plain/https://cellphones.com.vn/media/catalog/product/f/i/file_3_10.jpg"", ""image_url_display"": ""https://cellphones.com.vn/media/catalog/product/f/i/file_3_10.jpg"", ""product_url"": ""https://cellphones.com.vn/iphone-13.html?product_id=36522"", ""price"": ""12.090.000₫""}}"
iPhone 16e 128GB | Chính hãng VN/A,iphone-16e,,,,,"[""https://cdn2.cellphones.com.vn/x/media/catalog/product/i/p/iphone-16e-128gb_3_.png"", ""https://cdn2.cellphones.com.vn/x/media/catalog/product/i/p/iphone-16e-128gb_4_.png"", ""https://cdn2.cellphones.com.vn/x/media/catalog/product/i/p/iphone-16e-128gb_5_.png"", ""https://cdn2.cellphones.com.vn/x/media/catalog/product/i/p/iphone-16e-128gb_6_.png"", ""https://cdn2.cellphones.com.vn/x/media/catalog/product/i/p/iphone-16e-128gb_7_.png"", ""https://cdn2.cellphones.com.vn/x/media/catalog/product/i/p/iphone-16e-128gb_8_.png""]","{""product_color_1"": {""color"": ""Trắng"", ""image_url"": ""https://cdn2.cellphones.com.vn/insecure/rs:fill:50:50/q:90/plain/https://cellphones.com.vn/media/catalog/product/i/p/iphone-16e-128gb_1__1.png"", ""image_url_display"": ""https://cellphones.com.vn/media/catalog/product/i/p/iphone-16e-128gb_1__1.png"", ""product_url"": ""https://cellphones.com.vn/iphone-16e.html?product_id=100814"", ""price"": ""13.690.000₫""}, ""product_color_2"": {""color"": ""Đen"", ""image_url"": ""https://cdn2.cellphones.com.vn/insecure/rs:fill:50:50/q:90/plain/https://cellphones.com.vn/media/catalog/product/i/p/iphone-16e-128gb_1_1.png"", ""image_url_display"": ""https://cellphones.com.vn/media/catalog/product/i/p/iphone-16e-128gb_1_1.png"", ""product_url"": ""https://cellphones.com.vn/iphone-16e.html?product_id=100813"", ""price"": ""13.690.000₫""}}"
iPhone 15 256GB | Chính hãng VN/A,iphone-15-256gb,,,,,"[""https://cdn2.cellphones.com.vn/x/media/catalog/product/v/n/vn1b93_1_1.jpg"", ""https://cdn2.cellphones.com.vn/x/media/catalog/product/v/n/vn_iphone_15_pink_pdp_image_position-5_colors_1.jpg"", ""https://cdn2.cellphones.com.vn/x/media/catalog/product/v/n/vn_iphone_15_pink_pdp_image_position-6_dynamic_island_1.jpg"", ""https://cdn2.cellphones.com.vn/x/media/catalog/product/v/n/vn_iphone_15_pink_pdp_image_position-7_features_specs_1.jpg"", ""https://cdn2.cellphones.com.vn/x/media/catalog/product/v/n/vn_iphone_15_pink_pdp_image_position-9_accessory_1.jpg"", ""https://cdn2.cellphones.com.vn/x/media/catalog/product/v/n/vn_iphone_15_pink_pdp_image_position-8_usb-c_charge_cable_1.jpg""]","{""product_color_1"": {""color"": ""Đen"", ""image_url"": ""https://cdn2.cellphones.com.vn/insecure/rs:fill:50:50/q:90/plain/https://cellphones.com.vn/media/catalog/product/i/p/iphone-15-256gb-color_5_.png"", ""image_url_display"": ""https://cellphones.com.vn/media/catalog/product/i/p/iphone-15-256gb-color_5_.png"", ""product_url"": ""https://cellphones.com.vn/iphone-15-256gb.html?product_id=68916"", ""price"": ""20.790.000₫""}, ""product_color_2"": {""color"": ""Xanh dương"", ""image_url"": ""https://cdn2.cellphones.com.vn/insecure/rs:fill:50:50/q:90/plain/https://cellphones.com.vn/media/catalog/product/i/p/iphone-15-256gb-color_4_.png"", ""image_url_display"": ""https://cellphones.com.vn/media/catalog/product/i/p/iphone-15-256gb-color_4_.png"", ""product_url"": ""https://cellphones.com.vn/iphone-15-256gb.html?product_id=68911"", ""price"": ""20.790.000₫""}, ""product_color_3"": {""color"": ""Hồng"", ""image_url"": ""https://cdn2.cellphones.com.vn/insecure/rs:fill:50:50/q:90/plain/https://cellphones.com.vn/media/catalog/product/i/p/iphone-15-256gb-color_2_.png"", ""image_url_display"": ""https://cellphones.com.vn/media/catalog/product/i/p/iphone-15-256gb-color_2_.png"", ""product_url"": ""https://cellphones.com.vn/iphone-15-256gb.html?product_id=68913"", ""price"": ""20.790.000₫""}, ""product_color_4"": {""color"": ""Vàng"", ""image_url"": ""https://cdn2.cellphones.com.vn/insecure/rs:fill:50:50/q:90/plain/https://cellphones.com.vn/media/catalog/product/i/p/iphone-15-256gb-color_1_.png"", ""image_url_display"": ""https://cellphones.com.vn/media/catalog/product/i/p/iphone-15-256gb-color_1_.png"", ""product_url"": ""https://cellphones.com.vn/iphone-15-256gb.html?product_id=68915"", ""price"": ""20.790.000₫""}, ""product_color_5"": {""color"": ""Xanh lá"", ""image_url"": ""https://cdn2.cellphones.com.vn/insecure/rs:fill:50:50/q:90/plain/https://cellphones.com.vn/media/catalog/product/i/p/iphone-15-256gb-color_3_.png"", ""image_url_display"": ""https://cellphones.com.vn/media/catalog/product/i/p/iphone-15-256gb-color_3_.png"", ""product_url"": ""https://cellphones.com.vn/iphone-15-256gb.html?product_id=68912"", ""price"": ""20.790.000₫""}}"
iPhone 17 Pro Max 2TB | Chính hãng,iphone-17-pro-max-2tb,,,,,"[""https://cdn2.cellphones.com.vn/x/media/catalog/product/i/p/iphone-17-pro-max-2_1_4.jpg"", ""https://cdn2.cellphones.com.vn/x/media/catalog/product/i/p/iphone-17-pro-max-3_3.jpg"", ""https://cdn2.cellphones.com.vn/x/media/catalog/product/i/p/iphone-17-pro-max-4_3.jpg"", ""https://cdn2.cellphones.com.vn/x/media/catalog/product/i/p/iphone-17-pro-max-5_3.jpg"", ""https://cdn2.cellphones.com.vn/x/media/catalog/product/i/p/iphone-17-pro-max-6_3.jpg"", ""https://cdn2.cellphones.com.vn/x/media/catalog/product/i/p/iphone-17-pro-max-7_3.jpg"", ""https://cdn2.cellphones.com.vn/x/media/catalog/product/i/p/iphone-17-pro-max-8_3.jpg"", ""https://cdn2.cellphones.com.vn/x/media/catalog/product/i/p/iphone-17-pro-max-9_3.jpg""]","{""product_color_1"": {""color"": ""Bạc"", ""image_url"": ""https://cdn2.cellphones.com.vn/insecure/rs:fill:50:50/q:90/plain/https://cellphones.com.vn/media/catalog/product/i/p/iphone-17-pro-max-2_2.jpg"", ""image_url_display"": ""https://cellphones.com.vn/media/catalog/product/i/p/iphone-17-pro-max-2_2.jpg"", ""product_url"": ""https://cellphones.com.vn/iphone-17-pro-max-2tb.html?product_id=112633"", ""price"": ""60.590.000₫""}, ""product_color_2"": {""color"": ""Xanh Đậm"", ""image_url"": ""https://cdn2.cellphones.com.vn/insecure/rs:fill:50:50/q:90/plain/https://cellphones.com.vn/media/catalog/product/i/p/iphone-17-pro-max-1_2.jpg"", ""image_url_display"": ""https://cellphones.com.vn/media/catalog/product/i/p/iphone-17-pro-max-1_2.jpg"", ""product_url"": ""https://cellphones.com.vn/iphone-17-pro-max-2tb.html?product_id=112637"", ""price"": ""60.590.000₫""}, ""product_color_3"": {""color"": ""Cam Vũ Trụ"", ""image_url"": ""https://cdn2.cellphones.com.vn/insecure/rs:fill:50:50/q:90/plain/https://cellphones.com.vn/media/catalog/product/i/p/iphone-17-pro-max_2.jpg"", ""image_url_display"": ""https://cellphones.com.vn/media/catalog/product/i/p/iphone-17-pro-max_2.jpg"", ""product_url"": ""https://cellphones.com.vn/iphone-17-pro-max-2tb.html?product_id=112635"", ""price"": ""60.590.000₫""}}"
iPhone 16 Pro 128GB | Chính hãng VN/A,iphone-16-pro,,,,,"[""https://cdn2.cellphones.com.vn/x/media/catalog/product/i/p/iphone-16-pro-4.png"", ""https://cdn2.cellphones.com.vn/x/media/catalog/product/i/p/iphone-16-pro-5.png"", ""https://cdn2.cellphones.com.vn/x/media/catalog/product/i/p/iphone-16-pro-6.png"", ""https://cdn2.cellphones.com.vn/x/media/catalog/product/i/p/iphone-16-pro-7.png"", ""https://cdn2.cellphones.com.vn/x/media/catalog/product/i/p/iphone-16-pro-8.png"", ""https://cdn2.cellphones.com.vn/x/media/catalog/product/i/p/iphone-16-pro-9.png"", ""https://cdn2.cellphones.com.vn/x/media/catalog/product/i/p/iphone-16-pro-10.png""]","{""product_color_1"": {""color"": ""Titan Đen"", ""image_url"": ""https://cdn2.cellphones.com.vn/insecure/rs:fill:50:50/q:90/plain/https://cellphones.com.vn/media/catalog/product/i/p/iphone-16-pro-titan-den.png"", ""image_url_display"": ""https://cellphones.com.vn/media/catalog/product/i/p/iphone-16-pro-titan-den.png"", ""product_url"": ""https://cellphones.com.vn/iphone-16-pro.html?product_id=90131"", ""price"": ""23.990.000₫""}, ""product_color_2"": {""color"": ""Titan Trắng"", ""image_url"": ""https://cdn2.cellphones.com.vn/insecure/rs:fill:50:50/q:90/plain/https://cellphones.com.vn/media/catalog/product/i/p/iphone-16-pro-titan-trang.png"", ""image_url_display"": ""https://cellphones.com.vn/media/catalog/product/i/p/iphone-16-pro-titan-trang.png"", ""product_url"": ""https://cellphones.com.vn/iphone-16-pro.html?product_id=90132"", ""price"": ""23.990.000₫""}, ""product_color_3"": {""color"": ""Titan Tự Nhiên"", ""image_url"": ""https://cdn2.cellphones.com.vn/insecure/rs:fill:50:50/q:90/plain/https://cellphones.com.vn/media/catalog/product/i/p/iphone-16-pro-titan-tu-nhien.png"", ""image_url_display"": ""https://cellphones.com.vn/media/catalog/product/i/p/iphone-16-pro-titan-tu-nhien.png"", ""product_url"": ""https://cellphones.com.vn/iphone-16-pro.html?product_id=90134"", ""price"": ""23.990.000₫""}, ""product_color_4"": {""color"": ""Titan Sa Mạc"", ""image_url"": ""https://cdn2.cellphones.com.vn/insecure/rs:fill:50:50/q:90/plain/https://cellphones.com.vn/media/catalog/product/i/p/iphone-16-pro-titan-sa-mac.png"", ""image_url_display"": ""https://cellphones.com.vn/media/catalog/product/i/p/iphone-16-pro-titan-sa-mac.png"", ""product_url"": ""https://cellphones.com.vn/iphone-16-pro.html?product_id=90155"", ""price"": ""23.990.000₫""}}"
iPhone 17 Pro 1TB | Chính hãng,iphone-17-pro-1tb,,,,,"[""https://cdn2.cellphones.com.vn/x/media/catalog/product/i/p/iphone-17-pro-2_1_3.jpg"", ""https://cdn2.cellphones.com.vn/x/media/catalog/product/i/p/iphone-17-pro-3_1_3.jpg"", ""https://cdn2.cellphones.com.vn/x/media/catalog/product/i/p/iphone-17-pro-4_1_2.jpg"", ""https://cdn2.cellphones.com.vn/x/media/catalog/product/i/p/iphone-17-pro-5_1_2.jpg"", ""https://cdn2.cellphones.com.vn/x/media/catalog/product/i/p/iphone-17-pro-6_1_2.jpg"", ""https://cdn2.cellphones.com.vn/x/media/catalog/product/i/p/iphone-17-pro-7_1_2.jpg"", ""https://cdn2.cellphones.com.vn/x/media/catalog/product/i/p/iphone-17-pro-8_1_2.jpg"", ""https://cdn2.cellphones.com.vn/x/media/catalog/product/i/p/iphone-17-pro-9_1_2.jpg""]","{""product_color_1"": {""color"": ""Bạc"", ""image_url"": ""https://cdn2.cellphones.com.vn/insecure/rs:fill:50:50/q:90/plain/https://cellphones.com.vn/media/catalog/product/i/p/iphone-17-pro-3_2.jpg"", ""image_url_display"": ""https://cellphones.com.vn/media/catalog/product/i/p/iphone-17-pro-3_2.jpg"", ""product_url"": ""https://cellphones.com.vn/iphone-17-pro-1tb.html?product_id=112606"", ""price"": ""44.890.000₫""}, ""product_color_2"": {""color"": ""Xanh Đậm"", ""image_url"": ""https://cdn2.cellphones.com.vn/insecure/rs:fill:50:50/q:90/plain/https://cellphones.com.vn/media/catalog/product/i/p/iphone-17-pro-2_2.jpg"", ""image_url_display"": ""https://cellphones.com.vn/media/catalog/product/i/p/iphone-17-pro-2_2.jpg"", ""product_url"": ""https://cellphones.com.vn/iphone-17-pro-1tb.html?product_id=112609"", ""price"": ""44.890.000₫""}, ""product_color_3"": {""color"": ""Cam Vũ Trụ"", ""image_url"": ""https://cdn2.cellphones.com.vn/insecure/rs:fill:50:50/q:90/plain/https://cellphones.com.vn/media/catalog/product/i/p/iphone-17-pro-cam_2.jpg"", ""image_url_display"": ""https://cellphones.com.vn/media/catalog/product/i/p/iphone-17-pro-cam_2.jpg"", ""product_url"": ""https://cellphones.com.vn/iphone-17-pro-1tb.html?product_id=112607"", ""price"": ""44.890.000₫""}}"
iPhone 17 512GB | Chính hãng,iphone-17-512gb,,,,,"[""https://cdn2.cellphones.com.vn/x/media/catalog/product/i/p/iphone-17-256gb-2_1.jpg"", ""https://cdn2.cellphones.com.vn/x/media/catalog/product/i/p/iphone-17-256gb-3_1.jpg"", ""https://cdn2.cellphones.com.vn/x/media/catalog/product/i/p/iphone-17-256gb-4_1.jpg"", ""https://cdn2.cellphones.com.vn/x/media/catalog/product/i/p/iphone-17-256gb-5_1.jpg"", ""https://cdn2.cellphones.com.vn/x/media/catalog/product/i/p/iphone-17-256gb-6_1.jpg"", ""https://cdn2.cellphones.com.vn/x/media/catalog/product/i/p/iphone-17-256gb-7_1.jpg"", ""https://cdn2.cellphones.com.vn/x/media/catalog/product/i/p/iphone-17-256gb-8_1.jpg"", ""https://cdn2.cellphones.com.vn/x/media/catalog/product/i/p/iphone-17-256gb-9_1.jpg""]","{""product_color_1"": {""color"": ""Xanh Lá Xô Thơm"", ""image_url"": ""https://cdn2.cellphones.com.vn/insecure/rs:fill:50:50/q:90/plain/https://cellphones.com.vn/media/catalog/product/i/p/iphone_17_sage_pdp_image_position_1_sage_color__vn-vi_1_1.jpg"", ""image_url_display"": ""https://cellphones.com.vn/media/catalog/product/i/p/iphone_17_sage_pdp_image_position_1_sage_color__vn-vi_1_1.jpg"", ""product_url"": ""https://cellphones.com.vn/iphone-17-512gb.html?product_id=112622"", ""price"": ""29.790.000₫""}, ""product_color_2"": {""color"": ""Đen"", ""image_url"": ""https://cdn2.cellphones.com.vn/insecure/rs:fill:50:50/q:90/plain/https://cellphones.com.vn/media/catalog/product/i/p/iphone_17_256gb_2_1.jpg"", ""image_url_display"": ""https://cellphones.com.vn/media/catalog/product/i/p/iphone_17_256gb_2_1.jpg"", ""product_url"": ""https://cellphones.com.vn/iphone-17-512gb.html?product_id=112614"", ""price"": ""29.790.000₫""}, ""product_color_3"": {""color"": ""Tím Oải Hương"", ""image_url"": ""https://cdn2.cellphones.com.vn/insecure/rs:fill:50:50/q:90/plain/https://cellphones.com.vn/media/catalog/product/i/p/iphone_17_256gb-3_1.jpg"", ""image_url_display"": ""https://cellphones.com.vn/media/catalog/product/i/p/iphone_17_256gb-3_1.jpg"", ""product_url"": ""https://cellphones.com.vn/iphone-17-512gb.html?product_id=112620"", ""price"": ""29.790.000₫""}, ""product_color_4"": {""color"": ""Xanh Lam Khói"", ""image_url"": ""https://cdn2.cellphones.com.vn/insecure/rs:fill:50:50/q:90/plain/https://cellphones.com.vn/media/catalog/product/i/p/iphone_17_256gb-2_1.jpg"", ""image_url_display"": ""https://cellphones.com.vn/media/catalog/product/i/p/iphone_17_256gb-2_1.jpg"", ""product_url"": ""https://cellphones.com.vn/iphone-17-512gb.html?product_id=112619"", ""price"": ""29.790.000₫""}, ""product_color_5"": {""color"": ""Trắng"", ""image_url"": ""https://cdn2.cellphones.com.vn/insecure/rs:fill:50:50/q:90/plain/https://cellphones.com.vn/media/catalog/product/2/5/256gb_3.jpg"", ""image_url_display"": ""https://cellphones.com.vn/media/catalog/product/2/5/256gb_3.jpg"", ""product_url"": ""https://cellphones.com.vn/iphone-17-512gb.html?product_id=112616"", ""price"": ""29.790.000₫""}}"
iPhone 15 Pro Max 256GB | Chính hãng VN/A,iphone-15-pro-max,,,,,"[""https://cdn2.cellphones.com.vn/x/media/catalog/product/i/p/iphone-15-pro-max_6__1.jpg"", ""https://cdn2.cellphones.com.vn/x/media/catalog/product/i/p/iphone-15-pro-max_7__1.jpg"", ""https://cdn2.cellphones.com.vn/x/media/catalog/product/i/p/iphone-15-pro-max_8__1.jpg"", ""https://cdn2.cellphones.com.vn/x/media/catalog/product/i/p/iphone-15-pro-max_9__1.jpg"", ""https://cdn2.cellphones.com.vn/x/media/catalog/product/i/p/iphone-15-pro-max_1__1.jpg"", ""https://cdn2.cellphones.com.vn/x/media/catalog/product/i/p/iphone-15-pro-max_10__1.jpg""]","{""product_color_1"": {""color"": ""Titan Tự Nhiên"", ""image_url"": ""https://cdn2.cellphones.com.vn/insecure/rs:fill:50:50/q:90/plain/https://cellphones.com.vn/media/catalog/product/i/p/iphone15-pro-max-titan-nau.jpg"", ""image_url_display"": ""https://cellphones.com.vn/media/catalog/product/i/p/iphone15-pro-max-titan-nau.jpg"", ""product_url"": ""https://cellphones.com.vn/iphone-15-pro-max.html?product_id=68918"", ""price"": ""24.990.000₫""}, ""product_color_2"": {""color"": ""Titan Đen"", ""image_url"": ""https://cdn2.cellphones.com.vn/insecure/rs:fill:50:50/q:90/plain/https://cellphones.com.vn/media/catalog/product/i/p/iphone15-pro-max-titan-den.jpg"", ""image_url_display"": ""https://cellphones.com.vn/media/catalog/product/i/p/iphone15-pro-max-titan-den.jpg"", ""product_url"": ""https://cellphones.com.vn/iphone-15-pro-max.html?product_id=68917"", ""price"": ""24.990.000₫""}, ""product_color_3"": {""color"": ""Titan Xanh"", ""image_url"": ""https://cdn2.cellphones.com.vn/insecure/rs:fill:50:50/q:90/plain/https://cellphones.com.vn/media/catalog/product/i/p/iphone15-pro-max-titan-xanh.jpg"", ""image_url_display"": ""https://cellphones.com.vn/media/catalog/product/i/p/iphone15-pro-max-titan-xanh.jpg"", ""product_url"": ""https://cellphones.com.vn/iphone-15-pro-max.html?product_id=68925"", ""price"": ""24.990.000₫""}, ""product_color_4"": {""color"": ""Titan Trắng"", ""image_url"": ""https://cdn2.cellphones.com.vn/insecure/rs:fill:50:50/q:90/plain/https://cellphones.com.vn/media/catalog/product/i/p/iphone15-pro-max-titan-trang.jpg"", ""image_url_display"": ""https://cellphones.com.vn/media/catalog/product/i/p/iphone15-pro-max-titan-trang.jpg"", ""product_url"": ""https://cellphones.com.vn/iphone-15-pro-max.html?product_id=68919"", ""price"": ""24.990.000₫""}}"
iPhone 16 Pro 256GB | Chính hãng VN/A,iphone-16-pro-256gb,,,,,"[""https://cdn2.cellphones.com.vn/x/media/catalog/product/i/p/iphone-16-pro-4_1.png"", ""https://cdn2.cellphones.com.vn/x/media/catalog/product/i/p/iphone-16-pro-5_1.png"", ""https://cdn2.cellphones.com.vn/x/media/catalog/product/i/p/iphone-16-pro-6_1.png"", ""https://cdn2.cellphones.com.vn/x/media/catalog/product/i/p/iphone-16-pro-7_1.png"", ""https://cdn2.cellphones.com.vn/x/media/catalog/product/i/p/iphone-16-pro-8_1.png"", ""https://cdn2.cellphones.com.vn/x/media/catalog/product/i/p/iphone-16-pro-9_1.png"", ""https://cdn2.cellphones.com.vn/x/media/catalog/product/i/p/iphone-16-pro-10_1.png""]","{""product_color_1"": {""color"": ""Titan Tự Nhiên"", ""image_url"": ""https://cdn2.cellphones.com.vn/insecure/rs:fill:50:50/q:90/plain/https://cellphones.com.vn/media/catalog/product/i/p/iphone-16-pro-titan-tu-nhien_1.png"", ""image_url_display"": ""https://cellphones.com.vn/media/catalog/product/i/p/iphone-16-pro-titan-tu-nhien_1.png"", ""product_url"": ""https://cellphones.com.vn/iphone-16-pro-256gb.html?product_id=90158"", ""price"": ""27.990.000₫""}, ""product_color_2"": {""color"": ""Titan Sa Mạc"", ""image_url"": ""https://cdn2.cellphones.com.vn/insecure/rs:fill:50:50/q:90/plain/https://cellphones.com.vn/media/catalog/product/i/p/iphone-16-pro-titan-sa-mac_1.png"", ""image_url_display"": ""https://cellphones.com.vn/media/catalog/product/i/p/iphone-16-pro-titan-sa-mac_1.png"", ""product_url"": ""https://cellphones.com.vn/iphone-16-pro-256gb.html?product_id=90159"", ""price"": ""27.990.000₫""}, ""product_color_3"": {""color"": ""Titan Trắng"", ""image_url"": ""https://cdn2.cellphones.com.vn/insecure/rs:fill:50:50/q:90/plain/https://cellphones.com.vn/media/catalog/product/i/p/iphone-16-pro-titan-trang_1.png"", ""image_url_display"": ""https://cellphones.com.vn/media/catalog/product/i/p/iphone-16-pro-titan-trang_1.png"", ""product_url"": ""https://cellphones.com.vn/iphone-16-pro-256gb.html?product_id=90157"", ""price"": ""27.990.000₫""}, ""product_color_4"": {""color"": ""Titan Đen"", ""image_url"": ""https://cdn2.cellphones.com.vn/insecure/rs:fill:50:50/q:90/plain/https://cellphones.com.vn/media/catalog/product/i/p/iphone-16-pro-titan-den_1.png"", ""image_url_display"": ""https://cellphones.com.vn/media/catalog/product/i/p/iphone-16-pro-titan-den_1.png"", ""product_url"": ""https://cellphones.com.vn/iphone-16-pro-256gb.html?product_id=90156"", ""price"": ""27.990.000₫""}}"
iPhone 16e 256GB | Chính hãng VN/A,iphone-16e-256gb,,,,,"[""https://cdn2.cellphones.com.vn/x/media/catalog/product/i/p/iphone-16e-256gb_3_.png"", ""https://cdn2.cellphones.com.vn/x/media/catalog/product/i/p/iphone-16e-256gb_4_.png"", ""https://cdn2.cellphones.com.vn/x/media/catalog/product/i/p/iphone-16e-256gb_5_.png"", ""https://cdn2.cellphones.com.vn/x/media/catalog/product/i/p/iphone-16e-256gb_6_.png"", ""https://cdn2.cellphones.com.vn/x/media/catalog/product/i/p/iphone-16e-256gb_7_.png"", ""https://cdn2.cellphones.com.vn/x/media/catalog/product/i/p/iphone-16e-256gb_8_.png""]","{""product_color_1"": {""color"": ""Đen"", ""image_url"": ""https://cdn2.cellphones.com.vn/insecure/rs:fill:50:50/q:90/plain/https://cellphones.com.vn/media/catalog/product/i/p/iphone-16e-256gb_1__1.png"", ""image_url_display"": ""https://cellphones.com.vn/media/catalog/product/i/p/iphone-16e-256gb_1__1.png"", ""product_url"": ""https://cellphones.com.vn/iphone-16e-256gb.html?product_id=100816"", ""price"": ""16.190.000₫""}, ""product_color_2"": {""color"": ""Trắng"", ""image_url"": ""https://cdn2.cellphones.com.vn/insecure/rs:fill:50:50/q:90/plain/https://cellphones.com.vn/media/catalog/product/i/p/iphone-16e-256gb_2__1.png"", ""image_url_display"": ""https://cellphones.com.vn/media/catalog/product/i/p/iphone-16e-256gb_2__1.png"", ""product_url"": ""https://cellphones.com.vn/iphone-16e-256gb.html?product_id=100817"", ""price"": ""16.190.000₫""}}"
iPhone 16 Plus 128GB | Chính hãng VN/A,iphone-16-plus,,,,,"[""https://cdn2.cellphones.com.vn/x/media/catalog/product/i/p/iphone-16-plus-4.png"", ""https://cdn2.cellphones.com.vn/x/media/catalog/product/i/p/iphone-16-plus-5.png"", ""https://cdn2.cellphones.com.vn/x/media/catalog/product/i/p/iphone-16-plus-6.png"", ""https://cdn2.cellphones.com.vn/x/media/catalog/product/i/p/iphone-16-plus-7.png"", ""https://cdn2.cellphones.com.vn/x/media/catalog/product/i/p/iphone-16-plus-8.png"", ""https://cdn2.cellphones.com.vn/x/media/catalog/product/i/p/iphone-16-plus-9.png"", ""https://cdn2.cellphones.com.vn/x/media/catalog/product/i/p/iphone-16-plus-10.png""]","{""product_color_1"": {""color"": ""Xanh Lưu Ly"", ""image_url"": ""https://cdn2.cellphones.com.vn/insecure/rs:fill:50:50/q:90/plain/https://cellphones.com.vn/media/catalog/product/i/p/iphone-16-plus-xanh-luu-ly.png"", ""image_url_display"": ""https://cellphones.com.vn/media/catalog/product/i/p/iphone-16-plus-xanh-luu-ly.png"", ""product_url"": ""https://cellphones.com.vn/iphone-16-plus.html?product_id=90144"", ""price"": ""24.290.000₫""}, ""product_color_2"": {""color"": ""Đen"", ""image_url"": ""https://cdn2.cellphones.com.vn/insecure/rs:fill:50:50/q:90/plain/https://cellphones.com.vn/media/catalog/product/i/p/iphone-16-plus-den.png"", ""image_url_display"": ""https://cellphones.com.vn/media/catalog/product/i/p/iphone-16-plus-den.png"", ""product_url"": ""https://cellphones.com.vn/iphone-16-plus.html?product_id=90140"", ""price"": ""24.290.000₫""}, ""product_color_3"": {""color"": ""Hồng"", ""image_url"": ""https://cdn2.cellphones.com.vn/insecure/rs:fill:50:50/q:90/plain/https://cellphones.com.vn/media/catalog/product/i/p/iphone-16-plus-hong_2.png"", ""image_url_display"": ""https://cellphones.com.vn/media/catalog/product/i/p/iphone-16-plus-hong_2.png"", ""product_url"": ""https://cellphones.com.vn/iphone-16-plus.html?product_id=90142"", ""price"": ""24.290.000₫""}, ""product_color_4"": {""color"": ""Trắng"", ""image_url"": ""https://cdn2.cellphones.com.vn/insecure/rs:fill:50:50/q:90/plain/https://cellphones.com.vn/media/catalog/product/i/p/iphone-16-plus-trang.png"", ""image_url_display"": ""https://cellphones.com.vn/media/catalog/product/i/p/iphone-16-plus-trang.png"", ""product_url"": ""https://cellphones.com.vn/iphone-16-plus.html?product_id=90141"", ""price"": ""24.290.000₫""}, ""product_color_5"": {""color"": ""Xanh Mòng Két"", ""image_url"": ""https://cdn2.cellphones.com.vn/insecure/rs:fill:50:50/q:90/plain/https://cellphones.com.vn/media/catalog/product/i/p/iphone-16-plus-xanh-mong-ket.png"", ""image_url_display"": ""https://cellphones.com.vn/media/catalog/product/i/p/iphone-16-plus-xanh-mong-ket.png"", ""product_url"": ""https://cellphones.com.vn/iphone-16-plus.html?product_id=90143"", ""price"": ""24.290.000₫""}}"
iPhone 15 Plus 128GB | Chính hãng VN/A,iphone-15-plus,,,,,"[""https://cdn2.cellphones.com.vn/x/media/catalog/product/i/p/iphone-15-plus-series-image-02.png"", ""https://cdn2.cellphones.com.vn/x/media/catalog/product/i/p/iphone-15-plus-series-image-03.png"", ""https://cdn2.cellphones.com.vn/x/media/catalog/product/i/p/iphone-15-plus-series-image-04.png"", ""https://cdn2.cellphones.com.vn/x/media/catalog/product/i/p/iphone-15-plus-series-image-05.png"", ""https://cdn2.cellphones.com.vn/x/media/catalog/product/i/p/iphone-15-plus-series-image-07.png"", ""https://cdn2.cellphones.com.vn/x/media/catalog/product/i/p/iphone-15_6__2.png""]","{""product_color_1"": {""color"": ""Vàng"", ""image_url"": ""https://cdn2.cellphones.com.vn/insecure/rs:fill:50:50/q:90/plain/https://cellphones.com.vn/media/catalog/product/i/p/iphone-15-plus-update-05_7.png"", ""image_url_display"": ""https://cellphones.com.vn/media/catalog/product/i/p/iphone-15-plus-update-05_7.png"", ""product_url"": ""https://cellphones.com.vn/iphone-15-plus.html?product_id=68904"", ""price"": ""17.690.000₫""}, ""product_color_2"": {""color"": ""Đen"", ""image_url"": ""https://cdn2.cellphones.com.vn/insecure/rs:fill:50:50/q:90/plain/https://cellphones.com.vn/media/catalog/product/i/p/iphone-15-plus-update-01_7.png"", ""image_url_display"": ""https://cellphones.com.vn/media/catalog/product/i/p/iphone-15-plus-update-01_7.png"", ""product_url"": ""https://cellphones.com.vn/iphone-15-plus.html?product_id=68900"", ""price"": ""17.690.000₫""}, ""product_color_3"": {""color"": ""Hồng"", ""image_url"": ""https://cdn2.cellphones.com.vn/insecure/rs:fill:50:50/q:90/plain/https://cellphones.com.vn/media/catalog/product/i/p/iphone-15-plus-update-04_7.png"", ""image_url_display"": ""https://cellphones.com.vn/media/catalog/product/i/p/iphone-15-plus-update-04_7.png"", ""product_url"": ""https://cellphones.com.vn/iphone-15-plus.html?product_id=68901"", ""price"": ""17.690.000₫""}, ""product_color_4"": {""color"": ""Xanh dương"", ""image_url"": ""https://cdn2.cellphones.com.vn/insecure/rs:fill:50:50/q:90/plain/https://cellphones.com.vn/media/catalog/product/i/p/iphone-15-plus-update-02_7.png"", ""image_url_display"": ""https://cellphones.com.vn/media/catalog/product/i/p/iphone-15-plus-update-02_7.png"", ""product_url"": ""https://cellphones.com.vn/iphone-15-plus.html?product_id=68905"", ""price"": ""17.690.000₫""}, ""product_color_5"": {""color"": ""Xanh lá"", ""image_url"": ""https://cdn2.cellphones.com.vn/insecure/rs:fill:50:50/q:90/plain/https://cellphones.com.vn/media/catalog/product/i/p/iphone-15-plus-update-03_7.png"", ""image_url_display"": ""https://cellphones.com.vn/media/catalog/product/i/p/iphone-15-plus-update-03_7.png"", ""product_url"": ""https://cellphones.com.vn/iphone-15-plus.html?product_id=68907"", ""price"": ""17.690.000₫""}}"
iPhone Air 1TB | Chính hãng,iphone-air-1tb,,,,,"[""https://cdn2.cellphones.com.vn/x/media/catalog/product/i/p/iphone-air-256gb-2_2.jpg"", ""https://cdn2.cellphones.com.vn/x/media/catalog/product/i/p/iphone-air-256gb-3_2.jpg"", ""https://cdn2.cellphones.com.vn/x/media/catalog/product/i/p/iphone-air-256gb-4_2.jpg"", ""https://cdn2.cellphones.com.vn/x/media/catalog/product/i/p/iphone-air-256gb-5_2.jpg"", ""https://cdn2.cellphones.com.vn/x/media/catalog/product/i/p/iphone-air-256gb-6_2.jpg"", ""https://cdn2.cellphones.com.vn/x/media/catalog/product/i/p/iphone-air-256gb-7_2.jpg"", ""https://cdn2.cellphones.com.vn/x/media/catalog/product/i/p/iphone-air-256gb-8_2.jpg"", ""https://cdn2.cellphones.com.vn/x/media/catalog/product/i/p/iphone-air-256gb-9_2.jpg""]","{""product_color_1"": {""color"": ""Trắng Mây"", ""image_url"": ""https://cdn2.cellphones.com.vn/insecure/rs:fill:50:50/q:90/plain/https://cellphones.com.vn/media/catalog/product/i/p/iphone_air-1_1.jpg"", ""image_url_display"": ""https://cellphones.com.vn/media/catalog/product/i/p/iphone_air-1_1.jpg"", ""product_url"": ""https://cellphones.com.vn/iphone-air-1tb.html?product_id=112649"", ""price"": ""33.590.000₫""}, ""product_color_2"": {""color"": ""Vàng Nhạt"", ""image_url"": ""https://cdn2.cellphones.com.vn/insecure/rs:fill:50:50/q:90/plain/https://cellphones.com.vn/media/catalog/product/i/p/iphone_air-2_2.jpg"", ""image_url_display"": ""https://cellphones.com.vn/media/catalog/product/i/p/iphone_air-2_2.jpg"", ""product_url"": ""https://cellphones.com.vn/iphone-air-1tb.html?product_id=112650"", ""price"": ""33.590.000₫""}, ""product_color_3"": {""color"": ""Đen Không Gian"", ""image_url"": ""https://cdn2.cellphones.com.vn/insecure/rs:fill:50:50/q:90/plain/https://cellphones.com.vn/media/catalog/product/i/p/iphone_air_1_1.jpg"", ""image_url_display"": ""https://cellphones.com.vn/media/catalog/product/i/p/iphone_air_1_1.jpg"", ""product_url"": ""https://cellphones.com.vn/iphone-air-1tb.html?product_id=112647"", ""price"": ""33.590.000₫""}, ""product_color_4"": {""color"": ""Xanh Da Trời"", ""image_url"": ""https://cdn2.cellphones.com.vn/insecure/rs:fill:50:50/q:90/plain/https://cellphones.com.vn/media/catalog/product/i/p/iphone_air-3_1.jpg"", ""image_url_display"": ""https://cellphones.com.vn/media/catalog/product/i/p/iphone_air-3_1.jpg"", ""product_url"": ""https://cellphones.com.vn/iphone-air-1tb.html?product_id=112651"", ""price"": ""33.990.000₫""}}"
iPhone 15 Pro 128GB | Chính hãng VN/A,iphone-15-pro,,,,,"[""https://cdn2.cellphones.com.vn/x/media/catalog/product/i/p/iphone-15-pro_7__2.jpg"", ""https://cdn2.cellphones.com.vn/x/media/catalog/product/i/p/iphone-15-pro_8__2.jpg"", ""https://cdn2.cellphones.com.vn/x/media/catalog/product/i/p/iphone-15-pro_1__2.jpg"", ""https://cdn2.cellphones.com.vn/x/media/catalog/product/i/p/iphone-15-pro_3__2.jpg"", ""https://cdn2.cellphones.com.vn/x/media/catalog/product/i/p/iphone-15-pro_1__2.png"", ""https://cdn2.cellphones.com.vn/x/media/catalog/product/i/p/iphone-15-pro_2__2.jpg""]","{""product_color_1"": {""color"": ""Titan Xanh"", ""image_url"": ""https://cdn2.cellphones.com.vn/insecure/rs:fill:50:50/q:90/plain/https://cellphones.com.vn/media/catalog/product/i/p/iphone15-pro-xanh_1_.jpg"", ""image_url_display"": ""https://cellphones.com.vn/media/catalog/product/i/p/iphone15-pro-xanh_1_.jpg"", ""product_url"": ""https://cellphones.com.vn/iphone-15-pro.html?product_id=68876"", ""price"": ""22.990.000₫""}, ""product_color_2"": {""color"": ""Titan Tự Nhiên"", ""image_url"": ""https://cdn2.cellphones.com.vn/insecure/rs:fill:50:50/q:90/plain/https://cellphones.com.vn/media/catalog/product/i/p/iphone15-pro-nau_1_.jpg"", ""image_url_display"": ""https://cellphones.com.vn/media/catalog/product/i/p/iphone15-pro-nau_1_.jpg"", ""product_url"": ""https://cellphones.com.vn/iphone-15-pro.html?product_id=68874"", ""price"": ""22.990.000₫""}, ""product_color_3"": {""color"": ""Titan Trắng"", ""image_url"": ""https://cdn2.cellphones.com.vn/insecure/rs:fill:50:50/q:90/plain/https://cellphones.com.vn/media/catalog/product/i/p/iphone15-pro-trang_1__1.jpg"", ""image_url_display"": ""https://cellphones.com.vn/media/catalog/product/i/p/iphone15-pro-trang_1__1.jpg"", ""product_url"": ""https://cellphones.com.vn/iphone-15-pro.html?product_id=68875"", ""price"": ""22.990.000₫""}, ""product_color_4"": {""color"": ""Titan Đen"", ""image_url"": ""https://cdn2.cellphones.com.vn/insecure/rs:fill:50:50/q:90/plain/https://cellphones.com.vn/media/catalog/product/i/p/iphone15-pro-den_1.jpg"", ""image_url_display"": ""https://cellphones.com.vn/media/catalog/product/i/p/iphone15-pro-den_1.jpg"", ""product_url"": ""https://cellphones.com.vn/iphone-15-pro.html?product_id=68873"", ""price"": ""22.990.000₫""}}"
iPhone 14 Pro 128GB | Chính hãng VN/A,iphone-14-pro,,,,,"[""https://cdn2.cellphones.com.vn/x/media/catalog/product/2/1/21_1_.png"", ""https://cdn2.cellphones.com.vn/x/media/catalog/product/i/p/iphone-14-pro-1tb-2.png"", ""https://cdn2.cellphones.com.vn/x/media/catalog/product/i/p/iphone-14-pro-1tb-6.png"", ""https://cdn2.cellphones.com.vn/x/media/catalog/product/2/1/21.1_1.png"", ""https://cdn2.cellphones.com.vn/x/media/catalog/product/2/1/21.7.png"", ""https://cdn2.cellphones.com.vn/x/media/catalog/product/i/p/iphone-14-pro-1tb-9.png"", ""https://cdn2.cellphones.com.vn/x/media/catalog/product/i/p/iphone-14-pro-1tb-5.png"", ""https://cdn2.cellphones.com.vn/x/media/catalog/product/2/1/21.4_1.png"", ""https://cdn2.cellphones.com.vn/x/media/catalog/product/2/1/21.6_1.png"", ""https://cdn2.cellphones.com.vn/x/media/catalog/product/i/p/iphone-14-pro-1tb-8.png"", ""https://cdn2.cellphones.com.vn/x/media/catalog/product/2/1/21.10.png"", ""https://cdn2.cellphones.com.vn/x/media/catalog/product/i/p/iphone-14-pro-1tb-4.png"", ""https://cdn2.cellphones.com.vn/x/media/catalog/product/2/1/21.2_1.png"", ""https://cdn2.cellphones.com.vn/x/media/catalog/product/2/1/21.3_1.png"", ""https://cdn2.cellphones.com.vn/x/media/catalog/product/i/p/iphone-14-pro-1tb-7.png"", ""https://cdn2.cellphones.com.vn/x/media/catalog/product/i/p/iphone-14-pro-1tb-11.png"", ""https://cdn2.cellphones.com.vn/x/media/catalog/product/2/1/21.9.png"", ""https://cdn2.cellphones.com.vn/x/media/catalog/product/2/1/21.8.png"", ""https://cdn2.cellphones.com.vn/x/media/catalog/product/2/1/21.5_1.png"", ""https://cdn2.cellphones.com.vn/x/media/catalog/product/i/p/iphone-14-pro_2__4.png"", ""https://cdn2.cellphones.com.vn/x/media/catalog/product/v/_/v_ng_12.png"", ""https://cdn2.cellphones.com.vn/x/media/catalog/product/x/_/x_m_16.png"", ""https://cdn2.cellphones.com.vn/x/media/catalog/product/b/_/b_c_1_1.png""]","{""product_color_1"": {""color"": ""Đen"", ""image_url"": ""https://cdn2.cellphones.com.vn/insecure/rs:fill:50:50/q:90/plain/https://cellphones.com.vn/media/catalog/product/x/_/x_m_17.png"", ""image_url_display"": ""https://cellphones.com.vn/media/catalog/product/x/_/x_m_17.png"", ""product_url"": ""https://cellphones.com.vn/iphone-14-pro.html?product_id=52416"", ""price"": ""25.290.000₫""}, ""product_color_2"": {""color"": ""Vàng"", ""image_url"": ""https://cdn2.cellphones.com.vn/insecure/rs:fill:50:50/q:90/plain/https://cellphones.com.vn/media/catalog/product/v/_/v_ng_1_2.png"", ""image_url_display"": ""https://cellphones.com.vn/media/catalog/product/v/_/v_ng_1_2.png"", ""product_url"": ""https://cellphones.com.vn/iphone-14-pro.html?product_id=52420"", ""price"": ""25.290.000₫""}, ""product_color_3"": {""color"": ""Tím"", ""image_url"": ""https://cdn2.cellphones.com.vn/insecure/rs:fill:50:50/q:90/plain/https://cellphones.com.vn/media/catalog/product/t/_/t_m-iphone-14-pro_1.png"", ""image_url_display"": ""https://cellphones.com.vn/media/catalog/product/t/_/t_m-iphone-14-pro_1.png"", ""product_url"": ""https://cellphones.com.vn/iphone-14-pro.html?product_id=52417"", ""price"": ""24.990.000₫""}, ""product_color_4"": {""color"": ""Bạc"", ""image_url"": ""https://cdn2.cellphones.com.vn/insecure/rs:fill:50:50/q:90/plain/https://cellphones.com.vn/media/catalog/product/b/_/b_c_1_2.png"", ""image_url_display"": ""https://cellphones.com.vn/media/catalog/product/b/_/b_c_1_2.png"", ""product_url"": ""https://cellphones.com.vn/iphone-14-pro.html?product_id=52415"", ""price"": ""24.990.000₫""}}"
iPhone 14 Pro Max 256GB | Chính hãng VN/A,iphone-14-pro-max-256gb,,,,,"[""https://cdn2.cellphones.com.vn/x/media/catalog/product/i/p/iphone_14_pro_max_512gb_-_9_1.png"", ""https://cdn2.cellphones.com.vn/x/media/catalog/product/i/p/iphone_14_pro_max_512gb_-_6_1.png"", ""https://cdn2.cellphones.com.vn/x/media/catalog/product/i/p/iphone_14_pro_max_512gb_-_3_1__1.png"", ""https://cdn2.cellphones.com.vn/x/media/catalog/product/i/p/iphone_14_pro_max_512gb_-_4_1__1.png"", ""https://cdn2.cellphones.com.vn/x/media/catalog/product/i/p/iphone_14_pro_max_512gb_-_8_1.png"", ""https://cdn2.cellphones.com.vn/x/media/catalog/product/i/p/iphone_14_pro_max_512gb_-_5_1.png"", ""https://cdn2.cellphones.com.vn/x/media/catalog/product/i/p/iphone_14_pro_max_512gb_-_11_1.png"", ""https://cdn2.cellphones.com.vn/x/media/catalog/product/i/p/iphone_14_pro_max_512gb_-_7_1.png"", ""https://cdn2.cellphones.com.vn/x/media/catalog/product/t/_/t_m_20.png"", ""https://cdn2.cellphones.com.vn/x/media/catalog/product/i/p/iphone-14-pro-max-256gb.png"", ""https://cdn2.cellphones.com.vn/x/media/catalog/product/b/_/b_c_1_11.png"", ""https://cdn2.cellphones.com.vn/x/media/catalog/product/x/_/x_m_26.png""]","{""product_color_1"": {""color"": ""Đen"", ""image_url"": ""https://cdn2.cellphones.com.vn/insecure/rs:fill:50:50/q:90/plain/https://cellphones.com.vn/media/catalog/product/x/_/x_m_1_3.png"", ""image_url_display"": ""https://cellphones.com.vn/media/catalog/product/x/_/x_m_1_3.png"", ""product_url"": ""https://cellphones.com.vn/iphone-14-pro-max-256gb.html?product_id=52344"", ""price"": ""26.990.000₫""}, ""product_color_2"": {""color"": ""Bạc"", ""image_url"": ""https://cdn2.cellphones.com.vn/insecure/rs:fill:50:50/q:90/plain/https://cellphones.com.vn/media/catalog/product/t/_/t_m-iphone-14-pro-1_3.png"", ""image_url_display"": ""https://cellphones.com.vn/media/catalog/product/t/_/t_m-iphone-14-pro-1_3.png"", ""product_url"": ""https://cellphones.com.vn/iphone-14-pro-max-256gb.html?product_id=52345"", ""price"": ""26.990.000₫""}, ""product_color_3"": {""color"": ""Vàng"", ""image_url"": ""https://cdn2.cellphones.com.vn/insecure/rs:fill:50:50/q:90/plain/https://cellphones.com.vn/media/catalog/product/v/a/vang-iphone-14-pro_5.png"", ""image_url_display"": ""https://cellphones.com.vn/media/catalog/product/v/a/vang-iphone-14-pro_5.png"", ""product_url"": ""https://cellphones.com.vn/iphone-14-pro-max-256gb.html?product_id=52346"", ""price"": ""26.990.000₫""}, ""product_color_4"": {""color"": ""Tím"", ""image_url"": ""https://cdn2.cellphones.com.vn/insecure/rs:fill:50:50/q:90/plain/https://cellphones.com.vn/media/catalog/product/t/_/t_m_21.png"", ""image_url_display"": ""https://cellphones.com.vn/media/catalog/product/t/_/t_m_21.png"", ""product_url"": ""https://cellphones.com.vn/iphone-14-pro-max-256gb.html?product_id=52347"", ""price"": ""26.990.000₫""}}"
iPhone 16 Plus 256GB | Chính hãng VN/A,iphone-16-plus-256gb,,,,,"[""https://cdn2.cellphones.com.vn/x/media/catalog/product/i/p/iphone-16-plus-4_1.png"", ""https://cdn2.cellphones.com.vn/x/media/catalog/product/i/p/iphone-16-plus-5_1.png"", ""https://cdn2.cellphones.com.vn/x/media/catalog/product/i/p/iphone-16-plus-6_1.png"", ""https://cdn2.cellphones.com.vn/x/media/catalog/product/i/p/iphone-16-plus-7_1.png"", ""https://cdn2.cellphones.com.vn/x/media/catalog/product/i/p/iphone-16-plus-8_1.png"", ""https://cdn2.cellphones.com.vn/x/media/catalog/product/i/p/iphone-16-plus-9_1.png"", ""https://cdn2.cellphones.com.vn/x/media/catalog/product/i/p/iphone-16-plus-10_1.png""]","{""product_color_1"": {""color"": ""Xanh Mòng Két"", ""image_url"": ""https://cdn2.cellphones.com.vn/insecure/rs:fill:50:50/q:90/plain/https://cellphones.com.vn/media/catalog/product/i/p/iphone-16-plus-xanh-mong-ket_1.png"", ""image_url_display"": ""https://cellphones.com.vn/media/catalog/product/i/p/iphone-16-plus-xanh-mong-ket_1.png"", ""product_url"": ""https://cellphones.com.vn/iphone-16-plus-256gb.html?product_id=90153"", ""price"": ""27.690.000₫""}, ""product_color_2"": {""color"": ""Hồng"", ""image_url"": ""https://cdn2.cellphones.com.vn/insecure/rs:fill:50:50/q:90/plain/https://cellphones.com.vn/media/catalog/product/i/p/iphone-16-plus-hong.png"", ""image_url_display"": ""https://cellphones.com.vn/media/catalog/product/i/p/iphone-16-plus-hong.png"", ""product_url"": ""https://cellphones.com.vn/iphone-16-plus-256gb.html?product_id=90152"", ""price"": ""27.690.000₫""}, ""product_color_3"": {""color"": ""Trắng"", ""image_url"": ""https://cdn2.cellphones.com.vn/insecure/rs:fill:50:50/q:90/plain/https://cellphones.com.vn/media/catalog/product/i/p/iphone-16-plus-trang_1.png"", ""image_url_display"": ""https://cellphones.com.vn/media/catalog/product/i/p/iphone-16-plus-trang_1.png"", ""product_url"": ""https://cellphones.com.vn/iphone-16-plus-256gb.html?product_id=90151"", ""price"": ""27.690.000₫""}, ""product_color_4"": {""color"": ""Xanh Lưu Ly"", ""image_url"": ""https://cdn2.cellphones.com.vn/insecure/rs:fill:50:50/q:90/plain/https://cellphones.com.vn/media/catalog/product/i/p/iphone-16-plus-xanh-luu-ly_1.png"", ""image_url_display"": ""https://cellphones.com.vn/media/catalog/product/i/p/iphone-16-plus-xanh-luu-ly_1.png"", ""product_url"": ""https://cellphones.com.vn/iphone-16-plus-256gb.html?product_id=90154"", ""price"": ""27.690.000₫""}, ""product_color_5"": {""color"": ""Đen"", ""image_url"": ""https://cdn2.cellphones.com.vn/insecure/rs:fill:50:50/q:90/plain/https://cellphones.com.vn/media/catalog/product/i/p/iphone-16-plus-den_1.png"", ""image_url_display"": ""https://cellphones.com.vn/media/catalog/product/i/p/iphone-16-plus-den_1.png"", ""product_url"": ""https://cellphones.com.vn/iphone-16-plus-256gb.html?product_id=90150"", ""price"": ""27.690.000₫""}}"
iPhone 16 256GB | Chính hãng VN/A,iphone-16-256gb,,,,,"[""https://cdn2.cellphones.com.vn/x/media/catalog/product/i/p/iphone-16-4_1.png"", ""https://cdn2.cellphones.com.vn/x/media/catalog/product/i/p/iphone-16-5_1.png"", ""https://cdn2.cellphones.com.vn/x/media/catalog/product/i/p/iphone-16-6_1.png"", ""https://cdn2.cellphones.com.vn/x/media/catalog/product/i/p/iphone-16-7_1.png"", ""https://cdn2.cellphones.com.vn/x/media/catalog/product/i/p/iphone-16-8_1.png"", ""https://cdn2.cellphones.com.vn/x/media/catalog/product/i/p/iphone-16-9_1.png"", ""https://cdn2.cellphones.com.vn/x/media/catalog/product/i/p/iphone-16-10_1.png""]","{""product_color_1"": {""color"": ""Trắng"", ""image_url"": ""https://cdn2.cellphones.com.vn/insecure/rs:fill:50:50/q:90/plain/https://cellphones.com.vn/media/catalog/product/i/p/iphone-16-trang_1.png"", ""image_url_display"": ""https://cellphones.com.vn/media/catalog/product/i/p/iphone-16-trang_1.png"", ""product_url"": ""https://cellphones.com.vn/iphone-16-256gb.html?product_id=90128"", ""price"": ""22.390.000₫""}, ""product_color_2"": {""color"": ""Hồng"", ""image_url"": ""https://cdn2.cellphones.com.vn/insecure/rs:fill:50:50/q:90/plain/https://cellphones.com.vn/media/catalog/product/i/p/iphone-16-hong_1.png"", ""image_url_display"": ""https://cellphones.com.vn/media/catalog/product/i/p/iphone-16-hong_1.png"", ""product_url"": ""https://cellphones.com.vn/iphone-16-256gb.html?product_id=90129"", ""price"": ""22.390.000₫""}, ""product_color_3"": {""color"": ""Đen"", ""image_url"": ""https://cdn2.cellphones.com.vn/insecure/rs:fill:50:50/q:90/plain/https://cellphones.com.vn/media/catalog/product/i/p/iphone-16-den_1.png"", ""image_url_display"": ""https://cellphones.com.vn/media/catalog/product/i/p/iphone-16-den_1.png"", ""product_url"": ""https://cellphones.com.vn/iphone-16-256gb.html?product_id=90127"", ""price"": ""22.390.000₫""}, ""product_color_4"": {""color"": ""Xanh Lưu Ly"", ""image_url"": ""https://cdn2.cellphones.com.vn/insecure/rs:fill:50:50/q:90/plain/https://cellphones.com.vn/media/catalog/product/i/p/iphone-16-xanh-luu-ly_1.png"", ""image_url_display"": ""https://cellphones.com.vn/media/catalog/product/i/p/iphone-16-xanh-luu-ly_1.png"", ""product_url"": ""https://cellphones.com.vn/iphone-16-256gb.html?product_id=90133"", ""price"": ""22.390.000₫""}, ""product_color_5"": {""color"": ""Xanh Mòng Két"", ""image_url"": ""https://cdn2.cellphones.com.vn/insecure/rs:fill:50:50/q:90/plain/https://cellphones.com.vn/media/catalog/product/i/p/iphone-16-xanh-mong-ket_1.png"", ""image_url_display"": ""https://cellphones.com.vn/media/catalog/product/i/p/iphone-16-xanh-mong-ket_1.png"", ""product_url"": ""https://cellphones.com.vn/iphone-16-256gb.html?product_id=90130"", ""price"": ""22.390.000₫""}}"
iPhone Air 512GB | Chính hãng,iphone-air-512gb,,,,,"[""https://cdn2.cellphones.com.vn/x/media/catalog/product/i/p/iphone-air-256gb-2_1.jpg"", ""https://cdn2.cellphones.com.vn/x/media/catalog/product/i/p/iphone-air-256gb-3_1.jpg"", ""https://cdn2.cellphones.com.vn/x/media/catalog/product/i/p/iphone-air-256gb-4_1.jpg"", ""https://cdn2.cellphones.com.vn/x/media/catalog/product/i/p/iphone-air-256gb-5_1.jpg"", ""https://cdn2.cellphones.com.vn/x/media/catalog/product/i/p/iphone-air-256gb-6_1.jpg"", ""https://cdn2.cellphones.com.vn/x/media/catalog/product/i/p/iphone-air-256gb-7_1.jpg"", ""https://cdn2.cellphones.com.vn/x/media/catalog/product/i/p/iphone-air-256gb-8_1.jpg"", ""https://cdn2.cellphones.com.vn/x/media/catalog/product/i/p/iphone-air-256gb-9_1.jpg""]","{""product_color_1"": {""color"": ""Đen Không Gian"", ""image_url"": ""https://cdn2.cellphones.com.vn/insecure/rs:fill:50:50/q:90/plain/https://cellphones.com.vn/media/catalog/product/i/p/iphone_air_1.jpg"", ""image_url_display"": ""https://cellphones.com.vn/media/catalog/product/i/p/iphone_air_1.jpg"", ""product_url"": ""https://cellphones.com.vn/iphone-air-512gb.html?product_id=112640"", ""price"": ""28.990.000₫""}, ""product_color_2"": {""color"": ""Vàng Nhạt"", ""image_url"": ""https://cdn2.cellphones.com.vn/insecure/rs:fill:50:50/q:90/plain/https://cellphones.com.vn/media/catalog/product/i/p/iphone_air-2_1.jpg"", ""image_url_display"": ""https://cellphones.com.vn/media/catalog/product/i/p/iphone_air-2_1.jpg"", ""product_url"": ""https://cellphones.com.vn/iphone-air-512gb.html?product_id=112642"", ""price"": ""28.990.000₫""}, ""product_color_3"": {""color"": ""Xanh Da Trời"", ""image_url"": ""https://cdn2.cellphones.com.vn/insecure/rs:fill:50:50/q:90/plain/https://cellphones.com.vn/media/catalog/product/i/p/iphone_air-3.jpg"", ""image_url_display"": ""https://cellphones.com.vn/media/catalog/product/i/p/iphone_air-3.jpg"", ""product_url"": ""https://cellphones.com.vn/iphone-air-512gb.html?product_id=112643"", ""price"": ""28.990.000₫""}, ""product_color_4"": {""color"": ""Trắng Mây"", ""image_url"": ""https://cdn2.cellphones.com.vn/insecure/rs:fill:50:50/q:90/plain/https://cellphones.com.vn/media/catalog/product/i/p/iphone_air-1.jpg"", ""image_url_display"": ""https://cellphones.com.vn/media/catalog/product/i/p/iphone_air-1.jpg"", ""product_url"": ""https://cellphones.com.vn/iphone-air-512gb.html?product_id=112641"", ""price"": ""28.990.000₫""}}"
iPhone 12 Pro Max 128GB I Chính hãng VN/A,iphone-12-pro-max,,,,,"[""https://cdn2.cellphones.com.vn/x/media/catalog/product/3/_/3_223_1.jpg"", ""https://cdn2.cellphones.com.vn/x/media/catalog/product/i/p/iphone12_3_1.jpg"", ""https://cdn2.cellphones.com.vn/x/media/catalog/product/_/0/_0005_iphone-12-pro-max-nonlogo-17_1_1.jpg"", ""https://cdn2.cellphones.com.vn/x/media/catalog/product/_/0/_0004_iphone-12-pro-max-nonlogo-12_1_1.jpg"", ""https://cdn2.cellphones.com.vn/x/media/catalog/product/_/0/_0002_iphone-12-pro-max-nonlogo-10_1_1.jpg"", ""https://cdn2.cellphones.com.vn/x/media/catalog/product/_/0/_0001_iphone-12-pro-max-nonlogo-6_1_1.jpg"", ""https://cdn2.cellphones.com.vn/x/media/catalog/product/_/0/_0003_iphone-12-pro-max-nonlogo-11_1_1.jpg"", ""https://cdn2.cellphones.com.vn/x/media/catalog/product/_/0/_0000_iphone-12-pro-max-nonlogo-5_1_1.jpg"", ""https://cdn2.cellphones.com.vn/x/media/catalog/product/i/p/iphone-12-pro-max-2-org.jpg"", ""https://cdn2.cellphones.com.vn/x/media/catalog/product/i/p/iphone-12-pro-max-bac-2-org.jpg"", ""https://cdn2.cellphones.com.vn/x/media/catalog/product/i/p/iphone-12-pro-max-bac-3-org.jpg"", ""https://cdn2.cellphones.com.vn/x/media/catalog/product/i/p/iphone-12-pro-max-xam-2-org.jpg"", ""https://cdn2.cellphones.com.vn/x/media/catalog/product/i/p/iphone-12-pro-max-xam-3-org.jpg"", ""https://cdn2.cellphones.com.vn/x/media/catalog/product/i/p/iphone-12-pro-max-xanh-duong-2-org.jpg"", ""https://cdn2.cellphones.com.vn/x/media/catalog/product/i/p/iphone-12-pro-max-xanh-duong-3-1-org.jpg"", ""https://cdn2.cellphones.com.vn/x/media/catalog/product/i/p/iphone-12-pro-max-3-org.jpg""]","{""product_color_1"": {""color"": ""Vàng"", ""image_url"": ""https://cdn2.cellphones.com.vn/insecure/rs:fill:50:50/q:90/plain/https://cellphones.com.vn/media/catalog/product/1/2/12_vngf.jpg"", ""image_url_display"": ""https://cellphones.com.vn/media/catalog/product/1/2/12_vngf.jpg"", ""product_url"": ""https://cellphones.com.vn/iphone-12-pro-max.html?product_id=27424"", ""price"": ""24.990.000₫""}, ""product_color_2"": {""color"": ""Xanh dương"", ""image_url"": ""https://cdn2.cellphones.com.vn/insecure/rs:fill:50:50/q:90/plain/https://cellphones.com.vn/media/catalog/product/1/2/12_xanh_en.jpg"", ""image_url_display"": ""https://cellphones.com.vn/media/catalog/product/1/2/12_xanh_en.jpg"", ""product_url"": ""https://cellphones.com.vn/iphone-12-pro-max.html?product_id=27422"", ""price"": ""24.990.000₫""}, ""product_color_3"": {""color"": ""Bạc"", ""image_url"": ""https://cdn2.cellphones.com.vn/insecure/rs:fill:50:50/q:90/plain/https://cellphones.com.vn/media/catalog/product/1/2/12_tr_ng_1.jpg"", ""image_url_display"": ""https://cellphones.com.vn/media/catalog/product/1/2/12_tr_ng_1.jpg"", ""product_url"": ""https://cellphones.com.vn/iphone-12-pro-max.html?product_id=27425"", ""price"": ""28.990.000₫""}, ""product_color_4"": {""color"": ""Xám"", ""image_url"": ""https://cdn2.cellphones.com.vn/insecure/rs:fill:50:50/q:90/plain/https://cellphones.com.vn/media/catalog/product/1/2/12_xa_s.jpg"", ""image_url_display"": ""https://cellphones.com.vn/media/catalog/product/1/2/12_xa_s.jpg"", ""product_url"": ""https://cellphones.com.vn/iphone-12-pro-max.html?product_id=27423"", ""price"": ""24.990.000₫""}}"
iPhone 15 Pro Max 512GB | Chính hãng VN/A,iphone-15-pro-max-512gb,,,,,"[""https://cdn2.cellphones.com.vn/x/media/catalog/product/i/p/iphone-15-pro-max_6__2.jpg"", ""https://cdn2.cellphones.com.vn/x/media/catalog/product/i/p/iphone-15-pro-max_7__2.jpg"", ""https://cdn2.cellphones.com.vn/x/media/catalog/product/i/p/iphone-15-pro-max_8__2.jpg"", ""https://cdn2.cellphones.com.vn/x/media/catalog/product/i/p/iphone-15-pro-max_9__2.jpg"", ""https://cdn2.cellphones.com.vn/x/media/catalog/product/i/p/iphone-15-pro-max_1__2.jpg"", ""https://cdn2.cellphones.com.vn/x/media/catalog/product/i/p/iphone-15-pro-max_10__2.jpg""]","{""product_color_1"": {""color"": ""Titan Xanh"", ""image_url"": ""https://cdn2.cellphones.com.vn/insecure/rs:fill:50:50/q:90/plain/https://cellphones.com.vn/media/catalog/product/i/p/iphone15-pro-max-512gb-titan-xanh.jpg"", ""image_url_display"": ""https://cellphones.com.vn/media/catalog/product/i/p/iphone15-pro-max-512gb-titan-xanh.jpg"", ""product_url"": ""https://cellphones.com.vn/iphone-15-pro-max-512gb.html?product_id=68931"", ""price"": ""28.490.000₫""}, ""product_color_2"": {""color"": ""Titan Tự Nhiên"", ""image_url"": ""https://cdn2.cellphones.com.vn/insecure/rs:fill:50:50/q:90/plain/https://cellphones.com.vn/media/catalog/product/i/p/iphone15-pro-max-512gb-titan-nau.jpg"", ""image_url_display"": ""https://cellphones.com.vn/media/catalog/product/i/p/iphone15-pro-max-512gb-titan-nau.jpg"", ""product_url"": ""https://cellphones.com.vn/iphone-15-pro-max-512gb.html?product_id=68929"", ""price"": ""28.490.000₫""}, ""product_color_3"": {""color"": ""Titan Đen"", ""image_url"": ""https://cdn2.cellphones.com.vn/insecure/rs:fill:50:50/q:90/plain/https://cellphones.com.vn/media/catalog/product/i/p/iphone15-pro-max-512gb-titan-den.jpg"", ""image_url_display"": ""https://cellphones.com.vn/media/catalog/product/i/p/iphone15-pro-max-512gb-titan-den.jpg"", ""product_url"": ""https://cellphones.com.vn/iphone-15-pro-max-512gb.html?product_id=68928"", ""price"": ""28.490.000₫""}, ""product_color_4"": {""color"": ""Titan Trắng"", ""image_url"": ""https://cdn2.cellphones.com.vn/insecure/rs:fill:50:50/q:90/plain/https://cellphones.com.vn/media/catalog/product/i/p/iphone15-pro-max-512gb-titan-trang.jpg"", ""image_url_display"": ""https://cellphones.com.vn/media/catalog/product/i/p/iphone15-pro-max-512gb-titan-trang.jpg"", ""product_url"": ""https://cellphones.com.vn/iphone-15-pro-max-512gb.html?product_id=68930"", ""price"": ""28.490.000₫""}}"
iPhone 11 64GB | Chính hãng VN/A,iphone-11,,,,,"[""https://cdn2.cellphones.com.vn/x/media/catalog/product/5/_/5_158.jpg"", ""https://cdn2.cellphones.com.vn/x/media/catalog/product/4/_/4_187.jpg"", ""https://cdn2.cellphones.com.vn/x/media/catalog/product/1/_/1_253.jpg"", ""https://cdn2.cellphones.com.vn/x/media/catalog/product/i/p/iphone-11-do-21_1.jpg"", ""https://cdn2.cellphones.com.vn/x/media/catalog/product/i/p/iphone-11-do-3-1.jpg"", ""https://cdn2.cellphones.com.vn/x/media/catalog/product/i/p/iphone-11-trang_1.jpg"", ""https://cdn2.cellphones.com.vn/x/media/catalog/product/i/p/iphone-11-trang-3-1_1.jpg"", ""https://cdn2.cellphones.com.vn/x/media/catalog/product/i/p/iphone-11-vang_1.jpg"", ""https://cdn2.cellphones.com.vn/x/media/catalog/product/i/p/iphone-11-vang-3_1.jpg"", ""https://cdn2.cellphones.com.vn/x/media/catalog/product/i/p/iphone-11-tim-2_1.jpg"", ""https://cdn2.cellphones.com.vn/x/media/catalog/product/i/p/iphone-11-tim-3-1_1.jpg"", ""https://cdn2.cellphones.com.vn/x/media/catalog/product/i/p/iphone-11-den-2-22_1.jpg"", ""https://cdn2.cellphones.com.vn/x/media/catalog/product/i/p/iphone-11-den-3-1_1.jpg"", ""https://cdn2.cellphones.com.vn/x/media/catalog/product/4/8/4824327_cover_iphone-11-mint211_1.jpg"", ""https://cdn2.cellphones.com.vn/x/media/catalog/product/i/p/iphone-11-xanh-la-1_1.jpg"", ""https://cdn2.cellphones.com.vn/x/media/catalog/product/i/p/iphone-11-xanh-la-3_1.jpg"", ""https://cdn2.cellphones.com.vn/x/media/catalog/product/_/0/_0001_iphone_11_purple_hero_alt_horizontal_cropped_us-en_print_1.jpg"", ""https://cdn2.cellphones.com.vn/x/media/catalog/product/_/0/_0000_iphone_11_red_rosette_vertical_us-en_print_1.jpg""]","{""product_color_1"": {""color"": ""Trắng"", ""image_url"": ""https://cdn2.cellphones.com.vn/insecure/rs:fill:50:50/q:90/plain/https://cellphones.com.vn/media/catalog/product/i/p/iphone11-white-select-2019_3.png"", ""image_url_display"": ""https://cellphones.com.vn/media/catalog/product/i/p/iphone11-white-select-2019_3.png"", ""product_url"": ""https://cellphones.com.vn/iphone-11.html?product_id=18359"", ""price"": ""8.490.000₫""}, ""product_color_2"": {""color"": ""Đen"", ""image_url"": ""https://cdn2.cellphones.com.vn/insecure/rs:fill:50:50/q:90/plain/https://cellphones.com.vn/media/catalog/product/1/1/11._d_nn.jpg"", ""image_url_display"": ""https://cellphones.com.vn/media/catalog/product/1/1/11._d_nn.jpg"", ""product_url"": ""https://cellphones.com.vn/iphone-11.html?product_id=16521"", ""price"": ""8.490.000₫""}}"
iPhone 15 Plus 256GB | Chính hãng VN/A,iphone-15-plus-256gb,,,,,"[""https://cdn2.cellphones.com.vn/x/media/catalog/product/i/p/iphone-15-plus-series-image-02_1.png"", ""https://cdn2.cellphones.com.vn/x/media/catalog/product/i/p/iphone-15-plus-series-image-03_1.png"", ""https://cdn2.cellphones.com.vn/x/media/catalog/product/i/p/iphone-15-plus-series-image-04_1.png"", ""https://cdn2.cellphones.com.vn/x/media/catalog/product/i/p/iphone-15-plus-series-image-05_1.png"", ""https://cdn2.cellphones.com.vn/x/media/catalog/product/i/p/iphone-15-plus-series-image-07_1.png"", ""https://cdn2.cellphones.com.vn/x/media/catalog/product/i/p/iphone-15_6__3.png""]","{""product_color_1"": {""color"": ""Xanh lá"", ""image_url"": ""https://cdn2.cellphones.com.vn/insecure/rs:fill:50:50/q:90/plain/https://cellphones.com.vn/media/catalog/product/i/p/iphone-15-plus-update-03_6.png"", ""image_url_display"": ""https://cellphones.com.vn/media/catalog/product/i/p/iphone-15-plus-update-03_6.png"", ""product_url"": ""https://cellphones.com.vn/iphone-15-plus-256gb.html?product_id=68888"", ""price"": ""21.290.000₫""}, ""product_color_2"": {""color"": ""Vàng"", ""image_url"": ""https://cdn2.cellphones.com.vn/insecure/rs:fill:50:50/q:90/plain/https://cellphones.com.vn/media/catalog/product/i/p/iphone-15-plus-update-05_6.png"", ""image_url_display"": ""https://cellphones.com.vn/media/catalog/product/i/p/iphone-15-plus-update-05_6.png"", ""product_url"": ""https://cellphones.com.vn/iphone-15-plus-256gb.html?product_id=68884"", ""price"": ""21.290.000₫""}, ""product_color_3"": {""color"": ""Xanh dương"", ""image_url"": ""https://cdn2.cellphones.com.vn/insecure/rs:fill:50:50/q:90/plain/https://cellphones.com.vn/media/catalog/product/i/p/iphone-15-plus-update-02_6.png"", ""image_url_display"": ""https://cellphones.com.vn/media/catalog/product/i/p/iphone-15-plus-update-02_6.png"", ""product_url"": ""https://cellphones.com.vn/iphone-15-plus-256gb.html?product_id=68885"", ""price"": ""21.290.000₫""}, ""product_color_4"": {""color"": ""Hồng"", ""image_url"": ""https://cdn2.cellphones.com.vn/insecure/rs:fill:50:50/q:90/plain/https://cellphones.com.vn/media/catalog/product/i/p/iphone-15-plus-update-04_6.png"", ""image_url_display"": ""https://cellphones.com.vn/media/catalog/product/i/p/iphone-15-plus-update-04_6.png"", ""product_url"": ""https://cellphones.com.vn/iphone-15-plus-256gb.html?product_id=68882"", ""price"": ""21.290.000₫""}, ""product_color_5"": {""color"": ""Đen"", ""image_url"": ""https://cdn2.cellphones.com.vn/insecure/rs:fill:50:50/q:90/plain/https://cellphones.com.vn/media/catalog/product/i/p/iphone-15-plus-update-01_6.png"", ""image_url_display"": ""https://cellphones.com.vn/media/catalog/product/i/p/iphone-15-plus-update-01_6.png"", ""product_url"": ""https://cellphones.com.vn/iphone-15-plus-256gb.html?product_id=68879"", ""price"": ""21.290.000₫""}}"
iPhone 16 Pro 512GB | Chính hãng VN/A,iphone-16-pro-512gb,,,,,"[""https://cdn2.cellphones.com.vn/x/media/catalog/product/i/p/iphone-16-pro-4_2.png"", ""https://cdn2.cellphones.com.vn/x/media/catalog/product/i/p/iphone-16-pro-5_2.png"", ""https://cdn2.cellphones.com.vn/x/media/catalog/product/i/p/iphone-16-pro-6_2.png"", ""https://cdn2.cellphones.com.vn/x/media/catalog/product/i/p/iphone-16-pro-7_2.png"", ""https://cdn2.cellphones.com.vn/x/media/catalog/product/i/p/iphone-16-pro-8_2.png"", ""https://cdn2.cellphones.com.vn/x/media/catalog/product/i/p/iphone-16-pro-9_2.png"", ""https://cdn2.cellphones.com.vn/x/media/catalog/product/i/p/iphone-16-pro-10_2.png""]","{""product_color_1"": {""color"": ""Titan Đen"", ""image_url"": ""https://cdn2.cellphones.com.vn/insecure/rs:fill:50:50/q:90/plain/https://cellphones.com.vn/media/catalog/product/i/p/iphone-16-pro-titan-den_2.png"", ""image_url_display"": ""https://cellphones.com.vn/media/catalog/product/i/p/iphone-16-pro-titan-den_2.png"", ""product_url"": ""https://cellphones.com.vn/iphone-16-pro-512gb.html?product_id=90160"", ""price"": ""31.990.000₫""}, ""product_color_2"": {""color"": ""Titan Sa Mạc"", ""image_url"": ""https://cdn2.cellphones.com.vn/insecure/rs:fill:50:50/q:90/plain/https://cellphones.com.vn/media/catalog/product/i/p/iphone-16-pro-titan-sa-mac_2.png"", ""image_url_display"": ""https://cellphones.com.vn/media/catalog/product/i/p/iphone-16-pro-titan-sa-mac_2.png"", ""product_url"": ""https://cellphones.com.vn/iphone-16-pro-512gb.html?product_id=90163"", ""price"": ""31.990.000₫""}, ""product_color_3"": {""color"": ""Titan Trắng"", ""image_url"": ""https://cdn2.cellphones.com.vn/insecure/rs:fill:50:50/q:90/plain/https://cellphones.com.vn/media/catalog/product/i/p/iphone-16-pro-titan-trang_2.png"", ""image_url_display"": ""https://cellphones.com.vn/media/catalog/product/i/p/iphone-16-pro-titan-trang_2.png"", ""product_url"": ""https://cellphones.com.vn/iphone-16-pro-512gb.html?product_id=90161"", ""price"": ""31.990.000₫""}, ""product_color_4"": {""color"": ""Titan Tự Nhiên"", ""image_url"": ""https://cdn2.cellphones.com.vn/insecure/rs:fill:50:50/q:90/plain/https://cellphones.com.vn/media/catalog/product/i/p/iphone-16-pro-titan-tu-nhien_2.png"", ""image_url_display"": ""https://cellphones.com.vn/media/catalog/product/i/p/iphone-16-pro-titan-tu-nhien_2.png"", ""product_url"": ""https://cellphones.com.vn/iphone-16-pro-512gb.html?product_id=90162"", ""price"": ""31.990.000₫""}}"
iPhone 17e 512GB | Chính hãng,iphone-17e-512gb,,,,,"[""https://cdn2.cellphones.com.vn/x/media/catalog/product/i/p/iphone17e-hong-2_1.jpg"", ""https://cdn2.cellphones.com.vn/x/media/catalog/product/i/p/iphone-17e-3_1.jpg"", ""https://cdn2.cellphones.com.vn/x/media/catalog/product/i/p/iphone-17e-5_1.jpg"", ""https://cdn2.cellphones.com.vn/x/media/catalog/product/i/p/iphone-17e-6_1.jpg"", ""https://cdn2.cellphones.com.vn/x/media/catalog/product/i/p/iphone17e-hong-1_1.jpg""]","{""product_color_1"": {""color"": ""Đen"", ""image_url"": ""https://cdn2.cellphones.com.vn/insecure/rs:fill:50:50/q:90/plain/https://cellphones.com.vn/media/catalog/product/i/p/iphone_17e-2_3.jpg"", ""image_url_display"": ""https://cellphones.com.vn/media/catalog/product/i/p/iphone_17e-2_3.jpg"", ""product_url"": ""https://cellphones.com.vn/iphone-17e-512gb.html?product_id=125585"", ""price"": ""22.990.000₫""}, ""product_color_2"": {""color"": ""Trắng"", ""image_url"": ""https://cdn2.cellphones.com.vn/insecure/rs:fill:50:50/q:90/plain/https://cellphones.com.vn/media/catalog/product/i/p/iphone_17e-2-2_3.jpg"", ""image_url_display"": ""https://cellphones.com.vn/media/catalog/product/i/p/iphone_17e-2-2_3.jpg"", ""product_url"": ""https://cellphones.com.vn/iphone-17e-512gb.html?product_id=125586"", ""price"": ""22.990.000₫""}, ""product_color_3"": {""color"": ""Hồng"", ""image_url"": ""https://cdn2.cellphones.com.vn/insecure/rs:fill:50:50/q:90/plain/https://cellphones.com.vn/media/catalog/product/i/p/iphone_17e-2-1_3.jpg"", ""image_url_display"": ""https://cellphones.com.vn/media/catalog/product/i/p/iphone_17e-2-1_3.jpg"", ""product_url"": ""https://cellphones.com.vn/iphone-17e-512gb.html?product_id=125587"", ""price"": ""22.990.000₫""}}"
iPhone 16 512GB | Chính hãng VN/A,iphone-16-512gb,,,,,"[""https://cdn2.cellphones.com.vn/x/media/catalog/product/i/p/iphone-16-4_2.png"", ""https://cdn2.cellphones.com.vn/x/media/catalog/product/i/p/iphone-16-5_2.png"", ""https://cdn2.cellphones.com.vn/x/media/catalog/product/i/p/iphone-16-6_2.png"", ""https://cdn2.cellphones.com.vn/x/media/catalog/product/i/p/iphone-16-7_2.png"", ""https://cdn2.cellphones.com.vn/x/media/catalog/product/i/p/iphone-16-8_2.png"", ""https://cdn2.cellphones.com.vn/x/media/catalog/product/i/p/iphone-16-9_2.png"", ""https://cdn2.cellphones.com.vn/x/media/catalog/product/i/p/iphone-16-10_2.png""]","{""product_color_1"": {""color"": ""Hồng"", ""image_url"": ""https://cdn2.cellphones.com.vn/insecure/rs:fill:50:50/q:90/plain/https://cellphones.com.vn/media/catalog/product/i/p/iphone-16-hong_2.png"", ""image_url_display"": ""https://cellphones.com.vn/media/catalog/product/i/p/iphone-16-hong_2.png"", ""product_url"": ""https://cellphones.com.vn/iphone-16-512gb.html?product_id=90137"", ""price"": ""26.990.000₫""}, ""product_color_2"": {""color"": ""Đen"", ""image_url"": ""https://cdn2.cellphones.com.vn/insecure/rs:fill:50:50/q:90/plain/https://cellphones.com.vn/media/catalog/product/i/p/iphone-16-den_2.png"", ""image_url_display"": ""https://cellphones.com.vn/media/catalog/product/i/p/iphone-16-den_2.png"", ""product_url"": ""https://cellphones.com.vn/iphone-16-512gb.html?product_id=90135"", ""price"": ""26.990.000₫""}, ""product_color_3"": {""color"": ""Trắng"", ""image_url"": ""https://cdn2.cellphones.com.vn/insecure/rs:fill:50:50/q:90/plain/https://cellphones.com.vn/media/catalog/product/i/p/iphone-16-trang_2.png"", ""image_url_display"": ""https://cellphones.com.vn/media/catalog/product/i/p/iphone-16-trang_2.png"", ""product_url"": ""https://cellphones.com.vn/iphone-16-512gb.html?product_id=90136"", ""price"": ""26.990.000₫""}, ""product_color_4"": {""color"": ""Xanh Lưu Ly"", ""image_url"": ""https://cdn2.cellphones.com.vn/insecure/rs:fill:50:50/q:90/plain/https://cellphones.com.vn/media/catalog/product/i/p/iphone-16-xanh-luu-ly_2.png"", ""image_url_display"": ""https://cellphones.com.vn/media/catalog/product/i/p/iphone-16-xanh-luu-ly_2.png"", ""product_url"": ""https://cellphones.com.vn/iphone-16-512gb.html?product_id=90139"", ""price"": ""26.990.000₫""}, ""product_color_5"": {""color"": ""Xanh Mòng Két"", ""image_url"": ""https://cdn2.cellphones.com.vn/insecure/rs:fill:50:50/q:90/plain/https://cellphones.com.vn/media/catalog/product/i/p/iphone-16-xanh-mong-ket_2.png"", ""image_url_display"": ""https://cellphones.com.vn/media/catalog/product/i/p/iphone-16-xanh-mong-ket_2.png"", ""product_url"": ""https://cellphones.com.vn/iphone-16-512gb.html?product_id=90138"", ""price"": ""26.990.000₫""}}"
iPhone 16 Pro 1TB | Chính hãng VN/A,iphone-16-pro-1tb,,,,,"[""https://cdn2.cellphones.com.vn/x/media/catalog/product/i/p/iphone-16-pro-4_3.png"", ""https://cdn2.cellphones.com.vn/x/media/catalog/product/i/p/iphone-16-pro-5_3.png"", ""https://cdn2.cellphones.com.vn/x/media/catalog/product/i/p/iphone-16-pro-6_3.png"", ""https://cdn2.cellphones.com.vn/x/media/catalog/product/i/p/iphone-16-pro-7_3.png"", ""https://cdn2.cellphones.com.vn/x/media/catalog/product/i/p/iphone-16-pro-8_3.png"", ""https://cdn2.cellphones.com.vn/x/media/catalog/product/i/p/iphone-16-pro-9_3.png"", ""https://cdn2.cellphones.com.vn/x/media/catalog/product/i/p/iphone-16-pro-10_3.png""]","{""product_color_1"": {""color"": ""Titan Sa Mạc"", ""image_url"": ""https://cdn2.cellphones.com.vn/insecure/rs:fill:50:50/q:90/plain/https://cellphones.com.vn/media/catalog/product/i/p/iphone-16-pro-titan-sa-mac_3.png"", ""image_url_display"": ""https://cellphones.com.vn/media/catalog/product/i/p/iphone-16-pro-titan-sa-mac_3.png"", ""product_url"": ""https://cellphones.com.vn/iphone-16-pro-1tb.html?product_id=90167"", ""price"": ""35.990.000₫""}, ""product_color_2"": {""color"": ""Titan Đen"", ""image_url"": ""https://cdn2.cellphones.com.vn/insecure/rs:fill:50:50/q:90/plain/https://cellphones.com.vn/media/catalog/product/i/p/iphone-16-pro-titan-den_3.png"", ""image_url_display"": ""https://cellphones.com.vn/media/catalog/product/i/p/iphone-16-pro-titan-den_3.png"", ""product_url"": ""https://cellphones.com.vn/iphone-16-pro-1tb.html?product_id=90164"", ""price"": ""35.990.000₫""}, ""product_color_3"": {""color"": ""Titan Trắng"", ""image_url"": ""https://cdn2.cellphones.com.vn/insecure/rs:fill:50:50/q:90/plain/https://cellphones.com.vn/media/catalog/product/i/p/iphone-16-pro-titan-trang_3.png"", ""image_url_display"": ""https://cellphones.com.vn/media/catalog/product/i/p/iphone-16-pro-titan-trang_3.png"", ""product_url"": ""https://cellphones.com.vn/iphone-16-pro-1tb.html?product_id=90165"", ""price"": ""35.990.000₫""}, ""product_color_4"": {""color"": ""Titan Tự Nhiên"", ""image_url"": ""https://cdn2.cellphones.com.vn/insecure/rs:fill:50:50/q:90/plain/https://cellphones.com.vn/media/catalog/product/i/p/iphone-16-pro-titan-tu-nhien_1_1.png"", ""image_url_display"": ""https://cellphones.com.vn/media/catalog/product/i/p/iphone-16-pro-titan-tu-nhien_1_1.png"", ""product_url"": ""https://cellphones.com.vn/iphone-16-pro-1tb.html?product_id=90166"", ""price"": ""35.990.000₫""}}"
iPhone 13 Pro Max 128GB | Chính hãng VN/A,iphone-13-pro-max,,,,,"[""https://cdn2.cellphones.com.vn/x/media/catalog/product/i/p/iphone_13_pro_max_128gb_-_9.png"", ""https://cdn2.cellphones.com.vn/x/media/catalog/product/i/p/iphone_13_pro_max_128gb_-_3.png"", ""https://cdn2.cellphones.com.vn/x/media/catalog/product/i/p/iphone_13_pro_max_128gb_-_7.png"", ""https://cdn2.cellphones.com.vn/x/media/catalog/product/i/p/iphone_13_pro_max_128gb_-_8.png"", ""https://cdn2.cellphones.com.vn/x/media/catalog/product/i/p/iphone_13_pro_max_128gb_-_6.png"", ""https://cdn2.cellphones.com.vn/x/media/catalog/product/i/p/iphone_13_pro_max_128gb_-_4.png"", ""https://cdn2.cellphones.com.vn/x/media/catalog/product/i/p/iphone-13-pro-max-8_1.jpg"", ""https://cdn2.cellphones.com.vn/x/media/catalog/product/i/p/iphone-13-pro-max-10_1.png"", ""https://cdn2.cellphones.com.vn/x/media/catalog/product/i/p/iphone-13-pro-max-9_1.jpg"", ""https://cdn2.cellphones.com.vn/x/media/catalog/product/1/5/1536-1024_1_19.jpg"", ""https://cdn2.cellphones.com.vn/x/media/catalog/product/i/p/iphone-13-pro-max.png"", ""https://cdn2.cellphones.com.vn/x/media/catalog/product/4/_/4_36_3_2_1_9.jpg"", ""https://cdn2.cellphones.com.vn/x/media/catalog/product/2/_/2_61_8_2_1_12.jpg"", ""https://cdn2.cellphones.com.vn/x/media/catalog/product/1/_/1_66_6_2_1_11.jpg"", ""https://cdn2.cellphones.com.vn/x/media/catalog/product/1/5/1536-1024_1__3_4.jpg"", ""https://cdn2.cellphones.com.vn/x/media/catalog/product/1/5/1536-1024_12__1_13.jpg""]","{""product_color_1"": {""color"": ""Vàng"", ""image_url"": ""https://cdn2.cellphones.com.vn/insecure/rs:fill:50:50/q:90/plain/https://cellphones.com.vn/media/catalog/product/v/a/vanggg_3.jpg"", ""image_url_display"": ""https://cellphones.com.vn/media/catalog/product/v/a/vanggg_3.jpg"", ""product_url"": ""https://cellphones.com.vn/iphone-13-pro-max.html?product_id=36557"", ""price"": ""24.690.000₫""}, ""product_color_2"": {""color"": ""Bạc"", ""image_url"": ""https://cdn2.cellphones.com.vn/insecure/rs:fill:50:50/q:90/plain/https://cellphones.com.vn/media/catalog/product/t/r/tr_ng_1_4.jpg"", ""image_url_display"": ""https://cellphones.com.vn/media/catalog/product/t/r/tr_ng_1_4.jpg"", ""product_url"": ""https://cellphones.com.vn/iphone-13-pro-max.html?product_id=36555"", ""price"": ""24.690.000₫""}, ""product_color_3"": {""color"": ""Xanh dương"", ""image_url"": ""https://cdn2.cellphones.com.vn/insecure/rs:fill:50:50/q:90/plain/https://cellphones.com.vn/media/catalog/product/x/a/xanhh_3.jpg"", ""image_url_display"": ""https://cellphones.com.vn/media/catalog/product/x/a/xanhh_3.jpg"", ""product_url"": ""https://cellphones.com.vn/iphone-13-pro-max.html?product_id=36498"", ""price"": ""24.690.000₫""}, ""product_color_4"": {""color"": ""Xanh lá"", ""image_url"": ""https://cdn2.cellphones.com.vn/insecure/rs:fill:50:50/q:90/plain/https://cellphones.com.vn/media/catalog/product/6/0/600_iphone-13-pro-256gb-xanh-la_5.jpg"", ""image_url_display"": ""https://cellphones.com.vn/media/catalog/product/6/0/600_iphone-13-pro-256gb-xanh-la_5.jpg"", ""product_url"": ""https://cellphones.com.vn/iphone-13-pro-max.html?product_id=44662"", ""price"": ""24.690.000₫""}, ""product_color_5"": {""color"": ""Xám"", ""image_url"": ""https://cdn2.cellphones.com.vn/insecure/rs:fill:50:50/q:90/plain/https://cellphones.com.vn/media/catalog/product/2/_/2_61_8_2_1_6.jpg"", ""image_url_display"": ""https://cellphones.com.vn/media/catalog/product/2/_/2_61_8_2_1_6.jpg"", ""product_url"": ""https://cellphones.com.vn/iphone-13-pro-max.html?product_id=36556"", ""price"": ""24.690.000₫""}}"
iPhone 14 Pro 256GB | Chính hãng VN/A,iphone-14-pro-256gb,,,,,"[""https://cdn2.cellphones.com.vn/x/media/catalog/product/i/p/iphone-14-pro-1tb-10_1.png"", ""https://cdn2.cellphones.com.vn/x/media/catalog/product/i/p/iphone-14-pro-1tb-6_1.png"", ""https://cdn2.cellphones.com.vn/x/media/catalog/product/i/p/iphone-14-pro-1tb-9_1.png"", ""https://cdn2.cellphones.com.vn/x/media/catalog/product/i/p/iphone-14-pro-1tb-4_1.png"", ""https://cdn2.cellphones.com.vn/x/media/catalog/product/i/p/iphone-14-pro-1tb-8_1.png"", ""https://cdn2.cellphones.com.vn/x/media/catalog/product/i/p/iphone-14-pro-1tb-5_1.png"", ""https://cdn2.cellphones.com.vn/x/media/catalog/product/i/p/iphone-14-pro-1tb-11_1.png"", ""https://cdn2.cellphones.com.vn/x/media/catalog/product/i/p/iphone-14-pro-1tb-7_1.png"", ""https://cdn2.cellphones.com.vn/x/media/catalog/product/v/_/v_ng_13.png"", ""https://cdn2.cellphones.com.vn/x/media/catalog/product/b/_/b_c_1_3.png"", ""https://cdn2.cellphones.com.vn/x/media/catalog/product/x/_/x_m_18.png"", ""https://cdn2.cellphones.com.vn/x/media/catalog/product/i/p/iphone-14-pro-256gb.png""]","{""product_color_1"": {""color"": ""Tím"", ""image_url"": ""https://cdn2.cellphones.com.vn/insecure/rs:fill:50:50/q:90/plain/https://cellphones.com.vn/media/catalog/product/t/_/t_m_14.png"", ""image_url_display"": ""https://cellphones.com.vn/media/catalog/product/t/_/t_m_14.png"", ""product_url"": ""https://cellphones.com.vn/iphone-14-pro-256gb.html?product_id=52332"", ""price"": ""24.990.000₫""}, ""product_color_2"": {""color"": ""Đen"", ""image_url"": ""https://cdn2.cellphones.com.vn/insecure/rs:fill:50:50/q:90/plain/https://cellphones.com.vn/media/catalog/product/x/_/x_m_19.png"", ""image_url_display"": ""https://cellphones.com.vn/media/catalog/product/x/_/x_m_19.png"", ""product_url"": ""https://cellphones.com.vn/iphone-14-pro-256gb.html?product_id=52335"", ""price"": ""27.390.000₫""}, ""product_color_3"": {""color"": ""Vàng"", ""image_url"": ""https://cdn2.cellphones.com.vn/insecure/rs:fill:50:50/q:90/plain/https://cellphones.com.vn/media/catalog/product/v/_/v_ng_14.png"", ""image_url_display"": ""https://cellphones.com.vn/media/catalog/product/v/_/v_ng_14.png"", ""product_url"": ""https://cellphones.com.vn/iphone-14-pro-256gb.html?product_id=52333"", ""price"": ""24.990.000₫""}, ""product_color_4"": {""color"": ""Bạc"", ""image_url"": ""https://cdn2.cellphones.com.vn/insecure/rs:fill:50:50/q:90/plain/https://cellphones.com.vn/media/catalog/product/b/_/b_c_1_4.png"", ""image_url_display"": ""https://cellphones.com.vn/media/catalog/product/b/_/b_c_1_4.png"", ""product_url"": ""https://cellphones.com.vn/iphone-14-pro-256gb.html?product_id=52334"", ""price"": ""27.390.000₫""}}"
iPhone 14 Plus 128GB | Chính hãng VN/A,iphone-14-plus,,,,,"[""https://cdn2.cellphones.com.vn/x/media/catalog/product/i/p/iphone_14_blue_pdp_image_position-3_camera_vn_1_1.png"", ""https://cdn2.cellphones.com.vn/x/media/catalog/product/i/p/iphone_14_blue_pdp_image_position-4_lineup_vn_1_1.png"", ""https://cdn2.cellphones.com.vn/x/media/catalog/product/i/p/iphone_14_blue_pdp_image_position-5_colors__vn_1_1.png"", ""https://cdn2.cellphones.com.vn/x/media/catalog/product/i/p/iphone_14_blue_pdp_image_position-6_size_comparison__vn_1_1.png"", ""https://cdn2.cellphones.com.vn/x/media/catalog/product/i/p/iphone_14_blue_pdp_image_position-7_features_specs__vn_1_1.png"", ""https://cdn2.cellphones.com.vn/x/media/catalog/product/i/p/iphone_14_blue_pdp_image_position-8_accessory_vn_1_1.png"", ""https://cdn2.cellphones.com.vn/x/media/catalog/product/i/p/iphone_14_blue_pdp_image_position-9_typec_lightning_cable_vn_1_1.png"", ""https://cdn2.cellphones.com.vn/x/media/catalog/product/i/c/icon_iphone_1_layer_3d_elevated_large_5.png"", ""https://cdn2.cellphones.com.vn/x/media/catalog/product/i/c/icon_port_lightning_elevated_large_1.png"", ""https://cdn2.cellphones.com.vn/x/media/catalog/product/i/c/icon_faceid_elevated_large_4.png""]","{""product_color_1"": {""color"": ""Đỏ"", ""image_url"": ""https://cdn2.cellphones.com.vn/insecure/rs:fill:50:50/q:90/plain/https://cellphones.com.vn/media/catalog/product/p/h/photo_2022-09-28_21-58-54_6.jpg"", ""image_url_display"": ""https://cellphones.com.vn/media/catalog/product/p/h/photo_2022-09-28_21-58-54_6.jpg"", ""product_url"": ""https://cellphones.com.vn/iphone-14-plus.html?product_id=52391"", ""price"": ""15.990.000₫""}, ""product_color_2"": {""color"": ""Tím"", ""image_url"": ""https://cdn2.cellphones.com.vn/insecure/rs:fill:50:50/q:90/plain/https://cellphones.com.vn/media/catalog/product/p/h/photo_2022-09-28_21-58-56_6.jpg"", ""image_url_display"": ""https://cellphones.com.vn/media/catalog/product/p/h/photo_2022-09-28_21-58-56_6.jpg"", ""product_url"": ""https://cellphones.com.vn/iphone-14-plus.html?product_id=52392"", ""price"": ""15.990.000₫""}, ""product_color_3"": {""color"": ""Đen"", ""image_url"": ""https://cdn2.cellphones.com.vn/insecure/rs:fill:50:50/q:90/plain/https://cellphones.com.vn/media/catalog/product/p/h/photo_2022-09-28_21-58-57_7.jpg"", ""image_url_display"": ""https://cellphones.com.vn/media/catalog/product/p/h/photo_2022-09-28_21-58-57_7.jpg"", ""product_url"": ""https://cellphones.com.vn/iphone-14-plus.html?product_id=52390"", ""price"": ""15.990.000₫""}, ""product_color_4"": {""color"": ""Trắng"", ""image_url"": ""https://cdn2.cellphones.com.vn/insecure/rs:fill:50:50/q:90/plain/https://cellphones.com.vn/media/catalog/product/p/h/photo_2022-09-28_21-58-48_6.jpg"", ""image_url_display"": ""https://cellphones.com.vn/media/catalog/product/p/h/photo_2022-09-28_21-58-48_6.jpg"", ""product_url"": ""https://cellphones.com.vn/iphone-14-plus.html?product_id=52393"", ""price"": ""15.990.000₫""}, ""product_color_5"": {""color"": ""Vàng"", ""image_url"": ""https://cdn2.cellphones.com.vn/insecure/rs:fill:50:50/q:90/plain/https://cellphones.com.vn/media/catalog/product/i/p/iphone-14-storage-select-202209-6-1inch-y889_4.jpg"", ""image_url_display"": ""https://cellphones.com.vn/media/catalog/product/i/p/iphone-14-storage-select-202209-6-1inch-y889_4.jpg"", ""product_url"": ""https://cellphones.com.vn/iphone-14-plus.html?product_id=60949"", ""price"": ""15.990.000₫""}, ""product_color_6"": {""color"": ""Xanh"", ""image_url"": ""https://cdn2.cellphones.com.vn/insecure/rs:fill:50:50/q:90/plain/https://cellphones.com.vn/media/catalog/product/p/h/photo_2022-09-28_21-58-51_5.jpg"", ""image_url_display"": ""https://cellphones.com.vn/media/catalog/product/p/h/photo_2022-09-28_21-58-51_5.jpg"", ""product_url"": ""https://cellphones.com.vn/iphone-14-plus.html?product_id=52359"", ""price"": ""15.990.000₫""}}"
iPhone 11 Pro Max 64GB Chính hãng VN/A,iphone-11-pro-max,,,,,"[""https://cdn2.cellphones.com.vn/x/media/catalog/product/i/p/iphone-11-pro-max_3_.jpg"", ""https://cdn2.cellphones.com.vn/x/media/catalog/product/_/0/_0002_iphone_11_pro_max_midnight_green_hero_alt_vertical_cropped_us-en_screen.jpg"", ""https://cdn2.cellphones.com.vn/x/media/catalog/product/_/0/_0003_iphone_11_pro_max_gold_hero_alt_vertical_cropped_us-en_screen.jpg"", ""https://cdn2.cellphones.com.vn/x/media/catalog/product/_/0/_0001_iphone_11_pro_max_silver_hero_alt_vertical_cropped_us-en_screen.jpg"", ""https://cdn2.cellphones.com.vn/x/media/catalog/product/_/0/_0000_iphone_11_pro_max_space_gray_hero_alt_vertical_cropped_us-en_screen.jpg"", ""https://cdn2.cellphones.com.vn/x/media/catalog/product/i/p/iphone-11-pro-max_4__4.jpg"", ""https://cdn2.cellphones.com.vn/x/media/catalog/product/i/p/iphone-11-pro-max_3__4.jpg"", ""https://cdn2.cellphones.com.vn/x/media/catalog/product/i/p/iphone-11-pro-max_1__4.jpg"", ""https://cdn2.cellphones.com.vn/x/media/catalog/product/i/p/iphone-11-pro-max_2__4.jpg"", ""https://cdn2.cellphones.com.vn/x/media/catalog/product/d/o/download_19__1.png""]","{""product_color_1"": {""color"": ""Xám"", ""image_url"": ""https://cdn2.cellphones.com.vn/insecure/rs:fill:50:50/q:90/plain/https://cellphones.com.vn/media/catalog/product/i/p/iphone-11-pro-max_3__1.jpg"", ""image_url_display"": ""https://cellphones.com.vn/media/catalog/product/i/p/iphone-11-pro-max_3__1.jpg"", ""product_url"": ""https://cellphones.com.vn/iphone-11-pro-max.html?product_id=18363"", ""price"": ""29.000.000₫""}, ""product_color_2"": {""color"": ""Bạc"", ""image_url"": ""https://cdn2.cellphones.com.vn/insecure/rs:fill:50:50/q:90/plain/https://cellphones.com.vn/media/catalog/product/i/p/iphone-11-pro-max_2__1.jpg"", ""image_url_display"": ""https://cellphones.com.vn/media/catalog/product/i/p/iphone-11-pro-max_2__1.jpg"", ""product_url"": ""https://cellphones.com.vn/iphone-11-pro-max.html?product_id=18362"", ""price"": ""29.000.000₫""}, ""product_color_3"": {""color"": ""Xanh lá"", ""image_url"": ""https://cdn2.cellphones.com.vn/insecure/rs:fill:50:50/q:90/plain/https://cellphones.com.vn/media/catalog/product/i/p/iphone-11-pro-max_4__1.jpg"", ""image_url_display"": ""https://cellphones.com.vn/media/catalog/product/i/p/iphone-11-pro-max_4__1.jpg"", ""product_url"": ""https://cellphones.com.vn/iphone-11-pro-max.html?product_id=18364"", ""price"": ""29.000.000₫""}, ""product_color_4"": {""color"": ""Gold"", ""image_url"": ""https://cdn2.cellphones.com.vn/insecure/rs:fill:50:50/q:90/plain/https://cellphones.com.vn/media/catalog/product/i/p/iphone-11-pro-max_1__1.jpg"", ""image_url_display"": ""https://cellphones.com.vn/media/catalog/product/i/p/iphone-11-pro-max_1__1.jpg"", ""product_url"": ""https://cellphones.com.vn/iphone-11-pro-max.html?product_id=16523"", ""price"": ""29.000.000₫""}}"
iPhone 16 Plus 512GB | Chính hãng VN/A,iphone-16-plus-512gb,,,,,"[""https://cdn2.cellphones.com.vn/x/media/catalog/product/i/p/iphone-16-plus-4_2.png"", ""https://cdn2.cellphones.com.vn/x/media/catalog/product/i/p/iphone-16-plus-5_2.png"", ""https://cdn2.cellphones.com.vn/x/media/catalog/product/i/p/iphone-16-plus-6_2.png"", ""https://cdn2.cellphones.com.vn/x/media/catalog/product/i/p/iphone-16-plus-7_2.png"", ""https://cdn2.cellphones.com.vn/x/media/catalog/product/i/p/iphone-16-plus-8_2.png"", ""https://cdn2.cellphones.com.vn/x/media/catalog/product/i/p/iphone-16-plus-9_2.png"", ""https://cdn2.cellphones.com.vn/x/media/catalog/product/i/p/iphone-16-plus-10_2.png""]","{""product_color_1"": {""color"": ""Đen"", ""image_url"": ""https://cdn2.cellphones.com.vn/insecure/rs:fill:50:50/q:90/plain/https://cellphones.com.vn/media/catalog/product/i/p/iphone-16-plus-den_2.png"", ""image_url_display"": ""https://cellphones.com.vn/media/catalog/product/i/p/iphone-16-plus-den_2.png"", ""product_url"": ""https://cellphones.com.vn/iphone-16-plus-512gb.html?product_id=90145"", ""price"": ""29.490.000₫""}, ""product_color_2"": {""color"": ""Hồng"", ""image_url"": ""https://cdn2.cellphones.com.vn/insecure/rs:fill:50:50/q:90/plain/https://cellphones.com.vn/media/catalog/product/i/p/iphone-16-plus-hong_1.png"", ""image_url_display"": ""https://cellphones.com.vn/media/catalog/product/i/p/iphone-16-plus-hong_1.png"", ""product_url"": ""https://cellphones.com.vn/iphone-16-plus-512gb.html?product_id=90147"", ""price"": ""29.490.000₫""}, ""product_color_3"": {""color"": ""Trắng"", ""image_url"": ""https://cdn2.cellphones.com.vn/insecure/rs:fill:50:50/q:90/plain/https://cellphones.com.vn/media/catalog/product/i/p/iphone-16-plus-trang_2.png"", ""image_url_display"": ""https://cellphones.com.vn/media/catalog/product/i/p/iphone-16-plus-trang_2.png"", ""product_url"": ""https://cellphones.com.vn/iphone-16-plus-512gb.html?product_id=90146"", ""price"": ""29.490.000₫""}, ""product_color_4"": {""color"": ""Xanh Lưu Ly"", ""image_url"": ""https://cdn2.cellphones.com.vn/insecure/rs:fill:50:50/q:90/plain/https://cellphones.com.vn/media/catalog/product/i/p/iphone-16-plus-xanh-luu-ly_2.png"", ""image_url_display"": ""https://cellphones.com.vn/media/catalog/product/i/p/iphone-16-plus-xanh-luu-ly_2.png"", ""product_url"": ""https://cellphones.com.vn/iphone-16-plus-512gb.html?product_id=90149"", ""price"": ""29.490.000₫""}, ""product_color_5"": {""color"": ""Xanh Mòng Két"", ""image_url"": ""https://cdn2.cellphones.com.vn/insecure/rs:fill:50:50/q:90/plain/https://cellphones.com.vn/media/catalog/product/i/p/iphone-16-plus-xanh-mong-ket_2.png"", ""image_url_display"": ""https://cellphones.com.vn/media/catalog/product/i/p/iphone-16-plus-xanh-mong-ket_2.png"", ""product_url"": ""https://cellphones.com.vn/iphone-16-plus-512gb.html?product_id=90148"", ""price"": ""29.490.000₫""}}"
iPhone 13 Pro Max 256GB | Chính hãng VN/A,iphone-13-pro-max-256gb,,,,,"[""https://cdn2.cellphones.com.vn/x/media/catalog/product/i/p/iphone_13_pro_max_128gb_-_3_1.png"", ""https://cdn2.cellphones.com.vn/x/media/catalog/product/i/p/iphone_13_pro_max_128gb_-_8_1.png"", ""https://cdn2.cellphones.com.vn/x/media/catalog/product/i/p/iphone_13_pro_max_128gb_-_7_1.png"", ""https://cdn2.cellphones.com.vn/x/media/catalog/product/i/p/iphone_13_pro_max_128gb_-_2_1.png"", ""https://cdn2.cellphones.com.vn/x/media/catalog/product/i/p/iphone_13_pro_max_128gb_-_9_1.png"", ""https://cdn2.cellphones.com.vn/x/media/catalog/product/i/p/iphone_13_pro_max_128gb_-_6_1.png"", ""https://cdn2.cellphones.com.vn/x/media/catalog/product/i/p/iphone-13-pro-max-8_1_1.jpg"", ""https://cdn2.cellphones.com.vn/x/media/catalog/product/i/p/iphone-13-pro-max-10_1_1.png"", ""https://cdn2.cellphones.com.vn/x/media/catalog/product/i/p/iphone-13-pro-max-9_1_1.jpg"", ""https://cdn2.cellphones.com.vn/x/media/catalog/product/4/_/4_36_3_2_1_10.jpg"", ""https://cdn2.cellphones.com.vn/x/media/catalog/product/3/_/3_51_1_8.jpg"", ""https://cdn2.cellphones.com.vn/x/media/catalog/product/2/_/2_61_8_2_1_13.jpg"", ""https://cdn2.cellphones.com.vn/x/media/catalog/product/i/p/iphone-13-pro-max-256gb.png"", ""https://cdn2.cellphones.com.vn/x/media/catalog/product/i/c/icon_5g_large_2x_22.png"", ""https://cdn2.cellphones.com.vn/x/media/catalog/product/i/c/icon_sos_large_2x_22.png"", ""https://cdn2.cellphones.com.vn/x/media/catalog/product/i/c/icon_a15_chip_large_2x_14.png"", ""https://cdn2.cellphones.com.vn/x/media/catalog/product/i/c/icon_newbattery_large_2x_22.png"", ""https://cdn2.cellphones.com.vn/x/media/catalog/product/i/c/icon_face_id_large_2x_1_19.png"", ""https://cdn2.cellphones.com.vn/x/media/catalog/product/i/c/icon_camera_iphone_13_pro_max_large_2x_5.png""]","{""product_color_1"": {""color"": ""Xanh lá"", ""image_url"": ""https://cdn2.cellphones.com.vn/insecure/rs:fill:50:50/q:90/plain/https://cellphones.com.vn/media/catalog/product/6/0/600_iphone-13-pro-256gb-xanh-la_4.jpg"", ""image_url_display"": ""https://cellphones.com.vn/media/catalog/product/6/0/600_iphone-13-pro-256gb-xanh-la_4.jpg"", ""product_url"": ""https://cellphones.com.vn/iphone-13-pro-max-256gb.html?product_id=44663"", ""price"": ""26.990.000₫""}, ""product_color_2"": {""color"": ""Vàng"", ""image_url"": ""https://cdn2.cellphones.com.vn/insecure/rs:fill:50:50/q:90/plain/https://cellphones.com.vn/media/catalog/product/v/a/vanggg_4.jpg"", ""image_url_display"": ""https://cellphones.com.vn/media/catalog/product/v/a/vanggg_4.jpg"", ""product_url"": ""https://cellphones.com.vn/iphone-13-pro-max-256gb.html?product_id=36560"", ""price"": ""26.990.000₫""}, ""product_color_3"": {""color"": ""Xanh dương"", ""image_url"": ""https://cdn2.cellphones.com.vn/insecure/rs:fill:50:50/q:90/plain/https://cellphones.com.vn/media/catalog/product/x/a/xanhh_4.jpg"", ""image_url_display"": ""https://cellphones.com.vn/media/catalog/product/x/a/xanhh_4.jpg"", ""product_url"": ""https://cellphones.com.vn/iphone-13-pro-max-256gb.html?product_id=36500"", ""price"": ""26.990.000₫""}, ""product_color_4"": {""color"": ""Xám"", ""image_url"": ""https://cdn2.cellphones.com.vn/insecure/rs:fill:50:50/q:90/plain/https://cellphones.com.vn/media/catalog/product/x/a/xamssss_1_1.jpg"", ""image_url_display"": ""https://cellphones.com.vn/media/catalog/product/x/a/xamssss_1_1.jpg"", ""product_url"": ""https://cellphones.com.vn/iphone-13-pro-max-256gb.html?product_id=36559"", ""price"": ""26.990.000₫""}, ""product_color_5"": {""color"": ""Bạc"", ""image_url"": ""https://cdn2.cellphones.com.vn/insecure/rs:fill:50:50/q:90/plain/https://cellphones.com.vn/media/catalog/product/t/r/tr_ng_1_5.jpg"", ""image_url_display"": ""https://cellphones.com.vn/media/catalog/product/t/r/tr_ng_1_5.jpg"", ""product_url"": ""https://cellphones.com.vn/iphone-13-pro-max-256gb.html?product_id=36558"", ""price"": ""26.990.000₫""}}"
iPhone 12 mini 64GB I Chính hãng VN/A,iphone-12-mini,,,,,"[""https://cdn2.cellphones.com.vn/x/media/catalog/product/5/_/5_157_1.jpg"", ""https://cdn2.cellphones.com.vn/x/media/catalog/product/4/_/4_186_1.jpg"", ""https://cdn2.cellphones.com.vn/x/media/catalog/product/2/_/2_241_1.jpg"", ""https://cdn2.cellphones.com.vn/x/media/catalog/product/_/0/_0000_iphone_12_blue_hero_2-up_cropped_screen__usen_1.jpg"", ""https://cdn2.cellphones.com.vn/x/media/catalog/product/i/p/iphone-12-mini-xanh-duong-2.jpg"", ""https://cdn2.cellphones.com.vn/x/media/catalog/product/i/p/iphone-12-mini-xanh-duong-xanh-1.jpg"", ""https://cdn2.cellphones.com.vn/x/media/catalog/product/_/0/_0004_iphone_12_green_hero_2-up_cropped_screen__usen_1.jpg"", ""https://cdn2.cellphones.com.vn/x/media/catalog/product/i/p/iphone-12-mini-xanh-la-1.jpg"", ""https://cdn2.cellphones.com.vn/x/media/catalog/product/i/p/iphone-12-mini-xanh-la-22.jpg"", ""https://cdn2.cellphones.com.vn/x/media/catalog/product/_/0/_0001_iphone_12_black_hero_2-up_cropped_screen__usen_1.jpg"", ""https://cdn2.cellphones.com.vn/x/media/catalog/product/i/p/iphone-12-mini-den-11.jpg"", ""https://cdn2.cellphones.com.vn/x/media/catalog/product/i/p/iphone-12-mini-2-den.jpg"", ""https://cdn2.cellphones.com.vn/x/media/catalog/product/_/0/_0002_iphone_12_white_hero_2-up_cropped_screen__usen_1.jpg"", ""https://cdn2.cellphones.com.vn/x/media/catalog/product/i/p/iphone-12-mini-trang-1.jpg"", ""https://cdn2.cellphones.com.vn/x/media/catalog/product/i/p/iphone-12-mini-trang-22.jpg"", ""https://cdn2.cellphones.com.vn/x/media/catalog/product/_/0/_0003_iphone_12_red_hero_2-up_cropped_screen__usen_1.jpg"", ""https://cdn2.cellphones.com.vn/x/media/catalog/product/i/p/iphone-12-mini-2-do-11.jpg"", ""https://cdn2.cellphones.com.vn/x/media/catalog/product/i/p/iphone-12-mini-do-2.jpg"", ""https://cdn2.cellphones.com.vn/x/media/catalog/product/u/n/untitled-1_0004_iphone12mini-15_1.jpg"", ""https://cdn2.cellphones.com.vn/x/media/catalog/product/u/n/untitled-1_0001_iphone12mini-10_1.jpg"", ""https://cdn2.cellphones.com.vn/x/media/catalog/product/u/n/untitled-1_0003_iphone12mini-14_1.jpg"", ""https://cdn2.cellphones.com.vn/x/media/catalog/product/u/n/untitled-1_0000_iphone12mini-9_1.jpg"", ""https://cdn2.cellphones.com.vn/x/media/catalog/product/u/n/untitled-1_0002_iphone12mini-12_1.jpg""]","{""product_color_1"": {""color"": ""Đen"", ""image_url"": ""https://cdn2.cellphones.com.vn/insecure/rs:fill:50:50/q:90/plain/https://cellphones.com.vn/media/catalog/product/2/_/2._en_1.jpg"", ""image_url_display"": ""https://cellphones.com.vn/media/catalog/product/2/_/2._en_1.jpg"", ""product_url"": ""https://cellphones.com.vn/iphone-12-mini.html?product_id=27419"", ""price"": ""12.490.000₫""}, ""product_color_2"": {""color"": ""Xanh"", ""image_url"": ""https://cdn2.cellphones.com.vn/insecure/rs:fill:50:50/q:90/plain/https://cellphones.com.vn/media/catalog/product/2/_/2._l__1.jpg"", ""image_url_display"": ""https://cellphones.com.vn/media/catalog/product/2/_/2._l__1.jpg"", ""product_url"": ""https://cellphones.com.vn/iphone-12-mini.html?product_id=27418"", ""price"": ""12.490.000₫""}, ""product_color_3"": {""color"": ""Tím"", ""image_url"": ""https://cdn2.cellphones.com.vn/insecure/rs:fill:50:50/q:90/plain/https://cellphones.com.vn/media/catalog/product/2/_/2._t_m_1.jpg"", ""image_url_display"": ""https://cellphones.com.vn/media/catalog/product/2/_/2._t_m_1.jpg"", ""product_url"": ""https://cellphones.com.vn/iphone-12-mini.html?product_id=32426"", ""price"": ""12.490.000₫""}, ""product_color_4"": {""color"": ""Trắng"", ""image_url"": ""https://cdn2.cellphones.com.vn/insecure/rs:fill:50:50/q:90/plain/https://cellphones.com.vn/media/catalog/product/2/_/2._t_ng.jpg"", ""image_url_display"": ""https://cellphones.com.vn/media/catalog/product/2/_/2._t_ng.jpg"", ""product_url"": ""https://cellphones.com.vn/iphone-12-mini.html?product_id=27421"", ""price"": ""12.490.000₫""}, ""product_color_5"": {""color"": ""Đỏ"", ""image_url"": ""https://cdn2.cellphones.com.vn/insecure/rs:fill:50:50/q:90/plain/https://cellphones.com.vn/media/catalog/product/2/_/2.__1.jpg"", ""image_url_display"": ""https://cellphones.com.vn/media/catalog/product/2/_/2.__1.jpg"", ""product_url"": ""https://cellphones.com.vn/iphone-12-mini.html?product_id=27420"", ""price"": ""12.490.000₫""}, ""product_color_6"": {""color"": ""Xanh dương"", ""image_url"": ""https://cdn2.cellphones.com.vn/insecure/rs:fill:50:50/q:90/plain/https://cellphones.com.vn/media/catalog/product/2/_/2._d_ng_1.jpg"", ""image_url_display"": ""https://cellphones.com.vn/media/catalog/product/2/_/2._d_ng_1.jpg"", ""product_url"": ""https://cellphones.com.vn/iphone-12-mini.html?product_id=27417"", ""price"": ""12.490.000₫""}}"
iPhone 15 Pro 256GB | Chính hãng VN/A,iphone-15-pro-256gb,,,,,"[""https://cdn2.cellphones.com.vn/x/media/catalog/product/i/p/iphone-15-pro-256gb_5_.jpg"", ""https://cdn2.cellphones.com.vn/x/media/catalog/product/i/p/iphone-15-pro-256gb_6_.jpg"", ""https://cdn2.cellphones.com.vn/x/media/catalog/product/i/p/iphone-15-pro-256gb_7_.jpg"", ""https://cdn2.cellphones.com.vn/x/media/catalog/product/i/p/iphone-15-pro-256gb_8_.jpg"", ""https://cdn2.cellphones.com.vn/x/media/catalog/product/i/p/iphone-15-pro-256gb_1_.jpg"", ""https://cdn2.cellphones.com.vn/x/media/catalog/product/i/p/iphone-15-pro-256gb_9_.jpg""]","{""product_color_1"": {""color"": ""Titan Xanh"", ""image_url"": ""https://cdn2.cellphones.com.vn/insecure/rs:fill:50:50/q:90/plain/https://cellphones.com.vn/media/catalog/product/i/p/iphone15-pro-256gb-titan-xanh.jpg"", ""image_url_display"": ""https://cellphones.com.vn/media/catalog/product/i/p/iphone15-pro-256gb-titan-xanh.jpg"", ""product_url"": ""https://cellphones.com.vn/iphone-15-pro-256gb.html?product_id=68890"", ""price"": ""24.990.000₫""}, ""product_color_2"": {""color"": ""Titan Đen"", ""image_url"": ""https://cdn2.cellphones.com.vn/insecure/rs:fill:50:50/q:90/plain/https://cellphones.com.vn/media/catalog/product/i/p/iphone15-pro-256gb-titan-den.jpg"", ""image_url_display"": ""https://cellphones.com.vn/media/catalog/product/i/p/iphone15-pro-256gb-titan-den.jpg"", ""product_url"": ""https://cellphones.com.vn/iphone-15-pro-256gb.html?product_id=68877"", ""price"": ""24.990.000₫""}, ""product_color_3"": {""color"": ""Titan Trắng"", ""image_url"": ""https://cdn2.cellphones.com.vn/insecure/rs:fill:50:50/q:90/plain/https://cellphones.com.vn/media/catalog/product/i/p/iphone15-pro-256gb-titan-trang.jpg"", ""image_url_display"": ""https://cellphones.com.vn/media/catalog/product/i/p/iphone15-pro-256gb-titan-trang.jpg"", ""product_url"": ""https://cellphones.com.vn/iphone-15-pro-256gb.html?product_id=68886"", ""price"": ""24.990.000₫""}, ""product_color_4"": {""color"": ""Titan Tự Nhiên"", ""image_url"": ""https://cdn2.cellphones.com.vn/insecure/rs:fill:50:50/q:90/plain/https://cellphones.com.vn/media/catalog/product/i/p/iphone15-pro-256gb-titan-nau.jpg"", ""image_url_display"": ""https://cellphones.com.vn/media/catalog/product/i/p/iphone15-pro-256gb-titan-nau.jpg"", ""product_url"": ""https://cellphones.com.vn/iphone-15-pro-256gb.html?product_id=68878"", ""price"": ""24.990.000₫""}}"
iPhone SE 2022 | Chính hãng VN/A,iphone-se-2022,,,,,"[""https://cdn2.cellphones.com.vn/x/media/catalog/product/i/p/iphone_se_2022.jpg"", ""https://cdn2.cellphones.com.vn/x/media/catalog/product/l/c/lcimg-beede483-355b-48bb-b07a-51285393a10311.jpg""]","{""product_color_1"": {""color"": ""Trắng"", ""image_url"": ""https://cdn2.cellphones.com.vn/insecure/rs:fill:50:50/q:90/plain/https://cellphones.com.vn/media/catalog/product/t/r/tr_nghyju_1_1.png"", ""image_url_display"": ""https://cellphones.com.vn/media/catalog/product/t/r/tr_nghyju_1_1.png"", ""product_url"": ""https://cellphones.com.vn/iphone-se-2022.html?product_id=44698"", ""price"": ""9.990.000₫""}, ""product_color_2"": {""color"": ""Đỏ"", ""image_url"": ""https://cdn2.cellphones.com.vn/insecure/rs:fill:50:50/q:90/plain/https://cellphones.com.vn/media/catalog/product/d/f/dfpelre_1.png"", ""image_url_display"": ""https://cellphones.com.vn/media/catalog/product/d/f/dfpelre_1.png"", ""product_url"": ""https://cellphones.com.vn/iphone-se-2022.html?product_id=44696"", ""price"": ""9.990.000₫""}, ""product_color_3"": {""color"": ""Đen"", ""image_url"": ""https://cdn2.cellphones.com.vn/insecure/rs:fill:50:50/q:90/plain/https://cellphones.com.vn/media/catalog/product/_/n/_nenes_1.png"", ""image_url_display"": ""https://cellphones.com.vn/media/catalog/product/_/n/_nenes_1.png"", ""product_url"": ""https://cellphones.com.vn/iphone-se-2022.html?product_id=44697"", ""price"": ""10.190.000₫""}}"
iPhone 13 Pro Max 512GB I Chính hãng VN/A,iphone-13-pro-max-512gb,,,,,"[""https://cdn2.cellphones.com.vn/x/media/catalog/product/i/p/iphone_13_pro_max_128gb_-_5_2.png"", ""https://cdn2.cellphones.com.vn/x/media/catalog/product/i/p/iphone_13_pro_max_128gb_-_3_2.png"", ""https://cdn2.cellphones.com.vn/x/media/catalog/product/i/p/iphone_13_pro_max_128gb_-_7_2.png"", ""https://cdn2.cellphones.com.vn/x/media/catalog/product/i/p/iphone_13_pro_max_128gb_-_9_2.png"", ""https://cdn2.cellphones.com.vn/x/media/catalog/product/i/p/iphone_13_pro_max_128gb_-_8_2.png"", ""https://cdn2.cellphones.com.vn/x/media/catalog/product/i/p/iphone_13_pro_max_128gb_-_6_2.png"", ""https://cdn2.cellphones.com.vn/x/media/catalog/product/3/_/3_51_1_9.jpg"", ""https://cdn2.cellphones.com.vn/x/media/catalog/product/1/_/1_66_6_2_1_13.jpg"", ""https://cdn2.cellphones.com.vn/x/media/catalog/product/2/_/2_61_8_2_1_14.jpg"", ""https://cdn2.cellphones.com.vn/x/media/catalog/product/4/_/4_36_3_2_1_11.jpg"", ""https://cdn2.cellphones.com.vn/x/media/catalog/product/i/p/iphone-13-pro-max-8_1_2.jpg"", ""https://cdn2.cellphones.com.vn/x/media/catalog/product/i/p/iphone-13-pro-max-9_1_2.jpg"", ""https://cdn2.cellphones.com.vn/x/media/catalog/product/i/p/iphone-13-pro-max-10_1_2.png""]","{""product_color_1"": {""color"": ""Xám"", ""image_url"": ""https://cdn2.cellphones.com.vn/insecure/rs:fill:50:50/q:90/plain/https://cellphones.com.vn/media/catalog/product/x/a/xamssss_1_2.jpg"", ""image_url_display"": ""https://cellphones.com.vn/media/catalog/product/x/a/xamssss_1_2.jpg"", ""product_url"": ""https://cellphones.com.vn/iphone-13-pro-max-512gb.html?product_id=36563"", ""price"": ""31.590.000₫""}, ""product_color_2"": {""color"": ""Xanh lá"", ""image_url"": ""https://cdn2.cellphones.com.vn/insecure/rs:fill:50:50/q:90/plain/https://cellphones.com.vn/media/catalog/product/x/a/xanh_l__4.png"", ""image_url_display"": ""https://cellphones.com.vn/media/catalog/product/x/a/xanh_l__4.png"", ""product_url"": ""https://cellphones.com.vn/iphone-13-pro-max-512gb.html?product_id=44664"", ""price"": ""31.590.000₫""}, ""product_color_3"": {""color"": ""Vàng"", ""image_url"": ""https://cdn2.cellphones.com.vn/insecure/rs:fill:50:50/q:90/plain/https://cellphones.com.vn/media/catalog/product/v/a/vanggg_5.jpg"", ""image_url_display"": ""https://cellphones.com.vn/media/catalog/product/v/a/vanggg_5.jpg"", ""product_url"": ""https://cellphones.com.vn/iphone-13-pro-max-512gb.html?product_id=36562"", ""price"": ""31.590.000₫""}, ""product_color_4"": {""color"": ""Xanh dương"", ""image_url"": ""https://cdn2.cellphones.com.vn/insecure/rs:fill:50:50/q:90/plain/https://cellphones.com.vn/media/catalog/product/x/a/xanhh_5.jpg"", ""image_url_display"": ""https://cellphones.com.vn/media/catalog/product/x/a/xanhh_5.jpg"", ""product_url"": ""https://cellphones.com.vn/iphone-13-pro-max-512gb.html?product_id=36502"", ""price"": ""31.590.000₫""}, ""product_color_5"": {""color"": ""Bạc"", ""image_url"": ""https://cdn2.cellphones.com.vn/insecure/rs:fill:50:50/q:90/plain/https://cellphones.com.vn/media/catalog/product/t/r/tr_ng_1_6.jpg"", ""image_url_display"": ""https://cellphones.com.vn/media/catalog/product/t/r/tr_ng_1_6.jpg"", ""product_url"": ""https://cellphones.com.vn/iphone-13-pro-max-512gb.html?product_id=36561"", ""price"": ""31.590.000₫""}}"
iPhone 13 Pro Max 1TB I Chính hãng VN/A,iphone-13-pro-max-1tb,,,,,"[""https://cdn2.cellphones.com.vn/x/media/catalog/product/i/p/iphone_13_pro_max_128gb_-_5_3.png"", ""https://cdn2.cellphones.com.vn/x/media/catalog/product/i/p/iphone_13_pro_max_128gb_-_8_3.png"", ""https://cdn2.cellphones.com.vn/x/media/catalog/product/i/p/iphone_13_pro_max_128gb_-_7_3.png"", ""https://cdn2.cellphones.com.vn/x/media/catalog/product/i/p/iphone_13_pro_max_128gb_-_3_3.png"", ""https://cdn2.cellphones.com.vn/x/media/catalog/product/i/p/iphone_13_pro_max_128gb_-_9_3.png"", ""https://cdn2.cellphones.com.vn/x/media/catalog/product/i/p/iphone_13_pro_max_128gb_-_6_3.png"", ""https://cdn2.cellphones.com.vn/x/media/catalog/product/i/p/iphone-13-pro-max-8_1_3.jpg"", ""https://cdn2.cellphones.com.vn/x/media/catalog/product/i/p/iphone-13-pro-max-9_1_3.jpg"", ""https://cdn2.cellphones.com.vn/x/media/catalog/product/i/p/iphone-13-pro-max-10_1_3.png"", ""https://cdn2.cellphones.com.vn/x/media/catalog/product/3/_/3_51_1_10.jpg"", ""https://cdn2.cellphones.com.vn/x/media/catalog/product/1/_/1_66_6_2_1_14.jpg"", ""https://cdn2.cellphones.com.vn/x/media/catalog/product/4/_/4_36_3_2_1_12.jpg"", ""https://cdn2.cellphones.com.vn/x/media/catalog/product/2/_/2_61_8_2_1_15.jpg""]","{""product_color_1"": {""color"": ""Bạc"", ""image_url"": ""https://cdn2.cellphones.com.vn/insecure/rs:fill:50:50/q:90/plain/https://cellphones.com.vn/media/catalog/product/t/r/tr_ng_1_7.jpg"", ""image_url_display"": ""https://cellphones.com.vn/media/catalog/product/t/r/tr_ng_1_7.jpg"", ""product_url"": ""https://cellphones.com.vn/iphone-13-pro-max-1tb.html?product_id=36565"", ""price"": ""33.390.000₫""}, ""product_color_2"": {""color"": ""Xám"", ""image_url"": ""https://cdn2.cellphones.com.vn/insecure/rs:fill:50:50/q:90/plain/https://cellphones.com.vn/media/catalog/product/x/a/xamssss_1_3.jpg"", ""image_url_display"": ""https://cellphones.com.vn/media/catalog/product/x/a/xamssss_1_3.jpg"", ""product_url"": ""https://cellphones.com.vn/iphone-13-pro-max-1tb.html?product_id=36566"", ""price"": ""33.390.000₫""}, ""product_color_3"": {""color"": ""Xanh lá"", ""image_url"": ""https://cdn2.cellphones.com.vn/insecure/rs:fill:50:50/q:90/plain/https://cellphones.com.vn/media/catalog/product/6/0/600_iphone-13-pro-256gb-xanh-la_2.jpg"", ""image_url_display"": ""https://cellphones.com.vn/media/catalog/product/6/0/600_iphone-13-pro-256gb-xanh-la_2.jpg"", ""product_url"": ""https://cellphones.com.vn/iphone-13-pro-max-1tb.html?product_id=44665"", ""price"": ""33.390.000₫""}, ""product_color_4"": {""color"": ""Vàng"", ""image_url"": ""https://cdn2.cellphones.com.vn/insecure/rs:fill:50:50/q:90/plain/https://cellphones.com.vn/media/catalog/product/v/a/vanggg_6.jpg"", ""image_url_display"": ""https://cellphones.com.vn/media/catalog/product/v/a/vanggg_6.jpg"", ""product_url"": ""https://cellphones.com.vn/iphone-13-pro-max-1tb.html?product_id=36564"", ""price"": ""33.390.000₫""}, ""product_color_5"": {""color"": ""Xanh dương"", ""image_url"": ""https://cdn2.cellphones.com.vn/insecure/rs:fill:50:50/q:90/plain/https://cellphones.com.vn/media/catalog/product/x/a/xanhh_6.jpg"", ""image_url_display"": ""https://cellphones.com.vn/media/catalog/product/x/a/xanhh_6.jpg"", ""product_url"": ""https://cellphones.com.vn/iphone-13-pro-max-1tb.html?product_id=36506"", ""price"": ""33.390.000₫""}}"
iPhone 13 256GB | Chính hãng VN/A,iphone-13-256gb,,,,,"[""https://cdn2.cellphones.com.vn/x/media/catalog/product/i/p/iphone_13_128gb_-_5_1__1.png"", ""https://cdn2.cellphones.com.vn/x/media/catalog/product/i/p/iphone_13_128gb_-_8_1__1.png"", ""https://cdn2.cellphones.com.vn/x/media/catalog/product/i/p/iphone_13_128gb_-_3_1__1.png"", ""https://cdn2.cellphones.com.vn/x/media/catalog/product/i/p/iphone_13_128gb_-_7_1__1.png"", ""https://cdn2.cellphones.com.vn/x/media/catalog/product/i/p/iphone_13_128gb_-_6_1__1.png"", ""https://cdn2.cellphones.com.vn/x/media/catalog/product/1/1/11_3_12_2_1_6.jpg"", ""https://cdn2.cellphones.com.vn/x/media/catalog/product/1/4/14_1_9_2_10.jpg"", ""https://cdn2.cellphones.com.vn/x/media/catalog/product/1/5/15_2_7_2_6.jpg"", ""https://cdn2.cellphones.com.vn/x/media/catalog/product/1/3/13_4_7_2_8.jpg"", ""https://cdn2.cellphones.com.vn/x/media/catalog/product/1/2/12_3_8_2_9.jpg"", ""https://cdn2.cellphones.com.vn/x/media/catalog/product/i/p/iphone-13-0-0_1.jpg""]","{""product_color_1"": {""color"": ""Đỏ"", ""image_url"": ""https://cdn2.cellphones.com.vn/insecure/rs:fill:50:50/q:90/plain/https://cellphones.com.vn/media/catalog/product/f/i/file_3_11.jpg"", ""image_url_display"": ""https://cellphones.com.vn/media/catalog/product/f/i/file_3_11.jpg"", ""product_url"": ""https://cellphones.com.vn/iphone-13-256gb.html?product_id=36531"", ""price"": ""14.990.000₫""}, ""product_color_2"": {""color"": ""Xanh dương"", ""image_url"": ""https://cdn2.cellphones.com.vn/insecure/rs:fill:50:50/q:90/plain/https://cellphones.com.vn/media/catalog/product/d/_/d_ng_4.jpg"", ""image_url_display"": ""https://cellphones.com.vn/media/catalog/product/d/_/d_ng_4.jpg"", ""product_url"": ""https://cellphones.com.vn/iphone-13-256gb.html?product_id=36534"", ""price"": ""14.990.000₫""}, ""product_color_3"": {""color"": ""Hồng"", ""image_url"": ""https://cdn2.cellphones.com.vn/insecure/rs:fill:50:50/q:90/plain/https://cellphones.com.vn/media/catalog/product/h/_/h_ng_5.jpg"", ""image_url_display"": ""https://cellphones.com.vn/media/catalog/product/h/_/h_ng_5.jpg"", ""product_url"": ""https://cellphones.com.vn/iphone-13-256gb.html?product_id=36488"", ""price"": ""14.990.000₫""}, ""product_color_4"": {""color"": ""Đen"", ""image_url"": ""https://cdn2.cellphones.com.vn/insecure/rs:fill:50:50/q:90/plain/https://cellphones.com.vn/media/catalog/product/_/e/_en_2_6.jpg"", ""image_url_display"": ""https://cellphones.com.vn/media/catalog/product/_/e/_en_2_6.jpg"", ""product_url"": ""https://cellphones.com.vn/iphone-13-256gb.html?product_id=36530"", ""price"": ""14.990.000₫""}, ""product_color_5"": {""color"": ""Trắng"", ""image_url"": ""https://cdn2.cellphones.com.vn/insecure/rs:fill:50:50/q:90/plain/https://cellphones.com.vn/media/catalog/product/t/r/tr_ng_6.jpg"", ""image_url_display"": ""https://cellphones.com.vn/media/catalog/product/t/r/tr_ng_6.jpg"", ""product_url"": ""https://cellphones.com.vn/iphone-13-256gb.html?product_id=36532"", ""price"": ""14.990.000₫""}, ""product_color_6"": {""color"": ""Xanh lá"", ""image_url"": ""https://cdn2.cellphones.com.vn/insecure/rs:fill:50:50/q:90/plain/https://cellphones.com.vn/media/catalog/product/x/n/xnnah_kas_4.png"", ""image_url_display"": ""https://cellphones.com.vn/media/catalog/product/x/n/xnnah_kas_4.png"", ""product_url"": ""https://cellphones.com.vn/iphone-13-256gb.html?product_id=44644"", ""price"": ""14.990.000₫""}}"
iPhone 14 256GB | Chính hãng VN/A,iphone-14-256gb,,,,,"[""https://cdn2.cellphones.com.vn/x/media/catalog/product/i/p/iphone_14_blue_pdp_image_position-3_camera_vn_1.png"", ""https://cdn2.cellphones.com.vn/x/media/catalog/product/i/p/iphone_14_blue_pdp_image_position-4_lineup_vn_1.png"", ""https://cdn2.cellphones.com.vn/x/media/catalog/product/i/p/iphone_14_blue_pdp_image_position-5_colors__vn_1.png"", ""https://cdn2.cellphones.com.vn/x/media/catalog/product/i/p/iphone_14_blue_pdp_image_position-6_size_comparison__vn_1.png"", ""https://cdn2.cellphones.com.vn/x/media/catalog/product/i/p/iphone_14_blue_pdp_image_position-7_features_specs__vn_1.png"", ""https://cdn2.cellphones.com.vn/x/media/catalog/product/i/p/iphone_14_blue_pdp_image_position-8_accessory_vn_1.png"", ""https://cdn2.cellphones.com.vn/x/media/catalog/product/i/p/iphone_14_blue_pdp_image_position-9_typec_lightning_cable_vn_1.png""]","{""product_color_1"": {""color"": ""Vàng"", ""image_url"": ""https://cdn2.cellphones.com.vn/insecure/rs:fill:50:50/q:90/plain/https://cellphones.com.vn/media/catalog/product/i/p/iphone-14-storage-select-202209-6-1inch-y889_2.jpg"", ""image_url_display"": ""https://cellphones.com.vn/media/catalog/product/i/p/iphone-14-storage-select-202209-6-1inch-y889_2.jpg"", ""product_url"": ""https://cellphones.com.vn/iphone-14-256gb.html?product_id=60947"", ""price"": ""16.290.000₫""}, ""product_color_2"": {""color"": ""Đen"", ""image_url"": ""https://cdn2.cellphones.com.vn/insecure/rs:fill:50:50/q:90/plain/https://cellphones.com.vn/media/catalog/product/p/h/photo_2022-09-28_21-58-57_4.jpg"", ""image_url_display"": ""https://cellphones.com.vn/media/catalog/product/p/h/photo_2022-09-28_21-58-57_4.jpg"", ""product_url"": ""https://cellphones.com.vn/iphone-14-256gb.html?product_id=52381"", ""price"": ""16.290.000₫""}, ""product_color_3"": {""color"": ""Tím"", ""image_url"": ""https://cdn2.cellphones.com.vn/insecure/rs:fill:50:50/q:90/plain/https://cellphones.com.vn/media/catalog/product/p/h/photo_2022-09-28_21-58-56_3.jpg"", ""image_url_display"": ""https://cellphones.com.vn/media/catalog/product/p/h/photo_2022-09-28_21-58-56_3.jpg"", ""product_url"": ""https://cellphones.com.vn/iphone-14-256gb.html?product_id=52383"", ""price"": ""16.290.000₫""}, ""product_color_4"": {""color"": ""Đỏ"", ""image_url"": ""https://cdn2.cellphones.com.vn/insecure/rs:fill:50:50/q:90/plain/https://cellphones.com.vn/media/catalog/product/p/h/photo_2022-09-28_21-58-54_3.jpg"", ""image_url_display"": ""https://cellphones.com.vn/media/catalog/product/p/h/photo_2022-09-28_21-58-54_3.jpg"", ""product_url"": ""https://cellphones.com.vn/iphone-14-256gb.html?product_id=52382"", ""price"": ""16.290.000₫""}, ""product_color_5"": {""color"": ""Trắng"", ""image_url"": ""https://cdn2.cellphones.com.vn/insecure/rs:fill:50:50/q:90/plain/https://cellphones.com.vn/media/catalog/product/p/h/photo_2022-09-28_21-58-48_3.jpg"", ""image_url_display"": ""https://cellphones.com.vn/media/catalog/product/p/h/photo_2022-09-28_21-58-48_3.jpg"", ""product_url"": ""https://cellphones.com.vn/iphone-14-256gb.html?product_id=52385"", ""price"": ""16.290.000₫""}, ""product_color_6"": {""color"": ""Xanh"", ""image_url"": ""https://cdn2.cellphones.com.vn/insecure/rs:fill:50:50/q:90/plain/https://cellphones.com.vn/media/catalog/product/p/h/photo_2022-09-28_21-58-51_1_1.jpg"", ""image_url_display"": ""https://cellphones.com.vn/media/catalog/product/p/h/photo_2022-09-28_21-58-51_1_1.jpg"", ""product_url"": ""https://cellphones.com.vn/iphone-14-256gb.html?product_id=52387"", ""price"": ""16.290.000₫""}}"
Apple iPhone 8 Plus 128GB I Chính hãng VN/A,iphone-8-plus-128gb-chinh-hang-vn-a,,,,,"[""https://cdn2.cellphones.com.vn/x/media/catalog/product/i/p/iphone-8-plus_1_.jpg"", ""https://cdn2.cellphones.com.vn/x/media/catalog/product/_/0/_0005_iphone8plus-silver-34br-34fl-2up-us-en-screen_2.jpg"", ""https://cdn2.cellphones.com.vn/x/media/catalog/product/_/0/_0004_iphone8plus-spacegray-34br-34fl-2up-us-en-screen_2.jpg"", ""https://cdn2.cellphones.com.vn/x/media/catalog/product/_/0/_0003_iphone8plus-gold-34br-34fl-2up-us-en-screen_2.jpg"", ""https://cdn2.cellphones.com.vn/x/media/catalog/product/_/0/_0000_iphone8plus-silver-360-us-en-screen_2.jpg"", ""https://cdn2.cellphones.com.vn/x/media/catalog/product/_/0/_0001_iphone8plus-gold-360-us-en-screen_2.jpg"", ""https://cdn2.cellphones.com.vn/x/media/catalog/product/_/0/_0002_iphone8plus-spacegray-360-us-en-screen_2.jpg"", ""https://cdn2.cellphones.com.vn/x/media/catalog/product/i/p/iphone-8-plus_4_009.jpg""]","{""product_color_1"": {""color"": ""Bạc"", ""image_url"": ""https://cdn2.cellphones.com.vn/insecure/rs:fill:50:50/q:90/plain/https://cellphones.com.vn/media/catalog/product/i/p/iphone-8-plus_3__1.jpg"", ""image_url_display"": ""https://cellphones.com.vn/media/catalog/product/i/p/iphone-8-plus_3__1.jpg"", ""product_url"": ""https://cellphones.com.vn/iphone-8-plus-128gb-chinh-hang-vn-a.html?product_id=18424"", ""price"": ""16.000.000₫""}, ""product_color_2"": {""color"": ""Xám"", ""image_url"": ""https://cdn2.cellphones.com.vn/insecure/rs:fill:50:50/q:90/plain/https://cellphones.com.vn/media/catalog/product/i/p/iphone-8-plus_2__1.jpg"", ""image_url_display"": ""https://cellphones.com.vn/media/catalog/product/i/p/iphone-8-plus_2__1.jpg"", ""product_url"": ""https://cellphones.com.vn/iphone-8-plus-128gb-chinh-hang-vn-a.html?product_id=18426"", ""price"": ""16.000.000₫""}, ""product_color_3"": {""color"": ""Gold"", ""image_url"": ""https://cdn2.cellphones.com.vn/insecure/rs:fill:50:50/q:90/plain/https://cellphones.com.vn/media/catalog/product/i/p/iphone-8-plus_1__1.jpg"", ""image_url_display"": ""https://cellphones.com.vn/media/catalog/product/i/p/iphone-8-plus_1__1.jpg"", ""product_url"": ""https://cellphones.com.vn/iphone-8-plus-128gb-chinh-hang-vn-a.html?product_id=18425"", ""price"": ""16.000.000₫""}}"
iPhone 12 64GB | Chính hãng VN/A,iphone-12,,,,,"[""https://cdn2.cellphones.com.vn/x/media/catalog/product/5/_/5_157.jpg"", ""https://cdn2.cellphones.com.vn/x/media/catalog/product/4/_/4_186.jpg"", ""https://cdn2.cellphones.com.vn/x/media/catalog/product/1/2/121775005_214053020136993_4215871422753310748_n_1.jpg"", ""https://cdn2.cellphones.com.vn/x/media/catalog/product/_/0/_0003_iphone_12_red_hero_2-up_cropped_screen__usen.jpg"", ""https://cdn2.cellphones.com.vn/x/media/catalog/product/i/p/iphone-12-mini-2-do-11_1.jpg"", ""https://cdn2.cellphones.com.vn/x/media/catalog/product/i/p/iphone-12-mini-do-2_1.jpg"", ""https://cdn2.cellphones.com.vn/x/media/catalog/product/_/0/_0004_iphone_12_green_hero_2-up_cropped_screen__usen.jpg"", ""https://cdn2.cellphones.com.vn/x/media/catalog/product/i/p/iphone-12-mini-xanh-la-1_1.jpg"", ""https://cdn2.cellphones.com.vn/x/media/catalog/product/i/p/iphone-12-mini-xanh-la-22_1.jpg"", ""https://cdn2.cellphones.com.vn/x/media/catalog/product/_/0/_0000_iphone_12_blue_hero_2-up_cropped_screen__usen.jpg"", ""https://cdn2.cellphones.com.vn/x/media/catalog/product/i/p/iphone-12-xanh-duong-2_1.jpg"", ""https://cdn2.cellphones.com.vn/x/media/catalog/product/i/p/iphone-12-xanh-duong-3-org_1.jpg"", ""https://cdn2.cellphones.com.vn/x/media/catalog/product/_/0/_0001_iphone_12_black_hero_2-up_cropped_screen__usen.jpg"", ""https://cdn2.cellphones.com.vn/x/media/catalog/product/i/p/iphone-12-mini-den-11_1.jpg"", ""https://cdn2.cellphones.com.vn/x/media/catalog/product/i/p/iphone-12-mini-2-den_1.jpg"", ""https://cdn2.cellphones.com.vn/x/media/catalog/product/_/0/_0002_iphone_12_white_hero_2-up_cropped_screen__usen.jpg"", ""https://cdn2.cellphones.com.vn/x/media/catalog/product/i/p/iphone-12-mini-trang-22_1.jpg"", ""https://cdn2.cellphones.com.vn/x/media/catalog/product/i/p/iphone-12-mini-trang-1_1.jpg"", ""https://cdn2.cellphones.com.vn/x/media/catalog/product/u/n/untitled-1_0003_iphone12mini-14.jpg"", ""https://cdn2.cellphones.com.vn/x/media/catalog/product/u/n/untitled-1_0001_iphone12mini-10.jpg"", ""https://cdn2.cellphones.com.vn/x/media/catalog/product/u/n/untitled-1_0004_iphone12mini-15.jpg"", ""https://cdn2.cellphones.com.vn/x/media/catalog/product/u/n/untitled-1_0000_iphone12mini-9.jpg"", ""https://cdn2.cellphones.com.vn/x/media/catalog/product/u/n/untitled-1_0002_iphone12mini-12.jpg"", ""https://cdn2.cellphones.com.vn/x/media/catalog/product/g/s/gsmarena_041_1.jpg"", ""https://cdn2.cellphones.com.vn/x/media/catalog/product/i/p/iphone-12.png""]","{""product_color_1"": {""color"": ""Tím"", ""image_url"": ""https://cdn2.cellphones.com.vn/insecure/rs:fill:50:50/q:90/plain/https://cellphones.com.vn/media/catalog/product/2/_/2._t_m_3.jpg"", ""image_url_display"": ""https://cellphones.com.vn/media/catalog/product/2/_/2._t_m_3.jpg"", ""product_url"": ""https://cellphones.com.vn/iphone-12.html?product_id=32421"", ""price"": ""9.390.000₫""}, ""product_color_2"": {""color"": ""Đỏ"", ""image_url"": ""https://cdn2.cellphones.com.vn/insecure/rs:fill:50:50/q:90/plain/https://cellphones.com.vn/media/catalog/product/2/_/2._.jpg"", ""image_url_display"": ""https://cellphones.com.vn/media/catalog/product/2/_/2._.jpg"", ""product_url"": ""https://cellphones.com.vn/iphone-12.html?product_id=27415"", ""price"": ""9.390.000₫""}, ""product_color_3"": {""color"": ""Trắng"", ""image_url"": ""https://cdn2.cellphones.com.vn/insecure/rs:fill:50:50/q:90/plain/https://cellphones.com.vn/media/catalog/product/6/_/6_129_1_1.jpg"", ""image_url_display"": ""https://cellphones.com.vn/media/catalog/product/6/_/6_129_1_1.jpg"", ""product_url"": ""https://cellphones.com.vn/iphone-12.html?product_id=28742"", ""price"": ""9.390.000₫""}, ""product_color_4"": {""color"": ""Xanh lá"", ""image_url"": ""https://cdn2.cellphones.com.vn/insecure/rs:fill:50:50/q:90/plain/https://cellphones.com.vn/media/catalog/product/2/_/2._l_.jpg"", ""image_url_display"": ""https://cellphones.com.vn/media/catalog/product/2/_/2._l_.jpg"", ""product_url"": ""https://cellphones.com.vn/iphone-12.html?product_id=28740"", ""price"": ""9.390.000₫""}, ""product_color_5"": {""color"": ""Xanh dương"", ""image_url"": ""https://cdn2.cellphones.com.vn/insecure/rs:fill:50:50/q:90/plain/https://cellphones.com.vn/media/catalog/product/2/_/2._d_ng.jpg"", ""image_url_display"": ""https://cellphones.com.vn/media/catalog/product/2/_/2._d_ng.jpg"", ""product_url"": ""https://cellphones.com.vn/iphone-12.html?product_id=27412"", ""price"": ""9.390.000₫""}, ""product_color_6"": {""color"": ""Đen"", ""image_url"": ""https://cdn2.cellphones.com.vn/insecure/rs:fill:50:50/q:90/plain/https://cellphones.com.vn/media/catalog/product/2/_/2._en.jpg"", ""image_url_display"": ""https://cellphones.com.vn/media/catalog/product/2/_/2._en.jpg"", ""product_url"": ""https://cellphones.com.vn/iphone-12.html?product_id=27414"", ""price"": ""9.390.000₫""}}"
iPhone 15 Pro Max 1TB | Chính hãng VN/A,iphone-15-pro-max-1tb,,,,,"[""https://cdn2.cellphones.com.vn/x/media/catalog/product/i/p/iphone-15-pro-max_6__4.jpg"", ""https://cdn2.cellphones.com.vn/x/media/catalog/product/i/p/iphone-15-pro-max_7__4.jpg"", ""https://cdn2.cellphones.com.vn/x/media/catalog/product/i/p/iphone-15-pro-max_8__4.jpg"", ""https://cdn2.cellphones.com.vn/x/media/catalog/product/i/p/iphone-15-pro-max_9__4.jpg"", ""https://cdn2.cellphones.com.vn/x/media/catalog/product/i/p/iphone-15-pro-max_1__4.jpg"", ""https://cdn2.cellphones.com.vn/x/media/catalog/product/i/p/iphone-15-pro-max_10__4.jpg""]","{""product_color_1"": {""color"": ""Titan Xanh"", ""image_url"": ""https://cdn2.cellphones.com.vn/insecure/rs:fill:50:50/q:90/plain/https://cellphones.com.vn/media/catalog/product/i/p/iphone15-pro-max-1tb-titan-xanh.jpg"", ""image_url_display"": ""https://cellphones.com.vn/media/catalog/product/i/p/iphone15-pro-max-1tb-titan-xanh.jpg"", ""product_url"": ""https://cellphones.com.vn/iphone-15-pro-max-1tb.html?product_id=68942"", ""price"": ""31.990.000₫""}, ""product_color_2"": {""color"": ""Titan Đen"", ""image_url"": ""https://cdn2.cellphones.com.vn/insecure/rs:fill:50:50/q:90/plain/https://cellphones.com.vn/media/catalog/product/i/p/iphone15-pro-max-1tb-titan-den.jpg"", ""image_url_display"": ""https://cellphones.com.vn/media/catalog/product/i/p/iphone15-pro-max-1tb-titan-den.jpg"", ""product_url"": ""https://cellphones.com.vn/iphone-15-pro-max-1tb.html?product_id=68939"", ""price"": ""31.990.000₫""}, ""product_color_3"": {""color"": ""Titan Tự Nhiên"", ""image_url"": ""https://cdn2.cellphones.com.vn/insecure/rs:fill:50:50/q:90/plain/https://cellphones.com.vn/media/catalog/product/i/p/iphone15-pro-max-1tb-titan-nau.jpg"", ""image_url_display"": ""https://cellphones.com.vn/media/catalog/product/i/p/iphone15-pro-max-1tb-titan-nau.jpg"", ""product_url"": ""https://cellphones.com.vn/iphone-15-pro-max-1tb.html?product_id=68940"", ""price"": ""31.990.000₫""}, ""product_color_4"": {""color"": ""Titan Trắng"", ""image_url"": ""https://cdn2.cellphones.com.vn/insecure/rs:fill:50:50/q:90/plain/https://cellphones.com.vn/media/catalog/product/i/p/iphone15-pro-max-1tb-titan-trang.jpg"", ""image_url_display"": ""https://cellphones.com.vn/media/catalog/product/i/p/iphone15-pro-max-1tb-titan-trang.jpg"", ""product_url"": ""https://cellphones.com.vn/iphone-15-pro-max-1tb.html?product_id=68941"", ""price"": ""31.990.000₫""}}"
iPhone 14 Pro Max 512GB | Chính hãng VN/A,iphone-14-pro-max-512gb,,,,,"[""https://cdn2.cellphones.com.vn/x/media/catalog/product/i/p/iphone_14_pro_max_512gb_-_2_1_.png"", ""https://cdn2.cellphones.com.vn/x/media/catalog/product/i/p/iphone_14_pro_max_512gb_-_6.png"", ""https://cdn2.cellphones.com.vn/x/media/catalog/product/i/p/iphone_14_pro_max_512gb_-_3_1_.png"", ""https://cdn2.cellphones.com.vn/x/media/catalog/product/i/p/iphone_14_pro_max_512gb_-_8.png"", ""https://cdn2.cellphones.com.vn/x/media/catalog/product/i/p/iphone_14_pro_max_512gb_-_11.png"", ""https://cdn2.cellphones.com.vn/x/media/catalog/product/i/p/iphone_14_pro_max_512gb_-_5.png"", ""https://cdn2.cellphones.com.vn/x/media/catalog/product/i/p/iphone_14_pro_max_512gb_-_4_1_.png"", ""https://cdn2.cellphones.com.vn/x/media/catalog/product/i/p/iphone_14_pro_max_512gb_-_7.png"", ""https://cdn2.cellphones.com.vn/x/media/catalog/product/v/_/v_ng_21.png"", ""https://cdn2.cellphones.com.vn/x/media/catalog/product/b/_/b_c_1_13.png"", ""https://cdn2.cellphones.com.vn/x/media/catalog/product/x/_/x_m_27.png"", ""https://cdn2.cellphones.com.vn/x/media/catalog/product/i/p/iphone-14-pro-256gb_1.png""]","{""product_color_1"": {""color"": ""Vàng"", ""image_url"": ""https://cdn2.cellphones.com.vn/insecure/rs:fill:50:50/q:90/plain/https://cellphones.com.vn/media/catalog/product/v/_/v_ng_22.png"", ""image_url_display"": ""https://cellphones.com.vn/media/catalog/product/v/_/v_ng_22.png"", ""product_url"": ""https://cellphones.com.vn/iphone-14-pro-max-512gb.html?product_id=52330"", ""price"": ""32.990.000₫""}, ""product_color_2"": {""color"": ""Tím"", ""image_url"": ""https://cdn2.cellphones.com.vn/insecure/rs:fill:50:50/q:90/plain/https://cellphones.com.vn/media/catalog/product/t/_/t_m_23.png"", ""image_url_display"": ""https://cellphones.com.vn/media/catalog/product/t/_/t_m_23.png"", ""product_url"": ""https://cellphones.com.vn/iphone-14-pro-max-512gb.html?product_id=52331"", ""price"": ""32.990.000₫""}, ""product_color_3"": {""color"": ""Bạc"", ""image_url"": ""https://cdn2.cellphones.com.vn/insecure/rs:fill:50:50/q:90/plain/https://cellphones.com.vn/media/catalog/product/b/_/b_c_2_1.png"", ""image_url_display"": ""https://cellphones.com.vn/media/catalog/product/b/_/b_c_2_1.png"", ""product_url"": ""https://cellphones.com.vn/iphone-14-pro-max-512gb.html?product_id=52329"", ""price"": ""32.990.000₫""}, ""product_color_4"": {""color"": ""Đen"", ""image_url"": ""https://cdn2.cellphones.com.vn/insecure/rs:fill:50:50/q:90/plain/https://cellphones.com.vn/media/catalog/product/x/_/x_m_1_4.png"", ""image_url_display"": ""https://cellphones.com.vn/media/catalog/product/x/_/x_m_1_4.png"", ""product_url"": ""https://cellphones.com.vn/iphone-14-pro-max-512gb.html?product_id=52328"", ""price"": ""32.990.000₫""}}"
iPhone 14 Plus 256GB | Chính hãng VN/A,iphone-14-plus-256gb,,,,,"[""https://cdn2.cellphones.com.vn/x/media/catalog/product/i/p/iphone_14_blue_pdp_image_position-3_camera_vn_1_2.png"", ""https://cdn2.cellphones.com.vn/x/media/catalog/product/i/p/iphone_14_blue_pdp_image_position-4_lineup_vn_1_2.png"", ""https://cdn2.cellphones.com.vn/x/media/catalog/product/i/p/iphone_14_blue_pdp_image_position-5_colors__vn_1_2.png"", ""https://cdn2.cellphones.com.vn/x/media/catalog/product/i/p/iphone_14_blue_pdp_image_position-6_size_comparison__vn_1_2.png"", ""https://cdn2.cellphones.com.vn/x/media/catalog/product/i/p/iphone_14_blue_pdp_image_position-7_features_specs__vn_1_2.png"", ""https://cdn2.cellphones.com.vn/x/media/catalog/product/i/p/iphone_14_blue_pdp_image_position-8_accessory_vn_1_2.png"", ""https://cdn2.cellphones.com.vn/x/media/catalog/product/i/p/iphone_14_blue_pdp_image_position-9_typec_lightning_cable_vn_1_2.png""]","{""product_color_1"": {""color"": ""Vàng"", ""image_url"": ""https://cdn2.cellphones.com.vn/insecure/rs:fill:50:50/q:90/plain/https://cellphones.com.vn/media/catalog/product/i/p/iphone-14-storage-select-202209-6-1inch-y889_7.jpg"", ""image_url_display"": ""https://cellphones.com.vn/media/catalog/product/i/p/iphone-14-storage-select-202209-6-1inch-y889_7.jpg"", ""product_url"": ""https://cellphones.com.vn/iphone-14-plus-256gb.html?product_id=60968"", ""price"": ""17.990.000₫""}, ""product_color_2"": {""color"": ""Trắng"", ""image_url"": ""https://cdn2.cellphones.com.vn/insecure/rs:fill:50:50/q:90/plain/https://cellphones.com.vn/media/catalog/product/p/h/photo_2022-09-28_21-58-48_8.jpg"", ""image_url_display"": ""https://cellphones.com.vn/media/catalog/product/p/h/photo_2022-09-28_21-58-48_8.jpg"", ""product_url"": ""https://cellphones.com.vn/iphone-14-plus-256gb.html?product_id=52400"", ""price"": ""17.990.000₫""}, ""product_color_3"": {""color"": ""Xanh"", ""image_url"": ""https://cdn2.cellphones.com.vn/insecure/rs:fill:50:50/q:90/plain/https://cellphones.com.vn/media/catalog/product/p/h/photo_2022-09-28_21-58-51_7.jpg"", ""image_url_display"": ""https://cellphones.com.vn/media/catalog/product/p/h/photo_2022-09-28_21-58-51_7.jpg"", ""product_url"": ""https://cellphones.com.vn/iphone-14-plus-256gb.html?product_id=52401"", ""price"": ""17.990.000₫""}, ""product_color_4"": {""color"": ""Đen"", ""image_url"": ""https://cdn2.cellphones.com.vn/insecure/rs:fill:50:50/q:90/plain/https://cellphones.com.vn/media/catalog/product/p/h/photo_2022-09-28_21-58-57_1_2.jpg"", ""image_url_display"": ""https://cellphones.com.vn/media/catalog/product/p/h/photo_2022-09-28_21-58-57_1_2.jpg"", ""product_url"": ""https://cellphones.com.vn/iphone-14-plus-256gb.html?product_id=52396"", ""price"": ""17.990.000₫""}, ""product_color_5"": {""color"": ""Đỏ"", ""image_url"": ""https://cdn2.cellphones.com.vn/insecure/rs:fill:50:50/q:90/plain/https://cellphones.com.vn/media/catalog/product/p/h/photo_2022-09-28_21-58-54_1_2.jpg"", ""image_url_display"": ""https://cellphones.com.vn/media/catalog/product/p/h/photo_2022-09-28_21-58-54_1_2.jpg"", ""product_url"": ""https://cellphones.com.vn/iphone-14-plus-256gb.html?product_id=52397"", ""price"": ""17.990.000₫""}, ""product_color_6"": {""color"": ""Tím"", ""image_url"": ""https://cdn2.cellphones.com.vn/insecure/rs:fill:50:50/q:90/plain/https://cellphones.com.vn/media/catalog/product/p/h/photo_2022-09-28_21-58-56_8.jpg"", ""image_url_display"": ""https://cellphones.com.vn/media/catalog/product/p/h/photo_2022-09-28_21-58-56_8.jpg"", ""product_url"": ""https://cellphones.com.vn/iphone-14-plus-256gb.html?product_id=52399"", ""price"": ""17.990.000₫""}}"
iPhone 13 mini 128GB | Chính hãng VN/A,iphone-13-mini,,,,,"[""https://cdn2.cellphones.com.vn/x/media/catalog/product/1/1/11_3_12_2_1_2.jpg"", ""https://cdn2.cellphones.com.vn/x/media/catalog/product/1/3/13_4_7_2_4.jpg"", ""https://cdn2.cellphones.com.vn/x/media/catalog/product/i/p/iphone-13-0-0_3.jpg"", ""https://cdn2.cellphones.com.vn/x/media/catalog/product/i/p/iphone-13-min_10_.jpg"", ""https://cdn2.cellphones.com.vn/x/media/catalog/product/i/p/iphone-13-min_7_.jpg"", ""https://cdn2.cellphones.com.vn/x/media/catalog/product/i/p/iphone-13-min_6_.jpg"", ""https://cdn2.cellphones.com.vn/x/media/catalog/product/i/p/iphone-13-min_9_.jpg"", ""https://cdn2.cellphones.com.vn/x/media/catalog/product/i/p/iphone-13-min_4_.jpg"", ""https://cdn2.cellphones.com.vn/x/media/catalog/product/i/p/iphone-13-min_3_.jpg"", ""https://cdn2.cellphones.com.vn/x/media/catalog/product/i/p/iphone-13-min_2_.jpg"", ""https://cdn2.cellphones.com.vn/x/media/catalog/product/i/p/iphone-13-min_1_.jpg"", ""https://cdn2.cellphones.com.vn/x/media/catalog/product/i/p/iphone-13-min.jpg"", ""https://cdn2.cellphones.com.vn/x/media/catalog/product/i/p/iphone-13-min_5_.jpg"", ""https://cdn2.cellphones.com.vn/x/media/catalog/product/i/p/iphone-13-min_8_.jpg""]","{""product_color_1"": {""color"": ""Xanh lá"", ""image_url"": ""https://cdn2.cellphones.com.vn/insecure/rs:fill:50:50/q:90/plain/https://cellphones.com.vn/media/catalog/product/x/n/xnnah_kas.png"", ""image_url_display"": ""https://cellphones.com.vn/media/catalog/product/x/n/xnnah_kas.png"", ""product_url"": ""https://cellphones.com.vn/iphone-13-mini.html?product_id=44710"", ""price"": ""17.490.000₫""}, ""product_color_2"": {""color"": ""Trắng"", ""image_url"": ""https://cdn2.cellphones.com.vn/insecure/rs:fill:50:50/q:90/plain/https://cellphones.com.vn/media/catalog/product/t/r/tr_ng_2.jpg"", ""image_url_display"": ""https://cellphones.com.vn/media/catalog/product/t/r/tr_ng_2.jpg"", ""product_url"": ""https://cellphones.com.vn/iphone-13-mini.html?product_id=36510"", ""price"": ""17.490.000₫""}, ""product_color_3"": {""color"": ""Hồng"", ""image_url"": ""https://cdn2.cellphones.com.vn/insecure/rs:fill:50:50/q:90/plain/https://cellphones.com.vn/media/catalog/product/h/_/h_ng_1.jpg"", ""image_url_display"": ""https://cellphones.com.vn/media/catalog/product/h/_/h_ng_1.jpg"", ""product_url"": ""https://cellphones.com.vn/iphone-13-mini.html?product_id=36509"", ""price"": ""17.490.000₫""}, ""product_color_4"": {""color"": ""Đen"", ""image_url"": ""https://cdn2.cellphones.com.vn/insecure/rs:fill:50:50/q:90/plain/https://cellphones.com.vn/media/catalog/product/_/e/_en_2_2.jpg"", ""image_url_display"": ""https://cellphones.com.vn/media/catalog/product/_/e/_en_2_2.jpg"", ""product_url"": ""https://cellphones.com.vn/iphone-13-mini.html?product_id=36507"", ""price"": ""17.490.000₫""}, ""product_color_5"": {""color"": ""Xanh dương"", ""image_url"": ""https://cdn2.cellphones.com.vn/insecure/rs:fill:50:50/q:90/plain/https://cellphones.com.vn/media/catalog/product/1/1/11_3_12_2_1_2_1.jpg"", ""image_url_display"": ""https://cellphones.com.vn/media/catalog/product/1/1/11_3_12_2_1_2_1.jpg"", ""product_url"": ""https://cellphones.com.vn/iphone-13-mini.html?product_id=36244"", ""price"": ""17.490.000₫""}, ""product_color_6"": {""color"": ""Đỏ"", ""image_url"": ""https://cdn2.cellphones.com.vn/insecure/rs:fill:50:50/q:90/plain/https://cellphones.com.vn/media/catalog/product/f/i/file_3_7.jpg"", ""image_url_display"": ""https://cellphones.com.vn/media/catalog/product/f/i/file_3_7.jpg"", ""product_url"": ""https://cellphones.com.vn/iphone-13-mini.html?product_id=36508"", ""price"": ""17.490.000₫""}}"
iPhone 13 Pro 256GB | Chính hãng VN/A,iphone-13-pro-256gb,,,,,"[""https://cdn2.cellphones.com.vn/x/media/catalog/product/i/p/iphone_13_pro_256gb_-_7.png"", ""https://cdn2.cellphones.com.vn/x/media/catalog/product/i/p/iphone_13_pro_256gb_-_4.png"", ""https://cdn2.cellphones.com.vn/x/media/catalog/product/i/p/iphone_13_pro_256gb_-_5.png"", ""https://cdn2.cellphones.com.vn/x/media/catalog/product/i/p/iphone_13_pro_256gb_-_3.png"", ""https://cdn2.cellphones.com.vn/x/media/catalog/product/i/p/iphone_13_pro_256gb_-_9.png"", ""https://cdn2.cellphones.com.vn/x/media/catalog/product/i/p/iphone_13_pro_256gb_-_6.png"", ""https://cdn2.cellphones.com.vn/x/media/catalog/product/2/_/2_61_8_2_1_9.jpg"", ""https://cdn2.cellphones.com.vn/x/media/catalog/product/i/p/iphone_13-_pro-5_1.jpg"", ""https://cdn2.cellphones.com.vn/x/media/catalog/product/1/_/1_66_6_2_1_8.jpg"", ""https://cdn2.cellphones.com.vn/x/media/catalog/product/3/_/3_51_1_4.jpg"", ""https://cdn2.cellphones.com.vn/x/media/catalog/product/4/_/4_36_3_2_1_6.jpg"", ""https://cdn2.cellphones.com.vn/x/media/catalog/product/1/8/1819-1024_2__2.jpg"", ""https://cdn2.cellphones.com.vn/x/media/catalog/product/1/8/1819-1024_3__2.jpg"", ""https://cdn2.cellphones.com.vn/x/media/catalog/product/1/8/1819-1024_1__2.jpg"", ""https://cdn2.cellphones.com.vn/x/media/catalog/product/1/8/1819-1024_2.jpg"", ""https://cdn2.cellphones.com.vn/x/media/catalog/product/5/7/576-1024_2.jpg"", ""https://cdn2.cellphones.com.vn/x/media/catalog/product/1/8/1820-1024_2.jpg"", ""https://cdn2.cellphones.com.vn/x/media/catalog/product/1/8/1819-1024_4__2.jpg"", ""https://cdn2.cellphones.com.vn/x/media/catalog/product/1/8/1820-1024_1__1_1.jpg"", ""https://cdn2.cellphones.com.vn/x/media/catalog/product/1/8/1820-1024_4__1_1.jpg""]","{""product_color_1"": {""color"": ""Xanh lá"", ""image_url"": ""https://cdn2.cellphones.com.vn/insecure/rs:fill:50:50/q:90/plain/https://cellphones.com.vn/media/catalog/product/x/a/xanh_l__2.png"", ""image_url_display"": ""https://cellphones.com.vn/media/catalog/product/x/a/xanh_l__2.png"", ""product_url"": ""https://cellphones.com.vn/iphone-13-pro-256gb.html?product_id=44670"", ""price"": ""25.590.000₫""}, ""product_color_2"": {""color"": ""Xanh dương"", ""image_url"": ""https://cdn2.cellphones.com.vn/insecure/rs:fill:50:50/q:90/plain/https://cellphones.com.vn/media/catalog/product/x/a/xanhh_1.jpg"", ""image_url_display"": ""https://cellphones.com.vn/media/catalog/product/x/a/xanhh_1.jpg"", ""product_url"": ""https://cellphones.com.vn/iphone-13-pro-256gb.html?product_id=36546"", ""price"": ""25.590.000₫""}, ""product_color_3"": {""color"": ""Vàng"", ""image_url"": ""https://cdn2.cellphones.com.vn/insecure/rs:fill:50:50/q:90/plain/https://cellphones.com.vn/media/catalog/product/v/a/vanggg_1.jpg"", ""image_url_display"": ""https://cellphones.com.vn/media/catalog/product/v/a/vanggg_1.jpg"", ""product_url"": ""https://cellphones.com.vn/iphone-13-pro-256gb.html?product_id=36547"", ""price"": ""25.590.000₫""}, ""product_color_4"": {""color"": ""Xám"", ""image_url"": ""https://cdn2.cellphones.com.vn/insecure/rs:fill:50:50/q:90/plain/https://cellphones.com.vn/media/catalog/product/x/a/xamssss_1.jpg"", ""image_url_display"": ""https://cellphones.com.vn/media/catalog/product/x/a/xamssss_1.jpg"", ""product_url"": ""https://cellphones.com.vn/iphone-13-pro-256gb.html?product_id=36548"", ""price"": ""25.590.000₫""}, ""product_color_5"": {""color"": ""Bạc"", ""image_url"": ""https://cdn2.cellphones.com.vn/insecure/rs:fill:50:50/q:90/plain/https://cellphones.com.vn/media/catalog/product/t/r/tr_ng_1_2.jpg"", ""image_url_display"": ""https://cellphones.com.vn/media/catalog/product/t/r/tr_ng_1_2.jpg"", ""product_url"": ""https://cellphones.com.vn/iphone-13-pro-256gb.html?product_id=36503"", ""price"": ""25.590.000₫""}}"
iPhone 14 Pro Max 1TB | Chính hãng VN/A,iphone-14-pro-max-1tb,,,,,"[""https://cdn2.cellphones.com.vn/x/media/catalog/product/i/p/iphone_14_pro_max_512gb_-_10_1_.png"", ""https://cdn2.cellphones.com.vn/x/media/catalog/product/i/p/iphone_14_pro_max_512gb_-_8_1_.png"", ""https://cdn2.cellphones.com.vn/x/media/catalog/product/i/p/iphone_14_pro_max_1tb_-_5.png"", ""https://cdn2.cellphones.com.vn/x/media/catalog/product/i/p/iphone_14_pro_max_1tb_-_4.png"", ""https://cdn2.cellphones.com.vn/x/media/catalog/product/i/p/iphone_14_pro_max_512gb_-_11_1_.png"", ""https://cdn2.cellphones.com.vn/x/media/catalog/product/i/p/iphone_14_pro_max_1tb_-_6.png"", ""https://cdn2.cellphones.com.vn/x/media/catalog/product/i/p/iphone_14_pro_max_512gb_-_9_1_.png"", ""https://cdn2.cellphones.com.vn/x/media/catalog/product/i/p/iphone_14_pro_max_1tb_-_7.png"", ""https://cdn2.cellphones.com.vn/x/media/catalog/product/v/_/v_ng_23.png"", ""https://cdn2.cellphones.com.vn/x/media/catalog/product/b/_/b_c_1_14.png"", ""https://cdn2.cellphones.com.vn/x/media/catalog/product/i/p/iphone-14-pro-256gb_2.png"", ""https://cdn2.cellphones.com.vn/x/media/catalog/product/x/_/x_m_28.png""]","{""product_color_1"": {""color"": ""Tím"", ""image_url"": ""https://cdn2.cellphones.com.vn/insecure/rs:fill:50:50/q:90/plain/https://cellphones.com.vn/media/catalog/product/t/_/t_m_25.png"", ""image_url_display"": ""https://cellphones.com.vn/media/catalog/product/t/_/t_m_25.png"", ""product_url"": ""https://cellphones.com.vn/iphone-14-pro-max-1tb.html?product_id=52327"", ""price"": ""37.990.000₫""}, ""product_color_2"": {""color"": ""Vàng"", ""image_url"": ""https://cdn2.cellphones.com.vn/insecure/rs:fill:50:50/q:90/plain/https://cellphones.com.vn/media/catalog/product/v/_/v_ng_24.png"", ""image_url_display"": ""https://cellphones.com.vn/media/catalog/product/v/_/v_ng_24.png"", ""product_url"": ""https://cellphones.com.vn/iphone-14-pro-max-1tb.html?product_id=52326"", ""price"": ""37.990.000₫""}, ""product_color_3"": {""color"": ""Đen"", ""image_url"": ""https://cdn2.cellphones.com.vn/insecure/rs:fill:50:50/q:90/plain/https://cellphones.com.vn/media/catalog/product/_/e/_en-iphone-14-pro_1.png"", ""image_url_display"": ""https://cellphones.com.vn/media/catalog/product/_/e/_en-iphone-14-pro_1.png"", ""product_url"": ""https://cellphones.com.vn/iphone-14-pro-max-1tb.html?product_id=52317"", ""price"": ""37.990.000₫""}, ""product_color_4"": {""color"": ""Bạc"", ""image_url"": ""https://cdn2.cellphones.com.vn/insecure/rs:fill:50:50/q:90/plain/https://cellphones.com.vn/media/catalog/product/b/_/b_c_2_2.png"", ""image_url_display"": ""https://cellphones.com.vn/media/catalog/product/b/_/b_c_2_2.png"", ""product_url"": ""https://cellphones.com.vn/iphone-14-pro-max-1tb.html?product_id=52324"", ""price"": ""37.990.000₫""}}"
iPhone 11 Pro 64GB I Chính hãng VN/A,iphone-11-pro,,,,,"[""https://cdn2.cellphones.com.vn/x/media/catalog/product/l/a/layer_23.jpg"", ""https://cdn2.cellphones.com.vn/x/media/catalog/product/_/0/_0002_iphone_11_pro_max_midnight_green_hero_alt_vertical_cropped_us-en_screen_1.jpg"", ""https://cdn2.cellphones.com.vn/x/media/catalog/product/_/0/_0003_iphone_11_pro_max_gold_hero_alt_vertical_cropped_us-en_screen_1.jpg"", ""https://cdn2.cellphones.com.vn/x/media/catalog/product/_/0/_0001_iphone_11_pro_max_silver_hero_alt_vertical_cropped_us-en_screen_1.jpg"", ""https://cdn2.cellphones.com.vn/x/media/catalog/product/_/0/_0000_iphone_11_pro_max_space_gray_hero_alt_vertical_cropped_us-en_screen_1.jpg"", ""https://cdn2.cellphones.com.vn/x/media/catalog/product/i/p/iphone-11-pro-max_4__5.jpg"", ""https://cdn2.cellphones.com.vn/x/media/catalog/product/i/p/iphone-11-pro-max_1__5.jpg"", ""https://cdn2.cellphones.com.vn/x/media/catalog/product/i/p/iphone-11-pro-max_2__5.jpg"", ""https://cdn2.cellphones.com.vn/x/media/catalog/product/i/p/iphone-11-pro-max_3__5.jpg"", ""https://cdn2.cellphones.com.vn/x/media/catalog/product/l/a/layer_25_4.jpg"", ""https://cdn2.cellphones.com.vn/x/media/catalog/product/i/m/image_330_2.png""]","{""product_color_1"": {""color"": ""Xanh lá"", ""image_url"": ""https://cdn2.cellphones.com.vn/insecure/rs:fill:50:50/q:90/plain/https://cellphones.com.vn/media/catalog/product/i/p/iphone-11-pro_2__1.jpg"", ""image_url_display"": ""https://cellphones.com.vn/media/catalog/product/i/p/iphone-11-pro_2__1.jpg"", ""product_url"": ""https://cellphones.com.vn/iphone-11-pro.html?product_id=18367"", ""price"": ""25.000.000₫""}, ""product_color_2"": {""color"": ""Xám"", ""image_url"": ""https://cdn2.cellphones.com.vn/insecure/rs:fill:50:50/q:90/plain/https://cellphones.com.vn/media/catalog/product/i/p/iphone-11-pro_1__1.jpg"", ""image_url_display"": ""https://cellphones.com.vn/media/catalog/product/i/p/iphone-11-pro_1__1.jpg"", ""product_url"": ""https://cellphones.com.vn/iphone-11-pro.html?product_id=18366"", ""price"": ""25.000.000₫""}, ""product_color_3"": {""color"": ""Bạc"", ""image_url"": ""https://cdn2.cellphones.com.vn/insecure/rs:fill:50:50/q:90/plain/https://cellphones.com.vn/media/catalog/product/i/p/iphone-11-pro_3__1.jpg"", ""image_url_display"": ""https://cellphones.com.vn/media/catalog/product/i/p/iphone-11-pro_3__1.jpg"", ""product_url"": ""https://cellphones.com.vn/iphone-11-pro.html?product_id=18365"", ""price"": ""25.000.000₫""}, ""product_color_4"": {""color"": ""Gold"", ""image_url"": ""https://cdn2.cellphones.com.vn/insecure/rs:fill:50:50/q:90/plain/https://cellphones.com.vn/media/catalog/product/i/p/iphone-11-pro_4__1.jpg"", ""image_url_display"": ""https://cellphones.com.vn/media/catalog/product/i/p/iphone-11-pro_4__1.jpg"", ""product_url"": ""https://cellphones.com.vn/iphone-11-pro.html?product_id=17996"", ""price"": ""25.000.000₫""}}"
iPhone 8 Plus 64GB I Chính hãng VN/A,apple-iphone-8-plus-64-gb-chinh-hang-vn,,,,,"[""https://cdn2.cellphones.com.vn/x/media/catalog/product/i/m/img-apple-main_copy_2_8.jpg"", ""https://cdn2.cellphones.com.vn/x/media/catalog/product/_/0/_0004_iphone8plus-spacegray-34br-34fl-2up-us-en-screen.jpg"", ""https://cdn2.cellphones.com.vn/x/media/catalog/product/_/0/_0005_iphone8plus-silver-34br-34fl-2up-us-en-screen.jpg"", ""https://cdn2.cellphones.com.vn/x/media/catalog/product/_/0/_0002_iphone8plus-spacegray-360-us-en-screen.jpg"", ""https://cdn2.cellphones.com.vn/x/media/catalog/product/_/0/_0003_iphone8plus-gold-34br-34fl-2up-us-en-screen.jpg"", ""https://cdn2.cellphones.com.vn/x/media/catalog/product/_/0/_0000_iphone8plus-silver-360-us-en-screen.jpg"", ""https://cdn2.cellphones.com.vn/x/media/catalog/product/_/0/_0001_iphone8plus-gold-360-us-en-screen.jpg""]","{""product_color_1"": {""color"": ""Gold"", ""image_url"": ""https://cdn2.cellphones.com.vn/insecure/rs:fill:50:50/q:90/plain/https://cellphones.com.vn/media/catalog/product/8/-/8-plus-gold_12_1.jpg"", ""image_url_display"": ""https://cellphones.com.vn/media/catalog/product/8/-/8-plus-gold_12_1.jpg"", ""product_url"": ""https://cellphones.com.vn/apple-iphone-8-plus-64-gb-chinh-hang-vn.html?product_id=10219"", ""price"": ""11.990.000₫""}, ""product_color_2"": {""color"": ""Bạc"", ""image_url"": ""https://cdn2.cellphones.com.vn/insecure/rs:fill:50:50/q:90/plain/https://cellphones.com.vn/media/catalog/product/8/-/8-plus-silver_12_1.jpg"", ""image_url_display"": ""https://cellphones.com.vn/media/catalog/product/8/-/8-plus-silver_12_1.jpg"", ""product_url"": ""https://cellphones.com.vn/apple-iphone-8-plus-64-gb-chinh-hang-vn.html?product_id=10221"", ""price"": ""11.990.000₫""}, ""product_color_3"": {""color"": ""Xám"", ""image_url"": ""https://cdn2.cellphones.com.vn/insecure/rs:fill:50:50/q:90/plain/https://cellphones.com.vn/media/catalog/product/8/-/8-plus-gray_13_1.jpg"", ""image_url_display"": ""https://cellphones.com.vn/media/catalog/product/8/-/8-plus-gray_13_1.jpg"", ""product_url"": ""https://cellphones.com.vn/apple-iphone-8-plus-64-gb-chinh-hang-vn.html?product_id=10220"", ""price"": ""11.990.000₫""}, ""product_color_4"": {""color"": ""Đỏ"", ""image_url"": ""https://cdn2.cellphones.com.vn/insecure/rs:fill:50:50/q:90/plain/https://cellphones.com.vn/media/catalog/product/i/p/iphone-8-plus-64gb-mau-do-red-didongviet_1.jpg"", ""image_url_display"": ""https://cellphones.com.vn/media/catalog/product/i/p/iphone-8-plus-64gb-mau-do-red-didongviet_1.jpg"", ""product_url"": ""https://cellphones.com.vn/apple-iphone-8-plus-64-gb-chinh-hang-vn.html?product_id=16813"", ""price"": ""15.000.000₫""}}"
iPhone 13 Pro 128GB | Chính hãng VN/A,iphone-13-pro,,,,,"[""https://cdn2.cellphones.com.vn/x/media/catalog/product/i/p/iphone_13_pro_256gb_-_3_1.png"", ""https://cdn2.cellphones.com.vn/x/media/catalog/product/i/p/iphone_13_pro_256gb_-_5_1.png"", ""https://cdn2.cellphones.com.vn/x/media/catalog/product/i/p/iphone_13_pro_256gb_-_8_1.png"", ""https://cdn2.cellphones.com.vn/x/media/catalog/product/i/p/iphone_13_pro_256gb_-_9_1.png"", ""https://cdn2.cellphones.com.vn/x/media/catalog/product/i/p/iphone_13_pro_256gb_-_7_1.png"", ""https://cdn2.cellphones.com.vn/x/media/catalog/product/i/p/iphone_13_pro_256gb_-_6_1.png"", ""https://cdn2.cellphones.com.vn/x/media/catalog/product/1/_/1_66_6_2_1_7.jpg"", ""https://cdn2.cellphones.com.vn/x/media/catalog/product/2/_/2_61_8_2_1_8.jpg"", ""https://cdn2.cellphones.com.vn/x/media/catalog/product/4/_/4_36_3_2_1_5.jpg"", ""https://cdn2.cellphones.com.vn/x/media/catalog/product/i/p/iphone-13-pro.png""]","{""product_color_1"": {""color"": ""Bạc"", ""image_url"": ""https://cdn2.cellphones.com.vn/insecure/rs:fill:50:50/q:90/plain/https://cellphones.com.vn/media/catalog/product/t/r/tr_ng_1_1.jpg"", ""image_url_display"": ""https://cellphones.com.vn/media/catalog/product/t/r/tr_ng_1_1.jpg"", ""product_url"": ""https://cellphones.com.vn/iphone-13-pro.html?product_id=36542"", ""price"": ""22.990.000₫""}, ""product_color_2"": {""color"": ""Xanh lá"", ""image_url"": ""https://cdn2.cellphones.com.vn/insecure/rs:fill:50:50/q:90/plain/https://cellphones.com.vn/media/catalog/product/6/0/600_iphone-13-pro-256gb-xanh-la_1.jpg"", ""image_url_display"": ""https://cellphones.com.vn/media/catalog/product/6/0/600_iphone-13-pro-256gb-xanh-la_1.jpg"", ""product_url"": ""https://cellphones.com.vn/iphone-13-pro.html?product_id=44673"", ""price"": ""22.990.000₫""}, ""product_color_3"": {""color"": ""Vàng"", ""image_url"": ""https://cdn2.cellphones.com.vn/insecure/rs:fill:50:50/q:90/plain/https://cellphones.com.vn/media/catalog/product/v/a/vanggg.jpg"", ""image_url_display"": ""https://cellphones.com.vn/media/catalog/product/v/a/vanggg.jpg"", ""product_url"": ""https://cellphones.com.vn/iphone-13-pro.html?product_id=36545"", ""price"": ""22.990.000₫""}, ""product_color_4"": {""color"": ""Xám"", ""image_url"": ""https://cdn2.cellphones.com.vn/insecure/rs:fill:50:50/q:90/plain/https://cellphones.com.vn/media/catalog/product/x/a/xamssss.jpg"", ""image_url_display"": ""https://cellphones.com.vn/media/catalog/product/x/a/xamssss.jpg"", ""product_url"": ""https://cellphones.com.vn/iphone-13-pro.html?product_id=36543"", ""price"": ""22.990.000₫""}, ""product_color_5"": {""color"": ""Xanh dương"", ""image_url"": ""https://cdn2.cellphones.com.vn/insecure/rs:fill:50:50/q:90/plain/https://cellphones.com.vn/media/catalog/product/x/a/xanhh_7.jpg"", ""image_url_display"": ""https://cellphones.com.vn/media/catalog/product/x/a/xanhh_7.jpg"", ""product_url"": ""https://cellphones.com.vn/iphone-13-pro.html?product_id=36544"", ""price"": ""22.990.000₫""}}"
iPhone 11 Pro Max 512GB I Chính hãng VN/A,iphone-11-pro-max-512gb,,,,,"[""https://cdn2.cellphones.com.vn/x/media/catalog/product/l/a/layer_22_3.jpg"", ""https://cdn2.cellphones.com.vn/x/media/catalog/product/l/a/layer_24_3.jpg"", ""https://cdn2.cellphones.com.vn/x/media/catalog/product/_/0/_0002_iphone_11_pro_max_midnight_green_hero_alt_vertical_cropped_us-en_screen_3.jpg"", ""https://cdn2.cellphones.com.vn/x/media/catalog/product/_/0/_0001_iphone_11_pro_max_silver_hero_alt_vertical_cropped_us-en_screen_3.jpg"", ""https://cdn2.cellphones.com.vn/x/media/catalog/product/_/0/_0000_iphone_11_pro_max_space_gray_hero_alt_vertical_cropped_us-en_screen_3.jpg"", ""https://cdn2.cellphones.com.vn/x/media/catalog/product/_/0/_0003_iphone_11_pro_max_gold_hero_alt_vertical_cropped_us-en_screen_3.jpg"", ""https://cdn2.cellphones.com.vn/x/media/catalog/product/i/p/iphone-11-pro-max_4__7.jpg"", ""https://cdn2.cellphones.com.vn/x/media/catalog/product/i/p/iphone-11-pro-max_3__7.jpg"", ""https://cdn2.cellphones.com.vn/x/media/catalog/product/i/p/iphone-11-pro-max_1__7.jpg"", ""https://cdn2.cellphones.com.vn/x/media/catalog/product/i/p/iphone-11-pro-max_2__7.jpg"", ""https://cdn2.cellphones.com.vn/x/media/catalog/product/i/p/iphone_11_pro_max_green_2.png""]","{""product_color_1"": {""color"": ""Xanh lá"", ""image_url"": ""https://cdn2.cellphones.com.vn/insecure/rs:fill:50:50/q:90/plain/https://cellphones.com.vn/media/catalog/product/i/p/iphone-11-pro-max-midnight-green-select-2019_5.png"", ""image_url_display"": ""https://cellphones.com.vn/media/catalog/product/i/p/iphone-11-pro-max-midnight-green-select-2019_5.png"", ""product_url"": ""https://cellphones.com.vn/iphone-11-pro-max-512gb.html?product_id=18377"", ""price"": ""35.000.000₫""}, ""product_color_2"": {""color"": ""Gold"", ""image_url"": ""https://cdn2.cellphones.com.vn/insecure/rs:fill:50:50/q:90/plain/https://cellphones.com.vn/media/catalog/product/i/p/iphone-11-pro-max-gold-select-2019_5.png"", ""image_url_display"": ""https://cellphones.com.vn/media/catalog/product/i/p/iphone-11-pro-max-gold-select-2019_5.png"", ""product_url"": ""https://cellphones.com.vn/iphone-11-pro-max-512gb.html?product_id=18375"", ""price"": ""35.000.000₫""}, ""product_color_3"": {""color"": ""Bạc"", ""image_url"": ""https://cdn2.cellphones.com.vn/insecure/rs:fill:50:50/q:90/plain/https://cellphones.com.vn/media/catalog/product/i/p/iphone-11-pro-max-silver-select-2019_5.png"", ""image_url_display"": ""https://cellphones.com.vn/media/catalog/product/i/p/iphone-11-pro-max-silver-select-2019_5.png"", ""product_url"": ""https://cellphones.com.vn/iphone-11-pro-max-512gb.html?product_id=18374"", ""price"": ""35.000.000₫""}, ""product_color_4"": {""color"": ""Xám"", ""image_url"": ""https://cdn2.cellphones.com.vn/insecure/rs:fill:50:50/q:90/plain/https://cellphones.com.vn/media/catalog/product/i/p/iphone-11-pro-max-space-select-2019_5.png"", ""image_url_display"": ""https://cellphones.com.vn/media/catalog/product/i/p/iphone-11-pro-max-space-select-2019_5.png"", ""product_url"": ""https://cellphones.com.vn/iphone-11-pro-max-512gb.html?product_id=18376"", ""price"": ""35.000.000₫""}}"
iPhone 13 mini 256GB I Chính hãng VN/A,iphone-13-mini-256gb,,,,,"[""https://cdn2.cellphones.com.vn/x/media/catalog/product/1/1/11_3_12_2_1_3.jpg"", ""https://cdn2.cellphones.com.vn/x/media/catalog/product/1/3/13_4_7_2_5.jpg"", ""https://cdn2.cellphones.com.vn/x/media/catalog/product/i/p/iphone-13-01_8.jpg"", ""https://cdn2.cellphones.com.vn/x/media/catalog/product/i/p/iphone-13-0-0_4.jpg""]","{""product_color_1"": {""color"": ""Xanh lá"", ""image_url"": ""https://cdn2.cellphones.com.vn/insecure/rs:fill:50:50/q:90/plain/https://cellphones.com.vn/media/catalog/product/x/n/xnnah_kas_1.png"", ""image_url_display"": ""https://cellphones.com.vn/media/catalog/product/x/n/xnnah_kas_1.png"", ""product_url"": ""https://cellphones.com.vn/iphone-13-mini-256gb.html?product_id=44711"", ""price"": ""19.990.000₫""}, ""product_color_2"": {""color"": ""Trắng"", ""image_url"": ""https://cdn2.cellphones.com.vn/insecure/rs:fill:50:50/q:90/plain/https://cellphones.com.vn/media/catalog/product/t/r/tr_ng_3.jpg"", ""image_url_display"": ""https://cellphones.com.vn/media/catalog/product/t/r/tr_ng_3.jpg"", ""product_url"": ""https://cellphones.com.vn/iphone-13-mini-256gb.html?product_id=36512"", ""price"": ""19.990.000₫""}, ""product_color_3"": {""color"": ""Đỏ"", ""image_url"": ""https://cdn2.cellphones.com.vn/insecure/rs:fill:50:50/q:90/plain/https://cellphones.com.vn/media/catalog/product/f/i/file_3_8.jpg"", ""image_url_display"": ""https://cellphones.com.vn/media/catalog/product/f/i/file_3_8.jpg"", ""product_url"": ""https://cellphones.com.vn/iphone-13-mini-256gb.html?product_id=36490"", ""price"": ""19.990.000₫""}, ""product_color_4"": {""color"": ""Hồng"", ""image_url"": ""https://cdn2.cellphones.com.vn/insecure/rs:fill:50:50/q:90/plain/https://cellphones.com.vn/media/catalog/product/h/_/h_ng_2.jpg"", ""image_url_display"": ""https://cellphones.com.vn/media/catalog/product/h/_/h_ng_2.jpg"", ""product_url"": ""https://cellphones.com.vn/iphone-13-mini-256gb.html?product_id=36513"", ""price"": ""19.990.000₫""}, ""product_color_5"": {""color"": ""Xanh dương"", ""image_url"": ""https://cdn2.cellphones.com.vn/insecure/rs:fill:50:50/q:90/plain/https://cellphones.com.vn/media/catalog/product/d/_/d_ng_1.jpg"", ""image_url_display"": ""https://cellphones.com.vn/media/catalog/product/d/_/d_ng_1.jpg"", ""product_url"": ""https://cellphones.com.vn/iphone-13-mini-256gb.html?product_id=36514"", ""price"": ""19.990.000₫""}, ""product_color_6"": {""color"": ""Đen"", ""image_url"": ""https://cdn2.cellphones.com.vn/insecure/rs:fill:50:50/q:90/plain/https://cellphones.com.vn/media/catalog/product/_/e/_en_2_3.jpg"", ""image_url_display"": ""https://cellphones.com.vn/media/catalog/product/_/e/_en_2_3.jpg"", ""product_url"": ""https://cellphones.com.vn/iphone-13-mini-256gb.html?product_id=36511"", ""price"": ""19.990.000₫""}}"
iPhone 11 256GB I Chính hãng VN/A,iphone-11-256gb,,,,,"[""https://cdn2.cellphones.com.vn/x/media/catalog/product/5/_/5_158_2.jpg"", ""https://cdn2.cellphones.com.vn/x/media/catalog/product/2/_/2_242_2.jpg"", ""https://cdn2.cellphones.com.vn/x/media/catalog/product/6/_/6_130_2.jpg"", ""https://cdn2.cellphones.com.vn/x/media/catalog/product/i/p/iphone-11_4__5.jpg"", ""https://cdn2.cellphones.com.vn/x/media/catalog/product/i/p/iphone-11_1__5.jpg"", ""https://cdn2.cellphones.com.vn/x/media/catalog/product/i/p/iphone-11_3__5.jpg"", ""https://cdn2.cellphones.com.vn/x/media/catalog/product/i/p/iphone-11_2__5.jpg""]","{""product_color_1"": {""color"": ""Tím"", ""image_url"": ""https://cdn2.cellphones.com.vn/insecure/rs:fill:50:50/q:90/plain/https://cellphones.com.vn/media/catalog/product/i/p/iphone11-purple-select-2019_5.png"", ""image_url_display"": ""https://cellphones.com.vn/media/catalog/product/i/p/iphone11-purple-select-2019_5.png"", ""product_url"": ""https://cellphones.com.vn/iphone-11-256gb.html?product_id=18399"", ""price"": ""14.990.000₫""}, ""product_color_2"": {""color"": ""Đen"", ""image_url"": ""https://cdn2.cellphones.com.vn/insecure/rs:fill:50:50/q:90/plain/https://cellphones.com.vn/media/catalog/product/i/p/iphone11-black-select-2019_5.png"", ""image_url_display"": ""https://cellphones.com.vn/media/catalog/product/i/p/iphone11-black-select-2019_5.png"", ""product_url"": ""https://cellphones.com.vn/iphone-11-256gb.html?product_id=18401"", ""price"": ""14.990.000₫""}, ""product_color_3"": {""color"": ""Đỏ"", ""image_url"": ""https://cdn2.cellphones.com.vn/insecure/rs:fill:50:50/q:90/plain/https://cellphones.com.vn/media/catalog/product/i/p/iphone11-red-select-2019_5.png"", ""image_url_display"": ""https://cellphones.com.vn/media/catalog/product/i/p/iphone11-red-select-2019_5.png"", ""product_url"": ""https://cellphones.com.vn/iphone-11-256gb.html?product_id=18400"", ""price"": ""14.990.000₫""}, ""product_color_4"": {""color"": ""Vàng"", ""image_url"": ""https://cdn2.cellphones.com.vn/insecure/rs:fill:50:50/q:90/plain/https://cellphones.com.vn/media/catalog/product/1/1/11._vangde.jpg"", ""image_url_display"": ""https://cellphones.com.vn/media/catalog/product/1/1/11._vangde.jpg"", ""product_url"": ""https://cellphones.com.vn/iphone-11-256gb.html?product_id=18397"", ""price"": ""14.990.000₫""}, ""product_color_5"": {""color"": ""Xanh lá"", ""image_url"": ""https://cdn2.cellphones.com.vn/insecure/rs:fill:50:50/q:90/plain/https://cellphones.com.vn/media/catalog/product/1/1/11._als_s__2.jpg"", ""image_url_display"": ""https://cellphones.com.vn/media/catalog/product/1/1/11._als_s__2.jpg"", ""product_url"": ""https://cellphones.com.vn/iphone-11-256gb.html?product_id=18396"", ""price"": ""14.990.000₫""}, ""product_color_6"": {""color"": ""Trắng"", ""image_url"": ""https://cdn2.cellphones.com.vn/insecure/rs:fill:50:50/q:90/plain/https://cellphones.com.vn/media/catalog/product/i/p/iphone11-white-select-2019_5.png"", ""image_url_display"": ""https://cellphones.com.vn/media/catalog/product/i/p/iphone11-white-select-2019_5.png"", ""product_url"": ""https://cellphones.com.vn/iphone-11-256gb.html?product_id=18398"", ""price"": ""14.990.000₫""}}"
iPhone 15 512GB | Chính hãng VN/A,iphone-15-512gb,,,,,"[""https://cdn2.cellphones.com.vn/x/media/catalog/product/v/n/vn1b93_1.jpg"", ""https://cdn2.cellphones.com.vn/x/media/catalog/product/v/n/vn_iphone_15_pink_pdp_image_position-5_colors.jpg"", ""https://cdn2.cellphones.com.vn/x/media/catalog/product/v/n/vn_iphone_15_pink_pdp_image_position-6_dynamic_island.jpg"", ""https://cdn2.cellphones.com.vn/x/media/catalog/product/v/n/vn_iphone_15_pink_pdp_image_position-7_features_specs.jpg"", ""https://cdn2.cellphones.com.vn/x/media/catalog/product/v/n/vn_iphone_15_pink_pdp_image_position-9_accessory.jpg"", ""https://cdn2.cellphones.com.vn/x/media/catalog/product/v/n/vn_iphone_15_pink_pdp_image_position-8_usb-c_charge_cable.jpg""]","{""product_color_1"": {""color"": ""Đen"", ""image_url"": ""https://cdn2.cellphones.com.vn/insecure/rs:fill:50:50/q:90/plain/https://cellphones.com.vn/media/catalog/product/i/p/iphone-15-512gb-color_5_.png"", ""image_url_display"": ""https://cellphones.com.vn/media/catalog/product/i/p/iphone-15-512gb-color_5_.png"", ""product_url"": ""https://cellphones.com.vn/iphone-15-512gb.html?product_id=68937"", ""price"": ""23.990.000₫""}, ""product_color_2"": {""color"": ""Vàng"", ""image_url"": ""https://cdn2.cellphones.com.vn/insecure/rs:fill:50:50/q:90/plain/https://cellphones.com.vn/media/catalog/product/i/p/iphone-15-512gb-color_1_.png"", ""image_url_display"": ""https://cellphones.com.vn/media/catalog/product/i/p/iphone-15-512gb-color_1_.png"", ""product_url"": ""https://cellphones.com.vn/iphone-15-512gb.html?product_id=68935"", ""price"": ""23.990.000₫""}, ""product_color_3"": {""color"": ""Xanh dương"", ""image_url"": ""https://cdn2.cellphones.com.vn/insecure/rs:fill:50:50/q:90/plain/https://cellphones.com.vn/media/catalog/product/i/p/iphone-15-512gb-color_4_.png"", ""image_url_display"": ""https://cellphones.com.vn/media/catalog/product/i/p/iphone-15-512gb-color_4_.png"", ""product_url"": ""https://cellphones.com.vn/iphone-15-512gb.html?product_id=68932"", ""price"": ""23.990.000₫""}, ""product_color_4"": {""color"": ""Xanh lá"", ""image_url"": ""https://cdn2.cellphones.com.vn/insecure/rs:fill:50:50/q:90/plain/https://cellphones.com.vn/media/catalog/product/i/p/iphone-15-512gb-color_3_.png"", ""image_url_display"": ""https://cellphones.com.vn/media/catalog/product/i/p/iphone-15-512gb-color_3_.png"", ""product_url"": ""https://cellphones.com.vn/iphone-15-512gb.html?product_id=68933"", ""price"": ""23.990.000₫""}, ""product_color_5"": {""color"": ""Hồng"", ""image_url"": ""https://cdn2.cellphones.com.vn/insecure/rs:fill:50:50/q:90/plain/https://cellphones.com.vn/media/catalog/product/i/p/iphone-15-512gb-color_2_.png"", ""image_url_display"": ""https://cellphones.com.vn/media/catalog/product/i/p/iphone-15-512gb-color_2_.png"", ""product_url"": ""https://cellphones.com.vn/iphone-15-512gb.html?product_id=68934"", ""price"": ""23.990.000₫""}}"
iPhone 14 Pro 512GB | Chính hãng VN/A,iphone-14-pro-512gb,,,,,"[""https://cdn2.cellphones.com.vn/x/media/catalog/product/i/p/iphone-14-pro-1tb-3_2.png"", ""https://cdn2.cellphones.com.vn/x/media/catalog/product/i/p/iphone-14-pro-1tb-6_2.png"", ""https://cdn2.cellphones.com.vn/x/media/catalog/product/i/p/iphone-14-pro-1tb-9_2.png"", ""https://cdn2.cellphones.com.vn/x/media/catalog/product/i/p/iphone-14-pro-1tb-5_2.png"", ""https://cdn2.cellphones.com.vn/x/media/catalog/product/i/p/iphone-14-pro-1tb-8_2.png"", ""https://cdn2.cellphones.com.vn/x/media/catalog/product/i/p/iphone-14-pro-1tb-11_2.png"", ""https://cdn2.cellphones.com.vn/x/media/catalog/product/i/p/iphone-14-pro-1tb-4_2.png"", ""https://cdn2.cellphones.com.vn/x/media/catalog/product/i/p/iphone-14-pro-1tb-7_2.png"", ""https://cdn2.cellphones.com.vn/x/media/catalog/product/t/_/t_m_15.png"", ""https://cdn2.cellphones.com.vn/x/media/catalog/product/b/_/b_c_1_5.png"", ""https://cdn2.cellphones.com.vn/x/media/catalog/product/x/_/x_m_20.png"", ""https://cdn2.cellphones.com.vn/x/media/catalog/product/v/_/v_ng_15.png"", ""https://cdn2.cellphones.com.vn/x/media/catalog/product/2/1/21.2_4.png"", ""https://cdn2.cellphones.com.vn/x/media/catalog/product/2/1/21.3_4.png"", ""https://cdn2.cellphones.com.vn/x/media/catalog/product/2/1/21.4_4.png"", ""https://cdn2.cellphones.com.vn/x/media/catalog/product/2/1/21.1_4.png"", ""https://cdn2.cellphones.com.vn/x/media/catalog/product/2/1/21.5_4.png"", ""https://cdn2.cellphones.com.vn/x/media/catalog/product/2/1/21.6_4.png"", ""https://cdn2.cellphones.com.vn/x/media/catalog/product/2/1/21.7_3.png"", ""https://cdn2.cellphones.com.vn/x/media/catalog/product/2/1/21.8_3.png"", ""https://cdn2.cellphones.com.vn/x/media/catalog/product/2/1/21.9_3.png"", ""https://cdn2.cellphones.com.vn/x/media/catalog/product/2/1/21.10_3.png"", ""https://cdn2.cellphones.com.vn/x/media/catalog/product/2/5/25_2_3.png""]","{""product_color_1"": {""color"": ""Bạc"", ""image_url"": ""https://cdn2.cellphones.com.vn/insecure/rs:fill:50:50/q:90/plain/https://cellphones.com.vn/media/catalog/product/b/_/b_c_1_6.png"", ""image_url_display"": ""https://cellphones.com.vn/media/catalog/product/b/_/b_c_1_6.png"", ""product_url"": ""https://cellphones.com.vn/iphone-14-pro-512gb.html?product_id=52342"", ""price"": ""26.990.000₫""}, ""product_color_2"": {""color"": ""Tím"", ""image_url"": ""https://cdn2.cellphones.com.vn/insecure/rs:fill:50:50/q:90/plain/https://cellphones.com.vn/media/catalog/product/t/_/t_m_16.png"", ""image_url_display"": ""https://cellphones.com.vn/media/catalog/product/t/_/t_m_16.png"", ""product_url"": ""https://cellphones.com.vn/iphone-14-pro-512gb.html?product_id=52340"", ""price"": ""26.990.000₫""}, ""product_color_3"": {""color"": ""Đen"", ""image_url"": ""https://cdn2.cellphones.com.vn/insecure/rs:fill:50:50/q:90/plain/https://cellphones.com.vn/media/catalog/product/x/_/x_m_21.png"", ""image_url_display"": ""https://cellphones.com.vn/media/catalog/product/x/_/x_m_21.png"", ""product_url"": ""https://cellphones.com.vn/iphone-14-pro-512gb.html?product_id=52343"", ""price"": ""26.990.000₫""}, ""product_color_4"": {""color"": ""Vàng"", ""image_url"": ""https://cdn2.cellphones.com.vn/insecure/rs:fill:50:50/q:90/plain/https://cellphones.com.vn/media/catalog/product/v/_/v_ng_16.png"", ""image_url_display"": ""https://cellphones.com.vn/media/catalog/product/v/_/v_ng_16.png"", ""product_url"": ""https://cellphones.com.vn/iphone-14-pro-512gb.html?product_id=52341"", ""price"": ""26.990.000₫""}}"
iPhone 15 Plus 512GB | Chính hãng VN/A,iphone-15-plus-512gb,,,,,"[""https://cdn2.cellphones.com.vn/x/media/catalog/product/i/p/iphone-15-plus-series-image-02_2.png"", ""https://cdn2.cellphones.com.vn/x/media/catalog/product/i/p/iphone-15-plus-series-image-03_2.png"", ""https://cdn2.cellphones.com.vn/x/media/catalog/product/i/p/iphone-15-plus-series-image-04_2.png"", ""https://cdn2.cellphones.com.vn/x/media/catalog/product/i/p/iphone-15-plus-series-image-05_2.png"", ""https://cdn2.cellphones.com.vn/x/media/catalog/product/i/p/iphone-15-plus-series-image-07_2.png"", ""https://cdn2.cellphones.com.vn/x/media/catalog/product/i/p/iphone-15_6__4.png""]","{""product_color_1"": {""color"": ""Hồng"", ""image_url"": ""https://cdn2.cellphones.com.vn/insecure/rs:fill:50:50/q:90/plain/https://cellphones.com.vn/media/catalog/product/i/p/iphone-15-plus-update-04_1_1.png"", ""image_url_display"": ""https://cellphones.com.vn/media/catalog/product/i/p/iphone-15-plus-update-04_1_1.png"", ""product_url"": ""https://cellphones.com.vn/iphone-15-plus-512gb.html?product_id=68921"", ""price"": ""26.490.000₫""}, ""product_color_2"": {""color"": ""Đen"", ""image_url"": ""https://cdn2.cellphones.com.vn/insecure/rs:fill:50:50/q:90/plain/https://cellphones.com.vn/media/catalog/product/i/p/iphone-15-plus-update-01_8.png"", ""image_url_display"": ""https://cellphones.com.vn/media/catalog/product/i/p/iphone-15-plus-update-01_8.png"", ""product_url"": ""https://cellphones.com.vn/iphone-15-plus-512gb.html?product_id=68920"", ""price"": ""26.490.000₫""}, ""product_color_3"": {""color"": ""Xanh dương"", ""image_url"": ""https://cdn2.cellphones.com.vn/insecure/rs:fill:50:50/q:90/plain/https://cellphones.com.vn/media/catalog/product/i/p/iphone-15-plus-update-02_8.png"", ""image_url_display"": ""https://cellphones.com.vn/media/catalog/product/i/p/iphone-15-plus-update-02_8.png"", ""product_url"": ""https://cellphones.com.vn/iphone-15-plus-512gb.html?product_id=68923"", ""price"": ""26.490.000₫""}, ""product_color_4"": {""color"": ""Xanh lá"", ""image_url"": ""https://cdn2.cellphones.com.vn/insecure/rs:fill:50:50/q:90/plain/https://cellphones.com.vn/media/catalog/product/i/p/iphone-15-plus-update-03_8.png"", ""image_url_display"": ""https://cellphones.com.vn/media/catalog/product/i/p/iphone-15-plus-update-03_8.png"", ""product_url"": ""https://cellphones.com.vn/iphone-15-plus-512gb.html?product_id=68924"", ""price"": ""26.490.000₫""}, ""product_color_5"": {""color"": ""Vàng"", ""image_url"": ""https://cdn2.cellphones.com.vn/insecure/rs:fill:50:50/q:90/plain/https://cellphones.com.vn/media/catalog/product/i/p/iphone-15-plus-update-05_8.png"", ""image_url_display"": ""https://cellphones.com.vn/media/catalog/product/i/p/iphone-15-plus-update-05_8.png"", ""product_url"": ""https://cellphones.com.vn/iphone-15-plus-512gb.html?product_id=68922"", ""price"": ""26.490.000₫""}}"
iPhone 15 Pro 512GB | Chính hãng VN/A,iphone-15-pro-512gb,,,,,"[""https://cdn2.cellphones.com.vn/x/media/catalog/product/i/p/iphone-15-pro-512gb_6_.jpg"", ""https://cdn2.cellphones.com.vn/x/media/catalog/product/i/p/iphone-15-pro-512gb_7_.jpg"", ""https://cdn2.cellphones.com.vn/x/media/catalog/product/i/p/iphone-15-pro-512gb_8_.jpg"", ""https://cdn2.cellphones.com.vn/x/media/catalog/product/i/p/iphone-15-pro-512gb_1_.jpg"", ""https://cdn2.cellphones.com.vn/x/media/catalog/product/i/p/iphone-15-pro-512gb_1_.png"", ""https://cdn2.cellphones.com.vn/x/media/catalog/product/i/p/iphone-15-pro-512gb_2_.jpg""]","{""product_color_1"": {""color"": ""Titan Tự Nhiên"", ""image_url"": ""https://cdn2.cellphones.com.vn/insecure/rs:fill:50:50/q:90/plain/https://cellphones.com.vn/media/catalog/product/i/p/iphone15-pro-512gb-titan-nau.jpg"", ""image_url_display"": ""https://cellphones.com.vn/media/catalog/product/i/p/iphone15-pro-512gb-titan-nau.jpg"", ""product_url"": ""https://cellphones.com.vn/iphone-15-pro-512gb.html?product_id=68896"", ""price"": ""28.990.000₫""}, ""product_color_2"": {""color"": ""Titan Xanh"", ""image_url"": ""https://cdn2.cellphones.com.vn/insecure/rs:fill:50:50/q:90/plain/https://cellphones.com.vn/media/catalog/product/i/p/iphone15-pro-512gb-titan-xanh.jpg"", ""image_url_display"": ""https://cellphones.com.vn/media/catalog/product/i/p/iphone15-pro-512gb-titan-xanh.jpg"", ""product_url"": ""https://cellphones.com.vn/iphone-15-pro-512gb.html?product_id=68899"", ""price"": ""28.990.000₫""}, ""product_color_3"": {""color"": ""Titan Trắng"", ""image_url"": ""https://cdn2.cellphones.com.vn/insecure/rs:fill:50:50/q:90/plain/https://cellphones.com.vn/media/catalog/product/i/p/iphone15-pro-512gb-titan-trang.jpg"", ""image_url_display"": ""https://cellphones.com.vn/media/catalog/product/i/p/iphone15-pro-512gb-titan-trang.jpg"", ""product_url"": ""https://cellphones.com.vn/iphone-15-pro-512gb.html?product_id=68897"", ""price"": ""28.990.000₫""}, ""product_color_4"": {""color"": ""Titan Đen"", ""image_url"": ""https://cdn2.cellphones.com.vn/insecure/rs:fill:50:50/q:90/plain/https://cellphones.com.vn/media/catalog/product/i/p/iphone15-pro-512gb-titan-den.jpg"", ""image_url_display"": ""https://cellphones.com.vn/media/catalog/product/i/p/iphone15-pro-512gb-titan-den.jpg"", ""product_url"": ""https://cellphones.com.vn/iphone-15-pro-512gb.html?product_id=68895"", ""price"": ""28.990.000₫""}}"
iPhone 11 Pro 512GB I Chính hãng VN/A,iphone-11-pro-512gb,,,,,"[""https://cdn2.cellphones.com.vn/x/media/catalog/product/l/a/layer_22_2.jpg"", ""https://cdn2.cellphones.com.vn/x/media/catalog/product/_/0/_0002_iphone_11_pro_max_midnight_green_hero_alt_vertical_cropped_us-en_screen_5.jpg"", ""https://cdn2.cellphones.com.vn/x/media/catalog/product/_/0/_0001_iphone_11_pro_max_silver_hero_alt_vertical_cropped_us-en_screen_5.jpg"", ""https://cdn2.cellphones.com.vn/x/media/catalog/product/_/0/_0000_iphone_11_pro_max_space_gray_hero_alt_vertical_cropped_us-en_screen_5.jpg"", ""https://cdn2.cellphones.com.vn/x/media/catalog/product/_/0/_0003_iphone_11_pro_max_gold_hero_alt_vertical_cropped_us-en_screen_5.jpg"", ""https://cdn2.cellphones.com.vn/x/media/catalog/product/i/p/iphone-11-pro-max_4__9.jpg"", ""https://cdn2.cellphones.com.vn/x/media/catalog/product/i/p/iphone-11-pro-max_3__9.jpg"", ""https://cdn2.cellphones.com.vn/x/media/catalog/product/i/p/iphone-11-pro-max_1__9.jpg"", ""https://cdn2.cellphones.com.vn/x/media/catalog/product/i/p/iphone-11-pro-max_2__9.jpg"", ""https://cdn2.cellphones.com.vn/x/media/catalog/product/i/p/iphone_11_pro_white_1.png""]","{""product_color_1"": {""color"": ""Xanh lá"", ""image_url"": ""https://cdn2.cellphones.com.vn/insecure/rs:fill:50:50/q:90/plain/https://cellphones.com.vn/media/catalog/product/i/p/iphone-11-pro-midnight-green-select-2019_5.png"", ""image_url_display"": ""https://cellphones.com.vn/media/catalog/product/i/p/iphone-11-pro-midnight-green-select-2019_5.png"", ""product_url"": ""https://cellphones.com.vn/iphone-11-pro-512gb.html?product_id=18387"", ""price"": ""30.000.000₫""}, ""product_color_2"": {""color"": ""Xám"", ""image_url"": ""https://cdn2.cellphones.com.vn/insecure/rs:fill:50:50/q:90/plain/https://cellphones.com.vn/media/catalog/product/i/p/iphone-11-pro-space-select-2019_5.png"", ""image_url_display"": ""https://cellphones.com.vn/media/catalog/product/i/p/iphone-11-pro-space-select-2019_5.png"", ""product_url"": ""https://cellphones.com.vn/iphone-11-pro-512gb.html?product_id=18386"", ""price"": ""30.000.000₫""}, ""product_color_3"": {""color"": ""Gold"", ""image_url"": ""https://cdn2.cellphones.com.vn/insecure/rs:fill:50:50/q:90/plain/https://cellphones.com.vn/media/catalog/product/i/p/iphone-11-pro-gold-select-2019_5.png"", ""image_url_display"": ""https://cellphones.com.vn/media/catalog/product/i/p/iphone-11-pro-gold-select-2019_5.png"", ""product_url"": ""https://cellphones.com.vn/iphone-11-pro-512gb.html?product_id=18385"", ""price"": ""30.000.000₫""}, ""product_color_4"": {""color"": ""Bạc"", ""image_url"": ""https://cdn2.cellphones.com.vn/insecure/rs:fill:50:50/q:90/plain/https://cellphones.com.vn/media/catalog/product/i/p/iphone-11-pro-silver-select-2019_5.png"", ""image_url_display"": ""https://cellphones.com.vn/media/catalog/product/i/p/iphone-11-pro-silver-select-2019_5.png"", ""product_url"": ""https://cellphones.com.vn/iphone-11-pro-512gb.html?product_id=18384"", ""price"": ""30.000.000₫""}}"
iPhone 13 512GB | Chính hãng VN/A,iphone-13-512gb,,,,,"[""https://cdn2.cellphones.com.vn/x/media/catalog/product/i/p/iphone_13_128gb_-_5_1__2.png"", ""https://cdn2.cellphones.com.vn/x/media/catalog/product/i/p/iphone_13_128gb_-_3_1__2.png"", ""https://cdn2.cellphones.com.vn/x/media/catalog/product/i/p/iphone_13_128gb_-_8_1__2.png"", ""https://cdn2.cellphones.com.vn/x/media/catalog/product/i/p/iphone_13_128gb_-_6_1__2.png"", ""https://cdn2.cellphones.com.vn/x/media/catalog/product/i/p/iphone_13_128gb_-_7_1__2.png"", ""https://cdn2.cellphones.com.vn/x/media/catalog/product/i/p/iphone-13-02_4.jpg"", ""https://cdn2.cellphones.com.vn/x/media/catalog/product/1/1/11_3_12_2_1_7.jpg"", ""https://cdn2.cellphones.com.vn/x/media/catalog/product/1/4/14_1_9_2_11.jpg"", ""https://cdn2.cellphones.com.vn/x/media/catalog/product/1/5/15_2_7_2_7.jpg"", ""https://cdn2.cellphones.com.vn/x/media/catalog/product/1/2/12_3_8_2_10.jpg"", ""https://cdn2.cellphones.com.vn/x/media/catalog/product/1/3/13_4_7_2_9.jpg"", ""https://cdn2.cellphones.com.vn/x/media/catalog/product/i/p/iphone-13-0-0_2.jpg""]","{""product_color_1"": {""color"": ""Xanh dương"", ""image_url"": ""https://cdn2.cellphones.com.vn/insecure/rs:fill:50:50/q:90/plain/https://cellphones.com.vn/media/catalog/product/d/_/d_ng_5.jpg"", ""image_url_display"": ""https://cellphones.com.vn/media/catalog/product/d/_/d_ng_5.jpg"", ""product_url"": ""https://cellphones.com.vn/iphone-13-512gb.html?product_id=47362"", ""price"": ""23.990.000₫""}, ""product_color_2"": {""color"": ""Hồng"", ""image_url"": ""https://cdn2.cellphones.com.vn/insecure/rs:fill:50:50/q:90/plain/https://cellphones.com.vn/media/catalog/product/h/_/h_ng_6.jpg"", ""image_url_display"": ""https://cellphones.com.vn/media/catalog/product/h/_/h_ng_6.jpg"", ""product_url"": ""https://cellphones.com.vn/iphone-13-512gb.html?product_id=36487"", ""price"": ""25.590.000₫""}, ""product_color_3"": {""color"": ""Trắng"", ""image_url"": ""https://cdn2.cellphones.com.vn/insecure/rs:fill:50:50/q:90/plain/https://cellphones.com.vn/media/catalog/product/t/r/tr_ng_7.jpg"", ""image_url_display"": ""https://cellphones.com.vn/media/catalog/product/t/r/tr_ng_7.jpg"", ""product_url"": ""https://cellphones.com.vn/iphone-13-512gb.html?product_id=36538"", ""price"": ""24.590.000₫""}, ""product_color_4"": {""color"": ""Xanh lá"", ""image_url"": ""https://cdn2.cellphones.com.vn/insecure/rs:fill:50:50/q:90/plain/https://cellphones.com.vn/media/catalog/product/x/n/xnnah_kas_5.png"", ""image_url_display"": ""https://cellphones.com.vn/media/catalog/product/x/n/xnnah_kas_5.png"", ""product_url"": ""https://cellphones.com.vn/iphone-13-512gb.html?product_id=36541"", ""price"": ""33.990.000₫""}, ""product_color_5"": {""color"": ""Đen"", ""image_url"": ""https://cdn2.cellphones.com.vn/insecure/rs:fill:50:50/q:90/plain/https://cellphones.com.vn/media/catalog/product/_/e/_en_2_7.jpg"", ""image_url_display"": ""https://cellphones.com.vn/media/catalog/product/_/e/_en_2_7.jpg"", ""product_url"": ""https://cellphones.com.vn/iphone-13-512gb.html?product_id=36536"", ""price"": ""23.990.000₫""}, ""product_color_6"": {""color"": ""Đỏ"", ""image_url"": ""https://cdn2.cellphones.com.vn/insecure/rs:fill:50:50/q:90/plain/https://cellphones.com.vn/media/catalog/product/f/i/file_3_12.jpg"", ""image_url_display"": ""https://cellphones.com.vn/media/catalog/product/f/i/file_3_12.jpg"", ""product_url"": ""https://cellphones.com.vn/iphone-13-512gb.html?product_id=36537"", ""price"": ""24.590.000₫""}}"
Apple iPhone 8 64GB Chính hãng,apple-iphone-8-64-gb-chinh-hang-vn,,,,,"[""https://cdn2.cellphones.com.vn/x/media/catalog/product/i/m/img_9689.jpg"", ""https://cdn2.cellphones.com.vn/x/media/catalog/product/8/-/8-gold_1_11.jpg"", ""https://cdn2.cellphones.com.vn/x/media/catalog/product/8/-/8-gray_2_5.jpg"", ""https://cdn2.cellphones.com.vn/x/media/catalog/product/8/-/8-silver_1_12.jpg"", ""https://cdn2.cellphones.com.vn/x/media/catalog/product/8/-/8-gold-back_2_6.png"", ""https://cdn2.cellphones.com.vn/x/media/catalog/product/8/-/8-gray-back_1_7.png"", ""https://cdn2.cellphones.com.vn/x/media/catalog/product/8/-/8-silver-back_1_7.png"", ""https://cdn2.cellphones.com.vn/x/media/catalog/product/8/-/8-1.jpg"", ""https://cdn2.cellphones.com.vn/x/media/catalog/product/8/-/8-2.jpg"", ""https://cdn2.cellphones.com.vn/x/media/catalog/product/8/-/8-3.jpg"", ""https://cdn2.cellphones.com.vn/x/media/catalog/product/8/-/8-0.jpg"", ""https://cdn2.cellphones.com.vn/x/media/catalog/product/i/p/iphone_8_64gb.jpg"", ""https://cdn2.cellphones.com.vn/x/media/catalog/product/i/p/iphone_8_64gb-00.jpg""]","{""product_color_1"": {""color"": ""Xám"", ""image_url"": ""https://cdn2.cellphones.com.vn/insecure/rs:fill:50:50/q:90/plain/https://cellphones.com.vn/media/catalog/product/8/-/8-gray_2_5_1.jpg"", ""image_url_display"": ""https://cellphones.com.vn/media/catalog/product/8/-/8-gray_2_5_1.jpg"", ""product_url"": ""https://cellphones.com.vn/apple-iphone-8-64-gb-chinh-hang-vn.html?product_id=10212"", ""price"": ""14.500.000₫""}, ""product_color_2"": {""color"": ""Đỏ"", ""image_url"": ""https://cdn2.cellphones.com.vn/insecure/rs:fill:50:50/q:90/plain/https://cellphones.com.vn/media/catalog/product/6/3/636614727176851624_iphone--8-plus-red-1.png"", ""image_url_display"": ""https://cellphones.com.vn/media/catalog/product/6/3/636614727176851624_iphone--8-plus-red-1.png"", ""product_url"": ""https://cellphones.com.vn/apple-iphone-8-64-gb-chinh-hang-vn.html?product_id=17470"", ""price"": ""14.500.000₫""}, ""product_color_3"": {""color"": ""Bạc"", ""image_url"": ""https://cdn2.cellphones.com.vn/insecure/rs:fill:50:50/q:90/plain/https://cellphones.com.vn/media/catalog/product/8/-/8-silver_1_12_1.jpg"", ""image_url_display"": ""https://cellphones.com.vn/media/catalog/product/8/-/8-silver_1_12_1.jpg"", ""product_url"": ""https://cellphones.com.vn/apple-iphone-8-64-gb-chinh-hang-vn.html?product_id=10213"", ""price"": ""14.500.000₫""}, ""product_color_4"": {""color"": ""Gold"", ""image_url"": ""https://cdn2.cellphones.com.vn/insecure/rs:fill:50:50/q:90/plain/https://cellphones.com.vn/media/catalog/product/8/-/8-gold_1_11_1.jpg"", ""image_url_display"": ""https://cellphones.com.vn/media/catalog/product/8/-/8-gold_1_11_1.jpg"", ""product_url"": ""https://cellphones.com.vn/apple-iphone-8-64-gb-chinh-hang-vn.html?product_id=10211"", ""price"": ""14.500.000₫""}}"
iPhone 13 mini 512GB I Chính hãng VN/A,iphone-13-mini-512gb,,,,,"[""https://cdn2.cellphones.com.vn/x/media/catalog/product/1/3/13_4_7_2_6.jpg"", ""https://cdn2.cellphones.com.vn/x/media/catalog/product/1/1/11_3_12_2_1_4.jpg"", ""https://cdn2.cellphones.com.vn/x/media/catalog/product/i/p/iphone-13-0-0_5.jpg""]","{""product_color_1"": {""color"": ""Xanh lá"", ""image_url"": ""https://cdn2.cellphones.com.vn/insecure/rs:fill:50:50/q:90/plain/https://cellphones.com.vn/media/catalog/product/x/n/xnnah_kas_2.png"", ""image_url_display"": ""https://cellphones.com.vn/media/catalog/product/x/n/xnnah_kas_2.png"", ""product_url"": ""https://cellphones.com.vn/iphone-13-mini-512gb.html?product_id=44712"", ""price"": ""21.990.000₫""}, ""product_color_2"": {""color"": ""Hồng"", ""image_url"": ""https://cdn2.cellphones.com.vn/insecure/rs:fill:50:50/q:90/plain/https://cellphones.com.vn/media/catalog/product/h/_/h_ng_3.jpg"", ""image_url_display"": ""https://cellphones.com.vn/media/catalog/product/h/_/h_ng_3.jpg"", ""product_url"": ""https://cellphones.com.vn/iphone-13-mini-512gb.html?product_id=36516"", ""price"": ""30.990.000₫""}, ""product_color_3"": {""color"": ""Xanh dương"", ""image_url"": ""https://cdn2.cellphones.com.vn/insecure/rs:fill:50:50/q:90/plain/https://cellphones.com.vn/media/catalog/product/d/_/d_ng_2.jpg"", ""image_url_display"": ""https://cellphones.com.vn/media/catalog/product/d/_/d_ng_2.jpg"", ""product_url"": ""https://cellphones.com.vn/iphone-13-mini-512gb.html?product_id=36518"", ""price"": ""21.990.000₫""}, ""product_color_4"": {""color"": ""Đỏ"", ""image_url"": ""https://cdn2.cellphones.com.vn/insecure/rs:fill:50:50/q:90/plain/https://cellphones.com.vn/media/catalog/product/f/i/file_3_9.jpg"", ""image_url_display"": ""https://cellphones.com.vn/media/catalog/product/f/i/file_3_9.jpg"", ""product_url"": ""https://cellphones.com.vn/iphone-13-mini-512gb.html?product_id=36497"", ""price"": ""30.990.000₫""}, ""product_color_5"": {""color"": ""Trắng"", ""image_url"": ""https://cdn2.cellphones.com.vn/insecure/rs:fill:50:50/q:90/plain/https://cellphones.com.vn/media/catalog/product/t/r/tr_ng_4.jpg"", ""image_url_display"": ""https://cellphones.com.vn/media/catalog/product/t/r/tr_ng_4.jpg"", ""product_url"": ""https://cellphones.com.vn/iphone-13-mini-512gb.html?product_id=36517"", ""price"": ""21.990.000₫""}, ""product_color_6"": {""color"": ""Đen"", ""image_url"": ""https://cdn2.cellphones.com.vn/insecure/rs:fill:50:50/q:90/plain/https://cellphones.com.vn/media/catalog/product/_/e/_en_2_4.jpg"", ""image_url_display"": ""https://cellphones.com.vn/media/catalog/product/_/e/_en_2_4.jpg"", ""product_url"": ""https://cellphones.com.vn/iphone-13-mini-512gb.html?product_id=36515"", ""price"": ""21.990.000₫""}}"
iPhone 15 Pro 1TB | Chính hãng VN/A,iphone-15-pro-1tb,,,,,"[""https://cdn2.cellphones.com.vn/x/media/catalog/product/i/p/iphone-15-pro-1tb_6_.jpg"", ""https://cdn2.cellphones.com.vn/x/media/catalog/product/i/p/iphone-15-pro-1tb_7_.jpg"", ""https://cdn2.cellphones.com.vn/x/media/catalog/product/i/p/iphone-15-pro-1tb_8_.jpg"", ""https://cdn2.cellphones.com.vn/x/media/catalog/product/i/p/iphone-15-pro-1tb_2_.jpg"", ""https://cdn2.cellphones.com.vn/x/media/catalog/product/i/p/iphone-15-pro-1tb_1_.png"", ""https://cdn2.cellphones.com.vn/x/media/catalog/product/i/p/iphone-15-pro-1tb_1_.jpg""]","{""product_color_1"": {""color"": ""Titan Trắng"", ""image_url"": ""https://cdn2.cellphones.com.vn/insecure/rs:fill:50:50/q:90/plain/https://cellphones.com.vn/media/catalog/product/i/p/iphone15-pro-1tb-titan-trang.jpg"", ""image_url_display"": ""https://cellphones.com.vn/media/catalog/product/i/p/iphone15-pro-1tb-titan-trang.jpg"", ""product_url"": ""https://cellphones.com.vn/iphone-15-pro-1tb.html?product_id=68906"", ""price"": ""35.990.000₫""}, ""product_color_2"": {""color"": ""Titan Đen"", ""image_url"": ""https://cdn2.cellphones.com.vn/insecure/rs:fill:50:50/q:90/plain/https://cellphones.com.vn/media/catalog/product/i/p/iphone15-pro-1tb-titan-den.jpg"", ""image_url_display"": ""https://cellphones.com.vn/media/catalog/product/i/p/iphone15-pro-1tb-titan-den.jpg"", ""product_url"": ""https://cellphones.com.vn/iphone-15-pro-1tb.html?product_id=68902"", ""price"": ""35.990.000₫""}, ""product_color_3"": {""color"": ""Titan Xanh"", ""image_url"": ""https://cdn2.cellphones.com.vn/insecure/rs:fill:50:50/q:90/plain/https://cellphones.com.vn/media/catalog/product/i/p/iphone15-pro-1tb-titan-xanh.jpg"", ""image_url_display"": ""https://cellphones.com.vn/media/catalog/product/i/p/iphone15-pro-1tb-titan-xanh.jpg"", ""product_url"": ""https://cellphones.com.vn/iphone-15-pro-1tb.html?product_id=68908"", ""price"": ""35.990.000₫""}, ""product_color_4"": {""color"": ""Titan Tự Nhiên"", ""image_url"": ""https://cdn2.cellphones.com.vn/insecure/rs:fill:50:50/q:90/plain/https://cellphones.com.vn/media/catalog/product/i/p/iphone15-pro-1tb-titan-nau.jpg"", ""image_url_display"": ""https://cellphones.com.vn/media/catalog/product/i/p/iphone15-pro-1tb-titan-nau.jpg"", ""product_url"": ""https://cellphones.com.vn/iphone-15-pro-1tb.html?product_id=68903"", ""price"": ""35.990.000₫""}}"
iPhone SE 2020 128GB I Chính hãng VN/A,iphone-se-2020-128gb,,,,,"[""https://cdn2.cellphones.com.vn/x/media/catalog/product/_/0/_0002_vn_iphonese_col_pdp_image_black_4_fa.jpg"", ""https://cdn2.cellphones.com.vn/x/media/catalog/product/_/0/_0001_vn_iphonese_col_pdp_image_red_4_fa.jpg"", ""https://cdn2.cellphones.com.vn/x/media/catalog/product/_/0/_0000_vn_iphonese_col_pdp_image_white_4_fa.jpg"", ""https://cdn2.cellphones.com.vn/x/media/catalog/product/i/p/iphone-se-2020_1__7.jpg"", ""https://cdn2.cellphones.com.vn/x/media/catalog/product/i/p/iphone-se-2020_4_.jpg"", ""https://cdn2.cellphones.com.vn/x/media/catalog/product/i/p/iphone-se-2020_3__7.jpg"", ""https://cdn2.cellphones.com.vn/x/media/catalog/product/i/p/iphone-se-2020_2__7.jpg""]","{""product_color_1"": {""color"": ""Đỏ"", ""image_url"": ""https://cdn2.cellphones.com.vn/insecure/rs:fill:50:50/q:90/plain/https://cellphones.com.vn/media/catalog/product/s/e/se_ro_1.png"", ""image_url_display"": ""https://cellphones.com.vn/media/catalog/product/s/e/se_ro_1.png"", ""product_url"": ""https://cellphones.com.vn/iphone-se-2020-128gb.html?product_id=23503"", ""price"": ""9.990.000₫""}, ""product_color_2"": {""color"": ""Đen"", ""image_url"": ""https://cdn2.cellphones.com.vn/insecure/rs:fill:50:50/q:90/plain/https://cellphones.com.vn/media/catalog/product/s/e/se_en_1.png"", ""image_url_display"": ""https://cellphones.com.vn/media/catalog/product/s/e/se_en_1.png"", ""product_url"": ""https://cellphones.com.vn/iphone-se-2020-128gb.html?product_id=23505"", ""price"": ""9.990.000₫""}, ""product_color_3"": {""color"": ""Trắng"", ""image_url"": ""https://cdn2.cellphones.com.vn/insecure/rs:fill:50:50/q:90/plain/https://cellphones.com.vn/media/catalog/product/s/e/se_tr_ng_1.png"", ""image_url_display"": ""https://cellphones.com.vn/media/catalog/product/s/e/se_tr_ng_1.png"", ""product_url"": ""https://cellphones.com.vn/iphone-se-2020-128gb.html?product_id=23504"", ""price"": ""9.990.000₫""}}"
iPhone XR 64GB I Chính hãng VN/A,apple-iphone-xr-64-gb-chinh-hang-vn,,,,,"[""https://cdn2.cellphones.com.vn/x/media/catalog/product/a/p/apple-iphone-xr-64-gb-chinh-hang-vn_5_.jpg"", ""https://cdn2.cellphones.com.vn/x/media/catalog/product/a/p/apple-iphone-xr-64-gb-chinh-hang-vn_2_.jpg"", ""https://cdn2.cellphones.com.vn/x/media/catalog/product/_/0/_0005_iphonexr-yellow-360_us-en-screen.jpg"", ""https://cdn2.cellphones.com.vn/x/media/catalog/product/_/0/_0003_iphonexr-blue-360_us-en-screen.jpg"", ""https://cdn2.cellphones.com.vn/x/media/catalog/product/_/0/_0002_iphonexr-coral-360_us-en-screen.jpg"", ""https://cdn2.cellphones.com.vn/x/media/catalog/product/_/0/_0000_iphonexr-white-360_us-en-screen.jpg"", ""https://cdn2.cellphones.com.vn/x/media/catalog/product/_/0/_0001_iphonexr-productred-360_us-en-screen.jpg"", ""https://cdn2.cellphones.com.vn/x/media/catalog/product/_/0/_0004_iphonexr-black-360_us-en-screen.jpg"", ""https://cdn2.cellphones.com.vn/x/media/catalog/product/a/p/apple-iphone-xr-64-gb-chinh-hang_1.jpg"", ""https://cdn2.cellphones.com.vn/x/media/catalog/product/d/s/dscf2222_3.jpg"", ""https://cdn2.cellphones.com.vn/x/media/catalog/product/d/s/dscf2172_3.jpg"", ""https://cdn2.cellphones.com.vn/x/media/catalog/product/i/m/img_7262_3.jpg"", ""https://cdn2.cellphones.com.vn/x/media/catalog/product/i/p/iphone_xr_red.png"", ""https://cdn2.cellphones.com.vn/x/media/catalog/product/i/p/iphone-xr-den-3-org.jpg"", ""https://cdn2.cellphones.com.vn/x/media/catalog/product/i/p/iphone-xr-do-2-org.jpg"", ""https://cdn2.cellphones.com.vn/x/media/catalog/product/i/p/iphone-xr-do-3-org.jpg"", ""https://cdn2.cellphones.com.vn/x/media/catalog/product/i/p/iphone-xr-mau-trang-11-org.jpg"", ""https://cdn2.cellphones.com.vn/x/media/catalog/product/i/p/iphone-xr-mau-trang-12-org.jpg"", ""https://cdn2.cellphones.com.vn/x/media/catalog/product/i/p/iphone-xr-den-2-org.jpg""]","{""product_color_1"": {""color"": ""Đỏ"", ""image_url"": ""https://cdn2.cellphones.com.vn/insecure/rs:fill:50:50/q:90/plain/https://cellphones.com.vn/media/catalog/product/i/p/iphone-xr_5__1.jpg"", ""image_url_display"": ""https://cellphones.com.vn/media/catalog/product/i/p/iphone-xr_5__1.jpg"", ""product_url"": ""https://cellphones.com.vn/apple-iphone-xr-64-gb-chinh-hang-vn.html?product_id=12440"", ""price"": ""8.990.000₫""}, ""product_color_2"": {""color"": ""Đen"", ""image_url"": ""https://cdn2.cellphones.com.vn/insecure/rs:fill:50:50/q:90/plain/https://cellphones.com.vn/media/catalog/product/i/p/iphone-xr_6__1.jpg"", ""image_url_display"": ""https://cellphones.com.vn/media/catalog/product/i/p/iphone-xr_6__1.jpg"", ""product_url"": ""https://cellphones.com.vn/apple-iphone-xr-64-gb-chinh-hang-vn.html?product_id=12437"", ""price"": ""8.990.000₫""}, ""product_color_3"": {""color"": ""Vàng"", ""image_url"": ""https://cdn2.cellphones.com.vn/insecure/rs:fill:50:50/q:90/plain/https://cellphones.com.vn/media/catalog/product/i/p/iphone-xr_1__1.jpg"", ""image_url_display"": ""https://cellphones.com.vn/media/catalog/product/i/p/iphone-xr_1__1.jpg"", ""product_url"": ""https://cellphones.com.vn/apple-iphone-xr-64-gb-chinh-hang-vn.html?product_id=12439"", ""price"": ""8.990.000₫""}, ""product_color_4"": {""color"": ""Cam"", ""image_url"": ""https://cdn2.cellphones.com.vn/insecure/rs:fill:50:50/q:90/plain/https://cellphones.com.vn/media/catalog/product/i/p/iphone-xr_2__1.jpg"", ""image_url_display"": ""https://cellphones.com.vn/media/catalog/product/i/p/iphone-xr_2__1.jpg"", ""product_url"": ""https://cellphones.com.vn/apple-iphone-xr-64-gb-chinh-hang-vn.html?product_id=12441"", ""price"": ""8.990.000₫""}, ""product_color_5"": {""color"": ""Trắng"", ""image_url"": ""https://cdn2.cellphones.com.vn/insecure/rs:fill:50:50/q:90/plain/https://cellphones.com.vn/media/catalog/product/i/p/iphone-xr_4__1.jpg"", ""image_url_display"": ""https://cellphones.com.vn/media/catalog/product/i/p/iphone-xr_4__1.jpg"", ""product_url"": ""https://cellphones.com.vn/apple-iphone-xr-64-gb-chinh-hang-vn.html?product_id=12442"", ""price"": ""8.990.000₫""}}"
iPhone 13 Pro 1TB | Chính hãng VN/A,iphone-13-pro-1tb,,,,,"[""https://cdn2.cellphones.com.vn/x/media/catalog/product/i/p/iphone_13-_pro-1_1_1_1.jpg"", ""https://cdn2.cellphones.com.vn/x/media/catalog/product/i/p/iphone_13-_pro-3_1_1_1.jpg"", ""https://cdn2.cellphones.com.vn/x/media/catalog/product/i/p/iphone-13-pro-128gb-didongviet_2_1_1.jpg"", ""https://cdn2.cellphones.com.vn/x/media/catalog/product/1/8/1819-1024_2__2_1_1.jpg"", ""https://cdn2.cellphones.com.vn/x/media/catalog/product/1/8/1819-1024_3__2_1_1.jpg"", ""https://cdn2.cellphones.com.vn/x/media/catalog/product/1/8/1819-1024_1__2_1_1.jpg"", ""https://cdn2.cellphones.com.vn/x/media/catalog/product/1/8/1819-1024_2_1_1.jpg"", ""https://cdn2.cellphones.com.vn/x/media/catalog/product/5/7/576-1024_2_1_1.jpg"", ""https://cdn2.cellphones.com.vn/x/media/catalog/product/1/8/1820-1024_2_1_1.jpg"", ""https://cdn2.cellphones.com.vn/x/media/catalog/product/1/8/1819-1024_4__2_1_1.jpg"", ""https://cdn2.cellphones.com.vn/x/media/catalog/product/1/8/1820-1024_1__1_1_1_1.jpg"", ""https://cdn2.cellphones.com.vn/x/media/catalog/product/1/8/1820-1024_4__1_1_1_1.jpg"", ""https://cdn2.cellphones.com.vn/x/media/catalog/product/1/_/1_66_9.jpg""]","{""product_color_1"": {""color"": ""Xanh lá"", ""image_url"": ""https://cdn2.cellphones.com.vn/insecure/rs:fill:50:50/q:90/plain/https://cellphones.com.vn/media/catalog/product/i/p/iphone_13_pro_max_alpine_green_pure_back_iphone_13_pro_max_alpine_green_pure_front_2-up_screen__usen_2.png"", ""image_url_display"": ""https://cellphones.com.vn/media/catalog/product/i/p/iphone_13_pro_max_alpine_green_pure_back_iphone_13_pro_max_alpine_green_pure_front_2-up_screen__usen_2.png"", ""product_url"": ""https://cellphones.com.vn/iphone-13-pro-1tb.html?product_id=44666"", ""price"": ""27.590.000₫""}, ""product_color_2"": {""color"": ""Vàng"", ""image_url"": ""https://cdn2.cellphones.com.vn/insecure/rs:fill:50:50/q:90/plain/https://cellphones.com.vn/media/catalog/product/i/p/iphone_13-_pro-2_1_10.jpg"", ""image_url_display"": ""https://cellphones.com.vn/media/catalog/product/i/p/iphone_13-_pro-2_1_10.jpg"", ""product_url"": ""https://cellphones.com.vn/iphone-13-pro-1tb.html?product_id=36553"", ""price"": ""27.590.000₫""}, ""product_color_3"": {""color"": ""Xanh dương"", ""image_url"": ""https://cdn2.cellphones.com.vn/insecure/rs:fill:50:50/q:90/plain/https://cellphones.com.vn/media/catalog/product/i/p/iphone_13-_pro-5_3.jpg"", ""image_url_display"": ""https://cellphones.com.vn/media/catalog/product/i/p/iphone_13-_pro-5_3.jpg"", ""product_url"": ""https://cellphones.com.vn/iphone-13-pro-1tb.html?product_id=36496"", ""price"": ""27.590.000₫""}, ""product_color_4"": {""color"": ""Xám"", ""image_url"": ""https://cdn2.cellphones.com.vn/insecure/rs:fill:50:50/q:90/plain/https://cellphones.com.vn/media/catalog/product/i/p/iphone_13-_pro-4_10.jpg"", ""image_url_display"": ""https://cellphones.com.vn/media/catalog/product/i/p/iphone_13-_pro-4_10.jpg"", ""product_url"": ""https://cellphones.com.vn/iphone-13-pro-1tb.html?product_id=36554"", ""price"": ""27.590.000₫""}, ""product_color_5"": {""color"": ""Bạc"", ""image_url"": ""https://cdn2.cellphones.com.vn/insecure/rs:fill:50:50/q:90/plain/https://cellphones.com.vn/media/catalog/product/i/p/iphone_13-_pro-3_10.jpg"", ""image_url_display"": ""https://cellphones.com.vn/media/catalog/product/i/p/iphone_13-_pro-3_10.jpg"", ""product_url"": ""https://cellphones.com.vn/iphone-13-pro-1tb.html?product_id=36552"", ""price"": ""27.590.000₫""}}"
iPhone 11 Pro 256GB I Chính hãng VN/A,iphone-11-pro-256gb,,,,,"[""https://cdn2.cellphones.com.vn/x/media/catalog/product/l/a/layer_23_1.jpg"", ""https://cdn2.cellphones.com.vn/x/media/catalog/product/_/0/_0002_iphone_11_pro_max_midnight_green_hero_alt_vertical_cropped_us-en_screen_4.jpg"", ""https://cdn2.cellphones.com.vn/x/media/catalog/product/_/0/_0001_iphone_11_pro_max_silver_hero_alt_vertical_cropped_us-en_screen_4.jpg"", ""https://cdn2.cellphones.com.vn/x/media/catalog/product/_/0/_0000_iphone_11_pro_max_space_gray_hero_alt_vertical_cropped_us-en_screen_4.jpg"", ""https://cdn2.cellphones.com.vn/x/media/catalog/product/_/0/_0003_iphone_11_pro_max_gold_hero_alt_vertical_cropped_us-en_screen_4.jpg"", ""https://cdn2.cellphones.com.vn/x/media/catalog/product/i/p/iphone-11-pro-max_4__8.jpg"", ""https://cdn2.cellphones.com.vn/x/media/catalog/product/i/p/iphone-11-pro-max_3__8.jpg"", ""https://cdn2.cellphones.com.vn/x/media/catalog/product/i/p/iphone-11-pro-max_1__8.jpg"", ""https://cdn2.cellphones.com.vn/x/media/catalog/product/i/p/iphone-11-pro-max_2__8.jpg"", ""https://cdn2.cellphones.com.vn/x/media/catalog/product/i/p/iphone_11_pro_white.png""]","{""product_color_1"": {""color"": ""Bạc"", ""image_url"": ""https://cdn2.cellphones.com.vn/insecure/rs:fill:50:50/q:90/plain/https://cellphones.com.vn/media/catalog/product/i/p/iphone-11-pro_3__3.jpg"", ""image_url_display"": ""https://cellphones.com.vn/media/catalog/product/i/p/iphone-11-pro_3__3.jpg"", ""product_url"": ""https://cellphones.com.vn/iphone-11-pro-256gb.html?product_id=18379"", ""price"": ""28.000.000₫""}, ""product_color_2"": {""color"": ""Xanh lá"", ""image_url"": ""https://cdn2.cellphones.com.vn/insecure/rs:fill:50:50/q:90/plain/https://cellphones.com.vn/media/catalog/product/i/p/iphone-11-pro_2__3.jpg"", ""image_url_display"": ""https://cellphones.com.vn/media/catalog/product/i/p/iphone-11-pro_2__3.jpg"", ""product_url"": ""https://cellphones.com.vn/iphone-11-pro-256gb.html?product_id=18382"", ""price"": ""28.000.000₫""}, ""product_color_3"": {""color"": ""Xám"", ""image_url"": ""https://cdn2.cellphones.com.vn/insecure/rs:fill:50:50/q:90/plain/https://cellphones.com.vn/media/catalog/product/i/p/iphone-11-pro_1__3.jpg"", ""image_url_display"": ""https://cellphones.com.vn/media/catalog/product/i/p/iphone-11-pro_1__3.jpg"", ""product_url"": ""https://cellphones.com.vn/iphone-11-pro-256gb.html?product_id=18381"", ""price"": ""28.000.000₫""}, ""product_color_4"": {""color"": ""Gold"", ""image_url"": ""https://cdn2.cellphones.com.vn/insecure/rs:fill:50:50/q:90/plain/https://cellphones.com.vn/media/catalog/product/i/p/iphone-11-pro_4__3.jpg"", ""image_url_display"": ""https://cellphones.com.vn/media/catalog/product/i/p/iphone-11-pro_4__3.jpg"", ""product_url"": ""https://cellphones.com.vn/iphone-11-pro-256gb.html?product_id=18380"", ""price"": ""28.000.000₫""}}"
iPhone 7 Plus 128GB I Chính hãng VN/A,iphone-7-plus-128-gb-cty-vn,,,,,"[""https://cdn2.cellphones.com.vn/x/media/catalog/product/i/p/iphone-7-plus_1_.jpg"", ""https://cdn2.cellphones.com.vn/x/media/catalog/product/i/p/iphone-7-plus_3_.jpg"", ""https://cdn2.cellphones.com.vn/x/media/catalog/product/i/p/iphone-7-plus-009_1.jpg""]","{""product_color_1"": {""color"": ""Bạc"", ""image_url"": ""https://cdn2.cellphones.com.vn/insecure/rs:fill:50:50/q:90/plain/https://cellphones.com.vn/media/catalog/product/i/p/iphone-7-plus_6_.jpg"", ""image_url_display"": ""https://cellphones.com.vn/media/catalog/product/i/p/iphone-7-plus_6_.jpg"", ""product_url"": ""https://cellphones.com.vn/iphone-7-plus-128-gb-cty-vn.html?product_id=10295"", ""price"": ""9.480.000₫""}, ""product_color_2"": {""color"": ""Hồng"", ""image_url"": ""https://cdn2.cellphones.com.vn/insecure/rs:fill:50:50/q:90/plain/https://cellphones.com.vn/media/catalog/product/i/p/iphone-7-plus_5__1.jpg"", ""image_url_display"": ""https://cellphones.com.vn/media/catalog/product/i/p/iphone-7-plus_5__1.jpg"", ""product_url"": ""https://cellphones.com.vn/iphone-7-plus-128-gb-cty-vn.html?product_id=10293"", ""price"": ""9.480.000₫""}, ""product_color_3"": {""color"": ""Đen bóng"", ""image_url"": ""https://cdn2.cellphones.com.vn/insecure/rs:fill:50:50/q:90/plain/https://cellphones.com.vn/media/catalog/product/i/p/iphone-7-plus_4__1.jpg"", ""image_url_display"": ""https://cellphones.com.vn/media/catalog/product/i/p/iphone-7-plus_4__1.jpg"", ""product_url"": ""https://cellphones.com.vn/iphone-7-plus-128-gb-cty-vn.html?product_id=10292"", ""price"": ""9.990.000₫""}, ""product_color_4"": {""color"": ""Gold"", ""image_url"": ""https://cdn2.cellphones.com.vn/insecure/rs:fill:50:50/q:90/plain/https://cellphones.com.vn/media/catalog/product/i/p/iphone-7-plus_2__1.jpg"", ""image_url_display"": ""https://cellphones.com.vn/media/catalog/product/i/p/iphone-7-plus_2__1.jpg"", ""product_url"": ""https://cellphones.com.vn/iphone-7-plus-128-gb-cty-vn.html?product_id=10291"", ""price"": ""9.990.000₫""}, ""product_color_5"": {""color"": ""Đen"", ""image_url"": ""https://cdn2.cellphones.com.vn/insecure/rs:fill:50:50/q:90/plain/https://cellphones.com.vn/media/catalog/product/i/p/iphone-7-plus_3__1.jpg"", ""image_url_display"": ""https://cellphones.com.vn/media/catalog/product/i/p/iphone-7-plus_3__1.jpg"", ""product_url"": ""https://cellphones.com.vn/iphone-7-plus-128-gb-cty-vn.html?product_id=10290"", ""price"": ""10.990.000₫""}}"
iPhone 14 512GB | Chính hãng VN/A,iphone-14-512gb,,,,,"[""https://cdn2.cellphones.com.vn/x/media/catalog/product/i/p/iphone_14_128gb_-_4_2.png"", ""https://cdn2.cellphones.com.vn/x/media/catalog/product/i/p/iphone-14-128gb-3_2.png"", ""https://cdn2.cellphones.com.vn/x/media/catalog/product/i/p/iphone-14-128gb-7_2.png"", ""https://cdn2.cellphones.com.vn/x/media/catalog/product/i/p/iphone-14-128gb-6_2.png"", ""https://cdn2.cellphones.com.vn/x/media/catalog/product/p/h/photo_2022-09-28_21-58-51_3.jpg"", ""https://cdn2.cellphones.com.vn/x/media/catalog/product/p/h/photo_2022-09-28_21-58-56_4.jpg"", ""https://cdn2.cellphones.com.vn/x/media/catalog/product/p/h/photo_2022-09-28_21-58-54_4.jpg"", ""https://cdn2.cellphones.com.vn/x/media/catalog/product/p/h/photo_2022-09-28_21-58-57_5.jpg"", ""https://cdn2.cellphones.com.vn/x/media/catalog/product/i/p/iphone-14-storage-select-202209-6-1inch-y889_3_1.jpg"", ""https://cdn2.cellphones.com.vn/x/media/catalog/product/1/4/14trang-600x600_2.png"", ""https://cdn2.cellphones.com.vn/x/media/catalog/product/p/h/photo_2022-09-28_21-58-48_4.jpg""]","{""product_color_1"": {""color"": ""Vàng"", ""image_url"": ""https://cdn2.cellphones.com.vn/insecure/rs:fill:50:50/q:90/plain/https://cellphones.com.vn/media/catalog/product/i/p/iphone-14-storage-select-202209-6-1inch-y889_3.jpg"", ""image_url_display"": ""https://cellphones.com.vn/media/catalog/product/i/p/iphone-14-storage-select-202209-6-1inch-y889_3.jpg"", ""product_url"": ""https://cellphones.com.vn/iphone-14-512gb.html?product_id=60948"", ""price"": ""22.990.000₫""}, ""product_color_2"": {""color"": ""Đỏ"", ""image_url"": ""https://cdn2.cellphones.com.vn/insecure/rs:fill:50:50/q:90/plain/https://cellphones.com.vn/media/catalog/product/p/h/photo_2022-09-28_21-58-54_1_1.jpg"", ""image_url_display"": ""https://cellphones.com.vn/media/catalog/product/p/h/photo_2022-09-28_21-58-54_1_1.jpg"", ""product_url"": ""https://cellphones.com.vn/iphone-14-512gb.html?product_id=52372"", ""price"": ""22.990.000₫""}, ""product_color_3"": {""color"": ""Tím"", ""image_url"": ""https://cdn2.cellphones.com.vn/insecure/rs:fill:50:50/q:90/plain/https://cellphones.com.vn/media/catalog/product/p/h/photo_2022-09-28_21-58-56_1_1.jpg"", ""image_url_display"": ""https://cellphones.com.vn/media/catalog/product/p/h/photo_2022-09-28_21-58-56_1_1.jpg"", ""product_url"": ""https://cellphones.com.vn/iphone-14-512gb.html?product_id=52373"", ""price"": ""22.990.000₫""}, ""product_color_4"": {""color"": ""Trắng"", ""image_url"": ""https://cdn2.cellphones.com.vn/insecure/rs:fill:50:50/q:90/plain/https://cellphones.com.vn/media/catalog/product/p/h/photo_2022-09-28_21-58-48_1_1.jpg"", ""image_url_display"": ""https://cellphones.com.vn/media/catalog/product/p/h/photo_2022-09-28_21-58-48_1_1.jpg"", ""product_url"": ""https://cellphones.com.vn/iphone-14-512gb.html?product_id=52374"", ""price"": ""22.990.000₫""}, ""product_color_5"": {""color"": ""Đen"", ""image_url"": ""https://cdn2.cellphones.com.vn/insecure/rs:fill:50:50/q:90/plain/https://cellphones.com.vn/media/catalog/product/p/h/photo_2022-09-28_21-58-57_1_1.jpg"", ""image_url_display"": ""https://cellphones.com.vn/media/catalog/product/p/h/photo_2022-09-28_21-58-57_1_1.jpg"", ""product_url"": ""https://cellphones.com.vn/iphone-14-512gb.html?product_id=52370"", ""price"": ""22.990.000₫""}, ""product_color_6"": {""color"": ""Xanh"", ""image_url"": ""https://cdn2.cellphones.com.vn/insecure/rs:fill:50:50/q:90/plain/https://cellphones.com.vn/media/catalog/product/p/h/photo_2022-09-28_21-58-51_1_2.jpg"", ""image_url_display"": ""https://cellphones.com.vn/media/catalog/product/p/h/photo_2022-09-28_21-58-51_1_2.jpg"", ""product_url"": ""https://cellphones.com.vn/iphone-14-512gb.html?product_id=52355"", ""price"": ""22.990.000₫""}}"
iPhone XR 128GB I Chính hãng VN/A,apple-iphone-xr-128-gb-chinh-hang-vn,,,,,"[""https://cdn2.cellphones.com.vn/x/media/catalog/product/a/p/apple-iphone-xr-64-gb-chinh-hang-vn_1__1.jpg"", ""https://cdn2.cellphones.com.vn/x/media/catalog/product/a/p/apple-iphone-xr-64-gb-chinh-hang-vn_3__1.jpg"", ""https://cdn2.cellphones.com.vn/x/media/catalog/product/a/p/apple-iphone-xr-64-gb-chinh-hang-vn_4__1.jpg"", ""https://cdn2.cellphones.com.vn/x/media/catalog/product/a/p/apple-iphone-xr-64-gb-chinh-hang-vn_5__1.jpg"", ""https://cdn2.cellphones.com.vn/x/media/catalog/product/a/p/apple-iphone-xr-64-gb-chinh-hang-vn_2__1.jpg"", ""https://cdn2.cellphones.com.vn/x/media/catalog/product/a/p/apple-iphone-xr-64-gb-chinh-hang.jpg"", ""https://cdn2.cellphones.com.vn/x/media/catalog/product/i/p/iphone_xr_red_1.png""]","{""product_color_1"": {""color"": ""Cam"", ""image_url"": ""https://cdn2.cellphones.com.vn/insecure/rs:fill:50:50/q:90/plain/https://cellphones.com.vn/media/catalog/product/i/p/iphone-xr_2__1_1.jpg"", ""image_url_display"": ""https://cellphones.com.vn/media/catalog/product/i/p/iphone-xr_2__1_1.jpg"", ""product_url"": ""https://cellphones.com.vn/apple-iphone-xr-128-gb-chinh-hang-vn.html?product_id=12447"", ""price"": ""16.990.000₫""}, ""product_color_2"": {""color"": ""Xanh dương"", ""image_url"": ""https://cdn2.cellphones.com.vn/insecure/rs:fill:50:50/q:90/plain/https://cellphones.com.vn/media/catalog/product/i/p/iphone-xr_3__1_1.jpg"", ""image_url_display"": ""https://cellphones.com.vn/media/catalog/product/i/p/iphone-xr_3__1_1.jpg"", ""product_url"": ""https://cellphones.com.vn/apple-iphone-xr-128-gb-chinh-hang-vn.html?product_id=12445"", ""price"": ""16.990.000₫""}, ""product_color_3"": {""color"": ""Đen"", ""image_url"": ""https://cdn2.cellphones.com.vn/insecure/rs:fill:50:50/q:90/plain/https://cellphones.com.vn/media/catalog/product/i/p/iphone-xr_6__1_1.jpg"", ""image_url_display"": ""https://cellphones.com.vn/media/catalog/product/i/p/iphone-xr_6__1_1.jpg"", ""product_url"": ""https://cellphones.com.vn/apple-iphone-xr-128-gb-chinh-hang-vn.html?product_id=12444"", ""price"": ""16.990.000₫""}, ""product_color_4"": {""color"": ""Trắng"", ""image_url"": ""https://cdn2.cellphones.com.vn/insecure/rs:fill:50:50/q:90/plain/https://cellphones.com.vn/media/catalog/product/i/p/iphone-xr_4__1_1.jpg"", ""image_url_display"": ""https://cellphones.com.vn/media/catalog/product/i/p/iphone-xr_4__1_1.jpg"", ""product_url"": ""https://cellphones.com.vn/apple-iphone-xr-128-gb-chinh-hang-vn.html?product_id=12449"", ""price"": ""16.990.000₫""}, ""product_color_5"": {""color"": ""Vàng"", ""image_url"": ""https://cdn2.cellphones.com.vn/insecure/rs:fill:50:50/q:90/plain/https://cellphones.com.vn/media/catalog/product/i/p/iphone-xr_1__1_1.jpg"", ""image_url_display"": ""https://cellphones.com.vn/media/catalog/product/i/p/iphone-xr_1__1_1.jpg"", ""product_url"": ""https://cellphones.com.vn/apple-iphone-xr-128-gb-chinh-hang-vn.html?product_id=12446"", ""price"": ""11.990.000₫""}, ""product_color_6"": {""color"": ""Đỏ"", ""image_url"": ""https://cdn2.cellphones.com.vn/insecure/rs:fill:50:50/q:90/plain/https://cellphones.com.vn/media/catalog/product/i/p/iphone-xr_5__1_1.jpg"", ""image_url_display"": ""https://cellphones.com.vn/media/catalog/product/i/p/iphone-xr_5__1_1.jpg"", ""product_url"": ""https://cellphones.com.vn/apple-iphone-xr-128-gb-chinh-hang-vn.html?product_id=12448"", ""price"": ""16.990.000₫""}}"
iPhone 14 Plus 512GB | Chính hãng VN/A,iphone-14-plus-512gb,,,,,"[""https://cdn2.cellphones.com.vn/x/media/catalog/product/i/p/iphone-14-plus-7_2.png"", ""https://cdn2.cellphones.com.vn/x/media/catalog/product/i/p/iphone-14-plus-3_2.png"", ""https://cdn2.cellphones.com.vn/x/media/catalog/product/i/p/iphone-14-plus-4_2.png"", ""https://cdn2.cellphones.com.vn/x/media/catalog/product/i/p/iphone-14-plus--6_2.png"", ""https://cdn2.cellphones.com.vn/x/media/catalog/product/p/h/photo_2022-09-28_21-58-57_9.jpg"", ""https://cdn2.cellphones.com.vn/x/media/catalog/product/p/h/photo_2022-09-28_21-58-48_9.jpg"", ""https://cdn2.cellphones.com.vn/x/media/catalog/product/p/h/photo_2022-09-28_21-58-51_8.jpg"", ""https://cdn2.cellphones.com.vn/x/media/catalog/product/p/h/photo_2022-09-28_21-58-56_9.jpg"", ""https://cdn2.cellphones.com.vn/x/media/catalog/product/p/h/photo_2022-09-28_21-58-54_8.jpg""]","{""product_color_1"": {""color"": ""Vàng"", ""image_url"": ""https://cdn2.cellphones.com.vn/insecure/rs:fill:50:50/q:90/plain/https://cellphones.com.vn/media/catalog/product/i/p/iphone-14-storage-select-202209-6-1inch-y889_6.jpg"", ""image_url_display"": ""https://cellphones.com.vn/media/catalog/product/i/p/iphone-14-storage-select-202209-6-1inch-y889_6.jpg"", ""product_url"": ""https://cellphones.com.vn/iphone-14-plus-512gb.html?product_id=60951"", ""price"": ""25.590.000₫""}, ""product_color_2"": {""color"": ""Xanh"", ""image_url"": ""https://cdn2.cellphones.com.vn/insecure/rs:fill:50:50/q:90/plain/https://cellphones.com.vn/media/catalog/product/p/h/photo_2022-09-28_21-58-51_9.jpg"", ""image_url_display"": ""https://cellphones.com.vn/media/catalog/product/p/h/photo_2022-09-28_21-58-51_9.jpg"", ""product_url"": ""https://cellphones.com.vn/iphone-14-plus-512gb.html?product_id=52409"", ""price"": ""25.590.000₫""}, ""product_color_3"": {""color"": ""Trắng"", ""image_url"": ""https://cdn2.cellphones.com.vn/insecure/rs:fill:50:50/q:90/plain/https://cellphones.com.vn/media/catalog/product/p/h/photo_2022-09-28_21-58-48_10.jpg"", ""image_url_display"": ""https://cellphones.com.vn/media/catalog/product/p/h/photo_2022-09-28_21-58-48_10.jpg"", ""product_url"": ""https://cellphones.com.vn/iphone-14-plus-512gb.html?product_id=52408"", ""price"": ""25.590.000₫""}, ""product_color_4"": {""color"": ""Tím"", ""image_url"": ""https://cdn2.cellphones.com.vn/insecure/rs:fill:50:50/q:90/plain/https://cellphones.com.vn/media/catalog/product/p/h/photo_2022-09-28_21-58-56_10.jpg"", ""image_url_display"": ""https://cellphones.com.vn/media/catalog/product/p/h/photo_2022-09-28_21-58-56_10.jpg"", ""product_url"": ""https://cellphones.com.vn/iphone-14-plus-512gb.html?product_id=52407"", ""price"": ""25.590.000₫""}, ""product_color_5"": {""color"": ""Đỏ"", ""image_url"": ""https://cdn2.cellphones.com.vn/insecure/rs:fill:50:50/q:90/plain/https://cellphones.com.vn/media/catalog/product/p/h/photo_2022-09-28_21-58-54_1_3.jpg"", ""image_url_display"": ""https://cellphones.com.vn/media/catalog/product/p/h/photo_2022-09-28_21-58-54_1_3.jpg"", ""product_url"": ""https://cellphones.com.vn/iphone-14-plus-512gb.html?product_id=52405"", ""price"": ""25.590.000₫""}, ""product_color_6"": {""color"": ""Đen"", ""image_url"": ""https://cdn2.cellphones.com.vn/insecure/rs:fill:50:50/q:90/plain/https://cellphones.com.vn/media/catalog/product/p/h/photo_2022-09-28_21-58-57_1_3.jpg"", ""image_url_display"": ""https://cellphones.com.vn/media/catalog/product/p/h/photo_2022-09-28_21-58-57_1_3.jpg"", ""product_url"": ""https://cellphones.com.vn/iphone-14-plus-512gb.html?product_id=52365"", ""price"": ""25.590.000₫""}}"
Apple iPhone 8 256GB Chính hãng,apple-iphone-8-256-gb-chinh-hang-vn,,,,,"[""https://cdn2.cellphones.com.vn/x/media/catalog/product/i/m/img_9689_9.jpg"", ""https://cdn2.cellphones.com.vn/x/media/catalog/product/8/-/8-gold_1_12.jpg"", ""https://cdn2.cellphones.com.vn/x/media/catalog/product/8/-/8-plus-gray_12.jpg"", ""https://cdn2.cellphones.com.vn/x/media/catalog/product/8/-/8-silver_1_13.jpg"", ""https://cdn2.cellphones.com.vn/x/media/catalog/product/8/-/8-gold-back_2_7.png"", ""https://cdn2.cellphones.com.vn/x/media/catalog/product/8/-/8-gray-back_1_8.png"", ""https://cdn2.cellphones.com.vn/x/media/catalog/product/8/-/8-silver-back_1_8.png"", ""https://cdn2.cellphones.com.vn/x/media/catalog/product/8/-/8-1_1.jpg"", ""https://cdn2.cellphones.com.vn/x/media/catalog/product/8/-/8-2_1.jpg"", ""https://cdn2.cellphones.com.vn/x/media/catalog/product/8/-/8-3_1.jpg"", ""https://cdn2.cellphones.com.vn/x/media/catalog/product/8/-/8-0_1.jpg"", ""https://cdn2.cellphones.com.vn/x/media/catalog/product/i/p/iphone_8_256gb.jpg""]","{""product_color_1"": {""color"": ""Bạc"", ""image_url"": ""https://cdn2.cellphones.com.vn/insecure/rs:fill:50:50/q:90/plain/https://cellphones.com.vn/media/catalog/product/8/-/8-silver_1_12_5.jpg"", ""image_url_display"": ""https://cellphones.com.vn/media/catalog/product/8/-/8-silver_1_12_5.jpg"", ""product_url"": ""https://cellphones.com.vn/apple-iphone-8-256-gb-chinh-hang-vn.html?product_id=10217"", ""price"": ""16.000.000₫""}, ""product_color_2"": {""color"": ""Đỏ"", ""image_url"": ""https://cdn2.cellphones.com.vn/insecure/rs:fill:50:50/q:90/plain/https://cellphones.com.vn/media/catalog/product/6/3/636614727176851624_iphone--8-plus-red-1_1.png"", ""image_url_display"": ""https://cellphones.com.vn/media/catalog/product/6/3/636614727176851624_iphone--8-plus-red-1_1.png"", ""product_url"": ""https://cellphones.com.vn/apple-iphone-8-256-gb-chinh-hang-vn.html?product_id=17473"", ""price"": ""16.000.000₫""}, ""product_color_3"": {""color"": ""Xám"", ""image_url"": ""https://cdn2.cellphones.com.vn/insecure/rs:fill:50:50/q:90/plain/https://cellphones.com.vn/media/catalog/product/8/-/8-gray_2_5_5.jpg"", ""image_url_display"": ""https://cellphones.com.vn/media/catalog/product/8/-/8-gray_2_5_5.jpg"", ""product_url"": ""https://cellphones.com.vn/apple-iphone-8-256-gb-chinh-hang-vn.html?product_id=10216"", ""price"": ""16.000.000₫""}, ""product_color_4"": {""color"": ""Gold"", ""image_url"": ""https://cdn2.cellphones.com.vn/insecure/rs:fill:50:50/q:90/plain/https://cellphones.com.vn/media/catalog/product/8/-/8-gold_1_11_5.jpg"", ""image_url_display"": ""https://cellphones.com.vn/media/catalog/product/8/-/8-gold_1_11_5.jpg"", ""product_url"": ""https://cellphones.com.vn/apple-iphone-8-256-gb-chinh-hang-vn.html?product_id=10215"", ""price"": ""16.000.000₫""}}"
Apple iPhone 8 Plus 256GB I Chính hãng VN/A,apple-iphone-8-plus-256-gb-chinh-hang-vn,,,,,"[""https://cdn2.cellphones.com.vn/x/media/catalog/product/8/-/8-plus-1_2.jpg"", ""https://cdn2.cellphones.com.vn/x/media/catalog/product/8/-/8-plus-2_2.jpg"", ""https://cdn2.cellphones.com.vn/x/media/catalog/product/8/-/8-plus-3_2.jpg"", ""https://cdn2.cellphones.com.vn/x/media/catalog/product/8/-/8-plus-gold_13_1.jpg"", ""https://cdn2.cellphones.com.vn/x/media/catalog/product/i/p/iphone_8_plus_256gb.jpg"", ""https://cdn2.cellphones.com.vn/x/media/catalog/product/_/0/_0004_iphone8plus-spacegray-34br-34fl-2up-us-en-screen_1.jpg"", ""https://cdn2.cellphones.com.vn/x/media/catalog/product/_/0/_0005_iphone8plus-silver-34br-34fl-2up-us-en-screen_1.jpg"", ""https://cdn2.cellphones.com.vn/x/media/catalog/product/_/0/_0003_iphone8plus-gold-34br-34fl-2up-us-en-screen_1.jpg"", ""https://cdn2.cellphones.com.vn/x/media/catalog/product/_/0/_0000_iphone8plus-silver-360-us-en-screen_1.jpg"", ""https://cdn2.cellphones.com.vn/x/media/catalog/product/_/0/_0001_iphone8plus-gold-360-us-en-screen_1.jpg"", ""https://cdn2.cellphones.com.vn/x/media/catalog/product/_/0/_0002_iphone8plus-spacegray-360-us-en-screen_1.jpg""]","{""product_color_1"": {""color"": ""Bạc"", ""image_url"": ""https://cdn2.cellphones.com.vn/insecure/rs:fill:50:50/q:90/plain/https://cellphones.com.vn/media/catalog/product/8/-/8-plus-silver_1_6.jpg"", ""image_url_display"": ""https://cellphones.com.vn/media/catalog/product/8/-/8-plus-silver_1_6.jpg"", ""product_url"": ""https://cellphones.com.vn/apple-iphone-8-plus-256-gb-chinh-hang-vn.html?product_id=10225"", ""price"": ""19.990.000₫""}, ""product_color_2"": {""color"": ""Xám"", ""image_url"": ""https://cdn2.cellphones.com.vn/insecure/rs:fill:50:50/q:90/plain/https://cellphones.com.vn/media/catalog/product/8/-/8-plus-gray_1_6.jpg"", ""image_url_display"": ""https://cellphones.com.vn/media/catalog/product/8/-/8-plus-gray_1_6.jpg"", ""product_url"": ""https://cellphones.com.vn/apple-iphone-8-plus-256-gb-chinh-hang-vn.html?product_id=10224"", ""price"": ""19.990.000₫""}, ""product_color_3"": {""color"": ""Gold"", ""image_url"": ""https://cdn2.cellphones.com.vn/insecure/rs:fill:50:50/q:90/plain/https://cellphones.com.vn/media/catalog/product/8/-/8-plus-gold_1_6.jpg"", ""image_url_display"": ""https://cellphones.com.vn/media/catalog/product/8/-/8-plus-gold_1_6.jpg"", ""product_url"": ""https://cellphones.com.vn/apple-iphone-8-plus-256-gb-chinh-hang-vn.html?product_id=10223"", ""price"": ""19.990.000₫""}}"
Apple iPhone XS Max 256GB I Chính hãng VN/A,apple-iphone-xs-max-256-gb-chinh-hang-vn,,,,,"[""https://cdn2.cellphones.com.vn/x/media/catalog/product/x/s/xs-back_8_2_1_1_1_1.png"", ""https://cdn2.cellphones.com.vn/x/media/catalog/product/x/s/xs_8_2_1_1_1_1.png"", ""https://cdn2.cellphones.com.vn/x/media/catalog/product/x/s/xs-1_9_5_2_1_1_1_1.png"", ""https://cdn2.cellphones.com.vn/x/media/catalog/product/x/s/xs-max-sliver-sgmall-1-2_1_1.jpg"", ""https://cdn2.cellphones.com.vn/x/media/catalog/product/x/s/xs-max-gold-sgmall-2sim-2_1_1.jpg"", ""https://cdn2.cellphones.com.vn/x/media/catalog/product/x/s/xs-max-sliver-sgmall-2sim-2_1_1.jpg"", ""https://cdn2.cellphones.com.vn/x/media/catalog/product/a/p/apple_iphone_xs_max_64gb_17.jpg"", ""https://cdn2.cellphones.com.vn/x/media/catalog/product/i/p/iphone_xs_max_256gb.jpg"", ""https://cdn2.cellphones.com.vn/x/media/catalog/product/i/p/iphone_xs_max_512gb-001_1.jpg""]","{""product_color_1"": {""color"": ""Xám"", ""image_url"": ""https://cdn2.cellphones.com.vn/insecure/rs:fill:50:50/q:90/plain/https://cellphones.com.vn/media/catalog/product/x/s/xs-max-sliver-sgmall-2sim-2_3.jpg"", ""image_url_display"": ""https://cellphones.com.vn/media/catalog/product/x/s/xs-max-sliver-sgmall-2sim-2_3.jpg"", ""product_url"": ""https://cellphones.com.vn/apple-iphone-xs-max-256-gb-chinh-hang-vn.html?product_id=12399"", ""price"": ""23.990.000₫""}, ""product_color_2"": {""color"": ""Vàng"", ""image_url"": ""https://cdn2.cellphones.com.vn/insecure/rs:fill:50:50/q:90/plain/https://cellphones.com.vn/media/catalog/product/x/s/xs-max-gold-sgmall-2sim-2_2.jpg"", ""image_url_display"": ""https://cellphones.com.vn/media/catalog/product/x/s/xs-max-gold-sgmall-2sim-2_2.jpg"", ""product_url"": ""https://cellphones.com.vn/apple-iphone-xs-max-256-gb-chinh-hang-vn.html?product_id=12400"", ""price"": ""23.990.000₫""}, ""product_color_3"": {""color"": ""Bạc"", ""image_url"": ""https://cdn2.cellphones.com.vn/insecure/rs:fill:50:50/q:90/plain/https://cellphones.com.vn/media/catalog/product/x/s/xs-max-sliver-sgmall-1-2_3.jpg"", ""image_url_display"": ""https://cellphones.com.vn/media/catalog/product/x/s/xs-max-sliver-sgmall-1-2_3.jpg"", ""product_url"": ""https://cellphones.com.vn/apple-iphone-xs-max-256-gb-chinh-hang-vn.html?product_id=12401"", ""price"": ""23.990.000₫""}}"
Apple iPhone 6S 32GB Chính hãng,iphone-6s-32-gb-chinh-hang-vn-a,,,,,"[""https://cdn2.cellphones.com.vn/x/media/catalog/product/i/p/iphone-6s-silver_2_1_1.jpg"", ""https://cdn2.cellphones.com.vn/x/media/catalog/product/i/p/iphone-6s-1_3_1_1.png"", ""https://cdn2.cellphones.com.vn/x/media/catalog/product/i/p/iphone-6s-2_3_1_1.png"", ""https://cdn2.cellphones.com.vn/x/media/catalog/product/i/p/iphone-6s-3_3_1_1.png"", ""https://cdn2.cellphones.com.vn/x/media/catalog/product/i/p/iphone-6s-4_3_1_1.png"", ""https://cdn2.cellphones.com.vn/x/media/catalog/product/6/s/6s_gold_2.jpg""]","{""product_color_1"": {""color"": ""Hồng"", ""image_url"": ""https://cdn2.cellphones.com.vn/insecure/rs:fill:50:50/q:90/plain/https://cellphones.com.vn/media/catalog/product/i/p/iphone-6s-3_3_1_1_1.png"", ""image_url_display"": ""https://cellphones.com.vn/media/catalog/product/i/p/iphone-6s-3_3_1_1_1.png"", ""product_url"": ""https://cellphones.com.vn/iphone-6s-32-gb-chinh-hang-vn-a.html?product_id=14288"", ""price"": ""6.250.000₫""}, ""product_color_2"": {""color"": ""Bạc"", ""image_url"": ""https://cdn2.cellphones.com.vn/insecure/rs:fill:50:50/q:90/plain/https://cellphones.com.vn/media/catalog/product/i/p/iphone-6s-4_3_1_1_1.png"", ""image_url_display"": ""https://cellphones.com.vn/media/catalog/product/i/p/iphone-6s-4_3_1_1_1.png"", ""product_url"": ""https://cellphones.com.vn/iphone-6s-32-gb-chinh-hang-vn-a.html?product_id=14289"", ""price"": ""6.250.000₫""}, ""product_color_3"": {""color"": ""Xám"", ""image_url"": ""https://cdn2.cellphones.com.vn/insecure/rs:fill:50:50/q:90/plain/https://cellphones.com.vn/media/catalog/product/i/p/iphone-6s-2_3_1_1_1.png"", ""image_url_display"": ""https://cellphones.com.vn/media/catalog/product/i/p/iphone-6s-2_3_1_1_1.png"", ""product_url"": ""https://cellphones.com.vn/iphone-6s-32-gb-chinh-hang-vn-a.html?product_id=14286"", ""price"": ""6.250.000₫""}, ""product_color_4"": {""color"": ""Vàng"", ""image_url"": ""https://cdn2.cellphones.com.vn/insecure/rs:fill:50:50/q:90/plain/https://cellphones.com.vn/media/catalog/product/i/p/iphone-6s-1_3_1_1_1.png"", ""image_url_display"": ""https://cellphones.com.vn/media/catalog/product/i/p/iphone-6s-1_3_1_1_1.png"", ""product_url"": ""https://cellphones.com.vn/iphone-6s-32-gb-chinh-hang-vn-a.html?product_id=14287"", ""price"": ""6.250.000₫""}}"
Apple iPhone 8 128GB Chính hãng,iphone-8-128gb-chinh-hang-vn-a,,,,,"[""https://cdn2.cellphones.com.vn/x/media/catalog/product/i/m/img_9689_17.jpg"", ""https://cdn2.cellphones.com.vn/x/media/catalog/product/i/p/iphone8-silver-select-2018.png"", ""https://cdn2.cellphones.com.vn/x/media/catalog/product/i/p/iphone8-gold-select-2018.png"", ""https://cdn2.cellphones.com.vn/x/media/catalog/product/i/p/iphone8-spgray-select-2018.png""]","{""product_color_1"": {""color"": ""Bạc"", ""image_url"": ""https://cdn2.cellphones.com.vn/insecure/rs:fill:50:50/q:90/plain/https://cellphones.com.vn/media/catalog/product/i/p/iphone8-silver-select-2018_1.png"", ""image_url_display"": ""https://cellphones.com.vn/media/catalog/product/i/p/iphone8-silver-select-2018_1.png"", ""product_url"": ""https://cellphones.com.vn/iphone-8-128gb-chinh-hang-vn-a.html?product_id=18420"", ""price"": ""15.000.000₫""}, ""product_color_2"": {""color"": ""Xám"", ""image_url"": ""https://cdn2.cellphones.com.vn/insecure/rs:fill:50:50/q:90/plain/https://cellphones.com.vn/media/catalog/product/i/p/iphone8-spgray-select-2018_1.png"", ""image_url_display"": ""https://cellphones.com.vn/media/catalog/product/i/p/iphone8-spgray-select-2018_1.png"", ""product_url"": ""https://cellphones.com.vn/iphone-8-128gb-chinh-hang-vn-a.html?product_id=18422"", ""price"": ""15.000.000₫""}, ""product_color_3"": {""color"": ""Gold"", ""image_url"": ""https://cdn2.cellphones.com.vn/insecure/rs:fill:50:50/q:90/plain/https://cellphones.com.vn/media/catalog/product/i/p/iphone8-gold-select-2018_1.png"", ""image_url_display"": ""https://cellphones.com.vn/media/catalog/product/i/p/iphone8-gold-select-2018_1.png"", ""product_url"": ""https://cellphones.com.vn/iphone-8-128gb-chinh-hang-vn-a.html?product_id=18421"", ""price"": ""15.000.000₫""}}"
Apple iPhone 5S 16GB,iphone-5s-16-gb,,,,,[],{}
iPhone 15 Pro Max 2TB | Chính hãng VN/A,iphone-15-pro-max-2tb-68865,,,,,"[""https://cdn2.cellphones.com.vn/x/media/catalog/product/i/p/iphone-15-pro-max_6__4_1.jpg"", ""https://cdn2.cellphones.com.vn/x/media/catalog/product/i/p/iphone-15-pro-max_7__4_1.jpg"", ""https://cdn2.cellphones.com.vn/x/media/catalog/product/i/p/iphone-15-pro-max_8__4_1.jpg"", ""https://cdn2.cellphones.com.vn/x/media/catalog/product/i/p/iphone-15-pro-max_9__4_1.jpg"", ""https://cdn2.cellphones.com.vn/x/media/catalog/product/i/p/iphone-15-pro-max_1__4_1.jpg"", ""https://cdn2.cellphones.com.vn/x/media/catalog/product/i/p/iphone-15-pro-max_10__4_1.jpg""]",{}
Apple iPhone XS 64GB Chính hãng,apple-iphone-xs-64-gb-chinh-hang-vn,,,,,"[""https://cdn2.cellphones.com.vn/x/media/catalog/product/x/s/xs-max-gold-sgmall-2sim-2_3.jpg"", ""https://cdn2.cellphones.com.vn/x/media/catalog/product/x/s/xs-max-sliver-sgmall-1-2_4.jpg"", ""https://cdn2.cellphones.com.vn/x/media/catalog/product/x/s/xs-max-sliver-sgmall-2sim-2_4.jpg"", ""https://cdn2.cellphones.com.vn/x/media/catalog/product/a/p/apple_iphone_xs_max_64gb_18.jpg"", ""https://cdn2.cellphones.com.vn/x/media/catalog/product/i/p/iphone_xs_64gb.jpg"", ""https://cdn2.cellphones.com.vn/x/media/catalog/product/i/p/iphone_xs_black.png""]","{""product_color_1"": {""color"": ""Xám"", ""image_url"": ""https://cdn2.cellphones.com.vn/insecure/rs:fill:50:50/q:90/plain/https://cellphones.com.vn/media/catalog/product/x/s/xs-max-sliver-sgmall-2sim-2_5.jpg"", ""image_url_display"": ""https://cellphones.com.vn/media/catalog/product/x/s/xs-max-sliver-sgmall-2sim-2_5.jpg"", ""product_url"": ""https://cellphones.com.vn/apple-iphone-xs-64-gb-chinh-hang-vn.html?product_id=12404"", ""price"": ""16.500.000₫""}, ""product_color_2"": {""color"": ""Vàng"", ""image_url"": ""https://cdn2.cellphones.com.vn/insecure/rs:fill:50:50/q:90/plain/https://cellphones.com.vn/media/catalog/product/x/s/xs-max-gold-sgmall-2sim-2_4.jpg"", ""image_url_display"": ""https://cellphones.com.vn/media/catalog/product/x/s/xs-max-gold-sgmall-2sim-2_4.jpg"", ""product_url"": ""https://cellphones.com.vn/apple-iphone-xs-64-gb-chinh-hang-vn.html?product_id=12405"", ""price"": ""16.500.000₫""}, ""product_color_3"": {""color"": ""Bạc"", ""image_url"": ""https://cdn2.cellphones.com.vn/insecure/rs:fill:50:50/q:90/plain/https://cellphones.com.vn/media/catalog/product/x/s/xs-max-sliver-sgmall-1-2_5.jpg"", ""image_url_display"": ""https://cellphones.com.vn/media/catalog/product/x/s/xs-max-sliver-sgmall-1-2_5.jpg"", ""product_url"": ""https://cellphones.com.vn/apple-iphone-xs-64-gb-chinh-hang-vn.html?product_id=12406"", ""price"": ""16.500.000₫""}}"
Apple iPhone XS 512GB I Chính hãng VN/A,apple-iphone-xs-512-gb-chinh-hang-vn,,,,,"[""https://cdn2.cellphones.com.vn/x/media/catalog/product/x/s/xs-max-gold-sgmall-2sim-2_3_2.jpg"", ""https://cdn2.cellphones.com.vn/x/media/catalog/product/x/s/xs-max-sliver-sgmall-1-2_4_2.jpg"", ""https://cdn2.cellphones.com.vn/x/media/catalog/product/x/s/xs-max-sliver-sgmall-2sim-2_4_2.jpg"", ""https://cdn2.cellphones.com.vn/x/media/catalog/product/a/p/apple_iphone_xs_max_64gb_20.jpg"", ""https://cdn2.cellphones.com.vn/x/media/catalog/product/i/p/iphone_xs_512gb.jpg""]","{""product_color_1"": {""color"": ""Bạc"", ""image_url"": ""https://cdn2.cellphones.com.vn/insecure/rs:fill:50:50/q:90/plain/https://cellphones.com.vn/media/catalog/product/x/s/xs-max-sliver-sgmall-1-2_7.jpg"", ""image_url_display"": ""https://cellphones.com.vn/media/catalog/product/x/s/xs-max-sliver-sgmall-1-2_7.jpg"", ""product_url"": ""https://cellphones.com.vn/apple-iphone-xs-512-gb-chinh-hang-vn.html?product_id=12414"", ""price"": ""24.590.000₫""}, ""product_color_2"": {""color"": ""Xám"", ""image_url"": ""https://cdn2.cellphones.com.vn/insecure/rs:fill:50:50/q:90/plain/https://cellphones.com.vn/media/catalog/product/x/s/xs-max-sliver-sgmall-2sim-2_7.jpg"", ""image_url_display"": ""https://cellphones.com.vn/media/catalog/product/x/s/xs-max-sliver-sgmall-2sim-2_7.jpg"", ""product_url"": ""https://cellphones.com.vn/apple-iphone-xs-512-gb-chinh-hang-vn.html?product_id=12412"", ""price"": ""24.590.000₫""}, ""product_color_3"": {""color"": ""Vàng"", ""image_url"": ""https://cdn2.cellphones.com.vn/insecure/rs:fill:50:50/q:90/plain/https://cellphones.com.vn/media/catalog/product/x/s/xs-max-gold-sgmall-2sim-2_6.jpg"", ""image_url_display"": ""https://cellphones.com.vn/media/catalog/product/x/s/xs-max-gold-sgmall-2sim-2_6.jpg"", ""product_url"": ""https://cellphones.com.vn/apple-iphone-xs-512-gb-chinh-hang-vn.html?product_id=12413"", ""price"": ""24.590.000₫""}}"
Apple iPhone XR 256GB I Chính hãng VN/A,apple-iphone-xr-256-gb-chinh-hang-vn,,,,,"[""https://cdn2.cellphones.com.vn/x/media/catalog/product/i/p/iphone-xr_1__3.jpg"", ""https://cdn2.cellphones.com.vn/x/media/catalog/product/i/p/iphone-xr_4__3.jpg"", ""https://cdn2.cellphones.com.vn/x/media/catalog/product/i/p/iphone-xr_5__3.jpg"", ""https://cdn2.cellphones.com.vn/x/media/catalog/product/i/p/iphone-xr_2__3.jpg"", ""https://cdn2.cellphones.com.vn/x/media/catalog/product/i/p/iphone-xr_6__3.jpg"", ""https://cdn2.cellphones.com.vn/x/media/catalog/product/i/p/iphone-xr_3__3.jpg"", ""https://cdn2.cellphones.com.vn/x/media/catalog/product/i/p/ip-xr-gold.jpg"", ""https://cdn2.cellphones.com.vn/x/media/catalog/product/_/0/_0005_iphonexr-yellow-360_us-en-screen_2.jpg"", ""https://cdn2.cellphones.com.vn/x/media/catalog/product/_/0/_0003_iphonexr-blue-360_us-en-screen_2.jpg"", ""https://cdn2.cellphones.com.vn/x/media/catalog/product/_/0/_0000_iphonexr-white-360_us-en-screen_2.jpg"", ""https://cdn2.cellphones.com.vn/x/media/catalog/product/_/0/_0002_iphonexr-coral-360_us-en-screen_2.jpg"", ""https://cdn2.cellphones.com.vn/x/media/catalog/product/_/0/_0001_iphonexr-productred-360_us-en-screen_2.jpg"", ""https://cdn2.cellphones.com.vn/x/media/catalog/product/_/0/_0004_iphonexr-black-360_us-en-screen_2.jpg"", ""https://cdn2.cellphones.com.vn/x/media/catalog/product/i/p/iphone_xr_red_2.png""]","{""product_color_1"": {""color"": ""Trắng"", ""image_url"": ""https://cdn2.cellphones.com.vn/insecure/rs:fill:50:50/q:90/plain/https://cellphones.com.vn/media/catalog/product/i/p/iphone-xr_4__4.jpg"", ""image_url_display"": ""https://cellphones.com.vn/media/catalog/product/i/p/iphone-xr_4__4.jpg"", ""product_url"": ""https://cellphones.com.vn/apple-iphone-xr-256-gb-chinh-hang-vn.html?product_id=12457"", ""price"": ""20.000.000₫""}, ""product_color_2"": {""color"": ""Đen"", ""image_url"": ""https://cdn2.cellphones.com.vn/insecure/rs:fill:50:50/q:90/plain/https://cellphones.com.vn/media/catalog/product/i/p/iphone-xr_6__4.jpg"", ""image_url_display"": ""https://cellphones.com.vn/media/catalog/product/i/p/iphone-xr_6__4.jpg"", ""product_url"": ""https://cellphones.com.vn/apple-iphone-xr-256-gb-chinh-hang-vn.html?product_id=12452"", ""price"": ""20.000.000₫""}, ""product_color_3"": {""color"": ""Xanh dương"", ""image_url"": ""https://cdn2.cellphones.com.vn/insecure/rs:fill:50:50/q:90/plain/https://cellphones.com.vn/media/catalog/product/i/p/iphone-xr_3__4.jpg"", ""image_url_display"": ""https://cellphones.com.vn/media/catalog/product/i/p/iphone-xr_3__4.jpg"", ""product_url"": ""https://cellphones.com.vn/apple-iphone-xr-256-gb-chinh-hang-vn.html?product_id=12453"", ""price"": ""20.000.000₫""}, ""product_color_4"": {""color"": ""Gold"", ""image_url"": ""https://cdn2.cellphones.com.vn/insecure/rs:fill:50:50/q:90/plain/https://cellphones.com.vn/media/catalog/product/i/p/iphone-xr_1__4.jpg"", ""image_url_display"": ""https://cellphones.com.vn/media/catalog/product/i/p/iphone-xr_1__4.jpg"", ""product_url"": ""https://cellphones.com.vn/apple-iphone-xr-256-gb-chinh-hang-vn.html?product_id=12454"", ""price"": ""20.000.000₫""}, ""product_color_5"": {""color"": ""Đỏ"", ""image_url"": ""https://cdn2.cellphones.com.vn/insecure/rs:fill:50:50/q:90/plain/https://cellphones.com.vn/media/catalog/product/i/p/iphone-xr_5__4.jpg"", ""image_url_display"": ""https://cellphones.com.vn/media/catalog/product/i/p/iphone-xr_5__4.jpg"", ""product_url"": ""https://cellphones.com.vn/apple-iphone-xr-256-gb-chinh-hang-vn.html?product_id=12456"", ""price"": ""20.000.000₫""}, ""product_color_6"": {""color"": ""Cam"", ""image_url"": ""https://cdn2.cellphones.com.vn/insecure/rs:fill:50:50/q:90/plain/https://cellphones.com.vn/media/catalog/product/i/p/iphone-xr_2__4.jpg"", ""image_url_display"": ""https://cellphones.com.vn/media/catalog/product/i/p/iphone-xr_2__4.jpg"", ""product_url"": ""https://cellphones.com.vn/apple-iphone-xr-256-gb-chinh-hang-vn.html?product_id=12455"", ""price"": ""20.000.000₫""}}"
iPhone 7 Plus 32GB I Chính hãng VN/A,iphone-7-plus-32-gb-cty-vn,,,,,"[""https://cdn2.cellphones.com.vn/x/media/catalog/product/i/p/iphone-7-plus-pink_3_3_1_1.jpg"", ""https://cdn2.cellphones.com.vn/x/media/catalog/product/i/p/iphone-7-plus-red_11_1_1.jpg"", ""https://cdn2.cellphones.com.vn/x/media/catalog/product/i/p/iphone-7-plus-silver_3_2_1_1.jpg"", ""https://cdn2.cellphones.com.vn/x/media/catalog/product/i/p/iphone-7-plus-black-back_1_1_1_1.png"", ""https://cdn2.cellphones.com.vn/x/media/catalog/product/i/p/iphone-7-plus-gold-back_2_1_1_1.png"", ""https://cdn2.cellphones.com.vn/x/media/catalog/product/i/p/iphone-7-plus-jetblack-back_1_1_1_1.png"", ""https://cdn2.cellphones.com.vn/x/media/catalog/product/i/p/iphone-7-plus-pink-back_4_1_1.png"", ""https://cdn2.cellphones.com.vn/x/media/catalog/product/i/p/iphone-7-plus-red-back_8_1_1.png"", ""https://cdn2.cellphones.com.vn/x/media/catalog/product/i/p/iphone-7-plus-silver-back_1_1_1_1.png"", ""https://cdn2.cellphones.com.vn/x/media/catalog/product/i/p/iphone-7-plus-1_2_10_1_1.png"", ""https://cdn2.cellphones.com.vn/x/media/catalog/product/i/p/iphone-7-plus-2_1_11_1_1.png"", ""https://cdn2.cellphones.com.vn/x/media/catalog/product/i/p/iphone-7-plus-3_21_1_1.png"", ""https://cdn2.cellphones.com.vn/x/media/catalog/product/i/p/iphone-7-plus-4_1_11_1_1.png"", ""https://cdn2.cellphones.com.vn/x/media/catalog/product/i/p/iphone-7-plus-5_22_1_1.png"", ""https://cdn2.cellphones.com.vn/x/media/catalog/product/i/p/iphone-7-plus-6_1_10_1_1.png"", ""https://cdn2.cellphones.com.vn/x/media/catalog/product/6/0/600_iphone_7_plus_silver_800x800_1_1.jpg"", ""https://cdn2.cellphones.com.vn/x/media/catalog/product/i/p/iphone-7-plus.jpg"", ""https://cdn2.cellphones.com.vn/x/media/catalog/product/i/p/iphone-7-plus-009.jpg""]","{""product_color_1"": {""color"": ""Hồng"", ""image_url"": ""https://cdn2.cellphones.com.vn/insecure/rs:fill:50:50/q:90/plain/https://cellphones.com.vn/media/catalog/product/h/o/hong_5.jpg"", ""image_url_display"": ""https://cellphones.com.vn/media/catalog/product/h/o/hong_5.jpg"", ""product_url"": ""https://cellphones.com.vn/iphone-7-plus-32-gb-cty-vn.html?product_id=13826"", ""price"": ""8.950.000₫""}, ""product_color_2"": {""color"": ""Đen"", ""image_url"": ""https://cdn2.cellphones.com.vn/insecure/rs:fill:50:50/q:90/plain/https://cellphones.com.vn/media/catalog/product/d/e/den_bong.jpg"", ""image_url_display"": ""https://cellphones.com.vn/media/catalog/product/d/e/den_bong.jpg"", ""product_url"": ""https://cellphones.com.vn/iphone-7-plus-32-gb-cty-vn.html?product_id=13823"", ""price"": ""8.750.000₫""}, ""product_color_3"": {""color"": ""Gold"", ""image_url"": ""https://cdn2.cellphones.com.vn/insecure/rs:fill:50:50/q:90/plain/https://cellphones.com.vn/media/catalog/product/v/a/vang_12.jpg"", ""image_url_display"": ""https://cellphones.com.vn/media/catalog/product/v/a/vang_12.jpg"", ""product_url"": ""https://cellphones.com.vn/iphone-7-plus-32-gb-cty-vn.html?product_id=13825"", ""price"": ""8.950.000₫""}, ""product_color_4"": {""color"": ""Đen bóng"", ""image_url"": ""https://cdn2.cellphones.com.vn/insecure/rs:fill:50:50/q:90/plain/https://cellphones.com.vn/media/catalog/product/d/e/den_nham.jpg"", ""image_url_display"": ""https://cellphones.com.vn/media/catalog/product/d/e/den_nham.jpg"", ""product_url"": ""https://cellphones.com.vn/iphone-7-plus-32-gb-cty-vn.html?product_id=13824"", ""price"": ""8.750.000₫""}, ""product_color_5"": {""color"": ""Bạc"", ""image_url"": ""https://cdn2.cellphones.com.vn/insecure/rs:fill:50:50/q:90/plain/https://cellphones.com.vn/media/catalog/product/b/a/bac_2.jpg"", ""image_url_display"": ""https://cellphones.com.vn/media/catalog/product/b/a/bac_2.jpg"", ""product_url"": ""https://cellphones.com.vn/iphone-7-plus-32-gb-cty-vn.html?product_id=13827"", ""price"": ""8.750.000₫""}}"
Apple iPhone XS Max 512GB I Chính hãng VN/A,apple-iphone-xs-max-512-gb-chinh-hang-vn,,,,,"[""https://cdn2.cellphones.com.vn/x/media/catalog/product/x/s/xs-1_9_5_2_1_1.png"", ""https://cdn2.cellphones.com.vn/x/media/catalog/product/d/s/dscf2429_3.jpg"", ""https://cdn2.cellphones.com.vn/x/media/catalog/product/x/s/xs_8_2_1_1.png"", ""https://cdn2.cellphones.com.vn/x/media/catalog/product/x/s/xs-max-sliver-sgmall-1-2_1.jpg"", ""https://cdn2.cellphones.com.vn/x/media/catalog/product/x/s/xs-max-gold-sgmall-2sim-2_1.jpg"", ""https://cdn2.cellphones.com.vn/x/media/catalog/product/x/s/xs-max-sliver-sgmall-2sim-2_1.jpg"", ""https://cdn2.cellphones.com.vn/x/media/catalog/product/i/p/iphone_xs_max_512gb.jpg"", ""https://cdn2.cellphones.com.vn/x/media/catalog/product/i/p/iphone_xs_max_512gb-001.jpg""]","{""product_color_1"": {""color"": ""Xám"", ""image_url"": ""https://cdn2.cellphones.com.vn/insecure/rs:fill:50:50/q:90/plain/https://cellphones.com.vn/media/catalog/product/x/s/xs-max-sliver-sgmall-2sim-2_2.jpg"", ""image_url_display"": ""https://cellphones.com.vn/media/catalog/product/x/s/xs-max-sliver-sgmall-2sim-2_2.jpg"", ""product_url"": ""https://cellphones.com.vn/apple-iphone-xs-max-512-gb-chinh-hang-vn.html?product_id=12395"", ""price"": ""24.390.000₫""}, ""product_color_2"": {""color"": ""Bạc"", ""image_url"": ""https://cdn2.cellphones.com.vn/insecure/rs:fill:50:50/q:90/plain/https://cellphones.com.vn/media/catalog/product/x/s/xs-max-sliver-sgmall-1-2_2.jpg"", ""image_url_display"": ""https://cellphones.com.vn/media/catalog/product/x/s/xs-max-sliver-sgmall-1-2_2.jpg"", ""product_url"": ""https://cellphones.com.vn/apple-iphone-xs-max-512-gb-chinh-hang-vn.html?product_id=12397"", ""price"": ""24.390.000₫""}, ""product_color_3"": {""color"": ""Vàng"", ""image_url"": ""https://cdn2.cellphones.com.vn/insecure/rs:fill:50:50/q:90/plain/https://cellphones.com.vn/media/catalog/product/x/s/xs-max-gold-sgmall-2sim-2_13.jpg"", ""image_url_display"": ""https://cellphones.com.vn/media/catalog/product/x/s/xs-max-gold-sgmall-2sim-2_13.jpg"", ""product_url"": ""https://cellphones.com.vn/apple-iphone-xs-max-512-gb-chinh-hang-vn.html?product_id=12396"", ""price"": ""24.390.000₫""}}"
