name,sku,base_price,sale_price,description,specifications,images,colors
Máy tính bảng Huawei MatePad 12 X 12GB 256GB kèm bàn phím,may-tinh-bang-huawei-matepad-12-x-kem-ban-phim,15.490.000đ,14.990.000đ,"Đặc điểm nổi bật
Máy tính bảng Huawei MatePad 12 X kèm bàn phím sở hữu màn hình PaperMatte 12 inch với độ phân giải 2.8K và tốc độ làm mới 144Hz cho hình ảnh sắc nét. Thiết bị được trang bị 12GB RAM, bộ nhớ 256GB cùng tản nhiệt 3D nâng cao hiệu suất. Mẫu máy tính bảng Huawei này còn sở hữu viên pin 10.100mAh kèm sạc nhanh HUAWEI SuperCharge 66W sử dụng thoải mái.
Nội dung chính
1. Máy tính bảng Huawei MatePad 12 X kèm bàn phím - Mạnh mẽ, thông minh, hoạt động bền bỉ
1.1. Viết, sáng tạo với HUAWEI Notes và GoPaint hỗ trợ AI
1.2. Hiệu suất như PC, ứng dụng đầy đủ, truyền phát nhanh
1.3. Mỏng nhẹ nổi bật, màn hình PaperMatte rõ nét, an toàn
1.4. Bàn phím siêu nhẹ cùng HUAWEI M-Pencil Pro đa năng
1.5. Sử dụng bền bỉ với pin 10100 mAh và SuperCharge 66W
1.6. Chụp ảnh rõ với camera sau 13MP và camera trước 8MP
2. So sánh máy tính bảng Huawei MatePad 12 X kèm bàn phím với Huawei MatePad Papermatte 11.5 inch
3. Mua ngay máy tính bảng Huawei MatePad 12 X kèm bàn phím chính hãng tại CellphoneS
Máy tính bảng Huawei MatePad 12 X kèm bàn phím - Mạnh mẽ, thông minh, hoạt động bền bỉ
Máy tính bảng Huawei MatePad 12 X hướng tới người dùng có nhu cầu làm việc và sáng tạo nội dung chuyên nghiệp với đa dạng công nghệ hiện đại. Thiết bị tập trung vào trải nghiệm hiển thị, khả năng đa nhiệm và hệ sinh thái phụ kiện hoàn chỉnh.
Viết, sáng tạo với HUAWEI Notes và GoPaint hỗ trợ AI
Máy tính bảng Huawei MatePad 12 X kèm bàn phím phát triển HUAWEI Notes tích hợp AI Handwriting Enhancement nhận diện và tối ưu chữ viết tay tự động. Nhờ đó, người dùng có thể chuyển đổi những nét chữ nguệch ngoạc thành văn bản gọn gàng để học tập và làm việc hiệu quả hơn.
HUAWEI Notes cải tiến với tính năng AI hỗ trợ người dùng
Bên cạnh đó, trung tâm tài nguyên cũng cung cấp thư viện mẫu bìa, sticker và texture giấy để người dùng tùy biến, cá nhân hóa ghi chú. Không chỉ vậy, với các công cụ vẽ được tích hợp, GoPaint cho phép người dùng sáng tác linh hoạt. Thẻ Màu Thông Minh trích xuất toàn bộ màu từ ảnh, giúp tạo bảng màu nhanh, tiện lợi.
Hiệu suất như PC, ứng dụng đầy đủ, truyền phát nhanh
Máy tính bảng Huawei MatePad 12 X kèm bàn phím mang năng suất làm việc của PC vào thiết kế di động tiện lợi. Khi kết nối với bàn phím từ tính và chuột Bluetooth, máy tính bảng trở thành trạm làm việc mạnh mẽ. Kết hợp với Wi-Fi 7 cùng router tương thích, thiết bị có khả năng truyền tải nhanh, độ trễ thấp, tăng cao năng suất. 
Tablet với hiệu năng mạnh như PC và tốc độ truyền tải cao
Hệ thống tản nhiệt 3D sử dụng cấu trúc dẫn nhiệt tối ưu để chip vận hành nhanh hơn 27% so với phiên bản cũ. Đồng thời, phần mềm WPS Office 3.0 mang đến trải nghiệm làm việc giống hệt môi trường desktop lên tablet. Người dùng chuyển đổi từ laptop sang tablet một cách tự nhiên nhờ giao diện toolbar và menu quen thuộc 
Mỏng nhẹ nổi bật, màn hình PaperMatte rõ nét, an toàn
Máy tính bảng Huawei MatePad 12 X kèm bàn phím có thiết kế kim loại nguyên khối với độ dày 5.9mm và khối lượng 555g giúp tăng tính bền chắc, dễ mang theo. Lớp hoàn thiện ánh ngọc trai tạo vẻ cao cấp và bề mặt tiếp xúc mịn màng, vừa tăng độ thẩm mỹ vừa tạo cảm giác cầm thoải mái cho người dùng. 
Kim loại liền khối gọn nhẹ, hiệu ứng ánh ngọc trai bắt mắt
Máy được trang bị màn hình PaperMatte 12 inch độ phân giải 2.8K, chế tác bằng công nghệ khắc nano tinh xảo. Công nghệ này giảm lóa hiệu quả, kết hợp với độ sáng đỉnh 1000 nit, người dùng có thể sử dụng dưới ánh sáng mạnh mà vẫn nhìn rõ nội dung.
Đồng thời, màn hình với tần số quét 144Hz đảm bảo mọi cử chỉ vuốt, kéo thả và vẽ phác trơn tru. Dải màu P3 và chuẩn HDR Vivid mang đến hình ảnh chân thực, giàu sắc độ. Ngoài ra, máy cũng đạt các chứng nhận về giảm mệt mỏi thị giác, không nhấp nháy hay ánh sáng xanh thấp bảo vệ mắt hiệu quả.
Bàn phím siêu nhẹ cùng HUAWEI M-Pencil Pro đa năng
Máy tính bảng Huawei MatePad 12 X kèm bàn phím từ tính thông minh với trọng lượng nhẹ 308g dễ dàng cất vào balo hay túi xách. Kết nối NearLink và hành trình phím chỉ 1.5mm mang lại khả năng phản hồi nhanh và cảm giác gõ êm ái cho người dùng. 
Ngoài bàn phím, máy có thể kết nối bút HUAWEI M-Pencil Pro phản hồi nhiều cử chỉ thông minh để tăng tốc quy trình làm việc. Các cử chỉ như thao tác bóp thân bút kích hoạt menu tròn hiển thị công cụ vẽ và nút bấm ở đuôi cho phép mở nhanh HUAWEI Notes giúp tăng hiệu suất làm việc.
HUAWEI M-Pencil Pro hiện đại, hoạt động tối ưu
Người dùng có thể xoay bút khi vẽ để áp dụng hiệu ứng nét chân thực giống cọ vẽ truyền thống trong GoPaint. Phụ kiện bút đi kèm này có đến ba loại đầu bút thay thế phục vụ viết thường, viết nhỏ và vẽ tranh. Kết hợp với hệ thống cảm biến 16.384 mức lực, thiết bị đáp ứng từng sắc thái áp lực để phản hồi thao tác chính xác.
Sử dụng bền bỉ với pin 10100 mAh và SuperCharge 66W
Viên pin 10.100mAh cung cấp năng lượng đủ để sử dụng máy tính bảng Huawei MatePad 12 X kèm bàn phím cho ngày dài làm việc liên tục. Dung lượng pin lớn này đặc biệt phù hợp với các tác vụ đòi hỏi nhiều năng lượng, hỗ trợ công việc, học tập và giải trí của người dùng diễn ra trơn tru.
Viên pin 10.100mAh hoạt động cả ngày dài
Bên cạnh viên pin lớn, thiết bị còn đi cùng bộ sạc HUAWEI SuperCharge 66W nhỏ gọn nhưng có thể đưa mức pin về 100% chỉ sau 85 phút theo công bố của hãng. Bộ sạc nhanh này giúp thiết bị sẵn sàng quay lại làm việc sau thời gian ngắn, phù hợp cho người dùng bận rộn và có nhu cầu sử dụng máy liên tục.
Chụp ảnh rõ với camera sau 13MP và camera trước 8MP
Máy tính bảng Huawei MatePad 12 X kèm bàn phím được trang bị camera chính 13MP với khẩu độ f/1.8 và khả năng lấy nét tự động, quét tài liệu sắc nét. Ngoài ra, người dùng có thể ghi lại toàn cảnh bảng thuyết trình hay không gian làm việc nhờ vào ống kính góc rộng 8MP f/2.2 trang bị trên máy.
Hệ thống camera rõ nét cho trải nghiệm giao tiếp hiệu quả
Đồng thời, camera selfie 8MP f/2.2 đáp ứng yêu cầu họp trực tuyến và lớp học online. Hình ảnh rõ nét giúp giao tiếp video diễn ra hiệu quả, đáp ứng cả công việc lẫn nhu cầu giao tiếp, giải trí cá nhân.
So sánh máy tính bảng Huawei MatePad 12 X kèm bàn phím với Huawei MatePad Papermatte 11.5 inch
Cả hai dòng sản phẩm đều trang bị công nghệ màn hình PaperMatte nhưng máy tính bảng Huawei MatePad 12 X kèm bàn phím có những cải tiến rõ rệt. Người đọc sẽ dễ dàng so sánh các điểm khác nhau giữa hai sản phẩm qua bảng thông số sau đây:
Thông số
Máy tính bảng Huawei MatePad 12 X 12GB 256GB kèm bàn phím
Máy tính bảng Huawei MatePad Papermatte 11.5 inch 2025 8GB 256GB - Kèm bàn phím
Kích thước màn hình
12 inches
11.5 inches
Công nghệ màn hình
PaperMatte (IPS)
TFT LCD (paper matte)
Camera sau
50 MP (f/1.8, AF)
13 MP (khẩu độ f/1.8, AF)
Camera trước
8 MP (f/2.2, FF)
8 MP (khẩu độ f/2.0, tiêu cự cố định)
Dung lượng RAM
12 GB
8 GB
Bộ nhớ trong
256 GB
256 GB
Pin
10.100 mAh
10.100 mAh
Hệ điều hành
HarmonyOS 4.3
HarmonyOS 4.3
Độ phân giải màn hình
2800 x 1840 pixels
Tính năng màn hình
Độ sáng 1000 nit
Tốc độ làm mới 144 Hz (thích ứng 30 Hz – 144 Hz)
Gam màu rộng P3
HDR sống động
Chống lóa
Chứng nhận TÜV Rheinland và SGS
Độ phân giải: 2456 × 1600 pixels, 120 Hz, 256 PPI, 16,7 triệu màu, 100% sRGB (giá trị điển hình), cảm ứng đa điểm, hỗ trợ tối đa 10 điểm tiếp xúc khi chạm
Tương thích
Bút cảm ứng HUAWEI M-Pencil Pro, Bàn phím Từ tính Thông minh HUAWEI
MatePad 12 X mang đến bước tiến về chất lượng hiển thị với màn hình lớn hơn, độ phân giải sắc nét hơn và tốc độ làm mới cao hơn. Dù cùng dung lượng pin, nhưng sạc nhanh 66W của 12 X mang đến khả năng sử dụng tiện lợi hơn. Bộ đôi M-Pencil Pro và bàn phím từ tính thông minh giúp năng suất làm việc đạt hiệu quả vượt trội.
Tablet MatePad 12 X của Huawei nâng cấp với nhiều nổi bật
Mua ngay máy tính bảng Huawei MatePad 12 X kèm bàn phím chính hãng tại CellphoneS
Mua máy tính bảng Huawei MatePad 12 X kèm bàn phím tại CellphoneS để được hưởng các chương trình ưu đãi đặc biệt. Chính sách trả góp 0% cùng quy trình đơn giản giúp việc mua sản phẩm dễ dàng hơn. Thương hiệu cam kết quy trình mua sắm minh bạch và mọi thiết bị đều có tem bảo hành chính hãng. Nhân viên tư vấn giàu kinh nghiệm hỗ trợ khách hàng chọn phụ kiện phù hợp với nhu cầu sử dụng.","{""Màn hình"": [{""name"": ""Kích thước màn hình"", ""value"": ""12 inches""}, {""name"": ""Công nghệ màn hình"", ""value"": ""PaperMatte (IPS)""}, {""name"": ""Độ phân giải màn hình"", ""value"": ""2800 x 1840 pixels""}, {""name"": ""Tính năng màn hình"", ""value"": ""Độ sáng 1000 nit\nTốc độ làm mới 144 Hz (thích ứng 30 Hz – 144 Hz)\nGam màu rộng P3\nHDR sống động\nChống lóa\nChứng nhận TÜV Rheinland và SGS""}], ""Camera sau"": [{""name"": ""Camera sau"", ""value"": ""50 MP (f/1.8, AF)""}, {""name"": ""Quay video"", ""value"": ""Lên đến 1080P (1920 × 1080)""}, {""name"": ""Tính năng camera"", ""value"": ""Đèn flash LED (camera sau)""}], ""Camera trước"": [{""name"": ""Camera trước"", ""value"": ""8 MP (f/2.2, FF)""}, {""name"": ""Quay video trước"", ""value"": ""Lên đến 1080P (1920 × 1080)""}], ""RAM & lưu trữ"": [{""name"": ""Dung lượng RAM"", ""value"": ""12 GB""}, {""name"": ""Bộ nhớ trong"", ""value"": ""256 GB""}], ""Pin & công nghệ sạc"": [{""name"": ""Pin"", ""value"": ""10.100 mAh""}, {""name"": ""Công nghệ sạc"", ""value"": ""Tối đa 66W, SuperCharge, FastCharge""}, {""name"": ""Cổng sạc"", ""value"": ""USB Type-C""}], ""Tính năng khác"": [{""name"": ""Hệ điều hành"", ""value"": ""HarmonyOS 4.3""}], ""Kích thước & Trọng lượng"": [{""name"": ""Kích thước"", ""value"": ""183 × 270 × 5.9 mm""}, {""name"": ""Trọng lượng"", ""value"": ""555g""}], ""Thiết kế & Trọng lượng"": [{""name"": ""Chất liệu khung viền"", ""value"": ""Kim loại""}], ""Thông số khác"": [{""name"": ""Tương thích"", ""value"": ""Bút cảm ứng HUAWEI M-Pencil Pro, Bàn phím Từ tính Thông minh HUAWEI""}, {""name"": ""Hệ thống làm mát"", ""value"": ""Kiến trúc tản nhiệt 3D, graphite dẫn nhiệt cao và buồng hơi 3D (VC) tùy chỉnh""}, {""name"": ""Công nghệ - Tiện ích"", ""value"": ""Star Ring (trên bút), AI Handwriting Enhancement, Hoạt hình và Thẻ Màu Thông Minh (GoPaint), Chuyển đổi hai tỷ lệ màn hình""}, {""name"": ""Tiện ích khác"", ""value"": ""HUAWEI Notes, GoPaint, WPS Office chuẩn PC, Filmora""}, {""name"": ""Công nghệ âm thanh"", ""value"": ""6 × Loa\nHUAWEI SOUND""}], ""Tiện ích khác"": [{""name"": ""Các loại cảm biến"", ""value"": ""Con quay hồi chuyển, Cảm biến trọng lực""}], ""Cổng kết nối"": [{""name"": ""Wi-Fi"", ""value"": ""2,4 GHz và 5 GHz""}, {""name"": ""Bluetooth"", ""value"": ""5.2, Hỗ trợ BLE, SBC, AAC, LDAC và L2HC""}]}","[""https://cdn2.cellphones.com.vn/x/media/catalog/product/h/u/huawei-matepad-12-x.png"", ""https://cdn2.cellphones.com.vn/x/media/catalog/product/h/u/huawei-matepad-12-x-1.png"", ""https://cdn2.cellphones.com.vn/x/media/catalog/product/h/u/huawei-matepad-12-x-2.png""]","{""product_color_1"": {""color"": ""Xanh lá"", ""image_url"": ""https://cellphones.com.vn/may-tinh-bang-huawei-matepad-12-x-kem-ban-phim.html?product_id=121567"", ""price"": ""14.990.000₫""}, ""product_color_2"": {""color"": ""Trắng"", ""image_url"": ""https://cellphones.com.vn/may-tinh-bang-huawei-matepad-12-x-kem-ban-phim.html?product_id=121566"", ""price"": ""14.990.000₫""}}"
Huawei MatePad SE 11 inch 6GB 128GB,may-tinh-bang-huawei-matepad-se-11-inch,5.490.000đ,4.700.000đ,"Đặc điểm nổi bật
Máy tính bảng Huawei MatePad SE 11 inch trở nên nổi bật nhờ thiết kế ấn tượng với phần vỏ kim loại cùng trọng lượng 475g. Màn hình của máy tính bảng Huawei này có kích thước 11 inch độ phân giải Full HD cho độ sáng tối đa 400 nits, đạt chứng nhận TÜV Rheinland. Máy cũng hỗ trợ viên pin lớn 7700mAh, sạc 22.5W kết hợp với hệ thống 4 loa ấn tượng cho các tác vụ giải trí. 
Nội dung chính
1. Vì sao nên mua máy tính bảng Huawei MatePad SE 11 inch
2. So sánh Huawei MatePad SE 11 inch với MatePad SE 10.4, có gì khác biệt ngoài kích thước màn hình?
3. Máy tính bảng Huawei MatePad SE 11 inch - Giải trí tuyệt vời, làm việc tiện lợi
3.1. Cấu hình mạnh cùng 4 loa đỉnh cao
3.2. Màn hình bảo vệ mắt
3.3. Mặt lưng kim loại tinh tế
3.4. Sáng tạo hơn với bút M-Pen cùng nhiều tiện ích
4. Hướng dẫn cách cài đặt GBox trên tablet Huawei MatePad SE 11 inch
5. Mua máy tính bảng Huawei MatePad SE 11 inch chính hãng tại CellphoneS
Vì sao nên mua máy tính bảng Huawei MatePad SE 11 inch
Máy tính bảng Huawei MatePad SE 11 inch sở hữu nhiều tính năng nổi bật đáng để người dùng chọn mua trải nghiệm như:
- Màn hình hiển thị tối ưu với tấm nền :LCD cùng dải màu sống động 100% sRGB, độ sáng 400nits
- Pin dung lượng 7700mAh: Thoải mái sử dụng cùng sạc nhanh công suất 22.5W
- Âm thanh công suất lớn cùng 4 loa: Trải nghiệm giải trí sống động
- Hỗ trợ bút cảm ứng tối ưu sử dụng trong các công việc như soạn thảo, thiết kế 
So sánh Huawei MatePad SE 11 inch với MatePad SE 10.4, có gì khác biệt ngoài kích thước màn hình?
Huawei MatePad SE 11 inch là mẫu tablet mới của Huawei năm 2024. Vậy so với Huawei MatePad SE thế hệ trước đó thì sản phẩm có gì cải tiến không, cùng so sánh thông số hai mẫu Huawei MatePad SE này chi tiết sau đây:
Thông số
Huawei MatePad SE 11 inch 6GB 128GB
Huawei MatePad SE 10.4
Kích thước màn hình
11 inches
10.4 inches
Công nghệ màn hình
TFT LCD
IPS LCD
Camera sau
8MP, f/2.0
Camera chính: 5MP, f/2.2, AF
Camera trước
5 MP, f/2.2
2MP, f/2.2
Dung lượng RAM
6 GB
4 GB
Bộ nhớ trong
128 GB
128 GB
Pin
7700 mAh
5100 mAh
Hệ điều hành
HarmonyOS 2.0
HarmonyOS 3
Độ phân giải màn hình
1920 x 1200 pixels (FullHD+)
1200 x 2000 pixels
Tính năng màn hình
16,7 triệu màu, 100% sRGB, 207 PPI, 400 nits
Tần số quét 60Hz
Tương thích
Bút cảm ứng Huawei M-Pen lite4
Như vậy Huawei MatePad SE 11 inch sở hữu nhiều cải tiến so với thế hệ trước với camera chất lượng hơn, pin dung lượng lớn hơn cùng với một giá bán tối ưu hơn. Do đó đây là sản phẩm đáng chọn mua trải nghiệm nếu người dùng phân vân giữa hai phiên bản máy tính bảng này.
Máy tính bảng Huawei MatePad SE 11 inch - Giải trí tuyệt vời, làm việc tiện lợi
Sở hữu thiết kế đẹp mắt cũng như độ hoàn thiện cao, chiếc tablet Huawei MatePad SE 11 inch còn làm hài lòng mọi khách hàng khó tính nhờ phần cứng mạnh mẽ cho các tác vụ hằng ngày.
Cấu hình mạnh cùng 4 loa đỉnh cao
Để đáp ứng tốt mọi nhu cầu sử dụng máy tính bảng Huawei MatePad SE 11 inch sở hữu cấu hình ổn định với 6GB Ram cùng 128GB bộ nhớ trong tối ưu hóa khả năng đa nhiệm cũng như lưu trữ. Máy cũng được trang bị viên pin lớn 7700mAh, hỗ trợ sạc nhanh 22.5W giúp bạn sẵn sàng sử dụng mọi lúc mọi nơi.
Ngoài ra máy cũng sẽ được trang bị một camera chính 8MP và một camera trước 5MP dành cho những người dùng có nhu cầu chụp ảnh hay video call. Ấn tượng nhất trên Huawei MatePad SE 11inch phải nói đến hệ thống bốn loa được tối ưu bởi công nghệ HUAWEI Histen 9.0. Nhờ đó chất lượng âm thanh của máy luôn nổi bật khi nghe nhạc hay chơi game.
Màn hình bảo vệ mắt
Nhằm mang đến trải nghiệm làm việc tốt nhất Huawei MatePad SE 11” sử dụng màn hình 11 inch độ phân giải Full HD độ phủ màu 100% sRGB với mức ánh sáng xanh thấp nhằm hạn chế tình trạng mỏi mắt trong quá trình sử dụng. Độ sáng màn hình cũng sẽ được điều chỉnh hoàn toàn tự động dựa trên độ sáng của môi trường xung quanh do đó mọi thông tin sẽ được hiển thị rõ ràng nhất.
Một tiện ích khá thú vị trên máy tính bảng Huawei MatePad SE 11 inch chính là chia màn hình, chỉ với một thao tác vuốt sang trái người dùng có thể chia đôi màn hình để làm việc cũng như tra cứu tài liệu. Đối với người dùng tác vụ đồ họa, bạn có thể kết nối với màn hình phụ để xuất hình ảnh từ máy giúp cho việc thao tác trở nên tiện lợi hơn.
Mặt lưng kim loại tinh tế
Có thể nói khi trực tiếp trên tay Huawei MatePad SE 11inch, chúng ta có thể thấy độ hoàn thiện của thiết bị là khá cao với độ mỏng 6.9mm cùng trọng lượng 475g. Phần vỏ máy cũng toát lên sự sang trọng nhờ chất liệu kim loại cứng cáp với các góc cạnh được vuốt cong tạo nên sự thoải mái khi sử dụng.
Ngoài ra máy tính bảng Huawei MatePad SE 11 inch cũng mang đến cho người dùng hai tùy chọn màu sắc là xanh dương và xám vô cùng đẹp mắt, ấn tượng để người dùng có thể thỏa sức lựa chọn theo sở thích, phong cách.
Sáng tạo hơn với bút M-Pen cùng nhiều tiện ích
Trong các tác vụ đồ họa hay ghi chú, Bút M-Pen trang bị trên máy tính bảng Huawei MatePad SE 11 inch sẽ phát huy hết công dụng nhờ độ nhạy cao cho phép tạo ra những nét vẽ chính xác. Bút M-Pen cũng sẽ sẵn sàng sử dụng mọi lúc mọi nơi mà không cần sử dụng kết nối Bluetooth như các dòng bút cảm ứng khác.
Tiện ích HUAWEI Notes cho phép người dùng tạo ra nhiều bản vẽ hay ghi chú đẹp mắt, trực quan nhờ bộ công cụ hỗ trợ mạnh mẽ. Đối với các người dùng thường xuyên phải làm việc nhóm ứng dụng Meetime trên Huawei MatePad SE 11inch còn cho phép chia sẻ màn hình giúp người dùng xử lý mọi vấn đề nhanh chóng hơn.
Hướng dẫn cách cài đặt GBox trên tablet Huawei MatePad SE 11 inch
Khi sử dụng Huawei MatePad SE 11 inch người dùng hoàn toàn có thể sử dụng được các ứng dụng google thông qua GBox. Chi tiết cách cài đặt GBox để sử dụng ứng dụng Google trên Huawei MatePad SE 11 inch như sau:
Bước 1: Tại màn hình chính máy tính bảng, chọn App Gallery sau đó nhập từ khóa GBox và tải về ứng dụng.
Bước 2: Khởi động ứng dụng GBox vừa cài đặt, chọn mục Installed Apps và mở ứng dụng Cửa hàng Google Play
Bước 3: Đăng nhập tài khoản google, sau khi quá trình đăng nhập hoàn tất hệ thống sẽ chuyển về màn hình chính Play Store
Bước 4: Tiến hành cài đặt ứng dụng như bình thường.
Sau khi cài đặt xong, người dùng có thể sử dụng ứng dụng bằng cách truy cập trực tiếp từ màn hành chính
Mua máy tính bảng Huawei MatePad SE 11 inch chính hãng tại CellphoneS
Máy tính bảng Huawei MatePad SE 11 inch hiện đang là sản phẩm bán chạy tại trên thị trường cũng như nhận được sự quan tâm của nhiều khách hàng. CellphoneS hiện đang kinh doanh sản phẩm cùng với nhiều dòng máy tính bảng khác với các chương trình hấp dẫn như trả góp 0% cùng chính sách ưu đãi Smember hấp dẫn.
Bạn hoàn toàn có thể yên tâm về độ chính hãng cũng như chính sách, dịch vụ hậu mãi khi trải nghiệm mua sắm tại CellphoneS. Nếu bạn có nhu cầu mua sản phẩm, liên hệ ngay thông qua số hotline hoặc chat trực tiếp với nhân viên tư vấn để nhận thông tin mới nhất về sản phẩm nhé.","{""Màn hình"": [{""name"": ""Kích thước màn hình"", ""value"": ""11 inches""}, {""name"": ""Công nghệ màn hình"", ""value"": ""TFT LCD""}, {""name"": ""Độ phân giải màn hình"", ""value"": ""1920 x 1200 pixels (FullHD+)""}, {""name"": ""Tính năng màn hình"", ""value"": ""16,7 triệu màu, 100% sRGB, 207 PPI, 400 nits""}], ""Camera sau"": [{""name"": ""Camera sau"", ""value"": ""8MP, f/2.0""}, {""name"": ""Quay video"", ""value"": ""1920*1080 pixel""}, {""name"": ""Tính năng camera"", ""value"": ""Làm đẹp, Toàn cảnh, Điều khiển âm thanh, Hẹn giờ, Tua nhanh thời gian""}], ""Camera trước"": [{""name"": ""Camera trước"", ""value"": ""5 MP, f/2.2""}, {""name"": ""Quay video trước"", ""value"": ""1280 × 720 pixel""}], ""RAM & lưu trữ"": [{""name"": ""Dung lượng RAM"", ""value"": ""6 GB""}, {""name"": ""Bộ nhớ trong"", ""value"": ""128 GB""}], ""Pin & công nghệ sạc"": [{""name"": ""Pin"", ""value"": ""7700 mAh""}, {""name"": ""Công nghệ sạc"", ""value"": ""Sạc nhanh 22,5W""}, {""name"": ""Cổng sạc"", ""value"": ""USB Type-C""}], ""Tính năng khác"": [{""name"": ""Hệ điều hành"", ""value"": ""HarmonyOS 2.0""}], ""Kích thước & Trọng lượng"": [{""name"": ""Kích thước"", ""value"": ""252.3 x 163.8 x 6.9 mm""}, {""name"": ""Trọng lượng"", ""value"": ""475 g""}], ""Thông số khác"": [{""name"": ""Tương thích"", ""value"": ""Bút cảm ứng Huawei M-Pen lite4""}, {""name"": ""Công nghệ - Tiện ích"", ""value"": ""Kids Corner""}, {""name"": ""Công nghệ âm thanh"", ""value"": ""4 loa""}], ""Tiện ích khác"": [{""name"": ""Các loại cảm biến"", ""value"": ""Cảm biến ánh sáng, Cảm biến trọng lực""}], ""Cổng kết nối"": [{""name"": ""Wi-Fi"", ""value"": ""IEEE 802.11a/b/g/n/ac, 2.4 GHz và 5 GHz""}, {""name"": ""Bluetooth"", ""value"": ""v5.1""}]}","[""https://cdn2.cellphones.com.vn/x/media/catalog/product/h/u/huawei_matepad_se_11_inch_6gb_128gb_-_1.png"", ""https://cdn2.cellphones.com.vn/x/media/catalog/product/h/u/huawei_matepad_se_11_inch_6gb_128gb_-_2.png"", ""https://cdn2.cellphones.com.vn/x/media/catalog/product/h/u/huawei_matepad_se_11_inch_6gb_128gb_-_3.png""]","{""product_color_1"": {""color"": ""Xám"", ""image_url"": ""https://cellphones.com.vn/may-tinh-bang-huawei-matepad-se-11-inch.html?product_id=88895"", ""price"": ""4.700.000₫""}}"
Máy tính bảng Huawei MatePad Papermatte 11.5 inch 2025 8GB 256GB - Kèm bàn phím,may-tinh-bang-huawei-matepad-papermate-11-5-inch,9.690.000đ,9.490.000đ,"Đặc điểm nổi bật
Máy tính bảng Huawei MatePad Papermatte 11.5 inch trang bị màn hình PaperMatte 11.5 inch độ phân giải 2.5K hiển thị 16.7 triệu màu với 100% sRGB. Máy được trang bị chip Kirin T82B, 8GB RAM, 256GB và hệ thống tản nhiệt graphite. Máy có pin dung lượng 10.100 mAh và sạc nhanh HUAWEI SuperCharge 40W.
Nội dung chính
1. Máy tính bảng Huawei MatePad Papermatte 11.5 inch – Màn hình sắc nét, viết như giấy thật
1.1. Cấu hình mạnh mẽ, hiệu năng mượt mà
1.2. Thiết kế tinh tế, hiển thị tự nhiên và dễ chịu
1.3. Ghi chú thông minh và kết nối tiện ích
1.4. Pin bền bỉ và sạc nhanh tiện lợi, sử dụng dài lâu
2. So sánh máy tính bảng Huawei MatePad Papermatte 11.5 inch và Huawei Matepad 11.5”S
3. Mua ngay máy tính bảng Huawei MatePad Papermatte 11.5 inch chính hãng tại CellphoneS
Máy tính bảng Huawei MatePad Papermatte 11.5 inch – Màn hình sắc nét, viết như giấy thật
Máy tính bảng Huawei MatePad Papermatte 11.5 inch trang bị công nghệ tiên tiến giúp hạn chế phản xạ ánh sáng và bảo vệ mắt. Thiết kế máy tính bảng Huawei này mỏng nhẹ và thời lượng pin giúo thiết bị trở thành công cụ lý tưởng cho học tập
Cấu hình mạnh mẽ, hiệu năng mượt mà
Huawei MatePad Papermatte 11.5 inch được trang bị Kirin T82B tám nhân, mang lại hiệu năng ổn định khi xử lý các ứng dụng văn phòng và học tập. Cấu trúc CPU được tối ưu hóa giúp duy trì tốc độ phản hồi nhanh, đồng thời phân bổ năng lượng hợp lý.
Bên cạnh đó, RAM 8GB và bộ nhớ 256GB hỗ trợ đa nhiệm và lưu trữ mượt mà hơn. Hệ thống tản nhiệt graphite với diện tích bề mặt lớn hơn 67% giúp thiết bị duy trì hoạt động ổn định, hạn chế tình trạng nóng máy khi chạy tác vụ nặng.
Máy trang bị chip Kirin T82B mạnh mẽ
Máy tính bảng Huawei MatePad Papermatte 11.5 inch trang bị hệ thống âm thanh 4 loa HUAWEI Histen 9.0, tạo nên không gian âm thanh chân thực và rõ ràng. Đây là lựa chọn phù hợp cho người dùng cần một thiết bị vừa để làm việc vừa giải trí.
Thiết kế tinh tế, hiển thị tự nhiên và dễ chịu
MatePad Papermatte gây ấn tượng với thiết kế kim loại nguyên khối mỏng chỉ 6.1mm, trọng lượng 515g, mang lại cảm giác cầm nắm nhẹ nhàng và tinh tế. Khung viền mảnh cùng tỷ lệ hiển thị lên đến 86% giúp tối đa không gian trải nghiệm.
Màn hình PaperMatte, trọng lượng nhẹ
Màn hình PaperMatte 11.5 inch 2.5K (2456 x 1600 pixel, 256 PPI) mang lại hình ảnh chi tiết, trong trẻo và dễ chịu cho thị giác. Công nghệ hiển thị cấp độ nano giảm phản xạ ánh sáng tới 60% và loại bỏ 99% nhiễu sáng. Tốc độ làm mới thích ứng 60/90/120 Hz đảm bảo mọi thao tác vuốt, cuộn hay phác thảo mượt mà hơn.
Ghi chú thông minh và kết nối tiện ích
Máy tính bảng Huawei MatePad Papermatte 11.5 inch hỗ trợ bút M-Pencil thế hệ 3, có thể gắn từ tính vào thân máy, sẵn sàng sử dụng ngay khi cần. Từng nét viết được tái hiện chính xác và mang lại trải nghiệm tự nhiên nhờ độ trễ thấp. Kết hợp cùng HUAWEI Notes và GoPaint, thiết bị cho phép sáng tạo và chỉnh sửa trực quan.
M-Pencil và WPS chuẩn PC tăng phần tiện lợi
Tablet còn đi kèm bàn phím rời cùng WPS Office chuẩn PC, giúp thao tác nhập liệu nhanh chóng và hỗ trợ làm việc hiệu quả. Tính năng chia đôi màn hình, cửa sổ động và SuperHub mang lại khả năng đa nhiệm linh hoạt. Ngoài ra, kết nối Wi-Fi cũng được nâng cấp với hiệu suất truyền tải tăng 30%, đảm bảo độ ổn định.
Pin bền bỉ và sạc nhanh tiện lợi, sử dụng dài lâu
MatePad Papermatte được trang bị viên pin 10.100mAh, đáp ứng tới 14 giờ phát video liên tục chỉ với một lần sạc. Lưu ý, thời lượng sử dụng thực tế có thể thay đổi tuỳ theo tần suất sử dụng của người dùng. Bên cạnh đó, máy còn trang bị sạc nhanh HUAWEI SuperCharge 40W giúp nạp năng lượng nhanh chóng.
Viên pin 10.1000mAh và sạc nhanh 40W
Bên cạnh đó, vi xử lý Kirin T82B còn hỗ trợ cơ chế quản lý năng lượng thông minh, giúp cân bằng giữa hiệu năng và mức tiêu thụ điện. Nhờ đó, thiết bị vận hành ổn định và tiết kiệm pin, đáp ứng nhu cầu sử dụng trong ngày dài mà không gián đoạn.
So sánh máy tính bảng Huawei MatePad Papermatte 11.5 inch và Huawei Matepad 11.5”S
Máy tính bảng Huawei MatePad Papermatte 11.5 inch và MatePad 11.5”S là hai mẫu tablet cùng kích thước nhưng hướng đến trải nghiệm khác nhau. Dưới đây là phần so sánh giúp làm rõ sự khác biệt giữa hai thiết bị này:
Thông số
Máy tính bảng Huawei MatePad Papermatte 11.5 inch 2025 8GB 256GB - Kèm bàn phím
Máy Tính Bảng Huawei Matepad 11.5''S 8GB 256GB
Kích thước màn hình
11.5 inches
11.5 inches
Công nghệ màn hình
TFT LCD (paper matte)
TFT LCD
Camera sau
13 MP (khẩu độ f/1.8, AF)
13 MP, f/1.8, AF
Camera trước
8 MP (khẩu độ f/2.0, tiêu cự cố định)
8 MP, f/2.0, FF
Chipset
Kirin T82B
Kirin 9000WL, Octa-core
Dung lượng RAM
8 GB
8 GB
Bộ nhớ trong
256 GB
256 GB
Pin
10.100 mAh
8800 mAh
Hệ điều hành
HarmonyOS 4.3
HarmonyOS 4.2
Tính năng màn hình
Độ phân giải: 2456 × 1600 pixels, 120 Hz, 256 PPI, 16,7 triệu màu, 100% sRGB (giá trị điển hình), cảm ứng đa điểm, hỗ trợ tối đa 10 điểm tiếp xúc khi chạm
Tốc độ làm mới 144 Hz
Tỷ lệ khung hình 3:2
291 PPI
Độ tương phản 1500: 1
500 nit
16,7 triệu màu, gam màu rộng P3
Loại CPU
Octa-core
Octa-core, 1 × Cortex-A77@3.2 GHz + 3 × Cortex-A77@2.42 GHz + 4 × Cortex-A55@1.8 GHz
MatePad Papermatte 11.5 inch nhỉnh hơn về hiển thị
Cả hai mẫu đều mang lại hiệu suất ổn định và trải nghiệm hiển thị chất lượng nhưng MatePad Papermatte 11.5 inch sẽ nổi bật hơn. Sản phẩm có khả năng hiển thị dịu mắt và hỗ trợ ghi chú tự nhiên.
Mua ngay máy tính bảng Huawei MatePad Papermatte 11.5 inch chính hãng tại CellphoneS
Đặt mua máy tính bảng Huawei MatePad Papermatte 11.5 inch tại CellphoneS để tận hưởng trải nghiệm quy trình mua hàng tiện lợi và an tâm. CellphoneS cam kết cung cấp sản phẩm chính hãng và bảo hành đầy đủ theo quy định. Ngoài ra, khách hàng còn được hưởng nhiều ưu đãi hấp dẫn và hỗ trợ trả góp linh hoạt. Hãy đến CellphoneS để mua sắm tiện lợi ngay hôm nay!","{""Màn hình"": [{""name"": ""Kích thước màn hình"", ""value"": ""11.5 inches""}, {""name"": ""Công nghệ màn hình"", ""value"": ""TFT LCD (paper matte)""}, {""name"": ""Tính năng màn hình"", ""value"": ""Độ phân giải: 2456 × 1600 pixels, 120 Hz, 256 PPI, 16,7 triệu màu, 100% sRGB (giá trị điển hình), cảm ứng đa điểm, hỗ trợ tối đa 10 điểm tiếp xúc khi chạm""}], ""Camera sau"": [{""name"": ""Camera sau"", ""value"": ""13 MP (khẩu độ f/1.8, AF)""}, {""name"": ""Quay video"", ""value"": ""1920 × 1080 pixel""}, {""name"": ""Tính năng camera"", ""value"": ""Làm đẹp, Toàn cảnh, Điều khiển bằng âm thanh, Hẹn giờ, Time-Lapse, Watermark, Tài liệu, Ống kính AI""}], ""Camera trước"": [{""name"": ""Camera trước"", ""value"": ""8 MP (khẩu độ f/2.0, tiêu cự cố định)""}, {""name"": ""Quay video trước"", ""value"": ""1920 × 1080 pixel""}], ""Vi xử lý & đồ họa"": [{""name"": ""Chipset"", ""value"": ""Kirin T82B""}], ""RAM & lưu trữ"": [{""name"": ""Dung lượng RAM"", ""value"": ""8 GB""}, {""name"": ""Bộ nhớ trong"", ""value"": ""256 GB""}], ""Pin & công nghệ sạc"": [{""name"": ""Pin"", ""value"": ""10.100 mAh""}, {""name"": ""Công nghệ sạc"", ""value"": ""Sạc Nhanh SuperCharge 40 W\nHỗ trợ sạc nhanh 10 V/4 A (Tối đa), tương thích 10 V/2.25 A, 9 V/2 A""}, {""name"": ""Cổng sạc"", ""value"": ""USB Type-C""}], ""Tính năng khác"": [{""name"": ""Hệ điều hành"", ""value"": ""HarmonyOS 4.3""}], ""Bộ xử lý & Đồ họa"": [{""name"": ""Loại CPU"", ""value"": ""Octa-core""}], ""Kích thước & Trọng lượng"": [{""name"": ""Kích thước"", ""value"": ""177.53 × 262.63 × 6.1 mm""}, {""name"": ""Trọng lượng"", ""value"": ""~515g""}], ""Tiện ích khác"": [{""name"": ""Các loại cảm biến"", ""value"": ""Cảm biến ánh sáng, Cảm biến trọng lực""}], ""Cổng kết nối"": [{""name"": ""Wi-Fi"", ""value"": ""802.11 a/b/g/n/ac/ax, 2×2 MIMO, 2.4 GHz và 5 GHz""}, {""name"": ""Bluetooth"", ""value"": ""5.2, BLE, SBC, AAC, LDAC HD Audio""}], ""Thông số khác"": [{""name"": ""Công nghệ âm thanh"", ""value"": ""HUAWEI Histen 9.0, 4 loa, 2 micro""}], ""Thông tin chung"": [{""name"": ""Thời điểm ra mắt"", ""value"": ""10/2025""}]}","[""https://cdn2.cellphones.com.vn/x/media/catalog/product/h/u/huawei-matepad-papermate-11-5-inch_1.jpg"", ""https://cdn2.cellphones.com.vn/x/media/catalog/product/h/u/huawei-matepad-papermate-11-5-inch-1_1.jpg"", ""https://cdn2.cellphones.com.vn/x/media/catalog/product/h/u/huawei-matepad-papermate-11-5-inch-2.jpg""]","{""product_color_1"": {""color"": ""Tím"", ""image_url"": ""https://cellphones.com.vn/may-tinh-bang-huawei-matepad-papermate-11-5-inch.html?product_id=117285"", ""price"": ""9.490.000₫""}, ""product_color_2"": {""color"": ""Xám"", ""image_url"": ""https://cellphones.com.vn/may-tinh-bang-huawei-matepad-papermate-11-5-inch.html?product_id=117286"", ""price"": ""9.490.000₫""}}"
Huawei Matepad 11.5 S 2026 12GB 256GB kèm bút bàn phím,may-tinh-bang-huawei-matepad-11-5-s-2026,13.990.000đ,13.290.000đ,"Đặc điểm nổi bật
Máy tính bảng HUAWEI MatePad 11.5 S 2026 có màn hình PaperMatte cho trải nghiệm thoải mái, độ phân giải 2.8K và tần số quét 144Hz hiển thị sắc nét. Tablet được thiết kế dày 6,1mm và nặng chỉ 515g mỏng, nhẹ. Thiết bị tích hợp HUAWEI Notes cùng AI chuyên sâu hỗ trợ đa tác vụ, giúp người dùng sáng tạo tiện lợi hơn.
Nội dung chính
1. Máy tính bảng HUAWEI MatePad 11.5 S 2026 - Hiển thị sắc nét, AI đa nhiệm
1.1. HUAWEI Notes tích hợp AI chuyên sâu hỗ trợ đa tác vụ
1.2. Bộ nhớ phù hợp nhiều nhu cầu, HarmonyOS 4.3 tiện lợi
1.3. Thiết kế mỏng nhẹ với màn hình PaperMatte rõ nét
1.4. M-Pencil Pro và bàn phím hiện đại, tương thích tối ưu
1.5. Pin 8800mAh bền bỉ, camera sau 13 MP ghi hình ổn định
2. So sánh máy tính bảng HUAWEI MatePad 11.5 S 2026 với HUAWEI MatePad 11.5'' S
3. Mua ngay máy tính bảng HUAWEI MatePad 11.5 S 2026 giá tốt tại CellphoneS
Máy tính bảng HUAWEI MatePad 11.5 S 2026 - Hiển thị sắc nét, AI đa nhiệm
HUAWEI MatePad 11.5 S 2026 đáp ứng tốt cho người dùng cần thiết bị di động vừa mỏng nhẹ vừa mạnh mẽ để học tập và làm việc. Từng tính năng trên sản phẩm máy tính bảng Huawei này đều hướng đến việc tiết kiệm thời gian và nâng cao hiệu quả tác vụ hoạt động hằng ngày.
HUAWEI Notes tích hợp AI chuyên sâu hỗ trợ đa tác vụ
Ứng dụng HUAWEI Notes trên máy tính bảng HUAWEI MatePad 11.5 S 2026 mang lại nhiều tính năng AI tiện dụng như:
Nhận diện phương trình toán học
Cải thiện chữ viết tay
Tính năng này phù hợp với người dùng thường xuyên làm việc bằng số liệu cần phải ghi chú và tính toán nhanh. 
Ghi chú thông minh với AI trên HUAWEI Notes
Bên cạnh đó, tính năng Note Replay ghi lại toàn bộ quá trình viết, hỗ trợ người dùng ôn tập hoặc trình bày lại ý tưởng trực quan. AI còn giúp làm rõ chữ viết tay để các ghi chép nguệch ngoạc trở nên dễ đọc hơn sau khi nhập liệu. Ngoài ra, Resource Centre cung cấp tài nguyên đa dạng phục vụ cho việc cá nhân hoá từng ghi chú. 
Bộ nhớ phù hợp nhiều nhu cầu, HarmonyOS 4.3 tiện lợi
RAM 12GB trên máy tính bảng HUAWEI MatePad 11.5 S 2026 có khả năng xử lý song song nhiều ứng dụng mà không bị giật lag. Trong khi đó, dung lượng lưu trữ của máy lên đến 512GB đủ chỗ cho người dùng lưu phim, ảnh dung lượng lớn và tài liệu học tập, dự án sáng tạo thoải mái.
Hiệu năng ổn định, bộ nhớ đáp ứng nhiều nhu cầu sử dụng
Hệ điều hành HarmonyOS 4.3 mang đến giao diện và tính năng trực quan, tiện lợi, cá nhân hóa hơn theo thói quen của người dùng. SuperHub là kho tạm để người dùng lưu tạm dữ liệu rồi kéo thả nhanh sang nơi mong muốn. Floating Windows tối ưu thời gian với khả năng mở và điều chỉnh kích thước nhiều cửa sổ cùng lúc.
Thiết kế mỏng nhẹ với màn hình PaperMatte rõ nét
Máy tính bảng HUAWEI MatePad 11.5 S 2026 có thiết kế kim loại với hai tuỳ chọn màu Xanh và Xám Không Gian mang lại diện mạo bền chắc, sang trọng. Thiết bị có độ dày 6,1mm và trọng lượng 515g để người dùng mang theo máy trong túi xách hay cầm tay thoải mái suốt cả ngày dài.
Màn hình PaperMatte 11.5 inch ứng dụng kỹ thuật khắc nano chính xác, giảm hiện tượng lóa bề mặt đến 50% và loại bỏ phần lớn nhiễu sáng từ môi trường. Nhờ đó, màn hình vẫn hiển thị rõ ràng khi dùng ngoài trời, đồng thời mang lại cảm giác viết và vẽ thoải mái gần giống như trên giấy thật.
Kiểu dáng gọn nhẹ, màn hình hiển thị rõ ràng, dễ nhìn
Đồng thời, màn hình có độ phân giải 2.8K cùng tần số quét thích ứng từ 30Hz đến 144Hz đảm bảo hình ảnh luôn sắc nét và chuyển động mượt mà. Dải màu P3 tái hiện màu sắc trung thực, phục vụ tốt nhu cầu xem phim, đọc sách hay làm thiết kế đồ hoạ của người dùng.
M-Pencil Pro và bàn phím hiện đại, tương thích tối ưu
Máy tính bảng HUAWEI MatePad 11.5 S 2026 tương thích với M-Pencil Pro đi kèm ba loại đầu bút chuyên dụng, đáp ứng nhiều tác vụ từ viết tay đến sáng tạo chi tiết. Đi cùng với GoPaint tích hợp kho tài nguyên miễn phí đa dạng, người dùng có thể dùng bút sắp xếp công cụ và tùy chỉnh không gian sáng tạo theo ý muốn. 
HUAWEI M-Pencil Pro sáng tạo nhanh và tiện lợi hơn
Ngoài ra, bút được sạc bằng cách gắn trực tiếp lên cạnh máy tính bảng, không cần cáp hay phụ kiện sạc rời để tối ưu trải nghiệm sử dụng tiện lợi của người dùng. Bàn phím từ tính tháo lắp nhanh chóng giúp chuyển đổi giữa chế độ tablet và laptop chỉ trong vài giây, đáp ứng nhu cầu khi cần sử dụng thiết bị như một chiếc PC.
Pin 8800mAh bền bỉ, camera sau 13 MP ghi hình ổn định
Máy tính bảng HUAWEI MatePad 11.5 S 2026 có viên pin 8800 mAh đủ năng lượng cho một ngày sử dụng liên tục mà không cần lo tìm ổ cắm. Khi cần sạc, người dùng sẽ có thể nhanh chóng trở lại với công nghệ nhờ vào công nghệ sạc nhanh 40W rút ngắn đáng kể thời gian chờ so với sạc thông thường
Sử dụng tiện lợi với pin 8800mAh và sạc nhanh 
Sản phẩm được trang bị camera sau 13MP với khẩu độ f/1.8 và lấy nét tự động cho hình ảnh rõ ràng trong nhiều điều kiện ánh sáng khác nhau. Camera trước 8 MP với khẩu độ f/2.0 có khả năng cung cấp hình ảnh đủ sắc nét cho các cuộc gọi video nhóm hoặc buổi học trực tuyến của người dùng.
So sánh máy tính bảng HUAWEI MatePad 11.5 S 2026 với HUAWEI MatePad 11.5'' S
Việc chọn đúng thế hệ tablet phù hợp phụ thuộc nhiều vào nhu cầu sử dụng thực tế của từng người. Bảng dưới đây đối chiếu các thông số chính giữa máy tính bảng HUAWEI MatePad 11.5 S 2026 và phiên bản tiền nhiệm để người dùng tham khảo:
Thông số
Huawei Matepad 11.5 S 2026 12GB 256GB kèm bút bàn phím
Máy Tính Bảng Huawei Matepad 11.5''S 8GB 256GB
Kích thước màn hình
11.5 inches
11.5 inches
Công nghệ màn hình
LCD
TFT LCD
Camera sau
13 MP (khẩu độ f/1.8, AF)
13 MP, f/1.8, AF
Camera trước
8 MP (khẩu độ f/2.0, FF)
8 MP, f/2.0, FF
Dung lượng RAM
12 GB
8 GB
Pin
8800 mAh
8800 mAh
Hệ điều hành
Harmony 4.3
HarmonyOS 4.2
Độ phân giải màn hình
2800 x 1840 pixels
2800 x 1840 pixels
Tính năng màn hình
Tốc độ làm mới thích ứng 30 ~ 144 Hz
Tỷ lệ khung hình 3:2
Độ tương phản 1500:1
Độ sáng 500 nit
Gam màu rộng P3
Tốc độ làm mới 144 Hz
Tỷ lệ khung hình 3:2
291 PPI
Độ tương phản 1500: 1
500 nit
16,7 triệu màu, gam màu rộng P3
Điểm khác biệt lớn của phiên bản 2026 nằm ở RAM tăng từ 8GB lên 12GB và hệ điều hành HarmonyOS mới. Đồng thời, tuỳ chọn lưu trữ 512GB cũng là lợi thế mà thế hệ trước chưa có. Vì vậy, thiết bị bản 2026 sẽ phù hợp với người dùng ưu tiên khả năng đa tác vụ và không gian lưu trữ lớn hơn.
HUAWEI MatePad 11.5 S 2026 đa nhiệm cao hơn
Mua ngay máy tính bảng HUAWEI MatePad 11.5 S 2026 giá tốt tại CellphoneS
Khi mua máy tính bảng HUAWEI MatePad 11.5 S 2026 tại CellphoneS, khách hàng được hưởng ưu đãi giảm giá trực tiếp hấp dẫn. Khi chọn mua, khách hàng được hưởng bảo hành do hãng cung cấp để an tâm sử dụng lâu dài. Đội ngũ tư vấn chủ động đồng hành, hỗ trợ khách tìm được phiên bản phù hợp. Đến hệ thống CellphoneS trên toàn quốc để chọn mua tablet HUAWEI chính hãng với giá hấp dẫn.","{""Màn hình"": [{""name"": ""Kích thước màn hình"", ""value"": ""11.5 inches""}, {""name"": ""Công nghệ màn hình"", ""value"": ""LCD""}, {""name"": ""Độ phân giải màn hình"", ""value"": ""2800 x 1840 pixels""}, {""name"": ""Tính năng màn hình"", ""value"": ""Tốc độ làm mới thích ứng 30 ~ 144 Hz\nTỷ lệ khung hình 3:2\nĐộ tương phản 1500:1\nĐộ sáng 500 nit\nGam màu rộng P3""}], ""Camera sau"": [{""name"": ""Camera sau"", ""value"": ""13 MP (khẩu độ f/1.8, AF)""}], ""Camera trước"": [{""name"": ""Camera trước"", ""value"": ""8 MP (khẩu độ f/2.0, FF)""}], ""RAM & lưu trữ"": [{""name"": ""Dung lượng RAM"", ""value"": ""12 GB""}], ""Pin & công nghệ sạc"": [{""name"": ""Pin"", ""value"": ""8800 mAh""}, {""name"": ""Công nghệ sạc"", ""value"": ""Bộ sạc 10V/4A (Tối đa 40W)""}], ""Tính năng khác"": [{""name"": ""Hệ điều hành"", ""value"": ""Harmony 4.3""}], ""Kích thước & Trọng lượng"": [{""name"": ""Kích thước"", ""value"": ""177,3 x 261,0 x 6,1 mm""}, {""name"": ""Trọng lượng"", ""value"": ""515g""}], ""Tiện ích khác"": [{""name"": ""Các loại cảm biến"", ""value"": ""Con quay hồi chuyển, Cảm biến trọng lực""}], ""Cổng kết nối"": [{""name"": ""Wi-Fi"", ""value"": ""802.11a/b/g/n/ac/ax, 2 × 2 MIMO\n2,4 GHz và 5 GHz""}, {""name"": ""Bluetooth"", ""value"": ""5.2, hỗ trợ BLE, hỗ trợ AAC, LDAC""}], ""Thông số khác"": [{""name"": ""Công nghệ âm thanh"", ""value"": ""4 loa, HUAWEI Histen 9.0""}]}","[""https://cdn2.cellphones.com.vn/x/media/catalog/product/h/u/huawei-matepad-11-5-s-2026_1.jpg"", ""https://cdn2.cellphones.com.vn/x/media/catalog/product/m/a/may-tinh-bang-huawei-matepad-11-5-s-2026-2.jpg"", ""https://cdn2.cellphones.com.vn/x/media/catalog/product/m/a/may-tinh-bang-huawei-matepad-11-5-s-2026-1.jpg""]","{""product_color_1"": {""color"": ""Xám"", ""image_url"": ""https://cellphones.com.vn/may-tinh-bang-huawei-matepad-11-5-s-2026.html?product_id=128612"", ""price"": ""13.290.000₫""}}"
Máy tính bảng Huawei MatePad 11.5 inch 6GB 128GB,may-tinh-bang-huawei-matepad-11-5-inch-6gb-128gb-khong-ban-phim,6.568.000đ,5.990.000đ,"Đặc điểm nổi bật
Máy tính bảng Huawei MatePad 11.5 inch 6GB 128GB không bàn phím nổi bật với màn hình PaperMatte 2.5K mang đến hình ảnh vừa sắc nét vừa dễ chịu cho mắt. Thiết bị có RAM 6GB, bộ nhớ 128GB, thiết bị máy tính bảng Huawei đáp ứng trọn vẹn nhu cầu sử dụng của người dùng. Với form máy nhỏ gọn, người dùng dễ dàng mang đi khắp mọi nơi.
Nội dung chính
1. Máy tính bảng Huawei MatePad 11.5 inch 6GB 128GB không bàn phím - Sức mạnh tối ưu cho mọi tác vụ
1.1. Cấu hình mạnh mẽ, đa tác vụ cùng lúc
1.2. Thiết kế mỏng 6,1mm, màn hình FullView 11.5 inch
2. Mua ngay máy tính bảng Huawei MatePad 11.5 inch 6GB 128GB không bàn phím mới tinh tại CellphoneS
Máy tính bảng Huawei MatePad 11.5 inch 6GB 128GB không bàn phím - Sức mạnh tối ưu cho mọi tác vụ
Huawei MatePad 11.5 inch là mẫu máy tính bảng được thiết kế hướng đến trải nghiệm sử dụng linh hoạt cho cả công việc lẫn giải trí. Nhờ đó, sản phẩm phục vụ hiệu quả từng nhu cầu sử dụng khác nhau của từng nhóm người dùng.
Cấu hình mạnh mẽ, đa tác vụ cùng lúc
Máy tính bảng Huawei MatePad 11.5 inch 6GB 128GB không bàn phím được trang bị chip Kirin T80 Octa-core cùng 6GB RAM, cho hiệu năng xử lý tác vụ mạnh mẽ. Dù người dùng lướt web, xem phim, gaming hay mở nhiều ứng dụng cùng lúc, máy vẫn phản hồi nhanh nhạy, không đứng hình.
Cấu hình mạnh mẽ, gaming mượt mà
Đi kèm bộ nhớ trong 128GB, Huawei MatePad 11.5 inch mở ra không gian rộng rãi để người dùng thoải mái lưu trữ ảnh, video hay ứng dụng yêu thích. Với dung lượng dư dả này, chiếc máy tính bảng sẵn sàng đồng hành cho mọi nhu cầu sử dụng hằng ngày của người dùng mà không lo thiếu bộ nhớ.
Thiết kế mỏng 6,1mm, màn hình FullView 11.5 inch
Máy tính bảng Huawei MatePad 11.5 inch 6GB 128GB không bàn phím được chế tác từ hợp kim nhôm nguyên khối, được hoàn thiện tỉ mỉ, cho cầm nắm đầm tay. Với trọng lượng chỉ 515g cùng độ mỏng 6,1mm, thiết bị rất gọn nhẹ và tiện lợi để người dùng mang theo trong mọi hoạt động hằng ngày.
Màn hình 11.5 inch với độ phân giải 2.5K
Máy được trang bị màn hình FullView 11.5 inch có độ phân giải 2.5K cùng màu sắc chuẩn 100% sRGB, giúp hình ảnh được hiển thị sắc nét, thu hút. Đi kèm tốc độ làm mới 120Hz, màn hình tái tạo chuyển động một cách trơn tru. Với PaperMatte giúp loại bỏ 99% độ nhiễu sáng, máy cho phép người dùng đọc và giải trí dịu mắt, thoải mái hơn.
Mua ngay máy tính bảng Huawei MatePad 11.5 inch 6GB 128GB không bàn phím mới tinh tại CellphoneS
Máy tính bảng Huawei MatePad 11.5 inch 6GB 128GB không bàn phím đang được bày bán tại CellphoneS với tình trạng nguyên seal. Thiết bị được bảo hành đầy đủ từ hãng nên khách hàng không phải lo trục trặc khi sử dụng. Với mức giá cạnh tranh và trả góp linh hoạt từ CellphoneS, khách hàng hoàn toàn dễ dàng việc mua được chiếc máy này. Nhanh chân đến CellphoneS để sở hữu chiếc tablet Huawei chất lượng.","{""Màn hình"": [{""name"": ""Kích thước màn hình"", ""value"": ""11.5 inches""}, {""name"": ""Công nghệ màn hình"", ""value"": ""TFT LCD""}, {""name"": ""Độ phân giải màn hình"", ""value"": ""2200 x 1.440 pixel""}, {""name"": ""Tính năng màn hình"", ""value"": ""Tần số quét thông minh 60/90/120Hz\nĐộ bão hòa 16.7 triệu màu\n100% sRGB\n229 PPI\nTỷ lệ hiển thị 86%""}], ""Camera sau"": [{""name"": ""Camera sau"", ""value"": ""13 MP (khẩu độ f/1.8, AF)""}, {""name"": ""Quay video"", ""value"": ""3840 × 2160 pixel (4K@30fps)""}, {""name"": ""Tính năng camera"", ""value"": ""Làm đẹp\nToàn cảnh\nĐiều khiển bằng âm thanh\nHẹn giờ\nTua nhanh thời gian\nHình mờ\nTài liệu\nỐng kính AI""}], ""Camera trước"": [{""name"": ""Camera trước"", ""value"": ""8 MP (khẩu độ f/2.2, tiêu cự cố định)""}, {""name"": ""Quay video trước"", ""value"": ""1920 × 1080 pixel (1080p@30fps)""}], ""Vi xử lý & đồ họa"": [{""name"": ""Chipset"", ""value"": ""Kirin T80, Octa-core""}], ""RAM & lưu trữ"": [{""name"": ""Dung lượng RAM"", ""value"": ""6 GB""}, {""name"": ""Bộ nhớ trong"", ""value"": ""128 GB""}], ""Pin & công nghệ sạc"": [{""name"": ""Pin"", ""value"": ""7700 mAh (giá trị định mức 7600 mAh)""}, {""name"": ""Công nghệ sạc"", ""value"": ""Hỗ trợ sạc nhanh 10V/2.25A, tương thích 9V/2A""}, {""name"": ""Cổng sạc"", ""value"": ""USB Type-C""}], ""Tính năng khác"": [{""name"": ""Hệ điều hành"", ""value"": ""HarmonyOS 4.2""}], ""Kích thước & Trọng lượng"": [{""name"": ""Kích thước"", ""value"": ""260.88 x 176.82 x 6.85 mm""}, {""name"": ""Trọng lượng"", ""value"": ""499g (bao gồm pin)""}], ""Thiết kế & Trọng lượng"": [{""name"": ""Chất liệu mặt lưng"", ""value"": ""Kim loại""}, {""name"": ""Chất liệu khung viền"", ""value"": ""Kim loại""}], ""Thông số khác"": [{""name"": ""Tương thích"", ""value"": ""Bút cảm ứng Huawei M-Pencil (thế hệ 2)\nBàn phím Huawei Smart Keyboard""}, {""name"": ""Công nghệ - Tiện ích"", ""value"": ""Ghi chú trực tiếp\nChia đôi màn hình\nSuperHub truyền tập tin nhanh""}, {""name"": ""Công nghệ âm thanh"", ""value"": ""HUAWEI Histen 9.0, 4 loa, 2 micrô""}], ""Tiện ích khác"": [{""name"": ""Các loại cảm biến"", ""value"": ""Cảm biến ánh sáng, Cảm biến trọng lực""}], ""Cổng kết nối"": [{""name"": ""Wi-Fi"", ""value"": ""Wi-Fi 6 (802.11ax), 2x2 MIMO, HE160""}, {""name"": ""Bluetooth"", ""value"": ""v5.2, BLE, SBC, AAC, LDAC HD Audio""}]}","[""https://cdn2.cellphones.com.vn/x/media/catalog/product/m/a/may-tinh-bang-huawei-matepad-11-5-inch_5__2_2.png"", ""https://cdn2.cellphones.com.vn/x/media/catalog/product/m/a/may-tinh-bang-huawei-matepad-11-5-inch_6__2_2.png"", ""https://cdn2.cellphones.com.vn/x/media/catalog/product/m/a/may-tinh-bang-huawei-matepad-11-5-inch_2__3_2_2.png""]","{""product_color_1"": {""color"": ""Xám"", ""image_url"": ""https://cellphones.com.vn/may-tinh-bang-huawei-matepad-11-5-inch-6gb-128gb-khong-ban-phim.html?product_id=118265"", ""price"": ""5.990.000₫""}}"
Máy Tính Bảng Huawei Matepad 11.5''S 8GB 256GB,may-tinh-bang-huawei-matepad-11-5-s,14.490.000đ,11.770.000đ,"Đặc điểm nổi bật
Huawei MatePad 11.5S là chiếc máy tính bảng mới ra mắt được trang bị chip Kirin 9000WL, dung lượng RAM 8GB cùng bộ nhớ trong 256GB. Máy sử dụng màn hình TFT LCD (paper mate) với kích thước 11.5 inch, độ sắc nét 2.8K (2800x1840px) và tốc độ làm mới 144Hz. Máy trang bị pin 8800mAh, có camera sau 13MP và trước 8MP. 
Nội dung chính
1. Vì sao nên mua máy tính bảng Huawei Matepad 11.5''S?
2. Đánh giá Huawei MatePad 11.5""S - Mạnh mẽ và tinh tế
2.1. Sức mạnh vượt trội với Kirin 9000WL và RAM 8GB
2.2. Thiết kế tinh tế hiện đại, màn hình TFT LCD (paper mate) 11.5 inch 144Hz
2.3. Hỗ trợ bút cảm ứng, hệ điều hành HarmonyOS 4.2 tân tiến
2.4. Lượng pin trâu 8800mAh, trang bị camera sau 13MP, trước 8MP
3. Hướng dẫn cách cài GBox trên Huawei MatePad 11.5S chi tiết
4. Mua tablet Huawei MatePad 11.5S giá rẻ tại CellphoneS
Vì sao nên mua máy tính bảng Huawei Matepad 11.5''S?
Huawei Matepad 11.5''S là mẫu máy tính bảng đến từ Huawei sở hữu một cấu hình vượt trội tối ưu cho nhu cầu sử dụng. Một vài điểm nổi bật trên mẫu tablet này để người dùng nên mua phải kể đến như:
- Màn hình 144Hz, bút cảm ứng: Hiển thị rõ nét, ghi chu như trên giấy, ghi chú - soạn thảo dễ dàng
- Chip Kirin 9000WL: Cho hiệu năng mượt mà ở nhiều nhu cầu dùng
- 4 loa âm thanh: Trải nghiệm giải trí âm thanh sống động
Đánh giá Huawei MatePad 11.5""S - Mạnh mẽ và tinh tế
Máy tính bảng Huawei MatePad 11.5S là mẫu tablet mới đến từ thương hiệu Huawei, gây ấn tượng với những nâng cấp vượt trội về cấu hình. Với vẻ ngoài tinh tế kết hợp hiệu năng mạnh mẽ, sản phẩm máy tính bảng Huawei này đang trở thành lựa chọn hàng đầu trong phân khúc máy tính bảng tầm trung.
Sức mạnh vượt trội với Kirin 9000WL và RAM 8GB
Máy tính bảng Huawei MatePad 11.5S sử dụng CPU Kirin 9000WL, mang đến hiệu năng vượt trội cho mọi tác vụ. Với con chip này, tablet có thể thực hiện được mượt mà trong nhiều tác vụ khác nhau từ làm việc tới giải trí.
Kết hợp với Kirin 9000WL là dung lượng RAM 8GB cho khả năng xử lý đa nhiệm tốt. Với những điều trên, Huawei MatePad 11.5S sẽ không gặp khó khăn trong việc xử lý những tác vụ phức tạp hằng ngày. Ngoài ra, máy tính bảng còn có không gian lưu trữ lớn với dung lượng 256GB, dễ dàng đáp ứng được nhu cầu của số đông khách hàng.
Thiết kế tinh tế hiện đại, màn hình TFT LCD (paper mate) 11.5 inch 144Hz
Ngoài hiệu năng vượt trội, tablet Huawei MatePad 11.5""S còn khiến người dùng ấn tượng với vẻ ngoài tinh tế. Máy được phủ một lớp màu xám hiện đại, kích thước chỉ khoảng 177.3 x 261 x 6.2 mm và khối lượng 510g. Đồng thời, tỷ lệ màn hình của tablet so với thân máy lên đến 86%, thành công đem đến trải nghiệm xem rộng rãi và thoải mái.
Một ưu điểm khác phải kể đến, Huawei MatePad 11.5S được trang bị màn hình TFT LCD với độ sắc nét 2.8k (2800x1840px). Màn hình này có độ sáng 500 nits, hỗ trợ 16.7 triệu màu và gam màu P3 rộng cho chất lượng hiển thị chân thực. Ấn tượng hơn, màn hình có tốc độ làm mới lên đến 144Hz, đem đến sự mượt mà tuyệt vời trong từng thao tác và chuyển động hình ảnh.
Hỗ trợ bút cảm ứng, hệ điều hành HarmonyOS 4.2 tân tiến
Máy tính bảng Huawei MatePad 11.5S hỗ trợ bút cảm ứng (Không kèm sẵn máy, người dùng cần mua riêng), giúp người dùng dễ dàng viết, vẽ trực tiếp lên màn hình. Bút có độ nhạy cao và khả năng phản hồi nhanh, mang lại trải nghiệm viết tay tự nhiên và chính xác. Bên cạnh đó, máy chạy trên hệ điều hành HarmonyOS 4.2, nổi bật với giao diện trực quan cùng với nhiều tính năng thông minh.
Lượng pin trâu 8800mAh, trang bị camera sau 13MP, trước 8MP
Pin của máy tính bảng Huawei MatePad 11.5S có dung lượng 8800mAh, và đây cũng là một ưu điểm lớn của sản phẩm. Với con số 8800mAh này, máy có thể phục vụ tốt cho nhu cầu sử dụng lên đến cả ngày dài mà không cần sạc.  
Tuy không được thiết kế để chuyên phục vụ cho việc quay chụp, nhưng hệ thống ống kính của sản phẩm cũng khá chất lượng. Cụ thể, Huawei MatePad 11.5S được trang bị camera sau 13MP với khẩu độ f/1.8, hỗ trợ lấy nét tự động (AF) và đa dạng chế độ chụp. Camera trước 8MP với khẩu độ f/2.0 cũng mang lại hình ảnh rõ nét cho các cuộc gọi video và chụp ảnh selfie.
Hướng dẫn cách cài GBox trên Huawei MatePad 11.5S chi tiết
Là một tablet sở hữu cấu hình vượt trội nhưng nhiều người dùng lo lắng về khả năng sử dụng các dịch vụ Google trên thiết bị này. Điều này người dùng hoàn toàn có thể yên tâm khi cài đặt thêm Gbox, thiết bị có thể truy cập tốt những ứng dụng Google phổ biến như YouTube, Google Maps hay gmail. Chi tiết cách cài GBox trên Huawei MatePad 11.5S như sau:
Bước 1: Truy cập vào ứng dụng Gallery trên màn hình chính
Bước 2: Nhập từ khóa GBox vào thanh tìm kiếm (Góc trên bên phải) và tải về ứng dụng
Bước 3: Khởi động ứng dụng GBox vừa cài đặt, chọn đến mục Installed Apps và mở ứng dụng Cửa hàng Google Play
Bước 4: Tiến hành đăng nhập vào tài khoản Google, sau khi đăng nhập thành công hệ thống sẽ chuyển về màn hình chính của Play Store
Bước 5: Tải và cài đặt các ứng dụng cần thiết từ Play Store một cách bình thường. (Trong lần cài đặt đầu tiên, người dùng cần cấp quyền cài đặt cho Gbox và tiếp tục chọn cài đặt)
Sau khi cài đặt thành công, các ứng dụng có thể được truy cập nhanh từ lối tắt từ màn hình chính.
Mua tablet Huawei MatePad 11.5S giá rẻ tại CellphoneS
Máy tính bảng Huawei MatePad 11.5""S là lựa chọn hấp dẫn cho những khách hàng đang tìm kiếm một thiết bị mạnh mẽ và đa năng. Hiện nay, chiếc máy tính bảng tuyệt vời nay đang được mở bán tại các cửa hàng CellphoneS với giá cả cạnh tranh. Do đó, hãy nhanh chóng đến CellphoneS để được sở hữu Huawei MatePad 11.5S chính hãng đi kèm nhiều chương trình ưu đãi tuyệt vời.","{""Màn hình"": [{""name"": ""Kích thước màn hình"", ""value"": ""11.5 inches""}, {""name"": ""Công nghệ màn hình"", ""value"": ""TFT LCD""}, {""name"": ""Độ phân giải màn hình"", ""value"": ""2800 x 1840 pixels""}, {""name"": ""Tính năng màn hình"", ""value"": ""Tốc độ làm mới 144 Hz\nTỷ lệ khung hình 3:2\n291 PPI\nĐộ tương phản 1500: 1\n500 nit\n16,7 triệu màu, gam màu rộng P3""}], ""Camera sau"": [{""name"": ""Camera sau"", ""value"": ""13 MP, f/1.8, AF""}, {""name"": ""Quay video"", ""value"": ""1920 × 1080 pixel""}, {""name"": ""Tính năng camera"", ""value"": ""Làm đẹp\nToàn cảnh\nĐiều khiển âm thanh\nHẹn giờ\nTua nhanh thời gian\nHình mờ\nTài liệu""}], ""Camera trước"": [{""name"": ""Camera trước"", ""value"": ""8 MP, f/2.0, FF""}, {""name"": ""Quay video trước"", ""value"": ""1920 × 1080 pixel""}], ""Vi xử lý & đồ họa"": [{""name"": ""Chipset"", ""value"": ""Kirin 9000WL, Octa-core""}, {""name"": ""GPU"", ""value"": ""Adreno™ 650""}], ""RAM & lưu trữ"": [{""name"": ""Dung lượng RAM"", ""value"": ""8 GB""}, {""name"": ""Bộ nhớ trong"", ""value"": ""256 GB""}], ""Pin & công nghệ sạc"": [{""name"": ""Pin"", ""value"": ""8800 mAh""}, {""name"": ""Công nghệ sạc"", ""value"": ""Sạc nhanh 10V/2.25A\nTương thích với sạc nhanh 9V/2A""}, {""name"": ""Cổng sạc"", ""value"": ""USB Type-C""}], ""Tính năng khác"": [{""name"": ""Hệ điều hành"", ""value"": ""HarmonyOS 4.2""}], ""Bộ xử lý & Đồ họa"": [{""name"": ""Loại CPU"", ""value"": ""Octa-core, 1 × Cortex-A77@3.2 GHz + 3 × Cortex-A77@2.42 GHz + 4 × Cortex-A55@1.8 GHz""}], ""Kích thước & Trọng lượng"": [{""name"": ""Kích thước"", ""value"": ""177.3 x 261.0 x 6.2 mm""}, {""name"": ""Trọng lượng"", ""value"": ""510 g""}], ""Thông số khác"": [{""name"": ""Tương thích"", ""value"": ""Bút Cảm Ứng M-Pencil\nBàn phím thông minh HUAWEI""}, {""name"": ""Công nghệ âm thanh"", ""value"": ""4 loa""}], ""Giao tiếp & kết nối"": [{""name"": ""Jack tai nghe 3.5"", ""value"": ""Không""}], ""Tiện ích khác"": [{""name"": ""Các loại cảm biến"", ""value"": ""Cảm biến ánh sáng, Con quay hồi chuyển, Cảm biến trọng lực""}], ""Cổng kết nối"": [{""name"": ""Wi-Fi"", ""value"": ""802.11a/b/g/n/ac/ax, 2 × 2 MIMO\n2.4 GHz và 5 GHz""}, {""name"": ""Bluetooth"", ""value"": ""v5.2, BLE, AAC, LDAC""}]}","[""https://cdn2.cellphones.com.vn/x/media/catalog/product/m/_/m_y_t_nh_b_ng_huawei_matepad_11.5s_-_1_1_1.png"", ""https://cdn2.cellphones.com.vn/x/media/catalog/product/m/_/m_y_t_nh_b_ng_huawei_matepad_11.5s_-_2_1.png"", ""https://cdn2.cellphones.com.vn/x/media/catalog/product/m/_/m_y_t_nh_b_ng_huawei_matepad_11.5s_-_3_1.png""]","{""product_color_1"": {""color"": ""Xám"", ""image_url"": ""https://cellphones.com.vn/may-tinh-bang-huawei-matepad-11-5-s.html?product_id=87742"", ""price"": ""11.770.000₫""}}"
Máy tính bảng Huawei MatePad 11.5 inch 8GB 256GB - Kèm bàn phím,may-tinh-bang-huawei-matepad-11-5-inch,9.490.000đ,8.830.000đ,"Đặc điểm nổi bật
Huawei Matepad 11.5 hỗ trợ hiển thị hình ảnh chất lượng cao với độ phân giải 2200 x 1440 pixel trên màn hình TFT LCD 11.5 inches 120Hz. Chipset được tích hợp trên thế hệ Huawei tablet này là KirinT80 sẽ được đi kèm với mức dung lượng RAM 8GB và bộ nhớ trong 256GB, cung cấp khả năng xử lý đa tác vụ siêu mượt mà và lưu trữ rộng rãi. Đặc biệt hơn, sản phẩm máy tính bảng Huawei còn hỗ trợ sử dụng lâu dài trong các tác vụ nặng nhờ sở hữu viên pin dung lượng 7700 mAh.
Nội dung chính
1. Vì sao nên mua máy tính bảng Huawei MatePad 11.5 sử dụng?
2. So sánh Huawei MatePad 11.5 với Huawei MatePad 11.5S chi tiết
3. Máy tính bảng Huawei MatePad 11.5 - Thiết kế thời trang, chất lượng hiển thị rõ nét
3.1. Cấu hình ổn định với chip KirinT80 cao cấp, dung lượng bộ nhớ cỡ lớn
3.2. Kiểu dáng thanh lịch, chất lượng hiển thị rõ nét, mượt mà hàng đầu
3.3. Kết nối và tương thích tốt với bút cảm ứng và bàn phím tháo rời
3.4. PaperMatte Edition - màn hình nhám mờ cho trải nghiệm chân thực
3.5. Tính năng Note Replay cực tiện lợi
4. Hướng dẫn cài Gbox để sử dụng ứng dụng Google trên Huawei MatePad 11.5 2025
5. Mua máy tính bảng Huawei MatePad 11.5 PaperMatte 2025 chính hãng tại CellphoneS
Vì sao nên mua máy tính bảng Huawei MatePad 11.5 sử dụng?
Huawei MatePad 11.5 phiên bản 2025 là mẫu máy tính bảng cao cấp sở hữu nhiều tính năng vượt trội để trải nghiệm như: 
Màn hình PaperMatte loại bỏ nhiễu sáng: Giúp đôi mặt người dùng thoải mái khi sử dụng
Thiết kế chuẩn PC dễ thao tác: Dể sử dụng trong các công việc từ giải trí đến làm việc
Bàn phím tháo rời tiện lợi: Chuyển đổi nhanh chóng giữa tablet và PC
Tính năng Note replay: Hiển thị nội dung âm thanh và viết tay cùng lúc tiện lợi
So sánh Huawei MatePad 11.5 với Huawei MatePad 11.5S chi tiết
Với cùng kích thước màn hình 11.5 inch vậy 2 mẫu MatePad này có điểm gì khác biệt, hãy cùng so sánh chi tiết sau đây:
Tiêu chí
Huawei MatePad 11.5 2025
Huawei MatePad 11.5 S
Màu sắc
Xám không gian
Xám không gian, Bạc sương mờ, Tím
Trong lượng
499 g
510 g 
Màn hình
TFT LCD 11.5 inch 2.2K
PaperMatte
TFT LCD 11.5 inch 2.8K
PaperMatte
CPU
KirinT80, Octa-core
Kirin 9000WL, Octa-core
Hệ điều hành
HarmonyOS 4.2
HarmonyOS 4.2
RAM
8GB
8GB
Bộ nhớ trong
256GB
256 GB
Pin 
7700 mAh
8800 mAh
Camera chính
13 MP
13 MP (khẩu độ f/1.8, AF)
HUAWEI Notes
Có
Có
Máy tính bảng Huawei MatePad 11.5 - Thiết kế thời trang, chất lượng hiển thị rõ nét
Ngay từ thời điểm vừa mới được ra mắt, máy tính bảng Huawei MatePad 11.5 inch đã dễ dàng trở thành điểm nhấn chú ý, nhận về rất nhiều sự quan tâm trên thị trường tablet. Mọi trải nghiệm về giải trí hay xử lý công việc của người dùng trên dòng Huawei tablet này cũng cực kỳ thú vị, đảm bảo sự tiện lợi, linh hoạt hàng đầu.
Cấu hình ổn định với chip KirinT80 cao cấp, dung lượng bộ nhớ cỡ lớn
Tablet Huawei MatePad 11.5 sở hữu cấu hình mạnh mẽ với vi xử lý KirinT80, quy trình sản xuất tiên tiến. Kèm theo đó là 8GB RAM và bộ nhớ trong 256GB, giúp Huawei MatePad 11.5 dễ dàng đảm bảo hiệu suất xử lý cao trong xử lý công việc, giải trí và khả năng lưu trữ dữ liệu lớn. 
Không những tối ưu cho các tác vụ học tập và làm việc mà cấu hình ấn tượng này của Huawei MatePad 11.5 inch còn cung cấp trải nghiệm chơi game và giải trí vô cùng mượt mà, nhờ vào hỗ trợ Wi-Fi 6 với băng thông rộng.
Kiểu dáng thanh lịch, chất lượng hiển thị rõ nét, mượt mà hàng đầu
Về mặt tạo hình phía ngoài, Huawei MatePad 11.5 inch dễ dàng nổi bật hơn so với các thế hệ tiền nhiệm nhờ sở hữu thiết kế kim loại nguyên khối từ hợp kim nhôm, mang lại vẻ ngoài sang trọng và cảm giác chắc chắn. Sở hữu trọng lượng chỉ 499g và có độ dày 6,85 mm, Huawei tablet MatePad 11.5 có thể dễ dàng cất gọn vào bên trong balo, túi xách, đảm bảo đem tới nhiều sự thuận tiện cho việc di chuyển. 
Chưa hết, điểm cộng của Huawei MatePad 11.5 còn nằm ở màn hình FullView 11.5 inch có tỷ lệ màn hình so với thân máy là 86%, và sử dụng tỷ lệ 3:2, cung cấp không gian hiển thị rộng rãi. Các thông số hiển thị ấn tượng trên Huawei MatePad mới này sẽ còn đặc biệt hơn khi được tích hợp kèm độ phân giải hình ảnh chuẩn 2200 x 1440 pixel và tốc độ làm mới 120 Hz, góp phần mang lại trải nghiệm xem mượt mà và sắc nét.
Kết nối và tương thích tốt với bút cảm ứng và bàn phím tháo rời
Không chỉ được đánh giá cao qua cấu hình mạnh mẽ mà Huawei MatePad 11.5 còn nổi bật với khả năng tương thích cao với các phụ kiện như Huawei M-Pencil và Detachable Keyboard.
So với các ấn phẩm tablet trước đó, Huawei MatePad 11.5 Paper Mate dường như đã được cải tiến tốt hơn về khả năng tương thích phụ kiện, đặc biệt là với bút cảm ứng Huawei M-Pencil và bàn phím Keyboard có thể tháo rời. Cụ thể, nhiều phím tắt trên dòng bàn phím Huawei tháo rời này đều có thể được thao tác và hoạt động tương tự trên PC khi được kết nối với Huawei MatePad 11.5 inch , cung cấp cảm giác gõ phím quen thuộc và thoải mái hàng đầu. 
Ngoài ra, máy tính bảng Huawei mới này cũng hỗ trợ ghi chú chuyên nghiệp. Nhờ đó mà, người dùng có thể thực hiện xử lý công việc hiệu quả hơn mà không phải thao tác gõ nhập quá nhiều.
Lưu Ý: Phụ kiện như bút cảm ứng người dùng sẽ phải mua riêng
PaperMatte Edition - màn hình nhám mờ cho trải nghiệm chân thực
Máy tính bảng Huawei MatePad 11.5 trang bị công nghệ màn hình PaperMatte tiên tiến, mang lại trải nghiệm gần như trên giấy thật khi đọc sách, ghi chú hoặc vẽ. Nhờ bề mặt nhám mờ và độ phản xạ thấp, màn hình giúp hạn chế tình trạng mỏi mắt khi sử dụng trong thời gian dài, đặc biệt phù hợp với những ai làm việc với tài liệu hoặc sáng tạo nội dung số.
Không chỉ cải thiện trải nghiệm thị giác, màn hình này còn được tích hợp công nghệ khắc chống chói nano, loại bỏ đến 97% nhiễu ánh sáng, dễ dàng thao tác ngay cả dưới ánh nắng trực tiếp. Đồng thời, lớp phủ quang nano nhiều tầng giúp giảm độ phản, đảm bảo độ chi tiết và độ chính xác màu sắc cao với độ chân thực hơn bao giờ hết. 
Không chỉ mang lại chất lượng hiển thị sắc nét, tablet Huawei MatePad 11.5 còn được trang bị các công nghệ bảo vệ mắt tiên tiến. Màn hình của máy đã đạt chứng nhận từ TÜV Rheinland và SGS, đảm bảo khả năng lọc ánh sáng xanh, hạn chế nguy cơ mỏi mắt và bảo vệ thị lực hiệu quả.
Ngoài ra, thiết bị còn được tích hợp công nghệ chống nhấp nháy thông minh, giúp loại bỏ hiện tượng màn hình nhấp nháy ở mọi mức độ sáng. Nhờ những cải tiến này, MatePad 11.5"" mang lại trải nghiệm nhìn thoải mái hơn, đáp ứng tốt nhu cầu học tập, làm việc lẫn giải trí hàng ngày.
Tính năng Note Replay cực tiện lợi
Máy tính bảng Huawei MatePad 11.5 inch nâng cao khả năng ghi chú với tính năng Note Replay, hỗ trợ ghi lại âm thanh đồng thời với chữ viết tay. Từ đó hỗ trợ không bỏ sót bất kỳ thông tin cần thiết nào trong bài giảng hoặc cuộc họp. Chủ sở hữu có thể phát lại ghi âm và xem lại ghi chú cùng lúc, giúp quá trình ôn tập trở nên trực quan và hiệu quả hơn.
Không chỉ vậy, ứng dụng HUAWEI Notes còn tối ưu giao diện để hiển thị song song nội dung ghi âm và ghi chú viết tay trên màn hình. Các thao tác điều khiển cử chỉ cũng được bổ sung, cho phép chạm hai ngón tay để hoàn tác hoặc chạm ba ngón tay để làm lại, mang lại trải nghiệm ghi chú linh hoạt hơn.
Bên cạnh đó, Huawei tablet MatePad 11.5 còn tích hợp GoPaint 13, một ứng dụng vẽ chuyên dụng trên máy tính bảng và điện thoại, cung cấp bộ công cụ sáng tạo mạnh mẽ. Dù là họa sĩ chuyên nghiệp hay người mới bắt đầu, GoPaint 13 mang đến khả năng tùy chỉnh linh hoạt, giúp người dùng thỏa sức sáng tạo và biến ý tưởng nghệ thuật thành tác phẩm hoàn chỉnh. 
Hướng dẫn cài Gbox để sử dụng ứng dụng Google trên Huawei MatePad 11.5 2025
Để sử dụng Google trên Huawei MatePad 11.5 mới, người dùng cần cài đặt Gbox, chi tiết như sau:
Bước 1: Truy cập AppGallery sau đó tìm kiếm từ khóa Gbox và nhấn chọn cài đặt
Bước 2: Mở Gbox vừa cài đặt, tìm ứng dụng Google Play và nhấn nhận
Bước 3: Kích hoạt Cho phép cài đặt ứng dụng để cho phép cài đặt ứng dụng từ nguồn bên ngoài
Bước 4: Sau khi cài đặt Google Play, tiến hành mở Gbox và chọn Google Play sau đó đăng nhập tài khoản Google
Lúc này, giao diện Google Play xuất hiện, người dùng có thể tải và cài đặt ứng dụng Google muốn sử dụng.
Mua máy tính bảng Huawei MatePad 11.5 PaperMatte 2025 chính hãng tại CellphoneS
Khi đang tìm kiếm một địa điểm mua sắm uy tín cho máy tính bảng Huawei MatePad 11.5 Paper Matte, CellphoneS dường như là cửa hàng phân phối đồ công nghệ chất lượng tốt được nhiều người tiêu dùng tin tưởng mà bạn nên ghé tới. Với sự đa dạng trong các phân khúc tablet, cam kết chất lượng, và dịch vụ hậu mãi chuyên nghiệp, CellphoneS đảm bảo mỗi khách hàng sẽ tìm được sản phẩm ưng ý trong hành trình mua sắm của mình tại cửa hàng. 
Thêm vào đó, giá cả cạnh tranh và chương trình khuyến mãi hấp dẫn làm cho mua sắm tại CellphoneS không chỉ là sự lựa chọn thông minh mà còn rất tiết kiệm. Ghé thăm CellphoneS hôm nay để trải nghiệm mua sắm Huawei MatePad 11.5 với giá siêu tốt nhé bạn ơi!","{""Màn hình"": [{""name"": ""Kích thước màn hình"", ""value"": ""11.5 inches""}, {""name"": ""Công nghệ màn hình"", ""value"": ""TFT LCD (paper matte)""}, {""name"": ""Độ phân giải màn hình"", ""value"": ""2200 x 1.440 pixel""}, {""name"": ""Tính năng màn hình"", ""value"": ""Tần số quét thông minh 60/90/120Hz\nĐộ bão hòa 16.7 triệu màu\n100% sRGB\n229 PPI\nTỷ lệ hiển thị 86%""}], ""Camera sau"": [{""name"": ""Camera sau"", ""value"": ""13 MP (khẩu độ f/1.8, AF)""}, {""name"": ""Quay video"", ""value"": ""3840 × 2160 pixel (4K@30fps)""}, {""name"": ""Tính năng camera"", ""value"": ""Làm đẹp\nToàn cảnh\nĐiều khiển bằng âm thanh\nHẹn giờ\nTua nhanh thời gian\nHình mờ\nTài liệu\nỐng kính AI""}], ""Camera trước"": [{""name"": ""Camera trước"", ""value"": ""8 MP (khẩu độ f/2.2, tiêu cự cố định)""}, {""name"": ""Quay video trước"", ""value"": ""1920 × 1080 pixel (1080p@30fps)""}], ""Vi xử lý & đồ họa"": [{""name"": ""Chipset"", ""value"": ""Kirin T80, Octa-core""}], ""RAM & lưu trữ"": [{""name"": ""Dung lượng RAM"", ""value"": ""8 GB""}, {""name"": ""Bộ nhớ trong"", ""value"": ""256 GB""}], ""Pin & công nghệ sạc"": [{""name"": ""Pin"", ""value"": ""7700 mAh (giá trị định mức 7600 mAh)""}, {""name"": ""Công nghệ sạc"", ""value"": ""Hỗ trợ sạc nhanh 10V/2.25A, tương thích 9V/2A""}, {""name"": ""Cổng sạc"", ""value"": ""USB Type-C""}], ""Tính năng khác"": [{""name"": ""Hệ điều hành"", ""value"": ""HarmonyOS 4.2""}], ""Kích thước & Trọng lượng"": [{""name"": ""Kích thước"", ""value"": ""260.88 x 176.82 x 6.85 mm""}, {""name"": ""Trọng lượng"", ""value"": ""499g (bao gồm pin)""}], ""Thiết kế & Trọng lượng"": [{""name"": ""Chất liệu mặt lưng"", ""value"": ""Kim loại""}, {""name"": ""Chất liệu khung viền"", ""value"": ""Kim loại""}], ""Thông số khác"": [{""name"": ""Tương thích"", ""value"": ""Bút cảm ứng Huawei M-Pencil (thế hệ 2)\nBàn phím Huawei Smart Keyboard""}, {""name"": ""Công nghệ - Tiện ích"", ""value"": ""Ghi chú trực tiếp\nChia đôi màn hình\nSuperHub truyền tập tin nhanh""}, {""name"": ""Công nghệ âm thanh"", ""value"": ""HUAWEI Histen 9.0, 4 loa, 2 micrô""}], ""Tiện ích khác"": [{""name"": ""Các loại cảm biến"", ""value"": ""Cảm biến ánh sáng, Cảm biến trọng lực""}], ""Cổng kết nối"": [{""name"": ""Wi-Fi"", ""value"": ""Wi-Fi 6 (802.11ax), 2x2 MIMO, HE160""}, {""name"": ""Bluetooth"", ""value"": ""v5.2, BLE, SBC, AAC, LDAC HD Audio""}]}","[""https://cdn2.cellphones.com.vn/x/media/catalog/product/m/_/m_y_t_nh_b_ng_huawei_matepad_11.5_inch_-_1.png"", ""https://cdn2.cellphones.com.vn/x/media/catalog/product/m/_/m_y_t_nh_b_ng_huawei_matepad_11.5_inch_-_2.png"", ""https://cdn2.cellphones.com.vn/x/media/catalog/product/m/_/m_y_t_nh_b_ng_huawei_matepad_11.5_inch_-_3.png""]","{""product_color_1"": {""color"": ""Xám"", ""image_url"": ""https://cellphones.com.vn/may-tinh-bang-huawei-matepad-11-5-inch.html?product_id=100023"", ""price"": ""8.830.000₫""}}"
Máy tính bảng Huawei MatePad 11.5 inch 6GB 128GB - Kèm bàn phím,may-tinh-bang-huawei-matepad-11-5-6gb-128gb,6.568.000đ,6.360.000đ,,"{""Màn hình"": [{""name"": ""Kích thước màn hình"", ""value"": ""11.5 inches""}, {""name"": ""Công nghệ màn hình"", ""value"": ""TFT LCD""}, {""name"": ""Độ phân giải màn hình"", ""value"": ""2200 x 1.440 pixel""}, {""name"": ""Tính năng màn hình"", ""value"": ""Tần số quét thông minh 60/90/120Hz\nĐộ bão hòa 16.7 triệu màu\n100% sRGB\n229 PPI\nTỷ lệ hiển thị 86%""}], ""Camera sau"": [{""name"": ""Camera sau"", ""value"": ""13 MP (khẩu độ f/1.8, AF)""}, {""name"": ""Quay video"", ""value"": ""3840 × 2160 pixel (4K@30fps)""}, {""name"": ""Tính năng camera"", ""value"": ""Làm đẹp\nToàn cảnh\nĐiều khiển bằng âm thanh\nHẹn giờ\nTua nhanh thời gian\nHình mờ\nTài liệu\nỐng kính AI""}], ""Camera trước"": [{""name"": ""Camera trước"", ""value"": ""8 MP (khẩu độ f/2.2, tiêu cự cố định)""}, {""name"": ""Quay video trước"", ""value"": ""1920 × 1080 pixel (1080p@30fps)""}], ""Vi xử lý & đồ họa"": [{""name"": ""Chipset"", ""value"": ""Kirin T80, Octa-core""}], ""RAM & lưu trữ"": [{""name"": ""Dung lượng RAM"", ""value"": ""6 GB""}, {""name"": ""Bộ nhớ trong"", ""value"": ""128 GB""}], ""Pin & công nghệ sạc"": [{""name"": ""Pin"", ""value"": ""7700 mAh (giá trị định mức 7600 mAh)""}, {""name"": ""Công nghệ sạc"", ""value"": ""Hỗ trợ sạc nhanh 10V/2.25A, tương thích 9V/2A""}, {""name"": ""Cổng sạc"", ""value"": ""USB Type-C""}], ""Tính năng khác"": [{""name"": ""Hệ điều hành"", ""value"": ""HarmonyOS 4.2""}], ""Kích thước & Trọng lượng"": [{""name"": ""Kích thước"", ""value"": ""260.88 x 176.82 x 6.85 mm""}, {""name"": ""Trọng lượng"", ""value"": ""499g (bao gồm pin)""}], ""Thiết kế & Trọng lượng"": [{""name"": ""Chất liệu mặt lưng"", ""value"": ""Kim loại""}, {""name"": ""Chất liệu khung viền"", ""value"": ""Kim loại""}], ""Thông số khác"": [{""name"": ""Tương thích"", ""value"": ""Bút cảm ứng Huawei M-Pencil (thế hệ 2)\nBàn phím Huawei Smart Keyboard""}, {""name"": ""Công nghệ - Tiện ích"", ""value"": ""Ghi chú trực tiếp\nChia đôi màn hình\nSuperHub truyền tập tin nhanh""}, {""name"": ""Công nghệ âm thanh"", ""value"": ""HUAWEI Histen 9.0, 4 loa, 2 micrô""}], ""Tiện ích khác"": [{""name"": ""Các loại cảm biến"", ""value"": ""Cảm biến ánh sáng, Cảm biến trọng lực""}], ""Cổng kết nối"": [{""name"": ""Wi-Fi"", ""value"": ""Wi-Fi 6 (802.11ax), 2x2 MIMO, HE160""}, {""name"": ""Bluetooth"", ""value"": ""v5.2, BLE, SBC, AAC, LDAC HD Audio""}]}","[""https://cdn2.cellphones.com.vn/x/media/catalog/product/m/_/m_y_t_nh_b_ng_huawei_matepad_11.5_inch_-_1_2.png"", ""https://cdn2.cellphones.com.vn/x/media/catalog/product/m/_/m_y_t_nh_b_ng_huawei_matepad_11.5_inch_-_2_2.png"", ""https://cdn2.cellphones.com.vn/x/media/catalog/product/m/_/m_y_t_nh_b_ng_huawei_matepad_11.5_inch_-_3_2.png""]","{""product_color_1"": {""color"": ""Xám"", ""image_url"": ""https://cellphones.com.vn/may-tinh-bang-huawei-matepad-11-5-6gb-128gb.html?product_id=109206"", ""price"": ""6.360.000₫""}}"
Máy tính bảng Huawei MatePad Pro 12GB 512GB kèm bàn phím,may-tinh-bang-huawei-matepad-pro-12-2-inch,23.990.000đ,20.610.000đ,"Đặc điểm nổi bật
Huawei MatePad Pro 12.2 inch có dung lượng RAM 12GB cùng với hệ điều hành HarmonyOS 4.2 mang lại hiệu suất mạnh mẽ khi dùng. Kết hợp với bộ nhớ trong (ROM) dung lượng 512GB giúp máy tính bảng Huawei này có thể đáp ứng nhu cầu lưu trữ các tài liệu khác nhau. Màn hình Tandem OLED PaperMatte được thiết kế để mang lại trải nghiệm hiển thị vượt trội.
Nội dung chính
1. Vì sao nên mua tablet Huawei MatePad Pro 12.2 inch?
2. So sánh Huawei MatePad Pro 12.2 inch với Huawei MatePad 11.5S
3. Máy tính bảng Huawei MatePad Pro 12.2 inch - Hiệu năng nổi bật với dung lượng RAM đến 12GB
3.1. Hiệu năng nổi bật nhờ dung lượng RAM đến 12GB
3.2. Màn hình OLED giúp hiển thị đến 1.07 tỷ màu
3.3. Sáng tạo chuyên nghiệp hơn với HUAWEI M-Pencil thế hệ mới
3.4. Bàn phím HUAWEI Glide, thiết kế tiện dụng, tính năng trượt mở hiện đại
3.5. Thiết kế thanh mảnh, nhẹ nhàng, bắt mắt với họa tiết lụa tơ vàng
3.6. Dung lượng pin cao và có hỗ trợ công nghệ sạc nhanh thế hệ mới
4. Máy tính bảng Huawei MatePad Pro 12.2 inch giá bao nhiêu?
5. Hướng dẫn cài đặt Gbox để sử dụng Google chi tiết
6. Mua máy tính bảng Huawei MatePad Pro 12.2 inch uy tín tại CellphoneS
Vì sao nên mua tablet Huawei MatePad Pro 12.2 inch?
Huawei MatePad Pro 12.2 inch là dòng tablet mới của Huawei được ra mắt tháng 8 năm 2024. Tuy nhiên phải đến tháng 12, sản phẩm mới được mở bán chính thức tại Việt Nam. Vậy mẫu tablet này có gì nổi bật để người dùng chọn mua, hãy cùng tìm hiểu sau đây:
Màn hình Tandem OLED FullView 12.2 inch: Với công nghệ xếp chồng pixel mang lại độ tương phản cao, hiển thị sống động
Bút cảm ứng và bàn phim 2 trong 1: Thỏa sức sáng tạo, hô biến tablet thành laptop mini
Ứng dụng Gopaint thỏa sức sáng tạo: Ứng dụng với vô vàn hiệu ứng cùng tính năng vẽ
Âm thanh Huawei Sound đắm chìm: Buồng âm sâu 3.5cc cùng 8 loa cho âm thanh bùng nổ
So sánh Huawei MatePad Pro 12.2 inch với Huawei MatePad 11.5S
Huawei MatePad 11.5S là thế hệ máy tính bảng Huawei chất lượng cao được nhiều người dùng quan tâm và đón nhận. Vậy thế thế MatePad Pro 12.2 inch có gì nổi bật so với thế hệ 11.5S trước đó không, hãy cùng so sánh chi tiết.
Thông số
Huawei MatePad Pro 12.2 inch
Huawei MatePad 11.5S
Màn hình
12.2 inches
Màn hình Tandem OLED PaperMatte
2800 × 1840, 274 ppi
11.5 inches
HUAWEI PaperMatte Display TFT LCD (IPS)
2800 × 1840, 291 ppi
Trọng lượng
Khoảng 508 g (bao gồm pin)
Khoảng 510 g (bao gồm pin)
Khả năng hiển thị
1.07 tỷ màu, gam màu rộng P3
16,7 triệu màu
Tần số làm mới
144Hz
144Hz
Hệ điều hành
HarmonyOS 4.2
HarmonyOS 4.2
Dung lượng bộ nhớ
256 GB / 512 GB
256 GB
Cấu hình RAM
12 GB
8 GB
Phụ kiện (Bút)
Hỗ trợ HUAWEI M-Pencil
(Thế hệ thứ 3)
Hỗ trợ HUAWEI M-Pencil
(Thế hệ thứ 3)
Bàn phím tương thích
Bàn phím trượt HUAWEI Glide
(Tương Thích Với HUAWEI MatePad Pro 12.2-inch)
Hỗ trợ bàn phím HUAWEI Smart Keyboard
Camera sau
13 MP (Khẩu độ f/1.8, AF)
8 MP (Độ dài ống kính góc rộng, khẩu độ f/2.2, FF)
LED flash
13 MP (Khẩu độ f/1.8, AF)
Camera trước
Camera cảm biến thông minh
(Khẩu độ f/2.0, FF)
8 MP
(Khẩu độ f/2.0, FF)
Như vậy so với MatePad 11.5S thì thế hệ tablet mới này sở hữu nhiều cải tiến vượt trội. Cụ thể MatePad Pro 12.2 inch sở hữu một màn hình lớn hơn, hiển thị sống động và rõ nét hơn cùng với sự cải tiến về bộ nhớ RAM cùng dung lượng lưu trữ.
Ngoài ra, phiên bản Huawei MatePad Pro 2025 mới nhất với bộ nhớ nâng cấp lên 512GB cực ấn tượng. Cũng với kích thước 12.2 inch, máy tính bảng Huawei MatePad Pro 2025 kèm bàn phím này đáp ứng cho nhu cầu lưu trữ, sử dụng ở mức cao hơn.
Máy tính bảng Huawei MatePad Pro 12.2 inch - Hiệu năng nổi bật với dung lượng RAM đến 12GB
Huawei MatePad Pro 12.2 inch là một chiếc máy tính bảng cao cấp, được thiết kế để đáp ứng đa dạng nhu cầu từ công việc đến giải trí. Thiết kế tinh tế và hiệu năng mạnh mẽ, sản phẩm này mang đến trải nghiệm giải trí đỉnh cao.
Hiệu năng nổi bật nhờ dung lượng RAM đến 12GB
RAM 12GB trên sản phẩm Huawei MatePad Pro 12.2 inch mang lại hiệu suất mạnh mẽ và không gian lưu trữ rộng rãi cho thiết bị từ việc chơi game đồ họa cao đến chạy nhiều ứng dụng cùng lúc. Kết hợp với bộ nhớ trong (ROM) dung lượng tùy chọn 512GB giúp thiết bị có thể đáp ứng nhu cầu lưu trữ các tài liệu khác nhau của người dùng hiện nay.
Máy tính bảng Huawei MatePad Pro 12.2 inch trang bị hệ điều hành HarmonyOS 4.2, mang đến trải nghiệm mượt mà với giao diện trực quan và tính năng tối ưu. Máy hỗ trợ định vị GPS/GLONASS/BeiDou/Galileo/QZSS, đảm bảo khả năng định vị chính xác và nhanh chóng đáp ứng tốt công việc và giải trí hàng ngày.
Màn hình OLED giúp hiển thị đến 1.07 tỷ màu
Màn hình Tandem OLED PaperMatte được thiết kế để mang lại trải nghiệm hiển thị vượt trội, với khả năng tái tạo màu sắc chân thực và sống động. Với khả năng hiển thị 1.07 tỷ màu cùng gam màu rộng P3, máy tính bảng Huawei MatePad Pro trang bị màn hình đảm bảo tái tạo màu sắc chính xác đến từng chi tiết.
Sản phẩm nổi bật nhờ màn hình Tandem OLED PaperMatte có kích thước 12.2 inch, mang đến hình ảnh hiển thị vượt trội. Màn hình thiết bị trang bị có phân giải 2800 × 1840 giúp cho thiết bị đảm bảo tái hiện hình ảnh sống động. Huawei MatePad Pro 12.2 inch còn có tỷ lệ màn hình so với thân máy lên đến 92%, mang lại trải nghiệm hiển thị tối ưu khi làm việc.
Màn hình Huawei MatePad Pro 12 2 inch hỗ trợ gam màu rộng P3, khả năng hiển thị 1.07 tỷ màu, mang đến dải màu phong phú, chân thực. Độ sáng tối đa 2000 nits giúp duy trì hiển thị rõ ràng ngay cả dưới ánh sáng mạnh khi sử dụng trong thời gian dài.
Sáng tạo chuyên nghiệp hơn với HUAWEI M-Pencil thế hệ mới
Máy tính bảng Huawei MatePad Pro 12.2 inch có thể tương thích xuất sắc với bút cảm ứng HUAWEI M-Pencil thế hệ thứ 3, mang đến trải nghiệm viết vẽ sống động như trên giấy thật. Bút hỗ trợ hơn 10.000 mức cảm biến lực cùng công nghệ NearLink giúp giảm độ trễ tối đa, tạo nên sự mượt mà khi phác thảo hoặc ghi chú. 
Đặc biệt, hiệu ứng rung vi mô và giảm chấn của bút mang lại cảm giác chân thực, giúp người dùng thoải mái sáng tạo trên Huawei MatePad Pro mà không bị gián đoạn. Với các công cụ cọ vẽ chuyên nghiệp như cọ nước, cọ vẩy và cọ hiệu ứng kép, bút M-Pencil đảm bảo phục vụ tốt nhu cầu sử dụng cho cả những nghệ sĩ và nhà thiết kế. Ngoài ra, bút tương thích với ứng dụng GoPaint và FangTian Painting Engine 2.0, cho phép vẽ trên canvas 8K với hơn 500 lớp.
Bàn phím HUAWEI Glide, thiết kế tiện dụng, tính năng trượt mở hiện đại
Bàn phím HUAWEI Glide là một phụ kiện không thể thiếu dành cho Huawei MatePad Pro 12.2 inch. Với trọng lượng chỉ 420 g, bàn phím này mang lại sự thoải mái khi sử dụng, đồng thời tích hợp khe đặt bút cảm ứng tiện lợi. Kèm theo đó là kết nối NearLink, cho phép ghép nối nhanh chóng và đảm bảo độ trễ thấp, hỗ trợ tối đa cho công việc. 
Ngoài ra, phụ kiện bàn phím này của MatePad Pro 12.2 inch còn được thiết kế với vật liệu thân thiện với da, giúp người dùng cảm thấy dễ chịu ngay cả khi làm việc lâu dài. Chưa hết, bàn phím còn sở hữu tính năng trượt mở hiện đại, giúp bảo vệ màn hình và khởi động nhanh thiết bị chỉ bằng một thao tác.
Thiết kế thanh mảnh, nhẹ nhàng, bắt mắt với họa tiết lụa tơ vàng
Về tạo hình bên ngoài, máy tính bảng Huawei MatePad Pro 12.2 inch sở hữu thiết kế thanh mảnh và trọng lượng nhẹ, chỉ khoảng 508g, mang lại sự thoải mái tối đa trong thời gian dài sử dụng. Điểm nhấn đặc biệt ở thiết kế của máy là họa tiết lụa tơ vàng trên mặt lưng, lấy cảm hứng từ tranh lụa truyền thống, tạo cảm giác sang trọng và độc đáo. 
Với độ mỏng chỉ 5.5 mm, chiếc máy tính bảng Huawei này không chỉ dễ dàng cầm nắm mà còn nổi bật bởi phong cách thiết kế tối giản nhưng đầy cuốn hút. Bên cạnh đó, máy còn thu hút người dùng nhờ sở hữu các lớp quang học trên bề mặt, góp phần tăng cường độ sáng, mang lại vẻ ngoài cực kỳ rực rỡ.
Dung lượng pin cao và có hỗ trợ công nghệ sạc nhanh thế hệ mới
Máy tính bảng Huawei MatePad Pro 12.2 inch được trang bị dung lượng pin lớn 10,100 mAh, mang đến thời gian sử dụng dài, đáp ứng tốt nhu cầu làm việc và giải trí suốt cả ngày. Cùng với đó là công nghệ sạc nhanh Huawei SuperCharge lên đến 100 W giúp máy nhanh chóng sẵn sàng, tiết kiệm thời gian đáng kể cho người dùng bận rộn. 
Với mỗi lần sạc, MatePad Pro có thể hỗ trợ sử dụng liên tục nhiều giờ, từ vẽ sáng tạo, học tập đến xem phim chất lượng cao. Bên cạnh đó, công suất định mức 39.49 Wh của máy cũng đảm bảo hiệu suất tối ưu, giúp người dùng không phải lo lắng về việc thiếu năng lượng. Với sự hỗ trợ của pin và công nghệ sạc này, MatePad Pro 12.2 inch luôn được xem là lựa chọn lý tưởng cho người dùng năng động và chuyên nghiệp.
Máy tính bảng Huawei MatePad Pro 12.2 inch giá bao nhiêu?
Huawei MatePad Pro 12.2 inch là sự kết hợp xuất sắc giữa công nghệ tiên tiến và thiết kế thời thượng, nhưng giá thành lại rất cạnh tranh. Với mức giá khoảng 15 triệu VNĐ cho phiên bản cấu hình cơ bản, Huawei MatePad Pro mang tới nhiều giá trị vượt trội hơn so với các đối thủ trong cùng phân khúc. Tại hệ thống CellphoneS, Huawei MatePad Pro 12.2 inch được bán với phiên bản cấu hình lớn 12GB RAM và 512GB ROM và được bán với mức giá niêm yết gần 24 triệu đồng.
Chi tiết giá bán tại Cellphones Huawei MatePad Pro 12.2 inch vào tháng 04/2026 như sau:
Tên sản phẩm
Giá bán
Giá thu cũ lên đời
Máy tính bảng Huawei MatePad Pro 12GB 512GB kèm bàn phím
20.610.000đ
18.610.000đ
Đi kèm với đó là những phụ kiện như bút cảm ứng HUAWEI M-Pencil và bàn phím HUAWEI Glide, giúp nâng tầm trải nghiệm người dùng. Ngoài ra, với các tính năng tiên tiến và hiệu năng mạnh mẽ, MatePad Pro 12.2 inch xứng đáng là sự đầu tư thông minh cho những ai tìm kiếm một chiếc máy tính bảng chất lượng cao. 
Hướng dẫn cài đặt Gbox để sử dụng Google chi tiết
Để có thể sử dụng ứng dụng của google, người dùng sẽ cần cài đặt thông qua Gbox, chi tiết như sau:
Bước 1: Tải và cài đặt Gbox từ ứng dụng AppGallery (Trên màn hình chính)
Bước 2: Mở Gbox, tìm kiếm và cài đặt Google Play
Bước 3: Kích hoạt tính năng cho phép cài đặt ứng dụng từ nguồn ngoài
Bước 4: Sau khi cài đặt thành công, mở Gbox và vào Google Play sau đó tiến hành đăng nhập tài khoản
Sau khi đăng nhập hoàn tất, người dùng đã có thể tìm kiếm, cài đặt và sử dụng các ứng dụng của google.
Mua máy tính bảng Huawei MatePad Pro 12.2 inch uy tín tại CellphoneS
CellphoneS là địa chỉ đáng tin cậy để bạn sở hữu máy tính bảng Huawei MatePad Pro 12.2 inch chính hãng với mức giá cạnh tranh. Sản phẩm tại đây được cam kết về nguồn gốc rõ r và minh bạch, giúp bạn hoàn toàn yên tâm khi sử dụng
Ngoài ra, CellphoneS thường xuyên có các chương trình khuyến mãi hấp dẫn, hỗ trợ khách hàng tối ưu trong việc tiết kiệm chi phí. Khi mua hàng tại CellphoneS, bạn còn được trải nghiệm dịch vụ chăm sóc khách hàng chuyên nghiệp trong quá tr sử dụng dịch vụ tại đây.","{""Màn hình"": [{""name"": ""Kích thước màn hình"", ""value"": ""12.2 inches""}, {""name"": ""Công nghệ màn hình"", ""value"": ""Tandem OLED PaperMatte""}, {""name"": ""Độ phân giải màn hình"", ""value"": ""2800 x 1840 pixels""}, {""name"": ""Tính năng màn hình"", ""value"": ""144 Hz, 1.07 tỷ màu, 2000 nits, gam màu rộng P3, 274 ppi, Độ tương phản 2,000,000:1""}], ""Camera sau"": [{""name"": ""Camera sau"", ""value"": ""Camera chính: 13 MP, f/1.8, AF\nCamera góc rộng: 8 MP, f/2.2, FF, LED flash""}, {""name"": ""Quay video"", ""value"": ""Camera chính 3840 × 2160 pixel\nCamera góc rộng: 1080p @ 30fps""}, {""name"": ""Tính năng camera"", ""value"": ""Tua nhanh thời gian\nỐng kính góc rộng\nBan đêm\nChân dung\nChuyên nghiệp\nQuay chậm\nToàn cảnh\nẢnh động\nGhi lại nụ cười\nĐiều khiển bằng âm thanh\nHẹn giờ\nChụp liên tục""}], ""Camera trước"": [{""name"": ""Camera trước"", ""value"": ""f/2.0, FF""}], ""RAM & lưu trữ"": [{""name"": ""Dung lượng RAM"", ""value"": ""12 GB""}, {""name"": ""Bộ nhớ trong"", ""value"": ""256 GB""}], ""Pin & công nghệ sạc"": [{""name"": ""Pin"", ""value"": ""10.100 mAh""}, {""name"": ""Công nghệ sạc"", ""value"": ""Bộ sạc tiêu chuẩn hỗ trợ sạc nhanh HUAWEI SuperCharge, lên đến 20V/5 A""}, {""name"": ""Cổng sạc"", ""value"": ""USB Type-C""}], ""Tính năng khác"": [{""name"": ""Hệ điều hành"", ""value"": ""HarmonyOS 4.2""}], ""Kích thước & Trọng lượng"": [{""name"": ""Kích thước"", ""value"": ""182.53 x 271.25 x 5.5 mm""}, {""name"": ""Trọng lượng"", ""value"": ""508 g""}], ""Thông số khác"": [{""name"": ""Tương thích"", ""value"": ""Bàn Phím Trượt HUAWEI Glide\nBút HUAWEI M-Pencil""}, {""name"": ""Công nghệ - Tiện ích"", ""value"": ""Ứng Dụng GoPaint\nCông nghệ NearLink""}, {""name"": ""Công nghệ âm thanh"", ""value"": ""4 Loa\nHUAWEI SOUND""}], ""Tiện ích khác"": [{""name"": ""Cảm biến vân tay"", ""value"": ""Cảm biến vân tay cạnh bên""}, {""name"": ""Các loại cảm biến"", ""value"": ""Cảm biến gia tốc, Cảm biến ánh sáng, La bàn, Con quay hồi chuyển, Cảm biến trọng lực""}], ""Cổng kết nối"": [{""name"": ""Wi-Fi"", ""value"": ""2.4 GHz và 5 GHz""}, {""name"": ""Bluetooth"", ""value"": ""v5.2""}], ""Giao tiếp & kết nối"": [{""name"": ""GPS"", ""value"": ""GPS/GLONASS/BeiDou/Galileo/QZSS""}]}","[""https://cdn2.cellphones.com.vn/x/media/catalog/product/h/u/huawei-matepad-pro-12-2-inch_5.jpg"", ""https://cdn2.cellphones.com.vn/x/media/catalog/product/m/a/matepad_pro_4_.png"", ""https://cdn2.cellphones.com.vn/x/media/catalog/product/m/a/matepad_pro_1_.png""]","{""product_color_1"": {""color"": ""Vàng"", ""image_url"": ""https://cellphones.com.vn/may-tinh-bang-huawei-matepad-pro-12-2-inch.html?product_id=96230"", ""price"": ""20.610.000₫""}}"
Huawei MatePad C7,huawei-matepad-c7,N/A,N/A,"Nội dung chính
1. Máy tính bảng Huawei MatePad C7 - Hiệu suất ấn tượng, hình ảnh mượt mà
1.1. Thiết kế tinh tế, hiện đại
1.2. Màn hình LCD kích thước lớn có chất lượng hiển thị cực kỳ sắc nét
1.3. Hiệu năng mạnh mẽ nhờ được trang bị con chip thế hệ mới của Qualcomm
2. Máy tính bảng Huawei MatePad C7 bao giờ ra mắt?
3. Máy tính bảng Huawei MatePad C7 giá bao nhiêu tiền?
4. Mua máy tính bảng Huawei MatePad C7 chính hãng tại CellphoneS
Máy tính bảng Huawei MatePad C7 - Hiệu suất ấn tượng, hình ảnh mượt mà
Huawei MatePad C7 là thiết bị máy tính bảng mới được cho ra mắt trong thời gian gần đây của thương hiệu Huawei. Sở hữu thiết kế hiện đại, bắt mắt cùng hiệu năng ổn định nhờ chipset Qualcomm Snapdragon 865, Huawei MatePad C7 không chỉ hỗ trợ người dùng xử lý công việc hiệu quả mà còn đáp ứng nhiều nhu cầu giải trí khác nhau. Nếu bạn đang tìm mua một sản phẩm máy tính bảng chất lượng tốt, giá cả hợp lý thì MatePad C7 là một lựa chọn mà bạn không nên bỏ qua.
Thiết kế tinh tế, hiện đại
Máy tính bảng Huawei MatePad C7 sở hữu vẻ ngoài cực kỳ gọn nhẹ nhưng vẫn cực kỳ hiện đại, sang trọng. Phần thân máy được làm từ chất liệu cao cấp, cực kỳ bền bỉ, chắc chắn trong quá trình sử dụng. Đặc biệt, với viền thân máy chỉ hơn 7mm cùng trọng lượng chưa tới 500g, bạn có thể dễ dàng cầm Huawei MatePad C7 trong thời gian dài trên tay mà không cảm thấy mỏi, khó chịu. 
Phần mặt lưng của MatePad C7 được phủ một lớp nhám nhẹ mang tới cho người dùng cảm giác thoải mái và chắc chắn khi cầm sản phẩm trên tay. Hệ thống các nút tăng giảm âm lượng được bố trí hợp lý quanh viền thân máy mang tới sự cân đối trong thiết kế của sản phẩm.
Màn hình LCD kích thước lớn có chất lượng hiển thị cực kỳ sắc nét
Không chỉ gây ấn tượng với người dùng nhờ thiết kế hiện đại, chất lượng hình ảnh mà Huawei MatePad C7 mang tới cũng cực kỳ sống động và sắc nét. Được trang bị tấm nền TFT LCD (IPS) kích thước 10.95 inch sắc nét cùng độ phân giải cao, MatePad C7 có khả năng tái hiện hoàn hảo những điểm ảnh bị vỡ, nhoè, nâng cao trải nghiệm hình ảnh của người dùng.
Đặc biệt, Huawei MatePad C7 rất được Huawei ưu ái khi trang bị tần số quét lên tới 120Hz cùng dải màu lên tới 16.7 triệu màu giúp bạn trải nghiệm được sự mượt mà và sắc nét trong từng khung hình của máy. Phần mặt kính của thiết bị được chế tác từ chất liệu cao cấp giúp từng thao tác vuốt chạm trên màn hình của người dùng trở nên mượt mà và nhẹ nhàng hơn.
Hiệu năng mạnh mẽ nhờ được trang bị con chip thế hệ mới của Qualcomm
Về mặt hiệu năng, Huawei MatePad C7 được trang bị chipset khá mạnh mẽ của tập đoàn Qualcomm - Snapdragon 865, cùng bộ vi xử lý vượt trội giúp mọi trải nghiệm chơi game, xử lý thông tin đều rất mượt mà, trơn tru. 
Bên cạnh đó, Huawei MatePad C7 còn được trang bị bộ vi xử lý đồ hoạ Adreno 650 hỗ trợ quá trình xử lý hình ảnh trở nên sống động và sắc nét tới từng chi tiết. Dung lượng bộ nhớ RAM mà thiết bị sở hữu lên tới 6GB mang tới khả năng đa nhiệm vượt trội. Mọi tác vụ trên MatePad C7 đều được xử lý mượt mà và không hề gặp phải tính trạng giật, lag. 
Máy tính bảng Huawei MatePad C7 bao giờ ra mắt?
Trong sự kiện ra mắt được tổ chức vào giữa tháng 11 vừa qua tại Nhật Bản, Huawei đã cho ra mắt chiếc tablet mạnh mẽ MatePad C7 đến với người dùng trên toàn thế giới. Là phiên bản mới được ra mắt, chiếc tablet này của Huawei được nhiều người đánh giá là rất có tiềm năng phát triển trong tương lai.
Trong lần ra mắt này, Huawei MatePad C7 chỉ sở hữu một trang bị màu sắc là Matte Grey. So với những thiết bị tablet đã được ra mắt trước đó thì C7 sở hữu khá ít các tuỳ chọn màu sắc của sản phẩm.
Máy tính bảng Huawei MatePad C7 giá bao nhiêu tiền?
Hiện tại, Huawei vẫn chưa tiết lộ mức giá của Huawei MatePad C7 trên thị trường. Tuy nhiên, so với những thiết bị tablet đã được ra mắt trước đó của Huawei, MatePad C7 sẽ có mức giá dao động trong khoảng từ hơn 8 triệu cho tới dưới 10 triệu VND.
Đây là mức giá cực kỳ hợp lý đối với một sản phẩm được trang bị những thông số mạnh mẽ như Huawei MatePad C7. Với mức giá nằm trong khả năng chi trả được này, nhiều khả năng thiết bị tablet MatePad C7 của Huawei sẽ là sản phẩm rất được săn đón trong thời gian tới đây.
Mua máy tính bảng Huawei MatePad C7 chính hãng tại CellphoneS
Để sở hữu sản phẩm máy tính bảng mạnh mẽ này của Huawei, bạn hoàn toàn có thể tham khảo tại hệ thống cửa hàng CellphoneS. Tại đây, bạn có thể tìm và mua được không chỉ MatePad C7 mà còn nhiều sản phẩm công nghệ chính hãng khác với mức giá cực kỳ ưu đãi.","{""Màn hình"": [{""name"": ""Kích thước màn hình"", ""value"": ""10.9 inches""}, {""name"": ""Công nghệ màn hình"", ""value"": ""TFT LCD""}, {""name"": ""Độ phân giải màn hình"", ""value"": ""2560 x 1600 (WQXGA)""}, {""name"": ""Tính năng màn hình"", ""value"": ""Tần số quét 120Hz\n16,7 triệu màu, gam màu DCI-P3""}], ""Camera sau"": [{""name"": ""Camera sau"", ""value"": ""13 MP, f/1.8""}, {""name"": ""Tính năng camera"", ""value"": ""Toàn cảnh, Hình mờ, Chỉnh sửa tài liệu, Điều khiển âm thanh""}], ""Camera trước"": [{""name"": ""Camera trước"", ""value"": ""8 MP, f/2.0""}], ""Vi xử lý & đồ họa"": [{""name"": ""Chipset"", ""value"": ""Snapdragon™ 865""}, {""name"": ""GPU"", ""value"": ""Adreno 650""}], ""Giao tiếp & kết nối"": [{""name"": ""Công nghệ NFC"", ""value"": ""Có""}, {""name"": ""Hỗ trợ mạng"", ""value"": ""5G""}, {""name"": ""GPS"", ""value"": ""GPS/GLONASS/GALILEO/QZSS""}], ""RAM & lưu trữ"": [{""name"": ""Dung lượng RAM"", ""value"": ""6 GB""}, {""name"": ""Bộ nhớ trong"", ""value"": ""128 GB""}, {""name"": ""Khe cắm thẻ nhớ"", ""value"": ""MicroSD""}], ""Pin & công nghệ sạc"": [{""name"": ""Pin"", ""value"": ""7250 mAh""}, {""name"": ""Công nghệ sạc"", ""value"": ""sạc nhanh 10V/2.25A""}, {""name"": ""Cổng sạc"", ""value"": ""USB Type-C""}], ""Tính năng khác"": [{""name"": ""Hệ điều hành"", ""value"": ""HarmonyOS 2""}], ""Bộ xử lý & Đồ họa"": [{""name"": ""Loại CPU"", ""value"": ""1 x Cortex-A77 Dựa trên 2,84 GHz + 3 x Cortex-A77 Dựa trên 2,4 GHz + 4 x Dựa trên Cortex-A55 1,8 GHz""}], ""Kích thước & Trọng lượng"": [{""name"": ""Kích thước"", ""value"": ""165,3 x 253,8 x 7,25mm""}, {""name"": ""Trọng lượng"", ""value"": ""485 g""}], ""Tiện ích khác"": [{""name"": ""Các loại cảm biến"", ""value"": ""Cảm biến gia tốc, Cảm biến ánh sáng, Con quay hồi chuyển, Cảm biến áp kế""}], ""Cổng kết nối"": [{""name"": ""Wi-Fi"", ""value"": ""802.11 a/b/g/n/ac/ax""}, {""name"": ""Bluetooth"", ""value"": ""v5.1""}]}","[""https://cdn2.cellphones.com.vn/x/media/catalog/product/p/d/pd.jpg"", ""https://cdn2.cellphones.com.vn/x/media/catalog/product/p/d/pd_2_.jpg"", ""https://cdn2.cellphones.com.vn/x/media/catalog/product/p/d/pd_1_.jpg""]",{}
Huawei Matepad T8,huawei-matepad-t8,N/A,N/A,"Nội dung chính
1. Máy tính bảng Huawei Matepad T8 – Thiết kế tinh tế cùng hiệu năng mạnh mẽ
1.1. Thiết kế nguyên khối cứng cáp và sang trọng, màn hình LCD 8 inch sắc nét sống động
1.2. Matepad T8 được trang bị CPU MediaTek MTK8768, RAM 2GB cho hiệu năng mạnh mẽ
1.3. Camera trước 2MP, camera sau 5MP cho hình ảnh chân thực, dung lượng pin 5100mAh
1.4. Mua ngay máy tính bảng Huawei Matepad T8 chính hãng, ưu đãi tại CellphoneS
Máy tính bảng Huawei Matepad T8 – Thiết kế tinh tế cùng hiệu năng mạnh mẽ
Vừa mới đây một trong những hãng côn nghệ đình đám nhất Huawei vừa cho ra mắt sản phẩm Huawei Matepad T8. Sở hữu thiết kế tinh tế và cứng cáp cùng một cấu hình mạnh mẽ khiến cho Huawei Matepad T8 đã chiếm được không ít cảm tình từ người sử dụng và còn được nhiều người chọn mua để sử dụng.
Thiết kế nguyên khối cứng cáp và sang trọng, màn hình LCD 8 inch sắc nét sống động
Huawei Matepad T8 sở hữu thiết kế nguyên khối cứng cáp và bền bỉ, các chi tiết được nhà sản xuất hoàn thiện một cách chính xác. Tablet với các góc cạnh bo cong êm ái cho cảm giác cầm nắm cực kì thoải mái và dễ chịu nhưng không kém phần làm tôn nên vẻ đẹp của máy. Máy có thiết kế cực kì nhỏ gọn và vừa vặn với kích thước 199.70 x 121.10 mm và trọng lượng chỉ nặng 310g cho người dùng cực kì dễ dàng bỏ vừa túi sách hay bao lô mang theo để sử dụng mà không xảy ra tình trạng cấn.
Màn hình của Huawei Matepad T8 là màn hình LCD rộng tới 8 inch không gian được mở rộng hơn để bạn sử dụng thoải mái, kết hợp cùng độ phân giải 1.280 x 800 pixel. Bên cạnh đó Huawei Matepad T8 có tỉ lệ màn hình cảm ứng lên tới 80% cho hình ảnh hiển thị trên chiếc máy này cực kì sắc nét và chân thực đến từng chi tiết. Người dùng sẽ được tận hưởng những phút giây giải trí thoải mái và tuyệt vời thông qua chiếc màn hình lớn này.
Matepad T8 được trang bị CPU MediaTek MTK8768, RAM 2GB cho hiệu năng mạnh mẽ
Máy tính bảng Huawei Matepad T8 mang trong mình bộ vi xử lý MediaTek MTK8768 Octacore SoC đây có lẽ là một trong cái tên khá mới đối với người dùng. Tuy nhiên sức mạnh của bộ vi xử lý này là điều không thể bàn cãi khi có 8 nhân cho tốc độ xử lý lên tới 2.3 GHZ. Dung lượng RAM 2GB cho tốc độ xử lý các đa nhiệm cực kì nhanh chóng và mượt mà cho người dùng thoải mái chiến các thể lọa game hot hiện nay như pubg, mobi hay liên quân dễ dàng.
Với việc được trang bị modem LTE khiến cho Huawei Matepad T8 có tốc độ kết nối mạng với tốc độ cực kì nhanh. Bluetooth 5.0 cũng được Huawei trang bị cho đứa con cưng của mình giúp bạn dễ dàng kết nối với các thiết bị ở khoảng cách xa một cách dễ dàng. Máy được trang bị 32GB bộ nhớ trong cùng khe cắm thẻ Mircro SD cực kì tiện lợi.
Camera trước 2MP, camera sau 5MP cho hình ảnh chân thực, dung lượng pin 5100mAh
Camera sau của Huawei Matepad T8 có độ phân giải 5 MP giúp người dùng có thể bắt kịp những khoảnh khắc trong cuộc sống với chế độ tự động lấy nét, chụp HDR. Camera trước cũng không kém cạnh khi cũng được nhà sản xuất trang bị cho camera khá sắc nét 2MP giúp bạn có thễ dễ dàng sefile. Với một chiếc máy tầm trung như Huawei Matepad T8 thì đây cũng là một trong những điểm cộng sáng giá để thu hút khách hàng.
Dung lượng pin cũng là một trong những thứ người dùng quan tâm khi chọn mua một sản phẩm có mức giá tầm trung như Huawei Matepad T8. Được trang bị viên pin có dung lượng khá lớn là 5100mAh cho bạn tới tận 16 giờ dùng khi duyệt web, 36 giờ đàm thoại 3G và thời gian chờ lên đến 20 ngày. Android 10 kết hợp với giao diện EMUI 10.0.1 sẽ giúp bạn tiết kiệm pin một cách đáng kể. Chắc chắn đây là một sản phẩm không thể bỏ lỡ trong phân khúc tầm trung.
Mua ngay máy tính bảng Huawei Matepad T8 chính hãng, ưu đãi tại CellphoneS
Nếu như bạn đang có nhu cầu mua máy tính bảng Huawei Matepad T8 chính hãng mà chưa biết nên đến đâu thì CellphoneS là một trong những điểm bạn nên tới. Đây là một trong những trung tâm uy tín và chất lượng hàng đầu hiện nay, sản phẩm đảm bảo chính hãng cùng giá thành phải chăng. Khi mua hàng bạn sẽ được độ ngũ nhân viên tư vấn tận tình và kĩ lưỡng về sản phẩm. Nếu như bạn ở quá xa và vẫn muốn mua hàng thì có thể sử dụng dịch vụ giao hàng và thanh toán tại nhà cực kì tiện lợ. Khi có nhu cầu mua sắm thiết bị di động hay phụ kiện điện thoại CellphoneS chắc chắn sẽ làm bạn hài lòng.","{""Màn hình"": [{""name"": ""Kích thước màn hình"", ""value"": ""8.4 inches""}, {""name"": ""Công nghệ màn hình"", ""value"": ""IPS LCD, 16 triệu màu""}, {""name"": ""Độ phân giải màn hình"", ""value"": ""800 x 1280 pixels""}], ""Camera sau"": [{""name"": ""Camera sau"", ""value"": ""5 MP, f/2.2""}, {""name"": ""Quay video"", ""value"": ""1080p@30fps""}], ""Camera trước"": [{""name"": ""Camera trước"", ""value"": ""2 MP, f/2.4""}], ""Vi xử lý & đồ họa"": [{""name"": ""Chipset"", ""value"": ""Mediatek MT8768""}, {""name"": ""GPU"", ""value"": ""PowerVR GE8320""}], ""RAM & lưu trữ"": [{""name"": ""Dung lượng RAM"", ""value"": ""2 GB""}, {""name"": ""Bộ nhớ trong"", ""value"": ""32 GB""}, {""name"": ""Khe cắm thẻ nhớ"", ""value"": ""microSDXC""}], ""Pin & công nghệ sạc"": [{""name"": ""Pin"", ""value"": ""Li-Po 5100 mAh battery""}], ""Giao tiếp & kết nối"": [{""name"": ""Thẻ SIM"", ""value"": ""Nano-SIM""}, {""name"": ""GPS"", ""value"": ""A-GPS, GLONASS, BDS""}], ""Tính năng khác"": [{""name"": ""Hệ điều hành"", ""value"": ""Android 10, EMUI 10, no Google Play Services""}], ""Bộ xử lý & Đồ họa"": [{""name"": ""Loại CPU"", ""value"": ""Octa-core (4x2.0 GHz Cortex-A53 & 4x1.50 GHz Cortex A53)""}], ""Kích thước & Trọng lượng"": [{""name"": ""Kích thước"", ""value"": ""199.7 x 121.1 x 8.6 mm""}, {""name"": ""Trọng lượng"", ""value"": ""310 g""}], ""Cổng kết nối"": [{""name"": ""Wi-Fi"", ""value"": ""Wi-Fi 802.11 a/b/g/n/ac, dual-band, Wi-Fi Direct, hotspot""}, {""name"": ""Bluetooth"", ""value"": ""5.1, A2DP, LE""}], ""Cấu hình"": [{""name"": ""Cảm biến"", ""value"": ""Cảm biến tiệm cận, gia tốc kế, la bàn, con quay hồi chuyển""}]}","[""https://cdn2.cellphones.com.vn/x/media/catalog/product/m/a/matepad_t8.jpg""]","{""product_color_1"": {""color"": ""Xanh dương"", ""image_url"": ""https://cellphones.com.vn/huawei-matepad-t8.html?product_id=23605"", ""price"": ""3.290.000₫""}}"
Huawei MatePad SE 11 inch 4GB 128GB,may-tinh-bang-huawei-matepad-se-11-inch-4gb-128gb,4.490.000đ,3.920.000đ,,"{""Màn hình"": [{""name"": ""Kích thước màn hình"", ""value"": ""11 inches""}, {""name"": ""Công nghệ màn hình"", ""value"": ""TFT LCD""}, {""name"": ""Độ phân giải màn hình"", ""value"": ""1920 x 1200 pixels (FullHD+)""}, {""name"": ""Tính năng màn hình"", ""value"": ""16,7 triệu màu, 100% sRGB, 207 PPI, 400 nits""}], ""Camera sau"": [{""name"": ""Camera sau"", ""value"": ""8MP, f/2.0""}, {""name"": ""Quay video"", ""value"": ""1920*1080 pixel""}, {""name"": ""Tính năng camera"", ""value"": ""Làm đẹp, Toàn cảnh, Điều khiển âm thanh, Hẹn giờ, Tua nhanh thời gian""}], ""Camera trước"": [{""name"": ""Camera trước"", ""value"": ""5 MP, f/2.2""}, {""name"": ""Quay video trước"", ""value"": ""1280 × 720 pixel""}], ""RAM & lưu trữ"": [{""name"": ""Dung lượng RAM"", ""value"": ""4 GB""}, {""name"": ""Bộ nhớ trong"", ""value"": ""128 GB""}], ""Pin & công nghệ sạc"": [{""name"": ""Pin"", ""value"": ""7700 mAh""}, {""name"": ""Công nghệ sạc"", ""value"": ""Sạc nhanh 22,5W""}, {""name"": ""Cổng sạc"", ""value"": ""USB Type-C""}], ""Tính năng khác"": [{""name"": ""Hệ điều hành"", ""value"": ""HarmonyOS 2.0""}], ""Kích thước & Trọng lượng"": [{""name"": ""Kích thước"", ""value"": ""252.3 x 163.8 x 6.9 mm""}, {""name"": ""Trọng lượng"", ""value"": ""475 g""}], ""Thông số khác"": [{""name"": ""Tương thích"", ""value"": ""Bút cảm ứng Huawei M-Pen lite4""}, {""name"": ""Công nghệ - Tiện ích"", ""value"": ""Kids Corner""}, {""name"": ""Công nghệ âm thanh"", ""value"": ""4 loa""}], ""Tiện ích khác"": [{""name"": ""Các loại cảm biến"", ""value"": ""Cảm biến ánh sáng, Cảm biến trọng lực""}], ""Cổng kết nối"": [{""name"": ""Wi-Fi"", ""value"": ""IEEE 802.11a/b/g/n/ac, 2.4 GHz và 5 GHz""}, {""name"": ""Bluetooth"", ""value"": ""v5.1""}]}","[""https://cdn2.cellphones.com.vn/x/media/catalog/product/h/u/huawei_matepad_se_11_inch_6gb_128gb_-_1_2.png"", ""https://cdn2.cellphones.com.vn/x/media/catalog/product/h/u/huawei_matepad_se_11_inch_6gb_128gb_-_2_2.png"", ""https://cdn2.cellphones.com.vn/x/media/catalog/product/h/u/huawei_matepad_se_11_inch_6gb_128gb_-_3_2.png""]","{""product_color_1"": {""color"": ""Xám"", ""image_url"": ""https://cellphones.com.vn/may-tinh-bang-huawei-matepad-se-11-inch-4gb-128gb.html?product_id=106782"", ""price"": ""3.920.000₫""}}"
Máy tính bảng Huawei MatePad Pro 12.2 2025 12GB 512GB kèm bàn phím,may-tinh-bang-huawei-matepad-pro-12-2-inch-2025,23.990.000đ,22.990.000đ,"Đặc điểm nổi bật
Máy tính bảng HUAWEI MatePad Pro 12.2 inch 2025 được trang bị màn hình Tandem OLED PaperMatte hiện đại, đi cùng bộ nhớ ROM lên đến 512GB và RAM 12GB. Ngoài ra, sản phẩm máy tính bảng Huawei còn đi kèm bàn phím trượt HUAWEI Glide, mang lại trải nghiệm nhập liệu linh hoạt và tiện lợi. Ngoài ra, camera chính có độ phân giải 50MP cũng đem lại khả năng chụp ảnh, quay video sắc nét.
Nội dung chính
1. Vì sao nên mua HUAWEI MatePad Pro 2025
2. So sánh HUAWEI MatePad Pro 2025 với HUAWEI MatePad Pro chi tiết
3. Máy tính bảng HUAWEI MatePad Pro 2025 - Mang đến trải nghiệm mượt mà
3.1. Ứng dụng GoPaint, tính năng AI Writing Enhance
3.2. Bộ nhớ RAM 12GB, ROM dung lượng cao
3.3. Thiết kế hiện đại, màn hình chất lượng
3.4. Bàn phím tiện lợi, có khe cất bút cảm ứng
3.5. Dung lượng pinấn tượng
3.6. Camera chính 50 MP, nhiếp ảnh tốt
3.7. Kết nối hiện đại, truyền tải nhanh và ổn định
4. Máy tính bảng Huawei MatePad Pro 12.2 2025 giá bao nhiêu?
5. Mua máy tính bảng HUAWEI MatePad Pro 12.2 inch 2025 giá tốt tại CellphoneS
Vì sao nên mua HUAWEI MatePad Pro 2025
HUAWEI MatePad Pro 2025 là dòng máy tính bảng chất lượng của HUAWEI. Sản phẩm sở hữu nhiều đặc điểm vượt trội để người dùng trải nghiệm như:
Màn Hình Tandem OLED PaperMatte: Cho trải nghiệm sử dụng đắm chìm với độ tương phản và độ sáng ấn tượng
Bàn Phím Trượt HUAWEI Glide: Hoạt đông mượt mà, hô biết tablet thành laptop
Cấu trúc tản nhiệt 3D: Hỗ trợ truyền nhiệt nhanh chóng, tối ưu hiệu năng
AI Handwriting Enhance: Tối ưu khả năng ghi chú và sáng tạo
So sánh HUAWEI MatePad Pro 2025 với HUAWEI MatePad Pro chi tiết
Hai phiên bản HUAWEI MatePad Pro đã chính thức được HUAWEI trình làng, vậy so với thế hệ trước thì HUAWEI MatePad Pro 2025 có gì khác biệt không, hãy cùng so sánh chi tiết:
Thông số
Máy tính bảng Huawei MatePad Pro 12.2 2025 12GB 512GB kèm bàn phím
Máy tính bảng Huawei MatePad Pro 12GB 512GB kèm bàn phím
Kích thước màn hình
12.2 inches
12.2 inches
Công nghệ màn hình
Tandem OLED PaperMatte
Tandem OLED PaperMatte
Camera sau
50 MP (f/1.8, AF) + 8 MP góc rộng (f/2.2, FF)
Camera chính: 13 MP, f/1.8, AF
Camera góc rộng: 8 MP, f/2.2, FF, LED flash
Camera trước
8 MP (f/2.0, FF)
f/2.0, FF
Dung lượng RAM
12 GB
12 GB
Bộ nhớ trong
512 GB
256 GB
Pin
10.100 mAh
10.100 mAh
Hệ điều hành
HarmonyOS 4.3
HarmonyOS 4.2
Độ phân giải màn hình
2800 x 1840 pixels
2800 x 1840 pixels
Tính năng màn hình
1.07 tỷ màu
2000 nits
Gam màu rộng P3
274 ppi
Độ tương phản 2,000,000:1
144 Hz, 1.07 tỷ màu, 2000 nits, gam màu rộng P3, 274 ppi, Độ tương phản 2,000,000:1
Tương thích
Bút cảm ứng Huawei M-Pencil
Bàn phím trượt Huawei Glide
Bàn Phím Trượt HUAWEI Glide
Bút HUAWEI M-Pencil
Cả hai sản phẩm đều giữ thiết kế siêu mỏng nhẹ, màn hình OLED PaperMatte cao cấp cùng thời lượng pin lớn cho trải nghiệm dài ngày. Tuy nhiên, Huawei MatePad Pro 12.2 inch 2025 thể hiện lợi thế rõ rệt nhờ camera nâng cấp, công nghệ Wi-Fi 7 và tản nhiệt 3D mạnh mẽ.
Máy tính bảng HUAWEI MatePad Pro 2025 - Mang đến trải nghiệm mượt mà
Máy tính bảng HUAWEI MatePad Pro 12.2 inch 2025 là lựa chọn tối ưu để đáp ứng nhu cầu công việc, giải trí của người dùng. Với loạt tính năng tiện lợi và thiết kế đẹp mắt, phiên bản rất thích hợp cho các nhà sáng tạo nội dung và dân văn phòng.
Ứng dụng GoPaint, tính năng AI Writing Enhance
Máy tính bảng HUAWEI MatePad Pro 12.2 2025 được tích hợp ứng dụng GoPaint với bộ sưu tập cọ vẽ đa dạng và sống động. Ứng dụng GoPaint được tối ưu cho màn hình OLED PaperMatte, giúp giảm thiểu hiện tượng trễ nét khi người dùng vẽ nhanh.
Không những vậy, phiên bản còn có tính năng AI Writing Enhance giúp nâng cao trải nghiệm viết tay. Khi người dùng ghi chú bằng bút cảm ứng, AI tự động căn chỉnh chữ viết, chuyển đổi thành văn bản kỹ thuật số hoặc cải thiện độ rõ ràng của từng nét. 
Bộ nhớ RAM 12GB, ROM dung lượng cao
Thiết bị vận hành mượt mà trên nền tảng HarmonyOS 4.3 với giao diện trực quan, dễ sử dụng. Ngoài ra, bộ nhớ RAM 12GB của máy cho phép chạy nhiều ứng dụng cùng lúc và xử lý các tác vụ nặng một cách hiệu quả.
Ngoài ra, máy hỗ trợ dung lượng ROM 512GB, mang lại không gian lưu trữ rộng rãi cho tài liệu và dự án sáng tạo. Nhờ vậy, thiết bị giúp người dùng lưu trữ thoải mái hình ảnh, tài liệu, dự án sáng tạo trong không gian rộng. 
Thiết kế hiện đại, màn hình chất lượng
Điểm nhấn nổi bật của thiết bị là màn hình Tandem OLED PaperMatte, cho độ sáng cao và màu sắc trung thực. Khi kết hợp với lớp phủ PaperMatte, ánh sáng phản chiếu giảm đáng kể, giúp mắt dễ chịu khi đọc sách, vẽ hoặc làm việc lâu dài. 
Màn hình này tạo lợi thế ở khả năng hạn chế chói loá, gần giống trải nghiệm giấy thật. Bên cạnh đó, phiên bản còn thu hút bởi sự mỏng nhẹ kết hợp màu sắc thanh lịch, tạo sự hài hoà cho tổng thể.
Bàn phím tiện lợi, có khe cất bút cảm ứng
Máy tính bảng HUAWEI MatePad Pro 12.2 inch 2025 đi kèm với bàn phím HUAWEI Glide để người dùng thuận tiện thao tác. Phụ kiện này có thể đóng mở linh hoạt kèm theo khe chứa bút cảm ứng gọn gàng, an toàn.
Cùng với đó, công nghệ NearLink tiên tiến còn giúp kết nối phụ kiện nhanh chóng và ổn định trong quá trình sử dụng. Nhờ vậy, người dùng có thể ghép nối bàn phím, bút cảm ứng với độ trễ thấp. 
Dung lượng pinấn tượng
Máy tính bảng HUAWEI MatePad Pro 12.2 inch 2025 sở hữu dung lượng pin 10.100 mAh (3.91 V), công suất điển hình 39.49 Wh. Qua đó, thiết bị cho phép làm việc liên tục trong nhiều giờ với tác vụ văn phòng.
Tuỳ theo cường độ sử dụng, máy sẽ cung cấp thời lượng khác nhau. Phiên bản vẫn giữ vững lợi thế về độ bền pin và khả năng duy trì hiệu năng ổn định trong nhiều giờ hoạt động. 
Camera chính 50 MP, nhiếp ảnh tốt
Máy tính bảng HUAWEI MatePad Pro 12.2 inch 2025 sử dụng camera chính 50MP và ống kính góc rộng 8MP. Hệ thống camera sau của máy cho phép thu sáng tốt, giúp ảnh và video ghi lại giữ được độ chi tiết, màu sắc chính xác. 
Thêm vào đó, camera trước 8MP đem lại khả năng chụp selfie chất lượng cho người dùng. Phiên bản này cũng đủ dụng cho các nhu cầu chụp tài liệu hoặc các tác vụ cơ bản hàng ngày.
Kết nối hiện đại, truyền tải nhanh và ổn định
Huawei MatePad Pro 12.2 inch 2025 hỗ trợ Wi-Fi 7 hoạt động trên băng tần 2.4GHz và 5GHz, cho tốc độ truyền tải dữ liệu nhanh, độ trễ thấp và duy trì kết nối ổn định. Công nghệ Bluetooth 5.2 đi kèm các chuẩn âm thanh bảo đảm truyền âm thanh chất lượng cao.
Máy còn được trang bị cổng USB Type-C hỗ trợ sạc nhanh và truyền dữ liệu tốc độ cao, phù hợp cho việc sao chép tệp lớn. Khả năng tương thích với nhiều phụ kiện ngoại vi như màn hình rời, ổ lưu trữ hay thiết bị trình chiếu cũng được tối ưu, mang lại sự tiện lợi.
Máy tính bảng Huawei MatePad Pro 12.2 2025 giá bao nhiêu?
Máy tính bảng Huawei MatePad Pro 2025 hiện được niêm yết khoảng 23 triệu đồng. Mức giá này đi kèm chính sách bảo hành chính hãng và nhiều ưu đãi hấp dẫn. Chi tiết giá bán Huawei MatePad Pro 12.2 2025 tại CellphoneS vào tháng 04/2026 như sau:
Tên sản phẩm
Giá bán
Giá thu cũ lên đời
Máy tính bảng Huawei MatePad Pro 12.2 2025 12GB 512GB kèm bàn phím
22.990.000đ
20.990.000đ
Đây là mức giá phù hợp cho người cần một thiết bị phục vụ công việc sáng tạo nội dung, học tập hoặc giải trí. Với bút M-Pencil và bàn phím đi kèm, sản phẩm mang lại trải nghiệm gần như một chiếc laptop mỏng nhẹ. 
Mua máy tính bảng HUAWEI MatePad Pro 12.2 inch 2025 giá tốt tại CellphoneS
Máy tính bảng HUAWEI MatePad Pro 12.2 inch 2025 mang đến hiệu suất mạnh mẽ, tối ưu cho cả công việc lẫn giải trí. Sản phẩm chính hãng, giá cả cạnh tranh, chế độ bảo hành dài hạn cùng sự tư vấn hỗ trợ tận tâm của nhân viên. Ngoài ra, dịch vụ giao hàng nhanh chóng cũng được cung cấp khi người dùng đặt hàng trên website chính thức.","{""Màn hình"": [{""name"": ""Kích thước màn hình"", ""value"": ""12.2 inches""}, {""name"": ""Công nghệ màn hình"", ""value"": ""Tandem OLED PaperMatte""}, {""name"": ""Độ phân giải màn hình"", ""value"": ""2800 x 1840 pixels""}, {""name"": ""Tính năng màn hình"", ""value"": ""1.07 tỷ màu\n2000 nits\nGam màu rộng P3\n274 ppi\nĐộ tương phản 2,000,000:1""}], ""Camera sau"": [{""name"": ""Camera sau"", ""value"": ""50 MP (f/1.8, AF) + 8 MP góc rộng (f/2.2, FF)""}, {""name"": ""Quay video"", ""value"": ""Lên đến 4K (3840 × 2160)""}, {""name"": ""Tính năng camera"", ""value"": ""Chụp ban đêm\nChân dung\nToàn cảnh\nHDR\nQuét tài liệu""}], ""Camera trước"": [{""name"": ""Camera trước"", ""value"": ""8 MP (f/2.0, FF)""}, {""name"": ""Quay video trước"", ""value"": ""Lên đến 1080p""}], ""RAM & lưu trữ"": [{""name"": ""Dung lượng RAM"", ""value"": ""12 GB""}, {""name"": ""Bộ nhớ trong"", ""value"": ""512 GB""}], ""Pin & công nghệ sạc"": [{""name"": ""Pin"", ""value"": ""10.100 mAh""}, {""name"": ""Công nghệ sạc"", ""value"": ""HUAWEI SuperCharge\nSạc nhanh Turbo""}, {""name"": ""Cổng sạc"", ""value"": ""USB Type-C""}], ""Tính năng khác"": [{""name"": ""Hệ điều hành"", ""value"": ""HarmonyOS 4.3""}], ""Kích thước & Trọng lượng"": [{""name"": ""Kích thước"", ""value"": ""271.25 × 182.53 × 5.5 mm""}, {""name"": ""Trọng lượng"", ""value"": ""508g""}], ""Thông số khác"": [{""name"": ""Tương thích"", ""value"": ""Bút cảm ứng Huawei M-Pencil\nBàn phím trượt Huawei Glide""}, {""name"": ""Hệ thống làm mát"", ""value"": ""Tản nhiệt 3D""}, {""name"": ""Công nghệ - Tiện ích"", ""value"": ""Ứng Dụng GoPaint\nCông nghệ NearLink""}, {""name"": ""Công nghệ âm thanh"", ""value"": ""4 Loa\nHUAWEI SOUND""}], ""Tiện ích khác"": [{""name"": ""Cảm biến vân tay"", ""value"": ""Cảm biến vân tay cạnh bên""}, {""name"": ""Các loại cảm biến"", ""value"": ""Cảm biến ánh sáng, La bàn, Con quay hồi chuyển, Cảm biến trọng lực""}], ""Cổng kết nối"": [{""name"": ""Wi-Fi"", ""value"": ""Wi-Fi 7, băng tần 2.4 GHz & 5 GHz""}, {""name"": ""Bluetooth"", ""value"": ""v5.2, hỗ trợ BLE, AAC, LDAC""}], ""Giao tiếp & kết nối"": [{""name"": ""GPS"", ""value"": ""GPS/GLONASS/BeiDou/Galileo/QZSS""}]}","[""https://cdn2.cellphones.com.vn/x/media/catalog/product/s/l/slider-may-tinh-bang-huawei-pro.jpg"", ""https://cdn2.cellphones.com.vn/x/media/catalog/product/s/l/slider-may-tinh-bang-huawei-pro-2.jpg"", ""https://cdn2.cellphones.com.vn/x/media/catalog/product/s/l/slider-may-tinh-bang-huawei-pro-1.jpg""]","{""product_color_1"": {""color"": ""Xanh"", ""image_url"": ""https://cellphones.com.vn/may-tinh-bang-huawei-matepad-pro-12-2-inch-2025.html?product_id=111758"", ""price"": ""22.990.000₫""}}"
