name,sku,base_price,sale_price,description,specifications,images,colors
HONOR 400 Pro 5G 12GB 512GB,dien-thoai-honor-400-pro-5g,18.660.000đ,14.990.000đ,"Đặc điểm nổi bật của HONOR 400 Pro 5G 12GB 512GB
HONOR 400 Pro là smartphone thuộc phân khúc cận cao cấp ra mắt tại thị trường Việt Nam vào ngày 27/6/2025 và tại thị trường quốc tế được giới thiệu vào ngày 22/5/2025. Máy sở hữu thiết kế Art Nouveau hiện đại cùng màn hình bảo vệ mắt 3840Hz tiên tiến, mang đến bước tiến lớn về khả năng nhiếp ảnh chân dung AI. Máy giúp xử lý mượt mà mọi tác vụ với chip Snapdragon 8 Gen 3 mạnh mẽ. Viên pin Silicon-carbon 6000mAh kèm sạc 100W giúp điện thoại HONOR này vận hành bền bỉ cả ngày dài.
Nội dung chính
1. Điện thoại HONOR 400 5G Series có bao nhiêu phiên bản?
2. HONOR 400 Pro 5G - Tốc độ xử lý vượt trội, hiệu suất ấn tượng
2.1. Thiết kế mỏng 8.1mm, nhẹ 205g
2.2. Màu sắc quyến rũ nổi bật
2.3. Thiết kế chắc chắn từng chi tiết, bố cục Đa Góc ấn tượng
2.4. Màn hình AMOLED 6.7 inch, độ phân giải 2800*1280 pixels
2.5. Độ sáng tối đa 5000nits, tối ưu hiển thị ngoài trời
2.6. Màn hình chống say tàu xe
2.7. Màn hình bảo vệ mắt bằng HONOR AI
2.8. Pin Silicon-carbon 6000mAh, 1200 chu kỳ sạc và xả
2.9. Sạc nhanh có dây 100W, hỗ trợ sạc nhanh không dây 50W
2.10. Chip cao cấp Snapdragon 8 Gen 3
2.11. Bộ xử lý đồ họa Adreno 750
2.12. Siêu bền chuẩn 5 sao, khả năng chống bụi và nước đạt IP68 / IP69
2.13. Hệ thống loa kép đắm chìm từng âm sắc
2.14. Kết nối dễ dàng, tốc độ bứt phá
2.15. NFC tiện dụng chỉ với 1 chạm
2.16. Điều khiển từ xa bằng hồng ngoại
2.17. Bộ nhớ cực lớn RAM 12GB, ROM 512GB
2.18. Các tính năng AI thông minh, tiện ích
3. Camera HONOR 400 Pro - Nhiếp ảnh AI, đẳng cấp khác biệt
3.1. Camera chính AI siêu nét 200MP
3.2. Camera góc siêu rộng 12MP 112°
3.3. Camera trước 50MP (khẩu độ f/2.0)
3.4. Siêu Zoom kỹ thuật số 50x
3.5. Công nghệ làm mờ hậu cảnh và nhận diện chuyển động AI
3.6. Chụp chân dung AI siêu nét 200MP
3.7. Chụp ban đêm siêu nét trong điều kiện thiếu sáng
3.8. Chụp ảnh động HD bắt trọn 3 giây, chia sẻ dễ dàng
3.9. Studio chuẩn chân dung bộ lọc màu phim AI
3.10. Các chức năng chỉnh sửa ảnh AI
4. Hình ảnh chụp thực tế từ camera HONOR 400 Pro
4.1. Hình chụp từ camera chính
4.2. Hình chụp từ camera góc siêu rộng
4.3. Hình chụp từ camera Selfie chân dung
5. So sánh HONOR 400 Pro với HONOR 200 Pro có đáng nâng cấp?
6. HONOR 400 Pro 5G khi nào ra mắt?
7. Điện thoại HONOR 400 Pro 5G giá bao nhiêu?
8. Điện thoại HONOR 400 Pro hỗ trợ cập nhật phần mềm bao lâu?
9. Trong hộp điện thoại HONOR 400 Pro bao gồm những gì?
10. Nên mua điện thoại HONOR 400 Pro 5G ở đâu uy tín, nhiều ưu đãi hấp dẫn?
Điện thoại HONOR 400 5G Series có bao nhiêu phiên bản?
Điện thoại HONOR 400 Pro 5G nổi bật với cấu hình mạnh mẽ và hệ thống camera chân dung chuẩn Studio. Trong khi đó, phiên bản tiêu chuẩn HONOR 400 cân bằng tốt giữa hiệu năng và giá thành cho người dùng phổ thông. 
Ngoại hình thời thượng của model cao cấp trong Series
Bản Lite là lựa chọn tiết kiệm nhưng vẫn giữ được ngôn ngữ thiết kế sang trọng của dòng Series. Dưới đây là bảng thông số so sánh chi tiết giữa ba phiên bản để người dùng có thể dễ dàng lựa chọn.
Thông số
HONOR 400 5G 12GB 256GB
HONOR 400 Pro 5G 12GB 512GB
HONOR 400 Lite 5G 12GB 256GB
Kích thước màn hình
6.55 inches
6.7 inches
6.7 inches
Công nghệ màn hình
AMOLED
AMOLED
AMOLED
Camera sau
Camera chính AI 200MP (f/1.9, OIS) + 12MP Camera Góc Siêu Rộng (f/2.2)
Camera chính AI siêu nét 200MP (f/1.9, OIS) + 50MP Camera Tele (f/2.4 , OIS) + 12MP Camera Góc Siêu Rộng (f/2.2)
Camera chính 108MP (f/1.75) + Camera góc rộng & sâu 5MP (f/2.2)
Camera trước
50MP (f/2.0)
50MP (khẩu độ f/2.0)
Camera 16MP (f/2.45), Đèn Flash Selfie
Chipset
Snapdragon 7 Gen 3
Snapdragon 8 Gen 3
MediaTek Dimensity 7025-Ultra
Công nghệ NFC
Có
Có
Có
Dung lượng RAM
12 GB
12 GB
12 GB
Bộ nhớ trong
256 GB
512 GB
256 GB
Pin
6000 mAh (Li-Po, công nghệ Pin Silicon-Carbon)
6000 mAh
5230 mAh
Thẻ SIM
2 Nano SIM hoặc 1 Nano + 1 eSIM
2 Nano SIM hoặc 1 Nano + 1 eSIM
2 Nano SIM hoặc 1 Nano + 1 eSIM
Hệ điều hành
MagicOS 9.0 (dựa trên Android 15)
MagicOS 9.0 (Android 15)
MagicOS 9.0 (Dựa trên Android 15)
Độ phân giải màn hình
2736 × 1264 pixels
2800 x 1280 pixels
2412 x 1080 pixels
Tính năng màn hình
1.07 tỷ màu
1.07 tỷ màu
Cử chỉ đa chạm (tối đa 10 điểm chạm), 16,7 triệu màu, 100% DCI-P3, Hỗ trợ 1,07 tỷ màu
Loại CPU
8 lõi
8 nhân
8 nhân, 2xA78 2.5GHz + 6xA55 2.0Ghz
HONOR 400 Pro 5G - Tốc độ xử lý vượt trội, hiệu suất ấn tượng
Siêu phẩm mới từ thương hiệu điện thoại HONOR đang khẳng định vị thế dẫn đầu phân khúc nhờ vi xử lý mạnh mẽ. Thế hệ điện thoại HONOR 400 phiên bản Pro này có thể xử lý mượt mà mọi tác vụ nặng nhưng vẫn duy trì nhiệt độ ổn định.
Thiết kế mỏng 8.1mm, nhẹ 205g
Với độ mỏng chỉ 8.1mm, HONOR 400 Pro mang lại cảm giác cầm nắm nhẹ nhàng và thoải mái cho người dùng. Trọng lượng 205g được tối ưu để mang lại cảm giác đầm tay nhưng vẫn thoải mái khi sử dụng trong thời gian dài.
Thân máy mỏng nhẹ mang lại cảm giác cầm nắm thoải mái
Các đường bo cong mềm mại trên thân máy giúp thiết bị nằm gọn gàng trong lòng bàn tay người dùng. Nhờ kích thước tổng thể cân đối, điện thoại HONOR 400 Pro trở thành phụ kiện công nghệ thời trang đẳng cấp.
Màu sắc quyến rũ nổi bật
Hai tùy chọn màu sắc Xám Nguyệt Thực và Đen Huyền Bí trên HONOR 400 Pro đều lấy cảm hứng từ thiên nhiên. Trong đó, phiên bản Xám Nguyệt Thực thể hiện sự thanh lịch với các họa tiết mô phỏng bề mặt mặt trăng độc đáo. 
Tông màu tối giản toát lên vẻ đẹp sang trọng, bí ẩn
Trong khi đó, tùy chọn màu Đen Huyền Bí mang đến vẻ đẹp sang trọng, bí ẩn và không bao giờ lỗi mốt. Lớp hoàn thiện nhám mờ trên mặt lưng giúp hạn chế bám mồ hôi và dấu vân tay hiệu quả.
Thiết kế chắc chắn từng chi tiết, bố cục Đa Góc ấn tượng
Cụm camera hình oval lấy cảm hứng từ kiến trúc Art Nouveau đầy tính nghệ thuật là điểm nhấn ấn tượng không thể bỏ qua của HONOR 400 Pro. Phần khung viền của máy được gia công tỉ mỉ từ vật liệu cao cấp, giúp tăng cường độ cứng cáp cho thiết bị. 
Cụm camera hình oval độc đáo lấy cảm hứng nghệ thuật
Bố cục mặt lưng “Đa Góc” tạo hiệu ứng thị giác độc đáo khi ánh sáng thay đổi theo góc nhìn. Sự kết hợp giữa kính và kim loại giúp điện thoại HONOR Series 400 này vừa bền bỉ vừa sang trọng.
Màn hình AMOLED 6.7 inch, độ phân giải 2800*1280 pixels
Tấm nền AMOLED cao cấp kích thước 6.7 inch trên HONOR 400 Pro mở ra không gian hiển thị rộng lớn. Nhờ sở hữu độ phân giải 2800*1280 pixels, máy giúp mọi hình ảnh và văn bản đều trở nên sắc nét đến từng chi tiết nhỏ. 
Không gian hiển thị rộng lớn với chi tiết rõ ràng
Công nghệ hiển thị 1.07 tỷ màu trên mẫu điện thoại HONOR này cũng được đánh giá cao khi mang lại dải màu sống động và độ tương phản sâu ấn tượng. Người dùng sẽ có những phút giây giải trí mãn nhãn khi xem phim bom tấn trên màn hình này.
Độ sáng tối đa 5000nits, tối ưu hiển thị ngoài trời
Với mức sáng tối đa 5000 nits, máy cho phép người dùng quan sát nội dung dễ dàng dù đứng dưới nắng. Điều này giúp hình ảnh và màu sắc luôn giữ được sự sống động và sắc nét khi sử dụng ngoài trời.
Chi tiết vẫn sắc nét dù dưới nguồn sáng gắt
Hệ thống HDR tự động tinh chỉnh độ tương phản để tương thích xuất sắc với điều kiện ánh sáng thực tế. Qua đó, người dùng điện thoại HONOR 400 Pro có thể thoải mái sử dụng thiết bị trong mọi điều kiện thời tiết.
Màn hình chống say tàu xe
Tính năng AI Motion Sensing trên HONOR 400 phiên bản Pro giúp giảm thiểu tình trạng say tàu xe khi sử dụng điện thoại. Cụ thể, khi tính năng này được bật, hệ thống sẽ tự động điều chỉnh các chuyển động trên màn hình để phù hợp với tín hiệu tiền đình của não. 
Tính năng hỗ trợ giảm say xe khi di chuyển ô tô
Các vùng ngoại vi màn hình được xử lý khéo léo nhằm tạo cảm giác thoải mái cho thị giác người xem. Công nghệ này đặc biệt hữu ích cho những người thường xuyên phải di chuyển và làm việc trên ô tô.
Màn hình bảo vệ mắt bằng HONOR AI
Sức khỏe thị giác người dùng được HONOR 400 Pro chú trọng đặc biệt thông qua bộ công nghệ bảo vệ mắt AI toàn diện. Hệ thống tự động phân tích thói quen sử dụng để đưa ra các điều chỉnh ánh sáng phù hợp.
Màn hình 3840Hz khử nháy sáng
Công nghệ làm mờ PWM tần số siêu cao 3840Hz trên HONOR Series 400 bản Pro giúp loại bỏ hiện tượng nháy màn hình. Nhờ vậy, mắt người dùng sẽ không bị mỏi hay căng thẳng ngay cả khi sử dụng điện thoại ở độ sáng thấp. 
Công nghệ khử nháy màn hình giúp bảo vệ thị giác
Công nghệ này đạt chứng nhận an toàn TUV Rheinland, đảm bảo sự thoải mái tối đa cho thị giác. Đây là tính năng quan trọng giúp bảo vệ mắt khi người dùng thao tác vào ban đêm.
Độ sáng tối thiểu 1.5nit
Trong môi trường tối, HONOR 400 Pro cho phép giảm độ sáng màn hình xuống mức cực thấp chỉ 1.5 nits. Mức sáng này đủ dịu để không gây chói mắt khi sử dụng điện thoại trước khi đi ngủ.
Độ sáng dịu nhẹ, an toàn khi sử dụng trong bóng tối
Khả năng điều chỉnh độ sáng linh hoạt giúp thiết bị thích nghi tốt với mọi điều kiện ánh sáng thực tế. Thông qua đó, người dùng có thể đọc sách hoặc lướt web ban đêm mà không lo ảnh hưởng đến giấc ngủ.
Tăng cường 20% Melatonin
Công nghệ Circadian Night Display trên HONOR 400 Pro giúp điều chỉnh nhiệt độ màu theo nhịp sinh học cơ thể. Ánh sáng từ màn hình sẽ ấm dần về đêm để kích thích cơ thể sản sinh Melatonin tự nhiên. 
Ánh sáng màn hình điều chỉnh theo nhịp sinh học cơ thể
Nhờ đó, chất lượng giấc ngủ của người dùng được cải thiện đáng kể sau khi sử dụng thiết bị. Công nghệ này giúp tăng cường lượng Melatonin lên đến 20%, hỗ trợ người sử dụng đi vào giấc ngủ dễ dàng hơn.
Màn hình tông màu tự nhiên
Cảm biến nhiệt độ màu trên HONOR 400 Pro giúp nhận biết chính xác ánh sáng môi trường xung quanh. Theo đó, màn hình sẽ tự động điều chỉnh tông màu hiển thị để tương đồng với ánh sáng thực tế bên ngoài. 
Tông màu tự động thay đổi dựa vào ánh sáng bên ngoài
Tính năng này mang lại trải nghiệm nhìn tự nhiên như khi người dùng đang đọc sách trên giấy thật. Nhờ vậy, mắt người dùng điện thoại HONOR 400 model Pro sẽ luôn cảm thấy dễ chịu dù thay đổi môi trường liên tục.
Màn hình làm mờ động giảm căng thẳng
Công nghệ làm mờ động trên HONOR 400 Pro mô phỏng sự thay đổi nhẹ nhàng của ánh sáng tự nhiên. Độ sáng màn hình sẽ thay đổi vi mô một cách nhịp nhàng để kích thích lưu thông máu vùng mắt. 
Công nghệ mô phỏng ánh sáng tự nhiên giúp mắt thư giãn
Điều này giúp cơ mắt được thư giãn và giảm thiểu tình trạng mỏi mắt khi nhìn màn hình lâu. Dù hoạt động âm thầm nhưng công nghệ này của máy vẫn mang lại hiệu quả bảo vệ sức khỏe thị giác rất lớn.
Điều chỉnh độ sáng tự động bằng hai cảm biến
Một điểm nhấn khác cũng khá ấn tượng của HONOR 400 Pro là hệ thống cảm biến ánh sáng kép được trang bị ở cả mặt trước và mặt sau của máy. Hệ thống này giúp máy nhận diện chính xác điều kiện ánh sáng môi trường 360 độ để điều chỉnh độ sáng. 
Cảm biến kép hỗ trợ điều chỉnh độ sáng mượt mà
Quá trình chuyển đổi độ sáng diễn ra mượt mà, không gây hiện tượng thay đổi đột ngột khó chịu. Người dùng nhờ vậy sẽ luôn trải nghiệm được mức sáng tối ưu cho mọi hoạt động trên màn hình.
Pin Silicon-carbon 6000mAh, 1200 chu kỳ sạc và xả
Viên pin Silicon-carbon thế hệ thứ hai trên HONOR 400 Pro sở hữu dung lượng khủng lên đến 6000mAh. Công nghệ pin mới giúp thiết bị duy trì độ mỏng nhẹ trong khi vẫn đảm bảo thời lượng sử dụng dài. 
Dung lượng pin khủng 6000mAh, duy trì hoạt động bền bỉ
Người dùng có thể yên tâm sử dụng máy suốt cả ngày dài với các tác vụ hỗn hợp. Tuy nhiên, thời lượng sử dụng thực tế của máy có thể thay đổi tùy thuộc vào điều kiện sử dụng và tình trạng sản phẩm.
Sạc nhanh có dây 100W, hỗ trợ sạc nhanh không dây 50W
Công nghệ sạc siêu nhanh SuperCharge 100W trên HONOR 400 Pro giúp nạp đầy năng lượng trong thời gian ngắn. Người dùng chỉ mất khoảng 15 phút để sạc 33% dung lượng pin, giúp tiết kiệm thời gian chờ đợi. 
Công nghệ sạc nhanh 100W nạp đầy năng lượng tức thì
Ngoài ra, máy còn hỗ trợ sạc nhanh không dây 50W tiện lợi cho trải nghiệm sử dụng linh hoạt hơn. Khi vận hành cùng công nghệ sạc thông minh AI, tuổi thọ pin của máy có thể được kéo dài và đảm bảo an toàn nhiệt độ khi sạc.
Chip cao cấp Snapdragon 8 Gen 3
Điện thoại HONOR 400 Pro 5G sở hữu hiệu năng vượt trội nhờ con chip Snapdragon 8 Gen 3 xây dựng trên tiến trình 4nm. Theo công bố của Qualcomm, con chip này mang lại hiệu năng CPU tăng 30% và tiết kiệm năng lượng hơn so với thế hệ tiền nhiệm. 
Chipset đỉnh cao, vận hành trơn tru mọi trò chơi nặng
Nhờ vậy, mọi tác vụ từ lướt web cơ bản đến render video đều được xử lý với tốc độ phản hồi tức thì. Với hiệu năng ấn tượng này, điện thoại HONOR 400 phiên bản Pro đảm bảo khả năng vận hành của máy vẫn đảm bảo mượt mà trong nhiều năm tới.
Bộ xử lý đồ họa Adreno 750
GPU Adreno 750 tích hợp trên HONOR 400 Pro mang đến khả năng xử lý đồ họa đỉnh cao cho game thủ. Tốc độ khung hình trong các tựa game nặng như Genshin Impact luôn được duy trì ở mức ổn định cao. 
Đồ họa chân thực, trải nghiệm game ổn định đỉnh cao
Khả năng đổ bóng và tái tạo ánh sáng trong game trở nên chân thực và sống động hơn. Công nghệ tản nhiệt buồng hơi lớn đảm bảo GPU vận hành hết công suất mà vẫn duy trì nhiệt độ mát mẻ.
Siêu bền chuẩn 5 sao, khả năng chống bụi và nước đạt IP68 / IP69
Nhờ sở hữu chuẩn kháng nước và bụi cao cấp IP68/IP69, HONOR 400 Pro mang tới cho người dùng sự an tâm tối đa, không lo hỏng hóc khi không may bị va đập. Thiết bị có thể chịu được việc ngâm nước ở độ sâu nhất định hoặc tia nước áp lực cao. 
Thiết kế bền bỉ, kháng nước và bụi chuẩn cao cấp
Cấu trúc máy được gia cố kỹ lưỡng để ngăn chặn sự xâm nhập của bụi bẩn vào linh kiện bên trong. Lưu ý rằng tính năng kháng nước, bụi của máy thể suy giảm dần trong quá trình sử dụng. Do đó, hãng không khuyến khích người dùng test, thử nghiệm khả năng kháng nước của máy trong các môi trường quá khắc nghiệt.
Hệ thống loa kép đắm chìm từng âm sắc
Hệ thống loa kép stereo với công nghệ âm thanh của HONOR cũng là điểm nhấn ấn tượng không nên bỏ qua trên HONOR 400 Pro. Với hệ thống âm thanh cao cấp này, âm lượng loa của máy có thể lớn hơn thế hệ trước, mang lại trải nghiệm âm thanh sống động và chi tiết. 
Hệ thống loa kép mang lại không gian âm nhạc sống động
Các dải âm bass, mid và treble được cân chỉnh hài hòa, phục vụ tốt cho nhu cầu nghe nhạc, xem phim. Người dùng nhờ đó có thể đắm chìm trong không gian giải trí đa chiều ngay trên tay.
Kết nối dễ dàng, tốc độ bứt phá
Chuẩn Wi-Fi 7 mới và 5G băng tần kép trên HONOR 400 Pro mang lại tốc độ mạng siêu tốc. Khả năng bắt sóng của máy cũng được tăng cường giúp việc tải xuống các tệp tin lớn hay chơi game online diễn ra mượt mà. Cùng với đó là kết nối Bluetooth 5.4 giúp việc ghép đôi với các thiết bị ngoại vi của máy luôn ổn định và tiết kiệm pin.
Tốc độ kết nối vượt trội giúp tải tệp tin nhanh chóng
NFC tiện dụng chỉ với 1 chạm
Chip NFC đa năng tích hợp trên HONOR 400 Pro hỗ trợ thanh toán không chạm và truyền dữ liệu nhanh chóng. Người dùng có thể sử dụng điện thoại thay thế thẻ từ thang máy hoặc thẻ ngân hàng một cách tiện lợi. 
Kết nối và thanh toán một chạm nhanh chóng qua NFC
Thao tác kết nối một chạm giúp đơn giản hóa quá trình chia sẻ thông tin giữa các thiết bị. Nhờ tính năng bảo mật cao của NFC, người dùng có thể yên tâm thực hiện các giao dịch tài chính số.
Điều khiển từ xa bằng hồng ngoại
Mắt hồng ngoại trang bị trên HONOR 400 Pro biến model HONOR smartphone này thành chiếc điều khiển vạn năng cho gia đình. Người dùng có thể dễ dàng điều khiển tivi, máy lạnh, quạt điện mà không cần tìm kiếm remote thất lạc. 
Điều khiển thiết bị gia dụng tiện lợi ngay trên điện thoại
Phần mềm điều khiển cài sẵn tương thích với hàng ngàn thiết bị gia dụng đến từ đa dạng thương hiệu. Đây là tính năng nhỏ nhưng mang lại sự tiện ích rất lớn trong cuộc sống sinh hoạt hàng ngày.
Bộ nhớ cực lớn RAM 12GB, ROM 512GB
Với 12GB RAM, HONOR 400 Pro mang lại trải nghiệm đa nhiệm ổn định, cho phép chuyển đổi ứng dụng nhanh chóng. Theo đó, người dùng có thể mở hàng chục ứng dụng cùng lúc mà không gặp hiện tượng tải lại hay giật lag. 
Thoải mái đa nhiệm và lưu trữ với bộ nhớ khủng
Bộ nhớ trong 512GB cung cấp không gian lưu trữ khổng lồ cho hình ảnh, video và tài liệu cá nhân. Nhờ vậy, người sử dụng sẽ không còn phải lo lắng về việc đầy bộ nhớ trong quá trình sử dụng.
Các tính năng AI thông minh, tiện ích
Nền tảng MagicOS hiện đại với hàng loạt tính năng AI được tích hợp trên HONOR 400 Pro giúp tối ưu hóa trải nghiệm. Những tính năng này giúp tối ưu hóa hiệu suất làm việc cũng như nâng cao trải nghiệm giải trí của người dùng.
Tra cứu dữ liệu nhanh chóng ngay tại giao diện chính
Trợ lý ảo Gemini từ Google hỗ trợ trả lời câu hỏi và xử lý tác vụ phức tạp.
Tìm kiếm bằng hình ảnh Google Lens giúp nhận diện vật thể và tìm kiếm thông tin nhanh chóng.
Vẽ vòng tròn đơn giản tìm kiếm thông tin với Circle to Search giúp khoanh vùng nội dung cần tìm kiếm ngay trên màn hình.
Phát hiện giả mạo AI đưa ra các cảnh báo các nội dung video hoặc hình ảnh deepfake lừa đảo.
Magic Portal - Lối tắt thông minh AI có thể dự đoán ý định và đề xuất ứng dụng phù hợp chỉ với một cú kéo thả.
Dịch trực tiếp AI hỗ trợ giao tiếp đa ngôn ngữ theo thời gian thực.
Công cụ viết AI giúp gợi ý nội dung và chỉnh sửa văn bản chuyên nghiệp.
Camera HONOR 400 Pro - Nhiếp ảnh AI, đẳng cấp khác biệt
Hệ thống camera chân dung chuẩn Studio Harcourt Paris danh tiếng giúp HONOR 400 Pro nâng tầm nhiếp ảnh di động. Máy tích hợp các thuật toán AI tiên tiến để tối ưu hóa ánh sáng và chi tiết ảnh chụp.
Camera chính AI siêu nét 200MP
Cảm biến kích thước lớn siêu nhạy sáng độ phân giải khủng 200MP là điểm nhấn của camera chính HONOR Series 400 Pro. Các thước phim 4K trở nên ổn định và đậm chất điện ảnh nhờ công nghệ khử rung OIS tiên tiến. Chế độ chụp ảnh chuyên nghiệp cho phép người dùng tùy chỉnh sâu các thông số như máy ảnh cơ.
Cụm ống kính độ phân giải cao ghi lại chi tiết sắc nét
Camera góc siêu rộng 12MP 112°
Ống kính góc siêu rộng 12MP trên HONOR 400 Pro có trường nhìn lên tới 112 độ bao quát toàn cảnh. Ống kính này cực kỳ phù hợp để ghi lại những khung cảnh thiên nhiên rộng lớn hoặc các bức hình tập thể. Ngoài ra, chất lượng ảnh góc rộng vẫn giữ được độ chi tiết tốt và màu sắc đồng nhất với camera chính.
Hệ thống thấu kính hiện đại mở rộng góc nhìn toàn cảnh
Camera trước 50MP (khẩu độ f/2.0)
HONOR 400 Pro mang lại những bức ảnh selfie sắc nét vượt trội nhờ camera trước 50MP, khẩu độ f/2.0. Bên cạnh độ chi tiết cao, camera này còn tích hợp công nghệ nhận diện khuôn mặt 2D giúp tăng cường bảo mật hiệu quả. 
Camera trước sắc nét giúp bức ảnh selfie thêm tự nhiên
Ngoài ra, khả năng quay video 3840 x 2160 pixel trên camera trước cũng đáp ứng tốt nhu cầu vlog và gọi video chất lượng cao. Đặc biệt, chế độ góc rộng sẽ tự động kích hoạt khi phát hiện nhóm đông người, giúp người dùng không bỏ lỡ ai trong khung hình.
Siêu Zoom kỹ thuật số 50x
Camera tele 50MP trên HONOR 400 Pro hỗ trợ zoom kỹ thuật số lên đến 50x. Nhờ thuật toán AI tiên tiến, chi tiết hình ảnh được máy tái tạo tốt và giảm nhiễu hiệu quả khi phóng to các vật thể ở xa. 
Khả năng thu phóng ấn tượng bắt trọn vật thể từ xa
Kết hợp với tính năng khử rung OIS, khung hình luôn duy trì được sự ổn định cần thiết ngay cả khi chụp ở tiêu cự lớn. Nhờ vậy, người sử dụng có thể thu lại rõ nét những chi tiết ở khoảng cách xa mà mắt thường khó nhìn thấy.
Công nghệ làm mờ hậu cảnh và nhận diện chuyển động AI
AI trên HONOR 400 Pro được tối ưu hóa để tách chủ thể khỏi nền một cách chính xác khi người dùng chụp xóa phông. Hiệu ứng bokeh nhờ đó được mô phỏng mềm mại, tự nhiên tựa như các ống kính máy ảnh khẩu độ lớn chuyên nghiệp. 
Ghi lại vật thể di chuyển nhanh mà không bị mờ
Không chỉ vậy, tính năng nhận diện chuyển động AI còn hỗ trợ bắt trọn những khoảnh khắc hành động nhanh mà không bị nhòe. Vì thế, người dùng sẽ luôn có được bức ảnh tĩnh sắc nét trong mọi tình huống với HONOR 400 bản Pro.
Chụp chân dung AI siêu nét 200MP
Sức mạnh phần cứng 200MP khi kết hợp cùng thuật toán HONOR AI Portrait Engine giúp HONOR 400 Pro tạo ra ảnh chân dung ấn tượng. Làn da chủ thể được xử lý mịn màng nhưng vẫn giữ lại kết cấu tự nhiên và độ khối chân thực của khuôn mặt. 
Ảnh chân dung sống động, tôn vinh vẻ đẹp chân thực
Hơn nữa, ánh sáng và bóng đổ trên gương mặt cũng được AI tinh chỉnh khéo léo để tạo chiều sâu nghệ thuật cho bức ảnh. Nhờ vậy, chế độ này mang lại chất lượng ảnh chân dung tương đương với các studio chuyên nghiệp.
Chụp ban đêm siêu nét trong điều kiện thiếu sáng
HONOR 400 Pro tự tin thách thức bóng tối với chế độ chụp đêm Night Mode thế hệ mới được hỗ trợ bởi AI. Cảm biến lớn giúp thu nhận ánh sáng nhiều hơn, từ đó giảm thiểu nhiễu hạt và làm sáng các vùng tối một cách chi tiết. 
Ảnh đêm rõ nét, chủ thể nổi bật trước hậu cảnh lung linh
Bên cạnh đó, các nguồn sáng phức tạp như đèn đường hay biển hiệu neon cũng được xử lý cân bằng, hạn chế tình trạng cháy sáng. Người sử dụng hoàn toàn có thể ghi lại vẻ đẹp lung linh của thành phố về đêm chỉ với một lần bấm máy.
Chụp ảnh động HD bắt trọn 3 giây, chia sẻ dễ dàng
Tính năng chụp ảnh động trên HONOR 400 Pro giúp bắt trọn được các khoảnh khắc chỉ trong 3 giây. Những khoảnh khắc chuyển động ngắn kết hợp cùng âm thanh sống động giúp bức ảnh trở nên có hồn và thú vị hơn. 
Bắt trọn khoảnh khắc chuyển động nhanh đầy sống động, tự nhiên
Sau khi chụp, người dùng có thể chọn khung hình đẹp nhất trong chuỗi chuyển động để lưu thành ảnh tĩnh chất lượng cao. Việc chia sẻ các tác phẩm ảnh động này lên mạng xã hội cũng diễn ra vô cùng nhanh chóng và dễ dàng.
Studio chuẩn chân dung bộ lọc màu phim AI
Thông qua sự hợp tác với Studio Harcourt Paris, HONOR 400 Pro mang đến ba bộ lọc màu chân dung đầy tính nghệ thuật. Trong khi bộ lọc Harcourt Vibrant tạo vẻ đẹp sống động, thì Harcourt Color mang phong cách cổ điển và Harcourt Classic tạo chất ảnh đen trắng. 
Ảnh chân dung nghệ thuật với tông màu phim điện ảnh 
Mỗi bộ lọc đều được các chuyên gia nhiếp ảnh tinh chỉnh kỹ lưỡng về ánh sáng và độ tương phản. Người dùng sẽ dễ dàng tạo ra các tác phẩm chân dung nghệ thuật chuẩn điện ảnh ngay trên chiếc smartphone của mình.
Các chức năng chỉnh sửa ảnh AI
Bộ công cụ chỉnh sửa ảnh AI mạnh mẽ được cung cấp ngay trong thư viện ảnh gốc của HONOR 400 Pro. Người dùng không cần tải thêm ứng dụng bên thứ ba về máy mà vẫn có được bức ảnh ưng ý.
Dễ dàng chỉnh sửa và mở rộng khung hình nhờ công cụ AI
Chuyển ảnh thành video AI giúp tự động tạo video kỷ niệm từ thư viện ảnh.
Xóa phản chiếu AI hỗ trợ loại bỏ bóng mờ khi chụp qua cửa kính.
Xóa bỏ tức thì những chủ thể không mong muốn cho phép người dùng xóa người lạ hoặc vật thể thừa trong nền.
Nâng cấp ảnh AI đảm bảo tăng độ nét cho các bức ảnh cũ hoặc bị mờ.
Mở rộng hình ảnh AI giúp tự động vẽ thêm chi tiết nền cho bức ảnh.
Tách nền và chỉnh sửa ảnh AI đảm bảo cắt chủ thể để ghép vào nền khác dễ dàng.
Sửa mắt nhắm AI cho phép người dùng điều chỉnh mắt mở to tự nhiên nếu lỡ chớp mắt khi chụp.
Hình ảnh chụp thực tế từ camera HONOR 400 Pro
Các bức hình thực tế sắc nét và giàu chi tiết đã chứng minh chất lượng hình ảnh vượt trội của HONOR 400 Pro. Người dùng có thể cảm nhận rõ độ tương phản tốt và màu sắc sống động trong từng khung hình.
Hình chụp từ camera chính
Những bức ảnh từ camera chính của HONOR 400 phiên bản Pro có độ chi tiết kinh ngạc nhờ cảm biến 200MP. Màu sắc được tái tạo trung thực, dải động rộng giúp vùng sáng và tối đều rõ ràng. 
Camera chính ghi lại khung cảnh đường phố sắc nét 
Ngay cả khi zoom kỹ thuật số 2x, chất lượng ảnh vẫn rất tốt và sắc nét. Khả năng cân bằng trắng của máy hoạt động chính xác trong hầu hết các điều kiện ánh sáng ban ngày.
Hình chụp từ camera góc siêu rộng
Hiện tượng méo góc trên các bức ảnh chụp từ ống kính góc siêu rộng được HONOR 400 Pro xử lý rất tốt. Màu sắc của ảnh góc rộng có sự đồng nhất cao với camera chính, không bị sai lệch tông màu. 
Ảnh góc rộng thu trọn cảnh đêm thành phố rực rỡ
Chi tiết ở vùng rìa ảnh vẫn được giữ lại khá tốt, không bị mờ nhòe quá nhiều. Đây là lựa chọn lý tưởng để ghi lại những công trình kiến trúc lớn hoặc phong cảnh thiên nhiên.
Hình chụp từ camera Selfie chân dung
Những bức ảnh selfie từ HONOR 400 Pro trông rất tự nhiên, làm nổi bật vẻ đẹp chủ thể mà không bị ảo. Chế độ chân dung xóa phông tách nền chính xác, tạo hiệu ứng bokeh mềm mại làm nổi bật gương mặt. 
Ảnh tự chụp rạng rỡ, làm đẹp tự nhiên và xóa phông tốt
Da người được làm đẹp nhẹ nhàng, giữ lại các đặc điểm nhận dạng cá nhân và tông da hồng hào. Ảnh chụp selfie trong điều kiện thiếu sáng cũng được AI xử lý để giảm nhiễu và tăng sáng hiệu quả.
So sánh HONOR 400 Pro với HONOR 200 Pro có đáng nâng cấp?
So với thế hệ tiền nhiệm HONOR 200 Pro, HONOR 400 Pro mang đến nhiều nâng cấp đáng giá về hiệu năng. Người dùng sẽ nhận thấy sự khác biệt rõ rệt về dung lượng pin, khả năng xử lý AI và độ bền.
Thông số
HONOR 400 Pro 5G 12GB 512GB
Honor 200 Pro
Kích thước màn hình
6.7 inches
6.7 inches
Công nghệ màn hình
AMOLED
OLED
Camera sau
Camera chính AI siêu nét 200MP (f/1.9, OIS) + 50MP Camera Tele (f/2.4 , OIS) + 12MP Camera Góc Siêu Rộng (f/2.2)
50MP, f/1.9 và hỗ trợ chống rung quang học (OIS)
Camera telephoto 50MP với khả năng zoom quang học 2.5x, khẩu độ f/2.4 và hỗ trợ OIS
12MP
Camera trước
50MP (khẩu độ f/2.0)
50MP
Chipset
Snapdragon 8 Gen 3
Snapdragon 8s Gen 3
Công nghệ NFC
Có
Có
Dung lượng RAM
12 GB
12 GB
Bộ nhớ trong
512 GB
256 GB
Pin
6000 mAh
5200 mAh
Thẻ SIM
2 Nano SIM hoặc 1 Nano + 1 eSIM
Hệ điều hành
MagicOS 9.0 (Android 15)
Android 14
Độ phân giải màn hình
2800 x 1280 pixels
Tính năng màn hình
1.07 tỷ màu
Tần số quét 120Hz
Loại CPU
8 nhân
Những nâng cấp và khác biệt đáng giá so với thế hệ trước
HONOR 400 phiên bản Pro thực sự là khoản đầu tư xứng đáng cho những ai cần hiệu suất cao và thời lượng pin dài hơn. Thiết bị phù hợp để nâng cấp nếu người sử dụng muốn trải nghiệm các tính năng AI mới và camera 200MP.
HONOR 400 Pro 5G khi nào ra mắt?
Thị trường điện thoại toàn cầu đã chào đón HONOR 400 Pro 5G vào ngày 22/5/2025 và chính thức ra mắt tại thị trường Việt Nam vào ngày 27/6/2025. Sự kiện ra mắt của smartphone HONOR này đã thu hút sự quan tâm lớn từ cộng đồng công nghệ nhờ những nâng cấp vượt trội. 
Mẫu smartphone HONOR mới ra mắt với kết nối đa dạng
Tại thị trường Việt Nam, điện thoại HONOR 400 phiên bản Pro 5G đã được mở bán chính hãng vào cuối tháng 6 năm 2025. Hiện tại, người dùng có thể sở hữu sản phẩm điện thoại thông minh này tại nhiều cửa hàng bán lẻ uy tín như CellphoneS với mức ưu đãi.
Điện thoại HONOR 400 Pro 5G giá bao nhiêu?
Tại thị trường Việt Nam, điện thoại HONOR 400 Pro 5G đang có mức giá niêm yết khoảng 18.660.000đ. Đặc biệt, khách hàng tham gia chương trình thu cũ đổi mới có thể sở hữu máy với giá chỉ từ hơn 11 triệu đồng, chi tiết như sau: 
Tên sản phẩm
Giá bán
Giá thu cũ lên đời
HONOR 400 Pro 5G 12GB 512GB
14.990.000đ
12.990.000đ
Giá hấp dẫn nhưng vẫn sở hữu tính năng thông minh
Mức giá ưu đãi thu cũ lên đời này đã bao gồm khoản trợ giá lên đời trực tiếp đến 3.000.000đ từ hệ thống. Đây là thời điểm lý tưởng để người dùng nâng cấp thiết bị và trải nghiệm các tính năng công nghệ mới.
Điện thoại HONOR 400 Pro hỗ trợ cập nhật phần mềm bao lâu?
Chính sách hỗ trợ cập nhật phần mềm mở rộng giúp điện thoại HONOR 400 Pro 5G sở hữu vòng đời sử dụng lâu dài. Hãng cam kết cung cấp 4 năm cập nhật hệ điều hành Android lớn và 5 năm bản vá bảo mật. 
Cam kết hỗ trợ cập nhật hệ điều hành lâu dài
Điều này đảm bảo thiết bị luôn được trải nghiệm các tính năng mới và an toàn trước các mối đe dọa. Người dùng điện thoại HONOR 400 phiên bản Pro 5G có thể yên tâm sử dụng máy ổn định trong thời gian dài.
Trong hộp điện thoại HONOR 400 Pro bao gồm những gì?
Hộp đựng sang trọng của HONOR 400 Pro chứa đầy đủ bộ phụ kiện cần thiết cho người dùng. Người sử dụng sẽ không cần phải mua thêm bất kỳ phụ kiện cơ bản nào để bắt đầu trải nghiệm máy. Cụ thể, trong hộp của dòng smartphone HONOR này bao gồm: 
Mở hộp và tận hưởng ngay không gian giải trí sống động
Thân máy HONOR 400 bản Pro 5G.
Củ sạc nhanh SuperCharge 100W.
Cáp kết nối USB Type-C.
Ốp lưng bảo vệ silicon trong suốt.
Que chọc SIM.
Sách hướng dẫn sử dụng và thẻ bảo hành.
Miếng dán bảo vệ màn hình (đã dán sẵn).
Nên mua điện thoại HONOR 400 Pro 5G ở đâu uy tín, nhiều ưu đãi hấp dẫn?
CellphoneS hiện có phân phối điện thoại HONOR 400 Pro 5G chính hãng với chính sách bảo hành dài hạn, đổi trả linh hoạt. Khi ghé tới CellphoneS, khách hàng sẽ nhận được loạt ưu đãi hấp dẫn sau:
Hỗ trợ lên đời máy mới giảm tới 3 triệu đồng.
Hỗ trợ trả góp 0% lãi suất tiện lợi.
Giảm giá thêm cho thành viên Smember.
Ưu đãi giảm giá hấp dẫn cho người mua là học sinh, sinh viên, giáo viên.","{""Màn hình"": [{""name"": ""Kích thước màn hình"", ""value"": ""6.7 inches""}, {""name"": ""Công nghệ màn hình"", ""value"": ""AMOLED""}, {""name"": ""Độ phân giải màn hình"", ""value"": ""2800 x 1280 pixels""}, {""name"": ""Tính năng màn hình"", ""value"": ""1.07 tỷ màu""}, {""name"": ""Tần số quét"", ""value"": ""120Hz""}, {""name"": ""Kiểu màn hình"", ""value"": ""Đục lỗ (Nốt ruồi)""}], ""Camera sau"": [{""name"": ""Camera sau"", ""value"": ""Camera chính AI siêu nét 200MP (f/1.9, OIS) + 50MP Camera Tele (f/2.4 , OIS) + 12MP Camera Góc Siêu Rộng (f/2.2)""}, {""name"": ""Quay video"", ""value"": ""Hỗ trợ lên đến 4K (3840 × 2160)""}, {""name"": ""Tính năng camera"", ""value"": ""Chân dung AI nâng cao, Siêu zoom AI, Chế độ sân khấu, Nghệ thuật, Mô phỏng phim, Ảnh chuyển động, Tua nhanh thời gian, Góc siêu rộng, Chụp đêm, Nhiều video, Toàn cảnh, HDR, Quay chậm, Siêu cận cảnh, Quét tài liệu""}], ""Camera trước"": [{""name"": ""Camera trước"", ""value"": ""50MP (khẩu độ f/2.0)""}, {""name"": ""Quay video trước"", ""value"": ""Hỗ trợ lên đến 4K (3840 × 2160)""}], ""Vi xử lý & đồ họa"": [{""name"": ""Chipset"", ""value"": ""Snapdragon 8 Gen 3""}, {""name"": ""GPU"", ""value"": ""Adreno 750""}], ""Giao tiếp & kết nối"": [{""name"": ""Công nghệ NFC"", ""value"": ""Có""}, {""name"": ""Thẻ SIM"", ""value"": ""2 Nano SIM hoặc 1 Nano + 1 eSIM""}, {""name"": ""Hồng ngoại"", ""value"": ""Có""}, {""name"": ""Hỗ trợ mạng"", ""value"": ""5G""}, {""name"": ""GPS"", ""value"": ""GPS, AGPS, GLONASS, BeiDou, Galileo""}], ""RAM & lưu trữ"": [{""name"": ""Dung lượng RAM"", ""value"": ""12 GB""}, {""name"": ""Bộ nhớ trong"", ""value"": ""512 GB""}], ""Pin & công nghệ sạc"": [{""name"": ""Pin"", ""value"": ""6000 mAh""}, {""name"": ""Công nghệ sạc"", ""value"": ""Có dây 100W SuperCharge\nKhông dây 50W SuperCharge""}, {""name"": ""Cổng sạc"", ""value"": ""USB Type-C""}], ""Tính năng khác"": [{""name"": ""Hệ điều hành"", ""value"": ""MagicOS 9.0 (Android 15)""}], ""Bộ xử lý & Đồ họa"": [{""name"": ""Loại CPU"", ""value"": ""8 nhân""}], ""Kích thước & Trọng lượng"": [{""name"": ""Kích thước"", ""value"": ""160.8 × 76.1 × 8.1 mm""}, {""name"": ""Trọng lượng"", ""value"": ""~205 g (kèm pin)""}], ""Thông số khác"": [{""name"": ""Chỉ số kháng nước, bụi"", ""value"": ""IP68, IP69""}, {""name"": ""Công nghệ - Tiện ích"", ""value"": ""Mở khóa khuôn mặt 2D""}, {""name"": ""Công nghệ âm thanh"", ""value"": ""Công nghệ âm thanh HONOR, Loa stereo""}], ""Tiện ích khác"": [{""name"": ""Cảm biến vân tay"", ""value"": ""Cảm biến vân tay dưới màn hình""}, {""name"": ""Các loại cảm biến"", ""value"": ""Cảm biến gia tốc, Cảm biến tiệm cận, Cảm biến ánh sáng, La bàn""}, {""name"": ""Tính năng đặc biệt"", ""value"": ""Hỗ trợ 5G, Sạc không dây, Bảo mật vân tay, Nhận diện khuôn mặt, Kháng nước, kháng bụi, Điện thoại AI""}], ""Cổng kết nối"": [{""name"": ""Wi-Fi"", ""value"": ""Wi-Fi 6E / Wi-Fi 7 (802.11 a/b/g/n/ac/ax/be), 2x2 MIMO""}, {""name"": ""Bluetooth"", ""value"": ""v5.4""}]}","[""https://cdn2.cellphones.com.vn/x/media/catalog/product/s/l/slider-honor-400-pro-5g-4_1.png"", ""https://cdn2.cellphones.com.vn/x/media/catalog/product/s/l/slider-honor-400-pro-5g.png"", ""https://cdn2.cellphones.com.vn/x/media/catalog/product/s/l/slider-honor-400-pro-5g-1.png""]","{""product_color_1"": {""color"": ""Đen"", ""image_url"": ""https://cellphones.com.vn/dien-thoai-honor-400-pro-5g.html?product_id=111967"", ""price"": ""14.990.000₫""}, ""product_color_2"": {""color"": ""Xám"", ""image_url"": ""https://cellphones.com.vn/dien-thoai-honor-400-pro-5g.html?product_id=111966"", ""price"": ""14.990.000₫""}}"
HONOR X8d 8GB 128GB,dien-thoai-honor-x8d,8.090.000đ,7.590.000đ,"Đặc điểm nổi bật của HONOR X8d 8GB 128GB
HONOR X8d là mẫu điện thoại tầm trung mới nhất của HONOR, chính thức ra mắt tại thị trường Việt Nam vào ngày 07/03/2026. Sản phẩm gây ấn tượng với thiết kế siêu mỏng 7.5mm cùng dung lượng pin khủng 7000mAh, mang đến trải nghiệm sử dụng bền bỉ. X8d được tích hợp màn hình AMOLED 6.77 inch với độ sáng đến 3000 nits. Máy còn sở hữu chip Snapdragon 6s 4G Gen 2, RAM 8GB mở rộng kèm tính năng kháng nước IP65.
Nội dung chính
1. Điện thoại HONOR X8d - Smartphone mỏng 7.5mm với pin khủng 7000mAh
1.1. Công nghệ AI thông minh hỗ trợ trải nghiệm hằng ngày
1.2. Chipset Qualcomm Snapdragon và vi xử lý đáp ứng đa tác vụ
1.3. Camera 108MP hỗ trợ chụp ảnh độ phân giải cao
1.4. Pin dung lượng lớn 7000mAh, tối ưu thời gian sử dụng
1.5. Màn hình AMOLED 120Hz hiển thị rõ ràng
1.6. Thiết kế mỏng nhẹ kết hợp độ bền cao
2. So sánh điện thoại HONOR X8d với HONOR X7d chi tiết
3. Điện thoại HONOR X8d khi nào ra mắt?
4. Điện thoại HONOR X8d bao nhiêu tiền?
5. Mua điện thoại HONOR X8d chính hãng, trả góp 0%, thu cũ trợ giá 1 triệu tại CellphoneS
Điện thoại HONOR X8d - Smartphone mỏng 7.5mm với pin khủng 7000mAh
HONOR X8d được thiết kế hướng đến trải nghiệm toàn diện với khẩu hiệu ""eXtra Elegance, eXtra Experience"". Điện thoại HONOR kết hợp nhiều điểm nổi bật từ công nghệ hiển thị, hiệu năng xử lý đến khả năng chụp ảnh và độ bền pin vượt trội.
Công nghệ AI thông minh hỗ trợ trải nghiệm hằng ngày
HONOR X8d được trang bị hệ thống AI tích hợp trực tiếp trong giao diện MagicOS 10 để mang lại khả năng tương tác nhanh và tiện lợi trong quá trình sử dụng. Nút AI Button nâng cấp cho phép truy cập các tính năng thông minh.
Máy tích hợp nhiều công nghệ AI
Khi nhấn hai lần, người dùng có thể truy cập AI Memory là nơi lưu trữ ghi chú, ý tưởng hoặc thông tin quan trọng. Bên cạnh đó, thao tác nhấn giữ giúp kích hoạt AI Recognition, hỗ trợ nhận diện nội dung hình ảnh nhanh chóng. Máy còn tích hợp các công cụ như Circle to Search, AI Summary và AI Settings Agent.
Chipset Qualcomm Snapdragon và vi xử lý đáp ứng đa tác vụ
Smartphone HONOR X8d được trang bị vi xử lý Qualcomm Snapdragon 6s 4G Gen 2 với kiến trúc 8 nhân. Con chip này kết hợp cùng GPU Adreno 610 giúp thiết bị xử lý tốt các tác vụ phổ biến như lướt web, xem video, mạng xã hội hay các ứng dụng làm việc.
Snapdragon 6s 4G Gen 2 mạnh mẽ
Máy đi kèm RAM 8GB và hỗ trợ RAM mở rộng thêm 8GB, giúp hệ thống duy trì khả năng đa nhiệm mượt mà khi chuyển đổi giữa nhiều ứng dụng. Bên cạnh đó, bộ nhớ trong lên đến 128GB cung cấp không gian lưu trữ rộng rãi.
Camera 108MP hỗ trợ chụp ảnh độ phân giải cao
Điện thoại HONOR X8d 5G 8GB 128GB được trang bị camera chính 108MP với khẩu độ f/1.75, hỗ trợ ghi lại hình ảnh có độ chi tiết cao trong nhiều điều kiện ánh sáng. Cảm biến độ phân giải lớn cho phép phóng to hình ảnh mà vẫn giữ được độ rõ nét cần thiết.
Camera 108MP mang đến chất ảnh trung thực, sắc nét
Thiết bị còn tích hợp các chế độ chụp ảnh AI như AI Eraser, AI Upscale, AI Remove Reflection, AI Outpainting và AI Eyes Open. Những công cụ này hỗ trợ người dùng cải thiện hình ảnh nhanh chóng mà không cần sử dụng phần mềm chỉnh sửa.
Pin dung lượng lớn 7000mAh, tối ưu thời gian sử dụng
Một trong những điểm đáng chú ý trên X8d là viên pin dung lượng 7000mAh, đáp ứng tốt nhu cầu sử dụng liên tục. Với dung lượng lớn, thiết bị có thể duy trì hoạt động trong khoảng hai ngày. Tuy nhiên, thời lượng sử dụng thực tế có thể thay đổi tuỳ vào tác vụ mà người dùng sử dụng.
Công nghệ quản lý năng lượng của hệ điều hành MagicOS 10 giúp phân bổ tài nguyên hợp lý, giảm mức tiêu thụ pin khi chạy nhiều ứng dụng cùng lúc. Điều này giúp điện thoại duy trì hiệu suất ổn định trong thời gian dài.
Viên pin lớn 7000mAh
Smartphone HONOR X8d hỗ trợ 45W HONOR SuperCharge, giúp nạp năng lượng nhanh chóng khi cần thiết. Pin có thể duy trì hơn 1000 chu kỳ sạc và giữ độ bền trong nhiều năm sử dụng, giúp thiết bị duy trì hiệu suất ổn định trong thời gian dài.
Màn hình AMOLED 120Hz hiển thị rõ ràng
Thiết bị được trang bị màn hình AMOLED 6.77 inch với độ phân giải 1080 x 2392 pixels, mang lại khả năng hiển thị sắc nét và màu sắc sống động. Tần số quét 120Hz giúp thao tác cuộn trang, xem video hoặc chơi game trở nên mượt mà hơn.
Máy có màn hình AMOLED 120Hz
Màn hình còn đạt độ sáng tối đa 3000 nits, giúp nội dung hiển thị rõ ngay cả khi sử dụng ngoài trời. Công nghệ 3840Hz PWM Dimming cùng các chế độ bảo vệ mắt giúp giảm hiện tượng nhấp nháy, hỗ trợ trải nghiệm xem lâu dài.
Thiết kế mỏng nhẹ kết hợp độ bền cao
Điện thoại HONOR X8d được thiết kế với độ dày 7.5mm và trọng lượng khoảng 188g, mang lại cảm giác cầm nắm gọn gàng trong quá trình sử dụng. Mặt lưng hoàn thiện với họa tiết Meta-textured giúp tăng tính thẩm mỹ và hạn chế bám dấu vân tay.
Máy có thiết kế mỏng nhẹ, tinh tế nhưng vẫn bền bỉ
Ngoài yếu tố thẩm mỹ, thiết bị còn được tối ưu độ bền với khả năng giảm hư hại khi rơi ở độ cao 2m cùng chứng nhận SGS 5 sao. Chuẩn kháng nước và bụi IP65 giúp máy hoạt động ổn định trong các tình huống tiếp xúc với nước bất ngờ. Dù vậy nhưng người dùng nên hạn chế để máy tiếp xúc với nước quá lâu để tránh hư hỏng.
So sánh điện thoại HONOR X8d với HONOR X7d chi tiết
HONOR X8d và HONOR X7d đều thuộc phân khúc tầm trung nhưng có nhiều khác biệt về hiệu năng, pin và trải nghiệm. Bảng so sánh dưới đây sẽ giúp người dùng dễ dàng nhận ra điểm nổi bật của từng dòng máy:
Thông số
HONOR X8d 8GB 128GB
HONOR X7d 8GB 256GB
Kích thước màn hình
6.77 inches
6.77 inches
Công nghệ màn hình
AMOLED
TFT LCD
Camera sau
Camera chính 108MP (f/1.75) + Camera rộng 5MP (f/2.2)
108 MP, f/1.8 + 2MP
Camera trước
16MP (f/2.45)
8MP, f/2.0
Chipset
Snapdragon 6s 4G thế hệ 2
Qualcomm Snapdragon 685
Công nghệ NFC
Có
Dung lượng RAM
8 GB
8 GB
Bộ nhớ trong
128 GB
256 GB
Pin
6800mAh (giá trị định mức), 7000 mAh (giá trị điển hình)
6500 mAh
Thẻ SIM
2 Nano-SIM
Nano-SIM
Hệ điều hành
MagicOS 10 (Dựa trên Android 16)
Android 15, MagicOS 9.0
Độ phân giải màn hình
1080 x 2392 pixels
Tính năng màn hình
Màu sắc: 1,07 tỷ màu
Công nghệ Eye Comfort
800 nit (điển hình) 1300 nit (loại HBM) 3000 nit (loại APL)
Chất liệu kính Thủy tinh Aluminosilicate
Độ phân giải HD+ (720 × 1.610 px), 120 Hz
Loại CPU
Octa-core, 4 * A73 2,9 GHz + 4 * A53 1,9 GHz
8 nhân: 4 × Cortex-A73 (2,8 GHz) + 4 × Cortex-A53 (1,9 GHz)
Bảng so sánh này có thể giúp người dùng dễ dàng lựa chọn dòng HONOR phù hợp với nhu cầu sử dụng. Về thiết kế và độ bền của pin, điện thoại HONOR X8d sẽ là một lựa chọn lý tưởng hơn so với phiên bản X7d.
Điện thoại HONOR X8d khi nào ra mắt?
Điện thoại HONOR X8d chính thức ra mắt tại thị trường Việt Nam vào ngày 07/03/2026, chương trình mở bán HONOR X8d diễn ra từ ngày 07/03 đến 31/03/2026 với nhiều ưu đãi hấp dẫn.
Máy chính thức ra mắt vào ngày 7/3
Đây là mẫu smartphone tầm trung mới của HONOR với nhiều tính năng hữu ích. Thiết bị hướng đến người dùng cần smartphone có pin bền bỉ. Sau khi ra mắt, smartphone này đã nhanh chóng thu hút sự chú ý.
Điện thoại HONOR X8d bao nhiêu tiền?
Tại Việt Nam, điện thoại HONOR X8d có giá niêm yết từ 8.090.000đ cho phiên bản 128GB và giá 8.990.000đ cho phiên bản 256GB. Tuy nhiên, trong giai đoạn mở bán (tháng 3/2026), người dùng có thể mua sản phẩm với giá ưu đãi chỉ từ 7.790.000đ cho phiên bản 128GB sau khi trừ các khuyến mãi trực tiếp.
Dưới đây là chi tiết giá bán và các chương trình ưu đãi tại CellphoneS:
Sản phẩm
RAM + ROM
Giá bán
Giá thu cũ
HONOR X8d
8GB + 128GB
7.790.000đ
6.712.000đ
CellphoneS  hỗ trợ thu cũ lên đời với trợ giá hấp dẫn. Mức trợ giá tối đa lên đến 1.000.000đ, giúp giảm chi phí khi nâng cấp.
Máy có giá bán và ưu đãi trợ giá hấp dẫn
Mua điện thoại HONOR X8d chính hãng, trả góp 0%, thu cũ trợ giá 1 triệu tại CellphoneS
Khi mua điện thoại HONOR X8d chính hãng tại CellphoneS, khách hàng có thể nhận nhiều ưu đãi kèm theo. Khách hàng được tặng SIM 5G VNSKY và gia hạn gói bảo hành VIP với giá hấp dẫn. Bên cạnh đó, cửa hàng còn mang đến chương trình thu cũ đổi mới và trả góp 0% linh hoạt. Đến ngay CellphoneS để trải nghiệm sản phẩm và sở hữu với mức giá hấp dẫn!","{""Màn hình"": [{""name"": ""Kích thước màn hình"", ""value"": ""6.77 inches""}, {""name"": ""Công nghệ màn hình"", ""value"": ""AMOLED""}, {""name"": ""Độ phân giải màn hình"", ""value"": ""1080 x 2392 pixels""}, {""name"": ""Tính năng màn hình"", ""value"": ""Màu sắc: 1,07 tỷ màu\nCông nghệ Eye Comfort\n800 nit (điển hình) 1300 nit (loại HBM) 3000 nit (loại APL)\nChất liệu kính Thủy tinh Aluminosilicate""}, {""name"": ""Tần số quét"", ""value"": ""120Hz""}, {""name"": ""Kiểu màn hình"", ""value"": ""Đục lỗ (Nốt ruồi)""}], ""Camera sau"": [{""name"": ""Camera sau"", ""value"": ""Camera chính 108MP (f/1.75) + Camera rộng 5MP (f/2.2)""}, {""name"": ""Quay video"", ""value"": ""Hỗ trợ quay video lên đến 1080P (1920×1080)""}, {""name"": ""Tính năng camera"", ""value"": ""Ảnh, Video, Chân dung, Đêm, PRO, Chế độ xem kép, Chuyển động chậm, Toàn cảnh, Tua nhanh thời gian, Độ phân giải cao, Câu chuyện, Quét tài liệu, Chụp nụ cười, v.v.""}], ""Camera trước"": [{""name"": ""Camera trước"", ""value"": ""16MP (f/2.45)""}, {""name"": ""Quay video trước"", ""value"": ""1080P (1920×1080)""}], ""Vi xử lý & đồ họa"": [{""name"": ""Chipset"", ""value"": ""Snapdragon 6s 4G thế hệ 2""}, {""name"": ""GPU"", ""value"": ""Adreno 610""}], ""Giao tiếp & kết nối"": [{""name"": ""Công nghệ NFC"", ""value"": ""Có""}, {""name"": ""Thẻ SIM"", ""value"": ""2 Nano-SIM""}, {""name"": ""Hỗ trợ mạng"", ""value"": ""4G""}, {""name"": ""GPS"", ""value"": ""GPS / AGPS / Glonass / BeiDou / Galileo""}], ""RAM & lưu trữ"": [{""name"": ""Dung lượng RAM"", ""value"": ""8 GB""}, {""name"": ""Bộ nhớ trong"", ""value"": ""128 GB""}], ""Pin & công nghệ sạc"": [{""name"": ""Pin"", ""value"": ""6800mAh (giá trị định mức), 7000 mAh (giá trị điển hình)""}, {""name"": ""Công nghệ sạc"", ""value"": ""45W HONOR SuperCharge""}, {""name"": ""Cổng sạc"", ""value"": ""USB Type-C""}], ""Tính năng khác"": [{""name"": ""Hệ điều hành"", ""value"": ""MagicOS 10 (Dựa trên Android 16)""}], ""Bộ xử lý & Đồ họa"": [{""name"": ""Loại CPU"", ""value"": ""Octa-core, 4 * A73 2,9 GHz + 4 * A53 1,9 GHz""}], ""Kích thước & Trọng lượng"": [{""name"": ""Kích thước"", ""value"": ""162,9 x 76,31 x 7,5mm""}, {""name"": ""Trọng lượng"", ""value"": ""Khoảng 188g (bao gồm cả pin)""}], ""Thông số khác"": [{""name"": ""Chỉ số kháng nước, bụi"", ""value"": ""IP65""}, {""name"": ""Công nghệ âm thanh"", ""value"": ""Âm thanh HONOR, 300% Âm lượng âm thanh nổi""}], ""Tiện ích khác"": [{""name"": ""Cảm biến vân tay"", ""value"": ""Cảm biến vân tay cạnh bên""}, {""name"": ""Các loại cảm biến"", ""value"": ""Cảm biến tiệm cận, Cảm biến ánh sáng, La bàn, Cảm biến trọng lực""}, {""name"": ""Tính năng đặc biệt"", ""value"": ""Bảo mật vân tay, Nhận diện khuôn mặt, Kháng nước, kháng bụi, Điện thoại AI""}], ""Cổng kết nối"": [{""name"": ""Wi-Fi"", ""value"": ""802.11 a/b/g/n/ac, 2.4GHz và 5GHz, WiFi/Wi-Fi Direct""}, {""name"": ""Bluetooth"", ""value"": ""LNA-LX2 BT5.0, hỗ trợ BLE, SBC, AAC\nLNA-LX3 BT5.1, hỗ trợ BLE, SBC, AAC, LDAC""}]}","[""https://cdn2.cellphones.com.vn/x/media/catalog/product/d/i/dien-thoai-honor-x8d_1.jpg"", ""https://cdn2.cellphones.com.vn/x/media/catalog/product/d/i/dien-thoai-honor-x8d-1_1.jpg"", ""https://cdn2.cellphones.com.vn/x/media/catalog/product/d/i/dien-thoai-honor-x8d-2_1.jpg""]","{""product_color_1"": {""color"": ""Xanh"", ""image_url"": ""https://cellphones.com.vn/dien-thoai-honor-x8d.html?product_id=126036"", ""price"": ""7.590.000₫""}, ""product_color_2"": {""color"": ""Xám"", ""image_url"": ""https://cellphones.com.vn/dien-thoai-honor-x8d.html?product_id=126035"", ""price"": ""7.590.000₫""}, ""product_color_3"": {""color"": ""Đen"", ""image_url"": ""https://cellphones.com.vn/dien-thoai-honor-x8d.html?product_id=126034"", ""price"": ""7.590.000₫""}}"
HONOR X7d 8GB 256GB,dien-thoai-honor-x7d,6.690.000đ,6.290.000đ,"Đặc điểm nổi bật của HONOR X7d 8GB 256GB
Ra mắt vào ngày 1/11/2025, điện thoại HONOR X7d là mẫu smartphone tầm trung nổi bật với pin 6500mAh đi kèm khả năng kháng nước IP65. Máy sở hữu màn hình 6.77 inch kết hợp tần số quét 120Hz cho trải nghiệm hiển thị mượt mà và phản hồi nhanh. Camera chính 108MP tích hợp trí tuệ nhân tạo, tăng cường khả năng xử lý hình ảnh.
Nội dung chính
1. Đánh giá chi tiết HONOR X7d - Smartphone bền bỉ phổ thông
1.1. Bảo vệ toàn diện chuẩn 5 sao SGS, kháng nước IP65
1.2. Bộ vi xử lý Snapdragon 685 mạnh mẽ, hiệu năng vượt trội
1.3. Bộ nhớ lớn 256GB, công nghệ HONOR RAM Turbo
1.4. Pin lớn 6500mAh, sạc siêu nhanh 35W
1.5. Thiết kế mỏng nhẹ, kết cấu siêu nano
1.6. Màn hình 6.77 inch, tần số quét 120Hz
1.7. Âm lượng 400% cùng loa kép
1.8. Nút AI tức thì truy cập một chạm
1.9. Hệ điều hành mới MagicOS 9.0, Android 15
1.10. Tích hợp NFC sẵn sàng cho sự tiện lợi hàng ngày
1.11. Camera chụp rõ nét, hỗ trợ AI
2. Bảng so sánh thông số kỹ thuật HONOR X7d và HONOR X6d
3. So sánh HONOR X7d và HONOR X7c nên chọn dòng nào?
4. Giá HONOR X7d bao nhiêu?
5. Mua HONOR X7d chính hãng, giá tốt tại CellphoneS
Đánh giá chi tiết HONOR X7d - Smartphone bền bỉ phổ thông
Dòng điện thoại HONOR này gây ấn tượng mạnh mẽ nhờ sự kết hợp giữa thiết kế tinh tế và độ bền vượt trội. Sản phẩm mang lại cảm giác cầm nắm đầm tay cùng những trải nghiệm công nghệ mới mẻ cho người sử dụng.
Bảo vệ toàn diện chuẩn 5 sao SGS, kháng nước IP65
HONOR X7d đáp ứng yêu cầu khắt khe của chứng chỉ 5 sao SGS về độ bền khi rơi từ cao xuống. Thân máy có thiết kế gia cố giúp tăng độ bền va đập lên 25% và giảm nguy cơ biến dạng khung đáng kể. Tiêu chuẩn kháng nước và bụi IP65 hỗ trợ bảo vệ linh kiện bên trong trước nhiều điều kiện thời tiết khác nhau. 
Chứng chỉ 5 sao SGS về độ bền và IP65 kháng nước 
Độ bền của thiết bị là một điểm nhấn quan trọng giúp bảo vệ linh kiện bên trong an toàn. Tính năng tăng cường cảm ứng khi tay ướt giúp việc thao tác trên màn hình diễn ra thuận tiện. Hệ thống khung xương cứng cáp kết hợp với mặt kính bền bỉ giúp người dùng yên tâm hơn khi sử dụng.
Dù chuẩn IP65 giúp bảo vệ máy trước các tia nước bắn nhưng hiệu quả có thể giảm dần theo thời gian. Vậy nên, người dùng vẫn nên tránh ngâm thiết bị trực tiếp hoặc sử dụng trong môi trường nước muối và hóa chất.
Bộ vi xử lý Snapdragon 685 mạnh mẽ, hiệu năng vượt trội
Hiệu suất xử lý của HONOR X7d được cung cấp bởi con chip Snapdragon 685. Chipset này cải thiện hiệu suất đồ họa GPU lên tới 86% so với các thế hệ tiền nhiệm cùng phân khúc. Tốc độ kết nối 4G ổn định giúp việc tải dữ liệu hay chơi game trực tuyến trở nên nhanh chóng. 
Chip Snapdragon 685 kiến trúc 8 nhân
Thiết bị vận hành hiệu quả cho đa dạng mục đích từ xử lý công việc, giáo dục đến các hoạt động giải trí đa phương tiện. Hạ tầng mạng di động hiện đại hỗ trợ duy trì tốc độ tương tác trực tuyến ổn định và mượt mà. Thiết bị vận hành trơn tru các ứng dụng từ cơ bản đến nâng cao mà không gặp hiện tượng giật lag. 
HONOR X9d nâng cấp hơn vo với Honor X7d với kích thước màn hình 6.79 inch, dung lượng RAM 12 GB và viên pin có thời lượng sử dụng lâu dài hơn với 8300 mAh.
Bộ nhớ lớn 256GB, công nghệ HONOR RAM Turbo
HONOR X7d 256GB cung cấp không gian lưu trữ rộng rãi cho hàng nghìn tập tin hình ảnh và video chất lượng cao. RAM 8GB vật lý kết hợp cùng công nghệ RAM Turbo mở rộng thêm 8GB giúp tăng cường khả năng xử lý đa nhiệm. Người dùng có thể chuyển đổi linh hoạt giữa nhiều ứng dụng mà vẫn duy trì được tốc độ nhanh. 
Không gian lưu trữ rộng rãi cho hàng nghìn tập tin 
Khả năng lưu trữ dữ liệu thoải mái giúp người sử dụng không phải lo lắng về việc dọn dẹp bộ nhớ thường xuyên. Dung lượng bộ nhớ lớn giúp việc cài đặt các tựa game nặng hay lưu trữ tài liệu trở nên dễ dàng. 
Pin lớn 6500mAh, sạc siêu nhanh 35W
Thời gian sử dụng trên HONOR X7d 8GB 256GB vô cùng ấn tượng nhờ viên pin dung lượng 6500mAh. Công nghệ pin Lithium-ion polymer tiên tiến cho phép thiết bị duy trì tuổi thọ pin ổn định trong suốt 5 năm sử dụng. Công nghệ sạc 35W hỗ trợ đẩy nhanh tiến độ nạp năng lượng, giúp duy trì sự kết nối liên tục. 
Thời gian sử dụng ấn tượng nhờ viên pin 6500mAh
Nguồn năng lượng dự trữ dồi dào hỗ trợ máy duy trì trạng thái hoạt động ổn định qua nhiều ngày sử dụng liên tục. Củ sạc SuperCharge đi kèm cung cấp nguồn điện tương thích và đạt hiệu suất cao. Các tác vụ xem phim hay giải trí đồ họa có thể diễn ra xuyên suốt nhưng thời lượng pin thực tế sẽ có sự thay đổi.
HONOR X9c là phiên bản điện thoại HONOR giá rẻ với camera chính 108MP Ultra-sensing chất lượng, mang đến khả năng quay chụp ấn tượng. Đồng thời, HONOR X9c được thiết kế với màn hình cong AMOLED 1.5K sắc nét, kết hợp với kích thước 6.78 inch rộng rãi cho thao tác thoải mái hơn.
Thiết kế mỏng nhẹ, kết cấu siêu nano
HONOR X7d 8GB 256GB sở hữu thân máy mỏng chỉ 8.24mm tạo nên vẻ ngoài thanh lịch và hiện đại. Kết cấu siêu nano mang lại cảm giác chạm mượt mà cùng khả năng cầm nắm tự nhiên cho người sử dụng. Sản phẩm có ba phiên bản màu sắc gồm Vàng Sa Mạc, Bạc Thiên Thạch và Đen Huyền Bí phù hợp nhiều phong cách. 
Thân máy mỏng chỉ 8.24mm tạo nên vẻ ngoài thanh lịch
Dù sở hữu viên pin dung lượng lớn, thiết bị vẫn giữ được kiểu dáng gọn gàng và nét cân đối thanh lịch. Các chi tiết trên khung máy được trau chuốt tỉ mỉ nhằm đem đến một tổng thể thiết kế hài hòa. Trọng lượng máy được phân bổ đều giúp việc cầm nắm bằng một tay trở nên dễ dàng và thoải mái.
Màn hình 6.77 inch, tần số quét 120Hz
Không gian hiển thị của HONOR X7d đạt kích thước 6.77 inch với tấm nền LCD TFT hỗ trợ 16.7 triệu màu. Thông số 120Hz hỗ trợ khả năng phản hồi nhanh nhạy và giúp hình ảnh hiển thị trơn tru. Các tính năng chăm sóc thị giác hỗ trợ hạn chế tình trạng mỏi mắt khi sử dụng điện thoại trong nhiều điều kiện ánh sáng khác nhau.
Kích thước 6.77 inch với tấm nền LCD TFT và 120Hz
Trải nghiệm thị giác rộng mở giúp người dùng đắm chìm trong các nội dung phim ảnh sống động. Độ sáng tối đa 850 nits hỗ trợ quan sát nội dung rõ nét ngay cả khi sử dụng ở môi trường ngoài trời. Màu sắc hiển thị trung thực mang lại cảm giác dễ chịu cho mắt khi xem các nội dung đa phương tiện.
Âm lượng 400% cùng loa kép
HONOR X7d trang bị hệ thống loa kép mang đến trải nghiệm âm thanh nổi sống động và chân thực. Chế độ âm lượng cực đại lên đến 400% hỗ trợ việc đàm thoại hay nghe nhạc rõ ràng ở nơi đông người. Giải pháp HONOR 7.3 tự động cân chỉnh tín hiệu âm thanh nhằm tương thích với đa dạng các thể loại giải trí đa phương tiện.
Hệ thống loa kép mang đến trải nghiệm âm thanh nổi 
Cấu trúc phần cứng âm thanh hỗ trợ gia tăng hiệu quả nghe nhìn, mang lại sự hưng phấn khi thưởng thức âm nhạc hay phim. Cấu trúc âm thanh được điều chỉnh phù hợp nhằm giữ vững chất lượng tín hiệu trong suốt quá trình sử dụng. Các bản phối sở hữu âm trầm uy lực được tái tạo với độ sâu và sự chi tiết rõ ràng khi trải nghiệm.
Nút AI tức thì truy cập một chạm
Tiện ích thông minh trên điện thoại HONOR X7d được thể hiện qua nút vật lý AI tích hợp ở cạnh bên thân máy. Chỉ với một lần nhấn, người dùng có thể khởi chạy nhanh các lệnh như dọn dẹp, bật đèn pin hay mở máy tính. Tiện ích hỗ trợ đơn giản hóa các bước tương tác, giúp việc mở ứng dụng thường xuyên nhanh chóng hơn. 
Tiện ích thông minh với nút vật lý AI bên cạnh thân máy 
Trí tuệ nhân tạo được tích hợp trực tiếp vào phần cứng giúp các thao tác trở nên thông minh hơn. Sự kết hợp giữa phần cứng và trợ lý ảo thông minh mang lại cách thức tương tác vô cùng mới mẻ. Người sử dụng có thể tùy chỉnh các chức năng của nút bấm sao cho phù hợp với nhu cầu cá nhân.
Hệ điều hành mới MagicOS 9.0, Android 15
Điện thoại HONOR X7d vận hành trên nền tảng MagicOS 9.0 mới dựa trên hệ điều hành Android 15 hiện đại. Tính năng Magic Portal cho phép người dùng kích hoạt các dịch vụ trực tuyến chỉ bằng thao tác kéo thả đơn giản. Vùng Ma Thuật hiển thị thông báo quan trọng một cách trực quan giúp người dùng dễ dàng theo dõi. 
Nền tảng MagicOS 9.0 trên hệ điều hành Android 15
Phần mềm được cập nhật mới mang lại giao diện trực quan và các tính năng bảo mật tiên tiến. Hệ điều hành được tối ưu giúp thiết bị hoạt động ổn định và bảo mật hơn trong suốt quá trình sử dụng. Các biểu tượng và hoạt ảnh được thiết kế lại nhằm mang đến một giao diện người dùng mượt mà và thân thiện.
Tích hợp NFC sẵn sàng cho sự tiện lợi hàng ngày
Việc thực hiện thanh toán không chạm trở nên đơn giản hơn bao giờ hết nhờ chip NFC tích hợp sẵn trên HONOR X7d. Thao tác thanh toán diễn ra nhanh gọn thông qua việc đưa máy lại gần các điểm chấp nhận giao dịch. Cơ chế giao tiếp này tạo điều kiện cho việc trao đổi thông tin nhanh nhạy với các thiết bị điện tử khác.
Thanh toán không chạm trở nên đơn giản với chip NFC 
Công nghệ NFC mang lại lối sống hiện đại và tiện lợi cho người sử dụng trong các hoạt động thường nhật. Mọi dữ liệu chuyển giao đều được xử lý qua lớp mã hóa nhằm nâng cao tính bảo mật và sự riêng tư cá nhân. Sự tiện lợi của tính năng này giúp người dùng tiết kiệm được nhiều thời gian trong các giao dịch bên ngoài.
Camera chụp rõ nét, hỗ trợ AI
Điện thoại HONOR X7d 8GB 256GB sở hữu camera chính 108MP cho khả năng chụp ảnh sắc nét trong nhiều điều kiện sáng. Các công nghệ AI như xóa vật thể hay mở rộng khung hình giúp việc chỉnh sửa ảnh trở nên dễ dàng. Tính năng sửa mắt nhắm AI hỗ trợ tạo ra những bức ảnh nhóm đẹp mắt mà không cần chụp lại nhiều. 
Camera chính 108MP cho khả năng chụp ảnh sắc nét
Bộ phận nhiếp ảnh sở hữu độ phân giải cao hỗ trợ ghi lại các khung hình thường nhật với độ sắc nét và tính chân thực. Camera trước 8MP tích hợp chế độ làm đẹp mang lại những bức hình chân dung ấn tượng và tự nhiên. Người dùng có thể quay video độ phân giải 1080P sắc nét để chia sẻ lên các nền tảng mạng xã hội phổ biến.
Bảng so sánh thông số kỹ thuật HONOR X7d và HONOR X6d
Người dùng có thể dễ dàng nhận thấy những bước tiến vượt bậc của dòng sản phẩm mới thông qua các thông số kỹ thuật. Bảng so sánh dưới đây sẽ làm rõ những nâng cấp về pin, màn hình và hiệu năng xử lý của hai máy.
Thông số
HONOR X7d
HONOR X6d
Màn hình
6.77 inch, 120Hz, 850 nits
6.75 inch, 450 nits
Vi xử lý
Snapdragon 685
MediaTek Dimensity 6300
Bộ nhớ
8GB/256GB (RAM Turbo 16GB)
4GB/128GB
Pin / Sạc
6500mAh / 35W
5260mAh / 15W
Độ bền
SGS 5 sao, IP65
Tiêu chuẩn cơ bản
Tính năng khác
Nút AI vật lý, Chỉnh sửa ảnh AI
Không có
Những bước tiến vượt bậc của dòng sản phẩm mới
Việc đặt hai thiết bị lên bàn cân cho thấy sự đầu tư nghiêm túc của hãng vào dòng máy tầm trung năm nay. Model mới có dung lượng pin 6500mAh, vượt trội hơn hẳn. Tốc độ làm mới 120Hz hỗ trợ các cử chỉ điều hướng diễn ra trơn tru. Chipset Snapdragon 685 thúc đẩy hiệu quả vận hành và khả năng phản hồi thông tin.
So sánh HONOR X7d và HONOR X7c nên chọn dòng nào?
Sự khác biệt giữa hai dòng máy HONOR X7d và HONOR X7c này nằm ở khả năng kết nối mạng và các tính năng thông minh tích hợp sẵn. Tùy vào nhu cầu thực tế, người dùng có thể lựa chọn mẫu máy phù hợp với bản thân.
Thông số
HONOR X7d 8GB 256GB
HONOR X7c 8GB 256GB
Kích thước màn hình
6.77 inches
6.77 inches
Công nghệ màn hình
TFT LCD
IPS LCD
Camera sau
108 MP, f/1.8 + 2MP
Camera chính 108MP (f1.75) + Camera cận cảnh 2MP (f2.4)
Camera trước
8MP, f/2.0
8MP (f/2.0)
Chipset
Qualcomm Snapdragon 685
Qualcomm Snapdragon 685
Dung lượng RAM
8 GB
8 GB
Bộ nhớ trong
256 GB
256 GB
Pin
6500 mAh
6000mAh, 35W (11V/3.2A)
Thẻ SIM
Nano-SIM
2 SIM (Nano-SIM)
Hệ điều hành
Android 15, MagicOS 9.0
MagicOS 8.0, dựa trên Android 14
Tính năng màn hình
Độ phân giải HD+ (720 × 1.610 px), 120 Hz
1610 x 720 Pixels
16.7 triệu màu
Cảm ứng đa điểm, hỗ trợ nhận diện tối đa 10 điểm chạm
Loại CPU
8 nhân: 4 × Cortex-A73 (2,8 GHz) + 4 × Cortex-A53 (1,9 GHz)
4xA73 2.8GHz + 4xA53 1.9GHz
Sự khác biệt về khả năng kết nối và các tính năng
Giá HONOR X7d bao nhiêu?
Điện thoại HONOR X7d phiên bản cấu hình 8GB RAM đi kèm 128GB bộ nhớ trong hiện có giá bán là 5.490.000 đồng. Trong khi đó, bản 256GB sở hữu mức giá 5.890.000 đồng với không gian lưu trữ rộng rãi hơn. Mức giá chênh lệch giữa các biến thể giúp người dùng dễ đưa ra quyết định nâng cấp không gian lưu trữ.
Giá sản phẩm phụ thuộc vào các phiên bản dung lượng
X7d HONOR tại các thị trường quốc tế ghi nhận mức giá khởi điểm trung bình dao động từ khoảng 225 USD đến 255 USD. Tùy thuộc vào chính sách thuế và phí tại mỗi quốc gia, giá bán của X7d có thể thay đổi nhẹ theo từng khu vực. Các phiên bản màu sắc đa dạng giúp thiết bị trở thành món phụ kiện phong cách và cá tính.
Ở thời điểm hiện tại, giá bán HONOR X7d tại CellphoneS vào 24/04/2026 như sau:
Tên sản phẩm
Giá bán
Giá thu cũ lên đời
HONOR X7d 8GB 256GB
6.290.000đ
5.290.000đ
HONOR X7d 8GB 128GB
5.990.000đ
4.990.000đ
Mua HONOR X7d chính hãng, giá tốt tại CellphoneS
Hệ thống CellphoneS cung cấp điện thoại thông minh HONOR X7d với chính sách bảo hành dài hạn. 
Chế độ hậu mãi giúp người dùng yên tâm về chất lượng của các thiết bị điện tử khi mua. 
Mức giá cạnh tranh cùng nhiều ưu đãi hấp dẫn thường xuyên được áp dụng tại khắp các chi nhánh trên toàn quốc. 
Lực lượng tư vấn viên sẵn lòng cung cấp thông tin liên quan giúp quá trình tìm kiếm thuận lợi.","{""Màn hình"": [{""name"": ""Kích thước màn hình"", ""value"": ""6.77 inches""}, {""name"": ""Công nghệ màn hình"", ""value"": ""TFT LCD""}, {""name"": ""Tính năng màn hình"", ""value"": ""Độ phân giải HD+ (720 × 1.610 px), 120 Hz""}, {""name"": ""Tần số quét"", ""value"": ""120Hz""}], ""Camera sau"": [{""name"": ""Camera sau"", ""value"": ""108 MP, f/1.8 + 2MP""}, {""name"": ""Tính năng camera"", ""value"": ""Chế độ chân dung, xóa phông (depth)""}], ""Camera trước"": [{""name"": ""Camera trước"", ""value"": ""8MP, f/2.0""}], ""Vi xử lý & đồ họa"": [{""name"": ""Chipset"", ""value"": ""Qualcomm Snapdragon 685""}, {""name"": ""GPU"", ""value"": ""Adreno 610""}], ""RAM & lưu trữ"": [{""name"": ""Dung lượng RAM"", ""value"": ""8 GB""}, {""name"": ""Bộ nhớ trong"", ""value"": ""256 GB""}], ""Pin & công nghệ sạc"": [{""name"": ""Pin"", ""value"": ""6500 mAh""}, {""name"": ""Công nghệ sạc"", ""value"": ""Sạc nhanh 35W""}, {""name"": ""Cổng sạc"", ""value"": ""USB Type-C""}], ""Giao tiếp & kết nối"": [{""name"": ""Thẻ SIM"", ""value"": ""Nano-SIM""}, {""name"": ""Jack tai nghe 3.5"", ""value"": ""Có""}], ""Tính năng khác"": [{""name"": ""Hệ điều hành"", ""value"": ""Android 15, MagicOS 9.0""}], ""Bộ xử lý & Đồ họa"": [{""name"": ""Loại CPU"", ""value"": ""8 nhân: 4 × Cortex-A73 (2,8 GHz) + 4 × Cortex-A53 (1,9 GHz)""}], ""Thông số khác"": [{""name"": ""Chỉ số kháng nước, bụi"", ""value"": ""IP65""}], ""Tiện ích khác"": [{""name"": ""Cảm biến vân tay"", ""value"": ""Cảm biến vân tay cạnh bên""}, {""name"": ""Tính năng đặc biệt"", ""value"": ""Bảo mật vân tay, Nhận diện khuôn mặt""}], ""Cổng kết nối"": [{""name"": ""Wi-Fi"", ""value"": ""Wi-Fi 802.11 a/b/g/n/ac, dual-band, Wi-Fi Direct""}]}","[""https://cdn2.cellphones.com.vn/x/media/catalog/product/s/l/slider-honor-x7c_2_1.jpg"", ""https://cdn2.cellphones.com.vn/x/media/catalog/product/s/l/slider-honor-x7c-1_1.jpg"", ""https://cdn2.cellphones.com.vn/x/media/catalog/product/s/l/slider-honor-x7c-2_1_1.jpg""]","{""product_color_1"": {""color"": ""Xanh lá"", ""image_url"": ""https://cellphones.com.vn/dien-thoai-honor-x7d.html?product_id=116450"", ""price"": ""6.290.000₫""}, ""product_color_2"": {""color"": ""Vàng"", ""image_url"": ""https://cellphones.com.vn/dien-thoai-honor-x7d.html?product_id=116448"", ""price"": ""6.290.000₫""}, ""product_color_3"": {""color"": ""Đen"", ""image_url"": ""https://cellphones.com.vn/dien-thoai-honor-x7d.html?product_id=116447"", ""price"": ""6.290.000₫""}}"
HONOR X9d 5G 12GB 512GB,dien-thoai-honor-x9d,12.990.000đ,12.190.000đ,"Đặc điểm nổi bật của HONOR X9d 5G 12GB 512GB
Điện thoại HONOR X9d nổi bật với pin “khủng” 8300 mAh, chuẩn kháng nước, bụi IP69K và khả năng chịu rơi từ 2.5 m, cùng camera chính lên đến 108 MP. Cấu hình máy mạnh mẽ, màn hình AMOLED rộng phù hợp với mọi tác vụ. Máy được trang bị công nghệ AI tân tiến, giúp người dùng chỉnh ảnh, video hiệu quả.
Nội dung chính
1. Điện thoại HONOR X9d giá bao nhiêu tiền 04/2026?
2. Điện thoại HONOR X9d pin bền bỉ và chụp hình chân thực
2.1. Đa dạng công nghệ AI hỗ trợ, trò chuyện với Gemini
2.2. Chip Snapdragon 6 Gen 4 cho hiệu năng ổn định
2.3. Camera 108 MP, chụp ảnh chân thực
2.4. Pin 8300 mAh cùng sạc nhanh 66W
2.5. Màn hình AMOLED sống động, tần số 120Hz
2.6. Thiết kế sang trọng cùng đa dạng màu sắc
2.7. Bền bỉ với các công nghệ kháng nước, rơi vỡ
2.8. Tản nhiệt VC vượt trội
2.9. Loa kép mạnh mẽ, NFC tiện lợi
3. Điện thoại HONOR X9d khi nào ra mắt?
4. So sánh điện thoại HONOR X9d với HONOR X9c chi tiết
5. Mua điện thoại HONOR X9d chính hãng tại CellphoneS
Điện thoại HONOR X9d giá bao nhiêu tiền 04/2026?
Giá điện thoại HONOR X9d hiện được nhiều hệ thống bán lẻ niêm yết trong khoảng gần 12 triệu cho phiên bản 12 GB RAM và 512GB bộ nhớ trong. Đây là mức giá khá cạnh tranh nếu so với những gì thiết bị mang lại, đặc biệt với thiết kế đẹp mắt cùng nhiều tính năng tích hợp AI vô cùng hấp dẫn kể trên.
Tuy nhiên, tại CellphoneS giá bán chính thức sẽ có sự chênh lệch đáng kể nhờ các chương trình ưu đãi, chi tiết giá HONOR X9d và tháng 04/2026 như sau: 
Tên sản phẩm
Giá bán
Giá thu cũ lên đời
HONOR X9d 5G 12GB 512GB
12.190.000đ
11.190.000đ
Giá điện thoại vô cùng hợp lý, dễ tiếp cận
Khoảng chênh lệch giữa các đơn vị bán lẻ không quá lớn, chủ yếu đến từ chương trình ưu đãi, quà tặng hoặc chính sách bảo hành đi kèm. Với tầm giá dưới 12 triệu đồng, chiếc máy này thật sự trở thành lựa chọn đáng cân nhắc.
Điện thoại HONOR X9d pin bền bỉ và chụp hình chân thực
HONOR X9d không chỉ thu hút với khả năng chịu rơi đến 2.5 m mà còn là khả năng kháng nước, bụi cùng nhiều thông số ấn tượng khác. Dưới đây là phân tích chi tiết từng đặc điểm của chiếc smartphone này để người dùng hiểu thêm về sản phẩm.
Đa dạng công nghệ AI hỗ trợ, trò chuyện với Gemini
Điện thoại HONOR X9d được tích hợp loạt công cụ AI tiện ích như AI Eraser, AI Cutout, AI Upscale… Những công cụ này giúp người dùng dễ dàng chỉnh sửa hình ảnh, xóa chi tiết thừa, nâng cấp ảnh/video mà không cần phần mềm bên ngoài. 
Trò chuyện trực tiếp với Gemini tiện lợi
Cùng với đó, điện thoại còn sở hữu khả năng trò chuyện trực tiếp với Gemini. Theo đó, người sử dụng có thể hỏi Gemini bất kỳ điều gì bằng cách chia sẻ camera, màn hình hoặc trò chuyện trực tiếp.
Ngoài khả năng xử lý hình ảnh và tương tác thông minh, điện thoại HONOR X9d còn được trang bị công cụ soạn thảo AI. Tính năng này giúp tối ưu câu chữ, cải thiện độ mạch lạc và hỗ trợ chỉnh sửa nội dung nhanh trong quá trình soạn thảo văn bản.
Máy hỗ trợ AI Star và Magic Portal
Song song đó, Magic Portal đóng vai trò như một lối tắt AI thông minh, cho phép thiết bị tự động gợi ý và truy cập nhanh dựa trên ngữ cảnh sử dụng. Nhờ khả năng kết nối liền mạch, Magic Portal góp phần mở rộng tiềm năng sử dụng của máy.
Chip Snapdragon 6 Gen 4 cho hiệu năng ổn định
Điện thoại HONOR X9d sử dụng chip xử lý Qualcomm Snapdragon 6 Gen 4, kết hợp với RAM 12 GB và bộ nhớ trong 512 GB. Vì vậy máy đáp ứng tốt nhu cầu đa nhiệm, chạy ứng dụng nặng, chơi game hay xử lý ảnh/video. 
Cấu hình cao, bộ nhớ thoải mái sử dụng nhiều ứng dụng
Máy có thể vận hành ổn định ngay cả trong điều kiện nhiệt độ từ -30°C đến 55°C, nhờ hệ thống quản lý nhiệt thông minh, giúp giữ hiệu năng ổn định. Nhờ khả năng này, người dùng có thể yên tâm mang máy theo trong mọi hoạt động ngoài trời, từ du lịch, leo núi cho đến môi trường làm việc khắc nghiệt.
Trong các bài kiểm tra hiệu năng, Snapdragon 6 Gen 4 trên HONOR X9d đạt khoảng 993.052 điểm Antutu V11 (Được test bởi Sforum). Cùng với đó là 1.000 điểm đơn nhân và 3.000 điểm đa nhân trên Geekbench 6. Qua đó cho thấy khả năng xử lý cân bằng giữa hiệu suất và mức tiêu thụ năng lượng.
HONOR X9d có điểm hiệu năng ấn tượng
Bên cạnh sức mạnh phần cứng, HONOR X9d còn được hỗ trợ bởi AI System Resource Management giúp quản lý tài nguyên thông minh. Hệ thống này có khả năng phân bổ sức mạnh xử lý linh hoạt giữa các ứng dụng.
Camera 108 MP, chụp ảnh chân thực
Camera chính với cảm biến 108 MP với chống rung quang học (OIS) là một điểm nổi bật của điện thoại HONOR X9d. Camera của X9d đem lại ảnh có độ nét tốt, dải sáng ổn, màu sắc trung thực với dải hiển thị tới 1.07 tỷ màu và chi tiết khá ổn kể cả khi zoom.
Camera sắc nét, màu chân thực, hỗ trợ quay video 1080p
Bên cạnh đó, máy có camera phụ góc rộng 5MP và camera selfie 16MP, đáp ứng nhu cầu selfie, chụp nhóm, phong cảnh hoặc quay video. Máy có khả năng quay video 4K và quay 1080p ổn định phù hợp cho người dùng thích lưu lại khoảnh khắc, quay vlog, hoặc livestream.
Bên cạnh thông số camera ấn tượng, điện thoại HONOR X9d còn nổi bật với tính năng Ảnh ghép động 4K HD. Bên cạnh đó, chế độ chụp ảnh dưới nước mở ra khả năng ghi lại thế giới dưới mặt nước với màu sắc rực rỡ và độ rõ nét cao.
HONOR X9d có nhiều chế độ chụp đa dạng
HONOR X9d còn hỗ trợ hệ thống chế độ chụp đa dạng như Nhiếp ảnh AI, Chân dung, Ban đêm, Chuyên nghiệp, Chuyển động chậm, Quét tài liệu hay Đa video. Sự phong phú này giúp người dùng dễ dàng tuỳ chỉnh trong quá trình sử dụng.
Pin 8300 mAh cùng sạc nhanh 66W
Một trong những điểm “đắt giá” nhất của điện thoại HONOR X9d chính là viên pin 8300 mAh. Theo thông tin chính hãng, với viên pin này máy có thể dùng liên tục hơn 3 ngày nếu sử dụng những tác vụ cơ bản như xem video, chat, nghe gọi,.... Thực tế khi sử dụng thì thời gian sẽ đổi một chút do ảnh hưởng bên ngoài.
Dung lượng pin khủng, có khả năng reverse charging
Máy hỗ trợ sạc nhanh 66W giúp sạc đầy pin nhanh chóng, rất tiện khi bạn cần nạp năng lượng gấp. Đặc biệt, X9d còn hỗ trợ sạc ngược (reverse charging) tức có thể dùng làm sạc dự phòng để sạc cho các thiết bị khác như tai nghe, đồng hồ thông minh…
Viên pin trên HONOR X9d là công nghệ pin thế hệ Silicon-carbon giúp tăng mật độ năng lượng nhưng vẫn duy trì kích thước hợp lý. Bên cạnh đó, pin còn được thiết kế với định hướng độ bền sử dụng lâu dài lên đến 6 năm hiệu suất ổn định. Điều này giúp hạn chế tình trạng suy giảm dung lượng theo thời gian và mang lại sự an tâm.
Màn hình AMOLED sống động, tần số 120Hz
Điện thoại HONOR X9d sở hữu màn hình AMOLED rộng 6.79 inch, độ phân giải 1200x2640 pixel, tần số quét 120 Hz. Những chỉ số này giúp máy mang lại trải nghiệm hiển thị rõ ràng, màu sắc tươi tắn nhìn rất thích mắt và mượt mà khi cuộn hay chơi game.
Màn hình rộng, thao tác cảm ứng mượt mà
Một điểm nổi bật khác là màn hình có thể đạt độ sáng cực cao lên tới 6000 nits ở chế độ APL rất có lợi khi dùng ngoài trời nắng sáng. Màn hình cũng hỗ trợ HDR, tần số quét mượt mà kèm công nghệ bảo vệ mắt, nếu dùng lâu cũng đỡ mỏi hơn.
Màn hình của điện thoại HONOR X9d còn ghi điểm nhờ thiết kế phẳng hiện đại, thay thế kiểu màn hình cong của thế hệ trước. Công nghệ Nano Texture giúp hạn chế hiện tượng chói lóa ngoài trời nhưng vẫn giữ được độ trong của ảnh. Ngoài ra, viền màn hình mỏng 1.3mm ở cả bốn cạnh nâng tỷ lệ hiển thị lên đến 91%.
Thiết kế sang trọng cùng đa dạng màu sắc
Về thiết kế, điện thoại HONOR X9d, tổng thể máy khá mỏng nhưng kích thước lớn, (161.9x76.1x7.76mm) và trọng lượng khoảng 193 g. Kích thước này đủ nhẹ để cầm thoải mái mà vẫn đảm bảo cảm giác chắc tay.
Màu sắc cơ bản phù hợp với phần đông người dùng
Máy có nhiều tùy chọn màu sắc bao gồm Đỏ Đôn Hoàng (Reddish Brown), Vàng Bình Minh (Sunrise Gold), Đen Bóng Đêm (Midnight Black). Những gam màu này vừa đủ bắt mắt vừa đủ tinh tế, giúp người dùng dễ dàng bộc lộ cá tính.
Hơn nữa, máy hỗ trợ thao tác thông minh trong môi trường ẩm ướt, khắc nghiệt hoặc khi đeo găng tay nhờ các chế độ Heavy Rain Touch và Glove Touch Control. Với hệ điều hành mới MagicOS 9.0, dựa trên Android 15 và phần mềm tối ưu từ nhà sản xuất, X9d xử lý liền mạch, ổn định cho các tác vụ từ cơ bản tới phức tạp.
Bền bỉ với các công nghệ kháng nước, rơi vỡ
Sản phẩm trang bị kính cường lực đa lớp kết hợp lớp đệm hấp thụ xung lực theo tiêu chuẩn quân sự. Qua đó giúp tăng khả năng chịu va đập lên đến 112% và hỗ trợ bảo vệ thiết bị khi rơi từ độ cao khoảng 2,5m.
HONOR X9d mang lại độ bền ấn tượng
Thiết bị còn đạt chứng nhận kháng nước và bụi IP69K, đồng thời đáp ứng các tiêu chuẩn IP68 và IP66. Máy có thể chịu được nước nóng lên đến 85°C, mang đến sự bền bỉ. Ngoài ra, công nghệ cảm ứng tối ưu giúp thao tác mượt mà ngay cả khi tay ướt hoặc đeo găng tay.
Tản nhiệt VC vượt trội
Điện thoại HONOR X9d được trang bị hệ thống làm mát VC Ice giúp tối ưu hiệu suất trong quá trình sử dụng lâu dài. Buồng hơi thép không gỉ siêu nhẹ với diện tích lớn đến 3490mm² giúp nhiệt lượng được phân tán nhanh và đều hơn. Nhờ cấu trúc này, khả năng dẫn nhiệt của vật liệu than chì được cải thiện tới 90%.
Hệ thống tản nhiệt ấn tượng trên HONOR X9d
Sự kết hợp giữa than chì lục giác thế hệ thứ 5 và khung thép không gỉ mang lại hiệu quả làm mát bền bỉ theo thời gian. Điều này hạn chế tình trạng quá nhiệt và duy trì hiệu suất ổn định trong suốt quá trình sử dụng kéo dài.
Loa kép mạnh mẽ, NFC tiện lợi
Thiết bị được trang bị hệ thống loa stereo kép mang lại không gian âm thanh sống động và rõ ràng hơn trong quá trình giải trí. Âm lượng được khuếch đại đáng kể, giúp trải nghiệm xem phim, chơi game hay nghe nhạc trở nên cuốn hút hơn.
Loa kép và NFC nhanh chóng
Bên cạnh đó, tính năng NFC cho phép truy cập và kết nối nhanh chóng chỉ với một chạm. Việc thanh toán, chia sẻ dữ liệu hay kết nối với các thiết bị hỗ trợ NFC diễn ra liền mạch. Qua đó, giúp thao tác hằng ngày trở nên thuận tiện và tiết kiệm thời gian trong nhiều tình huống sử dụng. 
Điện thoại HONOR X9d khi nào ra mắt?
Điện thoại HONOR X9d đã chính thức ra mắt toàn cầu vào ngày 24/9/2025, là lựa chọn smartphone hướng đến độ bền và trải nghiệm dùng ổn định. Tại thị trường Việt Nam, thiết bị được công bố sẽ “chào sân” vào 6/12/2025, thu hút nhiều sự quan tâm nhờ thiết kế bền bỉ và cấu hình phù hợp người dùng phổ thông.
Điện thoại ra mắt Việt Nam vào 6/12/2025
Thời điểm mở bán có thể được công bố chậm hơn ngày ra mắt, đặc biệt khi các nhà bán lẻ thường cần thêm thời gian để chuẩn bị hàng hóa và chương trình bán lẻ. Cùng đón chờ sự xuất hiện của dòng sản phẩm này tại CellphoneS cùng thật nhiều ưu đãi hấp dẫn.
So sánh điện thoại HONOR X9d với HONOR X9c chi tiết
HONOR X9d và HONOR X9c có tên gọi có nhiều điểm tương đồng nhưng cả hai sở hữu nhiều điểm khác biệt từ giá bán đến cấu hình, chi tiết như sau:
Thông số
HONOR X9d 5G 12GB 512GB
HONOR X9c 5G 12GB 256GB
Kích thước màn hình
6.79 inches
6.78 inches
Công nghệ màn hình
AMOLED
AMOLED
Camera sau
Camera chính 108MP (F1.75) + Camera góc rộng 5MP (F2.2)
Camera chính 108MP (F1.75), OIS + Camera góc rộng 5MP (F2.2)
Camera trước
16MP (F2.45)
16MP (F2.45)
Chipset
Snapdragon 6 Gen 4
Qualcomm Snapdragon 6 Gen 1
Công nghệ NFC
Có
Có
Dung lượng RAM
12 GB
12 GB
Bộ nhớ trong
512 GB
256 GB
Pin
8300 mAh
6600mAh, 66W (120V/3.3A)
Thẻ SIM
2 Nano-SIM
2 SIM (Nano-SIM)
Hệ điều hành
MagicOS 9.0 (Dựa trên Android 15）
MagicOS 8.0, dựa trên Android 14
Độ phân giải màn hình
1200 x 2640 pixels
Tính năng màn hình
100% DCI-P3, 1,07 tỷ màu
800 nits (điển hình), 1800 nits (chế độ HBM), 6000 nits (chế độ APL)
Bảo vệ mắt
Màn hình ban đêm sinh học
Giảm độ sáng động
Khử nháy sáng PWM 3840Hz
2700*1224 Pixels
1,07 tỷ màu
1.5 K độ phân giải
4000nit
100% DCI-P3
Loại CPU
8 nhân (1× A720 2.3GHz + 3× A720 2.2GHz + 4× A520 1.8GHz)
4 x A78 *2.2GHz + 4 x A55*1.8GHz
Như vậy điện thoại HONOR X9d tuy có giá bán nhỉnh hơn nhưng đổi lại được viên pin dung lượng ấn tượng cũng như cấu hình nâng cấp. Tuy nhiên, nếu người dùng sở hữu ngân sách hạn chế hơn thì HONOR X9c vẫn là một lựa chọn đáng cân nhắc.
Mua điện thoại HONOR X9d chính hãng tại CellphoneS
Điện thoại HONOR X9d sẽ được chào bán tại CellphoneS với mức giá dễ tiếp cận. Nếu khách hàng muốn mua sản phẩm chính hãng với dịch vụ chuyên nghiệp thì CellphoneS là lựa chọn đáng tin cậy. Nhân viên sẽ hướng dẫn, giải thích mọi thông tin một cách rõ ràng. Cùng với đó, CellphoneS đảm bảo chính sách bảo hành rõ ràng và giao hàng siêu nhanh trên khắp cả nước.","{""Màn hình"": [{""name"": ""Kích thước màn hình"", ""value"": ""6.79 inches""}, {""name"": ""Công nghệ màn hình"", ""value"": ""AMOLED""}, {""name"": ""Độ phân giải màn hình"", ""value"": ""1200 x 2640 pixels""}, {""name"": ""Tính năng màn hình"", ""value"": ""100% DCI-P3, 1,07 tỷ màu\n800 nits (điển hình), 1800 nits (chế độ HBM), 6000 nits (chế độ APL)\nBảo vệ mắt\nMàn hình ban đêm sinh học\nGiảm độ sáng động\nKhử nháy sáng PWM 3840Hz""}, {""name"": ""Tần số quét"", ""value"": ""120Hz""}, {""name"": ""Kiểu màn hình"", ""value"": ""Đục lỗ (Nốt ruồi)""}], ""Camera sau"": [{""name"": ""Camera sau"", ""value"": ""Camera chính 108MP (F1.75) + Camera góc rộng 5MP (F2.2)""}, {""name"": ""Quay video"", ""value"": ""Hỗ trợ 4K (3840×2160)""}, {""name"": ""Tính năng camera"", ""value"": ""Điểm nổi bật, Ảnh động, Nhiếp ảnh AI, Khẩu độ, Chế độ ban đêm, Chân dung (có làm đẹp), Chuyên nghiệp, Toàn cảnh, Bộ lọc, Tua nhanh thời gian, Độ phân giải cao, Chụp nụ cười, Chuyển động chậm, Góc rộng, Đa video, Đóng dấu, Quét tài liệu, Hẹn giờ""}], ""Camera trước"": [{""name"": ""Camera trước"", ""value"": ""16MP (F2.45)""}, {""name"": ""Quay video trước"", ""value"": ""1080P (lên đến 2520×1080)""}], ""Vi xử lý & đồ họa"": [{""name"": ""Chipset"", ""value"": ""Snapdragon 6 Gen 4""}, {""name"": ""GPU"", ""value"": ""Adreno A810""}], ""Giao tiếp & kết nối"": [{""name"": ""Công nghệ NFC"", ""value"": ""Có""}, {""name"": ""Thẻ SIM"", ""value"": ""2 Nano-SIM""}, {""name"": ""Hỗ trợ mạng"", ""value"": ""5G""}, {""name"": ""GPS"", ""value"": ""GPS / AGPS / Glonass / BeiDou / Galileo""}], ""RAM & lưu trữ"": [{""name"": ""Dung lượng RAM"", ""value"": ""12 GB""}, {""name"": ""Bộ nhớ trong"", ""value"": ""512 GB""}], ""Pin & công nghệ sạc"": [{""name"": ""Pin"", ""value"": ""8300 mAh""}, {""name"": ""Công nghệ sạc"", ""value"": ""Sạc nhanh 66W (20V/3.3A)""}, {""name"": ""Cổng sạc"", ""value"": ""USB Type-C""}], ""Tính năng khác"": [{""name"": ""Hệ điều hành"", ""value"": ""MagicOS 9.0 (Dựa trên Android 15）""}], ""Bộ xử lý & Đồ họa"": [{""name"": ""Loại CPU"", ""value"": ""8 nhân (1× A720 2.3GHz + 3× A720 2.2GHz + 4× A520 1.8GHz)""}], ""Kích thước & Trọng lượng"": [{""name"": ""Kích thước"", ""value"": ""161.9 × 76.1 × 7.76 mm""}, {""name"": ""Trọng lượng"", ""value"": ""Khoảng 193g (bao gồm pin)""}], ""Thông số khác"": [{""name"": ""Chỉ số kháng nước, bụi"", ""value"": ""IP66, IP68, IP69, IP69K""}, {""name"": ""Công nghệ - Tiện ích"", ""value"": ""Eye Comfort, Màn hình ban đêm sinh học, Giảm độ sáng động, PWM 3840Hz""}, {""name"": ""Công nghệ âm thanh"", ""value"": ""HONOR Sound 7.3, loa stereo""}], ""Tiện ích khác"": [{""name"": ""Cảm biến vân tay"", ""value"": ""Cảm biến vân tay cạnh bên""}, {""name"": ""Các loại cảm biến"", ""value"": ""Cảm biến gia tốc, Cảm biến tiệm cận, Cảm biến ánh sáng, La bàn, Con quay hồi chuyển, Cảm biến trọng lực""}, {""name"": ""Tính năng đặc biệt"", ""value"": ""Hỗ trợ 5G, Bảo mật vân tay, Nhận diện khuôn mặt, Kháng nước, kháng bụi, Điện thoại AI""}], ""Cổng kết nối"": [{""name"": ""Wi-Fi"", ""value"": ""Wi-Fi 6 (802.11 ax) và 802.11 a/b/g/n/ac, 1024 QAM, 80MHz, 2.4GHz và 5GHz""}, {""name"": ""Bluetooth"", ""value"": ""v5.2 (BLE, SBC, AAC, LDAC, aptX, aptX HD, AptX Adaptive)""}], ""Thông tin chung"": [{""name"": ""Thời điểm ra mắt"", ""value"": ""12/2025""}]}","[""https://cdn2.cellphones.com.vn/x/media/catalog/product/s/l/slider-honor-x9d-12gb-512gb.jpg"", ""https://cdn2.cellphones.com.vn/x/media/catalog/product/s/l/slider-honor-x9d-12gb-512gb-1_1.jpg"", ""https://cdn2.cellphones.com.vn/x/media/catalog/product/s/l/slider-honor-x9d-12gb-512gb-2.jpg""]","{""product_color_1"": {""color"": ""Vàng"", ""image_url"": ""https://cellphones.com.vn/dien-thoai-honor-x9d.html?product_id=118846"", ""price"": ""12.190.000₫""}, ""product_color_2"": {""color"": ""Đen"", ""image_url"": ""https://cellphones.com.vn/dien-thoai-honor-x9d.html?product_id=118845"", ""price"": ""12.190.000₫""}}"
HONOR 400 5G 12GB 256GB,dien-thoai-honor-400-5g,13.250.000đ,12.250.000đ,"Đặc điểm nổi bật của HONOR 400 5G 12GB 256GB
HONOR 400 là dòng điện thoại tầm trung chính thức ra mắt trên thị trường toàn cầu vào ngày 22/5/2025 và tại Việt Nam vào ngày 26/6/2025. Sản phẩm gây ấn tượng mạnh với thiết kế mỏng nhẹ, hệ thống camera AI độ phân giải lên tới 200MP mang lại hình ảnh sắc nét vượt trội. Điện thoại này còng được trang bị bộ vi xử lý Snapdragon 7 Gen 3 tiên tiến, kết hợp cùng màn hình AMOLED 6.55 inch 120Hz, đem tới sự mượt mà trong từng tác vụ. Cùng với đó là công nghệ sạc 80W giúp nạp lại năng lượng nhanh chóng.
Nội dung chính
1. Điện thoại HONOR 400 5G Series có mấy phiên bản?
2. HONOR 400 5G - Điện thoại tầm trung thiết kế mỏng nhẹ, camera AI 200MP
2.1. Thiết kế vừa tay, mỏng 7.3mm, nhẹ 184g
2.2. Màu sắc nổi bật ấn tượng
2.3. Thiết kế biểu tượng với bố cục Đa Góc độc đáo
2.4. Màn hình cực nét 5000 nits, tần số quét 120Hz
2.5. Tối ưu hiển thị ngoài trời vẫn có thể nhìn rõ từng chi tiết
2.6. Màn hình chống say tàu xe
2.7. HONOR AI - Màn hình bảo vệ mắt
2.8. Pin Silicon-carbon 6000mAh, bền bỉ lên đến 4 năm
2.9. Sạc nhanh có dây 80W, sạc 40% chỉ trong 15 phút
2.10. Bộ vi xử lý Qualcomm Snapdragon 7 Gen 3
2.11. Công nghệ đồ họa GPU Turbo X chơi game mượt mà
2.12. Đạt chứng nhận 5 sao bảo vệ rơi vỡ toàn diện, IP66 kháng nước và bụi
2.13. Hệ thống loa kép sống động như thật
2.14. NFC tiện dụng chỉ với 1 chạm
2.15. Điều khiển từ xa bằng hồng ngoại
2.16. Bộ nhớ cực lớn RAM 12GB, ROM 256GB
2.17. Các tính năng AI thông minh, tiện ích
3. Camera HONOR 400 siêu nét - Nâng tầm nhiếp ảnh di động
3.1. Camera chính AI 200MP siêu nét
3.2. Camera góc siêu rộng 12MP 112°
3.3. Camera Selfie chân dung 50MP
3.4. Siêu Zoom AI cực sắc nét
3.5. Chân dung tức thì AI
3.6. Chụp chân dung đêm AI siêu nét
3.7. Chụp ảnh động HD, chia sẻ dễ dàng
3.8. Chế độ chân dung bộ lọc màu phim AI
3.9. Chỉnh sửa ảnh bằng tính năng AI
4. Hình ảnh chụp thực tế từ camera HONOR 400
4.1. Hình chụp từ camera chính
4.2. Hình chụp từ camera góc siêu rộng
4.3. Hình chụp từ camera Selfie chân dung
5. So sánh HONOR 400 với HONOR 200 có đáng nâng cấp?
6. Điện thoại HONOR 400 5G ra mắt khi nào?
7. Giá HONOR 400 5G bao nhiêu?
8. HONOR 400 hỗ trợ cập nhật phần mềm bao lâu?
9. Trong hộp HONOR 400 có gì?
10. Nên mua điện thoại HONOR 400 5G ở đâu uy tín, nhiều ưu đãi hấp dẫn?
Điện thoại HONOR 400 5G Series có mấy phiên bản?
Dòng HONOR 400 được chia thành ba phiên bản khác nhau, đáp ứng đa dạng nhu cầu sử dụng từ cơ bản đến cao cấp. Thông qua bảng đối chiếu này, khách hàng sẽ nhanh chóng tìm ra mẫu điện thoại HONOR tương thích với nhu cầu và túi tiền.
Thông số
HONOR 400 5G 12GB 256GB
HONOR 400 Lite 5G 12GB 256GB
HONOR 400 Pro 5G 12GB 512GB
Kích thước màn hình
6.55 inches
6.7 inches
6.7 inches
Công nghệ màn hình
AMOLED
AMOLED
AMOLED
Camera sau
Camera chính AI 200MP (f/1.9, OIS) + 12MP Camera Góc Siêu Rộng (f/2.2)
Camera chính 108MP (f/1.75) + Camera góc rộng & sâu 5MP (f/2.2)
Camera chính AI siêu nét 200MP (f/1.9, OIS) + 50MP Camera Tele (f/2.4 , OIS) + 12MP Camera Góc Siêu Rộng (f/2.2)
Camera trước
50MP (f/2.0)
Camera 16MP (f/2.45), Đèn Flash Selfie
50MP (khẩu độ f/2.0)
Chipset
Snapdragon 7 Gen 3
MediaTek Dimensity 7025-Ultra
Snapdragon 8 Gen 3
Công nghệ NFC
Có
Có
Có
Dung lượng RAM
12 GB
12 GB
12 GB
Bộ nhớ trong
256 GB
256 GB
512 GB
Pin
6000 mAh (Li-Po, công nghệ Pin Silicon-Carbon)
5230 mAh
6000 mAh
Thẻ SIM
2 Nano SIM hoặc 1 Nano + 1 eSIM
2 Nano SIM hoặc 1 Nano + 1 eSIM
2 Nano SIM hoặc 1 Nano + 1 eSIM
Hệ điều hành
MagicOS 9.0 (dựa trên Android 15)
MagicOS 9.0 (Dựa trên Android 15)
MagicOS 9.0 (Android 15)
Độ phân giải màn hình
2736 × 1264 pixels
2412 x 1080 pixels
2800 x 1280 pixels
Tính năng màn hình
1.07 tỷ màu
Cử chỉ đa chạm (tối đa 10 điểm chạm), 16,7 triệu màu, 100% DCI-P3, Hỗ trợ 1,07 tỷ màu
1.07 tỷ màu
Loại CPU
8 lõi
8 nhân, 2xA78 2.5GHz + 6xA55 2.0Ghz
8 nhân
Thiết kế sang trọng của các biến thể trong Series
HONOR 400 5G - Điện thoại tầm trung thiết kế mỏng nhẹ, camera AI 200MP
Điện thoại HONOR Series 400 tiêu chuẩn nổi bật trong phân khúc tầm trung nhờ sự cân bằng giữa hiệu năng mạnh mẽ và thiết kế tinh tế. Thiết bị vừa xử lý trơn tru mọi công việc thường nhật, vừa đem đến những giờ phút giải trí đỉnh cao đầy thú vị.
Thiết kế vừa tay, mỏng 7.3mm, nhẹ 184g
Với trọng lượng 184g cùng độ mỏng 7.3mm, HONOR 400 đem đến sự dễ chịu tối đa khi cầm trên tay. Thiết kế này giúp người dùng dễ dàng thao tác bằng một tay trong thời gian dài mà không bị mỏi. 
Kiểu dáng gọn gàng giúp người dùng cầm máy rất êm tay
Khung viền kim loại kết hợp mặt lưng kính tạo nên vẻ ngoài sang trọng và chắc chắn cho thiết bị. Nhờ kích thước gọn gàng, máy có thể nằm gọn trong túi quần hoặc túi xách mà không gây vướng víu.
Màu sắc nổi bật ấn tượng
HONOR 400 mang đến ba tùy chọn màu sắc thời thượng, bao gồm Vàng sa mạc, Xanh thủy triều và Đen huyền bí. Từng tùy chọn màu sắc được gia công tinh xảo, đem lại những phản chiếu ánh sáng lạ mắt ở nhiều góc độ.
Tùy chọn màu sắc thời thượng, hoàn thiện mặt lưng tỉ mỉ
Sự đa dạng này giúp người dùng dễ dàng lựa chọn phong cách phù hợp với cá tính riêng của mình. Nhờ lớp phủ hiện đại, máy ít bị bám dấu tay hơn, duy trì vẻ ngoài luôn sáng bóng và chỉn chu.
Thiết kế biểu tượng với bố cục Đa Góc độc đáo
Với cụm camera được thiết kế theo bố cục Đa Góc mới lạ, HONOR 400 tạo điểm nhấn khác biệt so với các đối thủ. Kiểu bố trí này vừa nâng cao vẻ đẹp ngoại hình, vừa hạn chế trầy xước ống kính khi đặt trên mặt phẳng.
Cụm camera bố cục lạ mắt tạo điểm nhấn khác biệt
Đường nét bo cong mềm mại ở các góc cạnh giúp tổng thể thiết bị trở nên hài hòa và hiện đại hơn. Đây là sự kết hợp tinh tế giữa nghệ thuật và công nghệ, mang lại vẻ đẹp độc bản cho sản phẩm.
Màn hình cực nét 5000 nits, tần số quét 120Hz
Được trang bị màn hình AMOLED 6.55 inch với độ sáng đỉnh lên tới 5000 nits, HONOR 400 cho khả năng hiển thị rực rỡ. Tốc độ làm tươi 120Hz giúp các cử chỉ vuốt chạm diễn ra trơn tru và khung hình chuyển động cực kỳ nhanh nhạy.
Khả năng hiển thị sắc nét, màu sắc rực rỡ sống động
Độ phân giải 1.5K mang lại độ chi tiết cao, giúp hình ảnh và văn bản luôn sắc nét trong mọi điều kiện. Qua đó, người dùng sẽ tận hưởng những thước phim hay tựa game với chất lượng hình ảnh sống động và thực tế.
Tối ưu hiển thị ngoài trời vẫn có thể nhìn rõ từng chi tiết
Nhờ tích hợp công nghệ hiển thị tiên tiến, HONOR 400 giúp màn hình luôn rõ ràng ngay cả dưới ánh nắng gay gắt. Độ sáng cao 5000 nits đảm bảo nội dung không bị lóa hay mờ nhòe khi sử dụng ngoài trời. 
Hình ảnh vẫn sắc nét dù xem dưới nguồn sáng gắt
Người dùng có thể thoải mái đọc tin nhắn, xem bản đồ hoặc chụp ảnh dưới trời nắng mà không gặp khó khăn. Tính năng này đặc biệt hữu ích cho những ai thường xuyên di chuyển và làm việc trong môi trường ánh sáng mạnh.
Màn hình chống say tàu xe
Khi sử dụng máy trên phương tiện di chuyển, tính năng hỗ trợ giảm thiểu cảm giác say tàu xe trên HONOR 400 sẽ phát huy tác dụng tối ưu. Công nghệ này điều chỉnh chuyển động hiển thị trên màn hình để đồng bộ với cảm nhận của não bộ. 
Trải nghiệm sử dụng thoải mái khi di chuyển trên ô tô
Nhờ vậy, người dùng có thể thoải mái đọc sách báo hoặc xem video trên xe mà ít bị chóng mặt hay buồn nôn. Đây là một tính năng chăm sóc sức khỏe tinh tế, nâng cao trải nghiệm sử dụng thực tế hàng ngày.
HONOR AI - Màn hình bảo vệ mắt
HONOR 400 tích hợp bộ công nghệ bảo vệ mắt toàn diện, giúp giảm thiểu tác hại của ánh sáng màn hình. Cụ thể, hệ thống AI trên máy sẽ giúp tự động điều chỉnh thông số hiển thị để phù hợp với điều kiện môi trường và thói quen sử dụng.
Màn Hình Khử Nháy Sáng
Bằng cách sử dụng công nghệ điều chỉnh độ sáng PWM tần số cao, HONOR Series 400 tiêu chuẩn giúp loại bỏ hiện tượng nháy màn hình gây mỏi mắt. Tính năng này hoạt động hiệu quả ở mức độ sáng thấp, bảo vệ thị lực khi sử dụng máy trong bóng tối. 
Công nghệ khử nháy bảo vệ mắt trong điều kiện thiếu sáng
Nhờ đó, người dùng có thể nhìn màn hình lâu hơn mà không cảm thấy khó chịu hay căng thẳng thị giác. Công nghệ này đặc biệt quan trọng đối với những người có đôi mắt nhạy cảm với ánh sáng nhấp nháy.
Chế Độ Siêu Tối
Chế độ Siêu Tối trên HONOR 400 giúp giảm độ sáng màn hình xuống mức cực thấp mà vẫn giữ được độ chi tiết. Tính năng này rất hữu ích khi sử dụng điện thoại vào ban đêm hoặc trong phòng tối hoàn toàn. 
Độ sáng êm dịu, giúp mắt không bị mỏi khi tối.
Ánh sáng dịu nhẹ từ màn hình giúp người dùng dễ dàng đi vào giấc ngủ hơn sau khi sử dụng thiết bị. Đồng thời, chế độ này cũng giúp tiết kiệm pin đáng kể khi hiển thị các nội dung tối màu.
Màn Hình Tối Ưu Nhịp Sinh Học AI
Ngoài ra, màn hình của HONOR 400 còn có thể tự động điều chỉnh nhiệt độ màu theo thời gian thực trong ngày để phù hợp với nhịp sinh học cơ thể. Cụ thể, vào buổi tối, màn hình máy sẽ giảm ánh sáng xanh, giúp kích thích sản sinh melatonin để ngủ ngon hơn. 
Tự điều chỉnh ánh sáng phù hợp nhịp sinh học cơ thể
Công nghệ AI học hỏi thói quen của người dùng để đưa ra những điều chỉnh chính xác và tự nhiên. Nhờ vậy, chiếc điện thoại trở nên thân thiện hơn với sức khỏe giấc ngủ của người sử dụng.
Màn Hình Làm Mờ Động
HONOR 400 áp dụng công nghệ làm mờ động, mô phỏng sự thay đổi ánh sáng tự nhiên để kích thích lưu thông máu ở mắt. Quá trình thay đổi độ sáng diễn ra tinh vi, giúp cơ mắt được thư giãn ngay trong khi đang nhìn màn hình. 
Hiển thị mô phỏng ánh sáng tự nhiên, giúp thư giãn mắt
Tính năng này giúp giảm tình trạng khô và mỏi mắt khi phải tập trung vào màn hình trong thời gian dài. Đây là một giải pháp thông minh để duy trì sức khỏe đôi mắt trong kỷ nguyên số hiện đại.
Pin Silicon-carbon 6000mAh, bền bỉ lên đến 4 năm
Viên pin Silicon-carbon dung lượng lớn 6000mAh trên HONOR 400 mang lại thời gian sử dụng dài lâu cho mọi tác vụ. Nhờ kỹ thuật pin tân tiến, máy đạt mật độ năng lượng cao hơn song vẫn duy trì được ngoại hình thanh mảnh.
Viên pin lớn, mang đến nguồn điện bền bỉ suốt ngày.
Tuổi thọ pin được đảm bảo bền bỉ, duy trì hiệu suất tốt ngay cả sau 4 năm sử dụng liên tục. Mức thời lượng sử dụng này có thể thay đổi tùy thuộc vào nhiều điều kiện sử dụng và tình trạng sản phẩm.
Sạc nhanh có dây 80W, sạc 40% chỉ trong 15 phút
Nhờ sở hữu công nghệ sạc nhanh 80W, HONOR 400 cho phép nạp lại năng lượng một cách thần tốc trong những tình huống khẩn cấp. Chỉ cần 15 phút cắm sạc, máy có thể đạt được 40% pin, đủ dùng cho nhiều giờ liên tục. 
Tốc độ sạc ấn tượng giúp tiết kiệm thời gian chờ đợi
Tốc độ sạc ấn tượng này giúp người dùng tiết kiệm thời gian chờ đợi và luôn sẵn sàng cho mọi hoạt động. Bên cạnh đó, hệ thống sạc trên máy cũng được tích hợp các cơ chế an toàn thông minh để bảo vệ pin và thiết bị.
Bộ vi xử lý Qualcomm Snapdragon 7 Gen 3
Hiệu năng vượt trội của HONOR 400 được hỗ trợ bởi con chip Snapdragon 7 Gen 3 - chipset được sản xuất trên tiến trình 4nm, mang lại khả năng xử lý mạnh mẽ. Vi xử lý này đảm bảo khả năng xử lý mượt mà mọi tác vụ từ cơ bản đến nâng cao hàng ngày. 
Sức mạnh vận hành ấn tượng đến từ con chip đời mới
Sự tối ưu điện năng từ vi xử lý giúp thiết bị luôn mát và duy trì thời lượng pin lâu hơn đáng kể. Đây là sức mạnh cốt lõi giúp thiết bị vận hành trơn tru trong mọi tình huống sử dụng thực tế.
Công nghệ đồ họa GPU Turbo X chơi game mượt mà
Nhờ tích hợp công nghệ GPU Turbo X, HONOR 400 tối ưu hóa hiệu suất đồ họa khi chơi các tựa game nặng. Hệ thống tự động điều phối tài nguyên để duy trì tốc độ khung hình ổn định và giảm độ trễ đầu vào. 
Tối ưu hóa đồ họa, trải nghiệm giải trí mượt mà
Game thủ có thể tận hưởng những trận chiến đỉnh cao với hình ảnh đẹp mắt và thao tác chính xác. Trải nghiệm chơi game trên máy cũng nhờ đó trở nên mượt mà, ít bị giật lag hay nóng máy quá mức.
Đạt chứng nhận 5 sao bảo vệ rơi vỡ toàn diện, IP66 kháng nước và bụi
Với chứng nhận độ bền 5 sao, HONOR 400 mang lại sự an tâm cao trước các va đập hay rơi rớt bất ngờ. Theo đó, thiết kế khung vỏ của máy được hoàn thiện khá chắc chắn, giúp bảo vệ các linh kiện bên trong khỏi hư hỏng khi gặp sự cố vật lý. 
Kết cấu chắc chắn, đạt chuẩn kháng nước và bụi IP66
Chỉ số IP66 bảo vệ máy an toàn trước các tia nước bắn hay bụi bẩn trong quá trình sử dụng thường ngày. Dù vậy, tính năng kháng nước của máy sẽ hao mòn dần và không tồn tại mãi mãi qua quá trình dùng máy thực tế.
Hệ thống loa kép sống động như thật
Hệ thống loa kép stereo trên HONOR 400 mang lại chất lượng âm thanh to, rõ và giàu chi tiết cho người nghe. Cụ thể, với công nghệ âm thanh vòm, máy giúp tái tạo không gian giải trí sống động khi xem phim, nghe nhạc hay chơi game. 
Tận hưởng không gian giải trí với âm thanh nổi chất lượng
Âm trầm được tăng cường giúp các bản nhạc trở nên sâu lắng và có lực hơn, nâng cao trải nghiệm thính giác. Nhờ vậy, người dùng có thể đắm chìm trong thế giới âm thanh chất lượng cao mà không cần đeo tai nghe.
NFC tiện dụng chỉ với 1 chạm
Công nghệ NFC tích hợp trên HONOR 400 cho phép thực hiện thanh toán không chạm hoặc truyền dữ liệu nhanh chóng chỉ với một cú chạm. Tính năng này giúp đơn giản hóa các giao dịch hàng ngày, thay thế thẻ từ hay tiền mặt cồng kềnh. 
Giao dịch không chạm tiện lợi nhờ tích hợp NFC 
Người dùng cũng có thể kết nối nhanh với các thiết bị ngoại vi khác hỗ trợ NFC một cách dễ dàng và tiện lợi. Sự tiện dụng này giúp tiết kiệm thời gian và nâng cao phong cách sống hiện đại, thông minh.
Điều khiển từ xa bằng hồng ngoại
Cảm biến hồng ngoại trên HONOR 400 đã biến chiếc điện thoại thành remote điều khiển đa năng cho các thiết bị gia dụng. Với điểm cộng này, người dùng có thể dễ dàng điều khiển tivi, máy lạnh hay quạt điện ngay trên điện thoại mà không cần tìm remote. 
Biến điện thoại thành remote điều khiển mọi thiết bị
Tính năng này mang lại sự tiện lợi lớn trong cuộc sống hàng ngày, đặc biệt khi remote gốc bị thất lạc hoặc hết pin. Ấn tượng hơn, ứng dụng điều khiển được tích hợp sẵn trên máy hỗ trợ hàng ngàn thiết bị từ nhiều thương hiệu khác nhau.
Bộ nhớ cực lớn RAM 12GB, ROM 256GB
Dung lượng RAM 12GB trên HONOR 400 cho phép đa nhiệm mượt mà hàng chục ứng dụng cùng lúc mà không lo giật lag. Theo đó, bộ nhớ trong 256GB của máy cung cấp không gian lưu trữ rộng lớn cho hình ảnh, video và tài liệu quan trọng. 
Không gian lưu trữ rộng, khả năng đa nhiệm ổn định
Người dùng có thể thoải mái cài đặt các tựa game nặng hay lưu trữ hàng ngàn bài hát mà không lo đầy bộ nhớ. Cấu hình này đảm bảo thiết bị hoạt động ổn định và đáp ứng tốt nhu cầu lưu trữ lâu dài.
Các tính năng AI thông minh, tiện ích
HONOR 400 trang bị nhiều công nghệ AI hiện đại, đem đến quy trình sử dụng tiện nghi và thông minh hơn cho người sử dụng. Các công cụ này hỗ trợ tối đa trong công việc, học tập và giải trí hàng ngày một cách hiệu quả.
Tính năng AI thông minh, hỗ trợ tối đa tác vụ hàng ngày
Gemini - Trợ lý ảo từ Google: Trợ lý ảo tích hợp sẵn giúp trả lời câu hỏi, tóm tắt thông tin và sáng tạo nội dung văn bản nhanh chóng.
Google Lens - Tìm kiếm bằng hình ảnh: Quét vật thể để tra cứu, dịch thuật hoặc sao chép nội dung trực tiếp từ thế giới thực.
Circle to Search - Vẽ vòng tròn tìm kiếm: Khoanh tròn nội dung bất kỳ trên màn hình để tìm kiếm thông tin ngay lập tức mà không cần chuyển ứng dụng.
Phát hiện giả mạo AI: Nhận diện deepfake và hình ảnh chỉnh sửa, bảo vệ người dùng trước các luồng thông tin sai lệch.
Lối tắt thông minh giúp tự động đề xuất ứng dụng hoặc tác vụ thường dùng dựa trên thói quen và ngữ cảnh cụ thể của chủ nhân.
Dịch trực tiếp AI: Dịch thuật giọng nói và văn bản theo thời gian thực hỗ trợ xóa bỏ rào cản ngôn ngữ khi giao tiếp hoặc du lịch.
Tạo phụ đề AI cho video hoặc ghi âm, giúp theo dõi nội dung dễ dàng khi không thể bật tiếng.
Trợ lý viết thông minh hỗ trợ soạn thảo email, tin nhắn với văn phong chuyên nghiệp và gợi ý từ ngữ phù hợp.
Camera HONOR 400 siêu nét - Nâng tầm nhiếp ảnh di động
Điện thoại HONOR 400 5G được trang bị hệ thống camera chất lượng cao, giúp người dùng ghi lại mọi khoảnh khắc một cách sắc nét. Công nghệ AI hỗ trợ tối ưu hóa hình ảnh, biến mỗi bức ảnh chụp vội trở thành tác phẩm nghệ thuật.
Camera chính AI 200MP siêu nét
Sở hữu camera sau độ phân giải khủng 200MP, smartphone HONOR mới này cho phép chụp những bức ảnh với độ chi tiết cực cao. Cảm biến lớn 1/1.4 inch giúp thu sáng tốt hơn, mang lại hình ảnh rõ nét ngay cả trong điều kiện thiếu sáng. 
Cảm biến độ phân giải cao, ghi lại hình ảnh sắc nét
Máy còn hỗ trợ quay video độ phân giải cao, ghi lại những thước phim mượt mà và sống động như điện ảnh. Chế độ chụp ảnh chuyên nghiệp cho phép người dùng tùy chỉnh sâu các thông số để sáng tạo theo ý muốn.
Camera góc siêu rộng 12MP 112°
Được trang bị camera góc siêu rộng 12MP với trường nhìn lên tới 112 độ, HONOR 400 bao quát toàn bộ khung cảnh rộng lớn. Ống kính này rất lý tưởng để chụp ảnh phong cảnh, kiến trúc hoặc chụp nhóm đông người mà không cần lùi xa. 
Ống kính góc siêu rộng bao quát trọn vẹn khung cảnh 
Chất lượng hình ảnh từ camera góc rộng vẫn giữ được độ sắc nét và màu sắc trung thực tương đương camera chính. Các hiện tượng méo hình ở góc ảnh được xử lý tốt nhờ thuật toán AI thông minh tích hợp sẵn.
Camera Selfie chân dung 50MP
Camera trước 50MP trên HONOR 400 mang lại những bức ảnh selfie sắc nét và chi tiết đến từng sợi tóc. Độ phân giải cao giúp người dùng tự tin crop ảnh hoặc in ấn mà không lo bị vỡ hạt hay mờ nhòe. 
Camera selfie chất lượng, giúp ghi lại khoảnh khắc rạng rỡ
Bên cạnh đó, máy cũng hỗ trợ quay video selfie 4K, phục vụ tốt nhu cầu vlog hoặc gọi video chất lượng cao cho người thân, bạn bè. Đồng thời, chế độ nhận diện khuôn mặt của máy còn giúp lấy nét chính xác và làm đẹp tự nhiên, tôn lên vẻ đẹp của chủ thể.
Siêu Zoom AI cực sắc nét
Ứng dụng công nghệ Siêu Zoom AI, HONOR 400 cho phép phóng to hình ảnh mà vẫn giữ được độ rõ nét đáng kinh ngạc. Nhờ thuật toán thông minh, thiết bị tự động tái tạo chi tiết bị mất khi zoom để giảm thiểu hiện tượng nhiễu hạt. 
Công nghệ thấu kính tiên tiến, hỗ trợ thu phóng chi tiết
Tính năng này giúp người dùng dễ dàng ghi lại rõ nét các vật thể ở xa như biển báo hay sân khấu ca nhạc. Thông qua đó, khả năng sáng tạo nhiếp ảnh được mở rộng đáng kể, giúp bắt trọn khoảnh khắc từ mọi khoảng cách.
Chân dung tức thì AI
Với HONOR 400, khả năng chụp ảnh chân dung xóa phông chuyên nghiệp được thực hiện nhanh chóng chỉ sau một lần bấm máy. Hệ thống AI trên máy sẽ tự động nhận diện chủ thể và tách nền chính xác để tạo hiệu ứng bokeh mềm mại. 
Bức hình chân dung có phông nền mờ ảo, tôn vinh chủ thể.
Nhờ vậy, người dùng không cần căn chỉnh phức tạp mà vẫn sở hữu ngay những bức hình nghệ thuật như chụp bằng máy cơ. Công nghệ này hoạt động hiệu quả trong nhiều điều kiện sáng, đảm bảo chủ thể luôn nổi bật khung hình.
Chụp chân dung đêm AI siêu nét
Nhờ tích hợp chế độ chụp đêm chuyên dụng, HONOR 400 giúp khuôn mặt luôn sáng rõ và tự nhiên ngay cả trong môi trường tối. Thuật toán AI sẽ tự động giảm nhiễu và cân bằng ánh sáng, giữ lại chi tiết cho cả chủ thể lẫn hậu cảnh. 
Khả năng chụp đêm ấn tượng, giúp chủ thể sáng rõ
Vì thế, những bức ảnh chụp buổi tối hay trong quán cà phê thiếu sáng vẫn trở nên lung linh và đầy sức sống. Người dùng có thể tự tin lưu giữ những khoảnh khắc đẹp bất kể điều kiện ánh sáng xung quanh có khắc nghiệt.
Chụp ảnh động HD, chia sẻ dễ dàng
Tính năng chụp ảnh động trên HONOR 400 hỗ trợ ghi lại một đoạn video ngắn song song với bức ảnh tĩnh sắc nét. Chế độ này giúp lưu giữ trọn vẹn cảm xúc và không khí của khoảnh khắc chụp hình theo cách sống động. 
Tính năng chia sẻ dữ liệu nhanh giữa các nền tảng 
Sau khi chụp, người dùng có thể dễ dàng chia sẻ các tác phẩm này lên mạng xã hội hoặc gửi tin nhắn cho bạn bè. Đây là cách kể chuyện thú vị, giúp bức ảnh trở nên có hồn và truyền tải được nhiều thông điệp hơn.
Chế độ chân dung bộ lọc màu phim AI
Bộ sưu tập màu phim trên HONOR 400 được AI tinh chỉnh kỹ lưỡng để phù hợp với từng bối cảnh chụp cụ thể. Các bộ lọc này mang lại vẻ đẹp cổ điển và tính nghệ thuật cho bức ảnh chân dung mà không cần qua hậu kỳ phức tạp. 
Bộ lọc màu phim tạo nên phong cách nghệ thuật độc đáo
Người dùng có thể xem trước hiệu ứng ngay trên màn hình để chọn ra phong cách ưng ý trước khi bấm chụp. Sự tiện lợi này giúp tiết kiệm thời gian chỉnh sửa mà vẫn tạo nên những bức ảnh mang đậm dấu ấn cá nhân.
Chỉnh sửa ảnh bằng tính năng AI
HONOR 400 mang đến bộ công cụ chỉnh sửa ảnh quyền năng tích hợp sâu vào thư viện, giúp hậu kỳ nhanh chóng và chuyên nghiệp.
Loại bỏ vật thể thừa nhanh nhờ công nghệ AI tiên tiến
Chuyển ảnh thành video AI giúp máy tự động ghép các bức ảnh tĩnh thành một video ngắn có nhạc nền và hiệu ứng chuyển cảnh sống động.
Xóa phản chiếu AI hỗ trợ loại bỏ hiện tượng bóng lóa hoặc phản chiếu qua cửa kính khi chụp ảnh, giúp bức hình trong trẻo hơn.
Xóa bỏ tức thì những chủ thể không mong muốn: Người dùng chỉ cần khoanh vùng vật thể thừa, AI sẽ tự động xóa và lấp đầy nền một cách tự nhiên.
Nâng cấp ảnh AI giúp tăng độ phân giải và làm rõ nét các bức ảnh cũ hoặc bị mờ, khôi phục chi tiết đáng kinh ngạc.
Mở rộng hình ảnh AI đem tới khả năng tự động vẽ thêm các chi tiết ở viền ảnh để mở rộng khung hình, giúp bố cục bức ảnh thoáng đãng hơn.
Tách nền và chỉnh sửa ảnh AI hỗ trợ tách chủ thể khỏi nền chỉ với một chạm, cho phép ghép vào các phông nền khác hoặc tạo sticker độc đáo.
Sửa mắt nhắm AI giúp tự động phát hiện và mở mắt cho chủ thể trong trường hợp bị nhắm mắt khi chụp, cứu vãn những khoảnh khắc quan trọng.
Hình ảnh chụp thực tế từ camera HONOR 400
HONOR 400 chứng minh khả năng nhiếp ảnh vượt trội qua những bức ảnh thực tế được chụp trong nhiều điều kiện khác nhau. Chất lượng hình ảnh từ các ống kính đều mang lại độ chi tiết cao và màu sắc trung thực, nịnh mắt.
Hình chụp từ camera chính
Qua ống kính 200MP của điện thoại HONOR mới này, hình ảnh thể hiện độ sắc nét tuyệt vời, rõ ràng ngay cả khi phóng to các chi tiết nhỏ. Màu sắc được tái tạo tươi tắn, dải tương phản động rộng giúp cân bằng tốt vùng sáng và tối trong khung hình. 
Hình ảnh sắc nét với màu sắc tươi tắn từ camera chính
Trong điều kiện thiếu sáng, ảnh vẫn giữ được độ trong trẻo và ít nhiễu hạt nhờ khả năng thu sáng tốt của cảm biến lớn. Bên cạnh đó, khả năng bắt nét nhanh giúp máy ghi lại trọn vẹn những khoảnh khắc chuyển động mà không bị mờ nhòe.
Hình chụp từ camera góc siêu rộng
Với camera góc siêu rộng trên HONOR 400, những bức ảnh phong cảnh trở nên hùng vĩ với góc nhìn bao quát ấn tượng. Các chi tiết ở rìa ảnh được xử lý tốt, hạn chế tối đa tình trạng méo mó hay bệt màu thường gặp. 
Góc chụp rộng bao quát toàn cảnh với độ chi tiết cao
Màu sắc giữa camera góc rộng và camera chính có sự đồng nhất cao, không bị lệch tông khi người dùng chuyển đổi ống kính. Đây là lựa chọn phù hợp để chụp kiến trúc các tòa nhà cao tầng hoặc chụp tập thể nhóm đông người.
Hình chụp từ camera Selfie chân dung
Ảnh selfie từ HONOR 400 làm nổi bật vẻ đẹp tự nhiên của khuôn mặt, da dẻ được xử lý mịn màng nhưng vẫn giữ chi tiết. Chế độ xóa phông hoạt động chính xác, tách bạch rõ ràng giữa tóc và nền phía sau, không bị lem nhem vào chủ thể. 
Ảnh selfie tự nhiên, làm nổi bật vẻ đẹp của chủ thể
Trong điều kiện ngược sáng, khuôn mặt vẫn sáng rõ nhờ công nghệ HDR xử lý thông minh, ngăn chặn tình trạng bị tối đen. Góc chụp vừa đủ rộng giúp người dùng dễ dàng selfie cùng bạn bè mà không cần sự hỗ trợ của gậy tự sướng.
So sánh HONOR 400 với HONOR 200 có đáng nâng cấp?
HONOR 400 mang đến những nâng cấp đáng giá về camera và dung lượng pin so với người tiền nhiệm HONOR 200. Dưới đây là bảng so sánh chi tiết giúp người dùng dễ dàng nhận thấy sự khác biệt giữa hai thế hệ.
Thông số
HONOR 400 5G 12GB 256GB
Honor 200
Kích thước màn hình
6.55 inches
6.7 inches
Công nghệ màn hình
AMOLED
OLED
Camera sau
Camera chính AI 200MP (f/1.9, OIS) + 12MP Camera Góc Siêu Rộng (f/2.2)
Cảm biến IMX906 kích thước 1/1.56 inch với khẩu độ f/1.95 và cũng hỗ trợ OIS
Camera telephoto 50MP với khả năng zoom quang học 2.5x, khẩu độ f/2.4 và hỗ trợ OIS
Ống kính siêu rộng 12MP
Camera trước
50MP (f/2.0)
50MP
Chipset
Snapdragon 7 Gen 3
Snapdragon 7 Gen 3
Công nghệ NFC
Có
Có
Dung lượng RAM
12 GB
12 GB
Bộ nhớ trong
256 GB
256 GB
Pin
6000 mAh (Li-Po, công nghệ Pin Silicon-Carbon)
5200 mAh
Thẻ SIM
2 Nano SIM hoặc 1 Nano + 1 eSIM
2 Nano-SIM
Hệ điều hành
MagicOS 9.0 (dựa trên Android 15)
Android 14
Độ phân giải màn hình
2736 × 1264 pixels
Tính năng màn hình
1.07 tỷ màu
Tần số quét 120Hz
Loại CPU
8 lõi
So sánh thiết kế và tính năng giữa hai thế hệ máy
Nếu người sử dụng ưu tiên khả năng nhiếp ảnh sắc nét và thời lượng pin bền bỉ, bản tiêu chuẩn của Series 400 HONOR sẽ là lựa chọn nâng cấp lý tưởng. Tuy nhiên, HONOR 200 vẫn là một thiết bị tốt nếu người dùng chú trọng tốc độ sạc nhanh hơn.
Điện thoại HONOR 400 5G ra mắt khi nào?
Điện thoại HONOR 400 5G đã chính thức trình làng quốc tế vào ngày 22/5/2025 và cập bến thị trường Việt Nam vào ngày 26/6/2025. Sau gần một năm ra mắt, sản phẩm vẫn duy trì được sức hút lớn nhờ cấu hình mạnh mẽ và thiết kế chưa hề lỗi thời. 
Ngoại hình thời thượng giúp máy duy trì sức hút lớn
Hiện tại, thiết bị đã có nguồn hàng ổn định tại các hệ thống bán lẻ, giúp người dùng dễ dàng tiếp cận và sở hữu ngay. Mức giá của máy cũng đã trở nên dễ chịu hơn so với thời điểm mới lên kệ, đi kèm nhiều chính sách hậu mãi giá trị.
Giá HONOR 400 5G bao nhiêu?
Tại thị trường Trung Quốc, giá HONOR 400 5G khởi điểm từ 2.499 Nhân dân tệ cho bản 12GB/256GB. Mức giá này có sự chênh lệch tùy thuộc vào từng khu vực, thuế phí và các chính sách phân phối riêng biệt. 
Tại thị trường Việt Nam, giá bán HONOR 400 5G khởi điểm từ 13.250.000đ. 
Hiệu năng ấn tượng trong phân khúc giá dễ tiếp cận
Ở thời điểm hiện tại, giá của dòng máy này tại thị trường Việt Nam, đặc biệt là hệ thống CellphoneS, đã hấp dẫn hơn rất nhiều. Cụ thể, giá bán vào tháng 04/2026 như sau:
Tên sản phẩm
Giá bán
Giá thu cũ lên đời
HONOR 400 5G 12GB 256GB
12.250.000đ
10.250.000đ
HONOR 400 5G 12GB 512GB
13.230.000đ
11.230.000đ
HONOR 400 hỗ trợ cập nhật phần mềm bao lâu?
Với cam kết hỗ trợ cập nhật phần mềm lâu dài, HONOR 400 đảm bảo người dùng luôn được trải nghiệm các tính năng mới ngay cả sau nhiều năm sử dụng. Hãng hứa hẹn cung cấp tối thiểu 3 bản cập nhật hệ điều hành Android lớn cho dòng sản phẩm chủ lực này. 
Giao diện trực quan cùng cam kết hỗ trợ phần mềm lâu dài
Bên cạnh đó, các bản vá bảo mật sẽ được duy trì trong vòng 4 năm để bảo vệ an toàn dữ liệu người dùng. Chính sách này giúp kéo dài vòng đời thiết bị và giữ cho điện thoại luôn hoạt động ổn định, mượt mà theo thời gian.
Trong hộp HONOR 400 có gì?
HONOR 400 đi kèm với bộ phụ kiện phong phú, giúp người dùng tiết kiệm đáng kể chi phí mua sắm thêm. Nhà sản xuất đã trang bị đầy đủ các vật dụng cần thiết để bảo vệ và sử dụng máy ngay lập tức.
Sản phẩm và vỏ hộp được hoàn thiện chỉn chu, đẹp mắt
Điện thoại HONOR Series 400 bản tiêu chuẩn.
Củ sạc nhanh SuperCharge công suất cao.
Cáp sạc USB Type-C bền bỉ.
Ốp lưng bảo vệ trong suốt dẻo dai.
Que chọc SIM kim loại.
Sách hướng dẫn sử dụng và thẻ bảo hành.
Nên mua điện thoại HONOR 400 5G ở đâu uy tín, nhiều ưu đãi hấp dẫn?
Mua điện thoại HONOR 400 5G tại CellphoneS để nhận được cam kết sản phẩm chính hãng và chính sách bảo hành uy tín. Hệ thống mang đến cơ hội sở hữu thiết bị dễ dàng thông qua hàng loạt chương trình khuyến mãi hấp dẫn:
Hỗ trợ chương trình thu cũ đổi mới với mức trợ giá cao cho các dòng máy đời cũ.
Chương trình trả góp 0% lãi giúp người mua bớt nỗi lo về chi phí.
Giảm thêm chi phí thanh toán dành riêng cho thành viên Smember.
Tặng kèm phiếu mua hàng giá trị.","{""Màn hình"": [{""name"": ""Kích thước màn hình"", ""value"": ""6.55 inches""}, {""name"": ""Công nghệ màn hình"", ""value"": ""AMOLED""}, {""name"": ""Độ phân giải màn hình"", ""value"": ""2736 × 1264 pixels""}, {""name"": ""Tính năng màn hình"", ""value"": ""1.07 tỷ màu""}, {""name"": ""Tần số quét"", ""value"": ""120Hz""}, {""name"": ""Kiểu màn hình"", ""value"": ""Đục lỗ (Nốt ruồi)""}], ""Camera sau"": [{""name"": ""Camera sau"", ""value"": ""Camera chính AI 200MP (f/1.9, OIS) + 12MP Camera Góc Siêu Rộng (f/2.2)""}, {""name"": ""Quay video"", ""value"": ""Lên đến 3840 × 2160 (4K)""}, {""name"": ""Tính năng camera"", ""value"": ""Siêu zoom AI, Nghệ thuật, Mô phỏng phim, Ảnh chuyển động, Tua nhanh thời gian, Nhiếp ảnh AI, Góc siêu rộng, Khẩu độ, Chụp đêm, Chân dung, Chuyên nghiệp, HDR, Toàn cảnh, Siêu cận cảnh, Quét tài liệu""}], ""Camera trước"": [{""name"": ""Camera trước"", ""value"": ""50MP (f/2.0)""}, {""name"": ""Quay video trước"", ""value"": ""Lên đến 3840 × 2160 (4K)""}], ""Vi xử lý & đồ họa"": [{""name"": ""Chipset"", ""value"": ""Snapdragon 7 Gen 3""}, {""name"": ""GPU"", ""value"": ""Adreno 720""}], ""Giao tiếp & kết nối"": [{""name"": ""Công nghệ NFC"", ""value"": ""Có""}, {""name"": ""Thẻ SIM"", ""value"": ""2 Nano SIM hoặc 1 Nano + 1 eSIM""}, {""name"": ""Hồng ngoại"", ""value"": ""Có""}, {""name"": ""Hỗ trợ mạng"", ""value"": ""5G""}, {""name"": ""GPS"", ""value"": ""GPS, AGPS, GLONASS, BeiDou, Galileo""}], ""RAM & lưu trữ"": [{""name"": ""Dung lượng RAM"", ""value"": ""12 GB""}, {""name"": ""Bộ nhớ trong"", ""value"": ""256 GB""}], ""Pin & công nghệ sạc"": [{""name"": ""Pin"", ""value"": ""6000 mAh (Li-Po, công nghệ Pin Silicon-Carbon)""}, {""name"": ""Công nghệ sạc"", ""value"": ""HONOR SuperCharge 80W""}, {""name"": ""Cổng sạc"", ""value"": ""USB Type-C""}], ""Tính năng khác"": [{""name"": ""Hệ điều hành"", ""value"": ""MagicOS 9.0 (dựa trên Android 15)""}], ""Bộ xử lý & Đồ họa"": [{""name"": ""Loại CPU"", ""value"": ""8 lõi""}], ""Kích thước & Trọng lượng"": [{""name"": ""Kích thước"", ""value"": ""156.5 × 74.6 × 7.3 mm""}, {""name"": ""Trọng lượng"", ""value"": ""Khoảng 184 g (bao gồm pin)""}], ""Thông số khác"": [{""name"": ""Chỉ số kháng nước, bụi"", ""value"": ""IP66""}, {""name"": ""Tiện ích khác"", ""value"": ""Mở khóa khuôn mặt 2D""}], ""Tiện ích khác"": [{""name"": ""Cảm biến vân tay"", ""value"": ""Cảm biến vân tay dưới màn hình""}, {""name"": ""Các loại cảm biến"", ""value"": ""Cảm biến tiệm cận, Cảm biến ánh sáng, La bàn, Cảm biến trọng lực""}, {""name"": ""Tính năng đặc biệt"", ""value"": ""Hỗ trợ 5G, Bảo mật vân tay, Nhận diện khuôn mặt, Kháng nước, kháng bụi, Điện thoại AI""}], ""Cổng kết nối"": [{""name"": ""Wi-Fi"", ""value"": ""802.11 a/b/g/n/ac/ax, 2x2 MIMO, Wi-Fi Hotspot, Wi-Fi Direct""}, {""name"": ""Bluetooth"", ""value"": ""v5.4""}]}","[""https://cdn2.cellphones.com.vn/x/media/catalog/product/s/l/slider-honor-400-5g-12gb-256gb_1_2.jpg"", ""https://cdn2.cellphones.com.vn/x/media/catalog/product/s/l/slider-honor-400-5g-12gb-256gb_1_3.jpg"", ""https://cdn2.cellphones.com.vn/x/media/catalog/product/s/l/slider-honor-400-5g-12gb-256gb-2_1.jpg""]","{""product_color_1"": {""color"": ""Vàng"", ""image_url"": ""https://cellphones.com.vn/dien-thoai-honor-400-5g.html?product_id=111734"", ""price"": ""12.250.000₫""}}"
HONOR X9d 5G 12GB 256GB,dien-thoai-honor-x9d-12gb-256gb,11.990.000đ,11.190.000đ,"Đặc điểm nổi bật của HONOR X9d 5G 12GB 256GB
Điện thoại HONOR X9d nổi bật với pin “khủng” 8300 mAh, chuẩn kháng nước, bụi IP69K và khả năng chịu rơi từ 2.5 m, cùng camera chính lên đến 108 MP. Cấu hình máy mạnh mẽ, màn hình AMOLED rộng phù hợp với mọi tác vụ. Máy được trang bị công nghệ AI tân tiến, giúp người dùng chỉnh ảnh, video hiệu quả.
Nội dung chính
1. Điện thoại HONOR X9d giá bao nhiêu tiền 04/2026?
2. Điện thoại HONOR X9d pin bền bỉ và chụp hình chân thực
2.1. Đa dạng công nghệ AI hỗ trợ, trò chuyện với Gemini
2.2. Chip Snapdragon 6 Gen 4 cho hiệu năng ổn định
2.3. Camera 108 MP, chụp ảnh chân thực
2.4. Pin 8300 mAh cùng sạc nhanh 66W
2.5. Màn hình AMOLED sống động, tần số 120Hz
2.6. Thiết kế sang trọng cùng đa dạng màu sắc
2.7. Bền bỉ với các công nghệ kháng nước, rơi vỡ
2.8. Tản nhiệt VC vượt trội
2.9. Loa kép mạnh mẽ, NFC tiện lợi
3. Điện thoại HONOR X9d khi nào ra mắt?
4. So sánh điện thoại HONOR X9d với HONOR X9c chi tiết
5. Mua điện thoại HONOR X9d chính hãng tại CellphoneS
Điện thoại HONOR X9d giá bao nhiêu tiền 04/2026?
Giá điện thoại HONOR X9d hiện được nhiều hệ thống bán lẻ niêm yết trong khoảng gần 12 triệu cho phiên bản 12 GB RAM và 512GB bộ nhớ trong. Đây là mức giá khá cạnh tranh nếu so với những gì thiết bị mang lại, đặc biệt với thiết kế đẹp mắt cùng nhiều tính năng tích hợp AI vô cùng hấp dẫn kể trên.
Tuy nhiên, tại CellphoneS giá bán chính thức sẽ có sự chênh lệch đáng kể nhờ các chương trình ưu đãi, chi tiết giá HONOR X9d và tháng 04/2026 như sau: 
Tên sản phẩm
Giá bán
Giá thu cũ lên đời
HONOR X9d 5G 12GB 512GB
12.190.000đ
11.190.000đ
Giá điện thoại vô cùng hợp lý, dễ tiếp cận
Khoảng chênh lệch giữa các đơn vị bán lẻ không quá lớn, chủ yếu đến từ chương trình ưu đãi, quà tặng hoặc chính sách bảo hành đi kèm. Với tầm giá dưới 12 triệu đồng, chiếc máy này thật sự trở thành lựa chọn đáng cân nhắc.
Điện thoại HONOR X9d pin bền bỉ và chụp hình chân thực
HONOR X9d không chỉ thu hút với khả năng chịu rơi đến 2.5 m mà còn là khả năng kháng nước, bụi cùng nhiều thông số ấn tượng khác. Dưới đây là phân tích chi tiết từng đặc điểm của chiếc smartphone này để người dùng hiểu thêm về sản phẩm.
Đa dạng công nghệ AI hỗ trợ, trò chuyện với Gemini
Điện thoại HONOR X9d được tích hợp loạt công cụ AI tiện ích như AI Eraser, AI Cutout, AI Upscale… Những công cụ này giúp người dùng dễ dàng chỉnh sửa hình ảnh, xóa chi tiết thừa, nâng cấp ảnh/video mà không cần phần mềm bên ngoài. 
Trò chuyện trực tiếp với Gemini tiện lợi
Cùng với đó, điện thoại còn sở hữu khả năng trò chuyện trực tiếp với Gemini. Theo đó, người sử dụng có thể hỏi Gemini bất kỳ điều gì bằng cách chia sẻ camera, màn hình hoặc trò chuyện trực tiếp.
Ngoài khả năng xử lý hình ảnh và tương tác thông minh, điện thoại HONOR X9d còn được trang bị công cụ soạn thảo AI. Tính năng này giúp tối ưu câu chữ, cải thiện độ mạch lạc và hỗ trợ chỉnh sửa nội dung nhanh trong quá trình soạn thảo văn bản.
Máy hỗ trợ AI Star và Magic Portal
Song song đó, Magic Portal đóng vai trò như một lối tắt AI thông minh, cho phép thiết bị tự động gợi ý và truy cập nhanh dựa trên ngữ cảnh sử dụng. Nhờ khả năng kết nối liền mạch, Magic Portal góp phần mở rộng tiềm năng sử dụng của máy.
Chip Snapdragon 6 Gen 4 cho hiệu năng ổn định
Điện thoại HONOR X9d sử dụng chip xử lý Qualcomm Snapdragon 6 Gen 4, kết hợp với RAM 12 GB và bộ nhớ trong 512 GB. Vì vậy máy đáp ứng tốt nhu cầu đa nhiệm, chạy ứng dụng nặng, chơi game hay xử lý ảnh/video. 
Cấu hình cao, bộ nhớ thoải mái sử dụng nhiều ứng dụng
Máy có thể vận hành ổn định ngay cả trong điều kiện nhiệt độ từ -30°C đến 55°C, nhờ hệ thống quản lý nhiệt thông minh, giúp giữ hiệu năng ổn định. Nhờ khả năng này, người dùng có thể yên tâm mang máy theo trong mọi hoạt động ngoài trời, từ du lịch, leo núi cho đến môi trường làm việc khắc nghiệt.
Trong các bài kiểm tra hiệu năng, Snapdragon 6 Gen 4 trên HONOR X9d đạt khoảng 993.052 điểm Antutu V11 (Được test bởi Sforum). Cùng với đó là 1.000 điểm đơn nhân và 3.000 điểm đa nhân trên Geekbench 6. Qua đó cho thấy khả năng xử lý cân bằng giữa hiệu suất và mức tiêu thụ năng lượng.
HONOR X9d có điểm hiệu năng ấn tượng
Bên cạnh sức mạnh phần cứng, HONOR X9d còn được hỗ trợ bởi AI System Resource Management giúp quản lý tài nguyên thông minh. Hệ thống này có khả năng phân bổ sức mạnh xử lý linh hoạt giữa các ứng dụng.
Camera 108 MP, chụp ảnh chân thực
Camera chính với cảm biến 108 MP với chống rung quang học (OIS) là một điểm nổi bật của điện thoại HONOR X9d. Camera của X9d đem lại ảnh có độ nét tốt, dải sáng ổn, màu sắc trung thực với dải hiển thị tới 1.07 tỷ màu và chi tiết khá ổn kể cả khi zoom.
Camera sắc nét, màu chân thực, hỗ trợ quay video 1080p
Bên cạnh đó, máy có camera phụ góc rộng 5MP và camera selfie 16MP, đáp ứng nhu cầu selfie, chụp nhóm, phong cảnh hoặc quay video. Máy có khả năng quay video 4K và quay 1080p ổn định phù hợp cho người dùng thích lưu lại khoảnh khắc, quay vlog, hoặc livestream.
Bên cạnh thông số camera ấn tượng, điện thoại HONOR X9d còn nổi bật với tính năng Ảnh ghép động 4K HD. Bên cạnh đó, chế độ chụp ảnh dưới nước mở ra khả năng ghi lại thế giới dưới mặt nước với màu sắc rực rỡ và độ rõ nét cao.
HONOR X9d có nhiều chế độ chụp đa dạng
HONOR X9d còn hỗ trợ hệ thống chế độ chụp đa dạng như Nhiếp ảnh AI, Chân dung, Ban đêm, Chuyên nghiệp, Chuyển động chậm, Quét tài liệu hay Đa video. Sự phong phú này giúp người dùng dễ dàng tuỳ chỉnh trong quá trình sử dụng.
Pin 8300 mAh cùng sạc nhanh 66W
Một trong những điểm “đắt giá” nhất của điện thoại HONOR X9d chính là viên pin 8300 mAh. Theo thông tin chính hãng, với viên pin này máy có thể dùng liên tục hơn 3 ngày nếu sử dụng những tác vụ cơ bản như xem video, chat, nghe gọi,.... Thực tế khi sử dụng thì thời gian sẽ đổi một chút do ảnh hưởng bên ngoài.
Dung lượng pin khủng, có khả năng reverse charging
Máy hỗ trợ sạc nhanh 66W giúp sạc đầy pin nhanh chóng, rất tiện khi bạn cần nạp năng lượng gấp. Đặc biệt, X9d còn hỗ trợ sạc ngược (reverse charging) tức có thể dùng làm sạc dự phòng để sạc cho các thiết bị khác như tai nghe, đồng hồ thông minh…
Viên pin trên HONOR X9d là công nghệ pin thế hệ Silicon-carbon giúp tăng mật độ năng lượng nhưng vẫn duy trì kích thước hợp lý. Bên cạnh đó, pin còn được thiết kế với định hướng độ bền sử dụng lâu dài lên đến 6 năm hiệu suất ổn định. Điều này giúp hạn chế tình trạng suy giảm dung lượng theo thời gian và mang lại sự an tâm.
Màn hình AMOLED sống động, tần số 120Hz
Điện thoại HONOR X9d sở hữu màn hình AMOLED rộng 6.79 inch, độ phân giải 1200x2640 pixel, tần số quét 120 Hz. Những chỉ số này giúp máy mang lại trải nghiệm hiển thị rõ ràng, màu sắc tươi tắn nhìn rất thích mắt và mượt mà khi cuộn hay chơi game.
Màn hình rộng, thao tác cảm ứng mượt mà
Một điểm nổi bật khác là màn hình có thể đạt độ sáng cực cao lên tới 6000 nits ở chế độ APL rất có lợi khi dùng ngoài trời nắng sáng. Màn hình cũng hỗ trợ HDR, tần số quét mượt mà kèm công nghệ bảo vệ mắt, nếu dùng lâu cũng đỡ mỏi hơn.
Màn hình của điện thoại HONOR X9d còn ghi điểm nhờ thiết kế phẳng hiện đại, thay thế kiểu màn hình cong của thế hệ trước. Công nghệ Nano Texture giúp hạn chế hiện tượng chói lóa ngoài trời nhưng vẫn giữ được độ trong của ảnh. Ngoài ra, viền màn hình mỏng 1.3mm ở cả bốn cạnh nâng tỷ lệ hiển thị lên đến 91%.
Thiết kế sang trọng cùng đa dạng màu sắc
Về thiết kế, điện thoại HONOR X9d, tổng thể máy khá mỏng nhưng kích thước lớn, (161.9x76.1x7.76mm) và trọng lượng khoảng 193 g. Kích thước này đủ nhẹ để cầm thoải mái mà vẫn đảm bảo cảm giác chắc tay.
Màu sắc cơ bản phù hợp với phần đông người dùng
Máy có nhiều tùy chọn màu sắc bao gồm Đỏ Đôn Hoàng (Reddish Brown), Vàng Bình Minh (Sunrise Gold), Đen Bóng Đêm (Midnight Black). Những gam màu này vừa đủ bắt mắt vừa đủ tinh tế, giúp người dùng dễ dàng bộc lộ cá tính.
Hơn nữa, máy hỗ trợ thao tác thông minh trong môi trường ẩm ướt, khắc nghiệt hoặc khi đeo găng tay nhờ các chế độ Heavy Rain Touch và Glove Touch Control. Với hệ điều hành mới MagicOS 9.0, dựa trên Android 15 và phần mềm tối ưu từ nhà sản xuất, X9d xử lý liền mạch, ổn định cho các tác vụ từ cơ bản tới phức tạp.
Bền bỉ với các công nghệ kháng nước, rơi vỡ
Sản phẩm trang bị kính cường lực đa lớp kết hợp lớp đệm hấp thụ xung lực theo tiêu chuẩn quân sự. Qua đó giúp tăng khả năng chịu va đập lên đến 112% và hỗ trợ bảo vệ thiết bị khi rơi từ độ cao khoảng 2,5m.
HONOR X9d mang lại độ bền ấn tượng
Thiết bị còn đạt chứng nhận kháng nước và bụi IP69K, đồng thời đáp ứng các tiêu chuẩn IP68 và IP66. Máy có thể chịu được nước nóng lên đến 85°C, mang đến sự bền bỉ. Ngoài ra, công nghệ cảm ứng tối ưu giúp thao tác mượt mà ngay cả khi tay ướt hoặc đeo găng tay.
Tản nhiệt VC vượt trội
Điện thoại HONOR X9d được trang bị hệ thống làm mát VC Ice giúp tối ưu hiệu suất trong quá trình sử dụng lâu dài. Buồng hơi thép không gỉ siêu nhẹ với diện tích lớn đến 3490mm² giúp nhiệt lượng được phân tán nhanh và đều hơn. Nhờ cấu trúc này, khả năng dẫn nhiệt của vật liệu than chì được cải thiện tới 90%.
Hệ thống tản nhiệt ấn tượng trên HONOR X9d
Sự kết hợp giữa than chì lục giác thế hệ thứ 5 và khung thép không gỉ mang lại hiệu quả làm mát bền bỉ theo thời gian. Điều này hạn chế tình trạng quá nhiệt và duy trì hiệu suất ổn định trong suốt quá trình sử dụng kéo dài.
Loa kép mạnh mẽ, NFC tiện lợi
Thiết bị được trang bị hệ thống loa stereo kép mang lại không gian âm thanh sống động và rõ ràng hơn trong quá trình giải trí. Âm lượng được khuếch đại đáng kể, giúp trải nghiệm xem phim, chơi game hay nghe nhạc trở nên cuốn hút hơn.
Loa kép và NFC nhanh chóng
Bên cạnh đó, tính năng NFC cho phép truy cập và kết nối nhanh chóng chỉ với một chạm. Việc thanh toán, chia sẻ dữ liệu hay kết nối với các thiết bị hỗ trợ NFC diễn ra liền mạch. Qua đó, giúp thao tác hằng ngày trở nên thuận tiện và tiết kiệm thời gian trong nhiều tình huống sử dụng. 
Điện thoại HONOR X9d khi nào ra mắt?
Điện thoại HONOR X9d đã chính thức ra mắt toàn cầu vào ngày 24/9/2025, là lựa chọn smartphone hướng đến độ bền và trải nghiệm dùng ổn định. Tại thị trường Việt Nam, thiết bị được công bố sẽ “chào sân” vào 6/12/2025, thu hút nhiều sự quan tâm nhờ thiết kế bền bỉ và cấu hình phù hợp người dùng phổ thông.
Điện thoại ra mắt Việt Nam vào 6/12/2025
Thời điểm mở bán có thể được công bố chậm hơn ngày ra mắt, đặc biệt khi các nhà bán lẻ thường cần thêm thời gian để chuẩn bị hàng hóa và chương trình bán lẻ. Cùng đón chờ sự xuất hiện của dòng sản phẩm này tại CellphoneS cùng thật nhiều ưu đãi hấp dẫn.
So sánh điện thoại HONOR X9d với HONOR X9c chi tiết
HONOR X9d và HONOR X9c có tên gọi có nhiều điểm tương đồng nhưng cả hai sở hữu nhiều điểm khác biệt từ giá bán đến cấu hình, chi tiết như sau:
Thông số
HONOR X9d 5G 12GB 512GB
HONOR X9c 5G 12GB 256GB
Kích thước màn hình
6.79 inches
6.78 inches
Công nghệ màn hình
AMOLED
AMOLED
Camera sau
Camera chính 108MP (F1.75) + Camera góc rộng 5MP (F2.2)
Camera chính 108MP (F1.75), OIS + Camera góc rộng 5MP (F2.2)
Camera trước
16MP (F2.45)
16MP (F2.45)
Chipset
Snapdragon 6 Gen 4
Qualcomm Snapdragon 6 Gen 1
Công nghệ NFC
Có
Có
Dung lượng RAM
12 GB
12 GB
Bộ nhớ trong
512 GB
256 GB
Pin
8300 mAh
6600mAh, 66W (120V/3.3A)
Thẻ SIM
2 Nano-SIM
2 SIM (Nano-SIM)
Hệ điều hành
MagicOS 9.0 (Dựa trên Android 15）
MagicOS 8.0, dựa trên Android 14
Độ phân giải màn hình
1200 x 2640 pixels
Tính năng màn hình
100% DCI-P3, 1,07 tỷ màu
800 nits (điển hình), 1800 nits (chế độ HBM), 6000 nits (chế độ APL)
Bảo vệ mắt
Màn hình ban đêm sinh học
Giảm độ sáng động
Khử nháy sáng PWM 3840Hz
2700*1224 Pixels
1,07 tỷ màu
1.5 K độ phân giải
4000nit
100% DCI-P3
Loại CPU
8 nhân (1× A720 2.3GHz + 3× A720 2.2GHz + 4× A520 1.8GHz)
4 x A78 *2.2GHz + 4 x A55*1.8GHz
Như vậy điện thoại HONOR X9d tuy có giá bán nhỉnh hơn nhưng đổi lại được viên pin dung lượng ấn tượng cũng như cấu hình nâng cấp. Tuy nhiên, nếu người dùng sở hữu ngân sách hạn chế hơn thì HONOR X9c vẫn là một lựa chọn đáng cân nhắc.
Mua điện thoại HONOR X9d chính hãng tại CellphoneS
Điện thoại HONOR X9d sẽ được chào bán tại CellphoneS với mức giá dễ tiếp cận. Nếu khách hàng muốn mua sản phẩm chính hãng với dịch vụ chuyên nghiệp thì CellphoneS là lựa chọn đáng tin cậy. Nhân viên sẽ hướng dẫn, giải thích mọi thông tin một cách rõ ràng. Cùng với đó, CellphoneS đảm bảo chính sách bảo hành rõ ràng và giao hàng siêu nhanh trên khắp cả nước.","{""Màn hình"": [{""name"": ""Kích thước màn hình"", ""value"": ""6.79 inches""}, {""name"": ""Công nghệ màn hình"", ""value"": ""AMOLED""}, {""name"": ""Độ phân giải màn hình"", ""value"": ""1200 x 2640 pixels""}, {""name"": ""Tính năng màn hình"", ""value"": ""100% DCI-P3, 1,07 tỷ màu\n800 nits (điển hình), 1800 nits (chế độ HBM), 6000 nits (chế độ APL)\nBảo vệ mắt\nMàn hình ban đêm sinh học\nGiảm độ sáng động\nKhử nháy sáng PWM 3840Hz""}, {""name"": ""Tần số quét"", ""value"": ""120Hz""}, {""name"": ""Kiểu màn hình"", ""value"": ""Đục lỗ (Nốt ruồi)""}], ""Camera sau"": [{""name"": ""Camera sau"", ""value"": ""Camera chính 108MP (F1.75) + Camera góc rộng 5MP (F2.2)""}, {""name"": ""Quay video"", ""value"": ""Hỗ trợ 4K (3840×2160)""}, {""name"": ""Tính năng camera"", ""value"": ""Điểm nổi bật, Ảnh động, Nhiếp ảnh AI, Khẩu độ, Chế độ ban đêm, Chân dung (có làm đẹp), Chuyên nghiệp, Toàn cảnh, Bộ lọc, Tua nhanh thời gian, Độ phân giải cao, Chụp nụ cười, Chuyển động chậm, Góc rộng, Đa video, Đóng dấu, Quét tài liệu, Hẹn giờ""}], ""Camera trước"": [{""name"": ""Camera trước"", ""value"": ""16MP (F2.45)""}, {""name"": ""Quay video trước"", ""value"": ""1080P (lên đến 2520×1080)""}], ""Vi xử lý & đồ họa"": [{""name"": ""Chipset"", ""value"": ""Snapdragon 6 Gen 4""}, {""name"": ""GPU"", ""value"": ""Adreno A810""}], ""Giao tiếp & kết nối"": [{""name"": ""Công nghệ NFC"", ""value"": ""Có""}, {""name"": ""Thẻ SIM"", ""value"": ""2 Nano-SIM""}, {""name"": ""Hỗ trợ mạng"", ""value"": ""5G""}, {""name"": ""GPS"", ""value"": ""GPS / AGPS / Glonass / BeiDou / Galileo""}], ""RAM & lưu trữ"": [{""name"": ""Dung lượng RAM"", ""value"": ""12 GB""}, {""name"": ""Bộ nhớ trong"", ""value"": ""256 GB""}], ""Pin & công nghệ sạc"": [{""name"": ""Pin"", ""value"": ""8300 mAh""}, {""name"": ""Công nghệ sạc"", ""value"": ""Sạc nhanh 66W (20V/3.3A)""}, {""name"": ""Cổng sạc"", ""value"": ""USB Type-C""}], ""Tính năng khác"": [{""name"": ""Hệ điều hành"", ""value"": ""MagicOS 9.0 (Dựa trên Android 15）""}], ""Bộ xử lý & Đồ họa"": [{""name"": ""Loại CPU"", ""value"": ""8 nhân (1× A720 2.3GHz + 3× A720 2.2GHz + 4× A520 1.8GHz)""}], ""Kích thước & Trọng lượng"": [{""name"": ""Kích thước"", ""value"": ""161.9 × 76.1 × 7.76 mm""}, {""name"": ""Trọng lượng"", ""value"": ""Khoảng 193g (bao gồm pin)""}], ""Thông số khác"": [{""name"": ""Chỉ số kháng nước, bụi"", ""value"": ""IP66, IP68, IP69, IP69K""}, {""name"": ""Công nghệ - Tiện ích"", ""value"": ""Eye Comfort, Màn hình ban đêm sinh học, Giảm độ sáng động, PWM 3840Hz""}, {""name"": ""Công nghệ âm thanh"", ""value"": ""HONOR Sound 7.3, loa stereo""}], ""Tiện ích khác"": [{""name"": ""Cảm biến vân tay"", ""value"": ""Cảm biến vân tay cạnh bên""}, {""name"": ""Các loại cảm biến"", ""value"": ""Cảm biến gia tốc, Cảm biến tiệm cận, Cảm biến ánh sáng, La bàn, Con quay hồi chuyển, Cảm biến trọng lực""}, {""name"": ""Tính năng đặc biệt"", ""value"": ""Hỗ trợ 5G, Bảo mật vân tay, Nhận diện khuôn mặt, Kháng nước, kháng bụi, Điện thoại AI""}], ""Cổng kết nối"": [{""name"": ""Wi-Fi"", ""value"": ""Wi-Fi 6 (802.11 ax) và 802.11 a/b/g/n/ac, 1024 QAM, 80MHz, 2.4GHz và 5GHz""}, {""name"": ""Bluetooth"", ""value"": ""v5.2 (BLE, SBC, AAC, LDAC, aptX, aptX HD, AptX Adaptive)""}], ""Thông tin chung"": [{""name"": ""Thời điểm ra mắt"", ""value"": ""12/2025""}]}","[""https://cdn2.cellphones.com.vn/x/media/catalog/product/d/i/dien-thoai-honor-x9d-3_1_6.jpg"", ""https://cdn2.cellphones.com.vn/x/media/catalog/product/d/i/dien-thoai-honor-x9d-2_5_6.jpg"", ""https://cdn2.cellphones.com.vn/x/media/catalog/product/d/i/dien-thoai-honor-x9d-7_4_6.jpg""]","{""product_color_1"": {""color"": ""Đen"", ""image_url"": ""https://cellphones.com.vn/dien-thoai-honor-x9d-12gb-256gb.html?product_id=129977"", ""price"": ""11.190.000₫""}}"
HONOR X7d 5G 8GB 256GB,dien-thoai-honor-x7d-5g-8gb-256gb,7.790.000đ,7.290.000đ,,"{""Màn hình"": [{""name"": ""Kích thước màn hình"", ""value"": ""6.77 inches""}, {""name"": ""Công nghệ màn hình"", ""value"": ""TFT LCD""}, {""name"": ""Độ phân giải màn hình"", ""value"": ""1612 × 720 pixel""}, {""name"": ""Tính năng màn hình"", ""value"": ""Độ sáng: 850 nit (HBM), 700 nit (Typical)\nMàu sắc: 16,7 triệu màu, 85% NTSC\nChế độ bảo vệ mắt/Dynamic Dimming""}, {""name"": ""Tần số quét"", ""value"": ""120Hz""}], ""Camera sau"": [{""name"": ""Camera sau"", ""value"": ""Camera chính 50MP (f/1.8)\nCamera độ sâu 2MP (f/2.4)""}, {""name"": ""Quay video"", ""value"": ""1080P""}, {""name"": ""Tính năng camera"", ""value"": ""Chân dung (bao gồm chế độ làm đẹp và hiệu ứng bokeh), Tua nhanh thời gian, Đêm, Video, Chuyển động chậm, Độ phân giải cao, Toàn cảnh, PRO, Ảnh, v.v.""}], ""Camera trước"": [{""name"": ""Camera trước"", ""value"": ""5 MP (khẩu độ f/2.2)""}, {""name"": ""Quay video trước"", ""value"": ""1080P 30fps""}], ""Vi xử lý & đồ họa"": [{""name"": ""Chipset"", ""value"": ""Qualcomm Snapdragon 6s Gen 3""}, {""name"": ""GPU"", ""value"": ""Adreno GPU A619""}], ""Giao tiếp & kết nối"": [{""name"": ""Công nghệ NFC"", ""value"": ""Có""}, {""name"": ""Thẻ SIM"", ""value"": ""2 Nano-SIM""}, {""name"": ""Jack tai nghe 3.5"", ""value"": ""Có""}, {""name"": ""Hỗ trợ mạng"", ""value"": ""5G""}, {""name"": ""GPS"", ""value"": ""GPS, GLONASS, GALILEO, BEIDOU, A-GNSS""}], ""RAM & lưu trữ"": [{""name"": ""Dung lượng RAM"", ""value"": ""8 GB""}, {""name"": ""Bộ nhớ trong"", ""value"": ""256 GB""}], ""Pin & công nghệ sạc"": [{""name"": ""Pin"", ""value"": ""6500 mAh""}, {""name"": ""Công nghệ sạc"", ""value"": ""Sạc nhanh HONOR SuperCharge 35W""}, {""name"": ""Cổng sạc"", ""value"": ""USB Type-C""}], ""Tính năng khác"": [{""name"": ""Hệ điều hành"", ""value"": ""MagicOS 9.0 (Dựa trên Android 15)""}], ""Bộ xử lý & Đồ họa"": [{""name"": ""Loại CPU"", ""value"": ""8 nhân: 2xA78@2.3GHz, 6xA55@2.0GHz""}], ""Kích thước & Trọng lượng"": [{""name"": ""Kích thước"", ""value"": ""166,89 x 76,8 x 8,24 mm""}, {""name"": ""Trọng lượng"", ""value"": ""206 g""}], ""Thông số khác"": [{""name"": ""Chỉ số kháng nước, bụi"", ""value"": ""IP65""}, {""name"": ""Công nghệ âm thanh"", ""value"": ""Âm thanh HONOR 7.3""}], ""Tiện ích khác"": [{""name"": ""Cảm biến vân tay"", ""value"": ""Cảm biến vân tay cạnh bên""}, {""name"": ""Các loại cảm biến"", ""value"": ""Cảm biến gia tốc, Cảm biến ánh sáng, La bàn, Cảm biến trọng lực""}, {""name"": ""Tính năng đặc biệt"", ""value"": ""Hỗ trợ 5G, Bảo mật vân tay, Nhận diện khuôn mặt, Kháng nước, kháng bụi, Điện thoại AI""}], ""Cổng kết nối"": [{""name"": ""Wi-Fi"", ""value"": ""802.11 a/b/g/n/ac, hỗ trợ WLAN 2.4GHz và 5GHz, hỗ trợ điểm phát sóng WLAN và WLAN Direct""}, {""name"": ""Bluetooth"", ""value"": ""Hỗ trợ BLE, SBC, AAC, LDAC, aptX, aptX HD""}], ""Thông tin chung"": [{""name"": ""Thời điểm ra mắt"", ""value"": ""10/2025""}]}","[""https://cdn2.cellphones.com.vn/x/media/catalog/product/d/i/dien-thoai-honor-x7d-5g-8gb-256gb.jpg"", ""https://cdn2.cellphones.com.vn/x/media/catalog/product/d/i/dien-thoai-honor-x7d-5g-8gb-256gb-2.jpg"", ""https://cdn2.cellphones.com.vn/x/media/catalog/product/d/i/dien-thoai-honor-x7d-5g-8gb-256gb-1.jpg""]","{""product_color_1"": {""color"": ""Đen"", ""image_url"": ""https://cellphones.com.vn/dien-thoai-honor-x7d-5g-8gb-256gb.html?product_id=129981"", ""price"": ""7.290.000₫""}}"
HONOR X6c 6GB 128GB,dien-thoai-honor-x6c,4.290.000đ,4.190.000đ,"Đặc điểm nổi bật của HONOR X6c 6GB 128GB
Điện thoại Honor X6C sở hữu màn hình 6.61 inch với độ phân giải 1604×720 pixels, mang đến trải nghiệm giải trí rộng rãi, hình ảnh sắc nét cho người dùng. Máy tích hợp chip MediaTek Helio G81 Ultra tám nhân giúp xử lý đa nhiệm mượt mà. Viên pin dung lượng lớn 5300mAh đi kèm sạc nhanh 35W, giúp kéo dài thời gian sử dụng đáng kể.
Nội dung chính
1. Vì sao nên mua điện thoại Honor X6C?
2. So sánh Honor X6C với Honor X5C chi tiết?
3. Điện thoại Honor X6C – Hiệu năng ổn định, quay chụp rõ nét
3.1. Công nghệ AI thông minh trên MagicOS 9.0
3.2. Cấu hình ổn định với chip Helio G81 Ultra
3.3. Camera 50MP đa chế độ, hỗ trợ quay video Full HD
3.4. Pin lớn 5300mAh kèm sạc nhanh 35W
3.5. Màn hình 6.61 inch hiển thị 16.7 triệu màu
4. Điện thoại Honor X6C khi nào ra mắt?
5. Điện thoại Honor X6C giá bán bao nhiêu?
6. Mua điện thoại Honor X6C chính hãng tại CellphoneS
Vì sao nên mua điện thoại Honor X6C?
Điện thoại Honor X6C sở hữu nhiều đặc điểm giúp đây là một sản phẩm chất lượng trong tầm giá như:
Nút tùy chỉnh, truy cập AI và trợ lý ảo: Giúp truy cập nhanh chóng, sử dụng tiện lợi các tính năng
Camera 50MP hỗ trợ AI: Tối ưu quay chụp cho hình ảnh sắc nét
Pin 5300 mAh cùng sạc nhanh 35W: Cho thời lượng sử dụng bền bỉ, thời gian chờ sạc ngắn
Bộ lọc ánh sáng xanh cùng chế độ đọc sách: Thoải mái cho đôi mắt người dùng
So sánh Honor X6C với Honor X5C chi tiết?
HONOR X6c so với thế hệ Honor X5C được HONOR nâng cấp nhiều chi tiết từ thiết kế đến camera, chi tiết như sau:
Tiêu chí
HONOR X6c
HONOR X5c
Màu sắc
Ocean Cyan, Midnight Black, Moonlight White
Ocean Cyan, Tidal Blue, Meteor Silver, Midnight Black
Kích thước
Chiều cao: 163.95 mm, Rộng: 75.6 mm, Dày: 8.39 mm
Chiều cao: 167.00 mm, Rộng: 77.00 mm, Dày: 7.89 mm
Trọng lượng
Khoảng 199g
Khoảng 186g
Màn hình
Kích thước: 6.61 inch, Loại: TFT LCD, Độ phân giải: 1604x720
Kích thước: 6.74 inch, Loại: TFT LCD, Độ phân giải: 720x1600
Vi xử lý
MediaTek Helio G81 Ultra (Octa-core, 2x2.0GHz + 6x1.7GHz)
MediaTek Helio G81 (Octa-core, 2x2.0GHz + 6x1.7GHz)
GPU
ARM Mali-G52 MC2
ARM Mali-G52 MC2
Bộ nhớ
6GB + 128GB / 6GB + 256GB / 8GB + 256GB
4GB + 64GB / 4GB + 128GB
Camera sau
50MP (Chính) + Ống kính phụ
13MP (Chính) + 0.08MP QVGA
Camera trước
5MP (F2.2)
5MP (F2.2)
Dung lượng pin
5300mAh
5260mAh
Tốc độ sạc
Sạc nhanh 35W (11V/3.2A)
Sạc nhanh 15W
Loại sạc
Sạc có dây, Sạc SuperCharge 35W
Sạc có dây, Sạc 15W
Điện thoại Honor X6C – Hiệu năng ổn định, quay chụp rõ nét
Honor X6C được định hình là một lựa chọn cân bằng giữa thiết kế, hiệu năng và khả năng quay chụp. Mẫu điện thoại Honor này mang đến trải nghiệm mượt mà và khả năng ghi lại khoảnh khắc hằng ngày với chất lượng sắc nét.
Công nghệ AI thông minh trên MagicOS 9.0
MagicOS 9.0 được phát triển trên nền tảng Android 15, mang đến cho điện thoại Honor X6C khả năng hoạt động ổn định và nhiều tính năng thông minh. Giao diện trực quan giúp người dùng dễ dàng thao tác, đồng thời các tiện ích như nhân bản ứng dụng, dịch thuật AI hay Magic Capsule tăng tính tiện lợi trong công việc lẫn giải trí. 
Các công nghệ AI cũng giúp tối ưu hiệu suất, từ quản lý tài nguyên hệ thống cho đến tăng tốc độ phản hồi trong quá trình sử dụng. Nhờ vậy, trải nghiệm trên Honor X6C trở nên liền mạch, hỗ trợ tốt cho nhu cầu học tập, làm việc cũng như giải trí đa dạng của người dùng.
Honor X7c với màn hình kích thước 6.77 inch lớn hơn so với Honor X6C, chip Qualcomm Snapdragon 685 siêu mạnh mẽ và viên pin 6000mAh thời lượng dùng lâu, có thể đáp ứng được nhu cầu sử dụng hàng ngày.
Cấu hình ổn định với chip Helio G81 Ultra
Điện thoại Honor X6C được trang bị chip xử lý MediaTek Helio G81 Ultra tám nhân kết hợp GPU ARM Mali G52 MC2, mang lại hiệu năng ổn định trong nhiều tác vụ khác nhau. Bộ nhớ RAM 6GB cho phép xử lý đa nhiệm mượt mà, hạn chế tình trạng lag, giật khi chạy đồng thời nhiều ứng dụng. 
Người dùng cũng có tùy chọn dung lượng bộ nhớ trong 128GB, kèm khe cắm thẻ nhớ microSD để mở rộng lưu trữ. Với cấu hình này, máy dễ dàng đáp ứng nhu cầu học tập, làm việc văn phòng, duyệt web, xem phim hay chơi các tựa game phổ biến mà không gặp nhiều trở ngại.
Magic V5 nâng cấp với chip xử lý Snapdragon 8 Elite mạnh mẽ hơn, mang đến trải nghiệm sử dụng mượt mà hơn. Ngoài ra, Honor Magic V5 cũng được trang bị camera sắc nét cùng viên pin có thời lượng dùng lâu dài.
Camera 50MP đa chế độ, hỗ trợ quay video Full HD
Hệ thống camera sau 50MP khẩu độ F1.8 trên điện thoại Honor X6C kết hợp cảm biến chiều sâu giúp mang lại hình ảnh chi tiết và sắc nét. Máy hỗ trợ nhiều chế độ chụp khác nhau như chân dung, toàn cảnh, chuyên nghiệp, quay chậm hay tua nhanh, đáp ứng đa dạng nhu cầu sáng tạo. 
Bên cạnh đó, camera trước 5MP vẫn đảm bảo chất lượng selfie và gọi video ổn định, phù hợp cho việc kết nối trực tuyến. Ngoài ra, khả năng quay video chuẩn 1080P giúp người dùng lưu lại những đoạn clip rõ nét, phục vụ tốt cho cả mục đích cá nhân lẫn công việc hàng ngày.
Pin lớn 5300mAh kèm sạc nhanh 35W
Điện thoại Honor X6C được trang bị viên pin dung lượng 5300mAh, mang đến khả năng hoạt động bền bỉ suốt ngày dài mà không lo gián đoạn. Công nghệ sạc nhanh 35W HONOR SuperCharge hỗ trợ nạp lại đầy pin cho máy chỉ trong thời gian ngắn, giúp người sử dụng tiết kiệm đáng kể thời gian chờ. 
Sự kết hợp giữa dung lượng pin lớn và tốc độ sạc nhanh mang lại trải nghiệm liền mạch, phù hợp cho những ai thường xuyên di chuyển, học tập hoặc làm việc liên tục. Nhờ vậy, người dùng có thể thoải mái xem phim, lướt web, chơi game hay gọi video dài giờ mà không lo tình trạng cạn pin gây gián đoạn trải nghiệm.
Màn hình 6.61 inch hiển thị 16.7 triệu màu
Điện thoại Honor X6C sở hữu màn hình TFT LCD 6.61 inch với độ phân giải 1604×720 pixels, tái hiện hình ảnh rõ ràng và mượt mà. Khả năng hiển thị 16.7 triệu màu giúp tái tạo màu sắc sống động, mang lại trải nghiệm xem phim và chơi game chân thực hơn. 
Viền màn hình được bo cong tinh tế, tối ưu không gian hiển thị để người dùng tận hưởng nội dung tốt hơn. Độ nhạy cảm ứng đa điểm 10 chạm cũng giúp các thao tác vuốt, chạm trở nên chính xác, phục vụ tốt cho cả giải trí và công việc hằng ngày.
Điện thoại Honor X6C khi nào ra mắt?
Điện thoại Honor X6C đã chính thức được giới thiệu vào tháng 7 năm 2025, đánh dấu sự bổ sung mới cho phân khúc smartphone tầm trung. Việc ra mắt đúng thời điểm giúp sản phẩm nhanh chóng tiếp cận nhiều người tiêu dùng đang tìm kiếm một thiết bị cân bằng giữa giá trị và hiệu năng. 
Từ thời điểm công bố, Honor X6C đã thu hút sự quan tâm lớn nhờ sở hữu thiết kế đẹp mắt và cấu hình ổn định. Đây cũng là lựa chọn mới mẻ cho người dùng trẻ mong muốn trải nghiệm công nghệ với chi phí hợp lý.
Điện thoại Honor X6C giá bán bao nhiêu?
Hiện tại, điện thoại Honor X6C đang được bán tại CellphoneS với mức giá khoảng 3.89 triệu VNĐ cho phiên bản tiêu chuẩn. Mức giá này được đánh giá là phù hợp so với những gì máy mang lại, từ hiệu năng ổn định cho đến dung lượng pin lớn. 
Tên sản phẩm
Giá bán
Giá thu cũ lên đời
HONOR X6c 6GB 128GB
4.190.000đ
3.190.000đ
Bên cạnh đó, người tiêu dùng còn có thể lựa chọn nhiều phiên bản bộ nhớ khác nhau, phù hợp với nhu cầu sử dụng. Đây thực sự là một trong những mẫu máy đáng cân nhắc cho phân khúc giá rẻ và tầm trung hiện nay.
Mua điện thoại Honor X6C chính hãng tại CellphoneS
Điện thoại Honor X6C đang được phân phối với giá hấp dẫn tại hơn 100 cửa hàng trên toàn quốc của CellphoneS. Người dùng có thể yên tâm khi mua sắm vì toàn bộ sản phẩm đều chính hãng, minh bạch xuất xứ và đầy đủ bảo hành tại trung tâm ủy quyền. CellphoneS không chỉ cung cấp giá bán cạnh tranh mà còn thường xuyên có nhiều chương trình khuyến mãi hot. Ghé ngay CellphoneS để trải nghiệm mua sắm công nghệ tiện lợi, chuyên nghiệp!","{""Màn hình"": [{""name"": ""Kích thước màn hình"", ""value"": ""6.6 inches""}, {""name"": ""Công nghệ màn hình"", ""value"": ""TFT LCD""}, {""name"": ""Độ phân giải màn hình"", ""value"": ""720 x 1604 (HD+)""}, {""name"": ""Tính năng màn hình"", ""value"": ""16,7 triệu màu\nTFT LCD\nCử chỉ đa chạm, hỗ trợ tối đa 10 điểm chạm.""}, {""name"": ""Tần số quét"", ""value"": ""120Hz""}, {""name"": ""Kiểu màn hình"", ""value"": ""Giọt nước""}], ""Camera sau"": [{""name"": ""Camera sau"", ""value"": ""Camera chính 50MP (F1.8) + Cảm biến chiều sâu""}, {""name"": ""Quay video"", ""value"": ""1080P""}, {""name"": ""Tính năng camera"", ""value"": ""Chân dung (bao gồm chế độ làm đẹp và xóa phông)\nTua nhanh thời gian\nChụp đêm\nQuay video, quay chậm\nĐộ phân giải cao\nNhãn dán\nToàn cảnh\nChuyên nghiệp\nZoom quang học lên đến 10X""}], ""Camera trước"": [{""name"": ""Camera trước"", ""value"": ""5MP (F2.2)""}], ""Vi xử lý & đồ họa"": [{""name"": ""Chipset"", ""value"": ""MediaTek Helio G81 Ultra""}, {""name"": ""GPU"", ""value"": ""ARM Mail G52 MC2""}], ""Giao tiếp & kết nối"": [{""name"": ""Công nghệ NFC"", ""value"": ""Có""}, {""name"": ""Thẻ SIM"", ""value"": ""2 SIM (Nano-SIM)""}, {""name"": ""Jack tai nghe 3.5"", ""value"": ""Có""}, {""name"": ""Hỗ trợ mạng"", ""value"": ""4G""}, {""name"": ""GPS"", ""value"": ""GPS/AGPS/GLONASS/BeiDou/Galileo""}], ""RAM & lưu trữ"": [{""name"": ""Dung lượng RAM"", ""value"": ""6 GB""}, {""name"": ""Bộ nhớ trong"", ""value"": ""128 GB""}, {""name"": ""Khe cắm thẻ nhớ"", ""value"": ""MicroSD 1TB""}], ""Pin & công nghệ sạc"": [{""name"": ""Pin"", ""value"": ""5300mAh, 35W (11V/3.2A)""}, {""name"": ""Cổng sạc"", ""value"": ""USB Type-C""}], ""Tính năng khác"": [{""name"": ""Hệ điều hành"", ""value"": ""MagicOS 9.0 (Trên nền tảng Android 15）""}], ""Bộ xử lý & Đồ họa"": [{""name"": ""Loại CPU"", ""value"": ""2xA75 *2.0Ghz + 6xA55 *1.7Ghz""}], ""Kích thước & Trọng lượng"": [{""name"": ""Kích thước"", ""value"": ""163.95 x 75.6 x 8.39 mm""}, {""name"": ""Trọng lượng"", ""value"": ""Khoảng 199 g (bao gồm pin)""}], ""Thiết kế & Trọng lượng"": [{""name"": ""Chất liệu mặt lưng"", ""value"": ""Nhựa""}, {""name"": ""Chất liệu khung viền"", ""value"": ""Nhựa""}], ""Thông số khác"": [{""name"": ""Chỉ số kháng nước, bụi"", ""value"": ""IP64""}], ""Tiện ích khác"": [{""name"": ""Cảm biến vân tay"", ""value"": ""Cảm biến vân tay cạnh bên""}, {""name"": ""Các loại cảm biến"", ""value"": ""Cảm biến tiệm cận, Cảm biến ánh sáng, Cảm biến trọng lực""}, {""name"": ""Tính năng đặc biệt"", ""value"": ""Nhận diện khuôn mặt""}], ""Cổng kết nối"": [{""name"": ""Wi-Fi"", ""value"": ""802.11 a/b/g/n/ac 2.4 GHz và 5 GHz\nWLAN Hotspot\nWi-Fi Direct""}, {""name"": ""Bluetooth"", ""value"": ""BT5.1""}]}","[""https://cdn2.cellphones.com.vn/x/media/catalog/product/s/l/slider-honor-x6c-6gb-128gb_1.jpg"", ""https://cdn2.cellphones.com.vn/x/media/catalog/product/s/l/slider-honor-x6c-6gb-128gb-1_1.jpg"", ""https://cdn2.cellphones.com.vn/x/media/catalog/product/s/l/slider-honor-x6c-6gb-128gb-2_1.jpg""]","{""product_color_1"": {""color"": ""Xanh"", ""image_url"": ""https://cellphones.com.vn/dien-thoai-honor-x6c.html?product_id=111745"", ""price"": ""4.190.000₫""}, ""product_color_2"": {""color"": ""Đen"", ""image_url"": ""https://cellphones.com.vn/dien-thoai-honor-x6c.html?product_id=111746"", ""price"": ""4.190.000₫""}}"
HONOR 400 5G 12GB 512GB,dien-thoai-honor-400-5g-12gb-512gb,14.230.000đ,13.230.000đ,,"{""Màn hình"": [{""name"": ""Kích thước màn hình"", ""value"": ""6.55 inches""}, {""name"": ""Công nghệ màn hình"", ""value"": ""AMOLED""}, {""name"": ""Độ phân giải màn hình"", ""value"": ""2736 × 1264 pixels""}, {""name"": ""Tính năng màn hình"", ""value"": ""1,07 tỷ màu""}, {""name"": ""Tần số quét"", ""value"": ""120Hz""}, {""name"": ""Kiểu màn hình"", ""value"": ""Đục lỗ (Nốt ruồi)""}], ""Camera sau"": [{""name"": ""Camera sau"", ""value"": ""Camera chính AI 200MP (f/1.9, OIS) + 12MP Camera Góc Siêu Rộng (f/2.2)""}, {""name"": ""Quay video"", ""value"": ""Lên đến 3840 × 2160 (4K)""}, {""name"": ""Tính năng camera"", ""value"": ""Siêu zoom AI, Nghệ thuật, Mô phỏng phim, Ảnh chuyển động, Tua nhanh thời gian, Nhiếp ảnh AI, Góc siêu rộng, Khẩu độ, Chụp đêm, Chân dung, Chuyên nghiệp, HDR, Toàn cảnh, Siêu cận cảnh, Quét tài liệu""}], ""Camera trước"": [{""name"": ""Camera trước"", ""value"": ""50MP (f/2.0)""}, {""name"": ""Quay video trước"", ""value"": ""Lên đến 3840 × 2160 (4K)""}], ""Vi xử lý & đồ họa"": [{""name"": ""Chipset"", ""value"": ""Snapdragon 7 Gen 3""}, {""name"": ""GPU"", ""value"": ""Adreno 720""}], ""Giao tiếp & kết nối"": [{""name"": ""Công nghệ NFC"", ""value"": ""Có""}, {""name"": ""Thẻ SIM"", ""value"": ""2 Nano SIM hoặc 1 Nano + 1 eSIM""}, {""name"": ""Hồng ngoại"", ""value"": ""Có""}, {""name"": ""Hỗ trợ mạng"", ""value"": ""5G""}, {""name"": ""GPS"", ""value"": ""GPS, AGPS, GLONASS, BeiDou, Galileo""}], ""RAM & lưu trữ"": [{""name"": ""Dung lượng RAM"", ""value"": ""12 GB""}, {""name"": ""Bộ nhớ trong"", ""value"": ""512 GB""}], ""Pin & công nghệ sạc"": [{""name"": ""Pin"", ""value"": ""6000 mAh (Li-Po, công nghệ Pin Silicon-Carbon)""}, {""name"": ""Công nghệ sạc"", ""value"": ""HONOR SuperCharge 80W""}, {""name"": ""Cổng sạc"", ""value"": ""USB Type-C""}], ""Tính năng khác"": [{""name"": ""Hệ điều hành"", ""value"": ""MagicOS 9.0 (Dựa trên Android 15)""}], ""Bộ xử lý & Đồ họa"": [{""name"": ""Loại CPU"", ""value"": ""8 lõi""}], ""Kích thước & Trọng lượng"": [{""name"": ""Kích thước"", ""value"": ""156.5 × 74.6 × 7.3 mm""}, {""name"": ""Trọng lượng"", ""value"": ""Khoảng 184 g (bao gồm pin)""}], ""Thông số khác"": [{""name"": ""Chỉ số kháng nước, bụi"", ""value"": ""IP66""}, {""name"": ""Tiện ích khác"", ""value"": ""Mở khóa khuôn mặt 2D""}], ""Tiện ích khác"": [{""name"": ""Cảm biến vân tay"", ""value"": ""Cảm biến vân tay dưới màn hình""}, {""name"": ""Các loại cảm biến"", ""value"": ""Cảm biến tiệm cận, Cảm biến ánh sáng, La bàn, Cảm biến trọng lực""}, {""name"": ""Tính năng đặc biệt"", ""value"": ""Hỗ trợ 5G, Bảo mật vân tay, Nhận diện khuôn mặt, Kháng nước, kháng bụi, Điện thoại AI""}], ""Cổng kết nối"": [{""name"": ""Wi-Fi"", ""value"": ""802.11 a/b/g/n/ac/ax, 2x2 MIMO, Wi-Fi Hotspot, Wi-Fi Direct""}, {""name"": ""Bluetooth"", ""value"": ""v5.4""}]}","[""https://cdn2.cellphones.com.vn/x/media/catalog/product/s/l/slider-honor-400-5g-12gb-512gb_1.jpg"", ""https://cdn2.cellphones.com.vn/x/media/catalog/product/s/l/slider-honor-400-5g-12gb-512gb-2_2.jpg"", ""https://cdn2.cellphones.com.vn/x/media/catalog/product/s/l/slider-honor-400-5g-12gb-512gb-2_1.jpg""]","{""product_color_1"": {""color"": ""Đen"", ""image_url"": ""https://cellphones.com.vn/dien-thoai-honor-400-5g-12gb-512gb.html?product_id=111765"", ""price"": ""13.230.000₫""}, ""product_color_2"": {""color"": ""Vàng"", ""image_url"": ""https://cellphones.com.vn/dien-thoai-honor-400-5g-12gb-512gb.html?product_id=111766"", ""price"": ""13.230.000₫""}}"
HONOR X7d 8GB 128GB,dien-thoai-honor-x7d-8gb-128gb,6.490.000đ,5.990.000đ,,"{""Màn hình"": [{""name"": ""Kích thước màn hình"", ""value"": ""6.77 inches""}, {""name"": ""Công nghệ màn hình"", ""value"": ""TFT LCD""}, {""name"": ""Tính năng màn hình"", ""value"": ""Độ phân giải HD+ (720 × 1.610 px), 120 Hz, 850 nits""}, {""name"": ""Tần số quét"", ""value"": ""120Hz""}], ""Camera sau"": [{""name"": ""Camera sau"", ""value"": ""108 MP, f/1.8 + 2MP""}, {""name"": ""Quay video"", ""value"": ""FullHD 1080p@30fps""}, {""name"": ""Tính năng camera"", ""value"": ""Zoom kỹ thuật số\nXóa phông\nLàm đẹp\nHDR\nChuyên nghiệp (Pro)\nBộ lọc màu\nBan đêm (Night Mode)""}], ""Camera trước"": [{""name"": ""Camera trước"", ""value"": ""8MP, f/2.0""}, {""name"": ""Quay video trước"", ""value"": ""Quay video Full HD""}], ""Vi xử lý & đồ họa"": [{""name"": ""Chipset"", ""value"": ""Qualcomm Snapdragon 685""}, {""name"": ""GPU"", ""value"": ""Adreno 610""}], ""RAM & lưu trữ"": [{""name"": ""Dung lượng RAM"", ""value"": ""8 GB""}, {""name"": ""Bộ nhớ trong"", ""value"": ""128 GB""}], ""Pin & công nghệ sạc"": [{""name"": ""Pin"", ""value"": ""6500 mAh""}, {""name"": ""Công nghệ sạc"", ""value"": ""Sạc siêu nhanh SuperCharge 35W""}, {""name"": ""Cổng sạc"", ""value"": ""USB Type-C""}], ""Giao tiếp & kết nối"": [{""name"": ""Thẻ SIM"", ""value"": ""2 Nano-SIM""}, {""name"": ""Jack tai nghe 3.5"", ""value"": ""Có""}, {""name"": ""Hỗ trợ mạng"", ""value"": ""4G""}, {""name"": ""GPS"", ""value"": ""GPS, GLONASS, GALILEO, BEIDOU, AGPS""}], ""Tính năng khác"": [{""name"": ""Hệ điều hành"", ""value"": ""Android 15, MagicOS 9.0""}], ""Bộ xử lý & Đồ họa"": [{""name"": ""Loại CPU"", ""value"": ""8 nhân: 4 × Cortex-A73 (2,8 GHz) + 4 × Cortex-A53 (1,9 GHz)""}], ""Kích thước & Trọng lượng"": [{""name"": ""Kích thước"", ""value"": ""166.89 x 76.8 x 8.24 mm""}, {""name"": ""Trọng lượng"", ""value"": ""208 g""}], ""Thiết kế & Trọng lượng"": [{""name"": ""Chất liệu mặt lưng"", ""value"": ""Nhựa""}, {""name"": ""Chất liệu khung viền"", ""value"": ""Nhựa""}], ""Thông số khác"": [{""name"": ""Chỉ số kháng nước, bụi"", ""value"": ""IP64 & IP65""}, {""name"": ""Công nghệ âm thanh"", ""value"": ""Loa kép""}], ""Tiện ích khác"": [{""name"": ""Cảm biến vân tay"", ""value"": ""Cảm biến vân tay cạnh bên""}, {""name"": ""Tính năng đặc biệt"", ""value"": ""Bảo mật vân tay, Nhận diện khuôn mặt, Kháng nước, kháng bụi, Điện thoại AI""}], ""Cổng kết nối"": [{""name"": ""Wi-Fi"", ""value"": ""Wi-Fi 802.11 a/b/g/n/ac, dual-band, Wi-Fi Direct""}, {""name"": ""Bluetooth"", ""value"": ""v5.0""}], ""Thông tin chung"": [{""name"": ""Thời điểm ra mắt"", ""value"": ""10/2025""}]}","[""https://cdn2.cellphones.com.vn/x/media/catalog/product/s/l/slider-honor-x7d-8gb-128gb.jpg"", ""https://cdn2.cellphones.com.vn/x/media/catalog/product/s/l/slider-honor-x7d-8gb-128gb-1.jpg"", ""https://cdn2.cellphones.com.vn/x/media/catalog/product/s/l/slider-honor-x7d-8gb-128gb-2.jpg""]","{""product_color_1"": {""color"": ""Đen"", ""image_url"": ""https://cellphones.com.vn/dien-thoai-honor-x7d-8gb-128gb.html?product_id=126921"", ""price"": ""5.990.000₫""}, ""product_color_2"": {""color"": ""Vàng"", ""image_url"": ""https://cellphones.com.vn/dien-thoai-honor-x7d-8gb-128gb.html?product_id=126922"", ""price"": ""5.990.000₫""}, ""product_color_3"": {""color"": ""Xanh"", ""image_url"": ""https://cellphones.com.vn/dien-thoai-honor-x7d-8gb-128gb.html?product_id=126923"", ""price"": ""5.990.000₫""}}"
HONOR Play 10 4GB 128GB,dien-thoai-honor-play-10-4gb-128gb,2.690.000đ,2.590.000đ,"Đặc điểm nổi bật của HONOR Play 10 4GB 128GB
Điện thoại HONOR Play 10 4GB 128GB sở hữu chipset MediaTek Helio G81 tiên tiến cùng dung lượng RAM 4GB, mang đến hiệu suất làm việc cao cho người dùng. Thiết bị gây ấn tượng với tấm nền tiên tiến và camera chính 13MP hỗ trợ zoom 4x. Máy chạy Android 15 bản Go và đạt chuẩn IP52 về khả năng kháng nước, bụi.
Nội dung chính
1. Điện thoại HONOR Play 10 4GB 128GB - Cấu hình ổn định, thiết kế tinh tế
1.1. Chipset MediaTek Helio G81 thế hệ mới
1.2. Camera 13MP chụp hình và quay video ấn tượng
1.3. Pin Li-ion Polymer hiện đại với dung lượng bền bỉ
1.4. Màn hình bo góc có độ phân giải cao
2. Điện thoại HONOR Play 10 4GB 128GB khi nào ra mắt?
3. Điện thoại HONOR Play 10 4GB 128GB giá bán bao nhiêu tiền?
4. Mua điện thoại HONOR Play 10 4GB 128GB chính hãng tại CellphoneS
Điện thoại HONOR Play 10 4GB 128GB - Cấu hình ổn định, thiết kế tinh tế
Chiếc điện thoại này không chỉ gây ấn tượng với người dùng qua cấu hình tiên tiến, camera sắc nét mà còn bởi vẻ ngoài thanh lịch, màu sắc thời thượng. Sản phẩm hứa hẹn sẽ mang đến cho người sử dụng những trải nghiệm đáng nhớ.
Chipset MediaTek Helio G81 thế hệ mới
Điện thoại HONOR Play 10 4GB 128GB được hãng trang bị bộ vi xử lý MediaTek Helio G81 mới, có 8 nhân với 2 nhân A75@2.0GHz và 6 nhân A55@1.7GHz. Nhờ vậy, model điện thoại Honor này có thể xử lý các tác vụ cơ bản như xem phim, nghe nhạc hoặc liên lạc một cách nhẹ nhàng.
Máy được trang bị bộ RAM và bộ nhớ ổn định
Với RAM 4GB cùng với bộ nhớ 128GB, thiết bị có thể đáp ứng tốt nhu cầu đa nhiệm và lưu trữ các dữ liệu ở mức cơ bản. Ngoài ra, hãng tích hợp thêm công nghệ IP52 có khả năng kháng nước và bụi bẩn, giúp máy hoạt động bền bỉ
Tuy nhiên, thương hiệu khuyến khích người dùng không nên sử dụng điện thoại tiếp xúc trực tiếp dưới nước. Mục đích cơ bản là giúp cho sản phẩm giữ được độ bền, có thể sử dụng lâu dài.
Camera 13MP chụp hình và quay video ấn tượng
Điểm nhấn của điện thoại HONOR Play 10 4GB 128GB là camera sau 13MP với khẩu độ f/2.2, cho ra hình ảnh và video ấn tượng. Đồng thời, máy còn có khả năng zoom kỹ thuật số lên đến 4x nên người dùng sẽ dễ dàng quan sát các chi tiết ở phía xa.
\Camera 13MP cho ra các hình ảnh, video rõ nét
Không chỉ trang bị hệ thống camera ổn định ở phía sau, máy sở hữu thêm camera trước 5MP và cũng có khẩu độ f/2.2. Ngoài ra, camera này còn có khả năng nhận diện khuôn mặt, vô cùng tiện lợi trong việc mở khóa điện thoại.
Pin Li-ion Polymer hiện đại với dung lượng bền bỉ
Với viên pin Li-ion Polymer hiện đại có dung lượng 5000 mAh, điện thoại HONOR Play 10 4GB 128GB có thể dùng cả ngày mà không cần cắm sạc liên tục. Nhờ vậy, người sử dụng sẽ có thể dùng cả ngày mà không lo hết pin giữa chừng, nhưng năng lượng pin có thể suy giảm tùy theo nhu cầu cá nhân.
Dung lượng pin 5000 mAh, sử dụng bền bỉ và an toàn
Bên cạnh đó, hãng trang bị thêm cho chiếc smartphone này bộ sạc 10W 5V/2A tiêu chuẩn. Vậy nên, thiết bị sẽ được nạp lại năng lượng một cách an toàn, đảm bảo duy trì được lượng pin cần dùng cho cả ngày dài.
Màn hình bo góc có độ phân giải cao
Điện thoại HONOR Play 10 4GB 128GB có màn hình hiện đại, mang đến hình ảnh và video có màu sắc chân thực. Đồng thời, máy còn thu hút người dùng qua màn hình 6,74 inch rộng rãi với độ phân giải 1600 x 720 mang lại trải nghiệm mượt mà khi làm việc và giải trí.
Màn hình ứng dụng công nghệ hiển thị tiên tiến
Ngoài ra, chiếc điện thoại này còn có thiết kế bo góc, thể hiện được vẻ đẹp thanh lịch và hiện đại. Bên cạnh vẻ ngoài mỏng nhẹ, máy còn có các gam màu thời thượng, gồm xanh đại dương và đen huyền bí, phù hợp cho đa dạng đối tượng người dùng.
Điện thoại HONOR Play 10 4GB 128GB khi nào ra mắt?
Vào năm 2025, điện thoại HONOR Play 10 4GB 128GB đã chính thức xuất hiện tại thị trường Việt Nam. Với hiệu năng ổn định, tích hợp nhiều công nghệ tiên tiến, chiếc điện thoại này sẽ là sự lựa chọn đáng cân nhắc cho những người có nhu cầu nghe, gọi, giải trí cơ bản. 
HONOR Play 10 4GB 128GB đã có mặt tại Việt Nam
Điện thoại HONOR Play 10 4GB 128GB giá bán bao nhiêu tiền?
Chiếc smartphone HONOR Play 10 4GB 128GB hiện đang có mức giá niêm yết khoảng 2.290.000 VNĐ và được xếp vào phân khúc bình dân. Đây là tầm giá rẻ, phù hợp cho học sinh, sinh viên nhưng vẫn muốn sở hữu chiếc điện thoại thông minh với nhiều tính năng tiện ích.
Tên sản phẩm
Giá bán
Giá thu cũ lên đời
HONOR Play 10 4GB 128GB
2.590.000đ
1.590.000đ
Sản phẩm nằm trong phân khúc smartphone bình dân
Mua điện thoại HONOR Play 10 4GB 128GB chính hãng tại CellphoneS
Khách hàng có thể tìm mua điện thoại HONOR Play 10 4GB 128GB ngay tại hệ thống của CellphoneS. Tại đây, các sản phẩm đảm bảo chính hãng với nguồn gốc minh bạch. Ngoài ra, hệ thống luôn có những chính sách mua hàng hấp dẫn như trả góp 0%, bảo hành đầy đủ,... Đến ngay CellphoneS sở hữu chiếc điện thoại thông minh đời mới này với giá ưu đãi.","{""Màn hình"": [{""name"": ""Kích thước màn hình"", ""value"": ""6.74 inches""}, {""name"": ""Công nghệ màn hình"", ""value"": ""TFT LCD""}, {""name"": ""Độ phân giải màn hình"", ""value"": ""720 x 1600 pixel""}, {""name"": ""Tính năng màn hình"", ""value"": ""Tần số quét 90Hz\n16.7 triệu màu, 480 nits\nHỗ trợ 10 điểm chạm cùng lúc""}, {""name"": ""Tần số quét"", ""value"": ""90Hz""}, {""name"": ""Kiểu màn hình"", ""value"": ""Đục lỗ (Nốt ruồi)""}], ""Camera sau"": [{""name"": ""Camera sau"", ""value"": ""13 MP (Đèn Flash)""}, {""name"": ""Quay video"", ""value"": ""FullHD 1080p@30fps""}], ""Camera trước"": [{""name"": ""Camera trước"", ""value"": ""5 MP""}], ""Vi xử lý & đồ họa"": [{""name"": ""Chipset"", ""value"": ""MediaTek Helio G81""}], ""RAM & lưu trữ"": [{""name"": ""Dung lượng RAM"", ""value"": ""4 GB""}, {""name"": ""Bộ nhớ trong"", ""value"": ""128 GB""}, {""name"": ""Khe cắm thẻ nhớ"", ""value"": ""MicroSD, hỗ trợ tối đa 1 TB""}], ""Pin & công nghệ sạc"": [{""name"": ""Pin"", ""value"": ""5000mAh""}, {""name"": ""Công nghệ sạc"", ""value"": ""Li-ion polymer, 10W""}, {""name"": ""Cổng sạc"", ""value"": ""USB Type-C""}], ""Giao tiếp & kết nối"": [{""name"": ""Thẻ SIM"", ""value"": ""2 Nano-SIM""}, {""name"": ""Jack tai nghe 3.5"", ""value"": ""Có""}, {""name"": ""Hỗ trợ mạng"", ""value"": ""4G""}, {""name"": ""GPS"", ""value"": ""GPS, GLONASS, GALILEO, BEIDOU, AGPS""}], ""Tính năng khác"": [{""name"": ""Hệ điều hành"", ""value"": ""Android 15""}], ""Bộ xử lý & Đồ họa"": [{""name"": ""Loại CPU"", ""value"": ""8 nhân""}], ""Kích thước & Trọng lượng"": [{""name"": ""Kích thước"", ""value"": ""167.69 mm x 77.69 mm x 8.55 mm""}, {""name"": ""Trọng lượng"", ""value"": ""189g""}], ""Thông số khác"": [{""name"": ""Chỉ số kháng nước, bụi"", ""value"": ""IP52""}], ""Tiện ích khác"": [{""name"": ""Cảm biến vân tay"", ""value"": ""Cảm biến vân tay dưới màn hình""}, {""name"": ""Tính năng đặc biệt"", ""value"": ""Bảo mật vân tay, Nhận diện khuôn mặt, Kháng nước, kháng bụi, Điện thoại AI""}], ""Cổng kết nối"": [{""name"": ""Wi-Fi"", ""value"": ""Wi-Fi hotspot\nWi-Fi Direct\nWi-Fi 5\nDual-band (2.4 GHz/5 GHz)""}, {""name"": ""Bluetooth"", ""value"": ""5.1""}]}","[""https://cdn2.cellphones.com.vn/x/media/catalog/product/s/l/slider-honor-play-10-4gb-128gb.jpg"", ""https://cdn2.cellphones.com.vn/x/media/catalog/product/s/l/slider-honor-play-10-4gb-128gb-1.jpg"", ""https://cdn2.cellphones.com.vn/x/media/catalog/product/s/l/slider-honor-play-10-4gb-128gb-2.jpg""]","{""product_color_1"": {""color"": ""Xanh Đại Dương"", ""image_url"": ""https://cellphones.com.vn/dien-thoai-honor-play-10-4gb-128gb.html?product_id=118068"", ""price"": ""2.590.000₫""}, ""product_color_2"": {""color"": ""Đen Bóng Đêm"", ""image_url"": ""https://cellphones.com.vn/dien-thoai-honor-play-10-4gb-128gb.html?product_id=118069"", ""price"": ""2.590.000₫""}}"
Honor X5c Plus 4GB 64GB,dien-thoai-honor-x5c-plus,3.190.000đ,2.940.000đ,"Đặc điểm nổi bật của Honor X5c Plus 4GB 64GB
Điện thoại HONOR X5c Plus gây ấn tượng với hệ điều hành MagicOS 9.0 hiện đại cùng pin 5260mAh bền bỉ, mang đến những trải nghiệm giải trí mượt mà. Máy sở hữu màn hình 6.74 inch rộng lớn cho khả năng hiển thị sắc nét với chế độ bảo vệ mắt. Thiết bị có camera 50MP hiện đai, giúp quay chụp hình ảnh sống động.
Nội dung chính
1. Điện thoại HONOR X5c Plus - Mỏng nhẹ tinh tế cùng nội lực bền bỉ
1.1. Hiệu năng bứt phá với MagicOS 9.0 và bộ nhớ 128GB
1.2. Camera 50MP sắc nét, bắt trọn các khoảnh khắc
1.3. Pin 5260mAh bền bỉ, đáp ứng tốt các nhu cầu cả ngày
1.4. Màn hình rộng rãi tích hợp trong diện mạo thanh mảnh
2. Điện thoại HONOR X5c Plus ra mắt khi nào?
3. Điện thoại HONOR X5c Plus giá bán bao nhiêu?
4. So sánh điện thoại HONOR X5c Plus với HONOR X5C
5. Mua điện thoại HONOR X5c Plus chính hãng tại CellphoneS
Điện thoại HONOR X5c Plus - Mỏng nhẹ tinh tế cùng nội lực bền bỉ
Chiếc smartphone HONOR này cuốn hút bởi diện mạo thanh mảnh và tinh tế, mang lại cảm giác cầm nắm nhẹ nhàng và thoải mái. Dù có thiết kế mỏng nhẹ, máy vẫn sở hữu viên pin dung lượng lớn, hỗ trợ duy trì liên tục cho những tác vụ mỗi ngày.
Hiệu năng bứt phá với MagicOS 9.0 và bộ nhớ 128GB
Chiếc điện thoại HONOR X5c Plus sử dụng CPU MediaTek Helio G81 hiện đại và vận hành trên nền tảng MagicOS 9.0 tiên tiến dựa trên hệ điều hành Android 15. Nhờ vậy, model điện thoại Honor này có thể tối ưu hóa khả năng phản hồi, mang lại trải nghiệm điều hướng linh hoạt và mượt mà.
Thiết bị sở hữu dung lượng lưu trữ lớn
Song song đó, máy còn có không gian bộ nhớ lớn với 128GB, cho phép người sử dụng thoải mái cài đặt nhiều ứng dụng cũng như lưu giữ các tệp tin quan trọng. Đặc biệt, khi kết hợp với RAM 4GB, thiết bị có thể xử lý ổn định các tác vụ học tập cũng như giải trí cơ bản hàng ngày.
Camera 50MP sắc nét, bắt trọn các khoảnh khắc
Với độ phân giải 50MP và khẩu độ f/1.8, camera chính giúp điện thoại HONOR X5c Plus tái tạo hình ảnh sắc nét, giàu chi tiết. Đồng thời, khả năng thu sáng được cải thiện, hỗ trợ người dùng ghi lại những bức ảnh sinh động trong nhiều điều kiện khác nhau.
Cụm camera hiện đại mang đến hình ảnh ấn tượng
Ngoài ống kính chính, thiết bị cũng sở hữu camera trước 5MP tích hợp công nghệ nhận diện khuôn mặt và chế độ chụp chân dung tự nhiên. Các thuật toán làm đẹp đi kèm giúp người sử dụng tự tin hơn trong mỗi khung hình selfie hay khi thực hiện các cuộc gọi video.
Pin 5260mAh bền bỉ, đáp ứng tốt các nhu cầu cả ngày
Với dung lượng pin 5260mAh, điện thoại HONOR X5c Plus cung cấp nguồn năng lượng dồi dào cho người dùng. Dung lượng này duy trì thời gian sử dụng liền mạch, đáp ứng tốt nhu cầu kết nối cũng như làm việc liên tục của người sử dụng.
Pin khủng với thời gian dùng cả ngày dài
Không chỉ vậy, thiết bị còn hỗ trợ sạc 15W với bộ sạc tiêu chuẩn đi kèm sẵn trong hộp máy. Đồng thời, hãng khuyến cáo người dùng sử dụng sạc chính hãng để tối ưu hiệu suất, giúp bảo vệ linh kiện và duy trì tuổi thọ pin dài lâu.
Màn hình rộng rãi tích hợp trong diện mạo thanh mảnh
Màn hình TFT LCD 6.74 inch rộng rãi trên điện thoại HONOR X5c Plus mang đến trải nghiệm mượt mà, đáp ứng tốt các nhu cầu giải trí và chơi game nhẹ nhàng. Màn hình này còn tích hợp công nghệ bảo vệ mắt giúp điều tiết ánh sáng dịu nhẹ, hạn chế đau mỏi khi sử dụng máy trong thời gian dài.
Thiết kế mỏng gọn với màn hình rộng rãi
Ngoài ra, sản phẩm có thiết kế mỏng chỉ 7.89mm cùng trọng lượng 186g tạo nên vẻ ngoài thanh thoát và tinh tế. Sự kết hợp giữa màn hình lớn và thiết kế gọn nhẹ giúp việc cầm nắm hay thao tác thuận tiện hơn.
Điện thoại HONOR X5c Plus ra mắt khi nào?
Vào tháng 9/2025, điện thoại HONOR X5c Plus đã chính thức ra mắt tại Ả Rập Xê Út với những cải tiến đáng chú ý về trải nghiệm. Nhờ sự cân bằng giữa hiệu năng và công nghệ, thiết bị phù hợp cho những người dùng ưu tiên tính bền bỉ trong các tác vụ liên lạc và giải trí thường ngày.
Sản phẩm thu hút nhanh nhờ vẻ ngoài tinh tế
Điện thoại HONOR X5c Plus giá bán bao nhiêu?
Giá thành của chiếc smartphone HONOR X5c Plus hiện nay nằm trong phân khúc phổ thông, chỉ hơn 2 triệu đồng. Đây là lựa chọn hợp lý cho học sinh, sinh viên và người dùng đang tìm kiếm một thiết bị ổn định cho nhu cầu học tập, giải trí cơ bản.
Tên sản phẩm
Giá bán
Giá thu cũ lên đời
Honor X5c Plus 4GB 64GB
2.940.000đ
1.940.000đ
Honor X5c Plus 4GB 128GB
3.240.000đ
2.240.000đ
Máy có giá thành hợp lý, phù hợp với nhiều người dùng
So sánh điện thoại HONOR X5c Plus với HONOR X5C
Phiên bản điện thoại HONOR X5c Plus và HONOR X5c có nhiều điểm chung về diện mạo mỏng nhẹ cùng hệ điều hành tiên tiến. Những điểm khác biệt cụ thể giữa hai thiết bị sẽ được làm rõ qua bảng so sánh tổng quan dưới đây.
Hạng mục
Honor X5c
Honor X5c Plus
CPU
MediaTek Helio G81
MediaTek Helio G81
Cụm camera sau
13 MP + 0.08 MP QVGA
50 MP + 0.08 MP QVGA
Màn hình
6.74 inch, TFT LCD
6.74 inch, TFT LCD
Hệ điều hành
MagicOS 9.0
(Android 15)
MagicOS 9.0
(Android 15)
NFC
Không có NFC
(Tùy thị trường)
Có NFC (Tùy thị trường)
Mỗi tùy chọn sản phẩm đều sở hữu những lợi thế riêng
Nhìn chung, cả hai thiết bị đều mang lại trải nghiệm bền bỉ với tính di động linh hoạt nhờ dung lượng pin lớn và thiết kế mỏng nhẹ. Tuy nhiên, bản Plus nổi bật với camera 50MP mang lại độ chi tiết hình ảnh cao hơn so với phiên bản tiêu chuẩn. Người dùng cần suy nghĩ kỹ về nhu cầu sử dụng để mua được chiếc máy ưng ý.
Mua điện thoại HONOR X5c Plus chính hãng tại CellphoneS
CellphoneS là cửa hàng phân phối điện thoại HONOR X5c Plus chính hãng uy tín. Người mua có thể đến trực tiếp các chi nhánh đại lý khắp các tỉnh thành để dùng thử thiết bị. Đơn vị cung cấp chế độ bảo hành rõ ràng cùng nhiều chương trình ưu đãi và quà tặng hấp dẫn. Chính sách hỗ trợ trả góp 0% giúp việc sở hữu thiết bị trở nên thuận tiện và nhanh chóng. Ghé ngay CellphoneS để mua chiếc smartphone giá tốt này!","{""Màn hình"": [{""name"": ""Kích thước màn hình"", ""value"": ""6.74 inches""}, {""name"": ""Công nghệ màn hình"", ""value"": ""TFT LCD""}, {""name"": ""Độ phân giải màn hình"", ""value"": ""720 x 1600 pixel""}, {""name"": ""Tính năng màn hình"", ""value"": ""Tần số quét 90Hz, 16,7 triệu màu""}, {""name"": ""Tần số quét"", ""value"": ""90Hz""}, {""name"": ""Kiểu màn hình"", ""value"": ""Đục lỗ (Nốt ruồi)""}], ""Camera sau"": [{""name"": ""Camera sau"", ""value"": ""Camera chính 50MP (f/1.8) + QVGA 0.08MP""}, {""name"": ""Quay video"", ""value"": ""Hỗ trợ 1920x1080 pixel""}, {""name"": ""Tính năng camera"", ""value"": ""Quay video Full HD, Tự động lấy nét, Đèn Flash trợ sáng, Selfie ngược sáng HDR, Nhận diện khuôn mặt, Chế độ làm đẹp""}], ""Camera trước"": [{""name"": ""Camera trước"", ""value"": ""Camera 5 MP (khẩu độ f/2.2)""}, {""name"": ""Quay video trước"", ""value"": ""Hỗ trợ quay video 1080P (1920x1080)""}], ""Vi xử lý & đồ họa"": [{""name"": ""Chipset"", ""value"": ""MediaTek Helio G81""}, {""name"": ""GPU"", ""value"": ""ARM Mail G52 MC2""}], ""Giao tiếp & kết nối"": [{""name"": ""Công nghệ NFC"", ""value"": ""Có""}, {""name"": ""Thẻ SIM"", ""value"": ""Nano-SIM""}, {""name"": ""Jack tai nghe 3.5"", ""value"": ""Có""}, {""name"": ""Hỗ trợ mạng"", ""value"": ""4G""}, {""name"": ""GPS"", ""value"": ""GPS, AGPS, GLONASS, BeiDou, Galileo""}], ""RAM & lưu trữ"": [{""name"": ""Dung lượng RAM"", ""value"": ""4 GB""}, {""name"": ""Bộ nhớ trong"", ""value"": ""64 GB""}, {""name"": ""Khe cắm thẻ nhớ"", ""value"": ""microSDXC""}], ""Pin & công nghệ sạc"": [{""name"": ""Pin"", ""value"": ""5130mAh (giá trị định mức)\n5260mAh (giá trị điển hình)""}, {""name"": ""Công nghệ sạc"", ""value"": ""Hỗ trợ 15W""}, {""name"": ""Cổng sạc"", ""value"": ""USB Type-C""}], ""Tính năng khác"": [{""name"": ""Hệ điều hành"", ""value"": ""Android 15, MagicOS 9""}], ""Bộ xử lý & Đồ họa"": [{""name"": ""Loại CPU"", ""value"": ""8 nhân, 2*A75 2.0Ghz + 6*A55 1.7Ghz""}], ""Kích thước & Trọng lượng"": [{""name"": ""Kích thước"", ""value"": ""167 x 77 x 7.9 mm""}, {""name"": ""Trọng lượng"", ""value"": ""186 g""}], ""Tiện ích khác"": [{""name"": ""Cảm biến vân tay"", ""value"": ""Cảm biến vân tay cạnh bên""}, {""name"": ""Các loại cảm biến"", ""value"": ""Cảm biến tiệm cận, Con quay hồi chuyển, Cảm biến trọng lực""}, {""name"": ""Tính năng đặc biệt"", ""value"": ""Bảo mật vân tay, Nhận diện khuôn mặt, Điện thoại AI""}], ""Cổng kết nối"": [{""name"": ""Wi-Fi"", ""value"": ""Hỗ trợ 802.11 a/b/g/n/ac 2.4GHz và 5GHz điểm phát sóng WLAN/WLAN Direct""}, {""name"": ""Bluetooth"", ""value"": ""BT5.1, Hỗ trợ BLE, SBC, AAC, LDAC, aptX, aptX HD""}]}","[""https://cdn2.cellphones.com.vn/x/media/catalog/product/h/o/honor_x5c_plus_4gb_64gb.jpg"", ""https://cdn2.cellphones.com.vn/x/media/catalog/product/h/o/honor_x5c_plus_4gb_64gb-1.jpg"", ""https://cdn2.cellphones.com.vn/x/media/catalog/product/h/o/honor_x5c_plus_4gb_64gb-2.jpg""]","{""product_color_1"": {""color"": ""Xanh lá"", ""image_url"": ""https://cellphones.com.vn/dien-thoai-honor-x5c-plus.html?product_id=122354"", ""price"": ""2.940.000₫""}, ""product_color_2"": {""color"": ""Đen"", ""image_url"": ""https://cellphones.com.vn/dien-thoai-honor-x5c-plus.html?product_id=122355"", ""price"": ""2.940.000₫""}}"
Honor X5c Plus 4GB 128GB,dien-thoai-honor-x5c-plus-4gb-128gb,3.490.000đ,3.240.000đ,,"{""Màn hình"": [{""name"": ""Kích thước màn hình"", ""value"": ""6.74 inches""}, {""name"": ""Công nghệ màn hình"", ""value"": ""TFT LCD""}, {""name"": ""Độ phân giải màn hình"", ""value"": ""720 x 1600 pixel""}, {""name"": ""Tính năng màn hình"", ""value"": ""Tần số quét 90Hz, 16,7 triệu màu""}, {""name"": ""Tần số quét"", ""value"": ""90Hz""}, {""name"": ""Kiểu màn hình"", ""value"": ""Đục lỗ (Nốt ruồi)""}], ""Camera sau"": [{""name"": ""Camera sau"", ""value"": ""Camera chính 50MP (f/1.8) + QVGA 0.08MP""}, {""name"": ""Quay video"", ""value"": ""Hỗ trợ 1920x1080 pixel""}, {""name"": ""Tính năng camera"", ""value"": ""Quay video Full HD, Tự động lấy nét, Đèn Flash trợ sáng, Selfie ngược sáng HDR, Nhận diện khuôn mặt, Chế độ làm đẹp""}], ""Camera trước"": [{""name"": ""Camera trước"", ""value"": ""Camera 5 MP (khẩu độ f/2.2)""}, {""name"": ""Quay video trước"", ""value"": ""Hỗ trợ quay video 1080P (1920x1080)""}], ""Vi xử lý & đồ họa"": [{""name"": ""Chipset"", ""value"": ""MediaTek Helio G81""}, {""name"": ""GPU"", ""value"": ""ARM Mail G52 MC2""}], ""Giao tiếp & kết nối"": [{""name"": ""Công nghệ NFC"", ""value"": ""Có""}, {""name"": ""Thẻ SIM"", ""value"": ""Nano-SIM""}, {""name"": ""Jack tai nghe 3.5"", ""value"": ""Có""}, {""name"": ""Hỗ trợ mạng"", ""value"": ""4G""}, {""name"": ""GPS"", ""value"": ""GPS, AGPS, GLONASS, BeiDou, Galileo""}], ""RAM & lưu trữ"": [{""name"": ""Dung lượng RAM"", ""value"": ""4 GB""}, {""name"": ""Bộ nhớ trong"", ""value"": ""128 GB""}, {""name"": ""Khe cắm thẻ nhớ"", ""value"": ""microSDXC""}], ""Pin & công nghệ sạc"": [{""name"": ""Pin"", ""value"": ""5130mAh (giá trị định mức)\n5260mAh (giá trị điển hình)""}, {""name"": ""Công nghệ sạc"", ""value"": ""Hỗ trợ 15W""}, {""name"": ""Cổng sạc"", ""value"": ""USB Type-C""}], ""Tính năng khác"": [{""name"": ""Hệ điều hành"", ""value"": ""Android 15, MagicOS 9""}], ""Bộ xử lý & Đồ họa"": [{""name"": ""Loại CPU"", ""value"": ""8 nhân, 2*A75 2.0Ghz + 6*A55 1.7Ghz""}], ""Kích thước & Trọng lượng"": [{""name"": ""Kích thước"", ""value"": ""167 x 77 x 7.9 mm""}, {""name"": ""Trọng lượng"", ""value"": ""186 g""}], ""Tiện ích khác"": [{""name"": ""Cảm biến vân tay"", ""value"": ""Cảm biến vân tay cạnh bên""}, {""name"": ""Các loại cảm biến"", ""value"": ""Cảm biến gia tốc, Cảm biến tiệm cận, Cảm biến trọng lực""}, {""name"": ""Tính năng đặc biệt"", ""value"": ""Bảo mật vân tay, Nhận diện khuôn mặt, Điện thoại AI""}], ""Cổng kết nối"": [{""name"": ""Wi-Fi"", ""value"": ""Hỗ trợ 802.11 a/b/g/n/ac 2.4GHz và 5GHz điểm phát sóng WLAN/WLAN Direct""}, {""name"": ""Bluetooth"", ""value"": ""BT5.1, Hỗ trợ BLE, SBC, AAC, LDAC, aptX, aptX HD""}]}","[""https://cdn2.cellphones.com.vn/x/media/catalog/product/s/l/slider-honor-x5c-plus-4gb-128gb-2_1.jpg"", ""https://cdn2.cellphones.com.vn/x/media/catalog/product/s/l/slider-honor-x5c-plus-4gb-128gb-1.jpg"", ""https://cdn2.cellphones.com.vn/x/media/catalog/product/s/l/slider-honor-x5c-plus-4gb-128gb-2.jpg""]","{""product_color_1"": {""color"": ""Đen"", ""image_url"": ""https://cellphones.com.vn/dien-thoai-honor-x5c-plus-4gb-128gb.html?product_id=122353"", ""price"": ""3.240.000₫""}, ""product_color_2"": {""color"": ""Xanh lá"", ""image_url"": ""https://cellphones.com.vn/dien-thoai-honor-x5c-plus-4gb-128gb.html?product_id=122356"", ""price"": ""3.240.000₫""}}"
HONOR 400 Lite 5G 12GB 256GB,dien-thoai-honor-400-lite-5g,8.830.000đ,8.330.000đ,"Đặc điểm nổi bật của HONOR 400 Lite 5G 12GB 256GB
Điện thoại HONOR 400 Lite 5G được trang bị màn hình AMOLED 6,7 inch Full HD+ với tần số quét 120Hz, thiết kế mỏng nhẹ chỉ 7,29mm và trọng lượng 171g. Máy dùng chip MediaTek Dimensity 7025-Ultra kết hợp RAM 12GB và bộ nhớ 256GB cho hiệu năng ổn định. Pin 5230mAh sạc nhanh 35W cùng camera 108MP đem lại trải nghiệm tiện lợi, sắc nét.
Nội dung chính
1. Điện thoại HONOR 400 Lite 5G – Màn hình 120Hz, chip Dimensity 7025-Ultra mạnh mẽ
1.1. Công nghệ AI thông minh, tiện ích mọi lúc
1.2. Cấu hình mạnh mẽ và hiệu năng ổn định
1.3. Camera 108MP & AI nhiếp ảnh
1.4. Thời lượng pin bền bỉ và sạc nhanh tiện lợi
1.5. Màn hình AMOLED & khả năng hiển thị
1.6. Thiết kế mỏng nhẹ và thời thượng
2. Điện thoại HONOR 400 Lite 5G khi nào ra mắt?
3. Điện thoại HONOR 400 Lite 5G giá bán bao nhiêu tiền?
4. Mua ngay điện thoại HONOR 400 Lite 5G chất lượng tại CellphoneS
Điện thoại HONOR 400 Lite 5G – Màn hình 120Hz, chip Dimensity 7025-Ultra mạnh mẽ
Điện thoại HONOR 400 Lite 5G thu hút ngay từ cái nhìn đầu tiên nhờ phong cách hiện đại và thiết kế mỏng nhẹ tinh tế. Đây là lựa chọn lý tưởng cho người dùng yêu thích thương hiệu điện thoại Honor chất lượng, tìm kiếm một chiếc smartphone đa năng, phù hợp cả công việc lẫn giải trí.
Công nghệ AI thông minh, tiện ích mọi lúc
HONOR 400 Lite 5G được trang bị nhiều tính năng AI tách riêng, mang đến trải nghiệm vượt trội hơn so với các dòng máy thông thường. Người dùng có thể dễ dàng dịch trực tiếp nhiều ngôn ngữ, sao chép văn bản từ hình ảnh hoặc quét nhanh số sê-ri chỉ bằng một chạm.
Ngoài ra, AI còn hỗ trợ tìm kiếm bằng hình ảnh, nhận diện cây cối, động vật, thậm chí giải thích bài tập với kết quả và video minh họa trực quan. Những tính năng này trở thành trợ lý đắc lực cho học tập và công việc, luôn sẵn sàng hỗ trợ trong nhiều tình huống thực tế.
Honor Magic V5 mới không chỉ kế thừa những ưu điểm của AI phiên bản trước mà còn nâng cấp đáng kể, AI trên Magic V5 không chỉ thông minh hơn mà còn đa năng hơn, đáp ứng nhu cầu sử dụng hàng ngày.
Cấu hình mạnh mẽ và hiệu năng ổn định
Điện thoại HONOR 400 Lite 5G được trang bị chip MediaTek Dimensity 7025-Ultra kết hợp GPU IMG BXM-8-256, mang lại khả năng xử lý nhanh nhạy và ổn định. Dung lượng RAM 12GB đảm bảo chạy đa nhiệm mượt mà, từ công việc hằng ngày đến chơi game giải trí.
Bộ nhớ trong 256GB cho phép lưu trữ thoải mái hình ảnh, video và ứng dụng mà không lo đầy bộ nhớ. Kết hợp cùng kết nối 5G tốc độ cao, máy đáp ứng tốt nhu cầu sử dụng trong mọi tình huống, từ học tập đến công việc.
Phiên bản điện thoại Honor 400 nâng cấp với dung lượng pin lớn hơn, đạt 6000mAh, cho thời gian sử dụng lâu hơn. Ngoài ra, công nghệ sạc pin nhanh HONOR 80W SuperCharge, nhanh hơn so với 35W trên bản Honor 400 Lite giúp thiết bịu luôn trong trạng thái sẵn sàng để sử dụng.
Camera 108MP & AI nhiếp ảnh
Điện thoại HONOR 400 Lite 5G sở hữu camera chính 108MP khẩu độ f/1.75 cùng cảm biến lớn 1/1.67 inch, mang lại hình ảnh chi tiết và sắc nét. Camera góc rộng & chiều sâu 5MP cùng camera trước 16MP hỗ trợ chụp ảnh đa dạng, từ phong cảnh đến selfie. Hệ thống đèn flash selfie tích hợp giúp gương mặt luôn sáng rạng rỡ trong mọi bối cảnh.
Các tính năng AI hỗ trợ mạnh mẽ cho nhiếp ảnh, từ xóa vật thể, mở rộng hình ảnh đến chụp ảnh chuyển động. Người dùng dễ dàng tạo nên bức ảnh chuyên nghiệp chỉ với vài thao tác chạm. Chế độ chân dung đường phố và zoom kỹ thuật số đến 10x giúp lưu giữ trọn vẹn khoảnh khắc ở mọi khoảng cách.
Đặc biệt, phím tắt điều khiển Camera AI mang lại trải nghiệm chụp tiện lợi và thông minh. Người dùng có thể bật camera, chụp ảnh, quay video hoặc zoom chỉ bằng một thao tác. 
Thời lượng pin bền bỉ và sạc nhanh tiện lợi
Điện thoại HONOR 400 Lite 5G được trang bị viên pin dung lượng 5230mAh, mang đến khả năng hoạt động liên tục suốt cả ngày. Từ các tác vụ cơ bản như nghe gọi, nhắn tin đến giải trí như xem phim, chơi game, máy duy trì ổn định mà không cần sạc nhiều lần. Đây là lựa chọn lý tưởng cho những ai thường xuyên di chuyển và cần một thiết bị có pin lâu dài.
Bên cạnh đó, máy hỗ trợ công nghệ sạc nhanh HONOR SuperCharge 35W, giúp nạp lại năng lượng chỉ trong thời gian ngắn. Người dùng có thể nhanh chóng quay lại công việc hay giải trí mà không lo gián đoạn.
Màn hình AMOLED & khả năng hiển thị
Điện thoại HONOR 400 Lite 5G được trang bị màn hình AMOLED 6.7 inch với độ phân giải 2412 x 1080 pixels, mang lại hình ảnh sắc nét và màu sắc sống động. Độ sáng tối đa 3500 nit cùng tần số quét 120Hz giúp hiển thị mượt mà và rõ ràng ngay cả dưới ánh nắng gắt.
Màn hình còn hỗ trợ gam màu rộng DCI-P3 và công nghệ điều chỉnh ánh sáng PWM 3840Hz, giúp bảo vệ mắt khi sử dụng lâu dài. Nhờ thiết kế viền mỏng đối xứng, trải nghiệm xem phim, chơi game hay lướt web đều trở nên trọn vẹn và cuốn hút hơn.
Thiết kế mỏng nhẹ và thời thượng
Điện thoại HONOR 400 Lite 5G gây ấn tượng với độ mỏng chỉ 7.29mm và trọng lượng 171g, mang lại cảm giác cầm nắm thoải mái và dễ dàng sử dụng lâu dài. Thiết kếcụm camera thiết kế Deco tinh xảo kết hợp đường nét tối giản tạo nên tổng thể thanh lịch, hiện đại.
Máy được hoàn thiện bằng công nghệ chạm khắc Excimer độc đáo, mang đến hiệu ứng sắc màu huyền ảo và bề mặt mịn màng, thân thiện với da tay. Với hai lựa chọn màu Marrs Green và Xám Ánh Bạc, thiết bị toát lên sự thời thượng, phù hợp với nhiều phong cách khác nhau.
Điện thoại HONOR 400 Lite 5G khi nào ra mắt?
Điện thoại HONOR 400 Lite 5G ra mắt tại Việt Nam vào tháng 6/2025, thu hút người dùng yêu thích smartphone tầm trung. Thiết bị nổi bật với mức giá hợp lý, mang đến hiệu năng ổn định.
Sản phẩm kết hợp thiết kế tinh tế cùng các tính năng thông minh, hỗ trợ đời sống hiện đại. Thiết bị cho phép trải nghiệm mạng 5G tốc độ cao, chụp ảnh sắc nét và pin bền lâu.
Điện thoại HONOR 400 Lite 5G giá bán bao nhiêu tiền?
Điện thoại HONOR 400 Lite 5G hiện có giá bán khoảng 8 triệu. Sản phẩm này nằm trong phân khúc tầm trung, phù hợp với người dùng cần một thiết bị đa năng với hiệu năng ổn định và tính năng hiện đại.
Tên sản phẩm
Giá bán
Giá thu cũ lên đời
HONOR 400 Lite 5G 12GB 256GB
8.330.000đ
7.330.000đ
Sản phẩm phù hợp với những người có ngân sách vừa phải. Thiết bị mang lại trải nghiệm ổn định, đáp ứng tốt các tác vụ cơ bản với mức giá hợp lý.
Mua ngay điện thoại HONOR 400 Lite 5G chất lượng tại CellphoneS
Điện thoại HONOR 400 Lite 5G mang đến hiệu năng ổn định và thiết kế tinh tế, phù hợp với nhu cầu sử dụng hằng ngày. Khi mua tại Cellphones, khách hàng được đảm bảo hàng chính hãng với chế độ bảo hành đầy đủ. Ngoài ra, Cellphones còn hỗ trợ trả góp linh hoạt và nhiều chương trình khuyến mãi hấp dẫn. Dịch vụ chăm sóc khách hàng chuyên nghiệp tại Cellphones giúp trải nghiệm mua sắm trở nên tiện lợi và an tâm hơn.","{""Màn hình"": [{""name"": ""Kích thước màn hình"", ""value"": ""6.7 inches""}, {""name"": ""Công nghệ màn hình"", ""value"": ""AMOLED""}, {""name"": ""Độ phân giải màn hình"", ""value"": ""2412 x 1080 pixels""}, {""name"": ""Tính năng màn hình"", ""value"": ""Cử chỉ đa chạm (tối đa 10 điểm chạm), 16,7 triệu màu, 100% DCI-P3, Hỗ trợ 1,07 tỷ màu""}, {""name"": ""Tần số quét"", ""value"": ""120Hz""}, {""name"": ""Kiểu màn hình"", ""value"": ""Đục lỗ (Nốt ruồi)""}], ""Camera sau"": [{""name"": ""Camera sau"", ""value"": ""Camera chính 108MP (f/1.75) + Camera góc rộng & sâu 5MP (f/2.2)""}, {""name"": ""Quay video"", ""value"": ""1080P""}, {""name"": ""Tính năng camera"", ""value"": ""Chân dung, Chụp đêm, Chuyên nghiệp, Tùy chỉnh khẩu độ, Nhiều video, Chuyển động chậm, Toàn cảnh, Tua nhanh thời gian, Hình chìm mờ, Nhãn dán, Độ phân giải cao, HDR, Ảnh chuyển động, Quét tài liệu, Bắt nét nụ cười""}], ""Camera trước"": [{""name"": ""Camera trước"", ""value"": ""Camera 16MP (f/2.45), Đèn Flash Selfie""}, {""name"": ""Quay video trước"", ""value"": ""1080P""}], ""Vi xử lý & đồ họa"": [{""name"": ""Chipset"", ""value"": ""MediaTek Dimensity 7025-Ultra""}, {""name"": ""GPU"", ""value"": ""IMG BXM-8-256""}], ""Giao tiếp & kết nối"": [{""name"": ""Công nghệ NFC"", ""value"": ""Có""}, {""name"": ""Thẻ SIM"", ""value"": ""2 Nano SIM hoặc 1 Nano + 1 eSIM""}, {""name"": ""Hồng ngoại"", ""value"": ""Không""}, {""name"": ""Hỗ trợ mạng"", ""value"": ""5G""}, {""name"": ""GPS"", ""value"": ""GPS, AGPS, GLONASS, BeiDou, Galileo""}], ""RAM & lưu trữ"": [{""name"": ""Dung lượng RAM"", ""value"": ""12 GB""}, {""name"": ""Bộ nhớ trong"", ""value"": ""256 GB""}], ""Pin & công nghệ sạc"": [{""name"": ""Pin"", ""value"": ""5230 mAh""}, {""name"": ""Công nghệ sạc"", ""value"": ""Sạc nhanh HONOR SuperCharge 35W""}, {""name"": ""Cổng sạc"", ""value"": ""USB Type-C""}], ""Tính năng khác"": [{""name"": ""Hệ điều hành"", ""value"": ""MagicOS 9.0 (Dựa trên Android 15)""}], ""Bộ xử lý & Đồ họa"": [{""name"": ""Loại CPU"", ""value"": ""8 nhân, 2xA78 2.5GHz + 6xA55 2.0Ghz""}], ""Kích thước & Trọng lượng"": [{""name"": ""Kích thước"", ""value"": ""161 × 74.55 × 7.29 mm""}, {""name"": ""Trọng lượng"", ""value"": ""Khoảng 171 g (bao gồm pin)""}], ""Thông số khác"": [{""name"": ""Chỉ số kháng nước, bụi"", ""value"": ""IP65""}, {""name"": ""Công nghệ - Tiện ích"", ""value"": ""Magic Lock, Magic Portal, Magic Capsule, Dịch Trực Tiếp AI, HONOR RAM Turbo, Đa cửa sổ, Chế độ tối, Chế độ eBook, HONOR Share, Nhân đôi ứng dụng, Sao lưu & khôi phục, Chế độ một tay""}, {""name"": ""Tiện ích khác"", ""value"": ""Phím tắt & cử chỉ, Nhân bản thiết bị""}], ""Tiện ích khác"": [{""name"": ""Cảm biến vân tay"", ""value"": ""Cảm biến vân tay dưới màn hình""}, {""name"": ""Các loại cảm biến"", ""value"": ""Cảm biến tiệm cận, Cảm biến ánh sáng, La bàn, Cảm biến trọng lực""}, {""name"": ""Tính năng đặc biệt"", ""value"": ""Hỗ trợ 5G, Bảo mật vân tay, Nhận diện khuôn mặt, Kháng nước, kháng bụi, Điện thoại AI""}], ""Cổng kết nối"": [{""name"": ""Wi-Fi"", ""value"": ""802.11 a/b/g/n/ac, 2.4GHz & 5GHz, Wi-Fi Hotspot, Wi-Fi Direct""}, {""name"": ""Bluetooth"", ""value"": ""v5.3""}]}","[""https://cdn2.cellphones.com.vn/x/media/catalog/product/s/l/slider-honor-400-lite-5g-12gb-256gb_1_1.jpg"", ""https://cdn2.cellphones.com.vn/x/media/catalog/product/s/l/slider-honor-400-lite-5g-12gb-256gb_2.jpg"", ""https://cdn2.cellphones.com.vn/x/media/catalog/product/s/l/slider-honor-400-lite-5g-12gb-256gb-2_2.jpg""]","{""product_color_1"": {""color"": ""Xanh lá"", ""image_url"": ""https://cellphones.com.vn/dien-thoai-honor-400-lite-5g.html?product_id=111736"", ""price"": ""8.330.000₫""}}"
HONOR Magic V5 16GB 512GB,dien-thoai-honor-magic-v5,44.990.000đ,42.490.000đ,"Đặc điểm nổi bật của HONOR Magic V5 16GB 512GB
Điện thoại Honor Magic V5 nổi bật với thiết kế siêu mỏng chỉ 4.4mm khi mở ra - là chiếc điện thoại mỏng nhất thế giới tại thời điểm lên kệ vào tháng 10/2025. Ngoài ra, siêu phẩm Honor Magic V5 lập ""cú đúp"" với loạt kỷ lục thế giới: điện thoại gập mỏng nhất, nhẹ nhất, điện thoại gập có dung lượng pin lớn nhất, pin có hàm lượng silicon cao nhất và điện thoại có thép bản lề cứng nhất.
Nội dung chính
1. Vì sao nên mua Honor Magic V5 sử dụng?
2. So sánh Honor Magic V5 với Honor Magic V3 - có gì khác biệt?
3. Cận cảnh điện thoại Honor Magic V5 - Thiết kế siêu mỏng với hiệu năng mạnh mẽ
3.1. Siêu phẩm Honor màn hình gập mỏng nhất thế giới
3.2. Hiệu suất vượt trội, chip Snapdragon 8 xử lý ổn định
3.3. Nắm bắt xu hướng - Nâng cấp công nghệ AI
3.4. Camera sắc nét với camera tele 64MP
3.5. Viên pin lớn đến 5820mAh 
3.6. Màn hình rộng, hiển thị ấn tượng
4. Điện thoại Honor Magic V5 ra mắt khi nào?
5. Giá sản phẩm điện thoại Honor Magic V5 bao nhiêu? 
6. Mua điện thoại Honor Magic V5 chính hãng tại CellphoneS
Vì sao nên mua Honor Magic V5 sử dụng?
Điện thoại Honor Magic V5 mới vừa ra mắt có gì mới đáng để người dùng chọn mua? Sau đây là một vài điểm nổi bật trên mẫu điện thoại Honor thông minh này:
Thiết kế siêu mỏng 8.8mm: Cầm nắm thoải mái cùng ngoại hình sang trọng
Pin silicon-carbon 5.820 mAh cùng hệ thống quản lý năng lượng AI: Thoải mái sử dụng trong thời gian dài
AI Gemini, AI Connect, trợ lý AI cá nhân: Tăng cường sáng tạo và hiệu suất công việc
Snapdragon® 8 Elite: Cho hiệu năng mượt mà, cải thiện tới 35% hiệu suất
So sánh Honor Magic V5 với Honor Magic V3 - có gì khác biệt?
Honor Magic V5 là thế hệ nâng cấp của Magic V3. Vậy so với thế hệ trước đó, Magic V5 có gì khác biệt, hãy cùng so sánh chi tiết:
Tiêu chí
Honor Magic V5
Honor Magic V3
Màu sắc
Đen, Trắng Ngà, Vàng Bình Minh/Ánh Kim, và Nâu Đỏ
Đen, Xanh lục và Nâu đỏ
Thiết kế
Độ mỏng 8,8 mm khi gập
4,1 mm khi mở
Độ mỏng 9,2 mm khi gập
4,35 mm khi mở
Màn hình trong
7.95 inch, 2352×2172 Pixel
7.92 inch, 2344×2156 Pixel
Màn hình ngoài
6.43 inch, 2376×1060 Pixel
6.43 inch, 2376×1060 Pixel
CPU
Qualcomm Snapdragon 8 Elite
Snapdragon 8 thế hệ 3
GPU
Adreno 830
Adreno 750
RAM - ROM
16GB+512GB
12GB+512GB
Camera sau
Camera góc siêu rộng 50MP (f/2.0)
Camera góc rộng 50MP (f/1.6, OIS)
Camera ống kính tele 64MP (f/2.5，OIS)
Hỗ trợ zoom quang 3x, zoom kỹ thuật số 100x
Camera góc siêu rộng 40MP (f/2.2)
Camera góc rộng 50MP (f/1.6, OIS)
Camera ống kính tele 50MP (f/3.0, OIS)
Zoom kỹ thuật số 100x
Camera trước
Camera góc rộng 20MP (f/2.2) (Màn hình trong)
Camera góc rộng 20MP (f/2.2) (Màn hình ngoài)
Camera góc rộng 20MP (f/2.2) (Màn hình trong)
Camera góc rộng 20MP (f/2.2) (Màn hình ngoài)
Pin
5820 mAh
Sạc siêu nhanh HONOR 66W
Sạc siêu nhanh không dây HONOR 50W
5150mAh
Sạc siêu nhanh HONOR 66W
Sạc siêu nhanh không dây HONOR 50W
Kháng nước
IP58 và IP59
IPX8
Như vậy, so với HONOR Magic V3, HONOR Magic V5 sở hữu AI giúp mang lại khả năng chỉnh sửa ảnh dễ dàng. Đồng thời Honor mới cũng hỗ trợ sáng tạo việc tạo ảnh động Live Photos từ ảnh tĩnh. Hay nâng cao trải nghiệm tương tác trên mạng xã hội nhờ việc chia sẻ nhanh chóng cũng như công cụ tạo video AI thông minh.  
Cận cảnh điện thoại Honor Magic V5 - Thiết kế siêu mỏng với hiệu năng mạnh mẽ
Điện thoại Honor Magic V5 là kế nhiệm sau Magic V3, không chỉ kế thừa thiết kế đặc trưng từ thế hệ trước mà Magic V5 được hứa hẹn sẽ mang đến những nâng cấp toàn diện hơn - mỏng nhẹ hơn, bền bỉ hơn. 
Siêu phẩm Honor màn hình gập mỏng nhất thế giới
Honor Magic V5 có độ mỏng chỉ 8.8mm và trọng lượng tối đa chỉ 222g, tạo cảm giác nhẹ nhàng, vừa tay và thuận tiện trong mọi hoạt động. Kích thước cụ thể sẽ tùy vào bản màu, bản màu trắng sẽ mỏng và nhẹ hơn so với các màu khác.
Magic V5 Honor tại thị trường Việt Nam sẽ có 2 bản màu với kích thước lần lượt là Trắng Ánh Trăng với 4.1mm và 217g, Vàng Bình Minh với độ mỏng 4.2mm và 222g.
Việc cải tiến và sử dụng bản lề ""Glory Luban"" trên điện thoại Honor mới được cho là một bước ngoặc. Vừa giúp việc gập mở êm ái vừa đảm bảo độ bền cực kỳ ấn tượng. Ngoài ra, để đảm bảo độ chắc chắn nhưng vẫn mỏng - nhẹ, khung máy Honor V5 cũng sử dụng các vật liệu cao cấp như nhôm series 7, sợi carbon và titan.
Honor Magic V5 được phát triển để thích nghi với tần suất gập mở cao nhờ bản lề thép cấp độ công nghiệp Ultra-Durable Shield-Grade. Kết cấu này đã được kiểm chứng chịu tới 500.000 lần gập mà vẫn giữ được bền bỉ, hỗ trợ sử dụng lâu dài mà không lo hư hỏng, giảm hao mòn trong suốt quá trình dùng.
Đi kèm với phần bản lề mạnh mẽ là khả năng kháng bụi và kháng nước đạt chuẩn IP58 và IP59. Qua đó, giúp chiếc điện thoại gập Magic V5 này có thể sử dụng trong các tình huống như mưa nhẹ hay nhiều bụi. Sự kết hợp giữa bản lề bền bỉ và khả năng kháng nước, kháng bụi giúp thiết bị duy trì hiệu năng ổn định, đồng hành bền bỉ trong nhiều năm.
Hiệu suất vượt trội, chip Snapdragon 8 xử lý ổn định
Magic V5 Honor được trang bị vi xử lý Snapdragon 8 Elite sản xuất trên tiến trình 3nm - con chip mạnh top đầu của giới smartphone hiện nay, mang đến hiệu năng ngang tầm máy tính cá nhân.
So với thế hệ trước, Honor Magic V5 có GPU tăng hiệu suất đến 40% và cải thiện 35% khả năng ray tracing tạo ra hình ảnh hiển thị chân thực hơn. Đồng thời, CPU đạt mức nâng cấp 45%, hỗ trợ tốt cho công việc lẫn giải trí cường độ cao.
Sức mạnh của chiếc điện thoại Honor mới này không chỉ đến từ phần cứng, mà Chipset còn được hãng tối ưu khả năng xử lý AI chuyên sâu. Trợ lý ảo YOYO trên Magic V5 có thể tóm tắt nhanh nội dung hoặc thực hiện các yêu cầu phức tạp hơn chỉ với 1 câu lệnh.
Theo bài test được thực hiện bởi các trang công nghệ uy tín (kimovil), Honor Magic V5 cho điểm Antutu đạt 2.640.000 điểm. Đây là con số hiệu năng ấn tượng, mạnh hơn cả trên những con chip hàng đầu khác như Snapdragon 8 Gen 3 hay Dimensity 9400.
Nhờ vậy, người dùng có thể thoải mái sử dụng Honor Magic V5 để chơi những tựa game yêu thích, kể cả những tựa game yêu cầu cấu hình cao như Genshin Impact hay PUBG Mobile.
Nắm bắt xu hướng - Nâng cấp công nghệ AI
Honor AI Connect mang đến Network Sharing, cho phép Magic V5 chia sẻ dữ liệu di động khi laptop hay tablet mất mạng.
Camera Sharing giúp điện thoại hoạt động chung với laptop, hỗ trợ vừa ghi chú vừa chụp ảnh để tự động chèn nội dung.
Screen Sharing của điện thoại Honor Magic V5 lại mở rộng không gian làm việc, khi bạn có thể kéo thả cửa sổ ứng dụng linh hoạt giữa các thiết bị.
Cross-device Operation biến laptop thành cầu nối thông minh, cho phép người dùng mở khóa điện thoại và chia sẻ tệp chỉ với thao tác kéo thả. 
Hỗ trợ đa tác vụ với Google Gemini thông minh
Honor Magic V5 được trang bị Google Gemini, trợ lý AI cá nhân thế hệ mới giúp nâng tầm trải nghiệm sử dụng. Người dùng có thể trò chuyện trực tiếp để nhận gợi ý, viết email, lập kế hoạch hoặc phát triển ý tưởng nhanh chóng.
Gemini cho phép trao đổi bằng văn bản, giọng nói, hình ảnh hay qua camera. Đồng thời, cung cấp thông tin theo thời gian thực và đề xuất giải pháp ngay trong một lệnh. Với Gemini Live, người dùng có thể chia sẻ màn hình để đặt câu hỏi về bất kỳ nội dung đang xem, Gemini sẽ tiếp nhận và đưa ra hướng dẫn ngay tức khắc.
Hệ thống còn kết nối sâu với các ứng dụng Google và dịch vụ phổ biến, giúp kiểm tra dữ liệu, tìm tài liệu hay thực hiện tác vụ liên quan chỉ trong một lần yêu cầu. Qua đó, mở rộng khả năng sáng tạo và tối ưu hóa công việc hàng ngày.
Kết nối và bảo mật thông minh với HONOR Share và AI
Điện thoại Honor Magic V5 tích hợp HONOR Share cho phép đồng bộ tức thì với hệ điều hành iOS. Người dùng có thể truyền dữ liệu tốc độ cao giữa iPhone, Mac và thiết bị HONOR chỉ với một chạm. Qua đó, mang đến trải nghiệm chia sẻ nội dung nhanh và liền mạch trong công việc cũng như giải trí.
Bên cạnh đó, máy được hỗ trợ AI Call Translation giúp phiên dịch cuộc gọi theo thời gian thực với độ chính xác cao, giúp giao tiếp đa ngôn ngữ trở nên thuận tiện hơn. Tính năng AI Deepfake Detection cũng được trang bị nhằm phát hiện các nội dung giả mạo. Điều này giúp bảo vệ thông tin cá nhân và tăng cường an toàn trong mọi tương tác.
AI bảo vệ màn hình và giảm say xe
Honor Magic V5 sở hữu công nghệ AI-Powered Foreign Object Detection giúp phát hiện vật thể lạ siêu nhỏ chỉ từ 0.8mm ngay cả khi nằm giữa các lớp gập của màn hình. Hệ thống AI liên tục theo dõi và cảnh báo khi phát hiện hạt cát hoặc bụi mịn lọt vào. Từ đó giảm nguy cơ trầy xước và hư hỏng bản lề, đảm bảo màn hình gập hoạt động bền bỉ và duy trì độ mượt.
Với tính năng AI Motion Sickness Relief, người dùng sẽ giảm cảm giác say xe khi đang di chuyển. Khi bật tính năng này, Magic V5 sẽ hiển thị các chấm động ở viền màn hình phản chiếu chuyển động của phương tiện, hỗ trợ cân bằng thị giác và mang lại sự thoải mái.
Chụp ảnh thú vị và chỉnh sửa ảnh nhanh với AI
Magic Honor V5 mang đến trải nghiệm thú vị khi mở rộng màn hình điện thoại. Màn hình ngoài sẽ hiển thị các hoạt ảnh sinh động giúp thu hút sự chú ý của trẻ nhỏ. Nhờ đó, người dùng dễ dàng ghi lại những khoảnh khắc tự nhiên và đáng nhớ.
Song song đó, tính năng One Tap Perfection with AI hỗ trợ cho người dùng chỉnh sửa ảnh chỉ với một chạm. Hệ thống AI thông minh của điện thoại Honor Magic V5 sẽ tự động loại bỏ phản chiếu và các chi tiết thừa. Qua đó, mang đến bức ảnh hoàn thiện nhanh chóng mà vẫn giữ được màu sắc và độ sắc nét ấn tượng.
AI Power Management System tối ưu pin thông minh
Hệ thống AI Power Management System trên Magic V5 Honor sử dụng thuật toán học máy để phân tích thói quen sử dụng và tự động phân bổ năng lượng hợp lý. Nhờ vậy, thiết bị có thể kéo dài thời gian hoạt động, đặc biệt khi vận hành các tác vụ nặng.
Không chỉ dừng lại ở việc tiết kiệm pin, công nghệ này còn giúp duy trì hiệu suất ổn định bằng cách điều chỉnh công suất xử lý phù hợp với từng tình huống. Kết hợp pin dung lượng cao và sạc nhanh 66W, mang đến trải nghiệm liền mạch trong suốt ngày dài. 
Camera sắc nét với camera tele 64MP
Điện thoại gập Magic V5 sở hữu hệ thống Honor Falcon Camera tích hợp ống kính tele 64MP, hỗ trợ zoom quang 3x và zoom số lên đến 100x. Công nghệ chống rung OIS mang đến hình ảnh giữ được độ nét cao ngay cả khi chụp từ khoảng cách xa.
Camera điện thoại Honor Magic V5 lớn đến 50MP với góc nhìn 122° giúp bắt trọn toàn cảnh chi tiết và chân thực. Thiết bị còn tối ưu chụp đêm và quay video, tạo nên trải nghiệm hình ảnh đậm chất điện ảnh.
Viên pin lớn đến 5820mAh 
Honor Magic V5 được trang bị viên pin silicon-carbon dung lượng 5820mAh, đáp ứng nhu cầu sử dụng lâu dài. Mật độ năng lượng của pin cao hơn 15% so với các loại pin thông thường, mang lại hiệu suất ổn định hơn.
Sản phẩm hỗ trợ sạc nhanh 66W có dây cùng 50W không dây, mang lại sự linh hoạt trong quá trình nạp pin. Hệ thống AI Power Management trên điện thoại Honor Magic V5 tối ưu tiêu thụ điện năng, kéo dài thời gian sử dụng cho màn hình lớn.
Màn hình rộng, hiển thị ấn tượng
Magic V5 đi kèm màn hình gập 7.95 inch và màn hình ngoài 6.43 inch, cả hai đều sử dụng công nghệ LTPO 8T với tần số quét 120Hz. Sự kết hợp này mang lại trải nghiệm hiển thị mượt mà và thích ứng tốt với nhiều tác vụ khác nhau.
Với công nghệ 4320Hz PWM dimming, màn hình Honor Magic V5 hỗ trợ 1,07 tỷ màu và đạt độ sáng đến 5000 nits, giúp bảo vệ mắt của người dùng. Bên cạnh đó, bút Honor Magic-Pen cho phép điện thoại viết vẽ tự nhiên và ghi chú nhanh chóng trên cả hai màn hình.
Điện thoại Honor Magic V5 ra mắt khi nào?
Honor Magic V5 dự kiến chính thức mở bán vào tháng 10/2025 tại thị trường Việt Nam. Toàn bộ cửa hàng CellphoneS trên toàn hệ thống sẽ có sẵn hàng, sẵn sàng mở bán sớm nhất.
Trước đó, vào ngày 15 tháng 7, Honor đã tổ chức sự kiện ra mắt mẫu điện thoại gập mới Magic V5 tại Malaysia. Đây là thời điểm được coi là bước tiến lớn, thể hiện tham vọng của hãng trong việc mở rộng danh mục sản phẩm cao cấp.
Không chỉ dừng lại ở thị trường khu vực, điện thoại Honor Magic V5 còn được giới thiệu đến người dùng toàn cầu ngay trong dịp này. Sự kiện đã sẽ tạo nên dấu ấn quan trọng, thu hút sự quan tâm mạnh mẽ từ giới công nghệ và người hâm mộ.
Giá sản phẩm điện thoại Honor Magic V5 bao nhiêu? 
Honor Magic V5 có mức giá khởi điểm từ 8.999 CNY cho bản 12GB RAM + 256GB, trong khi phiên bản 16GB RAM + 512GB được bán với giá 9.999 CNY.
Chi tiết giá Honor Magic V5:
Phiên bản
Giá mở bán tại Trung Quốc
Giá bán dự kiến tại Việt Nam
Honor Magic V5 12GB + 256GB
8.999 CNY
Khoảng 32,8 triệu đồng
Honor Magic V5 16GB + 512GB
9.999 CNY
Khoảng 36,5 triệu đồng
Honor Magic V5 16GB + 1TB
10.999 CNY
Khoảng 40,2 triệu đồng
Giá chính thức sẽ được cập nhật sớm nhất tại website CellphoneS ngay khi điện thoại Honor mới 2025 được lên kệ.
Mua điện thoại Honor Magic V5 chính hãng tại CellphoneS
Khi mua Honor Magic V5 tại CellphoneS, người dùng được hưởng chính sách bảo hành minh bạch và rõ ràng. Các cửa hàng công khai mức giá hợp lý và nhiều ưu đãi hấp dẫn cho khách hàng. 
Đội ngũ nhân viên tư vấn nhiệt tình, sẵn sàng hỗ trợ lựa chọn sản phẩm điện thoại thông minh phù hợp với người mua. Ngoài ra, CellphoneS còn có hình thức thanh toán linh hoạt và dịch vụ hậu mãi đáng tin cậy cho phép khách hàng yên tâm hơn khi mua sắm.","{""Màn hình"": [{""name"": ""Kích thước màn hình"", ""value"": ""6.43 inches""}, {""name"": ""Công nghệ màn hình"", ""value"": ""OLED""}, {""name"": ""Tính năng màn hình"", ""value"": ""Màn hình trong: 2352 x 2172 pixel\nMàn hình ngoài: 2376 x 1060 pixel\n1,07 tỷ màu, Màn hình chăm sóc mắt cận thị AI, tần số 4320Hz PWM giảm nháy sáng, Điều chỉnh độ sáng động, Màn hình đêm theo nhịp sinh học, Màn hình tông màu tự nhiên""}, {""name"": ""Tần số quét"", ""value"": ""120Hz""}, {""name"": ""Kiểu màn hình"", ""value"": ""Màn hình gập""}], ""Camera sau"": [{""name"": ""Camera sau"", ""value"": ""Camera góc siêu rộng 50MP (khẩu độ f/2.0)\nCamera góc rộng 50MP (khẩu độ f/1.6, OIS)\nCamera tele 64MP (khẩu độ f/2.5, OIS)""}, {""name"": ""Quay video"", ""value"": ""Hỗ trợ 4K (3840 × 2160 điểm ảnh)""}, {""name"": ""Tính năng camera"", ""value"": ""Hỗ trợ zoom quang học 3x, zoom kỹ thuật số 100x, Chụp cảm biến chuyển động AI, Chụp ảnh AI, Góc siêu rộng, Khẩu độ, Video nhiều chế độ, Chụp đêm, Chế độ chân dung, Ảnh, Chế độ chuyên nghiệp, Video, Toàn cảnh, Hình chìm mờ, Quét tài liệu, Độ phân giải cao,""}], ""Camera trước"": [{""name"": ""Camera trước"", ""value"": ""Màn hình trong: Camera góc rộng 20MP (f/2.2)\nMàn hình ngoài: Camera góc rộng 20MP (f/2.2)""}], ""Vi xử lý & đồ họa"": [{""name"": ""Chipset"", ""value"": ""Qualcomm Snapdragon 8 Elite""}, {""name"": ""GPU"", ""value"": ""Adreno 830""}], ""Giao tiếp & kết nối"": [{""name"": ""Công nghệ NFC"", ""value"": ""Có""}, {""name"": ""Thẻ SIM"", ""value"": ""SIM 1 + SIM 2 / SIM 1 + eSIM / 2 eSIM""}, {""name"": ""Hỗ trợ mạng"", ""value"": ""5G""}, {""name"": ""GPS"", ""value"": ""GPS(L1+L5) / AGPS / GLONASS / BeiDou(B1I+B1C+B2a+B2b) / Galileo(E1+E5a+E5b) / QZSS (L1 + L5)""}], ""RAM & lưu trữ"": [{""name"": ""Dung lượng RAM"", ""value"": ""16 GB""}, {""name"": ""Bộ nhớ trong"", ""value"": ""512 GB""}], ""Pin & công nghệ sạc"": [{""name"": ""Pin"", ""value"": ""5820 mAh""}, {""name"": ""Công nghệ sạc"", ""value"": ""Sạc Siêu Nhanh HONOR 66W\nSạc Siêu Nhanh Không Dây HONOR 50W""}], ""Tính năng khác"": [{""name"": ""Hệ điều hành"", ""value"": ""MagicOS 9.0.1 (Dựa trên Android 15)""}], ""Bộ xử lý & Đồ họa"": [{""name"": ""Loại CPU"", ""value"": ""Tám nhân (2×Prime 4,32 GHz+6×Performance 3,53 GHz)""}], ""Kích thước & Trọng lượng"": [{""name"": ""Kích thước"", ""value"": ""Chiều cao 156,8 mm\nChiều rộng: Gập: 74,3 mm Mở ra: 145,9 mm\nĐộ dày: Gập: 9 mm Mở ra: 4,2 mm\nPhiên bản Trắng Ánh Trăng: Gập: 8,8 mm, Mở ra: 4,1 mm""}, {""name"": ""Trọng lượng"", ""value"": ""Trắng: Khoảng 217 g (bao gồm pin)\nCác phiên bản khác: Khoảng 222 g (bao gồm pin)""}], ""Thông số khác"": [{""name"": ""Chỉ số kháng nước, bụi"", ""value"": ""IP58, IP59""}, {""name"": ""Công nghệ âm thanh"", ""value"": ""HONOR Sound""}], ""Tiện ích khác"": [{""name"": ""Các loại cảm biến"", ""value"": ""Cảm biến gia tốc, Cảm biến tiệm cận, Cảm biến ánh sáng, La bàn, Con quay hồi chuyển, Cảm biến trọng lực""}, {""name"": ""Tính năng đặc biệt"", ""value"": ""Hỗ trợ 5G, Sạc không dây, Bảo mật vân tay, Nhận diện khuôn mặt, Kháng nước, kháng bụi, Điện thoại AI""}], ""Cổng kết nối"": [{""name"": ""Wi-Fi"", ""value"": ""Wifi 7 802.11 a/b/g/n/ac/ax/be, 2x2 MIMO\n2.4GHz/5GHz/6GHz""}, {""name"": ""Bluetooth"", ""value"": ""6.0SBC, AAC, LDAC, aptX, aptX HD, aptX Adaptive, LC3""}], ""Thông tin chung"": [{""name"": ""Thời điểm ra mắt"", ""value"": ""10/2025""}]}","[""https://cdn2.cellphones.com.vn/x/media/catalog/product/s/l/slider-honor-magic-v5-4_1_1.jpg"", ""https://cdn2.cellphones.com.vn/x/media/catalog/product/s/l/slider-honor-magic-v5-1_1.jpg"", ""https://cdn2.cellphones.com.vn/x/media/catalog/product/s/l/slider-honor-magic-v5-2_2.jpg""]","{""product_color_1"": {""color"": ""Trắng Ánh Trăng"", ""image_url"": ""https://cellphones.com.vn/dien-thoai-honor-magic-v5.html?product_id=113351"", ""price"": ""42.490.000₫""}, ""product_color_2"": {""color"": ""Vàng Bình Minh"", ""image_url"": ""https://cellphones.com.vn/dien-thoai-honor-magic-v5.html?product_id=113352"", ""price"": ""42.490.000₫""}}"
HONOR Win RT,dien-thoai-honor-win-rt,N/A,N/A,"Đặc điểm nổi bật của HONOR Win RT
Điện thoại Honor Win RT thu hút nhờ vi xử lý Snapdragon 8 Elite hiệu năng cao, màn hình 185Hz mượt mà cùng viên pin dung lượng lớn lên đến 10000mAh. Độ mỏng máy 8.3mm nhưng vẫn có cơ chế quạt làm mát chủ động để giảm nhiệt. Máy còn đáp ứng đồng thời ba tiêu chuẩn kháng bụi nước gồm IP68, IP69 và IP69K.
Nội dung chính
1. Điện thoại Honor Win RT - Cấu hình mạnh, tản nhiệt tốt
1.1. Sức mạnh chip Snapdragon 8 Elite và tản nhiệt quạt
1.2. Camera kép 50MP bắt trọn khung hình sắc nét
1.3. Pin 10000mAh bền bỉ cùng sạc nhanh 100W
1.4. Màn hình 185Hz hiển thị sắc nét chuẩn 1.5K
1.5. Hoàn thiện kim loại cùng khả năng kháng nước
2. Điện thoại Honor Win RT khi nào ra mắt?
3. Điện thoại Honor Win RT giá bán bao nhiêu tiền?
4. Mua ngay điện thoại Honor Win RT chính hãng tại CellphoneS
Điện thoại Honor Win RT - Cấu hình mạnh, tản nhiệt tốt
Mẫu điện thoại Honor này được kỳ vọng sẽ thay đổi tiêu chuẩn về thiết bị giải trí chuyên nghiệp trên thị trường hiện nay. Sự kết hợp giữa công nghệ phần cứng và thiết kế bền bỉ hứa hẹn mang lại những giá trị sử dụng ấn tượng.
Sức mạnh chip Snapdragon 8 Elite và tản nhiệt quạt
Hiệu suất của điện thoại Honor Win RT đến từ con chip Snapdragon 8 Elite mới do Qualcomm phát triển. Sức mạnh này kết hợp cùng RAM LPDDR5X giúp người sử dụng xử lý các tác vụ đa nhiệm một cách nhanh chóng.
Vi xử lý Snapdragon 8 Elite hỗ trợ giải trí mượt mà
Để kiểm soát nhiệt khi hoạt động, sản phẩm tích hợp quạt tản nhiệt chủ động với khe hút gió phía sau thân máy. Nhờ đó, nhiệt độ được kiểm soát hiệu quả giúp quá trình chiến game nặng diễn ra vô cùng mượt mà.
Camera kép 50MP bắt trọn khung hình sắc nét
Điện thoại Honor Win RT tích hợp bộ đôi camera sau gồm camera chính 50MP cùng camera góc siêu rộng 12MP. Máy sở hữu camera trước 50MP, phù hợp để lưu lại những khoảnh khắc chân dung rõ ràng.
Hệ thống ống kính hiện đại ghi lại hình ảnh chi tiết
Các thuật toán xử lý hình ảnh hiện đại giúp tái tạo màu sắc trung thực và cân bằng ánh sáng hài hòa. Người sử dụng có thể dễ dàng lưu lại những khung hình phong cảnh rộng lớn hay ảnh kỷ niệm mỗi ngày.
Pin 10000mAh bền bỉ cùng sạc nhanh 100W
Điện thoại Honor Win RT gây ấn tượng mạnh với viên pin silicon-carbon Qinghai Lake có dung lượng lên đến 10000mAh. Nguồn năng lượng dồi dào này cho phép người dùng thoải mái giải trí lâu dài, đáp ứng tốt nhu cầu sử dụng cả ngày tùy theo tác vụ.
Dung lượng pin lớn hỗ trợ thời gian giải trí kéo dài
Điện thoại hỗ trợ sạc nhanh có dây công suất 100W, giúp thiết bị nhanh chóng đạt mức pin cần thiết. Pin lớn cùng công nghệ sạc nhanh hỗ trợ người dùng tiết kiệm thời gian trong quá trình nạp năng lượng.
Màn hình 185Hz hiển thị sắc nét chuẩn 1.5K
Điện thoại Honor Win RT mang lại trải nghiệm thị giác ấn tượng nhờ tần số quét cao đạt mức 185Hz. Tấm nền LTPS OLED kích thước 6.83 inch giúp hình ảnh hiển thị sắc nét với độ phân giải 1.5K chi tiết.
Không gian hiển thị rộng mang lại cảm giác sống động
Công nghệ PWM dimming 6.000Hz được tích hợp nhằm bảo vệ thị lực và giảm mỏi mắt khi sử dụng lâu. Với tốc độ lấy mẫu cảm ứng đạt 480Hz, các thao tác vuốt chạm diễn ra nhạy bén và chuẩn xác.
Hoàn thiện kim loại cùng khả năng kháng nước
Điện thoại Honor Win RT sở hữu khung kim loại và mặt lưng sợi thủy tinh mang vẻ ngoài mạnh mẽ. Độ mỏng khoảng 8.3 mm giúp người sử dụng cầm nắm chắc tay và thao tác linh hoạt trong quá trình chơi game.
Khung kim loại kết hợp cùng mặt lưng sợi thủy tinh
Thiết bị đạt các chuẩn kháng bụi nước IP68, IP69 và IP69K, giúp thích nghi tốt với nhiều điều kiện môi trường. Với ba tùy chọn màu sắc Đen, Bạc và Xanh, sản phẩm dễ dàng phù hợp với nhiều phong cách cá nhân.
Điện thoại Honor Win RT khi nào ra mắt?
Điện thoại Honor Win RT được giới thiệu lần đầu vào ngày 26/12/2025 và nhanh chóng thu hút sự quan tâm lớn từ người sử dụng. Tuy nhiên, sản phẩm vẫn chưa chính thức trình làng tại thị trường Việt Nam, dự kiến thiết bị sẽ được mở bán vào cuối tháng 1/2026 sắp tới.
Honor Win RT dự kiến có mặt tại Việt Nam cuối tháng 1
Điện thoại Honor Win RT giá bán bao nhiêu tiền?
Điện thoại Honor Win RT dự kiến sẽ có mức giá bán khởi điểm tại thị trường Việt Nam từ 10.000.000đ cho bản tiêu chuẩn. Với định vị cận cao cấp, sản phẩm phù hợp cho game thủ cũng như những ai quan tâm đến công nghệ. Dưới đây là bảng tổng hợp giá bán tại thị trường quốc tế và giá quy đổi về Việt Nam để tham khảo:
Phân khúc giá hợp lý cho sản phẩm hiệu năng cao
Phiên bản bộ nhớ
Giá bán quốc tế (CNY)
Giá dự kiến tại Việt Nam (VND)
RAM 12GB + 256GB
2.699
~ 10.100.000đ
RAM 12GB + 512GB
3.099
~ 11.600.000đ
RAM 16GB + 256GB
2.999
~ 11.200.000đ
RAM 16GB + 512GB
3.399
~ 12.700.000đ
RAM 16GB + 1TB
3.999
~ 15.000.000đ
Mua ngay điện thoại Honor Win RT chính hãng tại CellphoneS
Khách hàng muốn sở hữu điện thoại Honor Win RT chính hãng với mức giá ưu đãi có thể tham khảo tại CellphoneS. Nhân viên sẽ tư vấn tận tình giúp khách hàng hiểu rõ về các tính năng và lựa chọn được phiên bản màu sắc phù hợp.
Sản phẩm được cung cấp là hàng mới, đi kèm đầy đủ phụ kiện và các chính sách bảo hành từ nhà sản xuất. CellphoneS còn mang đến nhiều ưu đãi hấp dẫn vào dịp lễ, Tết, cũng như hỗ trợ trả góp 0% lãi suất cho khách hàng.","{""Màn hình"": [{""name"": ""Kích thước màn hình"", ""value"": ""6.83 inches""}, {""name"": ""Công nghệ màn hình"", ""value"": ""TFT LCD""}, {""name"": ""Tính năng màn hình"", ""value"": ""Độ phân giải màn hình: FHD+ 1272*2800\nTrue 1,07 tỷ màu, gam màu rộng DCI-P3\nĐộ sáng đỉnh tối đa: 6000nits\nĐộ sáng đỉnh toàn cầu: 2000nits\nĐộ sáng tối thiểu: 1nit\nHỗ trợ đa chạm, lên đến 10 chạm""}, {""name"": ""Tần số quét"", ""value"": ""Từ 144Hz trở lên""}, {""name"": ""Kiểu màn hình"", ""value"": ""Đục lỗ (Nốt ruồi)""}], ""Camera sau"": [{""name"": ""Camera sau"", ""value"": ""Camera chính: 50 MP\nCamera telephoto: 50 MP\nCamera góc siêu rộng: 12 MP""}, {""name"": ""Quay video"", ""value"": ""Quay video 4K: 30/60 FPS\nQuay video 1080P: 30/60 FPS\nQuay video 720P: 30/60 FPS""}, {""name"": ""Tính năng camera"", ""value"": ""Chế độ sân khấu, chụp tuyệt vời mắt đại bàng, chụp tự động mắt đại bàng, mô phỏng phim, lấy nét theo dõi thông minh, lấy nét theo dõi nhân vật chính, ảnh động, chụp ảnh tua nhanh thời gian, chụp ảnh AI, góc rộng, quay video đa ống kính, chế độ cảnh đêm,..""}], ""Camera trước"": [{""name"": ""Camera trước"", ""value"": ""50 MP""}, {""name"": ""Quay video trước"", ""value"": ""Hỗ trợ tối đa cho quay video 4K""}], ""Vi xử lý & đồ họa"": [{""name"": ""Chipset"", ""value"": ""Snapdragon 8 Elite""}, {""name"": ""GPU"", ""value"": ""Adreno 830""}], ""Giao tiếp & kết nối"": [{""name"": ""Công nghệ NFC"", ""value"": ""Có""}, {""name"": ""Thẻ SIM"", ""value"": ""2 Nano-SIM""}, {""name"": ""Hỗ trợ mạng"", ""value"": ""5G""}, {""name"": ""GPS"", ""value"": ""Beidou, GPS, GLONASS, Galileo, QZSS, NavIC, A-GNSS""}], ""Pin & công nghệ sạc"": [{""name"": ""Pin"", ""value"": ""10.000 mAh""}, {""name"": ""Công nghệ sạc"", ""value"": ""Hỗ trợ sạc siêu nhanh lên đến 100W\nHỗ trợ sạc nhanh ngược có dây 27W""}, {""name"": ""Cổng sạc"", ""value"": ""USB Type-C""}], ""Tính năng khác"": [{""name"": ""Hệ điều hành"", ""value"": ""MagicOS 10 (dựa trên Android 16)""}], ""Bộ xử lý & Đồ họa"": [{""name"": ""Loại CPU"", ""value"": ""Tám lõi, 2×Prime 4.32GHz+6×Hiệu suất 3.53GHz""}], ""Kích thước & Trọng lượng"": [{""name"": ""Kích thước"", ""value"": ""163,1 x 76,6 x 8,3 mm""}, {""name"": ""Trọng lượng"", ""value"": ""Khoảng 225g (bao gồm cả pin)""}], ""Thông số khác"": [{""name"": ""Chỉ số kháng nước, bụi"", ""value"": ""P68 & IP69 & IP69K""}], ""Tiện ích khác"": [{""name"": ""Các loại cảm biến"", ""value"": ""Cảm biến gia tốc, Cảm biến tiệm cận, Cảm biến ánh sáng, La bàn, Con quay hồi chuyển, Cảm biến trọng lực""}, {""name"": ""Tính năng đặc biệt"", ""value"": ""Hỗ trợ 5G, Bảo mật vân tay, Nhận diện khuôn mặt, Kháng nước, kháng bụi, Điện thoại AI""}], ""Cổng kết nối"": [{""name"": ""Wi-Fi"", ""value"": ""Wi-Fi 7 (802.11 be), Wi-Fi 6 (802.11 ax) và 802.11 a/b/g/n/ac""}, {""name"": ""Bluetooth"", ""value"": ""Bluetooth 6.0""}]}","[""https://cdn2.cellphones.com.vn/x/media/catalog/product/d/i/dien-thoai-honor-win-rt.jpg""]",{}
HONOR X9c 5G 12GB 256GB,dien-thoai-honor-x9c-5g,9.320.000đ,7.290.000đ,"Đặc điểm nổi bật của HONOR X9c 5G 12GB 256GB
Điện thoại Honor X9C 5G được trang bị chip Snapdragon 6 Gen 1, màn hình AMOLED 6.78 inch 1.5K, tần số quét 120Hz cùng độ sáng HDR tối đa 4000 nits. Máy sở hữu camera chính 108MP cùng nhiều tính năng AI thông minh và viên pin silicon-carbon 6600mAh. Máy có thiết kế siêu mỏng, nặng khoảng 189g, lớp hoàn thiện Titanium bền nhẹ.
Nội dung chính
1. So sánh điện thoại Honor X9C với Honor X7C chi tiết
2. Điện thoại Honor X9C 5G – Bền bỉ với pin 6600mAh và camera 108MP
2.1. AI thông minh nâng tầm trải nghiệm hằng ngày
2.2. Cấu hình mạnh mẽ với Snapdragon 6 Gen 1
2.3. Camera chụp sắc nét, AI hỗ trợ chỉnh sửa thông minh
2.4. Pin silicon-carbon bền bỉ, sạc nhanh tiện lợi
3. Điện thoại Honor X9C 5G ra mắt khi nào?
4. Điện thoại Honor X9C 5G có giá bao nhiêu 04/2026?
5. Mua ngay điện thoại Honor X9C 5G chính hãng tại CellphoneS
So sánh điện thoại Honor X9C với Honor X7C chi tiết
Honor X9C và X7c để mang lại trải nghiệm sử dụng vượt trội. Vậy chính xác Honor X9C với Honor X7C có gì khác biệt, hãy cùng so sánh chi tiết sau đây:
Thông số
HONOR X9c 5G 12GB 256GB
HONOR X7c 8GB 256GB
Kích thước màn hình
6.78 inches
6.77 inches
Công nghệ màn hình
AMOLED
IPS LCD
Camera sau
Camera chính 108MP (F1.75), OIS + Camera góc rộng 5MP (F2.2)
Camera chính 108MP (f1.75) + Camera cận cảnh 2MP (f2.4)
Camera trước
16MP (F2.45)
8MP (f/2.0)
Chipset
Qualcomm Snapdragon 6 Gen 1
Qualcomm Snapdragon 685
Công nghệ NFC
Có
Không
Dung lượng RAM
12 GB
8 GB
Bộ nhớ trong
256 GB
256 GB
Pin
6600mAh, 66W (120V/3.3A)
6000mAh, 35W (11V/3.2A)
Thẻ SIM
2 SIM (Nano-SIM)
2 SIM (Nano-SIM)
Hệ điều hành
MagicOS 8.0, dựa trên Android 14
MagicOS 8.0, dựa trên Android 14
Tính năng màn hình
2700*1224 Pixels
1,07 tỷ màu
1.5 K độ phân giải
4000nit
100% DCI-P3
1610 x 720 Pixels
16.7 triệu màu
Cảm ứng đa điểm, hỗ trợ nhận diện tối đa 10 điểm chạm
Loại CPU
4 x A78 *2.2GHz + 4 x A55*1.8GHz
4xA73 2.8GHz + 4xA53 1.9GHz
Điện thoại Honor X9C 5G – Bền bỉ với pin 6600mAh và camera 108MP
Điện thoại Honor X9C 5G mang đến trải nghiệm mới mẻ trong phân khúc, kết hợp màn hình siêu bền và pin silicon-carbon dung lượng lớn. Thiết kế mỏng nhẹ cùng nhiều công nghệ bảo vệ giúp thiết bị điện thoại Honor này trở thành lựa chọn đáng chú ý cho người dùng.
AI thông minh nâng tầm trải nghiệm hằng ngày
Honor X9C 5G được trang bị Magic Capsule cho phép mở rộng thông tin từ thông báo nhanh chóng, giúp kiểm soát nội dung quan trọng. Tính năng Magic Portal thông minh giúp máy trích xuất nội dung từ tin nhắn và dẫn đến ứng dụng phù hợp.
Ngoài ra, thiết bị còn hỗ trợ Parallel Space để tách biệt dữ liệu công việc và cá nhân, giúp quản lý an toàn và khoa học. Camera cũng hỗ trợ Motion Sensing giúp nhận diện chuyển động, nụ cười và AI Eraser loại bỏ chi tiết thừa trong ảnh.
Honor Magic V5 màn hình gập mới nhất của nhà Honor là siêu phẩm được nâng cấp AI cực kỳ thông minh. Với Mgic V5, người dùng có thể dễ dàng tóm tắt một cách nhanh chóng nội dung trên màn hình hoặc yêu cầu trợ ý YOYO thực hiện các thao tác phức tạp hơn chỉ với 1 câu lệnh.
Cấu hình mạnh mẽ với Snapdragon 6 Gen 1
Điện thoại Honor X9C 5G được trang bị vi xử lý Qualcomm Snapdragon 6 Gen 1, mang đến hiệu năng ổn định cho nhiều tác vụ từ cơ bản đến nâng cao. Con chip này giúp máy tối ưu hiệu suất và tiết kiệm điện năng. Sức mạnh từ Snapdragon 6 Gen 1 cũng đảm bảo trải nghiệm ổn định ngay cả khi chạy các ứng dụng nặng.
Đi kèm với đó là dung lượng RAM 12GB, hỗ trợ đa nhiệm hiệu quả, cho phép mở nhiều ứng dụng cùng lúc mà không lo giật lag. Bộ nhớ trong 256GB cung cấp không gian rộng rãi để lưu trữ tài liệu, hình ảnh, video và các ứng dụng yêu thích.
Điện thoại Honor 400 Lite cũng sở hữu dung lượng 12BG 256GB tương tự Honor X9c, đáp ứng được nhu cầu lưu trữ hay xử lý tác vụ. Đồng thời, Honor 400 Lite 5G còn được nâng cấp thêm về camera cũng như vi xử lý, tham khảo ngay để chọn phiên bản phù hợp nhất nhé.
Camera chụp sắc nét, AI hỗ trợ chỉnh sửa thông minh
Honor X9C 5G nổi bật với camera chính 108MP Ultra-sensing khẩu độ f/1.75, kết hợp công nghệ gộp điểm ảnh 9-in-1 và OIS. Nhờ vậy, thiết bị có thể tạo ra những bức ảnh rõ nét ngay cả khi ánh sáng yếu. Máy hỗ trợ zoom chân dung 1x, 2x, 3x, giúp người dùng dễ dàng sáng tạo ảnh từ toàn cảnh đến cận cảnh mà vẫn giữ chất lượng.
Bên cạnh phần cứng mạnh mẽ, máy còn được tích hợp nhiều tính năng AI hỗ trợ chụp ảnh thông minh. Chẳng hạn như AI Motion Sensing phát hiện các chuyển động nhanh và biểu cảm tự nhiên để bắt trọn khoảnh khắc. AI Eraser hỗ trợ xóa chi tiết không mong muốn và tự động làm đầy nền, tiết kiệm công sức chỉnh sửa hậu kỳ.
Pin silicon-carbon bền bỉ, sạc nhanh tiện lợi
Một trong những điểm nhấn quan trọng của điện thoại Honor X9C 5G là viên pin silicon-carbon 6600mAh. Pin có thể phát nhạc liên tục hơn 48 giờ, xem video gần 26 giờ và duy trì cuộc gọi thêm 50 phút dù chỉ còn 2% nhờ AI Super Power Saving Mode.
Kết hợp cùng sạc nhanh HONOR SuperCharge 66W, máy nhanh chóng nạp lại năng lượng, giúp rút ngắn thời gian chờ. Pin còn có lớp phủ bảo vệ và theo dõi nhiệt độ đa điểm, đảm bảo an toàn trong suốt quá trình sạc và sử dụng.
Honor X9d trang bị viên pin 8300 mAh sử dụng trong thời gian dài, đảm bảo đáp ứng được nhu cầu cho cả ngày. Bên cạnh đó, Honor X9d cũng được trang bị chuẩn sạc nhanh 66W và công nghệ sạc ngược - có thể dùng điện thoại để sạc ngược lại cho các thiết bị như tai nghe, đồng hồ thông minh,...
Điện thoại Honor X9C 5G ra mắt khi nào?
Honor X9C chính thức được giới thiệu vào 10/1/2025, mở màn cho dòng sản phẩm X Series mới. Sự kiện ra mắt của Honor X9C 5G đánh dấu bước tiếp theo trong chiến lược phát triển sản phẩm của Honor.
Điện thoại Honor X9C 5G có giá bao nhiêu 04/2026?
Điện thoại Honor X9C 5G được niêm yết tại thị trường Việt Nam với mức giá chỉ từ 7.990.000đ. Đây là một con số dễ tiếp cận so với những công nghệ mà máy mang lại.
Giá bán Honor X9C tại CellphoneS sẽ thay đổi tùy theo từng chương trình khuyến mãi, chi tiết tại tháng 04/2026 như sau:
Tên sản phẩm
Giá bán
Giá thu cũ lên đời
HONOR X9c 5G 12GB 256GB
7.290.000đ
6.290.000đ
Với giá bán này, sản phẩm hướng đến người dùng tìm kiếm sự cân bằng giữa thiết kế hiện đại và các tính năng AI. Đây cũng là một lựa chọn hợp lý cho người dùng văn phòng cần smartphone ổn định.
Mua ngay điện thoại Honor X9C 5G chính hãng tại CellphoneS
Mua ngay điện thoại Honor X9C 5G để trải nghiệm thiết kế bền bỉ cùng dung lượng pin lớn phục vụ trọn vẹn nhu cầu hằng ngày! Sản phẩm được phân phối chính hãng tại CellphoneS với giá bao gồm VAT, đi kèm bảo hành chính hãng. Ngoài ra, cửa hàng còn mang đến nhiều chương trình ưu đãi hấp dẫn và hỗ trợ trả góp linh hoạt. Nhanh chóng đến ngay CellphoneS để sở hữu sản phẩm này!","{""Màn hình"": [{""name"": ""Kích thước màn hình"", ""value"": ""6.78 inches""}, {""name"": ""Công nghệ màn hình"", ""value"": ""AMOLED""}, {""name"": ""Tính năng màn hình"", ""value"": ""2700*1224 Pixels\n1,07 tỷ màu\n1.5 K độ phân giải\n4000nit\n100% DCI-P3""}, {""name"": ""Tần số quét"", ""value"": ""120Hz""}, {""name"": ""Kiểu màn hình"", ""value"": ""Đục lỗ (Nốt ruồi)""}], ""Camera sau"": [{""name"": ""Camera sau"", ""value"": ""Camera chính 108MP (F1.75), OIS + Camera góc rộng 5MP (F2.2)""}, {""name"": ""Quay video"", ""value"": ""1080P""}, {""name"": ""Tính năng camera"", ""value"": ""Điểm nổi bật, Ảnh động, Nhiếp ảnh AI, Khẩu độ, Chế độ ban đêm, Chân dung (bao gồm chế độ làm đẹp), Chuyên nghiệp, Toàn cảnh, HDR, Bộ lọc, Chụp ảnh tua nhanh thời gian, Độ phân giải cao, Chụp nụ cười, Chuyển động chậm, Góc rộng, Đa video, Đóng dấu, Quét tà""}], ""Camera trước"": [{""name"": ""Camera trước"", ""value"": ""16MP (F2.45)""}], ""Vi xử lý & đồ họa"": [{""name"": ""Chipset"", ""value"": ""Qualcomm Snapdragon 6 Gen 1""}], ""Giao tiếp & kết nối"": [{""name"": ""Công nghệ NFC"", ""value"": ""Có""}, {""name"": ""Thẻ SIM"", ""value"": ""2 SIM (Nano-SIM)""}, {""name"": ""Hỗ trợ mạng"", ""value"": ""5G""}, {""name"": ""GPS"", ""value"": ""GPS/AGPS/GLONASS/BeiDou/Galileo""}], ""RAM & lưu trữ"": [{""name"": ""Dung lượng RAM"", ""value"": ""12 GB""}, {""name"": ""Bộ nhớ trong"", ""value"": ""256 GB""}, {""name"": ""Khe cắm thẻ nhớ"", ""value"": ""MicroSD""}], ""Pin & công nghệ sạc"": [{""name"": ""Pin"", ""value"": ""6600mAh, 66W (120V/3.3A)""}, {""name"": ""Cổng sạc"", ""value"": ""USB Type-C""}], ""Tính năng khác"": [{""name"": ""Hệ điều hành"", ""value"": ""MagicOS 8.0, dựa trên Android 14""}], ""Bộ xử lý & Đồ họa"": [{""name"": ""Loại CPU"", ""value"": ""4 x A78 *2.2GHz + 4 x A55*1.8GHz""}], ""Kích thước & Trọng lượng"": [{""name"": ""Kích thước"", ""value"": ""162,8 x 75,5 x 7,98 mm""}, {""name"": ""Trọng lượng"", ""value"": ""Khoảng 189 g (bao gồm pin)""}], ""Thông số khác"": [{""name"": ""Chỉ số kháng nước, bụi"", ""value"": ""IP65""}, {""name"": ""Công nghệ âm thanh"", ""value"": ""HONOR Histen""}], ""Tiện ích khác"": [{""name"": ""Cảm biến vân tay"", ""value"": ""Cảm biến vân tay dưới màn hình""}, {""name"": ""Các loại cảm biến"", ""value"": ""Cảm biến tiệm cận, Cảm biến ánh sáng, La bàn, Con quay hồi chuyển, Cảm biến trọng lực""}, {""name"": ""Tính năng đặc biệt"", ""value"": ""Hỗ trợ 5G, Nhận diện khuôn mặt, Kháng nước, kháng bụi, Điện thoại AI""}], ""Cổng kết nối"": [{""name"": ""Wi-Fi"", ""value"": ""802.11 a/b/g/n/ac (2.4 GHz và 5 GHz)""}, {""name"": ""Bluetooth"", ""value"": ""BT5.1""}]}","[""https://cdn2.cellphones.com.vn/x/media/catalog/product/s/l/slider-honor-x9c-5g-12gb-256gb.jpg"", ""https://cdn2.cellphones.com.vn/x/media/catalog/product/s/l/slider-honor-x9c-5g-12gb-256gb_2.jpg"", ""https://cdn2.cellphones.com.vn/x/media/catalog/product/s/l/slider-honor-x9c-5g-12gb-256gb-2.jpg""]","{""product_color_1"": {""color"": ""Đen"", ""image_url"": ""https://cellphones.com.vn/dien-thoai-honor-x9c-5g.html?product_id=111748"", ""price"": ""7.290.000₫""}, ""product_color_2"": {""color"": ""Tím"", ""image_url"": ""https://cellphones.com.vn/dien-thoai-honor-x9c-5g.html?product_id=111749"", ""price"": ""7.290.000₫""}}"
HONOR Power 2,dien-thoai-honor-power-2,N/A,N/A,"Đặc điểm nổi bật của HONOR Power 2
Điện thoại HONOR Power 2 được trang bị CPU Dimensity 8500 Elite cùng 12GB RAM để không chỉ phục vụ tốt tác vụ giải trí mà còn xử lý tốt tính năng AI. Mẫu điện thoại HONOR này có màn hình OLED 6.79 inch 120Hz, giúp hiển thị hình ảnh đẹp mắt. Với viên pin 10080mAh, HONOR Power 2 còn có khả năng hoạt động bền bỉ.
Nội dung chính
1. Điện thoại HONOR Power 2 - Viên pin siêu lớn, hiệu năng mạnh mẽ
1.1. Tối ưu hóa trải nghiệm với AI
1.2. Hoạt động mượt mà với 2407614 điểm AnTuTu
1.3. Quay chụp siêu rõ nét
1.4. Dung lượng pin hơn 10080mAh
1.5. Màn hình OLED lớn, độ sáng cao
1.6. Thiết kế nổi bật, bền bỉ
2. HONOR Power 2 ra mắt khi nào?
3. Điện thoại HONOR Power 2 có giá bán bao nhiêu?
4. So sánh điện thoại HONOR Power 2 với HONOR Power
5. Mua điện thoại HONOR Power 2 giá tốt tại CellphoneS
Điện thoại HONOR Power 2 - Viên pin siêu lớn, hiệu năng mạnh mẽ
HONOR Power 2 gây ấn tượng với người dùng khi sở hữu thời lượng pin vượt trội cùng cấu hình mạnh mẽ. Dòng điện thoại Honor này còn có vẻ ngoài bắt mắt để phù hợp với thị hiếu của người dùng trẻ hiện nay.
Tối ưu hóa trải nghiệm với AI
Điện thoại HONOR Power 2 sở hữu các tính năng AI ngoài trời như giảm gió và tiếng ồn thông minh khi gọi điện, cải thiện độ sáng màn hình, nhắc nhở thời tiết,... Với cảnh báo gian lận, điện thoại có khả năng phát hiện các thủ đoạn như thay đổi hay bắt chước giọng nói.
Đa dạng tính năng AI ngoài trời
Công nghệ dự đoán cảm biến ánh sáng trên HONOR Power 2 giúp cải thiện hiệu suất khởi động máy ảnh và tốc độ quét tới 40%. Tính năng Yoyo Intelligent Body được huấn luyện với hơn 3000 kịch bản sẽ khiến việc tương tác giữa điện thoại và người dùng tự nhiên hơn.
Hoạt động mượt mà với 2407614 điểm AnTuTu
Điện thoại HONOR Power 2 được trang bị CPU Dimensity 8500 Elite của MediaTek và GPU Mali-G720 MC8. Với số điểm AnTuTu đạt 2407614, người dùng có thể thoải mái sử dụng điện thoại để phục vụ các nhu cầu chơi game đồ hoạ hay chỉnh sửa video.
Duy trì hiệu năng ổn định
12GB RAM LPDDR5X mà điện thoại được trang bị sẽ giúp đẩy nhanh tốc độ thực hiện tác vụ đa nhiệm. HONOR Power 2 còn sở hữu hệ thống làm mát sử dụng VC radium và than chì tinh thể lục giác, có diện tích hơn 40000mm2, để duy trì hiệu năng ổn định.
Quay chụp siêu rõ nét
Điện thoại HONOR Power 2 sử dụng cảm biến 50MP cho camera sau để hỗ trợ quay với chất lượng lên tới 3840 x 2160 pixels. Nhờ vậy, mọi khoảnh khắc đáng nhớ sẽ được lưu giữ lại với màu sắc đẹp mắt cùng độ chi tiết cao. Ngoài ra, cụm camera sau của HONOR Power 2 còn được trang bị thêm một ống kính góc rộng 5MP.
Camera quay chụp đẹp mắt
Ở mặt trước, HONOR Power 2 sử dụng cảm biến 16MP để hỗ trợ tốt các nhu cầu chụp hình cá nhân, tập thể hay gọi điện video. Kèm theo đó là đa dạng các chế độ chân dung, tính năng chụp hình bằng cử chỉ, giọng nói, nhận diện khuôn mặt,...
Dung lượng pin hơn 10080mAh
Điện thoại HONOR Power 2 sở hữu dung lượng pin vô cùng ấn tượng, lên tới 10080mAh. Với viên pin này, HONOR Power 2 có thể sáng màn hình liên tục tới 20.3 giờ, chơi game 14.2 giờ hay xem video tới 26.3 giờ. Tuy nhiên thời gian sử dụng thực tế sẽ còn có sự thay đổi tùy theo nhu cầu của mỗi người dùng.
Hoạt động bền bỉ với viên pin 10080mAh
HONOR Power 2 còn được trang bị công nghệ sạc 80W để tối ưu thời gian nạp năng lượng cho viên pin 10080mAh. Mẫu điện thoại này cũng sở hữu tính năng sạc ngược có dây 27W nhằm duy trì hoạt động ổn định cho các thiết bị khác trong những trường hợp khẩn cấp.
Màn hình OLED lớn, độ sáng cao
Điện thoại HONOR Power 2 được trang bị màn hình phẳng OLED có kích thước 6.79 inch và độ sáng cực đại lên tới 8000 nits. Độ sáng này giúp máy luôn hiển thị rõ nét ngay cả dưới điều kiện ánh sáng mạnh. Với dải màu DCI-P3 và độ phân giải 2640 x 1200 pixels, hình ảnh hiển thị còn được tái hiện một cách sống động.
Màn hình rõ nét, tái tạo màu sống động
Màn hình bảo vệ mắt HONOR Oasis mà điện thoại sở hữu có khả năng điều chỉnh độ sáng, làm dịu tầm nhìn, hạn chế ánh sáng xanh,...để bảo vệ mắt người dùng. Tần số quét 120Hz mang tới sự uyển chuyển, mượt mà trong từng chuyển động trên màn hình của HONOR Power 2. 
Thiết kế nổi bật, bền bỉ
Điện thoại HONOR Power 2 sở hữu vẻ ngoài mang đậm dấu ấn của các mẫu flagship hiện nay. Phần khung kim loại cứng cáp giúp điện thoại hạn chế bám dầu, vân tay cũng như loại bỏ tình trạng bị uốn. Nhờ sử dụng công nghệ khắc lạnh, HONOR Power 2 còn thân thiện với làn da để tạo cảm giác thoải mái khi cầm nắm.
Thiết kế đậm chất flagship
Mẫu điện thoại này còn được tích hợp các chứng nhận IP66, IP68, IP69, IP69K. Điều này giúp HONOR Power có khả năng kháng thấm nước, bụi hiệu quả khi sử dụng ở những điều kiện đặc biệt. Tuy nhiên, người dùng vẫn cần tránh để điện thoại hoạt động trong môi trường có nhiệt độ quá cao hay tiếp xúc với hóa chất tẩy rửa.
HONOR Power 2 ra mắt khi nào?
Điện thoại HONOR Power 2 đã chính thức được giới thiệu vào ngày 5/1 tại Trung Quốc với 3 tuỳ chọn màu cam, trắng và đen. Tuy nhiên, HONOR hiện vẫn chưa công bố thời gian mở bán phiên bản quốc tế. Người dùng có thể để lại thông tin tại CellphoneS để sớm cập nhật thời điểm HONOR Power 2 ra mắt tại Việt Nam.
HONOR Power 2 được ra mắt vào ngày 5/1/2026
Điện thoại HONOR Power 2 có giá bán bao nhiêu?
Ngoài 3 tuỳ chọn màu sắc, HONOR Power 2 còn được giới thiệu 2 phiên bản cấu hình. Trong đó:
Phiên bản
Giá bán quốc tế
Quy đổi sang VNĐ
HONOR Power 2 12GB - 256GB
2699 CNY
Khoảng 10.140.000đ
HONOR Power 2 12GB - 512GB
2999 CNY
Khoảng 11.260.000đ
HONOR Power 2 sở hữu giá bán phải chăng
So sánh điện thoại HONOR Power 2 với HONOR Power
Điện thoại HONOR Power 2 có những nâng cấp nổi bật gì so với chiếc HONOR Power tiền nhiệm? Bảng so sánh sau đây sẽ giúp người dùng biết rõ được những thay đổi mà HONOR Power 2 sở hữu:
Thông số
HONOR Power 2
Honor Power
Kích thước màn hình
6.79 inches
6.78 inches
Công nghệ màn hình
AMOLED
AMOLED
Camera sau
Camera kép 50 MP + 5 MP góc siêu rộng
Camera chính: 50 MP f/1.95
Camera phụ: 5 MP
Camera trước
16 MP
16 MP f/2.45
Chipset
MediaTek Dimensity 8500 Elite
Qualcomm Snapdragon 7 Gen 3
Công nghệ NFC
Có
Pin
10080mAh
8.000mAh
Thẻ SIM
2 Nano-SIM
Hệ điều hành
MagicOS 10 (dựa trên Android 16)
MagicOS 9.0 - Android 15
Tính năng màn hình
Độ phân giải màn hình: 2640*1200 điểm ảnh
Gam màu rộng DCI-P3, 1,07 tỷ màu
Độ sáng cực đại HDR: 8000nits
Độ sáng đỉnh toàn cầu: 1800nits
Hỗ trợ đa chạm, lên đến 10 chạm
Độ phân giải: 2.700 x 1.224 pixels
Tần số quét: 120 Hz
Độ sáng tối đa 4.000 nits
DCI-P3
Loại CPU
Tám lõi, 1x A725 @3.4GHz+3x A725 @3.2GHz+4x A725 @2.2GHz
Từ bảng so sánh trên, có thể thấy HONOR Power 2 được tập trung nâng cấp về hiệu năng và thời lượng pin. Viên pin 10080mAh mang tới thời gian hoạt động dài hơn nhiều so với thế hệ điện thoại tiền nhiệm. Ngoài ra, CPU Dimensity 8500 Elite cũng đem đến khả năng xử lý nhanh chóng, hiệu quả hơn.
Mua điện thoại HONOR Power 2 giá tốt tại CellphoneS
Điện thoại HONOR Power 2 sẽ sớm có mặt tại hệ thống các cửa hàng CellphoneS để khách hàng tới trải nghiệm. Khách hàng có thể tìm hiểu thêm các thông tin về mẫu điện thoại HONOR này tại website của CellphoneS.
CellphoneS còn có rất nhiều chiết khấu và ưu đãi thanh toán để giúp khách hàng sở hữu mẫu điện thoại này với giá cực tốt. Kèm theo đó là hỗ trợ bảo hành dài hạn nhằm giúp khách hàng thoải mái trải nghiệm điện thoại.","{""Màn hình"": [{""name"": ""Kích thước màn hình"", ""value"": ""6.79 inches""}, {""name"": ""Công nghệ màn hình"", ""value"": ""AMOLED""}, {""name"": ""Tính năng màn hình"", ""value"": ""Độ phân giải màn hình: 2640*1200 điểm ảnh\nGam màu rộng DCI-P3, 1,07 tỷ màu\nĐộ sáng cực đại HDR: 8000nits\nĐộ sáng đỉnh toàn cầu: 1800nits\nHỗ trợ đa chạm, lên đến 10 chạm""}, {""name"": ""Tần số quét"", ""value"": ""120Hz""}, {""name"": ""Kiểu màn hình"", ""value"": ""Đục lỗ (Nốt ruồi)""}], ""Camera sau"": [{""name"": ""Camera sau"", ""value"": ""Camera kép 50 MP + 5 MP góc siêu rộng""}, {""name"": ""Quay video"", ""value"": ""Hỗ trợ tối đa cho quay video 4K""}, {""name"": ""Tính năng camera"", ""value"": ""Chụp ảnh AI, chế độ điểm ảnh cao, góc rộng, chế độ ban đêm, chế độ chân dung (bao gồm cả làm đẹp da), chế độ chuyên nghiệp, chế độ xem toàn cảnh, bộ lọc, hình mờ, chụp cười, chụp bằng giọng nói, chụp theo thời gian, v.v.""}], ""Camera trước"": [{""name"": ""Camera trước"", ""value"": ""16 MP""}, {""name"": ""Quay video trước"", ""value"": ""Hỗ trợ tối đa cho quay video 1080P""}], ""Vi xử lý & đồ họa"": [{""name"": ""Chipset"", ""value"": ""MediaTek Dimensity 8500 Elite""}, {""name"": ""GPU"", ""value"": ""Mali-G720 MC8""}], ""Giao tiếp & kết nối"": [{""name"": ""Công nghệ NFC"", ""value"": ""Có""}, {""name"": ""Thẻ SIM"", ""value"": ""2 Nano-SIM""}, {""name"": ""Hồng ngoại"", ""value"": ""Có""}, {""name"": ""Hỗ trợ mạng"", ""value"": ""5G""}, {""name"": ""GPS"", ""value"": ""Beidou, GPS, GLONASS, Galileo, QZSS, NavIC, A-GNSS""}], ""Pin & công nghệ sạc"": [{""name"": ""Pin"", ""value"": ""10080mAh""}, {""name"": ""Công nghệ sạc"", ""value"": ""Hỗ trợ sạc siêu nhanh lên đến 80W\nHỗ trợ sạc nhanh ngược có dây 27W""}, {""name"": ""Cổng sạc"", ""value"": ""USB Type-C""}], ""Tính năng khác"": [{""name"": ""Hệ điều hành"", ""value"": ""MagicOS 10 (dựa trên Android 16)""}], ""Bộ xử lý & Đồ họa"": [{""name"": ""Loại CPU"", ""value"": ""Tám lõi, 1x A725 @3.4GHz+3x A725 @3.2GHz+4x A725 @2.2GHz""}], ""Kích thước & Trọng lượng"": [{""name"": ""Kích thước"", ""value"": ""162,1 x 76,3 x 7,98 mm""}, {""name"": ""Trọng lượng"", ""value"": ""Khoảng 216 gram (bao gồm cả pin)""}], ""Thông số khác"": [{""name"": ""Chỉ số kháng nước, bụi"", ""value"": ""IP66, IP68, IP69, IP69K""}], ""Tiện ích khác"": [{""name"": ""Các loại cảm biến"", ""value"": ""Cảm biến gia tốc, Cảm biến tiệm cận, Cảm biến ánh sáng, Con quay hồi chuyển, Cảm biến trọng lực""}, {""name"": ""Tính năng đặc biệt"", ""value"": ""Hỗ trợ 5G, Sạc không dây, Bảo mật vân tay, Nhận diện khuôn mặt, Kháng nước, kháng bụi, Điện thoại AI""}], ""Cổng kết nối"": [{""name"": ""Wi-Fi"", ""value"": ""Hỗ trợ Wi-Fi 6 (802.11 ax) và 802.11 a/b/g/n/ac""}, {""name"": ""Bluetooth"", ""value"": ""Bluetooth 6.0""}]}","[""https://cdn2.cellphones.com.vn/x/media/catalog/product/d/i/dien-thoai-honor-power-2.jpg""]",{}
HONOR 600 Pro 5G 12GB 256GB,dien-thoai-honor-600-pro,N/A,N/A,"Điện thoại HONOR 600 Pro được tích hợp vi xử lý Snapdragon 8 Elite cực kỳ mạnh mẽ kết hợp cùng dung lượng pin lớn 7000mAh giúp máy hoạt động bền bỉ. Màn hình 6.57 inch đạt độ sáng tối đa 8000 nits mang lại khả năng hiển thị tốt dưới ánh nắng. Camera chính 200MP được trang bị CIPA5.0 OIS giúp ghi lại hình ảnh sắc nét.
Lưu ý: Sản phẩm hiện chưa chính thức ra mắt, do đó các thông tin trong bài viết đều được tổng hợp dựa trên những nguồn uy tín. Mọi thông tin sẽ được cập nhật chính xác và đầy đủ ngay khi thiết bị chính thức ra mắt khách hàng.
Nội dung chính
1. Điện thoại HONOR 600 Pro - Sức mạnh Snapdragon 8 Elite, pin bền bỉ
1.1. Tối ưu hóa trải nghiệm sáng tạo với bộ công cụ AI thông minh
1.2. Sức mạnh xử lý vượt trội từ nền tảng Snapdragon 8 Elite
2. Điện thoại HONOR 600 Pro khi nào ra mắt?
3. Điện thoại HONOR 600 Pro giá bán bao nhiêu tiền?
4. So sánh điện thoại HONOR 600 Pro với HONOR 500 Pro
5. Mua điện thoại HONOR 600 Pro chính hãng, giá tốt tại CellphoneS
Điện thoại HONOR 600 Pro - Sức mạnh Snapdragon 8 Elite, pin bền bỉ
Mẫu điện thoại HONOR này hội tụ nhiều nâng cấp công nghệ mang lại hiệu năng vượt trội và khả năng nhiếp ảnh đa dụng. Bên cạnh đó, các công cụ xử lý thông minh được tích hợp sâu giúp thao tác sáng tạo nội dung trở nên trực quan hơn.
Tối ưu hóa trải nghiệm sáng tạo với bộ công cụ AI thông minh
Điện thoại HONOR 600 Pro tối ưu hóa thao tác điều khiển nhờ được trang bị phím chức năng AI Button tiện lợi cùng hệ sinh thái phần mềm hiện đại. Nhờ có công cụ đắc lực này, người dùng dễ dàng kích hoạt nhanh chóng các lối tắt tác vụ thiết lập sẵn, qua đó tiết kiệm đáng kể thời gian xử lý công việc hàng ngày.
Thiết bị tích hợp phím AI giúp xử lý tác vụ nhanh chóng.
Bên cạnh đó, tính năng AI Image to Video cho phép người dùng tự động chuyển đổi các bức ảnh tĩnh thành những đoạn video chuyển động mượt mà. Hơn nữa, công nghệ Magic Color hoạt động song hành để phân tích và tinh chỉnh màu sắc hài hòa, giúp các tác phẩm đa phương tiện luôn đạt chất lượng thị giác cao.
Sức mạnh xử lý vượt trội từ nền tảng Snapdragon 8 Elite
Hiệu năng vượt trội của điện thoại HONOR 600 Pro được định hình bởi vi xử lý Snapdragon 8 Elite, đảm bảo xử lý mượt mà mọi tác vụ. Nhờ vào nền tảng phần cứng cốt lõi này, mọi ứng dụng nặng hay các trò chơi đồ họa cao đều được hệ thống xử lý với tốc độ phản hồi nhanh chóng.
Thiết bị xử lý nhanh mọi ứng dụng với chip Snapdragon 8 Elite.
Không chỉ sở hữu hiệu năng mạnh mẽ, thiết bị còn được trang bị màn hình 6.57 inch có mật độ điểm ảnh 458ppi, mang đến không gian hiển thị chi tiết và sắc nét. Đặc biệt, độ sáng tối đa vươn tới mức 8000 nits giúp tấm nền màn hình duy trì chất lượng hình ảnh rõ ràng ngay cả dưới môi trường ánh sáng ngoài trời.
Điện thoại HONOR 600 Pro khi nào ra mắt?
Điện thoại HONOR 600 Pro chính thức ra mắt vào quý 2 năm 2026, cụ thể là trong tháng 5 hoặc tháng 6. Sản phẩm này bắt đầu được phát hành từ các thị trường quốc tế trước khi trình làng tại Trung Quốc. Sự kiện giới thiệu thiết bị đã nhanh chóng thu hút sự quan tâm đông đảo từ cộng đồng yêu công nghệ trên toàn cầu.
Mẫu smartphone này trình làng quốc tế trong quý 2/2026
Điện thoại HONOR 600 Pro giá bán bao nhiêu tiền?
HONOR 600 Pro có giá khởi điểm 3.599 RMB tại Trung Quốc và khoảng 13.359.000 đồng cho bản 12GB/256GB ở Việt Nam. Sản phẩm thuộc phân khúc cận cao cấp, phù hợp cho người dùng đam mê nhiếp ảnh di động và yêu cầu xử lý tác vụ cường độ cao.
Phiên bản
Giá bán Việt Nam
Giá bán quốc tế
12GB/256GB
13.359.000đ
3.599 RMB
12GB/512GB
14.469.000đ
3.899 RMB
16GB/512GB
15.579.000đ
4.199 RMB
16GB/1TB
17.799.000đ
4.799 RMB
HONOR 600 Pro có giá bán chỉ từ 13.359.000 đồng
So sánh điện thoại HONOR 600 Pro với HONOR 500 Pro
Việc đối chiếu hai thế hệ thiết bị kế cận giúp người dùng dễ dàng nhận diện những thay đổi công nghệ cốt lõi trên phiên bản mới. Dưới đây là bảng tổng hợp chi tiết sự khác biệt giữa điện thoại HONOR 600 Pro và thế hệ tiền nhiệm HONOR 500 Pro.
Thông số
HONOR 600 Pro
HONOR 500 Pro
Kích thước màn hình
6.57 inch
6.55 inch
Độ sáng tối đa
8000 nits
6000 nits
Mật độ điểm ảnh
458 ppi
460 ppi
Camera tele
50MP 3.5X (Periscope Telephoto)
50MP tele tiềm vọng 3x
Dung lượng pin
7000mAh
8000 mAh
Kháng nước/bụi
IP68 & IP69
IP68/IP69K
Dòng máy mới sở hữu khả năng quay chụp ấn tượng hơn.
HONOR 600 Pro được nâng cấp độ sáng lên 8000 nits, đảm bảo hiển thị rõ ràng dưới nắng gắt. Đồng thời, ống kính tele 3.5X hỗ trợ người dùng dễ dàng bắt trọn vật thể từ xa. Trong khi bản 600 Pro hướng tới thiết kế cân bằng, thế hệ tiền nhiệm HONOR 500 Pro lại tập trung vào thời lượng sử dụng với viên pin lớn 8000mAh.
Mua điện thoại HONOR 600 Pro chính hãng, giá tốt tại CellphoneS
Khách hàng có thể đến CellphoneS để mua điện thoại HONOR 600 Pro chính hãng với giá hấp dẫn. Thiết bị được cam kết giao đến tay người mua trong tình trạng mới và kèm theo trọn bộ phụ kiện từ nhà sản xuất. Ngoài ra, khách hàng còn được hỗ trợ trả góp 0% và nhận mức giá cực kỳ tiết kiệm dành cho thành viên Smember. Hãy nhanh tay đặt hàng ngay hôm nay để trải nghiệm thiết bị tuyệt vời này!","{""Màn hình"": [{""name"": ""Kích thước màn hình"", ""value"": ""6.57 inches""}], ""RAM & lưu trữ"": [{""name"": ""Dung lượng RAM"", ""value"": ""12 GB""}, {""name"": ""Bộ nhớ trong"", ""value"": ""256 GB""}], ""Pin & công nghệ sạc"": [{""name"": ""Pin"", ""value"": ""9000mAh""}], ""Giao tiếp & kết nối"": [{""name"": ""Hỗ trợ mạng"", ""value"": ""5G""}]}","[""https://cdn2.cellphones.com.vn/x/media/catalog/product/d/i/dien-thoai-honor-600-pro.jpg""]",{}
Honor Magic 5 Pro,honor-magic-5-pro,N/A,N/A,"Honor Magic 5 Pro sở hữu một cấu hình vô cùng “xịn sò” với màn hình OLED 6,81 inch, chip Snapdragon 8 Gen, 8 - 12GB RAM và dung lượng tối đa lên tới 512GB. Chiếc điện thoại Honor này còn sở hữu một thiết kế độc nhất cùng cụm 3 camera 50MP chất lượng cực cao để đáp ứng tốt mọi nhu cầu quay, chụp của người dùng.
Nội dung chính
1. Honor Magic 5 Pro - Cấu hình cao cấp, ngoại hình độc nhất
1.1. Mạnh mẽ với chip Qualcomm cao cấp nhất cùng 12GB RAM
1.2. Cụm 3 camera 50MP chất lượng
1.3. Viên pin 5100 mAh hỗ trợ sạc nhanh 66W
1.4. Màn hình OLED đục lỗ khác biệt
1.5. Thiết kế độc đáo với cụm camera độc nhất
2. Honor Magic 5 Pro khi nào ra mắt?
3. Giá Honor Magic 5 Pro bao nhiêu?
4. Mua điện thoại Honor Magic 5 Pro giá tốt, chính hãng tại CellphoneS
Honor Magic 5 Pro - Cấu hình cao cấp, ngoại hình độc nhất
Đầu năm 2023, Honor đã giới thiệu mẫu flagship mới nhất mang tên Honor Magic 5 Pro ra thị trường. Mẫu điện thoại cao cấp này gây bất ngờ khi được trang bị một cấu hình “xịn sò” và một ngoại hình độc nhất. Cùng CellphoneS tìm hiểu chi tiết hơn về mẫu flagship mới ra của Honor trong bài viết dưới đây.
Mạnh mẽ với chip Qualcomm cao cấp nhất cùng 12GB RAM
Honor Magic 5 Pro sẽ được trang bị con chip cao cấp, mạnh mẽ nhất trong phân khúc flagship của Qualcomm, chip Snapdragon 8 Gen 2. Co chip 8 nhân 4nm này có khả năng cải thiện tới 25% hiệu suất cùng 40% năng lượng so với phiên bản Magic 4 Pro tiền nhiệm.
Để phát huy được trọn vẹn sức mạnh của chip Snapdragon 8 Gen 2, Honor còn trang bị tới RAM 12GB. Nhờ vậy mà mọi tác vụ giải trí, chơi game, hiệu chỉnh hình ảnh, video trên mẫu điện thoại này sẽ luôn có được sự mượt mà, thoải mái.
Điện thoại Magic 5 Pro cũng sẽ có hai tuỳ chọn bộ nhớ 256GB và 512GB. Phiên bản bộ nhớ 128GB đã bị loại bỏ hoàn toàn do Honor nhận thấy dung lượng này không thể nào đáp ứng được nhu cầu lưu trữ hình ảnh, video chất lượng cao cũng như cài đặt ứng dụng của người dùng.
Honor Magic V5 là phiên bản điện thoại gập mỏng nhất cho đến thời điểm chính thức ra mắt - tháng 10/2025. Xem ngay Magic V5 đã được nâng cấp những gì, giá bán ra sao nhé.
Cụm 3 camera 50MP chất lượng
Camera chắc chắn là điểm mà người dùng mong đợi nhất trên chiếc Honor Magic 5 Pro. Và quả thực thì chỉ nhìn sơ qua thiết kế, camera của mẫu flagship của Honor cũng đã không gây thất vọng với người dùng. Magic 5 Pro sẽ sở hữu cụm 3 camera sau 50MP cực chất lượng để đáp ứng được cả các nhu cầu chụp hình, quay video chuyên nghiệp.
Và chắc chắn rằng hình ảnh mà camera của điện thoại Magic 5 Pro chụp lại sẽ không khiến bạn thất vọng. Các bức hình có được độ chi tiết cao, cân bằng về màu sắc, ánh sáng, có chiều sâu cũng như không gặp hiện tượng nhiễu hạt. Ngay cả các chi tiết được phóng lên cũng có được chất lượng tương đương.
Ở mặt trước của Magic 5 Pro là một camera selfie 12MP có khả năng thay đổi tiêu cự để chụp hình, quay video được ở nhiều góc độ và phục vụ nhiều mục đích khác nhau.
Viên pin 5100 mAh hỗ trợ sạc nhanh 66W
Là một sản phẩm thuộc phân khúc cao cấp, Honor Magic 5 Pro luôn phải đảm bảo được độ mỏng, nhẹ để đủ sức cạnh tranh về mặt ngoại hình. Nhưng điều này không có nghĩa là Magic 5 Pro không thể sở hữu một viên pin lớn. Và Honor đã thực sự làm điều đó khi trang bị viên pin 5100 mAh cho mẫu điện thoại này.
Dung lượng pin lớn kết hợp cùng khả năng tối ưu điện năng xuất sắc của chip Snapdragon 8 Gen 2 sẽ mang tới thời lượng sử dụng vô cùng thoải mái với đa dạng các tác vụ của Magic 5 Pro. Điện thoại cũng sẽ có thể hỗ trợ sạc nhanh công suất 66W (có dây) và 50W (không dây) để nạp đầy pin chỉ trong chưa tới 50 phút.
Xem thêm Honor Magic 6 Pro cũng ấn tượng không kém khi sở hữu màn hình 6.8 inches, chip Snapdragon 8 Gen 3 và pin đến 5600 mAh.
Màn hình OLED đục lỗ khác biệt
Màn hình mà Honor Magic 5 Pro sở hữu là loại màn hình vừa lạ vừa quen. Là ở chỗ màn hình của điện thoại Magic 5 Pro vẫn sẽ sử dụng tấm nền LTPO OLED để có được khả năng tái tạo màu sắc xuất sắc nhất hiện nay. Màn hình Magic 5 Pro sẽ có độ phân giải FHD+, kích thước 6,8 inch và tần số 120Hz để mang tới không gian hiển thị lớn, sắc nét.
Điểm khác biệt ở đây là loại màn hình mà điện thoại Magic 5 Pro sử dụng. Mẫu flagship mới của Honor sẽ sử dụng màn hình đục lỗ dạng viên nhộng thay vì chấm “O” như trên các sản phẩm khác. Ngoài ra, màn hình điện thoại sẽ được làm cong dạng 3D để mang tới trải nghiệm thị giác chân thực hơn cũng như hỗ trợ cầm nắm, tốt hơn.
Thiết kế độc đáo với cụm camera độc nhất
Thiết kế chính là điểm ấn tượng đầu tiên đập vào mắt người dùng ngay từ lần đầu tiếp xúc với Honor Magic 5 Pro. Bởi ở mặt lưng, Honor đã đặt cụm camera theo dạng tam giác trong một vòng tròn kim loại lớn, hơi nhô lên. Mặt lưng kính của điện thoại được làm nhám mờ để hạn chế tình trạng bám bẩn, mồ hôi và vân tay.
Dù không đi theo xu hướng thiết kế vuông vức, mạnh mẽ hiện nay nhưng điện thoại Magic 5 Pro của Honor vẫn đảm bảo được sự cao cấp, sang trọng mà một sản phẩm flagship cần phải có.
Honor Magic 5 Pro khi nào ra mắt?
Honor Magic 5 Pro đã được chính thức giới thiệu vào đầu năm 2023, trong sự kiện MWC (Mobile World Congress) diễn ra tại Tây Ban Nha. Ở thời điểm hiện tại, sản phẩm đã có thể dễ dàng đặt mua tại các chi nhánh của CellphoneS ở mọi tỉnh, thành phố trên cả nước.
Mẫu flagship mới nhất của Honor sẽ gồm hai phiên bản màu sắc là đen và xanh rêu (Meadow Green). Trong đó, phiên bản Magic 5 Pro đen sẽ có mặt lưng kính bóng trong khi phiên bản Meadow Green sẽ có mặt lưng nhám nhẹ để phù hợp với từng sở thích của người dùng.
Giá Honor Magic 5 Pro bao nhiêu?
Đi kèm với 2 tuỳ chọn màu sắc, Honor Magic 5 Pro sẽ có tới 3 cấu hình hình với dung lượng RAM tối đa 16GB và bộ nhớ tối đa 512GB để người dùng lựa chọn. Giá bán của Magic 5 Pro sẽ từ 30,2 triệu đồng cho phiên bản cấu hình thấp nhất 8GB + 256GB.
Với thiết kế độc đáo, khác biệt số đông, hệ thống camera có chất lượng chụp đồng đều ở mọi tính năng và hiệu năng vô cùng mạnh mẽ, Honor Magic 5 Pro sẽ là mẫu điện thoại phù hợp với những ai đang tìm kiếm một chút phá cách, mới mẻ giữa những sản phẩm iPhone 14 Series, Samsung S23 Series,...đã quá quen thuộc.
Mua điện thoại Honor Magic 5 Pro giá tốt, chính hãng tại CellphoneS
Điện thoại Honor Magic 5 Pro hiện đang đã có mặt trên các kệ hàng tại hơn 100 cửa hàng của CellphoneS trên mọi tỉnh, thành phố để bạn tới tận nơi trải nghiệm trực tiếp. Đi kèm với mẫu flagship này còn là nhiều ưu đãi, quà tặng, chính sách bảo hành dài hạn,...để bạn có cơ hội mua được điện thoại Magic 5 Pro với mức giá tốt nhất.","{""Màn hình"": [{""name"": ""Kích thước màn hình"", ""value"": ""6.8 inches""}, {""name"": ""Công nghệ màn hình"", ""value"": ""LTPO OLED""}, {""name"": ""Độ phân giải màn hình"", ""value"": ""1312 x 2848 pixels""}, {""name"": ""Tính năng màn hình"", ""value"": ""Tần số quét 120 Hz, 1.800 nits""}], ""Camera sau"": [{""name"": ""Camera sau"", ""value"": ""Camera chính: 50 MP, f/1.6\nCamera tele: 50 MP, f/2.0\nCamera góc siêu rộng: 50 MP, f/3.0\nCamera selfie: 12 MP, f/2.4""}], ""Camera trước"": [{""name"": ""Camera trước"", ""value"": ""12.5 MP""}], ""Vi xử lý & đồ họa"": [{""name"": ""Chipset"", ""value"": ""Snapdragon 8+ Gen 3""}], ""Giao tiếp & kết nối"": [{""name"": ""Công nghệ NFC"", ""value"": ""Có""}], ""RAM & lưu trữ"": [{""name"": ""Dung lượng RAM"", ""value"": ""8 GB""}, {""name"": ""Bộ nhớ trong"", ""value"": ""256 GB""}], ""Pin & công nghệ sạc"": [{""name"": ""Pin"", ""value"": ""5.100 mAh""}, {""name"": ""Công nghệ sạc"", ""value"": ""Sạc nhanh 66 W""}], ""Kích thước & Trọng lượng"": [{""name"": ""Kích thước"", ""value"": ""Dày 8.8 mm.""}, {""name"": ""Trọng lượng"", ""value"": ""219 g""}]}","[""https://cdn2.cellphones.com.vn/x/media/catalog/product/h/o/honor-magic-5-pro_1_.png"", ""https://cdn2.cellphones.com.vn/x/media/catalog/product/h/o/honor-magic-5-pro.png""]",{}
Honor Magic 6 Pro,dien-thoai-honor-magic-6-pro-77856,N/A,N/A,,"{""Màn hình"": [{""name"": ""Kích thước màn hình"", ""value"": ""6.8 inches""}, {""name"": ""Công nghệ màn hình"", ""value"": ""OLED""}, {""name"": ""Tính năng màn hình"", ""value"": ""1.07 tỷ màu""}], ""Camera sau"": [{""name"": ""Camera sau"", ""value"": ""Camera chính: 50 MP, f/1.4\nCamera góc siêu rộng: 50 MP, f/2.0\nCamera Telephoto tiềm vọng: 180MP, f/2.6, Zoom quang 2,5x, Zoom kỹ thuật số 100x, OIS""}, {""name"": ""Quay video"", ""value"": ""3840 × 2160 pixels\n16384 x 12288 pixels""}, {""name"": ""Tính năng camera"", ""value"": ""Chân dung, Hình mờ, Chụp nụ cười, Phản chiếu trong gương, Hẹn giờ, Ban đêm, Điều khiển bằng cử chỉ""}], ""Camera trước"": [{""name"": ""Camera trước"", ""value"": ""50MP, f/2.0\nCamera độ sâu 3D""}, {""name"": ""Quay video trước"", ""value"": ""3840 × 2160 pixels""}], ""Vi xử lý & đồ họa"": [{""name"": ""Chipset"", ""value"": ""Snapdragon 8 Gen 3""}, {""name"": ""GPU"", ""value"": ""Adreno 750""}], ""Giao tiếp & kết nối"": [{""name"": ""Công nghệ NFC"", ""value"": ""Có""}, {""name"": ""Thẻ SIM"", ""value"": ""2 SIM (Nano-SIM)""}, {""name"": ""Hồng ngoại"", ""value"": ""Có""}, {""name"": ""Jack tai nghe 3.5"", ""value"": ""Không""}, {""name"": ""Hỗ trợ mạng"", ""value"": ""5G""}, {""name"": ""GPS"", ""value"": ""GPS /AGPS/GLONASS/BeiDou/Galileo""}], ""RAM & lưu trữ"": [{""name"": ""Dung lượng RAM"", ""value"": ""12 GB""}, {""name"": ""Bộ nhớ trong"", ""value"": ""512 GB""}], ""Pin & công nghệ sạc"": [{""name"": ""Pin"", ""value"": ""5600 mAh""}, {""name"": ""Công nghệ sạc"", ""value"": ""Sạc nhanh 100W""}, {""name"": ""Cổng sạc"", ""value"": ""USB Type-C""}], ""Tính năng khác"": [{""name"": ""Hệ điều hành"", ""value"": ""Android 14""}], ""Bộ xử lý & Đồ họa"": [{""name"": ""Loại CPU"", ""value"": ""1×Cortex-X4 3.3GHz+3×Cortex-A720\n3.2GHz+2×Cortex-A720\n3.0GHz+2×Cortex-A520 2.3GHz""}], ""Kích thước & Trọng lượng"": [{""name"": ""Kích thước"", ""value"": ""162.5 x 75.8 x 8.9 mm""}, {""name"": ""Trọng lượng"", ""value"": ""219 g""}], ""Thông số khác"": [{""name"": ""Chỉ số kháng nước, bụi"", ""value"": ""IP68""}, {""name"": ""Công nghệ âm thanh"", ""value"": ""Hiệu ứng âm thanh DTS:X® Ultra\nBộ khuếch đại âm thanh nổi""}], ""Tiện ích khác"": [{""name"": ""Các loại cảm biến"", ""value"": ""Cảm biến gia tốc, Cảm biến tiệm cận, Cảm biến ánh sáng, La bàn, Con quay hồi chuyển, Cảm biến trọng lực""}], ""Cổng kết nối"": [{""name"": ""Wi-Fi"", ""value"": ""802.11 a/b/g/n/ac/ax/be，2x2 MIMO""}, {""name"": ""Bluetooth"", ""value"": ""BT5.3, BLE, SBC, AAC, LDAC, APTX, APTX HD""}]}","[""https://cdn2.cellphones.com.vn/x/media/catalog/product/d/i/dien-thoai-honor-magic-6-pro_4_.png"", ""https://cdn2.cellphones.com.vn/x/media/catalog/product/d/i/dien-thoai-honor-magic-6-pro_5_.png""]",{}
Honor Magic 5,honor-magic-5,N/A,N/A,"Honor Magic 5 được trang bị con chip Snapdragon 8 Gen 2 mạnh mẽ, chip GPU Adreno 740 cùng bộ nhớ RAM 12GB mang lại đa nhiệm mượt mà. Mẫu điện thoại Honor này còn sở hữu màn hình OLED 6.73 inch cùng với đó là khả năng nhiếp ảnh đỉnh cao với cụm ba camera 54MP - 50MP - 32MP. Honor Magic 5 hữu dung lượng pin 5100mAh cùng công suất sạc 66W cực nhanh mang lại thời gian sử dụng ấn tượng cho người dùng.
Nội dung chính
1. Điện thoại Honor Magic 5 - Cấu hình đỉnh cao, hiển thị mượt mà
1.1. Tấm nền hiển thị OLED cho chất lượng hình ảnh siêu mượt mà
1.2. Cấu hình đỉnh cao, dung lượng bộ nhớ khủng
1.3. Camera sắc nét, nâng cao trải nghiệm quay chụp
1.4. Thỏa sức trải nghiệm ngày dài với dung lượng pin 5100mAh
2. Điện thoại Honor Magic 5 khi nào ra mắt?
3. Điện thoại Honor Magic 5 giá bao nhiêu?
4. Mua điện thoại Honor Magic 5 chính hãng, giá tốt tại CellphoneS
Điện thoại Honor Magic 5 - Cấu hình đỉnh cao, hiển thị mượt mà
Đầu tháng 3 vừa rồi, thị trường lại vừa đón nhận thêm một thế hệ smartphone cao cấp tới từ nhà Honor - Honor Magic 5. Dù mới chỉ vừa được trình làng nhưng ấn phẩm công nghệ 2023 của Honor này đã thu hút được sự quan tâm lớn từ người tiêu dùng.
Với những đột phá về thông số, Honor Magic thế hệ thứ 5 được xem là biểu tượng của dòng điện thoại top đầu hiện nay. Dưới này là một vài thông số nổi bật của Honor Magic 5 mà bạn có thể tham khảo thêm nhé!
Tấm nền hiển thị OLED cho chất lượng hình ảnh siêu mượt mà
Thế hệ thứ 5 của dòng smartphone Honor Magic nổi bật với khả năng hiển thị siêu sắc nét, chân thực.Cụ thể, màn hình hiển thị của Honor Magic 5 được hoàn thiện từ tấm nền OLED thế hệ mới với độ phân giải lên tới Full HD+.
Khả năng hiển thị hơn 1.07 tỷ màu sắc đem cho người dùng chất lượng hình ảnh rực rỡ sắc màu. Kích thước màn hình của Magic 5 cũng được điều chỉnh lại 6.73 inch thay vì 6.81 inch của thế hệ tiền nhiệm trước đó.
Dù vậy nhưng khả năng hiển thị hình ảnh của Honor Magic 5 vẫn được người dùng đánh giá rất cao. Mang lại sự mượt mà, sinh động trong từng thước phim, hình ảnh.
Xem thêm Honor Magic V5 màn hình gập mới nhất, dự kiến sẽ được ra mắt vào đầu tháng 10/2025. Magic V5 dự kiến sẽ sở hữu thiết kế siêu mỏng siêu nhẹ, trọng lượng chỉ 217g, mang đến trải nghiệm mới mẻ và thời thượng.
Cấu hình đỉnh cao, dung lượng bộ nhớ khủng
Cung cấp hiệu năng cho Honor Magic 5 là con chip hàng đầu hiện nay của Qualcomm - Snapdragon 8 Gen 2. Chipset đầu bảng của Qualcomm với khả năng tính toán cực đỉnh, hỗ trợ người dùng trải nghiệm được mọi tác vụ phức tạp một cách mượt mà.
Đi kèm với hiệu năng siêu mạnh mẽ này là thông số dung lượng bộ nhớ cũng khá ấn tượng của Honor Magic 5. Cụ thể, dung lượng RAM của máy được nâng cấp lên tới 12GB so với thế hệ Magic 4 trước đó. Điều này giúp cho khả năng đa nhiệm, chạy cùng lúc nhiều tác vụ của Magic 5 được cải thiện đáng kể.
Mặt khác, bộ nhớ trong của smartphone mới này với hai phiên bản lựa chọn là 128GB và 256GB. Nhờ đó mà người dùng sẽ có được không gian ghi nhớ rộng lớn hơn. Thoải mái lưu trữ nhiều dữ liệu khủng mà không lo hết bộ nhớ.
Camera sắc nét, nâng cao trải nghiệm quay chụp
Hệ thống camera trên Honor Magic 5 vẫn sẽ là 3 camera sau và 1 camera trước giống với phiên bản Magic 4 trước đó, nhưng được cải thiện hơn về độ sắc nét và một vài tính năng hiện đại khác. Theo đó, thông số máy ảnh trên Magic 5 lần lượt là: 53MP cho camera góc rộng, 50MP cho camera chính và 32MP cho camera Tele.
Đi kèm theo đó là tính năng tự động lấy nét, chụp cảm biến chuyển động AI. Mang tới cho người dùng những trải nghiệm quay chụp mượt mà và sắc nét nhất.
Honor Magic 5 Pro cũng là phiên bản có nhiều ưu điểm ấn tượng mà người dùng có thể tham khảo. Dung lượng RAM 8GB, bộ nhớ trong 256GB đủ để thiết bị có thể lưu trữ và xử lý mượt mà các tác dụng thông dụng hàng ngày.
Thỏa sức trải nghiệm ngày dài với dung lượng pin 5100mAh
Thời lượng sử dụng của Honor Magic 5 được người tiêu dùng đánh giá cao khi được tích hợp viên pin 5100mAh. Nhờ đó mà bạn có thể thoải mái sử dụng máy trong cả ngày dài mà không sợ bị gián đoạn trải nghiệm.
Ngoài ra, công suất sạc 66W của Honor Magic 5 vẫn sẽ được giữ nguyên giống với phiên bản tiền nhiệm. Nhờ đó mà người dùng có thể tiết kiệm được nhiều thời gian hơn trong quá trình nạp lại năng lượng cho smartphone.
Điện thoại Honor Magic 5 khi nào ra mắt?
Tại sự kiện MWC 2023 diễn ra từ ngày 27 tháng 2 cho tới ngày 2 tháng 3 vừa rồi, Honor đã chính thức giới thiệu đến với người tiêu dùng ấn phẩm công nghệ vượt trội nhất trong năm 2023 của mình - Honor Magic 5. Dù chưa chính thức cập bến thị trường Việt Nam nhưng bạn có thể đặt trước dòng sản phẩm này tại các cơ sở bán hàng uy tín như CellphoneS nhé!
Trong lần ra mắt này, Honor Magic 5 sẽ sở hữu 2 tuỳ chọn màu sắc khá sang trọng là Xanh Lam và Đen. 
Điện thoại Honor Magic 5 giá bao nhiêu?
Do nằm trong phân khúc smartphone cao cấp nên Honor Magic 5 sở hữu giá thành khá cao. Theo đó, smartphone thế hệ mới của nhà Honor này có giá bán lên tới 899 EUR (khoảng 22.6 triệu VNĐ).
Trong phân khúc giá này, Honor Magic 5 sẽ là đối thủ cạnh tranh trực tiếp với những thế hệ smartphone hàng đầu hiện nay như: iPhone 14, Samsung Galaxy S23, Vivo X90 Pro Plus.
Mua điện thoại Honor Magic 5 chính hãng, giá tốt tại CellphoneS
Với thông số kỹ thuật đỉnh cao, Honor Magic 5 sẽ đem tới những trải nghiệm siêu mượt mà, đáp ứng mọi nhu cầu sử dụng của người dùng. Để đặt mua và nhận được siêu phẩm smartphone này trong thời gian sớm nhất, bạn có thể tham khảo thêm tại hệ thống cửa hàng CellphoneS nhé!
Với hơn 100 chi nhánh lớn nhỏ trên toàn quốc, bạn hoàn toàn có thể an tâm về chất lượng sản phẩm khi mua sắm tại CellphoneS nhé! Liên hệ ngay với cửa hàng CellphoneS qua số hotline 1800 2097 để được tư vấn và hỗ trợ đặt hàng ngay bạn nhé!","{""Màn hình"": [{""name"": ""Kích thước màn hình"", ""value"": ""6.73 inches""}, {""name"": ""Công nghệ màn hình"", ""value"": ""OLED""}, {""name"": ""Tính năng màn hình"", ""value"": ""1.07 tỷ màu""}], ""Camera sau"": [{""name"": ""Camera sau"", ""value"": ""Camera chính góc rộng: 54MP, f/1.9\nCamera chính góc siêu rộng: 50MP, f/2.0\nCamera Telephoto: 32MP, f/2.4, 2.5x Optical Zoom, 50x Digital Zoom, OIS""}, {""name"": ""Quay video"", ""value"": ""4K@30/60fps, 1080p@30/60fps, gyro-EIS, HDR10+""}, {""name"": ""Tính năng camera"", ""value"": ""Đèn flash LED đơn phía sau, Chụp cảm biến chuyển động AI""}], ""Camera trước"": [{""name"": ""Camera trước"", ""value"": ""12MP""}, {""name"": ""Quay video trước"", ""value"": ""4K@30/60fps""}], ""Vi xử lý & đồ họa"": [{""name"": ""Chipset"", ""value"": ""Snapdragon 8 Gen 2""}, {""name"": ""GPU"", ""value"": ""Adreno 740""}], ""Giao tiếp & kết nối"": [{""name"": ""Công nghệ NFC"", ""value"": ""Có""}, {""name"": ""Thẻ SIM"", ""value"": ""2 SIM (Nano-SIM)""}, {""name"": ""Hồng ngoại"", ""value"": ""Có""}, {""name"": ""Jack tai nghe 3.5"", ""value"": ""Không""}, {""name"": ""Hỗ trợ mạng"", ""value"": ""5G""}, {""name"": ""GPS"", ""value"": ""GPS /AGPS/GLONASS/BeiDou/Galileo""}], ""RAM & lưu trữ"": [{""name"": ""Dung lượng RAM"", ""value"": ""12 GB""}, {""name"": ""Bộ nhớ trong"", ""value"": ""256 GB""}, {""name"": ""Khe cắm thẻ nhớ"", ""value"": ""Không""}], ""Pin & công nghệ sạc"": [{""name"": ""Pin"", ""value"": ""5100 mAh""}, {""name"": ""Công nghệ sạc"", ""value"": ""Sạc nhanh 66W""}, {""name"": ""Cổng sạc"", ""value"": ""USB Type-C""}], ""Tính năng khác"": [{""name"": ""Hệ điều hành"", ""value"": ""Android 13""}], ""Bộ xử lý & Đồ họa"": [{""name"": ""Loại CPU"", ""value"": ""1×Cortex-X3 3.19GHz+2×Cortex-A715 2.8GHz+2×Cortex-A710 2.8GHz+3×Cortex-A510 2.0GHz""}], ""Kích thước & Trọng lượng"": [{""name"": ""Kích thước"", ""value"": ""161.4 x 75.5 x 7.80 mm""}, {""name"": ""Trọng lượng"", ""value"": ""191 g""}], ""Tiện ích khác"": [{""name"": ""Cảm biến vân tay"", ""value"": ""Cảm biến vân tay cạnh bên""}, {""name"": ""Các loại cảm biến"", ""value"": ""Cảm biến tiệm cận, Cảm biến ánh sáng, La bàn, Con quay hồi chuyển, Cảm biến trọng lực""}], ""Cổng kết nối"": [{""name"": ""Wi-Fi"", ""value"": ""802.11 a/b/g/n/ac/ax/be""}, {""name"": ""Bluetooth"", ""value"": ""v5.2""}], ""Thông số khác"": [{""name"": ""Công nghệ âm thanh"", ""value"": ""DTS:X® Ultra sound effects""}]}","[""https://cdn2.cellphones.com.vn/x/media/catalog/product/d/r/drgg.jpg"", ""https://cdn2.cellphones.com.vn/x/media/catalog/product/d/r/drgg_1_.jpg""]",{}
Honor X40 5G,honor-x40,N/A,N/A,"Honor X40 5G mới đây đã được Honor giới thiệu tại thị trường Trung Quốc với nhiều điểm đáng mới, thu hút sự quan tâm của giới công nghệ. Dù là một mẫu điện thoại Honor tầm trung nhưng X40 5G lại sở hữu nhiều công nghệ cao cấp như màn hình cong 120Hz, CPU và GPU hiện đại, dung lượng RAM cực khủng,...
Nội dung chính
1. Honor X40 - Thay đổi khái niệm về điện thoại tầm trung
1.1. Thiết kế cao cấp, hiện đại
1.2. Màn hình cong sở hữu kích thước và tần số quét lớn
1.3. Bộ vi xử lý hiện đại
1.4. Thoải mái sử dụng cả ngày dài
1.5. Camera sở hữu thiết kế độc đáo
2. Điện thoại Honor X40 5G khi nào được ra mắt tại Việt Nam?
3. Điện thoại Honor X40 5G giá bao nhiêu?
4. Mua điện thoại Honor X40 5G chính hãng, giá tốt và sớm nhất tại CellphoneS
Honor X40 - Thay đổi khái niệm về điện thoại tầm trung
Honor X40 5G mới được ra mắt trong thời gian gần đây đã tạo được sự thu hút của giới công nghệ khi tích hợp nhiều công nghệ cao cấp dù chỉ là một mẫu điện thoại tầm trung. Điều này không những giúp cho người dùng được tiếp xúc với các công nghệ mới, giúp tăng trải nghiệm mà còn đồng thời thay đổi hoàn toàn khái niệm về điện thoại tầm trung.
Thiết kế cao cấp, hiện đại
Honor X40 5G được đầu tư rất nhiều không chỉ về các công nghệ mà còn cả trong thiết kế. Mặt trước của điện thoại được thiết kế với các cạnh viền siêu mỏng, giúp tăng tỷ lệ hiển thị cũng như sự cao cấp, hiện đại trong diện mạo.
Mặt lưng của X40 5G sẽ bao gồm 4 màu sắc là đen, vàng, xanh ngọc và xanh lá để phù hợp với đa dạng tính cách và sở thích của người dùng. Trong bốn phiên bản này, phiên bản xanh ngọc có lẽ là phiên bản ấn tượng nhất nhờ sở hữu mặt lưng mang hiệu ứng gradient vô cùng trẻ trung, phá cách.
Màn hình cong sở hữu kích thước và tần số quét lớn
Màn hình của Honor X40 có lẽ là một trong những điểm đáng chú ý nhất về mẫu điện thoại mới được ra mắt này. Dù màn hình cong không còn quá mới mẻ nhưng việc màn hình cong được trang bị trên một mẫu điện thoại tầm trung như X40 5G thì lại là điều hiếm khi xảy ra.
Điện thoại X40 5G của Honor được trang bị màn hình cong OLED có kích thước 6,67 inch, tỷ lệ hiển thị 20:9 và độ phân giải ở mức Full HD+. Với màn hình cong, các cạnh viền của điện thoại đã được tối ưu để mang tới hình ảnh lớn hơn. Đồng thời, tấm nền OLED cũng có khả năng tái tạo màu sắc tốt hơn so với tấm nền LCD truyền thống.
X40 5G còn sở hữu tần số quét 120Hz vô cùng ấn tượng mà ít mẫu điện thoại tầm trung có được. Tần số quét này sẽ giúp cho các chuyển động trở nên mượt mà, uyển chuyển hơn, đồng thời cải thiện tốc độ phản hồi thao tác cảm ứng để mang tới trải nghiệm chơi game tốt hơn.
Bộ vi xử lý hiện đại
Honor X40 5G sở hữu bộ vi xử lý hiện đại nhất trong phân khúc hiện nay là Snapdragon 695. Khi kết hợp cùng GPU Adreno 619 và 6/8/12GB RAM, mẫu điện thoại mới của Honor này có thể đáp ứng tốt nhu cầu chơi game ở mức đồ hoạ cao nhất mà không xảy ra hiện tượng giật, lag, đứng hình.
Nhờ sử dụng hệ điều hành Magic UI 6.1 dựa trên Android 12 mà X40 5G còn có khả năng mở rộng dung lượng RAM ảo lên tới 7GB để đáp ứng mọi nhu cầu sử dụng đơn nhiệm, đa nhiệm của người dùng. Nhưng dù không được hỗ trợ mở rộng dung lượng RAM ảo thì với dung lượng RAM 6 - 12GB, X40 vẫn đủ khả năng để vận hành một cách mượt mà.
Ngoài ra, chiếc điện thoại này còn cho phép người dùng lựa chọn dung lượng bộ nhớ dựa theo nhu cầu sử dụng khi cho ra mắt hai tùy biến ROM là 128GB và 256GB
Thoải mái sử dụng cả ngày dài
Không chỉ bằng mà dung lượng pin của Honor X40 5G thậm chí còn nhỉnh hơn đôi chút so với các mẫu điện thoại tầm trung khác. Viên pin của điện thoại X40 có dung lượng lên tới 5100mAh, giúp bạn có thể thoải mái sử dụng cả ngày mà không cần kết nối với bộ sạc.
Honor X40 còn hỗ trợ sạc nhanh với công suất đạt tới 40W. Ngoài ra, chiếc điện thoại này cũng đồng thời hỗ trợ để bạn có thể sạc không dây.
Camera sở hữu thiết kế độc đáo
Cụm camera sau của Honor X40 5G vẫn sẽ bao gồm hai ống kính, trong đó bao gồm một ống kính chính sử dụng cảm biến AI Vision 50MP và một ống kính đo chiều sâu. Điểm đặc biệt của cụm camera này đó là thay vì được phân vùng như các mẫu sản phẩm khác, camera sau của X40 lại được đặt trong một vòng tròn nằm ở giữ điện thoại.
Camera trước của Honor X40 vẫn sẽ sử dụng cảm biến 8MP để có thể đáp nhu cầu chụp ảnh selfie ở mức tiêu chuẩn.
Điện thoại Honor X40 5G khi nào được ra mắt tại Việt Nam?
Điện thoại Honor X40 5G đã được Honor cho ra mắt tại thị trường trong tháng 9 vừa qua. Tuy chưa công bố ngày mở bán chính thức ở thị trường quốc tế nhưng có một điều chắc chắn rằng ngày mà X40 5G được bán tại Việt Nam sẽ chỉ trong khoảng cuối năm 2022 hoặc trong năm 2023.
Điện thoại Honor X40 5G giá bao nhiêu?
Honor X40 5G được ra mắt với nhiều tùy biến về cấu hình để người dùng có thể lựa chọn được phiên bản phù hợp nhất với nhu cầu sử dụng của bản thân. 4 phiên bản X40 5G được giới thiệu sẽ có giá bán cụ thể như sau:
-   Honor X40 5G với 6GB RAM và 128GB bộ nhớ có giá khoảng 5,1 triệu đồng
-   Honor X40 5G với 8GB RAM và 128GB bộ nhớ có giá khoảng 5,7 triệu đồng
-   Honor X40 5G với 8GB RAM và 256GB bộ nhớ có giá khoảng 6,7 triệu đồng
-   Honor X40 5G với 12GB RAM và 256GB bộ nhớ có giá khoảng 7,8 triệu đồng
Mua điện thoại Honor X40 5G chính hãng, giá tốt và sớm nhất tại CellphoneS
Điện thoại Honor X40 5G sẽ sớm được mở bán chính hãng tại các cửa hàng CellphoneS với đầy đủ các phiên bản để bạn có thể thoải mái lựa chọn cũng như sở hữu được cho mình mẫu điện thoại xịn sò này trong thời gian sớm nhất.
Ngoài ra, khi X40 5G chính hãng tại CellphoneS, bạn sẽ còn được hưởng nhiều chương trình chiết khấu cũng như chính sách bảo hành chính hãng Honor để có thể yên tâm sử dụng sản phẩm. Đây là điều mà khi chọn mua điện thoại xách tay bạn sẽ không thể nhận được.","{""Màn hình"": [{""name"": ""Kích thước màn hình"", ""value"": ""6.66 inches""}, {""name"": ""Công nghệ màn hình"", ""value"": ""AMOLED""}, {""name"": ""Độ phân giải màn hình"", ""value"": ""1080 x 2400 pixels (FullHD+)""}, {""name"": ""Tính năng màn hình"", ""value"": ""1B màu, tần số quét 120Hz, 800 nit""}], ""Camera sau"": [{""name"": ""Camera sau"", ""value"": ""Camera góc rộng: 50 MP, f/1.8, PDAF\nCamera Macro: 2 MP, f/2.4""}, {""name"": ""Quay video"", ""value"": ""1080p@30fps""}, {""name"": ""Tính năng camera"", ""value"": ""Đèn flash LED, ảnh toàn cảnh, HDR""}], ""Camera trước"": [{""name"": ""Camera trước"", ""value"": ""Camera góc rộng: 8 MP, f/2.0""}, {""name"": ""Quay video trước"", ""value"": ""1080p@30fps""}], ""Vi xử lý & đồ họa"": [{""name"": ""Chipset"", ""value"": ""Snapdragon 695 5G (6 nm)""}, {""name"": ""GPU"", ""value"": ""Adreno 619""}], ""Giao tiếp & kết nối"": [{""name"": ""Công nghệ NFC"", ""value"": ""Không""}, {""name"": ""Thẻ SIM"", ""value"": ""2 SIM (Nano-SIM)""}, {""name"": ""Hồng ngoại"", ""value"": ""Có""}, {""name"": ""Jack tai nghe 3.5"", ""value"": ""Không""}, {""name"": ""Hỗ trợ mạng"", ""value"": ""5G""}, {""name"": ""GPS"", ""value"": ""Có, với A-GPS, GLONASS, BDS""}], ""RAM & lưu trữ"": [{""name"": ""Dung lượng RAM"", ""value"": ""6 GB""}, {""name"": ""Bộ nhớ trong"", ""value"": ""128 GB""}, {""name"": ""Khe cắm thẻ nhớ"", ""value"": ""Không""}], ""Pin & công nghệ sạc"": [{""name"": ""Pin"", ""value"": ""5100 mAh""}, {""name"": ""Công nghệ sạc"", ""value"": ""Sạc nhanh 40W""}, {""name"": ""Cổng sạc"", ""value"": ""USB Type-C""}], ""Tính năng khác"": [{""name"": ""Hệ điều hành"", ""value"": ""Android 12""}], ""Bộ xử lý & Đồ họa"": [{""name"": ""Loại CPU"", ""value"": ""2x2,2 GHz Kryo 660 Gold & 6x1,7 GHz Kryo 660 Silver""}], ""Kích thước & Trọng lượng"": [{""name"": ""Kích thước"", ""value"": ""161,6 x 73,9 x 7,9 mm""}, {""name"": ""Trọng lượng"", ""value"": ""172 g""}], ""Tiện ích khác"": [{""name"": ""Cảm biến vân tay"", ""value"": ""Cảm biến vân tay trong màn hình""}, {""name"": ""Các loại cảm biến"", ""value"": ""Cảm biến gia tốc, Cảm biến tiệm cận, La bàn, Con quay hồi chuyển, Cảm biến áp kế""}], ""Cổng kết nối"": [{""name"": ""Wi-Fi"", ""value"": ""802.11 a / b / g / n / ac, băng tần kép, Wi-Fi Direct, điểm phát sóng""}, {""name"": ""Bluetooth"", ""value"": ""5.1, A2DP, LE""}]}","[""https://cdn2.cellphones.com.vn/x/media/catalog/product/s/c/scdc_2__3.jpg"", ""https://cdn2.cellphones.com.vn/x/media/catalog/product/s/c/scdc_1__3.jpg"", ""https://cdn2.cellphones.com.vn/x/media/catalog/product/s/c/scdc_4.jpg""]",{}
Honor 200 Pro,dien-thoai-honor-200-pro,N/A,N/A,"Đặc điểm nổi bật của Honor 200 Pro
Điện thoại Honor 200 Pro sở hữu cảm biến chính H9000 với độ phân giải 50MP sắc nét, viên pin 5200mAh nâng cấp với khả năng sạc nhanh 100W, sạc đầy chỉ trong 20-25 phút cực ấn tượng. Mẫu điện thoại Honor này được trang bị màn hình OLED 6.78 inch cho trải nghiệm tuyệt vời.
Nội dung chính
1. Điện thoại Honor 200 Pro - Bổ sung loạt tính năng sang xịn mịn, xứng tầm điện thoại cao cấp
1.1. Tốc độ xử lý vượt trội trên Snapdragon 8s Gen 3
1.2. Camera trang bị cảm biến lớn, chống rung hiệu quả
1.3. Đồng hành trong mọi chuyến đi với sạc nhanh 100W
1.4. Màu sắc ấn tượng trên màn hình OLED 6.78 inch 
2. Điện thoại Honor 200 Pro ra mắt khi nào?
3. Honor 200 Pro giá bán chính thức bao nhiêu?
4. Mua điện thoại Honor 200 Pro giá tốt, chính hãng tại CellphoneS
Điện thoại Honor 200 Pro - Bổ sung loạt tính năng sang xịn mịn, xứng tầm điện thoại cao cấp
Chiếc điện thoại Honor 200 Pro được cho là phiên bản smartphone nâng cấp đáng kể, cải thiện nhiều điểm về cấu hình, cụm camera cũng như chuẩn sạc nhanh 100W ấn tượng, khiến chiếc smartphone này trở nên đáng giá.
Tốc độ xử lý vượt trội trên Snapdragon 8s Gen 3
Honor 200 Pro là thuộc phân khúc cao cấp thế nên về mặt cấu hình việc sử dụng Snapdragon 8s Gen 3 sẽ mang đến lợi thế không hề nhỏ về tốc độ xử lý cũng như hiệu năng giải trí. Ngoài ra để thực hiện cùng lúc nhiều tác vụ hay trải nghiệm các tựa game đầu bảng hiện nay Honor 200 Pro được tích hợp dung lượng RAM lớn lên đến 12GB cùng bộ nhớ trong lớn lên đến 256GB.
Honor Magic V5 sở hữu chip Snapdragon 8 Elite mạnh mẽ, có khả năng xử lý vượt trội các tác vụ từ dùng cơ bản hàng ngày đến tác vụ phức tạp hơn. Ngoài ra, siêu phẩm điện thoại gập Magic V5 này còn sở hữu viên pin mỏng nhưng dung lượng sử dụng ấn tượng.
Camera trang bị cảm biến lớn, chống rung hiệu quả
Nếu là một tín đồ chụp ảnh thì điện thoại Honor 200 Pro chắc hẳn sẽ không làm bạn thất vọng với cảm biến chính H9000. Ống kính chính của sản phẩm có độ phân giải lên đến 50MP kết hợp với một ống kính góc rộng 12MP và một ống kính tele 50MP tạo nên cụm camera hàng đầu. Đáng chú ý nhất phải kể đến khả năng chống rung quang học giúp chụp ảnh mọi lúc mọi nơi mà không lo bị nhòe hay mất nét.
Đồng hành trong mọi chuyến đi với sạc nhanh 100W
Tốc độ sạc nhanh trên Honor 200 Pro trở nên vô cùng tiện lợi nhất là đối với những lúc bạn phải ra ngoài hội họp cùng bạn bè. Với dung lượng pin 5200mAh cùng công nghệ sạc nhanh 100W, Honor 200 Pro chỉ mất khoảng 20 - 25 phút để sạc đầy pin và sẵn sàng sử dụng. Một ưu điểm khác phải kể đến tính năng sạc không dây hỗ trợ dung lượng đến 66W và cho phép sạc ngược cho các thiết bị khác.
Màu sắc ấn tượng trên màn hình OLED 6.78 inch 
Điện thoại Honor 200 Pro được thiết kế nhằm mang đến trải nghiệm sử dụng cũng như giải trí ấn tượng nhất với màn hình OLED độ phân giải Full HD+ cùng tần số quét 120Hz mượt mà. Với khả năng tái tạo đến 1 tỷ màu sắc cùng độ sáng 4000 nits, Honor 200 Pro hứa hẹn sẽ tạo ra hình ảnh đẹp mắt khi xem phim cũng như hiển thị rõ mọi thông tin khi sử dụng ngoài trời nắng gắt.
>> Xem thêm Honor 200 Lite giá rẻ, chất lượng tốt, dung lượng pin và khả năng lưu trữ đủ để đáp ứng nhu cầu sử dụng hàng ngày.
Điện thoại Honor 200 Pro ra mắt khi nào?
Hiện nay Honor 200 Pro đã ra mắt thị trường toàn cầu vào ngày 12/06/2024 và sẽ bắt đầu được tung ra thị trường tại một số quốc gia vào ngày 26/06/2024. Về thông tin ngày ra ra mắt của Honor 200 Pro tại Việt Nam thì hiện nay chúng ta vẫn cần chờ thêm các tin tức chính thức từ nhà sản xuất. 
Honor 200 Pro giá bán chính thức bao nhiêu?
Dựa trên mức giá tại các thị trường khác, có thể dự đoán giá của điện thoại Honor 200 Pro khi cập bến thị trường Việt Nam sẽ rơi vào khoảng 16.5 triệu đồng cho phiên bản bộ nhớ 12GB - 256GB. Tuy nhiên mức giá này có thể điều chỉnh, thay đổi theo thời gian, bạn có thể cập nhật giá chính xác trên website cellphones.com.vn nhé.
Mua điện thoại Honor 200 Pro giá tốt, chính hãng tại CellphoneS
Điện thoại Honor 200 Pro được giới công nghệ đánh giá là chiếc điện thoại đáng để sở hữu khi hàng loạt tin tức rò rỉ về những nâng cấp đắt giá, cải tiến về hiệu năng thiết bị, đặc biệt là chất lượng camera. Nếu bạn muốn sở hữu sớm nhất chiếc điện thoại này, bạn có thể đặt hàng trực tiếp trên website cellphones.com,vn hoặc gọi tổng đài yêu cầu hỗ trợ, bạn cũng có thể đặt hàng tại cửa hàng.
CellphoneS là một trong những hệ thống kinh doanh điện thoại đáng tin cậy, luôn cam kết cung cấp điện thoại chính hãng, có chế độ bảo hành uy tín, hướng dẫn sử dụng chi tiết và cặn kẽ, chăm sóc hậu mãi như VIP. Bên cạnh đó, khi mua sắm tại Cellphones, khách hàng còn được nhận đặc quyền giảm giá khi là Smember.","{""Màn hình"": [{""name"": ""Kích thước màn hình"", ""value"": ""6.7 inches""}, {""name"": ""Công nghệ màn hình"", ""value"": ""OLED""}, {""name"": ""Tính năng màn hình"", ""value"": ""Tần số quét 120Hz""}], ""Camera sau"": [{""name"": ""Camera sau"", ""value"": ""50MP, f/1.9 và hỗ trợ chống rung quang học (OIS)\nCamera telephoto 50MP với khả năng zoom quang học 2.5x, khẩu độ f/2.4 và hỗ trợ OIS\n12MP""}], ""Camera trước"": [{""name"": ""Camera trước"", ""value"": ""50MP""}], ""Vi xử lý & đồ họa"": [{""name"": ""Chipset"", ""value"": ""Snapdragon 8s Gen 3""}], ""Giao tiếp & kết nối"": [{""name"": ""Công nghệ NFC"", ""value"": ""Có""}], ""RAM & lưu trữ"": [{""name"": ""Dung lượng RAM"", ""value"": ""12 GB""}, {""name"": ""Bộ nhớ trong"", ""value"": ""256 GB""}], ""Pin & công nghệ sạc"": [{""name"": ""Pin"", ""value"": ""5200 mAh""}, {""name"": ""Công nghệ sạc"", ""value"": ""Sạc nhanh có dây công suất 100W.""}], ""Tính năng khác"": [{""name"": ""Hệ điều hành"", ""value"": ""Android 14""}]}","[""https://cdn2.cellphones.com.vn/x/media/catalog/product/d/i/dien-thoai-honor-200_2__1.png"", ""https://cdn2.cellphones.com.vn/x/media/catalog/product/d/i/dien-thoai-honor-200_1__1.png"", ""https://cdn2.cellphones.com.vn/x/media/catalog/product/d/i/dien-thoai-honor-200_3__1.png""]",{}
Honor X8A,honor-x8a,N/A,N/A,"Honor X8A là một chiếc smartphone với giá cả phải chăng. Với thiết kế vuông vắn và màn hình lớn 6.7 inch, sản phẩm này phù hợp cho cả những người lớn tuổi hay những người mới sử dụng smartphone. Honor X8A cũng được trang bị chipset MediaTek Helio G88 và 8GB RAM, cùng với bộ ba camera sau 100MP, 5MP và 2MP cho khả năng chụp ảnh đa dạng. Ngoài ra, viên pin 4500mAh hỗ trợ sạc nhanh 22,5W giúp cho Honor X8A có thể sử dụng liên tục trong nhiều giờ mà không cần phải lo lắng tình trạng sạc lại quá nhiều lần. 
Nội dung chính
1. Honor X8A – Hiệu năng cao và giá cả hợp lý
1.1. Chipset MediaTek Helio G88 giúp mọi tác vụ mượt mà
1.2. Cụm camera siêu ấn tượng với độ phân giải lên đến 100MP
1.3. Viên pin 4500mAh giúp thoải mái trong cả ngày dài
1.4. Màn hình sắc nét mang lại những thước ảnh chân thực
1.5. Thiết kế vuông vắn và cứng cáp
2. Honor X8A khi nào ra mắt chính thức?
3. Honor X8A có giá bán bao nhiêu?
4. Mua Honor X8A uy tín, chính hãng tại CellphoneS
Honor X8A – Hiệu năng cao và giá cả hợp lý
Thương hiệu Honor đã trở lại với một sản phẩm mới mang tên Honor X8A, một chiếc điện thoại được thiết kế với nhiều tính năng hiện đại, màn hình lớn và giá cả phải chăng. Điều này đang thu hút được sự quan tâm của đông đảo người tiêu dùng tại Việt Nam. Cùng tìm hiểu thêm về chiếc điện thoại này và xem liệu Honor X8A có xứng đáng là một trong những lựa chọn hàng đầu hay không nhé!
Chipset MediaTek Helio G88 giúp mọi tác vụ mượt mà
Honor X8A là một chiếc điện thoại tầm trung với hiệu năng ấn tượng. Với chipset MediaTek Helio G88 được trang bị CPU 8 nhân và GPU Mali-G52 MC2, cùng với 8GB RAM và 128GB bộ nhớ trong, Honor X8A hoàn toàn có thể đáp ứng mọi nhu cầu như chơi game, edit video,... một cách mượt mà và nhanh chóng.
Đừng xem thường con chip này, vì nó hoàn toàn đáp ứng được mọi tác vụ một cách mượt mà và không gặp trở ngại trong quá trình sử dụng. Không những thế, điện thoại cũng được trang bị cảm biến vân tay bên hông, giúp cho người dùng có thể mở khóa điện thoại một cách nhanh chóng và tiện lợi. 
Cụm camera siêu ấn tượng với độ phân giải lên đến 100MP
Honor X8A được trang bị bộ ba camera sau siêu ấn tượng, cho khả năng chụp ảnh đa dạng và chân thực. Camera chính 100MP được trang bị các tính năng như lấy nét tự động PDAF và quay video 4K, giúp cho người dùng có thể chụp ảnh và quay video chất lượng cao một cách dễ dàng. Điện thoại cũng được trang bị nhiều tính năng như chế độ chụp ảnh đêm Night Mode, chế độ chụp chân dung Portrait Mode,...
Mặt trước của điện thoại cũng được trang bị camera selfie 16MP, giúp cho người dùng có thể chụp ảnh tự sướng và thực hiện cuộc gọi video một cách rõ nét. Vì đây là thiết kế “nốt ruồi” cho nên sẽ có một số người dùng không mấy yêu thích vẻ bề ngoài của Honor X8A.
Viên pin 4500mAh giúp thoải mái trong cả ngày dài
Với 4500mAh, chiếc điện thoại này cung cấp đủ nhu cầu cho người dùng sử dụng trong cả ngày dài mà không cần phải sạc lại. Viên pin này cũng được hỗ trợ sạc nhanh 22,5W, giúp cho việc sạc pin trở nên nhanh chóng và tiện lợi hơn. Với công suất này, bạn có thể sạc đầy 50% pin trong vừa chưa đến 30 phút.
Theo trải nghiệm thực tế thì Honor X8A có thể on–screen lên đến 6 tiếng đối với các tác vụ cơ bản và 3 tiếng rưỡi cho các tác vụ nặng (chơi game đồ họa cao). Bạn có thể dùng tính năng quản lý pin có sẵn trên máy, giúp cho tuổi thọ của viên pin được kéo dài hơn và không bị giảm hiệu suất quá nhanh.
Màn hình sắc nét mang lại những thước ảnh chân thực
Như các dòng điện thoại hiện nay thì Honor X8A cũng được trang bị màn hình LTPS LCD kích thước 6.7 inch, độ phân giải 2388x1088. Màn hình cũng được trang bị tính năng tự động điều chỉnh độ sáng Ambient Light Sensor, giúp cho màn hình tự động điều chỉnh độ sáng phù hợp với môi trường xung quanh và giúp giảm mỏi mắt.
Ngoài ra, màn hình cũng được trang bị tính năng Widevine L1 DRM, cho phép người dùng xem các nội dung truyền hình và phim trực tuyến chất lượng cao. Với màn hình sắc nét và chân thực, Honor X8A là một trong những lựa chọn tuyệt vời cho những người yêu thích giải trí và muốn có trải nghiệm xem phim và chơi game tốt trên điện thoại của mình.
Thiết kế vuông vắn và cứng cáp
Các chi tiết trên Honor X8A được thiết kế một cách rất tinh tế, từ cạnh vát phẳng cho đến viền bezel mỏng, tạo nên một thiết kế thời thượng và hiện đại. Ngoài ra, với trọng lượng nhẹ và độ mỏng chỉ 7.48mm, Honor X8a cũng mang lại trải nghiệm cầm nắm cực tốt và tiện lợi cho người dùng. 
Bên cạnh đó, điện thoại cũng được trang bị cảm biến vân tay bên hông, giúp cho việc mở khóa điện thoại trở nên nhanh chóng và tiện lợi. Máy có hai lựa chọn màu sắc Bạc Titanium và Xanh Cyan cũng giúp cho người dùng có thêm sự lựa chọn phù hợp với sở thích cá nhân của mình.
Honor X8A khi nào ra mắt chính thức?
Honor X8A đã được ra mắt chính thức vào ngày 7 tháng 7 năm 2023. Giữa cơn sốt smartphone giá rẻ cấu hình cao thì đây chính là một trong những phẩm gây nổi bật nhất với một thiết kế vô cùng đẹp mắt, cấu hình mạnh mẽ và giá thành phải chăng.
Đây cũng là sản phẩm sự trở lại của thương hiệu Honor sau nhiều năm vắng bóng khỏi thị trường Việt Nam. Với sự trở lại này, thương hiệu đã nghiên cứu kỹ lưỡng nhu cầu của người dùng và đem đến một sản phẩm chất lượng nhất.
Honor X8A có giá bán bao nhiêu?
Với những tính năng nổi bật như camera lên đến 100MP, pin trâu, hiệu năng đỉnh thì Honor X8A là một chiếc smartphone có giá bán vô cùng dễ chịu. Chưa đến 5 triệu đồng (cụ thể là 4.96 triệu) là bạn đã có thể sở hữu phiên bản 8GB RAM và 128GB bộ nhớ trong rồi.
Tuy nhiên, giá bán của Honor X8A có thể thay đổi tùy theo khu vực và chương trình khuyến mãi đi kèm theo. Tuy nhiên mức giá này khá tốt so với các điện thoại khác cùng phân khúc trên thị trường. Bạn có thể tham khảo giá bán của Honor X8A trên các trang thương mại điện tử hoặc hệ thống bán lẻ điện thoại di động để biết thêm thông tin chi tiết.
Mua Honor X8A uy tín, chính hãng tại CellphoneS
Trên website của CellphoneS, bạn có thể tìm thấy sản phẩm Honor X8A và đặt hàng trực tuyến. CellphoneS cam kết cung cấp sản phẩm chính hãng, bảo hành và hậu mãi tốt cho khách hàng. Ngoài ra, CellphoneS còn có nhiều ưu đãi hấp dẫn như giảm giá, tặng quà và giao hàng miễn phí trong nhiều trường hợp.","{""Màn hình"": [{""name"": ""Kích thước màn hình"", ""value"": ""6.7 inches""}, {""name"": ""Công nghệ màn hình"", ""value"": ""IPS LCD""}, {""name"": ""Độ phân giải màn hình"", ""value"": ""1080 x 2376 pixels (FullHD+)""}, {""name"": ""Tính năng màn hình"", ""value"": ""Tần số quét 90 Hz, 393 ppi,16.7 triệu màu""}], ""Camera sau"": [{""name"": ""Camera sau"", ""value"": ""Camera góc rộng: 100.0 MP, f/1.9\nCamera góc siêu rộng: 5.0 MP, ƒ/2.2\nCamera Macro: 2.0 MP, ƒ/2.4""}, {""name"": ""Quay video"", ""value"": ""1080p@30fps""}, {""name"": ""Tính năng camera"", ""value"": ""Flash LED, HDR, Toàn cảnh (Panorama)""}], ""Camera trước"": [{""name"": ""Camera trước"", ""value"": ""16 MP, ƒ/2.5""}], ""Vi xử lý & đồ họa"": [{""name"": ""Chipset"", ""value"": ""MediaTek Helio G88""}], ""Giao tiếp & kết nối"": [{""name"": ""Công nghệ NFC"", ""value"": ""Có""}, {""name"": ""Thẻ SIM"", ""value"": ""2 SIM (Nano-SIM)""}, {""name"": ""Hỗ trợ mạng"", ""value"": ""4G""}], ""RAM & lưu trữ"": [{""name"": ""Dung lượng RAM"", ""value"": ""8 GB""}, {""name"": ""Bộ nhớ trong"", ""value"": ""128 GB""}], ""Pin & công nghệ sạc"": [{""name"": ""Pin"", ""value"": ""4500 mAh""}], ""Tính năng khác"": [{""name"": ""Hệ điều hành"", ""value"": ""Android 12""}], ""Bộ xử lý & Đồ họa"": [{""name"": ""Loại CPU"", ""value"": ""2 x Cortex A75 2.0 GHz + 6 x Cortex A55 1.8 GHz""}], ""Kích thước & Trọng lượng"": [{""name"": ""Kích thước"", ""value"": ""162.9 x 74.5 x 7.48 mm""}, {""name"": ""Trọng lượng"", ""value"": ""179 g""}], ""Thiết kế & Trọng lượng"": [{""name"": ""Chất liệu mặt lưng"", ""value"": ""Nhựa""}, {""name"": ""Chất liệu khung viền"", ""value"": ""Nhựa""}], ""Cổng kết nối"": [{""name"": ""Wi-Fi"", ""value"": ""802.11 a/b/g/n/ac""}, {""name"": ""Bluetooth"", ""value"": ""v5.1""}], ""Thông tin chung"": [{""name"": ""Thời điểm ra mắt"", ""value"": ""2023""}]}","[""https://cdn2.cellphones.com.vn/x/media/catalog/product/h/o/honor-x8a_3_.png"", ""https://cdn2.cellphones.com.vn/x/media/catalog/product/h/o/honor-x8a.png"", ""https://cdn2.cellphones.com.vn/x/media/catalog/product/h/o/honor-x8a_1_.png""]",{}
Honor X9,honor-x9,N/A,N/A,"Honor X9 sở hữu hiệu suất hoạt động vượt trội khi được trang bị con chip 8 nhân Snapdragon 680 với dung lượng RAM 6 GB cùng bộ nhớ trong 128GB. Chiếc smartphone cũng nổi bật với màn hình IPS LCD 6.81 inch Full HD với tần số quét đạt 90Hz. Máy còn được trang bị camera chính ở mặt sau 48MP và mặt trước là 16MP. 
Nội dung chính
1. Honor X9 - Điện thoại sở hữu hiệu suất mạnh mẽ cùng thời lượng pin vượt trội
1.1. Tích hợp chip Snapdragon mạnh mẽ với công nghệ mở rộng RAM tiên tiến
1.2. Hệ thống ống kính hỗ trợ chụp ảnh sắc nét ở mọi góc độ 
1.3. Thoải mái giải trí với thời lượng pin lâu dài cùng công suất sạc vượt trội
1.4. Màn hình sắc nét, hỗ trợ chiến game và lướt web mượt mà
1.5. Thiết kế thon gọn với các gam màu độc đáo
2. Điện thoại Honor X9 khi nào ra mắt?
3. Giá bán của Honor X9 bao nhiêu?
4. Mua ngay Honor X9 chính hãng, giá tốt tại CellphoneS
Honor X9 - Điện thoại sở hữu hiệu suất mạnh mẽ cùng thời lượng pin vượt trội
Honor X9 được biết đến là chiếc smartphone có khả năng chiến game vượt trội nhưng được bán với mức giá vô cùng phải chăng. Bên cạnh đó, dòng điện thoại Honor mới của cũng nhận được nhiều sự quan tâm khi được thiết kế với ngoại hình độc đáo. Dòng Honor X9 hứa hẹn sẽ mang đến những trải nghiệm sử dụng tuyệt vời về camera, hiệu suất,...
Tích hợp chip Snapdragon mạnh mẽ với công nghệ mở rộng RAM tiên tiến
Điện thoại Honor X9 được tích hợp con chip 8 nhân đến từ nhà Qualcomm là Snapdragon 680. Sở hữu xung nhịp đạt đến 2.4GHz đi kèm với GPU Adreno 610 tiên tiến, con chip có khả năng xử lý nhanh chóng các tác vụ cũng như tiết kiệm điện năng đáng kể. Theo đó, những trải nghiệm chiến game trên máy trở nên mượt mà hơn, hạn chế tình trạng giật, lag.
Điểm hiệu năng của chip Snapdragon 680 khi hoạt động đơn nhân theo bài kiểm tra Geekbench 4 là 1940. Trong khi đó, nếu hoạt động đa nhân thì con số này lên đến 5153. Như vậy, hiệu năng của chip Snapdragon vô cùng mạnh mẽ và đã được nâng cấp đáng kể so với thế hệ tiền nhiệm là Snapdragon 660.
Ngoài ra, Honor X9 cũng được nâng cấp dung lượng RAM trong máy đạt đến 6GB. Với công nghệ HONOR RAM Turbo, smartphone cũng cho phép người dùng mở rộng thêm 2GB RAM. Bộ nhớ trong của máy cũng được đầu tư khi sở hữu dung lượng đạt đến 128GB giúp bạn lưu trữ mọi ứng dụng và dữ liệu cần thiết. 
Hệ thống ống kính hỗ trợ chụp ảnh sắc nét ở mọi góc độ 
Hệ thống camera trên máy được trang bị 4 ống kính bao gồm cảm biến chính 64MP, camera góc rộng 8MP, cảm biến đo độ sâu 2MP và camera macro 2MP. Như vậy, Honor X9 có khả năng chụp ảnh với đa dạng góc độ và hỗ trợ người dùng lưu lại mọi khoảnh khắc hàng ngày vô cùng sắc nét. 
Đặc biệt hơn, smartphone cũng có khả năng zoom quang học đến 8x đi kèm với nhiều tính năng hữu ích khác như chụp toàn cảnh, xóa phông,... Mặt trước của Honor X9 là camera 16MP có khả năng chụp ảnh selfie cũng như quay video với chất lượng Full HD+. 
Thoải mái giải trí với thời lượng pin lâu dài cùng công suất sạc vượt trội
Không chỉ sở hữu hiệu suất mạnh mẽ, Honor X9 cũng khiến người dùng ấn tượng khi được trang bị dung lượng pin đạt đến 4800mAh. Kết hợp với đó là công nghệ tiết kiệm năng lượng của Honor có thể cho phép người dùng lướt mạng xã hội đến 13,5 giờ trong 1 lần sạc.
Ngoài ra, smartphone của thương hiệu Honor còn đi kèm với công suất sạc lên đến 66W giúp bạn tối ưu hóa thời gian nạp đầy pin cho máy. 
Màn hình sắc nét, hỗ trợ chiến game và lướt web mượt mà
Honor X9 được trang bị kích thước màn hình 6.81 inch Full HD với tấm nền IPS LCD bao phủ ở mặt trên. Nhờ vào đó, màn hình smartphone có khả năng tái tạo màu sắc rực rỡ và hiển thị hình ảnh với góc nhìn rộng. Được tích hợp thêm tần số quét 90Hz, thiết bị cho phép người dùng lướt web, xem phim, hay chiến game mượt mà hơn. 
Thiết kế thon gọn với các gam màu độc đáo
Chỉ nặng khoảng 189g, Honor X9 mang đến cho người dùng cảm giác cầm nắm thoải mái và chắc tay. Điện thoại nhà Honor cũng được hoàn thiện với 3 màu sắc độc đáo gồm: Đen Midnight, Bạc titan và Xanh Ocean. Đặc biệt hơn, phiên bản Bạc titan khi tiếp xúc với ánh nắng có thể thay đổi màu sắc rực rỡ. 
Điện thoại Honor X9 khi nào ra mắt?
Honor X9 được chính thức ra mắt thị trường vào tháng 4 năm 2022. Ở thời điểm mở bán, smartphone nhà Honor chạy trên hệ điều hành Android 11 và sử dụng giao diện Magic UI 4.2. Tuy nhiên, Honor X9 chỉ có duy nhất 1 phiên bản bộ nhớ là dung lượng RAM 6GB cùng bộ nhớ trong 128GB.
Chiếc điện thoại chỉ hỗ trợ kết nối 4G cùng công nghệ Bluetooth 5.0. Ngoài ra, máy cũng được tích hợp cảm biến vân tay được đặt ở cạnh bên giúp người dùng mở khóa và thanh toán dễ dàng hơn. 
Giá bán của Honor X9 bao nhiêu?
Giá bán khởi điểm của Honor X9 rơi vào khoảng 486$ (tương đương với 11,63 triệu đồng) dành cho phiên bản 6GB/128GB. Như vậy, thiết bị đến từ thương hiệu Honor có thể được xếp vào phân khúc cận cao cấp.
Ở tầm giá trên 11 triệu đồng, Honor X9 sẽ phải cạnh tranh với các đối thủ: iPhone 11, OPPO Reno10, OnePlus Nord 3, realme 11 Pro, Xiaomi 11T,...
Mua ngay Honor X9 chính hãng, giá tốt tại CellphoneS
Honor X9 là lựa chọn lý tưởng nếu bạn đang tìm kiếm một thiết bị hỗ trợ chiến game tốt, dung lượng pin vượt trội cùng với hệ thống camera chất lượng cao. Nhanh chóng đặt ngay Honor X9 chính hãng tại Hệ thống CellphoneS để sở hữu sản phẩm với giá ưu đãi bạn nhé.","{""Màn hình"": [{""name"": ""Kích thước màn hình"", ""value"": ""6.81 inches""}, {""name"": ""Công nghệ màn hình"", ""value"": ""IPS LCD""}, {""name"": ""Độ phân giải màn hình"", ""value"": ""1080 x 2388 pixels""}, {""name"": ""Tính năng màn hình"", ""value"": ""Tốc độ làm mới 120 Hz""}], ""Camera sau"": [{""name"": ""Camera sau"", ""value"": ""Camera chính 48 MP\nCamera macro: 2 MP\nCamera hỗ trợ đo độ sâu: 2 MP""}], ""Camera trước"": [{""name"": ""Camera trước"", ""value"": ""16 MP""}], ""Vi xử lý & đồ họa"": [{""name"": ""Chipset"", ""value"": ""Snapdragon 695 5G""}], ""Giao tiếp & kết nối"": [{""name"": ""Công nghệ NFC"", ""value"": ""Có""}, {""name"": ""Thẻ SIM"", ""value"": ""2 SIM (Nano-SIM)""}, {""name"": ""Hỗ trợ mạng"", ""value"": ""5G""}], ""Pin & công nghệ sạc"": [{""name"": ""Pin"", ""value"": ""4.800 mAh""}, {""name"": ""Công nghệ sạc"", ""value"": ""Sạc nhanh 66 W""}, {""name"": ""Cổng sạc"", ""value"": ""USB Type-C""}], ""Tính năng khác"": [{""name"": ""Hệ điều hành"", ""value"": ""Android 11""}], ""Tiện ích khác"": [{""name"": ""Cảm biến vân tay"", ""value"": ""Cảm biến vân tay cạnh bên""}], ""Cổng kết nối"": [{""name"": ""Wi-Fi"", ""value"": ""802.11ac""}, {""name"": ""Bluetooth"", ""value"": ""v5.1""}]}","[""https://cdn2.cellphones.com.vn/x/media/catalog/product/h/o/honor-x9_1_.png"", ""https://cdn2.cellphones.com.vn/x/media/catalog/product/h/o/honor-x9_2_.png"", ""https://cdn2.cellphones.com.vn/x/media/catalog/product/h/o/honor-x9.png""]",{}
HONOR Magic V Flip 2,dien-thoai-honor-magic-v-flip-2,N/A,N/A,"Đặc điểm nổi bật của HONOR Magic V Flip 2
Điện thoại HONOR Magic V Flip 2 trang bị màn hình OLED 6,82 inch độ phân giải 2868x1232 pixel và màn hình ngoài 4,0 inch hỗ trợ tần số làm mờ PWM 3840Hz. Thiết bị tích hợp vi xử lý Snapdragon 8 Gen 3 mạnh mẽ cùng viên pin 5500mAh. Ngoài ra, hệ thống camera chính 200MP còn mang lại khả năng quay chụp ấn tượng.
Nội dung chính
1. Điện thoại HONOR Magic V Flip 2 - Thiết kế gập mỏng nhẹ, camera 200MP
1.1. Hệ điều hành MagicOS 9.0.1 và tính năng bảo vệ mắt AI
1.2. Hiệu năng mạnh mẽ từ chip Snapdragon 8 Gen 3
1.3. Camera chính 200MP và khả năng quay video 4K
2. Điện thoại HONOR Magic V Flip 2 khi nào ra mắt?
3. Điện thoại HONOR Magic V Flip giá bán bao nhiêu tiền?
4. So sánh điện thoại HONOR Magic V Flip với HONOR Magic V Flip
5. Mua điện thoại HONOR Magic V Flip 2 chính hãng tại CellphoneS
Điện thoại HONOR Magic V Flip 2 - Thiết kế gập mỏng nhẹ, camera 200MP
Magic V Flip 2 kết hợp hiệu năng từ chip Snapdragon mạnh mẽ cùng hệ điều hành MagicOS hiện đại nhằm tối ưu hóa trải nghiệm người dùng. Thế hệ điện thoại Honor này còn gây ấn tượng bởi cụm camera sắc nét và công nghệ sạc nhanh Honor.
Hệ điều hành MagicOS 9.0.1 và tính năng bảo vệ mắt AI
Điện thoại HONOR Magic V Flip 2 tích hợp sâu trí tuệ nhân tạo vào hệ thống với trợ lý YOYO Smart Agent và tính năng phát hiện hoán đổi khuôn mặt bằng AI. Công nghệ này đóng vai trò quan trọng trong việc tăng cường an ninh, giúp nhận diện các dấu hiệu giả mạo kỹ thuật số một cách chính xác để bảo vệ người dùng.
Máy tích hợp AI giúp tăng cường bảo mật người dùng.
Máy còn ứng dụng công nghệ làm dịu thị lực bằng AI và hiển thị hỗ trợ giấc ngủ bằng AI. Các thuật toán thông minh tự động điều chỉnh ánh sáng và nhiệt độ màu màn hình phù hợp với nhịp sinh học tự nhiên. Sự can thiệp tinh tế của AI giúp giảm thiểu tình trạng mỏi mắt và hỗ trợ giấc ngủ tốt hơn sau quá trình sử dụng thiết bị.
Hiệu năng mạnh mẽ từ chip Snapdragon 8 Gen 3
Điện thoại HONOR Magic V Flip 2 trang bị chip Snapdragon 8 Gen 3 lõi tám với nhân Cortex-X4 3.3GHz cho tốc độ xử lý vượt trội. GPU Adreno 750 cùng RAM tới 16GB và bộ nhớ trong tối đa 1TB giúp máy vận hành mượt mà các tác vụ nặng. Thiết bị đáp ứng tốt nhu cầu đa nhiệm và lưu trữ lượng lớn dữ liệu chất lượng cao.
Thiết bị sở hữu chip Snapdragon 8 Gen 3 và RAM 16GB.
Chip tăng cường tần số vô tuyến tự phát triển HONOR C1+ giúp tối ưu hóa kết nối 5G và duy trì tín hiệu ổn định. Máy hỗ trợ Wi-Fi 7 và Bluetooth 5.4 với codec LDAC hay aptX HD, mang lại tốc độ truyền tải nhanh chóng. Chip giao tiếp độc lập tích hợp giúp giảm thiểu độ trễ mạng khi gọi video VoIP hoặc truy cập dữ liệu.
Camera chính 200MP và khả năng quay video 4K
Hệ thống camera trên điện thoại HONOR Magic V Flip 2 nổi bật với cảm biến chính 200MP khẩu độ f/1.9 tích hợp OIS. Camera góc siêu rộng kiêm macro 50MP khẩu độ f/2.0 hỗ trợ ghi lại ảnh cận cảnh hoặc khung cảnh rộng lớn. Độ phân giải ảnh tối đa đạt 16384×12288 pixel, mang lại khả năng tái tạo chi tiết cực cao cho từng bức ảnh.
Camera chính 200MP cho ảnh sắc nét từng chi tiết.
Thiết bị hỗ trợ quay video 3840x2160 pixel ở cả camera sau và camera trước 50MP bên trong. Thuật toán khử rung điện tử EIS kết hợp zoom kỹ thuật số 30x mang đến sự linh hoạt khi sáng tạo nội dung. Chế độ chụp đêm chuyên sâu và chân dung nghệ thuật giúp cải thiện chất lượng ảnh trong nhiều điều kiện ánh sáng.
Điện thoại HONOR Magic V Flip 2 khi nào ra mắt?
Điện thoại HONOR Magic V Flip 2 chính thức được công bố ra mắt tại thị trường Trung Quốc vào ngày 21 tháng 8 ở Thâm Quyến. Sự kiện này đánh dấu sự xuất hiện của dòng máy gập nắp thế hệ tiếp theo mang tính đột phá, đáp ứng những kỳ vọng về trải nghiệm di động hiện đại của người dùng.
Sản phẩm ra mắt ngày 21 tháng 8 tại Trung Quốc.
Điện thoại HONOR Magic V Flip giá bán bao nhiêu tiền?
Sản phẩm sở hữu mức giá khởi điểm khoảng 20 triệu đồng, định vị sản phẩm nằm trong phân khúc cận cao cấp và cao cấp trên thị trường smartphone. Thiết bị hướng tới đối tượng người dùng yêu thích thiết kế gập thời thượng và mong muốn sở hữu một sản phẩm cân bằng giữa tính thời trang và công nghệ hiện đại.
HONOR Magic V Flip 2 có giá khởi điểm từ 20 triệu đồng.
Chi phí sở hữu điện thoại HONOR Magic V Flip 2 thay đổi tùy thuộc vào tùy chọn bộ nhớ, mang lại sự linh hoạt cho người dùng cân đối ngân sách. Sự chênh lệch giá giữa các phiên bản phản ánh rõ sự nâng cấp về khả năng lưu trữ và hiệu năng. Tham khảo bảng giá niêm yết tại Trung Quốc và mức giá quy đổi sau đây:
Phiên bản bộ nhớ
Giá niêm yết (Nhân dân tệ)
Giá quy đổi tham khảo (triệu đồng)
12GB + 256GB
5,499
Khoảng 20.25
12GB + 512GB
5,999
Khoảng 22.10
12GB + 1TB
6,499
Khoảng 23.94
16GB + 1TB
7,499
Khoảng 27.62
So sánh điện thoại HONOR Magic V Flip với HONOR Magic V Flip
Điện thoại HONOR Magic V Flip 2 mang đến những nâng cấp đáng kể về hiệu năng và công nghệ nhiếp ảnh so với phiên bản tiền nhiệm. Một số thay đổi đáng chú ý về giữa hai phiên bản được tổng hợp ngay dưới đây.
Tiêu chí
HONOR Magic V Flip 2
HONOR Magic V Flip
Vi xử lý
Snapdragon 8 Gen 3
Snapdragon 8+ Gen 1
Camera sau
Chính 200MP (OIS) + Góc siêu rộng 50MP
Chính 50MP (OIS) + Góc siêu rộng 12MP
Pin và sạc
5500mAh, Sạc nhanh 80W, Sạc không dây 50W
4800mAh, Sạc nhanh 66W
Màn hình trong
6.82 inch, tần số làm mờ 4320Hz
6.8 inch, tần số làm mờ 3840Hz
Độ dày (mở)
6,9 mm
7,15 mm
Độ dày (gập)
15,5 mm
14,89 mm
Khác biệt giữa HONOR Magic V Flip 2 và Magic V Flip.
HONOR Magic V Flip 2 đã được nâng cấp từ chip Snapdragon 8+ Gen 1 lên Snapdragon 8 Gen 3. Camera chính 200MP cùng pin 5500mAh mang lại lợi thế vượt trội về nhiếp ảnh và năng lượng so với 50MP và 4800mAh của HONOR Magic V Flip. Các cải tiến này đáp ứng tốt hơn nhu cầu xử lý đa nhiệm cường độ cao.
Mua điện thoại HONOR Magic V Flip 2 chính hãng tại CellphoneS
Để sở hữu điện thoại HONOR Magic V Flip 2 với chất lượng đảm bảo, khách hàng có thể tin tưởng lựa chọn CellphoneS. Mọi thiết bị bán ra đều cam kết là hàng mới, nguyên seal và đi kèm đầy đủ bộ phụ kiện chuẩn từ nhà sản xuất. Bên cạnh chính sách bảo hành chính hãng, khách hàng còn nhận mức giá tiết kiệm hơn khi đăng ký thành viên Smember. Liên hệ đặt hàng ngay để nhận được những ưu đãi hấp dẫn!","{""Màn hình"": [{""name"": ""Kích thước màn hình"", ""value"": ""6.82 inches""}, {""name"": ""Công nghệ màn hình"", ""value"": ""LTPO OLED""}, {""name"": ""Tính năng màn hình"", ""value"": ""2,868 x 1,232 pixel\n120Hz, 5,000 nits hiển thị rõ ràng cả ngoài trời""}, {""name"": ""Tần số quét"", ""value"": ""120Hz""}, {""name"": ""Kiểu màn hình"", ""value"": ""Màn hình gập""}], ""Camera sau"": [{""name"": ""Camera sau"", ""value"": ""Camera chính: 200MP, f/1.9\nCamera góc rộng: 50MP""}, {""name"": ""Quay video"", ""value"": ""4K HDR""}, {""name"": ""Tính năng camera"", ""value"": ""Camera 200MP chống rung OIS, chụp góc rộng 120°, macro, zoom 30x, selfie 50MP và hỗ trợ AI chân dung, xóa vật thể, chỉnh sửa ảnh thông minh""}], ""Camera trước"": [{""name"": ""Camera trước"", ""value"": ""50MP""}], ""Vi xử lý & đồ họa"": [{""name"": ""Chipset"", ""value"": ""Snapdragon 8 Gen 3""}, {""name"": ""GPU"", ""value"": ""Adreno 750""}], ""Giao tiếp & kết nối"": [{""name"": ""Công nghệ NFC"", ""value"": ""Có""}, {""name"": ""Thẻ SIM"", ""value"": ""2 Nano SIM hoặc 2 eSIM hoặc 1 Nano SIM + 1 eSIM""}, {""name"": ""Hồng ngoại"", ""value"": ""Có""}, {""name"": ""Hỗ trợ mạng"", ""value"": ""5G""}, {""name"": ""GPS"", ""value"": ""GPS, A-GPS, Glonass, Galileo, BeiDou, QZSS và NavIC""}], ""RAM & lưu trữ"": [{""name"": ""Dung lượng RAM"", ""value"": ""16 GB""}, {""name"": ""Bộ nhớ trong"", ""value"": ""1 TB""}], ""Pin & công nghệ sạc"": [{""name"": ""Pin"", ""value"": ""5200 mAh""}, {""name"": ""Công nghệ sạc"", ""value"": ""Sạc có dây 80W\nSạc không dây 50W\nSạc ngược không dây 7.5W""}, {""name"": ""Cổng sạc"", ""value"": ""USB Type-C""}], ""Tính năng khác"": [{""name"": ""Hệ điều hành"", ""value"": ""MagicOS 9.0.1 (Android 15)""}], ""Bộ xử lý & Đồ họa"": [{""name"": ""Loại CPU"", ""value"": ""8 nhân""}], ""Kích thước & Trọng lượng"": [{""name"": ""Kích thước"", ""value"": ""Khi mở: 167.1 × 75.6 × 6.9 mm\nKhi gập: 86.2 × 75.6 × 15.5 mm""}, {""name"": ""Trọng lượng"", ""value"": ""~204 g""}], ""Thiết kế & Trọng lượng"": [{""name"": ""Chất liệu mặt lưng"", ""value"": ""Kính""}, {""name"": ""Chất liệu khung viền"", ""value"": ""Nhôm""}], ""Thông số khác"": [{""name"": ""Chỉ số kháng nước, bụi"", ""value"": ""IP58\nIP59""}, {""name"": ""Công nghệ âm thanh"", ""value"": ""HONOR Sound\nÂm thanh nổi""}], ""Tiện ích khác"": [{""name"": ""Cảm biến vân tay"", ""value"": ""Cảm biến vân tay cạnh bên""}, {""name"": ""Các loại cảm biến"", ""value"": ""Cảm biến gia tốc, Cảm biến tiệm cận, Cảm biến ánh sáng, La bàn, Con quay hồi chuyển""}, {""name"": ""Tính năng đặc biệt"", ""value"": ""Hỗ trợ 5G, Sạc không dây, Bảo mật vân tay, Kháng nước, kháng bụi, Điện thoại AI""}], ""Cổng kết nối"": [{""name"": ""Wi-Fi"", ""value"": ""Wi-Fi 7""}, {""name"": ""Bluetooth"", ""value"": ""5.3""}]}","[""https://cdn2.cellphones.com.vn/x/media/catalog/product/d/i/dien-thoai-honor-magic-v-flip-2_1.jpg"", ""https://cdn2.cellphones.com.vn/x/media/catalog/product/d/i/dien-thoai-honor-magic-v-flip-2.jpg"", ""https://cdn2.cellphones.com.vn/x/media/catalog/product/d/i/dien-thoai-honor-magic-v-flip-2-1.jpg""]",{}
Honor 200 Lite,dien-thoai-honor-200-lite,N/A,N/A,"Đặc điểm nổi bật của Honor 200 Lite
Điện thoại Honor 200 Lite là chiếc điện thoại tầm trung được trang bị chip MediaTek Dimensity 6080 cùng tổng RAM 16GB xử lý mượt mà cho mọi tác vụ. Bộ nhớ trong có dung lượng 256GB có khả năng lưu trữ siêu rộng lên đến hàng nghìn dữ liệu. Mẫu điện thoại Honor này sở hữu màn hình AMOLED 6.7 inch đạt chứng nhận của TUV Rheinland về vấn đề chống nhấp nháy, hạn chế tình trạng mỏi mắt. 
Nội dung chính
1. Điện thoại Honor 200 Lite - Thiết kế hiện đại, tính năng mạnh mẽ, vượt trội trong phân khúc giá rẻ
1.1. Chip MediaTek Dimensity 6080 mạnh mẽ với RAM tổng 16GB cùng giao diện MagicOS 8.0
1.2. Hệ thống 3 camera với độ sắc nét cao, sống động trong mọi hoàn cảnh
1.3. Viên pin dung lượng lớn 4500mAh tích hợp sạc nhanh 35W
1.4. Màn hình AMOLED 6.7inch đạt chứng nhận TUV Rheinland
2. Điện thoại Honor 200 Lite khi nào ra mắt?
3. Điện thoại Honor 200 Lite giá bán bao nhiêu tiền?
4. Mua điện thoại Honor 200 Lite chính hãng với giá tốt tại CellphoneS
Điện thoại Honor 200 Lite - Thiết kế hiện đại, tính năng mạnh mẽ, vượt trội trong phân khúc giá rẻ
Điện thoại Honor 200 lite là dòng điện thoại thông minh 5G phân khúc giá rẻ mới nhất của Honor, hứa hẹn mang đến trải nghiệm di động mượt mà và ổn định cho người dùng. Với thiết kế trẻ trung, hiệu năng mạnh mẽ, Honor 200 Lite là lựa chọn phù hợp cho những ai đang tìm kiếm một chiếc smartphone 5G giá tốt.
Chip MediaTek Dimensity 6080 mạnh mẽ với RAM tổng 16GB cùng giao diện MagicOS 8.0
Điện thoại Honor 200 Lite được trang bị chip MediaTek Dimensity 6080, đảm bảo xử lý mượt mà các tác vụ từ cơ bản đến phức tạp. Ngoài RAM 8GB, máy còn hỗ trợ RAM ảo thêm 8GB, cải thiện khả năng đa nhiệm và xử lý ứng dụng nặng. Bộ nhớ trong 256GB của Honor 200 Lite cung cấp không gian lưu trữ rộng rãi cho ứng dụng, ảnh, và video, giúp người dùng không cần lo lắng về dung lượng. 
Điện thoại Honor 200 Lite sở hữu giao diện MagicOS 8.0, dựa trên hệ điều hành Android 14 tối ưu hóa trải nghiệm người dùng. Giao diện MagicOS 8.0 mang lại nhiều tính năng thông minh và tùy biến, giúp người dùng dễ dàng sử dụng và tận hưởng các tính năng của máy. Hệ điều hành này cũng cải thiện khả năng tương tác và bảo mật, giúp người dùng yên tâm khi sử dụng các ứng dụng.
Honor Magic V5 cao cấp mới với những thay đổi ấn tượng, trang bị công nghệ AI hiện đại, nắm bắt và đi đầu xu hướng công nghệ. Phiên bản điện thoại Honor mới sẽ được bán chính hãng trên toàn hệ thống CellphoneS vào tháng 10/2025. Theo dõi nhé!
Hệ thống 3 camera với độ sắc nét cao, sống động trong mọi hoàn cảnh
Điện thoại Honor 200 Lite sở hữu hệ thống camera sau gồm camera chính 108MP, camera góc rộng 5MP và camera macro 2MP. Camera cảm biến chính 108MP cải thiện chất lượng ảnh chụp rõ nét, chi tiết với màu sắc sống động bất chấp điều kiện ánh sáng. Camera góc rộng 5MP giúp người dùng lấy trọn mọi hình ảnh xung quanh vào trong khung hình. Camera macro 2MP của máy còn có khả năng làm nét ngay cả khi chụp cận cảnh. 
Hệ thống camera này của điện thoại Honor 200 Lite còn cung cấp nhiều chế độ chụp ảnh như ngoại cảnh, chân dung,... Chế độ chụp ảnh chân dung tạo hiệu ứng đẹp mắt, làm nổi bật chủ thể, trong khi chế độ ban đêm giúp chụp ảnh rõ ràng ngay cả trong điều kiện ánh sáng yếu, phức tạp. Ngoài ra, điện thoại Honor 200 Lite còn có camera selfie 50MP, giúp người dùng tạo ra được những bức ảnh selfie đẹp tự nhiên.
Viên pin dung lượng lớn 4500mAh tích hợp sạc nhanh 35W
Điện thoại Honor 200 Lite được trang bị pin dung lượng 4500mAh, đảm bảo thời gian sử dụng suốt cả ngày cho các nhu cầu từ làm việc đến giải trí. Pin của Honor 200 còn tích hợp công nghệ sạc nhanh 35W, hiệu suất đủ lớn để người dùng sạc đầy pin nhanh chóng, hiệu quả. Với tính năng này, người dùng có thể an tâm sử dụng Honor 200 Lite trong các hoạt động hàng ngày mà không lo gián đoạn do hết pin. 
Điện thoại Honor 200 giá rẻ sở hữu viên pin có dung lượng 5200mAh, lớn hơn so với Honor 200 Lite. Khách hàng có thể tham khảo phiên bản Honor 200 nếu có nhu cầu sử dụng điện thoại nhiều hơn.
Màn hình AMOLED 6.7inch đạt chứng nhận TUV Rheinland
Điện thoại Honor 200 Lite sở hữu màn hình AMOLED 6.7 inch với độ phân giải 2.412 x 1.080 pixel, mang lại hình ảnh sắc nét và chi tiết. Màn hình Honor 200 Lite đã đạt chứng nhận không nhấp nháy của TUV Rheinland, giúp giảm mỏi mắt khi sử dụng lâu dài, bảo vệ sức khỏe người dùng. Honor 200 Lite sử dụng công nghệ AMOLED còn có khả năng cải thiện màu sắc, độ tương phản của hình ảnh.
Điện thoại Honor 200 Lite khi nào ra mắt?
Điện thoại Honor 200 Lite đã được ra mắt vào ngày 26 tháng 4 năm 2024 tại Pháp, mang đến lựa chọn hấp dẫn cho người dùng trong phân khúc tầm trung. Với nhiều tính năng nổi bật cùng mức giá hợp lý, sản phẩm này nhanh chóng thu hút sự chú ý của người dùng. Sự kiện ra mắt này cũng đánh dấu sự trở lại của Honor trên thị trường quốc tế với mục tiêu cạnh tranh mạnh mẽ trong phân khúc điện thoại tầm trung.
Điện thoại Honor 200 Lite giá bán bao nhiêu tiền?
Điện thoại Honor 200 Lite có giá bán khoảng €329.90, tương đương khoảng 8.97 triệu đồng tại Việt Nam. Con số này được xem là mức giá cạnh tranh trong phân khúc tầm trung, vẫn đủ mạnh đáp ứng tốt nhu cầu sử dụng hàng ngày và giải trí. Ngoài ra, Honor 200 Lite còn có nhiều phiên bản khác nhau. Mức giá sẽ chênh lệch tùy phiên bản tạo điều kiện cho người dùng lựa chọn phù hợp với nhu cầu và ngân sách của mình. 
Mua điện thoại Honor 200 Lite chính hãng với giá tốt tại CellphoneS
Hiện tại, điện thoại Honor 200 Lite chính hãng đang được bán với giá tốt tại CellphoneS. Khi quý khách mua hàng tại CellphoneS sẽ nhận được sự tư vấn tận tâm từ nhân viên để lựa chọn phiên bản phù hợp nhất với nhu cầu và ngân sách của mình. Ngoài ra, khách hàng còn có cơ hệ nhận nhiều ưu đãi hấp dẫn. Ghé CellphoneS ngay hôm nay để sở hữu cho mình sản phẩm này nhé.","{""Màn hình"": [{""name"": ""Kích thước màn hình"", ""value"": ""6.7 inches""}, {""name"": ""Công nghệ màn hình"", ""value"": ""AMOLED""}, {""name"": ""Độ phân giải màn hình"", ""value"": ""2412 x 1080 pixels""}], ""Camera sau"": [{""name"": ""Camera sau"", ""value"": ""Cảm biến chính 108MP\nMáy ảnh siêu rộng 8MP\nCảm biến macro 2MP""}, {""name"": ""Tính năng camera"", ""value"": ""Chân dung, ban đêm, chuyển động chậm, toàn cảnh, HDR, tua nhanh thời gian, siêu macro,...""}], ""Camera trước"": [{""name"": ""Camera trước"", ""value"": ""50MP""}], ""Vi xử lý & đồ họa"": [{""name"": ""Chipset"", ""value"": ""MediaTek Dimensity 6080""}], ""Giao tiếp & kết nối"": [{""name"": ""Công nghệ NFC"", ""value"": ""Có""}, {""name"": ""Hỗ trợ mạng"", ""value"": ""5G""}], ""RAM & lưu trữ"": [{""name"": ""Dung lượng RAM"", ""value"": ""8 GB""}, {""name"": ""Bộ nhớ trong"", ""value"": ""256 GB""}], ""Pin & công nghệ sạc"": [{""name"": ""Pin"", ""value"": ""4500 mAh""}, {""name"": ""Công nghệ sạc"", ""value"": ""Sạc nhanh 35W""}], ""Tính năng khác"": [{""name"": ""Hệ điều hành"", ""value"": ""Android 14""}], ""Kích thước & Trọng lượng"": [{""name"": ""Kích thước"", ""value"": ""Dày chỉ 6.78mm""}, {""name"": ""Trọng lượng"", ""value"": ""166 g""}], ""Cổng kết nối"": [{""name"": ""Bluetooth"", ""value"": ""v5.1""}]}","[""https://cdn2.cellphones.com.vn/x/media/catalog/product/d/i/dien-thoai-honor-200-lite_1_.png"", ""https://cdn2.cellphones.com.vn/x/media/catalog/product/d/i/dien-thoai-honor-200-lite_2_.png"", ""https://cdn2.cellphones.com.vn/x/media/catalog/product/d/i/dien-thoai-honor-200-lite.png""]",{}
Honor X7,honor-x7,N/A,N/A,"Honor X7 với thiết kế màn hình giọt nước IPS LCD 6.74 inch với tần số quét 90Hz cùng với đó là bộ vi xử lý Snapdragon 680, Ram 4GB và bộ nhớ trong 128GB. Hơn thế điện thoại Honor này còn sở hữu cụm camera chất lượng với ống kính 48MP kết hợp cùng camera trước 8MP,... Tất cả sẽ giúp người dùng có được trải nghiệm ấn tượng, độc đáo và vô cùng hoàn hảo.
Nội dung chính
1. Điện thoại Honor X7 - Cấu hình ổn định cùng pin dung lượng lớn
1.1. Cấu hình ổn định nhờ bộ vi xử lý Snapdragon 680
1.2. Camera chất lượng, thoải mái lưu trữ mọi khoảnh khắc
1.3. Pin lớn, sạc nhanh gia tăng thời gian trải nghiệm
1.4. Màn hình LCD chất lượng, độ phân giải HD+ sắc nét
1.5. Thiết kế thời trang, tỉ mỉ và tinh tế
2. Điện thoại Honor X7 giá bao nhiêu?
3. Điện thoại Honor X7 khi nào ra mắt?
4. Mua ngay điện thoại Honor X7 chất lượng, giá tốt tại CellphoneS
Điện thoại Honor X7 - Cấu hình ổn định cùng pin dung lượng lớn
Honor X7 là một trong những mẫu smartphone giá rẻ mà hãng mang tới cho thị trường. Sở hữu trên mình thiết kế thời trang, độc đáo, cùng với đó là hiệu năng ổn định, ấn tượng. Đặc biệt các tiện ích, ứng dụng thông minh linh hoạt. Tất cả những điều độc đáo và ấn tượng này đang chờ bạn sở hữu và khám phá.
Cấu hình ổn định nhờ bộ vi xử lý Snapdragon 680
Honor X7 là mẫu smartphone giá rẻ nhưng đảm bảo hiệu năng mạnh mẽ để có thể xử lý tốt các tác vụ hàng ngày của người dùng. Có được điều này là nhờ hãng đã trang bị con chip Snapdragon 680 được sản xuất trên tiến trình 8 nhân. Chúng không chỉ mang tới khả năng chiến game mạnh mẽ mà còn giúp tối ưu hóa điện năng cho thiết bị.
Đi kèm với con chip ấn tượng là RAM 4GB kết hợp với bộ nhớ trong 128GB. Bạn hoàn toàn thoải mái đa nhiệm hoặc mở rộng bộ nhớ của điện thoại nhờ khe cắm thẻ nhớ microSD chuyên dụng. Từ đó giúp bạn có thể lưu trữ tài liệu hoặc tải các ứng dụng mà mình yêu thích.
Camera chất lượng, thoải mái lưu trữ mọi khoảnh khắc
Là một trong những mẫu smartphone giá rẻ nhưng Honor được hãng trang bị vô cùng đầy đủ và ấn tượng. Trên máy được trang bị cụm camera với khả năng chụp ảnh và lưu trữ mọi khoảnh khắc hoàn hảo xung quanh bạn. Thông số chi tiết của camera như sau:
Camera trước 8MP siêu chất lượng, ấn tượng.
Camera chính độ phân giải 48MP
Camera góc rộng 5MP
Camera macro 2 MP 
Ống kính hỗ trợ đo độ sâu 2 MP
Đặc biệt, bạn có thể quay video full HD với cả 2 camera trước và sau. Từ đó giúp bạn có những video chất lượng để thoải mái chia sẻ với bạn bè, người thân.
Pin lớn, sạc nhanh gia tăng thời gian trải nghiệm
Là mẫu điện thoại giá rẻ nhưng Honor X7 vẫn được trang bị viên pin lớn và công nghệ sạc nhanh siêu tốc. Nhờ dung lượng pin 5000 mAh đặc biệt là con chip siêu tiết kiệm kiện năng giúp cho bạn có thể thoải mái sử dụng trong cả ngày dài.
Ngoài ra, công suất sạc nhanh tới 20W giúp bạn tiết kiệm được tối đa thời gian bổ sung năng lượng. Bạn có thể thoải mái chơi game, giải trí cũng như lướt mạng xã hội mà không cần lo lắng về tình trạng gián đoạn do hết pin.
Màn hình LCD chất lượng, độ phân giải HD+ sắc nét
Honor X7 được trang bị màn hình giọt nước vô cùng thời thượng. Nhờ tấm nền IPS LCD 6.74 inch chất lượng cung cấp độ phân giải HD+ mang tới khả năng hiển thị sắc nét tới từng chi tiết.
Đặc biệt, tỷ lệ khung hình 20:9 trên máy giúp cho không gian hiển thị rộng hơn. Bạn sẽ dễ dàng tận hưởng và trải nghiệm những điều ấn tượng, thú vị mà hãng đã trang bị.
Thiết kế thời trang, tỉ mỉ và tinh tế
Tuy là điện thoại thuộc phân khúc giá rẻ nhưng Honor X7 lại mang trên mình thiết kế vô cùng trẻ trung, tinh tế và bắt kịp với trend. Các đường nét, chi tiết được hoàn thiện tỉ mỉ, sắc nét. Mặt lưng của máy là hiệu ứng gradient với độ bóng vừa phải. Chúng vừa mang tới độ thẩm mĩ, vừa bền bỉ và giúp hạn chế tối đa tình trạng bám vân tay.
Mặt trước của điện thoại là thiết kế hình giọt nước quen thuộc và vô cùng thời trang. Bên cạnh đó, các góc cạnh được bo tròn mềm mại, viền màn siêu mỏng giúp cho việc vuốt chạm trở nên dễ dàng.
Điện thoại Honor X7 giá bao nhiêu?
Là mẫu điện thoại giá rẻ, chất lượng mức giá bán cụ thể của Honor X7 là điều được anh em vô cùng quan tâm. Vậy điện thoại Honor X7 giá bao nhiêu?
Honor X7 được bán ra thị trường với mức giá chỉ khoảng 165 USD (tương đương với khoảng 3,8 triệu đồng) cho phiên bản RAM 4GB duy nhất và bộ lưu trữ 128GB. Khi được ra mắt thiết bị mới sẽ được chạy trên hệ điều hành Android 11 cùng với đó là giao diện Magic UI 4.2 được cài đặt sẵn mang lại trải nghiệm quen thuộc cho người dùng.
Điện thoại Honor X7 khi nào ra mắt?
Honor X7 khi nào ra mắt cũng là điều được đông đảo người dùng tìm kiếm. Hiện tại mẫu smartphone giá rẻ của hãng này đã chính thức trình làng từ ngày 14/4 với 2 tuỳ chọn màu sắc bao gồm: xanh lam và bạc. Đây đều là những màu sắc thời trang, ấn tượng giúp thể hiện được cá tính của người sở hữu.
Đặc biệt trên mẫu Honor X7 còn được trang bị một cảm biến vân tay tích hợp trên nút nguồn ở cạnh bên và cùng với đó là khả năng mở khóa bằng khuôn mặt. Ngoài ra, điện thoại có các tính năng khác đi kèm như: Hai SIM, 4G VoLTE, Wi-Fi 802.11ac, Bluetooth 5.1, GPS, USB-C và cổng âm thanh 3.5 mm.
Mua ngay điện thoại Honor X7 chất lượng, giá tốt tại CellphoneS
Có thể thấy rằng, Honor X7 là mẫu điện thoại thông minh, ấn tượng giúp mang tới cho người dùng những trải nghiệm độc đáo, khó quên. Hiện tại bạn có thể đến CellphoneS xem trải nghiệm và sở hữu cho mình mẫu điện thoại chất lượng hoàn hảo này nhé.","{""Màn hình"": [{""name"": ""Kích thước màn hình"", ""value"": ""6.74 inches""}, {""name"": ""Công nghệ màn hình"", ""value"": ""IPS LCD""}, {""name"": ""Độ phân giải màn hình"", ""value"": ""720 x 1612 (HD+)""}], ""Camera sau"": [{""name"": ""Camera sau"", ""value"": ""Camera chính 48 MP\nCamera góc rộng: 5 MP\nCamera macro: 2 MP\nCamera hỗ trợ đo độ sâu: 2 MP""}], ""Camera trước"": [{""name"": ""Camera trước"", ""value"": ""8.0 MP""}], ""Vi xử lý & đồ họa"": [{""name"": ""Chipset"", ""value"": ""Snapdragon 680""}], ""Giao tiếp & kết nối"": [{""name"": ""Công nghệ NFC"", ""value"": ""Không""}, {""name"": ""Thẻ SIM"", ""value"": ""2 SIM (Nano-SIM)""}, {""name"": ""Jack tai nghe 3.5"", ""value"": ""Có""}, {""name"": ""Hỗ trợ mạng"", ""value"": ""4G""}], ""RAM & lưu trữ"": [{""name"": ""Dung lượng RAM"", ""value"": ""4 GB""}, {""name"": ""Bộ nhớ trong"", ""value"": ""128 GB""}, {""name"": ""Khe cắm thẻ nhớ"", ""value"": ""microSD""}], ""Pin & công nghệ sạc"": [{""name"": ""Pin"", ""value"": ""5.000 mAh""}, {""name"": ""Công nghệ sạc"", ""value"": ""Sạc nhanh 22.5 W""}, {""name"": ""Cổng sạc"", ""value"": ""USB Type-C""}], ""Tính năng khác"": [{""name"": ""Hệ điều hành"", ""value"": ""Android 11""}], ""Tiện ích khác"": [{""name"": ""Cảm biến vân tay"", ""value"": ""Cảm biến vân tay cạnh bên""}], ""Cổng kết nối"": [{""name"": ""Wi-Fi"", ""value"": ""802.11ac""}, {""name"": ""Bluetooth"", ""value"": ""v5.1""}]}","[""https://cdn2.cellphones.com.vn/x/media/catalog/product/h/o/honor-x7_1_.png"", ""https://cdn2.cellphones.com.vn/x/media/catalog/product/h/o/honor-x7.png"", ""https://cdn2.cellphones.com.vn/x/media/catalog/product/h/o/honor-x7_2_.png""]",{}
Honor 90 Pro,honor-90-pro,N/A,N/A,"Honor 90 Pro là một chiếc điện thoại được trang bị màn hình OLED 6,78 inch với tần số quét 120Hz và độ sáng tối đa lên đến 1600 nits. Honor 90 Pro có bộ vi xử lý Qualcomm Snapdragon 8+ Gen 1 mạnh mẽ, hỗ trợ kết nối 5G tốc độ cao, bộ nhớ trong rộng lớn lên đến 512GB và 16GB RAM. Camera chính 200 MP, camera tele 32 MP và camera siêu rộng 12MP.
Nội dung chính
1. Honor 90 Pro - Sự kết hợp hoàn hảo giữa thiết kế và hiệu năng
1.1. Hiệu suất vượt trội với Snapdragon 8+ Gen 1
1.2. Camera đỉnh cao lên đến 200MP
1.3. Viên pin 5000mAh mạnh mẽ, hỗ trợ sạc nhanh 100W
1.4. Màn hình OLED 6,78 inch cùng tần số quét 120Hz
1.5. Thiết kế khung kim loại chắc chắn
2. Honor 90 Pro khi nào ra mắt chính thức?
3. Honor 90 Pro bán giá bao nhiêu tiền?
4. Mua Honor 90 Pro uy tín, chất lượng tại CellphoneS
Honor 90 Pro - Sự kết hợp hoàn hảo giữa thiết kế và hiệu năng
Honor 90 Pro là một trong những chiếc điện thoại thông minh cao cấp mới nhất của Honor, thương hiệu con của Huawei. Với thiết kế đẳng cấp, hiệu năng vượt trội và tính năng camera đỉnh cao, sản phẩm này được đánh giá là một trong những chiếc điện thoại thông minh tốt nhất trên thị trường hiện nay.
Sản phẩm điện thoại Honor này được trang bị pin Li-Po 5000 mAh và hỗ trợ sạc nhanh 100W và có tính năng nhận diện vân tay dưới màn hình, cảm biến gia tốc, cảm biến gyroscope, la bàn và cảm biến tiệm cận siêu âm.
Hiệu suất vượt trội với Snapdragon 8+ Gen 1
Honor 90 Pro được trang bị bộ vi xử lý Qualcomm Snapdragon 8+ Gen 1 mạnh mẽ, với tốc độ xung nhịp lên đến 3,0 GHz. Bộ vi xử lý này giúp sản phẩm hoạt động mượt mà và nhanh chóng, đáp ứng được các tác vụ đa nhiệm và yêu cầu xử lý đồ họa phức tạp.
Với bộ nhớ trong rộng lớn lên đến 512GB và RAM 16GB, Honor 90 Pro cung cấp không gian lưu trữ đủ lớn cho người dùng lưu trữ các tệp tin đa phương tiện và ứng dụng. Hơn nữa, sản phẩm còn hỗ trợ kết nối 5G tốc độ cao, cho phép người dùng truy cập internet và tải xuống tốc độ cao hơn so với các sản phẩm điện thoại thông minh khác.
Camera đỉnh cao lên đến 200MP
Hệ thống camera sau của Honor 90 Pro được trang bị với độ phân giải cực khủng lên đến 200MP, cho phép người dùng chụp ảnh với độ sáng, độ tương phản và độ chi tiết tuyệt vời. Hệ thống camera này gồm ba ống kính, bao gồm cảm biến Sony IMX 800, cảm biến siêu rộng và cảm biến tele. Điều này giúp cho việc chụp ảnh với nhiều góc độ và phong cách trở nên dễ dàng hơn.
Bên cạnh đó, camera trước của sản phẩm này có độ phân giải 32 MP, cho phép người dùng chụp ảnh selfie với độ nét cao và chất lượng hình ảnh tuyệt vời. Hơn nữa, tính năng chụp ảnh chân dung AI của Honor 90 Pro còn giúp người dùng có được các bức ảnh chân dung đẹp và chuyên nghiệp với hiệu ứng bokeh độc đáo.
Điện thoại Honor Magic V5 trang bị bộ camera Honor Falcon, với camera tele tiềm ng siêu cảm biến 64MP cực sắc nét, mang đến khả năng quay chụp chất lượng cao và những khung hình cực nét.
Viên pin 5000mAh mạnh mẽ, hỗ trợ sạc nhanh 100W
Honor 90 Pro được trang bị viên pin 5000mAh mạnh mẽ, cho phép người dùng sử dụng sản phẩm trong thời gian dài mà không cần lo lắng về việc sạc pin. Viên pin này cũng hỗ trợ tính năng sạc nhanh 100W, cho phép người dùng sạc đầy pin chỉ trong vòng vài phút.
Tính năng sạc nhanh 100W của Honor 90 Pro cực kỳ ấn tượng, giúp người dùng tiết kiệm thời gian sạc pin và có thể sử dụng sản phẩm một cách liên tục mà không cần phải lo lắng về việc hết pin. Điều này cũng đặc biệt hữu ích cho những người dùng có lịch trình công việc bận rộn, hay thường xuyên di chuyển và không có nhiều thời gian để sạc pin.
Màn hình OLED 6,78 inch cùng tần số quét 120Hz
Đối với Honor 90 Pro, màn hình là một trong những điểm nổi bật của sản phẩm này. Máy được trang bị màn hình OLED 6,78 Full HD cùng với đó là tần số quét 120Hz và độ sáng tối đa lên tới 1600 nit. Điều này cho phép hiển thị nội dung trên màn hình sắc nét, rõ ràng và độ phân giải cao.
Ngoài ra, màn hình của Honor 90 Pro còn được tích hợp công nghệ HDR10, giúp tăng cường độ tương phản và độ sáng của hình ảnh, mang lại trải nghiệm xem phim, chơi game và duyệt web tốt hơn.
Honor 90 Lite sở hữu viên pin Li-ion tích hợp có dung lượng 4500mAh, cho phép sử dụng điện thoại cho các tác vụ cơ bản trong suốt cả ngày mà không lo hết pin, hay cần phải sạc pin liên tục.
Thiết kế khung kim loại chắc chắn
Về thiết kế, Honor 90 Pro có một bề mặt lưng được làm bằng kính cong 3D, tạo ra hiệu ứng ánh sáng đẹp mắt khi máy được chiếu sáng từ phía sau. Bên cạnh đó, máy còn có khung kim loại chắc chắn, mang lại cảm giác cầm nắm chắc tay và chất lượng xây dựng cao.
Honor 90 Pro được cung cấp với các màu sắc đẹp mắt bao gồm Bạc, Đen, Xanh lục và Xanh da trời, cho phép người dùng lựa chọn màu sắc phù hợp với phong cách của mình. Mỗi màu sắc đều mang lại một sự lựa chọn thời trang và tạo nên một phong cách riêng cho máy.
Honor 90 Pro khi nào ra mắt chính thức?
Vừa rồi thì Honor đã giới thiệu Honor 90 và Honor 90 Pro tại Trung Quốc vào ngày 29 tháng 5. Hiện tại vẫn chưa có thông tin gì về ngày ra mắt chính thức tại thị trường quốc tế, nhưng chúng ta biết rằng chắc chắn rằng Honor 90 Pro sẽ sớm mở bán tại toàn cầu (trong đó có Việt Nam).
Trong buổi giới thiệu, Honor cũng đã xác nhận rằng dòng sản phẩm này sẽ ""sớm có mặt trên thị trường toàn cầu"". Tuy nhiên, chúng ta chưa biết điều đó áp dụng cho cả Honor 90 và Honor 90 Pro hay chỉ là 1 trong 2 sản phẩm.
Honor 90 Pro bán giá bao nhiêu tiền?
Honor 90 Pro có nhiều phiên bản với giá khác nhau, tùy thuộc vào dung lượng lưu trữ và khu vực bán hàng. Tại Trung Quốc, phiên bản 12GB/256GB có giá 3299 Nhân dân tệ (khoảng 11 triệu đồng), phiên bản 16GB/256GB có giá 3599 Nhân dân tệ (khoảng 12 triệu đồng) và phiên bản 16GB/512GB có giá 3899 Nhân dân tệ (khoảng 13 triệu đồng). 
Tuy nhiên, giá thành của sản phẩm Honor 90 Pro này có thể khác nhau tùy thuộc vào địa điểm, thời điểm mua hàng. Dự kiến khi cập bến Việt Nam, giá của sản phẩm sẽ hợp lý hơn rất nhiều và bạn cũng sẽ nhận được một sản phẩm vô cùng chất lượng so với số tiền bỏ ra.
Mua Honor 90 Pro uy tín, chất lượng tại CellphoneS
CellphoneS là một trong những đại lý bán lẻ điện thoại di động uy tín và chất lượng tại Việt Nam mà bạn hoàn toàn có thể tìm mua Honor 90 Pro với một mức giá vô cùng cạnh tranh. Đặc biệt, CellphoneS còn cung cấp nhiều ưu đãi hấp dẫn như giảm giá, tặng quà và hỗ trợ trả góp lãi suất 0% để giúp khách hàng dễ dàng mua được sản phẩm yêu thích của mình.","{""Màn hình"": [{""name"": ""Kích thước màn hình"", ""value"": ""6.78 inches""}, {""name"": ""Công nghệ màn hình"", ""value"": ""AMOLED""}, {""name"": ""Tính năng màn hình"", ""value"": ""1 tỷ màu, tần số quét 120Hz, 1600 nits, HDR""}, {""name"": ""Loại màn hình"", ""value"": ""Màn hình""}], ""Camera sau"": [{""name"": ""Camera sau"", ""value"": ""Camera góc rộng: 200 MP, f/1.9, 1/1.4\"", 0.56µm, PDAF\nCamera chụp xa: 32 MP, f/2.4, PDAF, OIS, 2.5x optical zoom\nCamera góc siêu rộng: 12 MP, f/2.2, 112˚, AF""}, {""name"": ""Quay video"", ""value"": ""4K@30fps, 1080p@30/60fps, gyro-EIS""}, {""name"": ""Tính năng camera"", ""value"": ""LED flash, HDR, panorama""}], ""Camera trước"": [{""name"": ""Camera trước"", ""value"": ""Camera góc siêu rộng: 50 MP, f/2.4, 100˚\nCamera đo chiều sâu: 2 MP, f/2.4""}, {""name"": ""Quay video trước"", ""value"": ""4K@30fps, 1080p@30fps, gyro-EIS""}], ""Vi xử lý & đồ họa"": [{""name"": ""Chipset"", ""value"": ""Snapdragon 8+ Gen 1 (4 nm)""}, {""name"": ""GPU"", ""value"": ""Adreno 730""}], ""Giao tiếp & kết nối"": [{""name"": ""Công nghệ NFC"", ""value"": ""Có""}, {""name"": ""Thẻ SIM"", ""value"": ""2 SIM (Nano-SIM)""}, {""name"": ""Hồng ngoại"", ""value"": ""Không""}, {""name"": ""Jack tai nghe 3.5"", ""value"": ""Không""}, {""name"": ""Hỗ trợ mạng"", ""value"": ""5G""}, {""name"": ""GPS"", ""value"": ""GPS, GALILEO, GLONASS, BDS, QZSS""}], ""RAM & lưu trữ"": [{""name"": ""Dung lượng RAM"", ""value"": ""12 GB""}, {""name"": ""Bộ nhớ trong"", ""value"": ""256 GB""}, {""name"": ""Khe cắm thẻ nhớ"", ""value"": ""Không""}], ""Pin & công nghệ sạc"": [{""name"": ""Pin"", ""value"": ""5000 mAh""}, {""name"": ""Công nghệ sạc"", ""value"": ""Sạc nhanh 100W""}, {""name"": ""Cổng sạc"", ""value"": ""USB Type-C""}], ""Tính năng khác"": [{""name"": ""Hệ điều hành"", ""value"": ""Android 13""}], ""Bộ xử lý & Đồ họa"": [{""name"": ""Loại CPU"", ""value"": ""1x3.0 GHz Cortex-X2 & 3x2.5 GHz Cortex-A710 & 4x1.80 GHz Cortex-A510""}], ""Kích thước & Trọng lượng"": [{""name"": ""Kích thước"", ""value"": ""163.8 x 74.9 x 8.1 mm""}, {""name"": ""Trọng lượng"", ""value"": ""192 g""}], ""Tiện ích khác"": [{""name"": ""Cảm biến vân tay"", ""value"": ""Cảm biến vân tay trong màn hình""}, {""name"": ""Các loại cảm biến"", ""value"": ""Cảm biến gia tốc, Cảm biến tiệm cận, La bàn, Con quay hồi chuyển, Cảm biến áp kế""}], ""Cổng kết nối"": [{""name"": ""Wi-Fi"", ""value"": ""802.11 a/b/g/n/ac/6""}, {""name"": ""Bluetooth"", ""value"": ""v5.2, A2DP, LE, aptX HD""}], ""Thông tin chung"": [{""name"": ""Thời điểm ra mắt"", ""value"": ""05/2023""}]}","[""https://cdn2.cellphones.com.vn/x/media/catalog/product/h/o/honor-90-pro_1_.jpg"", ""https://cdn2.cellphones.com.vn/x/media/catalog/product/h/o/honor-90-pro.jpg"", ""https://cdn2.cellphones.com.vn/x/media/catalog/product/h/o/honor-90-pro_3_.jpg""]",{}
Honor Magic 2,honor-magic-2,N/A,N/A,"Nội dung chính
1. Điện thoại Honor Magic 2 – Thiết kế độc đáo cùng cấu hình vượt trội
1.1. Thiết kế thanh trượt ấn tượng
1.2. Màn hình AMOLED cho chất lượng hình ảnh sống động
1.3. Tích hợp những công nghệ cao cấp nhất
1.4. Sạc nhanh siêu tốc với Magic Charge
1.5. Hiệu năng mạnh mẽ với con chip Kirin 980
1.6. Module camera trượt tích hợp công nghệ Ai Vision
Điện thoại Honor Magic 2 – Thiết kế độc đáo cùng cấu hình vượt trội
Honor Magic 2 sở hữu một thiết kế ma thuật với khớp trượt camera giúp Honor Magic trở thành một trong những thiết bị có thiết kế toàn màn hình đầu tiên có thiết kế màn hình không có viền bezel. 
Thiết kế thanh trượt ấn tượng
Tương tự như người anh em Mi MIX 3, Honor Magic 2 cũng được sở hữu một thiết kế đầu ma thuật đó là thiết kế thanh trượt. Mục đích chính của thiết kế này là che đi cụm 3 camera nhờ đó Magic 2 có tỉ lệ màn hình gần như 100%.
Điều này đã cung cấp cho người dùng trải nghiệm toàn màn hình thực thụ, đặc biệt  khi chơi game và xem video. Đặc biệt, cơ chế trượt cánh bướm mà chiếc điện thoại Honor này sử dụng giúp màn hình trượt lên xuống rất mượt mà, nhẹ nhàng.
Ngoài thiết kế trượt, Honor Magic 2 còn mang một vẻ ngoài ấn tượng với mặt lưng bọc gốm bóng bẩy, không trầy xước lại có một hiệu ứng gradient tuyệt đẹp. Bên cạnh đó lớp vỏ của Honor Magic 2 còn được trang bị và gia công lên đến 15 lớp nhằm tăng khả năng chống chịu va đập khi người dùng lỡ tay đánh rơi.
Màn hình AMOLED cho chất lượng hình ảnh sống động
Sở hữu màn hình AMOLED, kích thước 6.4-inch, độ phân giải màn hình Full HD+ (1080 x 2340), mật độ điểm ảnh 403ppi, hỗ trợ dải màu DCI-P3 (108%) nên Honor Magic 2 cho khả năng hiển thị tốt, sắc nét với các chi tiết và độ sâu ấn tượng.
Với mật độ điểm ảnh cao và dải màu rộng, màn hình Honor Magic 2 khá mịn, các chi tiết không bị rỗ. Đặc biệt với những bức ảnh đen trắng, Magic 2 cho độ tương phản tốt.
Honor Magic V5 đẳng cấp màn hình gập với chất lượng cao cấp, có khả năng chịu được độ bền cao khi gập mở nhiều lần. Màn hình hiển thị Oled kép với chất lượng 2K+ siêu nét, mang đến trải nghiệm hòa hảo.
Tích hợp những công nghệ cao cấp nhất
Được trang bị cảm biến vân tay dưới màn hình với diện tích 32,48 mm2, Honor Magic 2 cho khả năng mở khóa tức thì khi chỉ mất 0,5 giây. Tuy nhiên cảm biến vân tay dưới màn hình vẫn chưa thực sự nhạy và tiện lợi như cảm biến vật lý nhưng để có một màn hình trải nghiệm tuyêt vời cùng một thiết kế bắt mắt thì đây là một điều đáng đánh đổi.   
Honor Magic 2 còn là thiết bị đầu tiên của Honor được hỗ trợ chế độ PC không dây. Do đó, máy sẽ kết nối với màn hình thông qua Miracast  mà không cần các thiết bị hỗ trợ khác như Galaxy Dex hay cáp kết nối USB-C sang HDMI.
Ngoài ra, Magic 2 còn được trang bị trợ lý ảo YOYO với nhiều tính năng hấp dẫn như Duplex của Google. YOYO có thể hỗ trợ một số công việc như đặt phòng khách sạn, sử dụng để điều khiển drone DJI.
Nhận diện khuôn mặt 3D cũng được Honor trang bị cho chiếc Magic 2. Với khả năng quét nhanh lại an toàn nhưng tính năng này có một nhược điểm là chỉ hoạt động khi người dùng trượt camera xuống.
Tương tự, điện thoại Honor Magic 5 cũng được trang bị nhiều tính năng thông minh, hữu ích. Bên cạnh đó, Magic 5 còn được nâng cấp và cải thiện thêm về hiển thị, camera,... mang đến trải nghiệm sử dụng trọn vẹn hơn.
Sạc nhanh siêu tốc với Magic Charge
Được trang bị viên pin 3.400 mAh, một dung lượng không quá lớn đối với môt chiếc smartphone có kích thước màn hình 6.4 inch nhưng Honor Magic 2 vẫn có thể cho khả năng sử dụng lên tới 1 ngày. Còn đối với những người dùng đòi hỏi on screens liên tục thì hãy yên tâm khi máy được trang bị công nghệ sạc nhanh Magic Charge.
Cụ thể, Magic Charge cho nguồn ra lên đến 40W cho phép máy nạp đầy dung lượng pin chỉ trong vỏn vẹn chưa đến 1 giờ đồng hồ, sạc đầy 50% viên pin trong vòng 15 phút, 85% trong vòng 30 phút.
Hiệu năng mạnh mẽ với con chip Kirin 980
Honor Magic 2 được trang bị con chip “cây nhà lá vườn” Kirn 980 xây dựng trên quy trình 7 nm tăng hiệu suất và tiết kiệm năng lượng tương tự dòng Mate 20. Giống như exynos mang lại tốc độ mạnh mẽ cho các sản phấm SamSung thì Kirn 980 được đánh giá mạnh hơn cả con chip cao cấp Qualcomm Snapdragon 845.
Với hệ điều hành Android 9.0 Pie , đi kèm với đó là RAM 6GB, bộ nhớ lưu trữ 128GB nên Honor Magic 2 dư sức để thực hiện tốt các ứng dụng thường ngày như youtube, facebook, instagram. Ngoài ra, với việc trang bị công nghệ GPU Turbo cùng bộ xử lý đồ họa của Honor, máy có thể chiến tốt các game nặng trên thị trường một cách mượt mà, không bị đơ và quá nóng.
Module camera trượt tích hợp công nghệ Ai Vision
Với số camera ấn tượng, 3 trước và 3 sau, Honor Magic 2 cho khả năng chụp ảnh ấn tượng. Cụm 3 camera trước gồm một camera 16 megapixel và hai camera đo độ sâu trường ảnh 2 megapixel giúp chụp xóa phông cũng như nhận diện gương mặt chính xác hơn. Ngoài ra còn có sư hỗ trợ của công nghệ ổn định kĩ thuật số AI giúp nhận diện khung cảnh và chống rung nên Honor Magic 2 cho ra những bức ảnh selfie chất lượng tốt, da người không bị bệt.
Mặt sau Honor Magic 2 là một cụm camera gồm 3 ống kính với độ phân giải lần lượt là: cảm biến chính 16MP, khẩu độ f/1.8; cảm biến monochrome 24MP, khẩu độ f/1.8 và cảm biến siêu rộng 16MP, khẩu độ  f/2.2 được sắp xếp thành một hàng dọc. Cụm camera này có chức năng ổn định hình ảnh bằng công nghệ AIS và một đèn flash LED đơn hỗ trợ chụp ảnh nơi thiếu sáng.  Nhờ đó camera của Honor Magic 2 có thể nhận diện được tới hơn 1500 cảnh vật khác nhau nên kết quả đạt được có độ sáng tốt, chi tiết cao, màu sắc rực rỡ, sống động.
Ngoài ra, Honor Magic 2 còn hỗ trợ chụp ảnh góc rộng HDR ở chế độ ban đêm, chế độ AIS, AR, chế độ chân dung studio 3D và cả quay video slow-motion 480fps.
Có thể nói, Honor Magic 2 là một chiếc flagship có tới 6 camera ấn tượng cùng con chip Kirn 980 cho hiệu năng mạnh mẽ. Đây chắc chắn là môt siêu phẩm đáng tiền. Hiện Honor Magic 2 đang được bán chính hãng tại hệ thống cửa hàng CellphoneS. Khi mua khách hàng sẽ được bảo hành 12 tháng, đổi máy trong 30 ngày đầu tiên, 1 đổi 1 phụ kiện đi kèm 12 tháng nếu lỗi do nhà sản xuất.","{""Màn hình"": [{""name"": ""Kích thước màn hình"", ""value"": ""6.39 inches""}, {""name"": ""Công nghệ màn hình"", ""value"": ""AMOLED, cảm ứng điện dung, 16 triệu màu""}, {""name"": ""Độ phân giải màn hình"", ""value"": ""1080 x 2340 pixels (FullHD+)""}], ""Camera sau"": [{""name"": ""Camera sau"", ""value"": ""3 Camera (16 MP, f/1.8, PDAF + 16 MP, f/2.2 + 24 MP B/W, f/1.8)""}, {""name"": ""Quay video"", ""value"": ""2160p@30fps, 1080p@30fps, 720p@480fps""}], ""Camera trước"": [{""name"": ""Camera trước"", ""value"": ""3 Camera (16 MP, f/2.0 + 2 MP, f/2.4 + 2 MP, f/2.4)""}], ""Vi xử lý & đồ họa"": [{""name"": ""Chipset"", ""value"": ""HiSilicon Kirin 980 (7 nm)""}, {""name"": ""GPU"", ""value"": ""Mali-G76 MP10""}], ""Giao tiếp & kết nối"": [{""name"": ""Công nghệ NFC"", ""value"": ""Có""}, {""name"": ""Thẻ SIM"", ""value"": ""2 SIM (Nano-SIM)""}, {""name"": ""GPS"", ""value"": ""A-GPS, GLONASS, BDS, GALILEO, QZSS""}], ""RAM & lưu trữ"": [{""name"": ""Bộ nhớ trong"", ""value"": ""128 GB""}, {""name"": ""Khe cắm thẻ nhớ"", ""value"": ""Không""}], ""Pin & công nghệ sạc"": [{""name"": ""Pin"", ""value"": ""Li-Po 3500 mAh""}], ""Tính năng khác"": [{""name"": ""Hệ điều hành"", ""value"": ""Magic UI 2.0""}], ""Bộ xử lý & Đồ họa"": [{""name"": ""Loại CPU"", ""value"": ""8 nhân (2x2.6 GHz Cortex-A76 & 2x1.92 GHz Cortex-A76 & 4x1.8 GHz Cortex-A55)""}], ""Kích thước & Trọng lượng"": [{""name"": ""Kích thước"", ""value"": ""157.3 x 75.1 x 8.3 mm""}, {""name"": ""Trọng lượng"", ""value"": ""206 g""}], ""Cổng kết nối"": [{""name"": ""Wi-Fi"", ""value"": ""Wi-Fi 802.11 a/b/g/n/ac, dual-band, Wi-Fi Direct, hotspot""}, {""name"": ""Bluetooth"", ""value"": ""5.0, A2DP, aptX HD, LE""}], ""Cấu hình"": [{""name"": ""Cảm biến"", ""value"": ""Face ID, cảm biến vân tay, cảm biến gia tốc, con quay hồi chuyển, cảm biến tiệm cận, con quay hồi chuyển""}]}","[""https://cdn2.cellphones.com.vn/x/media/catalog/product/m/a/magic_2.png"", ""https://cdn2.cellphones.com.vn/x/media/catalog/product/u/n/untitled_2.png"", ""https://cdn2.cellphones.com.vn/x/media/catalog/product/_/f/_f.png""]",{}
Honor 80 GT,honor-80-gt,N/A,N/A,"Cuối cùng thì Honor 80 GT, mẫu điện thoại gaming mới nhất của Honor đã chính thức được ra mắt thị trường. Mẫu điện thoại mới của Honor gây ấn tượng với người dùng bởi hiệu năng mạnh mẽ tới từ con chip Snapdragon 8+ Gen 1, màn hình OLED cong Full HD+ 120Hz cùng nhiều tính năng hỗ trợ để trải nghiệm chơi game luôn ổn định, mượt mà.
Nội dung chính
1. Honor 80 GT - Trợ thủ đắc lực cho mọi trận chiến trong game
1.1. Thiết kế tối giản, hiện đại
1.2. Màn hình OLED cong, tối ưu khả năng hiển thị
1.3. Hiệu năng ấn tượng tới từ Snapdragon 8+ Gen 1
1.4. Khả năng chụp hình ấn tượng
1.5. Tối ưu cho việc chơi game
2. Honor 80 GT khi nào ra mắt?
3. Honor 80 GT có mức giá bao nhiêu?
4. Mua Honor 80 GT chính hãng, giá tốt tại CellphoneS
Honor 80 GT - Trợ thủ đắc lực cho mọi trận chiến trong game
Là mẫu điện thoại gaming mới nhất được Honor cho ra mắt vào thời điểm cuối năm 2022, Honor 80 GT không chỉ sở hữu hiệu năng mạnh mẽ mà còn được trang bị thêm nhiều công nghệ mới, giúp tối ưu trải nghiệm chơi game của người dùng. Hãy cùng CellphoneS tìm hiểu sâu hơn về mẫu điện thoại này trong bài đánh giá chi tiết dưới đây nhé!
Thiết kế tối giản, hiện đại
Honor 80 GT là thế hệ điện thoại gaming mới nhất của dòng sản phẩm Honor 80 Series. Thay vì hướng tới thiết kế hầm hố, đậm chất gaming, mẫu điện thoại này lại sở hữu vẻ bề ngoài hết sức tối giản để phù hợp cả với người dùng phổ thông hay những ai không phải game thủ chuyên nghiệp.
Điện thoại sẽ sở hữu phần khung viền kim bóng bẩy, được bo cong các góc cùng một màn hình tràn viền để mang tới một tổng thể mềm mại. Cụm camera sau được thu gọn trong một module hình chữ nhật. Ngoài ra, mặt lưng còn được thiết kế với các hoa văn độc đáo để tạo sự nổi bật, hiện đại cho thiết bị.
Màn hình OLED cong, tối ưu khả năng hiển thị
Honor 80 GT sẽ sử dụng loại màn OLED cong có độ phân giải Full HD+ cùng độ lớn ở mức 6,67 inch. Việc sử dụng màn hình cong sẽ giúp tỷ lệ hiển thị được tối ưu nhất, giúp chủ thể và các chi tiết được thể hiện một cách rõ ràng, tiện lợi hơn khi thao tác trong game.
Tần số quét của màn hình Honor 80 GT sẽ đạt mức gần cực đại, 120Hz. Với tần số quét này, các chuyển động game sẽ diễn ra một cách mượt mà dù hoạt động ở cấu hình và cường độ cao. Không chỉ có tần số quét mà tốc độ lấy mẫu cảm ứng của điện thoại cũng đạt mức 300Hz để mọi thao tác, hiệu lệnh trong game đều được phản hồi ngay tức thì.
Ngoài việc mang tới chất lượng hình ảnh ở mức xuất sắc, tấm nền OLED trên Honor 80 GT còn có độ sáng cực đại lên đến 1400 nits. Độ sáng này sẽ giúp cho người chơi có thể sử dụng ở bất kỳ nơi đâu. Nhờ vậy mà kết quả trận đấu sẽ không bị ảnh hưởng bởi các yếu tố của môi trường bên ngoài như điều kiện ánh sáng.
Hiệu năng ấn tượng tới từ Snapdragon 8+ Gen 1
Dù không được trang bị con chip Snapdragon 8 Gen 2 nhưng vi xử lý Snapdragon 8+ Gen 1 của Qualcomm vẫn có thể đáp ứng một hiệu năng mạnh mẽ cho Honor 80 GT. Bởi dù không có sức mạnh ngang bằng với Snapdragon 8 Gen 2 nhưng chip Snapdragon 8+ Gen 1 vẫn mang tới khả năng xử lý đồ hoạ tuyệt vời cùng tốc độ xử lý vô cùng ấn tượng.
Để bù đắp cho điều này, Honor đã trang bị mẫu điện thoại gaming mới nhất của mình 16GB RAM chuẩn LPDDR5 cùng 256GB bộ nhớ chuẩn UFS 3.1. Đây là các chuẩn RAM và bộ nhớ mới nhất ở thời điểm hiện tại, giúp cho tốc độ xử lý thông tin, đọc/ghi dữ liệu trên Honor 80GT được cải thiện gấp nhiều lần so với các chuẩn RAM và bộ nhớ cũ.
Khả năng chụp hình ấn tượng
Honor 80 GT không chỉ ấn tượng trong việc chơi game mà còn trong cả việc chụp hình, quay video. Mẫu điện thoại gaming của Honor sở hữu cụm 3 camera sau vô cùng chất lượng. Trong đó ống kính chính 54MP của máy sẽ sử dụng cảm biến Sony IMX 800. Đi kèm hai một camera góc siêu rộng 8MP f/2.2 và một camera macro 2MP f/2.4.
Camera selfie cũng được nâng cấp đôi chút lên mức mức 16MP. Dù độ phân giải tăng không quá nhiều nhưng chất lượng hình ảnh tự sướng, chất lượng hình ảnh gọi video trên Honor 80 GT giờ đây đã trở nên sắc nét hơn rất nhiều.
Tối ưu cho việc chơi game
Là một mẫu điện thoại gaming, Honor 80 GT được tích hợp nhiều công nghệ, tính năng mới để tối ưu cho việc chơi game của người dùng. Dù con chip Snapdragon 8+ Gen 1 đã được nâng cấp rất nhiều về việc kiểm soát nhiệt độ và điện năng tiêu thụ nhưng Honor vẫn tiếp tục trang bị thêm cho Honor 80 GT hệ thống quản lý nhiệt thông qua AI.
Bên trong điện thoại, Honor còn trang bị thêm một lưới dệt bằng đồng siêu dày với mục đích giúp cho tốc độ dẫn nhiệt nhanh hơn. Từ đó đảm bảo điện thoại có thể hoạt động mượt mà ngay cả ở cường độ cao, trong thời gian dài.
Honor 80 GT còn được trang bị một viên pin dung lượng 4800mAh để việc chơi game của người dùng luôn được thoải mái. Mẫu smartphone gaming này cũng sẽ được trang bị công nghệ sạc siêu nhanh 66W để có thể sạc đầy pin chỉ chưa tới 1 giờ cắm sạc.
Honor 80 GT khi nào ra mắt?
Honor 80 GT hiện đã được giới thiệu chính thức và sẽ được mở bán bắt đầu từ ngày 1/1/2023 tại Trung Quốc. Mẫu điện thoại gaming này sẽ sớm được mở bán toàn cầu, trong đó bao gồm cả Việt Nam, trong khoảng quý 2, quý 3 năm 2023.
Điện thoại Honor 80 GT sẽ bao gồm ba tuỳ chọn màu sắc cho người dùng lựa chọn là Meteor Blue (Xanh dương), White (Trắng) và Interstellar Black (Đen). Dự báo phiên bản Meteor Blue sẽ rất được ưa chuộng nhờ có thêm họa tiết vô cùng nổi bật ở mặt lưng.
Honor 80 GT có mức giá bao nhiêu?
Ngoài ba tuỳ chọn về màu sắc, Honor 80 GT sẽ còn có tới hai cấu hình với giá bán khác nhau như sau:
Phiên bản cấu hình 12GB RAM + 256GB dung lượng lưu trữ có giá bán khoảng 11,2 triệu đồng
Phiên bản cấu hình 16GB RAM + 256GB dung lượng lưu trữ sẽ có giá bán khoảng 12,2 triệu đồng
Với cấu hình cực khủng, khả năng tối ưu cho việc chơi game cùng màn hình hiển thị xuất sắc, giá bán của Honor 80 GT thực sự rất tốt và xứng đáng để bạn lựa chọn. Thậm chí với mức giá này, các đối thủ như iPhone 11, Xiaomi 12T, Nubia Red Magic 6R, OnePlus 8T, Vivo V23,...sẽ phải dè chừng khi Honor 80 GT chính thức được mở bán tại Việt Nam.
Mua Honor 80 GT chính hãng, giá tốt tại CellphoneS
Honor 80 GT, mẫu điện thoại gaming mạnh mẽ, sẽ sớm được mở bán tại Việt Nam thông qua các cửa hàng CellphoneS để bạn tới tận nơi trải nghiệm, so sánh và sở hữu. Kèm theo đó là các ưu đãi giảm khâu, chiết khấu để bạn có thể sở hữu mẫu smartphone gaming này với mức giá cực tốt.","{""Màn hình"": [{""name"": ""Kích thước màn hình"", ""value"": ""6.66 inches""}, {""name"": ""Công nghệ màn hình"", ""value"": ""AMOLED""}, {""name"": ""Độ phân giải màn hình"", ""value"": ""1080 x 2400 pixels (FullHD+)""}, {""name"": ""Tính năng màn hình"", ""value"": ""1 tỷ màu, Tần số quét 120Hz, HDR10, 1400 nits (peak)""}], ""Camera sau"": [{""name"": ""Camera sau"", ""value"": ""Camera góc rộng: 54MP, f/1.9, 1/1.49\"", PDAF\nCamera góc siêu rộng: 8 MP, f/2.2\nCamera macro: 2 MP, f/2.4""}, {""name"": ""Quay video"", ""value"": ""4K@30fps, 1080p@30/60fps, gyro-EIS""}, {""name"": ""Tính năng camera"", ""value"": ""Đèn flash LED, HDR, toàn cảnh""}], ""Camera trước"": [{""name"": ""Camera trước"", ""value"": ""Camera góc rộng: 16 MP, f/2.4""}, {""name"": ""Quay video trước"", ""value"": ""1080p@30fps, gyro-EIS""}], ""Vi xử lý & đồ họa"": [{""name"": ""Chipset"", ""value"": ""Snapdragon 8+ Gen 1 (4 nm)""}, {""name"": ""GPU"", ""value"": ""Adreno 730""}], ""Giao tiếp & kết nối"": [{""name"": ""Công nghệ NFC"", ""value"": ""Có""}, {""name"": ""Thẻ SIM"", ""value"": ""2 SIM (Nano-SIM)""}, {""name"": ""Jack tai nghe 3.5"", ""value"": ""Không""}, {""name"": ""Hỗ trợ mạng"", ""value"": ""5G""}, {""name"": ""GPS"", ""value"": ""GPS, GALILEO, GLONASS, BDS, QZSS""}], ""RAM & lưu trữ"": [{""name"": ""Dung lượng RAM"", ""value"": ""12 GB""}, {""name"": ""Bộ nhớ trong"", ""value"": ""256 GB""}, {""name"": ""Khe cắm thẻ nhớ"", ""value"": ""Không""}], ""Pin & công nghệ sạc"": [{""name"": ""Pin"", ""value"": ""4800 mAh""}, {""name"": ""Công nghệ sạc"", ""value"": ""Sạc nhanh 66W""}, {""name"": ""Cổng sạc"", ""value"": ""USB Type-C""}], ""Tính năng khác"": [{""name"": ""Hệ điều hành"", ""value"": ""Android 12""}], ""Bộ xử lý & Đồ họa"": [{""name"": ""Loại CPU"", ""value"": ""(1x3.0 GHz Cortex-X2 & 3x2.5 GHz Cortex-A710 & 4x1.80 GHz Cortex-A510""}], ""Kích thước & Trọng lượng"": [{""name"": ""Kích thước"", ""value"": ""162.5 x 75.3 x 7.9 mm""}, {""name"": ""Trọng lượng"", ""value"": ""187 g or 195 g""}], ""Thông số khác"": [{""name"": ""Chỉ số kháng nước, bụi"", ""value"": ""IPX4""}], ""Tiện ích khác"": [{""name"": ""Cảm biến vân tay"", ""value"": ""Cảm biến vân tay trong màn hình""}, {""name"": ""Các loại cảm biến"", ""value"": ""Cảm biến gia tốc, Cảm biến tiệm cận, La bàn, Con quay hồi chuyển, Cảm biến áp kế""}], ""Cổng kết nối"": [{""name"": ""Wi-Fi"", ""value"": ""802.11 a/b/g/n/ac/6""}, {""name"": ""Bluetooth"", ""value"": ""v5.2""}]}","[""https://cdn2.cellphones.com.vn/x/media/catalog/product/d/f/dfh800_14_.jpg"", ""https://cdn2.cellphones.com.vn/x/media/catalog/product/d/f/dfh800_13_.jpg"", ""https://cdn2.cellphones.com.vn/x/media/catalog/product/d/f/dfh800_15_.jpg""]",{}
Honor X6,honor-x6,N/A,N/A,"Tiếp nối sự thành công của mình, thương hiệu Honor tiếp tục cho ra mắt mẫu điện thoại thông minh mới - Honor X6, hứa hẹn sẽ còn bùng nổ và thành công hơn các phiên bản tiền nhiệm rất nhiều. Sở hữu một thiết kế nhỏ gọn, sang trọng, màn hình TFT LCD sắc nét cùng bộ vi xử lý mạnh mẽ được tích hợp con chip MediaTek Helio G25, Honor X6 chắc chắn sẽ là sản phẩm điện thoại tốt nhất so với những đối thủ cạnh tranh cùng phân khúc khác.
Nội dung chính
1. Điện thoại Honor X6 - Smartphone gọn nhẹ, hiệu năng mạnh mẽ 
1.1. Thiết kế nhỏ gọn, tinh tế mang lại sự sang trọng, đẳng cấp
1.2. Màn hình sắc nét, sống động cùng độ phân giải cao
1.3. Hiệu năng mạnh mẽ tới từ chipset Helio G25 thế hệ mới
1.4. Cụm 3 camera với độ phân giải sắc nét
2. Điện thoại Honor X6 bao giờ ra mắt?
3. Điện thoại Honor X6 giá bao nhiêu tiền?
4. Mua điện thoại Honor X6 giá ưu đãi tại CellphoneS
Điện thoại Honor X6 - Smartphone gọn nhẹ, hiệu năng mạnh mẽ 
Honor X6 là sản phẩm công nghệ nổi bật của tập đoàn Honor nổi tiếng tại Trung Quốc. Với vẻ ngoài sang trọng, tinh tế, màn hình TFT LCD với kích thước lớn cùng hiệu năng mạnh mẽ tới từ chipset Helio G25 thế hệ mới, ấn phẩm công nghệ này của Honor được các chuyên gia đánh giá là rất có tiềm năng và dự sẽ còn nhận được rất nhiều sự ưa chuộng tới từ cộng đồng công nghệ trên toàn thế giới.
Thiết kế nhỏ gọn, tinh tế mang lại sự sang trọng, đẳng cấp
Là sản phẩm nổi bật của Honor trong năm 2022, Honor X6 mang một thiết kế vô cùng mỏng nhẹ, màn hình giọt nước tinh tế đem lại cho người dùng trải nghiệm màn hình rộng lớn. Mặt lưng được nổi bật lên nhờ các dải sáng vô cùng bắt mắt. Các góc cạnh được bo tròn mềm mại cùng viền thân máy mỏng, nhẹ giúp cho người dùng có cảm giác thoải mái và chắc chắn khi cầm nắm thiết bị trên tay.
Cụm camera và đèn flash được sắp xếp gọn gàng trong một hình vuông nhỏ ở phía mặt lưng thể hiện được tính thẩm mỹ cao trong khâu thiết kế của sản phẩm. Màn hình được làm bằng chất liệu kim loại cao cấp giúp các thao tác vuốt chạm trở nên cực kỳ mượt mà và dễ dàng.
Màn hình sắc nét, sống động cùng độ phân giải cao
Trong phiên bản X6 lần này, Honor đã mang tới cho người dùng một trải nghiệm hình ảnh cực kỳ sắc nét. Sở hữu màn hình lớn 6.5 inch, tích hợp cùng tấm nền TFT LCD mang lại một trải nghiệm hình ảnh vô cùng mềm mại và trung thực.
Độ phân giải 1600x720 pixel, cùng tỷ lệ màn hình 20:9 mang lại khả năng hiển thị sống động và tinh khiết. Ngoài ra, tính năng lọc ánh sáng xanh và chế độ bảo vệ mắt giúp người sử dụng giảm thiểu tối đa hiện tượng mỏi mắt khi sử dụng máy trong khoảng thời gian dài.
Hiệu năng mạnh mẽ tới từ chipset Helio G25 thế hệ mới
Điểm nổi trội nhất của Honor X6 nằm ở khả năng phân tích và xử lý dữ liệu. Sở hữu bộ vi xử lý mạnh mẽ được tích hợp con chip MediaTek Helio G25 thế hệ mới, ấn phẩm lần này của Honor có thể dễ dàng xử lý các tác vụ một cách mượt mà. Trải qua quá trình hiệu chỉnh chi tiết của các nhà phát triển, Honor X6 đã giảm thiểu tối đa được tình trạng giật lag trong quá trình sử dụng.
Đi kèm với hiệu năng vượt trội, phiên bản thứ 6 của dòng Honor X này còn sở hữu một thông số dung lượng RAM và ROM ấn tượng - 4GB/64GB (128GB). Với lượng bộ nhớ này, Honor X6 có thể đáp ứng vừa đủ cho nhu cầu công việc hay học tập của người sử dụng.
Cụm 3 camera với độ phân giải sắc nét
Bộ phận quay chụp của thiết bị này cũng được điều chỉnh, nâng cấp để có thể đáp ứng nhu cầu quay phim, chụp ảnh của người dùng được tốt hơn. Sở hữu cụm 3 camera với độ phân giải tốt được bố trí gọn gàng ở phía mặt lưng. Với các thông số của camera lần lượt là 50MP cho máy ảnh chính, camera marco và camera hỗ trợ chụp sâu, máy có thể dễ dàng xử lý và đem lại được những thước phim, hình ảnh ấn tượng.
Camera trước có độ phân giải 5MP, đủ để đáp ứng các nhu cầu cơ bản của người dùng như selfie, call video với chất lượng rõ nét. Tính năng chụp lấy nét, quay toàn cảnh và quay phim chất lượng cao 1080p với tốc độ khung hình 30FPS mang lại cho người dùng những trải nghiệm vô cùng thú vị khi sử dụng phần mềm máy ảnh.
Điện thoại Honor X6 bao giờ ra mắt?
Tính tới thời điểm hiện tại, Honor đã công bố cụ thể kế hoạch ra mắt ấn phẩm công nghệ lần này. Tuy nhiên, theo tính toán của các chuyên gia và nhà phân tích, thời gian sớm nhất mà Honor X6 có thể được ra mắt là vào khoảng cuối tháng 9 năm 2022.
Trong sự kiện ra mắt, Honor X6 sẽ được ra mắt với 2 phiên bản cấu hình là: 
- Honor X6 phiên bản 4GB RAM - 64GB bộ nhớ trong.
- Honor X6 phiên bản 4GB RAM - 128GB bộ nhớ trong.
Điện thoại Honor X6 giá bao nhiêu tiền?
Sản phẩm Honor X6 lần này sẽ được ra mắt tới toàn bộ người dùng với 3 phiên bản màu: Ocean Blue, Titanium Silver và Midnight Black. Mỗi loại lại có một nét đẹp và sự hấp dẫn của riêng mình. Người dùng có thể thỏa sức lựa chọn màu sắc của máy đúng với sở thích của mình.
Dựa theo thông số và giá bán của những sản phẩm thuộc dòng Honor X đã từng ra mắt trước đó, Honor X6 được cho là sẽ có mức giá dao động từ 4.5 triệu VNĐ cho tới dưới 5 triệu VNĐ.
Mua điện thoại Honor X6 giá ưu đãi tại CellphoneS
Với thiết kế gọn gàng, sang trọng cùng hiệu năng cực đỉnh, Honor X6 có thể giúp bạn xử lý công việc linh hoạt và đáp ứng mọi nhu cầu cá nhân. Để có thể sở hữu ấn phẩm công nghệ này với mức giá ưu đãi, bạn hoàn toàn có thể tham khảo tại hệ thống cửa hàng CellphoneS. Tại đây, chúng tôi chuyên cung cấp những sản phẩm công nghệ chất lượng, chính hãng với mức giá vô cùng ưu đãi.","{""Màn hình"": [{""name"": ""Kích thước màn hình"", ""value"": ""6.5 inches""}, {""name"": ""Công nghệ màn hình"", ""value"": ""TFT LCD""}, {""name"": ""Độ phân giải màn hình"", ""value"": ""720 x 1600 pixel""}], ""Camera sau"": [{""name"": ""Camera sau"", ""value"": ""Camera góc rộng: 50 MP, f/1.8, PDAF\nCamera macro: 2 MP, f/2.4\nCamera độ sâu: 2 MP, f/2.4""}, {""name"": ""Quay video"", ""value"": ""1080p@30fps""}, {""name"": ""Tính năng camera"", ""value"": ""Đèn flash LED, HDR, toàn cảnh""}], ""Camera trước"": [{""name"": ""Camera trước"", ""value"": ""Camera góc rộng: 5 MP, f/2.0""}], ""Vi xử lý & đồ họa"": [{""name"": ""Chipset"", ""value"": ""Mediatek""}, {""name"": ""GPU"", ""value"": ""Octa-core""}], ""Giao tiếp & kết nối"": [{""name"": ""Công nghệ NFC"", ""value"": ""Có""}, {""name"": ""Thẻ SIM"", ""value"": ""2 SIM (Nano-SIM)""}, {""name"": ""Jack tai nghe 3.5"", ""value"": ""Có""}, {""name"": ""Hỗ trợ mạng"", ""value"": ""5G""}, {""name"": ""GPS"", ""value"": ""Có, với A-GPS, GLONASS, GALILEO, BDS""}], ""RAM & lưu trữ"": [{""name"": ""Dung lượng RAM"", ""value"": ""4 GB""}, {""name"": ""Bộ nhớ trong"", ""value"": ""128 GB""}, {""name"": ""Khe cắm thẻ nhớ"", ""value"": ""microSDXC""}], ""Pin & công nghệ sạc"": [{""name"": ""Pin"", ""value"": ""5000 mAh""}, {""name"": ""Công nghệ sạc"", ""value"": ""Sạc nhanh""}, {""name"": ""Cổng sạc"", ""value"": ""USB Type-C""}], ""Tính năng khác"": [{""name"": ""Hệ điều hành"", ""value"": ""Android 12""}], ""Kích thước & Trọng lượng"": [{""name"": ""Kích thước"", ""value"": ""163,7 x 75,1 x 8,7 mm""}], ""Tiện ích khác"": [{""name"": ""Cảm biến vân tay"", ""value"": ""Cảm biến vân tay cạnh bên""}, {""name"": ""Các loại cảm biến"", ""value"": ""Cảm biến gia tốc, Cảm biến tiệm cận, La bàn, Cảm biến áp kế""}], ""Cổng kết nối"": [{""name"": ""Wi-Fi"", ""value"": ""Wi-Fi 802.11 a / b / g / n / ac, băng tần kép, Wi-Fi Direct, điểm phát sóng""}, {""name"": ""Bluetooth"", ""value"": ""v5.1, A2DP, LE""}]}","[""https://cdn2.cellphones.com.vn/x/media/catalog/product/h/o/honor_x6_2_.jpg"", ""https://cdn2.cellphones.com.vn/x/media/catalog/product/h/o/honor_x6.jpg"", ""https://cdn2.cellphones.com.vn/x/media/catalog/product/h/o/honor_x6_1_.jpg""]",{}
HONOR 600 5G 8GB 256GB,dien-thoai-honor-600,N/A,N/A,"Điện thoại Honor 600 gây ấn tượng mạnh với màn hình có độ sáng tối đa 8000 nits giúp người dùng theo dõi các nội dung ngay cả dưới nguồn ánh sáng gắt. Sản phẩm tích hợp công nghệ AI Image to Video hỗ trợ quay dựng những thước phim sống động. Dung lượng pin 7000mAh giúp duy trì hoạt động cho máy trong thời gian dài.
Lưu ý: Sản phẩm điện thoại Honor 600 hiện chưa trình làng chính thức, nội dung nhận định được tham khảo từ tin rò rỉ và sẽ đăng tải lúc thiết bị chính thức ra mắt. 
Nội dung chính
1. Điện thoại Honor 600 - Cấu hình mạnh, pin khủng
1.1. Thiết bị Honor 600 sở hữu tính năng AI
1.2. Vi xử lý Snapdragon 7 Gen 4 vận hành ổn định 
1.3. Camera 200MP bắt trọn mọi khoảnh khắc
1.4. Dung lượng pin 7000mAh sạc nhanh 80W
1.5. Màn hình 8000 nits hiển thị siêu nét
1.6. Thiết kế sợi thủy tinh sang trọng
2. Điện thoại Honor 600 ra mắt khi nào?
3. Điện thoại Honor 600 giá bán bao nhiêu tiền?
4. So sánh điện thoại Honor 600 với Honor 500
5. Mua điện thoại Honor 600 uy tín, chính hãng tại CellphoneS
Điện thoại Honor 600 - Cấu hình mạnh, pin khủng
Thế hệ điện thoại Honor này sở hữu hàng loạt cải tiến mới giúp nâng cao trải nghiệm sử dụng của người dùng trong mọi tác vụ hàng ngày. Những thay đổi về tính năng và diện mạo bên ngoài hứa hẹn sẽ mang đến sự hài lòng vượt mong đợi.
Thiết bị Honor 600 sở hữu tính năng AI
Điện thoại Honor 600 ứng dụng trí tuệ nhân tạo hiện đại thông qua tính năng Magic Color nhằm tối ưu hóa màu sắc, mang lại chất lượng hiển thị sinh động hơn. Hệ thống tự động nhận diện bối cảnh để điều chỉnh sắc thái hình ảnh trở nên chân thực và phù hợp với thị giác người dùng trong mọi điều kiện ánh sáng khác nhau.
Khám phá tính năng AI hiện đại trên Honor 600. 
Thiết bị sở hữu phím bấm AI Button hỗ trợ người dùng truy cập nhanh các tiện ích thông minh và xử lý tác vụ công việc vô cùng linh hoạt. Tính năng AI Image to Video hỗ trợ biến đổi bức hình tĩnh sang các video ngắn đạt chuẩn sắc nét nhằm giảm thiểu tối đa công sức chỉnh sửa clip hàng ngày.
Vi xử lý Snapdragon 7 Gen 4 vận hành ổn định 
Vi xử lý Snapdragon 7 Gen 4 mang đến sức mạnh vận hành vượt trội giúp thiết bị xử lý nhanh chóng mọi tác vụ từ cơ bản đến nâng cao. Nhờ khả năng tối ưu hóa hiệu suất từ con chip thế hệ mới, điện thoại Honor 600 vận hành vô cùng ổn định. Điều này cho phép người dùng thoải mái làm việc và giải trí.
Chip  Snapdragon 7 Gen 4 mang lại tốc độ xử lý nhanh chóng.
Cấu trúc nhân xử lý hiện đại giúp giảm thiểu tình trạng giật lag và duy trì tốc độ phản hồi nhanh nhạy khi mở nhiều ứng dụng cùng lúc. Nền tảng phần cứng này còn hỗ trợ tiết kiệm điện năng hiệu quả nhằm kéo dài thời gian trải nghiệm cho người dùng trong suốt quá trình sử dụng thiết bị.
Camera 200MP bắt trọn mọi khoảnh khắc
Điện thoại Honor 600 sở hữu camera chính độ phân giải 200MP hỗ trợ người dùng ghi lại những bức ảnh có độ chi tiết cực cao trong nhiều điều kiện. Cảm biến nhiệt độ màu tích hợp giúp tái tạo sắc thái hình ảnh một cách tự nhiên và mang lại độ chân thực tối ưu cho từng khung hình chụp được.
Cảm biến camera 200MP ghi lại bức hình rõ nét.
Hệ thống khử rung CIPA 5.0 OIS giúp duy trì sự ổn định cho hình ảnh và hạn chế tối đa tình trạng nhòe mờ khi người dùng di chuyển lúc chụp. Ống kính góc siêu rộng 12MP mở rộng tầm nhìn đáng kể hỗ trợ người dùng dễ dàng lưu giữ những phong cảnh thiên nhiên hùng vĩ hay ảnh nhóm đông người.
Dung lượng pin 7000mAh sạc nhanh 80W
Thiết bị gây ấn tượng mạnh mẽ nhờ sở hữu viên pin dung lượng lớn 7000mAh giúp duy trì thời gian sử dụng bền bỉ xuyên suốt ngày dài. Điện thoại Honor 600 cho phép người dùng thoải mái thực hiện mọi tác vụ học tập hay làm việc mà không cần lo lắng về vấn đề cạn kiệt năng lượng.
Pin 7000mAh bền bỉ kèm theo tính năng nạp nhanh. 
Công nghệ sạc nhanh có dây 80W hỗ trợ rút ngắn đáng kể thời gian nạp điện, đưa thiết bị sẵn sàng hoạt động trở lại một cách nhanh chóng. Tính năng sạc ngược có dây 27W còn cho phép người dùng chia sẻ nguồn điện cho các thiết bị ngoại vi khác một cách vô cùng linh hoạt và tiện lợi.
Màn hình 8000 nits hiển thị siêu nét
Điện thoại Honor 600 sở hữu màn hình 6.57 inch với độ sáng tối đa lên đến 8000 nits giúp hình ảnh hiển thị rõ nét ngay dưới ánh nắng gắt. Thông số ấn tượng này cho phép người dùng thoải mái theo dõi mọi nội dung giải trí và thực hiện các tác vụ công việc ở môi trường ngoài trời.
Màn hình độ sáng cao, hiển thị rõ nét dưới ánh nắng
Mật độ điểm ảnh đạt mức 458 ppi kết hợp cùng độ phân giải cao mang lại những khung hình sống động với độ chi tiết vô cùng sắc sảo. Khả năng tái tạo màu sắc chuẩn xác giúp thiết bị cung cấp những trải nghiệm thị giác mượt mà và chân thực cho người dùng trong suốt quá trình sử dụng.
Thiết kế sợi thủy tinh sang trọng
Sản phẩm gây ấn tượng mạnh với thiết kế nguyên khối điêu khắc tinh xảo, tạo nên diện mạo vô cùng hiện đại và cao cấp. Điện thoại Honor 600 sử dụng mặt lưng sợi thủy tinh kết hợp cùng khung viền kim loại nhằm mang đến cảm giác cầm nắm chắc tay cho người dùng.
Vẻ ngoài sợi thủy tinh mang đến sự tinh tế.
Thiết bị đạt chuẩn kháng nước và bụi bẩn IP68/IP69, giúp duy trì độ bền bỉ trong nhiều môi trường sử dụng khác nhau. Người dùng cần lưu ý hạn chế mang thiết bị vào môi trường có nhiệt độ và độ ẩm cao như phòng xông hơi để bảo vệ linh kiện bên trong. 
Điện thoại Honor 600 ra mắt khi nào?
Điện thoại Honor 600 dự kiến sẽ ra mắt công chúng toàn cầu vào tháng 6/2026 với nhiều thay đổi đáng giá về ngoại hình. Sản phẩm hứa hẹn thu hút sự chú ý của đông đảo người yêu công nghệ nhờ sự lột xác mạnh mẽ trong ngôn ngữ thiết kế và hiệu năng vận hành. 
Thời điểm trình làng dự kiến của Honor 600.
Điện thoại Honor 600 giá bán bao nhiêu tiền?
Mức giá niêm yết dành cho Honor 600 hiện vẫn là ẩn số do nhà sản xuất chưa đưa ra bất kỳ thông báo chính thức nào. Các chuyên gia dự đoán giá khởi điểm của thiết bị sẽ rơi vào phân khúc cận cao cấp để phù hợp với nhu cầu chi tiêu của người dùng.
Dự đoán mức giá bán thực tế của Honor 600.
Tại thị trường Việt Nam, chi phí sở hữu mẫu máy này có thể thay đổi tùy thuộc vào từng phiên bản bộ nhớ và các chương trình khuyến mãi đi kèm. Hệ thống sẽ liên tục cập nhật bảng giá chính xác ngay khi có thông tin từ nhà phân phối chính hãng tại các đại lý bán lẻ.
So sánh điện thoại Honor 600 với Honor 500
Điện thoại Honor 600 mang đến nhiều cải tiến vượt trội về mặt công nghệ và hiệu suất so với thế hệ tiền nhiệm Honor 500. Những nâng cấp này giúp thiết bị vận hành ổn định và tối ưu hóa trải nghiệm sử dụng hàng ngày.
Đặc điểm
Honor 500
Honor 600
Vi xử lý
Snapdragon 8s Gen 4
Snapdragon 7 Gen 4
Màn hình
6.55 inch - 6000 nits
6.57 inch - 8000 nits
Dung lượng pin
8000mAh
7000mAh
Sạc ngược
5W
27W
Độ bền
IP68/IP69K
IP68/IP69
Điểm khác biệt giữa Honor 600 và thế hệ tiền nhiệm.
Sự khác biệt rõ nét giữa hai thiết bị nằm ở độ sáng màn hình cực cao và khả năng sạc ngược đầy ấn tượng trên thế hệ mới. Tuy dung lượng pin có phần điều chỉnh nhưng khả năng tối ưu hóa phần cứng giúp thiết bị vẫn duy trì thời gian hoạt động bền bỉ.
Mua điện thoại Honor 600 uy tín, chính hãng tại CellphoneS
Khách hàng nên chọn mua điện thoại Honor 600 tại hệ thống CellphoneS để nhận được nhiều ưu đãi hấp dẫn. Sản phẩm sở hữu màn hình siêu sáng cùng hệ thống camera 200MP ấn tượng giúp nâng tầm trải nghiệm giải trí. Hệ thống cung cấp dịch vụ đăng ký trực tuyến nhanh chóng cùng đa dạng cách thức chi trả tiện lợi tới tất cả khách hàng. Ghé thăm CellphoneS để nhận ngay sản phẩm cùng giá cực hời!","{""Màn hình"": [{""name"": ""Kích thước màn hình"", ""value"": ""6.57 inches""}], ""Pin & công nghệ sạc"": [{""name"": ""Pin"", ""value"": ""Khoảng 9.000 mAh""}]}","[""https://cdn2.cellphones.com.vn/x/media/catalog/product/d/i/dien-thoai-honor-600.jpg""]",{}
Honor X9B,dien-thoai-honor-x9b,N/A,N/A,"Điện thoại Honor X9B là mẫu điện thoại thông minh sở hữu màn hình AMOLED 6.78 inch 120Hz. Máy sở hữu cấu hình với con chip Snapdragon 6 Gen 1, RAM 12GB cùng bộ nhớ ROM 256GB. Điện thoại với 3 camera 108MP – 5MP – 2MP, hỗ trợ quay phim 4K cùng pin 5800mAh tích hợp sạc nhanh.
Nội dung chính
1. Điện thoại Honor X9B – Độ bền siêu đỉnh chống va đập chuẩn 5 sao
1.1. Cấu hình mượt mà từ con chip Snapdragon 6 Gen 1 cùng RAM khùng 12GB
1.2. Cụm camera tròn lạ mắt với thông số camera chính đến 108MP
1.3. Điện thoại Honor X9B mang đến trải nghiệm xuyên suốt với pin 5800mAh ấn tượng
1.4. Màn hình AMOLED lớn với chất lượng hiển thị 1.5K, tần số quét 120Hz mượt mà
1.5. Thiết kế thu hút với độ mỏng ấn tượng cùng phiên bản da độc đáo
1.6. Dễ dàng mở khóa với các cảm biến sinh trắc học, mở khóa khuôn mặt tiện lợi
2. Điện thoại Honor X9B khi nào ra mắt?
3. Điện thoại Honor X9B giá bán bao nhiêu tiền?
4. Mua điện thoại Honor X9B chất lượng, chính hãng với giá ưu đãi tại CellphoneS
Điện thoại Honor X9B – Độ bền siêu đỉnh chống va đập chuẩn 5 sao
Điện thoại Honor X9B đang thu hút cộng đồng công nghệ khi được mệnh danh là một chiếc điện siêu bền bỉ với khả năng chống va đập chuẩn 5 sao ấn tượng. Điện thoại cũng có thiết kế độc đáo cùng cấu hình mạnh mẽ, viên pin siêu trâu 5800mAh cân mọi tác vụ xuyên suốt ngày dài.
Cấu hình mượt mà từ con chip Snapdragon 6 Gen 1 cùng RAM khùng 12GB
Trong phân khúc giá của Honor X9B thì máy đã làm rất tốt về mặt hiệu năng khi được trang bị cấu hình mạnh mẽ. Cụ thể, điện thoại Honor X9B sở hữu con chip Snapdragon 6 Gen 1 có tốc độ tối đa đạt 2.2GHz vượt trội, chạy tốt mọi tác vụ, ứng dụng, trò chơi,….
Cùng với đó, hãng cũng trang bị cho Honor X9B RAM dung lượng khủng 12GB cùng bộ nhớ trong 256GB để bạn có thể sử dụng đa nhiệm cực mướt và lưu trữ dữ liệu thoải mái. Đây cũng là một điểm cộng khi đa số smartphone ở phân khúc tầm trung chỉ được trang bị RAM 8GB.
Cụm camera tròn lạ mắt với thông số camera chính đến 108MP
Về khả năng chụp ảnh của điện thoại Honor X9B thì bạn hoàn toàn có thể yên tâm khi điện thoại được trang bị hệ thống camera sau vượt trội với camera chính có cảm biến 108MP. Cụm camera của smartphone cũng được đặt trong cụm tròn lạ mắt tạo điểm nhấn cho ngoại hình.
Honor X9B có thông số camera lần lượt là 108MP – 5MP – 2MP tích hợp khả năng bắt nét nhạy, zoom lai 3x cùng những tính năng khác như bộ lọc màu, Night Mode, Pro Mode, chụp Macro siêu cận, Slow Motion, Panorama, HDR, Time Lapse,…để bạn thỏa sức sáng tạo chụp ảnh.
Bên cạnh đó, điện thoại còn hỗ trợ chất lượng quay video lên đến 4K để bạn có thể ghi lại sắc nét nhiều khoảnh khắc đáng nhớ hay dùng để quay vlog hàng ngày tiện lợi. Máy cũng tích hợp camera trước 16MP chụp ảnh selfie xinh đẹp, độ nét cao.
Điện thoại Honor X9B mang đến trải nghiệm xuyên suốt với pin 5800mAh ấn tượng
Với cấu hình mạnh mẽ thì điện thoại Honor X9B còn được trang bị viên pin siêu trâu lên đến 5800mAh. So với các mẫu smartphone khác trong tầm giá thì hiện X9B đang sở hữu lượng pin khủng nhất, giúp vận hành thiết bị bền bỉ lên đến 3 ngày cực kì ấn tượng sau một lần sạc đầy.
Ngoài ra Honor X9B còn nhận được nhãn vàng từ DXOMARK chứng nhận cho uy tín về trải nghiệm năng lượng, khẳng định về thời lượng pin mà điện thoại mang lại.
Bên cạnh đó, Honor X9B cũng được trang bị công nghệ sạc nhanh với công suất 35W và theo công bố từ hãng, ước tính sau một lần sạc đầy điện thoại có thể cung cấp thời lượng đến 19h phát video liên tục hoặc 12h chơi game liên tục không ngừng nghỉ.
Màn hình AMOLED lớn với chất lượng hiển thị 1.5K, tần số quét 120Hz mượt mà
Về khả năng hiển thị, điện thoại Honor X9B được trang bị màn hình lớn 6.78 inch với tấm nền AMOLED và đạt độ phân giải 2652*1200 sắc nét, hỗ trợ dải màu 100% DCI-P3 rộng để mang đến màu sắc hiển thị sống động trong mọi khung hình.
Ngoài ra, màn hình Honor X9B còn có độ sáng tối đa 1200nits hiển thị sắc nét dưới trời nắng. Màn hình cũng có tần số quét 120Hz nên bạn có thể yên tâm không gặp phải hiện tượng xé hình trên các khung hình có chuyển động nhanh, thao tác vuốt chạm mượt mà theo thời gian thực.
Thiết kế thu hút với độ mỏng ấn tượng cùng phiên bản da độc đáo
Điện thoại Honor X9B nổi bật với ngôn ngữ thiết kế độc đáo với điểm nhấn là cụm camera tròn ở mặt lưng cùng với viền màn hình siêu mỏng tạo cảm giác vô cực hút mắt. Honor X9B được hoàn thiện tỉ mỉ từng chi tiết với độ dày chỉ 7.98mm cùng trọng lượng 185g thoải mái trên tay.
Bên cạnh thiết kế ấn tượng thì Honor X9B cũng mang đến cho người dùng 3 màu sắc thời trang bao gồm Xanh, Đen và Cam. Ngoài ra Honor X9B còn sở hữu phiên bản mặt lưng da bên cạnh mặt lưng kính truyền thống, mang đến vẻ đẹp sang trọng cũng như cho cảm giác êm ái khi cầm.
Dễ dàng mở khóa với các cảm biến sinh trắc học, mở khóa khuôn mặt tiện lợi
Điện thoại Honor X9B còn được trang bị công nghệ bảo mật hiện đại cụ thể với tính năng mở khóa sinh trắc học bằng vân tay quang học trong màn hình cũng như mở khóa bằng khuôn mặt tiện lợi để bạn có thể mở khóa hay xác thực thanh toán qua các dịch vụ online nhanh chóng.
Ngoài ra, Honor X9B còn có thêm tính năng Face-Covering, nghĩa là bạn có thể sử dụng tính năng mở khóa khuôn mặt ngay cả khi đang đeo khẩu trang, giúp bạn sử dụng điện thoại tiện lợi hơn kể cả khi đang đi đường và đeo khẩu trang.
Điện thoại Honor X9B khi nào ra mắt?
Với những gì mà Honor X9B mang lại thì có không ít người dùng đang rất háo hức chờ ngày cập bến của điện thoại tại Việt Nam để được tận tay trải nghiệm những tính năng trên thiết bị. Vậy Honor X9B khi nào ra mắt?
Theo thông tin công bố từ hãng, từ ngày 12 tháng 01 năm 2024, điện thoại Honor X9B sẽ cập bến tại Việt Nam và trong thời gian tới, mẫu điện thoại này sẽ được phân phối tại nhiều cửa hàng bán lẻ để bạn có thể trải nghiệm và sở hữu phiên bản màu sắc yêu thích.
Điện thoại Honor X9B giá bán bao nhiêu tiền?
Có thể thấy, Honor X9B là một mẫu điện thoại rất đáng sở hữu trong năm nay khi được trang bị nhiều tính năng cao cấp, cấu hình mạnh mẽ cùng với độ bền siêu đỉnh. Vậy điện thoại Honor X9B có giá bán bao nhiêu tại thị trường Việt Nam?
Mặc dù sở hữu nhiều tính năng cao cấp nhưng giá bán của mẫu smartphone này chỉ ở phân khúc tầm trung. Giá bán cụ thể của Honor X9B tại thị trường Việt Nam cho phiên bản 12GB/256GB là 8.990.000VNĐ vô cùng hấp dẫn cùng với nhiều ưu đãi chào sân.
Mua điện thoại Honor X9B chất lượng, chính hãng với giá ưu đãi tại CellphoneS
Nhìn chung, trong phân khúc tầm trung thì điện thoại Honor X9B đang là mẫu smartphone đang rất được chào đón. Nếu bạn cũng yêu thích mẫu smartphone này thì có thể nhanh chóng đến ngay CellphoneS để rinh ngay em dế yêu và tận tay trải nghiệm những tính năng hấp dẫn. CellphoneS luôn tự hào là hệ thống bán lẻ hàng đầu Việt Nam với chính sách mua hàng hấp dẫn, chính sách bảo hành chính hãng lâu dài cùng nhiều chương trình khuyến mãi tuyệt vời dành cho quý khách hàng khi mua sắm tại cửa hàng.
Cùng với đó, CellphoneS cũng đảm bảo về chất lượng của sản phẩm, cam kết hàng chính hãng cũng như có nguồn gốc rõ ràng. Vì vậy nếu bạn đang tìm kiếm địa chỉ mua sản phẩm công nghệ chất lượng, giá cạnh tranh thì có thể đến ngay CellphoneS.
Ngoài ra, khi mua điện thoại Honor X9B tại CellphoneS, bạn còn được tận hưởng nhiều khuyến mãi hấp dẫn, hỗ trợ trả góp lãi suất thấp hay đặt cọc sản phẩm online để sở hữu ngay sản phẩm hot mà không lo hết hàng.
Nếu bạn không tiện đến cửa hàng thì cũng đừng lo vì CellphoneS đã có dịch vụ giao hàng tận nhà. Chỉ cần truy cập website cellphones.com.vn và đặt ngay điện thoại Honor X9B, CellphoneS sẽ giao nhanh trong vòng 2h (nội thành) tận nhà hoàn toàn miễn phí. Mọi thắc mắc hay cần tư vấn về sản phẩm, bạn hãy liên hệ ngay với CellphoneS qua hotline 1800.2064 để được đội ngũ nhân viên chuyên nghiệp của chúng tôi giải đáp ngay nhé!","{""Màn hình"": [{""name"": ""Kích thước màn hình"", ""value"": ""6.78 inches""}, {""name"": ""Công nghệ màn hình"", ""value"": ""AMOLED""}, {""name"": ""Độ phân giải màn hình"", ""value"": ""2652 x 1200 pixels""}, {""name"": ""Tính năng màn hình"", ""value"": ""1.07 tỷ màu\nTần số quét 120Hz\nTỷ lệ khung hình 19:9:9""}], ""Camera sau"": [{""name"": ""Camera sau"", ""value"": ""Camera chính: 108.0 MP, ƒ/1.75\nCamera góc rộng: 5.0 MP, ƒ/2.2\nCamera góc siêu rộng: 2.0 MP, ƒ/2.4""}, {""name"": ""Quay video"", ""value"": ""4K 1080p@30fps""}, {""name"": ""Tính năng camera"", ""value"": ""Ban đêm (Night Mode)\nTrôi nhanh thời gian (Time Lapse)\nHDR\nQuay chậm (Slow Motion)\nChụp chân dung\nChuyên nghiệp (Pro)\nToàn cảnh (Panorama)\nBộ lọc màu\nSiêu cận (Macro)\nHình chìm mờ\nChụp nụ cười""}], ""Camera trước"": [{""name"": ""Camera trước"", ""value"": ""16.0 MP, ƒ/2.45""}], ""Vi xử lý & đồ họa"": [{""name"": ""Chipset"", ""value"": ""Snapdragon 6 Gen 1""}, {""name"": ""GPU"", ""value"": ""Adreno A710""}], ""Giao tiếp & kết nối"": [{""name"": ""Công nghệ NFC"", ""value"": ""Có""}, {""name"": ""Thẻ SIM"", ""value"": ""2 SIM (Nano-SIM)""}, {""name"": ""Jack tai nghe 3.5"", ""value"": ""Không""}, {""name"": ""Hỗ trợ mạng"", ""value"": ""5G""}, {""name"": ""GPS"", ""value"": ""BEIDOU\nGALILEO\nGLONASS\nGPS\nA-GPS""}], ""RAM & lưu trữ"": [{""name"": ""Dung lượng RAM"", ""value"": ""12 GB""}, {""name"": ""Bộ nhớ trong"", ""value"": ""256 GB""}], ""Pin & công nghệ sạc"": [{""name"": ""Pin"", ""value"": ""5800 mAh""}, {""name"": ""Công nghệ sạc"", ""value"": ""Sạc nhanh 35W""}, {""name"": ""Cổng sạc"", ""value"": ""USB Type-C""}], ""Tính năng khác"": [{""name"": ""Hệ điều hành"", ""value"": ""Android 13.0""}], ""Bộ xử lý & Đồ họa"": [{""name"": ""Loại CPU"", ""value"": ""4 x A78 2.2 GHz + 4 x A55 1.8 GHz""}], ""Kích thước & Trọng lượng"": [{""name"": ""Kích thước"", ""value"": ""163.6 x 75.5 x 7.98 mm""}, {""name"": ""Trọng lượng"", ""value"": ""185 g""}], ""Thiết kế & Trọng lượng"": [{""name"": ""Chất liệu khung viền"", ""value"": ""Nhựa""}], ""Tiện ích khác"": [{""name"": ""Cảm biến vân tay"", ""value"": ""Cảm biến vân tay trong màn hình""}, {""name"": ""Các loại cảm biến"", ""value"": ""Cảm biến tiệm cận, Cảm biến ánh sáng, La bàn, Con quay hồi chuyển, Cảm biến trọng lực""}], ""Cổng kết nối"": [{""name"": ""Wi-Fi"", ""value"": ""802.11 a/b/g/n/ac""}, {""name"": ""Bluetooth"", ""value"": ""v5.1""}], ""Thông tin chung"": [{""name"": ""Thời điểm ra mắt"", ""value"": ""01/2024""}]}","[""https://cdn2.cellphones.com.vn/x/media/catalog/product/d/i/dien-thoai-honor-x9b_3_.png"", ""https://cdn2.cellphones.com.vn/x/media/catalog/product/d/i/dien-thoai-honor-x9b.png"", ""https://cdn2.cellphones.com.vn/x/media/catalog/product/d/i/dien-thoai-honor-x9b_6_.png""]",{}
Honor 80 Pro,honor-80-pro,N/A,N/A,"Honor 80 Pro có trang bị tấm nền AMOLED, kích thước màn hình 6.78 inch, cụm camera sắc nét 160 MP, con chip set của máy là Qualcomm Snapdragon 8+ Gen 1, giúp ổn định khi dùng trong thời gian dài. Người dùng có thể tải nhiều trò chơi nặng ký, các ứng dụng khác nhau nhờ dung lượng RAM 12GB, và điểm cộng của sản phẩm còn ở dung lượng pin khủng, có thể sử dụng cả ngày dài để đáp ứng mọi nhu cầu khác nhau của người sử dụng
Nội dung chính
1. Honor 80 Pro – Thiết kế sang trọng, cấu hình ổn định
1.1. Thiết kế hiện đại, sang trọng
1.2. Camera sắc nét, rõ ràng
1.3. Cấu hình mạnh mẽ, ổn định
2. Honor 80 Pro ra mắt khi nào?
3. Honor 80 Pro có giá bao nhiêu?
4. Mua Honor 80 Pro uy tín tại CellphoneS
Honor 80 Pro – Thiết kế sang trọng, cấu hình ổn định
Honor 80 Pro là sản phẩm được mong đợi của nhà sản xuất Honor nổi tiếng, từ thiết kế cho đến hiệu năng đều được đánh giá cao. Thương hiệu sản xuất qua quy trình nghiêm ngặt từng bước tỉ mỉ, dần hoàn thiện mới đưa đến tay người tiêu dùng.
Thiết kế hiện đại, sang trọng
Honor 80 Pro có thiết kế với khung viền siêu mỏng, các góc cạnh tinh xảo, đẹp mắt, kiểu dáng hiện đại phù hợp với mọi lứa tuổi của người dùng. Máy còn có tấm nền AMOLED sắc nét, không bị vỡ ảnh khi dùng. Điện thoại có màn hình rộng, không gian hiển thị lớn 6.78 inch, người dùng có thể tha hồ lướt web, xem phim với sản phẩm này.
Máy có trọng lượng nhẹ chỉ khoảng 188g, có thể mang đi từ nhà đến trường, lớp hay đi công tác xa để phục vụ các nhu cầu cá nhân của bản thân. Màn hình làm tươi liên tục, độ nét lên đến 2700 × 1224 pixel, nên không lo bị lag hay nhòe khi dùng. Điện thoại còn có nhiều màu sắc khác nhau, người dùng dễ dàng chọn theo sở thích.
Magic V5 là phiên bản điện thoại gập cao cấp của nhà Honor, được giới công nghệ đánh giá cao về thiết kế siêu mỏng, khung viền cao cấp được chế tạo từ vật liệu siêu bền.
Camera sắc nét, rõ ràng
Honor 80 Pro sẽ giúp người dùng thỏa sức sáng tạo với nghệ thuật chụp ảnh, người dùng có thể ghi lại hình ảnh một cách rõ nét nhất với ba camera sau: Ống kính chính 160MP, camera macro 50MP, camera đo độ sâu 2MP. Người dùng dễ dàng phóng to hay thu nhỏ hình ảnh, tăng độ sáng cho khung hình trở nên lung linh hơn, đèn flash còn hỗ trợ chụp ảnh vào ban đêm.
Nếu có niềm đam mê với selfie, thì đây là sản phẩm đáng để dùng bởi camera 50MP và 2MP, có chế độ sắc nét, xóa phông, hay chỉnh ảnh tại máy nhờ bộ lọc khác nhau, không cần phải tải nhiều app để có được bức ảnh ưng ý nhất như trước đây. Với chế độ quay phim thì video quay lại mượt mà, không bị vỡ hình mà thay vào đó là đường nét sẽ được làm rõ, đầy màu sắc.
Tham khảo thêm Honor 80 Pro Plus được ra mắt cùng lúc với Honor 80 Pro trong series sản phẩm Honor 80 mới. Sản phẩm sở hữu con chip Snapdragon 8 Gen 1 mạnh mẽ, mang đến hiệu năng ấn tượng.
Cấu hình mạnh mẽ, ổn định
Honor 80 Pro trang bị con chipset mạnh mẽ Qualcomm Snapdragon 8+ Gen 1, các tác vụ sẽ được xử lý nhanh nhạy, và ổn định khi sử dụng cả ngày. Các thao tác trên điện thoại cũng đơn giản, kể cả lần đầu sử dụng. Bộ nhớ lưu trữ lên đến 256GB, người dùng sẽ lưu trữ nhiều game nặng ký hay app hot hiện nay về máy mà không lo đầy bộ nhớ nhanh chóng.
Đồ họa của điện thoại đẹp mắt, có thể tăng thêm cảm giác bùng nổ khi chơi game, hay gây cấn khi xem phim cùng gia đình. Ngoài ra, kết hợp với âm thanh sẽ giúp người dùng cảm thấy thư giãn hơn sau cả ngày làm việc mệt mỏi tại công ty, hay lớp học.
Hệ điều hành của điện thoại là Android 12, quen thuộc và dễ thao tác, sử dụng, dung lượng pin của Honor 80 Pro là 4800mAh, người dùng thoải mái sử dụng. Khi sắp hết dung lượng chỉ cần sạc nhanh với củ sạc 66W là nhanh chóng đầy, tiết kiệm thời gian chờ đợi của người sử dụng, tiếp tục cuộc vui với bạn bè.
Honor 80 Pro ra mắt khi nào?
Honor 80 Pro sẽ ra mắt vào cuối năm nay, theo thông tin của một bài báo lớn, đây chắc chắn là sự trở lại bùng nổ của sản phẩm trong làng công nghệ. Nhà sản xuất chưa có thông báo về ngày ra mắt cụ thể, nhưng vẫn được khá nhiều khách hàng tìm kiếm thông tin và đặt trước, để sau khi có hàng thì sẽ mua để dùng ngay. Nếu đã một fan của thương hiệu này thì nhanh tay đặt hàng trước, để có thể là một trong số những khách hàng đầu tiền có sản phẩm này, để đón đầu xu hướng mới ngay.
Honor 80 Pro có giá bao nhiêu?
Hiện nay, giá của sản phẩm Honor 80 Pro chưa được cập nhật, mong rằng sản phẩm sẽ có biến động nhẹ về giá so với bản tiền nhiệm trước đó, để người dùng có thể đặt mua nhanh chóng, vì giá ở tầm trung. Tuy nhiên, với những cải tiến bởi công nghệ cao cấp, chất liệu bền bỉ, giá có cao hơn đôi chút cũng xứng đáng với những gì người dùng nhận lại, từ tính năng cho đến thiết kế đều nổi trội. Theo dõi web này để luôn cập nhật thường xuyên, nhằm biết các thông tin mới nhất của sản phẩm này.
Honor 80 Pro Giá bán tham khảo Giá bán tham khảo
Honor 80 Pro 8GB RAM + 256GB bộ nhớ trong
3499 NDT
Khoảng 12.200.00 đồng
Honor 80 Pro 12GB RAM + 256GB bộ nhớ trong
3799 NDT
Khoảng 13.100.00 đồng
Honor 80 Pro 12GB RAM + 512GB bộ nhớ trong
4099 NDT
Khoảng 14.200.000 đồng
Mua Honor 80 Pro uy tín tại CellphoneS
Honor 80 Pro có bán tại các cửa hàng của CellphoneS, với uy tín cao, với chuỗi cửa hàng lớn nhỏ tại Hồ Chí Minh và Hà Nội. Chắc chắn sẽ giúp người dùng cảm thấy thoải mái và hài lòng với dịch vụ nhiệt tình và sản phẩm chính hãng tại đây, người dùng có thể đặt hàng trực tuyến trên web chính thức của cửa hàng, nhưng vẫn khuyến khích mua hàng tại nơi để có trải nghiệm sản phẩm trước khi sử dụng.","{""Màn hình"": [{""name"": ""Công nghệ màn hình"", ""value"": ""AMOLED""}], ""Camera sau"": [{""name"": ""Camera sau"", ""value"": ""200 MP""}], ""Vi xử lý & đồ họa"": [{""name"": ""Chipset"", ""value"": ""Snapdragon 8 Gen 1""}], ""Giao tiếp & kết nối"": [{""name"": ""Công nghệ NFC"", ""value"": ""Có""}], ""RAM & lưu trữ"": [{""name"": ""Dung lượng RAM"", ""value"": ""12 GB""}], ""Pin & công nghệ sạc"": [{""name"": ""Công nghệ sạc"", ""value"": ""Sạc nhanh 100W""}]}","[""https://cdn2.cellphones.com.vn/x/media/catalog/product/s/f/sffg_1__1.jpg"", ""https://cdn2.cellphones.com.vn/x/media/catalog/product/h/o/honor-80-600x600_1.jpg"", ""https://cdn2.cellphones.com.vn/x/media/catalog/product/s/f/sffg_1.jpg""]",{}
Honor 90,honor-90,N/A,N/A,"Honor 90 được sở hữu bộ vi xử lý Snapdragon 7 Gen 1 lõi 8 cung cấp hiệu năng mạnh mẽ, thao tác nhanh chóng cùng RAM 12 GB và bộ nhớ trong 256 GB. Máy còn có camera 200 MP với viên pin 5000 mAh, sạc nhanh 66W để dùng thoải mái trên màn hình OLED 6.7 inches.
Nội dung chính
1. Honor 90 - Màn hình cong, trải nghiệm thêm ấn tượng
1.1. Hiệu năng mạnh mẽ với chip Snapdragon 7 Gen 1 lõi 8
1.2. Camera 200MP quay chụp sắc nét
1.3. Viên pin 5000mAh tối ưu sạc nhanh lên đến 66W
1.4. Màn hình OLED, dải màu rộng, hiển thị tuyệt đẹp
1.5. Thiết kế hiện đại toát lên vẻ đẹp riêng
2. Honor 90 khi nào ra mắt?
3. Honor 90 giá bán bao nhiêu?
4. Mua Honor 90 giá tốt, chất lượng tại CellphoneS
Honor 90 - Màn hình cong, trải nghiệm thêm ấn tượng
Honor 90 tạo ấn tượng với người dùng bởi màn hình cong tràn viền cùng hệ thống camera vượt trội trong tầm giá. Bên cạnh đó, dung lượng pin của máy còn có thể giúp bạn trải nghiệm nhiều giờ liên tục. Do đó, hãy cùng xem thêm chi tiết về chiếc smartphone Honor thông qua bài viết giới thiệu sau đây!
Hiệu năng mạnh mẽ với chip Snapdragon 7 Gen 1 lõi 8
Honor 90 sở hữu hiệu năng mạnh mẽ, ổn định từ bộ vi xử lý Snapdragon 7 Gen 1 lõi 8. Với dung lượng RAM 12GB, bạn sẽ được trải nghiệm đa nhiệm mượt mà cũng như các thao tác nhanh chóng.
Bên cạnh đó, máy sẽ có giao diện MagicOS 7.1 chạy trên phiên bản Android 13 mới. Bộ nhớ trong 256GB, góp phần tạo nên không gian lưu trữ rộng lớn cho ảnh, video độ phân giải cao và kho ứng dụng yêu thích của bạn.
Điện thoại Honor Magic V5 màn hình gập là siêu phẩm của nhà Honor, sử dụng con chip xử lý siêu mạnh mẽ Snapdragon 8 Elite, mang đến hiệu năng ấn tượng, cải thiện đáng kể hiệu suất. 
Camera 200MP quay chụp sắc nét
Honor 90 sẽ là chọn lựa lý tưởng cho những ai muốn trải nghiệm chụp ảnh chuyên nghiệp, bởi máy sở hữu camera chính có độ phân giải 200 MP cực nét. Đi kèm với đó còn có camera góc siêu rộng 12 MP và camera đo độ sâu 2 MP.
Ngoài ra, điện thoại còn hỗ trợ camera trước góc siêu rộng 50 MP. Do đó, bạn có thể thoải mái với những bức ảnh chụp tự sướng đẹp mắt và có độ chi tiết cao.
Viên pin 5000mAh tối ưu sạc nhanh lên đến 66W
Điện thoại Honor 90 được trang bị viên pin dung lượng 5000mAh, đủ để đáp ứng nhu cầu sử dụng cả ngày dài cho người dùng. Đặc biệt, đây còn là pin lithium-ion polymer nên vô cùng bền và đảm bảo an toàn trong suốt quá trình dùng. 
Thiết bị còn được hỗ trợ sạc nhanh tối ưu với công suất sạc lên đến 66 W và có bộ sạc Super Charge đi kèm. Như vậy, máy sẽ được nạp đầy năng lượng chỉ trong khoảng thời gian ngắn.
Honor 90 Pro có màn hình rộng 6.78 inch, cũng với viên pin có dung lượng 5000mAh, đảm bảo đáp ứng đầy đủ cho nhu cầu sử dụng hàng ngày.
Màn hình OLED, dải màu rộng, hiển thị tuyệt đẹp
Honor 90 mang đến một trải nghiệm chất lượng hình ảnh tuyệt đẹp nhờ có màn hình OLED với độ phân giải Full HD 2.664 x 1.200 pixel. Kích thước 6.7 inches cùng tỷ lệ 19.98:9, hứa hẹn sẽ cho người dùng thao tác vuốt chạm cực mượt.
Bên cạnh đó, điện thoại có dải màu rộng DCI-P3 giúp mang đến không gian màn ảnh sống động. Thiết bị có tần số quét cao nên hạn chế được tình trạng xé hình trong các chuyển động nhanh.
Thiết kế hiện đại toát lên vẻ đẹp riêng
Sở hữu phong cách thiết kế hiện đại, Honor 90 không chỉ được làm nhỏ gọn chỉ 183 g mà còn vô cùng bền bỉ. Với các góc cạnh bo tròn bạn sẽ dễ dàng cầm nắm thoải mái hơn.
Tuy thiết kế không có nhiều thay đổi so với thế hệ trước nhưng Honor 90 lại có nhiều màu sắc mới. Trong đó, thiết bị sẽ có phiên bản màu Đen, Bạc, Xanh da trời và Xanh lục.
Honor 90 khi nào ra mắt?
Thương hiệu điện thoại này đã thông báo qua Weibo của họ rằng máy đã được mở bán chính thức tại Trung Quốc vào ngày 29/5. Do đó, rất có khả năng trong quý 3 năm nay, sản phẩm sẽ về đến thị trường Việt Nam.
Hơn hết, Honor 90 có màn hình cong tràn cạnh và trang bị camera chính 200MP đã được công ty xác nhận. Đặc biệt đây cũng chính là cảm biến Samsung ISOCELL HP3 giống trên Honor 80 Pro. Vì thế, chúng ta hãy cùng đón chờ xem nhé.
Honor 90 giá bán bao nhiêu?
Điện thoại Honor 90 sẽ có 3 chọn lựa cấu hình khác nhau và đương nhiên giá bán cũng sẽ có sự chênh lệch, cụ thể: 
- Phiên bản 12 GB + 256 GB có giá 2.499 CNY (tương đương khoảng 8.2 triệu đồng)
- Phiên bản 16 GB + 256 GB có giá 2.799 CNY (tương đương khoảng 9.2 triệu đồng).
- Phiên bản 16 GB + 512 GB có giá 2.999 CNY (tương đương khoảng 9.9 triệu đồng).
Nhìn chung, cả 3 đều có giá bán đều ở mức tầm trung. Tuy nhiên, người dùng lại có thể dễ dàng sở hữu một Honor 90 có màn hình bảo vệ mắt và dung lượng pin 5000mAh.
Mua Honor 90 giá tốt, chất lượng tại CellphoneS
Honor 90 là một dòng sản phẩm mới và hiện đang được CellphoneS bán ra với mức giá hấp dẫn. Vì thế, nếu bạn mong muốn sở hữu điện thoại này thì hãy đến ngay với cửa hàng nhé!","{""Màn hình"": [{""name"": ""Kích thước màn hình"", ""value"": ""6.7 inches""}, {""name"": ""Công nghệ màn hình"", ""value"": ""OLED""}, {""name"": ""Tính năng màn hình"", ""value"": ""1 tỷ màu, tần số quét 120Hz, 1600 nits""}, {""name"": ""Loại màn hình"", ""value"": ""Màn hình""}], ""Camera sau"": [{""name"": ""Camera sau"", ""value"": ""Camera góc rộng: 200 MP, f/1.9, 1/1.4\"", 0.56µm, PDAF\nCamera góc siêu rộng: 12 MP, f/2.2, 112˚ , AF\nCamera đo độ sâu: 2 MP, f/2.4""}, {""name"": ""Quay video"", ""value"": ""4K@30fps, 1080p@30/60fps, gyro-EIS""}, {""name"": ""Tính năng camera"", ""value"": ""LED flash, HDR, panorama""}], ""Camera trước"": [{""name"": ""Camera trước"", ""value"": ""Camera góc siêu rộng: 50 MP, f/2.4, 100˚""}, {""name"": ""Quay video trước"", ""value"": ""4K@30fps, 1080p@30fps, gyro-EIS""}], ""Vi xử lý & đồ họa"": [{""name"": ""Chipset"", ""value"": ""Qualcomm Snapdragon 7 Gen 1""}, {""name"": ""GPU"", ""value"": ""Adreno 644""}], ""Giao tiếp & kết nối"": [{""name"": ""Công nghệ NFC"", ""value"": ""Có""}, {""name"": ""Thẻ SIM"", ""value"": ""2 SIM (Nano-SIM)""}, {""name"": ""Hồng ngoại"", ""value"": ""Không""}, {""name"": ""Jack tai nghe 3.5"", ""value"": ""Không""}, {""name"": ""Hỗ trợ mạng"", ""value"": ""5G""}, {""name"": ""GPS"", ""value"": ""GPS, GALILEO, GLONASS, BDS, QZSS""}], ""RAM & lưu trữ"": [{""name"": ""Dung lượng RAM"", ""value"": ""12 GB""}, {""name"": ""Bộ nhớ trong"", ""value"": ""256 GB""}, {""name"": ""Khe cắm thẻ nhớ"", ""value"": ""Không""}], ""Pin & công nghệ sạc"": [{""name"": ""Pin"", ""value"": ""5000 mAh""}, {""name"": ""Công nghệ sạc"", ""value"": ""Sạc nhanh 66W""}, {""name"": ""Cổng sạc"", ""value"": ""USB Type-C""}], ""Tính năng khác"": [{""name"": ""Hệ điều hành"", ""value"": ""Android 13""}], ""Bộ xử lý & Đồ họa"": [{""name"": ""Loại CPU"", ""value"": ""1x2.5 GHz Cortex-A710 & 3x2.36 GHz Cortex-A710 & 4x1.8 GHz Cortex-A510""}], ""Kích thước & Trọng lượng"": [{""name"": ""Kích thước"", ""value"": ""161.9 x 74.1 x 7.8 mm""}, {""name"": ""Trọng lượng"", ""value"": ""183 g""}], ""Tiện ích khác"": [{""name"": ""Cảm biến vân tay"", ""value"": ""Cảm biến vân tay trong màn hình""}, {""name"": ""Các loại cảm biến"", ""value"": ""Cảm biến gia tốc, Cảm biến tiệm cận, La bàn, Con quay hồi chuyển, Cảm biến áp kế""}], ""Cổng kết nối"": [{""name"": ""Wi-Fi"", ""value"": ""802.11 a/b/g/n/ac/6""}, {""name"": ""Bluetooth"", ""value"": ""v5.2, A2DP, LE, aptX HD""}], ""Thông tin chung"": [{""name"": ""Thời điểm ra mắt"", ""value"": ""05/2023""}]}","[""https://cdn2.cellphones.com.vn/x/media/catalog/product/h/o/honor-90_1_.jpg"", ""https://cdn2.cellphones.com.vn/x/media/catalog/product/h/o/honor-90.jpg"", ""https://cdn2.cellphones.com.vn/x/media/catalog/product/h/o/honor-90_2_.jpg""]",{}
Honor Magic V3,dien-thoai-honor-magic-v3,N/A,N/A,"Đặc điểm nổi bật của Honor Magic V3
Điện thoại Honor Magic V3 sở hữu thiết kế siêu mỏng với độ dày chỉ khoảng 4,4 mm khi mở ra, mang lại cho người sử dụng cảm giác thoải mái khi cầm nắm. Màn hình 7,92 inch với độ sáng cao đảm bảo trải nghiệm hình ảnh sống động ngay cả dưới ánh sáng mạnh. Đặc biệt, máy còn được đánh giá cao với hiệu năng mạnh mẽ từ chip Snapdragon 8 Gen 3 cùng 12GB RAM, giúp xử lý mọi tác vụ mượt mà và nhanh chóng.
Nội dung chính
1. Điện thoại Honor Magic V3 - Kiểu dáng gập mở thời thượng, hiệu năng xử lý mạnh mẽ
1.1. Chip xử lý mạnh mẽ, dung lượng RAM lớn và hệ điều hành máy hiện đại
1.2. Camera chất lượng cao, hỗ trợ ghi lại hình ảnh với độ sắc nét ấn tượng
1.3. Viên pin chuẩn Silicon-Carbon 5150mAh, cho thời lượng sử dụng dài hơn
2. Điện thoại Honor Magic V3 khi nào ra mắt?
3. Điện thoại Honor Magic V3 giá bao nhiêu?
4. Mua ngay điện thoại Honor Magic V3 chính hãng tại CellphoneS
Điện thoại Honor Magic V3 - Kiểu dáng gập mở thời thượng, hiệu năng xử lý mạnh mẽ
Điện thoại Honor Magic V3 là sự kết hợp đỉnh cao giữa thiết kế tinh tế và hiệu năng vượt trội, đem lại trải nghiệm người dùng đỉnh cao. Với kiểu dáng gập mở thời thượng và cấu hình mạnh mẽ, chiếc điện thoại Honor này hứa hẹn sẽ làm hài lòng cả những người yêu công nghệ khó tính.
Chip xử lý mạnh mẽ, dung lượng RAM lớn và hệ điều hành máy hiện đại
Honor Magic V3 được trang bị bộ vi xử lý Snapdragon 8 Gen 3, đem tới hiệu suất xử lý đột phá và khả năng đa nhiệm vượt trội. Kết hợp với 12GB RAM, điện thoại này cho phép người dùng chạy mượt mà các ứng dụng nặng như chơi game, chỉnh sửa video hay đa nhiệm mà không gặp bất kỳ sự giật lag nào. 
Hệ điều hành Android 14 cùng giao diện MagicOS 8.0.1 hiện đại giúp tối ưu hóa trải nghiệm người dùng, cung cấp các tính năng thông minh và dễ sử dụng. Sự kết hợp giữa phần cứng mạnh mẽ và phần mềm tối ưu hóa đảm bảo Honor Magic V3 luôn hoạt động ổn định và hiệu quả trong mọi tình huống sử dụng.
Honor Magic V5 cũng sở hữu chip Snapdragon 8 Elite siêu mạnh, có khả năng xử lý mượt mà hầu hết các tác vụ hàng ngày, mang đến trải nghiệm sử dụng êm hơn, mượt hơn và nhanh hơn.
Camera chất lượng cao, hỗ trợ ghi lại hình ảnh với độ sắc nét ấn tượng
Honor Magic V3 nổi bật với cụm ba ống kính chất lượng cao ở phía sau: camera chính 50MP, camera telephoto 50MP và camera góc siêu rộng 40MP. Độ sắc nét cao giúp người dùng ghi lại những khoảnh khắc với độ chi tiết và cực kỳ sống động. Trong đó, camera telephoto hỗ trợ zoom quang học, cho phép chụp ảnh xa mà vẫn giữ được chất lượng hình ảnh cao. 
Ngoài ra, camera góc siêu rộng của Honor Magic V3 giúp người dùng ghi lại được nhiều nội dung hơn trong 1 khung hình, phù hợp cho việc nhóm người hoặc phong cảnh. Các tính năng hỗ trợ như chống rung quang học, chế độ đêm và chế độ chân dung trên máy cũng giúp nâng cao chất lượng ảnh và video, mang lại trải nghiệm quay chụp chuyên nghiệp ngay trong tầm tay.
Viên pin chuẩn Silicon-Carbon 5150mAh, cho thời lượng sử dụng dài hơn
Honor Magic V3 được trang bị viên pin chuẩn Silicon-Carbon dung lượng 5.150mAh, đảm bảo thời lượng sử dụng kéo dài suốt cả ngày với mức sử dụng thông thường. Công nghệ pin tiên tiến này không chỉ cung cấp năng lượng ổn định mà còn giúp kéo dài tuổi thọ pin, giảm thiểu tình trạng sụt giảm hiệu suất theo thời gian. 
Ấn tượng hơn, máy còn được hỗ trợ sạc nhanh 66W, hỗ trợ sạc đầy pin chỉ trong thời gian ngắn, thuận tiện cho những ai thường xuyên di chuyển và không có nhiều thời gian để sạc. Khi kết hợp cùng khả năng quản lý năng lượng thông minh, Honor Magic V3 giúp người dùng yên tâm sử dụng mà không lo ngại về việc hết pin giữa chừng.
Điện thoại Honor Magic V3 khi nào ra mắt?
Điện thoại Honor Magic V3 chính thức ra mắt tại thị trường Việt Nam vào ngày 12/12/2024, đánh dấu sự trở lại mạnh mẽ của thương hiệu Honor trong phân khúc smartphone cao cấp. Sự kiện ra mắt không chỉ giới thiệu một sản phẩm mới mà còn mở ra nhiều cơ hội cho người tiêu dùng Việt Nam với nhiều lựa chọn điện thoại gập hiện đại và đột phá. 
Đây là thời điểm lý tưởng để người dùng tìm hiểu và trải nghiệm những tính năng ưu việt mà Honor Magic V3 mang lại, góp phần làm phong phú thêm thị trường điện thoại gập tại nước ta.
Điện thoại Honor Magic V3 giá bao nhiêu?
Honor Magic V3 được định giá ở mức £1.699,99 trên thị trường quốc tế, phản ánh chất lượng và tính năng vượt trội mà chiếc điện thoại này mang lại. Tại Việt Nam, sản phẩm sẽ được bán với giá 39.990.000đ, là mức giá hợp lý cho một chiếc smartphone gập cao cấp với cấu hình mạnh mẽ và thiết kế tinh tế. 
Giá cả cạnh tranh này giúp Honor Magic V3 trở thành lựa chọn hấp dẫn cho những ai đang tìm kiếm một thiết bị công nghệ đỉnh cao mà không phải lo lắng về chi phí quá cao. Với giá trị mà Honor Magic V3 mang lại, đây hứa hẹn sẽ là một khoản đầu tư xứng đáng cho người tiêu dùng yêu công nghệ.
Mua ngay điện thoại Honor Magic V3 chính hãng tại CellphoneS
Bạn đang tìm kiếm điện thoại Honor Magic V3 chính hãng? Hãy đến ngay CellphoneS, một trong những thương hiệu phân phối thiết bị công nghệ uy tín tại Việt Nam. Tại CellphoneS, bạn sẽ được đảm bảo về chất lượng sản phẩm với tất cả các thiết bị được nhập khẩu chính hãng từ các thương hiệu nổi tiếng. 
Ngoài ra, CellphoneS còn cung cấp tới khách hàng dịch vụ hậu mãi chu đáo, bao gồm hỗ trợ kỹ thuật, bảo hành và chính sách đổi trả sản phẩm minh bạch. Với các chương trình ưu đãi hot, khuyến mãi khủng, người tiêu dùng sẽ dễ dàng sở hữu Honor Magic V3 với mức giá tốt tại CellphoneS.","{""Màn hình"": [{""name"": ""Kích thước màn hình"", ""value"": ""7,92 inches""}, {""name"": ""Công nghệ màn hình"", ""value"": ""AMOLED""}, {""name"": ""Tính năng màn hình"", ""value"": ""1.800 nits, tỷ lệ 20:9""}], ""Camera sau"": [{""name"": ""Camera sau"", ""value"": ""Camera chính: 50MP\nCamera telephoto: 50MP\nCamera góc siêu rộng: 40MP""}], ""Vi xử lý & đồ họa"": [{""name"": ""Chipset"", ""value"": ""Snapdragon 8 Elite""}], ""RAM & lưu trữ"": [{""name"": ""Dung lượng RAM"", ""value"": ""12 GB""}, {""name"": ""Bộ nhớ trong"", ""value"": ""512 GB""}], ""Pin & công nghệ sạc"": [{""name"": ""Pin"", ""value"": ""5150mAh""}, {""name"": ""Công nghệ sạc"", ""value"": ""Công suất tối đa 66W""}], ""Tính năng khác"": [{""name"": ""Hệ điều hành"", ""value"": ""Android 14""}], ""Kích thước & Trọng lượng"": [{""name"": ""Kích thước"", ""value"": ""Mở ra: 4,4 mm\nGập vào: 9,3 mm""}, {""name"": ""Trọng lượng"", ""value"": ""226 g""}], ""Thiết kế & Trọng lượng"": [{""name"": ""Chất liệu mặt lưng"", ""value"": ""Da thuần chay""}]}","[""https://cdn2.cellphones.com.vn/x/media/catalog/product/h/o/honor_magic_v3_1_.png"", ""https://cdn2.cellphones.com.vn/x/media/catalog/product/h/o/honor_magic_v3_3_.png"", ""https://cdn2.cellphones.com.vn/x/media/catalog/product/h/o/honor_magic_v3_2_.png""]",{}
Honor Magic V2,honor-magic-v2,N/A,N/A,"Honor Magic V2 là những chiếc điện thoại gập được trang bị con chip snapdragon 8 gen 2 mạnh mẽ bậc nhất thị trường. Hiệu năng của những chiếc điện thoại Honor được đảm bảo bằng RAM 16GB cùng ROM 256GB hoặc 512GB nhờ đó mà nó cân đẹp mọi tác vụ đa nhiệm. Hệ điều hành Magic OS 7.2 - Android 13 cũng giúp những chiếc điện thoại này đảm bảo được hoạt động trơn tru cùng với nhiều tính năng mới mẻ.
Nội dung chính
1. Honor Magic V2 - Thế hệ điện thoại gập siêu mỏng nhẹ, mạnh mẽ cân mọi tác vụ
1.1. Hiệu năng ấn tượng đến từ bộ đôi chipset Snapdragon 8 Gen 2 và hệ điều hành Magic OS 7.2
1.2. Cụm camera sau ấn tượng thách thức mọi hình thức nhiếp ảnh
1.3. Pin 5000mAh tích hợp khả năng sạc nhanh ấn tượng 66W
1.4. Màn hình gập độc đáo, trải nghiệm lướt mượt trượt êm
1.5. Dẫn trước thế giới smartphone gập với sự thanh mảnh đáng kinh ngạc
2. Honor Magic V2 được ra mắt bao giờ?
3. Giá khởi điểm của Honor Magic V2 là bao nhiêu?
4. Mua Honor Magic V2 chính hãng giá rẻ tại CellphoneS
Honor Magic V2 - Thế hệ điện thoại gập siêu mỏng nhẹ, mạnh mẽ cân mọi tác vụ
Honor Magic V2 sở hữu màn chào sân cực ấn tượng với đánh giá tích cực từ thị trường. Những smartphone đến từ Honor được đánh giá là mang đến diện mạo mới và trải nghiệm thêm phần hoàn hảo dẫn bước cho dòng điện thoại gập trong tương lai. Bởi vậy chúng được quan tâm hơn cả và hứa hẹn sẽ tạo ra cơn địa chấn trong cộng đồng yêu công nghệ.
Khả năng nhiếp ảnh được nâng cấp mạnh mẽ với bộ ba camera sau gồm camera chính 50 MP, camera góc siêu rộng 50 MP và camera tele 20 MP. Viên pin 5000mAh cùng khả năng sạc nhanh 66W là điểm nhấn giúp chiếc điện thoại gập Honor Magic V2 trở nên hoản hảo hơn xứng danh flagship đáng mua bậc nhất trên thị trường.
Hiệu năng ấn tượng đến từ bộ đôi chipset Snapdragon 8 Gen 2 và hệ điều hành Magic OS 7.2
Để đảm bảo cho khả năng xử lý của những chiếc Honor Magic V2, Honor đã trang bị cho những chiếc điện thoại này con chip vô cùng mạnh mẽ mang tên Snapdragon 8 Gen 2. Nhờ đó mà những chiếc điện thoại này dễ dàng cân được các thao tác và các phần mềm nặng như chơi game đồ họa cao, chỉnh sửa ảnh, video,....
Không chỉ có con chip đỉnh, Honor Magic V2 còn sở hữu hệ điều hành Magic OS 7.2 - Android 13 với nhiều cải tiến ấn tượng cả ở tính năng và hiệu năng. Bộ nhớ đệm 16GB cùng bộ nhớ trong tùy chọn 256GB hoặc 512GB không chỉ giúp dữ liệu được lưu trữ trong không gian rộng lớn hơn mà còn giúp điện thoại xử lý mọi thứ một cách nhanh chóng và mượt mà hơn.
Điện thoại màn hình gập Honor Magic V5 vừa được ra mắt vào tháng 7, dự kiến sẽ lên kệ tại thị trường Việt Nam vào tháng 10/2025. Đây là phiên bản mới nhất, cải tiến với thiết kế siêu mỏng nhưng vẫn có pin lớn và hiệu năng mạnh.
Cụm camera sau ấn tượng thách thức mọi hình thức nhiếp ảnh
Khả năng nhiếp ảnh của Honor Magic V2 được đánh giá rất tích cực. Để có được những đánh giá này, chiếc điện thoại đến từ Honor đã được trang bị hệ thống camera sau cực chất gồm ống kính chính 50MP và 2 ống kính phụ có độ phân giải lần lượt là 50MP (camera góc siêu rộng) và 20MP (camera tele).
Các công nghệ chống rung quang học cũng như lấy nét và tăng độ tương phản cũng được trang bị giúp những bức ảnh được tạo ra có sự sống động và sắc nét ở từng chi tiết. Không những thế, những bức ảnh tự chụp cũng được đảm bảo bằng camera selfie 16MP.
Nhờ trang bị những chiếc ống kính đẳng cấp mà chiếc điện thoại Honor Magic V2 có thể đáp ứng được mọi nhu cầu nhiếp ảnh khác nhau từ đó tạo nên những bức ảnh cực nghệ, cực chất.
Honor Magic V3 kế nhiệm là phiên bản điện thoại kế thừa các ưu điểm trên Magic V2, cải tiến và nâng cấp thêm, mang đến trải nghiệm sử dụng hoàn hảo hơn.
Pin 5000mAh tích hợp khả năng sạc nhanh ấn tượng 66W
Viên Pin của những chiếc điện thoại Honor Magic V2 không quá đặc biệt với dung lượng 5000mAh nhưng điều đáng nói là chiếc điện thoại này có khả năng sạc nhanh cực đáng nể. Theo đó Honor Magic V2 được trang bị công nghệ sạc nhanh 66W giúp làm đầy pin một cách nhanh chóng.
Thêm vào đó không giữ thiết kế truyền thống với 1 viên Pin nguyên khối, chiếc điện thoại này được tích hợp 2 viên Pin với độ dày chỉ 2.7mm. Điều này giúp Honor Magic V2 vừa đảm bảo được thiết kế đẹp và sang trọng lại có được thời gian sử dụng dài.
Màn hình gập độc đáo, trải nghiệm lướt mượt trượt êm
Là một trong những mẫu smartphone gập độc đáo nên khi nhắc đến Honor Magic V2 nhiều người đặc biệt quan tâm đến màn hình của những thiết kế này. Sở hữu tấm nền OLED với khả năng hiển thị tối ưu cùng tần số quét 120Hz, những chiếc điện thoại đến từ Honor mang đến cảm giác lướt cực mượt và hình ảnh cực chất lượng.
Màn hình chính rộng 7.92 inch cùng màn hình phụ rộng 6.43 inch giúp Honor Magic V2 đáp ứng nhu cầu sử dụng một cách tối đa. Bên cạnh đó khi mua chiếc điện thoại này, người dùng sẽ được tặng thêm một chiếc bút cảm ứng để mang đến cảm giác tiện nghi tối đa cho các thao tác khi sử dụng.
Dẫn trước thế giới smartphone gập với sự thanh mảnh đáng kinh ngạc
Tổng thể của Honor Magic V2 là dạng gập cuốn sách có sự tương đồng khá lớn với các thiết kế Sasung galaxy Z. Tuy nhiên những chiếc điện thoại này ghi điểm bởi sự thanh mảnh đáng kinh ngạc. Độ dày của Honor Magic V2 chỉ 4.7mm khi được mở ra và 9.9 mm khi gập lại nên mang đến độ mỏng cực dễ chịu cho thiết kế.
Trọng lượng của Honor Magic V2 cũng gây ấn tượng khi chỉ nặng 231gram. Chính nhờ sự mỏng nhẹ này mà cảm giác khi trên tay của chiếc điện thoại gập nhà Honor được đánh giá rất cao. Chất liệu cao cấp với sự hoàn thiện bằng da PU ở mặt lưng (phiên bản màu đen) mang đến cảm giác mềm mại thoải mái khi sử dụng. Các nút chức năng được bố trí ở cạnh bên cũng giúp thao tác của người dùng được tối ưu và dễ dàng hơn.
Honor Magic V2 được ra mắt bao giờ?
Được ra mắt từ ngày 12/07/2023 nhưng đến thời điểm hiện tại dư âm của màn chào sân ấn tượng của Honor Magic V2 vẫn còn vang vọng. Những chiếc điện thoại gập thế hệ mới này đem đến những bước tiến rất mới mẻ và được ví như siêu phẩm dẫn bước trong công nghệ màn hình gập của smartphone.
Dù đi sau khá nhiều cái tên đình đám trong giới smartphone màn hình gập nhưng những cải tiến trong thiết kế và công nghệ của Honor Magic V2 vẫn khiến nhiều người hâm mộ công nghệ phải trầm trồ. Đây cũng là một trong số những lý do làm nên sự thành công cho màn chào sân của Honor Magic V2.
Giá khởi điểm của Honor Magic V2 là bao nhiêu?
Honor Magic V2 đã được trình làng tại thị trường Trung Quốc với thành công vang dội hứa hẹn tương lai tươi sáng. Những chiếc điện thoại này không chỉ nhận được đánh giá tích cực bởi chất lượng khủng mà còn gây ấn tượng bởi mức giá cực hợp lý.
Hiện nay, Honor Magic V2 đang được bày bán với mức giá khởi điểm tại thị trường Trung Quốc là 8.999 Nhân dân tệ (tương đương khoảng gần 30 triệu Việt Nam Đồng). Đây là mức giá được cho là khá hợp lý với những tính năng và trải nghiệm thú vị mà Honor Magic V2 mang đến
Mua Honor Magic V2 chính hãng giá rẻ tại CellphoneS
Ngay từ khi ra mắt những chiếc Honor Magic V2 đã gây bùng nổ truyền thông và trở thành những item hot hit bậc nhất trên thị trường. Để sở hữu những chiếc điện thoại gập ấn tượng đến từ Honor này hãy đến ngay các cửa hàng CellphoneS nhé.","{""Màn hình"": [{""name"": ""Công nghệ màn hình"", ""value"": ""OLED""}, {""name"": ""Tính năng màn hình"", ""value"": ""Màn hình chính: 7.92 inch\nMàn hình phụ rộng: 6.43 inch, tần số quét 120 Hz.""}], ""Camera sau"": [{""name"": ""Camera sau"", ""value"": ""Camera chính 50 MP + góc siêu rộng 50 MP + tele 20 MP""}], ""Camera trước"": [{""name"": ""Camera trước"", ""value"": ""16 MP""}], ""Vi xử lý & đồ họa"": [{""name"": ""Chipset"", ""value"": ""Snapdragon 8 Gen 2""}], ""Giao tiếp & kết nối"": [{""name"": ""Công nghệ NFC"", ""value"": ""Có""}, {""name"": ""Jack tai nghe 3.5"", ""value"": ""Có""}, {""name"": ""Hỗ trợ mạng"", ""value"": ""5G""}], ""RAM & lưu trữ"": [{""name"": ""Dung lượng RAM"", ""value"": ""16 GB""}, {""name"": ""Bộ nhớ trong"", ""value"": ""256 GB""}], ""Pin & công nghệ sạc"": [{""name"": ""Pin"", ""value"": ""5.000 mAh""}, {""name"": ""Công nghệ sạc"", ""value"": ""Công suất 66 W""}, {""name"": ""Cổng sạc"", ""value"": ""USB Type-C""}], ""Tính năng khác"": [{""name"": ""Hệ điều hành"", ""value"": ""Android 13""}], ""Kích thước & Trọng lượng"": [{""name"": ""Kích thước"", ""value"": ""Dày 4.7 mm""}, {""name"": ""Trọng lượng"", ""value"": ""231 g""}]}","[""https://cdn2.cellphones.com.vn/x/media/catalog/product/h/o/honor-magic-v2_1.png"", ""https://cdn2.cellphones.com.vn/x/media/catalog/product/h/o/honor-magic-v2_1_.png"", ""https://cdn2.cellphones.com.vn/x/media/catalog/product/h/o/honor-magic-v2_3_.png""]",{}
Honor X5 Plus,honor-x5-plus,N/A,N/A,"Honor X5 Plus được đánh giá khá tốt về hiệu năng khi được trang bị chipset ổn định Helio G36 cùng khả năng hiển thị sắc nét trên tấm nền LCD hiện đại. Kèm theo đó là hệ thống camera tân tiến với độ phân giải đạt tới 50MP, nâng tầm trải nghiệm nhiếp ảnh. Đặc biệt, thông số pin trên máy cũng khá ấn tượng với 5200mAh, đem lại trải nghiệm mượt mà suốt ngày dài cho người sử dụng.
Nội dung chính
1. Điện thoại Honor X5 Plus - Cấu hình ổn định, hiển thị sống động
1.1. Xử lý mượt mà mọi tác vụ với chipset Helio G36 ổn định
1.2. Quay phim, ghi hình mượt mà hơn với ống kính 50MP thế hệ mới
1.3. Thoải mái làm việc, giải trí suốt ngày dài với viên pin cỡ lớn
1.4. Tấm nền LCD cho khả năng hiển thị cực sống động
1.5. Kiểu dáng gọn nhẹ, sang trọng, nằm gọn trong lòng bàn tay
2. Điện thoại Honor X5 Plus khi nào ra mắt?
3. Điện thoại Honor X5 Plus giá bao nhiêu?
4. Mua điện thoại Honor X5 Plus chính hãng, giá ưu đãi tại CellphoneS
Điện thoại Honor X5 Plus - Cấu hình ổn định, hiển thị sống động
Điện thoại Honor X5 Plus có lẽ là ấn phẩm smartphone được đánh giá cao nhất trong phân khúc giá tầm trung ở thời điểm hiện tại. Nhờ sở hữu nhiều ưu điểm ấn tượng trong thông số kỹ thuật như cấu hình ổn định, hiển thị mượt mà cùng khả năng quay chụp sắc nét, Honor X5 Plus hứa hẹn cung cấp cho người dùng những trải nghiệm làm việc, giải trí tuyệt vời nhất. Dưới này là một vài điểm nhấn của Honor X5 Plus mà bạn có thể tham khảo thêm nhé!
Xử lý mượt mà mọi tác vụ với chipset Helio G36 ổn định
Honor X5 Plus khá tự tin so với những đối thủ cùng tầm giá khi sở hữu cấu hình ổn định với vi con chip MediaTek Helio G36 cùng 8 lõi xử lý giúp tối ưu hiệu suất đa nhiệm và xử lý đa phương tiện của người dùng. 
Đi kèm với thông số hiệu năng này là GPU IMG GE8320 tích hợp. Nó không chỉ đảm bảo khả năng chơi game mượt mà, mà còn cung cấp trải nghiệm hình ảnh tuyệt vời trên màn hình. Thông qua cấu hình này, Honor X5 Plus hứa hẹn đáp ứng tốt mọi nhu cầu sử dụng hàng ngày và giải trí đa phương tiện của người sử dụng.
Quay phim, ghi hình mượt mà hơn với ống kính 50MP thế hệ mới
Về khả năng quay chụp, Honor X5 Plus có thể đáp ứng được hầu hết các yêu cầu trong mọi lĩnh vực nhiếp ảnh của người dùng. Cụ thể, với độ rõ nét lên tới 50MP của cụm camera sau, Honor thế hệ X5 Plus sẽ mang đến những bức ảnh tuyệt đẹp, màu sắc rực rỡ.
Bên cạnh đó, ấn phẩm công nghệ này của Honor còn được tích hợp nhiều chế độ chụp như chụp chân dung, bokeh, time-lapse, HDR photo, cho phép người dùng thể hiện sự sáng tạo của mình qua từng bức ảnh và video chất lượng cao.
Thoải mái làm việc, giải trí suốt ngày dài với viên pin cỡ lớn
Với viên dung lượng pin lên đến 5200mAh, Honor X5 Plus hứa hẹn mang đến thời gian sử dụng đáng kinh ngạc, duy trì hoạt động ổn định trong suốt ngày dài. Đây là dòng pin Lithium Polymer đã được tối ưu hoá hiệu suất để mang tới trải nghiệm sử dụng điện thoại bền bỉ và cố định trong thời gian dài.
Đồng thời, bộ sạc tiêu chuẩn 5V/ 2A đi kèm với máy cũng giúp bạn nạp lại năng lượng nhanh chóng, đảm bảo rằng bạn luôn sẵn sàng cho những nhiệm vụ cần thiết mà không phải lo lắng về việc hết pin nữa rồi nhé!
Tấm nền LCD cho khả năng hiển thị cực sống động
Màn hình TFT LCD 6.56 inch của Honor X5 Plus đã được thiết kế đặc biệt để mang lại trải nghiệm hiển thị tối ưu cho người dùng. Cụ thể, với kích thước ấn tượng cùng khả năng hiển thị lên tới 16.7 triệu màu, mọi trải nghiệm đồ hoạ của người dùng trên Honor bản X5 Plus luôn cực kỳ sống động và tinh tế trong từng chi tiết. 
Đặc biệt, tốc độ làm mới trên máy cũng đạt tới 90Hz, thể hiện cam kết của Honor trong việc cung cấp hiệu suất mượt mà. Qua đó, nó mang lại sự nhạy bén và mượt mà trong từng thao tác vuốt chạm của người dùng.
Kiểu dáng gọn nhẹ, sang trọng, nằm gọn trong lòng bàn tay
Sở hữu sự gọn nhẹ trong thiết kế với các thông số bên ngoài lần lượt là 163.32 x 75.07 x 8.35mm, Honor X5 Plus dễ dàng thu hút được sự chú ý của người sử dụng ngay từ ánh nhìn đầu tiên. Cùng với trọng lượng chỉ 188 gram, bạn có thể dễ dàng cầm nắm và sử dụng điện thoại trong nhiều giờ mà không hề cảm thấy tê mỏi cổ tay nhé!
Thông qua ưu điểm về tạo hình mỏng nhẹ này, Honor thế hệ X5 Plus không chỉ được đánh giá cao về tổng thể thẩm mỹ mà còn tăng cường trải nghiệm người dùng, đem lại sự tiện dụng và thoải mái trong quá trình sử dụng hàng ngày.
Điện thoại Honor X5 Plus khi nào ra mắt?
Hiện tại, ấn phẩm công nghệ tiên tiến này của nhà Honor vẫn chưa được ấn định ngày ra mắt chính thức. Tuy nhiên thì tất cả người dùng đều tin rằng Honor X5 Plus sẽ sớm có mặt trên thị trường trong vòng 1 - 2 tháng tới đây. 
Trong lần ra mắt thị trường tới đây, Honor X5 Plus sẽ được bao gồm 2 phiên bản màu sắc cực đẹp mắt là Cyan Lake và Midnight Black. Cả hai tuỳ chọn màu đặc biệt này đều được đánh giá cao về độ sang trọng, góp phần tô điểm thêm cho X5 Plus sự thanh lịch và tinh tế trong từng chi tiết máy.
Điện thoại Honor X5 Plus giá bao nhiêu?
Tương tự như ngày ra mắt, các thông tin về mức giá của Honor X5 Plus vẫn chưa được hãng tiết lộ ra thị trường. Nhưng với mức giá thành chỉ khoảng 2 triệu VNĐ cho phiên bản tiêu chuẩn đã được ra mắt trước đó thì nhiều người dự đoán là giá này của Honor X5 Plus sẽ dao động trong tầm giá từ 3 - 4 triệu VNĐ.
Với những ưu điểm ấn tượng về mặt thông số kỹ thuật thì mức giá này của Honor thế hệ X5 Plus thực sự là không thể hấp dẫn hơn được nữa. Người dùng có thể ngay lập tức “chốt đơn” ấn phẩm smartphone này của nhà Honor mà không cần phải nghĩ ngợi gì quá nhiều nhé!
Mua điện thoại Honor X5 Plus chính hãng, giá ưu đãi tại CellphoneS
Hiện tại, cửa hàng CellphoneS đang là điểm đến mua sắm đồ công nghệ uy tín hàng đầu thị trường được nhiều người dùng Việt tìm tới khi muốn sở hữu các dòng smartphone đời mới. Do đó, nếu bạn đang tìm kiếm địa chỉ mua sắm Honor X5 Plus chính hãng, giá tốt thì CellphoneS sẽ là gợi ý không nên bỏ qua. Liên hệ tới cửa hàng qua hotline 1800 2097 để nhận thêm thông tin và được hỗ trợ đặt mua hàng ngay bạn nhé!","{""Màn hình"": [{""name"": ""Kích thước màn hình"", ""value"": ""6.56 inches""}, {""name"": ""Công nghệ màn hình"", ""value"": ""TFT LCD""}, {""name"": ""Độ phân giải màn hình"", ""value"": ""720 x 1612 (HD+)""}, {""name"": ""Tính năng màn hình"", ""value"": ""Tần số quét 90Hz\n16.7 triệu màu""}], ""Camera sau"": [{""name"": ""Camera sau"", ""value"": ""Camera chính: 50 MP, f/1.8\nCamera đo độ sâu: f/2.4""}, {""name"": ""Quay video"", ""value"": ""1920 x 1080 pixels""}, {""name"": ""Tính năng camera"", ""value"": ""Chân dung, Tua nhanh thời gian, Ảnh HDR, Chụp nụ cười, Toàn cảnh, Ảnh HDR""}], ""Camera trước"": [{""name"": ""Camera trước"", ""value"": ""5 MP, f/2.2""}, {""name"": ""Quay video trước"", ""value"": ""1080 x1920 pixels""}], ""Vi xử lý & đồ họa"": [{""name"": ""Chipset"", ""value"": ""MediaTek Helio G36""}, {""name"": ""GPU"", ""value"": ""IMG GE8320""}], ""Giao tiếp & kết nối"": [{""name"": ""Công nghệ NFC"", ""value"": ""Có""}, {""name"": ""Thẻ SIM"", ""value"": ""2 SIM (Nano-SIM)""}, {""name"": ""Jack tai nghe 3.5"", ""value"": ""Có""}, {""name"": ""Hỗ trợ mạng"", ""value"": ""4G""}, {""name"": ""GPS"", ""value"": ""GPS/AGPS/GLONASS/BeiDou/Galileo""}], ""RAM & lưu trữ"": [{""name"": ""Dung lượng RAM"", ""value"": ""4 GB""}, {""name"": ""Bộ nhớ trong"", ""value"": ""64 GB""}, {""name"": ""Khe cắm thẻ nhớ"", ""value"": ""MicroSD""}], ""Pin & công nghệ sạc"": [{""name"": ""Pin"", ""value"": ""5200 mAh""}, {""name"": ""Công nghệ sạc"", ""value"": ""Sạc 5V/2A""}, {""name"": ""Cổng sạc"", ""value"": ""USB Type-C""}], ""Tính năng khác"": [{""name"": ""Hệ điều hành"", ""value"": ""Android 13""}], ""Bộ xử lý & Đồ họa"": [{""name"": ""Loại CPU"", ""value"": ""4*Cortex-A53 up to 2.2Ghz+4*Cortex-A53 up to 1.6Ghz""}], ""Kích thước & Trọng lượng"": [{""name"": ""Kích thước"", ""value"": ""163.32 x 75.07 x 8.35 mm""}, {""name"": ""Trọng lượng"", ""value"": ""188g""}], ""Tiện ích khác"": [{""name"": ""Các loại cảm biến"", ""value"": ""Cảm biến tiệm cận, Cảm biến ánh sáng, Cảm biến trọng lực""}], ""Cổng kết nối"": [{""name"": ""Wi-Fi"", ""value"": ""802.11 a/b/g/n/ac""}, {""name"": ""Bluetooth"", ""value"": ""v5.1""}]}","[""https://cdn2.cellphones.com.vn/x/media/catalog/product/h/o/honor-x5-plus_3_.png"", ""https://cdn2.cellphones.com.vn/x/media/catalog/product/h/o/honor-x5-plus_1_.png"", ""https://cdn2.cellphones.com.vn/x/media/catalog/product/h/o/honor-x5-plus.png""]",{}
Honor 200,dien-thoai-honor-200,N/A,N/A,"Đặc điểm nổi bật của Honor 200
Honor 200 sở hữu con chip Snapdragon 7 Gen 3 cùng 8GB RAM và 256 GB ROM để luôn phục vụ tốt mọi nhu cầu giải trí, công việc của người dùng. Mẫu điện thoại tầm trung của Honor còn mang tới chất lượng hiển thị sống động, sắc nét khi sở hữu màn hình AMOLED 120Hz tần số cao và độ phân giải FHD+. Với dung lượng 5200mAh, điện thoại Honor này sẽ luôn đảm bảo khả năng hoạt động bền bỉ cho các tác vụ hỗn hợp.
Nội dung chính
1. So sánh Honor 200 vs Samsung M55 5G 12GB 256GB
2. Điện thoại Honor 200 - Hiệu năng ổn định, hiển thị sắc nét
2.1. Hiệu năng Honor 200 ổn định với chip Snapdragon 7 Gen 3
2.2. Honor 200 quay chụp sắc nét với hệ thống camera chất lượng
2.3. Hoạt động bền bỉ, hỗ trợ sạc siêu nhanh 100W
2.4. Hiển thị sắc nét, sống động với màn hình FHD+ 6.7 inch
2.5. Thiết kế trẻ trung, sang trọng, nổi bật với cụm camera khác lạ
3. Điện thoại Honor 200 ra mắt khi nào?
4. Giá bán điện thoại Honor 200 bao nhiêu?
5. Mua điện thoại Honor 200 giá tốt tại CellphoneS
So sánh Honor 200 vs Samsung M55 5G 12GB 256GB
Khi đứng trước sự lựa chọn giữa hai mẫu điện thoại hàng đầu, Honor 200 và Samsung M55 5G với cấu hình 12GB RAM và 256GB bộ nhớ trong, việc hiểu rõ sự khác biệt giữa chúng là điều cần thiết. Xem ngay bảng so sánh chi tiết sau để tìm ra lựa chọn phù hợp nhất với nhu cầu của bạn.
Thông số
Honor 200
Samsung M55 5G 12GB 256GB
Màn hình 
6.7 inch AMOLED
6.7 inch Super AMOLED Plus
Tần số quét
120Hz
120Hz
Độ phân giải
FHD+
HD+ 
Màu sắc
Trắng, Xanh, Hồng, Đen
Xanh lá, Đen
Chip
Snapdragon 7 Gen 3
Qualcomm Snapdragon 7 Gen 1
RAM
8GB
12GB
Bộ nhớ trong
256GB
256GB
Camera sau
50MP + 50MP + 12MP
50 MP + 8 MP + 2 MP
Camera trước
50MP
50MP
Dung lượng pin
5200mAh
5000mAh
Trọng lượng
187 g
180
Qua bảng trên có thể thấy tuy Honor vượt trội hơn Samsung M55 về chip, nhưng sản phẩm từ Samsung vẫn sở hữu RAM dung lượng lớn 12GB, màn hình tấm nền Super AMOLED Plus và giá mềm hơn.
Điện thoại Honor 200 - Hiệu năng ổn định, hiển thị sắc nét
Honor 200 được trang bị cấu hình ổn định để luôn có thể đáp ứng tốt mọi nhu cầu trong giải trí, công việc của người dùng. Đi kèm hiệu năng ổn định là chất lượng hiển thị ấn tượng cùng thời lượng hoạt động bền bỉ để đảm bảo trải nghiệm sử dụng Honor 200 của người dùng luôn trọn vẹn nhất.
Hiệu năng Honor 200 ổn định với chip Snapdragon 7 Gen 3
Điện thoại Honor 200 được trang bị con chip tầm trung, cận cao cấp Snapdragon 7 Gen 3. Với tốc độ ép xung tối đa 2.63GHz, bộ vi xử lý thuộc dòng Snapdragon 7 Gen Series này sẽ luôn đảm bảo tốc độ xử lý nhanh chóng cho mọi hoạt động trên Honor 200. Không chỉ tốc độ xử lý mà khả năng AI của Honor 200 cũng được cải thiện đáng kể nhờ bộ vi xử lý Snapdragon 7 Gen 3.
Honor Magic V5 phiên bản màn hình gập mới nhất, dự kiến chính thức lên kệ vào tháng 10/2025 sắp tới, được trang bị chip Snapdragon 8 Elite mạnh mẽ, cho khả năng xử lý tác vụ mượt mà và ổn định.
Honor còn trang bị cho mẫu điện thoại này 8GB RAM để các tác vụ đa nhiệm luôn diễn ra mượt mà. Với bộ nhớ 256GB, người dùng sẽ luôn có được không gian lưu trữ phù hợp với nhu cầu quay, chụp, cài đặt ứng dụng, sao lưu tập tin. Với cấu hình trên, tổng điểm Antutu V10 của Honor 200 đạt 865.000 để có được hiệu năng vượt trội hơn tới 87% các mẫu điện thoại hiện có trên thị trường.
Honor 200 quay chụp sắc nét với hệ thống camera chất lượng
Dù là sản phẩm điện thoại tầm trung, cận cao cấp nhưng Honor 200 vẫn sở hữu hệ thống camera không hề kém cạnh so với các sản phẩm cao cấp. Ống kính chính 50MP của Honor 200, ống kính tele 50MP với khả năng zoom quang học ở mức 2.5x và ống kính góc siêu rộng 12MP.
Honor còn hợp tác với studio nhiếp ảnh Harcourt để tạo ra chế độ chụp chân dung mới. Với chế độ chụp chân dung Harcourt, Honor 200 sẽ có khả năng tự động điều chỉnh độ phơi sáng, ánh sáng, bóng tối, các tông màu thông qua AI để mô phỏng ánh sáng của studio chuyên nghiệp. Về camera trước, Honor trang bị cho chiếc điện thoại của mình ống kính selfie với độ phân giải 50MP để luôn mang tới chất lượng hình ảnh, quay video chất lượng.
Hoạt động bền bỉ, hỗ trợ sạc siêu nhanh 100W
Điện thoại Honor 200 sở hữu viên pin có mức năng lượng cao hơn thông thường. Tuỳ vào mục đích sử dụng mà viên pin 5200mAh của Honor 200 có thể hoạt động tối đa tới 18 tiếng chỉ với duy nhất một lần sạc. Tuy không được trang bị công nghệ sạc nhanh không dây nhưng Honor 200 vẫn sở hữu khả năng sạc siêu tốc với mức công suất 100W.
Hiển thị sắc nét, sống động với màn hình FHD+ 6.7 inch
Chất lượng hiển thị là điểm được đánh giá cao trên thế hệ điện thoại tầm trung, cận cao cấp mới nhất của Honor. Cụ thể, điện thoại Honor 200 được trang bị một màn hình AMOLED cong 4 cạnh để có thể tái tạo tới hơn 1.07 tỷ màu sắc. Màn hình Honor 200 còn có độ phân giải FHD+, ở mức 2664 x 1200 pixels để mọi chi tiết được hiển thị sắc nét trên kích thước 6.7 inch.
Với tần số quét 120Hz và khả năng điều chỉnh độ sáng PWM tần số cao, ở mức 3840Hz, mọi thao tác chạm, vuốt cũng như các chuyển động trong từng khung hình Honor 200 sẽ luôn có sự mượt mà, uyển chuyển. Màn hình AMOLED của Honor 200 còn có độ sáng cục bộ tối đa ở mức 4000 nits để thoải mái sử dụng kể cả khi ở ngoài trời nắng gắt.
Thiết kế trẻ trung, sang trọng, nổi bật với cụm camera khác lạ
Với 4 phiên bản màu sắc trung tính, điện thoại Honor 200 sở hữu một vẻ ngoài tối giản, trẻ trung để phù hợp với mọi độ tuổi và giới tính. Honor cũng không quên mang thêm nét sang trọng lên mẫu điện thoại của mình với phần khung viền vuông vức, bo cong ở 4 góc cạnh và mặt lưng được lấy cảm hứng từ vân đá, sóng nước,...
Cụm camera sau của Honor 200 được thiết kế khác biệt để tạo điểm nhấn cho một tổng thể tối giản. Hệ thống camera được đặt trong một module hình bầu dục thay vì dạng hình vuông, hình chữ nhật hay hình chữ D như trên phiên bản tiền nhiệm. Module dạng hình bầu dục tối màu này sẽ đồng thời tạo nên sự cân đối với bố cục sáng màu để không gây mất cân bằng trong thiết kế tổng thể.
Xem thêm điện thoại Honor 200 Pro với màn hình rộng 6.7 inch, viên pin 5200 mAh thỏa sức dùng cả ngày. Đồng thời, dung lượng lưu trữ của Honor 200 Pro đạt 12GB-256GB, cho khả năng lưu trữ đáng kể.
Điện thoại Honor 200 ra mắt khi nào?
Điện thoại Honor 200 là một trong hai sản phẩm thuộc dòng Honor 200 Series, được thương hiệu điện thoại tới từ Trung Quốc ra mắt chính thức tại Việt Nam vào ngày 01/09/2024 vừa qua. Trong sự kiện này, Honor đã giới thiệu tổng cộng 4 tuỳ chọn màu sắc cho mẫu điện thoại tầm trung, cận cao cấp này bao gồm: Trắng ánh trăng, Hồng san hô, Đen nhung và Xanh hào quang.
Sản phẩm sẽ có mặt tại thị trường Việt Nam sớm nhất vào cuối tháng 6, đầu tháng 7 năm 2024 thông qua các cửa hàng thuộc hệ thống CellphoneS. Bạn có thể để lại thông tin liên hệ để có thể cập nhật sớm nhất về giá, thời điểm ra mắt, ưu đãi,... liên quan tới sản phẩm Honor 200.
Giá bán điện thoại Honor 200 bao nhiêu?
Ngoài 4 tùy chọn về màu sắc, điện thoại Honor 200 còn có thêm 4 tùy chọn về RAM và dung lượng bộ nhớ để người dùng lựa chọn bao gồm:
- Phiên bản 12GB RAM + 256GB dung lượng bộ nhớ có giá khoảng 9,5 triệu đồng
- Phiên bản 12GB RAM + 512GB dung lượng bộ nhớ có giá khoảng 10,6 triệu đồng
- Phiên bản 16GB RAM + 256GB dung lượng bộ nhớ có giá khoảng 10,6 triệu đồng
- Phiên bản 16GB RAM + 512GB dung lượng bộ nhớ có giá khoảng 11,3 triệu đồng
  Với hiệu năng ổn định, khả năng ứng dụng AI vượt trội, màn hình hiển thị sống động, hệ thống camera chất lượng, Honor 200 sẽ là lựa chọn không thể bỏ qua trong tầm giá khoảng 10 - 11 triệu đồng nếu so sánh với các sản phẩm như vivo V30E, iPhone 11, Xiaomi 13T, Samsung A53,...
Mua điện thoại Honor 200 giá tốt tại CellphoneS
Điện thoại Honor 200 sẽ sớm được mở bán chính hãng tại các cửa hàng CellphoneS trên cả nước để bạn có thể tới, trải nghiệm trực tiếp ở khu vực demo và lựa chọn được phiên bản phù hợp. Đi kèm mẫu điện thoại tầm trung, cận cao cấp của Honor là rất nhiều chương trình giảm giá, quà tặng hấp dẫn, chính sách trả góp không lãi suất, chiết khấu Smember,... để người dùng sở hữu chiếc Honor 200 với giá cực ưu đãi.","{""Màn hình"": [{""name"": ""Kích thước màn hình"", ""value"": ""6.7 inches""}, {""name"": ""Công nghệ màn hình"", ""value"": ""OLED""}, {""name"": ""Tính năng màn hình"", ""value"": ""Tần số quét 120Hz""}], ""Camera sau"": [{""name"": ""Camera sau"", ""value"": ""Cảm biến IMX906 kích thước 1/1.56 inch với khẩu độ f/1.95 và cũng hỗ trợ OIS\nCamera telephoto 50MP với khả năng zoom quang học 2.5x, khẩu độ f/2.4 và hỗ trợ OIS\nỐng kính siêu rộng 12MP""}], ""Camera trước"": [{""name"": ""Camera trước"", ""value"": ""50MP""}], ""Vi xử lý & đồ họa"": [{""name"": ""Chipset"", ""value"": ""Snapdragon 7 Gen 3""}], ""Giao tiếp & kết nối"": [{""name"": ""Công nghệ NFC"", ""value"": ""Có""}, {""name"": ""Thẻ SIM"", ""value"": ""2 Nano-SIM""}], ""RAM & lưu trữ"": [{""name"": ""Dung lượng RAM"", ""value"": ""12 GB""}, {""name"": ""Bộ nhớ trong"", ""value"": ""256 GB""}], ""Pin & công nghệ sạc"": [{""name"": ""Pin"", ""value"": ""5200 mAh""}, {""name"": ""Cổng sạc"", ""value"": ""USB Type-C""}], ""Tính năng khác"": [{""name"": ""Hệ điều hành"", ""value"": ""Android 14""}], ""Tiện ích khác"": [{""name"": ""Các loại cảm biến"", ""value"": ""Cảm biến gia tốc, Cảm biến ánh sáng, Cảm biến áp kế""}], ""Cổng kết nối"": [{""name"": ""Wi-Fi"", ""value"": ""Wi-Fi 802.11 a/b/g/n/ac/ax""}, {""name"": ""Bluetooth"", ""value"": ""v5.3""}]}","[""https://cdn2.cellphones.com.vn/x/media/catalog/product/d/i/dien-thoai-honor-200_2_.png"", ""https://cdn2.cellphones.com.vn/x/media/catalog/product/d/i/dien-thoai-honor-200_1_.png"", ""https://cdn2.cellphones.com.vn/x/media/catalog/product/d/i/dien-thoai-honor-200_3_.png""]",{}
Honor Play 30,honor-play-30,N/A,N/A,"Honor Play 30  có màn hình 6.5 inch, tốc độ làm mới lên đến 60Hz, cụm camera sắc nét lên đến 13MP chụp hình trong bóng tối có trợ sáng bằng flash. Hiệu năng của máy mạnh mẽ với con chipset Snapdragon 480+, bộ nhớ 8GB+128GB, có thể lưu trữ nhiều tài liệu hay game nặng ký khác nhau về máy.
Nội dung chính
1. Honor Play 30 – Thiết kế sang trọng, cấu hình ấn tượng
1.1. Thiết kế sang trọng, hiện đại
1.2. Cụm camera rõ ràng, sống động
1.3. Cấu hình ấn tượng
2. Honor Play 30 có giá bao nhiêu?
3. Điện thoại Honor Play 30 ra mắt khi nào?
4. Mua Honor Play 30 giá tốt tại CellphoneS
Honor Play 30 – Thiết kế sang trọng, cấu hình ấn tượng
Honor Play 30 được nhiều khách hàng quan tâm về thông tin tính năng và thiết kế của sản phẩm, bởi sự thành công của bản tiền nhiệm tạo bước đệm cho sự trở lại đầy hứa hẹn của Honor Play 30 lần này.
Thiết kế sang trọng, hiện đại
Honor Play 30 có thiết kế hiện đại, màu sắc sang trọng, phù hợp với nhiều người dùng khác nhau. Với viền màn hình mỏng nhẹ, mặt lưng bóng loáng, có cụm camera bố trí logic, các chi tiết nhỏ được hoàn thiện tỉ mỉ mới được tung ra trên thị trường. Quy trình sản xuất cũng qua một dây chuyền công nghệ hiện đại, chất liệu của sản phẩm được làm từ vật liệu cao cấp, có thể tăng độ bền bỉ nên có thể an tâm khi sử dụng.
Màn hình của Honor Play 30 có kích thước màn hình 6.5 inch, tạo khung hình rộng hơn tăng trải nghiệm khi dùng. Máy còn có tốc độ làm mới nhanh chóng đến 60Hz, không xảy ra tình trạng chớp nháy khi sử dụng liên tục trong khoản thời gian dài. Ở phần lưng sản phẩm còn có tên thương hiệu càng tạo đẳng cấp riêng của người dùng.
Cụm camera rõ ràng, sống động
Honor Play 30 còn được đánh giá cao nhờ camera sau 13MP, có hỗ trợ ánh sáng thông qua đèn flash, rõ ràng trong bóng tối. Hình ảnh ghi lại sẽ sắc nét, không lo bị vỡ ảnh, với video quay lại mượt mà và chỉ cần vài chạm trên màn hình.
Bên cạnh đó, với camera selfie có chế độ làm mịn da, người dùng có thể tự tin hơn với mặt mộc, còn nếu muốn chỉnh sửa có thể thông qua bộ lọc trên máy để chỉnh sửa theo ý muốn, không cần thông qua nhiều ứng dụng khác nhau để tạo bức ảnh hoàn hảo như trước đây.
Cấu hình ấn tượng
Người dùng sẽ bất ngờ với dung lượng pin của sản phẩm lên đến 5.000 mAh, có thể sử dụng chiến game, xem phim cùng người thân cả ngày. Khi pin gần cạn có thể nạp đầy nhanh chóng nhờ củ sạc nhanh đi kèm 10W. Sản phẩm trang bị con chip set mạnh mẽ Snapdragon 480+, tạo sự ổn định, mượt mà.
Bộ nhớ của Honor Play 30 là 8GB+128GB giúp tải ứng dụng hot nhất hiện nay hay game sinh tồn nặng ký về máy. Âm thanh của điện thoại chân thực, rõ đến từng nhịp bass hay trống trong bài hát, kết hợp với hình ảnh sống động khi hiển thị làm tăng thêm hiệu ứng bùng nổ, gay cấn khi sử dụng xem phim hành động.
Honor Play 30 có giá bao nhiêu?
Honor Play 30 đã có giá chính thức từ nhà sản xuất, theo một số thông tin trên các bài báo lớn được biết điện thoại khi ra mắt trên thị trường sản phẩm có giá 4.500.000 VNĐ, thuộc phân khúc tầm trung, người dùng sẽ dễ dàng tiếp cận sử dụng mà không sợ giá cao. Với những gì mà điện thoại mang lại cho khách hàng, chắc chắn sẽ không làm họ thất vọng khi sử dụng để phục vụ các nhu cầu cá nhân khác nhau của bản thân.
Điện thoại Honor Play 30 ra mắt khi nào?
Honor Play 30 ra mắt vào giữa năm nay, cụ thể là tháng 5/2022, với những tính năng nổi trội, sản phẩm đã chinh phục được nhiều người dùng muốn mua sản phẩm giá rẻ nhưng yêu cầu nhiều vào sản phẩm. Sản phẩm được nhiều người tiêu dùng đặt hàng trước khi ra mắt sản phẩm trên thị trường cho thấy được sự quan tâm từ phía khách hàng đối với sản phẩm này.
Một số đối thủ cạnh tranh với Honor Play 30 như: Xiaomi Redmi Note 11 Pro, POCO X4 GT, Samsung Galaxy A33 (5G),…
Mua Honor Play 30 giá tốt tại CellphoneS
Mua Honor Play 30 có bán tại các cửa hàng của CellphoneS, hàng chính hãng, nhân viên có thái độ phục vụ chuyên nghiệp. Người dùng nếu có các câu hỏi về sản phẩm cần giải đáp có thể nhắn trên trang web của cửa hàng sẽ được nhân viên giải đáp trong thời gian sớm nhất có thể.","{""Màn hình"": [{""name"": ""Kích thước màn hình"", ""value"": ""6.5 inches""}, {""name"": ""Công nghệ màn hình"", ""value"": ""TFT LCD""}, {""name"": ""Độ phân giải màn hình"", ""value"": ""720 x 1600 pixel""}, {""name"": ""Tính năng màn hình"", ""value"": ""Màn hình Aluminosilicate glass\nTần số quét 90 Hz""}, {""name"": ""Tần số quét"", ""value"": ""90Hz""}, {""name"": ""Kiểu màn hình"", ""value"": ""Giọt nước""}], ""Camera sau"": [{""name"": ""Camera sau"", ""value"": ""Camera góc rộng: 13 MP, f/1.8; AF""}, {""name"": ""Quay video"", ""value"": ""1080p@30fps""}, {""name"": ""Tính năng camera"", ""value"": ""Đèn flash LED\nHDR\nChụp toàn cảnh""}], ""Camera trước"": [{""name"": ""Camera trước"", ""value"": ""Camera góc rộng: 5 MP, f/2.2""}, {""name"": ""Quay video trước"", ""value"": ""1080p@30fps""}], ""Vi xử lý & đồ họa"": [{""name"": ""Chipset"", ""value"": ""Qualcomm SM4350-AC Snapdragon 480+ 5G (8 nm)""}, {""name"": ""GPU"", ""value"": ""Adreno 619""}], ""Giao tiếp & kết nối"": [{""name"": ""Công nghệ NFC"", ""value"": ""Không""}, {""name"": ""Thẻ SIM"", ""value"": ""2 SIM (Nano-SIM)""}, {""name"": ""Jack tai nghe 3.5"", ""value"": ""Có""}, {""name"": ""Hỗ trợ mạng"", ""value"": ""5G""}, {""name"": ""GPS"", ""value"": ""GPS, GLONASS, GALILEO, BDS""}], ""RAM & lưu trữ"": [{""name"": ""Dung lượng RAM"", ""value"": ""4 GB""}, {""name"": ""Bộ nhớ trong"", ""value"": ""128 GB""}, {""name"": ""Khe cắm thẻ nhớ"", ""value"": ""microSDXC (Chia sẻ với khe cắm SIM)""}], ""Pin & công nghệ sạc"": [{""name"": ""Pin"", ""value"": ""Li-Po 5000 mAh (không thể tháo rời)""}, {""name"": ""Cổng sạc"", ""value"": ""USB Type-C""}], ""Tính năng khác"": [{""name"": ""Hệ điều hành"", ""value"": ""Android 11, Magic UI 5.0""}], ""Bộ xử lý & Đồ họa"": [{""name"": ""Loại CPU"", ""value"": ""Octa-core (2x2.2 GHz Kryo 460 & 6x1.9 GHz Kryo 460)""}], ""Kích thước & Trọng lượng"": [{""name"": ""Kích thước"", ""value"": ""163.7 x 75.1 x 8.7 mm""}, {""name"": ""Trọng lượng"", ""value"": ""194 g""}], ""Tiện ích khác"": [{""name"": ""Các loại cảm biến"", ""value"": ""Cảm biến gia tốc, Cảm biến tiệm cận, La bàn""}, {""name"": ""Tính năng đặc biệt"", ""value"": ""Hỗ trợ 5G""}], ""Cổng kết nối"": [{""name"": ""Wi-Fi"", ""value"": ""Wi-Fi 802.11 a/b/g/n/ac, dual-band, Wi-Fi Direct, DLNA""}, {""name"": ""Bluetooth"", ""value"": ""Bluetooth 5.1, A2DP, LE""}]}","[""https://cdn2.cellphones.com.vn/x/media/catalog/product/t/e/text_ng_n_20__1_3.png""]",{}
Honor 90 Lite,honor-90-lite,N/A,N/A,"Honor 90 Lite là chiếc điện thoại có cấu hình mạnh mẽ khi sở hữu MediaTek Dimensity 6020. Với giao diện thông minh MagicOS 7.1 chạy trên hệ điều hành Android 13 mới nhất, mang lại trải nghiệm sử dụng thú vị. Camera với độ phân giải 100MP cho hình ảnh chi tiết hơn, Honor 90 Lite thực sự là lựa chọn đáng cân nhắc.
Nội dung chính
1. Honor 90 Lite - Hiệu năng ổn định, camera chất lượng cao
1.1. Cấu hình mạnh mẽ
1.2. Camera sắc nét
1.3. Dung lượng pin lớn kết hợp sạc nhanh thông minh
1.4. Màn hình hiển thị sắc nét
1.5. Thiết kế sang trọng với ba tông màu
2. Điện thoại Honor 90 Lite ra mắt khi nào?
3. Giá Honor 90 Lite bao nhiêu?
4. Mua ngay điện thoại Honor 90 Lite tại CellphoneS
Honor 90 Lite - Hiệu năng ổn định, camera chất lượng cao
Honor 90 Lite là một trong những tên tuổi đáng chú ý trong thế giới smartphone đã chính thức ra mắt. Sản phẩm điện thoại Honor chính hãng này đem đến một sự kết hợp tuyệt vời giữa cấu hình mạnh mẽ, hiệu năng vượt trội và thiết kế đột phá.
Cấu hình mạnh mẽ
Sức mạnh của bộ vi xử lý MediaTek Dimensity 6020 không chỉ làm cho Honor 90 Lite hoạt động hiệu quả mà còn đẩy mạnh hiệu suất tổng thể. Với kiến trúc đa nhân tiên tiến, bạn có thể xử lý các tác vụ đa nhiệm phức tạp mà không gặp trở ngại. 
Tích hợp hệ điều hành MagicOS 7.1 được tùy chỉnh bởi Honor, cùng với phiên bản Android 13 mới nhất, mang đến một giao diện người dùng thông minh, trực quan và nhiều tính năng độc đáo.
Cấu hình mạnh không thể không nhắc đến điện thoại HONOR Magic V5 màn hình gập. Magic V5 sở hữu con chip Snapdragon 8 Elite được đánh giá là mạnh mẽ dẫn đầu trong phân khúc điện thoại gập.
Camera sắc nét
Với camera chính 100MP, bạn có khả năng bắt gọn mọi khoảnh khắc với độ tinh khiết và chi tiết vượt trội. Dù bạn đang chụp cảnh đẹp hoặc chân dung, camera này sẽ giúp bạn tạo ra những bức ảnh sắc nét và sống động, khiến mỗi chi tiết trở nên rõ ràng.
Ngay cả trong điều kiện ánh sáng yếu, Honor 90 Lite vẫn giữ được độ tinh khiết và chi tiết của ảnh. Điều này cho phép bạn thể hiện sự sáng tạo và khả năng nắm bắt mọi khoảnh khắc, dù là trong buổi tối, đêm muộn hoặc bất kỳ điều kiện ánh sáng khó khăn nào.
Dung lượng pin lớn kết hợp sạc nhanh thông minh
Với viên pin dung lượng 4500mAh Li-ion tích hợp, Honor 90 Lite đem đến khả năng sử dụng suốt cả ngày mà không cần phải lo lắng về việc sạc pin liên tục. Từ việc duyệt web, gọi điện thoại, đến xem video và chơi game, bạn sẽ luôn có đủ năng lượng để thực hiện mọi tác vụ.
Điều tuyệt vời hơn, khả năng sạc nhanh 22.5W của Honor 90 Lite giúp bạn tiết kiệm thời gian đáng kể khi cần sạc lại pin. Chỉ cần một thời gian ngắn, bạn có thể sạc đủ năng lượng cho cả một ngày sử dụng.
Honor 90 nâng cấp hơn với viên pin 5000mAh, sạc nhanh với công suất đến 66W. Honor 90 cho phép nạp đầy pin nhanh chóng, trữ pin sử dụng lâu, đảm bảo thời gian sử dụng trong suốt cả ngày cho các tác vụ cơ bản như xem phim, lướt web,...
Màn hình hiển thị sắc nét
Với màn hình rộng lớn 6.7 inch, Honor 90 Lite mở ra không gian rộng lớn để bạn thỏa sức tận hưởng các hoạt động giải trí. Xem phim, chơi game, hay làm việc trên màn hình này đều trở nên thoải mái và dễ dàng hơn bao giờ hết.
Công nghệ màn hình LTPS LCD trên Honor 90 Lite mang đến độ tương phản cao và màu sắc chân thực. Những hình ảnh được hiển thị trên màn hình sẽ rõ ràng và sống động hơn, khiến bạn cảm nhận được sự sắc nét và chất lượng hình ảnh tối đa.
Thiết kế sang trọng với ba tông màu
Honor 90 Lite không ngừng thể hiện sự đa dạng thông qua lựa chọn màu sắc. Bạn có thể thể hiện phong cách và cá tính của mình qua các phiên bản màu sắc như Cyan Lake, Titanium Silver và Midnight Black.
Với thiết kế tinh tế từng chi tiết, Honor 90 Lite mang lại sự hòa quyện giữa vẻ đẹp và tính thực dụng. Khung viền mỏng tạo nên vẻ thanh thoát và hiện đại, đồng thời tạo cảm giác thoải mái khi cầm nắm.
Điện thoại Honor 90 Lite ra mắt khi nào?
Honor 90 Lite đã chính thức ra mắt vào ngày 6/7, đánh dấu một bước tiến quan trọng trong thế giới smartphone. Đây là một cơ hội tuyệt vời để bạn khám phá sự kết hợp hoàn hảo giữa cấu hình mạnh mẽ, thiết kế đột phá và khả năng chụp ảnh xuất sắc.
Bạn đã có thể đặt mua sản phẩm để có thể trải nghiệm được công nghệ độc đáo này ngay trên tay.
Giá Honor 90 Lite bao nhiêu?
Honor 90 Lite không chỉ gây ấn tượng bởi tính năng và hiệu năng, mà còn bởi mức giá hợp lý của nó. Với giá khởi điểm là 300 euro (khoảng 7.7 triệu đồng), bạn sẽ sở hữu một thiết bị đẳng cấp với cấu hình mạnh mẽ và tính năng đa dạng.
Honor 90 Lite chắc chắn là một sự lựa chọn đáng cân nhắc cho những người muốn sở hữu một chiếc smartphone đẳng cấp. Với mức giá này, sản phẩm sẽ cạnh tranh trực tiếp với các sản phẩm khác như: Samsung Galaxy A34, Xiaomi Redmi Note 12 Pro, realme 11, …
Mua ngay điện thoại Honor 90 Lite tại CellphoneS
Đến ngay CellphoneS để mua ngay điện thoại Honor 90 Lite cấu hình mạnh mẽ, thiết kế tinh tế. Tại CellphoneS, chất lượng sản phẩm luôn được đặt lên hàng đầu. Bạn có thể hoàn toàn yên tâm về việc mua một chiếc điện thoại Honor 90 Lite chính hãng, không phải lo lắng về vấn đề chất lượng hay nguồn gốc sản phẩm.","{""Màn hình"": [{""name"": ""Kích thước màn hình"", ""value"": ""6.7 inches""}, {""name"": ""Độ phân giải màn hình"", ""value"": ""1080 x 2388 pixels""}, {""name"": ""Tính năng màn hình"", ""value"": ""16.7 triệu màu""}], ""Camera sau"": [{""name"": ""Camera sau"", ""value"": ""Camera chính: 100MP, f/1.9\nCamera macro: 2 MP, f/2.4\nCamera góc rộng: 5MP, f/2.2\nCamera đo độ sâu: 5MP, f/2.2""}, {""name"": ""Quay video"", ""value"": ""1920x1080 pixels""}], ""Camera trước"": [{""name"": ""Camera trước"", ""value"": ""16 MP, f/2.45""}, {""name"": ""Quay video trước"", ""value"": ""1920x1080 pixels""}], ""Vi xử lý & đồ họa"": [{""name"": ""Chipset"", ""value"": ""MediaTek Dimensity 6020""}, {""name"": ""GPU"", ""value"": ""Mali-G57 MC2""}], ""Giao tiếp & kết nối"": [{""name"": ""Công nghệ NFC"", ""value"": ""Có""}, {""name"": ""Thẻ SIM"", ""value"": ""2 SIM (Nano-SIM)""}, {""name"": ""Jack tai nghe 3.5"", ""value"": ""Có""}, {""name"": ""Hỗ trợ mạng"", ""value"": ""5G""}, {""name"": ""GPS"", ""value"": ""Support GPS/AGPS/GLONASS/BeiDou/ Galileo""}], ""RAM & lưu trữ"": [{""name"": ""Dung lượng RAM"", ""value"": ""8 GB""}, {""name"": ""Bộ nhớ trong"", ""value"": ""256 GB""}], ""Pin & công nghệ sạc"": [{""name"": ""Pin"", ""value"": ""4500mAh""}, {""name"": ""Công nghệ sạc"", ""value"": ""Sạc nhanh 22.5W""}, {""name"": ""Cổng sạc"", ""value"": ""USB Type-C""}], ""Tính năng khác"": [{""name"": ""Hệ điều hành"", ""value"": ""Android 13""}], ""Bộ xử lý & Đồ họa"": [{""name"": ""Loại CPU"", ""value"": ""2xA76 2.2GHz + 6xA55 2.0Ghz""}], ""Kích thước & Trọng lượng"": [{""name"": ""Kích thước"", ""value"": ""162.9 x 74.5 x 7.48 mm""}, {""name"": ""Trọng lượng"", ""value"": ""179g""}], ""Tiện ích khác"": [{""name"": ""Cảm biến vân tay"", ""value"": ""Cảm biến vân tay cạnh bên""}, {""name"": ""Các loại cảm biến"", ""value"": ""Cảm biến tiệm cận, Cảm biến ánh sáng, La bàn, Cảm biến trọng lực""}], ""Cổng kết nối"": [{""name"": ""Wi-Fi"", ""value"": ""802.11 a/b/g/n/ac""}, {""name"": ""Bluetooth"", ""value"": ""v5.1""}]}","[""https://cdn2.cellphones.com.vn/x/media/catalog/product/h/o/honor-90-lite_3_.png"", ""https://cdn2.cellphones.com.vn/x/media/catalog/product/h/o/honor-90-lite.png"", ""https://cdn2.cellphones.com.vn/x/media/catalog/product/h/o/honor-90-lite_2_.png""]",{}
Honor 80,honor-80,N/A,N/A,"Honor 80 là mẫu điện thoại mới ra mắt của Honor. Đây sẽ là chiếc điện thoại gây được sự chú ý khi chúng sở hữu những thông số khá ấn tượng. Chiếc điện thoại có sở hữu màn hình OLED với vi xử lý Qualcomm Snapdragon 782G cùng RAM 8GB và bộ nhớ trong 256GB. Ngoài ra, một số tính năng về dung lượng pin 4800mAh và chất lượng của camera chắc chắn cũng sẽ mang đến nhiều bất ngờ hơn cho người dùng.
Nội dung chính
1. Honor 80 - Cấu hình và bộ camera ấn tượng
1.1. Màn hình linh hoạt OLED và một cấu hình mạnh mẽ
1.2. Camera cực xịn, điểm nhấn chính của Honor 
1.3. Sự đổi mới trong thiết kế và trang bị thêm sạc nhanh
2. Honor 80 khi nào ra mắt?
3. Honor 80 có giá bao nhiêu?
4.
5. Mua ngay Honor 80 chính hãng tại CellphoneS
Honor 80 - Cấu hình và bộ camera ấn tượng
Honor 80 - bộ sản phẩm điện thoại sắp được tiết lộ trong thời gian sắp tới. Bộ 3 sản phẩm của Honor 80 sẽ bao gồm Honor 80, Honor 80 Pro và Honor 80 Pro+ với những sự trang bị về cấu hình và cụm camera cực xịn. Dự kiến đây cũng sẽ là chiếc điện thoại Honor chiếm nhiều ưu thế khi ra mắt chính thức. 
Màn hình linh hoạt OLED và một cấu hình mạnh mẽ
Theo như thông tin từ hãng, điện thoại Honor 80 sở hữu màn hình OLED. Và đây sẽ là một chiếc điện thoại có các tùy chọn dành cho màn hình hiển thị linh hoạt, cùng khả năng hiểu thị rõ ở các cạnh cong.
Đồng thời, smartphone được trang bị 8GB RAM, bộ nhớ trong 256GB và sở hữu chipset Snapdragon 782G. Nếu như đúng với sự trang bị này thì Honor đã có thể giữ được lời hứa với người dùng về một chiếc điện thoại có cấu hình cực kỳ mạnh mẽ.
Camera cực xịn, điểm nhấn chính của Honor 
Camera được xem như là một điểm nhấn chính của chiếc điện thoại này. Điển hình có thể nhắc đến chính là cảm biến camera chính 160 MP, camera góc siêu rộng 8MP và camera macro 2MP. Với mức khả năng cảm biến camera như hiện tại, Honor được xem như là ông vua của camera dành cho điện thoại. 
Honor Magic V5 được trang bị bộ camera 50MP + 64MP với khả năng chụp ban đêm cực kỳ sắc nét, đảm bảo quay chụp những khung ảnh ấn tượng và đẹp mắt. 
Thêm vào đó, camera trước ứng dụng công nghệ AI có độ phân giải 32MP, hỗ trợ quay video 1080P và ổn định EIS. Không chỉ vậy, tính năng chụp ảnh ban đêm, bộ lọc cùng thuật toán Super RAW HDR 2.0 Như vậy, người dùng sẽ có được những bức ảnh chuyên nghiệp, lung linh. Đồng thời, làn da sẽ được chỉnh sửa tự nhiên, mềm mại và có chiều sâu hơn.
Sự đổi mới trong thiết kế và trang bị thêm sạc nhanh
Chắc hẳn với dòng điện thoại Honor 80, người dùng rất hy vọng về sự đổi với trong thiết kế ngoại hình. Hãng đã chinh phục các tín đồ công nghệ với 4 tone màu thanh lịch, sang trọng khác nhau: Bright Black, Pink Morning Glow, Jade Green và Blue Wave. Tuỳ vào từng sở thích và phong cách khác nhau mà bạn có thể chọn lựa màu sắc phù hợp.
Honor 80 được trang bị thêm về chức năng sạc nhanh cùng dung lượng pin 4800mAh. Tốc độ sạc siêu nhanh cho chiếc điện thoại này lên đến 66W, giúp cho người dùng có thể tiết kiệm được thời gian và tiện lợi hơn trong công việc.
Honor 80 Pro ra mắt cùng lúc với Honor 80 cũng là phiên bản đáng để tham khảo. Điện thoại Honor 80 Pro sở hữu màn hình 6.78 inch, kết hợp với tấm nền AMOLED chất lượng.
Honor 80 khi nào ra mắt?
Vào cuối tháng 11/2022, bộ 3 điện thoại Honor 80, Honor 80 Pro và Honor 80 Pro+ được ra mắt cùng lúc. Và thị trường đón nhận chiếc điện thoại này đầu tiên ở Trung Quốc. Sản phẩm Honor 80 được đánh giá cao bởi thiết kế thanh lịch, sang trọng. Không chỉ vậy, cấu hình vượt trội, màn hình rực rỡ cùng camera  tích hợp nhiều tính năng quay chụp ấn tượng còn hứa hẹn mang đến những trải nghiệm khó quên cho người sử dụng.
Honor 80 có giá bao nhiêu?
Honor 80 có giá bao nhiêu có lẽ là thắc mắc của rất nhiều người dùng công nghệ. Tại thị trường Trung Quốc, sản phẩm của Honor 80 có giá là 2699 tệ (khoảng 9.4 triệu đồng) với bản RAM 8GB + bộ nhớ trong 256GB; 2999NDT (khoảng 10.4 triệu đồng) cho sản phẩm RAM 12GB + bộ nhớ trong 256GB; 3299NDT (khoảng 11.4 triệu đồng) cho bản RAM 12GB + bộ nhớ trong 512GB.
Mua ngay Honor 80 chính hãng tại CellphoneS
Để có thể biết thêm nhiều thông tin về sản phẩm Honor 80 và sở hữu chiếc điện thoại này sớm nhất, bạn đừng bỏ lỡ cơ hội nhận thông tin từ CellphoneS nhé. Ngoài ra, đăng ký tại CellphoneS bạn còn có thể mua điện thoại Honor chính hãng với giá cực kỳ ưu đãi và bảo hành chính hãng.","{""Camera sau"": [{""name"": ""Camera sau"", ""value"": ""200 MP""}], ""Vi xử lý & đồ họa"": [{""name"": ""Chipset"", ""value"": ""Snapdragon 8 Gen 1""}], ""Giao tiếp & kết nối"": [{""name"": ""Công nghệ NFC"", ""value"": ""Có""}], ""RAM & lưu trữ"": [{""name"": ""Dung lượng RAM"", ""value"": ""12 GB""}], ""Pin & công nghệ sạc"": [{""name"": ""Công nghệ sạc"", ""value"": ""Sạc 100W""}]}","[""https://cdn2.cellphones.com.vn/x/media/catalog/product/s/f/sffg_1_.jpg"", ""https://cdn2.cellphones.com.vn/x/media/catalog/product/h/o/honor-80-600x600.jpg"", ""https://cdn2.cellphones.com.vn/x/media/catalog/product/s/f/sffg.jpg""]",{}
HONOR 600 5G 12GB 256GB,dien-thoai-honor-600-12gb-256gb,N/A,N/A,,"{""Màn hình"": [{""name"": ""Kích thước màn hình"", ""value"": ""6.57 inches""}], ""RAM & lưu trữ"": [{""name"": ""Dung lượng RAM"", ""value"": ""12 GB""}, {""name"": ""Bộ nhớ trong"", ""value"": ""256 GB""}], ""Pin & công nghệ sạc"": [{""name"": ""Pin"", ""value"": ""9000mAh""}], ""Giao tiếp & kết nối"": [{""name"": ""Hỗ trợ mạng"", ""value"": ""5G""}]}","[""https://cdn2.cellphones.com.vn/x/media/catalog/product/d/i/dien-thoai-honor-600-pro_1.jpg""]",{}
Honor 70 Lite,honor-70-lite,N/A,N/A,"Honor 70 Lite là một mẫu smartphone mới được ra mắt trên thị trường với thiết kế thu hút, hiện đại cùng với cấu hình ổn định với chipset Qualcomm Snapdragon 480 Plus. Bên cạnh đó, chiếc điện thoại Honor này cũng được trang bị hệ thống camera với cảm biến chính 50MP sắc nét và có mức giá bán khá mềm, đáp ứng được đối tượng khách hàng lớn trên toàn cầu.
Nội dung chính
1. Honor 70 Lite – Thiết kế thanh lịch, mức giá “hạt dẻ” với cấu hình ấn tượng
1.1. Thiết kế đơn giản và tinh tế với những đường nét phóng khoáng, hiện đại
1.2. Màn hình kích thước lớn với công nghệ TFT LCD cho màu sắc chân thực, rực rỡ
1.3. Trải nghiệm hiệu năng ổn định trong phân khúc với Qualcomm Snapdragon 480 Plus
1.4. Chụp ảnh siêu thích với ống kính 50MP sắc nét, hỗ trợ nhiều công nghệ nhiếp ảnh
1.5. Thời lượng pin “trâu” kéo dài cả ngày với viên pin Li-Po 5000mAh bền bỉ, an toàn
2. Thời điểm ra mắt Honor 70 Lite khi nào?
3. Giá bán điện thoại Honor 70 Lite bao nhiêu?
4. Mua ngay Honor 70 Lite chính hãng giá siêu ưu đãi tại CellphoneS
Honor 70 Lite – Thiết kế thanh lịch, mức giá “hạt dẻ” với cấu hình ấn tượng
Những ngày gần đây, Honor đã cho ra mắt mẫu smartphone giá rẻ mang tên Honor 70 Lite và gây ấn tượng với cộng đồng công nghệ. Không chỉ mang thiết kế hiện đại, màn hình kích thước lớn và pin dung lượng “khủng”, giá bán của Honor 70 Lite còn vô cùng “dễ chịu”.
Thiết kế đơn giản và tinh tế với những đường nét phóng khoáng, hiện đại
Thừa hưởng thành công từ thiết kế của X8 5G, Honor 70 Lite cũng mang ngôn ngữ thiết kế tương tự với các đường nét tinh tế, phóng khoáng. Kiểu dáng thanh mảnh cùng với mặt lưng và phần khung được hoàn thiện từ chất liệu nhựa cứng cao cấp mang đến sự bền bỉ cho thiết bị.
Bên cạnh đó, Honor 70 Lite cũng bắt kịp xu hướng khi vẻ ngoài của smartphone khá vuông vắn với viền cắt kim cương thường thấy ở các dòng cao cấp hiện nay. Trọng lượng của Honor 70 Lite cũng khá vừa tay, chỉ 194g mang đến sự thoải mái khi cầm nắm, sử dụng trong thời gian dài.
Màn hình kích thước lớn với công nghệ TFT LCD cho màu sắc chân thực, rực rỡ
Thuộc phân khúc tầm trung giá rẻ tuy nhiên công nghệ màn hình trên Honor 70 Lite vẫn được hãng chú trọng để mang đến những trải nghiệm thích mắt về mặt hình ảnh cho người dùng.
Cụ thể, Honor 70 Lite sở hữu màn hình 6.5 inch với độ phân giải HD+ và được trang bị tấm nền TFT LCD 16.7 triệu màu. Với thông số này, Honor 70 Lite có thể cho hình ảnh hiển thị sắc nét, chân thực và đầy đủ chi tiết, màu sắc đẹp, rực rỡ.
Ngoài ra màn hình với notch giọt nước chứa camera selfie cũng vô cùng trendy. Màn hình Honor 70 Lite cũng có tần số quét 90Hz giúp phản hồi nhanh các thao tác từ người dùng.
Trải nghiệm hiệu năng ổn định trong phân khúc với Qualcomm Snapdragon 480 Plus
Về cấu hình, Honor 70 Lite được trang bị con chip đến từ nhà Qualcomm – Snapdragon 5G Soc và được xây dựng trên tiến trình 8nm. Chipset kết hợp với GPU Adreno 619 cho sức mạnh hiệu năng ổn định ở phân khúc giá rẻ, duy trì hiệu suất hoạt động tốt.
Con chip Snapdragon 480+ còn hỗ trợ công nghệ 5G mới nhất hiện nay, giúp người dùng có thể kết nối với Internet tốc độ cao, thỏa thích lướt web, xem phim, chơi game online mượt mà.
Cùng với đó, Honot 70 Lite cũng sở hữu RAM có dung lượng 4GB cùng bộ nhớ trong 128GB giúp xử lý mượt mà, tốc độ xử lý ổn định. Honor 70 Lite cũng được tích hợp sẵn giao diện Magic UI 6.1 trên nền tảng Android 12, giao diện trực quan, hiện đại, dễ dàng thao tác.
Chụp ảnh siêu thích với ống kính 50MP sắc nét, hỗ trợ nhiều công nghệ nhiếp ảnh
Mặc dù có giá “mềm” nhưng Honor 70 Lite vẫn được trang bị hệ thống camera ấn tượng với cảm biến chính 50MP góc rộng, hỗ trợ PDAF cùng với một camera chiều sâu 2MP và camera macro 2MP (khẩu độ f/2.4).
Bên cạnh đó, các tính năng như đèn flash LED, công nghệ HDR, chế độ chụp Panorama, xóa phông,…cũng được tích hợp khá đầy đủ để người dùng chụp ảnh đa dạng phong cách hơn.
Ngoài ra, camera selfie với cảm biến 8MP cũng mang đến chất lượng ảnh chụp sắc nét, quay video chất lượng 1080p một cách tuyệt hảo. Dù thuộc phân khúc giá rẻ nhưng Honor 70 Lite vẫn thực hiện hoàn hảo chức năng chụp ảnh, mang đến những tấm ảnh đẹp cho người dùng.
Thời lượng pin “trâu” kéo dài cả ngày với viên pin Li-Po 5000mAh bền bỉ, an toàn
Honor 70 Lite có thể cân tốt mọi trải nghiệm của người dùng trong suốt cả ngày dài với viên pin chuẩn Li-Po 5000mAh bền bỉ và có độ an toàn cao. Viên pin dung lượng cao cho thời lượng xuyên suốt ngày dài, thoải mái sử dụng thiết bị mà không cần lo gián đoạn.
Bên cạnh đó, công nghệ sạc nhanh 22.5W sẽ giúp bạn nhanh chóng nạp đầy pin cho Honor 70 Lite thông qua cổng sạc USB Type-C hiện đại. 
Ngoài các công nghệ trên, Honor 70 Lite cũng hỗ trợ những chuẩn kết nối như Bluetooth v5.1, NFC, USB Type-C 2.0, USB OTG, 2 SIM 2 sóng,…cũng như các tính năng như khóa bảo mật vân tay, nhận diện khuôn mặt,….
Thời điểm ra mắt Honor 70 Lite khi nào?
Về thời điểm ra mắt của Honor 70 Lite, mẫu smartphone đã được trình làng đến người dùng vào ngày 20/03/2023 vừa qua và dự kiến sẽ được ra mắt thị trường thế giới vào 31/03/2023 sắp tới.
Hiện mẫu điện thoại này cũng có 3 tùy chọn màu sắc thời thượng để bạn lựa chọn bao gồm Xanh Đại dương, Bạc Titan và Đen Midnight.
Giá bán điện thoại Honor 70 Lite bao nhiêu?
Về giá bán, Honor 70 Lite hiện có giá bán khoảng 199 Bảng Anh (tương đương khoảng 5.8 triệu VNĐ) với phiên bản RAM 4GB, bộ nhớ trong 128GB. Mức giá bán khá phù hợp với những gì được trang bị trên thiết bị.
Đối với giá bán tại thị trường Việt Nam, hiện Honor vẫn chưa công bố thông tin chính xác vì vậy hãy cùng chúng tôi chờ đợi mức giá chính thức được công bố nhé! Tuy nhiên giá bán cũng sẽ không quá chênh lệch so với giá công bố hiện nay nên bạn không cần phải lo lắng.
Mua ngay Honor 70 Lite chính hãng giá siêu ưu đãi tại CellphoneS
Honor 70 Lite hiện là một ứng cử viên sáng giá cho smartphone phân khúc tầm trung giá rẻ đáng sở hữu hiện nay. Bạn có thể sở hữu ngay mẫu smartphone này tại hệ thống CellphoneS Hà Nội, HCM ngay khi vừa cập bến với mức giá ưu đãi.
CellphoneS luôn cam kết hàng chính hãng, uy tín và luôn phục vụ khách hàng một cách tận tình. Bên cạnh đó, khi mua sản phẩm tại CellphoneS, khách hàng cũng có thể yên tâm về chất lượng vì chúng tôi luôn có bảo hành chính hãng lâu dài.  Mọi thông tin chi tiết hay cần tư vấn về sản phẩm, đặt mua hàng,…bạn có thể liên hệ ngay hotline 1800.2064 để gặp tư vấn viên.","{""Màn hình"": [{""name"": ""Kích thước màn hình"", ""value"": ""6.5 inches""}, {""name"": ""Công nghệ màn hình"", ""value"": ""TFT LCD""}, {""name"": ""Độ phân giải màn hình"", ""value"": ""1600 x 720 pixels (HD+)""}, {""name"": ""Tính năng màn hình"", ""value"": ""Tốc độ làm mới 60Hz\n16.7 tỷ màu, Tỷ lệ khung hình 20:9""}], ""Camera sau"": [{""name"": ""Camera sau"", ""value"": ""Camera chính: 50 MP, f/1.8\nCamera đo độ sâu: 2MP, f/2.4\nCamera macro: 2MP, f/2.4""}, {""name"": ""Tính năng camera"", ""value"": ""Toàn cảnh, HDR, Hình dán, chụp ảnh tua nhanh thời gian""}], ""Camera trước"": [{""name"": ""Camera trước"", ""value"": ""8 MP, f/2.0""}], ""Vi xử lý & đồ họa"": [{""name"": ""Chipset"", ""value"": ""Qualcomm Snapdragon 480 Plus""}, {""name"": ""GPU"", ""value"": ""Adreno™ 619""}], ""Giao tiếp & kết nối"": [{""name"": ""Công nghệ NFC"", ""value"": ""Có""}, {""name"": ""Thẻ SIM"", ""value"": ""2 SIM (Nano-SIM)""}, {""name"": ""Jack tai nghe 3.5"", ""value"": ""Có""}, {""name"": ""Hỗ trợ mạng"", ""value"": ""5G""}, {""name"": ""GPS"", ""value"": ""GPS/AGPS/GLONASS/BeiDou/ Galileo""}], ""RAM & lưu trữ"": [{""name"": ""Dung lượng RAM"", ""value"": ""4 GB""}, {""name"": ""Bộ nhớ trong"", ""value"": ""128 GB""}], ""Pin & công nghệ sạc"": [{""name"": ""Pin"", ""value"": ""5000 mAh""}, {""name"": ""Công nghệ sạc"", ""value"": ""Sạc nhanh 22.5W""}, {""name"": ""Cổng sạc"", ""value"": ""USB Type-C""}], ""Tính năng khác"": [{""name"": ""Hệ điều hành"", ""value"": ""Android 12""}], ""Bộ xử lý & Đồ họa"": [{""name"": ""Loại CPU"", ""value"": ""2*A76*2.2GHz+6*A55*1.9GHz""}], ""Kích thước & Trọng lượng"": [{""name"": ""Kích thước"", ""value"": ""163.66 x 75.13 x 8.68 mm""}, {""name"": ""Trọng lượng"", ""value"": ""194g""}], ""Thiết kế & Trọng lượng"": [{""name"": ""Chất liệu mặt lưng"", ""value"": ""-""}], ""Tiện ích khác"": [{""name"": ""Cảm biến vân tay"", ""value"": ""Cảm biến vân tay cạnh bên""}, {""name"": ""Các loại cảm biến"", ""value"": ""Cảm biến gia tốc, Cảm biến tiệm cận, Cảm biến ánh sáng, La bàn, Cảm biến áp kế, Cảm biến trọng lực""}], ""Cổng kết nối"": [{""name"": ""Wi-Fi"", ""value"": ""802.11 a/b/g/n/ac""}, {""name"": ""Bluetooth"", ""value"": ""v5.1""}]}","[""https://cdn2.cellphones.com.vn/x/media/catalog/product/d/_/d_e231_2_.jpg"", ""https://cdn2.cellphones.com.vn/x/media/catalog/product/d/_/d_e231.jpg"", ""https://cdn2.cellphones.com.vn/x/media/catalog/product/d/_/d_e231_1_.jpg""]",{}
Honor Magic V,honor-magic-v,N/A,N/A,"Honor Magic V là mẫu điện thoại màn hình chính 7.9 inch cùng thiết kế gập độc đáo cho. Điện thoại chạy trên chipset Qualcomm Snapdragon 8 Gen 1 cùng camera sau 50MP ấn tượng. Đồng thời, smartphone còn được hỗ trợ pin 4750 mAh và cơ chế sạc nhanh đến đến 66 W.
Nội dung chính
1. Honor Magic V - Chiếc điện thoại gập mỏng nhất thế giới
1.1. Cấu hình hoàn thiện với chip xử lý Snapdragon 8 Gen 1
1.2. Thiết kế điện thoại gập mỏng ấn tượng
1.3. Màn hình mở rộng lên đến 7.9 inch
1.4. Camera nổi bật với độ phân giải 50MP, trang bị sạc nhanh vượt trội
2. Honor Magic V ra mắt khi nào?
3. Honor Magic V giá bao nhiêu?
4. Mua điện thoại Honor Magic V chính hãng, lượng tại CellphoneS
Honor Magic V - Chiếc điện thoại gập mỏng nhất thế giới
Honor Magic V là cái tên sản phẩm điện thoại Honor đang rất được chú ý sau buổi giới thiệu của hãng. Đây cũng là dòng điện thoại gập đầu tiên của thương hiệu trên thị trường. Chỉ trong buổi công bố, chiếc điện thoại để lại ấn tượng khá tốt với người theo dõi. Hãy cùng xem chiếc flagship đầu tiên của Honor có gì đặc biệt nhé.
Cấu hình hoàn thiện với chip xử lý Snapdragon 8 Gen 1
Về cấu hình, điện thoại Honor Magic V được hỗ trợ với chip xử lý Snapdragon 8 Gen 1 trên tiến trình 8 nhân. Con chip này sẽ đáp ứng được hiệu suất hoạt động nhanh chóng, đồng thời cũng giúp cho thiết bị có thể tiết kiệm điện năng hơn.
Cạnh đó, smartphone còn được trang bị dung lượng RAM 8 GB và bộ nhớ trong với hai phiên bản là 256 GB và 512 GB. Các thông số này giúp cho thiết bị có thể đáp ứng được tốt cho mọi tác vụ, đồng thời cũng mang đến một dung lượng lưu trữ lớn cho người dùng.
Thiết kế điện thoại gập mỏng ấn tượng
Một điều khiến cho Honor Magic V tự hào đó là khả năng thiết kế chiếc điện thoại với độ mỏng tối ưu. Hãng cũng mạnh dạng công bố đây chính là chiếc điện thoại gập mỏng nhất thời điểm ra mắt. Bên cạnh chất liệu sử dụng từ hàng không, hãng còn mang đến một thiết kế gập không có nếp gấp. 
Ở mặt sau, cụm camera cũng được bố trí khá độc đáo với các ống kính xen kẽ nhau. Máy có 2 phiên bản với trọng lượng là 288 g và 293 g, khối lượng không hề gây cản trở trong quá trình sử dụng. Đồng thời các nút cảm biến còn được tích hợp vào nút nguồn, cho phép mở khoá nhanh, an toàn và chính xác.
Xem thêm Honor Magic V2 với chip Snapdragon 8 Gen 2 mạnh mẽ, thiết kế màn hình gập cao cấp đáng tiền.
Màn hình mở rộng lên đến 7.9 inch
Vì được thiết kế theo cơ chế gập, nên người dùng có thể sử dụng màn hình mở rộng với 2 kích thước. Kích thước khi màn hình gấp lại là 6,45 inch và khi mở rộng sẽ đạt 7,9 inch. Ưu điểm của màn hình này chính là có thể biến chiếc điện thoại trở thành một chiếc máy tính bảng mini bất cứ lúc nào
Với màn hình nhỏ, độ phân giải màn hình sẽ ở mức 2560x1080 pixel. Đồng thời mật độ điểm ảnh, tốc độ làm tươi cao và độ sáng tối đa sẽ là 431 ppi, 120Hz và 1000 nit. Trong khi đó, màn hình lớn của Honor Magic V sẽ có độ phân giải là 2272x1984 pixel cùng mật độ điểm ảnh 381ppi, độ sáng tối đa 800nit và tốc độ làm tươi 90Hz.
Điểm vượt trội của màn hình chính là thiết kế cong 44 độ, mang đến một cảm giác thoải mái hơn cho người dùng khi chạm vào. Cạnh đó, hãng còn phủ lên một lớp kính gốm nano đặc biệt, có tác dụng bảo vệ gấp 5 lần kính cường lực. Màn hình cũng được trang bị để có thể hiển thị rõ dưới ánh mặt trời.
Camera nổi bật với độ phân giải 50MP, trang bị sạc nhanh vượt trội
Một điều ấn tượng nữa của Honor Magic V chính là cụm camera với độ phân giải 50 MP. Thêm vào đó là sự hỗ trợ của ống kính tăng cường quang phổ giúp bạn chụp được ảnh trong điều kiện tối và sương mù.
Camera selfie sẽ được hỗ trợ trên cả 2 màn hình. Và mỗi camera điều có độ phân giải là 42 MP.
Về mức dung lượng pin thì viên pin 4750 mAh được sử dụng cho chiếc điện thoại màn hình lớn sẽ không được đánh giá cao. Nhưng bù lại, thiết bị có hỗ trợ sạc SuperCharge đi cùng với độ phân giải lên đến 66 W. Chúng sẽ có phép bạn bổ sung nhanh năng lượng với mức 50% chỉ trong 15 phút.
Honor Magic V ra mắt khi nào?
Honor Magic V là chiếc điện thoại gập đầu tiên được hãng ra mắt từ đầu tháng 1 năm 2022, cùng với lễ công bố các sản phẩm mới của Honor. Đồng thời, smartphone cũng đã được chính thức lên kệ vào ngày 18/1 tại thị trường Trung Quốc.
Theo đó, Honor Magic V đã được cho ra mắt với 2 phiên bản bộ nhớ và 3 tuỳ chọn màu sắc. Đó là Space Silver, Black, Burnt Orange, trong đó nổi bật nhất là màu Space Silver với mặt lưng sáng và bắt mắt.
Honor Magic V giá bao nhiêu?
Giá thành của chiếc điện thoại sẽ được bán tuỳ theo phiên bản bộ nhớ. Được biết, đây sẽ là chiếc điện thoại cao cấp của Honor, cùng với những sự trang bị kỹ lượng, Honor Magic V sẽ được đề xuất với một mức giá hợp lý:
Điện thoại Honor Magic V phiên bản bộ nhớ RAM 12 GB, dung lượng lưu trữ 256GB có giá khoảng 9.999 CNY, tương đương với 35,6 triệu VNĐ.
Điện thoại Honor Magic V phiên bản bộ nhớ RAM 12 GB, dung lượng lưu trữ 512GB có giá khoảng 10.999 CNY, tương đương với 39,2 triệu VNĐ.
Mua điện thoại Honor Magic V chính hãng, lượng tại CellphoneS
Bạn có thể đến chiêm ngưỡng và trải nghiệm thử điện thoại Honor Magic V tại cửa hàng CellphoneS. Đồng thời, sở hữu chiếc điện thoại cao cấp này với mức giá tốt nhất cùng nhiều ưu đãi hấp dẫn nhé.","{""Màn hình"": [{""name"": ""Kích thước màn hình"", ""value"": ""7.9 inches""}, {""name"": ""Công nghệ màn hình"", ""value"": ""OLED""}, {""name"": ""Độ phân giải màn hình"", ""value"": ""1984 x 2272 pixels""}, {""name"": ""Tính năng màn hình"", ""value"": ""Tần số quét 90Hz, 10.7 tỷ màu, HDR10+""}], ""Camera sau"": [{""name"": ""Camera sau"", ""value"": ""Camera chính: 50MP, f/1.9, 23mm, PDAF, Laser AF\nCamera góc rộng: 50 MP, f/2.0, 20mm, PDAF\nCamera góc siêu rộng: 50 MP, f/2.2, 13mm, 122˚""}, {""name"": ""Quay video"", ""value"": ""4K@30/60fps, 1080p@30/60fps, gyro-EIS, HDR10+""}, {""name"": ""Tính năng camera"", ""value"": ""Đèn flash hai tông màu LED kép, HDR, toàn cảnh""}], ""Camera trước"": [{""name"": ""Camera trước"", ""value"": ""Camera góc rộng: 42 MP, f/2.4""}, {""name"": ""Quay video trước"", ""value"": ""4K@30fps, 1080p@30fps""}], ""Vi xử lý & đồ họa"": [{""name"": ""Chipset"", ""value"": ""Snapdragon 8 Gen 1 (4 nm)""}, {""name"": ""GPU"", ""value"": ""Adreno 730""}], ""Giao tiếp & kết nối"": [{""name"": ""Công nghệ NFC"", ""value"": ""Có""}, {""name"": ""Thẻ SIM"", ""value"": ""2 SIM (Nano-SIM)""}, {""name"": ""Hồng ngoại"", ""value"": ""Có""}, {""name"": ""Jack tai nghe 3.5"", ""value"": ""Không""}, {""name"": ""Hỗ trợ mạng"", ""value"": ""5G""}, {""name"": ""GPS"", ""value"": ""GPS (L1+L5), GLONASS (L1), BDS (B1I+B1c+B2a), GALILEO (E1+E5a), QZSS (L1+L5)""}], ""RAM & lưu trữ"": [{""name"": ""Dung lượng RAM"", ""value"": ""12 GB""}, {""name"": ""Bộ nhớ trong"", ""value"": ""256 GB""}, {""name"": ""Khe cắm thẻ nhớ"", ""value"": ""Không""}], ""Pin & công nghệ sạc"": [{""name"": ""Pin"", ""value"": ""4750 mAh""}, {""name"": ""Công nghệ sạc"", ""value"": ""Sạc nhanh 66W""}, {""name"": ""Cổng sạc"", ""value"": ""USB Type-C""}], ""Tính năng khác"": [{""name"": ""Hệ điều hành"", ""value"": ""Android 12""}], ""Bộ xử lý & Đồ họa"": [{""name"": ""Loại CPU"", ""value"": ""1 × Cortex-X2 2.995GHz + 3 × Cortex-A710 2.496GHz + 4 × Cortex-A510 1.785GHz""}], ""Kích thước & Trọng lượng"": [{""name"": ""Kích thước"", ""value"": ""Khi mở ra: 160.4 x 141.1 x 6.7 mm\nKhi gập lại: 160,4 x 72,7 x 14,3 mm""}, {""name"": ""Trọng lượng"", ""value"": ""288 g""}], ""Thiết kế & Trọng lượng"": [{""name"": ""Chất liệu mặt lưng"", ""value"": ""Kính""}, {""name"": ""Chất liệu khung viền"", ""value"": ""Nhôm""}], ""Tiện ích khác"": [{""name"": ""Cảm biến vân tay"", ""value"": ""Cảm biến vân tay cạnh bên""}, {""name"": ""Các loại cảm biến"", ""value"": ""Cảm biến gia tốc, Cảm biến tiệm cận, Cảm biến ánh sáng, La bàn, Con quay hồi chuyển, Cảm biến áp kế""}], ""Cổng kết nối"": [{""name"": ""Wi-Fi"", ""value"": ""802.11 a/b/g/n/ac/6""}, {""name"": ""Bluetooth"", ""value"": ""v5.2""}], ""Thông số khác"": [{""name"": ""Công nghệ âm thanh"", ""value"": ""Stereo Amplifier""}], ""Thông tin chung"": [{""name"": ""Thời điểm ra mắt"", ""value"": ""Tháng 1 - năm 2022""}]}","[""https://cdn2.cellphones.com.vn/x/media/catalog/product/s/8/s88f888egr78_5_.jpg"", ""https://cdn2.cellphones.com.vn/x/media/catalog/product/s/8/s88f888egr78_6_.jpg"", ""https://cdn2.cellphones.com.vn/x/media/catalog/product/s/8/s88f888egr78_1_.jpg""]",{}
Honor X40i,honor-x40i,N/A,N/A,"Mùa hè vừa qua chứng kiến sự trở lại của thương hiệu smartphone đình đám Honor với sản phẩm mới mang tên điện thoại Honor X40i. So với thế hệ điện thoại Honor trước đó, sản phẩm Honor X40i được nâng cấp đáng kể và được xem là một trong những “bom tấn” đáng chú ý trong làng công nghệ vào mùa hè 2022.
Nội dung chính
1. Điện thoại Honor X40i - Cấu hình chất đỉnh, giải trí mượt êm
1.1. Thiết kế lấp lánh sang trọng, màn hình Full HD Plus viền mỏng
1.2. Cụm camera cuốn hút chụp ảnh siêu nét
1.3. Hiệu năng giải trí mượt êm với Dimensity 700
1.4. Dung lượng pin lớn cùng sạc nhanh sử dụng dài lâu
1.5. Giá bán và ngày ra mắt của điện thoại Honor X40i
2. Sở hữu Honor X40i khuyến mãi cực “hot” ngay tại hệ thống CellphoneS
Điện thoại Honor X40i - Cấu hình chất đỉnh, giải trí mượt êm
Là phiên bản kế nhiệm của X30i trước đó, điện thoại Honor X40i sở hữu những nâng cấp từ thiết kế, camera, chip xử lý cho đến cả những tiện ích khác giúp cho Honor X40i đáng để sở hữu trong phân khúc smartphone trung cấp.
Thiết kế lấp lánh sang trọng, màn hình Full HD Plus viền mỏng
Điện thoại Honor X40i sở hữu ngoại hình đầy bắt mắt và ấn tượng hơn nhiều so với X30i trước. Bốn phiên bản màu sắc khác nhau với điểm nhấn là mặt lưng Galaxy tạo nên vẻ ngoài lấp lánh cho tổng thể thiết kế Honor X40i. Kiểu dáng mỏng nhẹ cùng chất liệu cứng cáp tạo nên độ bền chắc chắn, giúp bạn cầm nắm Honor X40i thêm vững tay.
Điện thoại Honor X40i hiển thị hình ảnh sống động qua màn hình 6.7 inch có độ phân giải 2388 x 1080 pixels (tức Full HD Plus). Điểm nhấn trên màn hình chính là thiết kế màn hình đục lỗ có viền siêu mỏng, tạo trải nghiệm gaming cực kỳ bắt mắt và xem phim chân thực.
Cụm camera cuốn hút chụp ảnh siêu nét
Điện thoại Honor X40i sở hữu khả năng bắt trọn từng chi tiết cảnh vật nhờ hệ thống camera đan xen đầy ấn tượng. Camera chính của Honor X40i có độ phân giải 50 MP được tích hợp thuật toán thông minh giúp điều chỉnh ánh sáng theo từng môi trường, giúp cho bức ảnh trở nên rõ nét từng góc cạnh. Ngoài ra Honor X40i còn có một camera phụ chụp ảnh chiều sâu, giúp bạn sáng tạo nên những bức ảnh chân dung đẹp mắt.
Không chỉ thế, mặt trước của Honor X40i còn là nơi hiện diện của camera selfie độ phân giải 8 MP. Được hỗ trợ tính năng chụp góc rộng, Honor X40i trở nên thích hợp cho những bức ảnh selfie nhóm. Và khả năng quay video định dạng Full HD 1080p của Honor X40i phục vụ khả năng sáng tạo hấp dẫn đến cho bạn.
Hiệu năng giải trí mượt êm với Dimensity 700
Ẩn sâu bên trong điện thoại Honor X40i chính là bộ vi xử lý Dimensity 700 do MediaTek sản xuất trên tiến trình 7 nm. Mang 8 lõi xử lý cùng chip đồ họa chuyên biệt Mali-G57 MC2, Dimensity 700 tạo nên hiệu năng mượt êm cho điện thoại Honor X40i. Đồng thời, tùy chọn RAM và bộ nhớ trong lớn cũng đảm bảo khả năng chạy đa nhiệm cũng như tạo kho lưu trữ rộng rãi tuyệt vời.
Điện thoại Honor X40i vận hành trên nền tảng Android 12 cùng giao diện riêng mang tên Magic UI phiên bản 6.1. Giao diện này cung cấp trình cập nhật nội dung thường ngày (thời tiết, tin tức,...) cũng như cung cấp phương pháp bảo mật hiệu quả cao như chặn cuộc gọi số lạ và quét ứng dụng chứa mã độc. Nói thêm về bảo mật, Honor X40i cũng trang bị cảm biến vân tay đặt tại phím cạnh giúp mở khóa máy càng thêm nhanh chóng.
Dung lượng pin lớn cùng sạc nhanh sử dụng dài lâu
Điểm nhấn nữa mà điện thoại Honor X40i có được chính là thời lượng pin rất tốt. Mang trong mình viên pin chứa 4000mAh dung lượng, Honor X40i có thể vận hành gần như trọn cả ngày. Nhờ vậy mà Honor X40i thích hợp cho những chuyến đi xa hoặc buổi làm việc cần sử dụng điện thoại liên tục.
Để bổ trợ cho thời lượng pin tốt của Honor X40i, hãng Honor cũng đã tích hợp thêm công nghệ sạc nhanh do chính hãng tự phát triển. Với công suất sạc nhanh tận 40W, điện thoại Honor X40i sẽ được nạp pin với tốc độ nhanh, giúp bạn thêm yên tâm khi sử dụng máy trong thời gian dài.
Giá bán và ngày ra mắt của điện thoại Honor X40i
Điện thoại Honor X40i hiện đã được hãng Honor ra mắt tại thị trường Trung Quốc vào ngày 22/7 vừa qua. Sản phẩm dự kiến sẽ cập bến các thị trường quốc tế không lâu sau đó.
Điện thoại Honor X40i có giá bán chính thức khởi điểm từ 5.6 triệu VNĐ đến 6.9 triệu VNĐ tùy theo bản RAM - ROM của máy. Với tầm giá này, Honor X40i sẽ cạnh tranh trực tiếp với các “đối thủ” như Xiaomi Redmi Note 11S, Samsung Galaxy A23, Realme 9 hoặc cả OPPO A96.
Sở hữu Honor X40i khuyến mãi cực “hot” ngay tại hệ thống CellphoneS
Sở hữu ngoại hình đậm nét quyến rũ, trang bị phần cứng chất lượng như camera 50 MP cực nét và thời lượng pin bền bỉ, Honor X40i hoàn toàn là một trong những “siêu phẩm” smartphone nổi trội của năm 2022. Và cơ hội sở hữu sớm Honor X40i trên tay đã đến với bạn. Chỉ cần đến hệ thống CellphoneS và đặt trước điện thoại Honor X40i, bạn sẽ có cơ hội nhận máy kèm theo nhiều khuyến mãi hấp dẫn dành cho khách đặt trước. Đến với CellphoneS và mua ngay Honor X40i chính hãng nhé!","{""Màn hình"": [{""name"": ""Kích thước màn hình"", ""value"": ""6.7 inches""}, {""name"": ""Công nghệ màn hình"", ""value"": ""IPS LCD""}, {""name"": ""Độ phân giải màn hình"", ""value"": ""1080 x 2388 pixels""}], ""Camera sau"": [{""name"": ""Camera sau"", ""value"": ""Camera góc rộng: 50 MP, f/1.8, PDAF\nCamera góc sâu: 2 MP, f/2.4""}, {""name"": ""Quay video"", ""value"": ""1080p@30fps""}], ""Camera trước"": [{""name"": ""Camera trước"", ""value"": ""Camera góc rộng: 8 MP, f/2.0""}, {""name"": ""Quay video trước"", ""value"": ""1080p@30fps""}], ""Vi xử lý & đồ họa"": [{""name"": ""Chipset"", ""value"": ""MediaTek MT6833 Dimensity 700 (7 nm)""}, {""name"": ""GPU"", ""value"": ""Mali-G57 MC2""}], ""Giao tiếp & kết nối"": [{""name"": ""Công nghệ NFC"", ""value"": ""Không""}, {""name"": ""Thẻ SIM"", ""value"": ""2 SIM (Nano-SIM)""}, {""name"": ""Jack tai nghe 3.5"", ""value"": ""Có""}, {""name"": ""Hỗ trợ mạng"", ""value"": ""5G""}, {""name"": ""GPS"", ""value"": ""Có, với A-GPS, GLONASS, BDS""}], ""RAM & lưu trữ"": [{""name"": ""Dung lượng RAM"", ""value"": ""8 GB""}, {""name"": ""Bộ nhớ trong"", ""value"": ""128 GB""}, {""name"": ""Khe cắm thẻ nhớ"", ""value"": ""Không""}], ""Pin & công nghệ sạc"": [{""name"": ""Pin"", ""value"": ""Li-Po 4000 mAh""}, {""name"": ""Công nghệ sạc"", ""value"": ""Sạc nhanh 44W""}, {""name"": ""Cổng sạc"", ""value"": ""USB Type-C""}], ""Tính năng khác"": [{""name"": ""Hệ điều hành"", ""value"": ""Android 12, Magic UI 6.1, không có Dịch vụ của Google Play""}], ""Bộ xử lý & Đồ họa"": [{""name"": ""Loại CPU"", ""value"": ""2x2,2 GHz Cortex-A76 & 6x2,0 GHz Cortex-A55""}], ""Kích thước & Trọng lượng"": [{""name"": ""Kích thước"", ""value"": ""162,9 x 74,5 x 7,4 mm""}, {""name"": ""Trọng lượng"", ""value"": ""175 g""}], ""Tiện ích khác"": [{""name"": ""Cảm biến vân tay"", ""value"": ""Cảm biến vân tay cạnh bên""}, {""name"": ""Các loại cảm biến"", ""value"": ""Cảm biến gia tốc, La bàn, Cảm biến áp kế""}], ""Cổng kết nối"": [{""name"": ""Wi-Fi"", ""value"": ""Wi-Fi 802.11 a/b/g/n/ac, dual-band, Wi-Fi Direct, hotspot""}, {""name"": ""Bluetooth"", ""value"": ""5.1, A2DP, LE""}]}","[""https://cdn2.cellphones.com.vn/x/media/catalog/product/g/n/gnf.png"", ""https://cdn2.cellphones.com.vn/x/media/catalog/product/s/c/scdv.png"", ""https://cdn2.cellphones.com.vn/x/media/catalog/product/c/s/cs_3.png""]",{}
Honor X50i+,honor-x50i-plus,N/A,N/A,"Honor X50i Plus được trang bị cho mình chip Dimensity 6080 mạnh mẽ cùng dung lượng RAM 12GB, bộ nhớ lưu trữ 256GB, chip GPU Mali-G57 MC2 cho trải nghiệm sử dụng mượt mà ấn tượng. Với camera độ phân giải lên đến 108MP cho hình ảnh sống động. Màn hình AMOLED 6.7 inch hiển thị chi tiết hình ảnh. Dung lượng pin đạt 4500mAh cùng sạc nhanh 35W tiện lợi.
Nội dung chính
1. Honor X50i Plus - Camera đỉnh cao
1.1. Cấu hình mạnh mẽ với chip Dimensity 6080
1.2. Camera độ phân giải cao 108MP
1.3. Tích hợp sạc nhanh 35W
1.4. Màn hình hiển thị sắc nét
1.5. Thiết kế sang trọng
2. Điện thoại Honor X50i Plus khi nào ra mắt?
3. Điện thoại Honor X50i Plus có giá là bao nhiêu?
4. Mua ngay Honor X50i Plus chính hãng tại CellphoneS
Honor X50i Plus - Camera đỉnh cao
Honor X50i Plus là một chiếc smartphone với cấu hình ấn tượng, khả năng kết nối 5G, và camera đỉnh cao. Điện thoại này được trang bị chip Dimensity 6080, hỗ trợ kết nối 5G, và có nhiều tùy chọn về RAM và dung lượng lưu trữ, đảm bảo sẽ đáp ứng mọi nhu cầu của bạn.
Cấu hình mạnh mẽ với chip Dimensity 6080
Honor X50i Plus được trang bị chip Dimensity 6080, một sức mạnh mới mẻ trong thế giới smartphone. Điều này đảm bảo bạn có thể trải nghiệm các ứng dụng và trò chơi nặng nề một cách mượt mà và không gặp trở ngại. 
Ngoài ra, Honor X50i Plus có bộ nhớ RAM 12GB kết hợp với dung lượng lưu trữ 256GB. Điều này đồng nghĩa với việc bạn có thể lựa chọn một phiên bản phù hợp với nhu cầu lưu trữ và sử dụng của bạn.
Camera độ phân giải cao 108MP
Khả năng chụp ảnh của Honor X50i Plus là một điểm đặc biệt đáng chú ý. Với một bộ đôi camera sau mạnh mẽ, bao gồm một camera chính 108MP và một camera phụ 2MP, bạn sẽ có khả năng tạo ra những bức ảnh sắc nét, chi tiết và đầy màu sắc.
Camera trước 8MP của điện thoại giúp bạn tự tin chụp những bức selfie tươi sáng và rõ nét. Khả năng chụp ảnh này đặc biệt hữu ích khi bạn muốn chia sẻ hình ảnh cá nhân trên mạng xã hội hoặc tham gia video call.
Tích hợp sạc nhanh 35W
Với pin dung lượng lớn lên đến 4500mAh, điện thoại này có thể hoạt động liên tục trong một thời gian dài, đáp ứng nhu cầu sử dụng của bạn. Điều này đặc biệt hữu ích khi bạn dự định sử dụng điện thoại trong cả ngày mà không cần phải thường xuyên tìm kiếm nguồn điện để sạc.
Ngoài ra, Honor X50i Plus còn hỗ trợ sạc nhanh 35W, giúp bạn nạp năng lượng nhanh chóng và tiết kiệm thời gian. Chỉ một thời gian sạc ngắn có thể cung cấp đủ năng lượng cho một thời gian sử dụng dài hạn, đảm bảo bạn luôn sẵn sàng để tiếp tục công việc hoặc giải trí mà không cần chờ đợi lâu.
Màn hình hiển thị sắc nét
Với màn hình AMOLED kích thước 6.7 inch và độ phân giải 2,412 x 1,080 pixel, bạn sẽ được chứng kiến màu sắc sống động, chi tiết sắc nét, và độ tương phản tốt. Màn hình rộng lớn giúp bạn có trải nghiệm hình ảnh tận hưởng và sâu sắc hơn.
Khả năng hiển thị sắc nét và chất lượng của Honor X50i Plus cung cấp một không gian rộng lớn để thỏa mãn mọi nhu cầu giải trí và công việc của bạn. 
Thiết kế sang trọng
Các cạnh bo cong mềm mại không chỉ mang lại vẻ đẹp thẩm mỹ mà còn tạo cảm giác thoải mái khi bạn cầm điện thoại trong tay. Điều này đặc biệt quan trọng khi bạn cần sử dụng điện thoại trong thời gian dài, và thiết kế bo cong giúp tránh cảm giác cứng và không thoải mái.
Một điểm nhấn quan trọng khác trong thiết kế của Honor X50i Plus là vân tay tích hợp tại nút nguồn. Điều này không chỉ làm cho việc mở khóa điện thoại nhanh chóng và thuận tiện, mà còn đảm bảo tính bảo mật của dữ liệu cá nhân của bạn. 
Điện thoại Honor X50i Plus khi nào ra mắt?
Chưa có một thông tin chính thức cho việc ra mắt dòng điện thoại Honor X50i Plus, nhưng theo nhiều tin đồn, chúng ta có thể thấy được sản phẩm vào ngày 10/11/2023. Đây chắc chắn là một tin tức đáng mong đợi cho những ai quan tâm đến sự ra mắt của Honor X50i Plus.
Với nhiều cải tiến hơn dòng sản phẩm tiền nhiệm, đây ắt hẳn là chiếc điện thoại đáng để mua và trải nghiệm sử dụng.
Điện thoại Honor X50i Plus có giá là bao nhiêu?
Với mức giá khởi điểm từ 6 triệu đồng, Honor X50i Plus hứa hẹn sẽ là một lựa chọn hấp dẫn. Khi là một chiếc điện thoại thông minh với cấu hình mạnh mẽ và khả năng chụp ảnh xuất sắc, mà không cần phải bỏ ra một số tiền lớn.
Với mức giá này, Honor X50i Plus sẽ có những đối thủ cạnh tranh như: Xiaomi 11 Lite 5G NE, Xiaomi POCO X5 5G 8GB 256GB, vivo V25 5G 8GB 128GB, ...
Mua ngay Honor X50i Plus chính hãng tại CellphoneS
Nếu bạn đang quan tâm đến Honor X50i Plus và muốn sở hữu chiếc điện thoại này, hãy đến CellphoneS để đảm bảo bạn sẽ mua sản phẩm chính hãng với giá tốt cực ưu đãi. Đừng bỏ lỡ cơ hội trải nghiệm công nghệ tiên tiến và tính năng độc đáo mà Honor X50i Plus mang lại!","{""Màn hình"": [{""name"": ""Kích thước màn hình"", ""value"": ""6.7 inches""}, {""name"": ""Độ phân giải màn hình"", ""value"": ""1080 x 2412 pixels""}], ""Camera sau"": [{""name"": ""Camera sau"", ""value"": ""Camera kép 108MP + 2MP""}], ""Camera trước"": [{""name"": ""Camera trước"", ""value"": ""8MP""}], ""Giao tiếp & kết nối"": [{""name"": ""Công nghệ NFC"", ""value"": ""Không""}], ""RAM & lưu trữ"": [{""name"": ""Dung lượng RAM"", ""value"": ""6 GB""}, {""name"": ""Bộ nhớ trong"", ""value"": ""128 GB""}], ""Pin & công nghệ sạc"": [{""name"": ""Pin"", ""value"": ""4,500 mAh""}, {""name"": ""Công nghệ sạc"", ""value"": ""Sạc nhanh 35W""}], ""Bộ xử lý & Đồ họa"": [{""name"": ""Loại CPU"", ""value"": ""2.4 GHz""}]}","[""https://cdn2.cellphones.com.vn/x/media/catalog/product/h/o/honor-x50i-plus.png"", ""https://cdn2.cellphones.com.vn/x/media/catalog/product/h/o/honor-x50i-plus_1_.png""]",{}
Honor X7a,honor-x7a,N/A,N/A,"Honor X7a - Chiếc điện thoại Honor được ra mắt trong dịp gần đây và gây ấn tượng với những thông số cực tốt. Smartphone mới của Honor được trang bị bộ vi xử lý MediaTek MT6765H với bộ nhớ có thể mở rộng lên đến 1TB. Cùng với đó chính là màn hình 6.75 tốc độ 90 Hz và dung lượng pin khủng với 6.000 mAh. Càng bất ngờ hơn khi những con số này lại nằm trên chiếc điện thoại thuộc phân khúc giá rẻ.
Nội dung chính
1. Honor X7a - Sự trang bị của những thông số ấn tượng
1.1. Cấu hình ổn định với dung lượng được nâng cấp tối đa lên 1TB
1.2. Màn hình thoải mái cho những thao tác
1.3. Sở hữu cụm camera hình chữ nhật với độ phân giải cao
2. Điện thoại Honor X7a có giá bao nhiêu?
3. Điện thoại Honor X7a khi nào ra mắt?
4. Mua ngay điện thoại Honor X7a chính hãng, chất lượng tại CellphoneS
Honor X7a - Sự trang bị của những thông số ấn tượng
Honor X7a được sản xuất để cạnh tranh với những sản phẩm điện thoại tầm thấp. Điều đặc biệt mà hãng mang đến cho sản phẩm của mình chính là sự trang bị những thông số kỹ thuật vượt trội. Đây chắc chắn sẽ là cơ hội cho những ai đang muốn sở hữu một chiếc điện thoại thông minh chất lượng trong tầm giá.
Cấu hình ổn định với dung lượng được nâng cấp tối đa lên 1TB
Điện thoại Honor X7a được trang bị cho mình bộ vi xử lý Mediatek Helio G37 (12 nm) lõi 8 tương ứng với Helio G37. Cùng với đó là GPU PowerVR GE8320 và tốc độ tối đa đạt 2,3 GHz. Một con chip xử lý cực kỳ ổn định trong phân khúc điện thoại giá thấp.
Cạnh đó, thiết bị còn được hỗ trợ RAM 6 GB, dung lượng bộ nhớ trong 128GB và khay cắm thẻ microSD với dung lượng tối đa đạt 1TB. Đây là điều hiếm khi được gặp trên chiếc điện thoại giá rẻ. Đồng thời, máy còn được tích hợp hệ điều hành Android 12 và khả năng tùy biến trên giao diện Magic UI 6.
Màn hình thoải mái cho những thao tác
Smartphone không chỉ sở hữu màn hình kích thước 6,7 inch rất thoải mái cho những thao tác, mà còn được tích hợp thêm tấm nền màn hình TFT LCD. Ngoài ra, sự trang bị của độ phân giải HD Plus (1.600x720 pixel), tần số quét 90 Hz, mật độ điểm ảnh 260 ppi trên màn hình cũng giúp cho điện thoại cải thiện được tốt chất lượng hình ảnh.
Đồng thời, Honor X7a cũng được thiết kế vỏ ngoài với chất liệu nhựa nguyên khối à ốp giả kính ở mặt lưng. Mặt trước được bảo vệ bởi kính cường lực, mặt sau là lớp ốp giả kính, sự trang bị này giúp điện thoại trở nên bền bỉ hơn. Cạnh đó, X7a còn tích hợp cảm biến vân tay vô cùng tiện lợi ngay nút nguồn của điện thoại.
Sở hữu cụm camera hình chữ nhật với độ phân giải cao
Honor X7a được trang bị cụm camera hình chữ nhật ở mặt sau với 4 ống kính. Một camera chính 50MP, khẩu độ f/1.8 cùng tính năng lấy nét theo pha và một ống kính góc rộng 5 MP, f/2.2. Camera cảm biến chiều sâu và camera macro đều có độ phân giải là 2 MP và khẩu độ f/2.4. Mặt trước thì được trang bị camera selfie độ phân giải 5MP và f/2.5. Cả 2 camera trước và sau của ống kính đều có thể chỉnh quay video ở chế độ Full HD.
Về mức dung lượng pin thì X7a gây bất ngờ khi công bố sẽ sở hữu viên pin dung lượng 6000 mAh. Đi cùng đó là công nghệ sạc nhanh 22.5 W. Đặc biệt, chúng còn có thể sạc ngược cho các thiết bị khác với công suất 5 W.
Điện thoại Honor X7a có giá bao nhiêu?
Từ khi bắt đầu, Honor X7a đã được định hình là chiếc điện thoại hướng tới phân khúc điện thoại giá rẻ, phù hợp với nhiều đối tượng người dùng. Dù vậy nhưng X7a vẫn được trang bị đầy đủ những tính năng, cấu hình, pin trong cùng các thông số ấn tượng.
Honor X7a được công bố là sẽ bán với mức giá 799 Nhân Dân Tệ tại thị trường Trung Quốc. Con số này nếu tính tại Việt Nam sẽ tương đương với mức giá khoảng 2,73 triệu đồng, chưa đến 3 triệu. Có lẽ đây sẽ là chiếc smartphone có sức ảnh hưởng và cạnh tranh trực tiếp với dòng điện thoại giá rẻ của Xiaomi.
Điện thoại Honor X7a khi nào ra mắt?
Sở hữu mức giá rẻ cùng những thông số kỹ thuật ấn tượng, Honor X7a đang rất được sự mong đợi và đón nhận từ nhiều người dùng. Đáp lại sự mong mỏi của người theo dõi, trong tháng đầu năm 2023, Honor đã chính thức ra mắt sản phẩm điện thoại mang tên Honor X7a.
Chiếc smartphone với mức giá cực kỳ ưu ái đã được trình làng đầu tiên tại thị trường Trung Quốc. Dự kiến sẽ nhanh chóng du nhập sang thị trường các nước và đến tay người tiêu dùng. Honor X7a cũng được biết đến là ra mắt với ba phiên bản màu sắc là màu Đen, Bạc và Xanh.
Mua ngay điện thoại Honor X7a chính hãng, chất lượng tại CellphoneS
Nếu Honor X7a đã đến thị trường Việt Nam thì CellphoneS chắc chắn sẽ là một trong những cửa hàng đầu tiên mang đến chiếc điện thoại giá rẻ cho người dùng. Vì vậy đừng quên theo dõi, cập nhật trang website của CellphoneS thường xuyên, hoặc bạn có thể để lại thông tin và cửa hàng sẽ liên hệ với bạn khi có sản phẩm.
Đến với CellphoneS là đến với cơ hội sở hữu điện thoại Honor X7a chính hãng, chất lượng và nhanh chóng nhất. Cạnh đó, bạn còn được nhận những ưu đãi về giá bất ngờ hơn nữa cùng chế độ bảo hành uy tín. Và trong thời gian chờ đợi smartphone Honor X7a đến với người tiêu dùng, bạn có thể tham khảo thêm các sản phẩm khác của Honor tại đây.","{""Màn hình"": [{""name"": ""Kích thước màn hình"", ""value"": ""6.7 inches""}, {""name"": ""Công nghệ màn hình"", ""value"": ""TFT LCD""}, {""name"": ""Độ phân giải màn hình"", ""value"": ""720 x 1600 pixel""}, {""name"": ""Tính năng màn hình"", ""value"": ""Tốc độ làm tươi 90Hz\n16,7 triệu màu""}], ""Camera sau"": [{""name"": ""Camera sau"", ""value"": ""Camera góc rộng: 50MP, f/1.8, PDAF\nCamera góc siêu rộng: 5MP, f/2.2\nCamera Macro: 2MP, f/2.4\nCamera đo độ sâu: 2MP, f/2.4""}, {""name"": ""Quay video"", ""value"": ""1080p@30fps""}, {""name"": ""Tính năng camera"", ""value"": ""Đèn flash LED, HDR, toàn cảnh""}], ""Camera trước"": [{""name"": ""Camera trước"", ""value"": ""Camera góc rộng: 8MP, f/2.0""}, {""name"": ""Quay video trước"", ""value"": ""1080p@30fps""}], ""Vi xử lý & đồ họa"": [{""name"": ""Chipset"", ""value"": ""Mediatek MT6765H Helio G37 (12 nm)""}, {""name"": ""GPU"", ""value"": ""PowerVR GE8320""}], ""Giao tiếp & kết nối"": [{""name"": ""Công nghệ NFC"", ""value"": ""Không""}, {""name"": ""Thẻ SIM"", ""value"": ""2 SIM (Nano-SIM)""}, {""name"": ""Jack tai nghe 3.5"", ""value"": ""Có""}, {""name"": ""Hỗ trợ mạng"", ""value"": ""4G""}, {""name"": ""GPS"", ""value"": ""GPS, GLONASS, GALILEO, BDS""}], ""RAM & lưu trữ"": [{""name"": ""Dung lượng RAM"", ""value"": ""6 GB""}, {""name"": ""Bộ nhớ trong"", ""value"": ""128 GB""}, {""name"": ""Khe cắm thẻ nhớ"", ""value"": ""microSDXC""}], ""Pin & công nghệ sạc"": [{""name"": ""Pin"", ""value"": ""6000 mAh""}, {""name"": ""Công nghệ sạc"", ""value"": ""Sạc nhanh 22,5W\nSạc ngược có dây: 5W""}, {""name"": ""Cổng sạc"", ""value"": ""USB Type-C""}], ""Tính năng khác"": [{""name"": ""Hệ điều hành"", ""value"": ""Android 12""}], ""Bộ xử lý & Đồ họa"": [{""name"": ""Loại CPU"", ""value"": ""4x2.3 GHz Cortex-A53 & 4x1.7 GHz Cortex-A53""}], ""Kích thước & Trọng lượng"": [{""name"": ""Kích thước"", ""value"": ""167,5 x 76,9 x 8,3 mm""}, {""name"": ""Trọng lượng"", ""value"": ""196 g""}], ""Thiết kế & Trọng lượng"": [{""name"": ""Chất liệu mặt lưng"", ""value"": ""Nhựa""}, {""name"": ""Chất liệu khung viền"", ""value"": ""Nhựa""}], ""Tiện ích khác"": [{""name"": ""Cảm biến vân tay"", ""value"": ""Cảm biến vân tay cạnh bên""}, {""name"": ""Các loại cảm biến"", ""value"": ""Cảm biến tiệm cận, Cảm biến ánh sáng, La bàn, Cảm biến trọng lực""}], ""Cổng kết nối"": [{""name"": ""Wi-Fi"", ""value"": ""802.11 a/b/g/n/ac""}, {""name"": ""Bluetooth"", ""value"": ""v5.1""}]}","[""https://cdn2.cellphones.com.vn/x/media/catalog/product/d/f/dfvdvfrg_1_.jpg"", ""https://cdn2.cellphones.com.vn/x/media/catalog/product/d/f/dfvdvfrg_2_.jpg"", ""https://cdn2.cellphones.com.vn/x/media/catalog/product/d/f/dfvdvfrg.jpg""]",{}
Honor Play 7T Pro,honor-play-7t-pro,N/A,N/A,"Honor Play 7T Pro là chiếc điện thoại vừa được hãng chính thức ra mắt mới đây như một phiên bản nâng cấp của Honor. Smartphone sẽ sở hữu chip Dimensity 6020, RAM 8 GB cùng bộ nhớ trong 128GB. Ngoài ra, sản phẩm điện thoại Honor cũng được hỗ trợ màn hình LTP LCD độ phân giải 2388x1080, camera chính 50MP, viên pin 4000 mAh.
Nội dung chính
1. Honor Play 7T Pro - Sở hữu nhiều nâng cấp đặc biệt
1.1. Cấu hình mạnh mẽ với chip xử lý MediaTek Dimensity 6020
1.2. Sở hữu camera với nhiều khả năng
1.3. Hỗ trợ dung lượng pin 4000 mAh
1.4. Màn hình lớn cho trải nghiệm hình ảnh sắc nét hơn
1.5. Thiết kế vuông vắn, sang trọng đầy tiện ích
2. Điện thoại Honor Play 7T Pro ra mắt khi nào?
3. Điện thoại Honor Play 7T Pro có giá bao nhiêu?
4. Mua ngay điện thoại Honor Play 7T Pro chính hãng, chất lượng tại CellphoneS
Honor Play 7T Pro - Sở hữu nhiều nâng cấp đặc biệt
Honor Play 7T Pro - mẫu điện thoại mới nhất của hãng Honor vừa được ra mắt tại Trung Quốc. Đây là phiên bản kế nhiệm của mẫu smartphone Honor Play 6T Pro vừa được ra mắt từ năm ngoái. Được biết Honor Play 7T Pro Sẽ là phiên bản kế nhiệm sở hữu nhiều nâng cấp
Cấu hình mạnh mẽ với chip xử lý MediaTek Dimensity 6020
Honor Play 7T Pro được trang bị bộ vi xử lý MediaTek Dimensity 6020 lõi 8 cùng tốc độ tối đa đạt 2.2 GHz. Cạnh đó, thiết bị còn sở hữu thêm chip đồ họa GPU Mali-G57 giúp máy có thể chạy đa nhiệm một cách mượt mà và nhanh chóng.
Bên trong máy còn được sở hữu bộ nhớ RAM 8 GB và bộ nhớ trong với dung lượng lưu trữ 128 hoặc có thể lên đến 128GB. Tuy nhiên sản phẩm không có hỗ trợ khay cắm thẻ nhớ microSD. Hiện tại, thiết bị được cài đặt để chạy trên giao diện Magic UI 6.1 dựa trên Android 12. 
Sở hữu camera với nhiều khả năng
Điện thoại Honor Play 7T Pro sở hữu cụm camera sau với hai ống kính. Một là camera chính có cảm biến độ phân giải lên đến 50 MP cùng khẩu độ f/1.8. Tiếp theo là một ống kính chiều sâu có độ phân giải 2 MP và khẩu độ đạt f/2.4.
Ở mặt trước, điện thoại được trang bị một camera selfie 8 MP có khẩu độ f/2.0. Điểm mạnh của camera của điện thoại Play 7T Pro có khả năng lấy nét theo pha. Tuy nhiên, về chế độ quay thì cả hai camera trước và sau của Smartphone đều chỉ có thể quay video full HD. 
Hỗ trợ dung lượng pin 4000 mAh
Về mức dung lượng pin thì Honor Play 7T Pro sở hữu viên pin với nguồn năng lượng đạt 4.000 mAh. Một mức dung lượng không quá cao nhưng đủ để điện thoại có thể hoạt động cả ngày. Nhờ đó, điện thoại có thể được nạp năng lượng một cách nhanh chóng và thuận tiện hơn cho người dùng sử dụng
Màn hình lớn cho trải nghiệm hình ảnh sắc nét hơn
Honor Play 7T Pro cũng được trang bị màn hình đục lỗ LTP LCD với kích thước 6.7 inch. Đây là chiếc màn hình có hỗ trợ độ phân giải full HD + (2.388 x 1.080 pixel) và có tần số quét 90 Hz. 
Màn hình này được chia tỷ lệ 19,9:9, đồng thời cho mật độ điểm ảnh 391 ppi cùng tần số quét 93,6% diện tích mặt trước.
Thiết kế vuông vắn, sang trọng đầy tiện ích
Về thiết kế vẻ ngoài thì smartphone Play 7T Pro của Honor sở hữu một thiết kế vuông vắn và sang trọng. Kích thước mà chiếc điện thoại này sở hữu là 162.9x74.5x7.4 mm cùng với trọng lượng 175g gọn nhẹ.
Ở cạnh bên phải của điện thoại được trang bị cảm biến vân tay tích hợp với nút nguồn. Đi cùng đó là công nghệ nhận diện khuôn mặt mở khóa màn hình hiện đại, một tiện ích mà không phải bất kỳ chiếc điện thoại tầm trung nào cũng có
Điện thoại Honor Play 7T Pro ra mắt khi nào?
Điện thoại điện thoại Honor Play 7T Pro vừa được ra mắt cách đây không lâu tại thị trường Trung Quốc. Ở chiếc điện thoại này, người dùng sẽ có 3 tùy chọn màu sắc đó là màu bạc, xanh lá cây và đen.
Phiên bản chiếc điện thoại kế nhiệm Honor Play 6T Pro hiện tại đang rất được người dùng mong chờ. Dự kiến, chiếc điện thoại Honor Play 7T Pro sẽ được mở bán cùng lúc với smartphone Honor Play 7T. Cả hai sản phẩm điều sẽ được mở bán từ ngày 6/4 tại Trung Quốc.
Điện thoại Honor Play 7T Pro có giá bao nhiêu?
Mức giá của chiếc điện thoại Realme Narzo N55 sẽ khiến cho nhiều người dùng bất ngờ bởi chúng khá rẻ so với những tính năng mang lại. Với 2 phiên bản bộ nhớ nên sản phẩm cũng được chia thành 2 mức giá khác nhau, trong đó:
Chiếc điện thoại phiên bản RAM 8GB cùng bộ nhớ trong 128GB sẽ có mức giá bán ra mắt khoảng 1.499 CNY, tương đương với khoảng 5.11 triệu đồng. Còn đối với phiên bản điện thoại RAM 8GB và bộ nhớ trong 256GB sẽ có mức giá bán khởi điểm cao hơn, khoảng 1.699 CNY. Mức giá này sẽ khoảng 5.79 triệu đồng.
Đây là mức giá được đánh giá khá ổn định so với những gì mà sản phẩm mang lại. Và ở bất kỳ phiên bản bộ nhớ nào, người dùng cũng có đầy đủ 3 lựa chọn về màu sắc.
Mua ngay điện thoại Honor Play 7T Pro chính hãng, chất lượng tại CellphoneS
Ngay sau khi điện thoại Honor Play 7T Pro ra mắt, CellphoneS sẽ là một trong những đơn vị đầu tiên phân phối sản phẩm trên thị trường. Để sở hữu chiếc điện thoại chính hãng này với giá tốt nhất, hãy đăng ký đặt hàng ngay tại CellphoneS nhé. Bạn còn có cơ hội nhận được nhiều phần quà hấp dẫn trong ngày ra mắt của chiếc điện thoại này.","{""Màn hình"": [{""name"": ""Kích thước màn hình"", ""value"": ""6.7 inches""}, {""name"": ""Công nghệ màn hình"", ""value"": ""IPS LCD""}, {""name"": ""Độ phân giải màn hình"", ""value"": ""1080 x 2388 pixels""}, {""name"": ""Tính năng màn hình"", ""value"": ""Tần số quét 90Hz""}], ""Camera sau"": [{""name"": ""Camera sau"", ""value"": ""Camera góc rộng: 50MP, f/1.8, PDAF\nCamera đo độ sâu: 2MP, f/2.4""}, {""name"": ""Quay video"", ""value"": ""1080p@30fps""}, {""name"": ""Tính năng camera"", ""value"": ""Đèn flash LED, HDR, toàn cảnh""}], ""Camera trước"": [{""name"": ""Camera trước"", ""value"": ""Camera góc rộng: 8MP, f/2.0""}, {""name"": ""Quay video trước"", ""value"": ""1080p@30fps""}], ""Vi xử lý & đồ họa"": [{""name"": ""Chipset"", ""value"": ""Mediatek Dimensity 6020 (7 nm)""}, {""name"": ""GPU"", ""value"": ""Mali-G57 MC2""}], ""Giao tiếp & kết nối"": [{""name"": ""Công nghệ NFC"", ""value"": ""Không""}, {""name"": ""Thẻ SIM"", ""value"": ""2 SIM (Nano-SIM)""}, {""name"": ""Hồng ngoại"", ""value"": ""Không""}, {""name"": ""Jack tai nghe 3.5"", ""value"": ""Có""}, {""name"": ""Hỗ trợ mạng"", ""value"": ""5G""}, {""name"": ""GPS"", ""value"": ""GPS, GLONASS, BDS""}], ""RAM & lưu trữ"": [{""name"": ""Dung lượng RAM"", ""value"": ""8 GB""}, {""name"": ""Bộ nhớ trong"", ""value"": ""128 GB""}, {""name"": ""Khe cắm thẻ nhớ"", ""value"": ""Không""}], ""Pin & công nghệ sạc"": [{""name"": ""Pin"", ""value"": ""4000 mAh""}, {""name"": ""Công nghệ sạc"", ""value"": ""Công nghệ sạc 40W""}, {""name"": ""Cổng sạc"", ""value"": ""USB Type-C""}], ""Tính năng khác"": [{""name"": ""Hệ điều hành"", ""value"": ""Android 12""}], ""Bộ xử lý & Đồ họa"": [{""name"": ""Loại CPU"", ""value"": ""2x2.2 GHz Cortex-A76 & 6x2.0 GHz Cortex-A55""}], ""Kích thước & Trọng lượng"": [{""name"": ""Kích thước"", ""value"": ""162.9 x 74.5 x 7.4 mm""}, {""name"": ""Trọng lượng"", ""value"": ""175 g""}], ""Tiện ích khác"": [{""name"": ""Cảm biến vân tay"", ""value"": ""Cảm biến vân tay cạnh bên""}, {""name"": ""Các loại cảm biến"", ""value"": ""Cảm biến gia tốc, Cảm biến tiệm cận, La bàn, Cảm biến áp kế""}], ""Cổng kết nối"": [{""name"": ""Wi-Fi"", ""value"": ""802.11 a/b/g/n/ac""}, {""name"": ""Bluetooth"", ""value"": ""v5.1, A2DP, LE""}], ""Thông tin chung"": [{""name"": ""Thời điểm ra mắt"", ""value"": ""04/2023""}]}","[""https://cdn2.cellphones.com.vn/x/media/catalog/product/s/d/sdwsdsw_1_.jpg"", ""https://cdn2.cellphones.com.vn/x/media/catalog/product/s/d/sdwsdsw.jpg"", ""https://cdn2.cellphones.com.vn/x/media/catalog/product/s/d/sdwsdsw_2_.jpg""]",{}
Honor X6A,honor-x6a,N/A,N/A,"Honor X6A, mẫu điện thoại giá rẻ được Honor âm thầm cho ra mắt, sở hữu cấu hình phần cứng tốt với chip Helio G36, 4 - 6GB RAM cùng 128GB bộ nhớ trong. Màn hình IPS LCD của điện thoại với độ phân giải HD+ và kích thước 6,56 inch sẽ sở hữu tần số quét 90Hz để nâng cao chất lượng hình ảnh trong quá trình giải trí.
Nội dung chính
1. Honor X6A - Cấu hình tốt, màn hình chi tiết, mượt mà
1.1. Hiệu năng tốt với chip gaming Helio G36 của MediaTek
1.2. Chụp hình sắc nét với camera sau 50MP
1.3. Dung lượng pin lớn hơn cùng tốc độ sạc nhanh hơn
1.4. Màn hình nâng cao tần số quét giúp tối ưu trải nghiệm giải trí
1.5. Thiết kế hiện đại, mạnh mẽ cùng ba tuỳ chọn màu sắc mới
2. Honor X6A khi nào ra mắt?
3. Honor X6A có giá bán bao nhiêu?
4. Mua điện thoại Honor X6A giá tốt, sớm nhất tại CellphoneS
Honor X6A - Cấu hình tốt, màn hình chi tiết, mượt mà
Mới đây, phiên bản điện thoại giá rẻ Honor X6A đã được âm thầm cho ra mắt. Dù không xuất hiện rầm rộ nhưng điện thoại X6A vẫn để lại ấn tượng khi sở hữu một cấu hình tốt cùng màn hình tần số quét cao. Cùng CellphoneS tìm hiểu kỹ hơn và xem chiếc X6A của Honor có gì nổi bật nhé!
Hiệu năng tốt với chip gaming Helio G36 của MediaTek
Honor X6A sẽ sở hữu phiên bản chip gaming thuộc phân khúc giá rẻ mới của MediaTek, con chip Helio G36. Con chip 12nm mới này không chỉ có được tốc độ xử lý cao hơn mà còn được tích hợp thêm công nghệ HyperEngine 2.0 Lite để quản lý các tài nguyên như CPU, GPU,...hiệu quả hơn và mang tới trải nghiệm chơi game tốt hơn.
Honor cũng sẽ cung cấp 4GB RAM để đảm bảo trải nghiệm đa nhiệm trên điện thoại luôn diễn ra ổn định. Bộ nhớ trong 128GB vẫn đủ thoải mái trong việc lưu trữ, cài đặt ứng dụng kể cả khi chưa mở rộng dung lượng thông qua khe cắm MicroSD.
Chụp hình sắc nét với camera sau 50MP
Tuy thuộc dòng sản phẩm điện thoại giá rẻ nhưng chất lượng hình ảnh, video được lưu lại bằng Honor X6A sẽ không thua kém gì các sản phẩm tầm trung. Bởi Honor đã trang bị cho mẫu điện thoại này cụm camera 3 ống kính phía sau. Trong đó, ống kính chính của máy sẽ được trang bị cảm biến 50MP để mang tới những bức hình sắc nét, chi tiết nhất.
Ở mặt trước, điện thoại X6A sẽ được Honor trang bị một camera selfie giấu ở phần notch giọt nước của màn hình. Ống kính này sẽ được trang bị cảm biến 5MP để có thể đáp ứng được ở mức tốt các nhu cầu chụp hình selfie, gọi điện video của người dùng.
Dung lượng pin lớn hơn cùng tốc độ sạc nhanh hơn
Honor X6A sẽ sở hữu một viên pin lớn hơn đôi chút so với các sản phẩm điện thoại giá rẻ khác. Cung cấp năng lượng cho điện thoại X6A của Honor sẽ là viên pin có dung lượng 5200 mAh. Việc có viên pin lớn hơn sẽ đồng nghĩa với việc điện thoại sẽ có được thời gian sử dụng lâu hơn, đặc biệt với các tác vụ như kết nối dữ liệu di động, chơi game,...
Không chỉ dung lượng của pin mà công suất sạc nhanh của điện thoại cũng sẽ cao hơn. Honor sẽ tích hợp công nghệ sạc có thể rút ngắn đi thời gian chờ đợi giữa các lần sạc của điện thoại.
Màn hình nâng cao tần số quét giúp tối ưu trải nghiệm giải trí
Là mẫu điện thoại giá rẻ được tối ưu cho việc chơi game, sẽ là một thiếu sót nếu Honor không nâng cấp chất lượng hiển thị cho sản phẩm này. Honor X6A tuy vẫn sở hữu màn hình giọt nước IPS LCD có độ phân giải HD+ cùng kích thước 6,56 inch nhưng điểm khác biết trong hiển thị sẽ tới từ tần số làm mới.
Thay vì sử dụng tần số 60Hz như ở nhiều sản phẩm điện thoại giá rẻ, Honor đã nâng cấp tần số quét này lên mức 90Hz. Nhờ vậy mà các chuyển động trên điện thoại X6A sẽ có được sự uyển chuyển, mượt mà hơn và đồng thời, tốc độ phản hồi của các thao tác cũng sẽ nhanh hơn để mang đến hiệu quả khi chơi game.
Thiết kế hiện đại, mạnh mẽ cùng ba tuỳ chọn màu sắc mới
Honor X6A sở hữu một diện mạo vô cùng trẻ trung, hiện đại. Mặt lưng và các cạnh được vát thẳng mang tới sự mạnh mẽ, cá tính và năng động. Tỷ lệ màn hình 20.15:9 sẽ khiến cho màn hình điện thoại X6A lớn hơn, đồng nghĩa với việc các cạnh bên điện thoại sẽ được tối ưu và làm mỏng đi.
Honor cũng giới thiệu 3 phiên bản màu sắc hoàn toàn mới, kết hợp cùng hiệu ứng chuyển màu để biến chiếc điện thoại này trở thành một món phụ kiện bắt mắt, thời trang.
Honor X6A khi nào ra mắt?
Honor X6A hiện đã được Honor âm thầm cho ra mắt tại thị trường Châu Âu, gồm ba nước Anh, Ý, Tây Ban Nha. Mẫu điện thoại giá rẻ này được Honor giới thiệu với ba tuỳ chọn màu sắc là Silver Sky, Cyan Lake và Midnight Black. Trong đó, hai phiên bản sẽ rất được yêu thích là Silver Sky và Cyan Lake với hiệu ứng chuyển sắc trẻ trung, thời trang.
Ngoài thị trường các nước Châu Âu, trong thời gian tới, mẫu điện thoại giá rẻ của Honor sẽ sớm được mở bán tại các thị trường lớn khác, trong đó có cả Việt Nam. Để cập nhật các thông tin mới nhất liên quan tới giá bán, ưu đãi, thời điểm ra mắt,...của điện thoại X6A, bạn hãy để lại thông tin liên hệ tại cellphones.com.vn.
Honor X6A có giá bán bao nhiêu?
Trái ngược với 3 tuỳ chọn màu sắc, Honor X6A sẽ chỉ có duy nhất một cấu hình là 4GB + 128GB. Theo công bố của Honor trên website chính thức của mình, điện thoại X6A sẽ có giá bán ở mức 129.99 Bảng Anh, tương ứng với khoảng 3,9 triệu đồng (chưa bao gồm các loại thuế phí hay phụ kiện mua thêm).
Nhờ việc được trang bị con chip gaming giá rẻ mới Helio G36, cụm camera sau chất lượng với cảm biến 50MP, màn hình 90Hz mượt mà cùng viên pin lớn hơn mà Honor X6A sẽ là một lựa chọn đáng cân nhắc trong phân khúc giá rẻ khi so sánh với các sản phẩm như Samsung Galaxy A04s, OPPO A57, Vivo T1X, Nokia G11 Plus,...
Mua điện thoại Honor X6A giá tốt, sớm nhất tại CellphoneS
Điện thoại Honor X6A sẽ sớm có mặt tại mọi cửa hàng CellphoneS trong thời gian sớm nhất với mức giá cực hấp dẫn để bạn có thể dễ dàng sở hữu. Để biết rõ hơn giá bán, thời điểm mở bán và các ưu đãi khi mua điện thoại X6A, bạn hãy để lại thông tin của mình tại cellphones.com.vn để CellphoneS có thể liên tục cập nhật cho bạn nhé!","{""Màn hình"": [{""name"": ""Kích thước màn hình"", ""value"": ""6.56 inches""}, {""name"": ""Công nghệ màn hình"", ""value"": ""IPS LCD""}, {""name"": ""Độ phân giải màn hình"", ""value"": ""720 x 1612 (HD+)""}, {""name"": ""Tính năng màn hình"", ""value"": ""Tần số quét 90Hz\n16.7 triệu màu""}], ""Camera sau"": [{""name"": ""Camera sau"", ""value"": ""Camera chính: 50 MP, f/1.8\nCamera cảm biến độ sâu: 2 MP, f/2.4\nCamera Macro: 2 MP, f/2.4.""}], ""Camera trước"": [{""name"": ""Camera trước"", ""value"": ""5MP""}], ""Vi xử lý & đồ họa"": [{""name"": ""Chipset"", ""value"": ""MediaTek Helio G36""}], ""Giao tiếp & kết nối"": [{""name"": ""Công nghệ NFC"", ""value"": ""Có""}, {""name"": ""Thẻ SIM"", ""value"": ""2 SIM (Nano-SIM)""}, {""name"": ""Jack tai nghe 3.5"", ""value"": ""Có""}, {""name"": ""Hỗ trợ mạng"", ""value"": ""4G""}, {""name"": ""GPS"", ""value"": ""GPS/AGPS/GLONASS/BeiDou/Galileo""}], ""RAM & lưu trữ"": [{""name"": ""Dung lượng RAM"", ""value"": ""4 GB""}, {""name"": ""Bộ nhớ trong"", ""value"": ""128 GB""}, {""name"": ""Khe cắm thẻ nhớ"", ""value"": ""MicroSD""}], ""Pin & công nghệ sạc"": [{""name"": ""Pin"", ""value"": ""5200 mAh""}, {""name"": ""Công nghệ sạc"", ""value"": ""Sạc nhanh 22.5W""}, {""name"": ""Cổng sạc"", ""value"": ""USB Type-C""}], ""Tính năng khác"": [{""name"": ""Hệ điều hành"", ""value"": ""Android 13""}], ""Kích thước & Trọng lượng"": [{""name"": ""Kích thước"", ""value"": ""163.32 x 75.07 x 8.35mm""}, {""name"": ""Trọng lượng"", ""value"": ""188 g""}], ""Tiện ích khác"": [{""name"": ""Các loại cảm biến"", ""value"": ""Cảm biến tiệm cận, Cảm biến ánh sáng, Cảm biến trọng lực""}], ""Cổng kết nối"": [{""name"": ""Wi-Fi"", ""value"": ""802.11 a/b/g/n/ac""}, {""name"": ""Bluetooth"", ""value"": ""v5.1""}]}","[""https://cdn2.cellphones.com.vn/x/media/catalog/product/h/o/honor-x6a_2_.png"", ""https://cdn2.cellphones.com.vn/x/media/catalog/product/h/o/honor-x6a.png"", ""https://cdn2.cellphones.com.vn/x/media/catalog/product/h/o/honor-x6a_1_.png""]",{}
Honor Play 40C,honor-play-40c,N/A,N/A,"Honor Play 40C, mẫu điện thoại mới xuất hiện trong phân khúc giá rẻ, sở hữu chip Snapdragon 480 Plus, 6GB RAM, màn hình TFT LCD 90Hz đã chính thức xuất hiện. Đi kèm hiệu năng ổn định là một thiết kế vô cùng trẻ trung, phù hợp thị hiếu cùng ba tuỳ chọn màu sắc cho người dùng lựa chọn.
Nội dung chính
1. Honor Play 40C - Mẫu điện thoại giá rẻ rất đáng để sở hữu
1.1. Chip Snapdragon 480 Plus cung cấp hiệu năng ổn định
1.2. Camera chụp hình tốt trong tầm giá
1.3. Viên pin lớn hơn được tích hợp sạc nhanh
1.4. Màn hình HD+ 90Hz mượt mà hơn
1.5. Thiết kế cùng các tùy chọn màu bắt mắt
2. Honor Play 40C khi nào ra mắt?
3. Honor Play 40C giá bán bao nhiêu?
4. Mua điện thoại Honor Play 40C giá tốt, chính hãng tại CellphoneS
Honor Play 40C - Mẫu điện thoại giá rẻ rất đáng để sở hữu
Mới đây, Honor đã giới thiệu ra thị trường mẫu điện thoại giá rẻ mới khiến mang tên Honor Play 40C. Dù thuộc phân khúc giá rẻ nhưng những gì mà điện thoại Play 40C sở hữu sẽ khiến đây là chiếc điện thoại rất đáng để sở hữu. Cùng CellphoneS tìm hiểu xem mẫu điện thoại giá rẻ này của Honor có điểm gì nổi bật nhé!
Chip Snapdragon 480 Plus cung cấp hiệu năng ổn định
Honor Play 40C sẽ được trang bị mẫu chip thứ hai thuộc dòng Snapdragon 400 Series được hỗ trợ 5G. Con chip Snapdragon 480 Plus là phiên bản được nâng cấp về CPU. Nhờ được trang bị hai lõi Kryo 460 Gold mà con chip 8nm này có thể đạt tốc độ xử lý lên mức 2.2GHz.
Đi kèm chipset được cải tiến của Snapdragon là GPU Adreno 619 cùng AI Engine để mang tới hiệu suất xử lý đồ hoạ tốt hơn trong phân khúc giá rẻ. Đồng thời, tiến trình sản xuất 8nm của Snapdragon 480 Plus sẽ giúp điện thoại xử lý mượt mà và đặc biệt là tối ưu điện năng tốt hơn.
Khả năng hoạt động đa nhiệm của điện thoại Play 40C cũng được cải thiện khi Honor đã trang bị tới 6GB RAM cho sản phẩm này. Điện thoại sẽ có 128GB dung lượng bộ nhớ để đảm bảo việc cài đặt các ứng dụng, trò chơi hay lưu trữ hình ảnh, video,...của người dùng được thoải mái.
Camera chụp hình tốt trong tầm giá
Honor đã có một quyết định táo bạo khi tập trung tối ưu camera thay vì trang bị nhiều ống kính hơn cho hệ thống chụp hình. Camera sau của Honor Play 40C sẽ chỉ có duy nhất một ống kính sử dụng cảm biến 13MP. Nhờ việc tập trung tối ưu chất lượng camera mà điện thoại Play 40C sẽ có được khả năng chụp hình tốt trong tầm giá dưới 3 triệu.
Mặt trước điện thoại, Honor đã trang bị một camera 5MP để hỗ trợ cho việc chụp hình selfie và gọi điện video của người dùng. Dù chất lượng hình ảnh, video trên điện thoại không thể so sánh được với các thiết bị cao cấp hơn nhưng Honor Play 40C chắc chắn vẫn sẽ đảm bảo khả năng chụp hình sắc nét, chi tiết cho người dùng.
Viên pin lớn hơn được tích hợp sạc nhanh
Viên pin của điện thoại Honor Play 40C có đôi chút thay đổi. Thay vì tiếp tục duy trì dung lượng 5000 mAh như các sản phẩm khác trong phân khúc giá rẻ, Honor đã quyết định nâng cấp dung lượng pin của sản phẩm Play 40C lên mức 5200 mAh. Sự chênh lệch này sẽ giúp điện thoại có thể hoạt động được với thời gian dài hơn.
Điện thoại Play 40C của Honor dù có giá bán chưa tới 3 triệu đồng nhưng vẫn sẽ sở hữu công nghệ sạc nhanh. Đúng vậy! Bạn không nghe nhầm đâu. Honor vẫn sẽ tích hợp công nghệ sạc nhanh công suất 10W cho sản phẩm để rút ngắn thời gian phải chờ đợi giữa các lần sạc pin.
Màn hình HD+ 90Hz mượt mà hơn
Smartphone Honor Play 40C sẽ có cho mình một màn hình notch giọt nước sử dụng tấm nền LCD. Với kích thước 6,56 inch, độ phân giải HD+ và gam màu 70% NTSC, điện thoại Play 40C chắc chắn sẽ đảm bảo được một không gian hiển thị đáp ứng tốt các nhu cầu giải trí của người dùng.
Honor Play 40C cũng là một trong số ít các mẫu điện thoại giá rẻ được nâng cấp tần số quét. Thay vì sử dụng tần số quét cơ bản 60Hz, điện thoại sẽ được nâng cấp tốc độ làm mới và tốc độ lấy mẫu cảm ứng lên mức 90Hz để các thao tác vuốt, chạm hay các chuyển động trong từng khung hình trở nên mượt mà hơn.
Thiết kế cùng các tùy chọn màu bắt mắt
Đối tượng người dùng chính của Honor Play 40C là người dùng trẻ, có thu nhập chưa cao, thường các những người vẫn đang đi học. Chính bởi vậy mà việc sở hữu một thiết kế bắt mắt, trẻ trung là điều không thể thiếu. Điện thoại Play 40C có cho mình một diện mạo rất phù hợp thị hiếu với các cạnh được vát phẳng cùng các góc được bo cong.
Đi kèm thiết kế mạnh mẽ, thời trang này là 3 tuỳ chọn màu sắc trẻ trung là Magic Night Black, Sky Blue và Ink Jade Green để người dùng lựa chọn được phiên bản phù hợp nhất.
Honor Play 40C khi nào ra mắt?
Không được quảng cáo, truyền thông rầm rộ, Honor đã âm thầm giới thiệu sản phẩm này ra thị trường. Cụ thể thì trong những ngày tháng 7 vừa qua, điện thoại Honor Play 40C đã được chính thức giới thiệu tại thị trường quê nhà của Honor là Trung Quốc. Phiên bản điện thoại giá rẻ này được giới thiệu 2 tháng sau khi thế hệ Play 40 tiền nhiệm ra mắt.
Như đã đề cập ở trên, điện thoại Play 40C sẽ có tới 3 tùy chọn về màu sắc là Magic Night Black (Đen), Blue Sky (Xanh dương) và Ink Jade Green (Xanh lá cây). Các phiên bản màu này còn kết hợp với hiệu ứng gradient để trở nên thu hút và hấp dẫn hơn.
Honor Play 40C giá bán bao nhiêu?
Dù đã biết sản phẩm thuộc phân khúc giá rẻ nhưng khi được công bố, Honor Play 40C vẫn gây bất ngờ với người dùng. Đó là bởi điện thoại Play 40C với cấu hình 6GB + 128GB sẽ chỉ có giá bán ở mức 899 Nhân dân tệ, khoảng 2,96 triệu đồng.
Với cấu hình ổn định, màn hình 90Hz mượt mà trong phân khúc giá rẻ cùng viên pin lớn hơn, Honor Play 40C chắc chắn sẽ là mẫu điện thoại rất đáng để sở hữu nếu so sánh với các đối thủ đã ra mắt trước đó như Nokia C32, Realme C33, OPPO A17K, Vivo Y02s,...
Mua điện thoại Honor Play 40C giá tốt, chính hãng tại CellphoneS
Điện thoại Honor Play 40C sẽ sớm được mở bán chính thức tại hơn 100 chi nhánh CellphoneS ở mọi tỉnh, thành phố trên cả nước. Ngoài ra, bạn cũng có thể để lại thông tin liên hệ để có thể đặt trước sản phẩm cũng như cập nhật các thông tin về giá bán, ưu đãi của chiếc Play 40C tại cellphones.com.vn.","{""Màn hình"": [{""name"": ""Kích thước màn hình"", ""value"": ""6.6 inches""}, {""name"": ""Độ phân giải màn hình"", ""value"": ""720 x 1612 (HD+)""}, {""name"": ""Tính năng màn hình"", ""value"": ""Tần số quét 90Hz, gam màu 70% NTSC""}], ""Camera sau"": [{""name"": ""Camera sau"", ""value"": ""13 MP""}, {""name"": ""Tính năng camera"", ""value"": ""Flash LED""}], ""Camera trước"": [{""name"": ""Camera trước"", ""value"": ""5 MP""}], ""Vi xử lý & đồ họa"": [{""name"": ""Chipset"", ""value"": ""Snapdragon 480 Plus""}], ""Giao tiếp & kết nối"": [{""name"": ""Công nghệ NFC"", ""value"": ""Không""}, {""name"": ""Jack tai nghe 3.5"", ""value"": ""Có""}, {""name"": ""Hỗ trợ mạng"", ""value"": ""5G""}], ""RAM & lưu trữ"": [{""name"": ""Dung lượng RAM"", ""value"": ""6 GB""}, {""name"": ""Bộ nhớ trong"", ""value"": ""128 GB""}], ""Pin & công nghệ sạc"": [{""name"": ""Pin"", ""value"": ""5,200 mAh""}, {""name"": ""Công nghệ sạc"", ""value"": ""Sạc nhanh 10W""}, {""name"": ""Cổng sạc"", ""value"": ""USB Type-C""}], ""Tính năng khác"": [{""name"": ""Hệ điều hành"", ""value"": ""Android 13""}], ""Kích thước & Trọng lượng"": [{""name"": ""Kích thước"", ""value"": ""Dày 8.35mm""}, {""name"": ""Trọng lượng"", ""value"": ""188 g""}]}","[""https://cdn2.cellphones.com.vn/x/media/catalog/product/h/o/honor-play-40c.png"", ""https://cdn2.cellphones.com.vn/x/media/catalog/product/h/o/honor-play-40c_1_.png"", ""https://cdn2.cellphones.com.vn/x/media/catalog/product/h/o/honor-play-40c_2_.png""]",{}
Honor 80 Pro Plus,honor-80-pro-plus,N/A,N/A,"Honor 80 Pro Plus sở hữu camera chính 200MP, tốc độ sạc cực kỳ nhanh lên tới 100W, con chip mạnh mẽ Snapdragon 8 Gen 1, hỗ trợ RAM 12GB, tấm nền AMOLED, độ phân giải 1.5K, tần số quét 120Hz.
Nội dung chính
1. Honor 80 Pro Plus - Cụm camera khủng, tốc độ sạc nhanh vượt trội
1.1. Thiết kế hầm hố
1.2. Bộ vi xử lý của Qualcomm
1.3. Sở hữu tấm nền AMOLED
1.4. Độ phân giải camera 200MP
2. Honor 80 Pro Plus giá bao nhiêu?
3. Honor 80 Pro Plus bao giờ ra mắt?
4. Mua Honor 80 Pro Plus giá rẻ, chính hãng tại CellphoneS
Honor 80 Pro Plus - Cụm camera khủng, tốc độ sạc nhanh vượt trội
Chiếc điện thoại Honor 80 Pro Plus đã gây sự chú ý đến rất nhiều người, bởi sở hữu hàng loạt thông số kỹ thuật khủng. Nếu bạn quan tâm tới sản phẩm này, thì hãy tham khảo phần nội dung phía bên dưới nhé. Sau đây, phần nội dung sẽ đánh giá tổng quan về chiếc điện thoại Honor 80 Pro Plus, để giúp mọi người nhìn thấy được vẻ ngoại hình độc đáo, và cấu hình khủng bên trong chiếc điện thoại Honor này.
Thiết kế hầm hố
Qua nhiều thế hệ smartphone của Honor đã không có sự thay đổi quá nhiều về mặt ngoại hình. Tuy nhiên, đến với chiếc điện thoại Honor 80 Pro Plus, nhà sản xuất đã tinh chỉnh lại cả mặt trước và mặt sau. Khi mà, các khung cạnh viền được vát cong mềm mại hơn, đem đến cảm giác cầm nắm không bị cấn, ôm sát trong lòng bàn tay. 
Đặc biệt, cụm camera phía sau của thiết bị sẽ có sự đổi mới về cách bố trí camera, đem lại cái nhìn nổi bật, phá cách, và thể hiện rõ được ống kính chính độ phân giải 200MP. Bên cạnh đó, phần mặt lưng cũng được trang trí thêm một số họa tiết đơn giản, để đồng bộ với tổng thể cả ngoại hình, không còn bị nhàm chán như những thế hệ trước đây nữa. 
Magic V5 màn hình gập là kiệt tác thiết kế mới nhất của nhà Honor, lập kỷ lục là chiếc điện thoại gập mỏng nhất thế giới tại thời điểm ra mắt. Đồng thời, Honor Magic V5 còn dẫn đầu xu thế khi trang bị hàng loạt công nghệ AI hiện đại. 
Bộ vi xử lý của Qualcomm
Honor 80 Pro Plus trang bị con chip Snapdragon 8 Gen 1, đây là bộ vi xử lý mới của Qualcomm có hiệu suất rất mạnh mẽ, và kết hợp với 8 lõi CPU, GPU Adreno 660. Đối với thông số kỹ thuật về cấu hình này, các bạn có thể chiến bất kỳ tựa game 3D đang thịnh hành hiện nay cùng với thiết lập đồ họa cao, và gần như không có hiện tượng giật, lag trong quá trình trải nghiệm. Những hình ảnh, nội dung trong game được hiển thị chi tiết, sống động, nổi khối, không xảy ra hiện tượng răng cưa. 
Về dung lượng lưu trữ, máy hỗ trợ RAM 12GB, giúp người dùng đa nhiệm khoảng 10 ứng dụng khác nhau, bao gồm cả game và các app cơ bản. Đồng thời kết hợp với hệ điều hành Android 13, bạn có thể chia đôi màn hình, hay sử dụng một số tính năng khác để phục vụ cho công việc như sáng tạo nội dung, hay vừa đọc báo, vừa xem phim, giải trí,... 
Sở hữu tấm nền AMOLED
Thiết bị được tích hợp tấm nền AMOLED, đem đến chất lượng hiển thị hài hòa, màu sắc rực rỡ, bắt mắt, cực kỳ phù hợp cho nhu cầu sử dụng giải trí hằng ngày. Bên cạnh đó, độ phân giải màn hình 1.5K, thể hiện được hình ảnh sắc nét, không bị rỗ, và đảm bảo tính cân bằng tiêu thụ điện năng. 
Đặc biệt, Honor 80 Pro Plus hỗ trợ tốc độ làm tươi màn hình 120Hz, và cũng có cơ chế tự động điều chỉnh tần số phù hợp với tác vụ bạn đang sử dụng, nhằm tối ưu hóa nguồn pin, kéo dài tuổi thọ của máy. 
Honor 80 GT với kích thước màn hình 6.66 inch khá rộng, cho phép thao tác sử dụng và hiển thị cực kỳ thoải mái. Đồng thời, viên pin của Honor 80 GT có thời lượng đủ dùng cho cả ngày dài.
Độ phân giải camera 200MP
Honor 80 Pro Plus là chiếc điện thoại đầu tiên trang bị camera chính lên tới 200MP, đây là con số kỷ lục trên thế giới ở thời điểm hiện tại. Chính vì vậy, sản phẩm sẽ đem đến những bức ảnh có độ tương phản cao, chi tiết, chân thực nhất có thể, và khi phóng to sẽ không bị mờ, nhòe. 
Ngoài ra, sản phẩm hỗ trợ sạc nhanh 100W, tiết kiệm đáng kể thời gian cho người sử dụng, chỉ cần cung cấp năng lượng trong khoảng 30 phút là đã có thể sử dụng thiết bị cả một ngày dài rồi. 
Honor 80 Pro Plus giá bao nhiêu?
Sản phẩm Honor 80 Pro Plus dự kiến sẽ có mức giá 1.000 USD (khoảng 24.8 triệu đồng). Như vậy, hãng đã đặt chiếc smartphone này ở phân khúc cao cấp, cạnh tranh trực tiếp với các đối thủ xứng tầm như iPhone 13 của nhà Apple, Galaxy S22 Plus từ hãng Samsung, và cuối cùng là Xiaomi 12 Pro 5G. 
Có thể thấy rằng, Honor rất tự tin về thông số kỹ thuật camera vượt trội trên thế hệ smartphone mới, và có thể áp đảo được một số Flagship đến từ các thương hiệu lớn.
Honor 80 Pro Plus bao giờ ra mắt?
Dự kiến, Honor 80 Pro Plus sẽ ra mắt vào cuối năm 2022 tại thị trường Trung Quốc. Có thể, đây là thời điểm nhu cầu mua sắm của mọi người tăng cao để chuẩn bị cho dịp lễ Tết, nên hãng muốn tung thiết bị mới vào thời gian đó, để nhằm quảng bá dễ dàng, cũng như khả năng gia tăng doanh số nhanh chóng hơn.
Ngoài ra, Honor cũng thường ra mắt những chiếc điện thoại Flagship vào thời điểm cuối năm, nên điều này cũng sẽ rất quen thuộc đối với những bạn thường xuyên quan tâm tới sự kiện ra mắt của thương hiệu này.
Mua Honor 80 Pro Plus giá rẻ, chính hãng tại CellphoneS
Như vậy, chiếc điện thoại Honor 80 Pro Plus sở hữu rất nhiều đặc điểm nổi bật, nhất là về mặt thông số kỹ thuật của cụm camera. Nếu bạn là người thường xuyên chụp ảnh, thì nên mua ngay sản phẩm này tại cửa hàng CellphoneS để nhận được mức giá phải chăng, bảo hành dài hạn, chế độ hậu mãi tốt nhất trên thị trường nhé.","{""Màn hình"": [{""name"": ""Công nghệ màn hình"", ""value"": ""AMOLED""}], ""Camera sau"": [{""name"": ""Camera sau"", ""value"": ""200 MP""}], ""Vi xử lý & đồ họa"": [{""name"": ""Chipset"", ""value"": ""Snapdragon 8 Gen 1""}], ""RAM & lưu trữ"": [{""name"": ""Dung lượng RAM"", ""value"": ""12 GB""}], ""Pin & công nghệ sạc"": [{""name"": ""Công nghệ sạc"", ""value"": ""Sạc nhanh 100W""}]}","[""https://cdn2.cellphones.com.vn/x/media/catalog/product/s/f/sffg_1__1_1.jpg"", ""https://cdn2.cellphones.com.vn/x/media/catalog/product/h/o/honor-80-600x600_1_1.jpg"", ""https://cdn2.cellphones.com.vn/x/media/catalog/product/s/f/sffg_1_1.jpg""]",{}
Honor X9C 5G 12GB 256GB,dien-thoai-honor-x9c-5g-12gb-256gb,N/A,N/A,,"{""Màn hình"": [{""name"": ""Kích thước màn hình"", ""value"": ""6.8 inches""}, {""name"": ""Công nghệ màn hình"", ""value"": ""TFT LCD""}, {""name"": ""Độ phân giải màn hình"", ""value"": ""1080 x 2412 pixels""}, {""name"": ""Tính năng màn hình"", ""value"": ""Tần số quét 120 Hz, 850 nits""}, {""name"": ""Tần số quét"", ""value"": ""120Hz""}, {""name"": ""Kiểu màn hình"", ""value"": ""Đục lỗ (Nốt ruồi)""}], ""Camera sau"": [{""name"": ""Camera sau"", ""value"": ""Chính 108 MP & Phụ 5 MP""}, {""name"": ""Tính năng camera"", ""value"": ""Zoom kỹ thuật số\nXóa phông\nTrôi nhanh thời gian (Time Lapse)\nToàn cảnh (Panorama)\nSiêu độ phân giải\nQuét tài liệu\nQuay chậm (Slow Motion)\nHDR\nGóc siêu rộng (Ultrawide)\nChụp ảnh chuyển động\nChụp hẹn giờ\nChuyên nghiệp (Pro)""}], ""Camera trước"": [{""name"": ""Camera trước"", ""value"": ""16 MP""}], ""Vi xử lý & đồ họa"": [{""name"": ""Chipset"", ""value"": ""MediaTek Dimensity 7025-Ultra 5G 8 nhân""}, {""name"": ""GPU"", ""value"": ""IMG BXM-8-256""}], ""Giao tiếp & kết nối"": [{""name"": ""Công nghệ NFC"", ""value"": ""Có""}, {""name"": ""Thẻ SIM"", ""value"": ""2 Nano-SIM""}, {""name"": ""Jack tai nghe 3.5"", ""value"": ""Không""}, {""name"": ""Hỗ trợ mạng"", ""value"": ""5G""}, {""name"": ""GPS"", ""value"": ""GPS\nGLONASS\nGALILEO\nBEIDOU""}], ""RAM & lưu trữ"": [{""name"": ""Dung lượng RAM"", ""value"": ""12 GB""}, {""name"": ""Bộ nhớ trong"", ""value"": ""256 GB""}], ""Pin & công nghệ sạc"": [{""name"": ""Pin"", ""value"": ""5800 mAh""}, {""name"": ""Công nghệ sạc"", ""value"": ""Sạc nhanh 35 W""}, {""name"": ""Cổng sạc"", ""value"": ""USB Type-C""}], ""Tính năng khác"": [{""name"": ""Hệ điều hành"", ""value"": ""Android 14""}], ""Bộ xử lý & Đồ họa"": [{""name"": ""Loại CPU"", ""value"": ""2 nhân 2.5 GHz & 6 nhân 2.0 GHz""}], ""Kích thước & Trọng lượng"": [{""name"": ""Kích thước"", ""value"": ""165.98 x 75.8 x 7.88 mm""}, {""name"": ""Trọng lượng"", ""value"": ""193 g""}], ""Cổng kết nối"": [{""name"": ""Wi-Fi"", ""value"": ""Wi-Fi 5\nDual-band (2.4 GHz/5 GHz)""}, {""name"": ""Bluetooth"", ""value"": ""v5.3""}], ""Thông tin chung"": [{""name"": ""Thời điểm ra mắt"", ""value"": ""01/2025""}]}","[""https://cdn2.cellphones.com.vn/x/media/catalog/product/d/i/dien-thoai-honor-x9c-5g-12gb-256gb.png"", ""https://cdn2.cellphones.com.vn/x/media/catalog/product/d/i/dien-thoai-honor-x9c-5g-12gb-256gb_1_.png""]",{}
Honor X8 5G,honor-x8,N/A,N/A,"Honor X8 5G là biến thể của chiếc smartphone Honor X8 đã được hãng ra mắt vào tháng 3 năm nay. Không chỉ khác biệt về khả năng kết nối Internet, sản phẩm mới nhất này còn được cải tiến về những thông số cấu hình khác. Phiên bản X8 5G này thuộc phân khúc giá tầm trung và hứa hẹn sẽ là sản phẩm bán chạy tiếp theo của Honor.
Nội dung chính
1. Đánh giá điện thoại Honor X8 5G - Smartphone tầm trung với thông số cấu hình ấn tượng
1.1. Thiết kế mỏng nhẹ với gam màu trẻ trung, hiện đại
1.2. Màn hình chất lượng cao mang đến trải nghiệm thị giác đẹp mắt
1.3. Hệ thống camera ấn tượng, ghi lại chi tiết mọi khoảnh khắc
1.4. Khả năng đa nhiệm mượt mà cùng tốc độ xử lý nhanh chóng
1.5. Viên pin lớn cho thời lượng sử dụng cả ngày dài
2. Ngày ra mắt và giá bán khởi điểm điện thoại Honor X8 5G
3. Mua ngay điện thoại Honor X8 5G chính hãng tại CellphoneS
Đánh giá điện thoại Honor X8 5G - Smartphone tầm trung với thông số cấu hình ấn tượng
Honor X8 5G dự kiến sẽ là chiếc điện thoại Honor chính hãng được nhiều khách hàng ưa chuộng bởi những nâng cấp tiên tiến thiết bị mang đến so với biến thể đã được ra mắt vào tháng 3 năm này. Chắc chắn với ngoại hình, dung lượng pin, hệ thống camera,... ấn tượng chiếc điện thoại mới nhất đến từ thương hiệu Honor này sẽ làm hài lòng ngay cả những ai khó tính nhất.
Thiết kế mỏng nhẹ với gam màu trẻ trung, hiện đại
Honor X8 5G dự kiến sẽ trình làng người dùng với hai phiên bản màu là xanh dương và đen. Đây là hai màu sắc tuy đơn giản nhưng không bao giờ lỗi thời. Màu đen phù hợp với những ai có phong cách cá tính, xanh dương sẽ thích hợp với những bạn yêu thích sự trẻ trung, thanh lịch.
Thêm vào đó, chiếc smartphone có khối lượng rất nhẹ, chỉ 194g, mang đến cảm giác thoải mái khi cầm nắm. Ngoại hình của smartphone cũng khá nhỏ gọn khi có các kích thước.
Màn hình chất lượng cao mang đến trải nghiệm thị giác đẹp mắt
Màn hình của smartphone có thiết kế hình giọt nước với phần viền ở 4 cạnh rất mỏng giúp tối ưu hóa kích thước hiển thị hình ảnh. Honor X8 5G có kích thước màn hình 6,5 inch, được phủ một tấm nền LCD và độ phân giải là HD+. Dù độ phân giải của thiết bị không cao so với những chiếc smartphone hiện nay nhưng cũng đủ để đáp ứng mọi tác vụ cơ bản.
Đặc biệt hơn sản phẩm này có tích hợp 3 chế độ: eBook, eye comfort và dark mode. Những chế độ này tương thích với từng mục đích khác nhau mang đến những trải nghiệm thị giác thoải mái dù sử dụng điện thoại vào ngày hay đêm, cũng như đọc sách hay lướt web.
Hệ thống camera ấn tượng, ghi lại chi tiết mọi khoảnh khắc
Điện thoại có hệ thống 3 camera, trong đó cảm biến chính có độ phân giải là 48MP. Đi cùng với camera chính là camera macro 2MP và camera đo chiều sâu 2MP. Dù thông số về camera trên phiên bản 5G này không sánh bằng Honor X8 bản 4G đã được ra mắt trước đó, nhưng người dùng vẫn có thể ghi lại những bức hình với độ chi tiết, độ sáng ấn tượng.
Khả năng đa nhiệm mượt mà cùng tốc độ xử lý nhanh chóng
Snapdragon 480+ là bộ vi xử lý đi kèm với Honor X8 5G. Con chip này mang đến tốc độ kết nối 5G cho phép bạn truy cập Internet nhanh hơn, cũng như tiết kiệm thời gian tải xuống dữ liệu.
Dù chỉ được trang bị dung lượng RAM 6GB, nhưng với công nghệ Turbo RAM của Honor, thiết bị được mở rộng thêm 2GB RAM. Nhờ đặc tính này, smartphone có thể đa nhiệm cùng lúc nhiều tác vụ và cho phép người dùng thực hiện thao tác chuyển đổi liên tiếp giữa chúng một cách mượt mà.
Honor X8 5G được cho ra mắt với bộ nhớ khổng lồ, lên đến 128GB. Việc này cho phép người dùng lưu trữ một lượng lớn dữ liệu và không phải lo về vấn đề bộ nhớ bị đầy trong khi sử dụng.
Viên pin lớn cho thời lượng sử dụng cả ngày dài
Một cải tiến ấn tượng không thể không nhắc đến trên phiên bản smartphone 5G này chính là dung lượng pin được nâng cấp lên đến 5000 mAh. Thiết bị có khả năng hoạt động liên tục cả ngày dài chỉ trong một lần sạc và do đó sẽ không gây bất kỳ gián đoạn nào trong quá trình sử dụng.
Ngày ra mắt và giá bán khởi điểm điện thoại Honor X8 5G
Điện thoại Honor X8 5G dự kiến sẽ được hãng cho ra mắt vào ngày 31 tháng 7 năm 2022. Mức giá bán khởi điểm cho dòng smartphone phiên bản 5G này là 259 USD (tương đương với hơn 6 triệu đồng). Nếu so với dòng Honor X8 phiên bản 4G được ra mắt vào tháng 3, chiếc smartphone này có giá nhỉnh hơn 10 USD.
Mua ngay điện thoại Honor X8 5G chính hãng tại CellphoneS
Honor X8 5G sẽ được ra mắt thị trường trong thời gian gần sắp tới. Để mua được smartphone chính hãng với mức giá hấp dẫn, hãy đến ngay Hệ thống bán lẻ công nghệ CellphoneS bạn nhé.","{""Màn hình"": [{""name"": ""Kích thước màn hình"", ""value"": ""6.7 inches""}, {""name"": ""Công nghệ màn hình"", ""value"": ""IPS LCD""}, {""name"": ""Độ phân giải màn hình"", ""value"": ""1080 x 2388 pixels""}], ""Camera sau"": [{""name"": ""Camera sau"", ""value"": ""Camera góc rộng: 64 MP, f/1.8, PDAF\nCamera góc siêu rộng: 5 MP, f/2.2\nCamera macro: 2 MP, f/2.4\nCamera góc sâu: 2 MP, f/2.4""}, {""name"": ""Quay video"", ""value"": ""1080p@30fps""}, {""name"": ""Tính năng camera"", ""value"": ""Đèn flash LED, ảnh toàn cảnh, HDR""}], ""Camera trước"": [{""name"": ""Camera trước"", ""value"": ""16 MP, f/2.5""}, {""name"": ""Quay video trước"", ""value"": ""1080p@30fps""}], ""Vi xử lý & đồ họa"": [{""name"": ""Chipset"", ""value"": ""Qualcomm SM6225 Snapdragon 680 4G (6 nm)""}, {""name"": ""GPU"", ""value"": ""Adreno 610""}], ""Giao tiếp & kết nối"": [{""name"": ""Công nghệ NFC"", ""value"": ""Có""}, {""name"": ""Thẻ SIM"", ""value"": ""Nano-SIM""}, {""name"": ""Jack tai nghe 3.5"", ""value"": ""Có""}, {""name"": ""Hỗ trợ mạng"", ""value"": ""5G""}, {""name"": ""GPS"", ""value"": ""Có, với A-GPS, GLONASS, GALILEO, BDS""}], ""RAM & lưu trữ"": [{""name"": ""Dung lượng RAM"", ""value"": ""6 GB""}, {""name"": ""Bộ nhớ trong"", ""value"": ""128 GB""}, {""name"": ""Khe cắm thẻ nhớ"", ""value"": ""Không""}], ""Pin & công nghệ sạc"": [{""name"": ""Pin"", ""value"": ""Li-Po 4000 mAh, không thể tháo rời""}, {""name"": ""Công nghệ sạc"", ""value"": ""Sạc nhanh 22,5W""}, {""name"": ""Cổng sạc"", ""value"": ""USB Type-C""}], ""Tính năng khác"": [{""name"": ""Hệ điều hành"", ""value"": ""Android 11""}], ""Bộ xử lý & Đồ họa"": [{""name"": ""Loại CPU"", ""value"": ""4x2,4 GHz Kryo 265 Gold & 4x1,9 GHz Kryo 265 Silver""}], ""Kích thước & Trọng lượng"": [{""name"": ""Kích thước"", ""value"": ""163,4 x 74,7 x 7,5 mm""}, {""name"": ""Trọng lượng"", ""value"": ""177 g""}], ""Thiết kế & Trọng lượng"": [{""name"": ""Chất liệu mặt lưng"", ""value"": ""Nhựa""}, {""name"": ""Chất liệu khung viền"", ""value"": ""Nhựa""}], ""Tiện ích khác"": [{""name"": ""Cảm biến vân tay"", ""value"": ""Cảm biến vân tay cạnh bên""}, {""name"": ""Các loại cảm biến"", ""value"": ""Cảm biến gia tốc, Cảm biến tiệm cận, La bàn, Cảm biến áp kế""}], ""Cổng kết nối"": [{""name"": ""Wi-Fi"", ""value"": ""Wi-Fi 802.11 a / b / g / n / ac, băng tần kép, Wi-Fi Direct, điểm phát sóng""}, {""name"": ""Bluetooth"", ""value"": ""5.0, A2DP, LE""}]}","[""https://cdn2.cellphones.com.vn/x/media/catalog/product/x/n/xnahc.png"", ""https://cdn2.cellphones.com.vn/x/media/catalog/product/_/e/_en_ff.png"", ""https://cdn2.cellphones.com.vn/x/media/catalog/product/t/r/trang_1_3.png""]",{}
HONOR Magic 7 Pro,dien-thoai-honor-magic-7-pro,N/A,N/A,"Đặc điểm nổi bật của HONOR Magic 7 Pro
Điện thoại Honor Magic 7 Pro sở hữu màn hình OLED 6.8 inch, chip Snapdragon 8 Elite và pin dung lượng lớn, đáp ứng nhu cầu giải trí và công việc mỗi ngày. Máy sở hữu cụm ba camera sau với cảm biến chính 50 MP, tele 200 MP và camera siêu rộng 50 MP. Kèm theo đó là MagicOS 9 tích hợp các tính năng AI mới.
Nội dung chính
1. Điện thoại Honor Magic 7 Pro - Flagship AI, zoom xa, pin bền
1.1. Tính năng AI thông minh và cập nhật dài hạn
1.2. Hiệu năng mạnh mẽ với Snapdragon 8 Elite
1.3. Camera đa tiêu cự với tele 200 MP
2. Điện thoại Honor Magic 7 Pro khi nào ra mắt?
3. Điện thoại Honor Magic 7 Pro giá bán bao nhiêu?
4. So sánh điện thoại Honor Magic 7 Pro và Honor Magic 6 Pro
5. Mua điện thoại Honor Magic 7 Pro chính hãng tại CellphoneS
Điện thoại Honor Magic 7 Pro - Flagship AI, zoom xa, pin bền
Honor Magic 7 Pro nổi bật với hiệu năng vượt trội, camera sắc nét và độ bền bỉ ấn tượng. Nhờ đầu tư đồng thời vào phần cứng cao cấp và hệ sinh thái phần mềm tối ưu, mẫu điện thoại Honor này phù hợp cho cả nhu cầu giải trí lẫn xử lý công việc.
Tính năng AI thông minh và cập nhật dài hạn
Điện thoại Honor Magic 7 Pro được cài sẵn MagicOS 9, chú trọng mạnh vào hệ thống tính năng AI hỗ trợ thao tác sử dụng hằng ngày. Cụ thể, Magic Portal cho phép khoanh tròn nội dung để hệ thống gợi ý ứng dụng/dịch vụ, hoặc nhấn giữ nội dung và kéo về cạnh màn hình để thả vào app phù hợp.
AI hỗ trợ thông minh, trải nghiệm mượt mà theo thời gian
Các công cụ như AI Summary, AI Notes và AI Text Recognition giúp tóm tắt tài liệu dài, ghi chú nhanh nội dung quan trọng và trích xuất chữ từ hình ảnh thuận tiện. Ngoài ra, máy còn sở hữu AI Translate hỗ trợ dịch thời gian thực nhiều ngôn ngữ ngay trên thiết bị, phù hợp người dùng thường xuyên tiếp xúc tài liệu ngoại ngữ.
Hiệu năng mạnh mẽ với Snapdragon 8 Elite
Điện thoại Honor Magic 7 Pro sử dụng chipset Snapdragon 8 Elite tiến trình 3 nm, hướng tới nhóm người dùng cần hiệu năng cao cho cả làm việc và giải trí. Cụm CPU kiến trúc Oryon kết hợp GPU Adreno 830 mang lại khả năng xử lý nhanh ở các ứng dụng nặng, từ edit ảnh, video ngắn cho đến chơi game đồ họa cao. 
RAM với dung lượng lên đến 16 GB giúp đa nhiệm nhiều ứng dụng cùng lúc, hạn chế tình trạng tải lại khi chuyển đổi qua lại giữa các tác vụ. Bộ nhớ trong với dung lượng tối đa 1 TB cho tốc độ đọc ghi cao, rút ngắn thời gian mở app và truy xuất dữ liệu dung lượng lớn. 
Chip mạnh mẽ, màn hình lớn hiển thị sắc nét
Hệ thống tản nhiệt buồng hơi diện tích lớn được bố trí dọc thân máy, giúp phân tán nhiệt hiệu quả hơn khi người dùng chơi game lâu hoặc quay video 4K kéo dài. Nhờ sự kết hợp này, máy có thể duy trì hiệu năng ổn định trong nhiều kịch bản sử dụng thực tế.
Camera đa tiêu cự với tele 200 MP
Điện thoại Honor Magic 7 Pro được trang bị cụm ba camera sau gồm camera chính 50MP, camera siêu rộng 50 MP và ống kính tele 200MP, hỗ trợ quay chụp linh hoạt. Camera chính dùng cảm biến kích thước lớn cùng khẩu độ biến thiên, giúp thu nhiều ánh sáng hơn khi chụp đêm và vẫn giữ độ sắc nét khi chụp ban ngày. 
Ống kính tele độ phân giải cao, bắt trọn chi tiết xa
Ống kính tele 200 MP zoom quang 3x, kết hợp camera siêu rộng 50 MP giúp chụp linh hoạt từ chân dung tới phong cảnh rộng, giữ hình ảnh nét. Camera trước 50 MP kết hợp cảm biến TOF 3D hỗ trợ mở khóa khuôn mặt và quay video 4K, đáp ứng nhu cầu selfie, gọi video nét.
Điện thoại Honor Magic 7 Pro khi nào ra mắt?
Điện thoại Honor Magic 7 Pro chính thức ra mắt vào ngày 30 tháng 10 năm 2024 tại thị trường nội địa Trung Quốc. Ngay sau thời điểm giới thiệu, model này nhanh chóng gây chú ý nhờ thiết kế sang trọng, hiệu năng mạnh và hệ thống camera linh hoạt. 
Thiết kế sang trọng, chinh phục người dùng mới
Máy được Honor phân phối đầu tiên tại thị trường Trung Quốc. Tiếp đó, sản phẩm được giới thiệu tại các sự kiện quốc tế và mở bán ở một số thị trường châu Âu từ đầu năm 2025.
Điện thoại Honor Magic 7 Pro giá bán bao nhiêu?
Điện thoại Honor Magic 7 Pro thuộc phân khúc flagship cao cấp nên mức giá bán hướng tới người dùng ưu tiên trải nghiệm công nghệ và camera hiện đại. Để dễ hình dung ngân sách, người dùng có thể tham khảo bảng giá dưới đây được quy đổi từ mức niêm yết tại thị trường UAE.
Khu vực / Phiên bản
Cấu hình (RAM / ROM)
Giá niêm yết chính thức
Giá quy đổi tham khảo tại Việt Nam
UAE (website Honor, phiên bản bán chính thức)
12 GB / 512 GB
3.199 AED
Khoảng 22,97 triệu VND
Mức giá ổn định, phù hợp với nhiều người dùng
Mức giá quy đổi chỉ mang tính tham khảo, có thể thay đổi theo tỷ giá, thuế và chính sách khuyến mãi tại từng thời điểm mở bán. Khi Honor Magic 7 Pro bán chính hãng tại Việt Nam, người dùng nên theo dõi thêm tại website CellphoneS để cập nhật giá chính xác.
So sánh điện thoại Honor Magic 7 Pro và Honor Magic 6 Pro
Điện thoại Honor Magic 7 Pro là thế hệ kế nhiệm của Magic 6 Pro, tập trung nâng cấp ở hiệu năng, tính năng AI, camera tele và độ bền tổng thể. Việc so sánh hai model giúp người dùng dễ cân nhắc giữa trải nghiệm công nghệ mới và lựa chọn tối ưu chi phí với thế hệ tiền nhiệm.
Thông số
HONOR Magic 7 Pro
Honor Magic 6 Pro
Kích thước màn hình
6.8 inches
6.8 inches
Công nghệ màn hình
LTPO OLED
OLED
Camera sau
Camera chính: 50MP, f/1.4-f/2.0
Tele 200MP
Ultra-wide 50MP
Camera chính: 50 MP, f/1.4
Camera góc siêu rộng: 50 MP, f/2.0
Camera Telephoto tiềm vọng: 180MP, f/2.6, Zoom quang 2,5x, Zoom kỹ thuật số 100x, OIS
Camera trước
50MP
50MP, f/2.0
Camera độ sâu 3D
Chipset
Snapdragon 8 Elite
Snapdragon 8 Gen 3
Công nghệ NFC
Có
Có
Dung lượng RAM
16 GB
12 GB
Bộ nhớ trong
1 TB
512 GB
Pin
5850 mAh
5600 mAh
Thẻ SIM
2 Nano SIM hoặc 2 eSIM hoặc 1 Nano SIM + 1 eSIM
2 SIM (Nano-SIM)
Hệ điều hành
MagicOS 9.0.1 (Android 15)
Android 14
Độ phân giải màn hình
2800 x 1280 pixels
Tính năng màn hình
Độ phân giải 2K+, Tần số quét 1-120Hz, HDR với độ sáng đỉnh 5000 nits, toàn màn hình 1600 nits (~453 ppi)
1.07 tỷ màu
Loại CPU
8 nhân
1×Cortex-X4 3.3GHz+3×Cortex-A720
3.2GHz+2×Cortex-A720
3.0GHz+2×Cortex-A520 2.3GHz
So sánh nhanh hai thế hệ, dễ chọn phiên bản phù hợp
Honor Magic 7 Pro mang lại lợi thế về chip Snapdragon 8 Elite, tính năng AI sâu hơn, camera tele 200 MP và chuẩn kháng bụi nước cao hơn so với Magic 6 Pro. Ngược lại, Magic 6 Pro vẫn giữ cấu hình mạnh, trải nghiệm ổn định, phù hợp người dùng muốn tối ưu ngân sách nếu giá của thế hệ mới vượt quá chi phí dự kiến.
Mua điện thoại Honor Magic 7 Pro chính hãng tại CellphoneS
Điện thoại Honor Magic 7 Pro chính hãng tại CellphoneS được phân phối với nguồn gốc rõ ràng, đủ hóa đơn và bảo hành minh bạch. Tại cửa hàng, khách hàng có thể trải nghiệm trực tiếp máy, so sánh với model cùng tầm giá và nhận tư vấn cấu hình phù hợp. 
CellphoneS hỗ trợ thu cũ đổi mới, ưu đãi giá và trả góp linh hoạt, giúp giảm áp lực chi phí ban đầu. Hệ thống cửa hàng và kênh online giúp khách hàng mua Honor Magic 7 Pro nhanh, thuận tiện.","{""Màn hình"": [{""name"": ""Kích thước màn hình"", ""value"": ""6.8 inches""}, {""name"": ""Công nghệ màn hình"", ""value"": ""LTPO OLED""}, {""name"": ""Độ phân giải màn hình"", ""value"": ""2800 x 1280 pixels""}, {""name"": ""Tính năng màn hình"", ""value"": ""Độ phân giải 2K+, Tần số quét 1-120Hz, HDR với độ sáng đỉnh 5000 nits, toàn màn hình 1600 nits (~453 ppi)""}, {""name"": ""Tần số quét"", ""value"": ""120Hz""}], ""Camera sau"": [{""name"": ""Camera sau"", ""value"": ""Camera chính: 50MP, f/1.4-f/2.0\nTele 200MP\nUltra-wide 50MP""}, {""name"": ""Quay video"", ""value"": ""4K HDR, chống rung AI, hỗ trợ quay chuyên nghiệp""}, {""name"": ""Tính năng camera"", ""value"": ""Camera 200MP zoom 100x\nChống rung OIS\nChụp đêm AI\nXóa vật thể\nQuay 4K HDR\nSelfie 50MP góc rộng""}], ""Camera trước"": [{""name"": ""Camera trước"", ""value"": ""50MP""}], ""Vi xử lý & đồ họa"": [{""name"": ""Chipset"", ""value"": ""Snapdragon 8 Elite""}, {""name"": ""GPU"", ""value"": ""Adreno 750""}], ""Giao tiếp & kết nối"": [{""name"": ""Công nghệ NFC"", ""value"": ""Có""}, {""name"": ""Thẻ SIM"", ""value"": ""2 Nano SIM hoặc 2 eSIM hoặc 1 Nano SIM + 1 eSIM""}, {""name"": ""Hồng ngoại"", ""value"": ""Có""}, {""name"": ""Hỗ trợ mạng"", ""value"": ""5G""}, {""name"": ""GPS"", ""value"": ""GPS, A-GPS, Glonass, Galileo, BeiDou, QZSS và NavIC""}], ""RAM & lưu trữ"": [{""name"": ""Dung lượng RAM"", ""value"": ""16 GB""}, {""name"": ""Bộ nhớ trong"", ""value"": ""1 TB""}], ""Pin & công nghệ sạc"": [{""name"": ""Pin"", ""value"": ""5850 mAh""}, {""name"": ""Công nghệ sạc"", ""value"": ""Sạc có dây 100W\nSạc không dây 80W""}, {""name"": ""Cổng sạc"", ""value"": ""USB Type-C""}], ""Tính năng khác"": [{""name"": ""Hệ điều hành"", ""value"": ""MagicOS 9.0.1 (Android 15)""}], ""Bộ xử lý & Đồ họa"": [{""name"": ""Loại CPU"", ""value"": ""8 nhân""}], ""Thiết kế & Trọng lượng"": [{""name"": ""Chất liệu mặt lưng"", ""value"": ""Kính""}, {""name"": ""Chất liệu khung viền"", ""value"": ""Nhôm""}], ""Thông số khác"": [{""name"": ""Chỉ số kháng nước, bụi"", ""value"": ""IP58\nIP59""}, {""name"": ""Công nghệ âm thanh"", ""value"": ""Loa kép, spatial audio, chứng nhận SGS 5 sao""}], ""Tiện ích khác"": [{""name"": ""Cảm biến vân tay"", ""value"": ""Cảm biến vân tay dưới màn hình""}, {""name"": ""Các loại cảm biến"", ""value"": ""Cảm biến gia tốc, Cảm biến tiệm cận, Cảm biến ánh sáng, La bàn, Con quay hồi chuyển""}, {""name"": ""Tính năng đặc biệt"", ""value"": ""Hỗ trợ 5G, Sạc không dây, Bảo mật vân tay, Kháng nước, kháng bụi, Điện thoại AI""}], ""Cổng kết nối"": [{""name"": ""Wi-Fi"", ""value"": ""Wi-Fi 7""}, {""name"": ""Bluetooth"", ""value"": ""5.3""}]}","[""https://cdn2.cellphones.com.vn/x/media/catalog/product/d/i/dien-thoai-honor-magic-7-pro-2.jpg"", ""https://cdn2.cellphones.com.vn/x/media/catalog/product/d/i/dien-thoai-honor-magic-7-pro-1.jpg"", ""https://cdn2.cellphones.com.vn/x/media/catalog/product/d/i/dien-thoai-honor-magic-7-pro-3.jpg""]",{}
HONOR 600 Lite,dien-thoai-honor-600-lite,N/A,N/A,,"{""Màn hình"": [{""name"": ""Kích thước màn hình"", ""value"": ""6.66 inches""}, {""name"": ""Công nghệ màn hình"", ""value"": ""AMOLED""}, {""name"": ""Tính năng màn hình"", ""value"": ""Độ phân giải: 1.5K, 120 Hz, độ sáng tối đa 6500 nits""}, {""name"": ""Tần số quét"", ""value"": ""120Hz""}], ""Camera sau"": [{""name"": ""Camera sau"", ""value"": ""108 MP + 5 MP""}], ""Camera trước"": [{""name"": ""Camera trước"", ""value"": ""16 MP""}], ""Vi xử lý & đồ họa"": [{""name"": ""Chipset"", ""value"": ""MediaTek Dimensity 7100 Elite""}], ""Giao tiếp & kết nối"": [{""name"": ""Công nghệ NFC"", ""value"": ""Có""}, {""name"": ""Hỗ trợ mạng"", ""value"": ""5G""}], ""RAM & lưu trữ"": [{""name"": ""Dung lượng RAM"", ""value"": ""12 GB""}, {""name"": ""Bộ nhớ trong"", ""value"": ""256 GB""}], ""Pin & công nghệ sạc"": [{""name"": ""Pin"", ""value"": ""6.520 mAh""}, {""name"": ""Công nghệ sạc"", ""value"": ""Sạc nhanh 45W""}], ""Tính năng khác"": [{""name"": ""Hệ điều hành"", ""value"": ""MagicOS 10 (Android 16)""}], ""Bộ xử lý & Đồ họa"": [{""name"": ""Loại CPU"", ""value"": ""8 nhân""}], ""Thông số khác"": [{""name"": ""Chỉ số kháng nước, bụi"", ""value"": ""IP66""}], ""Cổng kết nối"": [{""name"": ""Bluetooth"", ""value"": ""6.0""}]}","[""https://cdn2.cellphones.com.vn/x/media/catalog/product/h/o/honor_600_lite.jpg""]",{}
HONOR 600 Lite 5G 8GB 256GB,dien-thoai-honor-600-lite-8gb-256gb,N/A,N/A,,"{""Màn hình"": [{""name"": ""Kích thước màn hình"", ""value"": ""6.66 inches""}, {""name"": ""Công nghệ màn hình"", ""value"": ""AMOLED""}, {""name"": ""Tính năng màn hình"", ""value"": ""Độ phân giải: 1.5K, 120 Hz, độ sáng tối đa 6500 nits""}, {""name"": ""Tần số quét"", ""value"": ""120Hz""}], ""Camera sau"": [{""name"": ""Camera sau"", ""value"": ""108 MP + 5 MP""}], ""Camera trước"": [{""name"": ""Camera trước"", ""value"": ""16 MP""}], ""Vi xử lý & đồ họa"": [{""name"": ""Chipset"", ""value"": ""MediaTek Dimensity 7100 Elite""}], ""Giao tiếp & kết nối"": [{""name"": ""Công nghệ NFC"", ""value"": ""Có""}, {""name"": ""Hỗ trợ mạng"", ""value"": ""5G""}], ""RAM & lưu trữ"": [{""name"": ""Dung lượng RAM"", ""value"": ""8 GB""}, {""name"": ""Bộ nhớ trong"", ""value"": ""256 GB""}], ""Pin & công nghệ sạc"": [{""name"": ""Pin"", ""value"": ""6.520 mAh""}, {""name"": ""Công nghệ sạc"", ""value"": ""Sạc nhanh 45W""}], ""Tính năng khác"": [{""name"": ""Hệ điều hành"", ""value"": ""MagicOS 10 (Android 16)""}], ""Bộ xử lý & Đồ họa"": [{""name"": ""Loại CPU"", ""value"": ""8 nhân""}], ""Thông số khác"": [{""name"": ""Chỉ số kháng nước, bụi"", ""value"": ""IP66""}], ""Cổng kết nối"": [{""name"": ""Bluetooth"", ""value"": ""6.0""}]}","[""https://cdn2.cellphones.com.vn/x/media/catalog/product/h/o/honor_600_lite_1.jpg""]",{}
Honor Play 7T,honor-play-7t,N/A,N/A,"Honor Play 7T được trang bị chipset MediaTek - Dimensity 6020 cùng bộ nhớ RAM 8GB mang lại hiệu năng ấn tượng. Điện thoại sở hữu chất lượng quay chụp siêu sắc nét với cụm camera 64MP chất lượng cao. Màn hình LCD 6.74 inch siêu lớn cho khả năng hiển thị mượt mà, sắc nét. Kèm theo đó, mẫu điện thoại Honor này còn sở hữu dung lượng Pin cực khủng 6000mAh cùng công suất sạc 22.5W, thoả sức đắm chìm mà không lo gián đoạn trải nghiệm.
Nội dung chính
1. Điện thoại Honor Play 7T - Hiệu năng ổn định, dung lượng pin siêu khủng
1.1. Chipset Dimensity 6020 đem lại hiệu năng xử lý ấn tượng.
1.2. Quay chụp sắc nét hơn với cảm biến camera 64MP hiện đại
1.3. Dung lượng Pin 6000mAh cực khủng, cho trải nghiệm dài ngày
1.4. Hiển thị mượt mà hơn trên nền LCD 6.74 inch cỡ lớn
1.5. Thiết kế thời thượng, cảm biến vân tay tích hợp hiện đại
2. Điện thoại Honor Play 7T khi nào ra mắt?
3. Điện thoại Honor Play 7T giá bao nhiêu?
4. Mua điện thoại Honor Play 7T chính hãng, giá tốt tại CellphoneS
Điện thoại Honor Play 7T - Hiệu năng ổn định, dung lượng pin siêu khủng
Ấn phẩm công nghệ Honor Play 7T vừa mới được ra mắt trên thị trường đang là tâm điểm chú ý trên nhiều diễn đàn smartphone. Nổi bật với giao diện bên ngoài bắt mắt cùng thông số cấu hình, hiển thị ấn tượng, Honor Play 7T mang tới cho người dùng những trải nghiệm lướt web, chơi game cực kỳ mượt mà. Bạn có thể tham khảo thêm thông số của Play 7T trong bài viết này nhé!
Chipset Dimensity 6020 đem lại hiệu năng xử lý ấn tượng.
Thông số cấu hình trên Honor Play 7T được đánh giá khá cao. Cụ thể, phân khúc smartphone giá rẻ của Honor này được tích hợp chipset nổi bật của MediaTek - Dimensity 6020. Vi xử lý này mang trong mình khả năng tính toán siêu nhạy bén với điểm hiệu năng có thể lên tới gần 370 nghìn điểm.
Thông qua chipset nổi trội này, Honor Play 7T có thể dễ dàng xử lý được mọi tác vụ của người dùng. Đem tới trải nghiệm lướt web, giải trí cực kỳ tuyệt vời.
Quay chụp sắc nét hơn với cảm biến camera 64MP hiện đại
Hệ thống camera kép chất lượng cao cũng là điểm nhấn làm nên sự vượt trội của Honor Play 7T. Theo đó, ở phía mặt lưng của Play 7T được tích hợp cụm camera kép hiện đại. Trong đó, camera chính có độ sắc nét 64MP cùng 2MP đối với cảm biến phụ. 
Đồng thời, máy ảnh selfie trên smartphone này cũng khá nổi bật với độ sắc nét lên tới 5MP. Thông số máy ảnh của Honor Play 7T bao gồm nhiều tính năng quay chụp hàng đầu hiện nay như: Tự động lấy nét, quay phim HDR. Nhờ đó điện thoại có thể đem tới những trải nghiệm quay phim, chụp ảnh vô cùng mượt mà, sắc nét.
Dung lượng Pin 6000mAh cực khủng, cho trải nghiệm dài ngày
Ưu điểm mạnh mẽ nhất trên Honor Play 7T có lẽ chính là dung lượng pin cực kỳ “trâu bò”. Với thông số năng lượng lên tới 6000mAh, người dùng có thể thoải mái đắm chìm trong những tựa game đỉnh cao cả ngày dài mà không lo bị gián đoạn trải nghiệm. 
Công suất sạc của Play 7T vẫn sẽ được giữ nguyên ở mức 22.5W giống với thế hệ Play 6T trước đó. Giúp người dùng tiết kiệm được nhiều thời gian trong quá trình nạp lại năng lượng, nâng cao trải nghiệm sử dụng.
Hiển thị mượt mà hơn trên nền LCD 6.74 inch cỡ lớn
Về khả năng hiển thị, Honor Play 7T cũng khá nổi bật trên phân khúc smartphone giá rẻ. Với tấm nền hiển thị IPS LCD 6.74 inch hiện đại cùng độ phân giải HD+, Play 7T cho trải nghiệm hình ảnh mượt mà, chân thực trong từng chi tiết.
Bên cạnh đó, máy còn sở hữu tần số quét màn hình lên tới 90Hz. Mang tới cho người sử dụng chất lượng hiển thị mượt mà trong từng khung hình .
Thiết kế thời thượng, cảm biến vân tay tích hợp hiện đại
Thiết kế bên ngoài của Honor Play 7T nổi bật với những đường cong bo vô cùng tinh tế. Phần mặt lưng của máy được làm dạng phẳng và hơi cong bo về phía viền thân máy giúp đem lại cảm giác cầm nắm cực kỳ thoải mái cho người sử dụng.
Ngoài ra, Play 7T còn sở hữu cảm biến vân tay ở phía viền phải. Giúp người dùng dễ dàng mở khóa máy chỉ với một chạm đơn giản.
Điện thoại Honor Play 7T khi nào ra mắt?
Được biết, ấn phẩm công nghệ nổi bật của nhà Honor đã được giới thiệu đến với người dùng vào thời điểm cuối tháng 3 vừa rồi. Cụ thể, Honor Play 7T đã chính thức được ra mắt vào ngày 28/3 vừa qua.
Trong lần ra mắt này, Honor Play 7T sẽ sở hữu 3 phiên bản màu sắc khác nhau là: Đen, Cầu Vồng và Xanh Lam. Đây đều là 3 tuỳ chọn màu sắc vô cùng sang trọng. Tạo điểm nhấn và thể hiện được sự thời thượng, thanh lịch của người sử dụng giữa đám đông.
Điện thoại Honor Play 7T giá bao nhiêu?
Dù sở hữu thông số kỹ thuật cực đỉnh nhưng Honor Play 7T lại có giá thành vô cùng hấp dẫn. Theo đó, phiên bản 8GB/ 128GB của Play 7T có giá thành chỉ 1099 CNY (khoảng 3.7 triệu VNĐ). Trong khi phiên bản 256GB bộ nhớ trong cũng chỉ có mức giá 1299 CNY (khoảng 4.4 triệu VNĐ).
So với những dòng smartphone cùng phân khúc khác thì đây là một mức giá không thể nào hấp dẫn hơn. Trong cùng tầm giá này, Honor Play 7T sẽ là đối thủ cạnh tranh trực tiếp với các smartphone vượt trội khác như: Xiaomi Redmi Note 11, Samsung Galaxy A14, Nokia G22.
Mua điện thoại Honor Play 7T chính hãng, giá tốt tại CellphoneS
Honor Play 7T nổi bật với thiết kế thời thượng cùng hiệu năng xử lý ấn tượng sẽ là thế hệ smartphone mà bạn nên trải nghiệm qua. Để sở hữu phân khúc điện thoại thông minh giá rẻ này với chất lượng chính hãng, bạn có thể tham khảo thêm tại cửa hàng CellphoneS nhé!
CellphoneS với hơn 100 chi nhánh trên toàn quốc sẽ là điểm đến mua sắm lý tưởng dành cho bạn. Liên hệ với cửa hàng CellphoneS qua số hotline 1800 2097 để được tư vấn và hướng dẫn đặt hàng ngay bạn nhé!","{""Màn hình"": [{""name"": ""Kích thước màn hình"", ""value"": ""6.74 inches""}, {""name"": ""Công nghệ màn hình"", ""value"": ""IPS LCD""}, {""name"": ""Độ phân giải màn hình"", ""value"": ""720 x 1600 pixel""}, {""name"": ""Tính năng màn hình"", ""value"": ""Tần số quét 90Hz""}], ""Camera sau"": [{""name"": ""Camera sau"", ""value"": ""Camera góc rộng: 50 MP, f/1.8, PDAF\nCamera đo độ sâu: 2 MP, f/2.4""}, {""name"": ""Quay video"", ""value"": ""1080p@30fps""}, {""name"": ""Tính năng camera"", ""value"": ""Đèn flash LED, HDR, toàn cảnh""}], ""Camera trước"": [{""name"": ""Camera trước"", ""value"": ""Camera góc rộng: 5 MP, f/2.2""}, {""name"": ""Quay video trước"", ""value"": ""1080p@30fps""}], ""Vi xử lý & đồ họa"": [{""name"": ""Chipset"", ""value"": ""Mediatek Dimensity 6020 (7 nm)""}, {""name"": ""GPU"", ""value"": ""Mali-G57 MC2""}], ""Giao tiếp & kết nối"": [{""name"": ""Công nghệ NFC"", ""value"": ""Không""}, {""name"": ""Thẻ SIM"", ""value"": ""2 SIM (Nano-SIM)""}, {""name"": ""Hồng ngoại"", ""value"": ""Không""}, {""name"": ""Jack tai nghe 3.5"", ""value"": ""Có""}, {""name"": ""Hỗ trợ mạng"", ""value"": ""5G""}, {""name"": ""GPS"", ""value"": ""GPS, GLONASS, GALILEO, BDS""}], ""RAM & lưu trữ"": [{""name"": ""Dung lượng RAM"", ""value"": ""8 GB""}, {""name"": ""Bộ nhớ trong"", ""value"": ""128 GB""}, {""name"": ""Khe cắm thẻ nhớ"", ""value"": ""Không""}], ""Pin & công nghệ sạc"": [{""name"": ""Pin"", ""value"": ""6000 mAh""}, {""name"": ""Công nghệ sạc"", ""value"": ""Công nghệ sạc 22.5W""}, {""name"": ""Cổng sạc"", ""value"": ""USB Type-C""}], ""Tính năng khác"": [{""name"": ""Hệ điều hành"", ""value"": ""Android 12""}], ""Bộ xử lý & Đồ họa"": [{""name"": ""Loại CPU"", ""value"": ""2x2.2 GHz Cortex-A76 & 6x2.0 GHz Cortex-A55""}], ""Kích thước & Trọng lượng"": [{""name"": ""Kích thước"", ""value"": ""167.5 x 76.9 x 8.3 mm""}, {""name"": ""Trọng lượng"", ""value"": ""196 g""}], ""Tiện ích khác"": [{""name"": ""Cảm biến vân tay"", ""value"": ""Cảm biến vân tay cạnh bên""}, {""name"": ""Các loại cảm biến"", ""value"": ""Cảm biến gia tốc, Cảm biến tiệm cận, La bàn, Cảm biến áp kế""}], ""Cổng kết nối"": [{""name"": ""Wi-Fi"", ""value"": ""802.11 a/b/g/n/ac""}, {""name"": ""Bluetooth"", ""value"": ""v5.1, A2DP, LE""}], ""Thông tin chung"": [{""name"": ""Thời điểm ra mắt"", ""value"": ""04/2023""}]}","[""https://cdn2.cellphones.com.vn/x/media/catalog/product/s/d/sdww_1_.jpg"", ""https://cdn2.cellphones.com.vn/x/media/catalog/product/s/d/sdww_2_.jpg"", ""https://cdn2.cellphones.com.vn/x/media/catalog/product/s/d/sdww.jpg""]",{}
Honor Power,dien-thoai-honor-power,N/A,N/A,"Đặc điểm nổi bật của Honor Power
Điện thoại Honor Power được trang bị bộ vi xử lý Qualcomm Snapdragon 7 Gen 3 và RAM dung lượng lớn, cho hiệu suất mạnh mẽ, tốc độ phản hồi nhanh. Thiết bị sở hữu hệ thống camera độ phân giải cao, hỗ trợ người dùng chụp ảnh, quay video rõ nét. Đặc biệt, máy sử dụng viên pin dung lượng 8000mAh, có khả năng hoạt động bền bỉ, liên tục.
Nội dung chính
1. Điện thoại Honor Power - Hiệu năng ấn tượng, dung lượng pin lớn
1.1. Bộ xử lý Qualcomm Snapdragon 7 Gen 3 cao cấp
1.2. Hệ thống camera tiên tiến, hình ảnh chân thực
1.3. Dung lượng pin siêu lớn, tích hợp sạc nhanh
1.4. Màn hình sắc nét, chuyển động siêu mượt
2. Điện thoại Honor Power khi nào ra mắt?
3. Điện thoại Honor Power giá bán bao nhiêu tiền?
4. Mua điện thoại Honor Power chính hãng tại Cellphones
Điện thoại Honor Power - Hiệu năng ấn tượng, dung lượng pin lớn
Honor Power là chiếc smartphone lý tưởng dành cho người yêu thích tốc độ xử lý cao, hiệu năng mạnh mẽ và trải nghiệm hình ảnh chân thực. Phiên bản điện thoại Honor này sở hữu các công nghệ và tính năng hữu ích như sau.
Bộ xử lý Qualcomm Snapdragon 7 Gen 3 cao cấp
Bộ xử lý trung tâm của điện thoại Honor Power là chip Qualcomm Snapdragon 7 Gen 3 gồm 8 nhân, giúp chạy đa nhiệm mượt mà, ổn định. Bên cạnh đó, GPU Adreno 720 có hiệu suất đồ họa ấn tượng, mang lại cho người dùng trải nghiệm mượt mà khi xem phim hay chơi game chất lượng cao. Với bộ nhớ trong dung lượng lớn, thiết bị cung cấp không gian lưu trữ rộng rãi cho tài liệu, hình ảnh và video độ phân giải cao.
Hệ thống camera tiên tiến, hình ảnh chân thực
Điện thoại Honor Power sở hữu hệ thống camera đa năng, hỗ trợ chụp ảnh và quay video chất lượng cao. Cụ thể, máy sử dụng hệ thống 3 camera cao cấp:
Camera sau 50MP, khẩu độ f/2.0, trang bị giảm rung quang học OIS, zoom kỹ thuật số đến 10x, chế độ chụp ban đêm đảm bảo ảnh rõ trong điều kiện thiếu sáng.
Camera sau góc rộng 5MP thích hợp để chụp nhóm đông người, phong cảnh xa mà không cần phải zoom nhiều.
Camera trước 16MP, khẩu độ f/2.5, tích hợp chế độ chụp chân dung sắc nét, hẹn giờ, vòng sáng hỗ trợ selfie,...
Đặc biệt, chức năng chụp ảnh AI giúp tối ưu hóa chất lượng để đảm bảo mang đến hình ảnh sắc nét, sống động. Nhờ đó, người dùng có thể tiết kiệm thời gian điều chỉnh thông số thủ công mà vẫn có ảnh đẹp.
Dung lượng pin siêu lớn, tích hợp sạc nhanh
Điện thoại Honor Power sử dụng viên pin có dung lượng lớn lên đến 8000mAh, cung cấp thời gian sử dụng ấn tượng. Viên pin này có thể cho thời lượng pin sử dụng liên tục trong nhiều giờ.
Thiết bị còn được hỗ trợ công nghệ sạc nhanh 66W, đặc biệt hữu ích với những ai thường xuyên bận rộn. Chế độ sạc thông minh có khả năng tối ưu hóa quá trình sạc, hạn chế tình trạng hư hỏng pin do sạc quá nhanh hoặc quá lâu.
Màn hình sắc nét, chuyển động siêu mượt
Điện thoại Honor Power sở hữu màn hình cảm ứng 6.78 inch, hỗ trợ thao tác đa điểm mượt mà. Với độ phân giải 2700 x 1224 pixels và dải màu rộng, thiết bị có khả năng hiển thị hình ảnh chân thực, rực rỡ, đặc biệt hữu ích khi chơi game đồ họa phức tạp. Công nghệ màn hình AMOLED mang lại nội dung có độ tương phản cao, sống động.
Màn hình hỗ trợ chế độ HDR, tái tạo hình ảnh và video với độ tương phản cao. Bên cạnh đó, màn hình còn đạt một số chứng nhận bảo vệ mắt như Low Blue Light giảm ánh sáng xanh, Vico A+ đảm bảo chất lượng hiển thị ổn định và thân thiện với mắt.
Điện thoại Honor Power khi nào ra mắt?
Điện thoại Honor Power được ra mắt chính thức tại thị trường Trung Quốc vào ngày 15 tháng 4 năm 2025. Đây là các phiên bản đầu tiên trong dòng sản phẩm Honor Power của hãng.
Điện thoại chính thức mở bán từ ngày 18 tháng 4 năm 2025 và đang được nhiều người mua săn đón. Từ ngày này, khách hàng có thể đặt mua thiết bị trên trang web của hãng hoặc qua các đại lý ủy quyền.
Điện thoại Honor Power giá bán bao nhiêu tiền?
Điện thoại Honor Power có giá bán khởi điểm tại Trung Quốc là 1999 CNY, tương đương khoảng 7.1 triệu đồng. Đây là mức giá thích hợp cho phân khúc khách hàng phổ thông. Tuy nhiên, bảng giá của sản phẩm có sự thay đổi tùy theo RAM và bộ nhớ, cụ thể như sau.
Bản 8GB 256GB: 1999 CNY ~ 7.1 triệu.
Bản 12GB 256GB: 2199 CNY ~ 7.8 triệu.
Bản 12GB 512GB: 2499 CNY ~ 8.9 triệu.
Mua điện thoại Honor Power chính hãng tại Cellphones
Với dung lượng pin khủng và hàng loạt công nghệ tiên tiến, điện thoại Honor Power có thể đáp ứng tốt mọi nhu cầu học tập, làm việc, giải trí của người mua. Hãy đến ngay chi nhánh CellphoneS gần nhất để mua thiết bị với giá cực hấp dẫn. Cửa hàng còn hỗ trợ đổi mới, chính sách bảo hành dài hạn để khách hàng yên tâm sử dụng. Ngoài ra, CellphoneS còn có chương trình giao hàng tận nơi tiện lợi và khuyến mãi đặc biệt cho thành viên Smember.","{""Màn hình"": [{""name"": ""Kích thước màn hình"", ""value"": ""6.78 inches""}, {""name"": ""Công nghệ màn hình"", ""value"": ""AMOLED""}, {""name"": ""Tính năng màn hình"", ""value"": ""Độ phân giải: 2.700 x 1.224 pixels\nTần số quét: 120 Hz\nĐộ sáng tối đa 4.000 nits\nDCI-P3""}], ""Camera sau"": [{""name"": ""Camera sau"", ""value"": ""Camera chính: 50 MP f/1.95\nCamera phụ: 5 MP""}, {""name"": ""Tính năng camera"", ""value"": ""Chống rung OIS""}], ""Camera trước"": [{""name"": ""Camera trước"", ""value"": ""16 MP f/2.45""}], ""Vi xử lý & đồ họa"": [{""name"": ""Chipset"", ""value"": ""Qualcomm Snapdragon 7 Gen 3""}, {""name"": ""GPU"", ""value"": ""Adreno 720""}], ""RAM & lưu trữ"": [{""name"": ""Dung lượng RAM"", ""value"": ""8 GB""}, {""name"": ""Bộ nhớ trong"", ""value"": ""256 GB""}], ""Pin & công nghệ sạc"": [{""name"": ""Pin"", ""value"": ""8.000mAh""}, {""name"": ""Công nghệ sạc"", ""value"": ""Hỗ trợ sạc nhanh 66 W""}], ""Tính năng khác"": [{""name"": ""Hệ điều hành"", ""value"": ""MagicOS 9.0 - Android 15""}], ""Kích thước & Trọng lượng"": [{""name"": ""Kích thước"", ""value"": ""Độ dày: 7.98 mm""}, {""name"": ""Trọng lượng"", ""value"": ""209g""}], ""Thông số khác"": [{""name"": ""Công nghệ - Tiện ích"", ""value"": ""Tích hợp mô hình AI DeepSeek với trợ lý AI YOYO""}]}","[""https://cdn2.cellphones.com.vn/x/media/catalog/product/d/i/dien-thoai-honor-power_1_.png"", ""https://cdn2.cellphones.com.vn/x/media/catalog/product/d/i/dien-thoai-honor-power.png"", ""https://cdn2.cellphones.com.vn/x/media/catalog/product/d/i/dien-thoai-honor-power_2_.png""]",{}
Honor 90 512GB,honor-90-512gb,N/A,N/A,,"{""Màn hình"": [{""name"": ""Kích thước màn hình"", ""value"": ""6.7 inches""}, {""name"": ""Công nghệ màn hình"", ""value"": ""AMOLED""}, {""name"": ""Độ phân giải màn hình"", ""value"": ""1224 x 2664 pixels""}, {""name"": ""Tính năng màn hình"", ""value"": ""1.07 tỷ màu""}], ""Camera sau"": [{""name"": ""Camera sau"", ""value"": ""Camera góc rộng: 200MP, f/1.9\nCamera góc siêu rộng: 12MP, f/2.2\nCamera đo độ sâu: 5MP, f/2.2\nCamera Macro: 12MP, f/2.2""}, {""name"": ""Quay video"", ""value"": ""4K (3840×2160) pixels""}, {""name"": ""Tính năng camera"", ""value"": ""Ảnh chuyển động, chụp ảnh AI, Góc siêu rộng, Khẩu độ, Nhiều video, Chụp ban đêm, Chế độ chân dung""}], ""Camera trước"": [{""name"": ""Camera trước"", ""value"": ""50MP, f/2.4""}, {""name"": ""Quay video trước"", ""value"": ""4K (3840×2160) pixels""}], ""Vi xử lý & đồ họa"": [{""name"": ""Chipset"", ""value"": ""Snapdragon 7 Gen 1 Accelerated Edition""}, {""name"": ""GPU"", ""value"": ""Adreno 644""}], ""Giao tiếp & kết nối"": [{""name"": ""Công nghệ NFC"", ""value"": ""Có""}, {""name"": ""Thẻ SIM"", ""value"": ""2 SIM (Nano-SIM)""}, {""name"": ""Hỗ trợ mạng"", ""value"": ""5G""}, {""name"": ""GPS"", ""value"": ""Support GPS/AGPS/GLONASS/BeiDou/ Galileo""}], ""RAM & lưu trữ"": [{""name"": ""Dung lượng RAM"", ""value"": ""8 GB""}, {""name"": ""Bộ nhớ trong"", ""value"": ""256 GB""}], ""Pin & công nghệ sạc"": [{""name"": ""Pin"", ""value"": ""4900 mAh""}, {""name"": ""Công nghệ sạc"", ""value"": ""Sạc nhanh 66W""}, {""name"": ""Cổng sạc"", ""value"": ""USB Type-C""}], ""Tính năng khác"": [{""name"": ""Hệ điều hành"", ""value"": ""Android 13""}], ""Bộ xử lý & Đồ họa"": [{""name"": ""Loại CPU"", ""value"": ""1×Cortex-A710 2.5GHz + 3×Cortex-A710 2.36GHz + 4×Cortex-A510 1.8GHz""}], ""Kích thước & Trọng lượng"": [{""name"": ""Kích thước"", ""value"": ""161.9 x 74.1 x 7.8 mm""}, {""name"": ""Trọng lượng"", ""value"": ""183g""}], ""Tiện ích khác"": [{""name"": ""Cảm biến vân tay"", ""value"": ""Cảm biến vân tay cạnh bên""}, {""name"": ""Các loại cảm biến"", ""value"": ""Cảm biến tiệm cận, Cảm biến ánh sáng, La bàn, Con quay hồi chuyển, Cảm biến trọng lực""}], ""Cổng kết nối"": [{""name"": ""Wi-Fi"", ""value"": ""802.11 a/b/g/n/ac/ax, 2x2 MIMO""}, {""name"": ""Bluetooth"", ""value"": ""v5.2""}]}","[""https://cdn2.cellphones.com.vn/x/media/catalog/product/h/o/honor-90-512gb_3_.png"", ""https://cdn2.cellphones.com.vn/x/media/catalog/product/h/o/honor-90-512gb_1_.png"", ""https://cdn2.cellphones.com.vn/x/media/catalog/product/h/o/honor-90-512gb_2_.png""]",{}
