name,sku,base_price,sale_price,description,specifications,images,colors
Laptop ASUS Vivobook S 14 FLIP TP3402VA-LZ632W,laptop-asus-vivobook-s-14-flip-tp3402va-lz632w,,,,,"[""https://cdn2.cellphones.com.vn/x/media/catalog/product/t/e/text_ng_n_2__9_31.png"", ""https://cdn2.cellphones.com.vn/x/media/catalog/product/t/e/text_ng_n_15__7_173.png"", ""https://cdn2.cellphones.com.vn/x/media/catalog/product/t/e/text_ng_n_26__6_49.png"", ""https://cdn2.cellphones.com.vn/x/media/catalog/product/t/e/text_ng_n_25__7_45.png"", ""https://cdn2.cellphones.com.vn/x/media/catalog/product/t/e/text_ng_n_23__3_53.png"", ""https://cdn2.cellphones.com.vn/x/media/catalog/product/t/e/text_ng_n_24__3_48.png"", ""https://cdn2.cellphones.com.vn/x/media/catalog/product/t/e/text_ng_n_21__4_60.png"", ""https://cdn2.cellphones.com.vn/x/media/catalog/product/t/e/text_ng_n_16__6_132.png"", ""https://cdn2.cellphones.com.vn/x/media/catalog/product/t/e/text_ng_n_18__6_64.png"", ""https://cdn2.cellphones.com.vn/x/media/catalog/product/t/e/text_ng_n_14__8_27.png"", ""https://cdn2.cellphones.com.vn/x/media/catalog/product/t/e/text_ng_n_17__8_81.png"", ""https://cdn2.cellphones.com.vn/x/media/catalog/product/t/e/text_ng_n_13__7_27.png"", ""https://cdn2.cellphones.com.vn/x/media/catalog/product/t/e/text_ng_n_12__7_18.png"", ""https://cdn2.cellphones.com.vn/x/media/catalog/product/t/e/text_ng_n_11__6_19.png"", ""https://cdn2.cellphones.com.vn/x/media/catalog/product/t/e/text_ng_n_10__5_27.png"", ""https://cdn2.cellphones.com.vn/x/media/catalog/product/t/e/text_ng_n_8__5_21.png"", ""https://cdn2.cellphones.com.vn/x/media/catalog/product/t/e/text_ng_n_9__7_14.png"", ""https://cdn2.cellphones.com.vn/x/media/catalog/product/t/e/text_ng_n_3__7_41.png"", ""https://cdn2.cellphones.com.vn/x/media/catalog/product/t/e/text_ng_n_22__4_58.png"", ""https://cdn2.cellphones.com.vn/x/media/catalog/product/t/e/text_ng_n_19__4_65.png"", ""https://cdn2.cellphones.com.vn/x/media/catalog/product/t/e/text_ng_n_20__5_66.png"", ""https://cdn2.cellphones.com.vn/x/media/catalog/product/t/e/text_ng_n_4__7_95.png"", ""https://cdn2.cellphones.com.vn/x/media/catalog/product/t/e/text_ng_n_5__8_96.png"", ""https://cdn2.cellphones.com.vn/x/media/catalog/product/t/e/text_ng_n_27__8_19.png"", ""https://cdn2.cellphones.com.vn/x/media/catalog/product/t/e/text_ng_n_6__3_26.png"", ""https://cdn2.cellphones.com.vn/x/media/catalog/product/t/e/text_ng_n_27__9_2.png"", ""https://cdn2.cellphones.com.vn/x/media/catalog/product/t/e/text_ng_n_28__8_28.png"", ""https://cdn2.cellphones.com.vn/x/media/catalog/product/t/e/text_ng_n_7__3_21.png""]","{""product_color_1"": {""color"": ""Bạc"", ""image_url"": ""https://cdn2.cellphones.com.vn/insecure/rs:fill:50:50/q:90/plain/https://cellphones.com.vn/media/catalog/product/t/e/text_ng_n_2__9_32.png"", ""image_url_display"": ""https://cellphones.com.vn/media/catalog/product/t/e/text_ng_n_2__9_32.png"", ""product_url"": ""https://cellphones.com.vn/laptop-asus-vivobook-s-14-flip-tp3402va-lz632w.html?product_id=102314"", ""price"": ""20.990.000₫""}}"
Laptop ASUS TUF Gaming F16 FX607VJ-RL034W,laptop-asus-tuf-gaming-f16-fx607vj-rl034w,,,,,"[""https://cdn2.cellphones.com.vn/x/media/catalog/product/t/e/text_ng_n_7__4_146.png"", ""https://cdn2.cellphones.com.vn/x/media/catalog/product/t/e/text_ng_n_6__4_162.png"", ""https://cdn2.cellphones.com.vn/x/media/catalog/product/t/e/text_ng_n_2__9_133.png"", ""https://cdn2.cellphones.com.vn/x/media/catalog/product/t/e/text_ng_n_1__9_92.png"", ""https://cdn2.cellphones.com.vn/x/media/catalog/product/t/e/text_ng_n_15_43.png"", ""https://cdn2.cellphones.com.vn/x/media/catalog/product/t/e/text_ng_n_5__9_183.png"", ""https://cdn2.cellphones.com.vn/x/media/catalog/product/t/e/text_ng_n_3__7_129.png"", ""https://cdn2.cellphones.com.vn/x/media/catalog/product/t/e/text_ng_n_4__7_177.png"", ""https://cdn2.cellphones.com.vn/x/media/catalog/product/t/e/text_ng_n_10__5_154.png"", ""https://cdn2.cellphones.com.vn/x/media/catalog/product/t/e/text_ng_n_9__9_137.png"", ""https://cdn2.cellphones.com.vn/x/media/catalog/product/t/e/text_ng_n_11__7_101.png"", ""https://cdn2.cellphones.com.vn/x/media/catalog/product/t/e/text_ng_n_8__6_152.png""]","{""product_color_1"": {""color"": ""Xám"", ""image_url"": ""https://cdn2.cellphones.com.vn/insecure/rs:fill:50:50/q:90/plain/https://cellphones.com.vn/media/catalog/product/t/e/text_ng_n_7__4_147.png"", ""image_url_display"": ""https://cellphones.com.vn/media/catalog/product/t/e/text_ng_n_7__4_147.png"", ""product_url"": ""https://cellphones.com.vn/laptop-asus-tuf-gaming-f16-fx607vj-rl034w.html?product_id=106536"", ""price"": ""23.490.000₫""}}"
Laptop ASUS Gaming V16 V3607VU-RP343W,laptop-asus-gaming-v16-v3607vu-rp343w,,,,,"[""https://cdn2.cellphones.com.vn/x/media/catalog/product/t/e/text_ng_n_4__7_229.png"", ""https://cdn2.cellphones.com.vn/x/media/catalog/product/t/e/text_ng_n_5__9_229.png"", ""https://cdn2.cellphones.com.vn/x/media/catalog/product/t/e/text_ng_n_6__4_206.png"", ""https://cdn2.cellphones.com.vn/x/media/catalog/product/t/e/text_ng_n_8__6_184.png"", ""https://cdn2.cellphones.com.vn/x/media/catalog/product/t/e/text_ng_n_7__4_183.png"", ""https://cdn2.cellphones.com.vn/x/media/catalog/product/t/e/text_ng_n_10__5_175.png"", ""https://cdn2.cellphones.com.vn/x/media/catalog/product/t/e/text_ng_n_9__9_167.png""]","{""product_color_1"": {""color"": ""Đen"", ""image_url"": ""https://cdn2.cellphones.com.vn/insecure/rs:fill:50:50/q:90/plain/https://cellphones.com.vn/media/catalog/product/t/e/text_ng_n_4__7_230.png"", ""image_url_display"": ""https://cellphones.com.vn/media/catalog/product/t/e/text_ng_n_4__7_230.png"", ""product_url"": ""https://cellphones.com.vn/laptop-asus-gaming-v16-v3607vu-rp343w.html?product_id=107709"", ""price"": ""25.890.000₫""}}"
Laptop ASUS Vivobook 14 M1405NAQ-LY010W,laptop-asus-vivobook-14-m1405naq-ly010w,,,,,"[""https://cdn2.cellphones.com.vn/x/media/catalog/product/s/s/ssss_9__31.png"", ""https://cdn2.cellphones.com.vn/x/media/catalog/product/g/r/group_901_2_.png"", ""https://cdn2.cellphones.com.vn/x/media/catalog/product/g/r/group_901_1_.png"", ""https://cdn2.cellphones.com.vn/x/media/catalog/product/g/r/group_901_1.png"", ""https://cdn2.cellphones.com.vn/x/media/catalog/product/g/r/group_901_3_.png"", ""https://cdn2.cellphones.com.vn/x/media/catalog/product/s/s/ssss_11__21.png"", ""https://cdn2.cellphones.com.vn/x/media/catalog/product/s/s/ssss_1__83.png"", ""https://cdn2.cellphones.com.vn/x/media/catalog/product/g/r/group_901_5_.png"", ""https://cdn2.cellphones.com.vn/x/media/catalog/product/g/r/group_901_4_.png"", ""https://cdn2.cellphones.com.vn/x/media/catalog/product/s/s/ssss_4__71.png"", ""https://cdn2.cellphones.com.vn/x/media/catalog/product/s/s/ssss_5__60.png""]","{""product_color_1"": {""color"": ""Bạc"", ""image_url"": ""https://cdn2.cellphones.com.vn/insecure/rs:fill:50:50/q:90/plain/https://cellphones.com.vn/media/catalog/product/s/s/ssss_9__32.png"", ""image_url_display"": ""https://cellphones.com.vn/media/catalog/product/s/s/ssss_9__32.png"", ""product_url"": ""https://cellphones.com.vn/laptop-asus-vivobook-14-m1405naq-ly010w.html?product_id=119281"", ""price"": ""17.690.000₫""}}"
Laptop ASUS Vivobook S14 S3407VA-LY146W,laptop-asus-vivobook-s14-s3407va-ly146w,,,,,"[""https://cdn2.cellphones.com.vn/x/media/catalog/product/t/e/text_ng_n_4__8_52.png"", ""https://cdn2.cellphones.com.vn/x/media/catalog/product/t/e/text_ng_n_5__10_48.png"", ""https://cdn2.cellphones.com.vn/x/media/catalog/product/t/e/text_ng_n_7__5_40.png"", ""https://cdn2.cellphones.com.vn/x/media/catalog/product/t/e/text_ng_n_6__5_50.png"", ""https://cdn2.cellphones.com.vn/x/media/catalog/product/t/e/text_ng_n_2__10_65.png"", ""https://cdn2.cellphones.com.vn/x/media/catalog/product/t/e/text_ng_n_3__8_52.png"", ""https://cdn2.cellphones.com.vn/x/media/catalog/product/t/e/text_ng_n_8__8_40.png"", ""https://cdn2.cellphones.com.vn/x/media/catalog/product/t/e/text_ng_n_14__9_144.png"", ""https://cdn2.cellphones.com.vn/x/media/catalog/product/t/e/text_ng_n_12__8_160.png"", ""https://cdn2.cellphones.com.vn/x/media/catalog/product/t/e/text_ng_n_13__8_134.png"", ""https://cdn2.cellphones.com.vn/x/media/catalog/product/t/e/text_ng_n_9__9_259.png"", ""https://cdn2.cellphones.com.vn/x/media/catalog/product/t/e/text_ng_n_11__7_177.png"", ""https://cdn2.cellphones.com.vn/x/media/catalog/product/t/e/text_ng_n_10__5_255.png""]","{""product_color_1"": {""color"": ""Bạc"", ""image_url"": ""https://cdn2.cellphones.com.vn/insecure/rs:fill:50:50/q:90/plain/https://cellphones.com.vn/media/catalog/product/t/e/text_ng_n_4__8_53.png"", ""image_url_display"": ""https://cellphones.com.vn/media/catalog/product/t/e/text_ng_n_4__8_53.png"", ""product_url"": ""https://cellphones.com.vn/laptop-asus-vivobook-s14-s3407va-ly146w.html?product_id=110866"", ""price"": ""20.390.000₫""}}"
Laptop ASUS TUF Gaming F16 FX607VU-RL045W,laptop-asus-tuf-gaming-f16-fx607vu-rl045w,,,,,"[""https://cdn2.cellphones.com.vn/x/media/catalog/product/t/e/text_ng_n_10__5_117.png"", ""https://cdn2.cellphones.com.vn/x/media/catalog/product/t/e/text_ng_n_11__7_64.png"", ""https://cdn2.cellphones.com.vn/x/media/catalog/product/t/e/text_ng_n_12__8_53.png"", ""https://cdn2.cellphones.com.vn/x/media/catalog/product/t/e/text_ng_n_14__9_49.png"", ""https://cdn2.cellphones.com.vn/x/media/catalog/product/t/e/text_ng_n_13__8_46.png"", ""https://cdn2.cellphones.com.vn/x/media/catalog/product/t/e/text_ng_n_21__4_95.png"", ""https://cdn2.cellphones.com.vn/x/media/catalog/product/t/e/text_ng_n_20__5_106.png"", ""https://cdn2.cellphones.com.vn/x/media/catalog/product/t/e/text_ng_n_17__8_135.png"", ""https://cdn2.cellphones.com.vn/x/media/catalog/product/t/e/text_ng_n_18__7_38.png"", ""https://cdn2.cellphones.com.vn/x/media/catalog/product/t/e/text_ng_n_19__5_34.png"", ""https://cdn2.cellphones.com.vn/x/media/catalog/product/t/e/text_ng_n_16__6_188.png"", ""https://cdn2.cellphones.com.vn/x/media/catalog/product/t/e/text_ng_n_15__7_232.png""]","{""product_color_1"": {""color"": ""Xám"", ""image_url"": ""https://cdn2.cellphones.com.vn/insecure/rs:fill:50:50/q:90/plain/https://cellphones.com.vn/media/catalog/product/t/e/text_ng_n_10__5_118.png"", ""image_url_display"": ""https://cellphones.com.vn/media/catalog/product/t/e/text_ng_n_10__5_118.png"", ""product_url"": ""https://cellphones.com.vn/laptop-asus-tuf-gaming-f16-fx607vu-rl045w.html?product_id=105181"", ""price"": ""27.890.000₫""}}"
Laptop ASUS TUF Gaming F16 FX608JHR-RV037W,laptop-asus-tuf-gaming-f16-fx608jhr-rv037w,,,,,"[""https://cdn2.cellphones.com.vn/x/media/catalog/product/t/e/text_ng_n_15_21_1.png"", ""https://cdn2.cellphones.com.vn/x/media/catalog/product/t/e/text_ng_n_2__9_106_1.png"", ""https://cdn2.cellphones.com.vn/x/media/catalog/product/t/e/text_ng_n_7__4_132_1.png"", ""https://cdn2.cellphones.com.vn/x/media/catalog/product/t/e/text_ng_n_1__9_79_1.png"", ""https://cdn2.cellphones.com.vn/x/media/catalog/product/t/e/text_ng_n_3__7_108_1.png"", ""https://cdn2.cellphones.com.vn/x/media/catalog/product/t/e/text_ng_n_4__7_161_1.png"", ""https://cdn2.cellphones.com.vn/x/media/catalog/product/t/e/text_ng_n_6__4_145_1.png"", ""https://cdn2.cellphones.com.vn/x/media/catalog/product/t/e/text_ng_n_8__6_135_1.png"", ""https://cdn2.cellphones.com.vn/x/media/catalog/product/t/e/text_ng_n_5__9_168_1.png"", ""https://cdn2.cellphones.com.vn/x/media/catalog/product/t/e/text_ng_n_9__9_124_1.png""]","{""product_color_1"": {""color"": ""Xám"", ""image_url"": ""https://cdn2.cellphones.com.vn/insecure/rs:fill:50:50/q:90/plain/https://cellphones.com.vn/media/catalog/product/t/e/text_ng_n_15_23.png"", ""image_url_display"": ""https://cellphones.com.vn/media/catalog/product/t/e/text_ng_n_15_23.png"", ""product_url"": ""https://cellphones.com.vn/laptop-asus-tuf-gaming-f16-fx608jhr-rv037w.html?product_id=106285"", ""price"": ""36.890.000₫""}}"
Laptop ASUS ZenBook 14 UX3405CA-ST628W,laptop-asus-zenbook-14-ux3405ca-st628w,,,,,"[""https://cdn2.cellphones.com.vn/x/media/catalog/product/t/e/text_ng_n_29__9_22_1_2_2.png"", ""https://cdn2.cellphones.com.vn/x/media/catalog/product/t/e/text_ng_n_31__7_27_1_2_2.png"", ""https://cdn2.cellphones.com.vn/x/media/catalog/product/t/e/text_ng_n_30__8_21_1_2_2.png"", ""https://cdn2.cellphones.com.vn/x/media/catalog/product/t/e/text_ng_n_36__6_25_1_2_2.png"", ""https://cdn2.cellphones.com.vn/x/media/catalog/product/t/e/text_ng_n_25__7_37_1_2_2.png"", ""https://cdn2.cellphones.com.vn/x/media/catalog/product/t/e/text_ng_n_35__8_26_1_2_2.png"", ""https://cdn2.cellphones.com.vn/x/media/catalog/product/t/e/text_ng_n_33__9_24_1_2_2.png"", ""https://cdn2.cellphones.com.vn/x/media/catalog/product/t/e/text_ng_n_34__7_28_1_2_2.png"", ""https://cdn2.cellphones.com.vn/x/media/catalog/product/t/e/text_ng_n_27__8_14_1_2_2.png"", ""https://cdn2.cellphones.com.vn/x/media/catalog/product/t/e/text_ng_n_26__6_43_1_2_2.png""]","{""product_color_1"": {""color"": ""Xanh"", ""image_url"": ""https://cdn2.cellphones.com.vn/insecure/rs:fill:50:50/q:90/plain/https://cellphones.com.vn/media/catalog/product/t/e/text_ng_n_29__9_22_1_2_3.png"", ""image_url_display"": ""https://cellphones.com.vn/media/catalog/product/t/e/text_ng_n_29__9_22_1_2_3.png"", ""product_url"": ""https://cellphones.com.vn/laptop-asus-zenbook-14-ux3405ca-st628w.html?product_id=123123"", ""price"": ""29.090.000₫""}}"
Laptop ASUS TUF Gaming A15 FA506NCG-HN184W,laptop-asus-tuf-gaming-a15-fa506ncg-hn184w,,,,,"[""https://cdn2.cellphones.com.vn/x/media/catalog/product/t/e/text_ng_n_14__9_136.png"", ""https://cdn2.cellphones.com.vn/x/media/catalog/product/t/e/text_ng_n_7__5_22.png"", ""https://cdn2.cellphones.com.vn/x/media/catalog/product/t/e/text_ng_n_4__8_28.png"", ""https://cdn2.cellphones.com.vn/x/media/catalog/product/t/e/text_ng_n_8__8_22.png"", ""https://cdn2.cellphones.com.vn/x/media/catalog/product/t/e/text_ng_n_2__10_35.png"", ""https://cdn2.cellphones.com.vn/x/media/catalog/product/t/e/text_ng_n_3__8_26.png"", ""https://cdn2.cellphones.com.vn/x/media/catalog/product/t/e/text_ng_n_11__7_169.png"", ""https://cdn2.cellphones.com.vn/x/media/catalog/product/t/e/text_ng_n_5__10_24.png"", ""https://cdn2.cellphones.com.vn/x/media/catalog/product/t/e/text_ng_n_9__9_239.png"", ""https://cdn2.cellphones.com.vn/x/media/catalog/product/t/e/text_ng_n_12__8_154.png"", ""https://cdn2.cellphones.com.vn/x/media/catalog/product/t/e/text_ng_n_6__5_28.png"", ""https://cdn2.cellphones.com.vn/x/media/catalog/product/t/e/text_ng_n_10__5_245.png"", ""https://cdn2.cellphones.com.vn/x/media/catalog/product/t/e/text_ng_n_13__8_128.png"", ""https://cdn2.cellphones.com.vn/x/media/catalog/product/t/e/text_ng_n_20__6_6.png"", ""https://cdn2.cellphones.com.vn/x/media/catalog/product/t/e/text_ng_n_19__6_9.png"", ""https://cdn2.cellphones.com.vn/x/media/catalog/product/t/e/text_ng_n_17__9_9.png"", ""https://cdn2.cellphones.com.vn/x/media/catalog/product/t/e/text_ng_n_18__8_9.png"", ""https://cdn2.cellphones.com.vn/x/media/catalog/product/t/e/text_ng_n_15__7_308.png"", ""https://cdn2.cellphones.com.vn/x/media/catalog/product/t/e/text_ng_n_16__6_253.png""]","{""product_color_1"": {""color"": ""Đen"", ""image_url"": ""https://cdn2.cellphones.com.vn/insecure/rs:fill:50:50/q:90/plain/https://cellphones.com.vn/media/catalog/product/t/e/text_ng_n_14__9_137.png"", ""image_url_display"": ""https://cellphones.com.vn/media/catalog/product/t/e/text_ng_n_14__9_137.png"", ""product_url"": ""https://cellphones.com.vn/laptop-asus-tuf-gaming-a15-fa506ncg-hn184w.html?product_id=110215"", ""price"": ""22.490.000₫""}}"
Laptop ASUS Vivobook Go 15 E1504FA-BQ1150W,laptop-asus-vivobook-go-15-e1504fa-bq1150w,,,,,"[""https://cdn2.cellphones.com.vn/x/media/catalog/product/t/e/text_ng_n_12__8_152.png"", ""https://cdn2.cellphones.com.vn/x/media/catalog/product/t/e/text_ng_n_17__9_8.png"", ""https://cdn2.cellphones.com.vn/x/media/catalog/product/t/e/text_ng_n_16__6_252.png"", ""https://cdn2.cellphones.com.vn/x/media/catalog/product/t/e/text_ng_n_15__7_307.png"", ""https://cdn2.cellphones.com.vn/x/media/catalog/product/t/e/text_ng_n_13__8_127.png"", ""https://cdn2.cellphones.com.vn/x/media/catalog/product/t/e/text_ng_n_14__9_135.png"", ""https://cdn2.cellphones.com.vn/x/media/catalog/product/t/e/text_ng_n_18__8_8.png"", ""https://cdn2.cellphones.com.vn/x/media/catalog/product/t/e/text_ng_n_19__6_8.png"", ""https://cdn2.cellphones.com.vn/x/media/catalog/product/t/e/text_ng_n_20__6_5.png"", ""https://cdn2.cellphones.com.vn/x/media/catalog/product/t/e/text_ng_n_21__5_7.png"", ""https://cdn2.cellphones.com.vn/x/media/catalog/product/t/e/text_ng_n_23__4_5.png"", ""https://cdn2.cellphones.com.vn/x/media/catalog/product/t/e/text_ng_n_22__5_6.png""]","{""product_color_1"": {""color"": ""Bạc"", ""image_url"": ""https://cdn2.cellphones.com.vn/insecure/rs:fill:50:50/q:90/plain/https://cellphones.com.vn/media/catalog/product/t/e/text_ng_n_12__8_153.png"", ""image_url_display"": ""https://cellphones.com.vn/media/catalog/product/t/e/text_ng_n_12__8_153.png"", ""product_url"": ""https://cellphones.com.vn/laptop-asus-vivobook-go-15-e1504fa-bq1150w.html?product_id=110213"", ""price"": ""15.990.000₫""}}"
Laptop ASUS TUF Gaming F16 FX607VJB-RL151W,laptop-asus-tuf-gaming-f16-fx607vjb-rl151w,,,,,"[""https://cdn2.cellphones.com.vn/x/media/catalog/product/t/e/text_ng_n_2__10_239.png"", ""https://cdn2.cellphones.com.vn/x/media/catalog/product/t/e/text_ng_n_3__8_188.png"", ""https://cdn2.cellphones.com.vn/x/media/catalog/product/t/e/text_ng_n_4__8_189.png"", ""https://cdn2.cellphones.com.vn/x/media/catalog/product/t/e/text_ng_n_5__10_172.png"", ""https://cdn2.cellphones.com.vn/x/media/catalog/product/t/e/text_ng_n_6__5_155.png"", ""https://cdn2.cellphones.com.vn/x/media/catalog/product/t/e/text_ng_n_9__9_332.png"", ""https://cdn2.cellphones.com.vn/x/media/catalog/product/t/e/text_ng_n_10__5_323.png"", ""https://cdn2.cellphones.com.vn/x/media/catalog/product/t/e/text_ng_n_8__8_131.png"", ""https://cdn2.cellphones.com.vn/x/media/catalog/product/t/e/text_ng_n_7__5_139.png"", ""https://cdn2.cellphones.com.vn/x/media/catalog/product/t/e/text_ng_n_12__8_208.png"", ""https://cdn2.cellphones.com.vn/x/media/catalog/product/t/e/text_ng_n_11__7_236.png"", ""https://cdn2.cellphones.com.vn/x/media/catalog/product/t/e/text_ng_n_14__9_186.png"", ""https://cdn2.cellphones.com.vn/x/media/catalog/product/t/e/text_ng_n_13__8_181.png""]","{""product_color_1"": {""color"": ""Xám"", ""image_url"": ""https://cdn2.cellphones.com.vn/insecure/rs:fill:50:50/q:90/plain/https://cellphones.com.vn/media/catalog/product/t/e/text_ng_n_2__10_240.png"", ""image_url_display"": ""https://cellphones.com.vn/media/catalog/product/t/e/text_ng_n_2__10_240.png"", ""product_url"": ""https://cellphones.com.vn/laptop-asus-tuf-gaming-f16-fx607vjb-rl151w.html?product_id=115887"", ""price"": ""23.490.000₫""}}"
Laptop ASUS TUF Gaming F16 FX608JHI-TU209W,laptop-asus-tuf-gaming-f16-fx608jhi-tu209w,,,,,"[""https://cdn2.cellphones.com.vn/x/media/catalog/product/s/s/ssss_1__1_125_1.png"", ""https://cdn2.cellphones.com.vn/x/media/catalog/product/s/s/ssss_2__1_112_1.png"", ""https://cdn2.cellphones.com.vn/x/media/catalog/product/s/s/ssss_4__1_92_1.png"", ""https://cdn2.cellphones.com.vn/x/media/catalog/product/s/s/ssss_5__1_85_1.png"", ""https://cdn2.cellphones.com.vn/x/media/catalog/product/s/s/ssss_6__141_1.png"", ""https://cdn2.cellphones.com.vn/x/media/catalog/product/s/s/ssss_2_189_1.png"", ""https://cdn2.cellphones.com.vn/x/media/catalog/product/s/s/ssss_8__98_1.png"", ""https://cdn2.cellphones.com.vn/x/media/catalog/product/s/s/ssss_7__117_1.png"", ""https://cdn2.cellphones.com.vn/x/media/catalog/product/s/s/ssss_9__78_1.png"", ""https://cdn2.cellphones.com.vn/x/media/catalog/product/s/s/ssss_15__19_1.png"", ""https://cdn2.cellphones.com.vn/x/media/catalog/product/s/s/ssss_11__1_28_1.png"", ""https://cdn2.cellphones.com.vn/x/media/catalog/product/s/s/ssss_16__11_1.png"", ""https://cdn2.cellphones.com.vn/x/media/catalog/product/s/s/ssss_14__23_1.png"", ""https://cdn2.cellphones.com.vn/x/media/catalog/product/s/s/ssss_13__1_20_1.png"", ""https://cdn2.cellphones.com.vn/x/media/catalog/product/s/s/ssss_10__64_1.png"", ""https://cdn2.cellphones.com.vn/x/media/catalog/product/s/s/ssss_12__1_23_1.png"", ""https://cdn2.cellphones.com.vn/x/media/catalog/product/s/s/ssss_17__8_1.png""]","{""product_color_1"": {""color"": ""Xám"", ""image_url"": ""https://cdn2.cellphones.com.vn/insecure/rs:fill:50:50/q:90/plain/https://cellphones.com.vn/media/catalog/product/s/s/ssss_1__1_127.png"", ""image_url_display"": ""https://cellphones.com.vn/media/catalog/product/s/s/ssss_1__1_127.png"", ""product_url"": ""https://cellphones.com.vn/laptop-asus-tuf-gaming-f16-fx608jhi-tu209w.html?product_id=129648"", ""price"": ""41.590.000₫""}}"
Laptop ASUS VivoBook 15 M1502NAQ-BQ021W,laptop-asus-vivobook-15-m1502naq-bq021w,,,,,"[""https://cdn2.cellphones.com.vn/x/media/catalog/product/s/s/ssss_2_42.png"", ""https://cdn2.cellphones.com.vn/x/media/catalog/product/s/s/ssss_1__1_24.png"", ""https://cdn2.cellphones.com.vn/x/media/catalog/product/s/s/ssss_2__1_22.png"", ""https://cdn2.cellphones.com.vn/x/media/catalog/product/s/s/ssss_3__1_22.png"", ""https://cdn2.cellphones.com.vn/x/media/catalog/product/s/s/ssss_4__1_19.png"", ""https://cdn2.cellphones.com.vn/x/media/catalog/product/s/s/ssss_5__1_18.png""]","{""product_color_1"": {""color"": ""Bạc"", ""image_url"": ""https://cdn2.cellphones.com.vn/insecure/rs:fill:50:50/q:90/plain/https://cellphones.com.vn/media/catalog/product/s/s/ssss_2_43.png"", ""image_url_display"": ""https://cellphones.com.vn/media/catalog/product/s/s/ssss_2_43.png"", ""product_url"": ""https://cellphones.com.vn/laptop-asus-vivobook-15-m1502naq-bq021w.html?product_id=123111"", ""price"": ""17.790.000₫""}}"
Laptop ASUS VivoBook 14 X1407CA-LY008W,laptop-asus-vivobook-14-x1407ca-ly008w,,,,,"[""https://cdn2.cellphones.com.vn/x/media/catalog/product/s/s/ssss_2_24_1.png"", ""https://cdn2.cellphones.com.vn/x/media/catalog/product/s/s/ssss_2__1_14_1.png"", ""https://cdn2.cellphones.com.vn/x/media/catalog/product/s/s/ssss_1__1_16_1.png"", ""https://cdn2.cellphones.com.vn/x/media/catalog/product/s/s/ssss_3__1_14_1.png"", ""https://cdn2.cellphones.com.vn/x/media/catalog/product/s/s/ssss_4__1_11_1.png"", ""https://cdn2.cellphones.com.vn/x/media/catalog/product/s/s/ssss_5__1_10_1.png""]","{""product_color_1"": {""color"": ""Bạc"", ""image_url"": ""https://cdn2.cellphones.com.vn/insecure/rs:fill:50:50/q:90/plain/https://cellphones.com.vn/media/catalog/product/s/s/ssss_2_26.png"", ""image_url_display"": ""https://cellphones.com.vn/media/catalog/product/s/s/ssss_2_26.png"", ""product_url"": ""https://cellphones.com.vn/laptop-asus-vivobook-14-x1407ca-ly008w.html?product_id=122980"", ""price"": ""21.890.000₫""}}"
Laptop ASUS Zenbook A14 UX3407QA-QD299WS,laptop-asus-zenbook-a14-ux3407qa-qd299ws-copilot-x-plus,,,,,"[""https://cdn2.cellphones.com.vn/x/media/catalog/product/t/e/text_ng_n_4__7_65.png"", ""https://cdn2.cellphones.com.vn/x/media/catalog/product/t/e/text_ng_n_7__2_226.png"", ""https://cdn2.cellphones.com.vn/x/media/catalog/product/t/e/text_ng_n_8__4_220.png"", ""https://cdn2.cellphones.com.vn/x/media/catalog/product/t/e/text_ng_n_3__7_4.png"", ""https://cdn2.cellphones.com.vn/x/media/catalog/product/t/e/text_ng_n_9__4_228.png"", ""https://cdn2.cellphones.com.vn/x/media/catalog/product/t/e/text_ng_n_2__8_8.png"", ""https://cdn2.cellphones.com.vn/x/media/catalog/product/t/e/text_ng_n_11__5_188.png"", ""https://cdn2.cellphones.com.vn/x/media/catalog/product/t/e/text_ng_n_10__4_183.png"", ""https://cdn2.cellphones.com.vn/x/media/catalog/product/t/e/text_ng_n_13__7_4.png"", ""https://cdn2.cellphones.com.vn/x/media/catalog/product/t/e/text_ng_n_12__6_4.png"", ""https://cdn2.cellphones.com.vn/x/media/catalog/product/t/e/text_ng_n_5__8_64.png"", ""https://cdn2.cellphones.com.vn/x/media/catalog/product/t/e/text_ng_n_6__2_246.png""]","{""product_color_1"": {""color"": ""Be"", ""image_url"": ""https://cdn2.cellphones.com.vn/insecure/rs:fill:50:50/q:90/plain/https://cellphones.com.vn/media/catalog/product/t/e/text_ng_n_4__7_66.png"", ""image_url_display"": ""https://cellphones.com.vn/media/catalog/product/t/e/text_ng_n_4__7_66.png"", ""product_url"": ""https://cellphones.com.vn/laptop-asus-zenbook-a14-ux3407qa-qd299ws-copilot-x-plus.html?product_id=101153"", ""price"": ""28.990.000₫""}}"
Laptop ASUS ROG Flow Z13 GZ302EA-RU145WS,laptop-asus-rog-flow-z13-gz302ea-ru145ws,,,,,"[""https://cdn2.cellphones.com.vn/x/media/catalog/product/t/e/text_ng_n_14__9_90.png"", ""https://cdn2.cellphones.com.vn/x/media/catalog/product/t/e/text_ng_n_16__6_214.png"", ""https://cdn2.cellphones.com.vn/x/media/catalog/product/t/e/text_ng_n_15__7_267.png"", ""https://cdn2.cellphones.com.vn/x/media/catalog/product/t/e/text_ng_n_18__7_58.png"", ""https://cdn2.cellphones.com.vn/x/media/catalog/product/t/e/text_ng_n_20__5_117.png"", ""https://cdn2.cellphones.com.vn/x/media/catalog/product/t/e/text_ng_n_19__5_50.png"", ""https://cdn2.cellphones.com.vn/x/media/catalog/product/t/e/text_ng_n_17__8_158.png"", ""https://cdn2.cellphones.com.vn/x/media/catalog/product/t/e/text_ng_n_21__4_104.png"", ""https://cdn2.cellphones.com.vn/x/media/catalog/product/t/e/text_ng_n_23__3_92.png"", ""https://cdn2.cellphones.com.vn/x/media/catalog/product/t/e/text_ng_n_22__4_100.png"", ""https://cdn2.cellphones.com.vn/x/media/catalog/product/t/e/text_ng_n_25__7_77.png"", ""https://cdn2.cellphones.com.vn/x/media/catalog/product/t/e/text_ng_n_24__3_85.png"", ""https://cdn2.cellphones.com.vn/x/media/catalog/product/t/e/text_ng_n_26__6_81.png"", ""https://cdn2.cellphones.com.vn/x/media/catalog/product/t/e/text_ng_n_12__8_240.png"", ""https://cdn2.cellphones.com.vn/x/media/catalog/product/t/e/text_ng_n_11__7_282.png"", ""https://cdn2.cellphones.com.vn/x/media/catalog/product/t/e/text_ng_n_13__8_208.png"", ""https://cdn2.cellphones.com.vn/x/media/catalog/product/t/e/text_ng_n_10__6_54.png"", ""https://cdn2.cellphones.com.vn/x/media/catalog/product/t/e/text_ng_n_9__10_53.png"", ""https://cdn2.cellphones.com.vn/x/media/catalog/product/t/e/text_ng_n_8__10_55.png"", ""https://cdn2.cellphones.com.vn/x/media/catalog/product/t/e/text_ng_n_7__6_58.png"", ""https://cdn2.cellphones.com.vn/x/media/catalog/product/t/e/text_ng_n_6__6_64.png"", ""https://cdn2.cellphones.com.vn/x/media/catalog/product/t/e/text_ng_n_5__11_62.png"", ""https://cdn2.cellphones.com.vn/x/media/catalog/product/t/e/text_ng_n_4__9_77.png"", ""https://cdn2.cellphones.com.vn/x/media/catalog/product/t/e/text_ng_n_3__9_86.png"", ""https://cdn2.cellphones.com.vn/x/media/catalog/product/t/e/text_ng_n_2__12_77.png"", ""https://cdn2.cellphones.com.vn/x/media/catalog/product/t/e/text_ng_n_16__6_307.png"", ""https://cdn2.cellphones.com.vn/x/media/catalog/product/t/e/text_ng_n_14__9_214.png"", ""https://cdn2.cellphones.com.vn/x/media/catalog/product/t/e/text_ng_n_15__7_369.png""]","{""product_color_1"": {""color"": ""Đen"", ""image_url"": ""https://cdn2.cellphones.com.vn/insecure/rs:fill:50:50/q:90/plain/https://cellphones.com.vn/media/catalog/product/t/e/text_ng_n_14__9_91.png"", ""image_url_display"": ""https://cellphones.com.vn/media/catalog/product/t/e/text_ng_n_14__9_91.png"", ""product_url"": ""https://cellphones.com.vn/laptop-asus-rog-flow-z13-gz302ea-ru145ws.html?product_id=106885"", ""price"": ""90.990.000₫""}}"
Laptop ASUS ROG Strix G16 G614PH-S5101W,laptop-asus-rog-strix-g16-g614ph-s5101w,,,,,"[""https://cdn2.cellphones.com.vn/x/media/catalog/product/s/s/ssss_2__72.png"", ""https://cdn2.cellphones.com.vn/x/media/catalog/product/s/s/ssss_1__76.png"", ""https://cdn2.cellphones.com.vn/x/media/catalog/product/s/s/ssss_4__64.png"", ""https://cdn2.cellphones.com.vn/x/media/catalog/product/s/s/ssss_14__8.png"", ""https://cdn2.cellphones.com.vn/x/media/catalog/product/s/s/ssss_3__1_1.png"", ""https://cdn2.cellphones.com.vn/x/media/catalog/product/s/s/ssss_8__27.png"", ""https://cdn2.cellphones.com.vn/x/media/catalog/product/s/s/ssss_10__23.png"", ""https://cdn2.cellphones.com.vn/x/media/catalog/product/s/s/ssss_11__17.png"", ""https://cdn2.cellphones.com.vn/x/media/catalog/product/s/s/ssss_13__13.png"", ""https://cdn2.cellphones.com.vn/x/media/catalog/product/s/s/ssss_5__53.png"", ""https://cdn2.cellphones.com.vn/x/media/catalog/product/s/s/ssss_6__42.png"", ""https://cdn2.cellphones.com.vn/x/media/catalog/product/s/s/ssss_9__26.png"", ""https://cdn2.cellphones.com.vn/x/media/catalog/product/s/s/ssss_7__36.png"", ""https://cdn2.cellphones.com.vn/x/media/catalog/product/s/s/ssss_12__15.png""]","{""product_color_1"": {""color"": ""Xám"", ""image_url"": ""https://cdn2.cellphones.com.vn/insecure/rs:fill:50:50/q:90/plain/https://cellphones.com.vn/media/catalog/product/s/s/ssss_2__73.png"", ""image_url_display"": ""https://cellphones.com.vn/media/catalog/product/s/s/ssss_2__73.png"", ""product_url"": ""https://cellphones.com.vn/laptop-asus-rog-strix-g16-g614ph-s5101w.html?product_id=119224"", ""price"": ""44.490.000₫""}}"
Laptop ASUS VivoBook 14 X1404VA-EB609W,laptop-asus-vivobook-14-x1404va-eb609w,,,,,"[""https://cdn2.cellphones.com.vn/x/media/catalog/product/s/s/ssss_2_34.png"", ""https://cdn2.cellphones.com.vn/x/media/catalog/product/s/s/ssss_2__1_18.png"", ""https://cdn2.cellphones.com.vn/x/media/catalog/product/s/s/ssss_3__1_18.png"", ""https://cdn2.cellphones.com.vn/x/media/catalog/product/s/s/ssss_4__1_15.png"", ""https://cdn2.cellphones.com.vn/x/media/catalog/product/s/s/ssss_5__1_14.png"", ""https://cdn2.cellphones.com.vn/x/media/catalog/product/s/s/ssss_1__1_20.png"", ""https://cdn2.cellphones.com.vn/x/media/catalog/product/s/s/ssss_6__77.png"", ""https://cdn2.cellphones.com.vn/x/media/catalog/product/s/s/ssss_7__66.png""]","{""product_color_1"": {""color"": ""Bạc"", ""image_url"": ""https://cdn2.cellphones.com.vn/insecure/rs:fill:50:50/q:90/plain/https://cellphones.com.vn/media/catalog/product/s/s/ssss_2_35.png"", ""image_url_display"": ""https://cellphones.com.vn/media/catalog/product/s/s/ssss_2_35.png"", ""product_url"": ""https://cellphones.com.vn/laptop-asus-vivobook-14-x1404va-eb609w.html?product_id=123069"", ""price"": ""15.490.000₫""}}"
Laptop ASUS ROG Zephyrus G14 GA403GM-SY004W,laptop-asus-rog-zephyrus-g14-ga403gm-sy004w-ryzen-ai-9,,,,,"[""https://cdn2.cellphones.com.vn/x/media/catalog/product/s/s/ssss_11__1_22.png"", ""https://cdn2.cellphones.com.vn/x/media/catalog/product/s/s/ssss_10__59.png"", ""https://cdn2.cellphones.com.vn/x/media/catalog/product/s/s/ssss_5__1_73.png"", ""https://cdn2.cellphones.com.vn/x/media/catalog/product/s/s/ssss_6__130.png"", ""https://cdn2.cellphones.com.vn/x/media/catalog/product/s/s/ssss_3__1_89.png"", ""https://cdn2.cellphones.com.vn/x/media/catalog/product/s/s/ssss_2_166.png"", ""https://cdn2.cellphones.com.vn/x/media/catalog/product/s/s/ssss_8__89.png"", ""https://cdn2.cellphones.com.vn/x/media/catalog/product/s/s/ssss_9__71.png"", ""https://cdn2.cellphones.com.vn/x/media/catalog/product/s/s/ssss_2__1_98.png"", ""https://cdn2.cellphones.com.vn/x/media/catalog/product/s/s/ssss_1__1_105.png"", ""https://cdn2.cellphones.com.vn/x/media/catalog/product/s/s/ssss_7__108.png"", ""https://cdn2.cellphones.com.vn/x/media/catalog/product/s/s/ssss_4__1_80.png""]","{""product_color_1"": {""color"": ""Xám"", ""image_url"": ""https://cdn2.cellphones.com.vn/insecure/rs:fill:50:50/q:90/plain/https://cellphones.com.vn/media/catalog/product/s/s/ssss_11__1_23.png"", ""image_url_display"": ""https://cellphones.com.vn/media/catalog/product/s/s/ssss_11__1_23.png"", ""product_url"": ""https://cellphones.com.vn/laptop-asus-rog-zephyrus-g14-ga403gm-sy004w-ryzen-ai-9.html?product_id=128691"", ""price"": ""64.590.000₫""}}"
Laptop ASUS TUF Gaming A14 FA401EA‑RG034W,laptop-asus-tuf-gaming-a14-fa401ea-rg034w,,,,,"[""https://cdn2.cellphones.com.vn/x/media/catalog/product/s/s/ssss_2_186.png"", ""https://cdn2.cellphones.com.vn/x/media/catalog/product/s/s/ssss_1__1_122.png"", ""https://cdn2.cellphones.com.vn/x/media/catalog/product/s/s/ssss_2__1_110.png"", ""https://cdn2.cellphones.com.vn/x/media/catalog/product/s/s/ssss_3__1_100.png"", ""https://cdn2.cellphones.com.vn/x/media/catalog/product/s/s/ssss_4__1_90.png"", ""https://cdn2.cellphones.com.vn/x/media/catalog/product/s/s/ssss_6__139.png"", ""https://cdn2.cellphones.com.vn/x/media/catalog/product/s/s/ssss_7__115.png"", ""https://cdn2.cellphones.com.vn/x/media/catalog/product/s/s/ssss_8__96.png"", ""https://cdn2.cellphones.com.vn/x/media/catalog/product/s/s/ssss_5__1_83.png"", ""https://cdn2.cellphones.com.vn/x/media/catalog/product/s/s/ssss_10__62.png"", ""https://cdn2.cellphones.com.vn/x/media/catalog/product/s/s/ssss_9__76.png"", ""https://cdn2.cellphones.com.vn/x/media/catalog/product/s/s/ssss_11__1_26.png""]","{""product_color_1"": {""color"": ""Xám"", ""image_url"": ""https://cdn2.cellphones.com.vn/insecure/rs:fill:50:50/q:90/plain/https://cellphones.com.vn/media/catalog/product/s/s/ssss_2_187.png"", ""image_url_display"": ""https://cellphones.com.vn/media/catalog/product/s/s/ssss_2_187.png"", ""product_url"": ""https://cellphones.com.vn/laptop-asus-tuf-gaming-a14-fa401ea-rg034w.html?product_id=129599"", ""price"": ""63.590.000₫""}}"
Laptop ASUS Vivobook 14 X1404VA-EB509W,laptop-asus-vivobook-14-x1404va-eb509w,,,,,"[""https://cdn2.cellphones.com.vn/x/media/catalog/product/t/e/text_ng_n_2__9_294.png"", ""https://cdn2.cellphones.com.vn/x/media/catalog/product/t/e/text_ng_n_4__7_320.png"", ""https://cdn2.cellphones.com.vn/x/media/catalog/product/t/e/text_ng_n_5__9_310.png"", ""https://cdn2.cellphones.com.vn/x/media/catalog/product/t/e/text_ng_n_3__7_268.png"", ""https://cdn2.cellphones.com.vn/x/media/catalog/product/t/e/text_ng_n_6__4_277.png"", ""https://cdn2.cellphones.com.vn/x/media/catalog/product/t/e/text_ng_n_7__4_253.png"", ""https://cdn2.cellphones.com.vn/x/media/catalog/product/t/e/text_ng_n_8__7_3.png""]","{""product_color_1"": {""color"": ""Bạc"", ""image_url"": ""https://cdn2.cellphones.com.vn/insecure/rs:fill:50:50/q:90/plain/https://cellphones.com.vn/media/catalog/product/t/e/text_ng_n_2__9_295.png"", ""image_url_display"": ""https://cellphones.com.vn/media/catalog/product/t/e/text_ng_n_2__9_295.png"", ""product_url"": ""https://cellphones.com.vn/laptop-asus-vivobook-14-x1404va-eb509w.html?product_id=109985"", ""price"": ""14.990.000₫""}}"
Laptop ASUS Vivobook 14 M1405NAQ-LY011W,laptop-asus-vivobook-14-m1405naq-ly011w,,,,,"[""https://cdn2.cellphones.com.vn/x/media/catalog/product/s/s/ssss_1_97.png"", ""https://cdn2.cellphones.com.vn/x/media/catalog/product/s/s/ssss_1__78.png"", ""https://cdn2.cellphones.com.vn/x/media/catalog/product/s/s/ssss_3__72.png"", ""https://cdn2.cellphones.com.vn/x/media/catalog/product/s/s/ssss_2__75.png"", ""https://cdn2.cellphones.com.vn/x/media/catalog/product/s/s/ssss_4__66.png"", ""https://cdn2.cellphones.com.vn/x/media/catalog/product/s/s/ssss_5__55.png"", ""https://cdn2.cellphones.com.vn/x/media/catalog/product/s/s/ssss_6__45.png"", ""https://cdn2.cellphones.com.vn/x/media/catalog/product/s/s/ssss_8__29.png"", ""https://cdn2.cellphones.com.vn/x/media/catalog/product/s/s/ssss_7__38.png"", ""https://cdn2.cellphones.com.vn/x/media/catalog/product/s/s/ssss_9__28.png"", ""https://cdn2.cellphones.com.vn/x/media/catalog/product/s/s/ssss_10__25.png""]","{""product_color_1"": {""color"": ""Bạc"", ""image_url"": ""https://cdn2.cellphones.com.vn/insecure/rs:fill:50:50/q:90/plain/https://cellphones.com.vn/media/catalog/product/s/s/ssss_1_98.png"", ""image_url_display"": ""https://cellphones.com.vn/media/catalog/product/s/s/ssss_1_98.png"", ""product_url"": ""https://cellphones.com.vn/laptop-asus-vivobook-14-m1405naq-ly011w.html?product_id=119228"", ""price"": ""18.790.000₫""}}"
Laptop ASUS TUF Gaming A14 FA401KM-RG010WS,laptop-asus-tuf-gaming-a14-fa401km-rg010ws-ryzen-ai-7,,,,,"[""https://cdn2.cellphones.com.vn/x/media/catalog/product/t/e/text_ng_n_15_83.png"", ""https://cdn2.cellphones.com.vn/x/media/catalog/product/t/e/text_ng_n_15__7_268.png"", ""https://cdn2.cellphones.com.vn/x/media/catalog/product/t/e/text_ng_n_14__9_92.png"", ""https://cdn2.cellphones.com.vn/x/media/catalog/product/t/e/text_ng_n_13__8_82.png"", ""https://cdn2.cellphones.com.vn/x/media/catalog/product/t/e/text_ng_n_17__8_159.png"", ""https://cdn2.cellphones.com.vn/x/media/catalog/product/t/e/text_ng_n_16__6_215.png"", ""https://cdn2.cellphones.com.vn/x/media/catalog/product/t/e/text_ng_n_18__7_59.png"", ""https://cdn2.cellphones.com.vn/x/media/catalog/product/t/e/text_ng_n_19__5_51.png"", ""https://cdn2.cellphones.com.vn/x/media/catalog/product/t/e/text_ng_n_20__5_118.png"", ""https://cdn2.cellphones.com.vn/x/media/catalog/product/t/e/text_ng_n_21__4_105.png""]","{""product_color_1"": {""color"": ""Xám"", ""image_url"": ""https://cdn2.cellphones.com.vn/insecure/rs:fill:50:50/q:90/plain/https://cellphones.com.vn/media/catalog/product/t/e/text_ng_n_15_84.png"", ""image_url_display"": ""https://cellphones.com.vn/media/catalog/product/t/e/text_ng_n_15_84.png"", ""product_url"": ""https://cellphones.com.vn/laptop-asus-tuf-gaming-a14-fa401km-rg010ws-ryzen-ai-7.html?product_id=107072"", ""price"": ""45.190.000₫""}}"
Laptop ASUS TUF Gaming A15 FA506NCG-HN329W,laptop-asus-tuf-gaming-a15-fa506ncg-hn329w,,,,,"[""https://cdn2.cellphones.com.vn/x/media/catalog/product/s/s/sssxs_69.png"", ""https://cdn2.cellphones.com.vn/x/media/catalog/product/s/s/sssxs_1__42.png"", ""https://cdn2.cellphones.com.vn/x/media/catalog/product/s/s/sssxs_3__40.png"", ""https://cdn2.cellphones.com.vn/x/media/catalog/product/s/s/sssxs_2__40.png"", ""https://cdn2.cellphones.com.vn/x/media/catalog/product/s/s/sssxs_4__31.png"", ""https://cdn2.cellphones.com.vn/x/media/catalog/product/s/s/sssxs_5__28.png"", ""https://cdn2.cellphones.com.vn/x/media/catalog/product/s/s/sssxs_11__10.png"", ""https://cdn2.cellphones.com.vn/x/media/catalog/product/s/s/sssxs_12__10.png"", ""https://cdn2.cellphones.com.vn/x/media/catalog/product/s/s/sssxs_6__27.png"", ""https://cdn2.cellphones.com.vn/x/media/catalog/product/s/s/sssxs_7__28.png"", ""https://cdn2.cellphones.com.vn/x/media/catalog/product/s/s/sssxs_10__11.png"", ""https://cdn2.cellphones.com.vn/x/media/catalog/product/s/s/sssxs_13__11.png"", ""https://cdn2.cellphones.com.vn/x/media/catalog/product/s/s/sssxs_9__16.png"", ""https://cdn2.cellphones.com.vn/x/media/catalog/product/s/s/sssxs_8__25.png"", ""https://cdn2.cellphones.com.vn/x/media/catalog/product/s/s/sssxs_16__4.png"", ""https://cdn2.cellphones.com.vn/x/media/catalog/product/s/s/sssxs_17__3.png"", ""https://cdn2.cellphones.com.vn/x/media/catalog/product/s/s/sssxs_15__7.png"", ""https://cdn2.cellphones.com.vn/x/media/catalog/product/s/s/sssxs_14__7.png""]","{""product_color_1"": {""color"": ""Đen"", ""image_url"": ""https://cdn2.cellphones.com.vn/insecure/rs:fill:50:50/q:90/plain/https://cellphones.com.vn/media/catalog/product/s/s/sssxs_70.png"", ""image_url_display"": ""https://cellphones.com.vn/media/catalog/product/s/s/sssxs_70.png"", ""product_url"": ""https://cellphones.com.vn/laptop-asus-tuf-gaming-a15-fa506ncg-hn329w.html?product_id=131477"", ""price"": ""30.990.000₫""}}"
Laptop ASUS Vivobook 15 X1504VA-BQ165W,laptop-asus-vivobook-15-x1504va-bq165w,,,,,"[""https://cdn2.cellphones.com.vn/x/media/catalog/product/t/e/text_ng_n_15_76.png"", ""https://cdn2.cellphones.com.vn/x/media/catalog/product/t/e/text_ng_n_6__4_173.png"", ""https://cdn2.cellphones.com.vn/x/media/catalog/product/t/e/text_ng_n_4__7_195.png"", ""https://cdn2.cellphones.com.vn/x/media/catalog/product/t/e/text_ng_n_5__9_199.png"", ""https://cdn2.cellphones.com.vn/x/media/catalog/product/t/e/text_ng_n_8__6_158.png"", ""https://cdn2.cellphones.com.vn/x/media/catalog/product/t/e/text_ng_n_3__7_148.png"", ""https://cdn2.cellphones.com.vn/x/media/catalog/product/t/e/text_ng_n_2__9_153.png"", ""https://cdn2.cellphones.com.vn/x/media/catalog/product/t/e/text_ng_n_7__4_154.png"", ""https://cdn2.cellphones.com.vn/x/media/catalog/product/t/e/text_ng_n_1__9_114.png"", ""https://cdn2.cellphones.com.vn/x/media/catalog/product/t/e/text_ng_n_9__9_144.png"", ""https://cdn2.cellphones.com.vn/x/media/catalog/product/t/e/text_ng_n_10__5_160.png""]","{""product_color_1"": {""color"": ""Bạc"", ""image_url"": ""https://cdn2.cellphones.com.vn/insecure/rs:fill:50:50/q:90/plain/https://cellphones.com.vn/media/catalog/product/t/e/text_ng_n_15_77.png"", ""image_url_display"": ""https://cellphones.com.vn/media/catalog/product/t/e/text_ng_n_15_77.png"", ""product_url"": ""https://cellphones.com.vn/laptop-asus-vivobook-15-x1504va-bq165w.html?product_id=106909"", ""price"": ""18.990.000₫""}}"
Laptop ASUS Vivobook S16 S3607VA-RP056W,laptop-asus-vivobook-s16-s3607va-rp056w,,,,,"[""https://cdn2.cellphones.com.vn/x/media/catalog/product/t/e/text_ng_n_4__8_50_1.png"", ""https://cdn2.cellphones.com.vn/x/media/catalog/product/t/e/text_ng_n_5__10_47_1.png"", ""https://cdn2.cellphones.com.vn/x/media/catalog/product/t/e/text_ng_n_7__5_39_1.png"", ""https://cdn2.cellphones.com.vn/x/media/catalog/product/t/e/text_ng_n_6__5_49_1.png"", ""https://cdn2.cellphones.com.vn/x/media/catalog/product/t/e/text_ng_n_2__10_64_1.png"", ""https://cdn2.cellphones.com.vn/x/media/catalog/product/t/e/text_ng_n_9__9_258_1.png"", ""https://cdn2.cellphones.com.vn/x/media/catalog/product/t/e/text_ng_n_8__8_39_1.png"", ""https://cdn2.cellphones.com.vn/x/media/catalog/product/t/e/text_ng_n_3__8_51_1.png"", ""https://cdn2.cellphones.com.vn/x/media/catalog/product/t/e/text_ng_n_13__8_133_1.png"", ""https://cdn2.cellphones.com.vn/x/media/catalog/product/t/e/text_ng_n_14__9_143_1.png"", ""https://cdn2.cellphones.com.vn/x/media/catalog/product/t/e/text_ng_n_15__7_313_1.png"", ""https://cdn2.cellphones.com.vn/x/media/catalog/product/t/e/text_ng_n_10__5_254_1.png"", ""https://cdn2.cellphones.com.vn/x/media/catalog/product/t/e/text_ng_n_11__7_176_1.png"", ""https://cdn2.cellphones.com.vn/x/media/catalog/product/t/e/text_ng_n_12__8_159_1.png""]","{""product_color_1"": {""color"": ""Bạc"", ""image_url"": ""https://cdn2.cellphones.com.vn/insecure/rs:fill:50:50/q:90/plain/https://cellphones.com.vn/media/catalog/product/t/e/text_ng_n_4__8_50_1_1.png"", ""image_url_display"": ""https://cellphones.com.vn/media/catalog/product/t/e/text_ng_n_4__8_50_1_1.png"", ""product_url"": ""https://cellphones.com.vn/laptop-asus-vivobook-s16-s3607va-rp056w.html?product_id=110944"", ""price"": ""23.890.000₫""}}"
Laptop ASUS Zenbook 14 UX3405CA-PZ187WS,laptop-asus-zenbook-14-ux3405ca-pz187ws,,,,,"[""https://cdn2.cellphones.com.vn/x/media/catalog/product/t/e/text_ng_n_29__9_22_1.png"", ""https://cdn2.cellphones.com.vn/x/media/catalog/product/t/e/text_ng_n_31__7_27_1.png"", ""https://cdn2.cellphones.com.vn/x/media/catalog/product/t/e/text_ng_n_30__8_21_1.png"", ""https://cdn2.cellphones.com.vn/x/media/catalog/product/t/e/text_ng_n_36__6_25_1.png"", ""https://cdn2.cellphones.com.vn/x/media/catalog/product/t/e/text_ng_n_35__8_26_1.png"", ""https://cdn2.cellphones.com.vn/x/media/catalog/product/t/e/text_ng_n_25__7_37_1.png"", ""https://cdn2.cellphones.com.vn/x/media/catalog/product/t/e/text_ng_n_33__9_24_1.png"", ""https://cdn2.cellphones.com.vn/x/media/catalog/product/t/e/text_ng_n_34__7_28_1.png"", ""https://cdn2.cellphones.com.vn/x/media/catalog/product/t/e/text_ng_n_27__8_14_1.png"", ""https://cdn2.cellphones.com.vn/x/media/catalog/product/t/e/text_ng_n_26__6_43_1.png""]","{""product_color_1"": {""color"": ""Xanh"", ""image_url"": ""https://cdn2.cellphones.com.vn/insecure/rs:fill:50:50/q:90/plain/https://cellphones.com.vn/media/catalog/product/t/e/text_ng_n_29__9_24.png"", ""image_url_display"": ""https://cellphones.com.vn/media/catalog/product/t/e/text_ng_n_29__9_24.png"", ""product_url"": ""https://cellphones.com.vn/laptop-asus-zenbook-14-ux3405ca-pz187ws.html?product_id=100871"", ""price"": ""30.390.000₫""}}"
Laptop ASUS TUF Gaming F16 FX608JMI‑TU241W,laptop-asus-tuf-gaming-f16-fx608jmi-tu241w,,,,,"[""https://cdn2.cellphones.com.vn/x/media/catalog/product/s/s/ssss_1__1_125.png"", ""https://cdn2.cellphones.com.vn/x/media/catalog/product/s/s/ssss_2__1_112.png"", ""https://cdn2.cellphones.com.vn/x/media/catalog/product/s/s/ssss_4__1_92.png"", ""https://cdn2.cellphones.com.vn/x/media/catalog/product/s/s/ssss_5__1_85.png"", ""https://cdn2.cellphones.com.vn/x/media/catalog/product/s/s/ssss_6__141.png"", ""https://cdn2.cellphones.com.vn/x/media/catalog/product/s/s/ssss_2_189.png"", ""https://cdn2.cellphones.com.vn/x/media/catalog/product/s/s/ssss_8__98.png"", ""https://cdn2.cellphones.com.vn/x/media/catalog/product/s/s/ssss_7__117.png"", ""https://cdn2.cellphones.com.vn/x/media/catalog/product/s/s/ssss_9__78.png"", ""https://cdn2.cellphones.com.vn/x/media/catalog/product/s/s/ssss_15__19.png"", ""https://cdn2.cellphones.com.vn/x/media/catalog/product/s/s/ssss_11__1_28.png"", ""https://cdn2.cellphones.com.vn/x/media/catalog/product/s/s/ssss_16__11.png"", ""https://cdn2.cellphones.com.vn/x/media/catalog/product/s/s/ssss_14__23.png"", ""https://cdn2.cellphones.com.vn/x/media/catalog/product/s/s/ssss_13__1_20.png"", ""https://cdn2.cellphones.com.vn/x/media/catalog/product/s/s/ssss_10__64.png"", ""https://cdn2.cellphones.com.vn/x/media/catalog/product/s/s/ssss_12__1_23.png"", ""https://cdn2.cellphones.com.vn/x/media/catalog/product/s/s/ssss_17__8.png""]","{""product_color_1"": {""color"": ""Xám"", ""image_url"": ""https://cdn2.cellphones.com.vn/insecure/rs:fill:50:50/q:90/plain/https://cellphones.com.vn/media/catalog/product/s/s/ssss_1__1_126.png"", ""image_url_display"": ""https://cellphones.com.vn/media/catalog/product/s/s/ssss_1__1_126.png"", ""product_url"": ""https://cellphones.com.vn/laptop-asus-tuf-gaming-f16-fx608jmi-tu241w.html?product_id=129632"", ""price"": ""42.990.000₫""}}"
Laptop ASUS TUF Gaming F16 FX608JH-RV039W,laptop-asus-tuf-gaming-f16-fx608jh-rv039w,,,,,"[""https://cdn2.cellphones.com.vn/x/media/catalog/product/t/e/text_ng_n_15_85.png"", ""https://cdn2.cellphones.com.vn/x/media/catalog/product/t/e/text_ng_n_2__9_158.png"", ""https://cdn2.cellphones.com.vn/x/media/catalog/product/t/e/text_ng_n_7__4_159.png"", ""https://cdn2.cellphones.com.vn/x/media/catalog/product/t/e/text_ng_n_1__9_120.png"", ""https://cdn2.cellphones.com.vn/x/media/catalog/product/t/e/text_ng_n_4__7_200.png"", ""https://cdn2.cellphones.com.vn/x/media/catalog/product/t/e/text_ng_n_3__7_154.png"", ""https://cdn2.cellphones.com.vn/x/media/catalog/product/t/e/text_ng_n_8__6_163.png"", ""https://cdn2.cellphones.com.vn/x/media/catalog/product/t/e/text_ng_n_6__4_179.png"", ""https://cdn2.cellphones.com.vn/x/media/catalog/product/t/e/text_ng_n_5__9_204.png"", ""https://cdn2.cellphones.com.vn/x/media/catalog/product/t/e/text_ng_n_9__9_147.png""]","{""product_color_1"": {""color"": ""Xám"", ""image_url"": ""https://cdn2.cellphones.com.vn/insecure/rs:fill:50:50/q:90/plain/https://cellphones.com.vn/media/catalog/product/t/e/text_ng_n_15_86.png"", ""image_url_display"": ""https://cellphones.com.vn/media/catalog/product/t/e/text_ng_n_15_86.png"", ""product_url"": ""https://cellphones.com.vn/laptop-asus-tuf-gaming-f16-fx608jh-rv039w.html?product_id=107075"", ""price"": ""32.890.000₫""}}"
Laptop ASUS Vivobook S16 S3607QA-SH040WS,laptop-asus-vivobook-s16-s3607qa-sh040ws,,,,,"[""https://cdn2.cellphones.com.vn/x/media/catalog/product/t/e/text_ng_n_2__9_252.png"", ""https://cdn2.cellphones.com.vn/x/media/catalog/product/t/e/text_ng_n_4__7_294.png"", ""https://cdn2.cellphones.com.vn/x/media/catalog/product/t/e/text_ng_n_5__9_285.png"", ""https://cdn2.cellphones.com.vn/x/media/catalog/product/t/e/text_ng_n_7__4_226.png"", ""https://cdn2.cellphones.com.vn/x/media/catalog/product/t/e/text_ng_n_6__4_254.png"", ""https://cdn2.cellphones.com.vn/x/media/catalog/product/t/e/text_ng_n_3__7_241.png"", ""https://cdn2.cellphones.com.vn/x/media/catalog/product/t/e/text_ng_n_8__6_221.png"", ""https://cdn2.cellphones.com.vn/x/media/catalog/product/t/e/text_ng_n_9__9_196.png"", ""https://cdn2.cellphones.com.vn/x/media/catalog/product/t/e/text_ng_n_10__5_201.png""]","{""product_color_1"": {""color"": ""Xám"", ""image_url"": ""https://cdn2.cellphones.com.vn/insecure/rs:fill:50:50/q:90/plain/https://cellphones.com.vn/media/catalog/product/t/e/text_ng_n_2__9_253.png"", ""image_url_display"": ""https://cellphones.com.vn/media/catalog/product/t/e/text_ng_n_2__9_253.png"", ""product_url"": ""https://cellphones.com.vn/laptop-asus-vivobook-s16-s3607qa-sh040ws.html?product_id=108983"", ""price"": ""19.990.000₫""}}"
Laptop ASUS Gaming V16 V3607VU-RP290W,laptop-asus-gaming-v16-v3607vu-rp290w,,,,,"[""https://cdn2.cellphones.com.vn/x/media/catalog/product/t/e/text_ng_n_5__9_194.png"", ""https://cdn2.cellphones.com.vn/x/media/catalog/product/t/e/text_ng_n_6__4_169.png"", ""https://cdn2.cellphones.com.vn/x/media/catalog/product/t/e/text_ng_n_7__4_151.png"", ""https://cdn2.cellphones.com.vn/x/media/catalog/product/t/e/text_ng_n_9__9_141.png"", ""https://cdn2.cellphones.com.vn/x/media/catalog/product/t/e/text_ng_n_8__6_155.png"", ""https://cdn2.cellphones.com.vn/x/media/catalog/product/t/e/text_ng_n_11__7_104.png"", ""https://cdn2.cellphones.com.vn/x/media/catalog/product/t/e/text_ng_n_10__5_157.png""]","{""product_color_1"": {""color"": ""Đen"", ""image_url"": ""https://cdn2.cellphones.com.vn/insecure/rs:fill:50:50/q:90/plain/https://cellphones.com.vn/media/catalog/product/t/e/text_ng_n_5__9_195.png"", ""image_url_display"": ""https://cellphones.com.vn/media/catalog/product/t/e/text_ng_n_5__9_195.png"", ""product_url"": ""https://cellphones.com.vn/laptop-asus-gaming-v16-v3607vu-rp290w.html?product_id=106870"", ""price"": ""25.890.000₫""}}"
Laptop ASUS Gaming V16 V3607VJ-RP071W,laptop-asus-gaming-v16-v3607vj-rp071w,,,,,"[""https://cdn2.cellphones.com.vn/x/media/catalog/product/s/s/ssss_2_10.png"", ""https://cdn2.cellphones.com.vn/x/media/catalog/product/s/s/ssss_2__1_7.png"", ""https://cdn2.cellphones.com.vn/x/media/catalog/product/s/s/ssss_1__1_9.png"", ""https://cdn2.cellphones.com.vn/x/media/catalog/product/s/s/ssss_3__1_6.png"", ""https://cdn2.cellphones.com.vn/x/media/catalog/product/s/s/ssss_4__1_4.png"", ""https://cdn2.cellphones.com.vn/x/media/catalog/product/s/s/ssss_7__59.png"", ""https://cdn2.cellphones.com.vn/x/media/catalog/product/s/s/ssss_8__48.png"", ""https://cdn2.cellphones.com.vn/x/media/catalog/product/s/s/ssss_10__35.png"", ""https://cdn2.cellphones.com.vn/x/media/catalog/product/s/s/ssss_5__1_4.png"", ""https://cdn2.cellphones.com.vn/x/media/catalog/product/s/s/ssss_9__40.png"", ""https://cdn2.cellphones.com.vn/x/media/catalog/product/s/s/ssss_6__69.png"", ""https://cdn2.cellphones.com.vn/x/media/catalog/product/s/s/ssss_11__1_3.png"", ""https://cdn2.cellphones.com.vn/x/media/catalog/product/s/s/ssss_13__1_3.png"", ""https://cdn2.cellphones.com.vn/x/media/catalog/product/s/s/ssss_12__1_3.png"", ""https://cdn2.cellphones.com.vn/x/media/catalog/product/s/s/ssss_15__10.png"", ""https://cdn2.cellphones.com.vn/x/media/catalog/product/s/s/ssss_14__11.png""]","{""product_color_1"": {""color"": ""Đen"", ""image_url"": ""https://cdn2.cellphones.com.vn/insecure/rs:fill:50:50/q:90/plain/https://cellphones.com.vn/media/catalog/product/s/s/ssss_2_11.png"", ""image_url_display"": ""https://cellphones.com.vn/media/catalog/product/s/s/ssss_2_11.png"", ""product_url"": ""https://cellphones.com.vn/laptop-asus-gaming-v16-v3607vj-rp071w.html?product_id=121613"", ""price"": ""27.990.000₫""}}"
Laptop ASUS ZenBook 14 UX3405CA-ST648W,laptop-asus-zenbook-14-ux3405ca-st648w,,,,,"[""https://cdn2.cellphones.com.vn/x/media/catalog/product/t/e/text_ng_n_29__9_22_1_2_2_1_1.png"", ""https://cdn2.cellphones.com.vn/x/media/catalog/product/t/e/text_ng_n_31__7_27_1_2_2_1_1.png"", ""https://cdn2.cellphones.com.vn/x/media/catalog/product/t/e/text_ng_n_30__8_21_1_2_2_1_1.png"", ""https://cdn2.cellphones.com.vn/x/media/catalog/product/t/e/text_ng_n_36__6_25_1_2_2_1_1.png"", ""https://cdn2.cellphones.com.vn/x/media/catalog/product/t/e/text_ng_n_35__8_26_1_2_2_1_1.png"", ""https://cdn2.cellphones.com.vn/x/media/catalog/product/t/e/text_ng_n_25__7_37_1_2_2_1_1.png"", ""https://cdn2.cellphones.com.vn/x/media/catalog/product/t/e/text_ng_n_33__9_24_1_2_2_1_1.png"", ""https://cdn2.cellphones.com.vn/x/media/catalog/product/t/e/text_ng_n_34__7_28_1_2_2_1_1.png"", ""https://cdn2.cellphones.com.vn/x/media/catalog/product/t/e/text_ng_n_27__8_14_1_2_2_1_1.png"", ""https://cdn2.cellphones.com.vn/x/media/catalog/product/t/e/text_ng_n_26__6_43_1_2_2_1_1.png""]","{""product_color_1"": {""color"": ""Xanh"", ""image_url"": ""https://cdn2.cellphones.com.vn/insecure/rs:fill:50:50/q:90/plain/https://cellphones.com.vn/media/catalog/product/t/e/text_ng_n_29__9_22_1_2_5.png"", ""image_url_display"": ""https://cellphones.com.vn/media/catalog/product/t/e/text_ng_n_29__9_22_1_2_5.png"", ""product_url"": ""https://cellphones.com.vn/laptop-asus-zenbook-14-ux3405ca-st648w.html?product_id=123133"", ""price"": ""38.190.000₫""}}"
Laptop ASUS ZenBook 14 UX3405CA-ST629W,laptop-asus-zenbook-14-ux3405ca-st629w,,,,,"[""https://cdn2.cellphones.com.vn/x/media/catalog/product/t/e/text_ng_n_29__9_22_1_2_2_1.png"", ""https://cdn2.cellphones.com.vn/x/media/catalog/product/t/e/text_ng_n_31__7_27_1_2_2_1.png"", ""https://cdn2.cellphones.com.vn/x/media/catalog/product/t/e/text_ng_n_30__8_21_1_2_2_1.png"", ""https://cdn2.cellphones.com.vn/x/media/catalog/product/t/e/text_ng_n_36__6_25_1_2_2_1.png"", ""https://cdn2.cellphones.com.vn/x/media/catalog/product/t/e/text_ng_n_25__7_37_1_2_2_1.png"", ""https://cdn2.cellphones.com.vn/x/media/catalog/product/t/e/text_ng_n_35__8_26_1_2_2_1.png"", ""https://cdn2.cellphones.com.vn/x/media/catalog/product/t/e/text_ng_n_33__9_24_1_2_2_1.png"", ""https://cdn2.cellphones.com.vn/x/media/catalog/product/t/e/text_ng_n_34__7_28_1_2_2_1.png"", ""https://cdn2.cellphones.com.vn/x/media/catalog/product/t/e/text_ng_n_27__8_14_1_2_2_1.png"", ""https://cdn2.cellphones.com.vn/x/media/catalog/product/t/e/text_ng_n_26__6_43_1_2_2_1.png""]","{""product_color_1"": {""color"": ""Xanh"", ""image_url"": ""https://cdn2.cellphones.com.vn/insecure/rs:fill:50:50/q:90/plain/https://cellphones.com.vn/media/catalog/product/t/e/text_ng_n_29__9_22_1_2_4.png"", ""image_url_display"": ""https://cellphones.com.vn/media/catalog/product/t/e/text_ng_n_29__9_22_1_2_4.png"", ""product_url"": ""https://cellphones.com.vn/laptop-asus-zenbook-14-ux3405ca-st629w.html?product_id=123131"", ""price"": ""35.190.000₫""}}"
Laptop ASUS VivoBook 14 M1407GA-LY270W,laptop-asus-vivobook-14-m1407ga-ly270w,,,,,"[""https://cdn2.cellphones.com.vn/x/media/catalog/product/s/s/ssss_2_24.png"", ""https://cdn2.cellphones.com.vn/x/media/catalog/product/s/s/ssss_2__1_14.png"", ""https://cdn2.cellphones.com.vn/x/media/catalog/product/s/s/ssss_1__1_16.png"", ""https://cdn2.cellphones.com.vn/x/media/catalog/product/s/s/ssss_3__1_14.png"", ""https://cdn2.cellphones.com.vn/x/media/catalog/product/s/s/ssss_4__1_11.png"", ""https://cdn2.cellphones.com.vn/x/media/catalog/product/s/s/ssss_5__1_10.png""]","{""product_color_1"": {""color"": ""Bạc"", ""image_url"": ""https://cdn2.cellphones.com.vn/insecure/rs:fill:50:50/q:90/plain/https://cellphones.com.vn/media/catalog/product/s/s/ssss_2_25.png"", ""image_url_display"": ""https://cellphones.com.vn/media/catalog/product/s/s/ssss_2_25.png"", ""product_url"": ""https://cellphones.com.vn/laptop-asus-vivobook-14-m1407ga-ly270w.html?product_id=122975"", ""price"": ""23.590.000₫""}}"
Laptop ASUS TUF Gaming A16 FA608UM‑RV266W,laptop-asus-tuf-gaming-a16-fa608um-rv266w,,,,,"[""https://cdn2.cellphones.com.vn/x/media/catalog/product/s/s/ssss_1__1_85.png"", ""https://cdn2.cellphones.com.vn/x/media/catalog/product/s/s/ssss_2__1_81.png"", ""https://cdn2.cellphones.com.vn/x/media/catalog/product/s/s/ssss_3__1_76.png"", ""https://cdn2.cellphones.com.vn/x/media/catalog/product/s/s/ssss_4__1_67.png"", ""https://cdn2.cellphones.com.vn/x/media/catalog/product/s/s/ssss_2_145.png"", ""https://cdn2.cellphones.com.vn/x/media/catalog/product/s/s/ssss_15__16.png"", ""https://cdn2.cellphones.com.vn/x/media/catalog/product/s/s/ssss_12__1_18.png"", ""https://cdn2.cellphones.com.vn/x/media/catalog/product/s/s/ssss_6__117.png"", ""https://cdn2.cellphones.com.vn/x/media/catalog/product/s/s/ssss_5__1_60.png"", ""https://cdn2.cellphones.com.vn/x/media/catalog/product/s/s/ssss_7__98.png"", ""https://cdn2.cellphones.com.vn/x/media/catalog/product/s/s/ssss_13__1_16.png"", ""https://cdn2.cellphones.com.vn/x/media/catalog/product/s/s/ssss_11__1_19.png"", ""https://cdn2.cellphones.com.vn/x/media/catalog/product/s/s/ssss_10__55.png"", ""https://cdn2.cellphones.com.vn/x/media/catalog/product/s/s/ssss_9__67.png"", ""https://cdn2.cellphones.com.vn/x/media/catalog/product/s/s/ssss_8__82.png"", ""https://cdn2.cellphones.com.vn/x/media/catalog/product/s/s/ssss_14__20.png""]","{""product_color_1"": {""color"": ""Xám"", ""image_url"": ""https://cdn2.cellphones.com.vn/insecure/rs:fill:50:50/q:90/plain/https://cellphones.com.vn/media/catalog/product/s/s/ssss_1__1_86.png"", ""image_url_display"": ""https://cellphones.com.vn/media/catalog/product/s/s/ssss_1__1_86.png"", ""product_url"": ""https://cellphones.com.vn/laptop-asus-tuf-gaming-a16-fa608um-rv266w.html?product_id=127427"", ""price"": ""43.590.000₫""}}"
Laptop ASUS Gaming V16 V3607VM-RP044W,laptop-asus-gaming-v16-v3607vm-rp044w,,,,,"[""https://cdn2.cellphones.com.vn/x/media/catalog/product/t/e/text_ng_n_15_15_1.png"", ""https://cdn2.cellphones.com.vn/x/media/catalog/product/t/e/text_ng_n_1__9_75_1.png"", ""https://cdn2.cellphones.com.vn/x/media/catalog/product/t/e/text_ng_n_2__9_100_1.png"", ""https://cdn2.cellphones.com.vn/x/media/catalog/product/t/e/text_ng_n_4__7_157_1.png"", ""https://cdn2.cellphones.com.vn/x/media/catalog/product/t/e/text_ng_n_3__7_104_1.png"", ""https://cdn2.cellphones.com.vn/x/media/catalog/product/t/e/text_ng_n_5__9_164_1.png"", ""https://cdn2.cellphones.com.vn/x/media/catalog/product/t/e/text_ng_n_6__4_141_1.png""]","{""product_color_1"": {""color"": ""Đen"", ""image_url"": ""https://cdn2.cellphones.com.vn/insecure/rs:fill:50:50/q:90/plain/https://cellphones.com.vn/media/catalog/product/t/e/text_ng_n_15_17.png"", ""image_url_display"": ""https://cellphones.com.vn/media/catalog/product/t/e/text_ng_n_15_17.png"", ""product_url"": ""https://cellphones.com.vn/laptop-asus-gaming-v16-v3607vm-rp044w.html?product_id=106249"", ""price"": ""35.890.000₫""}}"
Laptop ASUS ExpertBook P1 P1403CVA-C5H16-63WS,laptop-asus-expertbook-p1-p1403cva-c5h16-63ws,,,,,"[""https://cdn2.cellphones.com.vn/x/media/catalog/product/s/s/ssss_2_27.png"", ""https://cdn2.cellphones.com.vn/x/media/catalog/product/s/s/ssss_1__1_17.png"", ""https://cdn2.cellphones.com.vn/x/media/catalog/product/s/s/ssss_2__1_15.png"", ""https://cdn2.cellphones.com.vn/x/media/catalog/product/s/s/ssss_4__1_12.png"", ""https://cdn2.cellphones.com.vn/x/media/catalog/product/s/s/ssss_3__1_15.png"", ""https://cdn2.cellphones.com.vn/x/media/catalog/product/s/s/ssss_5__1_11.png"", ""https://cdn2.cellphones.com.vn/x/media/catalog/product/s/s/ssss_7__64.png"", ""https://cdn2.cellphones.com.vn/x/media/catalog/product/s/s/ssss_6__75.png"", ""https://cdn2.cellphones.com.vn/x/media/catalog/product/s/s/ssss_8__53.png"", ""https://cdn2.cellphones.com.vn/x/media/catalog/product/s/s/ssss_9__44.png"", ""https://cdn2.cellphones.com.vn/x/media/catalog/product/s/s/ssss_10__38.png""]","{""product_color_1"": {""color"": ""Xám"", ""image_url"": ""https://cdn2.cellphones.com.vn/insecure/rs:fill:50:50/q:90/plain/https://cellphones.com.vn/media/catalog/product/s/s/ssss_2_28.png"", ""image_url_display"": ""https://cellphones.com.vn/media/catalog/product/s/s/ssss_2_28.png"", ""product_url"": ""https://cellphones.com.vn/laptop-asus-expertbook-p1-p1403cva-c5h16-63ws.html?product_id=123049"", ""price"": ""26.490.000₫""}}"
Laptop ASUS VivoBook Go 14 E1404FA-EB935W,laptop-asus-vivobook-go-14-e1404fa-eb935w,,,,,"[""https://cdn2.cellphones.com.vn/x/media/catalog/product/s/s/ssss_2_31_1.png"", ""https://cdn2.cellphones.com.vn/x/media/catalog/product/s/s/ssss_2__1_17_1.png"", ""https://cdn2.cellphones.com.vn/x/media/catalog/product/s/s/ssss_1__1_19_1.png"", ""https://cdn2.cellphones.com.vn/x/media/catalog/product/s/s/ssss_3__1_17_1.png"", ""https://cdn2.cellphones.com.vn/x/media/catalog/product/s/s/ssss_4__1_14_1.png"", ""https://cdn2.cellphones.com.vn/x/media/catalog/product/s/s/ssss_5__1_13_1.png""]","{""product_color_1"": {""color"": ""Bạc"", ""image_url"": ""https://cdn2.cellphones.com.vn/insecure/rs:fill:50:50/q:90/plain/https://cellphones.com.vn/media/catalog/product/s/s/ssss_2_33.png"", ""image_url_display"": ""https://cellphones.com.vn/media/catalog/product/s/s/ssss_2_33.png"", ""product_url"": ""https://cellphones.com.vn/laptop-asus-vivobook-go-14-e1404fa-eb935w.html?product_id=123067"", ""price"": ""17.490.000₫""}}"
Laptop ASUS ROG Strix G16 G615JMR-S5155W,laptop-asus-rog-strix-g16-g615jmr-s5155w,,,,,"[""https://cdn2.cellphones.com.vn/x/media/catalog/product/a/s/asusus_2.png"", ""https://cdn2.cellphones.com.vn/x/media/catalog/product/a/s/asusus_1__1.png"", ""https://cdn2.cellphones.com.vn/x/media/catalog/product/a/s/asusus_3__1.png"", ""https://cdn2.cellphones.com.vn/x/media/catalog/product/a/s/asusus_2__1.png"", ""https://cdn2.cellphones.com.vn/x/media/catalog/product/a/s/asusus_4__1.png"", ""https://cdn2.cellphones.com.vn/x/media/catalog/product/a/s/asusus_5__1.png"", ""https://cdn2.cellphones.com.vn/x/media/catalog/product/a/s/asusus_7__1.png"", ""https://cdn2.cellphones.com.vn/x/media/catalog/product/a/s/asusus_6__1.png"", ""https://cdn2.cellphones.com.vn/x/media/catalog/product/a/s/asusus_9__1.png"", ""https://cdn2.cellphones.com.vn/x/media/catalog/product/a/s/asusus_8__1.png"", ""https://cdn2.cellphones.com.vn/x/media/catalog/product/a/s/asusus_11__1.png"", ""https://cdn2.cellphones.com.vn/x/media/catalog/product/a/s/asusus_13__1.png"", ""https://cdn2.cellphones.com.vn/x/media/catalog/product/a/s/asusus_12__1.png"", ""https://cdn2.cellphones.com.vn/x/media/catalog/product/a/s/asusus_10__1.png"", ""https://cdn2.cellphones.com.vn/x/media/catalog/product/a/s/asusus_15__1.png"", ""https://cdn2.cellphones.com.vn/x/media/catalog/product/a/s/asusus_14__1.png"", ""https://cdn2.cellphones.com.vn/x/media/catalog/product/a/s/asusus_17__1.png"", ""https://cdn2.cellphones.com.vn/x/media/catalog/product/a/s/asusus_16__1.png"", ""https://cdn2.cellphones.com.vn/x/media/catalog/product/a/s/asusus_18__1.png"", ""https://cdn2.cellphones.com.vn/x/media/catalog/product/a/s/asusus_19__1.png"", ""https://cdn2.cellphones.com.vn/x/media/catalog/product/a/s/asusus_22__1.png"", ""https://cdn2.cellphones.com.vn/x/media/catalog/product/a/s/asusus_23__1.png"", ""https://cdn2.cellphones.com.vn/x/media/catalog/product/a/s/asusus_21__1.png"", ""https://cdn2.cellphones.com.vn/x/media/catalog/product/a/s/asusus_20__1.png"", ""https://cdn2.cellphones.com.vn/x/media/catalog/product/a/s/asusus_27__1.png"", ""https://cdn2.cellphones.com.vn/x/media/catalog/product/a/s/asusus_26__1.png"", ""https://cdn2.cellphones.com.vn/x/media/catalog/product/a/s/asusus_25__1.png"", ""https://cdn2.cellphones.com.vn/x/media/catalog/product/a/s/asusus_24__1.png""]","{""product_color_1"": {""color"": ""Xám"", ""image_url"": ""https://cdn2.cellphones.com.vn/insecure/rs:fill:50:50/q:90/plain/https://cellphones.com.vn/media/catalog/product/a/s/asusus_3.png"", ""image_url_display"": ""https://cellphones.com.vn/media/catalog/product/a/s/asusus_3.png"", ""product_url"": ""https://cellphones.com.vn/laptop-asus-rog-strix-g16-g615jmr-s5155w.html?product_id=105184"", ""price"": ""47.990.000₫""}}"
Laptop ASUS VivoBook 15 M1502NAQ-BQ031W,laptop-asus-vivobook-15-m1502naq-bq031w,,,,,"[""https://cdn2.cellphones.com.vn/x/media/catalog/product/s/s/ssss_2_42_1.png"", ""https://cdn2.cellphones.com.vn/x/media/catalog/product/s/s/ssss_1__1_24_1.png"", ""https://cdn2.cellphones.com.vn/x/media/catalog/product/s/s/ssss_2__1_22_1.png"", ""https://cdn2.cellphones.com.vn/x/media/catalog/product/s/s/ssss_3__1_22_1.png"", ""https://cdn2.cellphones.com.vn/x/media/catalog/product/s/s/ssss_4__1_19_1.png"", ""https://cdn2.cellphones.com.vn/x/media/catalog/product/s/s/ssss_5__1_18_1.png""]","{""product_color_1"": {""color"": ""Bạc"", ""image_url"": ""https://cdn2.cellphones.com.vn/insecure/rs:fill:50:50/q:90/plain/https://cellphones.com.vn/media/catalog/product/s/s/ssss_2_44.png"", ""image_url_display"": ""https://cellphones.com.vn/media/catalog/product/s/s/ssss_2_44.png"", ""product_url"": ""https://cellphones.com.vn/laptop-asus-vivobook-15-m1502naq-bq031w.html?product_id=123114"", ""price"": ""18.890.000₫""}}"
Laptop ASUS Vivobook S14 S5406SA-PP168WS,laptop-asus-vivobook-s14-s5406sa-pp168ws,,,,,"[""https://cdn2.cellphones.com.vn/x/media/catalog/product/t/e/text_ng_n_2__10_127.png"", ""https://cdn2.cellphones.com.vn/x/media/catalog/product/t/e/text_ng_n_5__10_100.png"", ""https://cdn2.cellphones.com.vn/x/media/catalog/product/t/e/text_ng_n_6__5_93.png"", ""https://cdn2.cellphones.com.vn/x/media/catalog/product/t/e/text_ng_n_4__8_113.png"", ""https://cdn2.cellphones.com.vn/x/media/catalog/product/t/e/text_ng_n_3__8_110.png"", ""https://cdn2.cellphones.com.vn/x/media/catalog/product/t/e/text_ng_n_8__8_75.png"", ""https://cdn2.cellphones.com.vn/x/media/catalog/product/t/e/text_ng_n_7__5_80.png""]","{""product_color_1"": {""color"": ""Đen"", ""image_url"": ""https://cdn2.cellphones.com.vn/insecure/rs:fill:50:50/q:90/plain/https://cellphones.com.vn/media/catalog/product/t/e/text_ng_n_2__10_128.png"", ""image_url_display"": ""https://cellphones.com.vn/media/catalog/product/t/e/text_ng_n_2__10_128.png"", ""product_url"": ""https://cellphones.com.vn/laptop-asus-vivobook-s14-s5406sa-pp168ws.html?product_id=112400"", ""price"": ""26.990.000₫""}}"
Laptop ASUS Vivobook S14 S3407VA-LY053W,laptop-asus-vivobook-s14-s3407va-ly053w,,,,,"[""https://cdn2.cellphones.com.vn/x/media/catalog/product/t/e/text_ng_n_2__9_104.png"", ""https://cdn2.cellphones.com.vn/x/media/catalog/product/t/e/text_ng_n_3__7_107.png"", ""https://cdn2.cellphones.com.vn/x/media/catalog/product/t/e/text_ng_n_4__7_160.png"", ""https://cdn2.cellphones.com.vn/x/media/catalog/product/t/e/text_ng_n_5__9_167.png"", ""https://cdn2.cellphones.com.vn/x/media/catalog/product/t/e/text_ng_n_8__6_134.png"", ""https://cdn2.cellphones.com.vn/x/media/catalog/product/t/e/text_ng_n_6__4_144.png"", ""https://cdn2.cellphones.com.vn/x/media/catalog/product/t/e/text_ng_n_7__4_131.png"", ""https://cdn2.cellphones.com.vn/x/media/catalog/product/t/e/text_ng_n_12__8_76.png"", ""https://cdn2.cellphones.com.vn/x/media/catalog/product/t/e/text_ng_n_11__7_90.png"", ""https://cdn2.cellphones.com.vn/x/media/catalog/product/t/e/text_ng_n_15_20.png"", ""https://cdn2.cellphones.com.vn/x/media/catalog/product/t/e/text_ng_n_1__9_78.png"", ""https://cdn2.cellphones.com.vn/x/media/catalog/product/t/e/text_ng_n_9__9_123.png""]","{""product_color_1"": {""color"": ""Bạc"", ""image_url"": ""https://cdn2.cellphones.com.vn/insecure/rs:fill:50:50/q:90/plain/https://cellphones.com.vn/media/catalog/product/t/e/text_ng_n_2__9_105.png"", ""image_url_display"": ""https://cellphones.com.vn/media/catalog/product/t/e/text_ng_n_2__9_105.png"", ""product_url"": ""https://cellphones.com.vn/laptop-asus-vivobook-s14-s3407va-ly053w.html?product_id=106271"", ""price"": ""23.390.000₫""}}"
Laptop ASUS ZenBook 14 UM3406GA-QD073WS,laptop-asus-zenbook-14-um3406ga-qd073ws,,,,,"[""https://cdn2.cellphones.com.vn/x/media/catalog/product/t/e/text_ng_n_15_32_2_1.png"", ""https://cdn2.cellphones.com.vn/x/media/catalog/product/t/e/text_ng_n_4__7_169_2_1.png"", ""https://cdn2.cellphones.com.vn/x/media/catalog/product/t/e/text_ng_n_1__9_84_2_1.png"", ""https://cdn2.cellphones.com.vn/x/media/catalog/product/t/e/text_ng_n_2__9_121_2_1.png"", ""https://cdn2.cellphones.com.vn/x/media/catalog/product/t/e/text_ng_n_6__4_154_2_1.png"", ""https://cdn2.cellphones.com.vn/x/media/catalog/product/t/e/text_ng_n_7__4_138_2_1.png"", ""https://cdn2.cellphones.com.vn/x/media/catalog/product/t/e/text_ng_n_5__9_175_2_1.png"", ""https://cdn2.cellphones.com.vn/x/media/catalog/product/t/e/text_ng_n_3__7_117_2_1.png""]","{""product_color_1"": {""color"": ""Đen"", ""image_url"": ""https://cdn2.cellphones.com.vn/insecure/rs:fill:50:50/q:90/plain/https://cellphones.com.vn/media/catalog/product/t/e/text_ng_n_15_32_4.png"", ""image_url_display"": ""https://cellphones.com.vn/media/catalog/product/t/e/text_ng_n_15_32_4.png"", ""product_url"": ""https://cellphones.com.vn/laptop-asus-zenbook-14-um3406ga-qd073ws.html?product_id=123163"", ""price"": ""35.290.000₫""}}"
Laptop ASUS Vivobook Go 15 E1504FA-BQ340W,laptop-asus-vivobook-go-15-e1504fa-bq340w,,,,,"[""https://cdn2.cellphones.com.vn/x/media/catalog/product/s/s/ssss_2_168.png"", ""https://cdn2.cellphones.com.vn/x/media/catalog/product/s/s/ssss_3__1_91.png"", ""https://cdn2.cellphones.com.vn/x/media/catalog/product/s/s/ssss_1__1_108.png"", ""https://cdn2.cellphones.com.vn/x/media/catalog/product/s/s/ssss_2__1_100.png"", ""https://cdn2.cellphones.com.vn/x/media/catalog/product/s/s/ssss_5__1_75.png"", ""https://cdn2.cellphones.com.vn/x/media/catalog/product/s/s/ssss_4__1_82.png"", ""https://cdn2.cellphones.com.vn/x/media/catalog/product/s/s/ssss_6__132.png""]","{""product_color_1"": {""color"": ""Bạc"", ""image_url"": ""https://cdn2.cellphones.com.vn/insecure/rs:fill:50:50/q:90/plain/https://cellphones.com.vn/media/catalog/product/s/s/ssss_2_169.png"", ""image_url_display"": ""https://cellphones.com.vn/media/catalog/product/s/s/ssss_2_169.png"", ""product_url"": ""https://cellphones.com.vn/laptop-asus-vivobook-go-15-e1504fa-bq340w.html?product_id=128695"", ""price"": ""17.990.000₫""}}"
Laptop ASUS Vivobook S16 S3607CA-SH082WS,laptop-asus-vivobook-s16-s3607ca-sh082ws,,,,,"[""https://cdn2.cellphones.com.vn/x/media/catalog/product/t/e/text_ng_n_2__9_249.png"", ""https://cdn2.cellphones.com.vn/x/media/catalog/product/t/e/text_ng_n_4__7_293.png"", ""https://cdn2.cellphones.com.vn/x/media/catalog/product/t/e/text_ng_n_5__9_284.png"", ""https://cdn2.cellphones.com.vn/x/media/catalog/product/t/e/text_ng_n_7__4_225.png"", ""https://cdn2.cellphones.com.vn/x/media/catalog/product/t/e/text_ng_n_6__4_253.png"", ""https://cdn2.cellphones.com.vn/x/media/catalog/product/t/e/text_ng_n_3__7_240.png"", ""https://cdn2.cellphones.com.vn/x/media/catalog/product/t/e/text_ng_n_8__6_220.png"", ""https://cdn2.cellphones.com.vn/x/media/catalog/product/t/e/text_ng_n_10__5_200.png"", ""https://cdn2.cellphones.com.vn/x/media/catalog/product/t/e/text_ng_n_9__9_195.png""]","{""product_color_1"": {""color"": ""Xám"", ""image_url"": ""https://cdn2.cellphones.com.vn/insecure/rs:fill:50:50/q:90/plain/https://cellphones.com.vn/media/catalog/product/t/e/text_ng_n_2__9_250.png"", ""image_url_display"": ""https://cellphones.com.vn/media/catalog/product/t/e/text_ng_n_2__9_250.png"", ""product_url"": ""https://cellphones.com.vn/laptop-asus-vivobook-s16-s3607ca-sh082ws.html?product_id=108974"", ""price"": ""22.990.000₫""}}"
Laptop ASUS Vivobook S14 S3407QA-SF043WS,laptop-asus-vivobook-s14-s3407qa-sf043ws,,,,,"[""https://cdn2.cellphones.com.vn/x/media/catalog/product/t/e/text_ng_n_2__9_254.png"", ""https://cdn2.cellphones.com.vn/x/media/catalog/product/t/e/text_ng_n_5__9_286.png"", ""https://cdn2.cellphones.com.vn/x/media/catalog/product/t/e/text_ng_n_4__7_295.png"", ""https://cdn2.cellphones.com.vn/x/media/catalog/product/t/e/text_ng_n_7__4_227.png"", ""https://cdn2.cellphones.com.vn/x/media/catalog/product/t/e/text_ng_n_6__4_255.png"", ""https://cdn2.cellphones.com.vn/x/media/catalog/product/t/e/text_ng_n_3__7_242.png"", ""https://cdn2.cellphones.com.vn/x/media/catalog/product/t/e/text_ng_n_8__6_222.png"", ""https://cdn2.cellphones.com.vn/x/media/catalog/product/t/e/text_ng_n_10__5_202.png"", ""https://cdn2.cellphones.com.vn/x/media/catalog/product/t/e/text_ng_n_9__9_197.png""]","{""product_color_1"": {""color"": ""Xám"", ""image_url"": ""https://cdn2.cellphones.com.vn/insecure/rs:fill:50:50/q:90/plain/https://cellphones.com.vn/media/catalog/product/t/e/text_ng_n_2__9_255.png"", ""image_url_display"": ""https://cellphones.com.vn/media/catalog/product/t/e/text_ng_n_2__9_255.png"", ""product_url"": ""https://cellphones.com.vn/laptop-asus-vivobook-s14-s3407qa-sf043ws.html?product_id=108985"", ""price"": ""23.390.000₫""}}"
Laptop ASUS ExpertBook P5 P5405CSA-NZ0017W,laptop-asus-expertbook-p5-p5405csa-nz0017w,,,,,"[""https://cdn2.cellphones.com.vn/x/media/catalog/product/t/e/text_ng_n_4__6_123_1.png"", ""https://cdn2.cellphones.com.vn/x/media/catalog/product/t/e/text_ng_n_7__2_145_1.png"", ""https://cdn2.cellphones.com.vn/x/media/catalog/product/t/e/text_ng_n_9__4_160_1.png"", ""https://cdn2.cellphones.com.vn/x/media/catalog/product/t/e/text_ng_n_10__4_117_1.png"", ""https://cdn2.cellphones.com.vn/x/media/catalog/product/t/e/text_ng_n_11__5_120_1.png"", ""https://cdn2.cellphones.com.vn/x/media/catalog/product/t/e/text_ng_n_8__4_146_1.png""]","{""product_color_1"": {""color"": ""Xám"", ""image_url"": ""https://cdn2.cellphones.com.vn/insecure/rs:fill:50:50/q:90/plain/https://cellphones.com.vn/media/catalog/product/t/e/text_ng_n_7__2_147.png"", ""image_url_display"": ""https://cellphones.com.vn/media/catalog/product/t/e/text_ng_n_7__2_147.png"", ""product_url"": ""https://cellphones.com.vn/laptop-asus-expertbook-p5-p5405csa-nz0017w.html?product_id=93368"", ""price"": ""38.990.000₫""}}"
Laptop ASUS VivoBook 14 A1407QA-LY114W,laptop-asus-vivobook-14-a1407qa-ly114w,,,,,"[""https://cdn2.cellphones.com.vn/x/media/catalog/product/s/s/ssss_2_41.png"", ""https://cdn2.cellphones.com.vn/x/media/catalog/product/s/s/ssss_3__1_21.png"", ""https://cdn2.cellphones.com.vn/x/media/catalog/product/s/s/ssss_1__1_23.png"", ""https://cdn2.cellphones.com.vn/x/media/catalog/product/s/s/ssss_2__1_21.png"", ""https://cdn2.cellphones.com.vn/x/media/catalog/product/s/s/ssss_4__1_18.png"", ""https://cdn2.cellphones.com.vn/x/media/catalog/product/s/s/ssss_5__1_17.png"", ""https://cdn2.cellphones.com.vn/x/media/catalog/product/s/s/ssss_7__68.png"", ""https://cdn2.cellphones.com.vn/x/media/catalog/product/s/s/ssss_6__80.png"", ""https://cdn2.cellphones.com.vn/x/media/catalog/product/s/s/ssss_8__54.png"", ""https://cdn2.cellphones.com.vn/x/media/catalog/product/s/s/ssss_9__45.png""]","{""product_color_1"": {""color"": ""Bạc"", ""image_url"": ""https://cdn2.cellphones.com.vn/insecure/rs:fill:50:50/q:90/plain/https://cellphones.com.vn/media/catalog/product/s/s/ssss_2_40.png"", ""image_url_display"": ""https://cellphones.com.vn/media/catalog/product/s/s/ssss_2_40.png"", ""product_url"": ""https://cellphones.com.vn/laptop-asus-vivobook-14-a1407qa-ly114w.html?product_id=123108"", ""price"": ""17.990.000₫""}}"
Laptop ASUS Gaming V16 V3607VH-RP025W,laptop-asus-gaming-v16-v3607vh-rp025w,,,,,"[""https://cdn2.cellphones.com.vn/x/media/catalog/product/t/e/text_ng_n_2__9_216_1.png"", ""https://cdn2.cellphones.com.vn/x/media/catalog/product/t/e/text_ng_n_3__7_209_1.png"", ""https://cdn2.cellphones.com.vn/x/media/catalog/product/t/e/text_ng_n_4__7_265_1.png"", ""https://cdn2.cellphones.com.vn/x/media/catalog/product/t/e/text_ng_n_6__4_231_1.png"", ""https://cdn2.cellphones.com.vn/x/media/catalog/product/t/e/text_ng_n_5__9_259_1.png"", ""https://cdn2.cellphones.com.vn/x/media/catalog/product/t/e/text_ng_n_8__6_204_1.png"", ""https://cdn2.cellphones.com.vn/x/media/catalog/product/t/e/text_ng_n_7__4_207_1.png""]","{""product_color_1"": {""color"": ""Đen"", ""image_url"": ""https://cdn2.cellphones.com.vn/insecure/rs:fill:50:50/q:90/plain/https://cellphones.com.vn/media/catalog/product/t/e/text_ng_n_2__9_218.png"", ""image_url_display"": ""https://cellphones.com.vn/media/catalog/product/t/e/text_ng_n_2__9_218.png"", ""product_url"": ""https://cellphones.com.vn/laptop-asus-gaming-v16-v3607vh-rp025w.html?product_id=108018"", ""price"": ""32.990.000₫""}}"
Laptop ASUS Gaming V16 V3607VU-RP216W,laptop-asus-gaming-v16-v3607vu-rp216w,,,,,"[""https://cdn2.cellphones.com.vn/x/media/catalog/product/t/e/text_ng_n_2__9_216.png"", ""https://cdn2.cellphones.com.vn/x/media/catalog/product/t/e/text_ng_n_3__7_209.png"", ""https://cdn2.cellphones.com.vn/x/media/catalog/product/t/e/text_ng_n_4__7_265.png"", ""https://cdn2.cellphones.com.vn/x/media/catalog/product/t/e/text_ng_n_6__4_231.png"", ""https://cdn2.cellphones.com.vn/x/media/catalog/product/t/e/text_ng_n_5__9_259.png"", ""https://cdn2.cellphones.com.vn/x/media/catalog/product/t/e/text_ng_n_8__6_204.png"", ""https://cdn2.cellphones.com.vn/x/media/catalog/product/t/e/text_ng_n_7__4_207.png""]","{""product_color_1"": {""color"": ""Đen"", ""image_url"": ""https://cdn2.cellphones.com.vn/insecure/rs:fill:50:50/q:90/plain/https://cellphones.com.vn/media/catalog/product/t/e/text_ng_n_2__9_217.png"", ""image_url_display"": ""https://cellphones.com.vn/media/catalog/product/t/e/text_ng_n_2__9_217.png"", ""product_url"": ""https://cellphones.com.vn/laptop-asus-gaming-v16-v3607vu-rp216w.html?product_id=108016"", ""price"": ""29.990.000₫""}}"
Laptop ASUS Vivobook 16 A1607QA-MB067WS,laptop-asus-vivobook-16-a1607qa-mb067ws-snapdragon,,,,,"[""https://cdn2.cellphones.com.vn/x/media/catalog/product/t/e/text_ng_n_5__8_69.png"", ""https://cdn2.cellphones.com.vn/x/media/catalog/product/t/e/text_ng_n_6__2_251.png"", ""https://cdn2.cellphones.com.vn/x/media/catalog/product/t/e/text_ng_n_1__9_10.png"", ""https://cdn2.cellphones.com.vn/x/media/catalog/product/t/e/text_ng_n_7__2_231.png"", ""https://cdn2.cellphones.com.vn/x/media/catalog/product/t/e/text_ng_n_2__8_14.png"", ""https://cdn2.cellphones.com.vn/x/media/catalog/product/t/e/text_ng_n_3__7_10.png""]","{""product_color_1"": {""color"": ""Bạc"", ""image_url"": ""https://cdn2.cellphones.com.vn/insecure/rs:fill:50:50/q:90/plain/https://cellphones.com.vn/media/catalog/product/t/e/text_ng_n_5__8_70.png"", ""image_url_display"": ""https://cellphones.com.vn/media/catalog/product/t/e/text_ng_n_5__8_70.png"", ""product_url"": ""https://cellphones.com.vn/laptop-asus-vivobook-16-a1607qa-mb067ws-snapdragon.html?product_id=101283"", ""price"": ""16.990.000₫""}}"
Laptop ASUS ExpertBook P5 P5405CSA-NZ0016W,laptop-asus-expertbook-p5-p5405csa-nz0016w,,,,,"[""https://cdn2.cellphones.com.vn/x/media/catalog/product/t/e/text_ng_n_4__6_123.png"", ""https://cdn2.cellphones.com.vn/x/media/catalog/product/t/e/text_ng_n_7__2_145.png"", ""https://cdn2.cellphones.com.vn/x/media/catalog/product/t/e/text_ng_n_9__4_160.png"", ""https://cdn2.cellphones.com.vn/x/media/catalog/product/t/e/text_ng_n_10__4_117.png"", ""https://cdn2.cellphones.com.vn/x/media/catalog/product/t/e/text_ng_n_11__5_120.png"", ""https://cdn2.cellphones.com.vn/x/media/catalog/product/t/e/text_ng_n_8__4_146.png""]","{""product_color_1"": {""color"": ""Xám"", ""image_url"": ""https://cdn2.cellphones.com.vn/insecure/rs:fill:50:50/q:90/plain/https://cellphones.com.vn/media/catalog/product/t/e/text_ng_n_7__2_146.png"", ""image_url_display"": ""https://cellphones.com.vn/media/catalog/product/t/e/text_ng_n_7__2_146.png"", ""product_url"": ""https://cellphones.com.vn/laptop-asus-expertbook-p5-p5405csa-nz0016w.html?product_id=93366"", ""price"": ""30.990.000₫""}}"
Laptop ASUS Vivobook S14 S3407CA-LY095WS,laptop-asus-vivobook-s14-s3407ca-ly095ws,,,,,"[""https://cdn2.cellphones.com.vn/x/media/catalog/product/t/e/text_ng_n_14_19.png"", ""https://cdn2.cellphones.com.vn/x/media/catalog/product/t/e/text_ng_n_3__7_68.png"", ""https://cdn2.cellphones.com.vn/x/media/catalog/product/t/e/text_ng_n_2__9_60.png"", ""https://cdn2.cellphones.com.vn/x/media/catalog/product/t/e/text_ng_n_1__9_46.png"", ""https://cdn2.cellphones.com.vn/x/media/catalog/product/t/e/text_ng_n_5__9_132.png"", ""https://cdn2.cellphones.com.vn/x/media/catalog/product/t/e/text_ng_n_4__7_124.png"", ""https://cdn2.cellphones.com.vn/x/media/catalog/product/t/e/text_ng_n_8__6_102.png"", ""https://cdn2.cellphones.com.vn/x/media/catalog/product/t/e/text_ng_n_6__4_114.png"", ""https://cdn2.cellphones.com.vn/x/media/catalog/product/t/e/text_ng_n_7__4_106.png""]","{""product_color_1"": {""color"": ""Xám"", ""image_url"": ""https://cdn2.cellphones.com.vn/insecure/rs:fill:50:50/q:90/plain/https://cellphones.com.vn/media/catalog/product/t/e/text_ng_n_14_20.png"", ""image_url_display"": ""https://cellphones.com.vn/media/catalog/product/t/e/text_ng_n_14_20.png"", ""product_url"": ""https://cellphones.com.vn/laptop-asus-vivobook-s14-s3407ca-ly095ws.html?product_id=105203"", ""price"": ""23.690.000₫""}}"
Laptop ASUS Vivobook S14 M3407HA-SF490W,laptop-asus-vivobook-s14-m3407ha-sf490w,,,,,"[""https://cdn2.cellphones.com.vn/x/media/catalog/product/s/s/ssss_2_130.png"", ""https://cdn2.cellphones.com.vn/x/media/catalog/product/s/s/ssss_3__1_68.png"", ""https://cdn2.cellphones.com.vn/x/media/catalog/product/s/s/ssss_2__1_73.png"", ""https://cdn2.cellphones.com.vn/x/media/catalog/product/s/s/ssss_4__1_60.png"", ""https://cdn2.cellphones.com.vn/x/media/catalog/product/s/s/ssss_5__1_54.png"", ""https://cdn2.cellphones.com.vn/x/media/catalog/product/s/s/ssss_1__1_77.png"", ""https://cdn2.cellphones.com.vn/x/media/catalog/product/s/s/ssss_6__112.png"", ""https://cdn2.cellphones.com.vn/x/media/catalog/product/s/s/ssss_8__78.png"", ""https://cdn2.cellphones.com.vn/x/media/catalog/product/s/s/ssss_7__94.png""]","{""product_color_1"": {""color"": ""Xám"", ""image_url"": ""https://cdn2.cellphones.com.vn/insecure/rs:fill:50:50/q:90/plain/https://cellphones.com.vn/media/catalog/product/s/s/ssss_2_131.png"", ""image_url_display"": ""https://cellphones.com.vn/media/catalog/product/s/s/ssss_2_131.png"", ""product_url"": ""https://cellphones.com.vn/laptop-asus-vivobook-s14-m3407ha-sf490w.html?product_id=127220"", ""price"": ""24.890.000₫""}}"
Laptop ASUS VivoBook 16 X1607CA-MB980W,laptop-asus-vivobook-16-x1607ca-mb980w,,,,,"[""https://cdn2.cellphones.com.vn/x/media/catalog/product/s/s/ssss_2_38.png"", ""https://cdn2.cellphones.com.vn/x/media/catalog/product/s/s/ssss_2__1_20.png"", ""https://cdn2.cellphones.com.vn/x/media/catalog/product/s/s/ssss_1__1_22.png"", ""https://cdn2.cellphones.com.vn/x/media/catalog/product/s/s/ssss_3__1_20.png"", ""https://cdn2.cellphones.com.vn/x/media/catalog/product/s/s/ssss_4__1_17.png"", ""https://cdn2.cellphones.com.vn/x/media/catalog/product/s/s/ssss_5__1_16.png"", ""https://cdn2.cellphones.com.vn/x/media/catalog/product/s/s/ssss_6__79.png""]","{""product_color_1"": {""color"": ""Bạc"", ""image_url"": ""https://cdn2.cellphones.com.vn/insecure/rs:fill:50:50/q:90/plain/https://cellphones.com.vn/media/catalog/product/s/s/ssss_2_39.png"", ""image_url_display"": ""https://cellphones.com.vn/media/catalog/product/s/s/ssss_2_39.png"", ""product_url"": ""https://cellphones.com.vn/laptop-asus-vivobook-16-x1607ca-mb980w.html?product_id=123085"", ""price"": ""21.990.000₫""}}"
Laptop ASUS Vivobook S14 M3407KA-SF034WS,laptop-asus-vivobook-s14-m3407ka-sf034ws-ryzen-ai-5,,,,,"[""https://cdn2.cellphones.com.vn/x/media/catalog/product/t/e/text_ng_n_2__9_258_1.png"", ""https://cdn2.cellphones.com.vn/x/media/catalog/product/t/e/text_ng_n_5__9_288_1.png"", ""https://cdn2.cellphones.com.vn/x/media/catalog/product/t/e/text_ng_n_4__7_297_1.png"", ""https://cdn2.cellphones.com.vn/x/media/catalog/product/t/e/text_ng_n_3__7_244_1.png"", ""https://cdn2.cellphones.com.vn/x/media/catalog/product/t/e/text_ng_n_7__4_229_1.png"", ""https://cdn2.cellphones.com.vn/x/media/catalog/product/t/e/text_ng_n_6__4_257_1.png"", ""https://cdn2.cellphones.com.vn/x/media/catalog/product/t/e/text_ng_n_8__6_224_1.png"", ""https://cdn2.cellphones.com.vn/x/media/catalog/product/t/e/text_ng_n_10__5_204_1.png"", ""https://cdn2.cellphones.com.vn/x/media/catalog/product/t/e/text_ng_n_9__9_199_1.png""]","{""product_color_1"": {""color"": ""Bạc"", ""image_url"": ""https://cdn2.cellphones.com.vn/insecure/rs:fill:50:50/q:90/plain/https://cellphones.com.vn/media/catalog/product/t/e/text_ng_n_2__9_260.png"", ""image_url_display"": ""https://cellphones.com.vn/media/catalog/product/t/e/text_ng_n_2__9_260.png"", ""product_url"": ""https://cellphones.com.vn/laptop-asus-vivobook-s14-m3407ka-sf034ws-ryzen-ai-5.html?product_id=108991"", ""price"": ""23.790.000₫""}}"
Laptop ASUS ExpertBook P3 PM3406CHA-LY0089W,laptop-asus-expertbook-p3-pm3406cha-ly0089w,,,,,"[""https://cdn2.cellphones.com.vn/x/media/catalog/product/s/s/sssxs_51.png"", ""https://cdn2.cellphones.com.vn/x/media/catalog/product/s/s/sssxs_1__30.png"", ""https://cdn2.cellphones.com.vn/x/media/catalog/product/s/s/sssxs_3__29.png"", ""https://cdn2.cellphones.com.vn/x/media/catalog/product/s/s/sssxs_2__29.png"", ""https://cdn2.cellphones.com.vn/x/media/catalog/product/s/s/sssxs_4__19.png""]","{""product_color_1"": {""color"": ""Xám"", ""image_url"": ""https://cdn2.cellphones.com.vn/insecure/rs:fill:50:50/q:90/plain/https://cellphones.com.vn/media/catalog/product/s/s/sssxs_52.png"", ""image_url_display"": ""https://cellphones.com.vn/media/catalog/product/s/s/sssxs_52.png"", ""product_url"": ""https://cellphones.com.vn/laptop-asus-expertbook-p3-pm3406cha-ly0089w.html?product_id=130719"", ""price"": ""29.990.000₫""}}"
Laptop ASUS Vivobook S16 S3607CA-SH083WS,laptop-asus-vivobook-s16-s3607ca-sh083ws,,,,,"[""https://cdn2.cellphones.com.vn/x/media/catalog/product/t/e/text_ng_n_2__9_249_1.png"", ""https://cdn2.cellphones.com.vn/x/media/catalog/product/t/e/text_ng_n_4__7_293_1.png"", ""https://cdn2.cellphones.com.vn/x/media/catalog/product/t/e/text_ng_n_5__9_284_1.png"", ""https://cdn2.cellphones.com.vn/x/media/catalog/product/t/e/text_ng_n_7__4_225_1.png"", ""https://cdn2.cellphones.com.vn/x/media/catalog/product/t/e/text_ng_n_6__4_253_1.png"", ""https://cdn2.cellphones.com.vn/x/media/catalog/product/t/e/text_ng_n_3__7_240_1.png"", ""https://cdn2.cellphones.com.vn/x/media/catalog/product/t/e/text_ng_n_8__6_220_1.png"", ""https://cdn2.cellphones.com.vn/x/media/catalog/product/t/e/text_ng_n_10__5_200_1.png"", ""https://cdn2.cellphones.com.vn/x/media/catalog/product/t/e/text_ng_n_9__9_195_1.png""]","{""product_color_1"": {""color"": ""Xám"", ""image_url"": ""https://cdn2.cellphones.com.vn/insecure/rs:fill:50:50/q:90/plain/https://cellphones.com.vn/media/catalog/product/t/e/text_ng_n_2__9_251.png"", ""image_url_display"": ""https://cellphones.com.vn/media/catalog/product/t/e/text_ng_n_2__9_251.png"", ""product_url"": ""https://cellphones.com.vn/laptop-asus-vivobook-s16-s3607ca-sh083ws.html?product_id=108976"", ""price"": ""26.590.000₫""}}"
Laptop ASUS Vivobook 14 X1404VA-EB355W,laptop-asus-vivobook-14-x1404va-eb355w,,,,,"[""https://cdn2.cellphones.com.vn/x/media/catalog/product/s/s/ssss_8__32.png"", ""https://cdn2.cellphones.com.vn/x/media/catalog/product/s/s/ssss_3__76.png"", ""https://cdn2.cellphones.com.vn/x/media/catalog/product/s/s/ssss_1__82.png"", ""https://cdn2.cellphones.com.vn/x/media/catalog/product/s/s/ssss_1_105.png"", ""https://cdn2.cellphones.com.vn/x/media/catalog/product/s/s/ssss_2__79.png"", ""https://cdn2.cellphones.com.vn/x/media/catalog/product/s/s/ssss_4__70.png"", ""https://cdn2.cellphones.com.vn/x/media/catalog/product/s/s/ssss_7__41.png"", ""https://cdn2.cellphones.com.vn/x/media/catalog/product/s/s/ssss_5__59.png"", ""https://cdn2.cellphones.com.vn/x/media/catalog/product/s/s/ssss_6__49.png""]","{""product_color_1"": {""color"": ""Bạc"", ""image_url"": ""https://cdn2.cellphones.com.vn/insecure/rs:fill:50:50/q:90/plain/https://cellphones.com.vn/media/catalog/product/s/s/ssss_8__33.png"", ""image_url_display"": ""https://cellphones.com.vn/media/catalog/product/s/s/ssss_8__33.png"", ""product_url"": ""https://cellphones.com.vn/laptop-asus-vivobook-14-x1404va-eb355w.html?product_id=119277"", ""price"": ""21.990.000₫""}}"
Laptop ASUS VivoBook S14 M3407HA-SF480W,laptop-asus-vivobook-s14-m3407ha-sf480w,,,,,"[""https://cdn2.cellphones.com.vn/x/media/catalog/product/s/s/ssss_2_45.png"", ""https://cdn2.cellphones.com.vn/x/media/catalog/product/s/s/ssss_1__1_25.png"", ""https://cdn2.cellphones.com.vn/x/media/catalog/product/s/s/ssss_2__1_23.png"", ""https://cdn2.cellphones.com.vn/x/media/catalog/product/s/s/ssss_3__1_23.png"", ""https://cdn2.cellphones.com.vn/x/media/catalog/product/s/s/ssss_4__1_20.png"", ""https://cdn2.cellphones.com.vn/x/media/catalog/product/s/s/ssss_5__1_19.png"", ""https://cdn2.cellphones.com.vn/x/media/catalog/product/s/s/ssss_6__81.png"", ""https://cdn2.cellphones.com.vn/x/media/catalog/product/s/s/ssss_7__69.png""]","{""product_color_1"": {""color"": ""Xám"", ""image_url"": ""https://cdn2.cellphones.com.vn/insecure/rs:fill:50:50/q:90/plain/https://cellphones.com.vn/media/catalog/product/s/s/ssss_2_46.png"", ""image_url_display"": ""https://cellphones.com.vn/media/catalog/product/s/s/ssss_2_46.png"", ""product_url"": ""https://cellphones.com.vn/laptop-asus-vivobook-s14-m3407ha-sf480w.html?product_id=123116"", ""price"": ""22.890.000₫""}}"
Laptop ASUS Vivobook S14 S3407CA-LY096WS,laptop-asus-vivobook-s14-s3407ca-ly096ws,,,,,"[""https://cdn2.cellphones.com.vn/x/media/catalog/product/t/e/text_ng_n_14_19_1.png"", ""https://cdn2.cellphones.com.vn/x/media/catalog/product/t/e/text_ng_n_3__7_68_1.png"", ""https://cdn2.cellphones.com.vn/x/media/catalog/product/t/e/text_ng_n_2__9_60_1.png"", ""https://cdn2.cellphones.com.vn/x/media/catalog/product/t/e/text_ng_n_1__9_46_1.png"", ""https://cdn2.cellphones.com.vn/x/media/catalog/product/t/e/text_ng_n_5__9_132_1.png"", ""https://cdn2.cellphones.com.vn/x/media/catalog/product/t/e/text_ng_n_4__7_124_1.png"", ""https://cdn2.cellphones.com.vn/x/media/catalog/product/t/e/text_ng_n_8__6_102_1.png"", ""https://cdn2.cellphones.com.vn/x/media/catalog/product/t/e/text_ng_n_6__4_114_1.png"", ""https://cdn2.cellphones.com.vn/x/media/catalog/product/t/e/text_ng_n_7__4_106_1.png""]","{""product_color_1"": {""color"": ""Xám"", ""image_url"": ""https://cdn2.cellphones.com.vn/insecure/rs:fill:50:50/q:90/plain/https://cellphones.com.vn/media/catalog/product/t/e/text_ng_n_14_21.png"", ""image_url_display"": ""https://cellphones.com.vn/media/catalog/product/t/e/text_ng_n_14_21.png"", ""product_url"": ""https://cellphones.com.vn/laptop-asus-vivobook-s14-s3407ca-ly096ws.html?product_id=105205"", ""price"": ""27.890.000₫""}}"
Laptop ASUS VivoBook S16 S3607AA-SH043W,laptop-asus-vivobook-s16-s3607aa-sh043w,,,,,"[""https://cdn2.cellphones.com.vn/x/media/catalog/product/s/s/ssss_2_163_1.png"", ""https://cdn2.cellphones.com.vn/x/media/catalog/product/s/s/ssss_2__1_97_1.png"", ""https://cdn2.cellphones.com.vn/x/media/catalog/product/s/s/ssss_3__1_88_1.png"", ""https://cdn2.cellphones.com.vn/x/media/catalog/product/s/s/ssss_1__1_104_1.png"", ""https://cdn2.cellphones.com.vn/x/media/catalog/product/s/s/ssss_5__1_72_1.png"", ""https://cdn2.cellphones.com.vn/x/media/catalog/product/s/s/ssss_4__1_79_1.png"", ""https://cdn2.cellphones.com.vn/x/media/catalog/product/s/s/ssss_6__129_1.png"", ""https://cdn2.cellphones.com.vn/x/media/catalog/product/s/s/ssss_8__88_1.png"", ""https://cdn2.cellphones.com.vn/x/media/catalog/product/s/s/ssss_7__107_1.png""]","{""product_color_1"": {""color"": ""Xám"", ""image_url"": ""https://cdn2.cellphones.com.vn/insecure/rs:fill:50:50/q:90/plain/https://cellphones.com.vn/media/catalog/product/s/s/ssss_2_165.png"", ""image_url_display"": ""https://cellphones.com.vn/media/catalog/product/s/s/ssss_2_165.png"", ""product_url"": ""https://cellphones.com.vn/laptop-asus-vivobook-s16-s3607aa-sh043w.html?product_id=128689"", ""price"": ""29.990.000₫""}}"
Laptop ASUS VivoBook 16 X1607CA-MB990W,laptop-asus-vivobook-16-x1607ca-mb990w,,,,,"[""https://cdn2.cellphones.com.vn/x/media/catalog/product/s/s/ssss_2_38_1.png"", ""https://cdn2.cellphones.com.vn/x/media/catalog/product/s/s/ssss_2__1_20_1.png"", ""https://cdn2.cellphones.com.vn/x/media/catalog/product/s/s/ssss_1__1_22_1.png"", ""https://cdn2.cellphones.com.vn/x/media/catalog/product/s/s/ssss_3__1_20_1.png"", ""https://cdn2.cellphones.com.vn/x/media/catalog/product/s/s/ssss_4__1_17_1.png"", ""https://cdn2.cellphones.com.vn/x/media/catalog/product/s/s/ssss_5__1_16_1.png"", ""https://cdn2.cellphones.com.vn/x/media/catalog/product/s/s/ssss_6__79_1.png""]","{""product_color_1"": {""color"": ""Bạc"", ""image_url"": ""https://cdn2.cellphones.com.vn/insecure/rs:fill:50:50/q:90/plain/https://cellphones.com.vn/media/catalog/product/s/s/ssss_2_162.png"", ""image_url_display"": ""https://cellphones.com.vn/media/catalog/product/s/s/ssss_2_162.png"", ""product_url"": ""https://cellphones.com.vn/laptop-asus-vivobook-16-x1607ca-mb990w.html?product_id=128685"", ""price"": ""24.790.000₫""}}"
Laptop ASUS VivoBook S14 S3407CA-SF913W,laptop-asus-vivobook-s14-s3407ca-sf913w,,,,,"[""https://cdn2.cellphones.com.vn/x/media/catalog/product/s/s/ssscs.png"", ""https://cdn2.cellphones.com.vn/x/media/catalog/product/s/s/ssscs_3_.png"", ""https://cdn2.cellphones.com.vn/x/media/catalog/product/s/s/ssscs_2_.png"", ""https://cdn2.cellphones.com.vn/x/media/catalog/product/s/s/ssscs_1_.png"", ""https://cdn2.cellphones.com.vn/x/media/catalog/product/s/s/ssscs_5_.png"", ""https://cdn2.cellphones.com.vn/x/media/catalog/product/s/s/ssscs_4_.png"", ""https://cdn2.cellphones.com.vn/x/media/catalog/product/s/s/ssscs_6_.png"", ""https://cdn2.cellphones.com.vn/x/media/catalog/product/s/s/ssscs_7_.png"", ""https://cdn2.cellphones.com.vn/x/media/catalog/product/s/s/ssscs_8_.png""]","{""product_color_1"": {""color"": ""Xám"", ""image_url"": ""https://cdn2.cellphones.com.vn/insecure/rs:fill:50:50/q:90/plain/https://cellphones.com.vn/media/catalog/product/s/s/ssscs_1.png"", ""image_url_display"": ""https://cellphones.com.vn/media/catalog/product/s/s/ssscs_1.png"", ""product_url"": ""https://cellphones.com.vn/laptop-asus-vivobook-s14-s3407ca-sf913w.html?product_id=126955"", ""price"": ""25.490.000₫""}}"
Laptop ASUS VivoBook 16 M3607GA-SH034W,laptop-asus-vivobook-16-m3607ga-sh034w-ryzen-ai-7,,,,,"[""https://cdn2.cellphones.com.vn/x/media/catalog/product/s/s/ssss_2_78.png"", ""https://cdn2.cellphones.com.vn/x/media/catalog/product/s/s/ssss_1__1_42.png"", ""https://cdn2.cellphones.com.vn/x/media/catalog/product/s/s/ssss_2__1_40.png"", ""https://cdn2.cellphones.com.vn/x/media/catalog/product/s/s/ssss_5__1_32.png"", ""https://cdn2.cellphones.com.vn/x/media/catalog/product/s/s/ssss_4__1_33.png"", ""https://cdn2.cellphones.com.vn/x/media/catalog/product/s/s/ssss_3__1_38.png"", ""https://cdn2.cellphones.com.vn/x/media/catalog/product/s/s/ssss_6__90.png""]","{""product_color_1"": {""color"": ""Xám"", ""image_url"": ""https://cdn2.cellphones.com.vn/insecure/rs:fill:50:50/q:90/plain/https://cellphones.com.vn/media/catalog/product/s/s/ssss_2_79.png"", ""image_url_display"": ""https://cellphones.com.vn/media/catalog/product/s/s/ssss_2_79.png"", ""product_url"": ""https://cellphones.com.vn/laptop-asus-vivobook-16-m3607ga-sh034w-ryzen-ai-7.html?product_id=124959"", ""price"": ""27.990.000₫""}}"
Laptop ASUS VivoBook 14 M1407KA-LY849W,laptop-asus-vivobook-14-m1407ka-ly849w-ryzen-ai-5,,,,,"[""https://cdn2.cellphones.com.vn/x/media/catalog/product/s/s/ssss_2_184.png"", ""https://cdn2.cellphones.com.vn/x/media/catalog/product/s/s/ssss_2__1_109.png"", ""https://cdn2.cellphones.com.vn/x/media/catalog/product/s/s/ssss_1__1_121.png"", ""https://cdn2.cellphones.com.vn/x/media/catalog/product/s/s/ssss_3__1_99.png"", ""https://cdn2.cellphones.com.vn/x/media/catalog/product/s/s/ssss_5__1_82.png"", ""https://cdn2.cellphones.com.vn/x/media/catalog/product/s/s/ssss_4__1_89.png"", ""https://cdn2.cellphones.com.vn/x/media/catalog/product/s/s/ssss_6__138.png"", ""https://cdn2.cellphones.com.vn/x/media/catalog/product/s/s/ssss_7__114.png"", ""https://cdn2.cellphones.com.vn/x/media/catalog/product/s/s/ssss_8__95.png""]","{""product_color_1"": {""color"": ""Bạc"", ""image_url"": ""https://cdn2.cellphones.com.vn/insecure/rs:fill:50:50/q:90/plain/https://cellphones.com.vn/media/catalog/product/s/s/ssss_2_185.png"", ""image_url_display"": ""https://cellphones.com.vn/media/catalog/product/s/s/ssss_2_185.png"", ""product_url"": ""https://cellphones.com.vn/laptop-asus-vivobook-14-m1407ka-ly849w-ryzen-ai-5.html?product_id=129597"", ""price"": ""21.590.000₫""}}"
Laptop ASUS VivoBook 14 X1407AA-LY360W,laptop-asus-vivobook-14-x1407aa-ly360w,,,,,"[""https://cdn2.cellphones.com.vn/x/media/catalog/product/s/s/ssss_2_182.png"", ""https://cdn2.cellphones.com.vn/x/media/catalog/product/s/s/ssss_1__1_120.png"", ""https://cdn2.cellphones.com.vn/x/media/catalog/product/s/s/ssss_2__1_108.png"", ""https://cdn2.cellphones.com.vn/x/media/catalog/product/s/s/ssss_5__1_81.png"", ""https://cdn2.cellphones.com.vn/x/media/catalog/product/s/s/ssss_4__1_88.png"", ""https://cdn2.cellphones.com.vn/x/media/catalog/product/s/s/ssss_3__1_98.png"", ""https://cdn2.cellphones.com.vn/x/media/catalog/product/s/s/ssss_6__137.png"", ""https://cdn2.cellphones.com.vn/x/media/catalog/product/s/s/ssss_7__113.png"", ""https://cdn2.cellphones.com.vn/x/media/catalog/product/s/s/ssss_9__75.png"", ""https://cdn2.cellphones.com.vn/x/media/catalog/product/s/s/ssss_8__94.png""]","{""product_color_1"": {""color"": ""Bạc"", ""image_url"": ""https://cdn2.cellphones.com.vn/insecure/rs:fill:50:50/q:90/plain/https://cellphones.com.vn/media/catalog/product/s/s/ssss_2_183.png"", ""image_url_display"": ""https://cellphones.com.vn/media/catalog/product/s/s/ssss_2_183.png"", ""product_url"": ""https://cellphones.com.vn/laptop-asus-vivobook-14-x1407aa-ly360w.html?product_id=129494"", ""price"": ""23.790.000₫""}}"
Laptop ASUS Vivobook S14 S3407AA-SF032W,laptop-asus-vivobook-s14-s3407aa-sf032w,,,,,"[""https://cdn2.cellphones.com.vn/x/media/catalog/product/s/s/ssss_2_179_1.png"", ""https://cdn2.cellphones.com.vn/x/media/catalog/product/s/s/ssss_2__1_107_1.png"", ""https://cdn2.cellphones.com.vn/x/media/catalog/product/s/s/ssss_3__1_97_1.png"", ""https://cdn2.cellphones.com.vn/x/media/catalog/product/s/s/ssss_4__1_87_1.png"", ""https://cdn2.cellphones.com.vn/x/media/catalog/product/s/s/ssss_5__1_80_1.png"", ""https://cdn2.cellphones.com.vn/x/media/catalog/product/s/s/ssss_1__1_119_1.png"", ""https://cdn2.cellphones.com.vn/x/media/catalog/product/s/s/ssss_6__136_1.png"", ""https://cdn2.cellphones.com.vn/x/media/catalog/product/s/s/ssss_8__93_1.png"", ""https://cdn2.cellphones.com.vn/x/media/catalog/product/s/s/ssss_7__112_1.png""]","{""product_color_1"": {""color"": ""Xám"", ""image_url"": ""https://cdn2.cellphones.com.vn/insecure/rs:fill:50:50/q:90/plain/https://cellphones.com.vn/media/catalog/product/s/s/ssss_2_181.png"", ""image_url_display"": ""https://cellphones.com.vn/media/catalog/product/s/s/ssss_2_181.png"", ""product_url"": ""https://cellphones.com.vn/laptop-asus-vivobook-s14-s3407aa-sf032w.html?product_id=129047"", ""price"": ""32.990.000₫""}}"
Laptop ASUS VivoBook S14 M3407GA-SF030W,laptop-asus-vivobook-s14-m3407ga-sf030w,,,,,"[""https://cdn2.cellphones.com.vn/x/media/catalog/product/s/s/ssss_2_50.png"", ""https://cdn2.cellphones.com.vn/x/media/catalog/product/s/s/ssss_1__1_30.png"", ""https://cdn2.cellphones.com.vn/x/media/catalog/product/s/s/ssss_2__1_27.png"", ""https://cdn2.cellphones.com.vn/x/media/catalog/product/s/s/ssss_5__1_23.png"", ""https://cdn2.cellphones.com.vn/x/media/catalog/product/s/s/ssss_4__1_25.png"", ""https://cdn2.cellphones.com.vn/x/media/catalog/product/s/s/ssss_3__1_27.png"", ""https://cdn2.cellphones.com.vn/x/media/catalog/product/s/s/ssss_8__58.png"", ""https://cdn2.cellphones.com.vn/x/media/catalog/product/s/s/ssss_6__85.png"", ""https://cdn2.cellphones.com.vn/x/media/catalog/product/s/s/ssss_7__73.png""]","{""product_color_1"": {""color"": ""Xám"", ""image_url"": ""https://cdn2.cellphones.com.vn/insecure/rs:fill:50:50/q:90/plain/https://cellphones.com.vn/media/catalog/product/s/s/ssss_2_51.png"", ""image_url_display"": ""https://cellphones.com.vn/media/catalog/product/s/s/ssss_2_51.png"", ""product_url"": ""https://cellphones.com.vn/laptop-asus-vivobook-s14-m3407ga-sf030w.html?product_id=123165"", ""price"": ""27.890.000₫""}}"
Laptop ASUS VivoBook S16 S3607AA-SH042W,laptop-asus-vivobook-s16-s3607aa-sh042w,,,,,"[""https://cdn2.cellphones.com.vn/x/media/catalog/product/s/s/ssss_2_163.png"", ""https://cdn2.cellphones.com.vn/x/media/catalog/product/s/s/ssss_2__1_97.png"", ""https://cdn2.cellphones.com.vn/x/media/catalog/product/s/s/ssss_3__1_88.png"", ""https://cdn2.cellphones.com.vn/x/media/catalog/product/s/s/ssss_1__1_104.png"", ""https://cdn2.cellphones.com.vn/x/media/catalog/product/s/s/ssss_5__1_72.png"", ""https://cdn2.cellphones.com.vn/x/media/catalog/product/s/s/ssss_4__1_79.png"", ""https://cdn2.cellphones.com.vn/x/media/catalog/product/s/s/ssss_6__129.png"", ""https://cdn2.cellphones.com.vn/x/media/catalog/product/s/s/ssss_8__88.png"", ""https://cdn2.cellphones.com.vn/x/media/catalog/product/s/s/ssss_7__107.png""]","{""product_color_1"": {""color"": ""Xám"", ""image_url"": ""https://cdn2.cellphones.com.vn/insecure/rs:fill:50:50/q:90/plain/https://cellphones.com.vn/media/catalog/product/s/s/ssss_2_164.png"", ""image_url_display"": ""https://cellphones.com.vn/media/catalog/product/s/s/ssss_2_164.png"", ""product_url"": ""https://cellphones.com.vn/laptop-asus-vivobook-s16-s3607aa-sh042w.html?product_id=128687"", ""price"": ""27.990.000₫""}}"
Laptop ASUS Vivobook S14 S3407AA-SF945W,laptop-asus-vivobook-s14-s3407aa-sf945w,,,,,"[""https://cdn2.cellphones.com.vn/x/media/catalog/product/s/s/ssss_2_179.png"", ""https://cdn2.cellphones.com.vn/x/media/catalog/product/s/s/ssss_2__1_107.png"", ""https://cdn2.cellphones.com.vn/x/media/catalog/product/s/s/ssss_3__1_97.png"", ""https://cdn2.cellphones.com.vn/x/media/catalog/product/s/s/ssss_4__1_87.png"", ""https://cdn2.cellphones.com.vn/x/media/catalog/product/s/s/ssss_5__1_80.png"", ""https://cdn2.cellphones.com.vn/x/media/catalog/product/s/s/ssss_1__1_119.png"", ""https://cdn2.cellphones.com.vn/x/media/catalog/product/s/s/ssss_6__136.png"", ""https://cdn2.cellphones.com.vn/x/media/catalog/product/s/s/ssss_8__93.png"", ""https://cdn2.cellphones.com.vn/x/media/catalog/product/s/s/ssss_7__112.png""]","{""product_color_1"": {""color"": ""Xám"", ""image_url"": ""https://cdn2.cellphones.com.vn/insecure/rs:fill:50:50/q:90/plain/https://cellphones.com.vn/media/catalog/product/s/s/ssss_2_180.png"", ""image_url_display"": ""https://cellphones.com.vn/media/catalog/product/s/s/ssss_2_180.png"", ""product_url"": ""https://cellphones.com.vn/laptop-asus-vivobook-s14-s3407aa-sf945w.html?product_id=129045"", ""price"": ""30.990.000₫""}}"
Laptop ASUS VivoBook S14 S3407CA-SF923W,laptop-asus-vivobook-s14-s3407ca-sf923w,,,,,"[""https://cdn2.cellphones.com.vn/x/media/catalog/product/s/s/ssscs_2.png"", ""https://cdn2.cellphones.com.vn/x/media/catalog/product/s/s/ssscs_3__1.png"", ""https://cdn2.cellphones.com.vn/x/media/catalog/product/s/s/ssscs_2__1.png"", ""https://cdn2.cellphones.com.vn/x/media/catalog/product/s/s/ssscs_1__1.png"", ""https://cdn2.cellphones.com.vn/x/media/catalog/product/s/s/ssscs_5__1.png"", ""https://cdn2.cellphones.com.vn/x/media/catalog/product/s/s/ssscs_4__1.png"", ""https://cdn2.cellphones.com.vn/x/media/catalog/product/s/s/ssscs_6__1.png"", ""https://cdn2.cellphones.com.vn/x/media/catalog/product/s/s/ssscs_7__1.png"", ""https://cdn2.cellphones.com.vn/x/media/catalog/product/s/s/ssscs_8__1.png""]","{""product_color_1"": {""color"": ""Xám"", ""image_url"": ""https://cdn2.cellphones.com.vn/insecure/rs:fill:50:50/q:90/plain/https://cellphones.com.vn/media/catalog/product/s/s/ssscs_3.png"", ""image_url_display"": ""https://cellphones.com.vn/media/catalog/product/s/s/ssscs_3.png"", ""product_url"": ""https://cellphones.com.vn/laptop-asus-vivobook-s14-s3407ca-sf923w.html?product_id=126957"", ""price"": ""28.790.000₫""}}"
Laptop ASUS ROG Zephyrus DUO 16 GX651AX-SR050WS,laptop-asus-rog-zephyrus-duo-16-gx651ax-sr050ws,,,,,"[""https://cdn2.cellphones.com.vn/x/media/catalog/product/x/_/x_m_2_50.png"", ""https://cdn2.cellphones.com.vn/x/media/catalog/product/x/_/x_m_1__1_30.png"", ""https://cdn2.cellphones.com.vn/x/media/catalog/product/x/_/x_m_3__21.png"", ""https://cdn2.cellphones.com.vn/x/media/catalog/product/x/_/x_m_2__21.png"", ""https://cdn2.cellphones.com.vn/x/media/catalog/product/x/_/x_m_4__15.png"", ""https://cdn2.cellphones.com.vn/x/media/catalog/product/x/_/x_m_7__8.png"", ""https://cdn2.cellphones.com.vn/x/media/catalog/product/x/_/x_m_6__10.png"", ""https://cdn2.cellphones.com.vn/x/media/catalog/product/x/_/x_m_5__13.png"", ""https://cdn2.cellphones.com.vn/x/media/catalog/product/x/_/x_m_9__8.png"", ""https://cdn2.cellphones.com.vn/x/media/catalog/product/x/_/x_m_8__8.png"", ""https://cdn2.cellphones.com.vn/x/media/catalog/product/x/_/x_m_10__5.png"", ""https://cdn2.cellphones.com.vn/x/media/catalog/product/x/_/x_m_11__5.png"", ""https://cdn2.cellphones.com.vn/x/media/catalog/product/x/_/x_m_13__4.png"", ""https://cdn2.cellphones.com.vn/x/media/catalog/product/x/_/x_m_12__3.png"", ""https://cdn2.cellphones.com.vn/x/media/catalog/product/x/_/x_m_15__2.png"", ""https://cdn2.cellphones.com.vn/x/media/catalog/product/x/_/x_m_14__2.png"", ""https://cdn2.cellphones.com.vn/x/media/catalog/product/x/_/x_m_23_.png"", ""https://cdn2.cellphones.com.vn/x/media/catalog/product/x/_/x_m_22_.png"", ""https://cdn2.cellphones.com.vn/x/media/catalog/product/x/_/x_m_20__1.png"", ""https://cdn2.cellphones.com.vn/x/media/catalog/product/x/_/x_m_18__2.png"", ""https://cdn2.cellphones.com.vn/x/media/catalog/product/x/_/x_m_19__1.png"", ""https://cdn2.cellphones.com.vn/x/media/catalog/product/x/_/x_m_16__2.png"", ""https://cdn2.cellphones.com.vn/x/media/catalog/product/x/_/x_m_17__2.png"", ""https://cdn2.cellphones.com.vn/x/media/catalog/product/x/_/x_m_21_.png""]","{""product_color_1"": {""color"": ""Xám"", ""image_url"": ""https://cdn2.cellphones.com.vn/insecure/rs:fill:50:50/q:90/plain/https://cellphones.com.vn/media/catalog/product/x/_/x_m_1__1_31.png"", ""image_url_display"": ""https://cellphones.com.vn/media/catalog/product/x/_/x_m_1__1_31.png"", ""product_url"": ""https://cellphones.com.vn/laptop-asus-rog-zephyrus-duo-16-gx651ax-sr050ws.html?product_id=132609"", ""price"": ""199.990.000₫""}}"
Laptop ASUS ROG Strix G16 G614PM-RV233W,laptop-asus-rog-strix-g16-g614pm-rv233w,,,,,"[""https://cdn2.cellphones.com.vn/x/media/catalog/product/s/s/ssss_1__1_106.png"", ""https://cdn2.cellphones.com.vn/x/media/catalog/product/s/s/ssss_4__1_81.png"", ""https://cdn2.cellphones.com.vn/x/media/catalog/product/s/s/ssss_6__131.png"", ""https://cdn2.cellphones.com.vn/x/media/catalog/product/s/s/ssss_3__1_90.png"", ""https://cdn2.cellphones.com.vn/x/media/catalog/product/s/s/ssss_2__1_99.png"", ""https://cdn2.cellphones.com.vn/x/media/catalog/product/s/s/ssss_5__1_74.png"", ""https://cdn2.cellphones.com.vn/x/media/catalog/product/s/s/ssss_2_167.png"", ""https://cdn2.cellphones.com.vn/x/media/catalog/product/s/s/ssss_7__109.png"", ""https://cdn2.cellphones.com.vn/x/media/catalog/product/s/s/ssss_8__90.png"", ""https://cdn2.cellphones.com.vn/x/media/catalog/product/s/s/ssss_10__60.png"", ""https://cdn2.cellphones.com.vn/x/media/catalog/product/s/s/ssss_9__72.png"", ""https://cdn2.cellphones.com.vn/x/media/catalog/product/s/s/ssss_12__1_20.png"", ""https://cdn2.cellphones.com.vn/x/media/catalog/product/s/s/ssss_11__1_24.png""]","{""product_color_1"": {""color"": ""Xám"", ""image_url"": ""https://cdn2.cellphones.com.vn/insecure/rs:fill:50:50/q:90/plain/https://cellphones.com.vn/media/catalog/product/s/s/ssss_1__1_107.png"", ""image_url_display"": ""https://cellphones.com.vn/media/catalog/product/s/s/ssss_1__1_107.png"", ""product_url"": ""https://cellphones.com.vn/laptop-asus-rog-strix-g16-g614pm-rv233w.html?product_id=128693"", ""price"": ""46.590.000₫""}}"
Laptop ASUS Vivobook S 15 S5507QA-MA089WS Copilot+ X Elite,laptop-asus-vivobook-s-15-s5507qa-ma089ws-copilot-x-elite,,,,,"[""https://cdn2.cellphones.com.vn/x/media/catalog/product/l/a/laptop-asus-vivobook-s-15-s5507qa-ma089ws-copilot-x-elite_4__1.png"", ""https://cdn2.cellphones.com.vn/x/media/catalog/product/l/a/laptop-asus-vivobook-s-15-s5507qa-ma089ws-copilot-x-elite_2__3.png"", ""https://cdn2.cellphones.com.vn/x/media/catalog/product/t/e/text_ng_n_15__7_26.png"", ""https://cdn2.cellphones.com.vn/x/media/catalog/product/t/e/text_ng_n_11__5_29.png"", ""https://cdn2.cellphones.com.vn/x/media/catalog/product/t/e/text_ng_n_14__5_28.png"", ""https://cdn2.cellphones.com.vn/x/media/catalog/product/t/e/text_ng_n_10__4_17.png"", ""https://cdn2.cellphones.com.vn/x/media/catalog/product/t/e/text_ng_n_12__5_28.png"", ""https://cdn2.cellphones.com.vn/x/media/catalog/product/t/e/text_ng_n_13__6_24.png"", ""https://cdn2.cellphones.com.vn/x/media/catalog/product/t/e/text_ng_n_16__5_24.png"", ""https://cdn2.cellphones.com.vn/x/media/catalog/product/t/e/text_ng_n_17__7_4.png""]","{""product_color_1"": {""color"": ""Bạc"", ""image_url"": ""https://cdn2.cellphones.com.vn/insecure/rs:fill:50:50/q:90/plain/https://cellphones.com.vn/media/catalog/product/t/e/text_ng_n_15__7_27.png"", ""image_url_display"": ""https://cellphones.com.vn/media/catalog/product/t/e/text_ng_n_15__7_27.png"", ""product_url"": ""https://cellphones.com.vn/laptop-asus-vivobook-s-15-s5507qa-ma089ws-copilot-x-elite.html?product_id=83095"", ""price"": ""25.490.000₫""}}"
Laptop ASUS Gaming V16 V3607VH-RP024W,laptop-asus-gaming-v16-v3607vh-rp024w,,,,,"[""https://cdn2.cellphones.com.vn/x/media/catalog/product/t/e/text_ng_n_15_15.png"", ""https://cdn2.cellphones.com.vn/x/media/catalog/product/t/e/text_ng_n_1__9_75.png"", ""https://cdn2.cellphones.com.vn/x/media/catalog/product/t/e/text_ng_n_2__9_100.png"", ""https://cdn2.cellphones.com.vn/x/media/catalog/product/t/e/text_ng_n_4__7_157.png"", ""https://cdn2.cellphones.com.vn/x/media/catalog/product/t/e/text_ng_n_3__7_104.png"", ""https://cdn2.cellphones.com.vn/x/media/catalog/product/t/e/text_ng_n_5__9_164.png"", ""https://cdn2.cellphones.com.vn/x/media/catalog/product/t/e/text_ng_n_6__4_141.png""]","{""product_color_1"": {""color"": ""Đen"", ""image_url"": ""https://cdn2.cellphones.com.vn/insecure/rs:fill:50:50/q:90/plain/https://cellphones.com.vn/media/catalog/product/t/e/text_ng_n_15_16.png"", ""image_url_display"": ""https://cellphones.com.vn/media/catalog/product/t/e/text_ng_n_15_16.png"", ""product_url"": ""https://cellphones.com.vn/laptop-asus-gaming-v16-v3607vh-rp024w.html?product_id=106244"", ""price"": ""27.390.000₫""}}"
Laptop ASUS Vivobook 15 X1502VA-BQ886W,laptop-asus-vivobook-15-x1502va-bq886w,,,,,"[""https://cdn2.cellphones.com.vn/x/media/catalog/product/t/e/text_ng_n_40__2_24_2.png"", ""https://cdn2.cellphones.com.vn/x/media/catalog/product/t/e/text_ng_n_46__3_18_2.png"", ""https://cdn2.cellphones.com.vn/x/media/catalog/product/t/e/text_ng_n_47__3_22_2.png"", ""https://cdn2.cellphones.com.vn/x/media/catalog/product/t/e/text_ng_n_39__2_24_2.png"", ""https://cdn2.cellphones.com.vn/x/media/catalog/product/t/e/text_ng_n_41__2_21_2.png"", ""https://cdn2.cellphones.com.vn/x/media/catalog/product/t/e/text_ng_n_42__3_25_2.png"", ""https://cdn2.cellphones.com.vn/x/media/catalog/product/t/e/text_ng_n_45__4_8_2.png"", ""https://cdn2.cellphones.com.vn/x/media/catalog/product/t/e/text_ng_n_44__2_19_2.png"", ""https://cdn2.cellphones.com.vn/x/media/catalog/product/t/e/text_ng_n_43__4_23_2.png"", ""https://cdn2.cellphones.com.vn/x/media/catalog/product/t/e/text_ng_n_48__3_17_2.png"", ""https://cdn2.cellphones.com.vn/x/media/catalog/product/t/e/text_ng_n_49__3_7_2.png""]","{""product_color_1"": {""color"": ""Bạc"", ""image_url"": ""https://cdn2.cellphones.com.vn/insecure/rs:fill:50:50/q:90/plain/https://cellphones.com.vn/media/catalog/product/t/e/text_ng_n_40__2_24_3.png"", ""image_url_display"": ""https://cellphones.com.vn/media/catalog/product/t/e/text_ng_n_40__2_24_3.png"", ""product_url"": ""https://cellphones.com.vn/laptop-asus-vivobook-15-x1502va-bq886w.html?product_id=102141"", ""price"": ""20.990.000₫""}}"
Laptop ASUS ZenBook S 14 UX5406AA SU415WS,laptop-asus-zenbook-s-14-ux5406aa-su415ws,,,,,"[""https://cdn2.cellphones.com.vn/x/media/catalog/product/s/s/ssss_2_133.png"", ""https://cdn2.cellphones.com.vn/x/media/catalog/product/s/s/ssss_1__1_78.png"", ""https://cdn2.cellphones.com.vn/x/media/catalog/product/s/s/ssss_2__1_74.png"", ""https://cdn2.cellphones.com.vn/x/media/catalog/product/s/s/ssss_3__1_69.png"", ""https://cdn2.cellphones.com.vn/x/media/catalog/product/s/s/ssss_4__1_61.png"", ""https://cdn2.cellphones.com.vn/x/media/catalog/product/s/s/ssss_5__1_55.png""]","{""product_color_1"": {""color"": ""Trắng"", ""image_url"": ""https://cdn2.cellphones.com.vn/insecure/rs:fill:50:50/q:90/plain/https://cellphones.com.vn/media/catalog/product/s/s/ssss_2_132.png"", ""image_url_display"": ""https://cellphones.com.vn/media/catalog/product/s/s/ssss_2_132.png"", ""product_url"": ""https://cellphones.com.vn/laptop-asus-zenbook-s-14-ux5406aa-su415ws.html?product_id=127255"", ""price"": ""48.590.000₫""}}"
Laptop ASUS ROG Zephyrus G14 GA403WW-QS145WS,laptop-asus-rog-zephyrus-g14-ga403ww-qs145ws-ryzen-ai-9,,,,,"[""https://cdn2.cellphones.com.vn/x/media/catalog/product/s/s/ssss_1_103.png"", ""https://cdn2.cellphones.com.vn/x/media/catalog/product/s/s/ssss_1__81.png"", ""https://cdn2.cellphones.com.vn/x/media/catalog/product/s/s/ssss_2__78.png"", ""https://cdn2.cellphones.com.vn/x/media/catalog/product/s/s/ssss_3__75.png"", ""https://cdn2.cellphones.com.vn/x/media/catalog/product/s/s/ssss_5__58.png"", ""https://cdn2.cellphones.com.vn/x/media/catalog/product/s/s/ssss_4__69.png"", ""https://cdn2.cellphones.com.vn/x/media/catalog/product/s/s/ssss_7__40.png"", ""https://cdn2.cellphones.com.vn/x/media/catalog/product/s/s/ssss_6__48.png"", ""https://cdn2.cellphones.com.vn/x/media/catalog/product/s/s/ssss_9__30.png"", ""https://cdn2.cellphones.com.vn/x/media/catalog/product/s/s/ssss_8__31.png"", ""https://cdn2.cellphones.com.vn/x/media/catalog/product/s/s/ssss_10__27.png"", ""https://cdn2.cellphones.com.vn/x/media/catalog/product/s/s/ssss_11__20.png"", ""https://cdn2.cellphones.com.vn/x/media/catalog/product/s/s/ssss_12__18.png"", ""https://cdn2.cellphones.com.vn/x/media/catalog/product/s/s/ssss_13__16.png""]","{""product_color_1"": {""color"": ""Xám"", ""image_url"": ""https://cdn2.cellphones.com.vn/insecure/rs:fill:50:50/q:90/plain/https://cellphones.com.vn/media/catalog/product/s/s/ssss_1_104.png"", ""image_url_display"": ""https://cellphones.com.vn/media/catalog/product/s/s/ssss_1_104.png"", ""product_url"": ""https://cellphones.com.vn/laptop-asus-rog-zephyrus-g14-ga403ww-qs145ws-ryzen-ai-9.html?product_id=119270"", ""price"": ""82.490.000₫""}}"
Laptop ASUS Vivobook Go 15 E1504GA-BQ1141W,laptop-asus-vivobook-go-15-e1504ga-bq1141w,,,,,"[""https://cdn2.cellphones.com.vn/x/media/catalog/product/t/e/text_ng_n_3__7_149.png"", ""https://cdn2.cellphones.com.vn/x/media/catalog/product/t/e/text_ng_n_6__4_174.png"", ""https://cdn2.cellphones.com.vn/x/media/catalog/product/t/e/text_ng_n_10__5_161.png"", ""https://cdn2.cellphones.com.vn/x/media/catalog/product/t/e/text_ng_n_7__4_155.png"", ""https://cdn2.cellphones.com.vn/x/media/catalog/product/t/e/text_ng_n_2__9_154.png"", ""https://cdn2.cellphones.com.vn/x/media/catalog/product/t/e/text_ng_n_1__9_115.png"", ""https://cdn2.cellphones.com.vn/x/media/catalog/product/t/e/text_ng_n_15_78.png"", ""https://cdn2.cellphones.com.vn/x/media/catalog/product/t/e/text_ng_n_8__6_159.png"", ""https://cdn2.cellphones.com.vn/x/media/catalog/product/t/e/text_ng_n_4__7_196.png"", ""https://cdn2.cellphones.com.vn/x/media/catalog/product/t/e/text_ng_n_5__9_200.png"", ""https://cdn2.cellphones.com.vn/x/media/catalog/product/t/e/text_ng_n_11__7_107.png"", ""https://cdn2.cellphones.com.vn/x/media/catalog/product/t/e/text_ng_n_9__9_145.png"", ""https://cdn2.cellphones.com.vn/x/media/catalog/product/t/e/text_ng_n_12__8_96.png""]","{""product_color_1"": {""color"": ""Bạc"", ""image_url"": ""https://cdn2.cellphones.com.vn/insecure/rs:fill:50:50/q:90/plain/https://cellphones.com.vn/media/catalog/product/t/e/text_ng_n_3__7_150.png"", ""image_url_display"": ""https://cellphones.com.vn/media/catalog/product/t/e/text_ng_n_3__7_150.png"", ""product_url"": ""https://cellphones.com.vn/laptop-asus-vivobook-go-15-e1504ga-bq1141w.html?product_id=106918"", ""price"": ""10.990.000₫""}}"
Laptop ASUS ROG Zephyrus G14 GA403WR-QS103WS,laptop-asus-rog-zephyrus-g14-ga403wr-qs103ws-ryzen-ai-9,,,,,"[""https://cdn2.cellphones.com.vn/x/media/catalog/product/r/o/rog_zephyrus_g14_.png"", ""https://cdn2.cellphones.com.vn/x/media/catalog/product/t/e/text_ng_n_23__3_71.png"", ""https://cdn2.cellphones.com.vn/x/media/catalog/product/t/e/text_ng_n_21__4_78.png"", ""https://cdn2.cellphones.com.vn/x/media/catalog/product/t/e/text_ng_n_22__4_77.png"", ""https://cdn2.cellphones.com.vn/x/media/catalog/product/t/e/text_ng_n_24__3_63.png"", ""https://cdn2.cellphones.com.vn/x/media/catalog/product/t/e/text_ng_n_20__5_89.png"", ""https://cdn2.cellphones.com.vn/x/media/catalog/product/t/e/text_ng_n_25__7_62.png"", ""https://cdn2.cellphones.com.vn/x/media/catalog/product/t/e/text_ng_n_26__6_67.png""]","{""product_color_1"": {""color"": ""Xám"", ""image_url"": ""https://cdn2.cellphones.com.vn/insecure/rs:fill:50:50/q:90/plain/https://cellphones.com.vn/media/catalog/product/t/e/text_ng_n_21__4_79.png"", ""image_url_display"": ""https://cellphones.com.vn/media/catalog/product/t/e/text_ng_n_21__4_79.png"", ""product_url"": ""https://cellphones.com.vn/laptop-asus-rog-zephyrus-g14-ga403wr-qs103ws-ryzen-ai-9.html?product_id=104162"", ""price"": ""77.990.000₫""}}"
Laptop ASUS Vivobook 15 OLED A1505VA-L1688W,laptop-asus-vivobook-15-oled-a1505va-l1688w,,,,,"[""https://cdn2.cellphones.com.vn/x/media/catalog/product/s/s/ssss_5__1_25.png"", ""https://cdn2.cellphones.com.vn/x/media/catalog/product/s/s/ssss_4__1_27.png"", ""https://cdn2.cellphones.com.vn/x/media/catalog/product/s/s/ssss_6__87.png"", ""https://cdn2.cellphones.com.vn/x/media/catalog/product/s/s/ssss_7__74.png"", ""https://cdn2.cellphones.com.vn/x/media/catalog/product/s/s/ssss_2_70.png"", ""https://cdn2.cellphones.com.vn/x/media/catalog/product/s/s/ssss_1__1_35.png"", ""https://cdn2.cellphones.com.vn/x/media/catalog/product/s/s/ssss_3__1_32.png"", ""https://cdn2.cellphones.com.vn/x/media/catalog/product/s/s/ssss_2__1_32.png"", ""https://cdn2.cellphones.com.vn/x/media/catalog/product/s/s/ssss_8__59.png""]","{""product_color_1"": {""color"": ""Bạc"", ""image_url"": ""https://cdn2.cellphones.com.vn/insecure/rs:fill:50:50/q:90/plain/https://cellphones.com.vn/media/catalog/product/s/s/ssss_5__1_26.png"", ""image_url_display"": ""https://cellphones.com.vn/media/catalog/product/s/s/ssss_5__1_26.png"", ""product_url"": ""https://cellphones.com.vn/laptop-asus-vivobook-15-oled-a1505va-l1688w.html?product_id=105687"", ""price"": ""21.890.000₫""}}"
Laptop ASUS ROG Strix G16 G615LR-S5238W,laptop-asus-rog-strix-g16-g615lr-s5238w,,,,,"[""https://cdn2.cellphones.com.vn/x/media/catalog/product/t/e/text_ng_n_5__9_57.png"", ""https://cdn2.cellphones.com.vn/x/media/catalog/product/t/e/text_ng_n_8__6_50.png"", ""https://cdn2.cellphones.com.vn/x/media/catalog/product/t/e/text_ng_n_9__9_46.png"", ""https://cdn2.cellphones.com.vn/x/media/catalog/product/t/e/text_ng_n_10__5_73.png"", ""https://cdn2.cellphones.com.vn/x/media/catalog/product/t/e/text_ng_n_6__4_53.png"", ""https://cdn2.cellphones.com.vn/x/media/catalog/product/t/e/text_ng_n_7__4_49.png"", ""https://cdn2.cellphones.com.vn/x/media/catalog/product/t/e/text_ng_n_12__8_17.png"", ""https://cdn2.cellphones.com.vn/x/media/catalog/product/t/e/text_ng_n_13__8_17.png"", ""https://cdn2.cellphones.com.vn/x/media/catalog/product/t/e/text_ng_n_11__7_22.png"", ""https://cdn2.cellphones.com.vn/x/media/catalog/product/t/e/text_ng_n_18__7_13.png"", ""https://cdn2.cellphones.com.vn/x/media/catalog/product/t/e/text_ng_n_15__7_203.png"", ""https://cdn2.cellphones.com.vn/x/media/catalog/product/t/e/text_ng_n_14__9_17.png"", ""https://cdn2.cellphones.com.vn/x/media/catalog/product/t/e/text_ng_n_16__6_158.png"", ""https://cdn2.cellphones.com.vn/x/media/catalog/product/t/e/text_ng_n_17__8_107.png"", ""https://cdn2.cellphones.com.vn/x/media/catalog/product/t/e/text_ng_n_19__5_12.png""]","{""product_color_1"": {""color"": ""Xám"", ""image_url"": ""https://cdn2.cellphones.com.vn/insecure/rs:fill:50:50/q:90/plain/https://cellphones.com.vn/media/catalog/product/t/e/text_ng_n_5__9_58.png"", ""image_url_display"": ""https://cellphones.com.vn/media/catalog/product/t/e/text_ng_n_5__9_58.png"", ""product_url"": ""https://cellphones.com.vn/laptop-asus-rog-strix-g16-g615lr-s5238w.html?product_id=104172"", ""price"": ""54.990.000₫""}}"
Laptop ASUS Vivobook S14 OLED S5406SA-PP059WS,laptop-asus-vivobook-s14-oled-s5406sa-pp059ws,,,,,"[""https://cdn2.cellphones.com.vn/x/media/catalog/product/t/e/text_ng_n_1__7_39.png"", ""https://cdn2.cellphones.com.vn/x/media/catalog/product/t/e/text_ng_n_5__8_21.png"", ""https://cdn2.cellphones.com.vn/x/media/catalog/product/t/e/text_ng_n_4__7_21.png"", ""https://cdn2.cellphones.com.vn/x/media/catalog/product/t/e/text_ng_n_3__6_23.png"", ""https://cdn2.cellphones.com.vn/x/media/catalog/product/t/e/text_ng_n_2__7_26.png"", ""https://cdn2.cellphones.com.vn/x/media/catalog/product/t/e/text_ng_n_7__2_174.png"", ""https://cdn2.cellphones.com.vn/x/media/catalog/product/t/e/text_ng_n_6__2_186.png""]","{""product_color_1"": {""color"": ""Xanh"", ""image_url"": ""https://cdn2.cellphones.com.vn/insecure/rs:fill:50:50/q:90/plain/https://cellphones.com.vn/media/catalog/product/t/e/text_ng_n_1__7_40.png"", ""image_url_display"": ""https://cellphones.com.vn/media/catalog/product/t/e/text_ng_n_1__7_40.png"", ""product_url"": ""https://cellphones.com.vn/laptop-asus-vivobook-s14-oled-s5406sa-pp059ws.html?product_id=96101"", ""price"": ""35.290.000₫""}}"
Laptop ASUS TUF Gaming A15 FA507NUR-LP101W,laptop-asus-tuf-gaming-a15-fa507nur-lp101w,,,,,"[""https://cdn2.cellphones.com.vn/x/media/catalog/product/t/e/text_ng_n_22__3_22.png"", ""https://cdn2.cellphones.com.vn/x/media/catalog/product/t/e/text_ng_n_23__2_20.png"", ""https://cdn2.cellphones.com.vn/x/media/catalog/product/t/e/text_ng_n_18__5_10.png"", ""https://cdn2.cellphones.com.vn/x/media/catalog/product/t/e/text_ng_n_19__3_11.png"", ""https://cdn2.cellphones.com.vn/x/media/catalog/product/t/e/text_ng_n_24__2_20.png"", ""https://cdn2.cellphones.com.vn/x/media/catalog/product/t/e/text_ng_n_26__2_18.png"", ""https://cdn2.cellphones.com.vn/x/media/catalog/product/t/e/text_ng_n_25__2_18.png""]","{""product_color_1"": {""color"": ""Xám"", ""image_url"": ""https://cdn2.cellphones.com.vn/insecure/rs:fill:50:50/q:90/plain/https://cellphones.com.vn/media/catalog/product/t/e/text_ng_n_20__4_26.png"", ""image_url_display"": ""https://cellphones.com.vn/media/catalog/product/t/e/text_ng_n_20__4_26.png"", ""product_url"": ""https://cellphones.com.vn/laptop-asus-tuf-gaming-a15-fa507nur-lp101w.html?product_id=86190"", ""price"": ""22.990.000₫""}}"
Laptop ASUS Vivobook S16 S5606CA-RI171WS,laptop-asus-vivobook-s16-s5606ca-ri171ws,,,,,"[""https://cdn2.cellphones.com.vn/x/media/catalog/product/t/e/text_ng_n_4__7_256.png"", ""https://cdn2.cellphones.com.vn/x/media/catalog/product/t/e/text_ng_n_5__9_252.png"", ""https://cdn2.cellphones.com.vn/x/media/catalog/product/t/e/text_ng_n_7__4_203.png"", ""https://cdn2.cellphones.com.vn/x/media/catalog/product/t/e/text_ng_n_6__4_227.png"", ""https://cdn2.cellphones.com.vn/x/media/catalog/product/t/e/text_ng_n_11__7_123.png"", ""https://cdn2.cellphones.com.vn/x/media/catalog/product/t/e/text_ng_n_10__5_184.png"", ""https://cdn2.cellphones.com.vn/x/media/catalog/product/t/e/text_ng_n_8__6_200.png"", ""https://cdn2.cellphones.com.vn/x/media/catalog/product/t/e/text_ng_n_9__9_178.png"", ""https://cdn2.cellphones.com.vn/x/media/catalog/product/t/e/text_ng_n_12__8_110.png"", ""https://cdn2.cellphones.com.vn/x/media/catalog/product/t/e/text_ng_n_2__9_212.png"", ""https://cdn2.cellphones.com.vn/x/media/catalog/product/t/e/text_ng_n_3__7_205.png""]","{""product_color_1"": {""color"": ""Xanh"", ""image_url"": ""https://cdn2.cellphones.com.vn/insecure/rs:fill:50:50/q:90/plain/https://cellphones.com.vn/media/catalog/product/t/e/text_ng_n_4__7_257.png"", ""image_url_display"": ""https://cellphones.com.vn/media/catalog/product/t/e/text_ng_n_4__7_257.png"", ""product_url"": ""https://cellphones.com.vn/laptop-asus-vivobook-s16-s5606ca-ri171ws.html?product_id=107952"", ""price"": ""28.390.000₫""}}"
Laptop ASUS ROG Strix G16 G614JU-N3206W,laptop-asus-rog-strix-g16-g614ju-n3206w,,,,,"[""https://cdn2.cellphones.com.vn/x/media/catalog/product/t/e/text_ng_n_1__7_4.png"", ""https://cdn2.cellphones.com.vn/x/media/catalog/product/t/e/text_ng_n_3__6_4.png"", ""https://cdn2.cellphones.com.vn/x/media/catalog/product/t/e/text_ng_n_11__5_127.png"", ""https://cdn2.cellphones.com.vn/x/media/catalog/product/t/e/text_ng_n_2__7_5.png"", ""https://cdn2.cellphones.com.vn/x/media/catalog/product/t/e/text_ng_n_4__7_3.png"", ""https://cdn2.cellphones.com.vn/x/media/catalog/product/t/e/text_ng_n_5__8_3.png"", ""https://cdn2.cellphones.com.vn/x/media/catalog/product/t/e/text_ng_n_6__2_167.png"", ""https://cdn2.cellphones.com.vn/x/media/catalog/product/t/e/text_ng_n_7__2_155.png"", ""https://cdn2.cellphones.com.vn/x/media/catalog/product/t/e/text_ng_n_8__4_157.png"", ""https://cdn2.cellphones.com.vn/x/media/catalog/product/t/e/text_ng_n_9__4_168.png"", ""https://cdn2.cellphones.com.vn/x/media/catalog/product/t/e/text_ng_n_10__4_124.png"", ""https://cdn2.cellphones.com.vn/x/media/catalog/product/t/e/text_ng_n_12__5_123.png"", ""https://cdn2.cellphones.com.vn/x/media/catalog/product/t/e/text_ng_n_13__6_115.png"", ""https://cdn2.cellphones.com.vn/x/media/catalog/product/t/e/text_ng_n_14__6_75.png"", ""https://cdn2.cellphones.com.vn/x/media/catalog/product/t/e/text_ng_n_15__7_101.png"", ""https://cdn2.cellphones.com.vn/x/media/catalog/product/t/e/text_ng_n_16__6_68.png""]","{""product_color_1"": {""color"": ""Xám"", ""image_url"": ""https://cdn2.cellphones.com.vn/insecure/rs:fill:50:50/q:90/plain/https://cellphones.com.vn/media/catalog/product/t/e/text_ng_n_1__7_5.png"", ""image_url_display"": ""https://cellphones.com.vn/media/catalog/product/t/e/text_ng_n_1__7_5.png"", ""product_url"": ""https://cellphones.com.vn/laptop-asus-rog-strix-g16-g614ju-n3206w.html?product_id=94458"", ""price"": ""30.990.000₫""}}"
Laptop ASUS Vivobook S 14 OLED M5406WA-PP071WS,laptop-asus-vivobook-s-14-oled-m5406wa-pp071ws,,,,,"[""https://cdn2.cellphones.com.vn/x/media/catalog/product/l/a/laptop-asus-vivobook-s-14-oled-m5406wa-pp071ws_3_.png"", ""https://cdn2.cellphones.com.vn/x/media/catalog/product/t/e/text_ng_n_45__3_11.png"", ""https://cdn2.cellphones.com.vn/x/media/catalog/product/t/e/text_ng_n_38__2_14.png"", ""https://cdn2.cellphones.com.vn/x/media/catalog/product/t/e/text_ng_n_41__2_10.png"", ""https://cdn2.cellphones.com.vn/x/media/catalog/product/t/e/text_ng_n_40__2_13.png"", ""https://cdn2.cellphones.com.vn/x/media/catalog/product/t/e/text_ng_n_42__3_12.png"", ""https://cdn2.cellphones.com.vn/x/media/catalog/product/t/e/text_ng_n_43__4_12.png"", ""https://cdn2.cellphones.com.vn/x/media/catalog/product/t/e/text_ng_n_44__2_10.png""]","{""product_color_1"": {""color"": ""Bạc"", ""image_url"": ""https://cdn2.cellphones.com.vn/insecure/rs:fill:50:50/q:90/plain/https://cellphones.com.vn/media/catalog/product/t/e/text_ng_n_38__2_15.png"", ""image_url_display"": ""https://cellphones.com.vn/media/catalog/product/t/e/text_ng_n_38__2_15.png"", ""product_url"": ""https://cellphones.com.vn/laptop-asus-vivobook-s-14-oled-m5406wa-pp071ws.html?product_id=88295"", ""price"": ""29.590.000₫""}}"
Laptop ASUS Vivobook S 14 OLED S5406MA-PP046WS,laptop-asus-vivoboook-s-14-oled-s5406ma-pp046ws,,,,,"[""https://cdn2.cellphones.com.vn/x/media/catalog/product/l/a/laptop_asus_vivobook_s_14_oled_s5406ma-pp046ws_-_4.png"", ""https://cdn2.cellphones.com.vn/x/media/catalog/product/t/e/text_ng_n_13__6_70.png"", ""https://cdn2.cellphones.com.vn/x/media/catalog/product/t/e/text_ng_n_1__6_60.png"", ""https://cdn2.cellphones.com.vn/x/media/catalog/product/t/e/text_ng_n_4__6_68.png"", ""https://cdn2.cellphones.com.vn/x/media/catalog/product/t/e/text_ng_n_2__6_83.png"", ""https://cdn2.cellphones.com.vn/x/media/catalog/product/t/e/text_ng_n_5__7_65.png"", ""https://cdn2.cellphones.com.vn/x/media/catalog/product/t/e/text_ng_n_3__5_75.png"", ""https://cdn2.cellphones.com.vn/x/media/catalog/product/t/e/text_ng_n_7__2_96.png"", ""https://cdn2.cellphones.com.vn/x/media/catalog/product/t/e/text_ng_n_6__2_108.png""]","{""product_color_1"": {""color"": ""Xanh"", ""image_url"": ""https://cdn2.cellphones.com.vn/insecure/rs:fill:50:50/q:90/plain/https://cellphones.com.vn/media/catalog/product/t/e/text_ng_n_13__6_71.png"", ""image_url_display"": ""https://cellphones.com.vn/media/catalog/product/t/e/text_ng_n_13__6_71.png"", ""product_url"": ""https://cellphones.com.vn/laptop-asus-vivoboook-s-14-oled-s5406ma-pp046ws.html?product_id=88234"", ""price"": ""22.990.000₫""}}"
Laptop ASUS TUF Gaming A15 FA506NCR-HN047W,laptop-asus-tuf-gaming-a15-fa506ncr-hn047w,,,,,"[""https://cdn2.cellphones.com.vn/x/media/catalog/product/t/e/text_ng_n_100__2_5.png"", ""https://cdn2.cellphones.com.vn/x/media/catalog/product/t/e/text_ng_n_32__2_27.png"", ""https://cdn2.cellphones.com.vn/x/media/catalog/product/t/e/text_ng_n_33__3_25.png"", ""https://cdn2.cellphones.com.vn/x/media/catalog/product/t/e/text_ng_n_35__3_25.png"", ""https://cdn2.cellphones.com.vn/x/media/catalog/product/t/e/text_ng_n_37__2_24.png"", ""https://cdn2.cellphones.com.vn/x/media/catalog/product/t/e/text_ng_n_38__2_24.png"", ""https://cdn2.cellphones.com.vn/x/media/catalog/product/t/e/text_ng_n_36__2_25.png"", ""https://cdn2.cellphones.com.vn/x/media/catalog/product/t/e/text_ng_n_34__3_28.png""]","{""product_color_1"": {""color"": ""Đen"", ""image_url"": ""https://cdn2.cellphones.com.vn/insecure/rs:fill:50:50/q:90/plain/https://cellphones.com.vn/media/catalog/product/t/e/text_ng_n_32__2_28.png"", ""image_url_display"": ""https://cellphones.com.vn/media/catalog/product/t/e/text_ng_n_32__2_28.png"", ""product_url"": ""https://cellphones.com.vn/laptop-asus-tuf-gaming-a15-fa506ncr-hn047w.html?product_id=91455"", ""price"": ""18.990.000₫""}}"
Laptop ASUS Vivobook 15 OLED A1505VA MA468W,laptop-asus-vivobook-15-oled-a1505va-ma468w,,,,,"[""https://cdn2.cellphones.com.vn/x/media/catalog/product/l/a/laptop-asus-vivobook-15-oled-a1505va-ma468w.png"", ""https://cdn2.cellphones.com.vn/x/media/catalog/product/l/a/laptop-asus-vivobook-15-oled-a1505va-ma468w_1_.png"", ""https://cdn2.cellphones.com.vn/x/media/catalog/product/l/a/laptop-asus-vivobook-15-oled-a1505va-ma468w_2_.png"", ""https://cdn2.cellphones.com.vn/x/media/catalog/product/l/a/laptop-asus-vivobook-15-oled-a1505va-ma468w_4_.png"", ""https://cdn2.cellphones.com.vn/x/media/catalog/product/l/a/laptop-asus-vivobook-15-oled-a1505va-ma468w_3_.png"", ""https://cdn2.cellphones.com.vn/x/media/catalog/product/l/a/laptop-asus-vivobook-15-oled-a1505va-ma468w_5_.png"", ""https://cdn2.cellphones.com.vn/x/media/catalog/product/l/a/laptop-asus-vivobook-15-oled-a1505va-ma468w_6_.png""]","{""product_color_1"": {""color"": ""Đen"", ""image_url"": ""https://cdn2.cellphones.com.vn/insecure/rs:fill:50:50/q:90/plain/https://cellphones.com.vn/media/catalog/product/l/a/laptop-asus-vivobook-15-oled-a1505va-ma468w_1.png"", ""image_url_display"": ""https://cellphones.com.vn/media/catalog/product/l/a/laptop-asus-vivobook-15-oled-a1505va-ma468w_1.png"", ""product_url"": ""https://cellphones.com.vn/laptop-asus-vivobook-15-oled-a1505va-ma468w.html?product_id=82807"", ""price"": ""20.490.000₫""}}"
Laptop ASUS Zenbook S 14 OLED UX5406SA-PV140WS,laptop-asus-zenbook-s-14-oled-ux5406sa-pv140ws,,,,,"[""https://cdn2.cellphones.com.vn/x/media/catalog/product/t/e/text_ng_n_-_2024-09-23t221452.683.png"", ""https://cdn2.cellphones.com.vn/x/media/catalog/product/t/e/text_ng_n_-_2024-09-23t221544.349.png"", ""https://cdn2.cellphones.com.vn/x/media/catalog/product/t/e/text_ng_n_-_2024-09-23t221535.671.png"", ""https://cdn2.cellphones.com.vn/x/media/catalog/product/t/e/text_ng_n_-_2024-09-23t221506.679.png"", ""https://cdn2.cellphones.com.vn/x/media/catalog/product/t/e/text_ng_n_-_2024-09-23t221515.705.png"", ""https://cdn2.cellphones.com.vn/x/media/catalog/product/t/e/text_ng_n_-_2024-09-23t221527.364.png"", ""https://cdn2.cellphones.com.vn/x/media/catalog/product/t/e/text_ng_n_-_2024-09-23t221641.323.png"", ""https://cdn2.cellphones.com.vn/x/media/catalog/product/t/e/text_ng_n_-_2024-09-23t221556.191.png"", ""https://cdn2.cellphones.com.vn/x/media/catalog/product/t/e/text_ng_n_-_2024-09-23t221605.497.png""]","{""product_color_1"": {""color"": ""Trắng"", ""image_url"": ""https://cdn2.cellphones.com.vn/insecure/rs:fill:50:50/q:90/plain/https://cellphones.com.vn/media/catalog/product/t/e/text_ng_n_-_2024-09-23t221452.683_1.png"", ""image_url_display"": ""https://cellphones.com.vn/media/catalog/product/t/e/text_ng_n_-_2024-09-23t221452.683_1.png"", ""product_url"": ""https://cellphones.com.vn/laptop-asus-zenbook-s-14-oled-ux5406sa-pv140ws.html?product_id=91667"", ""price"": ""42.390.000₫""}}"
Laptop ASUS ROG Strix G16 G615LR-S5289W,laptop-asus-rog-strix-g16-g615lr-s5289w,,,,,"[""https://cdn2.cellphones.com.vn/x/media/catalog/product/t/e/text_ng_n_9__9_240.png"", ""https://cdn2.cellphones.com.vn/x/media/catalog/product/t/e/text_ng_n_8__8_23.png"", ""https://cdn2.cellphones.com.vn/x/media/catalog/product/t/e/text_ng_n_7__5_23.png"", ""https://cdn2.cellphones.com.vn/x/media/catalog/product/t/e/text_ng_n_2__10_36.png"", ""https://cdn2.cellphones.com.vn/x/media/catalog/product/t/e/text_ng_n_4__8_29.png"", ""https://cdn2.cellphones.com.vn/x/media/catalog/product/t/e/text_ng_n_3__8_27.png"", ""https://cdn2.cellphones.com.vn/x/media/catalog/product/t/e/text_ng_n_6__5_29.png"", ""https://cdn2.cellphones.com.vn/x/media/catalog/product/t/e/text_ng_n_5__10_25.png"", ""https://cdn2.cellphones.com.vn/x/media/catalog/product/t/e/text_ng_n_10__5_246.png"", ""https://cdn2.cellphones.com.vn/x/media/catalog/product/t/e/text_ng_n_11__7_170.png"", ""https://cdn2.cellphones.com.vn/x/media/catalog/product/t/e/text_ng_n_13__8_129.png"", ""https://cdn2.cellphones.com.vn/x/media/catalog/product/t/e/text_ng_n_14__9_138.png"", ""https://cdn2.cellphones.com.vn/x/media/catalog/product/t/e/text_ng_n_15__7_309.png"", ""https://cdn2.cellphones.com.vn/x/media/catalog/product/t/e/text_ng_n_12__8_155.png"", ""https://cdn2.cellphones.com.vn/x/media/catalog/product/t/e/text_ng_n_17__9_10.png"", ""https://cdn2.cellphones.com.vn/x/media/catalog/product/t/e/text_ng_n_18__8_10.png"", ""https://cdn2.cellphones.com.vn/x/media/catalog/product/t/e/text_ng_n_16__6_254.png"", ""https://cdn2.cellphones.com.vn/x/media/catalog/product/t/e/text_ng_n_19__6_10.png"", ""https://cdn2.cellphones.com.vn/x/media/catalog/product/t/e/text_ng_n_21__5_8.png"", ""https://cdn2.cellphones.com.vn/x/media/catalog/product/t/e/text_ng_n_20__6_7.png"", ""https://cdn2.cellphones.com.vn/x/media/catalog/product/t/e/text_ng_n_22__5_7.png"", ""https://cdn2.cellphones.com.vn/x/media/catalog/product/t/e/text_ng_n_23__4_6.png"", ""https://cdn2.cellphones.com.vn/x/media/catalog/product/t/e/text_ng_n_24__4_5.png"", ""https://cdn2.cellphones.com.vn/x/media/catalog/product/t/e/text_ng_n_25__8_5.png""]","{""product_color_1"": {""color"": ""Xám"", ""image_url"": ""https://cdn2.cellphones.com.vn/insecure/rs:fill:50:50/q:90/plain/https://cellphones.com.vn/media/catalog/product/t/e/text_ng_n_9__9_241.png"", ""image_url_display"": ""https://cellphones.com.vn/media/catalog/product/t/e/text_ng_n_9__9_241.png"", ""product_url"": ""https://cellphones.com.vn/laptop-asus-rog-strix-g16-g615lr-s5289w.html?product_id=110217"", ""price"": ""55.990.000₫""}}"
Laptop ASUS Gaming V16 K3607VJ-RP106W,laptop-asus-v16-k3607vj-rp106w,,,,,"[""https://cdn2.cellphones.com.vn/x/media/catalog/product/t/e/text_ng_n_10__5_68.png"", ""https://cdn2.cellphones.com.vn/x/media/catalog/product/t/e/text_ng_n_9__9_43.png"", ""https://cdn2.cellphones.com.vn/x/media/catalog/product/t/e/text_ng_n_7__4_46.png"", ""https://cdn2.cellphones.com.vn/x/media/catalog/product/t/e/text_ng_n_8__6_47.png"", ""https://cdn2.cellphones.com.vn/x/media/catalog/product/t/e/text_ng_n_6__4_49.png"", ""https://cdn2.cellphones.com.vn/x/media/catalog/product/t/e/text_ng_n_5__9_54.png"", ""https://cdn2.cellphones.com.vn/x/media/catalog/product/t/e/text_ng_n_11__7_19.png"", ""https://cdn2.cellphones.com.vn/x/media/catalog/product/t/e/text_ng_n_12__8_15.png"", ""https://cdn2.cellphones.com.vn/x/media/catalog/product/t/e/text_ng_n_13__8_16.png"", ""https://cdn2.cellphones.com.vn/x/media/catalog/product/t/e/text_ng_n_14__9_16.png"", ""https://cdn2.cellphones.com.vn/x/media/catalog/product/t/e/text_ng_n_15__7_202.png"", ""https://cdn2.cellphones.com.vn/x/media/catalog/product/t/e/text_ng_n_16__6_157.png"", ""https://cdn2.cellphones.com.vn/x/media/catalog/product/t/e/text_ng_n_17__8_106.png"", ""https://cdn2.cellphones.com.vn/x/media/catalog/product/t/e/text_ng_n_18__7_12.png"", ""https://cdn2.cellphones.com.vn/x/media/catalog/product/t/e/text_ng_n_19__5_11.png""]","{""product_color_1"": {""color"": ""Đen"", ""image_url"": ""https://cdn2.cellphones.com.vn/insecure/rs:fill:50:50/q:90/plain/https://cellphones.com.vn/media/catalog/product/t/e/text_ng_n_10__5_69.png"", ""image_url_display"": ""https://cellphones.com.vn/media/catalog/product/t/e/text_ng_n_10__5_69.png"", ""product_url"": ""https://cellphones.com.vn/laptop-asus-v16-k3607vj-rp106w.html?product_id=104144"", ""price"": ""21.990.000₫""}}"
Laptop ASUS Zenbook 14 UM3406KA-PP113WS,laptop-asus-zenbook-14-um3406ka-pp113ws-ryzen-ai-7,,,,,"[""https://cdn2.cellphones.com.vn/x/media/catalog/product/t/e/text_ng_n_15_32.png"", ""https://cdn2.cellphones.com.vn/x/media/catalog/product/t/e/text_ng_n_4__7_169.png"", ""https://cdn2.cellphones.com.vn/x/media/catalog/product/t/e/text_ng_n_1__9_84.png"", ""https://cdn2.cellphones.com.vn/x/media/catalog/product/t/e/text_ng_n_2__9_121.png"", ""https://cdn2.cellphones.com.vn/x/media/catalog/product/t/e/text_ng_n_6__4_154.png"", ""https://cdn2.cellphones.com.vn/x/media/catalog/product/t/e/text_ng_n_7__4_138.png"", ""https://cdn2.cellphones.com.vn/x/media/catalog/product/t/e/text_ng_n_5__9_175.png"", ""https://cdn2.cellphones.com.vn/x/media/catalog/product/t/e/text_ng_n_3__7_117.png""]","{""product_color_1"": {""color"": ""Đen"", ""image_url"": ""https://cdn2.cellphones.com.vn/insecure/rs:fill:50:50/q:90/plain/https://cellphones.com.vn/media/catalog/product/t/e/text_ng_n_7__4_72.png"", ""image_url_display"": ""https://cellphones.com.vn/media/catalog/product/t/e/text_ng_n_7__4_72.png"", ""product_url"": ""https://cellphones.com.vn/laptop-asus-zenbook-14-um3406ka-pp113ws-ryzen-ai-7.html?product_id=104524"", ""price"": ""26.990.000₫""}}"
Laptop ASUS TUF Gaming A14 FA401WV-RG061WS,laptop-asus-tuf-gaming-a14-fa401wv-rg061ws,,,,,"[""https://cdn2.cellphones.com.vn/x/media/catalog/product/l/a/laptop_asus_tuf_gaming_a14_fa401wv-rg061ws_-3.png"", ""https://cdn2.cellphones.com.vn/x/media/catalog/product/l/a/laptop_asus_tuf_gaming_a14_fa401wv-rg061ws_-_4.png"", ""https://cdn2.cellphones.com.vn/x/media/catalog/product/t/e/text_ng_n_12__5_72.png"", ""https://cdn2.cellphones.com.vn/x/media/catalog/product/t/e/text_ng_n_14__6_28.png"", ""https://cdn2.cellphones.com.vn/x/media/catalog/product/t/e/text_ng_n_15__7_54.png"", ""https://cdn2.cellphones.com.vn/x/media/catalog/product/t/e/text_ng_n_11__5_74.png"", ""https://cdn2.cellphones.com.vn/x/media/catalog/product/t/e/text_ng_n_16__6_28.png"", ""https://cdn2.cellphones.com.vn/x/media/catalog/product/t/e/text_ng_n_17__7_29.png"", ""https://cdn2.cellphones.com.vn/x/media/catalog/product/t/e/text_ng_n_18__5_23.png"", ""https://cdn2.cellphones.com.vn/x/media/catalog/product/t/e/text_ng_n_19__3_20.png"", ""https://cdn2.cellphones.com.vn/x/media/catalog/product/t/e/text_ng_n_20__4_36.png"", ""https://cdn2.cellphones.com.vn/x/media/catalog/product/t/e/text_ng_n_21__3_29.png""]","{""product_color_1"": {""color"": ""Xám"", ""image_url"": ""https://cdn2.cellphones.com.vn/insecure/rs:fill:50:50/q:90/plain/https://cellphones.com.vn/media/catalog/product/t/e/text_ng_n_12__5_73.png"", ""image_url_display"": ""https://cellphones.com.vn/media/catalog/product/t/e/text_ng_n_12__5_73.png"", ""product_url"": ""https://cellphones.com.vn/laptop-asus-tuf-gaming-a14-fa401wv-rg061ws.html?product_id=87588"", ""price"": ""44.990.000₫""}}"
Laptop ASUS ROG Strix G16 G614JIR-N4046W,laptop-asus-rog-strix-g16-g614jir-n4046w,,,,,"[""https://cdn2.cellphones.com.vn/x/media/catalog/product/t/e/text_ng_n_9_9.png"", ""https://cdn2.cellphones.com.vn/x/media/catalog/product/t/e/text_ng_n_3__5_7.png"", ""https://cdn2.cellphones.com.vn/x/media/catalog/product/t/e/text_ng_n_2__6_5.png""]","{""product_color_1"": {""color"": ""Xám"", ""image_url"": ""https://cdn2.cellphones.com.vn/insecure/rs:fill:50:50/q:90/plain/https://cellphones.com.vn/media/catalog/product/t/e/text_ng_n_16__5_26.png"", ""image_url_display"": ""https://cellphones.com.vn/media/catalog/product/t/e/text_ng_n_16__5_26.png"", ""product_url"": ""https://cellphones.com.vn/laptop-asus-rog-strix-g16-g614jir-n4046w.html?product_id=83287"", ""price"": ""46.990.000₫""}}"
Laptop ASUS Vivobook S14 M3407KA-SF032WS,laptop-asus-vivobook-s14-m3407ka-sf032ws-ryzen-ai-7,,,,,"[""https://cdn2.cellphones.com.vn/x/media/catalog/product/t/e/text_ng_n_2__9_258.png"", ""https://cdn2.cellphones.com.vn/x/media/catalog/product/t/e/text_ng_n_5__9_288.png"", ""https://cdn2.cellphones.com.vn/x/media/catalog/product/t/e/text_ng_n_4__7_297.png"", ""https://cdn2.cellphones.com.vn/x/media/catalog/product/t/e/text_ng_n_3__7_244.png"", ""https://cdn2.cellphones.com.vn/x/media/catalog/product/t/e/text_ng_n_7__4_229.png"", ""https://cdn2.cellphones.com.vn/x/media/catalog/product/t/e/text_ng_n_6__4_257.png"", ""https://cdn2.cellphones.com.vn/x/media/catalog/product/t/e/text_ng_n_8__6_224.png"", ""https://cdn2.cellphones.com.vn/x/media/catalog/product/t/e/text_ng_n_10__5_204.png"", ""https://cdn2.cellphones.com.vn/x/media/catalog/product/t/e/text_ng_n_9__9_199.png""]","{""product_color_1"": {""color"": ""Bạc"", ""image_url"": ""https://cdn2.cellphones.com.vn/insecure/rs:fill:50:50/q:90/plain/https://cellphones.com.vn/media/catalog/product/t/e/text_ng_n_2__9_259.png"", ""image_url_display"": ""https://cellphones.com.vn/media/catalog/product/t/e/text_ng_n_2__9_259.png"", ""product_url"": ""https://cellphones.com.vn/laptop-asus-vivobook-s14-m3407ka-sf032ws-ryzen-ai-7.html?product_id=108989"", ""price"": ""23.990.000₫""}}"
Laptop ASUS Vivobook 15 X1504ZA-NJ517W,laptop-asus-vivobook-15-x1504za-nj517w,,,,,"[""https://cdn2.cellphones.com.vn/x/media/catalog/product/t/e/text_ng_n_7_50.png"", ""https://cdn2.cellphones.com.vn/x/media/catalog/product/t/e/text_ng_n_3__4_32.png"", ""https://cdn2.cellphones.com.vn/x/media/catalog/product/t/e/text_ng_n_7__2_27.png"", ""https://cdn2.cellphones.com.vn/x/media/catalog/product/t/e/text_ng_n_9__4_25.png"", ""https://cdn2.cellphones.com.vn/x/media/catalog/product/t/e/text_ng_n_8__4_26.png"", ""https://cdn2.cellphones.com.vn/x/media/catalog/product/t/e/text_ng_n_6__2_32.png"", ""https://cdn2.cellphones.com.vn/x/media/catalog/product/t/e/text_ng_n_5__5_36.png"", ""https://cdn2.cellphones.com.vn/x/media/catalog/product/t/e/text_ng_n_4__5_33.png"", ""https://cdn2.cellphones.com.vn/x/media/catalog/product/t/e/text_ng_n_2__5_34.png""]","{""product_color_1"": {""color"": ""Bạc"", ""image_url"": ""https://cdn2.cellphones.com.vn/insecure/rs:fill:50:50/q:90/plain/https://cellphones.com.vn/media/catalog/product/t/e/text_ng_n_7_51.png"", ""image_url_display"": ""https://cellphones.com.vn/media/catalog/product/t/e/text_ng_n_7_51.png"", ""product_url"": ""https://cellphones.com.vn/laptop-asus-vivobook-15-x1504za-nj517w.html?product_id=79241"", ""price"": ""13.190.000₫""}}"
Laptop ASUS TUF Gaming F16 FX608JPR-RV044W,laptop-asus-tuf-gaming-f16-fx608jpr-rv044w,,,,,"[""https://cdn2.cellphones.com.vn/x/media/catalog/product/t/e/text_ng_n_3__7_215.png"", ""https://cdn2.cellphones.com.vn/x/media/catalog/product/t/e/text_ng_n_4__7_270.png"", ""https://cdn2.cellphones.com.vn/x/media/catalog/product/t/e/text_ng_n_5__9_263.png"", ""https://cdn2.cellphones.com.vn/x/media/catalog/product/t/e/text_ng_n_2__9_224.png"", ""https://cdn2.cellphones.com.vn/x/media/catalog/product/t/e/text_ng_n_7__4_211.png"", ""https://cdn2.cellphones.com.vn/x/media/catalog/product/t/e/text_ng_n_6__4_235.png"", ""https://cdn2.cellphones.com.vn/x/media/catalog/product/t/e/text_ng_n_8__6_208.png"", ""https://cdn2.cellphones.com.vn/x/media/catalog/product/t/e/text_ng_n_10__5_191.png"", ""https://cdn2.cellphones.com.vn/x/media/catalog/product/t/e/text_ng_n_9__9_185.png"", ""https://cdn2.cellphones.com.vn/x/media/catalog/product/t/e/text_ng_n_11__7_130.png"", ""https://cdn2.cellphones.com.vn/x/media/catalog/product/t/e/text_ng_n_13__8_99.png"", ""https://cdn2.cellphones.com.vn/x/media/catalog/product/t/e/text_ng_n_18__7_66.png"", ""https://cdn2.cellphones.com.vn/x/media/catalog/product/t/e/text_ng_n_16__6_231.png"", ""https://cdn2.cellphones.com.vn/x/media/catalog/product/t/e/text_ng_n_12__8_117.png"", ""https://cdn2.cellphones.com.vn/x/media/catalog/product/t/e/text_ng_n_15__7_284.png"", ""https://cdn2.cellphones.com.vn/x/media/catalog/product/t/e/text_ng_n_14__9_108.png"", ""https://cdn2.cellphones.com.vn/x/media/catalog/product/t/e/text_ng_n_19__5_57.png""]","{""product_color_1"": {""color"": ""Xám"", ""image_url"": ""https://cdn2.cellphones.com.vn/insecure/rs:fill:50:50/q:90/plain/https://cellphones.com.vn/media/catalog/product/t/e/text_ng_n_3__7_216.png"", ""image_url_display"": ""https://cellphones.com.vn/media/catalog/product/t/e/text_ng_n_3__7_216.png"", ""product_url"": ""https://cellphones.com.vn/laptop-asus-tuf-gaming-f16-fx608jpr-rv044w.html?product_id=108537"", ""price"": ""43.790.000₫""}}"
Laptop ASUS Vivobook S 16 S5606CA-RI114WS,laptop-asus-vivobook-s-16-s5606ca-ri114ws,,,,,"[""https://cdn2.cellphones.com.vn/x/media/catalog/product/t/e/text_ng_n_9__4_232.png"", ""https://cdn2.cellphones.com.vn/x/media/catalog/product/t/e/text_ng_n_8__4_226.png"", ""https://cdn2.cellphones.com.vn/x/media/catalog/product/t/e/text_ng_n_6__2_252.png"", ""https://cdn2.cellphones.com.vn/x/media/catalog/product/t/e/text_ng_n_7__2_232.png"", ""https://cdn2.cellphones.com.vn/x/media/catalog/product/t/e/text_ng_n_2__8_15.png"", ""https://cdn2.cellphones.com.vn/x/media/catalog/product/t/e/text_ng_n_3__7_11.png"", ""https://cdn2.cellphones.com.vn/x/media/catalog/product/t/e/text_ng_n_5__8_71.png"", ""https://cdn2.cellphones.com.vn/x/media/catalog/product/t/e/text_ng_n_4__7_71.png"", ""https://cdn2.cellphones.com.vn/x/media/catalog/product/t/e/text_ng_n_1__9_11.png"", ""https://cdn2.cellphones.com.vn/x/media/catalog/product/t/e/text_ng_n_10__4_187.png"", ""https://cdn2.cellphones.com.vn/x/media/catalog/product/t/e/text_ng_n_11__5_193.png""]","{""product_color_1"": {""color"": ""Xanh"", ""image_url"": ""https://cdn2.cellphones.com.vn/insecure/rs:fill:50:50/q:90/plain/https://cellphones.com.vn/media/catalog/product/t/e/text_ng_n_9__5_2.png"", ""image_url_display"": ""https://cellphones.com.vn/media/catalog/product/t/e/text_ng_n_9__5_2.png"", ""product_url"": ""https://cellphones.com.vn/laptop-asus-vivobook-s-16-s5606ca-ri114ws.html?product_id=101285"", ""price"": ""24.490.000₫""}}"
Laptop ASUS ROG Zephyrus G14 GA403WR-QS156WS,laptop-asus-rog-zephyrus-g14-ga403wr-qs156ws,,,,,"[""https://cdn2.cellphones.com.vn/x/media/catalog/product/t/e/text_ng_n_3__7_155_1.png"", ""https://cdn2.cellphones.com.vn/x/media/catalog/product/t/e/text_ng_n_5__9_205_1.png"", ""https://cdn2.cellphones.com.vn/x/media/catalog/product/t/e/text_ng_n_6__4_180_1.png"", ""https://cdn2.cellphones.com.vn/x/media/catalog/product/t/e/text_ng_n_4__7_201_1.png"", ""https://cdn2.cellphones.com.vn/x/media/catalog/product/t/e/text_ng_n_2__9_159_1.png"", ""https://cdn2.cellphones.com.vn/x/media/catalog/product/t/e/text_ng_n_7__4_160_1.png"", ""https://cdn2.cellphones.com.vn/x/media/catalog/product/t/e/text_ng_n_8__6_164_1.png""]","{""product_color_1"": {""color"": ""Xám"", ""image_url"": ""https://cdn2.cellphones.com.vn/insecure/rs:fill:50:50/q:90/plain/https://cellphones.com.vn/media/catalog/product/i/m/image_1669_1.png"", ""image_url_display"": ""https://cellphones.com.vn/media/catalog/product/i/m/image_1669_1.png"", ""product_url"": ""https://cellphones.com.vn/laptop-asus-rog-zephyrus-g14-ga403wr-qs156ws.html?product_id=107098"", ""price"": ""69.990.000₫""}}"
Laptop ASUS Vivobook GO 15 E1504FA-NJ454W,laptop-asus-vivobook-go-15-e1504fa-nj454w,,,,,"[""https://cdn2.cellphones.com.vn/x/media/catalog/product/t/e/text_ng_n_6_25.png"", ""https://cdn2.cellphones.com.vn/x/media/catalog/product/t/e/text_ng_n_5__4_17.png"", ""https://cdn2.cellphones.com.vn/x/media/catalog/product/t/e/text_ng_n_4__4_16.png"", ""https://cdn2.cellphones.com.vn/x/media/catalog/product/t/e/text_ng_n_3__3_18.png"", ""https://cdn2.cellphones.com.vn/x/media/catalog/product/t/e/text_ng_n_7__1_14.png"", ""https://cdn2.cellphones.com.vn/x/media/catalog/product/t/e/text_ng_n_1__3_22.png"", ""https://cdn2.cellphones.com.vn/x/media/catalog/product/t/e/text_ng_n_2__4_17.png"", ""https://cdn2.cellphones.com.vn/x/media/catalog/product/t/e/text_ng_n_6__1_16.png"", ""https://cdn2.cellphones.com.vn/x/media/catalog/product/t/e/text_ng_n_10__3_16.png"", ""https://cdn2.cellphones.com.vn/x/media/catalog/product/t/e/text_ng_n_8__3_19.png"", ""https://cdn2.cellphones.com.vn/x/media/catalog/product/t/e/text_ng_n_9__3_16.png""]","{""product_color_1"": {""color"": ""Bạc"", ""image_url"": ""https://cdn2.cellphones.com.vn/insecure/rs:fill:50:50/q:90/plain/https://cellphones.com.vn/media/catalog/product/t/e/text_ng_n_6_26.png"", ""image_url_display"": ""https://cellphones.com.vn/media/catalog/product/t/e/text_ng_n_6_26.png"", ""product_url"": ""https://cellphones.com.vn/laptop-asus-vivobook-go-15-e1504fa-nj454w.html?product_id=72680"", ""price"": ""13.990.000₫""}}"
Laptop ASUS ExpertBook P1 P1503CVA-C5H16-63WS,laptop-asus-expertbook-p1-p1503cva-c5h16-63ws,,,,,"[""https://cdn2.cellphones.com.vn/x/media/catalog/product/s/s/ssss_2_29.png"", ""https://cdn2.cellphones.com.vn/x/media/catalog/product/s/s/ssss_2__1_16.png"", ""https://cdn2.cellphones.com.vn/x/media/catalog/product/s/s/ssss_1__1_18.png"", ""https://cdn2.cellphones.com.vn/x/media/catalog/product/s/s/ssss_3__1_16.png"", ""https://cdn2.cellphones.com.vn/x/media/catalog/product/s/s/ssss_4__1_13.png"", ""https://cdn2.cellphones.com.vn/x/media/catalog/product/s/s/ssss_5__1_12.png"", ""https://cdn2.cellphones.com.vn/x/media/catalog/product/s/s/ssss_6__76.png"", ""https://cdn2.cellphones.com.vn/x/media/catalog/product/s/s/ssss_7__65.png""]","{""product_color_1"": {""color"": ""Xám"", ""image_url"": ""https://cdn2.cellphones.com.vn/insecure/rs:fill:50:50/q:90/plain/https://cellphones.com.vn/media/catalog/product/s/s/ssss_2_30.png"", ""image_url_display"": ""https://cellphones.com.vn/media/catalog/product/s/s/ssss_2_30.png"", ""product_url"": ""https://cellphones.com.vn/laptop-asus-expertbook-p1-p1503cva-c5h16-63ws.html?product_id=123054"", ""price"": ""26.490.000₫""}}"
Laptop ASUS ROG Strix G16 G614PM-S5181WS,laptop-asus-rog-strix-g16-g614pm-s5181ws,,,,,"[""https://cdn2.cellphones.com.vn/x/media/catalog/product/s/s/ssss_1__1_26.png"", ""https://cdn2.cellphones.com.vn/x/media/catalog/product/s/s/ssss_2__1_24.png"", ""https://cdn2.cellphones.com.vn/x/media/catalog/product/s/s/ssss_3__1_24.png"", ""https://cdn2.cellphones.com.vn/x/media/catalog/product/s/s/ssss_4__1_21.png"", ""https://cdn2.cellphones.com.vn/x/media/catalog/product/s/s/ssss_5__1_20.png"", ""https://cdn2.cellphones.com.vn/x/media/catalog/product/s/s/ssss_2_47.png"", ""https://cdn2.cellphones.com.vn/x/media/catalog/product/s/s/ssss_7__70.png"", ""https://cdn2.cellphones.com.vn/x/media/catalog/product/s/s/ssss_6__82.png"", ""https://cdn2.cellphones.com.vn/x/media/catalog/product/s/s/ssss_8__55.png"", ""https://cdn2.cellphones.com.vn/x/media/catalog/product/s/s/ssss_9__46.png"", ""https://cdn2.cellphones.com.vn/x/media/catalog/product/s/s/ssss_10__39.png"", ""https://cdn2.cellphones.com.vn/x/media/catalog/product/s/s/ssss_11__1_6.png"", ""https://cdn2.cellphones.com.vn/x/media/catalog/product/s/s/ssss_12__1_6.png"", ""https://cdn2.cellphones.com.vn/x/media/catalog/product/s/s/ssss_13__1_4.png""]","{""product_color_1"": {""color"": ""Xám"", ""image_url"": ""https://cdn2.cellphones.com.vn/insecure/rs:fill:50:50/q:90/plain/https://cellphones.com.vn/media/catalog/product/s/s/ssss_1__1_27.png"", ""image_url_display"": ""https://cellphones.com.vn/media/catalog/product/s/s/ssss_1__1_27.png"", ""product_url"": ""https://cellphones.com.vn/laptop-asus-rog-strix-g16-g614pm-s5181ws.html?product_id=123144"", ""price"": ""48.290.000₫""}}"
Laptop ASUS Zenbook 14 UX3405CA-PZ188WS,laptop-asus-zenbook-14-ux3405ca-pz188ws,,,,,"[""https://cdn2.cellphones.com.vn/x/media/catalog/product/t/e/text_ng_n_29__9_22_1_2.png"", ""https://cdn2.cellphones.com.vn/x/media/catalog/product/t/e/text_ng_n_31__7_27_1_2.png"", ""https://cdn2.cellphones.com.vn/x/media/catalog/product/t/e/text_ng_n_30__8_21_1_2.png"", ""https://cdn2.cellphones.com.vn/x/media/catalog/product/t/e/text_ng_n_36__6_25_1_2.png"", ""https://cdn2.cellphones.com.vn/x/media/catalog/product/t/e/text_ng_n_35__8_26_1_2.png"", ""https://cdn2.cellphones.com.vn/x/media/catalog/product/t/e/text_ng_n_25__7_37_1_2.png"", ""https://cdn2.cellphones.com.vn/x/media/catalog/product/t/e/text_ng_n_33__9_24_1_2.png"", ""https://cdn2.cellphones.com.vn/x/media/catalog/product/t/e/text_ng_n_34__7_28_1_2.png"", ""https://cdn2.cellphones.com.vn/x/media/catalog/product/t/e/text_ng_n_27__8_14_1_2.png"", ""https://cdn2.cellphones.com.vn/x/media/catalog/product/t/e/text_ng_n_26__6_43_1_2.png""]","{""product_color_1"": {""color"": ""Xanh"", ""image_url"": ""https://cdn2.cellphones.com.vn/insecure/rs:fill:50:50/q:90/plain/https://cellphones.com.vn/media/catalog/product/i/m/image_1669.png"", ""image_url_display"": ""https://cellphones.com.vn/media/catalog/product/i/m/image_1669.png"", ""product_url"": ""https://cellphones.com.vn/laptop-asus-zenbook-14-ux3405ca-pz188ws.html?product_id=106957"", ""price"": ""34.890.000₫""}}"
Laptop ASUS Gaming ROG Zephyrus G14 GA403UU-QS135W,laptop-asus-gaming-rog-zephyrus-g14-ga403uu-qs135w,,,,,"[""https://cdn2.cellphones.com.vn/x/media/catalog/product/t/e/text_ng_n_1__7_45.png"", ""https://cdn2.cellphones.com.vn/x/media/catalog/product/t/e/text_ng_n_4__7_24.png"", ""https://cdn2.cellphones.com.vn/x/media/catalog/product/t/e/text_ng_n_3__6_26.png"", ""https://cdn2.cellphones.com.vn/x/media/catalog/product/t/e/text_ng_n_5__8_24.png"", ""https://cdn2.cellphones.com.vn/x/media/catalog/product/t/e/text_ng_n_7__2_176.png"", ""https://cdn2.cellphones.com.vn/x/media/catalog/product/t/e/text_ng_n_6__2_188.png""]","{""product_color_1"": {""color"": ""Xám"", ""image_url"": ""https://cdn2.cellphones.com.vn/insecure/rs:fill:50:50/q:90/plain/https://cellphones.com.vn/media/catalog/product/t/e/text_ng_n_1__7_46.png"", ""image_url_display"": ""https://cellphones.com.vn/media/catalog/product/t/e/text_ng_n_1__7_46.png"", ""product_url"": ""https://cellphones.com.vn/laptop-asus-gaming-rog-zephyrus-g14-ga403uu-qs135w.html?product_id=96331"", ""price"": ""38.990.000₫""}}"
Laptop ASUS Vivobook 14 A1407CA-LY008WS,laptop-asus-vivobook-14-a1407ca-ly008ws,,,,,"[""https://cdn2.cellphones.com.vn/x/media/catalog/product/t/e/text_ng_n_6__2_239.png"", ""https://cdn2.cellphones.com.vn/x/media/catalog/product/t/e/text_ng_n_8__4_213.png"", ""https://cdn2.cellphones.com.vn/x/media/catalog/product/t/e/text_ng_n_7__2_216.png"", ""https://cdn2.cellphones.com.vn/x/media/catalog/product/t/e/text_ng_n_9__4_221.png"", ""https://cdn2.cellphones.com.vn/x/media/catalog/product/t/e/text_ng_n_10__4_177.png"", ""https://cdn2.cellphones.com.vn/x/media/catalog/product/t/e/text_ng_n_11__5_182.png"", ""https://cdn2.cellphones.com.vn/x/media/catalog/product/t/e/text_ng_n_12__5_173.png""]","{""product_color_1"": {""color"": ""Bạc"", ""image_url"": ""https://cdn2.cellphones.com.vn/insecure/rs:fill:50:50/q:90/plain/https://cellphones.com.vn/media/catalog/product/t/e/text_ng_n_6__2_240.png"", ""image_url_display"": ""https://cellphones.com.vn/media/catalog/product/t/e/text_ng_n_6__2_240.png"", ""product_url"": ""https://cellphones.com.vn/laptop-asus-vivobook-14-a1407ca-ly008ws.html?product_id=100859"", ""price"": ""20.990.000₫""}}"
Laptop ASUS Vivobook S 16 OLED M5606KA-RI016WS,laptop-asus-vivobook-s-16-oled-m5606ka-ri016ws-ryzen-ai-7,,,,,"[""https://cdn2.cellphones.com.vn/x/media/catalog/product/t/e/text_ng_n_1__9_7.png"", ""https://cdn2.cellphones.com.vn/x/media/catalog/product/t/e/text_ng_n_2__8_11.png"", ""https://cdn2.cellphones.com.vn/x/media/catalog/product/t/e/text_ng_n_4__7_68.png"", ""https://cdn2.cellphones.com.vn/x/media/catalog/product/t/e/text_ng_n_3__7_6.png"", ""https://cdn2.cellphones.com.vn/x/media/catalog/product/t/e/text_ng_n_5__8_66.png"", ""https://cdn2.cellphones.com.vn/x/media/catalog/product/t/e/text_ng_n_6__2_248.png"", ""https://cdn2.cellphones.com.vn/x/media/catalog/product/t/e/text_ng_n_8__4_222.png"", ""https://cdn2.cellphones.com.vn/x/media/catalog/product/t/e/text_ng_n_7__2_228.png""]","{""product_color_1"": {""color"": ""Đen"", ""image_url"": ""https://cdn2.cellphones.com.vn/insecure/rs:fill:50:50/q:90/plain/https://cellphones.com.vn/media/catalog/product/t/e/text_ng_n_1__9_8.png"", ""image_url_display"": ""https://cellphones.com.vn/media/catalog/product/t/e/text_ng_n_1__9_8.png"", ""product_url"": ""https://cellphones.com.vn/laptop-asus-vivobook-s-16-oled-m5606ka-ri016ws-ryzen-ai-7.html?product_id=101163"", ""price"": ""30.390.000₫""}}"
Laptop ASUS ROG Strix G16 G614JU-N4132W,laptop-asus-rog-strix-g16-g614ju-n4132w,,,,,"[""https://cdn2.cellphones.com.vn/x/media/catalog/product/t/e/text_ng_n_3__5_8.png"", ""https://cdn2.cellphones.com.vn/x/media/catalog/product/t/e/text_ng_n_4__6_7.png"", ""https://cdn2.cellphones.com.vn/x/media/catalog/product/t/e/text_ng_n_6__2_47.png"", ""https://cdn2.cellphones.com.vn/x/media/catalog/product/t/e/text_ng_n_5__7_7.png"", ""https://cdn2.cellphones.com.vn/x/media/catalog/product/t/e/text_ng_n_9__4_37.png"", ""https://cdn2.cellphones.com.vn/x/media/catalog/product/t/e/text_ng_n_8__4_38.png"", ""https://cdn2.cellphones.com.vn/x/media/catalog/product/t/e/text_ng_n_7__2_39.png"", ""https://cdn2.cellphones.com.vn/x/media/catalog/product/t/e/text_ng_n_13__6_26.png"", ""https://cdn2.cellphones.com.vn/x/media/catalog/product/t/e/text_ng_n_10__4_19.png"", ""https://cdn2.cellphones.com.vn/x/media/catalog/product/t/e/text_ng_n_11__5_31.png"", ""https://cdn2.cellphones.com.vn/x/media/catalog/product/t/e/text_ng_n_14__5_30.png"", ""https://cdn2.cellphones.com.vn/x/media/catalog/product/t/e/text_ng_n_12__5_30.png""]","{""product_color_1"": {""color"": ""Xám"", ""image_url"": ""https://cdn2.cellphones.com.vn/insecure/rs:fill:50:50/q:90/plain/https://cellphones.com.vn/media/catalog/product/t/e/text_ng_n_1__5_9_1.png"", ""image_url_display"": ""https://cellphones.com.vn/media/catalog/product/t/e/text_ng_n_1__5_9_1.png"", ""product_url"": ""https://cellphones.com.vn/laptop-asus-rog-strix-g16-g614ju-n4132w.html?product_id=83425"", ""price"": ""30.490.000₫""}}"
Laptop ASUS Vivobook S14 S3407VA-LY046W,laptop-asus-vivobook-s14-s3407va-ly046w,,,,,"[""https://cdn2.cellphones.com.vn/x/media/catalog/product/t/e/text_ng_n_9__9_95.png"", ""https://cdn2.cellphones.com.vn/x/media/catalog/product/t/e/text_ng_n_12__8_55.png"", ""https://cdn2.cellphones.com.vn/x/media/catalog/product/t/e/text_ng_n_11__7_67.png"", ""https://cdn2.cellphones.com.vn/x/media/catalog/product/t/e/text_ng_n_10__5_121.png"", ""https://cdn2.cellphones.com.vn/x/media/catalog/product/t/e/text_ng_n_14__9_51.png"", ""https://cdn2.cellphones.com.vn/x/media/catalog/product/t/e/text_ng_n_13__8_48.png"", ""https://cdn2.cellphones.com.vn/x/media/catalog/product/t/e/text_ng_n_17__8_137.png"", ""https://cdn2.cellphones.com.vn/x/media/catalog/product/t/e/text_ng_n_15__7_234.png"", ""https://cdn2.cellphones.com.vn/x/media/catalog/product/t/e/text_ng_n_16__6_190.png""]","{""product_color_1"": {""color"": ""Bạc"", ""image_url"": ""https://cdn2.cellphones.com.vn/insecure/rs:fill:50:50/q:90/plain/https://cellphones.com.vn/media/catalog/product/t/e/text_ng_n_9__9_96.png"", ""image_url_display"": ""https://cellphones.com.vn/media/catalog/product/t/e/text_ng_n_9__9_96.png"", ""product_url"": ""https://cellphones.com.vn/laptop-asus-vivobook-s14-s3407va-ly046w.html?product_id=105207"", ""price"": ""18.490.000₫""}}"
Laptop ASUS ROG Strix G16 G615JPR-S5107W,laptop-asus-rog-strix-g16-g615jpr-s5107w,,,,,"[""https://cdn2.cellphones.com.vn/x/media/catalog/product/a/s/asusus_4.png"", ""https://cdn2.cellphones.com.vn/x/media/catalog/product/a/s/asusus_1__2.png"", ""https://cdn2.cellphones.com.vn/x/media/catalog/product/a/s/asusus_2__2.png"", ""https://cdn2.cellphones.com.vn/x/media/catalog/product/a/s/asusus_3__2.png"", ""https://cdn2.cellphones.com.vn/x/media/catalog/product/a/s/asusus_5__2.png"", ""https://cdn2.cellphones.com.vn/x/media/catalog/product/a/s/asusus_4__2.png"", ""https://cdn2.cellphones.com.vn/x/media/catalog/product/a/s/asusus_6__2.png"", ""https://cdn2.cellphones.com.vn/x/media/catalog/product/a/s/asusus_7__2.png"", ""https://cdn2.cellphones.com.vn/x/media/catalog/product/a/s/asusus_8__2.png"", ""https://cdn2.cellphones.com.vn/x/media/catalog/product/a/s/asusus_9__2.png"", ""https://cdn2.cellphones.com.vn/x/media/catalog/product/a/s/asusus_12__2.png"", ""https://cdn2.cellphones.com.vn/x/media/catalog/product/a/s/asusus_13__2.png"", ""https://cdn2.cellphones.com.vn/x/media/catalog/product/a/s/asusus_11__2.png"", ""https://cdn2.cellphones.com.vn/x/media/catalog/product/a/s/asusus_10__2.png"", ""https://cdn2.cellphones.com.vn/x/media/catalog/product/a/s/asusus_15__2.png"", ""https://cdn2.cellphones.com.vn/x/media/catalog/product/a/s/asusus_14__2.png"", ""https://cdn2.cellphones.com.vn/x/media/catalog/product/a/s/asusus_17__2.png"", ""https://cdn2.cellphones.com.vn/x/media/catalog/product/a/s/asusus_16__2.png"", ""https://cdn2.cellphones.com.vn/x/media/catalog/product/a/s/asusus_18__2.png"", ""https://cdn2.cellphones.com.vn/x/media/catalog/product/a/s/asusus_19__2.png"", ""https://cdn2.cellphones.com.vn/x/media/catalog/product/a/s/asusus_21__2.png"", ""https://cdn2.cellphones.com.vn/x/media/catalog/product/a/s/asusus_23__2.png"", ""https://cdn2.cellphones.com.vn/x/media/catalog/product/a/s/asusus_22__2.png"", ""https://cdn2.cellphones.com.vn/x/media/catalog/product/a/s/asusus_20__2.png"", ""https://cdn2.cellphones.com.vn/x/media/catalog/product/a/s/asusus_25__2.png"", ""https://cdn2.cellphones.com.vn/x/media/catalog/product/a/s/asusus_26__2.png"", ""https://cdn2.cellphones.com.vn/x/media/catalog/product/a/s/asusus_27__2.png"", ""https://cdn2.cellphones.com.vn/x/media/catalog/product/a/s/asusus_24__2.png""]","{""product_color_1"": {""color"": ""Xám"", ""image_url"": ""https://cdn2.cellphones.com.vn/insecure/rs:fill:50:50/q:90/plain/https://cellphones.com.vn/media/catalog/product/a/s/asusus_5.png"", ""image_url_display"": ""https://cellphones.com.vn/media/catalog/product/a/s/asusus_5.png"", ""product_url"": ""https://cellphones.com.vn/laptop-asus-rog-strix-g16-g615jpr-s5107w.html?product_id=106878"", ""price"": ""50.990.000₫""}}"
Laptop ASUS Vivobook S 15 S5507QA-MA092WS Copilot+ X Plus,laptop-asus-vivobook-s-15-s5507qa-ma092ws-copilot-x-plus,,,,,"[""https://cdn2.cellphones.com.vn/x/media/catalog/product/l/a/laptop_asus_vivobook_s_15_s5507qa-ma092ws_copilot_x_plus_-_4.png"", ""https://cdn2.cellphones.com.vn/x/media/catalog/product/t/e/text_ng_n_15__7_61.png"", ""https://cdn2.cellphones.com.vn/x/media/catalog/product/t/e/text_ng_n_11__5_85.png"", ""https://cdn2.cellphones.com.vn/x/media/catalog/product/t/e/text_ng_n_10__4_70.png"", ""https://cdn2.cellphones.com.vn/x/media/catalog/product/t/e/text_ng_n_14__6_38.png"", ""https://cdn2.cellphones.com.vn/x/media/catalog/product/t/e/text_ng_n_12__5_83.png"", ""https://cdn2.cellphones.com.vn/x/media/catalog/product/t/e/text_ng_n_13__6_74.png"", ""https://cdn2.cellphones.com.vn/x/media/catalog/product/t/e/text_ng_n_17__7_37.png"", ""https://cdn2.cellphones.com.vn/x/media/catalog/product/t/e/text_ng_n_16__6_35.png""]","{""product_color_1"": {""color"": ""Bạc"", ""image_url"": ""https://cdn2.cellphones.com.vn/insecure/rs:fill:50:50/q:90/plain/https://cellphones.com.vn/media/catalog/product/t/e/text_ng_n_15__7_62.png"", ""image_url_display"": ""https://cellphones.com.vn/media/catalog/product/t/e/text_ng_n_15__7_62.png"", ""product_url"": ""https://cellphones.com.vn/laptop-asus-vivobook-s-15-s5507qa-ma092ws-copilot-x-plus.html?product_id=89082"", ""price"": ""19.990.000₫""}}"
Laptop ASUS ROG Strix G16 G614JVR-N4162W,laptop-asus-rog-strix-g16-g614jvr-n4162w,,,,,"[""https://cdn2.cellphones.com.vn/x/media/catalog/product/t/e/text_ng_n_6__2_58.png"", ""https://cdn2.cellphones.com.vn/x/media/catalog/product/t/e/text_ng_n_4__6_18.png"", ""https://cdn2.cellphones.com.vn/x/media/catalog/product/t/e/text_ng_n_12__5_36.png"", ""https://cdn2.cellphones.com.vn/x/media/catalog/product/t/e/text_ng_n_11__5_38.png"", ""https://cdn2.cellphones.com.vn/x/media/catalog/product/t/e/text_ng_n_14__5_34.png"", ""https://cdn2.cellphones.com.vn/x/media/catalog/product/t/e/text_ng_n_9__4_45.png"", ""https://cdn2.cellphones.com.vn/x/media/catalog/product/t/e/text_ng_n_8__4_47.png"", ""https://cdn2.cellphones.com.vn/x/media/catalog/product/t/e/text_ng_n_10__4_26.png"", ""https://cdn2.cellphones.com.vn/x/media/catalog/product/t/e/text_ng_n_13__6_31.png""]","{""product_color_1"": {""color"": ""Xám"", ""image_url"": ""https://cdn2.cellphones.com.vn/insecure/rs:fill:50:50/q:90/plain/https://cellphones.com.vn/media/catalog/product/t/e/text_ng_n_5__7_17.png"", ""image_url_display"": ""https://cellphones.com.vn/media/catalog/product/t/e/text_ng_n_5__7_17.png"", ""product_url"": ""https://cellphones.com.vn/laptop-asus-rog-strix-g16-g614jvr-n4162w.html?product_id=84157"", ""price"": ""43.990.000₫""}}"
Laptop ASUS VivoBook Go 14 E1404FA-NK177W,laptop-asus-vivobook-go-14-e1404fa-nk177w,,,,,"[""https://cdn2.cellphones.com.vn/x/media/catalog/product/t/e/text_ng_n_-_2023-06-08t001431.312_2.png"", ""https://cdn2.cellphones.com.vn/x/media/catalog/product/t/e/text_ng_n_-_2023-06-08t005227.065.png"", ""https://cdn2.cellphones.com.vn/x/media/catalog/product/t/e/text_ng_n_-_2023-06-08t005213.228.png"", ""https://cdn2.cellphones.com.vn/x/media/catalog/product/t/e/text_ng_n_-_2023-06-08t001534.826_1.png"", ""https://cdn2.cellphones.com.vn/x/media/catalog/product/t/e/text_ng_n_-_2023-06-08t005150.492.png"", ""https://cdn2.cellphones.com.vn/x/media/catalog/product/t/e/text_ng_n_-_2023-06-08t001503.144_1.png"", ""https://cdn2.cellphones.com.vn/x/media/catalog/product/t/e/text_ng_n_-_2023-06-08t001516.526_1.png"", ""https://cdn2.cellphones.com.vn/x/media/catalog/product/t/e/text_ng_n_-_2023-06-08t001451.417_1.png"", ""https://cdn2.cellphones.com.vn/x/media/catalog/product/t/e/text_ng_n_-_2023-06-08t001554.905_1.png""]","{""product_color_1"": {""color"": ""Bạc"", ""image_url"": ""https://cdn2.cellphones.com.vn/insecure/rs:fill:50:50/q:90/plain/https://cellphones.com.vn/media/catalog/product/t/e/text_ng_n_-_2023-06-08t001431.312_3.png"", ""image_url_display"": ""https://cellphones.com.vn/media/catalog/product/t/e/text_ng_n_-_2023-06-08t001431.312_3.png"", ""product_url"": ""https://cellphones.com.vn/laptop-asus-vivobook-go-14-e1404fa-nk177w.html?product_id=64262"", ""price"": ""13.690.000₫""}}"
Laptop ASUS VivoBook S 14 Flip TN3402YA-LZ192W,laptop-asus-vivobook-s-14-flip-tn3402ya-lz192w,,,,,"[""https://cdn2.cellphones.com.vn/x/media/catalog/product/t/e/text_ng_n_4__3_41.png"", ""https://cdn2.cellphones.com.vn/x/media/catalog/product/t/e/text_ng_n_5__3_37.png"", ""https://cdn2.cellphones.com.vn/x/media/catalog/product/t/e/text_ng_n_7__134.png"", ""https://cdn2.cellphones.com.vn/x/media/catalog/product/t/e/text_ng_n_8__1_103.png"", ""https://cdn2.cellphones.com.vn/x/media/catalog/product/t/e/text_ng_n_6__138.png"", ""https://cdn2.cellphones.com.vn/x/media/catalog/product/t/e/text_ng_n_3__2_45.png"", ""https://cdn2.cellphones.com.vn/x/media/catalog/product/t/e/text_ng_n_2__3_45.png"", ""https://cdn2.cellphones.com.vn/x/media/catalog/product/t/e/text_ng_n_1__2_49.png"", ""https://cdn2.cellphones.com.vn/x/media/catalog/product/t/e/text_ng_n_9__1_115.png"", ""https://cdn2.cellphones.com.vn/x/media/catalog/product/t/e/text_ng_n_10__2_92.png""]","{""product_color_1"": {""color"": ""Bạc"", ""image_url"": ""https://cdn2.cellphones.com.vn/insecure/rs:fill:50:50/q:90/plain/https://cellphones.com.vn/media/catalog/product/t/e/text_ng_n_5_48.png"", ""image_url_display"": ""https://cellphones.com.vn/media/catalog/product/t/e/text_ng_n_5_48.png"", ""product_url"": ""https://cellphones.com.vn/laptop-asus-vivobook-s-14-flip-tn3402ya-lz192w.html?product_id=68108"", ""price"": ""15.990.000₫""}}"
Laptop ASUS ROG Strix G16 G615JHR-S5069W,laptop-asus-rog-strix-g16-g615jhr-s5069w,,,,,"[""https://cdn2.cellphones.com.vn/x/media/catalog/product/a/s/asusus.png"", ""https://cdn2.cellphones.com.vn/x/media/catalog/product/a/s/asusus_1_.png"", ""https://cdn2.cellphones.com.vn/x/media/catalog/product/a/s/asusus_3_.png"", ""https://cdn2.cellphones.com.vn/x/media/catalog/product/a/s/asusus_2_.png"", ""https://cdn2.cellphones.com.vn/x/media/catalog/product/a/s/asusus_4_.png"", ""https://cdn2.cellphones.com.vn/x/media/catalog/product/a/s/asusus_5_.png"", ""https://cdn2.cellphones.com.vn/x/media/catalog/product/a/s/asusus_9_.png"", ""https://cdn2.cellphones.com.vn/x/media/catalog/product/a/s/asusus_7_.png"", ""https://cdn2.cellphones.com.vn/x/media/catalog/product/a/s/asusus_6_.png"", ""https://cdn2.cellphones.com.vn/x/media/catalog/product/a/s/asusus_8_.png"", ""https://cdn2.cellphones.com.vn/x/media/catalog/product/a/s/asusus_11_.png"", ""https://cdn2.cellphones.com.vn/x/media/catalog/product/a/s/asusus_10_.png"", ""https://cdn2.cellphones.com.vn/x/media/catalog/product/a/s/asusus_13_.png"", ""https://cdn2.cellphones.com.vn/x/media/catalog/product/a/s/asusus_12_.png"", ""https://cdn2.cellphones.com.vn/x/media/catalog/product/a/s/asusus_15_.png"", ""https://cdn2.cellphones.com.vn/x/media/catalog/product/a/s/asusus_14_.png"", ""https://cdn2.cellphones.com.vn/x/media/catalog/product/a/s/asusus_16_.png"", ""https://cdn2.cellphones.com.vn/x/media/catalog/product/a/s/asusus_17_.png"", ""https://cdn2.cellphones.com.vn/x/media/catalog/product/a/s/asusus_18_.png"", ""https://cdn2.cellphones.com.vn/x/media/catalog/product/a/s/asusus_19_.png"", ""https://cdn2.cellphones.com.vn/x/media/catalog/product/a/s/asusus_21_.png"", ""https://cdn2.cellphones.com.vn/x/media/catalog/product/a/s/asusus_20_.png"", ""https://cdn2.cellphones.com.vn/x/media/catalog/product/a/s/asusus_23_.png"", ""https://cdn2.cellphones.com.vn/x/media/catalog/product/a/s/asusus_22_.png"", ""https://cdn2.cellphones.com.vn/x/media/catalog/product/a/s/asusus_24_.png"", ""https://cdn2.cellphones.com.vn/x/media/catalog/product/a/s/asusus_25_.png"", ""https://cdn2.cellphones.com.vn/x/media/catalog/product/a/s/asusus_27_.png"", ""https://cdn2.cellphones.com.vn/x/media/catalog/product/a/s/asusus_26_.png""]","{""product_color_1"": {""color"": ""Xám"", ""image_url"": ""https://cdn2.cellphones.com.vn/insecure/rs:fill:50:50/q:90/plain/https://cellphones.com.vn/media/catalog/product/a/s/asusus_1.png"", ""image_url_display"": ""https://cellphones.com.vn/media/catalog/product/a/s/asusus_1.png"", ""product_url"": ""https://cellphones.com.vn/laptop-asus-rog-strix-g16-g615jhr-s5069w.html?product_id=107078"", ""price"": ""43.990.000₫""}}"
Laptop ASUS ZenBook S16 UM5606GA-SS384WS,laptop-asus-zenbook-s16-um5606ga-ss384ws-ryzen-ai-9,,,,,"[""https://cdn2.cellphones.com.vn/x/media/catalog/product/s/s/ssss_2_82.png"", ""https://cdn2.cellphones.com.vn/x/media/catalog/product/s/s/ssss_6__93.png"", ""https://cdn2.cellphones.com.vn/x/media/catalog/product/s/s/ssss_1__1_45.png"", ""https://cdn2.cellphones.com.vn/x/media/catalog/product/s/s/ssss_2__1_44.png"", ""https://cdn2.cellphones.com.vn/x/media/catalog/product/s/s/ssss_3__1_42.png"", ""https://cdn2.cellphones.com.vn/x/media/catalog/product/s/s/ssss_5__1_35.png"", ""https://cdn2.cellphones.com.vn/x/media/catalog/product/s/s/ssss_4__1_36.png""]","{""product_color_1"": {""color"": ""Trắng"", ""image_url"": ""https://cdn2.cellphones.com.vn/insecure/rs:fill:50:50/q:90/plain/https://cellphones.com.vn/media/catalog/product/s/s/ssss_2_83.png"", ""image_url_display"": ""https://cellphones.com.vn/media/catalog/product/s/s/ssss_2_83.png"", ""product_url"": ""https://cellphones.com.vn/laptop-asus-zenbook-s16-um5606ga-ss384ws-ryzen-ai-9.html?product_id=125008"", ""price"": ""48.590.000₫""}}"
Laptop ASUS VivoBook S 14 OLED S5406MA-PP136W,laptop-asus-vivobook-s-14-oled-s5406ma-pp136w,,,,,"[""https://cdn2.cellphones.com.vn/x/media/catalog/product/l/a/laptop_asus_vivobook_s_14_oled_s5406ma-pp136w_-_3.png"", ""https://cdn2.cellphones.com.vn/x/media/catalog/product/l/a/laptop_asus_vivobook_s_14_oled_s5406ma-pp136w_-_4.png"", ""https://cdn2.cellphones.com.vn/x/media/catalog/product/l/a/laptop-asus-vivobook-s-14-oled-s5406ma-pp136w_4_.png"", ""https://cdn2.cellphones.com.vn/x/media/catalog/product/l/a/laptop-asus-vivobook-s-14-oled-s5406ma-pp136w_1_.png"", ""https://cdn2.cellphones.com.vn/x/media/catalog/product/l/a/laptop-asus-vivobook-s-14-oled-s5406ma-pp136w_5_.png"", ""https://cdn2.cellphones.com.vn/x/media/catalog/product/l/a/laptop-asus-vivobook-s-14-oled-s5406ma-pp136w.png"", ""https://cdn2.cellphones.com.vn/x/media/catalog/product/l/a/laptop-asus-vivobook-s-14-oled-s5406ma-pp136w_3_.png"", ""https://cdn2.cellphones.com.vn/x/media/catalog/product/l/a/laptop-asus-vivobook-s-14-oled-s5406ma-pp136w_7_.png"", ""https://cdn2.cellphones.com.vn/x/media/catalog/product/l/a/laptop-asus-vivobook-s-14-oled-s5406ma-pp136w_6_.png"", ""https://cdn2.cellphones.com.vn/x/media/catalog/product/l/a/laptop-asus-vivobook-s-14-oled-s5406ma-pp136w_2_.png""]","{""product_color_1"": {""color"": ""Xanh"", ""image_url"": ""https://cdn2.cellphones.com.vn/insecure/rs:fill:50:50/q:90/plain/https://cellphones.com.vn/media/catalog/product/l/a/laptop-asus-vivobook-s-14-oled-s5406ma-pp136w_4__1.png"", ""image_url_display"": ""https://cellphones.com.vn/media/catalog/product/l/a/laptop-asus-vivobook-s-14-oled-s5406ma-pp136w_4__1.png"", ""product_url"": ""https://cellphones.com.vn/laptop-asus-vivobook-s-14-oled-s5406ma-pp136w.html?product_id=82010"", ""price"": ""22.990.000₫""}}"
Laptop ASUS VivoBook 15 X1504VA-NJ070W,laptop-asus-vivobook-15-x1504va-nj070w,,,,,"[""https://cdn2.cellphones.com.vn/x/media/catalog/product/t/e/text_ng_n_100__2.png"", ""https://cdn2.cellphones.com.vn/x/media/catalog/product/t/e/text_ng_n_-_2023-05-21t213644.951.png"", ""https://cdn2.cellphones.com.vn/x/media/catalog/product/t/e/text_ng_n_-_2023-05-21t213604.158.png"", ""https://cdn2.cellphones.com.vn/x/media/catalog/product/t/e/text_ng_n_-_2023-05-21t213551.098.png"", ""https://cdn2.cellphones.com.vn/x/media/catalog/product/t/e/text_ng_n_-_2023-05-21t213633.561.png"", ""https://cdn2.cellphones.com.vn/x/media/catalog/product/t/e/text_ng_n_-_2023-05-21t213617.363.png"", ""https://cdn2.cellphones.com.vn/x/media/catalog/product/t/e/text_ng_n_-_2023-05-21t213537.549.png""]","{""product_color_1"": {""color"": ""Xanh"", ""image_url"": ""https://cdn2.cellphones.com.vn/insecure/rs:fill:50:50/q:90/plain/https://cellphones.com.vn/media/catalog/product/t/e/text_ng_n_100__3.png"", ""image_url_display"": ""https://cellphones.com.vn/media/catalog/product/t/e/text_ng_n_100__3.png"", ""product_url"": ""https://cellphones.com.vn/laptop-asus-vivobook-15-x1504va-nj070w.html?product_id=63589"", ""price"": ""13.990.000₫""}}"
Laptop ASUS VivoBook 14 OLED M1405YA-KM047W,laptop-asus-vivobook-14-oled-m1405ya-km047w,,,,,"[""https://cdn2.cellphones.com.vn/x/media/catalog/product/t/e/text_ng_n_16__1_42.png"", ""https://cdn2.cellphones.com.vn/x/media/catalog/product/t/e/text_ng_n_15__3_31.png"", ""https://cdn2.cellphones.com.vn/x/media/catalog/product/t/e/text_ng_n_19__32.png"", ""https://cdn2.cellphones.com.vn/x/media/catalog/product/t/e/text_ng_n_13__3_16.png"", ""https://cdn2.cellphones.com.vn/x/media/catalog/product/t/e/text_ng_n_14__1_50.png"", ""https://cdn2.cellphones.com.vn/x/media/catalog/product/t/e/text_ng_n_18__1_2.png"", ""https://cdn2.cellphones.com.vn/x/media/catalog/product/t/e/text_ng_n_21__31.png"", ""https://cdn2.cellphones.com.vn/x/media/catalog/product/t/e/text_ng_n_20__1_31.png""]","{""product_color_1"": {""color"": ""Bạc"", ""image_url"": ""https://cdn2.cellphones.com.vn/insecure/rs:fill:50:50/q:90/plain/https://cellphones.com.vn/media/catalog/product/t/e/text_ng_n_12__1_52.png"", ""image_url_display"": ""https://cellphones.com.vn/media/catalog/product/t/e/text_ng_n_12__1_52.png"", ""product_url"": ""https://cellphones.com.vn/laptop-asus-vivobook-14-oled-m1405ya-km047w.html?product_id=62555"", ""price"": ""13.990.000₫""}}"
Laptop ASUS Vivobook 16 M1607KA-MB091WS,laptop-asus-vivobook-16-m1607ka-mb091ws-ryzen-ai-7,,,,,"[""https://cdn2.cellphones.com.vn/x/media/catalog/product/t/e/text_ng_n_13__6_163.png"", ""https://cdn2.cellphones.com.vn/x/media/catalog/product/t/e/text_ng_n_16__6_112.png"", ""https://cdn2.cellphones.com.vn/x/media/catalog/product/t/e/text_ng_n_17__8_64.png"", ""https://cdn2.cellphones.com.vn/x/media/catalog/product/t/e/text_ng_n_18__6_55.png"", ""https://cdn2.cellphones.com.vn/x/media/catalog/product/t/e/text_ng_n_15__7_145.png"", ""https://cdn2.cellphones.com.vn/x/media/catalog/product/t/e/text_ng_n_19__4_57.png"", ""https://cdn2.cellphones.com.vn/x/media/catalog/product/t/e/text_ng_n_20__5_54.png"", ""https://cdn2.cellphones.com.vn/x/media/catalog/product/t/e/text_ng_n_22__4_52.png"", ""https://cdn2.cellphones.com.vn/x/media/catalog/product/t/e/text_ng_n_21__4_53.png""]","{""product_color_1"": {""color"": ""Bạc"", ""image_url"": ""https://cdn2.cellphones.com.vn/insecure/rs:fill:50:50/q:90/plain/https://cellphones.com.vn/media/catalog/product/t/e/text_ng_n_13__6_164.png"", ""image_url_display"": ""https://cellphones.com.vn/media/catalog/product/t/e/text_ng_n_13__6_164.png"", ""product_url"": ""https://cellphones.com.vn/laptop-asus-vivobook-16-m1607ka-mb091ws-ryzen-ai-7.html?product_id=100863"", ""price"": ""21.390.000₫""}}"
Laptop ASUS ROG Strix G16 G614JV-N4369W,laptop-asus-rog-strix-g16-g614jv-n4369w,,,,,"[""https://cdn2.cellphones.com.vn/x/media/catalog/product/t/e/text_ng_n_1__7_61_1.png"", ""https://cdn2.cellphones.com.vn/x/media/catalog/product/t/e/text_ng_n_2__7_39_1.png"", ""https://cdn2.cellphones.com.vn/x/media/catalog/product/t/e/text_ng_n_3__6_35_1.png"", ""https://cdn2.cellphones.com.vn/x/media/catalog/product/t/e/text_ng_n_4__7_34_1.png"", ""https://cdn2.cellphones.com.vn/x/media/catalog/product/t/e/text_ng_n_8__4_184_1.png"", ""https://cdn2.cellphones.com.vn/x/media/catalog/product/t/e/text_ng_n_9__4_192_1.png"", ""https://cdn2.cellphones.com.vn/x/media/catalog/product/t/e/text_ng_n_11__5_152_1.png"", ""https://cdn2.cellphones.com.vn/x/media/catalog/product/t/e/text_ng_n_10__4_149_1.png"", ""https://cdn2.cellphones.com.vn/x/media/catalog/product/t/e/text_ng_n_14__6_94_1.png"", ""https://cdn2.cellphones.com.vn/x/media/catalog/product/t/e/text_ng_n_12__5_144_1.png"", ""https://cdn2.cellphones.com.vn/x/media/catalog/product/t/e/text_ng_n_13__6_136_1.png""]","{""product_color_1"": {""color"": ""Xám"", ""image_url"": ""https://cdn2.cellphones.com.vn/insecure/rs:fill:50:50/q:90/plain/https://cellphones.com.vn/media/catalog/product/t/e/text_ng_n_1__7_63.png"", ""image_url_display"": ""https://cellphones.com.vn/media/catalog/product/t/e/text_ng_n_1__7_63.png"", ""product_url"": ""https://cellphones.com.vn/laptop-asus-rog-strix-g16-g614jv-n4369w.html?product_id=97522"", ""price"": ""33.990.000₫""}}"
Laptop ASUS Vivobook S14 OLED S5406SA-PP060WS,laptop-asus-vivobook-s14-oled-s5406sa-pp060ws,,,,,"[""https://cdn2.cellphones.com.vn/x/media/catalog/product/t/e/text_ng_n_1__7_39_1.png"", ""https://cdn2.cellphones.com.vn/x/media/catalog/product/t/e/text_ng_n_5__8_21_1.png"", ""https://cdn2.cellphones.com.vn/x/media/catalog/product/t/e/text_ng_n_4__7_21_1.png"", ""https://cdn2.cellphones.com.vn/x/media/catalog/product/t/e/text_ng_n_3__6_23_1.png"", ""https://cdn2.cellphones.com.vn/x/media/catalog/product/t/e/text_ng_n_2__7_26_1.png"", ""https://cdn2.cellphones.com.vn/x/media/catalog/product/t/e/text_ng_n_7__2_174_1.png"", ""https://cdn2.cellphones.com.vn/x/media/catalog/product/t/e/text_ng_n_6__2_186_1.png""]","{""product_color_1"": {""color"": ""Xanh"", ""image_url"": ""https://cdn2.cellphones.com.vn/insecure/rs:fill:50:50/q:90/plain/https://cellphones.com.vn/media/catalog/product/t/e/text_ng_n_1__7_41.png"", ""image_url_display"": ""https://cellphones.com.vn/media/catalog/product/t/e/text_ng_n_1__7_41.png"", ""product_url"": ""https://cellphones.com.vn/laptop-asus-vivobook-s14-oled-s5406sa-pp060ws.html?product_id=96186"", ""price"": ""25.990.000₫""}}"
Laptop ASUS ROG Strix G16 G614JU-N3480W,laptop-asus-rog-strix-g16-g614ju-n3480w,,,,,"[""https://cdn2.cellphones.com.vn/x/media/catalog/product/t/e/text_ng_n_48__3_27_1.png"", ""https://cdn2.cellphones.com.vn/x/media/catalog/product/t/e/text_ng_n_49__3_16_1.png"", ""https://cdn2.cellphones.com.vn/x/media/catalog/product/t/e/text_ng_n_50__3_16_1.png"", ""https://cdn2.cellphones.com.vn/x/media/catalog/product/t/e/text_ng_n_51__4_16_1.png"", ""https://cdn2.cellphones.com.vn/x/media/catalog/product/t/e/text_ng_n_52__3_18_1.png"", ""https://cdn2.cellphones.com.vn/x/media/catalog/product/t/e/text_ng_n_53__3_24_1.png"", ""https://cdn2.cellphones.com.vn/x/media/catalog/product/t/e/text_ng_n_54__3_27_1.png""]","{""product_color_1"": {""color"": ""Xám"", ""image_url"": ""https://cdn2.cellphones.com.vn/insecure/rs:fill:50:50/q:90/plain/https://cellphones.com.vn/media/catalog/product/t/e/text_ng_n_47__3_34.png"", ""image_url_display"": ""https://cellphones.com.vn/media/catalog/product/t/e/text_ng_n_47__3_34.png"", ""product_url"": ""https://cellphones.com.vn/laptop-asus-rog-strix-g16-g614ju-n3480w.html?product_id=100324"", ""price"": ""29.990.000₫""}}"
Laptop ASUS Vivobook S 16 S5606CA-RI115WS,laptop-asus-vivobook-s-16-s5606ca-ri115ws,,,,,"[""https://cdn2.cellphones.com.vn/x/media/catalog/product/t/e/text_ng_n_7__2_232_1.png"", ""https://cdn2.cellphones.com.vn/x/media/catalog/product/t/e/text_ng_n_2__8_15_1.png"", ""https://cdn2.cellphones.com.vn/x/media/catalog/product/t/e/text_ng_n_3__7_11_1.png"", ""https://cdn2.cellphones.com.vn/x/media/catalog/product/t/e/text_ng_n_5__8_71_1.png"", ""https://cdn2.cellphones.com.vn/x/media/catalog/product/t/e/text_ng_n_4__7_71_1.png"", ""https://cdn2.cellphones.com.vn/x/media/catalog/product/t/e/text_ng_n_1__9_11_1.png"", ""https://cdn2.cellphones.com.vn/x/media/catalog/product/t/e/text_ng_n_10__4_187_1.png"", ""https://cdn2.cellphones.com.vn/x/media/catalog/product/t/e/text_ng_n_11__5_193_1.png""]","{""product_color_1"": {""color"": ""Xanh"", ""image_url"": ""https://cdn2.cellphones.com.vn/insecure/rs:fill:50:50/q:90/plain/https://cellphones.com.vn/media/catalog/product/t/e/text_ng_n_9__4_232_1_1.png"", ""image_url_display"": ""https://cellphones.com.vn/media/catalog/product/t/e/text_ng_n_9__4_232_1_1.png"", ""product_url"": ""https://cellphones.com.vn/laptop-asus-vivobook-s-16-s5606ca-ri115ws.html?product_id=101304"", ""price"": ""31.490.000₫""}}"
Laptop ASUS VivoBook X1502ZA-BQ127W,laptop-asus-vivobook-x1502za-bq127w,,,,,"[""https://cdn2.cellphones.com.vn/x/media/catalog/product/_/0/_0004_w800_5_.jpg"", ""https://cdn2.cellphones.com.vn/x/media/catalog/product/_/0/_0000_w800_1_.jpg"", ""https://cdn2.cellphones.com.vn/x/media/catalog/product/_/0/_0003_w800_4_.jpg"", ""https://cdn2.cellphones.com.vn/x/media/catalog/product/_/0/_0001_w800_2_.jpg""]","{""product_color_1"": {""color"": ""Xanh"", ""image_url"": ""https://cdn2.cellphones.com.vn/insecure/rs:fill:50:50/q:90/plain/https://cellphones.com.vn/media/catalog/product/_/0/_0005_w800_1.jpg"", ""image_url_display"": ""https://cellphones.com.vn/media/catalog/product/_/0/_0005_w800_1.jpg"", ""product_url"": ""https://cellphones.com.vn/laptop-asus-vivobook-x1502za-bq127w.html?product_id=47902"", ""price"": ""13.990.000₫""}}"
Laptop ASUS Gaming ROG Zephyrus G14 GA403UV-QS091W,laptop-asus-gaming-rog-zephyrus-g14-ga403uv-qs091w,,,,,"[""https://cdn2.cellphones.com.vn/x/media/catalog/product/t/e/text_ng_n_1__7_45_1_1.png"", ""https://cdn2.cellphones.com.vn/x/media/catalog/product/t/e/text_ng_n_4__7_24_1_1.png"", ""https://cdn2.cellphones.com.vn/x/media/catalog/product/t/e/text_ng_n_3__6_26_1_1.png"", ""https://cdn2.cellphones.com.vn/x/media/catalog/product/t/e/text_ng_n_5__8_24_1_1.png"", ""https://cdn2.cellphones.com.vn/x/media/catalog/product/t/e/text_ng_n_7__2_176_1_1.png"", ""https://cdn2.cellphones.com.vn/x/media/catalog/product/t/e/text_ng_n_6__2_188_1_1.png""]","{""product_color_1"": {""color"": ""Xám"", ""image_url"": ""https://cdn2.cellphones.com.vn/insecure/rs:fill:50:50/q:90/plain/https://cellphones.com.vn/media/catalog/product/t/e/text_ng_n_1__7_48.png"", ""image_url_display"": ""https://cellphones.com.vn/media/catalog/product/t/e/text_ng_n_1__7_48.png"", ""product_url"": ""https://cellphones.com.vn/laptop-asus-gaming-rog-zephyrus-g14-ga403uv-qs091w.html?product_id=96335"", ""price"": ""49.990.000₫""}}"
Laptop ASUS VivoBook 14 A415EA-EB360T,laptop-asus-vivobook-14-a415ea,,,,,"[""https://cdn2.cellphones.com.vn/x/media/catalog/product/l/a/laptop_asus_vivobook_a515ea-bq498t_2__1.jpg"", ""https://cdn2.cellphones.com.vn/x/media/catalog/product/l/a/laptop_asus_vivobook_a515ea-bq498t_1__1.jpg"", ""https://cdn2.cellphones.com.vn/x/media/catalog/product/l/a/laptop-asus-vivobook-14-a415ea-9.jpg""]",{}
Laptop ASUS Gaming ROG Zephyrus G14 GA402NJ-L4056W,laptop-asus-gaming-rog-zephyrus-g14-ga402nj-l4056w,,,,,"[""https://cdn2.cellphones.com.vn/x/media/catalog/product/t/e/text_ng_n_3__2_6.png"", ""https://cdn2.cellphones.com.vn/x/media/catalog/product/t/e/text_ng_n_2__3_5.png"", ""https://cdn2.cellphones.com.vn/x/media/catalog/product/t/e/text_ng_n_4__3_4.png"", ""https://cdn2.cellphones.com.vn/x/media/catalog/product/t/e/text_ng_n_8__1_73.png"", ""https://cdn2.cellphones.com.vn/x/media/catalog/product/t/e/text_ng_n_6__102.png"", ""https://cdn2.cellphones.com.vn/x/media/catalog/product/t/e/text_ng_n_5__2_7.png"", ""https://cdn2.cellphones.com.vn/x/media/catalog/product/t/e/text_ng_n_7__99.png""]","{""product_color_1"": {""color"": ""Xám"", ""image_url"": ""https://cdn2.cellphones.com.vn/insecure/rs:fill:50:50/q:90/plain/https://cellphones.com.vn/media/catalog/product/t/e/text_ng_n_4_11.png"", ""image_url_display"": ""https://cellphones.com.vn/media/catalog/product/t/e/text_ng_n_4_11.png"", ""product_url"": ""https://cellphones.com.vn/laptop-asus-gaming-rog-zephyrus-g14-ga402nj-l4056w.html?product_id=62898"", ""price"": ""27.990.000₫""}}"
Laptop ASUS ROG Strix G16 G614JU-N4450W,laptop-asus-rog-strix-g16-g614ju-n4450w,,,,,"[""https://cdn2.cellphones.com.vn/x/media/catalog/product/t/e/text_ng_n_22__4_69.png"", ""https://cdn2.cellphones.com.vn/x/media/catalog/product/t/e/text_ng_n_23__3_64.png"", ""https://cdn2.cellphones.com.vn/x/media/catalog/product/t/e/text_ng_n_24__3_57.png"", ""https://cdn2.cellphones.com.vn/x/media/catalog/product/t/e/text_ng_n_21__4_71.png"", ""https://cdn2.cellphones.com.vn/x/media/catalog/product/t/e/text_ng_n_26__6_61.png"", ""https://cdn2.cellphones.com.vn/x/media/catalog/product/t/e/text_ng_n_25__7_56.png"", ""https://cdn2.cellphones.com.vn/x/media/catalog/product/t/e/text_ng_n_31__7_40.png"", ""https://cdn2.cellphones.com.vn/x/media/catalog/product/t/e/text_ng_n_30__8_34.png"", ""https://cdn2.cellphones.com.vn/x/media/catalog/product/t/e/text_ng_n_34__7_34.png"", ""https://cdn2.cellphones.com.vn/x/media/catalog/product/t/e/text_ng_n_33__9_31.png"", ""https://cdn2.cellphones.com.vn/x/media/catalog/product/t/e/text_ng_n_29__9_36.png"", ""https://cdn2.cellphones.com.vn/x/media/catalog/product/t/e/text_ng_n_28__8_39.png"", ""https://cdn2.cellphones.com.vn/x/media/catalog/product/t/e/text_ng_n_27__8_30.png"", ""https://cdn2.cellphones.com.vn/x/media/catalog/product/t/e/text_ng_n_32__7_36.png""]","{""product_color_1"": {""color"": ""Xám"", ""image_url"": ""https://cdn2.cellphones.com.vn/insecure/rs:fill:50:50/q:90/plain/https://cellphones.com.vn/media/catalog/product/t/e/text_ng_n_22__4_70.png"", ""image_url_display"": ""https://cellphones.com.vn/media/catalog/product/t/e/text_ng_n_22__4_70.png"", ""product_url"": ""https://cellphones.com.vn/laptop-asus-rog-strix-g16-g614ju-n4450w.html?product_id=94461"", ""price"": ""36.490.000₫""}}"
Laptop ASUS ROG Zephyrus G14 GA403WP-QS045WS,laptop-asus-rog-zephyrus-g14-ga403wp-qs045ws-ryzen-ai-9,,,,,"[""https://cdn2.cellphones.com.vn/x/media/catalog/product/s/s/ssss_1_103_1.png"", ""https://cdn2.cellphones.com.vn/x/media/catalog/product/s/s/ssss_1__81_1.png"", ""https://cdn2.cellphones.com.vn/x/media/catalog/product/s/s/ssss_2__78_1.png"", ""https://cdn2.cellphones.com.vn/x/media/catalog/product/s/s/ssss_3__75_1.png"", ""https://cdn2.cellphones.com.vn/x/media/catalog/product/s/s/ssss_5__58_1.png"", ""https://cdn2.cellphones.com.vn/x/media/catalog/product/s/s/ssss_4__69_1.png"", ""https://cdn2.cellphones.com.vn/x/media/catalog/product/s/s/ssss_7__40_1.png"", ""https://cdn2.cellphones.com.vn/x/media/catalog/product/s/s/ssss_6__48_1.png"", ""https://cdn2.cellphones.com.vn/x/media/catalog/product/s/s/ssss_9__30_1.png"", ""https://cdn2.cellphones.com.vn/x/media/catalog/product/s/s/ssss_8__31_1.png"", ""https://cdn2.cellphones.com.vn/x/media/catalog/product/s/s/ssss_10__27_1.png"", ""https://cdn2.cellphones.com.vn/x/media/catalog/product/s/s/ssss_11__20_1.png"", ""https://cdn2.cellphones.com.vn/x/media/catalog/product/s/s/ssss_12__18_1.png"", ""https://cdn2.cellphones.com.vn/x/media/catalog/product/s/s/ssss_13__16_1.png""]",{}
Laptop ASUS Gaming V16 K3607VU-RP280W,laptop-asus-v16-k3607vu-rp280w,,,,,"[""https://cdn2.cellphones.com.vn/x/media/catalog/product/t/e/text_ng_n_10__5_68_1.png"", ""https://cdn2.cellphones.com.vn/x/media/catalog/product/t/e/text_ng_n_9__9_43_1.png"", ""https://cdn2.cellphones.com.vn/x/media/catalog/product/t/e/text_ng_n_7__4_46_1.png"", ""https://cdn2.cellphones.com.vn/x/media/catalog/product/t/e/text_ng_n_8__6_47_1.png"", ""https://cdn2.cellphones.com.vn/x/media/catalog/product/t/e/text_ng_n_6__4_49_1.png"", ""https://cdn2.cellphones.com.vn/x/media/catalog/product/t/e/text_ng_n_5__9_54_1.png"", ""https://cdn2.cellphones.com.vn/x/media/catalog/product/t/e/text_ng_n_11__7_19_1.png"", ""https://cdn2.cellphones.com.vn/x/media/catalog/product/t/e/text_ng_n_12__8_15_1.png"", ""https://cdn2.cellphones.com.vn/x/media/catalog/product/t/e/text_ng_n_13__8_16_1.png"", ""https://cdn2.cellphones.com.vn/x/media/catalog/product/t/e/text_ng_n_14__9_16_1.png"", ""https://cdn2.cellphones.com.vn/x/media/catalog/product/t/e/text_ng_n_15__7_202_1.png"", ""https://cdn2.cellphones.com.vn/x/media/catalog/product/t/e/text_ng_n_16__6_157_1.png"", ""https://cdn2.cellphones.com.vn/x/media/catalog/product/t/e/text_ng_n_17__8_106_1.png"", ""https://cdn2.cellphones.com.vn/x/media/catalog/product/t/e/text_ng_n_18__7_12_1.png"", ""https://cdn2.cellphones.com.vn/x/media/catalog/product/t/e/text_ng_n_19__5_11_1.png""]","{""product_color_1"": {""color"": ""Đen"", ""image_url"": ""https://cdn2.cellphones.com.vn/insecure/rs:fill:50:50/q:90/plain/https://cellphones.com.vn/media/catalog/product/t/e/text_ng_n_10__5_70.png"", ""image_url_display"": ""https://cellphones.com.vn/media/catalog/product/t/e/text_ng_n_10__5_70.png"", ""product_url"": ""https://cellphones.com.vn/laptop-asus-v16-k3607vu-rp280w.html?product_id=104146"", ""price"": ""22.990.000₫""}}"
Laptop Asus Gaming ROG Zephyrus DUO 16 GX650PZ-NM031W,laptop-asus-gaming-rog-zephyrus-duo-16-gx650pz-nm031w,,,,,"[""https://cdn2.cellphones.com.vn/x/media/catalog/product/l/a/laptop-asus-gaming-rog-zephyrus-duo-16-gx650pz-nm031w-3.png"", ""https://cdn2.cellphones.com.vn/x/media/catalog/product/l/a/laptop-asus-gaming-rog-zephyrus-duo-16-gx650pz-nm031w-6.png"", ""https://cdn2.cellphones.com.vn/x/media/catalog/product/l/a/laptop-asus-gaming-rog-zephyrus-duo-16-gx650pz-nm031w-4.png"", ""https://cdn2.cellphones.com.vn/x/media/catalog/product/l/a/laptop-asus-gaming-rog-zephyrus-duo-16-gx650pz-nm031w-5.png"", ""https://cdn2.cellphones.com.vn/x/media/catalog/product/l/a/laptop-asus-gaming-rog-zephyrus-duo-16-gx650pz-nm031w-7.png"", ""https://cdn2.cellphones.com.vn/x/media/catalog/product/l/a/laptop-asus-gaming-rog-zephyrus-duo-16-gx650pz-nm031w-8.png"", ""https://cdn2.cellphones.com.vn/x/media/catalog/product/l/a/laptop-asus-gaming-rog-zephyrus-duo-16-gx650pz-nm031w-10.png"", ""https://cdn2.cellphones.com.vn/x/media/catalog/product/l/a/laptop-asus-gaming-rog-zephyrus-duo-16-gx650pz-nm031w-9.png"", ""https://cdn2.cellphones.com.vn/x/media/catalog/product/l/a/laptop-asus-gaming-rog-zephyrus-duo-16-gx650pz-nm031w-12.png"", ""https://cdn2.cellphones.com.vn/x/media/catalog/product/l/a/laptop-asus-gaming-rog-zephyrus-duo-16-gx650pz-nm031w-11.png""]",{}
Laptop ASUS VivoBook Go 14 E1404FA-NK113W,laptop-asus-vivobook-go-14-e1404fa-nk113w,,,,,"[""https://cdn2.cellphones.com.vn/x/media/catalog/product/t/e/text_ng_n_-_2023-06-08t001516.526.png"", ""https://cdn2.cellphones.com.vn/x/media/catalog/product/t/e/text_ng_n_-_2023-06-08t001503.144.png"", ""https://cdn2.cellphones.com.vn/x/media/catalog/product/t/e/text_ng_n_-_2023-06-08t001451.417.png"", ""https://cdn2.cellphones.com.vn/x/media/catalog/product/t/e/text_ng_n_-_2023-06-08t001554.905.png""]","{""product_color_1"": {""color"": ""Bạc"", ""image_url"": ""https://cdn2.cellphones.com.vn/insecure/rs:fill:50:50/q:90/plain/https://cellphones.com.vn/media/catalog/product/t/e/text_ng_n_-_2023-06-08t001431.312_1.png"", ""image_url_display"": ""https://cellphones.com.vn/media/catalog/product/t/e/text_ng_n_-_2023-06-08t001431.312_1.png"", ""product_url"": ""https://cellphones.com.vn/laptop-asus-vivobook-go-14-e1404fa-nk113w.html?product_id=64259"", ""price"": ""8.490.000₫""}}"
Laptop ASUS ROG Strix G16 G614JV-N4156W,laptop-asus-rog-strix-g16-g614jv-n4156w,,,,,"[""https://cdn2.cellphones.com.vn/x/media/catalog/product/t/e/text_ng_n_3__4_34_1.png"", ""https://cdn2.cellphones.com.vn/x/media/catalog/product/t/e/text_ng_n_7_53_1.png"", ""https://cdn2.cellphones.com.vn/x/media/catalog/product/t/e/text_ng_n_9__4_27_1.png"", ""https://cdn2.cellphones.com.vn/x/media/catalog/product/t/e/text_ng_n_8__4_29_1.png"", ""https://cdn2.cellphones.com.vn/x/media/catalog/product/t/e/text_ng_n_11__5_21_1.png"", ""https://cdn2.cellphones.com.vn/x/media/catalog/product/t/e/text_ng_n_10__4_10_1.png"", ""https://cdn2.cellphones.com.vn/x/media/catalog/product/t/e/text_ng_n_5__5_38_1.png"", ""https://cdn2.cellphones.com.vn/x/media/catalog/product/t/e/text_ng_n_7__2_29_1.png"", ""https://cdn2.cellphones.com.vn/x/media/catalog/product/t/e/text_ng_n_6__2_34_1.png""]","{""product_color_1"": {""color"": ""Xám"", ""image_url"": ""https://cdn2.cellphones.com.vn/insecure/rs:fill:50:50/q:90/plain/https://cellphones.com.vn/media/catalog/product/v/g/vga-asus-rog-strix-rtx-4070-ti-super-16gb-gddr6x-oc-edition_30_.png"", ""image_url_display"": ""https://cellphones.com.vn/media/catalog/product/v/g/vga-asus-rog-strix-rtx-4070-ti-super-16gb-gddr6x-oc-edition_30_.png"", ""product_url"": ""https://cellphones.com.vn/laptop-asus-rog-strix-g16-g614jv-n4156w.html?product_id=81997"", ""price"": ""34.990.000₫""}}"
Laptop ASUS VivoBook S 14 FLIP TP3402VA-LZ025W,laptop-asus-vivobook-s-14-flip-tp3402va-lz025w,,,,,"[""https://cdn2.cellphones.com.vn/x/media/catalog/product/t/e/text_ng_n_-_2023-06-08t011908.921.png"", ""https://cdn2.cellphones.com.vn/x/media/catalog/product/t/e/text_ng_n_-_2023-06-08t011924.055.png""]","{""product_color_1"": {""color"": ""Bạc"", ""image_url"": ""https://cdn2.cellphones.com.vn/insecure/rs:fill:50:50/q:90/plain/https://cellphones.com.vn/media/catalog/product/t/e/text_ng_n_-_2023-06-08t011835.336_1.png"", ""image_url_display"": ""https://cellphones.com.vn/media/catalog/product/t/e/text_ng_n_-_2023-06-08t011835.336_1.png"", ""product_url"": ""https://cellphones.com.vn/laptop-asus-vivobook-s-14-flip-tp3402va-lz025w.html?product_id=64263"", ""price"": ""11.490.000₫""}}"
Laptop ASUS Vivobook S 14 OLED S5406MA-PP198WS,laptop-asus-vivoboook-s-14-oled-s5406ma-pp198ws,,,,,"[""https://cdn2.cellphones.com.vn/x/media/catalog/product/t/e/text_ng_n_13__6_70_1.png"", ""https://cdn2.cellphones.com.vn/x/media/catalog/product/t/e/text_ng_n_1__6_60_1.png"", ""https://cdn2.cellphones.com.vn/x/media/catalog/product/t/e/text_ng_n_4__6_68_1.png"", ""https://cdn2.cellphones.com.vn/x/media/catalog/product/t/e/text_ng_n_2__6_83_1.png"", ""https://cdn2.cellphones.com.vn/x/media/catalog/product/t/e/text_ng_n_5__7_65_1.png"", ""https://cdn2.cellphones.com.vn/x/media/catalog/product/t/e/text_ng_n_3__5_75_1.png"", ""https://cdn2.cellphones.com.vn/x/media/catalog/product/t/e/text_ng_n_7__2_96_1.png"", ""https://cdn2.cellphones.com.vn/x/media/catalog/product/t/e/text_ng_n_6__2_108_1.png""]","{""product_color_1"": {""color"": ""Xanh"", ""image_url"": ""https://cdn2.cellphones.com.vn/insecure/rs:fill:50:50/q:90/plain/https://cellphones.com.vn/media/catalog/product/t/e/text_ng_n_13__6_70_1_1.png"", ""image_url_display"": ""https://cellphones.com.vn/media/catalog/product/t/e/text_ng_n_13__6_70_1_1.png"", ""product_url"": ""https://cellphones.com.vn/laptop-asus-vivoboook-s-14-oled-s5406ma-pp198ws.html?product_id=88275"", ""price"": ""24.490.000₫""}}"
Laptop ASUS ROG Strix G16 G615LW-S5219W,laptop-asus-rog-strix-g16-g615lw-s5219w,,,,,"[""https://cdn2.cellphones.com.vn/x/media/catalog/product/t/e/text_ng_n_9__9_240_1.png"", ""https://cdn2.cellphones.com.vn/x/media/catalog/product/t/e/text_ng_n_8__8_23_1.png"", ""https://cdn2.cellphones.com.vn/x/media/catalog/product/t/e/text_ng_n_7__5_23_1.png"", ""https://cdn2.cellphones.com.vn/x/media/catalog/product/t/e/text_ng_n_2__10_36_1.png"", ""https://cdn2.cellphones.com.vn/x/media/catalog/product/t/e/text_ng_n_4__8_29_1.png"", ""https://cdn2.cellphones.com.vn/x/media/catalog/product/t/e/text_ng_n_3__8_27_1.png"", ""https://cdn2.cellphones.com.vn/x/media/catalog/product/t/e/text_ng_n_6__5_29_1.png"", ""https://cdn2.cellphones.com.vn/x/media/catalog/product/t/e/text_ng_n_5__10_25_1.png"", ""https://cdn2.cellphones.com.vn/x/media/catalog/product/t/e/text_ng_n_10__5_246_1.png"", ""https://cdn2.cellphones.com.vn/x/media/catalog/product/t/e/text_ng_n_11__7_170_1.png"", ""https://cdn2.cellphones.com.vn/x/media/catalog/product/t/e/text_ng_n_13__8_129_1.png"", ""https://cdn2.cellphones.com.vn/x/media/catalog/product/t/e/text_ng_n_14__9_138_1.png"", ""https://cdn2.cellphones.com.vn/x/media/catalog/product/t/e/text_ng_n_15__7_309_1.png"", ""https://cdn2.cellphones.com.vn/x/media/catalog/product/t/e/text_ng_n_12__8_155_1.png"", ""https://cdn2.cellphones.com.vn/x/media/catalog/product/t/e/text_ng_n_17__9_10_1.png"", ""https://cdn2.cellphones.com.vn/x/media/catalog/product/t/e/text_ng_n_18__8_10_1.png"", ""https://cdn2.cellphones.com.vn/x/media/catalog/product/t/e/text_ng_n_16__6_254_1.png"", ""https://cdn2.cellphones.com.vn/x/media/catalog/product/t/e/text_ng_n_19__6_10_1.png"", ""https://cdn2.cellphones.com.vn/x/media/catalog/product/t/e/text_ng_n_21__5_8_1.png"", ""https://cdn2.cellphones.com.vn/x/media/catalog/product/t/e/text_ng_n_20__6_7_1.png"", ""https://cdn2.cellphones.com.vn/x/media/catalog/product/t/e/text_ng_n_22__5_7_1.png"", ""https://cdn2.cellphones.com.vn/x/media/catalog/product/t/e/text_ng_n_23__4_6_1.png"", ""https://cdn2.cellphones.com.vn/x/media/catalog/product/t/e/text_ng_n_24__4_5_1.png"", ""https://cdn2.cellphones.com.vn/x/media/catalog/product/t/e/text_ng_n_25__8_5_1.png""]","{""product_color_1"": {""color"": ""Xám"", ""image_url"": ""https://cdn2.cellphones.com.vn/insecure/rs:fill:50:50/q:90/plain/https://cellphones.com.vn/media/catalog/product/t/e/text_ng_n_9__9_242.png"", ""image_url_display"": ""https://cellphones.com.vn/media/catalog/product/t/e/text_ng_n_9__9_242.png"", ""product_url"": ""https://cellphones.com.vn/laptop-asus-rog-strix-g16-g615lw-s5219w.html?product_id=110219"", ""price"": ""68.990.000₫""}}"
