name,sku,base_price,sale_price,description,specifications,images,colors
Máy đọc sách Boox Savi 6S,may-doc-sach-boox-savi-6s,3.990.000đ,3.390.000đ,"Đặc điểm nổi bật
Máy đọc sách Boox Savi 6S trang bị màn hình lõm 6 inch E Ink Carta 1200 cùng với mật độ điểm ảnh 212 dpi, từ đó mang lại chất lượng hiển thị ấn tượng. Sản phẩm sử dụng bộ vi xử lý Qualcomm Octa-Core, giúp xử lý các tác vụ ổn định hơn. Máy còn sở hữu viên pin 1500mAh, chạy hệ điều hành Android 11 linh hoạt và hỗ trợ thẻ nhớ MicroSD, phục vụ hoàn hảo nhu cầu đọc sách và giải trí cả ngày dài.. 
Nội dung chính
1. Máy đọc sách Boox Savi 6S - Màn hình lớn, dung lượng pin lớn
1.1. Thiết kế hiện đại, màn hình 6 inch
1.2. Hiệu năng mạnh mẽ, tốc độ mượt mà
1.3. Hỗ trợ thẻ nhớ MicroSD mở rộng và viên pin 1500mAh bền bỉ
2. Mua máy đọc sách Boox Savi 6S chính hãng tại CellphoneS
Máy đọc sách Boox Savi 6S - Màn hình lớn, dung lượng pin lớn
Máy đọc sách Boox mang đến trải nghiệm sử dụng vừa gọn nhẹ vừa tiện lợi cho người dùng. Sản phẩm còn trang bị màn hình kích thước lớn, giúp cho chất lượng hiển thị được tốt hơn.
Thiết kế hiện đại, màn hình 6 inch
Boox Savi 6S sở hữu độ dày 6.8 mm, nhờ đó giúp người dùng phù hợp để cầm nắm bằng một tay. Máy đọc sách có trọng lượng 140 g cho phép sử dụng trong thời gian dài tránh gây cảm giác mỏi.
Xem thêm: Kindle gen 11 2024 máy đọc sách nhỏ gọn tiện lợi
Máy đọc sách trang bị màn hình lõm 6 inch
Máy được trang bị màn hình lõm 6 inch E Ink Carta 1200, giúp trải nghiệm hiển thị trở nên dễ chịu hơn cho mắt. Nhờ vậy, hình ảnh mang lại chiều sâu cùng độ chân thực tương tự giấy in truyền thống.
Màn hình máy đọc sách Boox Savi 6S có độ phân giải 1024 x 758 với mật độ điểm ảnh 212 dpi, cho hình ảnh hiển thị rõ ràng. Sản phẩm hỗ trợ cảm ứng điện dung với đèn nền hai chế độ ấm/lạnh hỗ trợ người dùng tùy chỉnh ánh sáng phù hợp với từng môi trường.
Hiệu năng mạnh mẽ, tốc độ mượt mà
Máy đọc sách Boox Savi 6S trang bị bộ vi xử lý Qualcomm Octa-Core, cho phép xử lý tác vụ khi dùng. Với cấu hình mạnh mẽ này, sản phẩm cho phép vận hành mượt mà, phục vụ hiệu quả các hoạt động thường nhật.
Máy được trang bị 2GB RAM LPDDR4X giúp các thao tác cơ bản diễn ra mượt mà khi đọc sách hoặc sử dụng ứng dụng nhẹ. Bộ nhớ trong 32GB eMMC cung cấp không gian lưu trữ phù hợp để cài đặt ứng dụng cũng như lưu trữ hàng nghìn đầu sách điện tử.
Máy sở hữu vi bộ xử lý Qualcomm Octa-Core
Máy đọc sách Boox Savi 6S trang bị hệ điều hành Android 11, giúp người dùng truy cập nội dung đa dạng hỗ trợ việc đọc diễn ra hơn. Sản phẩm tích hợp Google Play Store dễ dàng tải với đầy đủ các ứng dụng đọc sách, tin tức hay nghe theo sở thích cá nhân.
Hỗ trợ thẻ nhớ MicroSD mở rộng và viên pin 1500mAh bền bỉ
Máy đọc sách Boox Savi 6S hỗ trợ thẻ nhớ MicroSD cho phép người dùng dễ dàng mở rộng dung lượng hay xây dựng thư viện sách cá nhân. Sản phẩm tương thích tới 27 định dạng tệp, cho phép đọc nội dung liền mạch mà không cần thực hiện chuyển đổi phức tạp.
Sản phẩm cung cấp dung lượng pin đến 1500 mAh
Sản phẩm sở hữu viên pin có mức dung lượng 1500 mAh, đáp ứng nhu cầu đọc sách cả ngày dài. Máy tích hợp nhiều tính năng tiện ích như TTS (Text-to-Speech), từ điển tra cứu nhanh hay lịch cùng nhiều công cụ hữu ích khác.
Mua máy đọc sách Boox Savi 6S chính hãng tại CellphoneS
Các khách hàng có thể mua máy đọc sách Boox Savi 6S uy tín, chất lượng tại hệ thống bán lẻ CellphoneS. Mức giá bán tại cửa hàng được cập nhật rõ ràng, minh bạch để dễ tham khảo trước khi quyết định. 
Bên cạnh đó, khách hàng cũng có thể lựa chọn hình thức mua trực tiếp tại cửa hàng hoặc trực tuyến trên trang chủ. CellphoneS còn hỗ trợ nhiều phương thức thanh toán đơn giản, linh hoạt phù hợp với từng nhu cầu.","{""Màn hình"": [{""name"": ""Kích thước màn hình"", ""value"": ""6.0 inches""}, {""name"": ""Độ phân giải màn hình"", ""value"": ""758 x 1024 pixels""}, {""name"": ""Tính năng màn hình"", ""value"": ""Màn hình lõm\nĐèn nền 2 chế độ (ấm + lạnh)""}], ""RAM & lưu trữ"": [{""name"": ""Dung lượng RAM"", ""value"": ""2 GB""}, {""name"": ""Bộ nhớ trong"", ""value"": ""32 GB""}, {""name"": ""Khe cắm thẻ nhớ"", ""value"": ""Hỗ trợ thẻ nhớ MicroSD""}], ""Pin & công nghệ sạc"": [{""name"": ""Pin"", ""value"": ""1500mAh""}, {""name"": ""Cổng sạc"", ""value"": ""USB Type-C""}], ""Tính năng khác"": [{""name"": ""Hệ điều hành"", ""value"": ""Android 11""}], ""Bộ xử lý & Đồ họa"": [{""name"": ""Loại CPU"", ""value"": ""Qualcomm Octa-core""}], ""Kích thước & Trọng lượng"": [{""name"": ""Kích thước"", ""value"": ""148 x 108 x 6.8 mm""}, {""name"": ""Trọng lượng"", ""value"": ""Khoảng 140g""}], ""Cổng kết nối"": [{""name"": ""Wi-Fi"", ""value"": ""2.4GHz + 5GHz""}], ""Thông số khác"": [{""name"": ""Tiện ích khác"", ""value"": ""Từ điển, Lịch""}]}","[""https://cdn2.cellphones.com.vn/x/media/catalog/product/m/a/may-doc-sach-boox-savi-6s-1.jpg"", ""https://cdn2.cellphones.com.vn/x/media/catalog/product/m/a/may-doc-sach-boox-savi-6s.jpg"", ""https://cdn2.cellphones.com.vn/x/media/catalog/product/m/a/may-doc-sach-boox-savi-6s-2.jpg""]","{""product_color_1"": {""color"": ""Trắng"", ""image_url"": ""https://cdn2.cellphones.com.vn/insecure/rs:fill:50:50/q:90/plain/https://cellphones.com.vn/media/catalog/product/m/a/may-doc-sach-boox-savi-6s-1_1.jpg"", ""image_url_display"": ""https://cellphones.com.vn/media/catalog/product/m/a/may-doc-sach-boox-savi-6s-1_1.jpg"", ""product_url"": ""https://cellphones.com.vn/may-doc-sach-boox-savi-6s.html?product_id=120679"", ""price"": ""3.390.000₫""}}"
Máy đọc sách Boox Go 10.3,may-doc-sach-boox-go-10-3,14.390.000đ,11.390.000đ,"Đặc điểm nổi bật
 Máy đọc sách Boox Go 10.3 được thiết kế với độ dày chỉ 4.5mm cùng màn hình E-Ink 10.3 inch để mang tới trải nghiệm đọc không khác gì đọc sách giấy. Mẫu máy đọc sách Boox này còn được trang bị chip xử lý Qualcomm 2.4GHz, 4GB RAM và hệ điều hành Android 12 nhằm mở rộng tính ứng dụng cho người dùng. Đi kèm mỗi sản phẩm là một chiếc bút Boox Pen Plus để người dùng có thể tiện lợi ghi chú trong quá trình sử dụng.
Nội dung chính
1. Máy đọc sách Boox Go 10.3 - Đọc sách tiện lợi, ghi chú mượt mà
1.1. Mở rộng tính năng với cấu hình vượt trội
1.2. Trải nghiệm như dùng giấy với thiết kế mỏng nhẹ cùng màn hình E-Ink
1.3. Ghi chú tiện lợi với bút Boox Pen Plus
1.4. Hoạt động hàng tuần với viên pin 3700mAh
2. Mua máy đọc sách Boox Go 10.3 giá tốt, chính hãng tại CellphoneS
Máy đọc sách Boox Go 10.3 - Đọc sách tiện lợi, ghi chú mượt mà
Máy đọc sách Boox Go 10.3 với màn hình E-Ink kích thước lớn và bút cảm ứng đi kèm sẽ giúp người dùng có thể đọc sách, ghi chú một cách tiện lợi. Mẫu máy đọc sách của Boox còn được cài đặt hệ điều hành Android 12 mặc định để mở rộng thêm các tính năng giải trí, học tập khác.
Mở rộng tính năng với cấu hình vượt trội
Máy đọc sách Boox Go 10.3 được trang bị con chip Qualcomm có tốc độ xử lý 2.4GHz. Kèm theo đó là 4G RAM để mẫu máy đọc sách của Boox có được khả năng hoạt động đa nhiệm đủ ổn định và mượt mà. Với hệ điều hành Android 12 được cài đặt mặc định và 64GB bộ nhớ trong, người dùng có thể thoải mái cài đặt các ứng dụng vẽ, ghi chú, đọc sách, email,...cũng như lưu trữ số lượng lớn ebook.
>> Sản phẩm tham khảo: New Kindle gen 11 - Pin bền bỉ, chỉ sạc một lần đọc thoải mái suốt nhiều tuần.
Trải nghiệm như dùng giấy với thiết kế mỏng nhẹ cùng màn hình E-Ink
Máy đọc sách Boox Go 10.3 được thiết kế để mang tới trải nghiệm tương tự như khi dùng và đọc sách giấy. Sản phẩm có độ dày chỉ 4.5mm và trọng lượng 365gr. Điều này giúp người dùng có thể thoải mái cầm nắm, sử dụng ở nhiều tư thế trong thời gian dài cũng như tiện lợi cất trọng. Phần mặt lưng được làm giả da để thiết bị cố định tốt hơn trên các bề mặt trơn như kính.
Boox Go 10.3 còn được trang bị một màn hình E-Ink Carta 1200 không đèn nền để mang tới trải nghiệm như khi đọc sách giấy. Với mật độ điểm ảnh 300PPI, các ký tự, hình ảnh sẽ luôn được độ sắc nét ngay cả dưới ánh nắng. Phần viền màn hình tuy không mỏng đều nhau nhưng lại có màu sắc giống với màu nền màn hình E-Ink để tạo nên hiệu ứng tràn viền, liền mạch.
Ghi chú tiện lợi với bút Boox Pen Plus
Đi kèm với mỗi máy đọc sách Boox Go 10.3 là một chiếc bút Boox Pen Plus. Thông qua chiếc bút cảm ứng này, người dùng không chỉ ghi chép mà còn có thể lựa chọn các loại nét bút, thêm hình khối,...nhằm mang tới trải nghiệm ghi như trên giấy thật. Ngoài ra, thiết bị còn có thể tương thích với các dòng bút cảm ứng cao cấp khác thông qua công nghệ Bluetooth 5.0 được tích hợp sẵn để mở rộng tính năng ghi chép.
Hoạt động hàng tuần với viên pin 3700mAh
Máy đọc sách Boox Go 10.3 được tích hợp sẵn một viên pin 3700mAh. Mức năng lượng này tuy có vẻ thấp hơn so với các mẫu tablet khác có trên thị trường. Tuy nhiên, việc sử dụng màn hình E-Ink sẽ giúp tối ưu lượng điện năng mà tablet cần tiêu thụ. Nhờ vậy mà với mỗi lần sạc, Boox Go 10.3 có thể hoạt động liên tục hàng tuần để người dùng không cần lo lắng về tình trạng hết pin giữa chừng.
Mua máy đọc sách Boox Go 10.3 giá tốt, chính hãng tại CellphoneS
Máy đọc sách Boox Go 10.3 hiện đã có thể tham khảo và đặt hàng tại hệ thống bán lẻ CellphoneS với hơn 100 cửa hàng tại nhiều tỉnh, thành phố trên khắp cả nước. Mẫu máy đọc sách của Boox này còn có giá bán vô cùng ưu đãi khi được hưởng thêm nhiều chương trình giảm giá, chính sách trả góp không lãi suất, chiết khấu Smember,...của CellphoneS.","{""Màn hình"": [{""name"": ""Kích thước màn hình"", ""value"": ""10.3 inches""}, {""name"": ""Độ phân giải màn hình"", ""value"": ""2480*1860 pixels""}, {""name"": ""Tính năng màn hình"", ""value"": ""Màn hình đơn sắc (đen trắng) 10.3\"" Eink Carta 1200 phủ kính siêu mỏng\nĐen trắng 300ppi""}], ""RAM & lưu trữ"": [{""name"": ""Dung lượng RAM"", ""value"": ""4 GB""}, {""name"": ""Bộ nhớ trong"", ""value"": ""64 GB""}], ""Pin & công nghệ sạc"": [{""name"": ""Pin"", ""value"": ""3700mAh""}, {""name"": ""Cổng sạc"", ""value"": ""USB Type-C""}], ""Tính năng khác"": [{""name"": ""Hệ điều hành"", ""value"": ""Android 12""}], ""Bộ xử lý & Đồ họa"": [{""name"": ""Loại CPU"", ""value"": ""Qualcomm 2.4 Ghz Octa-core""}], ""Kích thước & Trọng lượng"": [{""name"": ""Kích thước"", ""value"": ""235 x 183 x 4.5 mm""}, {""name"": ""Trọng lượng"", ""value"": ""365g""}], ""Thông số khác"": [{""name"": ""Tương thích"", ""value"": ""Cảm ứng điện dung+ Bút Stylus 4096 lực""}, {""name"": ""Tiện ích khác"", ""value"": ""TTS, Ghi chú, Viết nguệch ngoạc, Từ điển, Lịch, cảm biến vân tay""}], ""Cổng kết nối"": [{""name"": ""Wi-Fi"", ""value"": ""2.4GHz + 5GHz""}, {""name"": ""Bluetooth"", ""value"": ""v5.0""}]}","[""https://cdn2.cellphones.com.vn/x/media/catalog/product/m/a/may-doc-sach-boox-go-10-3.png"", ""https://cdn2.cellphones.com.vn/x/media/catalog/product/m/a/may-doc-sach-boox-go-10-3_1_.png"", ""https://cdn2.cellphones.com.vn/x/media/catalog/product/m/a/may-doc-sach-boox-go-10-3_4_.png"", ""https://cdn2.cellphones.com.vn/x/media/catalog/product/m/a/may-doc-sach-boox-go-10-3_6_.png"", ""https://cdn2.cellphones.com.vn/x/media/catalog/product/m/a/may-doc-sach-boox-go-10-3_5_.png"", ""https://cdn2.cellphones.com.vn/x/media/catalog/product/m/a/may-doc-sach-boox-go-10-3_2_.png"", ""https://cdn2.cellphones.com.vn/x/media/catalog/product/m/a/may-doc-sach-boox-go-10-3_7_.png""]","{""product_color_1"": {""color"": ""Trắng"", ""image_url"": ""https://cdn2.cellphones.com.vn/insecure/rs:fill:50:50/q:90/plain/https://cellphones.com.vn/media/catalog/product/m/a/may-doc-sach-boox-go-10-3_1.png"", ""image_url_display"": ""https://cellphones.com.vn/media/catalog/product/m/a/may-doc-sach-boox-go-10-3_1.png"", ""product_url"": ""https://cellphones.com.vn/may-doc-sach-boox-go-10-3.html?product_id=92953"", ""price"": ""11.390.000₫""}}"
Máy đọc sách Boox Savi 6,may-doc-sach-boox-savi-6,5.590.000đ,4.990.000đ,"Đặc điểm nổi bật
Máy đọc sách Boox Savi 6 là thiết bị nhỏ gọn, chỉ 6.8 mm độ mỏng và nặng 146g, mang màn hình E-ink Carta 1300 độ phân giải 300ppi hiển thị sắc nét. Thiết bị chạy Android mở, hỗ trợ 26 định dạng sách, tích hợp Google Play Store và kết nối Wi-Fi. Mẫu máy đọc sách Boox này có viên pin 1500mAh cho thời gian đọc kéo dài nhiều ngày cùng hỗ trợ thẻ nhớ microSD mở rộng.
Nội dung chính
1. Máy đọc sách Boox Savi 6 – Dễ dàng mang theo, đọc mọi lúc mọi nơi
1.1. Công nghệ đọc hiện đại, kho sách bản quyền tích hợp
1.2. Cấu hình mạnh mẽ, xử lý mượt mà mọi tác vụ
1.3. Thiết kế gọn nhẹ, màn hình như giấy thật
2. Mua ngay máy đọc sách Boox Savi 6 chính hãng tại CellphoneS
Máy đọc sách Boox Savi 6 – Dễ dàng mang theo, đọc mọi lúc mọi nơi
Máy đọc sách Boox Savi 6 là một thiết bị chuyên dụng cho những người yêu sách, mang lại trải nghiệm đọc giống như trên giấy. Màn hình E-ink giúp giảm mỏi mắt khi đọc trong thời gian dài, đồng thời có thể điều chỉnh độ sáng thông minh.
Xem thêm dòng Máy đọc sách Boox Savi 6S với nhiều tính năng thú vị 
Công nghệ đọc hiện đại, kho sách bản quyền tích hợp
Boox Savi 6 nổi bật với ứng dụng Savi cài sẵn – nền tảng ebook bản quyền phong phú, cho phép người dùng mở máy và bắt đầu đọc ngay lập tức. Ngoài ra, máy hỗ trợ 26 định dạng đọc và tích hợp Google Play Store, cho phép tải các ứng dụng đọc hay podcast.
Máy đọc sách Boox Savi 6 còn cung cấp bộ công cụ ghi chú và tìm kiếm nhanh ngay trong giao diện đọc, kết hợp AI hỗ trợ trả lời câu hỏi để nâng cao trải nghiệm. Khả năng chuyển đổi linh hoạt giữa nền sáng và nền tối cùng đèn nền 2 tông giúp người đọc dễ tùy chỉnh.
Cấu hình mạnh mẽ, xử lý mượt mà mọi tác vụ
Boox Savi 6 được trang bị bộ xử lý Octa-Core hiện đại, đảm bảo tốc độ phản hồi nhanh và ổn định. Với hệ điều hành Android mở, máy có thể cài đặt nhiều ứng dụng ngoài kho Savi, phục vụ đa dạng nhu cầu đọc sách, nghe sách nói, tra cứu từ điển hay đọc tin tức.
Ngoài ra, Boox Savi 6 cho phép cá nhân hóa từ lựa chọn font chữ, cỡ chữ, chế độ nền cho tới sắp xếp thư viện. Người đọc có thể tạo ghi chú, đánh dấu trang hoặc tìm kiếm nội dung nhanh chóng nhờ menu công cụ tích hợp thông minh.
Thiết kế gọn nhẹ, màn hình như giấy thật
Điểm nhấn của Boox Savi 6 nằm ở thiết kế siêu mỏng 6.8 mm cùng trọng lượng 146g, mang lại sự tiện lợi tối đa khi di chuyển. Màn hình E-ink Carta 1300 độ phân giải 300ppi mang lại cảm giác đọc tự nhiên như trên giấy.
Bên cạnh đó, thiết kế phẳng liền mạch tạo sự hiện đại, trong khi tông đen sâu đặc trưng của công nghệ E-ink giúp tái hiện chữ và hình ảnh sắc nét. Máy cũng có kho hình nền lấy cảm hứng từ các địa danh Việt Nam, tạo nên dấu ấn riêng cho mỗi lần mở máy.
Mua ngay máy đọc sách Boox Savi 6 chính hãng tại CellphoneS
Sở hữu máy đọc sách Boox Savi 6 ngay hôm nay để mở rộng không gian đọc với công nghệ màn hình E-Ink sắc nét. Sản phẩm được bảo hành chính hãng, giúp khách hàng an tâm khi sử dụng. Giá bán đã bao gồm thuế VAT, giúp dễ dàng tính toán hơn. Đồng thời, CellphoneS thường xuyên triển khai nhiều chương trình ưu đãi hấp dẫn. Nhanh đến trực tiếp trải nghiệm và chọn ngay thiết bị đọc sách phục vụ học tập và giải trí lâu dài!","{""Màn hình"": [{""name"": ""Kích thước màn hình"", ""value"": ""6.0 inches""}, {""name"": ""Độ phân giải màn hình"", ""value"": ""1448x1072 pixels""}, {""name"": ""Tính năng màn hình"", ""value"": ""Màn hình 6\"" Eink Carta 1300 phủ kính chống lóa\n300 dpi""}], ""RAM & lưu trữ"": [{""name"": ""Dung lượng RAM"", ""value"": ""2 GB""}, {""name"": ""Bộ nhớ trong"", ""value"": ""32 GB""}, {""name"": ""Khe cắm thẻ nhớ"", ""value"": ""Hỗ trợ thẻ nhớ MicroSD""}], ""Pin & công nghệ sạc"": [{""name"": ""Pin"", ""value"": ""1500mAh""}, {""name"": ""Cổng sạc"", ""value"": ""USB Type-C""}], ""Tính năng khác"": [{""name"": ""Hệ điều hành"", ""value"": ""Android 11""}], ""Bộ xử lý & Đồ họa"": [{""name"": ""Loại CPU"", ""value"": ""Qualcomm 2.0G Octa-core""}], ""Kích thước & Trọng lượng"": [{""name"": ""Kích thước"", ""value"": ""148 x 108 x 6.8 mm""}, {""name"": ""Trọng lượng"", ""value"": ""146 g""}], ""Cổng kết nối"": [{""name"": ""Wi-Fi"", ""value"": ""2.4GHz + 5GHz""}], ""Thông số khác"": [{""name"": ""Công nghệ - Tiện ích"", ""value"": ""Đèn nền 2 chế độ""}, {""name"": ""Tiện ích khác"", ""value"": ""TTS, Từ điển, Lịch,v.v""}]}","[""https://cdn2.cellphones.com.vn/x/media/catalog/product/2/_/2_355.jpg"", ""https://cdn2.cellphones.com.vn/x/media/catalog/product/1/_/1_370.jpg"", ""https://cdn2.cellphones.com.vn/x/media/catalog/product/3/_/3_340.jpg"", ""https://cdn2.cellphones.com.vn/x/media/catalog/product/4/_/4_296.jpg""]","{""product_color_1"": {""color"": ""Trắng"", ""image_url"": ""https://cdn2.cellphones.com.vn/insecure/rs:fill:50:50/q:90/plain/https://cellphones.com.vn/media/catalog/product/i/m/image-removebg-preview-3_1_1.png"", ""image_url_display"": ""https://cellphones.com.vn/media/catalog/product/i/m/image-removebg-preview-3_1_1.png"", ""product_url"": ""https://cellphones.com.vn/may-doc-sach-boox-savi-6.html?product_id=113654"", ""price"": ""4.990.000₫""}}"
Máy đọc sách Boox Palma 2,may-doc-sach-boox-palma-2,8.590.000đ,7.790.000đ,"Đặc điểm nổi bật
Máy đọc sách Boox Palma 2 sở hữu màn hình ePaper Carta 1200 sắc nét với độ phân giải 300 PPI, mang đến trải nghiệm đọc tự nhiên như trên giấy thật. Hiệu suất của máy khá mạnh mẽ nhờ CPU Octa-Core, giúp thao tác nhanh chóng, mượt mà. Ngoài ra, thiết bị máy đọc sách Boox còn sở hữu thiết kế nhỏ gọn, có thể dễ dàng được mang theo bên người tới mọi nơi.
Nội dung chính
1. Máy đọc sách Boox Palma 2 - Thiết kế nhỏ gọn, màn hình sắc nét
1.1. Màn hình ePaper Carta 1200 sắc nét, bảo vệ mắt tối ưu
1.2. CPU Octa-Core mạnh mẽ và công nghệ BOOX Super Refresh
1.3. Hệ điều hành Android 13 với Google Play Store
1.4. Thiết kế nhỏ gọn, tiện lợi và an toàn với cảm biến vân tay
2. Mua ngay máy đọc sách Boox Palma 2 chính hãng tại cửa hàng CellphoneS
Máy đọc sách Boox Palma 2 - Thiết kế nhỏ gọn, màn hình sắc nét
Với những cải tiến vượt bậc về màn hình và tính năng, máy đọc sách Boox Palma 2 không chỉ đáp ứng nhu cầu đọc sách mà còn hỗ trợ tối ưu cho các hoạt động giải trí, học tập. Hãy cùng tìm hiểu các điểm nổi bật làm nên sức hút của thiết bị trong bài viết này nhé!
Màn hình ePaper Carta 1200 sắc nét, bảo vệ mắt tối ưu
Một trong những ưu điểm nổi bật của máy đọc sách Boox Palma 2 chính là màn hình ePaper Carta 1200 với độ phân giải 300 PPI. Nhờ công nghệ này, hình ảnh và văn bản được hiển thị rõ nét, giúp người dùng cảm nhận được sự chân thực như khi đọc trên giấy.
>> Sản phẩm tham khảo: New Kindle gen 11 - Bộ nhớ lớn, thoải mái tải hàng nghìn sách để đọc mọi lúc.
Đặc biệt, màn hình của máy còn được tích hợp đèn nền hai tông màu (lạnh - ấm), có thể tự động điều chỉnh theo môi trường xung quanh. Điều này không chỉ tăng sự thoải mái cho mắt khi đọc sách vào ban đêm mà còn giúp duy trì sự tập trung khi đọc trong thời gian dài. 
Bên cạnh đó, độ tương phản cao của tấm nền hiển thị cũng là điểm cộng lớn. Nó hỗ trợ tối đa cho việc đọc tài liệu nghiên cứu hoặc truyện tranh với độ chi tiết ấn tượng.
CPU Octa-Core mạnh mẽ và công nghệ BOOX Super Refresh
Khả năng xử lý mạnh mẽ của máy đọc sách Boox Palma 2 đến từ chip Octa-Core, giúp thiết bị hoạt động mượt mà khi mở các tệp tài liệu dung lượng lớn hoặc chạy các app bên thứ ba. Đồng thời, việc chuyển đổi giữa các ứng dụng cũng trở nên nhanh chóng hơn, đáp ứng tốt nhu cầu đa nhiệm của người dùng hiện đại.
Bên cạnh đó, công nghệ BOOX Super Refresh với 4 chế độ khác nhau cũng mang đến sự linh hoạt khi sử dụng. Cụ thể, chế độ HD giúp hiển thị văn bản sắc nét, phù hợp cho việc đọc sách lâu dài. 
Còn ở chế độ Balanced, máy hỗ trợ cân bằng giữa chất lượng hiển thị và tốc độ xử lý. Trong khi đó, chế độ Fast và Ultrafast hỗ trợ thiết bị cuộn trang nhanh, đặc biệt hữu ích khi duyệt web hoặc xem video.
Hệ điều hành Android 13 với Google Play Store
Điểm khác biệt của máy đọc sách Boox Palma 2 so với nhiều thiết bị khác trên thị trường chính là hệ điều hành Android 13 hiện đại, được tích hợp sẵn Google Play Store. Điểm cộng này giúp người dùng dễ dàng tải về các ứng dụng yêu thích như Kindle, Kobo hay các ứng dụng nghe podcast, audiobook.
Không chỉ hỗ trợ cho việc đọc sách, hệ điều hành này còn mở ra khả năng đa dạng hóa trải nghiệm giải trí. Theo đó, người dùng có thể truy cập các nền tảng học tập, ứng dụng quản lý công việc hoặc thậm chí là các công cụ sáng tạo nội dung. Giao diện của máy cũng được tối ưu hóa cho màn hình ePaper, giúp thao tác mượt mà và dễ dàng hơn.
Thiết kế nhỏ gọn, tiện lợi và an toàn với cảm biến vân tay
Với trọng lượng chỉ 170g và kích thước nằm gọn trong lòng bàn tay, máy đọc sách Boox Palma 2 là lựa chọn phù hợp cho những ai thường xuyên di chuyển. Thiết kế nhỏ gọn nhưng không kém phần tinh tế, mang lại cảm giác thoải mái cho người dùng khi cầm nắm lâu dài.
Ngoài ra, thiết bị còn được trang bị cảm biến vân tay tích hợp, giúp việc mở khóa trở nên nhanh chóng và an toàn. Người dùng chỉ cần một chạm nhẹ là có thể truy cập vào thư viện sách của mình, không cần nhập mật khẩu phức tạp. Bên cạnh đó, tính năng này cũng đảm bảo dữ liệu cá nhân được bảo vệ tốt hơn trong những trường hợp làm rơi hoặc mất thiết bị.
Mua ngay máy đọc sách Boox Palma 2 chính hãng tại cửa hàng CellphoneS
CellphoneS là đơn vị phân phối chính hãng máy đọc sách Boox Palma 2 cùng nhiều thiết bị công nghệ chất lượng. Khi mua hàng tại đây, khách hàng sẽ được đảm bảo về nguồn gốc, bảo hành rõ ràng và dịch vụ chăm sóc tận tình. 
Ngoài ra, CellphoneS thường xuyên có các ưu đãi hot, giúp người tiêu dùng sở hữu sản phẩm với giá thành hấp dẫn. Với hệ thống cửa hàng rộng khắp và dịch vụ giao hàng nhanh chóng, CellphoneS là lựa chọn đáng tin cậy cho những ai yêu thích công nghệ.","{""Màn hình"": [{""name"": ""Kích thước màn hình"", ""value"": ""6.13 inches""}, {""name"": ""Độ phân giải màn hình"", ""value"": ""800 x 1280 pixels""}, {""name"": ""Tính năng màn hình"", ""value"": ""Màn hình 6.13\"" E Ink Carta 1200\n824 x 1648 (300 ppi)""}], ""Vi xử lý & đồ họa"": [{""name"": ""Chipset"", ""value"": ""Qualcomm Advanced Octa-core""}], ""RAM & lưu trữ"": [{""name"": ""Dung lượng RAM"", ""value"": ""6 GB""}, {""name"": ""Bộ nhớ trong"", ""value"": ""128 GB""}, {""name"": ""Khe cắm thẻ nhớ"", ""value"": ""thẻ microSD(TF)""}], ""Pin & công nghệ sạc"": [{""name"": ""Pin"", ""value"": ""3950mAh Polymer Li-on""}, {""name"": ""Cổng sạc"", ""value"": ""USB Type-C""}], ""Tính năng khác"": [{""name"": ""Hệ điều hành"", ""value"": ""Android 13""}], ""Kích thước & Trọng lượng"": [{""name"": ""Kích thước"", ""value"": ""159 x 80 x 8.0 mm""}, {""name"": ""Trọng lượng"", ""value"": ""170g""}], ""Cổng kết nối"": [{""name"": ""Wi-Fi"", ""value"": ""WiFi (2.4GHz + 5GHz)""}, {""name"": ""Bluetooth"", ""value"": ""v5.0""}], ""Thông số khác"": [{""name"": ""Công nghệ - Tiện ích"", ""value"": ""Đèn nền 2 chế độ (Ấm + Lạnh)""}]}","[""https://cdn2.cellphones.com.vn/x/media/catalog/product/m/a/may-doc-sach-boox-palma-2_1_.png"", ""https://cdn2.cellphones.com.vn/x/media/catalog/product/m/a/may-doc-sach-boox-palma-2_3_.png"", ""https://cdn2.cellphones.com.vn/x/media/catalog/product/m/a/may-doc-sach-boox-palma-2_4_.png"", ""https://cdn2.cellphones.com.vn/x/media/catalog/product/m/a/may-doc-sach-boox-palma-2_5_.png"", ""https://cdn2.cellphones.com.vn/x/media/catalog/product/m/a/may-doc-sach-boox-palma-2_2_.png"", ""https://cdn2.cellphones.com.vn/x/media/catalog/product/m/a/may-doc-sach-boox-palma-2.png""]","{""product_color_1"": {""color"": ""Đen"", ""image_url"": ""https://cdn2.cellphones.com.vn/insecure/rs:fill:50:50/q:90/plain/https://cellphones.com.vn/media/catalog/product/m/a/may-doc-sach-boox-palma-2_4__1.png"", ""image_url_display"": ""https://cellphones.com.vn/media/catalog/product/m/a/may-doc-sach-boox-palma-2_4__1.png"", ""product_url"": ""https://cellphones.com.vn/may-doc-sach-boox-palma-2.html?product_id=99913"", ""price"": ""7.790.000₫""}}"
Máy đọc sách Onyx Boox Palma,may-doc-sach-onyx-boox-palma,8.390.000đ,6.990.000đ,"Đặc điểm nổi bật
Máy đọc sách Onyx Boox Palma được trang bị màn hình E Ink Carta 6.13 inch, độ phân giải 300dpi để mang lại hình ảnh sắc nét và rõ ràng. Mẫu máy đọc sách Boox này sở hữu con chip xử lý Qualcomm Advanced Octa-core, 6GB RAM và bộ nhớ trong 128GB cung cấp khả năng xử lý mượt mà mọi tác vụ và lưu trữ nhiều sách và tài liệu cực kỳ lớn.
Nội dung chính
1. Máy đọc sách Onyx Boox Palma - Kiểu dáng nhỏ gọn, đa dạng tính năng
1.1. Hiệu năng mạnh mẽ, pin sử dụng nhiều ngày
1.2. Thiết kế gọn nhẹ, bền chắc sang trọng
1.3. Màn hình sắc nét, tự động điều chỉnh đèn nền
1.4. Tích hợp nhiều tính năng hiện đại, thuận tiện hơn trong việc sử dụng
2. Mua ngay máy đọc sách Onyx Boox Palma chất lượng, giá tốt tại CellphoneS
Máy đọc sách Onyx Boox Palma - Kiểu dáng nhỏ gọn, đa dạng tính năng
Máy đọc sách Onyx Boox Palma là sản phẩm mới nhất của Onyx thu hút sự chú ý với thiết kế nhỏ gọn, màn hình E Ink Carta thế hệ mới và hiệu năng mạnh mẽ. Bên cạnh đó là tính năng hiện đại cùng trải nghiệm dễ dàng từ đó giúp bạn có được trải nghiệm đọc sách hoàn hảo và tối ưu nhất. 
Hiệu năng mạnh mẽ, pin sử dụng nhiều ngày
Máy đọc sách Onyx Boox Palma được trang bị với chip xử lý Qualcomm Advanced Octa-core mạnh mẽ đảm bảo xử lý mượt mà mọi tác vụ trên máy. 6GB RAM và bộ nhớ trong 128GB cho phép lưu trữ nhiều sách và tài liệu một cách dễ dàng. 
Xem thêm: Boox Palma 2 với nhiều tính năng nâng cấp vượt trội 
Ngoài ra, máy còn hỗ trợ Wi-Fi và Bluetooth giúp kết nối internet và truyền tải dữ liệu một cách thuận tiện. Viên pin dung lượng 3950mAh giúp bạn hoàn toàn có thể yên tâm để sử dụng máy trong khoảng thời gian dài mà không cần lo lắng bất kỳ về vấn đề sạc pin.  
Thiết kế gọn nhẹ, bền chắc sang trọng
Máy đọc sách Onyx Boox Palma sở hữu kích thước nhỏ gọn chỉ như một chiếc điện thoại thông minh (159 x 80 x 8 mm), dễ dàng mang theo bên mình khi di chuyển. Khung máy được làm từ nhôm nguyên khối, mang lại độ bền chắc chắn và vẻ sang trọng cho sản phẩm. 
Mặt lưng nhám không chỉ chống bám vân tay mà còn ngăn chặn trầy xước, giữ cho bàn ủi luôn mới mẻ. Nút nguồn và nút điều chỉnh âm lượng trên máy đọc sách Onyx Boox Palma được thiết kế tiện lợi đảm bảo cho việc sử dụng được dễ dàng. Từ đó giúp người dùng có thể điều chỉnh linh động chức năng một cách nhanh chóng và thuận tiện.
Màn hình sắc nét, tự động điều chỉnh đèn nền
Với màn hình E Ink Carta 6.13 inch và độ phân giải 300dpi, máy đọc sách Onyx Boox Palma mang đến hình ảnh sắc nét, rõ ràng như sách in truyền thống. Công nghệ Boox Super Fresh mới nhất giúp các thao tác có được sự liền mạch và đồng giảm hiện tượng bóng, mờ ảnh để cải thiện trải nghiệm đọc sách. 
Màn hình có khả năng tự động điều chỉnh đèn nền (trắng/vàng) để phù hợp với môi trường sử dụng. Chế độ Dark Mode hỗ trợ bảo vệ mắt khi đọc sách trong môi trường thiếu sáng, giúp giảm mệt mỏi và cải thiện trải nghiệm đọc. Với những tính năng và công nghệ tiên tiến, màn hình của Onyx Boox Palma tạo ra một không gian đọc sách thuận tiện và thoải mái cho người dùng.
Tích hợp nhiều tính năng hiện đại, thuận tiện hơn trong việc sử dụng
Máy đọc sách Onyx Boox Palma hỗ trợ nhiều định dạng sách phổ biến như EPUB, MOBI, PDF, DOCX,...mang lại sự linh hoạt cho người dùng trong việc đọc sách. Ngoài ra, bạn cũng có thể ghi chú, đánh dấu và tra từ điển trực tiếp trên sách, tạo ra trải nghiệm đọc sách tương tác và tiện lợi. Bên cạnh đó, Onyx Boox Palma còn sử dụng hệ điều hành Android 11 để có thể cài đặt thêm ứng dụng từ Google Play Store, giúp mở rộng khả năng sử dụng của mẫu máy đọc sách này.
Mua ngay máy đọc sách Onyx Boox Palma chất lượng, giá tốt tại CellphoneS
Hãy mua ngay máy đọc sách Onyx Boox Palma tại CellphoneS để trải nghiệm sự chất lượng và giá cả tốt nhất trên thị trường. CellphoneS cam kết cung cấp sản phẩm chính hãng, đảm bảo sự tin cậy và an tâm cho người tiêu dùng. Đồng thời, CellphoneS cũng mang đến mức giá cạnh tranh và ưu đãi hấp dẫn, giúp bạn tiết kiệm chi phí mà vẫn có được sản phẩm chất lượng. Đừng chần chừ nữa, ghé thăm CellphoneS ngay hôm nay để sở hữu Onyx Boox Palma và tận hưởng trải nghiệm đọc sách mới mẻ!","{""Màn hình"": [{""name"": ""Kích thước màn hình"", ""value"": ""6.13 inches""}, {""name"": ""Tính năng màn hình"", ""value"": ""Màn hình 6.13\"" E Ink Carta 1200\n824 x 1648 (300 ppi)""}], ""Camera sau"": [{""name"": ""Camera sau"", ""value"": ""16MP""}], ""Vi xử lý & đồ họa"": [{""name"": ""Chipset"", ""value"": ""Qualcomm Advanced Octa-core""}], ""RAM & lưu trữ"": [{""name"": ""Dung lượng RAM"", ""value"": ""6 GB""}, {""name"": ""Bộ nhớ trong"", ""value"": ""128 GB""}, {""name"": ""Khe cắm thẻ nhớ"", ""value"": ""MicroSD(TF)""}], ""Pin & công nghệ sạc"": [{""name"": ""Pin"", ""value"": ""3950 mAh""}, {""name"": ""Cổng sạc"", ""value"": ""USB Type-C""}], ""Tính năng khác"": [{""name"": ""Hệ điều hành"", ""value"": ""Android 11""}], ""Kích thước & Trọng lượng"": [{""name"": ""Kích thước"", ""value"": ""159 x 80 x 8.0 mm""}, {""name"": ""Trọng lượng"", ""value"": ""170g""}], ""Cổng kết nối"": [{""name"": ""Wi-Fi"", ""value"": ""WiFi (2.4GHz + 5GHz)""}, {""name"": ""Bluetooth"", ""value"": ""v5.0""}], ""Thông số khác"": [{""name"": ""Công nghệ - Tiện ích"", ""value"": ""TTS, Ghi chú, Viết nguệch ngoạc, Từ điển, Lịch""}, {""name"": ""Tiện ích khác"", ""value"": ""Đèn nền 2 chế độ (Ấm + Lạnh)""}]}","[""https://cdn2.cellphones.com.vn/x/media/catalog/product/m/a/may-doc-sach-onyx-boox-palma.png"", ""https://cdn2.cellphones.com.vn/x/media/catalog/product/m/a/may-doc-sach-onyx-boox-palma_3_.png"", ""https://cdn2.cellphones.com.vn/x/media/catalog/product/m/a/may-doc-sach-onyx-boox-palma_1_.png"", ""https://cdn2.cellphones.com.vn/x/media/catalog/product/m/a/may-doc-sach-onyx-boox-palma_2_.png""]","{""product_color_1"": {""color"": ""Trắng"", ""image_url"": ""https://cdn2.cellphones.com.vn/insecure/rs:fill:50:50/q:90/plain/https://cellphones.com.vn/media/catalog/product/m/a/may-doc-sach-onyx-boox-palm-trang.jpg"", ""image_url_display"": ""https://cellphones.com.vn/media/catalog/product/m/a/may-doc-sach-onyx-boox-palm-trang.jpg"", ""product_url"": ""https://cellphones.com.vn/may-doc-sach-onyx-boox-palma.html?product_id=85222"", ""price"": ""6.990.000₫""}, ""product_color_2"": {""color"": ""Đen"", ""image_url"": ""https://cdn2.cellphones.com.vn/insecure/rs:fill:50:50/q:90/plain/https://cellphones.com.vn/media/catalog/product/m/a/may-doc-sach-onyx-boox-palma_2.png"", ""image_url_display"": ""https://cellphones.com.vn/media/catalog/product/m/a/may-doc-sach-onyx-boox-palma_2.png"", ""product_url"": ""https://cellphones.com.vn/may-doc-sach-onyx-boox-palma.html?product_id=81077"", ""price"": ""6.990.000₫""}}"
Máy đọc sách Onyx Boox Page,may-doc-sach-onyx-boox-page,7.690.000đ,6.590.000đ,"Đặc điểm nổi bật
Máy đọc sách Onyx Boox Page trang bị dung lượng RAM 3GB + ROM 32GB, CPU Octa-core tiên tiến của Qualcomm, giúp quá trình sử dụng mượt mà hơn. Màn hình ePaper 7 inch sử dụng công nghệ màn hình E Ink Carta 1200 tạo ra trải nghiệm đọc giống như trên giấy. Độ phân giải cao 300 PPI cùng độ tương phản sắc nét giúp chữ hiển thị rõ nét và giảm thiểu tình trạng mỏi mắt. Ngoài ra, mẫu máy đọc sách Boox này còn có thể mở rộng bộ nhớ thông qua thẻ nhớ microSD.
Nội dung chính
1. Máy đọc sách Onyx Boox Page - Màn hình ePaper 7 inch sắc nét
1.1. Màn hình ePaper 7 inch sắc nét
1.2. Dung lượng lớn lên đến 3GB +32GB
2. Mua máy đọc sách Onyx Boox Page chất lượng tại CellphoneS
Máy đọc sách Onyx Boox Page - Màn hình ePaper 7 inch sắc nét
Máy đọc sách Onyx Boox Page là một thiết bị đọc sách điện tử được thiết kế dành cho những người yêu thích đọc sách và muốn có trải nghiệm đọc sách hiện đại nhưng không ảnh hưởng đến mắt. Với màn hình sắc nét, dung lượng lớn chắc chắn sẽ khiến bạn hài lòng trong thời gian dài sử dụng.
Màn hình ePaper 7 inch sắc nét
Màn hình ePaper 7 inch sử dụng công nghệ màn hình E Ink Carta 1200, tạo ra trải nghiệm đọc giống như trên giấy. Độ phân giải cao 300 PPI cùng độ tương phản sắc nét giúp chữ hiển thị rõ nét và giảm thiểu tình trạng mỏi mắt, mang lại niềm vui và sự thoải mái cho người đọc.
Xem thêm: Máy đọc sách Boox Go Color 7 màn hình E-ink hiển thị sắc nét
Máy đọc sách Onyx Boox Page đi kèm với kho sách phong phú với nhiều thể loại sách khác nhau, giúp bạn dễ dàng tìm kiếm và lựa chọn sách để đọc, sản phẩm còn hỗ trợ nhiều định dạng sách phổ biến như EPUB, PDF, MOBI,...Sản phẩm có có kích thước nhỏ gọn, 195g dễ dàng mang theo bên mình khi di chuyển. 
Dung lượng lớn lên đến 3GB +32GB
Với sự phát triển của CPU lõi tám tiên tiến từ Qualcomm và cấu hình nâng cấp với RAM 3 GB + ROM 32 GB đem đến một trải nghiệm đọc sách điện tử, duyệt web hoặc sử dụng ứng dụng một cách mượt mà. Với hệ điều hành Android 11 tích hợp, việc sử dụng các ứng dụng của bên thứ ba trở nên dễ dàng hơn bao giờ hết.
Ngoài ra, bạn có thể mở rộng bộ nhớ máy đọc sách Onyx Boox Page thông qua thẻ nhớ microSD. NeoReader được tích hợp sẵn trong máy, cho phép bạn đánh dấu và ghi chú vào các nội dung quan trọng ngay trên thiết bị. Sau đó, bạn có thể chia sẻ những ghi chú và suy nghĩ của mình trên mạng xã hội, tạo ra sự tương tác và trao đổi ý kiến với bạn bè hoặc đồng nghiệp.
Mua máy đọc sách Onyx Boox Page chất lượng tại CellphoneS
CellphoneS là hệ thống bán lẻ điện thoại và phụ kiện di động uy tín tại Việt Nam nhiều cửa hàng trên toàn quốc có bán máy đọc sách Onyx Boox Page chính hãng. Sản phẩm trang bị đội ngũ nhân viên am hiểu về sản phẩm và luôn sẵn sàng tư vấn cho bạn khi cần thiết. Cửa hàng thường xuyên có các chương trình khuyến mãi hấp dẫn dành cho các thiết bị khác nhau, giúp bạn tiết kiệm tối đa chi phí khi mua máy đọc sách Onyx Boox Page tại CellphoneS. Bạn có thể đến trực tiếp cửa hàng gần nơi mình ở hoặc mua hàng online trên website của cửa hàng để đáp ứng nhu cầu đọc sách của bản thân.","{""Màn hình"": [{""name"": ""Kích thước màn hình"", ""value"": ""7.0 inches""}, {""name"": ""Tính năng màn hình"", ""value"": ""Màn hình Eink Carta 1200 7 inch HD\n1680 × 1264 (300 dpi)""}], ""Vi xử lý & đồ họa"": [{""name"": ""Chipset"", ""value"": ""Qualcomm Octa-core""}], ""RAM & lưu trữ"": [{""name"": ""Dung lượng RAM"", ""value"": ""3 GB""}, {""name"": ""Bộ nhớ trong"", ""value"": ""32 GB""}, {""name"": ""Khe cắm thẻ nhớ"", ""value"": ""MicroSD(TF)""}], ""Pin & công nghệ sạc"": [{""name"": ""Pin"", ""value"": ""2300 mAh""}, {""name"": ""Cổng sạc"", ""value"": ""USB Type-C""}], ""Tính năng khác"": [{""name"": ""Hệ điều hành"", ""value"": ""Android 11""}], ""Kích thước & Trọng lượng"": [{""name"": ""Kích thước"", ""value"": ""156 × 137 × 6 mm""}, {""name"": ""Trọng lượng"", ""value"": ""195g""}], ""Cổng kết nối"": [{""name"": ""Wi-Fi"", ""value"": ""WiFi (2.4GHz + 5GHz)""}, {""name"": ""Bluetooth"", ""value"": ""v5.0""}], ""Thông số khác"": [{""name"": ""Công nghệ - Tiện ích"", ""value"": ""TTS, Ghi chú, Viết nguệch ngoạc, Từ điển, Lịch""}, {""name"": ""Tiện ích khác"", ""value"": ""Đèn nền 2 chế độ (Ấm + Lạnh)""}]}","[""https://cdn2.cellphones.com.vn/x/media/catalog/product/m/a/may-doc-sach-onyx-boox-page_1_.png"", ""https://cdn2.cellphones.com.vn/x/media/catalog/product/m/a/may-doc-sach-onyx-boox-page_2_.png"", ""https://cdn2.cellphones.com.vn/x/media/catalog/product/m/a/may-doc-sach-onyx-boox-page_3_.png"", ""https://cdn2.cellphones.com.vn/x/media/catalog/product/m/a/may-doc-sach-onyx-boox-page_4_.png"", ""https://cdn2.cellphones.com.vn/x/media/catalog/product/m/a/may-doc-sach-onyx-boox-page.png""]","{""product_color_1"": {""color"": ""Đen"", ""image_url"": ""https://cdn2.cellphones.com.vn/insecure/rs:fill:50:50/q:90/plain/https://cellphones.com.vn/media/catalog/product/m/a/may-doc-sach-onyx-boox-page_1__2.png"", ""image_url_display"": ""https://cellphones.com.vn/media/catalog/product/m/a/may-doc-sach-onyx-boox-page_1__2.png"", ""product_url"": ""https://cellphones.com.vn/may-doc-sach-onyx-boox-page.html?product_id=81074"", ""price"": ""6.590.000₫""}}"
Máy đọc sách Boox Go Color 7,may-doc-sach-boox-go-color-7,8.590.000đ,7.590.000đ,"Đặc điểm nổi bật
Máy đọc sách Boox Go Color 7 được trang bị màn hình Eink Kaleido 3 kích thước 7 inch cùng kính phủ chống lóa triện lợi. Máy còn hoạt động ổn định với con chip Qualcomm Octa-core 2.4 Ghz cùng RAM 4GB. Đặc biệt máy đọc sách Boox này còn sở hữu màn hình cảm ứng điện dung cùng viên pin lớn 2300mAh.
Nội dung chính
1. Máy đọc sách Boox Go Color 7 – Màn hình cảm ứng tiện lợi, cấu hình ổn định
1.1. Hiển thị sống động với màn hình 7 inch cùng công nghệ Kaleido
1.2. Thiết kế gọn nhẹ, màn hình 7.8 inch tối ưu
1.3. Cấu hình ổn với Qualcomm Octa-core 2.4 Ghz cùng RAM 4GB
2. Mua máy đọc sách Boox Go Color 7 chính hãng tại CellphoneS
Máy đọc sách Boox Go Color 7 – Màn hình cảm ứng tiện lợi, cấu hình ổn định
Boox Go Color 7 là mẫu máy cảm ứng được trang bị màn hình tiện lợi hỗ trợ hiển thị. Cùng với đó sản phẩm còn sở hữu cấu hình tối ưu giúp mang lại trải nghiệm đọc sáng mượt mà.
Hiển thị sống động với màn hình 7 inch cùng công nghệ Kaleido
Máy đọc sách Boox Go Color 7 với màn hình màu E-Ink Kaleido 3 giúp mang lại cho người dùng trải nghiệm hình ảnh chất lượng. Công nghệ Kaleido trên màn hình giúp mang lại những đột phá về hiển thị trên thiết bị. Cụ thể, máy cho khả năng hiển thị màu sắc rực rõ hơn so với những dòng máy đọc sách đen trắng thông thường khác.
>> Sản phẩm tham khảo: New Kindle gen 11 - Tích hợp Dark Mode, giảm ánh sáng xanh bảo vệ mắt buổi tối.
Bên cạnh đó, Boox Go Color 7 cũng hỗ trợ tùy chỉnh sắc độ màu tiện lợi cũng như đèn nền theo nhu cầu. Nhờ đó máy giúp người đọc có những trải nghiệm đọc tối ưu trong nhiều điều kiện ánh sáng. Không chỉ tối ưu trong hiển thị hình ảnh, máy đọc sách Boox Go Color 7 còn sở hữu tính năng chuyển đổi nhanh chóng văn bản thành gọi nói hoàn toàn miễn phí. Nhờ đó người dùng có thể trải nghiệm được nội dung khi không rảnh tay như lái xe hay làm việc nhà.
Thiết kế gọn nhẹ, màn hình 7.8 inch tối ưu
Boox Go Color 7 được trang bị một thiết kế tinh tế, hiện đại cùng 2 màu trắng và đen. Máy với kích thước nhỏ gọn chỉ 156x137x6.4mm cùng trọng lượng khoảng 190g gọn nhẹ dễ dàng di động. Thiết kế tối ưu này giúp mang lại trải nghiệm sử dụng cầm nắm dễ dàng và thoải mái.
Máy với màn hình 7.8 inch giúp mang lại khả năng hiển thị rộng cùng với đó là lớp phủ chống lóa. Phần ngoài máy đọc sách được hoàn thiện từ chất liệu cao cấp cũng như góc cạnh thiết kế bo tròn. Máy đọc sách còn được trang bị hết thống nút bấm với nút nguồn và nút chuyển trang tiện lợi.
Cấu hình ổn với Qualcomm Octa-core 2.4 Ghz cùng RAM 4GB
Máy đọc sách Boox Go Color 7 sở hữu cấu hình mang lại trải nghiệm sử dụng ổn định với con chip Qualcomm Octa-core 2.4 Ghz cùng với bộ nhớ RAM 4GB. Cùng với viên pin dung lượng 2300mAh giúp người dùng có thể sử dụng máy đọc sách lâu dài. Máy với dung lượng lớn hỗ trợ người dùng lưu trữ đến hàng hàng ebook và tài liệu. Đặc biệt, máy đọc sách này cũng có thể mở rộng bộ nhớ qua thẻ nhớ mở rộng.
Mua máy đọc sách Boox Go Color 7 chính hãng tại CellphoneS
Máy đọc sách Boox Go Color 7 là sản phẩm hỗ trợ người dùng đọc tài liệu từ nhiều định dạng tiện lợi. Nếu đang tìm kiếm mẫu máy đọc sách chất lượng hãy tham khảo Boox Go Color 7. Hiện sản phẩm được bán chính hãng tại hệ thống CellphoneS, khách mua hàng tại đây sẽ nhận được nhiều ưu đãi mua hàng hấp dẫn, đặc biệt trong các dịp khuyến mãi lớn như Blackfriday hay sale Tết.
Kindle 2024 tích hợp Dark Mode, giảm ánh sáng xanh bảo vệ mắt buổi tối.","{""Màn hình"": [{""name"": ""Kích thước màn hình"", ""value"": ""7.0 inches""}, {""name"": ""Độ phân giải màn hình"", ""value"": ""1680x1264 pixels""}, {""name"": ""Tính năng màn hình"", ""value"": ""Màn hình 7\"" Eink Kaleido 3 Carta 1200 phủ kính chống lóa\n1680x1264 (300 ppi đen trắng, 150 ppi màu）""}], ""RAM & lưu trữ"": [{""name"": ""Dung lượng RAM"", ""value"": ""4 GB""}, {""name"": ""Bộ nhớ trong"", ""value"": ""64 GB""}, {""name"": ""Khe cắm thẻ nhớ"", ""value"": ""Thẻ microSD(tối đa 2 T)""}], ""Pin & công nghệ sạc"": [{""name"": ""Pin"", ""value"": ""2300mAh""}, {""name"": ""Cổng sạc"", ""value"": ""USB Type-C""}], ""Tính năng khác"": [{""name"": ""Hệ điều hành"", ""value"": ""Android 12""}], ""Bộ xử lý & Đồ họa"": [{""name"": ""Loại CPU"", ""value"": ""Qualcomm Octa-core 2.4 Ghz""}], ""Kích thước & Trọng lượng"": [{""name"": ""Kích thước"", ""value"": ""156 x 137 x 6.4 mm""}, {""name"": ""Trọng lượng"", ""value"": ""190g""}], ""Cổng kết nối"": [{""name"": ""Wi-Fi"", ""value"": ""2.4GHz + 5GHz""}, {""name"": ""Bluetooth"", ""value"": ""v5.0""}], ""Thông số khác"": [{""name"": ""Công nghệ - Tiện ích"", ""value"": ""Đèn nền 2 chế độ (Ấm + Lạnh)""}, {""name"": ""Tiện ích khác"", ""value"": ""TTS, Ghi chú, Highlight, Từ điển, Lịch""}]}","[""https://cdn2.cellphones.com.vn/x/media/catalog/product/m/a/may-doc-sach-boox-go-color-7_3_.png"", ""https://cdn2.cellphones.com.vn/x/media/catalog/product/m/a/may-doc-sach-boox-go-color-7.png"", ""https://cdn2.cellphones.com.vn/x/media/catalog/product/m/a/may-doc-sach-boox-go-color-7_5_.png"", ""https://cdn2.cellphones.com.vn/x/media/catalog/product/m/a/may-doc-sach-boox-go-color-7_4_.png"", ""https://cdn2.cellphones.com.vn/x/media/catalog/product/m/a/may-doc-sach-boox-go-color-7_6_.png"", ""https://cdn2.cellphones.com.vn/x/media/catalog/product/m/a/may-doc-sach-boox-go-color-7_2_.png"", ""https://cdn2.cellphones.com.vn/x/media/catalog/product/m/a/may-doc-sach-boox-go-color-7_1_.png""]","{""product_color_1"": {""color"": ""Đen"", ""image_url"": ""https://cdn2.cellphones.com.vn/insecure/rs:fill:50:50/q:90/plain/https://cellphones.com.vn/media/catalog/product/m/a/may-doc-sach-boox-go-color-7_3__1.png"", ""image_url_display"": ""https://cellphones.com.vn/media/catalog/product/m/a/may-doc-sach-boox-go-color-7_3__1.png"", ""product_url"": ""https://cellphones.com.vn/may-doc-sach-boox-go-color-7.html?product_id=92955"", ""price"": ""7.590.000₫""}, ""product_color_2"": {""color"": ""Trắng"", ""image_url"": ""https://cdn2.cellphones.com.vn/insecure/rs:fill:50:50/q:90/plain/https://cellphones.com.vn/media/catalog/product/m/a/may-doc-sach-boox-go-color-7_1.png"", ""image_url_display"": ""https://cellphones.com.vn/media/catalog/product/m/a/may-doc-sach-boox-go-color-7_1.png"", ""product_url"": ""https://cellphones.com.vn/may-doc-sach-boox-go-color-7.html?product_id=92956"", ""price"": ""7.590.000₫""}}"
Máy đọc sách Boox Go 6,may-doc-sach-boox-go-6,5.490.000đ,4.390.000đ,"Đặc điểm nổi bật
Máy đọc sách Boox Go 6 sở hữu kích thước màn hình 6 inch, độ mỏng 6.8mm cùng khối lượng chỉ 146g hỗ trợ người dùng có thể di chuyển đến mọi nơi dễ dàng. Thiết bị đi kèm công nghệ E-ink Carta 1300 với hình ảnh 300dpi mang đến trải nghiệm đọc sách thoải mái. Ngoài ra, dòng máy đọc sách Boox này còn được tích hợp 2 chế độ đèn nền Ấm và Lạnh cùng viên pin 1500mAh. 
Nội dung chính
1. Máy đọc sách Boox Go 6 - Kiểu dáng mỏng nhẹ với màn hình chống mỏi mắt hiệu quả
1.1. Thiết kế mỏng nhẹ với bao da từ tính an toàn
1.2. Màn hình sắc nét, mang đến trải nghiệm thân thiện với mắt
1.3. Cá nhân hóa chế độ đọc sách với bộ công cụ tiện dụng
1.4. Hệ điều hành Android mở, tải app Google Play mượt mà
2. Mua ngay Máy đọc sách Boox Go 6 chính hãng tại CellphoneS
Máy đọc sách Boox Go 6 - Kiểu dáng mỏng nhẹ với màn hình chống mỏi mắt hiệu quả
Máy đọc sách Boox Go 6 nổi bật với kiểu dáng mỏng nhẹ nên bạn có thể dễ dàng cầm nắm trên tay cũng như mang theo trong những chuyến công tác xa. Đặc biệt hơn, máy đọc sách nhà Boox còn mang đến trải nghiệm đọc sách thân thiện với thị lực của bạn nhờ có công nghệ hình ảnh tiên tiến. 
Thiết kế mỏng nhẹ với bao da từ tính an toàn
Máy đọc sách của thương hiệu Boox được ưa chuộng ở kiểu dáng nhỏ gọn nhằm hỗ trợ người dùng có thể đọc sách trong thời gian dài mà không cảm thấy mỏi tay. Tổng khối lượng của máy đọc sách chỉ nhẹ khoảng 146g kết hợp với độ mỏng 6.8mm nên bạn cũng có thể đặt gọn trong balo hay túi xách.
Xem thêm: Máy đọc sách Kindle Basic 2024 gọn nhẹ tiện lợi
Đi kèm với máy đọc sách Boox là bao da từ chất liệu da PU cao cấp mang đến khả năng chống sốc toàn diện cho thiết bị. Đặc biệt hơn, bao da còn tích hợp khóa từ tính và tính năng wake-up giúp bạn truy cập vào máy đọc sách tiện lợi. 
Màn hình sắc nét, mang đến trải nghiệm thân thiện với mắt
Màn hình của máy đọc sách Boox sử dụng công nghệ E-ink Carta 1300 tiên tiến mang đến trải nghiệm đọc sách tương tự như giấy thật. Đặc biệt hơn, độ phân giải màn hình đạt đến 300ppi đảm bảo mọi ký tự hiển thị trên khung hình luôn được sắc nét.
Bên trong màn hình của thiết bị nhà Boox là 2 chế độ đèn nền Ấm và Lạnh nên bạn có thể tùy chỉnh phù hợp với mọi điều kiện ánh sáng. Với màn hình sử dụng công nghệ E-ink tiên tiến cùng 2 chế độ đèn nền, bạn có thể thoải mái đọc sách trong nhiều giờ mà không bị mỏi mắt. 
Cá nhân hóa chế độ đọc sách với bộ công cụ tiện dụng
Máy đọc sách Boox Go 6 cho phép người dùng cá nhân hóa trải nghiệm đọc sách một cách linh hoạt và tiện lợi nhờ vào bộ công cụ đa dạng. Với trình đọc thông minh NeoReader, bạn có thể tùy chỉnh nhiều yếu tố hiển thị như cỡ chữ, phông nền và độ sáng, giúp phù hợp với sở thích cá nhân.
Ngoài ra, tính năng Menu Word cho phép người dùng đánh dấu trang, chú thích nội dung và lưu lại những điểm quan trọng trong quá trình đọc. Điều này giúp tối ưu hóa trải nghiệm, mang đến sự tiện dụng và thoải mái cho người dùng trong mọi tình huống.
Hệ điều hành Android mở, tải app Google Play mượt mà
Đi kèm với chiếc máy đọc sách Boox là hệ điều hành mở Android mang đến khả năng cài đặt các ứng dụng yêu thích. Theo đó, bạn có thể tận hưởng những cuốn sách yêu thích hay đọc tin tức, nghe podcast và những ứng dụng khác có trong cửa hàng Google Play.
Nhờ có CPU mạnh mẽ, chiếc máy đọc sách đảm bảo mọi trải nghiệm đọc, lướt web hay nghe podcast của bạn luôn được mượt mà. Viên pin 1500mAh mang đến thời gian đọc sách lâu dài chỉ trong 1 lần sạc. Máy đọc sách Boox cũng cung cấp bộ nhớ đám mây đến 10GB giúp bạn lưu lại mọi cuốn sách yêu thích. 
Mua ngay Máy đọc sách Boox Go 6 chính hãng tại CellphoneS
Máy đọc sách Boox Go 6 mang đến trải nghiệm đọc sách chân thực cũng như hỗ trợ người dùng cầm nắm dễ dàng nhờ có kiểu dáng mỏng nhẹ. Khi đặt mua máy đọc sách Boox chính hãng tại CellphoneS, bạn sẽ nhận được chương trình khuyến mãi hấp dẫn dành cho Smember. Chọn mua ngay máy đọc sách Boox Go 6 tại CellphoneS nhé!","{""Màn hình"": [{""name"": ""Kích thước màn hình"", ""value"": ""6.0 inches""}, {""name"": ""Độ phân giải màn hình"", ""value"": ""1448x1072 pixels""}, {""name"": ""Tính năng màn hình"", ""value"": ""Màn hình 6\"" Eink Carta 1300 phủ kính chống lóa\n300 dpi""}], ""RAM & lưu trữ"": [{""name"": ""Dung lượng RAM"", ""value"": ""2 GB""}, {""name"": ""Bộ nhớ trong"", ""value"": ""32 GB""}, {""name"": ""Khe cắm thẻ nhớ"", ""value"": ""Hỗ trợ thẻ nhớ MicroSD""}], ""Pin & công nghệ sạc"": [{""name"": ""Pin"", ""value"": ""1500mAh""}, {""name"": ""Cổng sạc"", ""value"": ""USB Type-C""}], ""Tính năng khác"": [{""name"": ""Hệ điều hành"", ""value"": ""Android 11""}], ""Bộ xử lý & Đồ họa"": [{""name"": ""Loại CPU"", ""value"": ""Qualcomm 2.0G Octa-core""}], ""Kích thước & Trọng lượng"": [{""name"": ""Kích thước"", ""value"": ""148 x 108 x 6.8 mm""}, {""name"": ""Trọng lượng"", ""value"": ""146 g""}], ""Cổng kết nối"": [{""name"": ""Wi-Fi"", ""value"": ""2.4GHz + 5GHz""}], ""Thông số khác"": [{""name"": ""Công nghệ - Tiện ích"", ""value"": ""Đèn nền 2 chế độ""}, {""name"": ""Tiện ích khác"", ""value"": ""TTS, Từ điển, Lịch,v.v""}]}","[""https://cdn2.cellphones.com.vn/x/media/catalog/product/m/a/may-doc-sach-boox-go-6_3_.png"", ""https://cdn2.cellphones.com.vn/x/media/catalog/product/m/a/may-doc-sach-boox-go-6_4_.png"", ""https://cdn2.cellphones.com.vn/x/media/catalog/product/m/a/may-doc-sach-boox-go-6_1_.png"", ""https://cdn2.cellphones.com.vn/x/media/catalog/product/m/a/may-doc-sach-boox-go-6.png"", ""https://cdn2.cellphones.com.vn/x/media/catalog/product/m/a/may-doc-sach-boox-go-6_2_.png"", ""https://cdn2.cellphones.com.vn/x/media/catalog/product/m/a/may-doc-sach-boox-go-6_5_.png""]","{""product_color_1"": {""color"": ""Đen"", ""image_url"": ""https://cdn2.cellphones.com.vn/insecure/rs:fill:50:50/q:90/plain/https://cellphones.com.vn/media/catalog/product/m/a/may-doc-sach-boox-go-6_3__2.png"", ""image_url_display"": ""https://cellphones.com.vn/media/catalog/product/m/a/may-doc-sach-boox-go-6_3__2.png"", ""product_url"": ""https://cellphones.com.vn/may-doc-sach-boox-go-6.html?product_id=92950"", ""price"": ""4.390.000₫""}}"
Máy đọc sách Onyx Boox Poke5 2024,may-doc-sach-onyx-boox-poke-5,6.090.000đ,4.290.000đ,"Đặc điểm nổi bật
Máy đọc sách Onyx Boox Poke 5 có độ phân giải cao 300PPI mang đến hình ảnh sắc nét, đèn nền DC với 64 cấp độ điều chỉnh ánh sáng phù hợp với môi trường. Máy được trang bị chip Qualcomm lõi tứ mạnh mẽ cùng 2GB RAM và 32GB ROM, cho phép bạn xử lý đa nhiệm mượt mà và lưu trữ lượng lớn sách điện tử. Dung lượng lưu trữ còn có thể mở rộng lên đến 1TB bằng thẻ nhớ microSD hoặc ổ flash USB-C, đáp ứng nhu cầu lưu trữ ngày càng cao của người dùng. Với viên pin 1500mAh, sản phẩm máy đọc sách Boox cho thời gian sử dụng lên đến 1 tháng (tùy theo nhu cầu sử dụng), giúp bạn đọc sách liên tục mà không lo hết pin.
Nội dung chính
1. Máy đọc sách Onyx Boox Poke 5 - Trang bị chip Qualcomm lõi tứ mạnh mẽ 
1.1. Trang bị chip Qualcomm ổn định và mạnh mẽ 
1.2. Thiết kế nhỏ gọn, tiện lợi
1.3. Dung lượng pin lớn 1500 mAh
2. Mua máy đọc sách Onyx Boox Poke 5 giá tốt tại CellphoneS
Máy đọc sách Onyx Boox Poke 5 - Trang bị chip Qualcomm lõi tứ mạnh mẽ 
Máy đọc sách Onyx Boox Poke 5 là lựa chọn cho những ai yêu thích đọc sách và muốn trải nghiệm đọc sách như đọc sách giấy. Với thiết kế nhỏ gọn, hiệu năng mạnh mẽ, và nhiều tính năng hữu ích hứa hẹn mang đến cho bạn những giờ phút đọc sách thư giãn và ấn tượng.
Trang bị chip Qualcomm ổn định và mạnh mẽ 
Máy được trang bị chip Qualcomm lõi tứ mạnh mẽ cùng 2GB RAM và 32GB ROM, cho phép bạn xử lý đa nhiệm mượt mà và lưu trữ lượng lớn sách điện tử. Dung lượng lưu trữ bạn còn còn có thể mở rộng lên đến 1TB bằng thẻ nhớ microSD hoặc ổ flash USB-C, đáp ứng nhu cầu lưu trữ ngày càng cao của người dùng.
Xem thêm: Kindle Basic 2024 máy đọc sách Kindle nhỏ gọn tiện lợi
NeoReader được cài đặt sẵn trên máy đọc sách Onyx Boox Poke 5 hỗ trợ nhiều định dạng sách điện tử phổ biến như EPUB, MOBI, TXT, CBR,... Giờ đây, bạn sẽ dễ dàng mang theo cả thư viện sách yêu thích mọi lúc mọi nơi. NeoReader còn tích hợp các tính năng đánh dấu, chú thích và chia sẻ giúp bạn ghi lại những khoảnh khắc đọc sách thú vị và chia sẻ với bạn bè.
Thiết kế nhỏ gọn, tiện lợi
Boox Poke 5 sở hữu kích thước màn hình 6 inch nhỏ gọn, cùng thiết kế tinh tế, ôm sát tay cầm, chất liệu cao cấp mang đến cảm giác thoải mái khi sử dụng trong thời gian dài. Nhờ cấu trúc bên trong được tối ưu hóa, có tỷ lệ màn hình so với thân máy ấn tượng, giúp bạn tập trung tối đa vào nội dung đọc mà không bị phân tâm bởi viền bezel quá dày.
Máy đọc sách Onyx Boox Poke 5 có màn hình E-Ink Carta 1300 tiên tiến với độ phân giải cao 300PPI, mang đến hình ảnh sắc nét, sống động như đọc sách giấy. Màn hình còn được tích hợp đèn nền DC với 64 cấp độ màu ấm và lạnh khác nhau, giúp bạn điều chỉnh ánh sáng phù hợp với môi trường xung quanh, bảo vệ mắt và mang lại trải nghiệm đọc sách thoải mái hơn.
Dung lượng pin lớn 1500 mAh
Với viên pin lên đến 1500mAh, Poke 5 cho thời gian sử dụng lên đến 1 tháng (tùy theo nhu cầu sử dụng), giúp bạn đọc sách liên tục mà không lo hết pin. Hệ điều hành Android 11 mở cho phép bạn cài đặt các ứng dụng từ bên thứ ba như Kobo, Kindle,... để truy cập kho sách khổng lồ và tận hưởng nhiều tính năng đọc sách hấp dẫn khác.
Thiết bị có tính năng tối ưu sắc độ tối cấp hệ thống, giúp điều chỉnh độ sáng màn hình và nhiệt độ màu tự động theo điều kiện ánh sáng xung quanh. Từ đó, máy đọc sách Onyx Boox Poke 5 giúp dễ dàng bảo vệ mắt và mang lại trải nghiệm đọc sách thoải mái, đặc biệt khi đọc sách trong điều kiện thiếu sáng hoặc vào lúc ban đêm.
Mua máy đọc sách Onyx Boox Poke 5 giá tốt tại CellphoneS
Hãy đến CellphoneS để mua máy đọc sách Onyx Boox Poke 5 chất lượng cao, giá cả minh bạch. Bên cạnh đó là cam kết cung cấp cho khách hàng những sản phẩm chính hãng, giúp bạn yên tâm mua sắm.
Sản phẩm được làm từ chất liệu cao cấp, thiết kế thân thuộc, mang đến cảm giác thoải mái khi sử dụng trong thời gian dài. Đội ngũ nhân viên chuyên nghiệp tại CellphoneS luôn hỗ trợ và giải đáp những câu hỏi của khách hàng về sản phẩm, và bạn có thể đến trực tiếp hay mua hàng online thông qua website chính thức.","{""Màn hình"": [{""name"": ""Kích thước màn hình"", ""value"": ""6.0 inches""}, {""name"": ""Tính năng màn hình"", ""value"": ""Màn hình 6\"" Eink Carta 1300, 300 ppi""}], ""Vi xử lý & đồ họa"": [{""name"": ""Chipset"", ""value"": ""Qualcomm 2.4 Ghz Octa-core""}], ""RAM & lưu trữ"": [{""name"": ""Dung lượng RAM"", ""value"": ""2 GB""}, {""name"": ""Bộ nhớ trong"", ""value"": ""32 GB""}], ""Pin & công nghệ sạc"": [{""name"": ""Pin"", ""value"": ""1500mAh""}, {""name"": ""Cổng sạc"", ""value"": ""USB Type-C""}], ""Tính năng khác"": [{""name"": ""Hệ điều hành"", ""value"": ""Android 11""}], ""Kích thước & Trọng lượng"": [{""name"": ""Kích thước"", ""value"": ""148 x 108 x 6,8mm""}, {""name"": ""Trọng lượng"", ""value"": ""160g""}], ""Cổng kết nối"": [{""name"": ""Wi-Fi"", ""value"": ""Wi-Fi (2.4GHz + 5GHz)""}, {""name"": ""Bluetooth"", ""value"": ""v5.0""}], ""Thông số khác"": [{""name"": ""Công nghệ - Tiện ích"", ""value"": ""TTS, Ghi chú, Viết nguệch ngoạc, Từ điển, Lịch""}, {""name"": ""Tiện ích khác"", ""value"": ""Đèn nền 2 chế độ (Ấm + Lạnh)""}]}","[""https://cdn2.cellphones.com.vn/x/media/catalog/product/m/a/may-doc-sach-onyx-boox-note-air-3_6_.png"", ""https://cdn2.cellphones.com.vn/x/media/catalog/product/m/a/may-doc-sach-onyx-boox-poke-5.png""]","{""product_color_1"": {""color"": ""Xám"", ""image_url"": ""https://cdn2.cellphones.com.vn/insecure/rs:fill:50:50/q:90/plain/https://cellphones.com.vn/media/catalog/product/p/h/photo_2024-07-02_09-47-52.jpg"", ""image_url_display"": ""https://cellphones.com.vn/media/catalog/product/p/h/photo_2024-07-02_09-47-52.jpg"", ""product_url"": ""https://cellphones.com.vn/may-doc-sach-onyx-boox-poke-5.html?product_id=81221"", ""price"": ""4.290.000₫""}}"
Máy đọc sách Boox Tab X C 13.3 inch,may-doc-sach-boox-tab-x-c-13-3-inch,N/A,N/A,"Đặc điểm nổi bật
Máy đọc sách Boox Tab X C 13.3 inch với màn hình Eink Kaleido 3, vi xử lý 8 nhân 2.8GHz 6GB RAM và bộ nhớ 128GB mang tới hiệu suất hoạt động vượt trội. Thiết bị tích hợp công nghệ BOOX Super Refresh giúp cải thiện hiệu suất làm mới và chất lượng hình ảnh. Mẫu máy đọc sách Boox này còn hỗ trợ Google Play Store, bàn phím ngoài và bút InkSpire sạc từ tính.
Nội dung chính
1. Máy đọc sách Boox Tab X C 13.3 inch - Công cụ dành cho việc sáng tạo
1.1. Hiệu năng mạnh mẽ, xử lý mượt mà
1.2. Màn hình rõ nét, dịu nhẹ cho mắt
1.3. Làm việc, sáng tạo không giới hạn
2. Mua ngay máy đọc sách Boox Tab X C 13.3 inch chính hãng tại CellphoneS
Máy đọc sách Boox Tab X C 13.3 inch - Công cụ dành cho việc sáng tạo
Sở hữu màn hình lớn cùng hiệu năng mạnh mẽ, Boox Tab X C 13.3 inch hướng đến người dùng chuyên nghiệp xử lý tài liệu hoặc ghi chú trên màn hình rộng. Thiết bị là sự kết hợp giữa trải nghiệm đọc sách điện tử và công cụ làm việc tiện lợi.
Hiệu năng mạnh mẽ, xử lý mượt mà
Máy đọc sách Boox Tab X C 13.3 inch sở hữu chip xử lý 8 nhân 2.8GHz, mang lại hiệu năng mạnh mẽ, giúp xử lý đa nhiệm và các tác vụ nặng một cách mượt mà. Thiết bị vận hành ổn định, cho phép chuyển đổi linh hoạt giữa các tác vụ, từ đó tối ưu trải nghiệm làm việc liền mạch.
>> Sản phẩm tham khảo: New Kindle gen 11 - Lựa chọn thông minh cho người mê sách và công nghệ.
Với 6GB RAM cùng bộ nhớ trong 128GB, máy dễ dàng đáp ứng nhu cầu lưu trữ và vận hành mượt mà các ứng dụng phức tạp. Hệ điều hành Android 13 giúp máy hoạt động ổn định, mang đến trải nghiệm làm việc liên tục, mượt mà, không bị gián đoạn.
Màn hình rõ nét, dịu nhẹ cho mắt
Máy đọc sách Boox Tab X C sở hữu màn hình Eink Kaleido 3 có kích thước 13.3 inch, giúp cho trải nghiệm đọc và làm việc được thoải mái hơn. Công nghệ E Ink ComfortGlaze với đèn nền tuỳ chỉnh mang tới sự thoải mái cho mắt dù sử dụng ban ngày hay đêm.
Mẫu máy đọc sách của Boox này còn được tích hợp công nghệ BOOX Super Refresh giúp cải thiện hiệu suất làm mới và chất lượng hình ảnh. Với độ phân giải kép 300PPI + 150PPI, mọi chi tiết của văn bản và hình ảnh đều được hiển thị sắc nét.
Làm việc, sáng tạo không giới hạn
Smart Scribe là công nghệ giúp ghi chú trực tiếp trên màn hình ePaper một cách mượt mà và tự nhiên. Người dùng có thể viết, vẽ hoặc chỉnh sửa nhanh chóng mà không lo bị gián đoạn. Với Smart Scribe của máy đọc sách Boox Tab X C 13.3 inch, mọi ý tưởng đều được lưu giữ dễ dàng, nhanh chóng và chính xác.
Boox còn trang bị kèm cho mẫu máy đọc sách này bút cảm ứng InkSpire Active Stylus để các tác vụ vẽ, viết được thực hiện tiện lợi. Thiết bị cũng hỗ trợ kết nối với bàn phím không dây để hỗ trợ nhu cầu làm việc, học tập tốt hơn.
Mua ngay máy đọc sách Boox Tab X C 13.3 inch chính hãng tại CellphoneS
Máy đọc sách Boox Tab X C 13.3 inch đã có thể tìm mua tại nhiều cửa hàng CellphoneS trên cả nước. Mua ngay sản phẩm chính hãng tại CellphoneS để tận hưởng ưu đãi hấp dẫn cùng chính sách bảo hành uy tín.
Các đơn hàng online còn được CellphoneS hỗ trợ giao hàng miễn phí trên toàn quốc. Kèm theo đó là nhiều phương thích trả góp, giúp khách hàng nhanh chóng sở hữu mẫu máy đọc sách này.","{""Màn hình"": [{""name"": ""Kích thước màn hình"", ""value"": ""13.3 inches""}, {""name"": ""Tính năng màn hình"", ""value"": ""Eink Kaleido 3 phẳng có Boox Super Refresh\n1404x1872 (300 dpi đen trắng, 150 dpi màu""}], ""RAM & lưu trữ"": [{""name"": ""Dung lượng RAM"", ""value"": ""6 GB""}, {""name"": ""Bộ nhớ trong"", ""value"": ""128 GB""}], ""Pin & công nghệ sạc"": [{""name"": ""Pin"", ""value"": ""5500mAh""}, {""name"": ""Cổng sạc"", ""value"": ""USB Type-C""}], ""Tính năng khác"": [{""name"": ""Hệ điều hành"", ""value"": ""Android 13""}], ""Bộ xử lý & Đồ họa"": [{""name"": ""Loại CPU"", ""value"": ""Qualcomm Octa-core 2.8 GHz""}], ""Kích thước & Trọng lượng"": [{""name"": ""Kích thước"", ""value"": ""287.5x243x5.5mm""}, {""name"": ""Trọng lượng"", ""value"": ""625g""}], ""Cổng kết nối"": [{""name"": ""Wi-Fi"", ""value"": ""WiFi (2.4GHz + 5GHz)""}, {""name"": ""Bluetooth"", ""value"": ""BT 5.0""}], ""Thông số khác"": [{""name"": ""Công nghệ - Tiện ích"", ""value"": ""Đèn nền 2 chế độ (Ấm + Lạnh)\nCảm ứng điện dung+ Bút InkSpire Active Stylus""}]}","[""https://cdn2.cellphones.com.vn/x/media/catalog/product/m/a/may-doc-sach-boox-tab-x-c-13-3-inch_1_.png"", ""https://cdn2.cellphones.com.vn/x/media/catalog/product/m/a/may-doc-sach-boox-tab-x-c-13-3-inch_2_.png"", ""https://cdn2.cellphones.com.vn/x/media/catalog/product/m/a/may-doc-sach-boox-tab-x-c-13-3-inch_4_.png"", ""https://cdn2.cellphones.com.vn/x/media/catalog/product/m/a/may-doc-sach-boox-tab-x-c-13-3-inch.png"", ""https://cdn2.cellphones.com.vn/x/media/catalog/product/m/a/may-doc-sach-boox-tab-x-c-13-3-inch_5_.png"", ""https://cdn2.cellphones.com.vn/x/media/catalog/product/m/a/may-doc-sach-boox-tab-x-c-13-3-inch_3_.png""]",{}
Máy đọc sách Boox Go 7,may-doc-sach-boox-go-7,N/A,N/A,"Đặc điểm nổi bật
Máy đọc sách Boox Go 7 sở hữu màn hình Eink Carta 1300 kích thước 7 inch mật độ điểm ảnh 300 PPI siêu sắc nét, cho trải nghiệm đọc rõ ràng như trên giấy thật. Sản phẩm máy đọc sách Boox có thiết kế siêu mỏng chỉ 6.4 mm, trọng lượng nhẹ 195g và tích hợp nút lật trang vật lý tiện lợi. Sản phẩm chạy hệ điều hành Android 13, cho phép cài đặt đa dạng ứng dụng phục vụ việc đọc sách, học tập và hỗ trợ ghi chú mượt mà với bút BOOX InkSense.
Nội dung chính
1. Máy đọc sách Boox Go 7 - Màn hình nhạy bén, hiệu năng mượt mà
1.1. Đọc sách mọi lúc nhờ thiết kế tối ưu
1.2. Gấp đôi màn hình, nhân đôi trải nghiệm
1.3. Trải nghiệm như đọc như trên giấy
1.4. Đèn nền linh hoạt màn hình tối ưu
2. Mua máy đọc sách Boox Go 7 chính hãng tại CellphoneS
Máy đọc sách Boox Go 7 - Màn hình nhạy bén, hiệu năng mượt mà
Máy đọc sách Boox Go 7 chinh phục người dùng nhờ sự kết hợp giữa công nghệ tiên tiến và thiết kế tối giản, mang lại trải nghiệm sử dụng linh hoạt. Đây là thiết bị lý tưởng cho ai đề cao sự tiện lợi, hiệu quả và đam mê khám phá tri thức qua từng trang sách điện tử.
Đọc sách mọi lúc nhờ thiết kế tối ưu
Với trọng lượng chỉ 195g và mặt lưng được thiết kế tinh xảo, Boox Go 7 dễ dàng nằm gọn trong lòng bàn tay. Dù đang di chuyển, thư giãn tại quán cà phê hay khám phá thiên nhiên, thiết bị vẫn luôn sẵn sàng hỗ trợ. Người dùng sẽ có trải nghiệm đọc liền mạch, tiện lợi ở bất cứ đâu.
>> Sản phẩm tham khảo: Kindle gen 11 - Giao diện thân thiện, ai cũng dễ dàng sử dụng từ lần đầu.
Thiết kế tối ưu giúp cầm nắm lâu mà không gây mỏi tay là một điểm cộng lớn, đặc biệt hữu ích với những ai thường xuyên đọc trong thời gian dài. Đây là một ưu điểm nổi bật mà không nhiều máy đọc sách đen trắng trên thị trường sở hữu.
Gấp đôi màn hình, nhân đôi trải nghiệm
Người dùng có thể lựa chọn Boox Go 7 với màn hình ePaper màu sắc sống động hoặc phiên bản đen trắng truyền thống. Cả hai phiên bản đều sở hữu thiết kế gọn gàng, hiện đại và mang đến trải nghiệm đọc chân thực như trên giấy. Từng loại màn hình mang lại một phong cách và trải nghiệm đặc trưng, tạo nên sự khác biệt cho người dùng.
Điểm đáng chú ý là màn hình cảm ứng siêu nhạy, giúp việc lật trang, phóng to thu nhỏ hay đánh dấu đoạn văn diễn ra cực kỳ mượt mà. Đây thực sự là nâng cấp đáng giá cho những ai đang tìm kiếm một thiết bị đọc sách hiệu năng tốt và chất lượng cao.
Trải nghiệm như đọc như trên giấy
Màn hình màu của Boox Go 7 sử dụng công nghệ Kaleido 3, hỗ trợ tái hiện 4096 màu dịu nhẹ. Nhờ đó, mỗi trang sách hay truyện tranh đều trở nên sinh động và đầy sức sống. Màn hình này mang lại hình ảnh và văn bản chất lượng cao nhờ độ phân giải 300 PPI cho màu sắc và 150 PPI cho đen trắng, tạo nên một trải nghiệm thị giác tuyệt vời.
Bên cạnh đó, màn hình đen trắng của Boox Go 7 sẽ mang đến trải nghiệm đọc tập trung tối đa. Công nghệ Carta 1300 tăng cường độ tương phản, giúp từng chữ hiển thị sắc nét và rõ ràng. Với độ phân giải 300 PPI, mọi chi tiết đều được tái hiện chân thực, cho phép người dùng hoàn toàn đắm chìm vào từng trang sách.
Đèn nền linh hoạt màn hình tối ưu
Nhờ đèn nền có thể điều chỉnh, người dùng dễ dàng đọc sách trong mọi điều kiện ánh sáng. Hãy chọn ánh sáng ấm cho buổi tối thư giãn, chuyển sang chế độ tối để đọc mà không làm mỏi mắt, hoặc tắt đèn nền hoàn toàn khi thưởng thức sách dưới ánh nắng trực tiếp. Đây là điểm cộng lớn khiến máy đọc sách Boox Go 7 so với các dòng khác.
Đèn nền điều chỉnh linh hoạt giúp bảo vệ mắt và nâng cao trải nghiệm đọc suốt cả ngày. Boox Go 7 nổi bật với độ tương phản được cải thiện rõ rệt, giúp màu đen sâu hơn và màu trắng sáng hơn, tạo nên hình ảnh chân thực hơn khi đọc. Ngoài ra, tốc độ làm mới cao và nhanh mang lại trải nghiệm chuyển đổi trang mượt mà.
Mua máy đọc sách Boox Go 7 chính hãng tại CellphoneS
Mua máy đọc sách Boox Go 7 chính hãng tại CellphoneS là lựa chọn đáng tin cậy với tất cả mọi người. Sản phẩm có đầy để tem mác được bảo hành chính hãng, đảm bảo quyền lợi tối đa cho khách hàng trong suốt quá trình sử dụng. Ngoài ra, CellphoneS còn cung cấp dịch vụ giao hàng nhanh toàn quốc, cùng trả góp 0% lãi suất, giúp khách hàng dễ dàng sở hữu sản phẩm mà không lo về tài chính. Sắm ngay hôm nay để nhận ưu đãi!","{""Màn hình"": [{""name"": ""Kích thước màn hình"", ""value"": ""7.0 inches""}, {""name"": ""Độ phân giải màn hình"", ""value"": ""1448x1072 pixels""}, {""name"": ""Tính năng màn hình"", ""value"": ""Eink Carta 1300 phẳng\n1448x1072 (300 dpi)""}], ""RAM & lưu trữ"": [{""name"": ""Dung lượng RAM"", ""value"": ""4 GB""}, {""name"": ""Bộ nhớ trong"", ""value"": ""64 GB""}], ""Pin & công nghệ sạc"": [{""name"": ""Pin"", ""value"": ""2300mah""}, {""name"": ""Cổng sạc"", ""value"": ""USB Type-C""}], ""Tính năng khác"": [{""name"": ""Hệ điều hành"", ""value"": ""Android 13""}], ""Bộ xử lý & Đồ họa"": [{""name"": ""Loại CPU"", ""value"": ""Qualcomm Octa-core""}], ""Kích thước & Trọng lượng"": [{""name"": ""Kích thước"", ""value"": ""156x137x6.4 mm""}, {""name"": ""Trọng lượng"", ""value"": ""190g""}], ""Cổng kết nối"": [{""name"": ""Wi-Fi"", ""value"": ""WiFi (2.4GHz + 5GHz)""}, {""name"": ""Bluetooth"", ""value"": ""Bluetooth""}], ""Thông số khác"": [{""name"": ""Công nghệ - Tiện ích"", ""value"": ""Đèn nền 2 chế độ (Ấm + Lạnh)\nCảm biến xoay tự động""}, {""name"": ""Tiện ích khác"", ""value"": ""Có nút nguồn, nút bấm chuyển trang""}]}","[""https://cdn2.cellphones.com.vn/x/media/catalog/product/m/a/may-doc-sach-boox-go-7_3_.png"", ""https://cdn2.cellphones.com.vn/x/media/catalog/product/m/a/may-doc-sach-boox-go-7_2_.png"", ""https://cdn2.cellphones.com.vn/x/media/catalog/product/m/a/may-doc-sach-boox-go-7_1_.png"", ""https://cdn2.cellphones.com.vn/x/media/catalog/product/m/a/may-doc-sach-boox-go-7_5_.png"", ""https://cdn2.cellphones.com.vn/x/media/catalog/product/m/a/may-doc-sach-boox-go-7_11_.png"", ""https://cdn2.cellphones.com.vn/x/media/catalog/product/m/a/may-doc-sach-boox-go-7_7_.png"", ""https://cdn2.cellphones.com.vn/x/media/catalog/product/m/a/may-doc-sach-boox-go-7_9_.png"", ""https://cdn2.cellphones.com.vn/x/media/catalog/product/m/a/may-doc-sach-boox-go-7.png"", ""https://cdn2.cellphones.com.vn/x/media/catalog/product/m/a/may-doc-sach-boox-go-7_4_.png"", ""https://cdn2.cellphones.com.vn/x/media/catalog/product/m/a/may-doc-sach-boox-go-7_10_.png"", ""https://cdn2.cellphones.com.vn/x/media/catalog/product/m/a/may-doc-sach-boox-go-7_6_.png"", ""https://cdn2.cellphones.com.vn/x/media/catalog/product/m/a/may-doc-sach-boox-go-7_8_.png""]",{}
Máy đọc sách Boox Go Color 7 Gen 2,may-doc-sach-boox-go-color-7-gen-2,8.990.000đ,8.390.000đ,"Đặc điểm nổi bật
Máy đọc sách Boox Go Color 7 Gen 2 sở hữu màn hình Eink Kaleido 3 7 inch hiển thị màu sắc sống động, hỗ trợ đèn nền và điều chỉnh nhiệt độ màu linh hoạt. Sản phẩm được trang bị 4GB RAM và 64GB EMMC, cho khả năng xử lý mượt mà, nhanh chóng. Máy máy đọc sách Boox này chạy nền tảng Android 13, cho phép truy cập Google Play Store và cài đặt nhiều ứng dụng.
Nội dung chính
1. Máy đọc sách Boox Go Color 7 Gen 2 - Hiển thị đa màu sắc, ghi chép linh hoạt
1.1. Cấu hình ổn định cùng khả năng lưu trữ lớn
1.2. Màn hình hiển thị màu sắc sống động, kích thước nhỏ gọn
1.3. Tạo ghi chú dễ dàng, khơi dậy sự sáng tạo
2. Mua máy đọc sách Boox Go Color 7 Gen 2 giá tốt tại CellphoneS
Máy đọc sách Boox Go Color 7 Gen 2 - Hiển thị đa màu sắc, ghi chép linh hoạt
Boox Go Color 7 Gen 2 mở ra trải nghiệm đọc sinh động với màu sắc rực rỡ và thiết kế tinh tế. Với thiết kế nhỏ gọn và tính năng đa dạng, thiết bị phù hợp cho những người dùng yêu thích sự nhỏ gọn, hiện đại và linh hoạt trong từng khoảnh khắc đọc sách.
Cấu hình ổn định cùng khả năng lưu trữ lớn
Máy đọc sách Boox Go Color 7 Gen 2 được trang bị bộ vi xử lý 8 nhân để có thể thực hiện tốt các tác vụ liên quan tới học tập, giải trí và làm việc. Dung lượng RAM 4GB của thiết bị sẽ mang tới sự mượt mà cho các tác vụ đa nhiệm.
>> Sản phẩm tham khảo: New Kindle gen 11 - Tốc độ xử lý nhanh, lật trang mượt mà.
Boox Go Color 7 Gen 2 còn sở hữu bộ nhớ trong có dung lượng 64GB để phục vụ nhu cầu lưu trữ cơ bản. Mẫu máy đọc sách Boox này còn được tích hợp thêm khe cắm thẻ microSD để người dùng chủ động mở rộng khả năng lưu trữ.
Màn hình hiển thị màu sắc sống động, kích thước nhỏ gọn
Máy đọc sách Boox Go Color 7 Gen 2 mang đến trải nghiệm đọc sách chân thật với màn hình màu Kaleido 3 hiển thị đến 4096 sắc độ dịu mắt. Độ phân giải 300PPI + 150PPI giúp hình ảnh, văn bản luôn được hiển thị với chất lượng cao. Kèm theo đó là đèn nền 2 chế độ (Ấm và lạnh) để phù hợp sử dụng theo từng điều kiện ánh sáng.
Boox Go Color 7 Gen 2 có trọng lượng nhẹ nhàng chỉ khoảng 190g, dễ dàng nằm gọn trong túi xách, balo hay thậm chí là lòng bàn tay. Người dùng có thể thoải mái mang máy theo đến văn phòng, quán cà phê hay trong những chuyến du lịch. Hơn nữa, mặt lưng được thiết kế tinh tế, vừa tạo cảm giác chắc tay khi cầm, vừa tăng tính thẩm mỹ cho sản phẩm.
Tạo ghi chú dễ dàng, khơi dậy sự sáng tạo
Boox Go Color 7 Gen 2 trang bị công nghệ BOOX InkSense hiện đại, dễ dàng đánh dấu nội dung, viết tay trực tiếp lên trang sách hoặc thêm ghi chú cá nhân một các chính xác. Ứng dụng Notes được tích hợp cho phép tạo các bản phác thảo nhanh Nhờ đó, người dùng có thể ghi lại mọi ý tưởng hay xây dựng danh sách công việc ngay trên chiếc máy nhỏ gọn này.
Mọi ghi chú đều được lưu trữ và đồng bộ dễ dàng, giúp người dùng không bỏ lỡ bất kỳ khoảnh khắc sáng tạo. Tính năng ghi chú ngay trên máy đọc sách Boox Go Color 7 Gen 2 sẽ giúp mỗi người dùng khai thác tối đa mọi ý tưởng và cảm hứng nghệ thuật mỗi ngày.
Ngoài ra, thiết bị còn có cảm biến G-sensor thông minh cho phép màn hình tự động xoay theo hướng cầm, mang đến trải nghiệm linh hoạt dù đọc ở tư thế nào. Boox Go Color 7 Gen 2 trang bị viên pin 2300mAh Polymer Li-on cho khả năng hoạt động liên tục trong nhiều giờ.
Mua máy đọc sách Boox Go Color 7 Gen 2 giá tốt tại CellphoneS
Nếu đang tìm kiếm một chiếc máy đọc sách nhỏ gọn, đa năng và hiển thị sống động, máy đọc sách Boox Go Color 7 Gen 2 là lựa chọn không thể bỏ qua. Tại CellphoneS, khách hàng có thể mua sản phẩm với mức giá hợp lý, đi kèm chính sách bảo hành đầy đủ và rõ ràng. 
Ngoài ra, CellphoneS còn cung cấp nhiều hình thức thanh toán linh hoạt, giao hàng nhanh chóng toàn quốc. Hãy đến ngay cửa hàng gần nhất hoặc đặt mua online để sở hữu Boox Go Color 7 Gen 2 chính hãng!","{""Màn hình"": [{""name"": ""Kích thước màn hình"", ""value"": ""7.0 inches""}, {""name"": ""Độ phân giải màn hình"", ""value"": ""1448x1072 pixels""}, {""name"": ""Tính năng màn hình"", ""value"": ""Eink Kaleido 3 phẳng\n1448x1072 (300 dpi)""}], ""RAM & lưu trữ"": [{""name"": ""Dung lượng RAM"", ""value"": ""4 GB""}, {""name"": ""Bộ nhớ trong"", ""value"": ""64 GB""}], ""Pin & công nghệ sạc"": [{""name"": ""Pin"", ""value"": ""2300mah""}, {""name"": ""Cổng sạc"", ""value"": ""USB Type-C""}], ""Tính năng khác"": [{""name"": ""Hệ điều hành"", ""value"": ""Android 13""}], ""Bộ xử lý & Đồ họa"": [{""name"": ""Loại CPU"", ""value"": ""Qualcomm Octa-core""}], ""Kích thước & Trọng lượng"": [{""name"": ""Kích thước"", ""value"": ""156x137x6.4mm""}, {""name"": ""Trọng lượng"", ""value"": ""190g""}], ""Cổng kết nối"": [{""name"": ""Wi-Fi"", ""value"": ""WiFi (2.4GHz + 5GHz)""}, {""name"": ""Bluetooth"", ""value"": ""Bluetooth""}], ""Thông số khác"": [{""name"": ""Công nghệ - Tiện ích"", ""value"": ""Đèn nền 2 chế độ (Ấm + Lạnh)\nCảm biến xoay tự động""}, {""name"": ""Tiện ích khác"", ""value"": ""Có nút nguồn, nút bấm chuyển trang""}]}","[""https://cdn2.cellphones.com.vn/x/media/catalog/product/m/a/may-doc-sach-boox-go-color-7-gen-2_1_.png"", ""https://cdn2.cellphones.com.vn/x/media/catalog/product/m/a/may-doc-sach-boox-go-color-7-gen-2_2_.png"", ""https://cdn2.cellphones.com.vn/x/media/catalog/product/m/a/may-doc-sach-boox-go-color-7-gen-2_3_.png"", ""https://cdn2.cellphones.com.vn/x/media/catalog/product/m/a/may-doc-sach-boox-go-color-7-gen-2.png"", ""https://cdn2.cellphones.com.vn/x/media/catalog/product/m/a/may-doc-sach-boox-go-color-7-gen-2_4_.png""]","{""product_color_1"": {""color"": ""Đen"", ""image_url"": ""https://cdn2.cellphones.com.vn/insecure/rs:fill:50:50/q:90/plain/https://cellphones.com.vn/media/catalog/product/m/a/may-doc-sach-boox-go-color-7-gen-2_1__1.png"", ""image_url_display"": ""https://cellphones.com.vn/media/catalog/product/m/a/may-doc-sach-boox-go-color-7-gen-2_1__1.png"", ""product_url"": ""https://cellphones.com.vn/may-doc-sach-boox-go-color-7-gen-2.html?product_id=106405"", ""price"": ""8.390.000₫""}}"
Máy đọc sách Onyx Boox Note Air 3 C,may-doc-sach-onyx-boox-note-air-3-c,15.890.000đ,14.390.000đ,"Đặc điểm nổi bật
Máy đọc sách Onyx Boox Note Air 3 C sở hữu màn hình 10,3 inch với độ phân giải HD cùng kính siêu mỏng vượt trội. Máy đọc sách với cấu hình từ CPU Qualcomm 2.4 Ghz Octa-core cùng RAM 4GB mang lại hiệu năng sử dụng mượt mà. Với trọng lượng nhẹ chỉ khoảng 430g nhờ đó máy đọc sách dễ dàng mang theo và sử dụng lúc rảnh. Máy đọc sách cũng hỗ trợ người dùng tìm kiếm nội dung trong sách và ghi chú các nội dung quan trọng thông minh.
Nội dung chính
1. Máy đọc sách Onyx Boox Note Air 3 C – Màn hình chất lượng, đọc sách mượt mà
1.1. Màn hình ePaper màu, kích thước 10,3 inch
1.2. 17 định dạng đọc, trải nghiệm cuộn trang mượt mà
1.3. Ghi chú tiện lợi, trải nghiệm viết – vẽ thoải mái
2. Mua ngay máy đọc sách Onyx Boox Note Air 3 C chính hãng tại CellphoneS
Máy đọc sách Onyx Boox Note Air 3 C – Màn hình chất lượng, đọc sách mượt mà
Máy đọc sách Onyx Boox Note Air 3 C là sản phẩm sách điện tử tiện dụng cùng nhiều tính năng thông minh. Vậy chính xác mẫu máy đọc sách Boox này có gì nổi bật đáng để mua và sử dụng thì cùng tìm hiểu chi tiết sau đây.
Màn hình ePaper màu, kích thước 10,3 inch
Máy đọc sách Onyx Boox Note Air 3 C được trang bị màn hình kích thước 10,3 inch. Màn hình với công nghệ E-Ink Kaleido 3 với khả năng hiển thị 4096 màu nhờ đó mang lại khả năng hiển thị như giấy in. Màn hình với độ phân giải HD giúp mang lại khả năng hiển thị hình ảnh rõ nét. Kích thước màn hình lớn cho phép người dùng có thể chia đôi, sử dụng song song 2 màn hình, tích hợp khi đọc sách song ngữ.
Cùng với đó, màn hình máy đọc sách còn được phủ lớp kính mỏng, mỏng hơn 20% so với thế hệ trước. Thiết kế này giúp tăng độ tương phản và độ sáng màu sắc. 
Xem thêm: Máy đọc sách Kindle Scribe 10.3 inch Premium kèm bút ghi chú mượt mà
17 định dạng đọc, trải nghiệm cuộn trang mượt mà
Máy đọc sách Onyx Boox Note Air 3 C được trang bị tới 17 định dạng ebook khác nhau. Nhờ đó người dùng có thể lựa chọn định dạng hợp theo sở thích sử dụng. Cùng với đó, máy đọc sách còn mang lại trải nghiệm cuộn trang mượt mà nhờ đó mang lại cho người dùng trải nghiệm đọc liền mạch.
Trong quá trình sử dụng, người dùng có thể tùy chỉnh hiển thị như chia trang hay phóng to, thu nhỏ một cách tiện lợi. Cùng với đó là khả năng tra cứu bằng từ, cụm từ hoặc câu một cách tiện lợi, cho phép tìm kiếm trên cả tài liệu scan bằng công nghệ OCR.
Ghi chú tiện lợi, trải nghiệm viết – vẽ thoải mái
Máy đọc sách Onyx Boox Note Air 3 C bên cạnh khả năng hiển thị thông thường thì máy còn sở hữu nhiều công cụ tiện dụng. Với tính năng ghi chú, máy cho phép người dùng có thể phác họa, ghi chú một cách nhanh chóng. Đặc biệt với lớp phim, Onyx Boox Note Air 3 C mang lại trải nghiệm vẽ viết như trên giấy thật.
Máy đọc sách với firmware BOOX giúp người dung có thể chú thích dễ dàng bằng chữ, đánh dấu trong quá trình đọc, ghi chú những nội dung quan trọng.
Mua ngay máy đọc sách Onyx Boox Note Air 3 C chính hãng tại CellphoneS
Máy đọc sách Onyx Boox Note AIR 3 C với màn hình kích thước lớn cùng cấu hình vượt trội. Hiện mẫu máy tính bảng chất lượng này được bán chính hãng tại CellphoneS với giá bán hấp dẫn. Tại đây, khách hàng có thể mua máy đọc sách Onyx chất lượng với chương trình trả góp từ 0% cùng với chất lượng chính hãng, bảo hành vượt trội.","{""Màn hình"": [{""name"": ""Kích thước màn hình"", ""value"": ""10.3 inches""}, {""name"": ""Tính năng màn hình"", ""value"": ""Màn hình 10.3\"" Eink Kaleido 3 HD phủ kính siêu mỏng\nĐen trắng 300 ppi (2480x1860)\nMàu sắc 150 ppi (1240x930)""}], ""Vi xử lý & đồ họa"": [{""name"": ""Chipset"", ""value"": ""Qualcomm 2.4 Ghz Octa-core + BSR GPU""}], ""RAM & lưu trữ"": [{""name"": ""Dung lượng RAM"", ""value"": ""4 GB""}, {""name"": ""Bộ nhớ trong"", ""value"": ""64 GB""}, {""name"": ""Khe cắm thẻ nhớ"", ""value"": ""MicroSD(TF)""}], ""Pin & công nghệ sạc"": [{""name"": ""Pin"", ""value"": ""3700 mAh""}, {""name"": ""Cổng sạc"", ""value"": ""USB Type-C""}], ""Tính năng khác"": [{""name"": ""Hệ điều hành"", ""value"": ""Android 12""}], ""Kích thước & Trọng lượng"": [{""name"": ""Kích thước"", ""value"": ""226 x 193 x 5.8 mm""}, {""name"": ""Trọng lượng"", ""value"": ""Khoảng 430g""}], ""Thông số khác"": [{""name"": ""Tương thích"", ""value"": ""Bút Stylus 4096 lực""}, {""name"": ""Công nghệ - Tiện ích"", ""value"": ""TTS, Ghi chú, Viết nguệch ngoạc, Từ điển, Lịch""}, {""name"": ""Tiện ích khác"", ""value"": ""Đèn nền 2 chế độ (Ấm + Lạnh)""}], ""Cổng kết nối"": [{""name"": ""Wi-Fi"", ""value"": ""WiFi (2.4GHz + 5GHz)""}, {""name"": ""Bluetooth"", ""value"": ""v5.0""}]}","[""https://cdn2.cellphones.com.vn/x/media/catalog/product/m/a/may-doc-sach-onyx-boox-note-air-3-c.png"", ""https://cdn2.cellphones.com.vn/x/media/catalog/product/t/h/thi_t_k_ch_a_c_t_n_4__3.png"", ""https://cdn2.cellphones.com.vn/x/media/catalog/product/t/h/thi_t_k_ch_a_c_t_n_3__1_1.png""]","{""product_color_1"": {""color"": ""Đen"", ""image_url"": ""https://cdn2.cellphones.com.vn/insecure/rs:fill:50:50/q:90/plain/https://cellphones.com.vn/media/catalog/product/m/a/may-doc-sach-onyx-boox-note-air-3-c_1.png"", ""image_url_display"": ""https://cellphones.com.vn/media/catalog/product/m/a/may-doc-sach-onyx-boox-note-air-3-c_1.png"", ""product_url"": ""https://cellphones.com.vn/may-doc-sach-onyx-boox-note-air-3-c.html?product_id=81079"", ""price"": ""14.390.000₫""}}"
Máy đọc sách Boox Note Air 4C,may-doc-sach-boox-note-air-4c,14.990.000đ,14.390.000đ,"Đặc điểm nổi bật
Máy đọc sách Boox Note Air 4CS trang bị màn hình Kaleido 10,3 inch tiên tiến, nền sẽ sáng hơn và gam màu dịu mắt, giúp bảo vệ thị lực khi dùng. Sản phẩm máy đọc sách Boox sẽ giúp giữ ghi chú của người dùng ngăn nắp và kết hợp tính năng Outline thông minh. Note Air4 C chạy hệ điều hành Android 13 đảm bảo xử lý mượt mà các tác vụ khác nhau.
Nội dung chính
1. Máy đọc sách Boox Note Air 4CS - Công cụ hiện đại giúp phát thảo đơn giản
1.1. Màn hình sắc nét và bảo vệ thị lực
1.2. Công cụ hiện đại giúp phát thảo đơn giản
1.3. Chia sẻ tài liệu đơn giản và dung lượng lớn
2. Mua máy đọc sách Boox Note Air 4CS chính hãng tại CellphoneS
Máy đọc sách Boox Note Air 4CS - Công cụ hiện đại giúp phát thảo đơn giản
Máy đọc sách Boox Note Air 4CS là dòng máy đọc sách hiện đại, kết hợp giữa công nghệ tiên tiến và thiết kế thanh lịch. Sản phẩm sẽ giúp hỗ trợ người dùng đọc hàng loạt cuốn sách chỉ trên một thiết bị.
Màn hình sắc nét và bảo vệ thị lực
Sở hữu màn hình Kaleido 10,3 inch tiên tiến, mang đến nền hiển thị sáng hơn và gam màu dịu mắt, giúp bảo vệ thị lực tối đa. Tốc độ làm mới mượt mà giúp phản hồi nhanh chóng, khi xem biểu đồ, đồ thị phức tạp hoặc phác thảo ý tưởng.
>> Sản phẩm tham khảo: New Kindle gen 11 nhỏ gọn, cầm đọc hàng giờ liền vẫn không hề bị mỏi tay.
Với viền mỏng chỉ 5,8mm và trọng lượng nhẹ 420g, máy mang lại trải nghiệm cầm nắm thoải mái. Máy đọc sách Boox Note Air 4CS trang bị NeoReader cho phép người đọc cá nhân hóa trải nghiệm đọc thông qua các tính năng tô sáng, chú thích và đánh dấu trên các loại tài liệu khác nhau.
Công cụ hiện đại giúp phát thảo đơn giản
Note Air4 C cung cấp nhiều mẫu, bút vẽ và công cụ Smart Scribe hỗ trợ AI, giúp dễ dàng phác thảo, ghi chú mà không bỏ lỡ chi tiết khi vẽ. Mọi suy nghĩ đều được chuyển thành bản vẽ hoặc tài liệu có tổ chức, khai thác tối đa tiềm năng sáng tạo. 
Giữ ghi chú của người xem ngăn nắp hơn với các thư mục, thẻ và tính năng Outline⁴ thông minh trên máy đọc sách Boox Note Air 4CS. Công cụ Link giúp kết nối ghi chú với tài liệu, trang web hoặc tệp liên quan, tạo mạng lưới thông tin trực quan, dễ dàng điều hướng. 
Chia sẻ tài liệu đơn giản và dung lượng lớn
Thiết bị cho phép truy cập nhanh các ứng dụng yêu thích chỉ với một cú chạm nhờ Dock-Trang Trợ lý thông minh. Cập nhật firmware để giúp người dùng tận hưởng trải nghiệm mượt mà hơn. Với tính năng Phản chiếu màn hình BOOXDrop, người dùng có thể trình bày ý tưởng trực tiếp trên PC hoặc TV, giúp thảo luận và thuyết trình hiệu quả.
Máy đọc sách Boox Note Air 4CS có thể chia sẻ tài liệu dễ dàng qua email, ứng dụng nhắn tin hoặc công cụ làm việc nhóm. Note Air4 C chạy hệ điều hành Android 13, sở hữu CPU 8 nhân và RAM 6GB, đảm bảo xử lý mượt mà các tác vụ chuyên sâu. Công nghệ BSR giúp phân tích dữ liệu lớn, cuộn trang nhanh và thiết kế chi tiết dễ dàng hơn.
Mua máy đọc sách Boox Note Air 4CS chính hãng tại CellphoneS
CellphoneS sẽ cung cấp máy đọc sách Boox Note Air 4CS với mức giá cạnh tranh, đảm bảo chất lượng cho người dùng khi mua. Sản phẩm được nhập chính hãng và kèm chế độ bảo hành rõ ràng, giúp khách hàng yên tâm khi sử dụng. Hệ thống cửa hàng CellphoneS có mặt tại nhiều tỉnh thành, giúp khách hàng dễ dàng trải nghiệm và mua sắm trực tiếp. Đội ngũ nhân viên tận tình, luôn sẵn sàng hỗ trợ, giải đáp mọi thắc mắc của khách hàng.","{""Màn hình"": [{""name"": ""Kích thước màn hình"", ""value"": ""10.3 inches""}, {""name"": ""Tính năng màn hình"", ""value"": ""Màn hình 10.3\"" Eink Kaleido Carta 1200 phủ kính siêu mỏng\nĐen trắng 300 ppi (2480x1860)\nMàu sắc 150 ppi (1240x930)""}], ""Vi xử lý & đồ họa"": [{""name"": ""Chipset"", ""value"": ""Qualcomm Octa-core + BSR GPU""}], ""RAM & lưu trữ"": [{""name"": ""Dung lượng RAM"", ""value"": ""6 GB""}, {""name"": ""Bộ nhớ trong"", ""value"": ""64 GB""}, {""name"": ""Khe cắm thẻ nhớ"", ""value"": ""thẻ microSD(TF)""}], ""Pin & công nghệ sạc"": [{""name"": ""Pin"", ""value"": ""3700mAh Polymer Li-on""}, {""name"": ""Cổng sạc"", ""value"": ""USB Type-C""}], ""Tính năng khác"": [{""name"": ""Hệ điều hành"", ""value"": ""Android 13""}], ""Kích thước & Trọng lượng"": [{""name"": ""Kích thước"", ""value"": ""226 x 193 x 5.8 mm""}, {""name"": ""Trọng lượng"", ""value"": ""Khoảng 420g""}], ""Thông số khác"": [{""name"": ""Tương thích"", ""value"": ""Bút Stylus 4096 lực""}, {""name"": ""Tiện ích khác"", ""value"": ""Đèn nền 2 chế độ (Ấm + Lạnh)""}], ""Tiện ích khác"": [{""name"": ""Các loại cảm biến"", ""value"": ""Cảm biến ánh sáng""}], ""Cổng kết nối"": [{""name"": ""Wi-Fi"", ""value"": ""WiFi (2.4GHz + 5GHz)""}, {""name"": ""Bluetooth"", ""value"": ""v5.0""}]}","[""https://cdn2.cellphones.com.vn/x/media/catalog/product/m/a/may-doc-sach-boox-note-air-4c.png"", ""https://cdn2.cellphones.com.vn/x/media/catalog/product/m/a/may-doc-sach-boox-note-air-4c_1_.png"", ""https://cdn2.cellphones.com.vn/x/media/catalog/product/m/a/may-doc-sach-boox-note-air-4c_3_.png"", ""https://cdn2.cellphones.com.vn/x/media/catalog/product/m/a/may-doc-sach-boox-note-air-4c_2_.png"", ""https://cdn2.cellphones.com.vn/x/media/catalog/product/m/a/may-doc-sach-boox-note-air-4c_4_.png""]","{""product_color_1"": {""color"": ""Đen"", ""image_url"": ""https://cdn2.cellphones.com.vn/insecure/rs:fill:50:50/q:90/plain/https://cellphones.com.vn/media/catalog/product/m/a/may-doc-sach-boox-note-air-4c_2.png"", ""image_url_display"": ""https://cellphones.com.vn/media/catalog/product/m/a/may-doc-sach-boox-note-air-4c_2.png"", ""product_url"": ""https://cellphones.com.vn/may-doc-sach-boox-note-air-4c.html?product_id=99902"", ""price"": ""14.390.000₫""}}"
Máy đọc sách Onyx Boox Tab Mini C,may-doc-sach-onyx-boox-tab-mini-c,13.690.000đ,12.390.000đ,"Đặc điểm nổi bật
Máy đọc sách Onyx Boox tab Mini C với màn hình 7,8 inch mang lại không gian hiển thị lớn nâng cao trải nghiệm đọc của người dùng. Máy đọc sách với thiết kế dễ cầm nắm và dễ dàng mang theo sử dụng. Bên cạnh đó, sản phẩm máy đọc sách Boox còn được trang bị vỏ bảo vệ chắc chắn cùng bút stylus từ tính.
Nội dung chính
1. Máy đọc sách Onyx Boox tab Mini C – Trải nghiệm đọc sách tiện lợi
1.1. Màn hình 7,8 inch cho không gian đọc chữ lớn
1.2. Thiết kế cho cảm giác cầm nắm thoải mái, mang theo sử dụng dễ dàng
1.3. Sử dụng cho nhiều nhu cầu dùng
2. Mua máy đọc sách Onyx Boox tab Mini C chính hãng tại CellphoneS
Máy đọc sách Onyx Boox tab Mini C – Trải nghiệm đọc sách tiện lợi
Máy đọc sách Onyx Boox tab Mini C là sản phẩm máy đọc sách điện tử có thể thay thế cho một số sách truyền thống. Nếu là người yêu thích đọc sách nhưng không muốn mang theo những cuốn sách nặng nề thì có thể tham khảo và mua ngay máy đọc sách Onyx này.
Màn hình 7,8 inch cho không gian đọc chữ lớn
Máy đọc sách Onyx Boox tab Mini C được trang bị màn hình với kích thước 7,8 inch. Màn hình màu E-ink giúp mang lại trải nghiệm đọc thoải mái cũng như ghi chú tiện lợi. Đặc biệt, màn hình với màu sắc nhẹ nhàng và êm dịu giống giấy. Thiết kế này giúp người dùng có thể thoải mái đọc chữ, đọc truyện hay các bộ sách điện tử trong nhiều điều kiện, kể cả dưới ánh nắng mặt trời.
Xem thêm: Kindle Scribe máy đọc sách ghi chú tiện lợi mượt mà
Không chỉ vậy, màn hình máy đọc sách còn được trang bị công nghệ làm mới nhờ đó giúp mang lại những trải nghiệm hiển thị mượt mà. Nhờ đó người dùng có thể điều hướng với nhiều chế đọ từ HD đến cân bằng, nhanh và cực nhanh.
Màn đọc sách còn được trang bị GPU giúp giảm thiểu hiện tượng bóng mờ cũng như tăng tốc trong quá trình xử lý các tác vụ.
Thiết kế cho cảm giác cầm nắm thoải mái, mang theo sử dụng dễ dàng
Onyx Boox tab Mini C sở hữu một thiết kế với vỏ sau được hoàn tiện từ kim loại, thiết kế tích hợp sử dụng với những loại ốp nam châm. Máy với thiết kế nhỏ gọn mang lại trải nghiệm cầm nắm thoải mái và chắc chắn. Nhờ đó người dùng có thể cầm và sử dụng máy một cách dễ dàng trong thời gian dài mà không mỏi tay.
Không chỉ sử dụng thoải mái, máy còn khá nhỏ gọn giúp người dùng dễ dàng cất vào balo hay túi xách để mang theo sử dụng khi cần.
Sử dụng cho nhiều nhu cầu dùng
Bên cạnh sử dụng để đọc sách điện tử thông thường, máy đọc sách còn được trang bị công cụ phác thảo giúp người dùng có thể lưu trữ các ý tưởng một cách nhanh chóng. Với 16 màu có thể sử dụng giúp tô, vẽ thoải mái hay sắp xếp các ý tưởng và nội dung một cách tiện lợi. Cùng với đó, máy đọc sách còn cho phép hiển thị ghi chú hàng ngày trên màn hình, thể hiện các lời nhắc, việc cần làm hay các lịch hẹn để kiểm tra bất cứ lúc nào.
Mua máy đọc sách Onyx Boox tab Mini C chính hãng tại CellphoneS
Máy đọc sách Onyx Boox tab Mini C với thiết kế tối ưu cùng nhiều tính năng tiện ích. Hiện sản phẩm máy đọc sách này được bán chính hãng. Tại đây, khách hàng sẽ được mua sản phẩm máy đọc sách với giá bán siêu ưu đãi cùng chất lượng chính hãng. Đặc biệt, hệ thống còn có chương trình hỗ trợ khách hàng mua máy đọc sách trả góp với lãi suất từ 0% ấn tượng.","{""Màn hình"": [{""name"": ""Kích thước màn hình"", ""value"": ""7.8 inches""}, {""name"": ""Tính năng màn hình"", ""value"": ""1404x1872 (300 dpi đen trắng, 150 dpi màu）""}], ""Vi xử lý & đồ họa"": [{""name"": ""Chipset"", ""value"": ""Qualcomm Octa-core""}], ""RAM & lưu trữ"": [{""name"": ""Dung lượng RAM"", ""value"": ""4 GB""}, {""name"": ""Bộ nhớ trong"", ""value"": ""64 GB""}], ""Pin & công nghệ sạc"": [{""name"": ""Pin"", ""value"": ""500mAh""}, {""name"": ""Cổng sạc"", ""value"": ""USB Type-C""}], ""Tính năng khác"": [{""name"": ""Hệ điều hành"", ""value"": ""Android 11""}], ""Kích thước & Trọng lượng"": [{""name"": ""Kích thước"", ""value"": ""194x136,5x6,3 mm""}, {""name"": ""Trọng lượng"", ""value"": ""Khoảng 264g""}], ""Thông số khác"": [{""name"": ""Tương thích"", ""value"": ""Bút Stylus 4096 lực""}, {""name"": ""Công nghệ - Tiện ích"", ""value"": ""TTS, Ghi chú, Viết nguệch ngoạc, Từ điển, Lịch""}, {""name"": ""Tiện ích khác"", ""value"": ""Đèn nền 2 chế độ (Ấm + Lạnh)""}], ""Cổng kết nối"": [{""name"": ""Wi-Fi"", ""value"": ""WiFi (2.4GHz + 5GHz)""}, {""name"": ""Bluetooth"", ""value"": ""v5.0""}]}","[""https://cdn2.cellphones.com.vn/x/media/catalog/product/m/a/may-doc-sach-onyx-boox-tab-mini-c_1_.png"", ""https://cdn2.cellphones.com.vn/x/media/catalog/product/m/a/may-doc-sach-onyx-boox-tab-mini-c_6_.png"", ""https://cdn2.cellphones.com.vn/x/media/catalog/product/m/a/may-doc-sach-onyx-boox-tab-mini-c_4_.png"", ""https://cdn2.cellphones.com.vn/x/media/catalog/product/m/a/may-doc-sach-onyx-boox-tab-mini-c_5_.png"", ""https://cdn2.cellphones.com.vn/x/media/catalog/product/m/a/may-doc-sach-onyx-boox-tab-mini-c_3_.png"", ""https://cdn2.cellphones.com.vn/x/media/catalog/product/m/a/may-doc-sach-onyx-boox-tab-mini-c.png""]","{""product_color_1"": {""color"": ""Đen"", ""image_url"": ""https://cdn2.cellphones.com.vn/insecure/rs:fill:50:50/q:90/plain/https://cellphones.com.vn/media/catalog/product/m/a/may-doc-sach-onyx-boox-tab-mini-c_6__1.png"", ""image_url_display"": ""https://cellphones.com.vn/media/catalog/product/m/a/may-doc-sach-onyx-boox-tab-mini-c_6__1.png"", ""product_url"": ""https://cellphones.com.vn/may-doc-sach-onyx-boox-tab-mini-c.html?product_id=81072"", ""price"": ""12.390.000₫""}}"
Máy đọc sách Boox Note Max 13 inch,may-doc-sach-boox-note-max-13-inch,19.590.000đ,18.590.000đ,"Đặc điểm nổi bật
Máy đọc sách Boox Note Max 13 inch sở hữu màn hình E Ink với độ phân giải cao 3200 x 2400 (300 PPI) mang lại cảm giác đọc và viết thoải mái. Sản phẩm được trang bị vi xử lý Octa-Core 2,8 GHz, RAM 6 GB và bộ nhớ trong 128 GB, đảm bảo đa nhiệm mượt mà. Bên cạnh đó, Android 13 giúp tăng cường tính linh hoạt cho các tác vụ sáng tạo và chuyên nghiệp.
Nội dung chính
1. Boox Note Max 13 inch - Máy đọc sách thông minh với màn hình sắc nét
1.1. Cấu hình ấn tượng với dung lượng lưu trữ thoải mái
1.2. Thiết kế mỏng và nhẹ với màn hình có độ phân giải cao
1.3. Tính năng nhận diện thông minh và hỗ trợ phụ kiện
1.4. Trải nghiệm viết như trên giấy với BOOX Pen Plus
1.5. Kết nối mượt mà và chia sẻ tập tin không giới hạn
1.6. Quản lý tài liệu nâng cao và chế độ chia đôi màn hình
1.7. Dung lượng pin bền bỉ
1.8. Hệ điều hành Android 13 tân tiến
2. Mua máy đọc sách Boox Note Max 13 inch chất lượng tại CellphoneS
Boox Note Max 13 inch - Máy đọc sách thông minh với màn hình sắc nét
Máy đọc sách Boox Note Max 13 inch nhờ vào công nghệ hiện đại, thiết bị này mang lại trải nghiệm làm việc nhanh chóng và hiệu quả. Đồng thời, mẫu máy đọc sách Book có tính năng AI tiên tiến giúp giữ lại cảm giác viết tự nhiên.
Cấu hình ấn tượng với dung lượng lưu trữ thoải mái
Boox Note Max với bộ vi xử lý Octa-Core 2,8 GHz cùng RAM 6 GB, thiết bị này thực hiện những nhiệm vụ phức tạp một cách trơn tru. Người dùng có khả năng soạn thảo, thực hiện nhiều nhiệm vụ song song và chạy ứng dụng. Bộ nhớ trong 128 GB của thiết bị có khả năng lưu trữ hàng ngàn quyển sách, tài liệu và ghi chú, phù hợp cho chuyên gia cũng như sinh viên.
>> Sản phẩm tham khảo: New Kindle gen 11 - Giá hợp lý, chất lượng hiển thị không thua kém dòng cao cấp.
Thiết kế mỏng và nhẹ với màn hình có độ phân giải cao
Dù sở hữu một màn hình lớn, máy đọc sách này chỉ dày 4,6mm và nặng 615g, khiến việc mang theo dễ dàng. Màn hình E Ink Carta với kích cỡ 13,3 inch mang đến một trải nghiệm đọc sắc nét và không gây chói mắt. Bên cạnh đó, máy có độ phân giải 3200 x 2400 và mật độ 300 PPI với công nghệ BOOX Super Refresh giúp cho văn bản và hình ảnh hiện lên rõ nét và chi tiết.
Tính năng nhận diện thông minh và hỗ trợ phụ kiện
Máy đọc sách Boox Note Max 13 inch trắng cung cấp khả năng nhận diện chữ viết tay và chú thích thông minh nhằm cải thiện việc ghi chép. Người sử dụng có thể dễ dàng viết, phác thảo và chuyển đổi các ghi chú viết tay thành văn bản số. Hơn nữa, thiết bị này cũng tương thích với bút BOOX Pen Plus và bàn phím rời, mang lại trải nghiệm làm việc hiệu quả toàn diện.
Trải nghiệm viết như trên giấy với BOOX Pen Plus
Khi được kết hợp với BOOX Pen Plus, thiết bị mang đến một cảm giác giống như tương tác giữa bút và trang giấy. Với 4096 cấp độ nhạy áp lực, người dùng có thể vẽ, ghi chú và viết với độ chính xác cao. Smart Scribe hỗ trợ AI giúp tăng cường nhận diện chữ viết tay, điều chỉnh hình dạng và xóa thông minh, giúp các ghi chú được sắp xếp một cách hợp lý và dễ quản lý.
Kết nối mượt mà và chia sẻ tập tin không giới hạn
Máy đọc sách Boox Note Max 13 inch nhờ vào hỗ trợ của Wi-Fi và Bluetooth, máy này cho phép việc truyền tải dữ liệu và đồng bộ hóa diễn ra nhanh chóng. Chức năng BOOXDrop mang đến khả năng chia sẻ tập tin không dây, giúp nâng cao hiệu suất. Máy tích hợp với các dịch vụ lưu trữ đám mây bảo đảm người dùng có thể dễ dàng truy cập trên nhiều nền tảng khác nhau.
Quản lý tài liệu nâng cao và chế độ chia đôi màn hình
Boox Note Max cho phép nhiều loại tệp như PDF, EPUB, MOBI và DOCX, biến máy thành một công cụ đọc và chỉnh sửa cực kỳ linh hoạt. Người dùng dễ dàng chú thích, đánh dấu và kết nối tài liệu, tối ưu hóa quy trình làm việc. Hơn thế nữa, chế độ chia đôi màn hình cho phép xem đồng thời hai tài liệu, hỗ trợ so sánh nội dung, tài liệu tham khảo hoặc chú giải trong khi đọc.
Dung lượng pin bền bỉ
Máy đọc sách Boox Note Max 13 inch được chế tạo với mục tiêu sử dụng lâu dài, sở hữu pin Li-ion polymer có dung lượng 3.700mAh, đảm bảo hiệu suất hoạt động cả ngày. Công nghệ E Ink giúp tiết kiệm năng lượng, tạo điều kiện việc đọc và ghi chép trong một thời gian dài. Chế độ chờ được tối ưu hóa giúp giảm thiểu mức tiêu thụ điện năng tối đa để đạt hiệu quả cao.
Hệ điều hành Android 13 tân tiến
Boox Note Max với nền tảng Android 13 mang lại sự linh hoạt vượt trội so với một thiết bị đọc sách điện tử thông thường. Người sử dụng có khả năng cài đặt ứng dụng từ bên ngoài, nâng cao hiệu quả làm việc và khả năng sáng tạo. Giao diện mới mẻ và đơn giản đảm bảo một trải nghiệm người dùng diễn ra mượt mà và có thể điều chỉnh tùy theo sở thích cá nhân.
Mua máy đọc sách Boox Note Max 13 inch chất lượng tại CellphoneS
Máy đọc sách Boox Note Max 13 inch là sản phẩm cao cấp, màn hình lớn và phần cứng mạnh mẽ cho trải nghiệm người dùng dễ sử dụng. Nếu người dùng đang tìm kiếm một thiết bị đọc sách chất lượng, đến CellphoneS để khám phá BOOX Note Max. CellphoneS sẽ đem đến cho bạn trải nghiệm mua sắm an toàn và tiện lợi, kèm theo nhiều ưu đãi thú vị.","{""Màn hình"": [{""name"": ""Kích thước màn hình"", ""value"": ""13.3 inches""}, {""name"": ""Tính năng màn hình"", ""value"": ""Màn hình đơn sắc (đen trắng) 13.3\"" Eink Carta 1300 phủ kính siêu mỏng\nĐen trắng 300ppi (3200*2400)""}], ""Vi xử lý & đồ họa"": [{""name"": ""Chipset"", ""value"": ""Qualcomm 2.8 Ghz Octa-core + BSR GPU""}], ""RAM & lưu trữ"": [{""name"": ""Dung lượng RAM"", ""value"": ""6 GB""}, {""name"": ""Bộ nhớ trong"", ""value"": ""128 GB""}], ""Pin & công nghệ sạc"": [{""name"": ""Pin"", ""value"": ""3700mAh Polymer Li-on""}, {""name"": ""Cổng sạc"", ""value"": ""USB Type-C""}], ""Tính năng khác"": [{""name"": ""Hệ điều hành"", ""value"": ""Android 13""}], ""Kích thước & Trọng lượng"": [{""name"": ""Kích thước"", ""value"": ""287.5 x 243 x 4.6mm""}, {""name"": ""Trọng lượng"", ""value"": ""Khoảng 615g""}], ""Thông số khác"": [{""name"": ""Tương thích"", ""value"": ""Cảm ứng điện dung+ Bút Boox Pen Plus""}, {""name"": ""Tiện ích khác"", ""value"": ""TTS, Ghi chú, Viết nguệch ngoạc, Từ điển, Lịch""}], ""Cổng kết nối"": [{""name"": ""Wi-Fi"", ""value"": ""WiFi (2.4GHz + 5GHz)""}, {""name"": ""Bluetooth"", ""value"": ""v5.0""}]}","[""https://cdn2.cellphones.com.vn/x/media/catalog/product/m/a/may-doc-sach-boox-note-max-13-inch.png"", ""https://cdn2.cellphones.com.vn/x/media/catalog/product/m/a/may-doc-sach-boox-note-max-13-inch_1_.png"", ""https://cdn2.cellphones.com.vn/x/media/catalog/product/m/a/may-doc-sach-boox-note-max-13-inch_2_.png"", ""https://cdn2.cellphones.com.vn/x/media/catalog/product/m/a/may-doc-sach-boox-note-max-13-inch_3_.png""]","{""product_color_1"": {""color"": ""Trắng"", ""image_url"": ""https://cdn2.cellphones.com.vn/insecure/rs:fill:50:50/q:90/plain/https://cellphones.com.vn/media/catalog/product/m/a/may-doc-sach-boox-note-max-13-inch_1.png"", ""image_url_display"": ""https://cellphones.com.vn/media/catalog/product/m/a/may-doc-sach-boox-note-max-13-inch_1.png"", ""product_url"": ""https://cellphones.com.vn/may-doc-sach-boox-note-max-13-inch.html?product_id=99908"", ""price"": ""18.590.000₫""}}"
Máy đọc sách Onyx Boox Note Air 3,may-doc-sach-onyx-boox-note-air-3,13.190.000đ,11.990.000đ,"Đặc điểm nổi bật
Máy đọc sách Onyx Boox Note Air 3 mang tới trải nghiệm đọc sách hiện đại, dễ dàng hơn với màn hình E-Ink Carta HD 10.3 inch cùng mật độ điểm ảnh 227 ppi. Được trang bị CPU 8 nhân 2.4GHz, RAM 4GB và bộ nhớ trong 64GB, Onyx Boox Note Air 3 hỗ trợ xử lý mượt mà mọi tác vụ đọc thông minh. Cùng với máy đọc sách Boox là bút ghi chú với công nghệ Wacom cực xịn, giúp ghi chú nhanh chóng và cực kỳ dễ dàng.
Nội dung chính
1. Máy đọc sách Onyx Boox Note Air 3 - Tận hưởng trải nghiệm đọc dễ dàng hơn
1.1. Màn hình E-Ink Carta HD kích thước lớn, nâng tầm trải nghiệm đọc sách
1.2. Hỗ trợ bút ghi chú linh hoạt với bút sử dụng công nghệ Wacom tân tiến
1.3. Hiệu năng xử lý mạnh mẽ, đa nhiệm tốt và sở hữu nhiều công cụ sáng tạo
2. Mua máy đọc sách Onyx Boox Note Air 3 chính hãng tại CellphoneS
Máy đọc sách Onyx Boox Note Air 3 - Tận hưởng trải nghiệm đọc dễ dàng hơn
Máy đọc sách Onyx Boox Note Air 3 được thiết kế với phong cách hiện đại và cực kỳ bền bỉ nhờ sử dụng chất liệu nhôm cao cấp. Không chỉ mang đến trải nghiệm đọc sách linh hoạt mà Onyx Boox Note Air 3 còn hỗ trợ người sử dụng có thể dễ dàng ghi chú, đánh dấu thông tin nhanh. Cùng với đó là hàng loạt các tính năng tiện ích, làm hài lòng cả người đọc sách thông thường và những người cần một công cụ ghi chú hiệu quả.
Xem thêm: Máy đọc sách Boox Go 10.3 Kèm Bút Ghi Chú
Màn hình E-Ink Carta HD kích thước lớn, nâng tầm trải nghiệm đọc sách
Máy đọc sách Onyx Boox Note Air 3 sử dụng màn hình E-Ink Carta HD 10.3 inch, mang lại chất lượng hình ảnh rõ nét và trải nghiệm đọc sách mượt mà. Theo đó, công nghệ E-Ink Carta HD này giúp mô phỏng trải nghiệm đọc sách như trên giấy in, tạo cảm giác chân thực và dễ chịu. Khi kết hợp với mật độ điểm ảnh 227 ppi, Onyx Boox Note Air 3 giúp hiển thị nội dung độ phân giải cao. Nhờ đó mà người sử dụng có thể dễ dàng đọc sách suốt nhiều giờ mà không hề gặp phải tình trạng bị mỏi mắt. 
Đi kèm với đó là hệ thống đèn nền có thể điều chỉnh giữa ánh sáng trắng và vàng, tạo ra môi trường đọc có lợi cho mắt trong các điều kiện khác nhau.
Hỗ trợ bút ghi chú linh hoạt với bút sử dụng công nghệ Wacom tân tiến
Máy đọc sách Onyx Boox Note Air 3 đi kèm bút ghi chú, sử dụng công nghệ Wacom, mang lại trải nghiệm ghi chú tiện lợi và vô cùng chính xác. Với bút này, người dùng có thể viết, vẽ, và phác thảo trực tiếp trên màn hình, biến máy đọc sách thành một cuốn sổ tay kỹ thuật số đa năng. 
Bên cạnh đó, công nghệ Wacom còn đảm bảo độ nhạy cao, cho phép ghi chú nhanh chóng mà không bị trễ hình. Ngoài ra, bạn cũng có thể thay đổi độ đậm, kích thước, và kiểu bút, tạo ra những ghi chú độc đáo và sinh động. Khả năng tùy chỉnh này làm cho Note Air 3 trở thành công cụ sáng tạo lý tưởng, thích hợp cho cả việc học tập lẫn công việc.
Hiệu năng xử lý mạnh mẽ, đa nhiệm tốt và sở hữu nhiều công cụ sáng tạo
Máy đọc sách Onyx Boox Note Air 3 có hiệu năng mạnh mẽ nhờ CPU 8 nhân 2.4GHz, kết hợp với RAM 4GB, cho phép xử lý đa nhiệm mượt mà. Thông qua khả năng xử lý ấn tượng này, Onyx Boox Note Air 3 giúp bạn chuyển đổi giữa các ứng dụng, mở nhiều tài liệu cùng lúc mà không gặp trở ngại. 
Bên cạnh hiệu suất cao, Note Air 3 còn cung cấp nhiều công cụ sáng tạo tiện ích. Bạn có thể sử dụng chế độ chia màn hình của máy để làm việc hiệu quả hơn, đồng thời tận hưởng khả năng đồng bộ liền mạch giữa các thiết bị. Thiết bị cũng hỗ trợ các công cụ tiện ích như TTS (chuyển văn bản thành giọng nói) và Article Mode, giúp việc đọc sách trở nên linh hoạt và tập trung hơn.
Mua máy đọc sách Onyx Boox Note Air 3 chính hãng tại CellphoneS
CellphoneS là một trong những cửa hàng công nghệ uy tín, cung cấp đa dạng các dòng sản phẩm công nghệ chất lượng chính hãng. Tại đây, bạn có thể tìm thấy máy đọc sách Onyx Boox Note Air 3 cùng nhiều sản phẩm công nghệ khác trong tầm giá cực hấp dẫn. CellphoneS nổi bật với mạng lưới cửa hàng rộng khắp, giúp bạn dễ dàng mua sắm dù bạn đang ở bất kỳ đâu. 
Hãy đến với CellphoneS để sở hữu được dòng máy đọc sách Onyx Boox Note Air 3 và trải nghiệm dịch vụ mua sắm tuyệt vời tại đây ngay hôm nay.","{""Màn hình"": [{""name"": ""Kích thước màn hình"", ""value"": ""10.3 inches""}, {""name"": ""Tính năng màn hình"", ""value"": ""Màn hình đơn sắc (đen trắng) 10.3\"" Eink Carta HD phủ kính siêu mỏng\nĐen trắng 227ppi (1404*1872)""}], ""Vi xử lý & đồ họa"": [{""name"": ""Chipset"", ""value"": ""Qualcomm 2.4 Ghz Octa-core""}], ""RAM & lưu trữ"": [{""name"": ""Dung lượng RAM"", ""value"": ""4 GB""}, {""name"": ""Bộ nhớ trong"", ""value"": ""64 GB""}, {""name"": ""Khe cắm thẻ nhớ"", ""value"": ""MicroSD(TF)""}], ""Pin & công nghệ sạc"": [{""name"": ""Pin"", ""value"": ""3700 mAh""}, {""name"": ""Cổng sạc"", ""value"": ""USB Type-C""}], ""Tính năng khác"": [{""name"": ""Hệ điều hành"", ""value"": ""Android 12""}], ""Kích thước & Trọng lượng"": [{""name"": ""Kích thước"", ""value"": ""226 x 193 x 5.8 mm""}, {""name"": ""Trọng lượng"", ""value"": ""Khoảng 430g""}], ""Thông số khác"": [{""name"": ""Tương thích"", ""value"": ""Bút Stylus 4096 lực""}, {""name"": ""Công nghệ - Tiện ích"", ""value"": ""TTS, Ghi chú, Viết nguệch ngoạc, Từ điển, Lịch""}, {""name"": ""Tiện ích khác"", ""value"": ""Đèn nền 2 chế độ (Ấm + Lạnh)""}], ""Cổng kết nối"": [{""name"": ""Wi-Fi"", ""value"": ""WiFi (2.4GHz + 5GHz)""}, {""name"": ""Bluetooth"", ""value"": ""v5.0""}]}","[""https://cdn2.cellphones.com.vn/x/media/catalog/product/m/a/may-doc-sach-onyx-boox-note-air-3_1_.png"", ""https://cdn2.cellphones.com.vn/x/media/catalog/product/m/a/may-doc-sach-onyx-boox-note-air-3_4_.png"", ""https://cdn2.cellphones.com.vn/x/media/catalog/product/m/a/may-doc-sach-onyx-boox-note-air-3_5_.png"", ""https://cdn2.cellphones.com.vn/x/media/catalog/product/m/a/may-doc-sach-onyx-boox-note-air-3_3_.png"", ""https://cdn2.cellphones.com.vn/x/media/catalog/product/m/a/may-doc-sach-onyx-boox-note-air-3.png"", ""https://cdn2.cellphones.com.vn/x/media/catalog/product/m/a/may-doc-sach-onyx-boox-note-air-3_2_.png""]","{""product_color_1"": {""color"": ""Xám"", ""image_url"": ""https://cdn2.cellphones.com.vn/insecure/rs:fill:50:50/q:90/plain/https://cellphones.com.vn/media/catalog/product/m/a/may-doc-sach-onyx-boox-note-air-3_5__1.png"", ""image_url_display"": ""https://cellphones.com.vn/media/catalog/product/m/a/may-doc-sach-onyx-boox-note-air-3_5__1.png"", ""product_url"": ""https://cellphones.com.vn/may-doc-sach-onyx-boox-note-air-3.html?product_id=81219"", ""price"": ""11.990.000₫""}}"
Máy đọc sách Onyx Boox Tab Ultra C Pro,may-doc-sach-onyx-boox-tab-ultra-c-pro,19.190.000đ,17.390.000đ,"Đặc điểm nổi bật
Máy đọc sách Onyx Boox Tab Ultra C Pro sở hữu bộ nhớ trong với dung lượng đến 128GB cùng thời lượng pin 4600mAh mang đến trải nghiệm đọc sách trọn vẹn. Màn hình của máy đọc sách có kích thước 10.3 inch cùng độ phân giải 1404 x 1872 pixels. Ngoài ra, mẫu máy đọc sách Boox này cũng tích hợp công nghệ đèn nền MOON Light 2 và nhiều tính năng như bút ghi chú, từ điển,...
Nội dung chính
1. Máy đọc sách Onyx Boox Tab Ultra C Pro - Máy đọc sách sở hữu màn hình sắc nét với bộ nhớ lớn
1.1. Màn hình lớn mang đến trải nghiệm đọc sách chân thực
1.2. Khả năng lưu trữ dữ liệu vượt trội và thời lượng pin lâu dài
1.3. Thiết kế tối giản, thanh lịch
1.4. Đa dạng tính năng hữu ích
2. Mua ngay Máy đọc sách Onyx Boox Tab Ultra C Pro chính hãng tại CellphoneS
Máy đọc sách Onyx Boox Tab Ultra C Pro - Máy đọc sách sở hữu màn hình sắc nét với bộ nhớ lớn
Máy đọc sách Onyx Boox Tab Ultra C Pro là lựa chọn hoàn hảo dành cho những bạn yêu thích đọc sách hàng ngày nhưng vẫn đảm bảo an toàn cho thị lực. Với kích thước màn hình lớn cùng độ phân giải sắc nét, thiết bị mang đến những trải nghiệm đọc sách chân thực, giống với màu sắc của báo in, sách,...
Màn hình lớn mang đến trải nghiệm đọc sách chân thực
Với kích thước lên đến 10.3 inch, màn hình của máy đọc sách có khả năng hiển thị đầy đủ và rõ nét từng chi tiết có trên các trang sách, báo in hay tạp chí. Độ phân giải của hình ảnh trên màn hình đạt đến 1404 x 1872 pixels nhằm đảm bảo những chi tiết trên khung hình luôn được sắc nét.
Xem thêm: Boox Go 10.3 máy đọc sách ghi chú tiện lợi bảo vệ mắt
Màn hình của máy được trang bị công nghệ giấy màu điện tử E Ink Kaleido 3 HD nên có thể mang đến trải nghiệm đọc sách chân thực, giống với màu sắc của những trang giấy.  
Khả năng lưu trữ dữ liệu vượt trội và thời lượng pin lâu dài
Khi sử dụng dòng máy đọc sách của thương hiệu Onyx Boox, bạn có thể thoải mái lưu trữ nhiều cuốn sách, báo hay tạp chí khi thiết bị sở hữu dung lượng bộ nhớ đến 128GB. Bên cạnh đó, thiết bị còn được tích hợp dung lượng pin 4600mAh nên bạn có thể tận hưởng những giây phút đọc sách trọn vẹn mà không phải thường xuyên sạc pin cho máy.
Thiết kế tối giản, thanh lịch
Dòng máy đọc sách của thương hiệu Onyx Boox sở hữu thiết kế nguyên khối cùng gam màu đen thanh lịch bao phủ bên ngoài vỏ máy. Đặc biệt hơn, tổng khối lượng của thiết bị chỉ nặng khoảng 450g nên bạn có thể dễ dàng cầm nắm trên tay và không bị mỏi trong quá trình đọc sách. 
Đa dạng tính năng hữu ích
Chiếc máy đọc sách cũng mang đến sự tiện lợi tối ưu cho người dùng khi trang bị thêm bút Boox Pen2 Pro hỗ trợ bạn có thể vẽ hay ghi chú. Ngoài ra, máy cũng tích hợp công nghệ MOON Light 2, hệ thống đèn với khả năng điều chỉnh nhiệt độ màu. Từ điển E Reader được cài đặt  trên máy đọc sách giúp bạn tra cứu từ vựng mới nhanh chóng khi đọc sách có ngôn ngữ nước ngoài. 
Mua ngay Máy đọc sách Onyx Boox Tab Ultra C Pro chính hãng tại CellphoneS
Máy đọc sách Onyx Boox Tab Ultra C Pro mang đến những trải nghiệm đọc sách, làm việc tiện lợi nhưng vẫn giữ thị lực của bạn được an toàn. Khi chọn mua máy đọc sách Onyx Boox tại CellphoneS, bạn sẽ được hưởng nhiều chính sách ưu đãi về giá cùng gói bảo hành lên đến 12 tháng. Nhanh chóng đặt mua ngay Onyx Boox Tab Ultra C Pro chính hãng tại CellphoneS bạn nhé.","{""Màn hình"": [{""name"": ""Kích thước màn hình"", ""value"": ""10.3 inches""}, {""name"": ""Tính năng màn hình"", ""value"": ""Màn hình 10.3\"" Eink Kaleido 3 HD phủ kính chống lóa\n1404x1872 (300 dpi đen trắng, 150 dpi màu）""}], ""Camera sau"": [{""name"": ""Camera sau"", ""value"": ""16MP + Đèn Flash""}], ""Vi xử lý & đồ họa"": [{""name"": ""Chipset"", ""value"": ""Qualcomm Octa-core 2.8 Ghz""}], ""RAM & lưu trữ"": [{""name"": ""Dung lượng RAM"", ""value"": ""6 GB""}, {""name"": ""Bộ nhớ trong"", ""value"": ""128 GB""}, {""name"": ""Khe cắm thẻ nhớ"", ""value"": ""MicroSD(tối đa 2 T)""}], ""Pin & công nghệ sạc"": [{""name"": ""Pin"", ""value"": ""4600mAh""}, {""name"": ""Cổng sạc"", ""value"": ""USB Type-C""}], ""Tính năng khác"": [{""name"": ""Hệ điều hành"", ""value"": ""Android 12""}], ""Kích thước & Trọng lượng"": [{""name"": ""Kích thước"", ""value"": ""225x184.5x6.6 mm""}, {""name"": ""Trọng lượng"", ""value"": ""Khoảng 450g""}], ""Thông số khác"": [{""name"": ""Tương thích"", ""value"": ""Bút Stylus 4096 lực""}, {""name"": ""Công nghệ - Tiện ích"", ""value"": ""TTS, Ghi chú, Viết nguệch ngoạc, Từ điển, Lịch""}, {""name"": ""Tiện ích khác"", ""value"": ""Đèn nền 2 chế độ (Ấm + Lạnh)""}], ""Cổng kết nối"": [{""name"": ""Wi-Fi"", ""value"": ""WiFi (2.4GHz + 5GHz)""}, {""name"": ""Bluetooth"", ""value"": ""v5.0""}]}","[""https://cdn2.cellphones.com.vn/x/media/catalog/product/m/a/may-doc-sach-onyx-boox-tab-ultra-c-pro_3_.png"", ""https://cdn2.cellphones.com.vn/x/media/catalog/product/m/a/may-doc-sach-onyx-boox-tab-ultra-c-pro_4_.png"", ""https://cdn2.cellphones.com.vn/x/media/catalog/product/m/a/may-doc-sach-onyx-boox-tab-ultra-c-pro_1_.png"", ""https://cdn2.cellphones.com.vn/x/media/catalog/product/m/a/may-doc-sach-onyx-boox-tab-ultra-c-pro_2_.png"", ""https://cdn2.cellphones.com.vn/x/media/catalog/product/m/a/may-doc-sach-onyx-boox-tab-ultra-c-pro.png""]","{""product_color_1"": {""color"": ""Đen"", ""image_url"": ""https://cdn2.cellphones.com.vn/insecure/rs:fill:50:50/q:90/plain/https://cellphones.com.vn/media/catalog/product/m/a/may-doc-sach-onyx-boox-tab-ultra-c-pro_4__1.png"", ""image_url_display"": ""https://cellphones.com.vn/media/catalog/product/m/a/may-doc-sach-onyx-boox-tab-ultra-c-pro_4__1.png"", ""product_url"": ""https://cellphones.com.vn/may-doc-sach-onyx-boox-tab-ultra-c-pro.html?product_id=81082"", ""price"": ""17.390.000₫""}}"
Máy đọc sách Onyx Boox Tab X,may-doc-sach-onyx-boox-tab-x,N/A,N/A,"Đặc điểm nổi bật
Máy đọc sách Onyx Boox Tab X là thiết bị máy tính bảng sở hữu màn hình E Ink Carta 1250 độc đáo với kích thước lên tới 13.3 inch. Nhờ được trang bị con chip Qualcomm Octa-core, GPU BRS, 6GB RAM và 128GB ROM mà Onyx Boox Tab X sở hữu hiệu năng hàng đầu. Mẫu máy đọc sách Boox này còn được trang bị thêm bút Wacom Pen 2 Pro cũng như dễ dàng kết nối với bàn phím không dây để hỗ trợ tốt nhất cho công việc và học tập.
Nội dung chính
1. Máy đọc sách Onyx Boox Tab X - Cấu hình vượt trội, hỗ trợ tốt công việc và giải trí
1.1. Cấu hình mạnh mẽ, đảm bảo hoạt động đa tác vụ mượt mà
1.2. Kích thước lớn, tích hợp màn hình E Ink
1.3. Hỗ trợ kết nối bút stylus, bàn phím Bluetooth tiện lợi
1.4. Hoạt động bền bỉ với pin viên 6300mAh
2. Mua máy đọc sách Onyx Boox Tab X giá tốt, chính hãng tại CellphoneS
Máy đọc sách Onyx Boox Tab X - Cấu hình vượt trội, hỗ trợ tốt công việc và giải trí
Máy đọc sách Onyx Boox Tab X được trang bị cấu hình mạnh mẽ cùng khả năng kết nối bút, bàn phím không dây tiện lợi để phù hợp sử dụng bất kể là trong công việc, nghiên cứu, học tập hay giải trí. Đi kèm là kích thước màn hình lớn với khả năng hiển thị sắc nét để người dùng có được trải nghiệm đọc tốt nhất trên thiết bị E Ink này.
Xem thêm: Máy đọc sách Boox Go 10.3 -  công nghệ e-ink bảo vệ mắt 
Cấu hình mạnh mẽ, đảm bảo hoạt động đa tác vụ mượt mà
Máy đọc sách Onyx Boox Tab X được trang bị con chip Qualcomm Octa-core để có được tốc độ xử lý nhanh chóng. Onyx Boox còn trang bị cho sản phẩm GPU BRS được tích hợp công nghệ BOOX Super Refresh để mang tới khả năng làm mới nhanh chóng. Nhờ vậy mà máy đọc sách Tab X luôn mang tới tốc độ phản hồi, làm mới trang cực nhanh để người dùng thực hiện đa tác vụ.
Với 6GB RAM được tích hợp sẵn, máy đọc sách Tab X sẽ còn mang tới trải nghiệm đa nhiệm mượt mà, tránh giật lag trong quá trình sử dụng các ứng dụng khác. Đi kèm là bộ nhớ trong 128GB giúp người dùng thoải mái lưu trữ sách, truyện và cài đặt các ứng dụng theo ý muốn. Thông qua hệ điều hành mặc định Android 11, người dùng sẽ còn có thể chủ động cài đặt các ứng dụng phổ biến như Zalo, Facebook, OneNote, Google Dịch,...
Kích thước lớn, tích hợp màn hình E Ink
Máy đọc sách Onyx Boox Tab X được trang bị màn hình có kích thước 13.3 inch để mô phỏng gần chính xác kích thước của một tờ giấy A4. Thiết kế tối ưu này sẽ giúp người dùng có được trải nghiệm đọc sách chân thực hơn. Nhờ sử dụng màn hình E Ink Carta 1250 với lớp cảm ứng mỏng hơn 50%, người dùng sẽ còn có cảm giác tương tự như đang đọc sách giấy. Độ phân giải 2200 x 1650 pixel sẽ đảm bảo sự sắc nét với mọi nội dung hiển thị.
Onyx Boox Tab X được thiết kế với phần vỏ ngoài nhôm nguyên khối và các góc cạnh bo cong để mang tới sự thoải mái khi cầm, nắm thiết bị. Với độ mỏng chỉ 6.8mm và trọng lượng khoảng 560g, người dùng sẽ không gặp phải tình trạng đau, mỏi cổ tay sau thời gian dài sử dụng so với phiên bản tiền nhiệm.
Hỗ trợ kết nối bút stylus, bàn phím Bluetooth tiện lợi
Đi kèm với mỗi máy đọc sách Onyx Boox Tab X là một chiếc bút cảm ứng Pen 2 Pro. Với bút Pen 2 Pro này, người dùng có thể chủ động ghi chép trực tiếp trên máy đọc sách để phục vụ tốt hơn các nhu cầu liên quan tới học tập, nghiên cứu hay công việc. Ngoài đầu viết, bút stylus đi kèm Onyx Boox Tab X còn được tích hợp thêm một đầu tẩy để người dùng dễ dàng xóa bỏ các nét, ghi chú không cần thiết.
Không chỉ có thể sử dụng cùng bút stylus, máy đọc sách Tab X của Onyx Boox còn có thể dễ dàng kết nối với các loại bàn phím Bluetooth để thuận tiện hơn khi cần gõ văn bản. Onyx Boox đã trang bị công nghệ Bluetooth 5.0 trên mẫu máy đọc sách Tab X của mình để đảm bảo khả năng kết nối ổn định trong phạm vi lên tới 10m nhưng vẫn tiết kiệm điện năng tiêu thụ.
Hoạt động bền bỉ với pin viên 6300mAh
Máy đọc sách Onyx Boox Tab X được trang bị viên pin Li-on 6300mAh. Nhờ việc sử dụng màn hình E Ink thay cho tấm nền LCD mà máy đọc sách Tab X sở hữu thời lượng hoạt động vô cùng bền bỉ ngay cả khi kết nối mạng Wi-Fi hay Bluetooth. Thậm chí nếu chỉ sử dụng tính năng đọc sách, thiết bị có thể hoạt động trong nhiều ngày trước khi cần sạc lại.
Mua máy đọc sách Onyx Boox Tab X giá tốt, chính hãng tại CellphoneS
Máy đọc sách Onyx Boox Tab X hiện đang được phân phối chính hãng tại các cửa hàng CellphoneS trên cả nước để bạn tham khảo và đặt mua. Tại CellphoneS còn có rất nhiều các chương trình giảm giá, chiết khấu hội viên Smember, chính sách trả góp với lãi suất hấp dẫn, ưu đãi dành riêng cho học sinh - sinh viên,...để bạn luôn có cơ hội sở hữu mẫu máy đọc sách Tab X của Onyx Boox với mức giá cực tốt.","{""Màn hình"": [{""name"": ""Kích thước màn hình"", ""value"": ""13.3 inches""}, {""name"": ""Tính năng màn hình"", ""value"": ""Mobius flexible Carta1250 phủ kính chống lóa\n2200 x 1650 (207dpi）""}], ""Vi xử lý & đồ họa"": [{""name"": ""Chipset"", ""value"": ""Qualcomm Octa-core + BSR GPU""}], ""RAM & lưu trữ"": [{""name"": ""Dung lượng RAM"", ""value"": ""6 GB""}, {""name"": ""Bộ nhớ trong"", ""value"": ""128 GB""}], ""Pin & công nghệ sạc"": [{""name"": ""Pin"", ""value"": ""6300mAh""}, {""name"": ""Cổng sạc"", ""value"": ""USB Type-C""}], ""Tính năng khác"": [{""name"": ""Hệ điều hành"", ""value"": ""Android 11""}], ""Kích thước & Trọng lượng"": [{""name"": ""Kích thước"", ""value"": ""310 x 228 x 6.8mm""}, {""name"": ""Trọng lượng"", ""value"": ""Khoảng 560g""}], ""Thông số khác"": [{""name"": ""Tương thích"", ""value"": ""Bút Stylus Pen 2 Pro""}, {""name"": ""Công nghệ - Tiện ích"", ""value"": ""TTS, Ghi chú, Viết nguệch ngoạc, Từ điển, Lịch""}, {""name"": ""Tiện ích khác"", ""value"": ""Đèn nền 2 chế độ (Ấm + Lạnh)""}], ""Cổng kết nối"": [{""name"": ""Wi-Fi"", ""value"": ""WiFi (2.4GHz + 5GHz)""}, {""name"": ""Bluetooth"", ""value"": ""v5.0""}]}","[""https://cdn2.cellphones.com.vn/x/media/catalog/product/m/a/may-doc-sach-onyx-boox-tab-x.png"", ""https://cdn2.cellphones.com.vn/x/media/catalog/product/m/a/may-doc-sach-onyx-boox-tab-x_5_.png"", ""https://cdn2.cellphones.com.vn/x/media/catalog/product/m/a/may-doc-sach-onyx-boox-tab-x_4_.png"", ""https://cdn2.cellphones.com.vn/x/media/catalog/product/m/a/may-doc-sach-onyx-boox-tab-x_3_.png"", ""https://cdn2.cellphones.com.vn/x/media/catalog/product/m/a/may-doc-sach-onyx-boox-tab-x_2_.png""]",{}
