name,sku,base_price,sale_price,description,specifications,images,colors
Máy đọc sách Kindle Oasis 3 8GB,may-tinh-bang-lenovo-idea-tab-plus-wifi-8gb-128gb-zag70981vn-kem-but-ban-phim,N/A,N/A,"Đặc điểm nổi bật
Nội dung chính
1. Máy đọc sách Kindle Oasis 3 – Đọc sách thông minh thời công nghệ số
1.1. Thiết kế mỏng nhẹ và vô cùng lý tưởng để đọc bằng một tay
1.2. Màn hình độ phân giải cao, chống nước chuẩn IPX8
2. Mua ngay máy đọc sách Kindle Oasis 3 chính hãng tại CellphoneS
Máy đọc sách Kindle Oasis 3 – Đọc sách thông minh thời công nghệ số
Máy đọc sách Kindle Oasis 3 chính xác là một quyển sách di động lý tưởng dành cho nhiều bạn đọc. Với máy đọc sách như Kindle Oasis 3, người dùng có thể thưởng thức văn bản như một trang in, đọc dễ dàng và thuận tiện điều chỉnh.
Thiết kế mỏng nhẹ và vô cùng lý tưởng để đọc bằng một tay
Oasis 3 là máy đọc sách Kindle được thiết kế với độ mỏng chỉ 3.4 mm cùng kích cỡ màn hình là 7 inch. Thiết kế này giúp bạn có thể dễ dàng giữ máy trong lòng bàn tay và sử dụng bằng 1 tay. Đồng thời với lớp vỏ bóng mượt bên ngoài cũng giúp cho chiếc máy trở nên sang trọng hơn.
>> Sản phẩm tham khảo: Máy đọc sách Kindle 2024 - Giá hợp lý, lựa chọn tối ưu cho người mê đọc.
Nhờ vào kích thước nhỏ gọn nên Kindle Oasis 3 có thể dễ dàng di chuyển cùng chủ nhân đến bất cứ nơi đâu. Cùng với đó là thiết kế tập trung các phím chức năng về một bên giúp dễ dàng điều chỉnh. Độ tiện lợi của thiết bị giúp bạn có thể đọc được dù ở bất cứ nơi đâu và bạn hoàn toàn có thể đọc theo cách riêng của mình.
Màn hình độ phân giải cao, chống nước chuẩn IPX8
Máy đọc sách Kindle Oasis 3 có mật độ ảnh lên đến 300 ppi, điều này giúp cho máy có thể hiển thị văn bản với chế độ sắc nét, người dùng có thế đọc một cách dễ dàng dưới ánh nắng mặt trời. Cạnh đó, tính năng Page Flip được tích hợp giúp cho người dùng có thể tìm kiếm một cách dễ dàng hơn những ghi chú, hình ảnh và cả độ thu phóng. Kindle Oasis 3 còn giúp người dùng dễ lưu lại trang, lật sách qua vị trí lưu, kể cả là xuất và chia sẻ các ghi chú.
Kindle Oasis 3 - chiếc máy đọc sách này còn có khả năng chống nước chuẩn IPX8. Đây chính là điểm nổi bật lớn của chiếc máy này và được sự hài lòng của nhiều người hâm mộ dòng máy Kindle.
Mua ngay máy đọc sách Kindle Oasis 3 chính hãng tại CellphoneS
Máy đọc sách Kindle Oasis 3 là một sản phẩm rất tiện dùng đối với những ai thường xuyên đọc sách, hay di chuyển. Sự nhỏ gọn và tiện lợi đã giúp cho máy đọc sách được nhiều người biết đến trong những năm gần đây. Đến ngay CellphoneS để mua máy đọc sách Kindle Oasis 3 chính hãng ngay bạn nhé!","{""Màn hình"": [{""name"": ""Kích thước màn hình"", ""value"": ""7.0 inches""}, {""name"": ""Tính năng màn hình"", ""value"": ""Hỗ trợ định dạng: EPUB, EPUB3, PDF, MOBI, JPEG, GIF, PNG, BMP, TIFF, TXT, HTML, RTF, CBZ, CBR\nCông nghệ màn hình: e-ink\nMật độ ảnh 300 ppi""}], ""RAM & lưu trữ"": [{""name"": ""Bộ nhớ trong"", ""value"": ""8 GB""}], ""Kích thước & Trọng lượng"": [{""name"": ""Kích thước"", ""value"": ""159 x 141 x 3,4-8,4 mm""}, {""name"": ""Trọng lượng"", ""value"": ""188g""}], ""Pin & công nghệ sạc"": [{""name"": ""Công nghệ sạc"", ""value"": ""Sạc đầy trong khoảng 3 giờ từ sạc 5W hoặc máy tính qua cáp USB""}, {""name"": ""Cổng sạc"", ""value"": ""USB Type-C""}], ""Thông số khác"": [{""name"": ""Chỉ số kháng nước, bụi"", ""value"": ""IPX 8""}], ""Cổng kết nối"": [{""name"": ""Wi-Fi"", ""value"": ""Có""}]}","[""https://cdn2.cellphones.com.vn/x/media/catalog/product/k/_/k_x_m.png"", ""https://cdn2.cellphones.com.vn/x/media/catalog/product/d/v/dvfb.png"", ""https://cdn2.cellphones.com.vn/x/media/catalog/product/_/a/_a_xen.png"", ""https://cdn2.cellphones.com.vn/x/media/catalog/product/s/p/sp-kindle-oasis-3-vn.jpg"", ""https://cdn2.cellphones.com.vn/x/media/catalog/product/5/5/55c5287a4c017dbe2aff145c409963ff.jpg"", ""https://cdn2.cellphones.com.vn/x/media/catalog/product/c/h/ch_ng_n_c.jpg""]","{""product_color_1"": {""color"": ""Vàng"", ""image_url"": ""https://cdn2.cellphones.com.vn/insecure/rs:fill:50:50/q:90/plain/https://cellphones.com.vn/media/catalog/product/_/a/_a_xen_1.png"", ""image_url_display"": ""https://cellphones.com.vn/media/catalog/product/_/a/_a_xen_1.png"", ""product_url"": ""https://cellphones.com.vn/may-doc-sach-kindle-oasis-3.html?product_id=49967"", ""price"": ""8.990.000₫""}, ""product_color_2"": {""color"": ""Bạc"", ""image_url"": ""https://cdn2.cellphones.com.vn/insecure/rs:fill:50:50/q:90/plain/https://cellphones.com.vn/media/catalog/product/k/_/k_x_m_1.png"", ""image_url_display"": ""https://cellphones.com.vn/media/catalog/product/k/_/k_x_m_1.png"", ""product_url"": ""https://cellphones.com.vn/may-doc-sach-kindle-oasis-3.html?product_id=49963"", ""price"": ""8.990.000₫""}, ""product_color_3"": {""color"": ""Xám"", ""image_url"": ""https://cdn2.cellphones.com.vn/insecure/rs:fill:50:50/q:90/plain/https://cellphones.com.vn/media/catalog/product/s/c/screenshot_15_1_2_1.png"", ""image_url_display"": ""https://cellphones.com.vn/media/catalog/product/s/c/screenshot_15_1_2_1.png"", ""product_url"": ""https://cellphones.com.vn/may-doc-sach-kindle-oasis-3.html?product_id=55850"", ""price"": ""7.990.000₫""}}"
Máy đọc sách Kindle Paperwhite 5 32GB (Bản không quảng cáo),may-tinh-bang-lenovo-yoga-tab-tb710,5.990.000đ,5.590.000đ,"Đặc điểm nổi bật
Máy đọc sách Kindle Paperwhite 5 32GB không quảng cáo sở hữu màn hình 6.8 inch với viền mỏng, độ phân giải 300 ppi cùng tốc độ phản hồi lật trang nhanh. Mẫu máy đọc sách Kindle này có hệ thống đèn nền kép với tùy chỉnh ánh sáng ấm/lạnh, giúp bảo vệ mắt khi đọc vào ban đêm. Bên cạnh đó, dung lượng lưu trữ 32GB cho phép lưu hàng nghìn cuốn sách, cùng thời lượng pin lên đến 10 tuần chỉ với một lần sạc.
Nội dung chính
1. Máy đọc sách Kindle Paperwhite 5 32GB không quảng cáo - Hiển thị chất lượng 
1.1. Lưu trữ hàng nghìn đầu sách
1.2. Màn hình lớn hơn và viền mỏng hơn, lật trang nhanh hơn 
1.3. Hệ thống đèn nền kép và thời lượng pin ấn tượng lên đến 10 tuần 
1.4. Đọc thoải mái với thời lượng pin ấn tượng lên đến 10 tuần và chuẩn IPX8  
2. Mua máy đọc sách Kindle Paperwhite 5 32GB không quảng cáo chính hãng tại CellphoneS
Máy đọc sách Kindle Paperwhite 5 32GB không quảng cáo - Hiển thị chất lượng 
Máy đọc sách Kindle Paperwhite 5 32GB không quảng cáo là một thiết bị đọc sách điện tử lý tưởng cho những ai yêu thích sự tiện lợi và trải nghiệm đọc sách tự nhiên. Với nhiều cải tiến so với phiên bản trước, máy sở hữu màn hình 6,8 inch không chói cùng thời lượng pin cực kỳ ấn tượng, cho phép bạn tận hưởng trải nghiệm ngoài mong đợi.
Lưu trữ hàng nghìn đầu sách
Kindle Paperwhite 5 mang đến cho người dùng khả năng lưu trữ khổng lồ với bộ nhớ 32GB, đủ chỗ cho hàng nghìn đầu sách. Dù đang di chuyển hay nghỉ ngơi tại nhà, bạn luôn có hàng loạt lựa chọn sách chỉ trong tầm tay. Kèm theo đó là bộ nhớ đám mấy giúp người dùng tiện lợi hơn trong việc đồng bộ sách từ các thiết bị khác đến Kindle Paper White 5.
>> Sản phẩm tham khảo: Máy đọc sách Kindle 2024 | Dung lượng 16GB, thoải mái lưu trữ hàng nghìn cuốn sách dễ dàng.
Màn hình lớn hơn và viền mỏng hơn, lật trang nhanh hơn 
Máy đọc sách Kindle Paperwhite 5 32GB không quảng cáo mang đến trải nghiệm đọc cải tiến với màn hình lớn 6,8 inch và viền mỏng hơn, giúp tăng cường diện tích hiển thị. Màn hình chống lóa với độ phân giải 300 ppi mang lại hình ảnh sắc nét, giúp việc đọc trở nên dễ dàng và thoải mái, ngay cả khi ở ngoài trời. Đặc biệt là tốc độ lật trang nhanh hơn 20% so với các phiên bản trước, giúp bạn di chuyển giữa các trang sách một cách mượt mà hơn.
Máy đọc sách Kindle Paperwhite 5 sở hữu thiết kế mỏng và nhẹ, dễ dàng mang theo và đọc ở bất cứ đâu. Vỏ bảo vệ được thiết kế có khả năng gập lại để bạn có thể đọc sách chỉ với một tay. Đặc biệt, tính năng tự động chuyển sang chế độ ngủ khi đóng và đánh thức khi mở hỗ trợ người dùng dễ dàng tiếp tục câu chuyện của mình ngay từ nơi đã dừng lại. 
Hệ thống đèn nền kép và thời lượng pin ấn tượng lên đến 10 tuần 
Máy đọc sách Kindle Paperwhite 5 32GB không quảng cáo được trang bị hệ thống đèn nền kép với khả năng điều chỉnh tông màu từ trắng đến vàng, tương tự như trên các dòng cao cấp hơn như Kindle Oasis 3. Người dùng có thể dễ dàng điều chỉnh ánh sáng ấm hoặc lạnh tùy theo sở thích và hoàn cảnh sử dụng, mang lại sự thoải mái tuyệt đối khi đọc.
Nhờ thiết kế màn hình phẳng và không có chói lóa, Kindle Paperwhite 5 giúp người dùng tập trung hoàn toàn vào nội dung sách. Hệ thống đèn nền dịu nhẹ cũng hỗ trợ cho những người đọc sách lâu dài mà không gặp phải tình trạng mỏi mắt hay khó chịu.
Đọc thoải mái với thời lượng pin ấn tượng lên đến 10 tuần và chuẩn IPX8  
Máy đọc sách Kindle Paperwhite 5 32GB không quảng cáo nổi bật với khả năng chống thấm nước theo tiêu chuẩn IPX8. Với khả năng chống ngâm nước trong tối đa 2 mét nước ngọt trong 60 phút và 0,25 mét nước biển trong 3 phút, người dùng hoàn toàn có trải nghiệm đọc theo ý muốn trong môi trường ẩm ướt như bãi biển hay trong bồn tắm.
Bên cạnh đó, Kindle Paperwhite 5 được trang bị viên pin mạnh mẽ, có thể duy trì sử dụng lên đến 10 tuần sau mỗi lần sạc đầy. Điểm cộng nữa là cổng sạc USB Type-C hiện đại, đáp ứng mong đợi của nhiều người dùng. Ngoài ra, với phiên bản không quảng cáo, người dùng có thể hoàn toàn tập trung vào trải nghiệm đọc mà không bị gián đoạn bởi các quảng cáo không cần thiết.
Mua máy đọc sách Kindle Paperwhite 5 32GB không quảng cáo chính hãng tại CellphoneS
Nếu người dùng đang tìm mua máy đọc sách chất lượng, đừng bỏ lỡ máy đọc sách Kindle Paperwhite 5 32GB không quảng cáo tại cửa hàng CellphoneS. Đặc biệt, khách hàng có cơ hội săn sale máy đọc sách Kindle trong dịp sale phụ kiện, Black Friday, Black Friday,lễ Tết, 8/3, 20/10… Liên hệ ngay qua hotline 1800.2097 để biết thêm thông tin về Kindle Paperwhite 5 32GB không quảng cáo.","{""Màn hình"": [{""name"": ""Kích thước màn hình"", ""value"": ""6.8 inches""}, {""name"": ""Tính năng màn hình"", ""value"": ""Công nghệ màn hình 6,8\"", 300 ppi\nCông nghệ phông chữ được tối ưu hóa, thang màu xám 16 cấp.""}], ""RAM & lưu trữ"": [{""name"": ""Bộ nhớ trong"", ""value"": ""32 GB""}], ""Kích thước & Trọng lượng"": [{""name"": ""Kích thước"", ""value"": ""174.2 x 124.6 x 8.1 mm""}, {""name"": ""Trọng lượng"", ""value"": ""205 g""}], ""Pin & công nghệ sạc"": [{""name"": ""Công nghệ sạc"", ""value"": ""Sạc đầy trong khoảng 5 giờ từ máy tính qua cáp USB\nSạc đầy trong vòng chưa đầy 2,5 giờ với bộ đổi nguồn USB 9W.""}, {""name"": ""Cổng sạc"", ""value"": ""USB Type-C""}], ""Thông số khác"": [{""name"": ""Chỉ số kháng nước, bụi"", ""value"": ""IPX8""}, {""name"": ""Công nghệ - Tiện ích"", ""value"": ""Trình đọc màn hình VoiceView\nKhả dụng qua âm thanh Bluetooth\nCung cấp phản hồi bằng giọng nói cho phép bạn điều hướng thiết bị của mình và đọc sách với tính năng chuyển văn bản thành giọng nói (chỉ khả dụng bằng tiếng Anh).""}, {""name"": ""Tiện ích khác"", ""value"": ""Lưu trữ đám mây miễn phí cho tất cả nội dung Amazon.""}], ""Cổng kết nối"": [{""name"": ""Wi-Fi"", ""value"": ""Hỗ trợ mạng 2,4 GHz và 5,0 GHz""}]}","[""https://cdn2.cellphones.com.vn/x/media/catalog/product/m/a/may-doc-sach-kindle-paperwhite-5-kids-16gb_2.png"", ""https://cdn2.cellphones.com.vn/x/media/catalog/product/h/o/honor-x6b-6gb-128gb_7_.png"", ""https://cdn2.cellphones.com.vn/x/media/catalog/product/h/o/honor-x6b-6gb-128gb_6__1.png"", ""https://cdn2.cellphones.com.vn/x/media/catalog/product/m/a/may-doc-sach-kindle-paperwhite-5-kids-16gb_3__1.png""]","{""product_color_1"": {""color"": ""Xanh lam"", ""image_url"": ""https://cdn2.cellphones.com.vn/insecure/rs:fill:50:50/q:90/plain/https://cellphones.com.vn/media/catalog/product/h/o/honor-x6b-6gb-128gb_6__1_1.png"", ""image_url_display"": ""https://cellphones.com.vn/media/catalog/product/h/o/honor-x6b-6gb-128gb_6__1_1.png"", ""product_url"": ""https://cellphones.com.vn/may-doc-sach-kindle-paperwhite-5-32gb-khong-quang-cao.html?product_id=93901"", ""price"": ""5.590.000₫""}, ""product_color_2"": {""color"": ""Xanh"", ""image_url"": ""https://cdn2.cellphones.com.vn/insecure/rs:fill:50:50/q:90/plain/https://cellphones.com.vn/media/catalog/product/h/o/honor-x6b-6gb-128gb_7__1.png"", ""image_url_display"": ""https://cellphones.com.vn/media/catalog/product/h/o/honor-x6b-6gb-128gb_7__1.png"", ""product_url"": ""https://cellphones.com.vn/may-doc-sach-kindle-paperwhite-5-32gb-khong-quang-cao.html?product_id=93902"", ""price"": ""5.590.000₫""}, ""product_color_3"": {""color"": ""Đen"", ""image_url"": ""https://cdn2.cellphones.com.vn/insecure/rs:fill:50:50/q:90/plain/https://cellphones.com.vn/media/catalog/product/m/a/may-doc-sach-kindle-paperwhite-5-kids-16gb_3.png"", ""image_url_display"": ""https://cellphones.com.vn/media/catalog/product/m/a/may-doc-sach-kindle-paperwhite-5-kids-16gb_3.png"", ""product_url"": ""https://cellphones.com.vn/may-doc-sach-kindle-paperwhite-5-32gb-khong-quang-cao.html?product_id=93841"", ""price"": ""5.590.000₫""}}"
"Máy tính bảng Lenovo Idea Tab Plus Matte Edition Wifi 8GB 128GB ZAG70981VN kèm bút, bàn phím",may-tinh-bang-lenovo-idea-tab-wifi-zafr0366vn-kem-op-va-but,N/A,N/A,"Đặc điểm nổi bật
Máy tính bảng Lenovo Idea Tab Plus WIFI 8GB 128GB ZAG70981VN xám kèm bút, bàn phím sở hữu màn hình 12.1 inch sắc nét, RAM 8GB và bộ nhớ 128GB. Máy được trang bị chip xử lý hiệu năng MediaTek Dimensity 6400 cùng viên pin dung lượng khủng lên đến 10,200mAh. Cùng với đó, mẫu máy tính bảng Lenovo này còn sở hữu camera chính 13MP, camera trước 8MP.
Nội dung chính
1. Máy tính bảng Lenovo Idea Tab Plus WIFI 8GB 128GB ZAG70981VN xám kèm bút, bàn phím - Trải nghiệm đỉnh cao cùng công nghệ tiên tiến
1.1. Đa nhiệm mượt mà với bộ nhớ RAM 8GB và vi xử lý MediaTek 6400
1.2. Trải nghiệm hình ảnh sắc nét, chân thực và đầy lôi cuốn
1.3. Hỗ trợ bút cảm ứng và kết nối bàn phím rời chuyên nghiệp
1.4. Dung lượng pin lớn cho trải nghiệm suốt ngày dài
1.5. Ghi lại nhiều khoảnh khắc với camera 13MP
2. Mua máy tính bảng Lenovo Idea Tab Plus WIFI 8GB 128GB ZAG70981VN kèm bút, bàn phím giá tốt tại CellphoneS
Máy tính bảng Lenovo Idea Tab Plus WIFI 8GB 128GB ZAG70981VN xám kèm bút, bàn phím - Trải nghiệm đỉnh cao cùng công nghệ tiên tiến
Máy tính bảng Lenovo Idea Tab Plus WIFI 8GB 128GB ZAG70981VN sở hữu cấu hình mạnh mẽ cùng bộ phụ kiện bút và bàn phím đi kèm vô cùng tiện dụng. Cùng tìm hiểu những ưu thế vượt trội của sản phẩm này ngay dưới đây:
Xem thêm","{""Vi xử lý & đồ họa"": [{""name"": ""Lenovo Tab"", ""value"": ""Lenovo Idea Tab""}, {""name"": ""Chipset"", ""value"": ""MediaTek Dimensity 6400""}, {""name"": ""GPU"", ""value"": ""Arm Mali-G57 MC2""}], ""Màn hình"": [{""name"": ""Kích thước màn hình"", ""value"": ""12.1 inches""}, {""name"": ""Công nghệ màn hình"", ""value"": ""IPS""}, {""name"": ""Độ phân giải màn hình"", ""value"": ""2560 x 1600 pixels (2.5K)""}, {""name"": ""Tính năng màn hình"", ""value"": ""Tần số quét 90Hz\n600nits (điển hình) - 800nits (HBM)\nChống chói giống như giấy\n96% DCI-P3\nCảm ứng đa điểm 10 điểm""}], ""Camera sau"": [{""name"": ""Camera sau"", ""value"": ""8MP""}], ""Camera trước"": [{""name"": ""Camera trước"", ""value"": ""13MP""}], ""RAM & lưu trữ"": [{""name"": ""Dung lượng RAM"", ""value"": ""8 GB""}, {""name"": ""Bộ nhớ trong"", ""value"": ""128 GB""}, {""name"": ""Khe cắm thẻ nhớ"", ""value"": ""microSD, hỗ trợ lên đến 2TB""}], ""Pin & công nghệ sạc"": [{""name"": ""Pin"", ""value"": ""10200 mAh""}, {""name"": ""Công nghệ sạc"", ""value"": ""10V/4,5A (45W)""}, {""name"": ""Cổng sạc"", ""value"": ""USB Type-C""}], ""Tính năng khác"": [{""name"": ""Hệ điều hành"", ""value"": ""Android™ 15 trở lên""}], ""Bộ xử lý & Đồ họa"": [{""name"": ""Loại CPU"", ""value"": ""8C, 2x A76 @2.5GHz + 6x A55@2.0GHz""}], ""Kích thước & Trọng lượng"": [{""name"": ""Kích thước"", ""value"": ""278,8 x 181,05 x 6,29mm""}, {""name"": ""Trọng lượng"", ""value"": ""Khoảng 530 g""}], ""Thông số khác"": [{""name"": ""Chỉ số kháng nước, bụi"", ""value"": ""IP52""}, {""name"": ""Công nghệ âm thanh"", ""value"": ""4 loa, Dolby Atmos®""}], ""Tiện ích khác"": [{""name"": ""Các loại cảm biến"", ""value"": ""Cảm biến gia tốc, Cảm biến ánh sáng, Con quay hồi chuyển""}], ""Cổng kết nối"": [{""name"": ""Wi-Fi"", ""value"": ""Wi-Fi® 5, 802.11ac 1x1""}, {""name"": ""Bluetooth"", ""value"": ""BT5.2""}], ""Giao tiếp & kết nối"": [{""name"": ""GPS"", ""value"": ""GPS + GLONASS + Galileo""}]}","[""https://cdn2.cellphones.com.vn/x/media/catalog/product/l/e/lenovo-idea-tab-plus-multiphoto.jpg"", ""https://cdn2.cellphones.com.vn/x/media/catalog/product/l/e/lenovo-idea-tab-plus-multiphoto-1.jpg"", ""https://cdn2.cellphones.com.vn/x/media/catalog/product/l/e/lenovo-idea-tab-plus-multiphoto-2.jpg"", ""https://cdn2.cellphones.com.vn/x/media/catalog/product/l/e/lenovo-idea-tab-plus-multiphoto-3.jpg"", ""https://cdn2.cellphones.com.vn/x/media/catalog/product/m/a/may-tinh-bang-lenovo-idea-tab-plus-wifi-8gb-128gb-zag70981vn.jpg"", ""https://cdn2.cellphones.com.vn/x/media/catalog/product/l/e/lenovo-idea-tab-plus-wifi-8gb-128gb-zag70981vn-kem-but-ban-phim.jpg"", ""https://cdn2.cellphones.com.vn/x/media/catalog/product/m/a/may-tinh-bang-lenovo-idea-tab-plus-wifi-8gb-128gb-zag70981vn-kem-but-ban-phim.jpg"", ""https://cdn2.cellphones.com.vn/x/media/catalog/product/m/a/may-tinh-bang-lenovo-idea-tab-plus-wifi-8gb-128gb-zag70981vn-kem-but-ban-phim-1.jpg"", ""https://cdn2.cellphones.com.vn/x/media/catalog/product/m/a/may-tinh-bang-lenovo-idea-tab-plus-wifi-8gb-128gb-zag70981vn-kem-but-ban-phim-2.jpg"", ""https://cdn2.cellphones.com.vn/x/media/catalog/product/m/a/may-tinh-bang-lenovo-idea-tab-plus-wifi-8gb-128gb-zag70981vn-kem-but-ban-phim-3.jpg"", ""https://cdn2.cellphones.com.vn/x/media/catalog/product/m/a/may-tinh-bang-lenovo-idea-tab-plus-wifi-8gb-128gb-zag70981vn-kem-but-ban-phim-4.jpg""]","{""product_color_1"": {""color"": ""Xám"", ""image_url"": ""https://cdn2.cellphones.com.vn/insecure/rs:fill:50:50/q:90/plain/https://cellphones.com.vn/media/catalog/product/m/a/may-tinh-bang-lenovo-idea-tab-plus-wifi-8gb-128gb-zag70981vn_1.jpg"", ""image_url_display"": ""https://cellphones.com.vn/media/catalog/product/m/a/may-tinh-bang-lenovo-idea-tab-plus-wifi-8gb-128gb-zag70981vn_1.jpg"", ""product_url"": ""https://cellphones.com.vn/may-tinh-bang-lenovo-idea-tab-plus-wifi-8gb-128gb-zag70981vn-kem-but-ban-phim.html?product_id=130242"", ""price"": ""9.890.000₫""}}"
"Máy tính bảng Lenovo Yoga Tab Wifi 12GB 256GB TB710 ZAG60105VN kèm bàn phím, bút",may-tinh-bang-lenovo-idea-tab-wifi-zafr0402vn-kem-but,17.990.000đ,17.090.000đ,"Đặc điểm nổi bật
Máy tính bảng Lenovo Yoga Tab TB710 trang bị chip Snapdragon 8 Gen 3, RAM 12GB LPDDR5x cùng bộ nhớ 256GB UFS 4.0 cho trải nghiệm hiệu năng mạnh mẽ. Sản phẩm có màn hình LTPS 11.1 inch 3.2K tần số quét 144Hz giúp hiển thị sắc nét. Yoga Tab TB710 còn có viên pin 8860mAh và hệ thống âm thanh Dolby Atmos 4 loa.
Nội dung chính
1. Máy tính bảng Lenovo Yoga Tab TB710 – Hiệu năng mạnh mẽ, màn hình sắc nét 
1.1. Chip Snapdragon 8 Gen 3 cho hiệu năng mạnh mẽ
1.2. RAM LPDDR5x và bộ nhớ UFS 4.0 cho trải nghiệm mượt mà
1.3. Thiết kế mỏng nhẹ, màn hình 3.2K 144Hz rõ nét
1.4. Đi kèm bút và bàn phím, hỗ trợ Wi-Fi 7 và Bluetooth 5.4
1.5. Pin lớn 8860mAh, sạc nhanh 45W
1.6. Cụm camera kép 13MP, hệ thống âm thanh Dolby Atmos 
2. Mua máy tính bảng Lenovo Yoga Tab TB710 uy tín tại CellphoneS
Máy tính bảng Lenovo Yoga Tab TB710 – Hiệu năng mạnh mẽ, màn hình sắc nét 
Lenovo Yoga Tab TB710 hướng tới trải nghiệm làm việc và giải trí linh hoạt với thiết kế kim loại mỏng nhẹ. Sự kết hợp giữa sức mạnh của phần cứng và khả năng hiển thị vượt trội giúp thiết bị đáp ứng nhiều nhu cầu sử dụng của người dùng hiện nay.
Chip Snapdragon 8 Gen 3 cho hiệu năng mạnh mẽ
Máy tính bảng Lenovo Yoga Tab TB710 được trang bị vi xử lý Qualcomm Snapdragon 8 Gen 3 (QCM8650Q) với 6 nhân. Trong đó bao gồm 1 nhân Cortex-X4 tốc độ 3.3GHz, 4 nhân Cortex-A720 2.95GHz và 1 nhân Cortex-A520 2.1GHz. 
Yoga Tab TB710 sử dụng chip Snapdragon 8 Gen 3
Cấu hình này giúp máy xử lý nhanh và ổn định hơn khi người dùng cần mở nhiều ứng dụng hoặc chạy các tác vụ nặng. GPU Adreno 750 tích hợp giúp tối ưu khả năng xử lý đồ họa, hỗ trợ tốt cho nhu cầu xem video chất lượng cao và chơi game.
RAM LPDDR5x và bộ nhớ UFS 4.0 cho trải nghiệm mượt mà
Máy tính bảng Lenovo Yoga Tab TB710 sở hữu RAM 12GB LPDDR5x tích hợp sẵn cùng bộ nhớ 256GB UFS 4.0, mang lại khả năng truy xuất dữ liệu nhanh chóng. Không gian lưu trữ rộng giúp tải ứng dụng, lưu trữ video, tài liệu hay hình ảnh tiện lợi.
Lenovo Yoga Tab TB710 có không gian lưu trữ rộng
Sự kết hợp giữa RAM LPDDR5x và bộ nhớ UFS 4.0 hiện đại giúp các thao tác, chuyển đổi ứng dụng diễn ra mượt mà. Nhờ đó, Lenovo Yoga Tab TB710 duy trì hiệu suất ổn định và giảm thiểu tình trạng giật lag trong quá trình sử dụng lâu dài.
Thiết kế mỏng nhẹ, màn hình 3.2K 144Hz rõ nét
Máy tính bảng Lenovo Yoga Tab TB710 gây ấn tượng với thiết kế kim loại nguyên khối màu Luna Grey, độ mỏng chỉ 6.2mm và trọng lượng khoảng 458g. Nhờ đó, người dùng có thể thuận tiện mang theo khi ra ngoài làm việc, đến thư viện hoặc quán cà phê.
Thiết kế viền mỏng 6.2mm, trọng lượng nhẹ chỉ 458g
Màn hình LTPS 11.1 inch độ phân giải 3.2K (3200x2000) cho chất lượng hiển thị rõ nét, chi tiết và chân thực. Gam màu 98% DCI-P3, độ sáng tối đa 800 nits cùng tần số quét 144Hz giúp hình ảnh hiển thị mượt mà, sống động hơn. Viền mỏng đạt tỷ lệ hiển thị 88% tạo cảm giác rộng rãi, hiện đại và thu hút ánh nhìn.
Đi kèm bút và bàn phím, hỗ trợ Wi-Fi 7 và Bluetooth 5.4
Máy tính bảng Lenovo Yoga Tab TB710 đi kèm bút Tab Pen Pro và bàn phím Lenovo Keyboard Pack, mang đến trải nghiệm nhập liệu linh hoạt trong học tập và công việc. Bút cảm ứng cho phép viết, vẽ phác thảo và ghi chú trực tiếp trên màn hình cảm ứng, hỗ trợ người dùng sáng tạo nội dung hoặc chỉnh sửa tài liệu nhanh chóng.
Thiết bị đi kèm bút và bàn phím
Bên cạnh đó, sản phẩm cũng hỗ trợ Wi-Fi 7 cùng Bluetooth 5.4 đem đến tốc độ truyền dữ liệu nhanh chóng, đảm bảo kết nối mượt mà. Cổng USB-C 3.2 Gen 1 giúp sạc, truyền âm thanh và xuất hình dễ dàng, nâng cao tính linh hoạt trong nhiều tình huống sử dụng.
Pin lớn 8860mAh, sạc nhanh 45W
Máy tính bảng Lenovo Yoga Tab TB710 sở hữu viên pin dung lượng 8860mAh, đáp ứng tốt nhu cầu học tập, làm việc và giải trí cả ngày dài. Thiết bị hỗ trợ sạc nhanh 45W với nguồn vào 5~11V/4.5A, giúp sạc pin nhanh và tiết kiệm thời gian.
Lenovo Yoga Tab TB710 có thể sử dụng cả ngày dài
Công suất sạc ổn định giúp duy trì hiệu suất an toàn, giảm sinh nhiệt trong quá trình sử dụng. Pin được tối ưu bằng phần mềm, kéo dài tuổi thọ và đảm bảo trải nghiệm mượt mà lâu dài.
Cụm camera kép 13MP, hệ thống âm thanh Dolby Atmos 
Máy tính bảng Lenovo Yoga Tab TB710 được trang bị camera trước 13MP cùng cụm camera sau gồm 13MP và 2MP kèm đèn flash, hỗ trợ chụp ảnh và quay video rõ nét. Camera trước mang lại hình ảnh ổn định, chi tiết khi gọi video, học hoặc họp trực tuyến.
Cụm camera kép 13MP+2MP
Hơn nữa, thiết bị sở hữu hệ thống âm thanh Dolby Atmos gồm 4 loa (2 loa tweeter và 2 loa woofer) giúp tái tạo âm thanh sống động, có chiều sâu và cân bằng. Hai micro tích hợp cho khả năng thu âm rõ ràng, phục vụ tốt cho các cuộc gọi video hoặc giải trí.
Mua máy tính bảng Lenovo Yoga Tab TB710 uy tín tại CellphoneS
CellphoneS là địa chỉ phân phối máy tính bảng Lenovo Yoga Tab TB710 uy tín, đảm bảo chính hãng và có chính sách bảo hành đầy đủ. Sản phẩm cũng được đi kèm bảo hành 1 đổi 1 nếu có lỗi từ nhà sản xuất, bảo đảm sự an tâm khi sử dụng. Khách hàng có thể dễ dàng mua hàng online và được nhận nhiều ưu đãi hấp dẫn. Đặt hàng ngay hôm nay để nhận ưu đãi và dịch vụ giao hàng nhanh chóng, tiện lợi.","{""Vi xử lý & đồ họa"": [{""name"": ""Lenovo Tab"", ""value"": ""Lenovo Yoga Tab""}, {""name"": ""Chipset"", ""value"": ""Qualcomm® Snapdragon® 8 Gen 3""}, {""name"": ""GPU"", ""value"": ""Qualcomm® Adreno™ 750""}], ""Màn hình"": [{""name"": ""Kích thước màn hình"", ""value"": ""11.1 inches""}, {""name"": ""Công nghệ màn hình"", ""value"": ""LTPS LCD""}, {""name"": ""Độ phân giải màn hình"", ""value"": ""3200 x 2000 pixel (3.2K)""}, {""name"": ""Tính năng màn hình"", ""value"": ""Độ sáng 600-800 nits, Tần số quét 144Hz, Độ phủ màu 98% DCI-P3, Đạt chứng nhận TÜV Rheinland""}], ""Camera sau"": [{""name"": ""Camera sau"", ""value"": ""13MP + 2MP""}, {""name"": ""Tính năng camera"", ""value"": ""Có đèn flash, hỗ trợ chụp ảnh cơ bản""}], ""Camera trước"": [{""name"": ""Camera trước"", ""value"": ""13MP""}], ""Giao tiếp & kết nối"": [{""name"": ""Công nghệ NFC"", ""value"": ""Không""}], ""RAM & lưu trữ"": [{""name"": ""Dung lượng RAM"", ""value"": ""12 GB""}, {""name"": ""Bộ nhớ trong"", ""value"": ""256 GB""}], ""Pin & công nghệ sạc"": [{""name"": ""Pin"", ""value"": ""8860mAh""}, {""name"": ""Công nghệ sạc"", ""value"": ""Sạc nhanh tối đa 45W""}, {""name"": ""Cổng sạc"", ""value"": ""USB Type-C""}], ""Tính năng khác"": [{""name"": ""Hệ điều hành"", ""value"": ""Android™ 15""}], ""Bộ xử lý & Đồ họa"": [{""name"": ""Loại CPU"", ""value"": ""6 nhân (1x Cortex-X4 3.3GHz + 4x Cortex-A720 2.95GHz + 1x Cortex-A520 2.1GHz)""}], ""Kích thước & Trọng lượng"": [{""name"": ""Kích thước"", ""value"": ""255.52 × 165.84 × 6.2 mm""}, {""name"": ""Trọng lượng"", ""value"": ""Khoảng 458 g""}], ""Thiết kế & Trọng lượng"": [{""name"": ""Chất liệu mặt lưng"", ""value"": ""Kim loại""}, {""name"": ""Chất liệu khung viền"", ""value"": ""Kim loại""}], ""Thông số khác"": [{""name"": ""Chỉ số kháng nước, bụi"", ""value"": ""IP53""}, {""name"": ""Công nghệ âm thanh"", ""value"": ""Hệ thống 4 loa (2 loa tweeter + 2 loa woofer), Dolby Atmos®""}], ""Tiện ích khác"": [{""name"": ""Các loại cảm biến"", ""value"": ""Cảm biến gia tốc, Con quay hồi chuyển""}], ""Cổng kết nối"": [{""name"": ""Wi-Fi"", ""value"": ""Wi-Fi® 7 (802.11be) 2x2""}, {""name"": ""Bluetooth"", ""value"": ""v5.4""}], ""Thông tin chung"": [{""name"": ""Thời điểm ra mắt"", ""value"": ""08/2025""}]}","[""https://cdn2.cellphones.com.vn/x/media/catalog/product/l/e/lenovo-yoga-tab-tb710-8_1.jpg"", ""https://cdn2.cellphones.com.vn/x/media/catalog/product/l/e/lenovo-yoga-tab-tb710-7_1.jpg"", ""https://cdn2.cellphones.com.vn/x/media/catalog/product/l/e/lenovo-yoga-tab-tb710-6_1.jpg"", ""https://cdn2.cellphones.com.vn/x/media/catalog/product/l/e/lenovo-yoga-tab-tb710-9_1.jpg"", ""https://cdn2.cellphones.com.vn/x/media/catalog/product/l/e/lenovo-yoga-tab-tb710-11.jpg"", ""https://cdn2.cellphones.com.vn/x/media/catalog/product/l/e/lenovo-yoga-tab-tb710-10.jpg"", ""https://cdn2.cellphones.com.vn/x/media/catalog/product/l/e/lenovo-yoga-tab-tb710-12.jpg"", ""https://cdn2.cellphones.com.vn/x/media/catalog/product/l/e/lenovo-yoga-tab-tb710-13.jpg"", ""https://cdn2.cellphones.com.vn/x/media/catalog/product/l/e/lenovo-yoga-tab-tb710-14.jpg"", ""https://cdn2.cellphones.com.vn/x/media/catalog/product/l/e/lenovo-yoga-tab-tb710-15.jpg"", ""https://cdn2.cellphones.com.vn/x/media/catalog/product/l/e/lenovo-yoga-tab-tb710-4_1.jpg"", ""https://cdn2.cellphones.com.vn/x/media/catalog/product/l/e/lenovo-yoga-tab-tb710-2_2.jpg"", ""https://cdn2.cellphones.com.vn/x/media/catalog/product/l/e/lenovo-yoga-tab-tb710_3.jpg"", ""https://cdn2.cellphones.com.vn/x/media/catalog/product/l/e/lenovo-yoga-tab-tb710-3_1.jpg"", ""https://cdn2.cellphones.com.vn/x/media/catalog/product/l/e/lenovo-yoga-tab-tb710-1_2.jpg"", ""https://cdn2.cellphones.com.vn/x/media/catalog/product/l/e/lenovo-yoga-tab-tb710.jpg"", ""https://cdn2.cellphones.com.vn/x/media/catalog/product/m/a/may-tinh-bang-asus-yoga-tab-tb710-1.jpg"", ""https://cdn2.cellphones.com.vn/x/media/catalog/product/m/a/may-tinh-bang-asus-yoga-tab-tb710-6.jpg"", ""https://cdn2.cellphones.com.vn/x/media/catalog/product/m/a/may-tinh-bang-asus-yoga-tab-tb710-2.jpg"", ""https://cdn2.cellphones.com.vn/x/media/catalog/product/m/a/may-tinh-bang-asus-yoga-tab-tb710-3.jpg"", ""https://cdn2.cellphones.com.vn/x/media/catalog/product/m/a/may-tinh-bang-asus-yoga-tab-tb710-5.jpg"", ""https://cdn2.cellphones.com.vn/x/media/catalog/product/m/a/may-tinh-bang-asus-yoga-tab-tb710-4.jpg""]","{""product_color_1"": {""color"": ""Xám"", ""image_url"": ""https://cdn2.cellphones.com.vn/insecure/rs:fill:50:50/q:90/plain/https://cellphones.com.vn/media/catalog/product/l/e/lenovo-yoga-tab-tb710-4_2.jpg"", ""image_url_display"": ""https://cellphones.com.vn/media/catalog/product/l/e/lenovo-yoga-tab-tb710-4_2.jpg"", ""product_url"": ""https://cellphones.com.vn/may-tinh-bang-lenovo-yoga-tab-tb710.html?product_id=118674"", ""price"": ""17.090.000₫""}}"
Máy tính bảng Lenovo Idea Tab Wifi 8GB 128GB ZAFR0366VN kèm ốp lưng và bút,may-tinh-bang-lenovo-idea-tab-wifi-zafr0472vn-kem-op-va-but,7.490.000đ,6.270.000đ,"Đặc điểm nổi bật
Máy tính bảng Lenovo Idea Tab Wifi ZAFR0366VN kèm ốp và bút sở hữu màn hình 11 inch 2.5K, chip Dimensity 6300, RAM 8GB và bộ nhớ 128GB UFS 2.2 mạnh mẽ. Sản phẩm tặng kèm Lenovo Tab Pen và ốp Folio, tối ưu cho học tập và làm việc. Pin 7040mAh cùng 4 loa Dolby Atmos nâng tầm không gian giải trí thêm ấn tượng.
Nội dung chính
1. Máy tính bảng Lenovo Idea Tab Wifi ZAFR0366VN kèm ốp và bút - Cấu hình mạnh mẽ, đa nhiệm mượt
1.1. Cấu hình ổn định, bứt phá mọi trải nghiệm
1.2. Hình ảnh chuẩn 2.5K trong thiết kế mỏng nhẹ
1.3. Tối ưu công việc với bút cảm ứng và phụ kiện
1.4. Pin 7040mAh bền bỉ, đáp ứng trọn ngày sử dụng
1.5. Camera 8MP và 5MP phục vụ học online, gọi video
2. Mua ngay máy tính bảng Lenovo Idea Tab Wifi ZAFR0366VN kèm ốp và bút chính hãng tại CellphoneS
Máy tính bảng Lenovo Idea Tab Wifi ZAFR0366VN kèm ốp và bút - Cấu hình mạnh mẽ, đa nhiệm mượt
Máy tính bảng Lenovo được xây dựng trên nền tảng phần cứng ổn định, đáp ứng tốt nhu cầu học tập, làm việc và giải trí. Cấu hình cân bằng giữa hiệu năng và bộ nhớ giúp thiết bị hoạt động mượt mà trong thời gian dài.
Cấu hình ổn định, bứt phá mọi trải nghiệm
Xem thêm","{""Vi xử lý & đồ họa"": [{""name"": ""Lenovo Tab"", ""value"": ""Lenovo Idea Tab""}, {""name"": ""Chipset"", ""value"": ""MediaTek Dimensity 6300""}, {""name"": ""GPU"", ""value"": ""Arm Mali-G57 MC2""}], ""Màn hình"": [{""name"": ""Kích thước màn hình"", ""value"": ""11 inches""}, {""name"": ""Công nghệ màn hình"", ""value"": ""IPS LCD""}, {""name"": ""Độ phân giải màn hình"", ""value"": ""2560 x 1600 pixels (2.5K)""}, {""name"": ""Tính năng màn hình"", ""value"": ""Kích thước màn hình 11 inch\nĐộ phân giải 2560x1600 pixel\nTần số quét 90Hz\n500nits\nCảm ứng đa điểm 10 điểm\nTỷ lệ màn hình 85%""}], ""Camera sau"": [{""name"": ""Camera sau"", ""value"": ""8.0 MP""}], ""Camera trước"": [{""name"": ""Camera trước"", ""value"": ""5 MP""}], ""RAM & lưu trữ"": [{""name"": ""Dung lượng RAM"", ""value"": ""8 GB""}, {""name"": ""Bộ nhớ trong"", ""value"": ""128 GB""}, {""name"": ""Khe cắm thẻ nhớ"", ""value"": ""microSD card""}], ""Pin & công nghệ sạc"": [{""name"": ""Pin"", ""value"": ""7040mAh""}, {""name"": ""Cổng sạc"", ""value"": ""USB Type-C""}], ""Tính năng khác"": [{""name"": ""Hệ điều hành"", ""value"": ""Android™ 15 trở lên""}], ""Bộ xử lý & Đồ họa"": [{""name"": ""Loại CPU"", ""value"": ""8C, 2x A76 @2.4GHz + 6x A55@2.0GHz""}], ""Kích thước & Trọng lượng"": [{""name"": ""Kích thước"", ""value"": ""254,59 x 166,15 x 6,99 mm""}, {""name"": ""Trọng lượng"", ""value"": ""480 g ± 10 g""}], ""Thông số khác"": [{""name"": ""Chỉ số kháng nước, bụi"", ""value"": ""IP52""}, {""name"": ""Công nghệ âm thanh"", ""value"": ""4 loa, Dolby Atmos®""}], ""Giao tiếp & kết nối"": [{""name"": ""Jack tai nghe 3.5"", ""value"": ""Có""}, {""name"": ""GPS"", ""value"": ""GPS + GLONASS + Galileo""}], ""Tiện ích khác"": [{""name"": ""Các loại cảm biến"", ""value"": ""Cảm biến gia tốc, Cảm biến ánh sáng, Con quay hồi chuyển""}], ""Cổng kết nối"": [{""name"": ""Wi-Fi"", ""value"": ""Wi-Fi® 5, 802.11ac 1x1""}, {""name"": ""Bluetooth"", ""value"": ""BT5.2""}]}","[""https://cdn2.cellphones.com.vn/x/media/catalog/product/m/a/may-tinh-bang-lenovo-idea-tab-wifi-zafr0366vn-kem-op-va-but.jpg"", ""https://cdn2.cellphones.com.vn/x/media/catalog/product/m/a/may-tinh-bang-lenovo-idea-tab-wifi-zafr0366vn-kem-op-va-but-1.jpg"", ""https://cdn2.cellphones.com.vn/x/media/catalog/product/m/a/may-tinh-bang-lenovo-idea-tab-wifi-zafr0366vn-kem-op-va-but-2.jpg"", ""https://cdn2.cellphones.com.vn/x/media/catalog/product/m/a/may-tinh-bang-lenovo-idea-tab-wifi-zafr0366vn-kem-op-va-but-3.jpg"", ""https://cdn2.cellphones.com.vn/x/media/catalog/product/m/a/may-tinh-bang-lenovo-idea-tab-wifi-zafr0366vn-kem-op-va-but-4.jpg"", ""https://cdn2.cellphones.com.vn/x/media/catalog/product/m/a/may-tinh-bang-lenovo-idea-tab-wifi-zafr0366vn-kem-op-va-but-5.jpg""]","{""product_color_1"": {""color"": ""Xám"", ""image_url"": ""https://cdn2.cellphones.com.vn/insecure/rs:fill:50:50/q:90/plain/https://cellphones.com.vn/media/catalog/product/m/a/may-tinh-bang-lenovo-idea-tab-wifi-zafr0366vn-kem-op-va-but_1.jpg"", ""image_url_display"": ""https://cellphones.com.vn/media/catalog/product/m/a/may-tinh-bang-lenovo-idea-tab-wifi-zafr0366vn-kem-op-va-but_1.jpg"", ""product_url"": ""https://cellphones.com.vn/may-tinh-bang-lenovo-idea-tab-wifi-zafr0366vn-kem-op-va-but.html?product_id=124674"", ""price"": ""6.270.000₫""}}"
Máy tính bảng Lenovo Idea Tab Wifi 8GB 256GB ZAFR0402VN kèm bút,may-tinh-bang-lenovo-legion-tab-gen-5-12gb-256gb-zah20030vn,8.490.000đ,7.590.000đ,"Đặc điểm nổi bật
Máy tính bảng Lenovo Idea Tab WiFi ZAFR0402VN kèm bút được trang bị bộ xử lý MediaTek Dimensity 6300 8 nhân, dung lượng RAM 8GB đi cùng bộ nhớ trong 256GB. Bên cạnh đó, màn hình của máy có kích thước 11 inch, độ phân giải 2.5K và tần số quét 90Hz. Phiên bản này còn sở hữu pin dung lượng cao 7040 mAh cho thời gian hoạt động nhiều giờ.
Nội dung chính
1. Máy tính bảng Lenovo Idea Tab WiFi ZAFR0402VN kèm bút - Hiệu suất bền bỉ
1.1. Cấu hình ổn định, bộ nhớ phù hợp
1.2. Thiết kế gọn gàng, màn hình 11 inch 
1.3. Bút kèm theo, kết nối mượt
1.4. Pin 7040mAh, thời lượng dài
1.5. Camera sau 8MP, chụp ảnh ấn tượng
2. Mua máy tính bảng Lenovo Idea Tab WiFi ZAFR0402VN kèm bút giá tốt tại CellphoneS
Máy tính bảng Lenovo Idea Tab WiFi ZAFR0402VN kèm bút - Hiệu suất bền bỉ
Lenovo Idea Tab WiFi ZAFR0402VN kèm bút là lựa chọn tablet tốt để phục vụ nhu cầu học tập, làm việc và giải trí. Với các đặc điểm ưu trội, chiếc máy tính bảng Lenovo này hứa hẹn đem lại trải nghiệm tuyệt vời.
Cấu hình ổn định, bộ nhớ phù hợp
Xem thêm","{""Vi xử lý & đồ họa"": [{""name"": ""Lenovo Tab"", ""value"": ""Lenovo Idea Tab""}, {""name"": ""Chipset"", ""value"": ""MediaTek Dimensity 6300""}, {""name"": ""GPU"", ""value"": ""Arm Mali-G57 MC2""}], ""Màn hình"": [{""name"": ""Kích thước màn hình"", ""value"": ""11 inches""}, {""name"": ""Công nghệ màn hình"", ""value"": ""IPS LCD""}, {""name"": ""Độ phân giải màn hình"", ""value"": ""2560 x 1600 pixels (2.5K)""}, {""name"": ""Tính năng màn hình"", ""value"": ""Kích thước màn hình 11 inch\nĐộ phân giải 2560x1600 pixel\nTần số quét 90Hz\n500nits""}], ""Camera sau"": [{""name"": ""Camera sau"", ""value"": ""8.0 MP""}], ""Camera trước"": [{""name"": ""Camera trước"", ""value"": ""5 MP""}], ""RAM & lưu trữ"": [{""name"": ""Dung lượng RAM"", ""value"": ""8 GB""}, {""name"": ""Bộ nhớ trong"", ""value"": ""256 GB""}, {""name"": ""Khe cắm thẻ nhớ"", ""value"": ""microSD card""}], ""Pin & công nghệ sạc"": [{""name"": ""Pin"", ""value"": ""7040mAh""}, {""name"": ""Cổng sạc"", ""value"": ""USB Type-C""}], ""Tính năng khác"": [{""name"": ""Hệ điều hành"", ""value"": ""Android 15 trở lên""}], ""Bộ xử lý & Đồ họa"": [{""name"": ""Loại CPU"", ""value"": ""8C, 2x A76 @2.4 GHz + 6x A55@2.0 GHz""}], ""Kích thước & Trọng lượng"": [{""name"": ""Kích thước"", ""value"": ""254.59 x 166.15 x 6.99 mm""}, {""name"": ""Trọng lượng"", ""value"": ""480 g""}], ""Thông số khác"": [{""name"": ""Chỉ số kháng nước, bụi"", ""value"": ""IP52""}, {""name"": ""Công nghệ âm thanh"", ""value"": ""4 loa\nDolby Atmos""}], ""Giao tiếp & kết nối"": [{""name"": ""Jack tai nghe 3.5"", ""value"": ""Có""}, {""name"": ""GPS"", ""value"": ""GPS + GLONASS + Galileo""}], ""Tiện ích khác"": [{""name"": ""Các loại cảm biến"", ""value"": ""Cảm biến gia tốc, Cảm biến ánh sáng, Con quay hồi chuyển""}], ""Cổng kết nối"": [{""name"": ""Wi-Fi"", ""value"": ""802.11ac""}, {""name"": ""Bluetooth"", ""value"": ""v5.2""}]}","[""https://cdn2.cellphones.com.vn/x/media/catalog/product/s/l/slider-may-tinh-bang-lenovo-idea-tab-pro-wifi-8gb-256gb-zafr0402vn.jpg"", ""https://cdn2.cellphones.com.vn/x/media/catalog/product/s/l/slider-may-tinh-bang-lenovo-idea-tab-pro-wifi-8gb-256gb-zafr0402vn-1.jpg"", ""https://cdn2.cellphones.com.vn/x/media/catalog/product/s/l/slider-may-tinh-bang-lenovo-idea-tab-pro-wifi-8gb-256gb-zafr0402vn_3.jpg"", ""https://cdn2.cellphones.com.vn/x/media/catalog/product/s/l/slider-may-tinh-bang-lenovo-idea-tab-pro-wifi-8gb-256gb-zafr0402vn-3.jpg"", ""https://cdn2.cellphones.com.vn/x/media/catalog/product/s/l/slider-may-tinh-bang-lenovo-idea-tab-pro-wifi-8gb-256gb-zafr0402vn-4.jpg"", ""https://cdn2.cellphones.com.vn/x/media/catalog/product/i/m/image_1562.png"", ""https://cdn2.cellphones.com.vn/x/media/catalog/product/i/m/image_1563.png"", ""https://cdn2.cellphones.com.vn/x/media/catalog/product/i/m/image_1564.png"", ""https://cdn2.cellphones.com.vn/x/media/catalog/product/i/m/image_1565.png"", ""https://cdn2.cellphones.com.vn/x/media/catalog/product/i/m/image_1566.png"", ""https://cdn2.cellphones.com.vn/x/media/catalog/product/i/m/image_1567.png""]","{""product_color_1"": {""color"": ""Xám"", ""image_url"": ""https://cdn2.cellphones.com.vn/insecure/rs:fill:50:50/q:90/plain/https://cellphones.com.vn/media/catalog/product/i/m/image_1562_1.png"", ""image_url_display"": ""https://cellphones.com.vn/media/catalog/product/i/m/image_1562_1.png"", ""product_url"": ""https://cellphones.com.vn/may-tinh-bang-lenovo-idea-tab-wifi-zafr0402vn-kem-but.html?product_id=109445"", ""price"": ""7.590.000₫""}}"
Máy tính bảng Lenovo Idea Tab Wifi 8GB 128GB ZAFR0472VN kèm ốp lưng và bút,may-tinh-bang-lenovo-idea-tab-5g-8gb-128b-xam-kem-but-zafm0710vn,7.490.000đ,6.990.000đ,"Đặc điểm nổi bật
Máy tính bảng Lenovo Idea Tab Wifi ZAFR0472VN kèm ốp và bút sở hữu bộ xử lý MediaTek Dimensity 6300, đồ họa Arm Mali-G57 MC2, tích hợp bộ nhớ 128GB. Sản phẩm thiết kế gọn nhẹ, màn hình 11 inch 2.5K, tần số quét 90Hz. Máy tính bảng còn trang bị bút, pin 7040mAh cùng hệ thống camera cơ bản và loa Dolby Atmos.
Nội dung chính
1. Máy tính bảng Lenovo Idea Tab Wifi ZAFR0472VN kèm ốp và bút - Cấu hình ổn định, mượt mà
1.1. Cấu hình ổn định cho hiệu năng mượt mà
1.2. Kiểu dáng tinh gọn, màn hình 11 inch với độ phân giải 2.5K
1.3. Trang bị bút đi kèm, kết nối xuyên suốt
1.4. Pin 7040mAh cho trải nghiệm liền mạch
1.5. Camera cơ bản, tích hợp hệ thống loa Dolby Atmos
2. Mua máy tính bảng Lenovo Idea Tab Wifi ZAFR0472VN kèm ốp và bút giá tốt tại CellphoneS
Máy tính bảng Lenovo Idea Tab Wifi ZAFR0472VN kèm ốp và bút - Cấu hình ổn định, mượt mà
Máy tính bảng Lenovo hướng đến nhu cầu làm việc, học tập và giải trí nhờ thiết kế gọn nhẹ, tiện dụng khi sử dụng kèm bút và ốp. Cấu hình hợp lý kết hợp khả năng vận hành trơn tru giúp máy hỗ trợ linh hoạt tác vụ thường dùng.
Cấu hình ổn định cho hiệu năng mượt mà
Xem thêm","{""Vi xử lý & đồ họa"": [{""name"": ""Lenovo Tab"", ""value"": ""Lenovo Idea Tab""}, {""name"": ""Chipset"", ""value"": ""MediaTek Dimensity 6300""}, {""name"": ""GPU"", ""value"": ""Arm Mali-G57 MC2""}], ""Màn hình"": [{""name"": ""Kích thước màn hình"", ""value"": ""11 inches""}, {""name"": ""Công nghệ màn hình"", ""value"": ""IPS LCD""}, {""name"": ""Độ phân giải màn hình"", ""value"": ""2560 x 1600 pixels (2.5K)""}, {""name"": ""Tính năng màn hình"", ""value"": ""Kích thước màn hình 11 inch\nĐộ phân giải 2560x1600 pixel\nTần số quét 90Hz\n500nits\nCảm ứng đa điểm 10 điểm\nTỷ lệ màn hình 85%""}], ""Camera sau"": [{""name"": ""Camera sau"", ""value"": ""8.0 MP""}], ""Camera trước"": [{""name"": ""Camera trước"", ""value"": ""5 MP""}], ""RAM & lưu trữ"": [{""name"": ""Dung lượng RAM"", ""value"": ""8 GB""}, {""name"": ""Bộ nhớ trong"", ""value"": ""128 GB""}, {""name"": ""Khe cắm thẻ nhớ"", ""value"": ""microSD card""}], ""Pin & công nghệ sạc"": [{""name"": ""Pin"", ""value"": ""7040mAh""}, {""name"": ""Cổng sạc"", ""value"": ""USB Type-C""}], ""Tính năng khác"": [{""name"": ""Hệ điều hành"", ""value"": ""Android™ 15 trở lên""}], ""Bộ xử lý & Đồ họa"": [{""name"": ""Loại CPU"", ""value"": ""8C, 2x A76 @2.4GHz + 6x A55@2.0GHz""}], ""Kích thước & Trọng lượng"": [{""name"": ""Kích thước"", ""value"": ""254,59 x 166,15 x 6,99 mm""}, {""name"": ""Trọng lượng"", ""value"": ""480 g ± 10 g""}], ""Thông số khác"": [{""name"": ""Chỉ số kháng nước, bụi"", ""value"": ""IP52""}, {""name"": ""Công nghệ âm thanh"", ""value"": ""4 loa, Dolby Atmos®""}], ""Giao tiếp & kết nối"": [{""name"": ""Jack tai nghe 3.5"", ""value"": ""Có""}, {""name"": ""GPS"", ""value"": ""GPS + GLONASS + Galileo""}], ""Tiện ích khác"": [{""name"": ""Các loại cảm biến"", ""value"": ""Cảm biến gia tốc, Cảm biến ánh sáng, Con quay hồi chuyển""}], ""Cổng kết nối"": [{""name"": ""Wi-Fi"", ""value"": ""Wi-Fi® 5, 802.11ac 1x1""}, {""name"": ""Bluetooth"", ""value"": ""BT5.2""}]}","[""https://cdn2.cellphones.com.vn/x/media/catalog/product/m/a/may-tinh-bang-lenovo-idea-tab-wifi-zafr0472vn-kem-op-va-but.jpg"", ""https://cdn2.cellphones.com.vn/x/media/catalog/product/m/a/may-tinh-bang-lenovo-idea-tab-wifi-zafr0472vn-kem-op-va-but-1.jpg"", ""https://cdn2.cellphones.com.vn/x/media/catalog/product/m/a/may-tinh-bang-lenovo-idea-tab-wifi-zafr0472vn-kem-op-va-but-2.jpg"", ""https://cdn2.cellphones.com.vn/x/media/catalog/product/m/a/may-tinh-bang-lenovo-idea-tab-wifi-zafr0472vn-kem-op-va-but-3.jpg"", ""https://cdn2.cellphones.com.vn/x/media/catalog/product/m/a/may-tinh-bang-lenovo-idea-tab-wifi-zafr0472vn-kem-op-va-but-4.jpg""]","{""product_color_1"": {""color"": ""Xanh"", ""image_url"": ""https://cdn2.cellphones.com.vn/insecure/rs:fill:50:50/q:90/plain/https://cellphones.com.vn/media/catalog/product/m/a/may-tinh-bang-lenovo-idea-tab-wifi-zafr0472vn-kem-op-va-but_2.jpg"", ""image_url_display"": ""https://cellphones.com.vn/media/catalog/product/m/a/may-tinh-bang-lenovo-idea-tab-wifi-zafr0472vn-kem-op-va-but_2.jpg"", ""product_url"": ""https://cellphones.com.vn/may-tinh-bang-lenovo-idea-tab-wifi-zafr0472vn-kem-op-va-but.html?product_id=124675"", ""price"": ""6.990.000₫""}}"
Máy tính bảng Lenovo Legion Tab Gen 5 12GB 256GB ZAH20030VN,may-tinh-bang-lenovo-tab-plus-wifi-zadx0130vn,N/A,N/A,"Đặc điểm nổi bật
Máy tính bảng Lenovo Legion Tab Gen 5 12GB 256GB ZAH20030VN sở hữu vi xử lý Snapdragon 8 Elite Gen 5 mạnh mẽ giúp xử lý mượt mà tác vụ đồ họa nặng nề. Màn hình 8.8 inch độ phân giải 3K đem lại trải nghiệm đồ họa cực sống động. Nguồn pin 9000mAh mang tới hoạt động ổn định giúp người dùng tự tin trải nghiệm.
Nội dung chính
1. Máy tính bảng Lenovo Legion Tab Gen 5 12GB 256GB ZAH20030VN - Cấu hình mạnh mẽ
1.1. Hệ thống vi xử lý Snapdragon 8 Elite Gen 5 cực mạnh 
1.2. Thiết kế gọn nhẹ và màn hình 3K 165Hz
1.3. Kết nối WiFi 7 và phụ kiện Folio Case
1.4. Viên pin 9000mAh bền bỉ cả ngày dài
1.5. Camera 50MP sắc nét hỗ trợ quay chụp
2. So sánh máy tính bảng Lenovo Legion Tab Gen 5 12GB 256GB ZAH20030VN với Lenovo Legion Tab Gen 3
3. Mua máy tính bảng Lenovo Legion Tab Gen 5 12GB 256GB ZAH20030VN chính hãng tại CellphoneS
Máy tính bảng Lenovo Legion Tab Gen 5 12GB 256GB ZAH20030VN - Cấu hình mạnh mẽ
Mẫu máy tính bảng Lenovo này mang đến cải tiến vượt trội về cả khả năng hiển thị lẫn các tiện ích đi kèm phục vụ nhu cầu làm việc. Người dùng sẽ dễ dàng cảm nhận được sự khác biệt thông qua các đặc điểm về thiết kế và hệ thống camera hiện đại.
Hệ thống vi xử lý Snapdragon 8 Elite Gen 5 cực mạnh 
Máy tính bảng Lenovo Legion Tab Gen 5 12GB 256GB ZAH20030VN sở hữu vi xử lý Snapdragon 8 Elite Gen 5 mang lại sức mạnh xử lý vượt trội cho mọi tác vụ. Chipset giúp hệ thống vận hành mượt mà khi người dùng thực hiện công việc đồ họa nặng hay chạy nhiều ứng dụng cùng lúc mà không xảy ra hiện tượng giật lag.
Bộ vi xử lý Snapdragon 8 Elite Gen 5 ấn tượng. 
Cấu trúc CPU hiện đại kết hợp cùng dung lượng RAM 12GB LPDDR5T mang lại tốc độ truy xuất dữ liệu trở nên nhanh chóng và ổn định trong thời gian dài. Bộ nhớ trong 256GB chuẩn UFS 4.1 Pro cung cấp không gian lưu trữ rộng rãi và hỗ trợ khởi động các trò chơi dung lượng lớn chỉ trong tích tắc.
Thiết kế gọn nhẹ và màn hình 3K 165Hz
Sản phẩm sở hữu kích thước nhỏ gọn 128.5 x 206.46 x 7.59mm giúp người dùng dễ dàng cầm nắm và thao tác bằng một tay. Máy tính bảng Lenovo Legion Tab Gen 5 12GB 256GB ZAH20030VN có trọng lượng chỉ từ 360g nên cực kỳ linh hoạt cho nhu cầu di chuyển thường xuyên.
Thiết kế gọn nhẹ đi kèm màn hình 3K hiển thị sắc nét.
Màn hình 8.8 inch với độ phân giải 3K PureSight mang lại hình ảnh sắc nét kèm độ phủ màu 99% DCI-P3 cho màu sắc vô cùng sống động. Tần số quét 165Hz hỗ trợ các chuyển động trên khung hình trở nên mượt mà và giảm thiểu hiện tượng xé hình khi người dùng thực hiện các thao tác vuốt chạm.
Kết nối WiFi 7 và phụ kiện Folio Case
Máy tính bảng Lenovo Legion Tab Gen 5 12GB 256GB ZAH20030VN hỗ trợ chuẩn WiFi 7 giúp tốc độ truyền tải dữ liệu trở nên nhanh chóng. Khả năng kết nối Bluetooth 6.0 cùng hệ thống cổng USB-C đa năng đem lại sự tiện lợi cho người dùng khi cần ghép nối với các thiết bị ngoại vi.
Kết nối WiFi 7 hiện đại cùng phụ kiện Folio Case tiện lợi.
Bộ sản phẩm đi kèm bao da Folio Case cao cấp hỗ trợ bảo vệ thiết bị một cách hiệu quả trong quá trình sử dụng hàng ngày. Phụ kiện này không chỉ mang lại vẻ ngoài sang trọng mà còn giúp người dùng dựng máy tiện lợi để làm việc hoặc xem phim.
Viên pin 9000mAh bền bỉ cả ngày dài
Viên pin Li-ion Polymer với dung lượng 9000mAh mang đến nguồn năng lượng dồi dào để người dùng giải trí suốt một ngày dài. Nhờ dung lượng pin lớn, máy tính bảng Lenovo Legion Tab Gen 5 12GB 256GB ZAH20030VN duy trì hoạt động ổn định, đảm bảo mạch công việc không gián đoạn.
Dung lượng pin 9000mAh bền bỉ cho trải nghiệm dài lâu.
Khả năng hỗ trợ sạc nhanh qua cổng USB-C giúp rút ngắn đáng kể thời gian nạp đầy năng lượng cho thiết bị trong những lúc cần thiết. Người dùng sẽ luôn sẵn sàng cho mọi trải nghiệm di động mà không cần lo lắng về việc phải sạc máy quá nhiều lần trong một ngày.
Camera 50MP sắc nét hỗ trợ quay chụp
Máy tính bảng Lenovo Legion Tab Gen 5 12GB 256GB ZAH20030VN sở hữu camera sau độ phân giải 50MP hỗ trợ lấy nét tự động chính xác. Hệ thống này giúp người dùng ghi lại những hình ảnh sắc nét và thực hiện các đoạn video chất lượng cao để phục vụ tốt cho nhu cầu công việc hằng ngày.
Camera 50MP hỗ trợ quay chụp hình ảnh chất lượng.
Camera trước 8MP với góc rộng 78 độ mang lại chất lượng hình ảnh sắc nét và bao quát khi thực hiện các cuộc gọi video hay tham gia họp trực tuyến. Đèn Flash tích hợp phía sau hỗ trợ chiếu sáng hiệu quả giúp các khung hình luôn giữ được độ chi tiết trong điều kiện môi trường thiếu ánh sáng.
So sánh máy tính bảng Lenovo Legion Tab Gen 5 12GB 256GB ZAH20030VN với Lenovo Legion Tab Gen 3
Việc đặt hai thế hệ máy tính bảng chuyên game lên bàn cân giúp người dùng dễ dàng nhận thấy những cải tiến vượt bậc về mặt hiệu năng. Dưới đây là bảng thông số chi tiết nhằm phân biệt sự khác nhau giữa biến thể cũ và máy tính bảng Lenovo Legion Tab Gen 5 12GB 256GB ZAH20030VN.
Đặc điểm
Lenovo Legion Tab Gen 3
Lenovo Legion Tab Gen 5
Bộ xử lý
Chipset Snapdragon 8 Thế hệ 3
Chipset Snapdragon 8 Thế hệ 5
Dung lượng Pin
6550mAh
9000mAh
Camera sau
13MP AF + 2MP Marco
50MP AF
Độ phủ màu
98% DCI-P3
99% DCI-P3
So sánh chi tiết hai thế hệ máy tính bảng Legion Tab.
Thế hệ mới mang đến bước nhảy vọt về dung lượng pin và độ phân giải camera giúp nâng cao trải nghiệm sử dụng thực tế. Sức mạnh từ dòng chip mới kết hợp cùng màn hình có màu sắc chuẩn xác hơn giúp thiết bị trở thành lựa chọn hàng đầu cho các game thủ chuyên nghiệp.
Mua máy tính bảng Lenovo Legion Tab Gen 5 12GB 256GB ZAH20030VN chính hãng tại CellphoneS
Khách hàng nên chọn mua máy tính bảng Lenovo Legion Tab Gen 5 12GB 256GB ZAH20030VN tại CellphoneS để nhận được nhiều ưu đãi hấp dẫn. Sản phẩm sở hữu hiệu năng xử lý vượt trội giúp đáp ứng tốt nhu cầu công việc và giải trí. 
Chi nhánh cung cấp chính sách trả góp ưu đãi kèm dịch vụ khách hàng tận tâm. Hãy đến chi nhánh CellphoneS để sở hữu thiết bị công nghệ hiện đại này với mức giá ưu đãi!","{""Màn hình"": [{""name"": ""Kích thước màn hình"", ""value"": ""8.8 inches""}, {""name"": ""Công nghệ màn hình"", ""value"": ""LCD""}, {""name"": ""Tính năng màn hình"", ""value"": ""Độ phân giải 3K (3040 x 1904 pixel)\nTần số quét: 165Hz\nTỷ lệ 16:10\nMật độ điểm ảnh 408 PPI\nĐộ sáng tối đa 750 nit\nHDR10, phủ 98% dải màu DCI-P3""}], ""Camera sau"": [{""name"": ""Camera sau"", ""value"": ""50MP""}], ""Camera trước"": [{""name"": ""Camera trước"", ""value"": ""50MP""}], ""Vi xử lý & đồ họa"": [{""name"": ""Chipset"", ""value"": ""Snapdragon 8 Elite Gen 5""}], ""RAM & lưu trữ"": [{""name"": ""Dung lượng RAM"", ""value"": ""12 GB""}, {""name"": ""Bộ nhớ trong"", ""value"": ""256 GB""}], ""Pin & công nghệ sạc"": [{""name"": ""Pin"", ""value"": ""9.000mAh""}, {""name"": ""Công nghệ sạc"", ""value"": ""Sạc nhanh 68W""}, {""name"": ""Cổng sạc"", ""value"": ""USB Type-C""}], ""Tính năng khác"": [{""name"": ""Hệ điều hành"", ""value"": ""Android 16""}], ""Kích thước & Trọng lượng"": [{""name"": ""Kích thước"", ""value"": ""206,5 x 128,5 x 7,6 mm""}, {""name"": ""Trọng lượng"", ""value"": ""360g""}], ""Cổng kết nối"": [{""name"": ""Wi-Fi"", ""value"": ""Wi-Fi 7""}, {""name"": ""Bluetooth"", ""value"": ""6.0""}]}","[""https://cdn2.cellphones.com.vn/x/media/catalog/product/l/e/lenovo-legion-tab-gen-5_1.jpg"", ""https://cdn2.cellphones.com.vn/x/media/catalog/product/m/a/may-tinh-bang-lenovo-legion-tab-gen-5-12gb-256gb-zah20030vn-den.jpg"", ""https://cdn2.cellphones.com.vn/x/media/catalog/product/m/a/may-tinh-bang-lenovo-legion-tab-gen-5-12gb-256gb-zah20030vn-den-5.jpg"", ""https://cdn2.cellphones.com.vn/x/media/catalog/product/m/a/may-tinh-bang-lenovo-legion-tab-gen-5-12gb-256gb-zah20030vn-den-2.jpg"", ""https://cdn2.cellphones.com.vn/x/media/catalog/product/m/a/may-tinh-bang-lenovo-legion-tab-gen-5-12gb-256gb-zah20030vn-den-1.jpg"", ""https://cdn2.cellphones.com.vn/x/media/catalog/product/m/a/may-tinh-bang-lenovo-legion-tab-gen-5-12gb-256gb-zah20030vn-den-4.jpg"", ""https://cdn2.cellphones.com.vn/x/media/catalog/product/m/a/may-tinh-bang-lenovo-legion-tab-gen-5-12gb-256gb-zah20030vn-den-3.jpg"", ""https://cdn2.cellphones.com.vn/x/media/catalog/product/m/a/may-tinh-bang-lenovo-legion-tab-gen-5-12gb-256gb-zah20030vn-den-6.jpg"", ""https://cdn2.cellphones.com.vn/x/media/catalog/product/m/a/may-tinh-bang-lenovo-legion-tab-gen-5-12gb-256gb-zah20030vn-den-7.jpg""]","{""product_color_1"": {""color"": ""Đen"", ""image_url"": ""https://cdn2.cellphones.com.vn/insecure/rs:fill:50:50/q:90/plain/https://cellphones.com.vn/media/catalog/product/l/e/lenovo-legion-tab-gen-5.jpg"", ""image_url_display"": ""https://cellphones.com.vn/media/catalog/product/l/e/lenovo-legion-tab-gen-5.jpg"", ""product_url"": ""https://cellphones.com.vn/may-tinh-bang-lenovo-legion-tab-gen-5-12gb-256gb-zah20030vn.html?product_id=132510"", ""price"": ""23.990.000₫""}, ""product_color_2"": {""color"": ""Trắng"", ""image_url"": ""https://cdn2.cellphones.com.vn/insecure/rs:fill:50:50/q:90/plain/https://cellphones.com.vn/media/catalog/product/l/e/lenovo-legion-tab-gen-5-1.jpg"", ""image_url_display"": ""https://cellphones.com.vn/media/catalog/product/l/e/lenovo-legion-tab-gen-5-1.jpg"", ""product_url"": ""https://cellphones.com.vn/may-tinh-bang-lenovo-legion-tab-gen-5-12gb-256gb-zah20030vn.html?product_id=132511"", ""price"": ""23.990.000₫""}}"
Máy tính bảng Lenovo Idea Tab 5G 8GB 128GB ZAFM0710VN kèm bút,may-tinh-bang-lenovo-idea-tab-pro-kem-but-ban-phim,7.790.000đ,7.490.000đ,"Đặc điểm nổi bật
Máy tính bảng Lenovo Idea Tab 5G 8GB 128GB xám kèm bút ZAFM0710VN dùng vi xử lý MediaTek Dimensity 6300, RAM LPDDR4x, màn hình hiển thị chuẩn 2.5K. Thiết bị chạy Android 15, hỗ trợ kết nối 5G Sub-6GHz cùng viên pin 7040mAh và sạc 20W. Trọn bộ sản phẩm bao gồm bút Lenovo Tab Pen và Folio Case rất đầy đủ.
Nội dung chính
1. Máy tính bảng Lenovo Idea Tab 5G 8GB 128GB xám kèm bút ZAFM0710VN - Mỏng nhẹ, hiệu năng mạnh mẽ
1.1. Chip MediaTek Dimensity 6300, RAM 8GB
1.2. Màn hình 11"" 2.5K 90Hz, thiết kế kim loại mỏng 6.99mm
1.3. Hỗ trợ bút Lenovo Tab Pen
1.4. Pin 7040mAh sạc nhanh, dùng lâu
1.5. Camera sau 8MP, trước 5MP
2. Mua máy tính bảng Lenovo Idea Tab 5G 8GB 128GB xám kèm bút ZAFM0710VN tại CellphoneS
Máy tính bảng Lenovo Idea Tab 5G 8GB 128GB xám kèm bút ZAFM0710VN - Mỏng nhẹ, hiệu năng mạnh mẽ
Máy tính bảng Lenovo mang đến giải pháp thiết bị di động gọn nhẹ, đáp ứng nhu cầu sử dụng đa dạng trong ngày của nhiều đối tượng người dùng. Thiết kế tinh gọn, hiệu năng ổn định, máy mang đến trải nghiệm tiện lợi khi sử dụng.
Xem thêm","{""Vi xử lý & đồ họa"": [{""name"": ""Lenovo Tab"", ""value"": ""Lenovo Idea Tab""}, {""name"": ""Chipset"", ""value"": ""MediaTek Dimensity 6300""}, {""name"": ""GPU"", ""value"": ""Arm Mali-G57 MC2""}], ""Màn hình"": [{""name"": ""Kích thước màn hình"", ""value"": ""11 inches""}, {""name"": ""Công nghệ màn hình"", ""value"": ""IPS LCD""}, {""name"": ""Độ phân giải màn hình"", ""value"": ""2560 x 1600 pixels (2.5K)""}, {""name"": ""Tính năng màn hình"", ""value"": ""Kích thước màn hình 11 inch\nĐộ phân giải 2560x1600 pixel\nTần số quét 90Hz\n500nits""}], ""Camera sau"": [{""name"": ""Camera sau"", ""value"": ""8.0 MP""}], ""Camera trước"": [{""name"": ""Camera trước"", ""value"": ""5 MP""}], ""RAM & lưu trữ"": [{""name"": ""Dung lượng RAM"", ""value"": ""8 GB""}, {""name"": ""Bộ nhớ trong"", ""value"": ""128 GB""}, {""name"": ""Khe cắm thẻ nhớ"", ""value"": ""microSD card""}], ""Pin & công nghệ sạc"": [{""name"": ""Pin"", ""value"": ""7040mAh""}, {""name"": ""Cổng sạc"", ""value"": ""USB Type-C""}], ""Tính năng khác"": [{""name"": ""Hệ điều hành"", ""value"": ""Android 15 trở lên""}], ""Bộ xử lý & Đồ họa"": [{""name"": ""Loại CPU"", ""value"": ""8C, 2x A76 @2.4 GHz + 6x A55@2.0 GHz""}], ""Kích thước & Trọng lượng"": [{""name"": ""Kích thước"", ""value"": ""254.59 x 166.15 x 6.99 mm""}, {""name"": ""Trọng lượng"", ""value"": ""480 g""}], ""Thông số khác"": [{""name"": ""Chỉ số kháng nước, bụi"", ""value"": ""IP52""}, {""name"": ""Công nghệ âm thanh"", ""value"": ""4 loa\nDolby Atmos""}], ""Giao tiếp & kết nối"": [{""name"": ""Jack tai nghe 3.5"", ""value"": ""Có""}, {""name"": ""Hỗ trợ mạng"", ""value"": ""5G""}, {""name"": ""GPS"", ""value"": ""GPS + GLONASS + Galileo + A-GPS""}], ""Tiện ích khác"": [{""name"": ""Các loại cảm biến"", ""value"": ""Cảm biến gia tốc, Cảm biến ánh sáng, Con quay hồi chuyển""}], ""Cổng kết nối"": [{""name"": ""Wi-Fi"", ""value"": ""802.11ac""}, {""name"": ""Bluetooth"", ""value"": ""v5.2""}]}","[""https://cdn2.cellphones.com.vn/x/media/catalog/product/m/a/may-tinh-bang-lenovo-idea-tab-5g-8gb-128b-xam-kem-but-zafm0710vn.jpg"", ""https://cdn2.cellphones.com.vn/x/media/catalog/product/m/a/may-tinh-bang-lenovo-idea-tab-5g-8gb-128b-xam-kem-but-zafm0710vn-1.jpg"", ""https://cdn2.cellphones.com.vn/x/media/catalog/product/m/a/may-tinh-bang-lenovo-idea-tab-5g-8gb-128b-xam-kem-but-zafm0710vn-2.jpg"", ""https://cdn2.cellphones.com.vn/x/media/catalog/product/m/a/may-tinh-bang-lenovo-idea-tab-5g-8gb-128b-xam-kem-but-zafm0710vn-3.jpg"", ""https://cdn2.cellphones.com.vn/x/media/catalog/product/m/a/may-tinh-bang-lenovo-idea-tab-5g-8gb-128b-xam-kem-but-zafm0710vn-4.jpg"", ""https://cdn2.cellphones.com.vn/x/media/catalog/product/m/a/may-tinh-bang-lenovo-idea-tab-5g-8gb-128b-xam-kem-but-zafm0710vn-5.jpg""]","{""product_color_1"": {""color"": ""Xám"", ""image_url"": ""https://cdn2.cellphones.com.vn/insecure/rs:fill:50:50/q:90/plain/https://cellphones.com.vn/media/catalog/product/l/e/lenovo-idea-tab-5g-8gb-128b-xam-kem-but-zafm0710vn.png"", ""image_url_display"": ""https://cellphones.com.vn/media/catalog/product/l/e/lenovo-idea-tab-5g-8gb-128b-xam-kem-but-zafm0710vn.png"", ""product_url"": ""https://cellphones.com.vn/may-tinh-bang-lenovo-idea-tab-5g-8gb-128b-xam-kem-but-zafm0710vn.html?product_id=126970"", ""price"": ""7.490.000₫""}}"
Máy tính bảng Lenovo Tab Plus Wifi 8GB 256GB ZADX0130VN - Kèm bao da,lenovo-legion-y700,7.990.000đ,6.490.000đ,"Đặc điểm nổi bật
Máy tính bảng Lenovo Tab Plus Wifi ZADX0130VN sở hữu vi xử lý Helio G99 tám nhân cùng bộ nhớ RAM 8GB mang đến trải nghiệm đa nhiệm mượt mà và ổn định. Màn hình 11.5 inch độ phân giải 2K kết hợp tần số quét 90Hz giúp máy hiển thị sắc nét. Kèm theo đó là loa JBL Hi-Fi 8 đơn vị tạo nên không gian âm thanh chân thực, nâng cao trải nghiệm giải trí.
Nội dung chính
1. Máy tính bảng Lenovo Tab Plus Wifi ZADX0130VN - Hiệu năng vượt trội, camera rõ nét
1.1. Hiệu năng mạnh mẽ với cấu hình cân đối
1.2. Màn hình 11.5"" 2K sắc nét, tần số quét cao
1.3. Tương thích ổn định với bút cảm ứng và thẻ nhớ
1.4. Sử dụng bền bỉ cả ngày với dung lượng pin lớn
1.5. Camera đủ dùng, hỗ trợ tốt cho học tập và gọi video
2. Mua máy tính bảng Lenovo Tab Plus Wifi ZADX0130VN giá ưu đãi tại CellphoneS
Máy tính bảng Lenovo Tab Plus Wifi ZADX0130VN - Hiệu năng vượt trội, camera rõ nét
Tablet Lenovo Tab Plus Wifi ZADX0130VN là lựa chọn đáng cân nhắc trong phân khúc phổ thông – tầm trung. Thiết bị máy tính bảng Lenovo này mang đến sự kết hợp giữa thiết kế tiện dụng và cấu hình đáp ứng đa dạng nhu cầu từ học tập, giải trí đến công việc.
Hiệu năng mạnh mẽ với cấu hình cân đối
Không phải mọi thiết bị trong phân khúc tầm trung đều mang đến hiệu suất xử lý mượt mà, nhưng máy tính bảng Lenovo Tab Plus Wifi ZADX0130VN đã làm được điều đó. Nhờ trang bị vi xử lý MediaTek Helio G99 tám nhân (2x A76 @2.2GHz + 6x A55 @2.0GHz), máy vận hành ổn định ngay cả khi xử lý đa tác vụ. 
Bên cạnh đó, RAM 8GB LPDDR4x gắn liền bo mạch và bộ nhớ trong 256GB UFS 2.2 giúp tối ưu tốc độ truy xuất dữ liệu và khả năng lưu trữ. Người dùng còn có thể mở rộng không gian lưu trữ tối đa đến 1TB qua thẻ microSD, thuận tiện khi cần lưu trữ tài liệu học tập, hình ảnh hay video độ phân giải cao.
Màn hình 11.5"" 2K sắc nét, tần số quét cao
Đối với người dùng thường xuyên học online, đọc tài liệu hoặc xem phim, chất lượng hiển thị là yếu tố quan trọng. Máy tính bảng Lenovo Tab Plus Wifi ZADX0130VN sở hữu màn hình IPS 11.5 inch độ phân giải 2K (2000x1200), cho hình ảnh rõ nét và màu sắc sống động. 
Với độ sáng 400nits và gam màu 72% NTSC, màn hình máy đủ khả năng hiển thị tốt trong nhiều môi trường ánh sáng khác nhau. Đặc biệt, tần số quét 90Hz và công nghệ cảm ứng in-cell của máy còn mang lại trải nghiệm cuộn lướt và tương tác nhanh nhạy, phù hợp cho cả người dùng trẻ tuổi lẫn người lớn tuổi.
Tương thích ổn định với bút cảm ứng và thẻ nhớ
Không ít người dùng hiện đại mong muốn tablet có thể hỗ trợ thêm cho các nhu cầu ghi chú, ký họa hay thao tác lưu trữ mở rộng. Nắm được nhu cầu này, máy tính bảng Lenovo Tab Plus Wifi ZADX0130VN đã được nâng cấp bút cảm ứng (bán rời), giúp người dùng có thể thoải mái phác thảo ý tưởng, ghi chú. 
Ngoài ra, khe cắm thẻ nhớ microSD hỗ trợ dung lượng lên đến 1TB giúp việc sao lưu và chia sẻ tài liệu trở nên linh hoạt hơn. Sự kết hợp này giúp máy phù hợp với nhiều nhóm người dùng từ giáo viên, sinh viên cho đến nhân viên văn phòng.
Sử dụng bền bỉ cả ngày với dung lượng pin lớn
Một thiết bị di động phục vụ học tập hay giải trí nên đảm bảo thời lượng pin đủ dài để tránh gián đoạn trong quá trình sử dụng. Về tiêu chí này, máy tính bảng Lenovo Tab Plus Wifi ZADX0130VN được trang bị viên pin 8600mAh – dung lượng lý tưởng cho một ngày sử dụng liên tục. 
Máy hỗ trợ sạc nhanh công suất tối đa 45W (5-11V/4.5A), giúp người dùng rút ngắn thời gian chờ đợi khi cần nạp lại năng lượng. Điều này đặc biệt hữu ích trong bối cảnh người dùng thường xuyên di chuyển hoặc không có nhiều thời gian sạc.
Camera đủ dùng, hỗ trợ tốt cho học tập và gọi video
Máy tính bảng Lenovo Tab Plus Wifi ZADX0130VN được trang bị cả camera trước và sau đều có độ phân giải 8MP, cho chất lượng hình ảnh rõ ràng, chi tiết trong điều kiện đủ sáng. Camera trước hỗ trợ tốt cho các ứng dụng học trực tuyến, họp nhóm hay gọi video với người thân. 
Camera sau là công cụ hữu ích của tablet Lenovo Tab Plus Wifi ZADX0130VN, hỗ trợ người sử dụng chụp nhanh tài liệu, bảng viết hoặc ghi lại khoảnh khắc thường nhật. Ngoài ra, máy còn sở hữu hệ thống micro kép cũng giúp âm thanh khi gọi điện hoặc ghi âm trở nên rõ ràng và dễ nghe hơn.
Mua máy tính bảng Lenovo Tab Plus Wifi ZADX0130VN giá ưu đãi tại CellphoneS
Khách hàng có thể dễ dàng sở hữu máy tính bảng Lenovo Tab Plus Wifi ZADX0130VN chính hãng tại cửa hàng CellphoneS. Với chính sách bảo hành chính hãng, đổi trả linh hoạt, CellphoneS luôn đặt lợi ích người dùng lên hàng đầu. Đồng thời, shop còn hỗ trợ trả góp 0%, mang tới sự linh hoạt khi thanh toán. Ngoài ra, mức giá cạnh tranh, dịch vụ hậu mãi tận tình và hệ thống cửa hàng phủ rộng giúp người dùng yên tâm khi lựa chọn mua sắm tại đây.","{""Vi xử lý & đồ họa"": [{""name"": ""Lenovo Tab"", ""value"": ""Lenovo Tab""}, {""name"": ""Chipset"", ""value"": ""MediaTek Helio G99""}, {""name"": ""GPU"", ""value"": ""Integrated Arm Mali-G57 MC2 GPU""}], ""Màn hình"": [{""name"": ""Kích thước màn hình"", ""value"": ""11.5 inches""}, {""name"": ""Độ phân giải màn hình"", ""value"": ""1200 x 2000 pixels""}, {""name"": ""Tính năng màn hình"", ""value"": ""IPS, 400nits, 72% NTSC, 90Hz""}], ""Camera sau"": [{""name"": ""Camera sau"", ""value"": ""8.0MP""}], ""Camera trước"": [{""name"": ""Camera trước"", ""value"": ""8.0MP""}], ""RAM & lưu trữ"": [{""name"": ""Dung lượng RAM"", ""value"": ""8 GB""}, {""name"": ""Bộ nhớ trong"", ""value"": ""256 GB""}, {""name"": ""Khe cắm thẻ nhớ"", ""value"": ""microSD card, supports up to 1TB""}], ""Pin & công nghệ sạc"": [{""name"": ""Pin"", ""value"": ""8600mAh""}, {""name"": ""Cổng sạc"", ""value"": ""USB Type-C""}], ""Tính năng khác"": [{""name"": ""Hệ điều hành"", ""value"": ""Android 14""}], ""Bộ xử lý & Đồ họa"": [{""name"": ""Loại CPU"", ""value"": ""8C, 2x A76 @2.2GHz + 6x A55 @2.0GHz""}], ""Kích thước & Trọng lượng"": [{""name"": ""Kích thước"", ""value"": ""268.3 x 174.25 x 7.77-13.58 mm""}, {""name"": ""Trọng lượng"", ""value"": ""650g""}], ""Thông số khác"": [{""name"": ""Chỉ số kháng nước, bụi"", ""value"": ""IP52""}, {""name"": ""Công nghệ âm thanh"", ""value"": ""Octa JBL Hi-Fi Speakers (sound by JBL), 4 x tweeters, 4 x force-balanced bass units, Dolby Atmos Bluetooth Speaker Mode, Hi-Res Audio""}], ""Giao tiếp & kết nối"": [{""name"": ""Jack tai nghe 3.5"", ""value"": ""Có""}, {""name"": ""GPS"", ""value"": ""GPS + GLONASS + Galileo""}], ""Tiện ích khác"": [{""name"": ""Các loại cảm biến"", ""value"": ""Cảm biến gia tốc, Cảm biến ánh sáng, Con quay hồi chuyển""}], ""Cổng kết nối"": [{""name"": ""Wi-Fi"", ""value"": ""Wi-Fi 5, 802.11ac 1x1""}, {""name"": ""Bluetooth"", ""value"": ""BT5.2""}]}","[""https://cdn2.cellphones.com.vn/x/media/catalog/product/s/l/slider-may-tinh-bang-lenovo-tab-plus-wifi-8gn-256gb-zadx0130vn.jpg"", ""https://cdn2.cellphones.com.vn/x/media/catalog/product/s/l/slider-may-tinh-bang-lenovo-tab-plus-wifi-8gn-256gb-zadx0130vn-1.jpg"", ""https://cdn2.cellphones.com.vn/x/media/catalog/product/s/l/slider-may-tinh-bang-lenovo-tab-plus-wifi-8gn-256gb-zadx0130vn_1_1.jpg"", ""https://cdn2.cellphones.com.vn/x/media/catalog/product/s/l/slider-may-tinh-bang-lenovo-tab-plus-wifi-8gn-256gb-zadx0130vn-3.jpg"", ""https://cdn2.cellphones.com.vn/x/media/catalog/product/s/l/slider-may-tinh-bang-lenovo-tab-plus-wifi-8gn-256gb-zadx0130vn-4.jpg"", ""https://cdn2.cellphones.com.vn/x/media/catalog/product/m/a/may-tinh-bang-lenovo-tab-plus-wifi-zadx0130vn.png"", ""https://cdn2.cellphones.com.vn/x/media/catalog/product/m/a/may-tinh-bang-lenovo-tab-plus-wifi-zadx0130vn_2_.png"", ""https://cdn2.cellphones.com.vn/x/media/catalog/product/m/a/may-tinh-bang-lenovo-tab-plus-wifi-zadx0130vn_3_.png"", ""https://cdn2.cellphones.com.vn/x/media/catalog/product/m/a/may-tinh-bang-lenovo-tab-plus-wifi-zadx0130vn_1_.png"", ""https://cdn2.cellphones.com.vn/x/media/catalog/product/m/a/may-tinh-bang-lenovo-tab-plus-wifi-zadx0130vn_5_.png"", ""https://cdn2.cellphones.com.vn/x/media/catalog/product/m/a/may-tinh-bang-lenovo-tab-plus-wifi-zadx0130vn_4_.png"", ""https://cdn2.cellphones.com.vn/x/media/catalog/product/m/a/may-tinh-bang-lenovo-tab-plus-wifi-zadx0130vn_7_.png"", ""https://cdn2.cellphones.com.vn/x/media/catalog/product/m/a/may-tinh-bang-lenovo-tab-plus-wifi-zadx0130vn_6_.png""]","{""product_color_1"": {""color"": ""Xám"", ""image_url"": ""https://cdn2.cellphones.com.vn/insecure/rs:fill:50:50/q:90/plain/https://cellphones.com.vn/media/catalog/product/m/a/may-tinh-bang-lenovo-tab-plus-wifi-zadx0130vn_1.png"", ""image_url_display"": ""https://cellphones.com.vn/media/catalog/product/m/a/may-tinh-bang-lenovo-tab-plus-wifi-zadx0130vn_1.png"", ""product_url"": ""https://cellphones.com.vn/may-tinh-bang-lenovo-tab-plus-wifi-zadx0130vn.html?product_id=104605"", ""price"": ""6.490.000₫""}}"
"Máy tính bảng Lenovo Idea Tab Pro Wifi 8GB 256GB ZAE40190VN kèm bút, bàn phím",may-tinh-bang-lenovo-tab-k11,11.990.000đ,11.590.000đ,"Đặc điểm nổi bật
Máy tính bảng Lenovo Idea Tab Pro kèm bút, bàn phím trang bị vi xử lý MediaTek Dimensity 8300 với thiết kế 4nm mạnh mẽ, đi kèm bộ nhớ lên đến 256GB. Màn hình 12.7 inch 3K độ phân giải 2944 x 1840, tốc độ làm tươi 144Hz mang lại trải nghiệm hình ảnh sắc nét. Với dung lượng 10200mAh và sạc nhanh 45W, viên pin này đảm bảo thời gian sử dụng dài và hiệu quả.
Nội dung chính
1. Vì sao nên mua máy tính bảng Lenovo Idea Tab Pro?
2. Máy tính bảng Lenovo Idea Tab Pro kèm bút, bàn phím – Hiệu năng ấn tượng
2.1. Cấu hình mạnh mẽ cho hiệu suất vượt trội
2.2. Màn hình 12.7 inch 3K sắc nét, tần số quét 144Hz
2.3. Hệ thống âm thanh sống động với loa JBL
2.4. Pin dung lượng lớn, hỗ trợ sạc nhanh 45W
3. Mua máy tính bảng Lenovo Idea Tab Pro kèm bút, bàn phím chính hãng tại CellphoneS
Vì sao nên mua máy tính bảng Lenovo Idea Tab Pro?
Lenovo Idea Tab Pro là dòng máy tính bảng mới của thương hiệu Lenovo, vậy dòng tablet này có gì nổi bật đáng để người dùng chọn mua và sử dụng?
Màn hình 12,7 inch 3K: Hiển thị hình ảnh chất lượng, chi tiết rõ nét
4 loa JBL cùng công nghệ Dolby Atmos: Âm thanh sống động, nâng cao trải nghiệm giải trí
Xem thêm","{""Vi xử lý & đồ họa"": [{""name"": ""Lenovo Tab"", ""value"": ""Lenovo Idea Tab""}, {""name"": ""Chipset"", ""value"": ""MediaTek Dimensity 8300""}, {""name"": ""GPU"", ""value"": ""ARM G615 MC5""}], ""Màn hình"": [{""name"": ""Công nghệ màn hình"", ""value"": ""LCD""}, {""name"": ""Tính năng màn hình"", ""value"": ""Kích thước màn hình 12.7 inch\nĐộ phân giải 2944 x 1840 pixel\nTần số quét 144Hz\n273 PPI\n400 nits\nMàn hình Paper-like-anti-glare-matte""}], ""Camera sau"": [{""name"": ""Camera sau"", ""value"": ""13MP""}, {""name"": ""Tính năng camera"", ""value"": ""Tự động lấy nét""}], ""Camera trước"": [{""name"": ""Camera trước"", ""value"": ""8MP""}], ""RAM & lưu trữ"": [{""name"": ""Dung lượng RAM"", ""value"": ""8 GB""}, {""name"": ""Bộ nhớ trong"", ""value"": ""256 GB""}, {""name"": ""Khe cắm thẻ nhớ"", ""value"": ""microSD card, supports up to 1TB""}], ""Pin & công nghệ sạc"": [{""name"": ""Pin"", ""value"": ""10200mAh""}, {""name"": ""Công nghệ sạc"", ""value"": ""Hỗ trợ sạc nhanh 45W""}, {""name"": ""Cổng sạc"", ""value"": ""USB Type-C""}], ""Tính năng khác"": [{""name"": ""Hệ điều hành"", ""value"": ""Android 14""}], ""Bộ xử lý & Đồ họa"": [{""name"": ""Loại CPU"", ""value"": ""8C, 1x A715 @3.35 GHz + 3x A715@3.2 GHz + 4x A510@2.2 GHz""}], ""Kích thước & Trọng lượng"": [{""name"": ""Kích thước"", ""value"": ""291.8 x 189.1 x 6.9 mm""}, {""name"": ""Trọng lượng"", ""value"": ""620g""}], ""Thông số khác"": [{""name"": ""Tương thích"", ""value"": ""Lenovo Tab Pen Plus\nLenovo Idea Tab Pro keyboard Pack\nLenovo Idea Tab Pro Folio Case""}, {""name"": ""Chỉ số kháng nước, bụi"", ""value"": ""IP52""}, {""name"": ""Công nghệ - Tiện ích"", ""value"": ""Khoanh tròn để tìm kiếm, Khoanh tròn để dịch, Chat for Assistance, Vuốt để chú thích, Chế độ đọc nhập vai, Google Gemeni""}, {""name"": ""Tiện ích khác"", ""value"": ""Cảm biến vây tay trên nút nguồn\nMở khoá bằng khuôn mặt""}, {""name"": ""Công nghệ âm thanh"", ""value"": ""4 loa\nDolby Atmos""}], ""Tiện ích khác"": [{""name"": ""Cảm biến vân tay"", ""value"": ""Cảm biến vân tay cạnh bên""}, {""name"": ""Các loại cảm biến"", ""value"": ""Cảm biến gia tốc, Cảm biến ánh sáng, La bàn, Con quay hồi chuyển""}], ""Cổng kết nối"": [{""name"": ""Wi-Fi"", ""value"": ""802.11a/b/g/n/ac/ax, Wi-fi 6E""}, {""name"": ""Bluetooth"", ""value"": ""v5.3""}], ""Giao tiếp & kết nối"": [{""name"": ""GPS"", ""value"": ""GPS + GLONASS + Galileo""}]}","[""https://cdn2.cellphones.com.vn/x/media/catalog/product/s/l/slider-may-tinh-bang-lenovo-idea-tab-pro-wifi-8gb-256gb-zae40190vn.jpg"", ""https://cdn2.cellphones.com.vn/x/media/catalog/product/s/l/slider-may-tinh-bang-lenovo-idea-tab-pro-wifi-8gb-256gb-zae40190vn-2.jpg"", ""https://cdn2.cellphones.com.vn/x/media/catalog/product/s/l/slider-may-tinh-bang-lenovo-idea-tab-pro-wifi-8gb-256gb-zae40190vn-1.jpg"", ""https://cdn2.cellphones.com.vn/x/media/catalog/product/s/l/slider-may-tinh-bang-lenovo-idea-tab-pro-wifi-8gb-256gb-zae40190vn-3.jpg"", ""https://cdn2.cellphones.com.vn/x/media/catalog/product/s/l/slider-may-tinh-bang-lenovo-idea-tab-pro-wifi-8gb-256gb-zae40190vn-4.jpg"", ""https://cdn2.cellphones.com.vn/x/media/catalog/product/m/a/may-tinh-bang-lenovo-idea-tab-pro-kem-but-ban-phim_1_.png"", ""https://cdn2.cellphones.com.vn/x/media/catalog/product/m/a/may-tinh-bang-lenovo-idea-tab-pro-kem-but-ban-phim_9_.png"", ""https://cdn2.cellphones.com.vn/x/media/catalog/product/m/a/may-tinh-bang-lenovo-idea-tab-pro-kem-but-ban-phim_8_.png"", ""https://cdn2.cellphones.com.vn/x/media/catalog/product/m/a/may-tinh-bang-lenovo-idea-tab-pro-kem-but-ban-phim_6_.png"", ""https://cdn2.cellphones.com.vn/x/media/catalog/product/m/a/may-tinh-bang-lenovo-idea-tab-pro-kem-but-ban-phim_5_.png"", ""https://cdn2.cellphones.com.vn/x/media/catalog/product/m/a/may-tinh-bang-lenovo-idea-tab-pro-kem-but-ban-phim_4_.png"", ""https://cdn2.cellphones.com.vn/x/media/catalog/product/m/a/may-tinh-bang-lenovo-idea-tab-pro-kem-but-ban-phim_7_.png"", ""https://cdn2.cellphones.com.vn/x/media/catalog/product/m/a/may-tinh-bang-lenovo-idea-tab-pro-kem-but-ban-phim_2_.png"", ""https://cdn2.cellphones.com.vn/x/media/catalog/product/m/a/may-tinh-bang-lenovo-idea-tab-pro-kem-but-ban-phim.png"", ""https://cdn2.cellphones.com.vn/x/media/catalog/product/m/a/may-tinh-bang-lenovo-idea-tab-pro-kem-but-ban-phim_3_.png""]","{""product_color_1"": {""color"": ""Xám"", ""image_url"": ""https://cdn2.cellphones.com.vn/insecure/rs:fill:50:50/q:90/plain/https://cellphones.com.vn/media/catalog/product/p/h/photo_2025-04-16_14-45-54.jpg"", ""image_url_display"": ""https://cellphones.com.vn/media/catalog/product/p/h/photo_2025-04-16_14-45-54.jpg"", ""product_url"": ""https://cellphones.com.vn/may-tinh-bang-lenovo-idea-tab-pro-kem-but-ban-phim.html?product_id=104381"", ""price"": ""11.590.000₫""}}"
Lenovo Legion Y700,lenovo-tab-m8,N/A,N/A,"Nội dung chính
1. Lenovo Legion Y700 - Tablet giá rẻ, chiến game mượt mà
1.1. Hiệu năng được tối ưu, chơi game ổn định
1.2. Thiết kế hoài cổ cùng màn hình lớn
2. Mua máy tính bảng Lenovo Legion Y700 giá tốt ngay tại CellphoneS
Lenovo Legion Y700 - Tablet giá rẻ, chiến game mượt mà
Lenovo Legion Y700 là một trong những mẫu máy tính bảng hiếm hoi được trang bị những tính năng, chế độ hỗ trợ đắc lực cho việc chơi game. Đi kèm với cấu hình ấn tượng của máy tính bảng Lenovo là thiết kế có phần hoài cổ cùng màn hình 8,8 inch để hỗ trợ việc cầm nắm, trải nghiệm game được thoải mái hơn.
Hiệu năng được tối ưu, chơi game ổn định
Lenovo Legion Y700 là một trong số ít các mẫu máy tính bảng được tối ưu hiệu năng để phục vụ mục đích chơi game. Mẫu tablet này được Lenovo trang bị con chip Snapdragon 8+ tầm trung, đủ khả năng chạy các ứng dụng, trò chơi nặng mà không gặp bất cứ khó khăn nào.
Song hành với con chip của Qualcomm là 12GB RAM chuẩn LPDDR5 nhằm đảm bảo các tác vụ đa nhiệm luôn diễn ra nhanh chóng, mượt mà nhất. Máy tính bảng Legion Y700 còn sở hữu cho mình bộ nhớ trong 256GB chuẩn UFS 3.1 để bạn thoải mái cài đặt các ứng dụng, lưu trữ dữ liệu,...
Thiết kế hoài cổ cùng màn hình lớn
Nếu như các mẫu tablet Trung Quốc khác thường có thiết kế có điểm đồng điệu với các sản phẩm iPad của Apple thì Lenovo Legion Y700 lại có một ngoại hình vô cùng khác biệt. Với các góc cạnh bo cong cùng phần cằm trên và dưới màn hình được làm dày hơn, Legion Y700 khiến chúng ta nhớ tới thiết kế thường thấy trên các thế hệ tablet đời đầu.
Tuy nhiên, thiết kế này lại hỗ trợ đắc lực trong việc cầm nắm của người dùng để khiến việc chơi game trở nên dễ dàng hơn. Đặc biệt là khi tablet Legion Y700 còn được trang bị một màn hình LCD 120Hz có kích thước 8,8 inch.
Mua máy tính bảng Lenovo Legion Y700 giá tốt ngay tại CellphoneS
Máy tính bảng Lenovo Legion Y700 hiện đang có mặt trên các kệ hàng của CellphoneS tại nhiều tỉnh, thành phố để bạn có thể tới trải nghiệm và sở hữu. CellphoneS còn có rất nhiều ưu đãi, chương trình giảm giá, chiết khấu thành viên hay hỗ trợ thu cũ - đổi mới để bạn có cơ hội sở hữu chiếc tablet Legion Y700 với mức giá tốt nhất.","{""Màn hình"": [{""name"": ""Công nghệ màn hình"", ""value"": ""IPS LCD""}, {""name"": ""Độ phân giải màn hình"", ""value"": ""1600 x 2560 pixels""}, {""name"": ""Tính năng màn hình"", ""value"": ""Tần số quét 120Hz, Dolby Vision, HDR10, 500 nits""}], ""Camera sau"": [{""name"": ""Camera sau"", ""value"": ""Camera góc rộng:13 MP\nCamera góc siêu rộng: 5 MP""}, {""name"": ""Quay video"", ""value"": ""1080p@30fps""}], ""Camera trước"": [{""name"": ""Camera trước"", ""value"": ""13MP""}, {""name"": ""Quay video trước"", ""value"": ""1080p@30fps""}], ""Vi xử lý & đồ họa"": [{""name"": ""Chipset"", ""value"": ""Snapdragon 8+ Gen 1""}, {""name"": ""GPU"", ""value"": ""Adreno 650""}], ""RAM & lưu trữ"": [{""name"": ""Dung lượng RAM"", ""value"": ""12 GB""}, {""name"": ""Bộ nhớ trong"", ""value"": ""128 GB""}, {""name"": ""Khe cắm thẻ nhớ"", ""value"": ""microSD""}], ""Pin & công nghệ sạc"": [{""name"": ""Pin"", ""value"": ""6550mAh""}, {""name"": ""Công nghệ sạc"", ""value"": ""Sạc nhanh 45W""}, {""name"": ""Cổng sạc"", ""value"": ""USB Type-C""}], ""Tính năng khác"": [{""name"": ""Hệ điều hành"", ""value"": ""Android 13""}], ""Bộ xử lý & Đồ họa"": [{""name"": ""Loại CPU"", ""value"": ""1x3.2 GHz Kryo 585 & 3x2.42 GHz Kryo 585 & 4x1.80 GHz Kryo 585""}], ""Kích thước & Trọng lượng"": [{""name"": ""Kích thước"", ""value"": ""207,1 x 128,1 x 7,9 mm""}, {""name"": ""Trọng lượng"", ""value"": ""375g""}], ""Thiết kế & Trọng lượng"": [{""name"": ""Chất liệu mặt lưng"", ""value"": ""Nhôm""}, {""name"": ""Chất liệu khung viền"", ""value"": ""Nhôm""}], ""Cổng kết nối"": [{""name"": ""Wi-Fi"", ""value"": ""802.11 a/b/g/n""}]}","[""https://cdn2.cellphones.com.vn/x/media/catalog/product/l/e/lenovo-legion-y700_2_.png"", ""https://cdn2.cellphones.com.vn/x/media/catalog/product/l/e/lenovo-legion-y700_3_.png"", ""https://cdn2.cellphones.com.vn/x/media/catalog/product/l/e/lenovo-legion-y700_1_.png"", ""https://cdn2.cellphones.com.vn/x/media/catalog/product/l/e/lenovo-legion-y700.png""]",{}
Lenovo Tab K11 Wifi,may-tinh-bang-lenovo-xiaoxin-pad-pro,N/A,N/A,"Đặc điểm nổi bật của Lenovo Tab K11 Wifi
Máy tính bảng Lenovo Tab K11 sở hữu màn hình LCD 10.95 inch mang đến trải nghiệm hình ảnh chi tiết và khá sắc nét, lý tưởng cho cả công việc lẫn giải trí. Với camera sau 13MP và camera trước 8MP, Lenovo Tab K11 đảm bảo hỗ trợ chụp ảnh và gọi video rõ ràng, chất lượng cao. Đặc biệt, mẫu máy tính bảng Lenovo này sở hữu vi xử lý MediaTek Helio G88 cùng với RAM 8GB cung cấp hiệu suất mượt mà, hỗ trợ tốt cho các tác vụ đa nhiệm hàng ngày.
Nội dung chính
1. Máy tính bảng Lenovo Tab K11 - Hiệu năng ổn định, hỗ trợ bút cảm ứng mượt mà
1.1. Hiệu năng đột phá với chipset mạnh mẽ nhà MediaTek
1.2. Thiết kế nhỏ gọn, dễ cầm nắm, khả năng hiển thị siêu chân thực
1.3. Hỗ trợ Lenovo Tab Pen Plus, giúp thao tác viết, vẽ trở nên mượt mà hơn
1.4. Thoải mái trải nghiệm suốt cả ngày dài chỉ với 1 lần sạc đầy pin
2. Mua ngay máy tính bảng Lenovo Tab K11 với giá hấp dẫn tại  CellphoneS
Máy tính bảng Lenovo Tab K11 - Hiệu năng ổn định, hỗ trợ bút cảm ứng mượt mà
Máy tính bảng Lenovo Tab K11 được thiết kế để phục vụ nhu cầu của các chuyên gia công nghệ và doanh nghiệp với pin dung lượng lớn và các ứng dụng cao cấp tích hợp sẵn. Không những mạnh mẽ về phần cứng mà dòng Lenovo tablet này còn mang lại trải nghiệm tối ưu nhờ các tính năng như hệ thống âm thanh Dolby Atmos. Cùng mình tìm hiểu sâu hơn về phân khúc máy tính bảng Lenovo cao cấp ngay trong bài viết dưới này nhé!
Hiệu năng đột phá với chipset mạnh mẽ nhà MediaTek
Máy tính bảng Lenovo Tab K11 được trang bị vi xử lý MediaTek Helio G88, cung cấp hiệu suất đáng tin cậy và khả năng xử lý tốt các tác vụ từ đơn giản đến phức tạp. Đi kèm với mức hiệu năng ấn tượng này là RAM 8GB, giúp Lenovo Tab K11 đảm bảo khả năng đa nhiệm mượt mà, hỗ trợ chuyển đổi giữa các ứng dụng một cách dễ dàng và hiệu quả. 
Bên cạnh đó, máy còn sở hữu bộ nhớ trong 128GB, mang lại không gian lưu trữ rộng rãi cho các tệp tin, ứng dụng và phương tiện. Đồng thời, nó còn góp phần tăng tốc độ truy cập dữ liệu, nâng cao trải nghiệm tổng thể của người dùng trên thế hệ Lenovo tablet cao cấp này.
Thiết kế nhỏ gọn, dễ cầm nắm, khả năng hiển thị siêu chân thực
Ở phần tạo hình bên ngoài, Lenovo Tab K11 được đánh giá cao với thiết kế mỏng nhẹ, chỉ 7.15mm và trọng lượng 465 gram. Với kích thước này, người dùng có thể dễ dàng mang theo Lenovo Tab K11 mọi lúc mọi nơi, thuận tiện cho công việc và giải trí. 
Còn về khả năng hiển thị, dòng máy tính bảng Lenovo này được hỗ trợ từ màn hình 10.95 inch với độ phân giải 1920 x 1200 và tần số quét 90Hz, cung cấp hình ảnh sống động và mượt mà. Thông qua màn hình hiển thị cực xịn này, Lenovo Tab K11 không chỉ mang lại trải nghiệm xem phim, chơi game tuyệt vời mà còn hữu ích trong thiết kế đồ họa và chỉnh sửa hình ảnh.
Hỗ trợ Lenovo Tab Pen Plus, giúp thao tác viết, vẽ trở nên mượt mà hơn
Một điểm cộng khác cũng rất được chú ý trên máy tính bảng Lenovo Tab K11 là khả năng hỗ trợ bút Lenovo Tab Pen Plus, cho phép viết vẽ, thao tác mượt mà trên màn hình. Cụ thể, bút cảm ứng Lenovo Tab Pen Plus mang đến trải nghiệm viết tự nhiên, giống như viết trên giấy, giúp nâng cao hiệu quả công việc và sự sáng tạo. Với những người cần ghi chú, phác thảo ý tưởng hoặc thực hiện các tác vụ sáng tạo khác trên máy tính bảng thì đây thực sự là 1 ưu điểm hữu ích, hứa hẹn hỗ trợ tốt trong công việc và cuộc sống. 
Thoải mái trải nghiệm suốt cả ngày dài chỉ với 1 lần sạc đầy pin
Lenovo Tab K11 được trang bị viên pin dung lượng 7,040mAh, cho phép người dùng thoải mái sử dụng cả ngày dài mà không lo hết pin. Với viên pin lớn này, bạn có thể làm việc, chơi game hay xem phim liên tục mà không cần phải sạc lại thường xuyên. Khi được kết hợp với công nghệ tiết kiệm năng lượng thông minh, Lenovo Tab K11 đảm bảo thời lượng sử dụng tối ưu, mang lại trải nghiệm liền mạch và hiệu quả cho mọi hoạt động hàng ngày.
Mua ngay máy tính bảng Lenovo Tab K11 với giá hấp dẫn tại  CellphoneS
Để đặt mua máy tính bảng Lenovo Tab K11 chính hãng, trong tầm giá thành ưu đãi thì CellphoneS chính xác là điểm đến mua sắm mà bạn nên ghé tới. Tại đây, bạn sẽ được đảm bảo sở hữu được các dòng sản phẩm công nghệ chuẩn chính hãng, bảo hành đầy đủ cùng giá cả cạnh tranh.
Hơn nữa, CellphoneS còn cung cấp chương trình thu cũ đổi mới, hỗ trợ trả góp 3 không: không lãi suất, không trả trước, và không phụ phí. Qua đó, bạn có thể thoải mái mua sắm công nghệ tại CellphoneS mà không phải quá bận tâm về tài chính nữa rồi nhé!","{""Màn hình"": [{""name"": ""Kích thước màn hình"", ""value"": ""11 inches""}, {""name"": ""Công nghệ màn hình"", ""value"": ""LCD""}, {""name"": ""Tính năng màn hình"", ""value"": ""Tần số quét 90Hz""}], ""Camera sau"": [{""name"": ""Camera sau"", ""value"": ""13MP""}], ""Camera trước"": [{""name"": ""Camera trước"", ""value"": ""8MP""}], ""Vi xử lý & đồ họa"": [{""name"": ""Chipset"", ""value"": ""SoC MediaTek Helio G88""}], ""RAM & lưu trữ"": [{""name"": ""Dung lượng RAM"", ""value"": ""8 GB""}, {""name"": ""Bộ nhớ trong"", ""value"": ""128 GB""}], ""Pin & công nghệ sạc"": [{""name"": ""Pin"", ""value"": ""7,040mAh""}, {""name"": ""Cổng sạc"", ""value"": ""USB Type-C""}], ""Tính năng khác"": [{""name"": ""Hệ điều hành"", ""value"": ""Android 13""}], ""Kích thước & Trọng lượng"": [{""name"": ""Kích thước"", ""value"": ""Siêu mỏng 7.1 mm""}, {""name"": ""Trọng lượng"", ""value"": ""465 g""}], ""Giao tiếp & kết nối"": [{""name"": ""Jack tai nghe 3.5"", ""value"": ""Có""}], ""Thông số khác"": [{""name"": ""Công nghệ âm thanh"", ""value"": ""Bốn loa với Dolby Atmos""}]}","[""https://cdn2.cellphones.com.vn/x/media/catalog/product/m/a/may-tinh-bang-lenovo-tab-k11_1_.png"", ""https://cdn2.cellphones.com.vn/x/media/catalog/product/m/a/may-tinh-bang-lenovo-tab-k11.png"", ""https://cdn2.cellphones.com.vn/x/media/catalog/product/m/a/may-tinh-bang-lenovo-tab-k11_2_.png""]",{}
Máy Tính Bảng Lenovo Tab M8 Wifi,may-tinh-bang-lenovo-idea-tab-5g-zafm0711vn-kem-but,N/A,N/A,"Đặc điểm nổi bật
Nội dung chính
1. Máy tính bảng Lenovo Tab M8 – Tablet giá rẻ với cấu hình mượt cho trải nghiệm đỉnh
1.1. Thiết kế nguyên khối và hoàn thiện với chất liệu nhựa cứng cáp
1.2. Màn hình IPS LCD sống động, kích thước 8.0 inch cho góc nhìn rộng
1.3. Hiệu năng cân tốt mọi trải nghiệm với chip MediaTek Helio A22, RAM 3GB, ROM 32GB
1.4. Hỗ trợ SIM 4G, tích hợp các tính năng giúp quản lý hoạt động của trẻ trên máy
1.5. Camera chính 5MP, camera selfie 2MP, pin 5000mAh cho thời lượng sử dụng lên đến 10 tiếng
2. Mua máy tính bảng Lenovo Tab M8 ở CellphoneS chính hãng 
Máy tính bảng Lenovo Tab M8 – Tablet giá rẻ với cấu hình mượt cho trải nghiệm đỉnh
Máy tính bảng ngày càng trở nên phổ biến đối với nhiều người dùng và trở thành một thiết bị phục vụ cho nhu cầu giải trí và làm việc của người dùng. Bên cạnh những dòng máy tính bảng đắt tiền thì máy tính bảng Lenovo Tab M8 thuộc phân khúc giá rẻ cũng là một sự lựa chọn hấp dẫn, phù hợp với nhiều đối tượng người dùng.
Thiết kế nguyên khối và hoàn thiện với chất liệu nhựa cứng cáp
Máy tính bảng Lenovo Tab M8 có thiết kế tuy đơn giản nhưng tinh tế và sang trọng với các góc cạnh bo tròn nhẹ nhàng, kích thước 199.1 x 121.8 x 8.15 mm và trọng lượng nhẹ 305g dễ dàng bỏ túi, ba lô để sử dụng bất cứ lúc nào.
Phần khung viền của máy tính bảng Lenovo Tab M8 và mặt lưng của thiết bị đều được hoàn thiện bằng chất liệu nhựa, nhờ vậy mà vẫn đảm bảo về trọng lượng nhẹ cho máy nhưng vẫn cứng cáp để có thể chịu được va đập, bảo vệ tốt cho các linh kiện bên trong.
Màn hình IPS LCD sống động, kích thước 8.0 inch cho góc nhìn rộng
Nhằm tối ưu hóa để người dùng có thể thuận tiện mang đi bất cứ đâu, Lenovo trang bị cho máy tính bảng Tab M8 màn hình có kích thước chỉ 8.0 inch nhưng như vậy cũng đã đáp ứng rất tốt nhu cầu sử dụng, mang đến góc nhìn rộng hơn so với smartphone.
Với tỉ lệ hiển thị trên 80% nên vẫn đảm bảo không gian hiển thị và với độ phân giải 1280x800 pixels trên tấm nền IPS LCD, hình ảnh vẫn sắc nét nên bạn có thể tận hưởng không gian hiển thị thoải mái, làm việc hiệu quả, xem phim, chơi game sống động.
Hiệu năng cân tốt mọi trải nghiệm với chip MediaTek Helio A22, RAM 3GB, ROM 32GB
Mặc dù thuộc phân khúc giá rẻ nhưng máy tính bảng Lenovo Tab M8 vẫn được trang bị cấu hình ở mức khá tốt với con chip MediaTek Helio A22 4 nhân với tốc độ đạt tới 2.0 GHz và kết hợp với RAM 3GB sẽ mang đến trải nghiệm mượt mà, lướt web, xem phim,….
Tuy nhiên, với cấu hình chỉ ở mức khá tốt nên máy sẽ không thể xử lý những tác vụ quá lớn nên chỉ có thể chơi game nhẹ hoặc các tác vụ văn phòng nhẹ như Candy Crush, Plants VS Zombies, Minecraft,….
Bên cạnh đó, máy cũng được tích hợp bộ nhớ trong với dung lượng 32GB và tích hợp thêm khe cắm thẻ nhớ MicroSD tối đa đến 128GB vì vậy bạn sẽ không cần lo lắng về việc lưu trữ dữ liệu hay cài đặt ứng dụng trên thiết bị nữa.
Hỗ trợ SIM 4G, tích hợp các tính năng giúp quản lý hoạt động của trẻ trên máy
Sử dụng hệ điều hành Android 9 có giao diện thân thiện, dễ dàng thao tác nên người lớn tuổi cũng có thể dễ dàng sử dụng. Ngoài ra máy cũng được tích hợp khay cắm SIM hỗ trợ kết nối SIM 4G để bạn sử dụng Internet tốc độ cao, lướt web mượt mà không lo gián đoạn trải nghiệm.
Máy tính bảng Lenovo Tab M8 cũng tích hợp nhiều tính năng hữu ích để bạn có thể giám sát trẻ nhỏ, kiểm soát được con em mình đang sử dụng gì trên máy tính bảng hàng ngày từ đó giúp bạn có thể chủ động hơn khi để trẻ sử dụng máy.
Camera chính 5MP, camera selfie 2MP, pin 5000mAh cho thời lượng sử dụng lên đến 10 tiếng
Lenovo đã trang bị cho máy tính bảng Lenovo Tab M8 camera sau 5MP và camera selfie 2MP. Có thể nói thông số camera chưa thực sự ấn tượng nhưng ở mức giá rẻ thì đây là cấu hình có thể chấp nhận được, đáp ứng đủ các nhu cầu sử dụng cơ bản, video call, chụp tài liệu,….
Bên cạnh đó, máy tính bảng Lenovo Tab M8 cũng được trang bị viên pin có dung lượng 5000mAh nên sẽ đảm bảo cung cấp thời lượng trải nghiệm xuyên suốt ngày dài với thời lượng lướt web liên tục lên đến 10 tiếng và đây là một con số ấn tượng so với một dòng thiết bị giá rẻ.
Mua máy tính bảng Lenovo Tab M8 ở CellphoneS chính hãng 
Với những gì mà một chiếc máy tính bảng giá rẻ như Lenovo Tab M8 mang lại thì đây chắc chắn là một thiết bị đáng sở hữu nếu bạn muốn trải nghiệm các tính năng cơ bản trong tầm giá phù hợp. Mua ngay máy tính bảng Lenovo Tab M8 tại các cửa hàng CellphoneS ngay hôm nay.","{""Màn hình"": [{""name"": ""Kích thước màn hình"", ""value"": ""8.0 inches""}, {""name"": ""Công nghệ màn hình"", ""value"": ""IPS LCD""}, {""name"": ""Độ phân giải màn hình"", ""value"": ""800 x 1280 pixels""}], ""Camera sau"": [{""name"": ""Camera sau"", ""value"": ""5 MP""}, {""name"": ""Quay video"", ""value"": ""HD 720p@30fps""}], ""Camera trước"": [{""name"": ""Camera trước"", ""value"": ""2 MP""}], ""Vi xử lý & đồ họa"": [{""name"": ""Chipset"", ""value"": ""MediaTek Helio A22""}, {""name"": ""GPU"", ""value"": ""Integrated IMG GE8300 Graphics""}], ""RAM & lưu trữ"": [{""name"": ""Dung lượng RAM"", ""value"": ""3 GB""}, {""name"": ""Bộ nhớ trong"", ""value"": ""32 GB""}, {""name"": ""Khe cắm thẻ nhớ"", ""value"": ""Micro SD, hỗ trợ tối đa 128 GB""}], ""Pin & công nghệ sạc"": [{""name"": ""Pin"", ""value"": ""5000 mAh""}, {""name"": ""Cổng sạc"", ""value"": ""Micro-USB""}], ""Tính năng khác"": [{""name"": ""Hệ điều hành"", ""value"": ""Android 9""}], ""Bộ xử lý & Đồ họa"": [{""name"": ""Loại CPU"", ""value"": ""4 nhân 2 GHz""}], ""Kích thước & Trọng lượng"": [{""name"": ""Kích thước"", ""value"": ""199.1 x 121.8 x 8.15 mm""}, {""name"": ""Trọng lượng"", ""value"": ""305 g""}], ""Thiết kế & Trọng lượng"": [{""name"": ""Chất liệu mặt lưng"", ""value"": ""Nhựa""}, {""name"": ""Chất liệu khung viền"", ""value"": ""Nhựa""}], ""Giao tiếp & kết nối"": [{""name"": ""Jack tai nghe 3.5"", ""value"": ""Có""}, {""name"": ""GPS"", ""value"": ""A-GPS\nGLONASS\nGPS""}], ""Cổng kết nối"": [{""name"": ""Wi-Fi"", ""value"": ""Dual-band\nWi-Fi 802.11 a/b/g/n/ac\nWi-Fi Direct\nWi-Fi hotspot""}, {""name"": ""Bluetooth"", ""value"": ""v5.0""}]}","[""https://cdn2.cellphones.com.vn/x/media/catalog/product/l/e/lenovo-tab-m8.png"", ""https://cdn2.cellphones.com.vn/x/media/catalog/product/l/e/lenovo-tab-m8-1.jpg"", ""https://cdn2.cellphones.com.vn/x/media/catalog/product/l/e/lenovo-tab-m8-3-2.jpg"", ""https://cdn2.cellphones.com.vn/x/media/catalog/product/l/e/lenovo-tab-m8-3-1.jpg"", ""https://cdn2.cellphones.com.vn/x/media/catalog/product/l/e/lenovo-tab-m8-2-org.jpg"", ""https://cdn2.cellphones.com.vn/x/media/catalog/product/l/e/lenovo-tab-m8-1-org.jpg"", ""https://cdn2.cellphones.com.vn/x/media/catalog/product/l/e/lenovo-tab-m8-3-org.jpg"", ""https://cdn2.cellphones.com.vn/x/media/catalog/product/l/e/lenovo-tab-m8-2-1.jpg""]",{}
Máy tính bảng Lenovo Xiaoxin Pad Pro 8GB 256GB,may-tinh-bang-lenovo-legion-tab-gen-3,N/A,N/A,"Đặc điểm nổi bật
Máy tính bảng Lenovo Xiaoxin Pad Pro sở hữu CPU MediaTek Dimensity 8300 mạnh mẽ, kết hợp với GPU Mali-G615 MC6 giúp xử lý đồ họa nhanh chóng, hiệu quả. Thiết bị được trang bị màn hình 12.7 inches, tần số quét 144Hz mang lại trải nghiệm mượt mà cho người dùng. Sản phẩm có ngoại hình chuyên nghiệp, trọng lượng nhẹ, được người mua yêu thích.
Nội dung chính
1. Máy tính bảng Lenovo Xiaoxin Pad Pro - Hiệu năng ấn tượng, ngoại hình tinh tế
1.1. Cấu hình mạnh, đa nhiệm mượt mà
1.2. Thiết kế viền mỏng, ngoại hình sang trọng
1.3. Kết nối ổn định, giải trí mượt mà
1.4. Pin dung lượng lớn, cổng sạc Type-C tiện lợi
1.5. Hệ thống camera cao cấp, chụp ảnh rõ nét
2. Mua ngay máy tính bảng Lenovo Xiaoxin Pad Pro chính hãng tại CellphoneS
Máy tính bảng Lenovo Xiaoxin Pad Pro - Hiệu năng ấn tượng, ngoại hình tinh tế
Các mẫu máy tính bảng Lenovo luôn được nhiều khách hàng ưa chuộng bởi cấu hình mạnh mẽ, tích hợp một số công nghệ cao cấp. Vậy siêu phẩm Lenovo Xiaoxin Pad Pro sở hữu những điểm cộng nổi bật nào, hãy cùng tìm hiểu ngay sau đây.
Cấu hình mạnh, đa nhiệm mượt mà
Phiên bản tablet Lenovo này được trang bị CPU MediaTek Dimensity 8300 hiện đại, sản xuất trên tiến trình 4nm. Nhờ đó, máy có thể xử lý tác vụ nhanh chóng và giảm điện năng tiêu thụ. Máy tính bảng này còn tích hợp GPU Mali G615-MC6 cao cấp, hỗ trợ chạy mượt mà các phần mềm thiết kế cơ bản và game đồ họa nhẹ.
Máy tính bảng Lenovo Xiaoxin Pad Pro sử dụng loại RAM LPDDR5x, dung lượng lên đến 8GB giúp khởi động máy và các trình duyệt nặng nhanh chóng. Bộ nhớ trong của thiết bị có dung lượng 256GB, mang lại không gian lưu trữ lớn, đáp ứng tốt nhu cầu học tập, làm việc và giải trí của khách hàng.
Thiết kế viền mỏng, ngoại hình sang trọng
Điểm nhấn của sản phẩm nằm ở ngoại hình gọn nhẹ, chuyên nghiệp và phần viền màn hình mỏng. Cụ thể, phiên bản này có kích thước khoảng 291.77 × 189.16 × 6.9mm, đem đến cho người mua cảm giác cầm nắm chắc tay. Tablet có tính di động cao, trọng lượng chỉ khoảng 615g, là lựa chọn lý tưởng cho những ai thường xuyên di chuyển.
Máy tính bảng Lenovo Xiaoxin Pad Pro sở hữu màn hình kích thước lớn đến 12.7 inches, diện tích hiển thị lớn giúp người dùng thao tác dễ dàng. Hãng sử dụng tấm nền IPS LCD cao cấp, độ phân giải 2944 × 1840 pixels mang lại hình ảnh sắc nét và sống động. Tần số quét của màn hình lên đến 144Hz, hỗ trợ khách hàng chơi game, làm việc siêu mượt.
Kết nối ổn định, giải trí mượt mà
Máy có khả năng kết nối với Wi-Fi 6 tốc độ nhanh, ổn định, mang lại trải nghiệm liền mạch cho người mua. Người dùng còn có thể liên kết tablet với các thiết bị ngoại vi như tai nghe không dây, bàn phím rời qua công nghệ Bluetooth 5.3 để làm việc và giải trí hiệu quả hơn.
Ngoài ra, máy tính bảng Lenovo Xiaoxin Pad Pro được trang bị một cổng USB Type-C tiên tiến, hỗ trợ tốc độ truyền tải dữ liệu cao. Nhờ đó, khách hàng có thể sao chép tài liệu học tập, làm việc dễ dàng và sạc pin cho thiết bị nhanh chóng hơn.
Pin dung lượng lớn, cổng sạc Type-C tiện lợi
Phiên bản này sở hữu viên pin có dung lượng lớn đến 10200mAh, cho thời lượng sử dụng dài và bền bỉ. Máy sử dụng cổng sạc Type-C có khả năng tương thích rộng, có thể sạc chung cáp với các thiết bị khác như laptop, điện thoại,...
Máy tính bảng Lenovo Xiaoxin Pad Pro tương thích với bộ sạc 45W, có hỗ trợ sạc nhanh giúp rút ngắn thời gian nạp năng lượng. Đây là ưu điểm nổi bật của sản phẩm được nhiều người dùng đánh giá cao, đặc biệt là những ai có công việc bận rộn.
Hệ thống camera cao cấp, chụp ảnh rõ nét
Tablet được tích hợp hệ thống camera và loa cao cấp, hỗ trợ người mua làm việc, giải trí hiệu quả. Cụ thể, máy có camera sau 13MP, quay phim sắc nét, chụp ảnh và quét tài liệu rõ ràng, chi tiết. Camera trước có độ phân giải lên đến 8MP, giúp khách hàng chụp ảnh selfie, họp trực tuyến, gọi video tự nhiên và chân thực.
Bên cạnh đó, máy tính bảng Lenovo Xiaoxin Pad Pro sở hữu hệ thống 4 loa cao cấp, truyền tải âm thanh mạnh mẽ. Thiết bị được tích hợp công nghệ Dolby Atmos, tạo ra hiệu ứng âm thanh vòm bùng nổ, nâng cao trải nghiệm giải trí cho người mua.
Mua ngay máy tính bảng Lenovo Xiaoxin Pad Pro chính hãng tại CellphoneS
Đặt mua máy tính bảng Lenovo Xiaoxin Pad Pro tại CellphoneS ngay hôm nay để nhận mức giá ưu đãi đặc biệt. Cửa hàng cam kết cung cấp sản phẩm mới 100%, đủ phụ kiện đi kèm từ Lenovo. Với lỗi từ nhà sản xuất, CellphoneS hỗ trợ đổi mới trong 30 ngày, bảo hành trong vòng 24 tháng. Cửa hàng còn có dịch vụ giao hàng tận nơi nhanh chóng và mang đến một số chính sách khuyến mãi khác cho thành viên Smember. Đặt hàng ngay để nhận ưu đãi!","{""Màn hình"": [{""name"": ""Công nghệ màn hình"", ""value"": ""IPS LCD""}, {""name"": ""Tính năng màn hình"", ""value"": ""Kích thước màn hình: 12.7 inches\nĐộ phân giải: 2944 x 1840 pixels""}], ""Camera sau"": [{""name"": ""Camera sau"", ""value"": ""8MP""}], ""Camera trước"": [{""name"": ""Camera trước"", ""value"": ""13MP""}], ""Vi xử lý & đồ họa"": [{""name"": ""Chipset"", ""value"": ""Mediatek Dimensity 8300 (4 nm)""}, {""name"": ""GPU"", ""value"": ""Mali G615-MC6""}], ""RAM & lưu trữ"": [{""name"": ""Dung lượng RAM"", ""value"": ""8 GB""}, {""name"": ""Bộ nhớ trong"", ""value"": ""256 GB""}], ""Pin & công nghệ sạc"": [{""name"": ""Pin"", ""value"": ""10200 mAh""}, {""name"": ""Công nghệ sạc"", ""value"": ""Sạc nhanh 45W""}, {""name"": ""Cổng sạc"", ""value"": ""USB Type-C""}], ""Tính năng khác"": [{""name"": ""Hệ điều hành"", ""value"": ""Android 13""}], ""Bộ xử lý & Đồ họa"": [{""name"": ""Loại CPU"", ""value"": ""8 nhân (1x3.35 GHz Cortex-A715 & 3x3.20 GHz Cortex-A715 & 4x2.20 GHz Cortex-A510)""}], ""Cổng kết nối"": [{""name"": ""Wi-Fi"", ""value"": ""802.11a/b/g/n/ac/ax, Wi-Fi 6""}, {""name"": ""Bluetooth"", ""value"": ""5.3""}], ""Giao tiếp & kết nối"": [{""name"": ""GPS"", ""value"": ""GPS""}], ""Thông số khác"": [{""name"": ""Công nghệ âm thanh"", ""value"": ""4 loa ngoài""}]}","[""https://cdn2.cellphones.com.vn/x/media/catalog/product/m/a/may-tinh-bang-lenovo-xiaoxin-pad-pro.png"", ""https://cdn2.cellphones.com.vn/x/media/catalog/product/m/a/may-tinh-bang-lenovo-xiaoxin-pad-pro_1_.png""]",{}
Máy tính bảng Lenovo Idea Tab 5G 8GB 256GB ZAFM0711VN kèm bút,may-tinh-bang-lenovo-legion-tab-gen-5-12gb-256gb-zah20093vn,8.490.000đ,7.590.000đ,"Đặc điểm nổi bật
Máy tính bảng Lenovo Idea Tab 5G ZAFM0711VN kèm bút sở hữu chip MediaTek Dimensity 6300 hiệu năng mạnh, kết hợp RAM 8GB và ổ cứng 256GB UFS 2.2 tốc độ cao. Màn hình tấm nền 11 inch chuẩn 2.5K hiển thị hình ảnh rõ ràng, tự nhiên. Thiết kế kim loại màu xám Luna Grey sang trọng tặng kèm bút cảm ứng, pin 7040mAh sử dụng cả ngày dài. 
Nội dung chính
1. Máy tính bảng Lenovo Idea Tab 5G ZAFM0711VN kèm bút - Hiện đại, sang trọng, cấu hình mạnh mẽ
1.1. Cấu hình mạnh mẽ, hoạt động mượt mà, lưu trữ ổn định
1.2. Màu xám sang trọng, tinh tế cùng màn hình hiển thị tốt
1.3. Đi kèm bút thông minh và hệ thống âm thanh 4 loa sinh động
1.4. Dung lượng pin đủ sức thỏa mãn nhu cầu sử dụng ngày dài
1.5. Tối ưu trải nghiệm sử dụng với camera thông số rõ nét
2. Mua ngay máy tính bảng Lenovo Idea Tab 5G ZAFM0711VN kèm bút giá tốt tại CellphoneS
Máy tính bảng Lenovo Idea Tab 5G ZAFM0711VN kèm bút - Hiện đại, sang trọng, cấu hình mạnh mẽ
Tablet Lenovo Idea Tab 5G ZAFM0711VN kèm bút đáp ứng nhu cầu học tập và làm việc của thời đại số. Model máy tính bảng Lenovo này là sự kết hợp giữa công nghệ tiên tiến và thiết kế tinh xảo, mang đến công cụ hỗ trợ đắc lực cho người dùng hiện đại.
Xem thêm","{""Vi xử lý & đồ họa"": [{""name"": ""Lenovo Tab"", ""value"": ""Lenovo Idea Tab""}, {""name"": ""Chipset"", ""value"": ""MediaTek Dimensity 6300""}, {""name"": ""GPU"", ""value"": ""Arm Mali-G57 MC2""}], ""Màn hình"": [{""name"": ""Kích thước màn hình"", ""value"": ""11 inches""}, {""name"": ""Công nghệ màn hình"", ""value"": ""IPS LCD""}, {""name"": ""Độ phân giải màn hình"", ""value"": ""2560 x 1600 pixels (2.5K)""}, {""name"": ""Tính năng màn hình"", ""value"": ""Kích thước màn hình 11 inch\nĐộ phân giải 2560x1600 pixel\nTần số quét 90Hz\n500nits""}], ""Camera sau"": [{""name"": ""Camera sau"", ""value"": ""8.0 MP""}], ""Camera trước"": [{""name"": ""Camera trước"", ""value"": ""5 MP""}], ""RAM & lưu trữ"": [{""name"": ""Dung lượng RAM"", ""value"": ""8 GB""}, {""name"": ""Bộ nhớ trong"", ""value"": ""256 GB""}, {""name"": ""Khe cắm thẻ nhớ"", ""value"": ""microSD card""}], ""Pin & công nghệ sạc"": [{""name"": ""Pin"", ""value"": ""7040mAh""}, {""name"": ""Cổng sạc"", ""value"": ""USB Type-C""}], ""Tính năng khác"": [{""name"": ""Hệ điều hành"", ""value"": ""Android 15 trở lên""}], ""Bộ xử lý & Đồ họa"": [{""name"": ""Loại CPU"", ""value"": ""8C, 2x A76 @2.4 GHz + 6x A55@2.0 GHz""}], ""Kích thước & Trọng lượng"": [{""name"": ""Kích thước"", ""value"": ""254.59 x 166.15 x 6.99 mm""}, {""name"": ""Trọng lượng"", ""value"": ""480 g""}], ""Thông số khác"": [{""name"": ""Chỉ số kháng nước, bụi"", ""value"": ""IP52""}, {""name"": ""Công nghệ âm thanh"", ""value"": ""4 loa\nDolby Atmos""}], ""Giao tiếp & kết nối"": [{""name"": ""Jack tai nghe 3.5"", ""value"": ""Có""}, {""name"": ""Hỗ trợ mạng"", ""value"": ""5G""}, {""name"": ""GPS"", ""value"": ""GPS + GLONASS + Galileo""}], ""Tiện ích khác"": [{""name"": ""Các loại cảm biến"", ""value"": ""Cảm biến gia tốc, Cảm biến ánh sáng, Con quay hồi chuyển""}], ""Cổng kết nối"": [{""name"": ""Wi-Fi"", ""value"": ""802.11ac""}, {""name"": ""Bluetooth"", ""value"": ""v5.2""}]}","[""https://cdn2.cellphones.com.vn/x/media/catalog/product/s/l/slider-may-tinh-bang-lenovo-idea-tab-5g.jpg"", ""https://cdn2.cellphones.com.vn/x/media/catalog/product/s/l/slider-may-tinh-bang-lenovo-idea-tab-5g-2.jpg"", ""https://cdn2.cellphones.com.vn/x/media/catalog/product/s/l/slider-may-tinh-bang-lenovo-idea-tab-5g-1.jpg"", ""https://cdn2.cellphones.com.vn/x/media/catalog/product/s/l/slider-may-tinh-bang-lenovo-idea-tab-5g-3.jpg"", ""https://cdn2.cellphones.com.vn/x/media/catalog/product/s/l/slider-may-tinh-bang-lenovo-idea-tab-5g-4.jpg"", ""https://cdn2.cellphones.com.vn/x/media/catalog/product/i/m/image_1546.png"", ""https://cdn2.cellphones.com.vn/x/media/catalog/product/i/m/image_1547.png"", ""https://cdn2.cellphones.com.vn/x/media/catalog/product/i/m/image_1549.png"", ""https://cdn2.cellphones.com.vn/x/media/catalog/product/i/m/image_1550.png"", ""https://cdn2.cellphones.com.vn/x/media/catalog/product/i/m/image_1548.png""]","{""product_color_1"": {""color"": ""Xám"", ""image_url"": ""https://cdn2.cellphones.com.vn/insecure/rs:fill:50:50/q:90/plain/https://cellphones.com.vn/media/catalog/product/l/e/lenovo-idea-tab-5g-zafm0711vn-kem-but-xam.jpg"", ""image_url_display"": ""https://cellphones.com.vn/media/catalog/product/l/e/lenovo-idea-tab-5g-zafm0711vn-kem-but-xam.jpg"", ""product_url"": ""https://cellphones.com.vn/may-tinh-bang-lenovo-idea-tab-5g-zafm0711vn-kem-but.html?product_id=109441"", ""price"": ""7.590.000₫""}}"
Máy tính bảng Lenovo Legion Tab Gen 3 12GB 256GB,may-tinh-bang-lenovo-tab-one-4gb-128gb-zaf00170vn,N/A,N/A,,"{""Màn hình"": [{""name"": ""Kích thước màn hình"", ""value"": ""8.8 inches""}, {""name"": ""Độ phân giải màn hình"", ""value"": ""2560 x 1600 pixels (2.5K)""}, {""name"": ""Tính năng màn hình"", ""value"": ""Tốc độ làm mới 165Hz\nTỷ lệ 16:10\n98% DCI-P3\n500-900 nit\nHDR10\nCảm ứng 10 điểm\nChứng nhận TÜV (Ánh sáng xanh thấp, FlickerFree)""}], ""Camera sau"": [{""name"": ""Camera sau"", ""value"": ""AF 13 MP + 2 MP (macro)""}, {""name"": ""Tính năng camera"", ""value"": ""Lấy nét tự động (AF), Đèn flash (cả trước và sau), Chụp Macro""}], ""Camera trước"": [{""name"": ""Camera trước"", ""value"": ""8 MP FF""}], ""Vi xử lý & đồ họa"": [{""name"": ""Chipset"", ""value"": ""Snapdragon 8 Gen 3""}], ""RAM & lưu trữ"": [{""name"": ""Dung lượng RAM"", ""value"": ""12 GB""}, {""name"": ""Bộ nhớ trong"", ""value"": ""256 GB""}], ""Pin & công nghệ sạc"": [{""name"": ""Pin"", ""value"": ""6550 mAh""}, {""name"": ""Công nghệ sạc"", ""value"": ""Hỗ trợ bộ sạc USB-C 65W""}, {""name"": ""Cổng sạc"", ""value"": ""USB Type-C""}], ""Tính năng khác"": [{""name"": ""Hệ điều hành"", ""value"": ""Android™ 14""}], ""Bộ xử lý & Đồ họa"": [{""name"": ""Loại CPU"", ""value"": ""8 nhân""}], ""Kích thước & Trọng lượng"": [{""name"": ""Kích thước"", ""value"": ""129.46 x 208.54 x 7.79 mm""}, {""name"": ""Trọng lượng"", ""value"": ""350 g""}], ""Cổng kết nối"": [{""name"": ""Wi-Fi"", ""value"": ""WiFi 7 (802.11be), 2.4 GHz, 5 GHz và 6 GHz""}, {""name"": ""Bluetooth"", ""value"": ""Bluetooth™ 5.4""}], ""Thông số khác"": [{""name"": ""Công nghệ âm thanh"", ""value"": ""2 x 2712 loa siêu tuyến tính, Dolby Atmos®, 2 micrô""}]}","[""https://cdn2.cellphones.com.vn/x/media/catalog/product/m/a/may-tinh-bang-lenovo-legion-tab-gen-3.jpg"", ""https://cdn2.cellphones.com.vn/x/media/catalog/product/m/a/may-tinh-bang-lenovo-legion-tab-gen-3-1.jpg"", ""https://cdn2.cellphones.com.vn/x/media/catalog/product/m/a/may-tinh-bang-lenovo-legion-tab-gen-3-2.jpg"", ""https://cdn2.cellphones.com.vn/x/media/catalog/product/m/a/may-tinh-bang-lenovo-legion-tab-gen-3-3.jpg"", ""https://cdn2.cellphones.com.vn/x/media/catalog/product/m/a/may-tinh-bang-lenovo-legion-tab-gen-3-4.jpg"", ""https://cdn2.cellphones.com.vn/x/media/catalog/product/m/a/may-tinh-bang-lenovo-legion-tab-gen-3-5.jpg"", ""https://cdn2.cellphones.com.vn/x/media/catalog/product/m/a/may-tinh-bang-lenovo-legion-tab-gen-3-6.jpg"", ""https://cdn2.cellphones.com.vn/x/media/catalog/product/m/a/may-tinh-bang-lenovo-legion-tab-gen-3-7.jpg"", ""https://cdn2.cellphones.com.vn/x/media/catalog/product/m/a/may-tinh-bang-lenovo-legion-tab-gen-3-8.jpg"", ""https://cdn2.cellphones.com.vn/x/media/catalog/product/m/a/may-tinh-bang-lenovo-legion-tab-gen-3-9.jpg"", ""https://cdn2.cellphones.com.vn/x/media/catalog/product/m/a/may-tinh-bang-lenovo-legion-tab-gen-3-10.jpg""]",{}
Máy tính bảng Lenovo Legion Tab Gen 5 12GB 256GB ZAH20093VN,may-tinh-bang-lenovo-tab-one-4g-4gb-128gb-zaf10179vn,N/A,N/A,"Đặc điểm nổi bật
Máy tính bảng Lenovo Legion Tab Gen 5 12GB 256GB ZAH20093VN tích hợp chip Snapdragon 8 Elite, giúp đáp ứng tốt tác vụ phức tạp và đa nhiệm cường độ cao. Màn hình PureSight 8.8 inch 165Hz sắc nét giúp chuyển động hình ảnh trở nên chân thực và mượt mà. Máy có dung lượng pin 9000mAh, hỗ trợ vận hành cả ngày.
Nội dung chính
1. Máy tính bảng Lenovo Legion Tab Gen 5 12GB 256GB ZAH20093VN - Cấu hình mạnh mẽ 
1.1. Tối ưu thông minh bằng Lenovo AI Engine+
1.2. Đột phá với Snapdragon® 8 Elite và RAM 12GB + 256GB
1.3. Hiển thị 3K 165Hz đỉnh cao, thiết kế siêu gọn
1.4. Kết nối đa năng, hệ sinh thái mở rộng
1.5. Pin 9000mAh bền bỉ với công nghệ sạc hiện đại
1.6. Camera 50MP hỗ trợ ghi hình sắc nét
2. So sánh máy tính bảng Lenovo Legion Tab Gen 5 12GB 256GB ZAH20093VN với Lenovo Legion Tab Gen 3
3. Mua máy tính bảng Lenovo Legion Tab Gen 5 12GB 256GB ZAH20093VN giá tốt tại CellphoneS
Máy tính bảng Lenovo Legion Tab Gen 5 12GB 256GB ZAH20093VN - Cấu hình mạnh mẽ 
Dòng máy tính bảng Lenovo này thể hiện sự giao thoa tinh tế giữa khả năng vận hành bền bỉ và kiểu dáng cầm tay linh hoạt. Sự kết hợp này mang lại trải nghiệm sử dụng cơ động, hỗ trợ người dùng giải quyết tốt các nhu cầu giải trí lẫn công việc.
Tối ưu thông minh bằng Lenovo AI Engine+
Máy tính bảng Lenovo Legion Tab Gen 5 12GB 256GB ZAH20093VN tích hợp hệ thống Lenovo AI Engine+ tân tiến, giúp tối ưu hóa hiệu năng trong thời gian thực. Đặc biệt, công nghệ này có thể tự động điều chỉnh tốc độ khung hình và độ trễ cảm ứng để mang lại cảm giác mượt mà khi vận hành các ứng dụng nặng.
Thiết bị sở hữu hệ thống trí tuệ nhân tạo hiện đại
Bên cạnh đó, hệ thống hiện đại này phân tích dữ liệu âm thanh và hình ảnh nhằm tăng cường độ chi tiết cho các môi trường sử dụng khác nhau. Khả năng đồng bộ phần cứng thông minh cho phép mẫu máy tính bảng Lenovo này hoạt động ổn định mà vẫn duy trì mức tiêu thụ năng lượng ở ngưỡng hợp lý.
Đột phá với Snapdragon® 8 Elite và RAM 12GB + 256GB
Hiệu năng bứt phá của máy tính bảng Lenovo Legion Tab Gen 5 12GB 256GB ZAH20093VN được tạo nên bởi chipset Snapdragon 8 Elite hiện đại. Đồng thời, chuẩn RAM 12GB LPDDR5T còn giúp nâng cao tốc độ xử lý, hỗ trợ vận hành đa tác vụ vô cùng mượt mà.
Chiếc tablet tích hợp vi xử lý thế hệ mới
Không chỉ vậy, bộ nhớ 256GB trên thiết bị cũng cung cấp khả năng truy xuất dữ liệu nhanh hơn so với các tiêu chuẩn cũ. Khi kết hợp cùng hệ thống tản nhiệt buồng hơi Vapor 3.0, chiếc tablet này có thể duy trì công suất tối ưu ngay cả khi làm việc liên tục trong thời gian dài.
Hiển thị 3K 165Hz đỉnh cao, thiết kế siêu gọn
Máy tính bảng Lenovo Legion Tab Gen 5 12GB 256GB ZAH20093VN được trang bị màn hình 8.8 inch với độ phân giải 3K (3040x1904) sắc nét. Sự kết hợp giữa tần số quét 165Hz và tốc độ lấy mẫu cảm ứng 480Hz còn mang đến phản hồi tức thì cho mọi thao tác điều khiển.
Diện mạo nhỏ gọn tích hợp màn hình rõ nét
Thêm vào đó, độ chuẩn màu Delta E < 1 cùng dải màu 99% DCI-P3 đáp ứng tốt những yêu cầu khắt khe về thiết kế đồ họa hay giải trí cao cấp của người sử dụng. Hơn nữa, với trọng lượng chỉ từ 360g và độ mỏng 7.59mm, sản phẩm này vô cùng linh hoạt cho nhu cầu di chuyển thường xuyên.
Kết nối đa năng, hệ sinh thái mở rộng
Khả năng kết nối của máy tính bảng Lenovo Legion Tab Gen 5 12GB 256GB ZAH20093VN rất linh hoạt nhờ hệ thống cổng USB-C kép hỗ trợ tốc độ cao. Thiết kế này cho phép sạc pin đồng thời kết nối ngoại vi hoặc xuất hình ảnh chất lượng cao một cách linh hoạt.
Sản phẩm tích hợp hệ thống kết nối đa năng
Song song đó, chuẩn Wi-Fi 7 và Bluetooth 6.0 duy trì đường truyền dữ liệu không dây ổn định với độ trễ thấp. Đồng thời, tính năng Smart Connect còn hỗ trợ đồng bộ hóa mượt mà giữa tablet và các thiết bị khác thuộc hệ sinh thái Legion hiện đại.
Pin 9000mAh bền bỉ với công nghệ sạc hiện đại
Máy tính bảng Lenovo Legion Tab Gen 5 12GB 256GB ZAH20093VN cung cấp nguồn năng lượng bền bỉ nhờ viên pin dung lượng lớn 9000mAh. Cấu trúc pin tối ưu giúp thiết bị hoạt động suốt ngày dài mà vẫn giữ được kích thước mỏng nhẹ và cân đối. Mặc dù vậy, hiệu suất pin thực tế vẫn thay đổi theo những trải nghiệm riêng.
Mẫu tablet sở hữu pin bền bỉ với thời lượng hoạt động dài
Ngoài ra, công nghệ sạc 65W kết hợp sạc nhánh bypass charging còn giúp kiểm soát nhiệt độ tốt khi sử dụng thiết bị liên tục. Giải pháp này bảo vệ tuổi thọ pin hiệu quả đồng thời mang lại trải nghiệm sử dụng liền mạch cho người dùng chuyên nghiệp.
Camera 50MP hỗ trợ ghi hình sắc nét
Máy tính bảng Lenovo Legion Tab Gen 5 12GB 256GB ZAH20093VN đáp ứng tốt nhu cầu quay chụp nhờ cụm camera sau độ phân giải 50MP có lấy nét tự động. Hệ thống đèn Flash tích hợp có thể thu sáng hiệu quả khi làm việc trong các điều kiện môi trường thiếu sáng.
Cụm camera hiện đại hỗ trợ chụp ảnh độ phân giải cao
Ngoài ống kính chính sắc nét, camera trước 8MP với góc siêu rộng 78 độ hỗ trợ các cuộc gọi video hay họp trực tuyến trở nên rõ ràng và chuyên nghiệp hơn. Đồng thời, các thuật toán xử lý thông minh cài đặt sẵn giúp hình ảnh ghi lại đạt độ chi tiết cao và màu sắc trung thực hơn.
So sánh máy tính bảng Lenovo Legion Tab Gen 5 12GB 256GB ZAH20093VN với Lenovo Legion Tab Gen 3
Dòng máy tính bảng Lenovo Legion Tab Gen 5 12GB 256GB ZAH20093VN sở hữu nhiều cải tiến đáng chú ý về cấu trúc phần cứng khi đặt cạnh phiên bản tiền nhiệm. Bảng so sánh sau đây sẽ tóm tắt các đặc tính kỹ thuật quan trọng giữa hai thế hệ sản phẩm này.
Thế hệ Gen 5 của Lenovo Legion Tab
Thông số
Legion Tab Gen 5
Legion Tab Gen 3
Vi xử lý
Snapdragon 8 Elite
Snapdragon 8 Gen 3
Màn hình
8.8"" 3K (3040 x 1904), 165Hz
8.8"" 2.5K (2560 x 1600), 165Hz
RAM/Bộ nhớ chuẩn
LPDDR5T / UFS 4.1 Pro
LPDDR5X / UFS 4.0
Dung lượng pin
9000mAh
6550mAh
Camera sau
50MP AF
13MP AF + 2MP Macro
Kết nối không dây
Bluetooth 6.0
Wi-Fi 7
Bluetooth 5.4
Wi-Fi 7
Cả hai dòng máy đều mang phong cách thiết kế tinh gọn
Nhìn chung, cả hai máy đều đáp ứng tốt nhu cầu xử lý hiệu suất cao đi kèm thời lượng pin bền bỉ. Trong khi phiên bản thế hệ 5 gây ấn tượng bởi phần cứng đột phá, thế hệ 3 vẫn là lựa chọn cân bằng cho các nhu cầu sử dụng cơ bản. Vì vậy, người dùng vẫn nên cân nhắc dựa trên nhu cầu cá nhân trước khi đưa ra quyết định.
Mua máy tính bảng Lenovo Legion Tab Gen 5 12GB 256GB ZAH20093VN giá tốt tại CellphoneS
Khách hàng mua máy tính bảng Lenovo Legion Tab Gen 5 12GB 256GB ZAH20093VN tại CellphoneS vừa tối ưu chi phí vừa nhận hàng chính hãng. Hệ thống cung cấp chế độ bảo hành uy tín cùng nhiều chương trình ưu đãi thiết thực dành cho học sinh, sinh viên và hội viên Smember. 
Người mua có thể tham gia chính sách trả góp 0% linh hoạt tại đây. Đến CellphoneS ngay để mua chiếc tablet này!","{""Màn hình"": [{""name"": ""Kích thước màn hình"", ""value"": ""8.8 inches""}, {""name"": ""Công nghệ màn hình"", ""value"": ""LCD""}, {""name"": ""Tính năng màn hình"", ""value"": ""Độ phân giải 3K (3040 x 1904 pixel)\nTần số quét: 165Hz\nTỷ lệ 16:10\nMật độ điểm ảnh 408 PPI\nĐộ sáng tối đa 750 nit\nHDR10, phủ 98% dải màu DCI-P3""}], ""Camera sau"": [{""name"": ""Camera sau"", ""value"": ""50MP""}], ""Camera trước"": [{""name"": ""Camera trước"", ""value"": ""50MP""}], ""Vi xử lý & đồ họa"": [{""name"": ""Chipset"", ""value"": ""Snapdragon 8 Elite Gen 5""}], ""RAM & lưu trữ"": [{""name"": ""Dung lượng RAM"", ""value"": ""12 GB""}, {""name"": ""Bộ nhớ trong"", ""value"": ""256 GB""}], ""Pin & công nghệ sạc"": [{""name"": ""Pin"", ""value"": ""9.000mAh""}, {""name"": ""Công nghệ sạc"", ""value"": ""Sạc nhanh 68W""}, {""name"": ""Cổng sạc"", ""value"": ""USB Type-C""}], ""Tính năng khác"": [{""name"": ""Hệ điều hành"", ""value"": ""Android 16""}], ""Kích thước & Trọng lượng"": [{""name"": ""Kích thước"", ""value"": ""206,5 x 128,5 x 7,6 mm""}, {""name"": ""Trọng lượng"", ""value"": ""360g""}], ""Cổng kết nối"": [{""name"": ""Wi-Fi"", ""value"": ""Wi-Fi 7""}, {""name"": ""Bluetooth"", ""value"": ""6.0""}]}","[""https://cdn2.cellphones.com.vn/x/media/catalog/product/m/a/may-tinh-bang-lenovo-legion-tab-gen-5-12gb-256gb-zah20030vn-den_1.jpg""]",{}
